MovieId,reference_year,DayCount,Amount,Tickets
21945,2022-01-01 00:00:00,71,45065924,184178
22241,2022-01-01 00:00:00,57,19925286,82725
23147,2022-01-01 00:00:00,37,18565875,78936
22479,2022-01-01 00:00:00,55,18394205,75250
21736,2022-01-01 00:00:00,56,16890288,70736
21615,2022-01-01 00:00:00,63,14595323,59700
21222,2022-01-01 00:00:00,64,10985137,46397
21858,2022-01-01 00:00:00,47,9396972,38589
22473,2022-01-01 00:00:00,35,8631370,36581
22113,2022-01-01 00:00:00,80,8274617,35097
22239,2022-01-01 00:00:00,82,8129335,31630
21763,2022-01-01 00:00:00,69,7031402,28366
20398,2022-01-01 00:00:00,34,6374008,27087
22925,2022-01-01 00:00:00,40,6046995,25334
20981,2022-01-01 00:00:00,28,3078150,5961
23015,2022-01-01 00:00:00,27,2859530,12369
18813,2022-01-01 00:00:00,47,97300,1319
20553,2022-01-01 00:00:00,33,2697970,3489
22004,2022-01-01 00:00:00,35,2632400,11104
23248,2022-01-01 00:00:00,23,2467555,10463
23206,2022-01-01 00:00:00,12,2304050,4848
23216,2022-01-01 00:00:00,30,2260326,9913
21779,2022-01-01 00:00:00,35,2200799,8984
21823,2022-01-01 00:00:00,26,2185586,9147
20110,2022-01-01 00:00:00,28,40210,764
9051,2022-01-01 00:00:00,2,21730,99
20335,2022-01-01 00:00:00,27,1157216,4835
23214,2022-01-01 00:00:00,23,1839041,7626
23362,2022-01-01 00:00:00,9,1695300,7083
20402,2022-01-01 00:00:00,21,1627590,6888
22653,2022-01-01 00:00:00,37,1487675,6367
22221,2022-01-01 00:00:00,21,1372877,5766
21160,2022-01-01 00:00:00,35,1286488,5428
22628,2022-01-01 00:00:00,28,1154509,4881
18829,2022-01-01 00:00:00,39,851816,3584
20749,2022-01-01 00:00:00,28,828666,3543
20942,2022-01-01 00:00:00,60,729431,3464
21164,2022-01-01 00:00:00,26,707122,3034
23390,2022-01-01 00:00:00,9,487909,2093
23199,2022-01-01 00:00:00,23,487290,2137
23364,2022-01-01 00:00:00,9,427653,1952
20633,2022-01-01 00:00:00,70,377235,1675
20778,2022-01-01 00:00:00,17,347827,1532
22818,2022-01-01 00:00:00,21,333872,1476
20661,2022-01-01 00:00:00,45,286822,1327
20473,2022-01-01 00:00:00,55,187511,839
18817,2022-01-01 00:00:00,12,46740,226
20994,2022-01-01 00:00:00,14,104313,426
18794,2022-01-01 00:00:00,21,96045,406
20555,2022-01-01 00:00:00,24,67159,327
23146,2022-01-01 00:00:00,22,62440,252
20801,2022-01-01 00:00:00,15,52615,245
22754,2022-01-01 00:00:00,3,5970,47
23154,2022-01-01 00:00:00,11,55508,233
19991,2022-01-01 00:00:00,3,47770,243
19811,2022-01-01 00:00:00,1,15630,81
22858,2022-01-01 00:00:00,35,169870,798
21384,2022-01-01 00:00:00,30,96874,493
22111,2022-01-01 00:00:00,17,79962,381
18924,2022-01-01 00:00:00,28,1209573,5290
21265,2022-01-01 00:00:00,44,889361,3166
21031,2022-01-01 00:00:00,61,580693,2681
22172,2022-01-01 00:00:00,27,545017,2403
20589,2022-01-01 00:00:00,30,486654,2192
21857,2022-01-01 00:00:00,30,389055,1733
21664,2022-01-01 00:00:00,26,373187,1722
21214,2022-01-01 00:00:00,37,366227,1663
20534,2022-01-01 00:00:00,24,357999,1644
22432,2022-01-01 00:00:00,14,169954,809
20223,2022-01-01 00:00:00,70,162434,1060
22515,2022-01-01 00:00:00,20,148507,696
20134,2022-01-01 00:00:00,15,115918,540
21746,2022-01-01 00:00:00,14,99238,452
21236,2022-01-01 00:00:00,32,89968,471
20103,2022-01-01 00:00:00,20,52255,256
18291,2022-01-01 00:00:00,14,51775,220
19920,2022-01-01 00:00:00,15,38930,183
23290,2022-01-01 00:00:00,1,12945,62
22270,2022-01-01 00:00:00,39,149154,785
19372,2022-01-01 00:00:00,26,11775,56
21998,2022-01-01 00:00:00,50,365064,2014
20313,2022-01-01 00:00:00,31,207999,991
20872,2022-01-01 00:00:00,20,201584,947
21789,2022-01-01 00:00:00,18,149164,696
21263,2022-01-01 00:00:00,41,141789,811
21352,2022-01-01 00:00:00,19,75097,316
20239,2022-01-01 00:00:00,25,48345,239
22877,2022-01-01 00:00:00,16,81848,358
21045,2022-01-01 00:00:00,36,286305,1235
22739,2022-01-01 00:00:00,23,206312,972
22523,2022-01-01 00:00:00,16,42997,207
21919,2022-01-01 00:00:00,14,122233,418
20556,2022-01-01 00:00:00,19,236988,1084
21659,2022-01-01 00:00:00,23,419234,1888
22648,2022-01-01 00:00:00,33,2273555,9864
20460,2022-01-01 00:00:00,30,1982619,8981
20975,2022-01-01 00:00:00,34,1665825,7022
20929,2022-01-01 00:00:00,28,1087690,4541
22309,2022-01-01 00:00:00,23,168500,714
19408,2022-01-01 00:00:00,28,15345,279
22895,2022-01-01 00:00:00,21,88852,414
20336,2022-01-01 00:00:00,26,273749,1305
19627,2022-01-01 00:00:00,22,244878,1105
21740,2022-01-01 00:00:00,28,94855,440
21626,2022-01-01 00:00:00,14,67853,328
18629,2022-01-01 00:00:00,2,37300,165
21223,2022-01-01 00:00:00,36,549075,2378
22198,2022-01-01 00:00:00,3,51530,220
20265,2022-01-01 00:00:00,53,1057813,4245
21115,2022-01-01 00:00:00,38,1770800,7532
21436,2022-01-01 00:00:00,35,1525453,6292
20654,2022-01-01 00:00:00,20,1320373,5653
23289,2022-01-01 00:00:00,14,556482,2321
21210,2022-01-01 00:00:00,39,529394,2314
23085,2022-01-01 00:00:00,23,495989,2203
21066,2022-01-01 00:00:00,36,410490,1600
20314,2022-01-01 00:00:00,36,308866,1332
20413,2022-01-01 00:00:00,23,126806,563
22110,2022-01-01 00:00:00,14,107917,463
20365,2022-01-01 00:00:00,130,6199335,25791
21974,2022-01-01 00:00:00,27,378998,1645
22265,2022-01-01 00:00:00,18,246306,1031
19764,2022-01-01 00:00:00,14,71180,337
20672,2022-01-01 00:00:00,3,43830,220
19859,2022-01-01 00:00:00,47,75810,918
19159,2022-01-01 00:00:00,26,92025,886
20822,2022-01-01 00:00:00,87,4410999,19846
16476,2022-01-01 00:00:00,1,22000,100
21732,2022-01-01 00:00:00,65,3636734,14494
7331,2022-01-01 00:00:00,65,3162382,12554
20716,2022-01-01 00:00:00,70,3036557,11386
18149,2022-01-01 00:00:00,23,125985,555
9993,2022-01-01 00:00:00,24,226993,943
20763,2022-01-01 00:00:00,38,955175,4156
22420,2022-01-01 00:00:00,49,1069383,4301
22876,2022-01-01 00:00:00,10,1056777,4601
20565,2022-01-01 00:00:00,47,972595,4386
20343,2022-01-01 00:00:00,63,939296,4577
20702,2022-01-01 00:00:00,35,682100,2736
20741,2022-01-01 00:00:00,34,526532,2291
21747,2022-01-01 00:00:00,46,504321,2171
10916,2022-01-01 00:00:00,34,489144,2082
22182,2022-01-01 00:00:00,63,456510,1906
21786,2022-01-01 00:00:00,44,369674,1641
22631,2022-01-01 00:00:00,17,345803,1573
21047,2022-01-01 00:00:00,27,303724,1288
20697,2022-01-01 00:00:00,27,287028,1226
21801,2022-01-01 00:00:00,22,261247,887
23391,2022-01-01 00:00:00,4,170009,701
21812,2022-01-01 00:00:00,18,99692,413
21517,2022-01-01 00:00:00,19,82398,354
22231,2022-01-01 00:00:00,16,80202,361
23317,2022-01-01 00:00:00,3,70614,291
22434,2022-01-01 00:00:00,14,69773,302
22085,2022-01-01 00:00:00,14,67090,291
21978,2022-01-01 00:00:00,4,48220,209
22435,2022-01-01 00:00:00,19,46582,210
20671,2022-01-01 00:00:00,3,44020,225
21123,2022-01-01 00:00:00,14,33942,148
20673,2022-01-01 00:00:00,2,31480,159
23367,2022-01-01 00:00:00,2,23461,103
23349,2022-01-01 00:00:00,2,16628,76
23339,2022-01-01 00:00:00,1,12770,58
20410,2022-01-01 00:00:00,7,5470,25
22758,2022-01-01 00:00:00,3,22290,147
22755,2022-01-01 00:00:00,3,8760,65
20515,2022-01-01 00:00:00,96,27719793,111265
15965,2022-01-01 00:00:00,1,3210,14
21389,2022-01-01 00:00:00,37,3332467,13867
7689,2022-01-01 00:00:00,35,911526,3585
22525,2022-01-01 00:00:00,24,2004686,8438
21017,2022-01-01 00:00:00,83,911199,4588
20802,2022-01-01 00:00:00,70,755164,3587
22117,2022-01-01 00:00:00,35,716392,3100
21312,2022-01-01 00:00:00,22,587880,847
20693,2022-01-01 00:00:00,21,575423,2567
22611,2022-01-01 00:00:00,25,494263,2089
19272,2022-01-01 00:00:00,14,25810,215
21758,2022-01-01 00:00:00,47,421787,1708
21906,2022-01-01 00:00:00,38,364501,1502
20076,2022-01-01 00:00:00,27,82735,400
21268,2022-01-01 00:00:00,20,316200,471
18530,2022-01-01 00:00:00,4,1160,6
23342,2022-01-01 00:00:00,4,237720,329
14480,2022-01-01 00:00:00,3,1290,5
21515,2022-01-01 00:00:00,19,202260,313
22260,2022-01-01 00:00:00,26,201400,888
22407,2022-01-01 00:00:00,26,165972,710
14021,2022-01-01 00:00:00,18,137605,621
20827,2022-01-01 00:00:00,18,101235,449
20418,2022-01-01 00:00:00,12,83520,120
20519,2022-01-01 00:00:00,13,78330,118
11227,2022-01-01 00:00:00,1,800,4
23320,2022-01-01 00:00:00,2,59369,273
21869,2022-01-01 00:00:00,23,50972,258
20337,2022-01-01 00:00:00,11,48400,71
22880,2022-01-01 00:00:00,23,28641,136
20291,2022-01-01 00:00:00,4,8730,44
20293,2022-01-01 00:00:00,4,8265,42
20292,2022-01-01 00:00:00,4,7530,38
20290,2022-01-01 00:00:00,4,6695,34
21117,2022-01-01 00:00:00,222,734571164,2682750
20189,2022-01-01 00:00:00,154,92888576,368737
23322,2022-01-01 00:00:00,18,426983292,1308325
21161,2022-01-01 00:00:00,136,334165457,1278551
19885,2022-01-01 00:00:00,69,387467,4893
23049,2022-01-01 00:00:00,53,249328389,923471
21054,2022-01-01 00:00:00,145,244509640,931021
21741,2022-01-01 00:00:00,114,225303582,862955
20277,2022-01-01 00:00:00,132,120566059,481083
19639,2022-01-01 00:00:00,43,202200,2918
19182,2022-01-01 00:00:00,78,653116,3668
19468,2022-01-01 00:00:00,44,372403,4745
19150,2022-01-01 00:00:00,42,220252,2178
22676,2022-01-01 00:00:00,72,148174405,574003
20810,2022-01-01 00:00:00,165,147398447,598580
20587,2022-01-01 00:00:00,130,137431475,525133
20863,2022-01-01 00:00:00,136,124391432,478543
21777,2022-01-01 00:00:00,147,117574496,455820
20539,2022-01-01 00:00:00,102,75710509,307127
18984,2022-01-01 00:00:00,28,26942,220
20828,2022-01-01 00:00:00,142,67898723,275475
20215,2022-01-01 00:00:00,97,10754640,45360
20484,2022-01-01 00:00:00,84,51057582,201654
19984,2022-01-01 00:00:00,42,164880,1953
20786,2022-01-01 00:00:00,110,48157458,193421
18891,2022-01-01 00:00:00,2,1210,11
21422,2022-01-01 00:00:00,133,42101042,170787
20470,2022-01-01 00:00:00,113,35388421,141914
20050,2022-01-01 00:00:00,104,1230238,7781
22373,2022-01-01 00:00:00,93,25190305,100738
20210,2022-01-01 00:00:00,107,24053615,101320
20748,2022-01-01 00:00:00,104,23218083,96582
21742,2022-01-01 00:00:00,1,22170373,84108
20580,2022-01-01 00:00:00,77,20903211,85095
21821,2022-01-01 00:00:00,94,18770340,76126
20212,2022-01-01 00:00:00,93,18423169,72540
20635,2022-01-01 00:00:00,151,17550325,74275
18983,2022-01-01 00:00:00,20,26400,528
22355,2022-01-01 00:00:00,73,17123334,69407
20820,2022-01-01 00:00:00,109,15259948,65214
22663,2022-01-01 00:00:00,30,15257079,60336
18759,2022-01-01 00:00:00,14,13060,87
22416,2022-01-01 00:00:00,21,13708809,37664
21896,2022-01-01 00:00:00,78,13276893,51401
21837,2022-01-01 00:00:00,79,12544161,53057
18014,2022-01-01 00:00:00,1,0,0
18846,2022-01-01 00:00:00,43,42580,289
19955,2022-01-01 00:00:00,80,8186436,36424
20403,2022-01-01 00:00:00,95,10420223,41801
21582,2022-01-01 00:00:00,109,9848144,39374
19688,2022-01-01 00:00:00,98,1436873,6796
18925,2022-01-01 00:00:00,41,101725,1539
22337,2022-01-01 00:00:00,49,9040655,36891
18816,2022-01-01 00:00:00,4,3850,35
23155,2022-01-01 00:00:00,32,8765220,36580
20582,2022-01-01 00:00:00,93,8557235,37412
18866,2022-01-01 00:00:00,13,19161,161
19161,2022-01-01 00:00:00,15,10560,66
22879,2022-01-01 00:00:00,48,8210829,34070
20241,2022-01-01 00:00:00,77,7987082,33050
20925,2022-01-01 00:00:00,56,7777148,33119
7858,2022-01-01 00:00:00,59,674764,2581
20104,2022-01-01 00:00:00,32,777013,1652
18958,2022-01-01 00:00:00,14,15960,104
18824,2022-01-01 00:00:00,7,14680,162
23153,2022-01-01 00:00:00,30,7091561,29294
20294,2022-01-01 00:00:00,30,6978444,29045
19817,2022-01-01 00:00:00,64,122560,1672
23138,2022-01-01 00:00:00,37,6387538,26922
20240,2022-01-01 00:00:00,59,6357698,26770
19964,2022-01-01 00:00:00,40,84525,931
19786,2022-01-01 00:00:00,55,196749,1438
21867,2022-01-01 00:00:00,66,5393035,22876
22530,2022-01-01 00:00:00,41,5355551,20838
19308,2022-01-01 00:00:00,6,4310,83
18430,2022-01-01 00:00:00,14,19840,124
20137,2022-01-01 00:00:00,74,3305591,14663
22195,2022-01-01 00:00:00,94,4668546,19952
19919,2022-01-01 00:00:00,48,79408,768
22245,2022-01-01 00:00:00,65,4388293,18509
20982,2022-01-01 00:00:00,76,4246625,19183
22652,2022-01-01 00:00:00,44,4218526,17089
19783,2022-01-01 00:00:00,15,15002,56
23144,2022-01-01 00:00:00,3,4158873,16872
22924,2022-01-01 00:00:00,38,3991237,15734
22115,2022-01-01 00:00:00,47,3909305,16100
22476,2022-01-01 00:00:00,43,3783932,15442
19657,2022-01-01 00:00:00,35,45425,559
19539,2022-01-01 00:00:00,57,129901,1308
22242,2022-01-01 00:00:00,69,3669524,15045
20362,2022-01-01 00:00:00,71,3539338,14745
21942,2022-01-01 00:00:00,57,3494845,15327
22328,2022-01-01 00:00:00,43,3472928,7741
21719,2022-01-01 00:00:00,74,3428702,14890
20459,2022-01-01 00:00:00,76,2923194,12444
22116,2022-01-01 00:00:00,64,2889454,12383
21930,2022-01-01 00:00:00,45,2522604,10612
9023,2022-01-01 00:00:00,39,1059994,4104
20394,2022-01-01 00:00:00,49,2007625,8205
22397,2022-01-01 00:00:00,35,1978031,8143
20356,2022-01-01 00:00:00,37,1908583,8346
22308,2022-01-01 00:00:00,54,1552761,6642
9986,2022-01-01 00:00:00,10,141135,626
20770,2022-01-01 00:00:00,56,1528691,7103
23321,2022-01-01 00:00:00,5,1477019,6248
22222,2022-01-01 00:00:00,35,1439492,5018
23084,2022-01-01 00:00:00,27,1434575,6106
19659,2022-01-01 00:00:00,80,1379097,6170
22651,2022-01-01 00:00:00,26,1356110,5702
20659,2022-01-01 00:00:00,15,1287057,5698
17499,2022-01-01 00:00:00,1,0,0
20660,2022-01-01 00:00:00,77,1167839,5447
20235,2022-01-01 00:00:00,49,966813,4580
22679,2022-01-01 00:00:00,27,921637,4146
20363,2022-01-01 00:00:00,22,915242,3989
22963,2022-01-01 00:00:00,31,832606,3636
21033,2022-01-01 00:00:00,24,825183,3348
20528,2022-01-01 00:00:00,49,772839,3425
6252,2022-01-01 00:00:00,25,230452,948
23128,2022-01-01 00:00:00,28,711344,2972
20554,2022-01-01 00:00:00,18,654088,3108
20472,2022-01-01 00:00:00,21,636410,2853
18735,2022-01-01 00:00:00,34,590773,2414
19690,2022-01-01 00:00:00,20,534950,2373
18693,2022-01-01 00:00:00,86,521145,3090
19241,2022-01-01 00:00:00,23,481770,2144
23286,2022-01-01 00:00:00,18,459743,2001
20848,2022-01-01 00:00:00,26,428306,1963
20143,2022-01-01 00:00:00,73,415119,1833
21306,2022-01-01 00:00:00,24,399338,1636
21388,2022-01-01 00:00:00,49,391134,1850
20211,2022-01-01 00:00:00,21,380927,1716
20713,2022-01-01 00:00:00,71,378003,2116
20861,2022-01-01 00:00:00,21,371355,1560
18707,2022-01-01 00:00:00,32,364889,1376
20681,2022-01-01 00:00:00,70,362265,2046
23311,2022-01-01 00:00:00,9,326448,1424
20561,2022-01-01 00:00:00,14,321906,1390
21802,2022-01-01 00:00:00,15,320209,1390
19475,2022-01-01 00:00:00,35,36710,348
20458,2022-01-01 00:00:00,56,259262,1247
19601,2022-01-01 00:00:00,34,31565,286
20736,2022-01-01 00:00:00,14,226695,947
19921,2022-01-01 00:00:00,29,209451,910
21116,2022-01-01 00:00:00,63,192439,1062
20930,2022-01-01 00:00:00,15,192361,858
20809,2022-01-01 00:00:00,14,180390,802
20560,2022-01-01 00:00:00,18,176815,739
21180,2022-01-01 00:00:00,43,164563,975
20735,2022-01-01 00:00:00,26,143340,636
20217,2022-01-01 00:00:00,14,129734,563
20992,2022-01-01 00:00:00,17,129587,584
20761,2022-01-01 00:00:00,16,120470,524
21172,2022-01-01 00:00:00,71,117730,913
23014,2022-01-01 00:00:00,1,114400,500
22714,2022-01-01 00:00:00,14,101413,453
20486,2022-01-01 00:00:00,18,91649,395
19318,2022-01-01 00:00:00,14,90972,460
19383,2022-01-01 00:00:00,41,37270,400
20384,2022-01-01 00:00:00,14,66947,288
20192,2022-01-01 00:00:00,4,4660,18
22959,2022-01-01 00:00:00,14,52980,244
21035,2022-01-01 00:00:00,15,34575,317
20605,2022-01-01 00:00:00,10,26510,123
21038,2022-01-01 00:00:00,12,23590,216
20714,2022-01-01 00:00:00,10,19865,96
21040,2022-01-01 00:00:00,10,16050,148
21039,2022-01-01 00:00:00,10,13165,168
17975,2022-01-01 00:00:00,12,11270,48
14586,2022-01-01 00:00:00,3,11130,78
21041,2022-01-01 00:00:00,6,6110,56
21036,2022-01-01 00:00:00,6,4090,36
21037,2022-01-01 00:00:00,9,3595,37
23288,2022-01-01 00:00:00,3,1000,9
23287,2022-01-01 00:00:00,2,540,6
23217,2022-01-01 00:00:00,14,125763,622
1691,2022-01-01 00:00:00,9,44150,194
18745,2022-01-01 00:00:00,48,1408299,5895
20692,2022-01-01 00:00:00,20,1142788,5095
19136,2022-01-01 00:00:00,57,898754,4034
21173,2022-01-01 00:00:00,49,424760,1963
18792,2022-01-01 00:00:00,21,21760,142
22404,2022-01-01 00:00:00,35,164744,824
22524,2022-01-01 00:00:00,22,150830,702
20568,2022-01-01 00:00:00,13,149808,656
5643,2022-01-01 00:00:00,3,30570,153
5666,2022-01-01 00:00:00,3,25200,124
21155,2022-01-01 00:00:00,5,4762,20
21221,2022-01-01 00:00:00,28,534074,2206
20414,2022-01-01 00:00:00,62,450008,2086
21380,2022-01-01 00:00:00,50,276983,1329
21163,2022-01-01 00:00:00,20,166495,694
21706,2022-01-01 00:00:00,30,133062,636
21536,2022-01-01 00:00:00,17,130153,586
21528,2022-01-01 00:00:00,93,1016821,4699
20457,2022-01-01 00:00:00,43,683808,3090
21888,2022-01-01 00:00:00,37,239756,1263
21365,2022-01-01 00:00:00,3,41460,232
21363,2022-01-01 00:00:00,3,40860,232
15103,2022-01-01 00:00:00,4,3480,16
21920,2022-01-01 00:00:00,28,2444063,10331
19696,2022-01-01 00:00:00,50,121703,1236
20184,2022-01-01 00:00:00,42,1256002,5366
19894,2022-01-01 00:00:00,55,934305,4426
21995,2022-01-01 00:00:00,53,924281,4082
2813,2022-01-01 00:00:00,2,29215,135
22349,2022-01-01 00:00:00,26,843038,3515
2815,2022-01-01 00:00:00,2,30620,143
2814,2022-01-01 00:00:00,2,29150,136
20489,2022-01-01 00:00:00,24,614463,2672
22243,2022-01-01 00:00:00,49,588892,2607
20943,2022-01-01 00:00:00,43,477658,2050
20873,2022-01-01 00:00:00,56,472026,2300
22183,2022-01-01 00:00:00,63,460111,2479
21809,2022-01-01 00:00:00,28,415965,1857
20530,2022-01-01 00:00:00,14,398670,1763
21717,2022-01-01 00:00:00,70,397574,2141
21019,2022-01-01 00:00:00,69,394890,1834
21514,2022-01-01 00:00:00,18,388850,1646
20454,2022-01-01 00:00:00,21,379255,1759
21863,2022-01-01 00:00:00,52,359178,1684
3350,2022-01-01 00:00:00,13,113191,458
20300,2022-01-01 00:00:00,29,276978,1255
20485,2022-01-01 00:00:00,36,318617,1479
20364,2022-01-01 00:00:00,44,290913,1421
21046,2022-01-01 00:00:00,61,287634,1731
19858,2022-01-01 00:00:00,28,269112,1080
19952,2022-01-01 00:00:00,15,266625,1235
20399,2022-01-01 00:00:00,81,256407,1397
21866,2022-01-01 00:00:00,24,226883,1045
21810,2022-01-01 00:00:00,14,220189,932
2224,2022-01-01 00:00:00,1,16245,78
21796,2022-01-01 00:00:00,16,213731,915
21311,2022-01-01 00:00:00,23,198253,974
22356,2022-01-01 00:00:00,39,197370,935
10963,2022-01-01 00:00:00,6,19250,82
4575,2022-01-01 00:00:00,11,23365,114
21824,2022-01-01 00:00:00,20,181656,856
21862,2022-01-01 00:00:00,18,171559,737
22741,2022-01-01 00:00:00,20,169241,797
23265,2022-01-01 00:00:00,15,140970,687
6630,2022-01-01 00:00:00,3,47800,236
21440,2022-01-01 00:00:00,53,135375,889
20395,2022-01-01 00:00:00,21,130275,583
19093,2022-01-01 00:00:00,14,17760,111
20136,2022-01-01 00:00:00,15,97015,456
10331,2022-01-01 00:00:00,2,31480,158
19731,2022-01-01 00:00:00,3,5520,53
20406,2022-01-01 00:00:00,19,117089,539
20963,2022-01-01 00:00:00,22,110909,456
20169,2022-01-01 00:00:00,18,106610,517
20124,2022-01-01 00:00:00,17,104758,456
20862,2022-01-01 00:00:00,27,102502,487
20177,2022-01-01 00:00:00,56,97655,575
23375,2022-01-01 00:00:00,2,89198,395
20712,2022-01-01 00:00:00,19,73699,327
22650,2022-01-01 00:00:00,25,71704,347
4469,2022-01-01 00:00:00,3,46840,231
22740,2022-01-01 00:00:00,19,64785,277
19224,2022-01-01 00:00:00,3,46400,230
22173,2022-01-01 00:00:00,29,52035,274
22756,2022-01-01 00:00:00,5,51280,291
23275,2022-01-01 00:00:00,3,47160,238
23274,2022-01-01 00:00:00,3,46280,229
23386,2022-01-01 00:00:00,3,46080,230
20451,2022-01-01 00:00:00,14,39114,175
21993,2022-01-01 00:00:00,24,31479,159
20803,2022-01-01 00:00:00,7,31110,130
22901,2022-01-01 00:00:00,11,30304,149
17254,2022-01-01 00:00:00,2,28020,158
21355,2022-01-01 00:00:00,2,27300,158
21356,2022-01-01 00:00:00,2,26740,156
938,2022-01-01 00:00:00,1,17760,74
21660,2022-01-01 00:00:00,12,7780,39
20928,2022-01-01 00:00:00,7,5085,22
21360,2022-01-01 00:00:00,3,39660,221
21366,2022-01-01 00:00:00,3,40700,234
21359,2022-01-01 00:00:00,3,41100,231
21364,2022-01-01 00:00:00,3,41340,235
21361,2022-01-01 00:00:00,3,41860,238
21362,2022-01-01 00:00:00,3,41340,233
19922,2022-01-01 00:00:00,46,88460,680
21357,2022-01-01 00:00:00,3,41760,234
21358,2022-01-01 00:00:00,3,41280,232
20579,2022-01-01 00:00:00,29,615697,2689
20596,2022-01-01 00:00:00,62,591809,2567
20289,2022-01-01 00:00:00,66,518421,2388
19857,2022-01-01 00:00:00,13,445519,1902
23122,2022-01-01 00:00:00,20,246877,1112
23198,2022-01-01 00:00:00,9,178610,745
22893,2022-01-01 00:00:00,23,167306,696
19205,2022-01-01 00:00:00,7,10560,66
18538,2022-01-01 00:00:00,20,94052,444
18469,2022-01-01 00:00:00,19,81085,388
18737,2022-01-01 00:00:00,20,71470,342
20527,2022-01-01 00:00:00,14,70252,354
18761,2022-01-01 00:00:00,18,53335,260
20941,2022-01-01 00:00:00,7,13030,68
23188,2022-01-01 00:00:00,28,1072209,3876
21709,2022-01-01 00:00:00,79,371605,2224
20903,2022-01-01 00:00:00,25,124765,613
23338,2022-01-01 00:00:00,9,4649630,18857
21307,2022-01-01 00:00:00,23,130877,623
20652,2022-01-01 00:00:00,26,306307,1250
20962,2022-01-01 00:00:00,35,183693,855
20952,2022-01-01 00:00:00,11,40980,195
20191,2022-01-01 00:00:00,21,43720,588
20728,2022-01-01 00:00:00,34,316110,1494
21021,2022-01-01 00:00:00,31,276866,1276
20804,2022-01-01 00:00:00,30,245143,1162
20758,2022-01-01 00:00:00,31,236773,1113
20632,2022-01-01 00:00:00,28,215696,980
21032,2022-01-01 00:00:00,28,194736,893
22196,2022-01-01 00:00:00,27,184539,885
4035,2022-01-01 00:00:00,4,9900,66
20740,2022-01-01 00:00:00,96,4077883,18383
20201,2022-01-01 00:00:00,36,1045174,4587
21838,2022-01-01 00:00:00,28,948838,4000
19092,2022-01-01 00:00:00,14,17600,110
20386,2022-01-01 00:00:00,17,64490,301
20683,2022-01-01 00:00:00,21,49128,213
22307,2022-01-01 00:00:00,42,1130682,4827
17368,2022-01-01 00:00:00,2,84460,187
20591,2022-01-01 00:00:00,196,232320958,893940
21991,2022-01-01 00:00:00,107,175286007,660332
21383,2022-01-01 00:00:00,185,121075840,482219
19722,2022-01-01 00:00:00,49,1635607,3980
22751,2022-01-01 00:00:00,59,33261962,129299
21864,2022-01-01 00:00:00,122,31937273,130371
17110,2022-01-01 00:00:00,22,46830,131
13730,2022-01-01 00:00:00,1,9600,48
19157,2022-01-01 00:00:00,39,71390,280
23197,2022-01-01 00:00:00,24,19300162,76712
21385,2022-01-01 00:00:00,92,18860482,75408
20610,2022-01-01 00:00:00,59,16258900,65584
19389,2022-01-01 00:00:00,13,197710,425
21718,2022-01-01 00:00:00,151,15075451,61505
9977,2022-01-01 00:00:00,1,28820,131
23148,2022-01-01 00:00:00,30,11745636,47342
22194,2022-01-01 00:00:00,89,11318159,42813
20879,2022-01-01 00:00:00,88,11235779,46609
21625,2022-01-01 00:00:00,60,10801444,45504
22232,2022-01-01 00:00:00,85,10096897,39402
16420,2022-01-01 00:00:00,27,435261,1819
20279,2022-01-01 00:00:00,111,9309011,36999
22878,2022-01-01 00:00:00,37,8802123,35219
22020,2022-01-01 00:00:00,66,7627850,30072
19787,2022-01-01 00:00:00,80,356160,999
23365,2022-01-01 00:00:00,9,7372453,28973
21928,2022-01-01 00:00:00,56,7366694,27614
21973,2022-01-01 00:00:00,85,7341179,29186
22962,2022-01-01 00:00:00,51,6946254,27732
22380,2022-01-01 00:00:00,67,6379782,25412
20405,2022-01-01 00:00:00,119,5946205,26151
20057,2022-01-01 00:00:00,10,13230,55
20264,2022-01-01 00:00:00,46,4458051,18738
17129,2022-01-01 00:00:00,27,14430,32
16758,2022-01-01 00:00:00,20,208311,881
20105,2022-01-01 00:00:00,36,306795,1359
19895,2022-01-01 00:00:00,13,14115,58
19687,2022-01-01 00:00:00,101,888435,3733
21310,2022-01-01 00:00:00,50,3643625,14772
22788,2022-01-01 00:00:00,40,3126373,14193
19000,2022-01-01 00:00:00,27,52355,114
13292,2022-01-01 00:00:00,1,0,0
19766,2022-01-01 00:00:00,15,33450,418
23463,2022-01-01 00:00:00,1,2617138,7347
20415,2022-01-01 00:00:00,35,2604189,11049
23115,2022-01-01 00:00:00,44,2556505,10149
22230,2022-01-01 00:00:00,70,2536636,10216
20535,2022-01-01 00:00:00,53,2166882,8788
21065,2022-01-01 00:00:00,44,2120777,8769
20355,2022-01-01 00:00:00,46,1859284,7476
20762,2022-01-01 00:00:00,37,1828627,7485
20186,2022-01-01 00:00:00,2,11615,55
22512,2022-01-01 00:00:00,42,1537279,6174
20669,2022-01-01 00:00:00,36,1506461,6066
21237,2022-01-01 00:00:00,34,1403868,5924
21941,2022-01-01 00:00:00,65,1395111,6348
21790,2022-01-01 00:00:00,34,1367306,5535
22003,2022-01-01 00:00:00,33,1316875,5314
18774,2022-01-01 00:00:00,1,39600,180
23249,2022-01-01 00:00:00,16,1174114,4717
20780,2022-01-01 00:00:00,36,1167619,4857
22408,2022-01-01 00:00:00,31,1141683,4482
22167,2022-01-01 00:00:00,30,1100049,4482
18319,2022-01-01 00:00:00,4,6540,33
20744,2022-01-01 00:00:00,34,1037543,4543
20684,2022-01-01 00:00:00,75,1036440,4799
22114,2022-01-01 00:00:00,30,1035351,4109
20170,2022-01-01 00:00:00,27,71900,454
19852,2022-01-01 00:00:00,27,920379,3819
20766,2022-01-01 00:00:00,21,911465,4145
20715,2022-01-01 00:00:00,23,858838,3649
20631,2022-01-01 00:00:00,34,856896,3769
22511,2022-01-01 00:00:00,40,851769,3604
22229,2022-01-01 00:00:00,27,835671,3324
20229,2022-01-01 00:00:00,13,21553,86
21058,2022-01-01 00:00:00,56,812697,3361
20541,2022-01-01 00:00:00,46,809514,3568
22005,2022-01-01 00:00:00,20,805215,3262
21537,2022-01-01 00:00:00,45,779624,3013
22378,2022-01-01 00:00:00,27,769183,3156
19264,2022-01-01 00:00:00,33,758265,3114
19896,2022-01-01 00:00:00,14,12540,85
22174,2022-01-01 00:00:00,28,714492,3038
20993,2022-01-01 00:00:00,36,703841,2991
14034,2022-01-01 00:00:00,1,26400,120
21441,2022-01-01 00:00:00,32,660354,2618
22197,2022-01-01 00:00:00,32,636686,2705
20374,2022-01-01 00:00:00,27,618187,2720
20520,2022-01-01 00:00:00,27,583511,2327
21627,2022-01-01 00:00:00,34,575930,2474
20047,2022-01-01 00:00:00,1,27500,125
21933,2022-01-01 00:00:00,25,570570,2487
22960,2022-01-01 00:00:00,29,567908,2229
21710,2022-01-01 00:00:00,85,493877,2249
21929,2022-01-01 00:00:00,34,466241,2156
9952,2022-01-01 00:00:00,22,139673,594
21589,2022-01-01 00:00:00,26,434584,1831
21707,2022-01-01 00:00:00,18,430902,1822
20301,2022-01-01 00:00:00,55,430639,1938
22350,2022-01-01 00:00:00,22,425987,1774
22801,2022-01-01 00:00:00,31,416826,1788
22431,2022-01-01 00:00:00,31,415126,1830
23040,2022-01-01 00:00:00,31,414940,1885
22504,2022-01-01 00:00:00,55,413244,1678
23041,2022-01-01 00:00:00,24,407943,1811
22228,2022-01-01 00:00:00,37,399753,1783
20918,2022-01-01 00:00:00,39,391818,1755
22474,2022-01-01 00:00:00,28,375585,1564
18228,2022-01-01 00:00:00,16,84503,314
18705,2022-01-01 00:00:00,2,2820,15
20529,2022-01-01 00:00:00,47,330399,1411
22961,2022-01-01 00:00:00,24,322524,1270
20552,2022-01-01 00:00:00,21,321264,1347
23363,2022-01-01 00:00:00,2,313569,1250
23384,2022-01-01 00:00:00,2,312036,1319
22508,2022-01-01 00:00:00,22,311449,1406
18231,2022-01-01 00:00:00,16,69206,283
20125,2022-01-01 00:00:00,7,9160,36
23401,2022-01-01 00:00:00,2,254997,1116
20101,2022-01-01 00:00:00,28,27440,176
23187,2022-01-01 00:00:00,23,248533,1163
23107,2022-01-01 00:00:00,42,242050,1081
20779,2022-01-01 00:00:00,26,223321,965
20983,2022-01-01 00:00:00,37,213748,1015
23192,2022-01-01 00:00:00,9,208026,911
20919,2022-01-01 00:00:00,54,205564,1085
20653,2022-01-01 00:00:00,42,201486,810
21386,2022-01-01 00:00:00,42,195089,790
21354,2022-01-01 00:00:00,21,193251,824
21382,2022-01-01 00:00:00,23,189169,800
20696,2022-01-01 00:00:00,14,188440,745
19788,2022-01-01 00:00:00,20,128472,540
21315,2022-01-01 00:00:00,35,183929,930
20936,2022-01-01 00:00:00,42,174672,722
21393,2022-01-01 00:00:00,16,169321,749
22503,2022-01-01 00:00:00,15,166983,791
21350,2022-01-01 00:00:00,22,166077,678
20865,2022-01-01 00:00:00,19,151995,665
21020,2022-01-01 00:00:00,42,150809,622
20295,2022-01-01 00:00:00,21,142711,647
23264,2022-01-01 00:00:00,9,141998,609
20193,2022-01-01 00:00:00,6,24240,114
22532,2022-01-01 00:00:00,14,138359,644
20951,2022-01-01 00:00:00,18,125959,611
19061,2022-01-01 00:00:00,1,21560,98
22882,2022-01-01 00:00:00,16,123991,534
22244,2022-01-01 00:00:00,16,123814,540
21624,2022-01-01 00:00:00,31,116816,578
23114,2022-01-01 00:00:00,5,116370,214
18685,2022-01-01 00:00:00,24,114109,508
20699,2022-01-01 00:00:00,18,113381,503
18812,2022-01-01 00:00:00,1,44000,200
22421,2022-01-01 00:00:00,14,106410,465
22902,2022-01-01 00:00:00,21,105727,447
22802,2022-01-01 00:00:00,17,102390,491
22533,2022-01-01 00:00:00,30,100527,452
19954,2022-01-01 00:00:00,3,4475,18
20726,2022-01-01 00:00:00,2,95450,397
20759,2022-01-01 00:00:00,21,87440,373
20727,2022-01-01 00:00:00,2,86760,362
20823,2022-01-01 00:00:00,39,82727,343
23262,2022-01-01 00:00:00,8,71549,322
21780,2022-01-01 00:00:00,12,69579,306
22423,2022-01-01 00:00:00,16,64673,268
20824,2022-01-01 00:00:00,17,61706,271
18704,2022-01-01 00:00:00,18,61463,263
20609,2022-01-01 00:00:00,11,61246,273
22881,2022-01-01 00:00:00,15,61243,284
21994,2022-01-01 00:00:00,17,56520,298
23416,2022-01-01 00:00:00,3,54354,276
19908,2022-01-01 00:00:00,15,51243,223
21381,2022-01-01 00:00:00,14,46884,232
20533,2022-01-01 00:00:00,1,38940,177
23222,2022-01-01 00:00:00,2,32967,144
6711,2022-01-01 00:00:00,2,21280,104
20675,2022-01-01 00:00:00,2,16550,85
23186,2022-01-01 00:00:00,14,15630,69
23218,2022-01-01 00:00:00,7,5625,27
20707,2022-01-01 00:00:00,3,2595,15
22738,2022-01-01 00:00:00,26,92051,447
23193,2022-01-01 00:00:00,1,11115,55
20729,2022-01-01 00:00:00,56,1013756,4377
18749,2022-01-01 00:00:00,27,47560,374
3401,2022-01-01 00:00:00,4,9740,66
19269,2022-01-01 00:00:00,125,28991006,121830
20646,2022-01-01 00:00:00,120,171754843,721528
18190,2022-01-01 00:00:00,47,132440,1159
20477,2022-01-01 00:00:00,167,73937829,309340
12489,2022-01-01 00:00:00,1,70200,260
22531,2022-01-01 00:00:00,72,37701451,166401
19183,2022-01-01 00:00:00,70,506424,3244
20670,2022-01-01 00:00:00,141,32553195,139178
21822,2022-01-01 00:00:00,95,29706996,121139
20725,2022-01-01 00:00:00,98,27732078,121166
23355,2022-01-01 00:00:00,6,26462686,106226
20175,2022-01-01 00:00:00,136,22614491,95158
19357,2022-01-01 00:00:00,87,2069031,9750
22671,2022-01-01 00:00:00,61,16397288,69700
20312,2022-01-01 00:00:00,54,5469485,22388
22659,2022-01-01 00:00:00,79,15707206,67828
21785,2022-01-01 00:00:00,82,13377446,60483
20921,2022-01-01 00:00:00,73,9163289,37726
19729,2022-01-01 00:00:00,76,3042926,13030
22082,2022-01-01 00:00:00,91,7857368,34115
20354,2022-01-01 00:00:00,79,7591904,31799
19630,2022-01-01 00:00:00,81,5507315,23664
15629,2022-01-01 00:00:00,1,22950,85
20817,2022-01-01 00:00:00,66,4834434,22026
21165,2022-01-01 00:00:00,47,4536398,19490
22268,2022-01-01 00:00:00,60,3999736,16782
21119,2022-01-01 00:00:00,44,3878689,17849
19319,2022-01-01 00:00:00,29,33280,215
19608,2022-01-01 00:00:00,96,3723457,17163
19065,2022-01-01 00:00:00,8,185140,827
19662,2022-01-01 00:00:00,70,3234992,17644
10375,2022-01-01 00:00:00,95,3065886,15266
22660,2022-01-01 00:00:00,43,2913660,12792
19402,2022-01-01 00:00:00,46,35253,327
20005,2022-01-01 00:00:00,35,998975,4751
21915,2022-01-01 00:00:00,63,2505612,11429
21233,2022-01-01 00:00:00,48,2244623,10149
20711,2022-01-01 00:00:00,22,1917168,9020
20531,2022-01-01 00:00:00,38,1913309,8047
20176,2022-01-01 00:00:00,49,1695750,7284
14496,2022-01-01 00:00:00,34,318574,1323
17116,2022-01-01 00:00:00,31,1666470,7139
20052,2022-01-01 00:00:00,1,67100,305
17799,2022-01-01 00:00:00,49,1358697,6137
20643,2022-01-01 00:00:00,29,1473791,6528
19064,2022-01-01 00:00:00,1,0,0
18755,2022-01-01 00:00:00,1,12600,60
20521,2022-01-01 00:00:00,34,1437067,6212
21174,2022-01-01 00:00:00,45,1351685,6716
19400,2022-01-01 00:00:00,1,38940,177
22108,2022-01-01 00:00:00,49,1338652,6321
21825,2022-01-01 00:00:00,43,1328119,5765
19320,2022-01-01 00:00:00,32,1285544,5604
20203,2022-01-01 00:00:00,77,1266220,5449
14720,2022-01-01 00:00:00,1,23940,133
22084,2022-01-01 00:00:00,40,1062636,5253
20051,2022-01-01 00:00:00,35,1013475,4510
18424,2022-01-01 00:00:00,39,946200,4172
16508,2022-01-01 00:00:00,34,459063,2481
19957,2022-01-01 00:00:00,30,785267,3881
20805,2022-01-01 00:00:00,36,763901,3348
21080,2022-01-01 00:00:00,44,720016,3310
18306,2022-01-01 00:00:00,6,2345,10
19987,2022-01-01 00:00:00,61,629323,2950
19122,2022-01-01 00:00:00,11,30245,138
20920,2022-01-01 00:00:00,52,558070,2650
21179,2022-01-01 00:00:00,40,518556,2272
17831,2022-01-01 00:00:00,6,410,2
20053,2022-01-01 00:00:00,55,473663,2211
17487,2022-01-01 00:00:00,20,453169,2043
18796,2022-01-01 00:00:00,3,38870,169
22372,2022-01-01 00:00:00,40,392656,1548
22011,2022-01-01 00:00:00,11,389100,1359
21748,2022-01-01 00:00:00,28,362030,2268
21200,2022-01-01 00:00:00,10,360309,1618
21239,2022-01-01 00:00:00,29,337310,2110
21921,2022-01-01 00:00:00,28,335120,2116
18531,2022-01-01 00:00:00,2,16580,64
22327,2022-01-01 00:00:00,28,303680,1900
20922,2022-01-01 00:00:00,35,302620,1893
23139,2022-01-01 00:00:00,4,288800,1169
22475,2022-01-01 00:00:00,9,268790,1263
21731,2022-01-01 00:00:00,14,217993,895
19624,2022-01-01 00:00:00,1,300,1
21690,2022-01-01 00:00:00,16,209355,1321
22908,2022-01-01 00:00:00,2,202500,915
22673,2022-01-01 00:00:00,3,181490,665
22710,2022-01-01 00:00:00,28,175962,848
22448,2022-01-01 00:00:00,2,149210,503
21171,2022-01-01 00:00:00,5,112879,401
20375,2022-01-01 00:00:00,64,60417,271
23394,2022-01-01 00:00:00,1,43500,174
20867,2022-01-01 00:00:00,14,39280,177
21087,2022-01-01 00:00:00,1,32140,119
21949,2022-01-01 00:00:00,3,31930,122
1585,2022-01-01 00:00:00,2,20875,87
20674,2022-01-01 00:00:00,2,20400,106
21943,2022-01-01 00:00:00,2,12615,55
21914,2022-01-01 00:00:00,2,11840,52
1394,2022-01-01 00:00:00,2,11590,62
1593,2022-01-01 00:00:00,2,11070,44
22080,2022-01-01 00:00:00,2,10931,43
20262,2022-01-01 00:00:00,2,10450,55
21887,2022-01-01 00:00:00,2,10261,41
21932,2022-01-01 00:00:00,10,9760,40
20853,2022-01-01 00:00:00,4,9000,60
22179,2022-01-01 00:00:00,2,8640,37
21908,2022-01-01 00:00:00,2,8445,36
1586,2022-01-01 00:00:00,2,7730,29
18618,2022-01-01 00:00:00,2,7535,42
1626,2022-01-01 00:00:00,2,5140,22
22759,2022-01-01 00:00:00,2,4830,38
5511,2022-01-01 00:00:00,1,4530,32
502,2022-01-01 00:00:00,1,3020,30
1608,2022-01-01 00:00:00,2,2945,11
22215,2022-01-01 00:00:00,1,2790,23
20270,2022-01-01 00:00:00,3,1725,10
20263,2022-01-01 00:00:00,3,1710,10
20319,2022-01-01 00:00:00,35,980173,4096
20054,2022-01-01 00:00:00,6,9710,42
20986,2022-01-01 00:00:00,35,570003,2447
21616,2022-01-01 00:00:00,50,377940,1794
22630,2022-01-01 00:00:00,28,257968,1035
20396,2022-01-01 00:00:00,19,162103,728
20747,2022-01-01 00:00:00,14,149712,645
22926,2022-01-01 00:00:00,13,56940,254
20154,2022-01-01 00:00:00,14,43176,184
22791,2022-01-01 00:00:00,1,14300,65
23190,2022-01-01 00:00:00,6,3430,15
21423,2022-01-01 00:00:00,7,2470,11
16189,2022-01-01 00:00:00,52,142225,592
11237,2022-01-01 00:00:00,1,29850,117
22707,2023-01-01 00:00:00,22,235763,1076
13290,2023-01-01 00:00:00,2,460,2
24516,2023-01-01 00:00:00,59,23535997,97750
25092,2023-01-01 00:00:00,56,19631552,77891
23147,2023-01-01 00:00:00,12,139042,598
23589,2023-01-01 00:00:00,11,10012935,15553
22239,2023-01-01 00:00:00,10,153105,485
26037,2023-01-01 00:00:00,59,7731428,30682
24714,2023-01-01 00:00:00,53,7668235,31857
21763,2023-01-01 00:00:00,17,106733,458
25160,2023-01-01 00:00:00,53,7103028,27637
26045,2023-01-01 00:00:00,36,6500095,13187
23615,2023-01-01 00:00:00,27,6429930,27190
26405,2023-01-01 00:00:00,17,5957840,23957
25311,2023-01-01 00:00:00,43,5892709,24078
25179,2023-01-01 00:00:00,42,5329025,11106
25642,2023-01-01 00:00:00,7,4090195,8606
25407,2023-01-01 00:00:00,42,3327444,13579
23960,2023-01-01 00:00:00,47,3052133,12410
26219,2023-01-01 00:00:00,36,2544103,10548
23796,2023-01-01 00:00:00,28,2529756,10198
23248,2023-01-01 00:00:00,15,56715,252
26381,2023-01-01 00:00:00,17,2465643,9937
25736,2023-01-01 00:00:00,42,2421497,9876
25351,2023-01-01 00:00:00,28,2412650,5211
26026,2023-01-01 00:00:00,35,2404910,10228
25638,2023-01-01 00:00:00,40,2340275,9510
23216,2023-01-01 00:00:00,6,4020,18
25024,2023-01-01 00:00:00,32,2261209,9390
25803,2023-01-01 00:00:00,35,2252369,9523
25588,2023-01-01 00:00:00,36,2202138,9240
25322,2023-01-01 00:00:00,35,2188721,9047
23362,2023-01-01 00:00:00,19,325630,1372
23383,2023-01-01 00:00:00,26,1918039,8064
23214,2023-01-01 00:00:00,23,57005,240
26260,2023-01-01 00:00:00,31,1850710,7575
23486,2023-01-01 00:00:00,24,1814975,7673
25494,2023-01-01 00:00:00,42,1748526,6999
26353,2023-01-01 00:00:00,24,1717163,6939
26350,2023-01-01 00:00:00,11,1676900,3207
23549,2023-01-01 00:00:00,27,1590120,2892
23587,2023-01-01 00:00:00,59,1578998,7095
24206,2023-01-01 00:00:00,32,1529973,6480
25710,2023-01-01 00:00:00,26,1106953,4565
24037,2023-01-01 00:00:00,26,1065042,4683
23786,2023-01-01 00:00:00,32,992165,4188
23856,2023-01-01 00:00:00,19,975190,4179
25829,2023-01-01 00:00:00,28,917284,3900
23586,2023-01-01 00:00:00,19,874170,3698
18516,2023-01-01 00:00:00,3,35605,144
23390,2023-01-01 00:00:00,33,233347,1000
23547,2023-01-01 00:00:00,32,717105,3063
7777,2023-01-01 00:00:00,29,110077,492
25425,2023-01-01 00:00:00,37,623739,2405
23507,2023-01-01 00:00:00,21,598525,2557
23882,2023-01-01 00:00:00,8,582900,1241
25212,2023-01-01 00:00:00,37,576007,2551
23364,2023-01-01 00:00:00,19,116305,526
8031,2023-01-01 00:00:00,26,91698,414
23199,2023-01-01 00:00:00,23,16750,286
24201,2023-01-01 00:00:00,28,453930,1946
16076,2023-01-01 00:00:00,2,1000,5
25148,2023-01-01 00:00:00,32,349112,1489
26496,2023-01-01 00:00:00,3,348279,1420
8074,2023-01-01 00:00:00,23,66964,291
23508,2023-01-01 00:00:00,20,295198,1315
24639,2023-01-01 00:00:00,2,274375,592
19240,2023-01-01 00:00:00,28,244364,1001
25242,2023-01-01 00:00:00,22,198152,888
24640,2023-01-01 00:00:00,2,184200,399
23366,2023-01-01 00:00:00,14,164581,676
25268,2023-01-01 00:00:00,2,164025,351
24542,2023-01-01 00:00:00,17,123098,573
25167,2023-01-01 00:00:00,20,113615,504
25361,2023-01-01 00:00:00,21,108025,469
25318,2023-01-01 00:00:00,22,102090,460
23645,2023-01-01 00:00:00,20,90232,409
24842,2023-01-01 00:00:00,19,86847,390
24492,2023-01-01 00:00:00,21,71688,320
23146,2023-01-01 00:00:00,3,2220,9
24312,2023-01-01 00:00:00,13,58108,267
23474,2023-01-01 00:00:00,14,53524,236
25592,2023-01-01 00:00:00,14,51682,220
25535,2023-01-01 00:00:00,13,30906,144
26212,2023-01-01 00:00:00,15,184362,827
26127,2023-01-01 00:00:00,10,77613,357
26208,2023-01-01 00:00:00,14,83701,390
23887,2023-01-01 00:00:00,22,355169,1642
21265,2023-01-01 00:00:00,2,28110,113
18110,2023-01-01 00:00:00,2,390,2
22172,2023-01-01 00:00:00,19,8030,146
24552,2023-01-01 00:00:00,30,504417,2202
25631,2023-01-01 00:00:00,20,197382,897
23290,2023-01-01 00:00:00,18,161127,745
23511,2023-01-01 00:00:00,25,157060,748
23825,2023-01-01 00:00:00,13,129075,591
25771,2023-01-01 00:00:00,2,78320,347
25284,2023-01-01 00:00:00,21,78062,358
24010,2023-01-01 00:00:00,15,59486,272
23489,2023-01-01 00:00:00,9,33962,158
20204,2023-01-01 00:00:00,2,27360,137
26389,2023-01-01 00:00:00,2,18710,91
26345,2023-01-01 00:00:00,2,14680,73
22270,2023-01-01 00:00:00,19,8470,154
26362,2023-01-01 00:00:00,2,12240,63
25305,2023-01-01 00:00:00,41,332902,1541
24951,2023-01-01 00:00:00,15,104654,438
24351,2023-01-01 00:00:00,33,2272395,9139
23727,2023-01-01 00:00:00,56,1591869,6536
18356,2023-01-01 00:00:00,2,1570,7
24638,2023-01-01 00:00:00,25,532518,2514
24255,2023-01-01 00:00:00,29,513492,2314
25397,2023-01-01 00:00:00,20,259344,1192
24883,2023-01-01 00:00:00,17,215875,980
23487,2023-01-01 00:00:00,14,152548,709
25285,2023-01-01 00:00:00,17,126913,556
24927,2023-01-01 00:00:00,16,113996,551
25537,2023-01-01 00:00:00,15,95126,451
23345,2023-01-01 00:00:00,43,87685,448
24107,2023-01-01 00:00:00,14,78358,329
23946,2023-01-01 00:00:00,14,77430,314
23565,2023-01-01 00:00:00,26,466616,2207
25827,2023-01-01 00:00:00,25,244591,1013
26481,2023-01-01 00:00:00,10,105813,435
24729,2023-01-01 00:00:00,34,310709,1377
15271,2023-01-01 00:00:00,1,1215,7
21919,2023-01-01 00:00:00,2,1660,9
24786,2023-01-01 00:00:00,14,52101,213
23721,2023-01-01 00:00:00,20,1692718,6778
23888,2023-01-01 00:00:00,47,647823,2919
23516,2023-01-01 00:00:00,31,393197,1806
25163,2023-01-01 00:00:00,21,197492,972
21659,2023-01-01 00:00:00,4,660,3
24417,2023-01-01 00:00:00,26,973022,3863
24074,2023-01-01 00:00:00,22,653753,2622
25862,2023-01-01 00:00:00,16,56044,272
25360,2023-01-01 00:00:00,14,37200,183
24551,2023-01-01 00:00:00,18,636815,2603
18785,2023-01-01 00:00:00,1,3520,22
24105,2023-01-01 00:00:00,81,918886,4771
24348,2023-01-01 00:00:00,39,354810,1613
23221,2023-01-01 00:00:00,14,157636,735
26140,2023-01-01 00:00:00,34,87389802,345807
18318,2023-01-01 00:00:00,14,59635,253
25182,2023-01-01 00:00:00,44,1416085,6027
23605,2023-01-01 00:00:00,23,372810,1929
23640,2023-01-01 00:00:00,22,311050,1508
24061,2023-01-01 00:00:00,14,240274,971
25414,2023-01-01 00:00:00,21,92932,405
23604,2023-01-01 00:00:00,9,28630,139
23630,2023-01-01 00:00:00,7,18370,88
22198,2023-01-01 00:00:00,29,169593,1013
25359,2023-01-01 00:00:00,16,121438,576
25990,2023-01-01 00:00:00,11,71604,308
25630,2023-01-01 00:00:00,10,20614,92
24311,2023-01-01 00:00:00,77,15051397,60472
3142,2023-01-01 00:00:00,28,3866313,15680
26441,2023-01-01 00:00:00,10,3872713,15692
24733,2023-01-01 00:00:00,30,2744233,10843
24915,2023-01-01 00:00:00,31,1511090,6204
26126,2023-01-01 00:00:00,43,1061471,4437
24833,2023-01-01 00:00:00,28,1030698,4192
26022,2023-01-01 00:00:00,23,496907,2206
23576,2023-01-01 00:00:00,19,458246,1777
26501,2023-01-01 00:00:00,3,194022,802
24309,2023-01-01 00:00:00,14,102831,428
25777,2023-01-01 00:00:00,4,85409,362
24384,2023-01-01 00:00:00,24,79108,346
20365,2023-01-01 00:00:00,2,1900,9
21974,2023-01-01 00:00:00,2,410,2
24350,2023-01-01 00:00:00,27,315806,1454
24840,2023-01-01 00:00:00,17,227695,1024
26471,2023-01-01 00:00:00,2,9020977,35532
24981,2023-01-01 00:00:00,89,7949663,32978
23440,2023-01-01 00:00:00,71,6205454,26703
23688,2023-01-01 00:00:00,73,3681196,16292
21732,2023-01-01 00:00:00,2,3445,16
7331,2023-01-01 00:00:00,4,45365,190
20716,2023-01-01 00:00:00,2,6120,28
18149,2023-01-01 00:00:00,2,3940,18
26033,2023-01-01 00:00:00,27,2415794,10074
24730,2023-01-01 00:00:00,31,2367842,9839
23702,2023-01-01 00:00:00,71,1903566,8291
23635,2023-01-01 00:00:00,87,1450228,6208
22876,2023-01-01 00:00:00,34,215476,959
20565,2023-01-01 00:00:00,3,40580,241
20702,2023-01-01 00:00:00,2,2905,14
24731,2023-01-01 00:00:00,27,805950,3384
23391,2023-01-01 00:00:00,33,431362,1733
26077,2023-01-01 00:00:00,30,531737,2325
23964,2023-01-01 00:00:00,34,529322,2340
20741,2023-01-01 00:00:00,2,475,3
25150,2023-01-01 00:00:00,42,517213,2481
23927,2023-01-01 00:00:00,42,493647,2216
10916,2023-01-01 00:00:00,3,3840,18
26234,2023-01-01 00:00:00,37,404499,1648
22631,2023-01-01 00:00:00,5,18040,76
21801,2023-01-01 00:00:00,2,6415,33
23965,2023-01-01 00:00:00,31,256711,1083
23623,2023-01-01 00:00:00,6,197000,788
23317,2023-01-01 00:00:00,14,126382,553
23873,2023-01-01 00:00:00,32,191342,838
24595,2023-01-01 00:00:00,15,162178,679
23385,2023-01-01 00:00:00,18,152339,651
26510,2023-01-01 00:00:00,1,145965,300
23679,2023-01-01 00:00:00,5,140000,560
23339,2023-01-01 00:00:00,41,103859,455
23367,2023-01-01 00:00:00,13,81992,358
21812,2023-01-01 00:00:00,1,1020,5
23349,2023-01-01 00:00:00,13,68526,305
23439,2023-01-01 00:00:00,15,70487,320
25984,2023-01-01 00:00:00,21,46092,175
26034,2023-01-01 00:00:00,14,43595,193
26397,2023-01-01 00:00:00,10,11798,49
24916,2023-01-01 00:00:00,9,8690,36
24106,2023-01-01 00:00:00,59,15740576,65367
15965,2023-01-01 00:00:00,21,164258,567
25045,2023-01-01 00:00:00,70,7147023,28669
23548,2023-01-01 00:00:00,84,5365709,22399
16474,2023-01-01 00:00:00,29,247393,891
22525,2023-01-01 00:00:00,77,335955,1804
23665,2023-01-01 00:00:00,48,1454186,6150
25102,2023-01-01 00:00:00,39,1442697,6206
16906,2023-01-01 00:00:00,2,1230,8
17878,2023-01-01 00:00:00,3,10865,36
16101,2023-01-01 00:00:00,2,460,4
24703,2023-01-01 00:00:00,45,964442,4314
17916,2023-01-01 00:00:00,1,74880,246
22611,2023-01-01 00:00:00,16,109524,471
24717,2023-01-01 00:00:00,28,408100,1788
23342,2023-01-01 00:00:00,1,153800,213
24111,2023-01-01 00:00:00,3,363875,627
23320,2023-01-01 00:00:00,18,214804,959
15757,2023-01-01 00:00:00,6,143320,221
20445,2023-01-01 00:00:00,13,235630,448
15653,2023-01-01 00:00:00,7,127180,199
24716,2023-01-01 00:00:00,8,212600,325
25637,2023-01-01 00:00:00,21,186546,836
23207,2023-01-01 00:00:00,8,185960,275
23699,2023-01-01 00:00:00,21,166765,750
14021,2023-01-01 00:00:00,4,16342,56
25080,2023-01-01 00:00:00,7,142520,219
25773,2023-01-01 00:00:00,3,133740,202
23885,2023-01-01 00:00:00,14,91539,401
26265,2023-01-01 00:00:00,2,82160,123
24062,2023-01-01 00:00:00,17,76834,367
25046,2023-01-01 00:00:00,13,72265,333
26277,2023-01-01 00:00:00,2,69960,106
24940,2023-01-01 00:00:00,13,58103,292
24090,2023-01-01 00:00:00,19,54278,273
25188,2023-01-01 00:00:00,12,52890,264
25894,2023-01-01 00:00:00,2,50960,81
25893,2023-01-01 00:00:00,13,46001,204
26216,2023-01-01 00:00:00,12,33410,146
26148,2023-01-01 00:00:00,1,29260,133
24734,2023-01-01 00:00:00,1,24655,107
26361,2023-01-01 00:00:00,2,29600,150
23322,2023-01-01 00:00:00,160,320072117,930975
21117,2023-01-01 00:00:00,68,1108168,3264
24868,2023-01-01 00:00:00,155,436604877,1543936
24337,2023-01-01 00:00:00,143,355167929,1336923
23924,2023-01-01 00:00:00,160,295460684,1171686
23049,2023-01-01 00:00:00,82,1588384,8945
23894,2023-01-01 00:00:00,91,227143631,849294
24917,2023-01-01 00:00:00,143,223605638,714839
24938,2023-01-01 00:00:00,163,184069330,710825
24532,2023-01-01 00:00:00,136,150572665,577639
22676,2023-01-01 00:00:00,49,313615,3663
20810,2023-01-01 00:00:00,16,12360,114
24128,2023-01-01 00:00:00,129,145357025,552729
24540,2023-01-01 00:00:00,113,135385600,512747
26399,2023-01-01 00:00:00,12,134225031,489208
23646,2023-01-01 00:00:00,118,128296867,483047
25027,2023-01-01 00:00:00,113,120816915,455573
21777,2023-01-01 00:00:00,34,127830,1041
24499,2023-01-01 00:00:00,136,107572653,396587
24784,2023-01-01 00:00:00,165,100392930,404525
23736,2023-01-01 00:00:00,140,95188533,366815
26066,2023-01-01 00:00:00,54,91487752,349622
26269,2023-01-01 00:00:00,27,80905064,301326
20828,2023-01-01 00:00:00,79,6869853,25008
26218,2023-01-01 00:00:00,46,65986984,234785
25279,2023-01-01 00:00:00,95,65489599,256396
24998,2023-01-01 00:00:00,109,58408460,214130
25278,2023-01-01 00:00:00,78,54959680,207867
5887,2023-01-01 00:00:00,115,49400294,197181
24787,2023-01-01 00:00:00,120,48402769,177853
25460,2023-01-01 00:00:00,94,48029806,197045
23393,2023-01-01 00:00:00,77,44012812,175571
26210,2023-01-01 00:00:00,38,43794020,155500
23564,2023-01-01 00:00:00,43,41669072,170208
25524,2023-01-01 00:00:00,67,34525987,127546
25090,2023-01-01 00:00:00,101,32393156,126532
23772,2023-01-01 00:00:00,77,31023318,122651
26090,2023-01-01 00:00:00,35,30198563,56504
23590,2023-01-01 00:00:00,38,28590845,117237
25428,2023-01-01 00:00:00,54,27851392,110907
25408,2023-01-01 00:00:00,73,27236143,104850
25536,2023-01-01 00:00:00,57,25657399,101214
22373,2023-01-01 00:00:00,12,5335,97
24857,2023-01-01 00:00:00,81,25069520,100640
23144,2023-01-01 00:00:00,113,18942498,79294
25816,2023-01-01 00:00:00,70,19322417,66369
26318,2023-01-01 00:00:00,4,18879208,74077
616,2023-01-01 00:00:00,85,18688919,75880
22355,2023-01-01 00:00:00,32,52487,746
24064,2023-01-01 00:00:00,71,17050768,68641
22663,2023-01-01 00:00:00,59,705076,3415
25709,2023-01-01 00:00:00,59,14292313,55354
23647,2023-01-01 00:00:00,1,12956725,48717
21837,2023-01-01 00:00:00,12,7630,70
25892,2023-01-01 00:00:00,63,12069809,47624
25060,2023-01-01 00:00:00,92,11835385,47540
24097,2023-01-01 00:00:00,96,11746811,48868
23399,2023-01-01 00:00:00,109,11308817,48123
23889,2023-01-01 00:00:00,98,10924378,44358
23614,2023-01-01 00:00:00,94,10699271,43096
24286,2023-01-01 00:00:00,41,10392161,43948
25186,2023-01-01 00:00:00,46,10233773,42228
25429,2023-01-01 00:00:00,78,10128199,41637
21582,2023-01-01 00:00:00,11,33765,135
25933,2023-01-01 00:00:00,35,9871026,41658
24866,2023-01-01 00:00:00,109,9690917,39364
23517,2023-01-01 00:00:00,101,9657911,36725
23641,2023-01-01 00:00:00,14,9588418,26190
24414,2023-01-01 00:00:00,35,9363119,39945
23155,2023-01-01 00:00:00,54,207931,2026
23855,2023-01-01 00:00:00,96,8921710,37854
24416,2023-01-01 00:00:00,56,8808222,35439
25061,2023-01-01 00:00:00,49,8697784,36142
25044,2023-01-01 00:00:00,73,8309019,33046
16636,2023-01-01 00:00:00,12,578250,1646
7858,2023-01-01 00:00:00,1,17215,73
23959,2023-01-01 00:00:00,91,7452689,30665
16091,2023-01-01 00:00:00,12,743303,2093
23153,2023-01-01 00:00:00,43,124579,1093
23014,2023-01-01 00:00:00,57,7000018,29155
23138,2023-01-01 00:00:00,54,361857,2264
23629,2023-01-01 00:00:00,69,6712193,28225
26241,2023-01-01 00:00:00,32,6457287,26636
23794,2023-01-01 00:00:00,61,6000513,24793
23705,2023-01-01 00:00:00,67,5516345,22170
22530,2023-01-01 00:00:00,25,59512,648
24782,2023-01-01 00:00:00,65,5205615,21598
26278,2023-01-01 00:00:00,29,5018429,21573
18430,2023-01-01 00:00:00,2,525,4
24493,2023-01-01 00:00:00,72,4710727,19087
22195,2023-01-01 00:00:00,12,7267,63
26075,2023-01-01 00:00:00,42,4446212,18139
22652,2023-01-01 00:00:00,19,8745,159
22924,2023-01-01 00:00:00,55,127305,1102
25493,2023-01-01 00:00:00,72,3879335,16001
23321,2023-01-01 00:00:00,62,2367237,10778
22476,2023-01-01 00:00:00,20,22800,307
24597,2023-01-01 00:00:00,52,3734103,15065
22242,2023-01-01 00:00:00,12,4340,37
23588,2023-01-01 00:00:00,49,3435888,14476
23400,2023-01-01 00:00:00,79,3405866,14134
26513,2023-01-01 00:00:00,3,3278636,12703
23426,2023-01-01 00:00:00,31,3218465,13758
24496,2023-01-01 00:00:00,35,3201144,13361
22649,2023-01-01 00:00:00,70,3025647,13017
26229,2023-01-01 00:00:00,38,2728956,11358
26305,2023-01-01 00:00:00,25,2679846,10975
23613,2023-01-01 00:00:00,56,2571002,11420
24189,2023-01-01 00:00:00,28,2367420,10432
25800,2023-01-01 00:00:00,27,2328879,9483
24467,2023-01-01 00:00:00,52,2287853,10103
23711,2023-01-01 00:00:00,22,2201229,9735
26450,2023-01-01 00:00:00,8,2086473,3950
24870,2023-01-01 00:00:00,21,1786263,7104
23536,2023-01-01 00:00:00,63,1781034,7438
24970,2023-01-01 00:00:00,20,1694840,7036
25393,2023-01-01 00:00:00,24,1675820,7436
24046,2023-01-01 00:00:00,37,1653627,6186
25141,2023-01-01 00:00:00,42,1518954,6162
23651,2023-01-01 00:00:00,20,1483770,6009
23084,2023-01-01 00:00:00,20,9845,179
25211,2023-01-01 00:00:00,41,1321079,4948
26192,2023-01-01 00:00:00,34,1157213,4780
22709,2023-01-01 00:00:00,53,1034087,4998
24637,2023-01-01 00:00:00,27,1018738,4475
25985,2023-01-01 00:00:00,27,983747,4304
26267,2023-01-01 00:00:00,27,946303,4134
25349,2023-01-01 00:00:00,42,895691,3700
24252,2023-01-01 00:00:00,23,848374,3529
6252,2023-01-01 00:00:00,3,83555,364
25340,2023-01-01 00:00:00,35,770320,3187
23311,2023-01-01 00:00:00,75,357960,2040
26339,2023-01-01 00:00:00,10,673228,2944
23284,2023-01-01 00:00:00,42,667279,2871
23771,2023-01-01 00:00:00,18,515189,2162
23752,2023-01-01 00:00:00,28,511363,2236
24259,2023-01-01 00:00:00,73,442112,2370
23687,2023-01-01 00:00:00,26,421806,1890
26038,2023-01-01 00:00:00,29,412375,1795
23861,2023-01-01 00:00:00,29,387720,1827
23661,2023-01-01 00:00:00,20,309112,1307
22678,2023-01-01 00:00:00,21,298261,1350
23947,2023-01-01 00:00:00,27,294758,1317
9159,2023-01-01 00:00:00,21,121888,521
24034,2023-01-01 00:00:00,24,230224,933
25321,2023-01-01 00:00:00,58,226218,1505
25178,2023-01-01 00:00:00,28,224694,913
24662,2023-01-01 00:00:00,20,220551,954
23713,2023-01-01 00:00:00,24,210402,856
23787,2023-01-01 00:00:00,23,179200,750
25772,2023-01-01 00:00:00,24,142656,645
23839,2023-01-01 00:00:00,7,139400,210
23234,2023-01-01 00:00:00,9,139030,208
25993,2023-01-01 00:00:00,19,130633,541
23437,2023-01-01 00:00:00,14,129485,619
23572,2023-01-01 00:00:00,1,127675,272
23415,2023-01-01 00:00:00,13,121219,528
26213,2023-01-01 00:00:00,15,118765,453
23797,2023-01-01 00:00:00,8,87880,139
25729,2023-01-01 00:00:00,20,87160,360
8985,2023-01-01 00:00:00,3,39600,197
24881,2023-01-01 00:00:00,15,75576,354
25086,2023-01-01 00:00:00,17,73302,307
24841,2023-01-01 00:00:00,14,70826,340
25801,2023-01-01 00:00:00,22,69172,288
25187,2023-01-01 00:00:00,15,65903,285
26324,2023-01-01 00:00:00,16,61721,263
24661,2023-01-01 00:00:00,18,60951,262
20138,2023-01-01 00:00:00,19,59661,269
25070,2023-01-01 00:00:00,9,51774,238
23892,2023-01-01 00:00:00,14,47981,205
24377,2023-01-01 00:00:00,14,47782,219
23652,2023-01-01 00:00:00,15,46019,204
21035,2023-01-01 00:00:00,11,2680,22
25175,2023-01-01 00:00:00,1,37210,131
21038,2023-01-01 00:00:00,13,2640,21
21040,2023-01-01 00:00:00,12,3720,33
21039,2023-01-01 00:00:00,10,1675,20
21041,2023-01-01 00:00:00,11,2280,20
21036,2023-01-01 00:00:00,11,2360,21
23288,2023-01-01 00:00:00,16,5240,46
21037,2023-01-01 00:00:00,11,1440,13
23287,2023-01-01 00:00:00,19,2595,30
24256,2023-01-01 00:00:00,14,78315,367
1691,2023-01-01 00:00:00,5,28385,114
25040,2023-01-01 00:00:00,67,2676029,12081
24880,2023-01-01 00:00:00,38,2197414,9523
23704,2023-01-01 00:00:00,64,2156432,9284
25344,2023-01-01 00:00:00,37,1131494,4723
23838,2023-01-01 00:00:00,31,747802,3562
23462,2023-01-01 00:00:00,25,281075,1378
22524,2023-01-01 00:00:00,33,85188,712
18826,2023-01-01 00:00:00,3,2770,15
20457,2023-01-01 00:00:00,8,1700,7
24253,2023-01-01 00:00:00,17,148229,681
25343,2023-01-01 00:00:00,4,36870,189
24490,2023-01-01 00:00:00,3,28770,172
15103,2023-01-01 00:00:00,2,36930,154
26257,2023-01-01 00:00:00,4,3049079,12027
6210,2023-01-01 00:00:00,2,53560,227
23376,2023-01-01 00:00:00,49,996449,4281
21995,2023-01-01 00:00:00,22,27264,176
2813,2023-01-01 00:00:00,4,1290,6
24073,2023-01-01 00:00:00,25,882812,3814
25764,2023-01-01 00:00:00,43,820718,3525
23859,2023-01-01 00:00:00,37,804070,3390
2815,2023-01-01 00:00:00,2,280,1
2814,2023-01-01 00:00:00,3,1186,6
24284,2023-01-01 00:00:00,83,667730,3495
5183,2023-01-01 00:00:00,1,37900,161
17412,2023-01-01 00:00:00,2,870,4
23550,2023-01-01 00:00:00,24,604006,2529
20943,2023-01-01 00:00:00,1,3845,20
24095,2023-01-01 00:00:00,70,466353,2162
23837,2023-01-01 00:00:00,32,409399,1898
23712,2023-01-01 00:00:00,25,359700,1225
25828,2023-01-01 00:00:00,14,357516,1544
23375,2023-01-01 00:00:00,25,265791,1211
7310,2023-01-01 00:00:00,1,4470,19
24117,2023-01-01 00:00:00,51,342246,1774
23933,2023-01-01 00:00:00,25,330024,1569
25413,2023-01-01 00:00:00,26,319322,1476
15218,2023-01-01 00:00:00,3,4917,16
24522,2023-01-01 00:00:00,30,305589,1363
25461,2023-01-01 00:00:00,28,263531,1251
23827,2023-01-01 00:00:00,22,237766,1036
2224,2023-01-01 00:00:00,3,16960,78
23420,2023-01-01 00:00:00,21,229361,1010
25042,2023-01-01 00:00:00,24,224071,983
23945,2023-01-01 00:00:00,33,219153,1009
23872,2023-01-01 00:00:00,28,213948,944
26368,2023-01-01 00:00:00,17,202104,736
23666,2023-01-01 00:00:00,27,194642,910
25352,2023-01-01 00:00:00,26,189363,920
23857,2023-01-01 00:00:00,15,184785,834
24063,2023-01-01 00:00:00,31,183432,842
23546,2023-01-01 00:00:00,17,175261,831
23660,2023-01-01 00:00:00,22,168533,766
23265,2023-01-01 00:00:00,36,25230,249
26247,2023-01-01 00:00:00,14,156968,686
24573,2023-01-01 00:00:00,22,152161,716
25423,2023-01-01 00:00:00,22,145742,667
23792,2023-01-01 00:00:00,20,137147,660
23493,2023-01-01 00:00:00,19,129555,601
26382,2023-01-01 00:00:00,3,122779,529
22715,2023-01-01 00:00:00,16,113556,530
25983,2023-01-01 00:00:00,4,113468,488
20963,2023-01-01 00:00:00,2,590,3
25323,2023-01-01 00:00:00,17,105429,496
22740,2023-01-01 00:00:00,42,36199,550
25745,2023-01-01 00:00:00,10,100740,476
25118,2023-01-01 00:00:00,17,99248,415
23904,2023-01-01 00:00:00,18,97009,472
23785,2023-01-01 00:00:00,19,96847,469
26266,2023-01-01 00:00:00,10,92555,420
24313,2023-01-01 00:00:00,22,91035,447
23392,2023-01-01 00:00:00,8,81703,350
23932,2023-01-01 00:00:00,14,81517,379
24072,2023-01-01 00:00:00,12,78577,364
23285,2023-01-01 00:00:00,19,68284,281
24871,2023-01-01 00:00:00,10,50124,218
25246,2023-01-01 00:00:00,20,49536,230
4395,2023-01-01 00:00:00,4,47990,237
7634,2023-01-01 00:00:00,4,42300,207
25763,2023-01-01 00:00:00,18,39890,186
7635,2023-01-01 00:00:00,4,37780,189
24032,2023-01-01 00:00:00,3,33520,165
24488,2023-01-01 00:00:00,3,32620,188
25342,2023-01-01 00:00:00,3,28350,142
19736,2023-01-01 00:00:00,2,27340,160
24485,2023-01-01 00:00:00,2,26420,159
24484,2023-01-01 00:00:00,2,26300,140
24486,2023-01-01 00:00:00,2,25380,150
26367,2023-01-01 00:00:00,3,18920,96
24483,2023-01-01 00:00:00,2,18360,108
23897,2023-01-01 00:00:00,9,15800,84
23957,2023-01-01 00:00:00,2,7630,38
18751,2023-01-01 00:00:00,5,1460,7
18814,2023-01-01 00:00:00,2,1120,5
18815,2023-01-01 00:00:00,2,930,4
18848,2023-01-01 00:00:00,2,480,2
25591,2023-01-01 00:00:00,25,248866,1097
23858,2023-01-01 00:00:00,35,2271013,8996
24498,2023-01-01 00:00:00,21,704338,2833
25130,2023-01-01 00:00:00,21,356760,1575
23754,2023-01-01 00:00:00,23,315513,1527
26214,2023-01-01 00:00:00,24,277728,1218
23198,2023-01-01 00:00:00,14,44448,203
16868,2023-01-01 00:00:00,4,10176,35
26092,2023-01-01 00:00:00,17,101777,478
25101,2023-01-01 00:00:00,14,92552,380
26349,2023-01-01 00:00:00,17,92290,613
24213,2023-01-01 00:00:00,18,72528,330
24051,2023-01-01 00:00:00,20,68867,304
24859,2023-01-01 00:00:00,12,58069,286
23560,2023-01-01 00:00:00,14,48333,213
23188,2023-01-01 00:00:00,52,124456,1373
23828,2023-01-01 00:00:00,30,335456,1418
24494,2023-01-01 00:00:00,25,233822,1107
20903,2023-01-01 00:00:00,7,2340,13
26150,2023-01-01 00:00:00,32,8783295,35591
23338,2023-01-01 00:00:00,41,2671631,10942
24260,2023-01-01 00:00:00,40,2200671,9031
24867,2023-01-01 00:00:00,30,286660,1296
20728,2023-01-01 00:00:00,4,1920,9
21021,2023-01-01 00:00:00,4,1330,6
20804,2023-01-01 00:00:00,4,1340,6
20758,2023-01-01 00:00:00,4,950,4
21032,2023-01-01 00:00:00,3,670,3
23354,2023-01-01 00:00:00,20,174409,848
25177,2023-01-01 00:00:00,17,155183,729
24497,2023-01-01 00:00:00,21,153413,711
24515,2023-01-01 00:00:00,21,98120,464
24045,2023-01-01 00:00:00,18,97454,447
23488,2023-01-01 00:00:00,50,260774,1752
20740,2023-01-01 00:00:00,2,81600,390
23566,2023-01-01 00:00:00,45,933195,4293
24138,2023-01-01 00:00:00,45,896000,3924
25168,2023-01-01 00:00:00,33,215092,1005
23963,2023-01-01 00:00:00,53,166248,980
24349,2023-01-01 00:00:00,23,128132,565
23213,2023-01-01 00:00:00,5,97840,468
24474,2023-01-01 00:00:00,2,27560,162
26377,2023-01-01 00:00:00,10,16125,72
23352,2023-01-01 00:00:00,16,92365,434
24491,2023-01-01 00:00:00,3,41020,239
23463,2023-01-01 00:00:00,359,455688450,1792431
23742,2023-01-01 00:00:00,203,252513286,967571
24529,2023-01-01 00:00:00,147,183723188,717580
25730,2023-01-01 00:00:00,87,180187978,692570
21991,2023-01-01 00:00:00,1,162330,391
21383,2023-01-01 00:00:00,5,6380,116
23662,2023-01-01 00:00:00,64,66576885,264961
24939,2023-01-01 00:00:00,124,52922781,212075
24925,2023-01-01 00:00:00,91,42284847,175629
22751,2023-01-01 00:00:00,12,249097,973
23956,2023-01-01 00:00:00,111,24273333,96407
13730,2023-01-01 00:00:00,3,75860,334
23197,2023-01-01 00:00:00,52,2009704,7938
20610,2023-01-01 00:00:00,2,48160,198
24544,2023-01-01 00:00:00,130,16179333,62865
21718,2023-01-01 00:00:00,110,60655,233
23537,2023-01-01 00:00:00,81,15052564,62938
23365,2023-01-01 00:00:00,62,7072277,27373
23836,2023-01-01 00:00:00,98,14283171,57005
16264,2023-01-01 00:00:00,2,5335,25
23148,2023-01-01 00:00:00,45,806096,3256
22194,2023-01-01 00:00:00,12,9440,79
24969,2023-01-01 00:00:00,57,9819440,33840
16420,2023-01-01 00:00:00,1,19640,83
23473,2023-01-01 00:00:00,68,9480164,26587
14011,2023-01-01 00:00:00,2,288544,1409
14811,2023-01-01 00:00:00,1,6820,31
22878,2023-01-01 00:00:00,33,117844,391
26383,2023-01-01 00:00:00,17,7584023,26139
22962,2023-01-01 00:00:00,8,17779,75
22380,2023-01-01 00:00:00,12,15502,238
24431,2023-01-01 00:00:00,48,6057416,22149
25895,2023-01-01 00:00:00,18,5882489,22576
23783,2023-01-01 00:00:00,56,4798895,19470
23353,2023-01-01 00:00:00,234,4769583,19134
25400,2023-01-01 00:00:00,86,4577705,16847
26122,2023-01-01 00:00:00,51,3941026,15445
24914,2023-01-01 00:00:00,62,3874984,15581
23115,2023-01-01 00:00:00,34,1162887,4147
25350,2023-01-01 00:00:00,83,3634514,13643
24087,2023-01-01 00:00:00,71,3436014,13216
25776,2023-01-01 00:00:00,41,3401708,13792
24781,2023-01-01 00:00:00,34,3126265,12002
23638,2023-01-01 00:00:00,42,2878719,11514
23948,2023-01-01 00:00:00,51,2757677,10975
23637,2023-01-01 00:00:00,42,2725083,10871
8693,2023-01-01 00:00:00,23,161957,672
18297,2023-01-01 00:00:00,1,11100,51
24118,2023-01-01 00:00:00,113,2277406,9164
24575,2023-01-01 00:00:00,54,2254493,8632
25324,2023-01-01 00:00:00,42,2207010,8875
26242,2023-01-01 00:00:00,25,2009659,7998
24335,2023-01-01 00:00:00,64,1969703,6803
17242,2023-01-01 00:00:00,1,14000,80
23923,2023-01-01 00:00:00,46,1920757,7028
25398,2023-01-01 00:00:00,43,1902501,7707
25105,2023-01-01 00:00:00,27,1824350,7501
25341,2023-01-01 00:00:00,28,1775419,4688
25304,2023-01-01 00:00:00,36,1708254,4498
23363,2023-01-01 00:00:00,45,1373000,5649
24096,2023-01-01 00:00:00,35,1645554,5955
25815,2023-01-01 00:00:00,35,1611196,6521
25029,2023-01-01 00:00:00,40,1608220,6540
21941,2023-01-01 00:00:00,2,53550,223
23935,2023-01-01 00:00:00,32,1444853,6125
21790,2023-01-01 00:00:00,1,1150,4
23249,2023-01-01 00:00:00,15,117892,488
25934,2023-01-01 00:00:00,29,1289218,5014
24308,2023-01-01 00:00:00,48,1265709,5258
23663,2023-01-01 00:00:00,52,1263047,5270
23962,2023-01-01 00:00:00,28,1244191,4987
25412,2023-01-01 00:00:00,58,1220773,5125
22408,2023-01-01 00:00:00,1,1150,4
18319,2023-01-01 00:00:00,22,74910,309
22167,2023-01-01 00:00:00,1,1150,4
24372,2023-01-01 00:00:00,43,1081911,4505
24317,2023-01-01 00:00:00,41,1029700,4498
24033,2023-01-01 00:00:00,27,1016017,4501
19242,2023-01-01 00:00:00,1,6820,31
22511,2023-01-01 00:00:00,2,575,3
25117,2023-01-01 00:00:00,24,848428,3698
23384,2023-01-01 00:00:00,24,513765,2124
25245,2023-01-01 00:00:00,31,789188,3171
25267,2023-01-01 00:00:00,28,748402,3205
23341,2023-01-01 00:00:00,36,702568,3193
20374,2023-01-01 00:00:00,22,82080,340
25761,2023-01-01 00:00:00,21,660352,2687
24089,2023-01-01 00:00:00,29,658101,2597
25072,2023-01-01 00:00:00,25,654363,2788
24835,2023-01-01 00:00:00,33,652290,2914
23401,2023-01-01 00:00:00,32,382620,1602
24715,2023-01-01 00:00:00,21,608772,2480
26313,2023-01-01 00:00:00,10,602588,2586
21992,2023-01-01 00:00:00,3,599405,1751
26454,2023-01-01 00:00:00,10,594479,2440
20047,2023-01-01 00:00:00,1,9600,48
26478,2023-01-01 00:00:00,6,563229,2400
24341,2023-01-01 00:00:00,29,561503,2421
24212,2023-01-01 00:00:00,19,543802,2333
26253,2023-01-01 00:00:00,21,536607,2089
24913,2023-01-01 00:00:00,37,519200,2267
25320,2023-01-01 00:00:00,77,491000,2179
21929,2023-01-01 00:00:00,14,10274,87
23041,2023-01-01 00:00:00,10,62720,294
23040,2023-01-01 00:00:00,11,49670,237
24112,2023-01-01 00:00:00,63,451060,2196
24789,2023-01-01 00:00:00,14,440076,1814
18705,2023-01-01 00:00:00,14,93480,410
25039,2023-01-01 00:00:00,46,434759,1949
8749,2023-01-01 00:00:00,14,33800,145
22801,2023-01-01 00:00:00,1,1840,8
26227,2023-01-01 00:00:00,24,416240,1796
24050,2023-01-01 00:00:00,19,407801,1728
26226,2023-01-01 00:00:00,24,401824,1734
24086,2023-01-01 00:00:00,37,398633,1651
23224,2023-01-01 00:00:00,27,388633,1831
23438,2023-01-01 00:00:00,42,384313,1709
23603,2023-01-01 00:00:00,49,380622,1710
8878,2023-01-01 00:00:00,4,17280,76
24468,2023-01-01 00:00:00,21,370832,1557
23700,2023-01-01 00:00:00,25,369397,1543
25079,2023-01-01 00:00:00,24,368106,1481
25106,2023-01-01 00:00:00,18,365601,1434
18637,2023-01-01 00:00:00,1,6820,31
26139,2023-01-01 00:00:00,12,308660,1238
26279,2023-01-01 00:00:00,31,296445,1304
8747,2023-01-01 00:00:00,4,17210,77
25317,2023-01-01 00:00:00,19,292278,1332
24972,2023-01-01 00:00:00,14,275068,1080
8873,2023-01-01 00:00:00,4,10680,47
26398,2023-01-01 00:00:00,10,264166,1113
24954,2023-01-01 00:00:00,23,256868,1148
25078,2023-01-01 00:00:00,14,251921,983
25632,2023-01-01 00:00:00,28,251270,1111
23416,2023-01-01 00:00:00,31,194612,867
23192,2023-01-01 00:00:00,8,39465,167
25131,2023-01-01 00:00:00,22,247388,1141
25059,2023-01-01 00:00:00,28,247115,1118
25023,2023-01-01 00:00:00,14,235727,899
26515,2023-01-01 00:00:00,1,226500,379
23826,2023-01-01 00:00:00,24,220194,988
25043,2023-01-01 00:00:00,13,218546,859
24728,2023-01-01 00:00:00,15,216424,976
25129,2023-01-01 00:00:00,26,214263,958
23492,2023-01-01 00:00:00,21,213260,865
25127,2023-01-01 00:00:00,21,193946,780
25062,2023-01-01 00:00:00,14,186834,850
25071,2023-01-01 00:00:00,23,180715,812
23114,2023-01-01 00:00:00,2,61530,114
24753,2023-01-01 00:00:00,35,175752,806
23264,2023-01-01 00:00:00,10,31935,146
24109,2023-01-01 00:00:00,23,171322,784
25011,2023-01-01 00:00:00,14,169777,681
24876,2023-01-01 00:00:00,19,168001,699
25041,2023-01-01 00:00:00,14,164302,727
23145,2023-01-01 00:00:00,17,155288,641
25243,2023-01-01 00:00:00,17,154119,652
23222,2023-01-01 00:00:00,22,110687,523
24514,2023-01-01 00:00:00,17,137482,637
25313,2023-01-01 00:00:00,19,136309,594
25241,2023-01-01 00:00:00,19,135554,548
23554,2023-01-01 00:00:00,15,132042,631
23602,2023-01-01 00:00:00,2,120380,208
24834,2023-01-01 00:00:00,14,115551,514
5513,2023-01-01 00:00:00,3,42120,239
23312,2023-01-01 00:00:00,14,111808,489
23235,2023-01-01 00:00:00,13,95579,441
24060,2023-01-01 00:00:00,16,93734,427
23262,2023-01-01 00:00:00,12,20700,106
24992,2023-01-01 00:00:00,9,86835,413
25176,2023-01-01 00:00:00,14,82592,344
23123,2023-01-01 00:00:00,8,78610,366
24108,2023-01-01 00:00:00,20,70347,304
24993,2023-01-01 00:00:00,7,66860,324
23639,2023-01-01 00:00:00,18,63966,308
24994,2023-01-01 00:00:00,11,62745,300
23121,2023-01-01 00:00:00,14,59851,255
25099,2023-01-01 00:00:00,6,54400,270
26193,2023-01-01 00:00:00,14,54292,220
24432,2023-01-01 00:00:00,12,51950,232
24418,2023-01-01 00:00:00,16,51831,237
26360,2023-01-01 00:00:00,3,48040,239
26359,2023-01-01 00:00:00,3,46440,231
24991,2023-01-01 00:00:00,5,45650,226
25100,2023-01-01 00:00:00,7,45595,225
14475,2023-01-01 00:00:00,3,41730,240
24755,2023-01-01 00:00:00,13,38610,165
26492,2023-01-01 00:00:00,1,38600,65
26545,2023-01-01 00:00:00,1,38300,64
26364,2023-01-01 00:00:00,3,36080,180
24200,2023-01-01 00:00:00,17,35883,166
26365,2023-01-01 00:00:00,3,35280,172
25244,2023-01-01 00:00:00,3,35000,68
24996,2023-01-01 00:00:00,3,31960,159
24995,2023-01-01 00:00:00,3,31300,154
26363,2023-01-01 00:00:00,3,29760,147
23784,2023-01-01 00:00:00,14,28852,125
24310,2023-01-01 00:00:00,13,28366,126
24480,2023-01-01 00:00:00,2,28160,160
24479,2023-01-01 00:00:00,2,27460,160
24482,2023-01-01 00:00:00,2,27410,156
24481,2023-01-01 00:00:00,2,27340,158
26366,2023-01-01 00:00:00,3,26000,127
24478,2023-01-01 00:00:00,2,23940,137
24477,2023-01-01 00:00:00,2,19980,119
26352,2023-01-01 00:00:00,10,16318,80
24999,2023-01-01 00:00:00,7,7536,34
24754,2023-01-01 00:00:00,1,6820,31
24094,2023-01-01 00:00:00,33,305966,1423
24088,2023-01-01 00:00:00,16,73260,348
23193,2023-01-01 00:00:00,26,227262,1007
18107,2023-01-01 00:00:00,2,3470,17
26121,2023-01-01 00:00:00,14,44447,218
23535,2023-01-01 00:00:00,172,363843645,1474856
23355,2023-01-01 00:00:00,95,105751942,427787
25104,2023-01-01 00:00:00,115,80854432,325936
24818,2023-01-01 00:00:00,125,70644893,286867
25590,2023-01-01 00:00:00,87,46646342,184472
25306,2023-01-01 00:00:00,83,41981342,166250
22531,2023-01-01 00:00:00,60,2379914,10774
23843,2023-01-01 00:00:00,126,39566545,169123
25116,2023-01-01 00:00:00,84,39064451,158410
23409,2023-01-01 00:00:00,80,38852363,166144
24035,2023-01-01 00:00:00,80,36238319,147587
24066,2023-01-01 00:00:00,111,32416747,129740
25994,2023-01-01 00:00:00,63,26035569,104690
23506,2023-01-01 00:00:00,87,24082922,102185
25586,2023-01-01 00:00:00,71,18574182,74828
24014,2023-01-01 00:00:00,98,17328145,73320
24663,2023-01-01 00:00:00,96,16857980,68743
14895,2023-01-01 00:00:00,94,16514987,66381
22671,2023-01-01 00:00:00,29,41594,545
22659,2023-01-01 00:00:00,46,40593,548
23671,2023-01-01 00:00:00,123,15465978,68609
23408,2023-01-01 00:00:00,59,14272252,59947
25063,2023-01-01 00:00:00,55,13578533,56142
21785,2023-01-01 00:00:00,34,49524,325
25149,2023-01-01 00:00:00,74,13382251,55296
23419,2023-01-01 00:00:00,117,13204559,58152
23926,2023-01-01 00:00:00,51,12567621,53488
16901,2023-01-01 00:00:00,11,43201,194
25422,2023-01-01 00:00:00,26,11060980,44992
20921,2023-01-01 00:00:00,1,7220,33
25222,2023-01-01 00:00:00,85,8686644,35721
23394,2023-01-01 00:00:00,47,7905840,32831
26076,2023-01-01 00:00:00,29,7875245,33247
22082,2023-01-01 00:00:00,19,12225,175
24370,2023-01-01 00:00:00,89,6585723,28039
25335,2023-01-01 00:00:00,80,6050062,25392
21165,2023-01-01 00:00:00,34,502762,2100
20817,2023-01-01 00:00:00,5,7470,31
22268,2023-01-01 00:00:00,14,8970,74
21119,2023-01-01 00:00:00,34,72960,605
23831,2023-01-01 00:00:00,43,3264579,14081
23961,2023-01-01 00:00:00,59,2832792,11622
24054,2023-01-01 00:00:00,84,2824196,11909
23795,2023-01-01 00:00:00,59,2754388,13122
24023,2023-01-01 00:00:00,73,2693257,11832
25818,2023-01-01 00:00:00,43,1923931,8513
23729,2023-01-01 00:00:00,69,1892752,8183
18550,2023-01-01 00:00:00,31,1789668,7969
20176,2023-01-01 00:00:00,1,13200,60
24239,2023-01-01 00:00:00,44,1733633,6948
15447,2023-01-01 00:00:00,58,1713104,7520
20052,2023-01-01 00:00:00,1,17160,78
21174,2023-01-01 00:00:00,1,6000,30
21825,2023-01-01 00:00:00,14,5640,48
25334,2023-01-01 00:00:00,62,1309263,5799
23139,2023-01-01 00:00:00,38,860527,3698
25728,2023-01-01 00:00:00,43,1144779,4707
24009,2023-01-01 00:00:00,37,1081289,4746
18424,2023-01-01 00:00:00,16,30561,193
24053,2023-01-01 00:00:00,24,958177,4312
22673,2023-01-01 00:00:00,38,631274,2783
25103,2023-01-01 00:00:00,45,803515,3816
23611,2023-01-01 00:00:00,35,699601,2890
24257,2023-01-01 00:00:00,21,668222,2854
26220,2023-01-01 00:00:00,5,656720,2804
25312,2023-01-01 00:00:00,18,546226,2379
21373,2023-01-01 00:00:00,18,442300,1939
21200,2023-01-01 00:00:00,8,74985,330
23835,2023-01-01 00:00:00,14,422880,1852
25897,2023-01-01 00:00:00,17,413650,1879
24036,2023-01-01 00:00:00,25,399180,2699
24012,2023-01-01 00:00:00,23,359215,2448
24011,2023-01-01 00:00:00,25,351720,2399
22475,2023-01-01 00:00:00,4,79540,327
24013,2023-01-01 00:00:00,22,343195,2348
24044,2023-01-01 00:00:00,25,342820,2344
24059,2023-01-01 00:00:00,26,337620,2119
21839,2023-01-01 00:00:00,23,335766,1499
21690,2023-01-01 00:00:00,81,31270,196
22710,2023-01-01 00:00:00,1,32560,140
13900,2023-01-01 00:00:00,10,132740,573
21171,2023-01-01 00:00:00,2,10220,40
25737,2023-01-01 00:00:00,15,119020,541
24214,2023-01-01 00:00:00,2,78430,341
23934,2023-01-01 00:00:00,2,64900,295
25587,2023-01-01 00:00:00,2,37600,140
24752,2023-01-01 00:00:00,1,30000,129
12236,2023-01-01 00:00:00,1,2340,11
15876,2023-01-01 00:00:00,1,19800,90
22615,2023-01-01 00:00:00,2,14145,96
22613,2023-01-01 00:00:00,2,13350,90
22687,2023-01-01 00:00:00,2,10875,74
22614,2023-01-01 00:00:00,2,9385,64
26511,2023-01-01 00:00:00,2,5645,28
12575,2023-01-01 00:00:00,1,2150,10
16612,2023-01-01 00:00:00,2,38920,162
20319,2023-01-01 00:00:00,2,4104,14
24277,2023-01-01 00:00:00,29,839385,3515
23465,2023-01-01 00:00:00,44,416781,1798
25213,2023-01-01 00:00:00,21,173425,642
25415,2023-01-01 00:00:00,23,164691,684
24240,2023-01-01 00:00:00,4,156730,691
26428,2023-01-01 00:00:00,17,139758,606
24221,2023-01-01 00:00:00,40,138288,850
24132,2023-01-01 00:00:00,9,10100,44
16189,2023-01-01 00:00:00,1,920,7
11237,2023-01-01 00:00:00,1,37420,146
23886,2023-01-01 00:00:00,48,252068,1455
29157,2024-01-01 00:00:00,15,150663,730
26856,2024-01-01 00:00:00,122,112241985,430468
19169,2024-01-01 00:00:00,8,1530,7
27237,2024-01-01 00:00:00,63,40263276,158538
28309,2024-01-01 00:00:00,40,33420810,53874
28784,2024-01-01 00:00:00,77,28451179,109512
27809,2024-01-01 00:00:00,104,16869399,68083
28112,2024-01-01 00:00:00,12,16542684,27032
28010,2024-01-01 00:00:00,48,12439948,49589
28349,2024-01-01 00:00:00,50,11942363,47924
28533,2024-01-01 00:00:00,8,8441235,15784
28477,2024-01-01 00:00:00,28,8413333,17967
26037,2024-01-01 00:00:00,9,6106,25
27053,2024-01-01 00:00:00,42,7408853,29806
26405,2024-01-01 00:00:00,53,778622,3150
28164,2024-01-01 00:00:00,43,6383731,25206
25179,2024-01-01 00:00:00,10,551970,1072
26696,2024-01-01 00:00:00,44,5505827,22391
20981,2024-01-01 00:00:00,7,2057425,3443
28929,2024-01-01 00:00:00,49,5012564,20987
27048,2024-01-01 00:00:00,16,3716680,6487
28479,2024-01-01 00:00:00,27,3529376,13696
27722,2024-01-01 00:00:00,21,3281820,13630
29439,2024-01-01 00:00:00,26,2931230,11094
29715,2024-01-01 00:00:00,5,2930490,6011
27606,2024-01-01 00:00:00,42,2765555,11207
27933,2024-01-01 00:00:00,28,2754000,11252
29406,2024-01-01 00:00:00,40,2734786,5891
26381,2024-01-01 00:00:00,25,170805,666
23796,2024-01-01 00:00:00,5,640,3
27222,2024-01-01 00:00:00,35,2514659,10124
29470,2024-01-01 00:00:00,28,2484470,10121
26661,2024-01-01 00:00:00,36,2432513,9933
25736,2024-01-01 00:00:00,3,985,5
29501,2024-01-01 00:00:00,30,2345325,4856
27236,2024-01-01 00:00:00,6,2283245,3853
29553,2024-01-01 00:00:00,15,2279574,4170
25588,2024-01-01 00:00:00,21,15840,88
29630,2024-01-01 00:00:00,19,2009629,8009
26562,2024-01-01 00:00:00,36,1942902,7943
28880,2024-01-01 00:00:00,3,1893170,3566
26260,2024-01-01 00:00:00,6,5015,20
29608,2024-01-01 00:00:00,6,1769870,2895
26353,2024-01-01 00:00:00,18,13535,56
14880,2024-01-01 00:00:00,1,0,0
24206,2024-01-01 00:00:00,5,10665,49
29235,2024-01-01 00:00:00,49,1509140,6016
19640,2024-01-01 00:00:00,1,560,2
27534,2024-01-01 00:00:00,41,1473829,5851
26786,2024-01-01 00:00:00,27,1467522,3077
28506,2024-01-01 00:00:00,19,1445399,5669
27876,2024-01-01 00:00:00,22,1302026,5486
26596,2024-01-01 00:00:00,27,1282539,5005
26776,2024-01-01 00:00:00,29,980493,4071
28918,2024-01-01 00:00:00,5,894535,1523
28490,2024-01-01 00:00:00,21,866719,3549
28047,2024-01-01 00:00:00,23,830905,3344
29099,2024-01-01 00:00:00,26,820847,3355
26950,2024-01-01 00:00:00,21,814643,3400
28384,2024-01-01 00:00:00,24,811860,1596
28638,2024-01-01 00:00:00,27,658671,2600
26496,2024-01-01 00:00:00,40,309775,1313
29007,2024-01-01 00:00:00,33,642920,2746
29249,2024-01-01 00:00:00,29,539463,2218
28760,2024-01-01 00:00:00,12,529989,2121
28475,2024-01-01 00:00:00,29,511992,2267
28086,2024-01-01 00:00:00,21,493071,2041
27417,2024-01-01 00:00:00,22,401982,1814
28271,2024-01-01 00:00:00,27,381382,1469
19243,2024-01-01 00:00:00,2,1540,9
26911,2024-01-01 00:00:00,19,257728,1037
28270,2024-01-01 00:00:00,27,192267,762
26509,2024-01-01 00:00:00,21,171443,670
26806,2024-01-01 00:00:00,30,165814,720
27763,2024-01-01 00:00:00,21,160649,716
29371,2024-01-01 00:00:00,18,118614,525
29656,2024-01-01 00:00:00,5,45715,94
26618,2024-01-01 00:00:00,15,27480,127
29085,2024-01-01 00:00:00,17,92664,385
27070,2024-01-01 00:00:00,28,5098398,21493
26127,2024-01-01 00:00:00,7,20355,91
25771,2024-01-01 00:00:00,154,10144183,41101
28000,2024-01-01 00:00:00,35,1123759,4640
18110,2024-01-01 00:00:00,4,1700,7
26705,2024-01-01 00:00:00,64,557794,2664
27821,2024-01-01 00:00:00,61,542487,2687
27833,2024-01-01 00:00:00,32,471261,2010
25861,2024-01-01 00:00:00,42,388043,1759
26477,2024-01-01 00:00:00,66,364893,1714
26571,2024-01-01 00:00:00,36,347769,1524
28526,2024-01-01 00:00:00,27,347519,1460
25631,2024-01-01 00:00:00,15,9260,74
23290,2024-01-01 00:00:00,4,0,0
26307,2024-01-01 00:00:00,23,121400,509
17414,2024-01-01 00:00:00,1,0,0
26427,2024-01-01 00:00:00,16,58269,273
27553,2024-01-01 00:00:00,1,13800,80
26956,2024-01-01 00:00:00,20,113817,527
28987,2024-01-01 00:00:00,14,85801,341
27552,2024-01-01 00:00:00,3,35290,215
27554,2024-01-01 00:00:00,2,27670,160
28456,2024-01-01 00:00:00,25,251719,1134
27233,2024-01-01 00:00:00,24,153850,701
29617,2024-01-01 00:00:00,3,28260,139
24351,2024-01-01 00:00:00,5,1410,5
26917,2024-01-01 00:00:00,51,577932,2797
24638,2024-01-01 00:00:00,1,570,3
27360,2024-01-01 00:00:00,37,451113,2023
27229,2024-01-01 00:00:00,40,392099,1799
28179,2024-01-01 00:00:00,29,370868,1732
27511,2024-01-01 00:00:00,42,308241,1466
28212,2024-01-01 00:00:00,28,306719,1386
26619,2024-01-01 00:00:00,24,304485,1418
25397,2024-01-01 00:00:00,1,18480,77
26730,2024-01-01 00:00:00,17,132700,575
26873,2024-01-01 00:00:00,21,98810,429
27548,2024-01-01 00:00:00,3,34030,203
26756,2024-01-01 00:00:00,28,583323,2390
26481,2024-01-01 00:00:00,18,9894,41
28674,2024-01-01 00:00:00,4,34930,176
28158,2024-01-01 00:00:00,38,177672,827
28302,2024-01-01 00:00:00,56,2637841,10929
28219,2024-01-01 00:00:00,96,2224643,9386
27047,2024-01-01 00:00:00,57,1181873,5444
23721,2024-01-01 00:00:00,4,0,0
23888,2024-01-01 00:00:00,1,11135,47
29155,2024-01-01 00:00:00,5,102280,462
29084,2024-01-01 00:00:00,15,37756,160
26803,2024-01-01 00:00:00,14,97336,440
27549,2024-01-01 00:00:00,3,16420,109
28829,2024-01-01 00:00:00,17,88603,383
28461,2024-01-01 00:00:00,50,10601784,41635
26817,2024-01-01 00:00:00,34,7582114,29905
27768,2024-01-01 00:00:00,44,7092408,28694
27030,2024-01-01 00:00:00,37,6773424,26925
27836,2024-01-01 00:00:00,43,5008699,20277
29718,2024-01-01 00:00:00,5,2538547,10147
29086,2024-01-01 00:00:00,14,215586,856
27989,2024-01-01 00:00:00,1,20230,106
25081,2024-01-01 00:00:00,1,22205,117
29011,2024-01-01 00:00:00,38,615969,2819
26140,2024-01-01 00:00:00,80,13824056,54437
25182,2024-01-01 00:00:00,42,109785,953
25990,2024-01-01 00:00:00,24,44140,214
26543,2024-01-01 00:00:00,109,24867620,96334
27654,2024-01-01 00:00:00,134,15423337,62345
29096,2024-01-01 00:00:00,62,13334188,51803
28569,2024-01-01 00:00:00,42,5793281,22585
28280,2024-01-01 00:00:00,64,5312751,20181
27521,2024-01-01 00:00:00,38,5279949,21162
26441,2024-01-01 00:00:00,32,1206477,5084
20265,2024-01-01 00:00:00,1,19800,90
27372,2024-01-01 00:00:00,35,2713192,10962
26990,2024-01-01 00:00:00,28,2681889,10431
28279,2024-01-01 00:00:00,30,2078675,8099
27784,2024-01-01 00:00:00,19,1662576,6638
29717,2024-01-01 00:00:00,5,1565411,6351
29428,2024-01-01 00:00:00,37,1563157,6016
26631,2024-01-01 00:00:00,64,1444516,6068
28301,2024-01-01 00:00:00,64,1240051,5044
28647,2024-01-01 00:00:00,28,1064248,4287
26647,2024-01-01 00:00:00,26,995634,4055
29610,2024-01-01 00:00:00,19,967784,3960
28269,2024-01-01 00:00:00,20,948310,3746
27736,2024-01-01 00:00:00,26,763048,3175
29063,2024-01-01 00:00:00,29,676051,2693
26501,2024-01-01 00:00:00,19,317416,1362
18137,2024-01-01 00:00:00,9,3060,14
28508,2024-01-01 00:00:00,28,458841,1804
20314,2024-01-01 00:00:00,4,33090,149
27108,2024-01-01 00:00:00,25,281395,1131
28485,2024-01-01 00:00:00,21,197219,729
25777,2024-01-01 00:00:00,28,70556,315
26752,2024-01-01 00:00:00,14,106497,433
20365,2024-01-01 00:00:00,1,9370,40
18053,2024-01-01 00:00:00,1,4160,26
28082,2024-01-01 00:00:00,34,241739,1208
27645,2024-01-01 00:00:00,21,169483,743
27550,2024-01-01 00:00:00,3,20900,132
27383,2024-01-01 00:00:00,142,48412719,187503
26471,2024-01-01 00:00:00,60,26153402,102202
26510,2024-01-01 00:00:00,137,33203870,133990
29190,2024-01-01 00:00:00,56,18415165,71900
29429,2024-01-01 00:00:00,39,16382112,63132
26612,2024-01-01 00:00:00,94,12547039,51785
29635,2024-01-01 00:00:00,10,9800171,39468
27822,2024-01-01 00:00:00,84,7290989,29497
27002,2024-01-01 00:00:00,44,4436704,17777
21732,2024-01-01 00:00:00,28,341700,1450
20716,2024-01-01 00:00:00,3,80525,336
26033,2024-01-01 00:00:00,88,508443,2196
18149,2024-01-01 00:00:00,2,41975,177
26743,2024-01-01 00:00:00,36,2078602,8216
23519,2024-01-01 00:00:00,37,1675709,6594
29012,2024-01-01 00:00:00,35,1613444,6491
28167,2024-01-01 00:00:00,24,1514225,5939
23635,2024-01-01 00:00:00,1,0,0
16139,2024-01-01 00:00:00,2,33765,147
22420,2024-01-01 00:00:00,2,0,0
26919,2024-01-01 00:00:00,46,982652,3701
28509,2024-01-01 00:00:00,49,965873,4103
17126,2024-01-01 00:00:00,2,17940,85
26077,2024-01-01 00:00:00,42,42455,506
19986,2024-01-01 00:00:00,2,345,2
26567,2024-01-01 00:00:00,58,525736,2563
26761,2024-01-01 00:00:00,26,503861,2142
26893,2024-01-01 00:00:00,24,387930,1625
26762,2024-01-01 00:00:00,34,325716,1448
23965,2024-01-01 00:00:00,1,0,0
26690,2024-01-01 00:00:00,30,237464,977
29466,2024-01-01 00:00:00,19,173336,761
26614,2024-01-01 00:00:00,21,138684,595
26764,2024-01-01 00:00:00,28,86327,374
18620,2024-01-01 00:00:00,3,82595,335
23439,2024-01-01 00:00:00,1,390,2
29672,2024-01-01 00:00:00,1,50500,202
27484,2024-01-01 00:00:00,8,48795,231
27506,2024-01-01 00:00:00,14,21256,82
26397,2024-01-01 00:00:00,11,806,3
18456,2024-01-01 00:00:00,1,28600,130
23548,2024-01-01 00:00:00,2,59505,247
26779,2024-01-01 00:00:00,57,3187111,12622
27764,2024-01-01 00:00:00,21,3146532,12949
28176,2024-01-01 00:00:00,50,2578563,10634
26883,2024-01-01 00:00:00,65,2317601,9557
28213,2024-01-01 00:00:00,68,1507138,6491
27512,2024-01-01 00:00:00,39,957038,4140
27446,2024-01-01 00:00:00,21,789454,3012
27437,2024-01-01 00:00:00,42,666695,2797
2858,2024-01-01 00:00:00,9,171077,524
27820,2024-01-01 00:00:00,23,512868,2031
27651,2024-01-01 00:00:00,12,448500,632
27813,2024-01-01 00:00:00,63,437831,2291
26804,2024-01-01 00:00:00,65,417482,1987
24717,2024-01-01 00:00:00,7,4055,15
28745,2024-01-01 00:00:00,34,366468,1518
26885,2024-01-01 00:00:00,35,348709,1484
25773,2024-01-01 00:00:00,8,210530,303
26750,2024-01-01 00:00:00,22,325502,1368
26265,2024-01-01 00:00:00,7,236160,345
26148,2024-01-01 00:00:00,23,286661,1311
27841,2024-01-01 00:00:00,9,315040,446
27998,2024-01-01 00:00:00,10,291600,413
26277,2024-01-01 00:00:00,7,219340,321
28917,2024-01-01 00:00:00,29,260047,932
27951,2024-01-01 00:00:00,13,241580,343
28108,2024-01-01 00:00:00,21,233927,1093
26320,2024-01-01 00:00:00,26,224895,1031
25894,2024-01-01 00:00:00,9,148020,224
28828,2024-01-01 00:00:00,15,165273,686
29574,2024-01-01 00:00:00,3,148250,250
24734,2024-01-01 00:00:00,11,94551,417
26932,2024-01-01 00:00:00,22,107457,492
27786,2024-01-01 00:00:00,10,64326,294
17581,2024-01-01 00:00:00,2,31910,160
26881,2024-01-01 00:00:00,9,16923,62
26882,2024-01-01 00:00:00,2,9200,33
18040,2024-01-01 00:00:00,3,7170,34
21117,2024-01-01 00:00:00,27,797635,2072
27655,2024-01-01 00:00:00,201,513568643,1925226
24868,2024-01-01 00:00:00,12,106160,281
14082,2024-01-01 00:00:00,7,699582,2004
28065,2024-01-01 00:00:00,146,301308249,1061117
23049,2024-01-01 00:00:00,1,0,0
26945,2024-01-01 00:00:00,162,246559764,883544
26768,2024-01-01 00:00:00,173,234156556,724827
24917,2024-01-01 00:00:00,94,1259835,4253
26399,2024-01-01 00:00:00,135,65537284,246122
24938,2024-01-01 00:00:00,15,89823,374
27834,2024-01-01 00:00:00,148,177602336,673636
19182,2024-01-01 00:00:00,9,2158501,5761
20810,2024-01-01 00:00:00,1,76820,334
28977,2024-01-01 00:00:00,70,124042094,447819
24499,2024-01-01 00:00:00,7,114917,425
28195,2024-01-01 00:00:00,119,105960162,357287
29376,2024-01-01 00:00:00,35,103382452,387625
26269,2024-01-01 00:00:00,146,21523820,84501
24784,2024-01-01 00:00:00,1,990,9
27384,2024-01-01 00:00:00,131,99571012,372434
26066,2024-01-01 00:00:00,60,300529,3243
27947,2024-01-01 00:00:00,126,87544478,305702
27607,2024-01-01 00:00:00,109,80694101,297157
28565,2024-01-01 00:00:00,76,78583170,274995
26218,2024-01-01 00:00:00,30,546033,1946
25279,2024-01-01 00:00:00,25,55992,689
29206,2024-01-01 00:00:00,49,59953851,217890
26581,2024-01-01 00:00:00,72,59578082,229374
24998,2024-01-01 00:00:00,19,52465,381
25278,2024-01-01 00:00:00,45,59746,560
27481,2024-01-01 00:00:00,107,54591514,192478
27870,2024-01-01 00:00:00,100,54282044,197871
28528,2024-01-01 00:00:00,83,53794767,205992
29401,2024-01-01 00:00:00,41,53420378,176557
26243,2024-01-01 00:00:00,164,53031688,200598
26318,2024-01-01 00:00:00,153,32025544,130150
29094,2024-01-01 00:00:00,55,49097081,183637
29594,2024-01-01 00:00:00,13,48611184,172459
17104,2024-01-01 00:00:00,27,38027989,99031
26968,2024-01-01 00:00:00,145,48360145,192678
25460,2024-01-01 00:00:00,53,281110,1344
28404,2024-01-01 00:00:00,69,45014156,169851
26678,2024-01-01 00:00:00,99,44762553,167158
26210,2024-01-01 00:00:00,73,653677,4533
27163,2024-01-01 00:00:00,99,40287225,148289
28393,2024-01-01 00:00:00,98,35333267,133487
25524,2024-01-01 00:00:00,26,161125,1452
26090,2024-01-01 00:00:00,17,1312850,2603
25408,2024-01-01 00:00:00,32,95082,1052
25536,2024-01-01 00:00:00,6,2620,12
28877,2024-01-01 00:00:00,73,22984537,85536
27343,2024-01-01 00:00:00,65,22573750,87538
26738,2024-01-01 00:00:00,106,21057728,79882
26338,2024-01-01 00:00:00,101,19747287,79489
25816,2024-01-01 00:00:00,63,293605,2356
27490,2024-01-01 00:00:00,76,17384263,70067
29584,2024-01-01 00:00:00,19,14461250,54377
25709,2024-01-01 00:00:00,11,4620,84
28109,2024-01-01 00:00:00,93,12573735,48890
28390,2024-01-01 00:00:00,76,12572466,45551
25892,2024-01-01 00:00:00,22,48634,554
27952,2024-01-01 00:00:00,64,11801688,44961
26759,2024-01-01 00:00:00,44,11644999,47720
28892,2024-01-01 00:00:00,49,11318711,42100
27387,2024-01-01 00:00:00,85,11187977,44140
29633,2024-01-01 00:00:00,5,10441992,39548
25429,2024-01-01 00:00:00,1,27300,130
26940,2024-01-01 00:00:00,83,10071783,41986
25933,2024-01-01 00:00:00,1,-1,-1
27045,2024-01-01 00:00:00,48,9555672,37924
25061,2024-01-01 00:00:00,34,40675,519
26513,2024-01-01 00:00:00,33,4164255,16432
26842,2024-01-01 00:00:00,57,7280331,30281
26241,2024-01-01 00:00:00,41,150036,821
27914,2024-01-01 00:00:00,69,6165449,24451
29087,2024-01-01 00:00:00,33,5427054,21766
26989,2024-01-01 00:00:00,87,5232071,20984
26565,2024-01-01 00:00:00,79,5221181,21042
26959,2024-01-01 00:00:00,35,5117637,20781
26926,2024-01-01 00:00:00,44,5035146,20710
26278,2024-01-01 00:00:00,6,1330,6
27155,2024-01-01 00:00:00,29,5014002,21348
28198,2024-01-01 00:00:00,33,5013413,20586
28403,2024-01-01 00:00:00,36,5009124,21133
24493,2024-01-01 00:00:00,14,7560,42
27153,2024-01-01 00:00:00,77,4679497,18662
27625,2024-01-01 00:00:00,51,4503067,18119
26075,2024-01-01 00:00:00,41,32005,416
27877,2024-01-01 00:00:00,81,4322466,17776
29083,2024-01-01 00:00:00,42,4108961,16113
29513,2024-01-01 00:00:00,33,3952987,15656
29526,2024-01-01 00:00:00,7,3933367,14423
25493,2024-01-01 00:00:00,11,6105,111
28197,2024-01-01 00:00:00,73,3865511,15423
27623,2024-01-01 00:00:00,40,3703245,14804
28839,2024-01-01 00:00:00,29,3693833,14151
16078,2024-01-01 00:00:00,41,1376687,5561
27173,2024-01-01 00:00:00,92,3266941,13146
28233,2024-01-01 00:00:00,56,3056276,12722
26229,2024-01-01 00:00:00,44,60426,714
26305,2024-01-01 00:00:00,19,63520,248
26508,2024-01-01 00:00:00,80,2689296,12528
28782,2024-01-01 00:00:00,27,2641648,10866
26716,2024-01-01 00:00:00,44,2346674,9580
24467,2024-01-01 00:00:00,1,9600,48
28738,2024-01-01 00:00:00,29,2282464,9249
25393,2024-01-01 00:00:00,27,382365,1710
27810,2024-01-01 00:00:00,21,1819003,7787
29082,2024-01-01 00:00:00,26,1804849,7324
27114,2024-01-01 00:00:00,57,1772623,7812
26775,2024-01-01 00:00:00,78,1653690,7564
27447,2024-01-01 00:00:00,21,1639339,7098
28534,2024-01-01 00:00:00,27,1607066,6602
22222,2024-01-01 00:00:00,12,133310,366
25141,2024-01-01 00:00:00,2,815,4
27522,2024-01-01 00:00:00,28,1467353,6174
28654,2024-01-01 00:00:00,28,1425780,6083
28919,2024-01-01 00:00:00,53,1329580,5419
25211,2024-01-01 00:00:00,1,5360,24
26687,2024-01-01 00:00:00,36,1296508,4651
26624,2024-01-01 00:00:00,40,1289814,5523
27172,2024-01-01 00:00:00,30,1257722,5120
28455,2024-01-01 00:00:00,21,1175907,4840
25985,2024-01-01 00:00:00,3,93070,377
26796,2024-01-01 00:00:00,63,946349,4280
29188,2024-01-01 00:00:00,35,847025,3590
28551,2024-01-01 00:00:00,22,814627,3338
26339,2024-01-01 00:00:00,38,139031,599
17496,2024-01-01 00:00:00,1,36480,155
23311,2024-01-01 00:00:00,1,830,4
17486,2024-01-01 00:00:00,1,27470,118
26836,2024-01-01 00:00:00,46,664693,3206
27946,2024-01-01 00:00:00,52,659054,2781
26625,2024-01-01 00:00:00,33,630041,2693
28083,2024-01-01 00:00:00,38,617006,2629
26805,2024-01-01 00:00:00,26,564933,2354
27546,2024-01-01 00:00:00,1,555525,1328
28527,2024-01-01 00:00:00,54,538910,2271
28827,2024-01-01 00:00:00,29,411653,1734
26958,2024-01-01 00:00:00,28,372035,1628
29166,2024-01-01 00:00:00,22,362284,1487
28928,2024-01-01 00:00:00,21,346637,1351
27840,2024-01-01 00:00:00,49,326069,1315
28214,2024-01-01 00:00:00,35,324024,1378
9159,2024-01-01 00:00:00,1,640,3
27001,2024-01-01 00:00:00,37,283941,1236
25321,2024-01-01 00:00:00,17,20620,153
27785,2024-01-01 00:00:00,16,217481,899
28783,2024-01-01 00:00:00,25,195330,819
23787,2024-01-01 00:00:00,8,2150,9
29065,2024-01-01 00:00:00,30,110891,468
20486,2024-01-01 00:00:00,1,6865,33
26324,2024-01-01 00:00:00,2,1345,7
28507,2024-01-01 00:00:00,14,59766,243
28761,2024-01-01 00:00:00,15,56486,259
26554,2024-01-01 00:00:00,15,56390,241
26777,2024-01-01 00:00:00,16,55984,238
21035,2024-01-01 00:00:00,2,600,5
21038,2024-01-01 00:00:00,2,720,6
29619,2024-01-01 00:00:00,2,26830,132
21040,2024-01-01 00:00:00,3,480,6
21039,2024-01-01 00:00:00,3,390,4
22118,2024-01-01 00:00:00,1,12905,58
29250,2024-01-01 00:00:00,1,11010,50
28626,2024-01-01 00:00:00,12,10870,51
21041,2024-01-01 00:00:00,3,120,1
28878,2024-01-01 00:00:00,13,8260,38
21036,2024-01-01 00:00:00,2,440,4
23288,2024-01-01 00:00:00,3,640,7
21037,2024-01-01 00:00:00,3,0,0
29525,2024-01-01 00:00:00,9,4470,22
23287,2024-01-01 00:00:00,3,0,0
27769,2024-01-01 00:00:00,21,1387374,5403
28639,2024-01-01 00:00:00,12,273280,1032
26387,2024-01-01 00:00:00,72,385685,2170
27932,2024-01-01 00:00:00,37,2869013,11610
28177,2024-01-01 00:00:00,33,799977,3446
26403,2024-01-01 00:00:00,34,775309,3439
26384,2024-01-01 00:00:00,21,81260,368
26760,2024-01-01 00:00:00,40,2042771,8037
27944,2024-01-01 00:00:00,23,301693,1429
24253,2024-01-01 00:00:00,41,59734,480
26691,2024-01-01 00:00:00,16,131897,604
27046,2024-01-01 00:00:00,18,130702,594
28669,2024-01-01 00:00:00,4,29740,151
27558,2024-01-01 00:00:00,1,13750,80
28671,2024-01-01 00:00:00,4,33850,174
28673,2024-01-01 00:00:00,4,28520,145
27555,2024-01-01 00:00:00,2,27780,160
27559,2024-01-01 00:00:00,3,18740,114
27556,2024-01-01 00:00:00,1,13280,80
29620,2024-01-01 00:00:00,3,28430,140
27560,2024-01-01 00:00:00,2,27800,160
3955,2024-01-01 00:00:00,3,57530,244
6581,2024-01-01 00:00:00,3,25860,133
26430,2024-01-01 00:00:00,312,16742228,66172
26257,2024-01-01 00:00:00,110,4986401,20866
26686,2024-01-01 00:00:00,133,5949489,23412
15103,2024-01-01 00:00:00,4,96025,405
26656,2024-01-01 00:00:00,45,1331631,5706
19894,2024-01-01 00:00:00,1,4375,20
21995,2024-01-01 00:00:00,1,3895,18
25764,2024-01-01 00:00:00,22,30937,206
27416,2024-01-01 00:00:00,29,632490,2767
29471,2024-01-01 00:00:00,30,563254,2475
25828,2024-01-01 00:00:00,36,133855,1338
29527,2024-01-01 00:00:00,19,465589,1986
28069,2024-01-01 00:00:00,24,431540,1890
27603,2024-01-01 00:00:00,28,373463,1679
26382,2024-01-01 00:00:00,31,232164,1048
26941,2024-01-01 00:00:00,49,276695,1283
28501,2024-01-01 00:00:00,28,273159,1118
18268,2024-01-01 00:00:00,1,6110,30
25461,2024-01-01 00:00:00,3,3865,20
26368,2024-01-01 00:00:00,18,62660,212
27964,2024-01-01 00:00:00,20,262084,1256
21866,2024-01-01 00:00:00,1,2475,11
23872,2024-01-01 00:00:00,1,3830,15
27483,2024-01-01 00:00:00,17,214661,1020
27492,2024-01-01 00:00:00,28,208284,1067
26692,2024-01-01 00:00:00,24,198594,916
25352,2024-01-01 00:00:00,1,5600,35
26967,2024-01-01 00:00:00,25,190753,905
25983,2024-01-01 00:00:00,29,70797,307
25323,2024-01-01 00:00:00,22,68970,567
27643,2024-01-01 00:00:00,15,156634,714
26351,2024-01-01 00:00:00,39,150020,702
29427,2024-01-01 00:00:00,22,143106,595
29593,2024-01-01 00:00:00,6,138917,630
27949,2024-01-01 00:00:00,18,137924,628
28503,2024-01-01 00:00:00,17,130683,604
28310,2024-01-01 00:00:00,20,129075,613
28776,2024-01-01 00:00:00,12,126883,548
20136,2024-01-01 00:00:00,3,0,0
26957,2024-01-01 00:00:00,32,112584,551
26266,2024-01-01 00:00:00,11,16860,75
29189,2024-01-01 00:00:00,23,106993,453
27463,2024-01-01 00:00:00,17,101213,487
26669,2024-01-01 00:00:00,11,79967,341
25763,2024-01-01 00:00:00,1,13640,62
26317,2024-01-01 00:00:00,15,46663,210
18898,2024-01-01 00:00:00,4,33845,163
18815,2024-01-01 00:00:00,4,32660,158
18848,2024-01-01 00:00:00,3,30240,145
18814,2024-01-01 00:00:00,5,25760,121
21399,2024-01-01 00:00:00,2,26060,155
19204,2024-01-01 00:00:00,2,19620,86
27156,2024-01-01 00:00:00,19,18296,77
29484,2024-01-01 00:00:00,1,12090,51
29481,2024-01-01 00:00:00,1,7425,34
18751,2024-01-01 00:00:00,4,1560,6
24254,2024-01-01 00:00:00,1,230,1
14845,2024-01-01 00:00:00,1,-1,-1
13268,2024-01-01 00:00:00,3,46270,238
27557,2024-01-01 00:00:00,2,26850,160
27770,2024-01-01 00:00:00,29,622893,2806
29605,2024-01-01 00:00:00,12,528074,2214
18169,2024-01-01 00:00:00,4,28765,137
26149,2024-01-01 00:00:00,21,241390,1007
29064,2024-01-01 00:00:00,21,188153,802
26794,2024-01-01 00:00:00,17,185440,851
16947,2024-01-01 00:00:00,2,575,3
16808,2024-01-01 00:00:00,7,23465,112
28045,2024-01-01 00:00:00,16,164932,794
18305,2024-01-01 00:00:00,4,17850,85
16990,2024-01-01 00:00:00,4,15050,74
25101,2024-01-01 00:00:00,14,12240,68
18538,2024-01-01 00:00:00,2,1080,5
26349,2024-01-01 00:00:00,4,2720,19
29563,2024-01-01 00:00:00,17,84665,413
24213,2024-01-01 00:00:00,4,0,0
26731,2024-01-01 00:00:00,14,38835,184
12431,2024-01-01 00:00:00,2,19340,117
27551,2024-01-01 00:00:00,3,18390,119
29093,2024-01-01 00:00:00,26,1135291,4744
29372,2024-01-01 00:00:00,5,265206,1213
29652,2024-01-01 00:00:00,5,27354,129
26150,2024-01-01 00:00:00,25,208892,827
23338,2024-01-01 00:00:00,4,2890,13
27547,2024-01-01 00:00:00,50,6807221,26652
27495,2024-01-01 00:00:00,53,6603291,26256
28653,2024-01-01 00:00:00,53,5717297,22649
27997,2024-01-01 00:00:00,20,854685,3267
27235,2024-01-01 00:00:00,50,430298,2318
26431,2024-01-01 00:00:00,35,90488,406
29616,2024-01-01 00:00:00,3,26490,123
29238,2024-01-01 00:00:00,29,284246,1327
25177,2024-01-01 00:00:00,14,67800,564
27633,2024-01-01 00:00:00,77,1445616,6306
20201,2024-01-01 00:00:00,1,210,1
24138,2024-01-01 00:00:00,4,1190,5
27647,2024-01-01 00:00:00,40,429724,1775
26763,2024-01-01 00:00:00,21,321168,1359
27485,2024-01-01 00:00:00,49,308772,1399
27735,2024-01-01 00:00:00,18,214867,879
26147,2024-01-01 00:00:00,31,139416,679
27891,2024-01-01 00:00:00,20,112544,487
27158,2024-01-01 00:00:00,27,112101,500
23463,2024-01-01 00:00:00,47,1279364,5088
27007,2024-01-01 00:00:00,220,268488738,935923
27668,2024-01-01 00:00:00,154,218901016,819606
25730,2024-01-01 00:00:00,138,2320492,8684
26572,2024-01-01 00:00:00,120,123251287,473051
28240,2024-01-01 00:00:00,125,69916042,277214
28046,2024-01-01 00:00:00,153,54354514,202405
26668,2024-01-01 00:00:00,84,48973878,185221
27950,2024-01-01 00:00:00,112,43216872,175688
24925,2024-01-01 00:00:00,2,19140,66
27959,2024-01-01 00:00:00,79,34780331,124914
26492,2024-01-01 00:00:00,107,33372457,129355
27054,2024-01-01 00:00:00,73,30334425,95297
26918,2024-01-01 00:00:00,89,30299998,118593
28491,2024-01-01 00:00:00,73,30252085,101254
23602,2024-01-01 00:00:00,123,25541901,99437
13730,2024-01-01 00:00:00,7,397966,1460
26666,2024-01-01 00:00:00,122,20040426,77277
16420,2024-01-01 00:00:00,79,10367220,37153
28478,2024-01-01 00:00:00,75,18086922,68716
20610,2024-01-01 00:00:00,16,277432,1010
24544,2024-01-01 00:00:00,1,72840,168
15670,2024-01-01 00:00:00,3,0,0
29097,2024-01-01 00:00:00,59,15940773,57037
9977,2024-01-01 00:00:00,16,191492,746
26927,2024-01-01 00:00:00,67,9673074,36122
26383,2024-01-01 00:00:00,58,2044004,7184
20279,2024-01-01 00:00:00,2,530,2
22878,2024-01-01 00:00:00,15,193207,755
26478,2024-01-01 00:00:00,89,8491319,35567
19787,2024-01-01 00:00:00,7,1111860,2185
27600,2024-01-01 00:00:00,116,8436686,32495
29645,2024-01-01 00:00:00,12,7733353,30352
26553,2024-01-01 00:00:00,137,7623684,29372
28087,2024-01-01 00:00:00,56,7216381,21077
29592,2024-01-01 00:00:00,20,6884860,24933
27965,2024-01-01 00:00:00,58,6643072,23749
25400,2024-01-01 00:00:00,62,1892341,6427
17129,2024-01-01 00:00:00,22,1775688,3623
27157,2024-01-01 00:00:00,45,5706038,22751
28735,2024-01-01 00:00:00,58,5525703,20062
19000,2024-01-01 00:00:00,38,2520665,5184
25350,2024-01-01 00:00:00,59,1555087,5305
17498,2024-01-01 00:00:00,4,67987,250
23783,2024-01-01 00:00:00,15,125914,499
28752,2024-01-01 00:00:00,32,4265619,11212
23115,2024-01-01 00:00:00,4,422975,1349
26741,2024-01-01 00:00:00,71,4115958,10980
28160,2024-01-01 00:00:00,59,4101454,16072
28564,2024-01-01 00:00:00,53,4026254,15481
26122,2024-01-01 00:00:00,2,3300,13
19687,2024-01-01 00:00:00,4,1170,5
3033,2024-01-01 00:00:00,12,547960,2103
27667,2024-01-01 00:00:00,53,3633392,14469
28111,2024-01-01 00:00:00,49,3571301,14121
26515,2024-01-01 00:00:00,52,2972079,11306
27734,2024-01-01 00:00:00,24,3068476,10643
28838,2024-01-01 00:00:00,44,2668145,10019
28826,2024-01-01 00:00:00,34,2662453,9985
25324,2024-01-01 00:00:00,9,431460,1660
26502,2024-01-01 00:00:00,58,2517226,10397
26630,2024-01-01 00:00:00,26,2508847,5551
28637,2024-01-01 00:00:00,42,2394280,9008
26697,2024-01-01 00:00:00,36,2242547,6709
29009,2024-01-01 00:00:00,41,2209744,8819
20535,2024-01-01 00:00:00,2,1295,7
26578,2024-01-01 00:00:00,44,2138161,8642
26242,2024-01-01 00:00:00,28,119532,477
28777,2024-01-01 00:00:00,34,2090680,8433
25398,2024-01-01 00:00:00,28,26690,163
28392,2024-01-01 00:00:00,40,1907772,7502
23363,2024-01-01 00:00:00,1,10920,41
26552,2024-01-01 00:00:00,56,1537011,6390
28063,2024-01-01 00:00:00,35,1480393,5821
27301,2024-01-01 00:00:00,68,1366149,5866
18774,2024-01-01 00:00:00,1,28600,130
25991,2024-01-01 00:00:00,49,1204682,4802
29564,2024-01-01 00:00:00,13,1196818,4354
26778,2024-01-01 00:00:00,74,1186240,5029
26313,2024-01-01 00:00:00,59,580382,2273
27938,2024-01-01 00:00:00,48,1126822,4265
29517,2024-01-01 00:00:00,27,1093864,4547
29643,2024-01-01 00:00:00,19,1066716,3733
20170,2024-01-01 00:00:00,4,67987,238
27501,2024-01-01 00:00:00,43,1016082,3699
27958,2024-01-01 00:00:00,37,942810,3507
29390,2024-01-01 00:00:00,26,933400,3735
28476,2024-01-01 00:00:00,48,929405,4014
28159,2024-01-01 00:00:00,22,926630,3478
19852,2024-01-01 00:00:00,8,4310,19
19510,2024-01-01 00:00:00,1,30130,131
28753,2024-01-01 00:00:00,38,910475,3671
28377,2024-01-01 00:00:00,34,887957,3568
27812,2024-01-01 00:00:00,21,876557,3482
28570,2024-01-01 00:00:00,41,873064,3502
25245,2024-01-01 00:00:00,1,74980,326
27648,2024-01-01 00:00:00,48,754668,3286
27666,2024-01-01 00:00:00,34,737972,2970
27375,2024-01-01 00:00:00,29,734428,2766
26454,2024-01-01 00:00:00,22,111961,455
28778,2024-01-01 00:00:00,19,704285,2981
25761,2024-01-01 00:00:00,42,33795,419
19094,2024-01-01 00:00:00,2,85860,354
24835,2024-01-01 00:00:00,4,2060,9
28378,2024-01-01 00:00:00,33,652797,2368
27491,2024-01-01 00:00:00,34,625164,2706
27159,2024-01-01 00:00:00,2,617389,625
27379,2024-01-01 00:00:00,36,616325,2646
20047,2024-01-01 00:00:00,1,5970,27
27811,2024-01-01 00:00:00,33,588964,2373
27641,2024-01-01 00:00:00,32,578475,2126
26579,2024-01-01 00:00:00,50,568339,2400
27014,2024-01-01 00:00:00,60,562589,2529
26949,2024-01-01 00:00:00,36,554960,2372
26253,2024-01-01 00:00:00,25,12512,84
29187,2024-01-01 00:00:00,27,521464,1971
24913,2024-01-01 00:00:00,4,636,3
29465,2024-01-01 00:00:00,5,508384,2007
29052,2024-01-01 00:00:00,7,489030,1626
27228,2024-01-01 00:00:00,23,488333,1861
27646,2024-01-01 00:00:00,35,470465,2973
28231,2024-01-01 00:00:00,21,445932,1807
27523,2024-01-01 00:00:00,31,439076,2001
29516,2024-01-01 00:00:00,13,437873,1667
28493,2024-01-01 00:00:00,35,434637,1730
26580,2024-01-01 00:00:00,77,433431,1862
22801,2024-01-01 00:00:00,11,1540,6
27445,2024-01-01 00:00:00,25,414504,1894
26398,2024-01-01 00:00:00,38,143829,609
26139,2024-01-01 00:00:00,52,89425,524
8878,2024-01-01 00:00:00,1,14955,64
6308,2024-01-01 00:00:00,1,12840,65
28356,2024-01-01 00:00:00,22,371614,1638
26279,2024-01-01 00:00:00,19,64790,271
18228,2024-01-01 00:00:00,5,1960,7
28840,2024-01-01 00:00:00,1,343415,1330
27665,2024-01-01 00:00:00,24,323762,1364
27283,2024-01-01 00:00:00,21,308395,1179
28552,2024-01-01 00:00:00,18,300467,1348
28504,2024-01-01 00:00:00,23,287892,1258
27414,2024-01-01 00:00:00,28,286105,1204
28894,2024-01-01 00:00:00,68,282480,1175
18231,2024-01-01 00:00:00,3,1358,6
28484,2024-01-01 00:00:00,26,274327,1220
26426,2024-01-01 00:00:00,40,271969,1370
24954,2024-01-01 00:00:00,2,9090,39
25059,2024-01-01 00:00:00,3,6480,27
28435,2024-01-01 00:00:00,26,239299,1020
28166,2024-01-01 00:00:00,26,236445,1035
26960,2024-01-01 00:00:00,30,232973,1047
26388,2024-01-01 00:00:00,25,232791,1046
26448,2024-01-01 00:00:00,8,225109,864
26648,2024-01-01 00:00:00,22,224448,466
26843,2024-01-01 00:00:00,23,221357,869
25129,2024-01-01 00:00:00,3,5030,21
28178,2024-01-01 00:00:00,20,208972,937
29057,2024-01-01 00:00:00,27,207331,915
25062,2024-01-01 00:00:00,2,6160,26
26682,2024-01-01 00:00:00,26,191893,844
18764,2024-01-01 00:00:00,2,19200,90
25071,2024-01-01 00:00:00,3,6760,29
29389,2024-01-01 00:00:00,22,178095,805
25992,2024-01-01 00:00:00,23,170294,812
28655,2024-01-01 00:00:00,22,169785,799
29514,2024-01-01 00:00:00,1,167480,700
29237,2024-01-01 00:00:00,21,166130,699
27435,2024-01-01 00:00:00,27,164765,650
24531,2024-01-01 00:00:00,37,164465,648
28098,2024-01-01 00:00:00,35,150245,699
26845,2024-01-01 00:00:00,28,147585,662
26514,2024-01-01 00:00:00,8,139860,477
26606,2024-01-01 00:00:00,22,136298,613
29653,2024-01-01 00:00:00,1,132940,391
28410,2024-01-01 00:00:00,21,122829,532
28099,2024-01-01 00:00:00,21,120133,738
28747,2024-01-01 00:00:00,26,119270,469
27966,2024-01-01 00:00:00,36,112012,682
28532,2024-01-01 00:00:00,15,104849,415
23262,2024-01-01 00:00:00,2,8165,36
26645,2024-01-01 00:00:00,27,86265,379
27120,2024-01-01 00:00:00,1,83490,253
22797,2024-01-01 00:00:00,12,82796,353
26880,2024-01-01 00:00:00,15,72100,311
16958,2024-01-01 00:00:00,2,26910,160
29618,2024-01-01 00:00:00,3,44860,222
26617,2024-01-01 00:00:00,18,35772,176
29440,2024-01-01 00:00:00,2,34800,65
27029,2024-01-01 00:00:00,4,33740,156
25649,2024-01-01 00:00:00,2,29930,156
25444,2024-01-01 00:00:00,2,28240,145
25672,2024-01-01 00:00:00,2,27380,139
25650,2024-01-01 00:00:00,2,24120,123
25445,2024-01-01 00:00:00,2,21710,109
27986,2024-01-01 00:00:00,2,21540,110
27978,2024-01-01 00:00:00,2,21390,116
25651,2024-01-01 00:00:00,2,21000,109
27983,2024-01-01 00:00:00,2,20970,107
26352,2024-01-01 00:00:00,5,4370,22
28385,2024-01-01 00:00:00,2,20400,103
26566,2024-01-01 00:00:00,14,18325,80
27982,2024-01-01 00:00:00,2,15060,78
27500,2024-01-01 00:00:00,10,10995,52
27151,2024-01-01 00:00:00,14,8565,39
27382,2024-01-01 00:00:00,10,8275,40
27327,2024-01-01 00:00:00,14,7560,35
24754,2024-01-01 00:00:00,2,200,1
27028,2024-01-01 00:00:00,6,6645,30
29689,2024-01-01 00:00:00,1,1020,2
24094,2024-01-01 00:00:00,1,21620,94
29621,2024-01-01 00:00:00,1,13430,68
20729,2024-01-01 00:00:00,2,1525,8
27913,2024-01-01 00:00:00,80,850896,4076
27109,2024-01-01 00:00:00,33,257454,1118
26884,2024-01-01 00:00:00,55,193637,1158
27180,2024-01-01 00:00:00,17,96578,446
27436,2024-01-01 00:00:00,14,93315,443
29328,2024-01-01 00:00:00,4,42440,207
29622,2024-01-01 00:00:00,1,12750,65
28114,2024-01-01 00:00:00,121,224747242,846787
25104,2024-01-01 00:00:00,14,13310,242
26751,2024-01-01 00:00:00,225,75793338,294162
26439,2024-01-01 00:00:00,138,60996436,232730
25994,2024-01-01 00:00:00,257,33042642,134038
25590,2024-01-01 00:00:00,60,258769,2732
25306,2024-01-01 00:00:00,65,148297,947
26635,2024-01-01 00:00:00,97,41783006,164568
28090,2024-01-01 00:00:00,112,32903662,123584
25586,2024-01-01 00:00:00,40,179165,1572
26664,2024-01-01 00:00:00,80,16673554,67144
28395,2024-01-01 00:00:00,81,16167136,66025
24718,2024-01-01 00:00:00,144,15707080,61116
23671,2024-01-01 00:00:00,1,31440,125
25063,2024-01-01 00:00:00,123,1628799,7541
21785,2024-01-01 00:00:00,1,0,0
23926,2024-01-01 00:00:00,20,72534,304
25422,2024-01-01 00:00:00,89,1091290,5295
25424,2024-01-01 00:00:00,64,11548869,45983
26076,2024-01-01 00:00:00,76,3470669,14506
27925,2024-01-01 00:00:00,48,10891431,42679
23714,2024-01-01 00:00:00,59,10725810,43902
27723,2024-01-01 00:00:00,81,10344781,39725
29111,2024-01-01 00:00:00,49,9877786,42229
26546,2024-01-01 00:00:00,133,8855418,35948
25222,2024-01-01 00:00:00,26,21907,164
27879,2024-01-01 00:00:00,85,7260933,27680
27462,2024-01-01 00:00:00,73,7015611,27018
28748,2024-01-01 00:00:00,44,5890305,22577
27567,2024-01-01 00:00:00,83,4932017,19664
27121,2024-01-01 00:00:00,92,4923610,18681
29379,2024-01-01 00:00:00,32,4839349,19305
28636,2024-01-01 00:00:00,75,4696288,20825
28405,2024-01-01 00:00:00,82,4196973,18761
27100,2024-01-01 00:00:00,44,3869210,15968
19608,2024-01-01 00:00:00,1,16400,82
27644,2024-01-01 00:00:00,62,3722806,14331
24752,2024-01-01 00:00:00,90,3349829,13384
26795,2024-01-01 00:00:00,74,3116195,13973
26788,2024-01-01 00:00:00,119,2947261,13282
23961,2024-01-01 00:00:00,41,39767,231
25522,2024-01-01 00:00:00,44,2808422,11851
24214,2024-01-01 00:00:00,58,2193690,8966
29611,2024-01-01 00:00:00,12,2089591,8312
27175,2024-01-01 00:00:00,59,2039163,9342
25818,2024-01-01 00:00:00,7,97860,412
28830,2024-01-01 00:00:00,42,1932558,7916
28088,2024-01-01 00:00:00,41,1882267,7132
15447,2024-01-01 00:00:00,5,148200,658
20176,2024-01-01 00:00:00,1,38280,159
28200,2024-01-01 00:00:00,7,1784900,4348
24239,2024-01-01 00:00:00,25,26650,293
27961,2024-01-01 00:00:00,36,1364582,5352
27017,2024-01-01 00:00:00,50,1252358,5284
25728,2024-01-01 00:00:00,49,68132,661
23139,2024-01-01 00:00:00,1,29000,116
27443,2024-01-01 00:00:00,54,1100649,4899
27328,2024-01-01 00:00:00,35,960300,4268
27340,2024-01-01 00:00:00,28,896244,3645
23934,2024-01-01 00:00:00,79,786770,3237
24257,2024-01-01 00:00:00,4,180350,737
28097,2024-01-01 00:00:00,20,804921,3634
23377,2024-01-01 00:00:00,31,641440,2748
29502,2024-01-01 00:00:00,12,619680,2315
25737,2024-01-01 00:00:00,70,478043,2066
25312,2024-01-01 00:00:00,39,43043,186
29430,2024-01-01 00:00:00,12,534010,2230
28311,2024-01-01 00:00:00,26,497605,2335
28363,2024-01-01 00:00:00,31,424559,1795
27660,2024-01-01 00:00:00,6,360620,1417
28070,2024-01-01 00:00:00,5,274540,1148
26594,2024-01-01 00:00:00,29,271130,1173
26872,2024-01-01 00:00:00,15,199748,855
22894,2024-01-01 00:00:00,17,193875,756
29573,2024-01-01 00:00:00,19,184585,745
27415,2024-01-01 00:00:00,22,124395,576
16356,2024-01-01 00:00:00,1,37300,127
27992,2024-01-01 00:00:00,21,87951,374
26479,2024-01-01 00:00:00,16,63872,262
28611,2024-01-01 00:00:00,16,59175,283
23701,2024-01-01 00:00:00,14,56153,236
27179,2024-01-01 00:00:00,16,50266,213
28736,2024-01-01 00:00:00,2,49250,99
28241,2024-01-01 00:00:00,1,39200,135
28890,2024-01-01 00:00:00,8,38720,182
28242,2024-01-01 00:00:00,1,37300,127
15719,2024-01-01 00:00:00,1,37280,157
28648,2024-01-01 00:00:00,2,30800,140
21943,2024-01-01 00:00:00,4,13480,70
12236,2024-01-01 00:00:00,1,1100,5
26584,2024-01-01 00:00:00,2,24265,164
25679,2024-01-01 00:00:00,2,20405,137
25681,2024-01-01 00:00:00,2,18975,129
27873,2024-01-01 00:00:00,1,13640,62
12575,2024-01-01 00:00:00,1,2065,9
26780,2024-01-01 00:00:00,10,4200,46
27203,2024-01-01 00:00:00,1,0,0
28780,2024-01-01 00:00:00,75,20167154,79427
26560,2024-01-01 00:00:00,36,2806279,11811
29598,2024-01-01 00:00:00,12,2346004,9317
26707,2024-01-01 00:00:00,44,2035707,8484
20054,2024-01-01 00:00:00,2,2300,10
27178,2024-01-01 00:00:00,35,600672,2534
26650,2024-01-01 00:00:00,26,328312,1490
27945,2024-01-01 00:00:00,43,244026,1265
26568,2024-01-01 00:00:00,21,233650,1010
26555,2024-01-01 00:00:00,41,206044,886
26428,2024-01-01 00:00:00,4,235,1
26871,2024-01-01 00:00:00,10,107865,450
26742,2024-01-01 00:00:00,33,60504,392
26939,2024-01-01 00:00:00,3,36820,172
6091,2024-01-01 00:00:00,2,17915,86
27234,2024-01-01 00:00:00,53,1371144,6050
28207,2024-01-01 00:00:00,54,404524,1837
26314,2024-01-01 00:00:00,25,167369,734
27438,2024-01-01 00:00:00,24,87015,422
29157,2025-01-01 00:00:00,1,2800,13
26856,2025-01-01 00:00:00,15,6704,34
19169,2025-01-01 00:00:00,5,710,3
27237,2025-01-01 00:00:00,9,2870,13
28784,2025-01-01 00:00:00,1,40480,176
29895,2025-01-01 00:00:00,21,25683290,40949
29916,2025-01-01 00:00:00,30,16507735,25887
29857,2025-01-01 00:00:00,55,15438015,57458
30277,2025-01-01 00:00:00,8,14398975,23692
29784,2025-01-01 00:00:00,43,11540707,43871
26037,2025-01-01 00:00:00,8,2740,11
27053,2025-01-01 00:00:00,5,2300,10
29841,2025-01-01 00:00:00,51,6948918,27414
26405,2025-01-01 00:00:00,9,2200,11
25311,2025-01-01 00:00:00,8,2500,11
29715,2025-01-01 00:00:00,42,2864230,6193
30133,2025-01-01 00:00:00,20,5248619,20157
30078,2025-01-01 00:00:00,39,5011594,20484
30143,2025-01-01 00:00:00,25,4090940,7529
30100,2025-01-01 00:00:00,28,3620500,8823
25407,2025-01-01 00:00:00,5,1680,8
29439,2025-01-01 00:00:00,23,68027,256
26381,2025-01-01 00:00:00,7,3600,16
26219,2025-01-01 00:00:00,6,1630,7
23796,2025-01-01 00:00:00,3,1810,8
26661,2025-01-01 00:00:00,3,280,1
25736,2025-01-01 00:00:00,3,660,3
29501,2025-01-01 00:00:00,1,2975,7
25638,2025-01-01 00:00:00,5,0,0
29604,2025-01-01 00:00:00,31,2339300,8869
30061,2025-01-01 00:00:00,42,2325600,4917
29630,2025-01-01 00:00:00,18,44383,175
23362,2025-01-01 00:00:00,8,1520,8
30111,2025-01-01 00:00:00,27,1865534,7043
26260,2025-01-01 00:00:00,4,1380,5
25494,2025-01-01 00:00:00,8,3550,15
26353,2025-01-01 00:00:00,7,1680,7
24206,2025-01-01 00:00:00,3,0,0
19640,2025-01-01 00:00:00,4,620,4
27534,2025-01-01 00:00:00,1,3066,43
28506,2025-01-01 00:00:00,2,10642,42
30200,2025-01-01 00:00:00,20,1337963,5441
18928,2025-01-01 00:00:00,2,320,1
28113,2025-01-01 00:00:00,21,1180518,4739
29736,2025-01-01 00:00:00,35,1161112,4948
19597,2025-01-01 00:00:00,3,830,3
26776,2025-01-01 00:00:00,4,6000,26
28964,2025-01-01 00:00:00,25,959642,4004
29099,2025-01-01 00:00:00,28,34200,456
18888,2025-01-01 00:00:00,3,250,1
25212,2025-01-01 00:00:00,2,925,12
28760,2025-01-01 00:00:00,9,12080,48
29827,2025-01-01 00:00:00,10,495751,750
18246,2025-01-01 00:00:00,2,140,1
20778,2025-01-01 00:00:00,8,2100,9
18998,2025-01-01 00:00:00,2,800,4
28270,2025-01-01 00:00:00,1,450,3
29924,2025-01-01 00:00:00,18,177501,767
18546,2025-01-01 00:00:00,5,1920,8
29371,2025-01-01 00:00:00,1,8150,38
29656,2025-01-01 00:00:00,9,34035,67
30261,2025-01-01 00:00:00,13,883957,3720
25771,2025-01-01 00:00:00,20,123350,545
16414,2025-01-01 00:00:00,31,270570,1187
28000,2025-01-01 00:00:00,14,9225,123
21265,2025-01-01 00:00:00,23,130975,615
30005,2025-01-01 00:00:00,22,197638,816
18353,2025-01-01 00:00:00,5,320,2
28462,2025-01-01 00:00:00,19,39755,163
29765,2025-01-01 00:00:00,33,3070115,12164
15169,2025-01-01 00:00:00,28,356914,1471
24351,2025-01-01 00:00:00,1,0,0
23727,2025-01-01 00:00:00,19,83455,362
18312,2025-01-01 00:00:00,3,360,2
27511,2025-01-01 00:00:00,13,38050,295
18686,2025-01-01 00:00:00,2,700,3
326,2025-01-01 00:00:00,2,9690,33
28219,2025-01-01 00:00:00,16,8625,115
23721,2025-01-01 00:00:00,2,0,0
29084,2025-01-01 00:00:00,7,1240,6
30006,2025-01-01 00:00:00,34,7447455,29027
29718,2025-01-01 00:00:00,35,2640943,10467
30009,2025-01-01 00:00:00,34,5014668,19797
27836,2025-01-01 00:00:00,5,640,3
30280,2025-01-01 00:00:00,8,3000155,11430
29758,2025-01-01 00:00:00,41,2797413,10939
29733,2025-01-01 00:00:00,33,6562374,23919
29958,2025-01-01 00:00:00,13,4428888,16744
29096,2025-01-01 00:00:00,13,23300,90
30034,2025-01-01 00:00:00,34,6410812,24997
27521,2025-01-01 00:00:00,3,1030,5
29717,2025-01-01 00:00:00,37,1868402,7598
30259,2025-01-01 00:00:00,8,3025294,12020
29428,2025-01-01 00:00:00,4,3100,11
21436,2025-01-01 00:00:00,5,890,4
26647,2025-01-01 00:00:00,2,440,2
29610,2025-01-01 00:00:00,14,21960,84
27736,2025-01-01 00:00:00,14,9750,130
18137,2025-01-01 00:00:00,2,140,1
30107,2025-01-01 00:00:00,23,344098,1414
29781,2025-01-01 00:00:00,28,453611,1871
28082,2025-01-01 00:00:00,10,16810,137
30020,2025-01-01 00:00:00,14,45382,216
29635,2025-01-01 00:00:00,80,18302220,69927
29429,2025-01-01 00:00:00,85,4944188,18898
29190,2025-01-01 00:00:00,46,113435,1406
29672,2025-01-01 00:00:00,35,1853760,7450
29012,2025-01-01 00:00:00,30,39668,307
30178,2025-01-01 00:00:00,15,352247,1392
30064,2025-01-01 00:00:00,20,319352,1298
29466,2025-01-01 00:00:00,1,500,2
18620,2025-01-01 00:00:00,2,20480,87
20410,2025-01-01 00:00:00,5,580,4
18180,2025-01-01 00:00:00,4,740,5
30126,2025-01-01 00:00:00,34,6319816,23786
23548,2025-01-01 00:00:00,1,34320,182
21389,2025-01-01 00:00:00,7,1820,7
26883,2025-01-01 00:00:00,19,212425,890
29779,2025-01-01 00:00:00,25,1715795,6630
20802,2025-01-01 00:00:00,4,63195,276
30187,2025-01-01 00:00:00,9,663678,2708
18186,2025-01-01 00:00:00,4,580,4
24734,2025-01-01 00:00:00,28,204425,900
18530,2025-01-01 00:00:00,2,22670,78
29813,2025-01-01 00:00:00,26,249765,1155
29898,2025-01-01 00:00:00,21,129991,509
21117,2025-01-01 00:00:00,10,114898,302
27655,2025-01-01 00:00:00,36,37755,304
24337,2025-01-01 00:00:00,1,12720,31
28065,2025-01-01 00:00:00,23,12675,169
23924,2025-01-01 00:00:00,1,0,0
24917,2025-01-01 00:00:00,7,35260,76
27834,2025-01-01 00:00:00,36,92063,762
28977,2025-01-01 00:00:00,51,373743,3115
29376,2025-01-01 00:00:00,97,20110102,76861
28195,2025-01-01 00:00:00,3,7930,61
29933,2025-01-01 00:00:00,57,101914101,356084
29594,2025-01-01 00:00:00,99,37195394,138536
18481,2025-01-01 00:00:00,8,3860,18
28565,2025-01-01 00:00:00,23,89160,774
30229,2025-01-01 00:00:00,10,73600014,257567
17104,2025-01-01 00:00:00,70,16839522,43863
29401,2025-01-01 00:00:00,86,8689936,29073
29206,2025-01-01 00:00:00,56,630918,3307
26581,2025-01-01 00:00:00,11,4470,18
29936,2025-01-01 00:00:00,37,54923392,189625
28528,2025-01-01 00:00:00,54,461011,3271
29094,2025-01-01 00:00:00,58,356122,2548
28404,2025-01-01 00:00:00,20,40800,544
28393,2025-01-01 00:00:00,35,118145,1196
30249,2025-01-01 00:00:00,13,32950120,125180
29633,2025-01-01 00:00:00,99,20755605,79382
25536,2025-01-01 00:00:00,6,2250,9
29798,2025-01-01 00:00:00,58,24649325,88846
28877,2025-01-01 00:00:00,78,868697,3825
30144,2025-01-01 00:00:00,21,23057732,82606
29806,2025-01-01 00:00:00,41,20860143,77639
29584,2025-01-01 00:00:00,51,928246,4226
8364,2025-01-01 00:00:00,2,19980,69
27952,2025-01-01 00:00:00,8,3610,15
28892,2025-01-01 00:00:00,22,103780,932
23614,2025-01-01 00:00:00,2,20680,88
20104,2025-01-01 00:00:00,45,2940224,8504
25933,2025-01-01 00:00:00,10,3990,18
27045,2025-01-01 00:00:00,13,22275,297
29708,2025-01-01 00:00:00,48,9038601,35333
25044,2025-01-01 00:00:00,12,7941,58
30123,2025-01-01 00:00:00,28,7967843,29952
30058,2025-01-01 00:00:00,41,7811583,29596
26842,2025-01-01 00:00:00,27,62625,835
29081,2025-01-01 00:00:00,51,6783882,23409
29705,2025-01-01 00:00:00,43,6181679,15798
29087,2025-01-01 00:00:00,62,634556,2824
29526,2025-01-01 00:00:00,47,2006416,7780
29783,2025-01-01 00:00:00,36,5795189,21231
29719,2025-01-01 00:00:00,62,5653007,21422
29831,2025-01-01 00:00:00,54,5232729,20524
30162,2025-01-01 00:00:00,27,5051572,19818
26926,2025-01-01 00:00:00,6,2180,8
26278,2025-01-01 00:00:00,4,790,4
18191,2025-01-01 00:00:00,5,2020,8
29513,2025-01-01 00:00:00,16,23790,81
29690,2025-01-01 00:00:00,28,3905990,14315
28197,2025-01-01 00:00:00,9,8340,70
27623,2025-01-01 00:00:00,8,2320,11
29082,2025-01-01 00:00:00,92,1818105,7469
29855,2025-01-01 00:00:00,34,3386958,11292
29716,2025-01-01 00:00:00,54,3112547,12501
29843,2025-01-01 00:00:00,28,2930446,11946
29959,2025-01-01 00:00:00,36,2748588,11179
26305,2025-01-01 00:00:00,3,690,3
28239,2025-01-01 00:00:00,41,2605133,7447
29582,2025-01-01 00:00:00,49,2246668,6611
29957,2025-01-01 00:00:00,31,2442486,9518
25800,2025-01-01 00:00:00,5,0,0
29583,2025-01-01 00:00:00,45,1842155,5449
28220,2025-01-01 00:00:00,45,2048227,5783
29654,2025-01-01 00:00:00,44,1896542,5714
29706,2025-01-01 00:00:00,45,1882745,5428
30155,2025-01-01 00:00:00,21,1778238,6879
18522,2025-01-01 00:00:00,4,460,3
29820,2025-01-01 00:00:00,26,1601367,6338
25141,2025-01-01 00:00:00,2,0,0
30191,2025-01-01 00:00:00,20,1498582,5901
27522,2025-01-01 00:00:00,13,25875,345
28919,2025-01-01 00:00:00,16,71090,277
30101,2025-01-01 00:00:00,29,1062705,4401
18293,2025-01-01 00:00:00,3,0,0
29923,2025-01-01 00:00:00,26,1018344,4067
24034,2025-01-01 00:00:00,27,743227,2929
30241,2025-01-01 00:00:00,5,938175,1560
29188,2025-01-01 00:00:00,27,47700,636
18641,2025-01-01 00:00:00,3,640,3
28527,2025-01-01 00:00:00,14,7650,102
18847,2025-01-01 00:00:00,1,0,0
23286,2025-01-01 00:00:00,4,440,2
30021,2025-01-01 00:00:00,22,293131,1241
30105,2025-01-01 00:00:00,15,260047,1092
29714,2025-01-01 00:00:00,45,187353,1027
23787,2025-01-01 00:00:00,3,0,0
30074,2025-01-01 00:00:00,17,143730,564
29065,2025-01-01 00:00:00,3,2010,8
30065,2025-01-01 00:00:00,1,87525,195
19723,2025-01-01 00:00:00,1,0,0
1499,2025-01-01 00:00:00,2,13758,49
28626,2025-01-01 00:00:00,2,1260,5
28639,2025-01-01 00:00:00,16,27395,105
29400,2025-01-01 00:00:00,26,221156,931
29780,2025-01-01 00:00:00,33,754240,3279
20457,2025-01-01 00:00:00,2,2855,11
28505,2025-01-01 00:00:00,54,27968785,108080
26430,2025-01-01 00:00:00,53,131315,522
15103,2025-01-01 00:00:00,1,32605,179
7924,2025-01-01 00:00:00,2,7590,27
29787,2025-01-01 00:00:00,42,960719,3912
29471,2025-01-01 00:00:00,1,540,2
29593,2025-01-01 00:00:00,41,409393,1820
29527,2025-01-01 00:00:00,6,1990,9
29484,2025-01-01 00:00:00,41,423451,1829
19595,2025-01-01 00:00:00,8,2360,13
29960,2025-01-01 00:00:00,9,342903,1402
29481,2025-01-01 00:00:00,28,303729,1427
29702,2025-01-01 00:00:00,32,220457,961
18322,2025-01-01 00:00:00,3,13315,44
29965,2025-01-01 00:00:00,18,167730,805
29786,2025-01-01 00:00:00,17,151817,659
28776,2025-01-01 00:00:00,8,12244,51
28488,2025-01-01 00:00:00,22,135307,595
20963,2025-01-01 00:00:00,6,1220,5
18227,2025-01-01 00:00:00,2,160,1
19270,2025-01-01 00:00:00,9,1980,9
29842,2025-01-01 00:00:00,18,79698,374
30124,2025-01-01 00:00:00,12,77553,325
29764,2025-01-01 00:00:00,14,53432,252
18898,2025-01-01 00:00:00,1,2930,13
18815,2025-01-01 00:00:00,1,2915,13
18848,2025-01-01 00:00:00,1,2915,13
18814,2025-01-01 00:00:00,2,5565,23
29785,2025-01-01 00:00:00,1,28980,138
24498,2025-01-01 00:00:00,7,1460,7
29605,2025-01-01 00:00:00,16,29960,121
24213,2025-01-01 00:00:00,2,140,1
29372,2025-01-01 00:00:00,38,322132,1470
29688,2025-01-01 00:00:00,30,310893,1317
29652,2025-01-01 00:00:00,9,17335,80
23338,2025-01-01 00:00:00,5,2130,9
27547,2025-01-01 00:00:00,4,2060,7
29757,2025-01-01 00:00:00,82,5415323,21167
29881,2025-01-01 00:00:00,29,405740,1555
19206,2025-01-01 00:00:00,3,610,3
29238,2025-01-01 00:00:00,4,2630,11
20758,2025-01-01 00:00:00,3,16152,55
30269,2025-01-01 00:00:00,13,114472,538
18257,2025-01-01 00:00:00,5,1900,10
29524,2025-01-01 00:00:00,42,634251,2678
4131,2025-01-01 00:00:00,2,18568,59
27633,2025-01-01 00:00:00,57,554755,2512
27647,2025-01-01 00:00:00,1,1510,7
19660,2025-01-01 00:00:00,1,1120,5
23463,2025-01-01 00:00:00,7,71358,229
27007,2025-01-01 00:00:00,12,79438,250
23742,2025-01-01 00:00:00,4,87593,223
27668,2025-01-01 00:00:00,3,39257,95
25730,2025-01-01 00:00:00,16,17634,62
13760,2025-01-01 00:00:00,8,4088506,16025
29653,2025-01-01 00:00:00,97,139539251,465473
28240,2025-01-01 00:00:00,24,681753,2588
28046,2025-01-01 00:00:00,79,1651110,5539
26448,2025-01-01 00:00:00,36,39545859,147424
27959,2025-01-01 00:00:00,3,6212,19
28491,2025-01-01 00:00:00,1,115510,268
27054,2025-01-01 00:00:00,2,6273,17
21385,2025-01-01 00:00:00,34,7915910,28545
16420,2025-01-01 00:00:00,2,29394,99
30233,2025-01-01 00:00:00,14,18479925,68922
28478,2025-01-01 00:00:00,1,600,4
29097,2025-01-01 00:00:00,11,79500,350
30039,2025-01-01 00:00:00,42,13371750,25567
16264,2025-01-01 00:00:00,3,94551,321
29645,2025-01-01 00:00:00,59,3538284,13443
14811,2025-01-01 00:00:00,34,1924659,7348
30036,2025-01-01 00:00:00,42,10758048,33336
26927,2025-01-01 00:00:00,2,472070,1053
29592,2025-01-01 00:00:00,43,2284072,8242
29884,2025-01-01 00:00:00,44,7928957,24184
29763,2025-01-01 00:00:00,57,7908836,29896
26553,2025-01-01 00:00:00,11,115464,424
30059,2025-01-01 00:00:00,30,6900980,26191
25400,2025-01-01 00:00:00,5,120740,478
29994,2025-01-01 00:00:00,49,6386900,24200
30238,2025-01-01 00:00:00,10,5598671,19215
29755,2025-01-01 00:00:00,65,5571322,21812
25350,2025-01-01 00:00:00,4,109870,433
30202,2025-01-01 00:00:00,13,4609818,17637
29797,2025-01-01 00:00:00,48,4364786,16351
3033,2025-01-01 00:00:00,2,82149,307
26515,2025-01-01 00:00:00,1,108980,253
29883,2025-01-01 00:00:00,45,3260163,13352
29669,2025-01-01 00:00:00,65,2983545,11706
30166,2025-01-01 00:00:00,20,2896950,11485
25324,2025-01-01 00:00:00,2,45300,175
28838,2025-01-01 00:00:00,1,230,1
30165,2025-01-01 00:00:00,10,2660587,9896
29707,2025-01-01 00:00:00,35,2599986,7265
30019,2025-01-01 00:00:00,8,2162317,8100
29812,2025-01-01 00:00:00,35,2160565,8268
29564,2025-01-01 00:00:00,36,564294,2154
18391,2025-01-01 00:00:00,4,910,4
18774,2025-01-01 00:00:00,6,137602,820
21237,2025-01-01 00:00:00,5,690,4
27055,2025-01-01 00:00:00,27,1214926,4773
29643,2025-01-01 00:00:00,13,48244,164
29517,2025-01-01 00:00:00,7,20360,84
30060,2025-01-01 00:00:00,11,998914,3421
29465,2025-01-01 00:00:00,40,479053,1866
29390,2025-01-01 00:00:00,9,2500,9
19510,2025-01-01 00:00:00,2,17372,61
19852,2025-01-01 00:00:00,2,980,4
29441,2025-01-01 00:00:00,48,910838,3621
28778,2025-01-01 00:00:00,28,179165,792
28165,2025-01-01 00:00:00,23,829996,3346
29052,2025-01-01 00:00:00,23,244471,1080
29848,2025-01-01 00:00:00,34,674336,2675
29514,2025-01-01 00:00:00,33,499376,2190
27014,2025-01-01 00:00:00,5,9090,47
30070,2025-01-01 00:00:00,29,554175,2090
29516,2025-01-01 00:00:00,17,36000,136
25039,2025-01-01 00:00:00,1,3609,12
22801,2025-01-01 00:00:00,4,1110,5
22228,2025-01-01 00:00:00,7,20950,97
27445,2025-01-01 00:00:00,5,5350,27
29768,2025-01-01 00:00:00,24,396030,1577
30099,2025-01-01 00:00:00,26,388819,1533
29886,2025-01-01 00:00:00,30,388614,1586
30235,2025-01-01 00:00:00,13,385877,1578
28840,2025-01-01 00:00:00,1,25300,110
28894,2025-01-01 00:00:00,27,62980,262
29735,2025-01-01 00:00:00,20,318457,1304
30140,2025-01-01 00:00:00,24,291376,1130
8873,2025-01-01 00:00:00,1,13545,91
29483,2025-01-01 00:00:00,30,279242,1206
18750,2025-01-01 00:00:00,2,770,3
29057,2025-01-01 00:00:00,19,45420,348
30232,2025-01-01 00:00:00,13,243355,973
29623,2025-01-01 00:00:00,45,242006,1183
20653,2025-01-01 00:00:00,2,3940,14
30142,2025-01-01 00:00:00,8,203235,913
30288,2025-01-01 00:00:00,8,199442,782
24531,2025-01-01 00:00:00,2,210,1
29440,2025-01-01 00:00:00,15,120210,226
29754,2025-01-01 00:00:00,19,148667,389
29689,2025-01-01 00:00:00,15,113340,215
23312,2025-01-01 00:00:00,9,2380,11
30134,2025-01-01 00:00:00,14,103774,451
30180,2025-01-01 00:00:00,1,91140,218
22797,2025-01-01 00:00:00,2,5876,23
29756,2025-01-01 00:00:00,25,71570,336
29769,2025-01-01 00:00:00,25,32855,163
29634,2025-01-01 00:00:00,8,26691,117
24858,2025-01-01 00:00:00,2,21120,88
30234,2025-01-01 00:00:00,10,543298,2367
29805,2025-01-01 00:00:00,21,246723,1095
28114,2025-01-01 00:00:00,50,1924494,7605
24818,2025-01-01 00:00:00,2,0,0
26439,2025-01-01 00:00:00,43,135760,1360
25994,2025-01-01 00:00:00,6,146390,625
29111,2025-01-01 00:00:00,85,10992856,46340
25586,2025-01-01 00:00:00,1,6820,31
24663,2025-01-01 00:00:00,2,0,0
30175,2025-01-01 00:00:00,18,16589691,62456
28395,2025-01-01 00:00:00,26,223785,1288
23671,2025-01-01 00:00:00,2,0,0
7216,2025-01-01 00:00:00,1,3180,11
25424,2025-01-01 00:00:00,11,26640,108
28648,2025-01-01 00:00:00,64,10702788,41466
26546,2025-01-01 00:00:00,2,0,0
29611,2025-01-01 00:00:00,89,5217419,20962
29918,2025-01-01 00:00:00,48,7180726,25235
27462,2025-01-01 00:00:00,23,29500,280
24370,2025-01-01 00:00:00,2,0,0
28636,2025-01-01 00:00:00,36,537580,2083
29379,2025-01-01 00:00:00,40,294268,1341
27567,2025-01-01 00:00:00,24,118220,664
28405,2025-01-01 00:00:00,1,17600,88
27100,2025-01-01 00:00:00,11,111570,471
19065,2025-01-01 00:00:00,2,16234,56
29078,2025-01-01 00:00:00,29,3267551,12491
25522,2025-01-01 00:00:00,16,49960,200
23795,2025-01-01 00:00:00,1,0,0
27175,2025-01-01 00:00:00,1,35000,175
28088,2025-01-01 00:00:00,1,11040,48
29502,2025-01-01 00:00:00,40,884576,3743
27103,2025-01-01 00:00:00,22,1464267,6091
29430,2025-01-01 00:00:00,32,912259,3923
25334,2025-01-01 00:00:00,2,0,0
27328,2025-01-01 00:00:00,2,28520,124
28097,2025-01-01 00:00:00,12,120899,488
25737,2025-01-01 00:00:00,4,212730,927
29246,2025-01-01 00:00:00,18,691088,2908
19131,2025-01-01 00:00:00,1,3985,20
29573,2025-01-01 00:00:00,27,96044,362
28988,2025-01-01 00:00:00,25,245751,974
28736,2025-01-01 00:00:00,7,140600,283
30017,2025-01-01 00:00:00,15,181266,787
26246,2025-01-01 00:00:00,4,119340,404
15719,2025-01-01 00:00:00,1,77065,295
28611,2025-01-01 00:00:00,2,21120,96
28709,2025-01-01 00:00:00,7,67905,325
8639,2025-01-01 00:00:00,2,12128,42
28890,2025-01-01 00:00:00,10,15253,69
27873,2025-01-01 00:00:00,1,35000,175
29963,2025-01-01 00:00:00,3,29575,100
29985,2025-01-01 00:00:00,2,26175,179
20854,2025-01-01 00:00:00,2,20760,70
22853,2025-01-01 00:00:00,2,19541,67
29986,2025-01-01 00:00:00,2,16425,113
17643,2025-01-01 00:00:00,2,13820,46
13445,2025-01-01 00:00:00,3,12459,47
29987,2025-01-01 00:00:00,1,13050,88
17946,2025-01-01 00:00:00,1,3568,13
30114,2025-01-01 00:00:00,1,3044,10
29165,2025-01-01 00:00:00,4,160395,688
29122,2025-01-01 00:00:00,4,122657,425
28780,2025-01-01 00:00:00,16,41710,384
29956,2025-01-01 00:00:00,27,17097825,62776
29598,2025-01-01 00:00:00,66,1666900,6706
16612,2025-01-01 00:00:00,27,1069487,4390
26560,2025-01-01 00:00:00,2,390,2
29885,2025-01-01 00:00:00,28,951945,3971
21616,2025-01-01 00:00:00,4,57606,203
29767,2025-01-01 00:00:00,19,225885,940
29791,2025-01-01 00:00:00,33,177735,723
29961,2025-01-01 00:00:00,2,126786,413
19250,2025-01-01 00:00:00,3,108550,489
10771,2025-01-01 00:00:00,4,91773,324
16421,2025-01-01 00:00:00,4,86581,309
29795,2025-01-01 00:00:00,4,74359,260
28207,2025-01-01 00:00:00,31,92974,404
30106,2025-01-01 00:00:00,17,172056,762
