tw_id,tw_title,tmdb_id,imdb_id,production_country,tw_first_release_date,budget,global_revenue,movie_runtime,data_created_time,data_updated_time
27552,被遺忘的人,,,墨西哥,2024-05-25 00:00:00,,,,2025-03-02 01:08:54.339400+00:00,2025-03-02 16:42:24.139881+00:00
18785,是誰得手林布蘭？,,,荷蘭,2021-06-18 00:00:00,,,,2025-03-02 01:08:54.339400+00:00,2025-03-02 16:42:24.139881+00:00
23640,孩子， 你好嗎 ?  山頂小屋,,,馬來西亞,2023-02-25 00:00:00,,,,2025-03-02 01:08:54.339400+00:00,2025-03-02 16:42:24.139881+00:00
21974,愛重奏,,,挪威,2022-09-02 00:00:00,,,,2025-03-02 01:08:54.339400+00:00,2025-03-02 16:42:24.139881+00:00
13268,石榴的顏色,,,亞美尼亞,2024-12-13 00:00:00,,,,2025-03-02 01:08:54.339400+00:00,2025-03-02 16:42:24.139881+00:00
23605,孩子， 你好嗎 ? 我的名字叫李心潔,,,馬來西亞,2023-02-25 00:00:00,,,,2025-03-02 01:08:54.339400+00:00,2025-03-02 16:42:24.139881+00:00
27553,維莉狄雅娜,,,墨西哥,2024-06-02 00:00:00,,,,2025-03-02 01:08:54.339400+00:00,2025-03-02 16:42:24.139881+00:00
29652,模範生禁愛秘密,,,印度,2024-12-27 00:00:00,,,,2025-03-02 01:08:54.339400+00:00,2025-03-02 16:42:24.139881+00:00
25360,智利，我的理想國,,,智利,2023-11-24 00:00:00,,,,2025-03-02 01:08:54.339400+00:00,2025-03-02 16:42:24.139881+00:00
18053,女畫家與偷畫賊,,,挪威,2021-05-14 00:00:00,,,,2025-03-02 01:08:54.339400+00:00,2025-03-02 16:42:24.139881+00:00
29616,吶喊雷克雅維克,,,冰島,2024-12-18 00:00:00,,,,2025-03-02 01:08:54.339400+00:00,2025-03-02 16:42:24.139881+00:00
23630,孩子， 你好嗎 ? 我是誰?,,,馬來西亞,2023-04-01 00:00:00,,,,2025-03-02 01:08:54.339400+00:00,2025-03-02 16:42:24.139881+00:00
20457,機遇之歌：數位修復版,,,波蘭,2022-08-28 00:00:00,,,,2025-03-02 01:08:54.339400+00:00,2025-03-02 16:42:24.139881+00:00
19811,浮生,,,澳洲,2022-03-13 00:00:00,,,,2025-03-02 01:08:54.339400+00:00,2025-03-02 16:42:24.139881+00:00
21361,養蜂人,,,希臘,2022-05-30 00:00:00,,,,2025-03-02 01:08:54.339400+00:00,2025-03-02 16:42:24.139881+00:00
27550,馬奎斯之愛與群魔,,,哥斯大黎加,2024-05-24 00:00:00,,,,2025-03-02 01:08:54.339400+00:00,2025-03-02 16:42:24.139881+00:00
22270,危雞總動員,,,墨西哥,2022-09-23 00:00:00,,,,2025-03-02 01:08:54.339400+00:00,2025-03-02 16:42:24.139881+00:00
21358,流浪藝人,,,希臘,2022-05-29 00:00:00,,,,2025-03-02 01:08:54.339400+00:00,2025-03-02 16:42:24.139881+00:00
21364,尤里西斯生命之旅,,,希臘,2022-06-03 00:00:00,,,,2025-03-02 01:08:54.339400+00:00,2025-03-02 16:42:24.139881+00:00
22858,海鷗來過的房間,,,澳門,2022-11-11 00:00:00,,,,2025-03-02 01:08:54.339400+00:00,2025-03-02 16:42:24.139881+00:00
20336,慕夏狂潮：從崛起到永恆,,,捷克,2022-01-14 00:00:00,,,,2025-03-02 01:08:54.339400+00:00,2025-03-02 16:42:24.139881+00:00
21357,三六年的歲月,,,希臘,2022-05-29 00:00:00,,,,2025-03-02 01:08:54.339400+00:00,2025-03-02 16:42:24.139881+00:00
29733,你好，愛，再次,,,菲律賓,2025-01-10 00:00:00,,,,2025-03-02 01:08:54.339400+00:00,2025-03-02 16:42:24.139881+00:00
27549,柏格曼的幽靈,,,奧地利,2024-05-27 00:00:00,,,,2025-03-02 01:08:54.339400+00:00,2025-03-02 16:42:24.139881+00:00
20952,親愛的母親,,,匈牙利,2022-07-01 00:00:00,,,,2025-03-02 01:08:54.339400+00:00,2025-03-02 16:42:24.139881+00:00
23604,孩子， 你好嗎 ? 鴕鳥騎士,,,馬來西亞,2023-03-31 00:00:00,,,,2025-03-02 01:08:54.339400+00:00,2025-03-02 16:42:24.139881+00:00
21384,黎巴嫩的天空,,,黎巴嫩,2022-06-10 00:00:00,,,,2025-03-02 01:08:54.339400+00:00,2025-03-02 16:42:24.139881+00:00
20365,世界上最爛的人,,,挪威,2022-01-01 00:00:00,,,,2025-03-02 01:08:54.339400+00:00,2025-03-02 16:42:24.139881+00:00
29084,這就是聖誕節,,,愛爾蘭,2024-12-13 00:00:00,,,,2025-03-02 01:08:54.339400+00:00,2025-03-02 16:42:24.139881+00:00
21659,黑貓白貓：4K數位修復版,,,塞爾維亞,2022-08-12 00:00:00,,,,2025-03-02 01:08:54.339400+00:00,2025-03-02 16:42:24.139881+00:00
21919,妖街皇后,,,新加坡,2022-09-23 00:00:00,,,,2025-03-02 01:08:54.339400+00:00,2025-03-02 16:42:24.139881+00:00
29805,我們愛過一次,,,巴西,2025-02-14 00:00:00,,,,2025-03-02 01:08:54.339400+00:00,2025-03-02 16:42:24.139881+00:00
26362,切格瓦拉滿天下,,,墨西哥,2023-12-16 00:00:00,,,,2025-03-02 01:08:54.339400+00:00,2025-03-02 16:42:24.139881+00:00
27438,遠方 數位修復版,1267665,,土耳其,2024-05-24 00:00:00,0,0,25,2025-03-02 01:08:54.339400+00:00,2025-03-02 16:42:24.139881+00:00
26760,鬼燭靈,1211728,tt28768831,阿根廷,2024-02-16 00:00:00,0,0,76,2025-03-02 01:08:54.339400+00:00,2025-03-02 16:42:24.139881+00:00
29011,靠近維梅爾,1090031,tt26773666,荷蘭,2024-11-08 00:00:00,0,0,77,2025-03-02 01:08:54.339400+00:00,2025-03-02 16:42:24.139881+00:00
21536,不看鐵達尼號的男人,716855,tt13328824,芬蘭,2022-06-24 00:00:00,400000,0,82,2025-03-02 01:08:54.339400+00:00,2025-03-02 16:42:24.139881+00:00
29765,喪屍集中營,1301650,tt32195076,蒙古,2025-02-07 00:00:00,0,0,83,2025-03-02 01:08:54.339400+00:00,2025-03-02 16:42:24.139881+00:00
24350,為你鍾琴,804868,tt14526682,挪威,2023-06-09 00:00:00,0,0,83,2025-03-02 01:08:54.339400+00:00,2025-03-02 16:42:24.139881+00:00
24729,尋愛小說家：海史密斯,915939,tt15239466,瑞士,2023-08-25 00:00:00,0,46172,84,2025-03-02 01:08:54.339400+00:00,2025-03-02 16:42:24.139881+00:00
28082,荒野心家園,1208994,tt30320576,挪威,2024-09-13 00:00:00,0,0,84,2025-03-02 01:08:54.339400+00:00,2025-03-02 16:42:24.139881+00:00
18629,亞馬遜守護者：安珀傳奇(英語版),588921,tt6570098,秘魯,2022-01-13 00:00:00,10000000,10237061,85,2025-03-02 01:08:54.339400+00:00,2025-03-02 16:42:24.139881+00:00
28829,富豪遊戲,1078810,tt26006472,奧地利,2024-11-29 00:00:00,0,0,86,2025-03-02 01:08:54.339400+00:00,2025-03-02 16:42:24.139881+00:00
19627,勇鼠闖天堂,588890,tt3804810,捷克,2022-02-04 00:00:00,0,1505235,87,2025-03-02 01:08:54.339400+00:00,2025-03-02 16:42:24.139881+00:00
24786,芽籠,1029178,tt16715436,新加坡,2023-09-22 00:00:00,0,0,87,2025-03-02 01:08:54.339400+00:00,2025-03-02 16:42:24.139881+00:00
21740,浪浪回家路,725133,tt13479414,捷克,2022-07-22 00:00:00,0,0,88,2025-03-02 01:08:54.339400+00:00,2025-03-02 16:42:24.139881+00:00
23217,高原上的家屋,913820,tt10984580,玻利維亞,2022-12-16 00:00:00,0,52793,88,2025-03-02 01:08:54.339400+00:00,2025-03-02 16:42:24.139881+00:00
25163,愛爾瑪的情與慾,997777,tt15157318,奧地利,2023-09-15 00:00:00,0,0,88,2025-03-02 01:08:54.339400+00:00,2025-03-02 16:42:24.139881+00:00
28639,靈寓,1219522,tt11952626,柬埔寨,2024-12-20 00:00:00,0,0,88,2025-03-02 01:08:54.339400+00:00,2025-03-02 16:42:24.139881+00:00
27158,給我愛過的前任們,989232,tt27812279,比利時,2024-04-19 00:00:00,2000000,0,89,2025-03-02 01:08:54.339400+00:00,2025-03-02 16:42:24.139881+00:00
28674,生活瑣事,3423,tt0064165,瑞士,2024-10-26 00:00:00,0,0,89,2025-03-02 01:08:54.339400+00:00,2025-03-02 16:42:24.139881+00:00
24256,燃起希望之火,849242,tt9317274,突尼西亞,2023-05-26 00:00:00,0,0,90,2025-03-02 01:08:54.339400+00:00,2025-03-02 16:42:24.139881+00:00
21223,格列佛遊記：重返小人國,763539,tt11238518,烏克蘭,2022-08-26 00:00:00,2500000,0,90,2025-03-02 01:08:54.339400+00:00,2025-03-02 16:42:24.139881+00:00
25305,愛在滿格時,1033176,tt22059648,蒙古,2023-09-22 00:00:00,0,0,90,2025-03-02 01:08:54.339400+00:00,2025-03-02 16:42:24.139881+00:00
22738,天堂髮廊,782648,tt11897340,巴勒斯坦,2022-10-21 00:00:00,0,0,91,2025-03-02 01:08:54.339400+00:00,2025-03-02 16:42:24.139881+00:00
21888,大獲拳勝,845875,tt11369540,波蘭,2022-08-26 00:00:00,0,43663,91,2025-03-02 01:08:54.339400+00:00,2025-03-02 16:42:24.139881+00:00
24951,腹荷,1061648,tt16611924,葉門,2023-07-20 00:00:00,0,0,91,2025-03-02 01:08:54.339400+00:00,2025-03-02 16:42:24.139881+00:00
23352,她和她們的電影課,866611,tt6443330,以色列,2023-01-06 00:00:00,0,69537,91,2025-03-02 01:08:54.339400+00:00,2025-03-02 16:42:24.139881+00:00
22307,怪胎英雄：奇克探險記,778855,tt12532368,比利時,2022-09-23 00:00:00,20000000,0,91,2025-03-02 01:08:54.339400+00:00,2025-03-02 16:42:24.139881+00:00
21163,孵魔,517302,tt12519030,芬蘭,2022-05-20 00:00:00,3896000,508000,91,2025-03-02 01:08:54.339400+00:00,2025-03-02 16:42:24.139881+00:00
28411,雪中真相,1008393,tt21612768,土耳其,2024-10-18 00:00:00,0,0,93,2025-03-02 01:08:54.339400+00:00,2025-03-02 16:42:24.139881+00:00
28158, 情慾出走的女人,998625,tt21272440,瑞士,2024-08-09 00:00:00,0,0,93,2025-03-02 01:08:54.339400+00:00,2025-03-02 16:42:24.139881+00:00
25827,萬聖劫,1058078,tt24017902,瑞典,2023-10-27 00:00:00,2250000,633385,93,2025-03-02 01:08:54.339400+00:00,2025-03-02 16:42:24.139881+00:00
27554,泯滅天使,29264,tt0056732,墨西哥,2024-05-28 00:00:00,0,0,93,2025-03-02 01:08:54.339400+00:00,2025-03-02 16:42:24.139881+00:00
22739,瑞士鐘錶師,749136,tt11409736,瑞士,2022-11-04 00:00:00,0,0,94,2025-03-02 01:08:54.339400+00:00,2025-03-02 16:42:24.139881+00:00
25990,戰場日記,1058616,tt24082438,烏克蘭,2023-11-05 00:00:00,0,21000,94,2025-03-02 01:08:54.339400+00:00,2025-03-02 16:42:24.139881+00:00
23888,夏日悄悄話,916405,tt15109082,愛爾蘭,2023-03-31 00:00:00,1,6,94,2025-03-02 01:08:54.339400+00:00,2025-03-02 16:42:24.139881+00:00
25414,虎紋少女,1077693,tt10803634,馬來西亞,2023-10-27 00:00:00,0,0,95,2025-03-02 01:08:54.339400+00:00,2025-03-02 16:42:24.139881+00:00
27769,鬼氣球,1246014,,柬埔寨,2024-06-14 00:00:00,400000,0,95,2025-03-02 01:08:54.339400+00:00,2025-03-02 16:42:24.139881+00:00
26956,最後一次的生日派對,958186,tt26315142,墨西哥,2024-03-22 00:00:00,0,163399,95,2025-03-02 01:08:54.339400+00:00,2025-03-02 16:42:24.139881+00:00
19408,逃出奧斯威辛,717694,tt9415108,斯洛伐克,2021-10-01 00:00:00,0,360868,95,2025-03-02 01:08:54.339400+00:00,2025-03-02 16:42:24.139881+00:00
23221,色界,993234,tt21111352,捷克,2023-02-17 00:00:00,0,0,95,2025-03-02 01:08:54.339400+00:00,2025-03-02 16:42:24.139881+00:00
24348,米蘭昆德拉：從玩笑到無謂的盛宴,835362,tt13875550,捷克,2023-06-02 00:00:00,0,0,95,2025-03-02 01:08:54.339400+00:00,2025-03-02 16:42:24.139881+00:00
21359,獵人,179890,tt0445528,希臘,2022-05-28 00:00:00,0,0,96,2025-03-02 01:08:54.339400+00:00,2025-03-02 16:42:24.139881+00:00
23721,巫母,782936,tt11212572,愛爾蘭,2023-02-24 00:00:00,0,0,96,2025-03-02 01:08:54.339400+00:00,2025-03-02 16:42:24.139881+00:00
24840,我恨我自己,788734,tt18816518,挪威,2023-07-07 00:00:00,0,1051375,97,2025-03-02 01:08:54.339400+00:00,2025-03-02 16:42:24.139881+00:00
26756,鬼影直播,1070535,tt25730490,瑞典,2024-02-23 00:00:00,2150000,0,97,2025-03-02 01:08:54.339400+00:00,2025-03-02 16:42:24.139881+00:00
26691,上流誘惑,1048516,tt24464438,波蘭,2024-02-16 00:00:00,0,0,98,2025-03-02 01:08:54.339400+00:00,2025-03-02 16:42:24.139881+00:00
27233,如果我可以冬眠,986855,tt21605226,蒙古,2024-04-26 00:00:00,0,0,98,2025-03-02 01:08:54.339400+00:00,2025-03-02 16:42:24.139881+00:00
24551,惡靈魔洛剋,959558,tt14412446,荷蘭,2023-06-16 00:00:00,0,558917,99,2025-03-02 01:08:54.339400+00:00,2025-03-02 16:42:24.139881+00:00
22523,女孩與蜘蛛,517815,tt11967484,瑞士,2022-12-02 00:00:00,0,0,99,2025-03-02 01:08:54.339400+00:00,2025-03-02 16:42:24.139881+00:00
29085,皇后復仇中,976581,tt20114686,盧森堡,2024-10-25 00:00:00,0,0,99,2025-03-02 01:08:54.339400+00:00,2025-03-02 16:42:24.139881+00:00
20191,天菜特警,792775,tt13882736,冰島,2021-12-10 00:00:00,0,0,100,2025-03-02 01:08:54.339400+00:00,2025-03-02 16:42:24.139881+00:00
19922,夢想裁縫師,764810,tt13317230,希臘,2021-12-17 00:00:00,0,0,100,2025-03-02 01:08:54.339400+00:00,2025-03-02 16:42:24.139881+00:00
25630,戰火邊緣的青春,853084,tt11389212,烏克蘭,2023-10-13 00:00:00,0,0,100,2025-03-02 01:08:54.339400+00:00,2025-03-02 16:42:24.139881+00:00
22198,沒有煙硝的日子,913760,tt16315948,烏克蘭,2022-12-29 00:00:00,0,0,100,2025-03-02 01:08:54.339400+00:00,2025-03-02 16:42:24.139881+00:00
21709,偉大的印度廚房,786064,tt13299890,印度,2022-07-08 00:00:00,888514,0,100,2025-03-02 01:08:54.339400+00:00,2025-03-02 16:42:24.139881+00:00
26481,巫術,1015936,tt20782072,瑞典,2023-12-22 00:00:00,2200000,0,100,2025-03-02 01:08:54.339400+00:00,2025-03-02 16:42:24.139881+00:00
21380,當女孩戀愛時,683363,tt13328800,芬蘭,2022-07-22 00:00:00,1800000,0,100,2025-03-02 01:08:54.339400+00:00,2025-03-02 16:42:24.139881+00:00
26212,我們從末日開始,973778,tt21810682,盧森堡,2023-12-08 00:00:00,10000000,604830,101,2025-03-02 01:08:54.339400+00:00,2025-03-02 16:42:24.139881+00:00
27989,血色之路,989589,tt10370812,智利,2024-10-01 00:00:00,0,0,101,2025-03-02 01:08:54.339400+00:00,2025-03-02 16:42:24.139881+00:00
27891,魔女荷莉,989496,tt13866832,比利時,2024-09-20 00:00:00,2700000,0,102,2025-03-02 01:08:54.339400+00:00,2025-03-02 16:42:24.139881+00:00
24061,血忌,1015079,tt22205036,馬來西亞,2023-04-14 00:00:00,0,0,102,2025-03-02 01:08:54.339400+00:00,2025-03-02 16:42:24.139881+00:00
21155,月影歸途,987424,,阿根廷,2022-05-20 00:00:00,0,0,102,2025-03-02 01:08:54.339400+00:00,2025-03-02 16:42:24.139881+00:00
23154,閨蜜大狂殺,934207,tt9602472,澳洲,2022-12-16 00:00:00,0,0,102,2025-03-02 01:08:54.339400+00:00,2025-03-02 16:42:24.139881+00:00
25591,幸福的所在,997659,tt21230074,克羅埃西亞,2023-10-13 00:00:00,390000,0,102,2025-03-02 01:08:54.339400+00:00,2025-03-02 16:42:24.139881+00:00
22111,聽見心嘻望,575764,tt14773800,摩洛哥,2022-09-23 00:00:00,0,0,103,2025-03-02 01:08:54.339400+00:00,2025-03-02 16:42:24.139881+00:00
15271,熱帶雨,584242,tt9822706,新加坡,2020-01-31 00:00:00,0,0,103,2025-03-02 01:08:54.339400+00:00,2025-03-02 16:42:24.139881+00:00
28302,流氓驅魔師,1280832,tt32277855,新加坡,2024-09-20 00:00:00,0,0,104,2025-03-02 01:08:54.339400+00:00,2025-03-02 16:42:24.139881+00:00
28456,薩滿男孩,730256,tt27816866,蒙古,2024-09-27 00:00:00,0,0,104,2025-03-02 01:08:54.339400+00:00,2025-03-02 16:42:24.139881+00:00
24253,鷹勇潛艦,611854,tt4741504,波蘭,2023-05-19 00:00:00,3100000,196401,104,2025-03-02 01:08:54.339400+00:00,2025-03-02 16:42:24.139881+00:00
19764,忍者寶寶,654074,tt13821562,挪威,2022-01-14 00:00:00,0,0,104,2025-03-02 01:08:54.339400+00:00,2025-03-02 16:42:24.139881+00:00
29093,殺,1160018,tt28259207,印度,2024-11-22 00:00:00,4800000,5600000,105,2025-03-02 01:08:54.339400+00:00,2025-03-02 16:42:24.139881+00:00
18318,南巫,759524,tt13212046,馬來西亞,2021-04-01 00:00:00,0,0,105,2025-03-02 01:08:54.339400+00:00,2025-03-02 16:42:24.139881+00:00
29155,罪惡對決,1027073,tt15782690,愛爾蘭,2024-11-02 00:00:00,0,0,106,2025-03-02 01:08:54.339400+00:00,2025-03-02 16:42:24.139881+00:00
21626,野蠻人入侵,796151,tt14760842,馬來西亞,2022-07-15 00:00:00,0,0,106,2025-03-02 01:08:54.339400+00:00,2025-03-02 16:42:24.139881+00:00
25359,尋父冒險記,1005141,tt19783714,烏克蘭,2023-11-10 00:00:00,750000,904000,106,2025-03-02 01:08:54.339400+00:00,2025-03-02 16:42:24.139881+00:00
29400,魔法小紅書,1333099,tt9881850,阿根廷,2025-01-10 00:00:00,0,0,106,2025-03-02 01:08:54.339400+00:00,2025-03-02 16:42:24.139881+00:00
24088,地中海發燒友,958291,tt19785426,巴勒斯坦,2023-04-21 00:00:00,0,0,108,2025-03-02 01:08:54.339400+00:00,2025-03-02 16:42:24.139881+00:00
22877,星夢性快感,592695,tt8550054,瑞典,2022-11-11 00:00:00,1800000,393824,108,2025-03-02 01:08:54.339400+00:00,2025-03-02 16:42:24.139881+00:00
21221,鬼雙胞,477462,tt12390572,芬蘭,2022-05-20 00:00:00,2620000,492000,109,2025-03-02 01:08:54.339400+00:00,2025-03-02 16:42:24.139881+00:00
16189,不丹是教室,627087,tt10189300,不丹,2020-07-10 00:00:00,0,0,109,2025-03-02 01:08:54.339400+00:00,2025-03-02 16:42:24.139881+00:00
21045,阿哈：帶我走,655738,tt10851414,瑞士,2022-05-13 00:00:00,0,0,109,2025-03-02 01:08:54.339400+00:00,2025-03-02 16:42:24.139881+00:00
27645,催眠,68477,tt0228807,挪威,2024-08-23 00:00:00,0,0,110,2025-03-02 01:08:54.339400+00:00,2025-03-02 16:42:24.139881+00:00
20903,天堂電影院,821494,tt9681686,印度,2022-04-15 00:00:00,2000000,0,110,2025-03-02 01:08:54.339400+00:00,2025-03-02 16:42:24.139881+00:00
26384,阿爾及爾的末代王后,958161,tt18039808,阿爾及利亞,2023-11-24 00:00:00,0,0,110,2025-03-02 01:08:54.339400+00:00,2025-03-02 16:42:24.139881+00:00
26803,踹你死功夫,1050904,tt20420790,愛沙尼亞,2024-05-24 00:00:00,2900000,14861,110,2025-03-02 01:08:54.339400+00:00,2025-03-02 16:42:24.139881+00:00
19991,花果飄零,889507,tt15575176,澳洲,2022-03-04 00:00:00,0,0,110,2025-03-02 01:08:54.339400+00:00,2025-03-02 16:42:24.139881+00:00
26127,餓之必要,938250,tt18235146,澳洲,2023-12-22 00:00:00,0,0,110,2025-03-02 01:08:54.339400+00:00,2025-03-02 16:42:24.139881+00:00
24494,永遠的好麻吉,872556,tt15386680,印度,2023-07-28 00:00:00,0,0,111,2025-03-02 01:08:54.339400+00:00,2025-03-02 16:42:24.139881+00:00
27234,不丹沒有槍,1109237,tt15560314,不丹,2024-04-25 00:00:00,0,0,111,2025-03-02 01:08:54.339400+00:00,2025-03-02 16:42:24.139881+00:00
24105,神鬼聖戰,296271,tt9663168,捷克,2023-05-12 00:00:00,0,0,111,2025-03-02 01:08:54.339400+00:00,2025-03-02 16:42:24.139881+00:00
26208,夢想紅舞鞋,1075010,tt14838460,澳大利亞,2023-11-24 00:00:00,0,0,111,2025-03-02 01:08:54.339400+00:00,2025-03-02 16:42:24.139881+00:00
26147,無法融化的祕密,923387,tt7636728,比利時,2024-04-12 00:00:00,0,0,111,2025-03-02 01:08:54.339400+00:00,2025-03-02 16:42:24.139881+00:00
27070,超危險警探,978592,tt8542964,澳洲,2024-04-03 00:00:00,0,0,112,2025-03-02 01:08:54.339400+00:00,2025-03-02 16:42:24.139881+00:00
26387,我不是教你詐,1137196,tt27996716,保加利亞,2024-01-19 00:00:00,0,0,114,2025-03-02 01:08:54.339400+00:00,2025-03-02 16:42:24.139881+00:00
23516,束縛,888321,tt11992694,奧地利,2023-02-10 00:00:00,7580600,3092534,114,2025-03-02 01:08:54.339400+00:00,2025-03-02 16:42:24.139881+00:00
20414,反恐行動：獨立日,655302,tt11636880,芬蘭,2022-02-18 00:00:00,8476000,0,115,2025-03-02 01:08:54.339400+00:00,2025-03-02 16:42:24.139881+00:00
20652,懾影屍,655363,tt9834506,匈牙利,2022-06-02 00:00:00,0,0,115,2025-03-02 01:08:54.339400+00:00,2025-03-02 16:42:24.139881+00:00
26140,富都青年,1027982,tt27445004,馬來西亞,2023-12-01 00:00:00,653000,1363827,115,2025-03-02 01:08:54.339400+00:00,2025-03-02 16:42:24.139881+00:00
27944,農民：愛慾情謎,734002,tt10651230,波蘭,2024-08-02 00:00:00,7475000,10064347,115,2025-03-02 01:08:54.339400+00:00,2025-03-02 16:42:24.139881+00:00
23488,萬惡世代,782044,tt13419036,立陶宛,2023-01-27 00:00:00,0,0,115,2025-03-02 01:08:54.339400+00:00,2025-03-02 16:42:24.139881+00:00
25182,五月雪,973587,tt28449053,馬來西亞,2023-11-11 00:00:00,0,0,116,2025-03-02 01:08:54.339400+00:00,2025-03-02 16:42:24.139881+00:00
21706,朵貝的愛情繪本,608232,tt11007444,芬蘭,2022-07-15 00:00:00,4243000,0,116,2025-03-02 01:08:54.339400+00:00,2025-03-02 16:42:24.139881+00:00
20556,愛你讓我自由,835975,tt14775784,奧地利,2022-03-25 00:00:00,0,218511,116,2025-03-02 01:08:54.339400+00:00,2025-03-02 16:42:24.139881+00:00
28207,十字路口的豬,1287986,tt32547207,不丹,2024-10-25 00:00:00,0,0,117,2025-03-02 01:08:54.339400+00:00,2025-03-02 16:42:24.139881+00:00
22265,詭孩,660942,tt4028464,挪威,2022-10-28 00:00:00,3400000,322000,117,2025-03-02 01:08:54.339400+00:00,2025-03-02 16:42:24.139881+00:00
29372,你是我眼中的那道光,927547,tt32086077,印度,2024-12-27 00:00:00,0,3010117,118,2025-03-02 01:08:54.339400+00:00,2025-03-02 16:42:24.139881+00:00
29086,草迷宮恐怖殺人事件,1327383,tt31710879,菲律賓,2024-11-01 00:00:00,0,0,119,2025-03-02 01:08:54.339400+00:00,2025-03-02 16:42:24.139881+00:00
27046,禁忌之慾,1017066,tt21249656,波蘭,2024-04-12 00:00:00,0,2318915,119,2025-03-02 01:08:54.339400+00:00,2025-03-02 16:42:24.139881+00:00
25862,折翼姊妹,1030991,tt22489308,菲律賓,2023-11-03 00:00:00,0,0,120,2025-03-02 01:08:54.339400+00:00,2025-03-02 16:42:24.139881+00:00
29157,再見了！茱莉亞,1111750,tt14330672,蘇丹,2024-12-13 00:00:00,0,0,120,2025-03-02 01:08:54.339400+00:00,2025-03-02 16:42:24.139881+00:00
28987,惡夢偵相,772450,tt14212142,墨西哥,2024-10-18 00:00:00,0,0,120,2025-03-02 01:08:54.339400+00:00,2025-03-02 16:42:24.139881+00:00
25081,人類之巔3,951048,tt28293875,斯里蘭卡,2024-07-22 00:00:00,0,0,121,2025-03-02 01:08:54.339400+00:00,2025-03-02 16:42:24.139881+00:00
23565,開羅謀殺案,788977,tt15452062,瑞典,2023-01-07 00:00:00,7047000,3646605,121,2025-03-02 01:08:54.339400+00:00,2025-03-02 16:42:24.139881+00:00
23887,雙手的溫柔,958279,tt17679584,摩洛哥,2023-06-16 00:00:00,0,0,122,2025-03-02 01:08:54.339400+00:00,2025-03-02 16:42:24.139881+00:00
21362,霧中風景,47795,tt0096288,希臘,2022-06-03 00:00:00,0,0,125,2025-03-02 01:08:54.339400+00:00,2025-03-02 16:42:24.139881+00:00
18826,革命前夕的摩托車日記,1653,tt0318462,阿根廷,2005-02-25 00:00:00,0,57663224,126,2025-03-02 01:08:54.339400+00:00,2025-03-02 16:42:24.139881+00:00
22707,仇恨謎林,919570,tt18550182,羅馬尼亞,2023-02-10 00:00:00,0,450255,127,2025-03-02 01:08:54.339400+00:00,2025-03-02 16:42:24.139881+00:00
18257,波斯語課,581577,tt9738784,白俄羅斯,2021-03-26 00:00:00,0,3825668,127,2025-03-02 01:08:54.339400+00:00,2025-03-02 16:42:24.139881+00:00
24094,愛情美樂地,962571,tt19719976,巴基斯坦,2023-02-17 00:00:00,0,1200000,127,2025-03-02 01:08:54.339400+00:00,2025-03-02 16:42:24.139881+00:00
21366,希臘二部曲：時光灰燼,51735,tt0765442,希臘,2022-05-28 00:00:00,0,0,128,2025-03-02 01:08:54.339400+00:00,2025-03-02 16:42:24.139881+00:00
23886,炎日,682152,tt14859416,土耳其,2023-05-12 00:00:00,0,0,131,2025-03-02 01:08:54.339400+00:00,2025-03-02 16:42:24.139881+00:00
28219,小孩不笨3,1287250,tt32363253,新加坡,2024-09-03 00:00:00,0,0,132,2025-03-02 01:08:54.339400+00:00,2025-03-02 16:42:24.139881+00:00
23193,無法無天,598,tt0317248,巴西,2022-12-10 00:00:00,3300000,30641770,135,2025-03-02 01:08:54.339400+00:00,2025-03-02 16:42:24.139881+00:00
21528,拜金女王的性愛派對,881764,tt11871074,波蘭,2022-06-24 00:00:00,0,0,136,2025-03-02 01:08:54.339400+00:00,2025-03-02 16:42:24.139881+00:00
27047,錢不夠用3：全部夠用,1238576,tt29383540,新加坡,2024-04-30 00:00:00,2000000,0,138,2025-03-02 01:08:54.339400+00:00,2025-03-02 16:42:24.139881+00:00
21360,塞瑟島之旅,47792,tt0088241,希臘,2022-05-29 00:00:00,0,0,139,2025-03-02 01:08:54.339400+00:00,2025-03-02 16:42:24.139881+00:00
24867,神選之地,960206,tt19623228,冰島,2023-08-25 00:00:00,5000000,1560518,143,2025-03-02 01:08:54.339400+00:00,2025-03-02 16:42:24.139881+00:00
29524,香巴拉,1234593,tt30804400,尼泊爾,2025-01-10 00:00:00,0,0,150,2025-03-02 01:08:54.339400+00:00,2025-03-02 16:42:24.139881+00:00
22895,喬治亞天空下 ,795815,tt14035154,喬治亞,2022-11-18 00:00:00,0,24862,150,2025-03-02 01:08:54.339400+00:00,2025-03-02 16:42:24.139881+00:00
23828,幸運狗狗來造訪,634120,tt7466810,印度,2023-07-20 00:00:00,0,0,166,2025-03-02 01:08:54.339400+00:00,2025-03-02 16:42:24.139881+00:00
23188,梵天神器：滅世開端,496331,tt6277462,印度,2022-12-02 00:00:00,22000000,0,168,2025-03-02 01:08:54.339400+00:00,2025-03-02 16:42:24.139881+00:00
1691,地下社會,11902,tt0114787,南斯拉夫,2015-05-15 00:00:00,14000000,0,170,2025-03-02 01:08:54.339400+00:00,2025-03-02 16:42:24.139881+00:00
20962,忌妒的藍圖,574078,tt8205028,匈牙利,2022-06-24 00:00:00,10000000,0,170,2025-03-02 01:08:54.339400+00:00,2025-03-02 16:42:24.139881+00:00
26314,春風勁草,665733,tt13231544,土耳其,2023-12-29 00:00:00,3720000,0,197,2025-03-02 01:08:54.339400+00:00,2025-03-02 16:42:24.139881+00:00
24240,破碎太陽之心,,,中國,2023-04-29 00:00:00,,,,2025-03-02 01:08:54.339400+00:00,2025-03-02 16:42:24.139881+00:00
22791,溫暖的抱抱,,,中國,2022-10-29 00:00:00,,,,2025-03-02 01:08:54.339400+00:00,2025-03-02 16:42:24.139881+00:00
26871,新封神榜：楊戩,,,中國,2024-07-26 00:00:00,,,,2025-03-02 01:08:54.339400+00:00,2025-03-02 16:42:24.139881+00:00
27178,熊出沒．伴我“熊芯”,,,中國,2024-05-07 00:00:00,,,,2025-03-02 01:08:54.339400+00:00,2025-03-02 16:42:24.139881+00:00
26939,雞蛋和石頭,,,中國,2024-03-16 00:00:00,,,,2025-03-02 01:08:54.339400+00:00,2025-03-02 16:42:24.139881+00:00
20747,如果有一天我將會離開你,,,中國,2022-03-25 00:00:00,,,,2025-03-02 01:08:54.339400+00:00,2025-03-02 16:42:24.139881+00:00
26428,絕地追擊,,,中國,2023-12-08 00:00:00,,,,2025-03-02 01:08:54.339400+00:00,2025-03-02 16:42:24.139881+00:00
23465,一直一直都很喜歡你,1022830,tt18689962,中國,2023-06-30 00:00:00,0,0,0,2025-03-02 01:08:54.339400+00:00,2025-03-02 16:42:24.139881+00:00
27945,前途海量,1290839,,中國,2024-07-12 00:00:00,0,0,0,2025-03-02 01:08:54.339400+00:00,2025-03-02 16:42:24.139881+00:00
21423,李茂扮太子,903125,tt17005404,中國,2022-07-22 00:00:00,0,72760000,0,2025-03-02 01:08:54.339400+00:00,2025-03-02 16:42:24.139881+00:00
16612,蘇州河,11599,tt0234837,中國,2020-08-28 00:00:00,0,0,83,2025-03-02 01:08:54.339400+00:00,2025-03-02 16:42:24.139881+00:00
20054,藍宇,27062,tt0292066,中國,2021-12-10 00:00:00,0,0,86,2025-03-02 01:08:54.339400+00:00,2025-03-02 16:42:24.139881+00:00
26742,沉默筆錄,1181642,tt10121904,中國,2024-05-17 00:00:00,0,0,91,2025-03-02 01:08:54.339400+00:00,2025-03-02 16:42:24.139881+00:00
24221,熱帶往事,824738,tt8519380,中國,2023-06-02 00:00:00,0,0,95,2025-03-02 01:08:54.339400+00:00,2025-03-02 16:42:24.139881+00:00
29795,浮城謎事,103875,tt2369127,中國,2025-01-10 00:00:00,0,0,98,2025-03-02 01:08:54.339400+00:00,2025-03-02 16:42:24.139881+00:00
29598,一部未完成的電影,878607,tt32186579,中國,2024-12-20 00:00:00,0,0,106,2025-03-02 01:08:54.339400+00:00,2025-03-02 16:42:24.139881+00:00
26560,怒潮,950019,tt18766596,中國,2024-01-05 00:00:00,0,0,107,2025-03-02 01:08:54.339400+00:00,2025-03-02 16:42:24.139881+00:00
23190,這個殺手不太冷靜,923192,tt16254308,中國,2022-12-09 00:00:00,0,393014816,109,2025-03-02 01:08:54.339400+00:00,2025-03-02 16:42:24.139881+00:00
29791,深海,667717,tt25434854,中國,2025-01-29 00:00:00,28700000,136090000,112,2025-03-02 01:08:54.339400+00:00,2025-03-02 16:42:24.139881+00:00
25415,峰爆,862855,tt15413054,中國,2023-09-15 00:00:00,0,58340541,114,2025-03-02 01:08:54.339400+00:00,2025-03-02 16:42:24.139881+00:00
16421,推拿,256106,tt3469964,中國,2025-01-12 00:00:00,0,0,114,2025-03-02 01:08:54.339400+00:00,2025-03-02 16:42:24.139881+00:00
28780,危機航線,949709,tt17501870,中國,2024-10-09 00:00:00,0,41923655,115,2025-03-02 01:08:54.339400+00:00,2025-03-02 16:42:24.139881+00:00
6091,笨鳥,438030,tt6533000,中國,2024-03-15 00:00:00,0,0,116,2025-03-02 01:08:54.339400+00:00,2025-03-02 16:42:24.139881+00:00
29122,春風沉醉的夜晚,117646,tt1422119,中國,2025-01-10 00:00:00,0,0,116,2025-03-02 01:08:54.339400+00:00,2025-03-02 16:42:24.139881+00:00
29165,漂亮朋友,1234779,tt33616511,中國,2025-01-10 00:00:00,0,0,117,2025-03-02 01:08:54.339400+00:00,2025-03-02 16:42:24.139881+00:00
20154,郊區的鳥,537867,tt8747304,中國,2021-12-25 00:00:00,0,0,118,2025-03-02 01:08:54.339400+00:00,2025-03-02 16:42:24.139881+00:00
19250,東北虎,612696,tt10097312,中國,2025-01-11 00:00:00,0,0,118,2025-03-02 01:08:54.339400+00:00,2025-03-02 16:42:24.139881+00:00
29767,來福大酒店,1241476,tt29632792,中國,2025-01-10 00:00:00,0,0,118,2025-03-02 01:08:54.339400+00:00,2025-03-02 16:42:24.139881+00:00
26555,拯救嫌疑人,1155257,tt20836144,中國,2024-01-26 00:00:00,0,79775114,119,2025-03-02 01:08:54.339400+00:00,2025-03-02 16:42:24.139881+00:00
29885,笑傲江湖,18860,tt0100973,中國,2025-01-24 00:00:00,2068041,0,120,2025-03-02 01:08:54.339400+00:00,2025-03-02 16:42:24.139881+00:00
26568,消失的她,1108211,tt17507018,中國,2024-01-12 00:00:00,9500000,334039200,122,2025-03-02 01:08:54.339400+00:00,2025-03-02 16:42:24.139881+00:00
24132,古董局中局,820099,tt11482948,中國,2023-06-02 00:00:00,0,0,123,2025-03-02 01:08:54.339400+00:00,2025-03-02 16:42:24.139881+00:00
25213,海的盡頭是草原,1019619,tt18673234,中國,2023-09-01 00:00:00,0,0,124,2025-03-02 01:08:54.339400+00:00,2025-03-02 16:42:24.139881+00:00
24277,龍馬精神,931102,tt15430628,中國,2023-05-12 00:00:00,0,36232675,126,2025-03-02 01:08:54.339400+00:00,2025-03-02 16:42:24.139881+00:00
21616,于堇：蘭心大劇院,497834,tt8499638,中國,2022-07-22 00:00:00,0,0,127,2025-03-02 01:08:54.339400+00:00,2025-03-02 16:42:24.139881+00:00
26707,莫斯科行動,783121,tt23118352,中國,2024-01-26 00:00:00,0,0,128,2025-03-02 01:08:54.339400+00:00,2025-03-02 16:42:24.139881+00:00
20986,你好，李煥英,758891,tt13364790,中國,2022-05-06 00:00:00,59000000,822049668,128,2025-03-02 01:08:54.339400+00:00,2025-03-02 16:42:24.139881+00:00
22926,四海,827689,tt14509614,中國,2022-12-02 00:00:00,0,85365990,129,2025-03-02 01:08:54.339400+00:00,2025-03-02 16:42:24.139881+00:00
10771,風中有朵雨做的雲,454161,tt8071308,中國,2025-01-11 00:00:00,0,0,129,2025-03-02 01:08:54.339400+00:00,2025-03-02 16:42:24.139881+00:00
22630,野馬分鬃,712164,tt11090178,中國,2022-10-14 00:00:00,0,0,134,2025-03-02 01:08:54.339400+00:00,2025-03-02 16:42:24.139881+00:00
20396,奪冠,638032,tt10670442,中國,2022-04-22 00:00:00,0,0,135,2025-03-02 01:08:54.339400+00:00,2025-03-02 16:42:24.139881+00:00
20319,第一爐香,660002,tt10415576,中國,2022-01-14 00:00:00,0,0,144,2025-03-02 01:08:54.339400+00:00,2025-03-02 16:42:24.139881+00:00
26650,石門,957996,tt14071684,中國,2024-03-29 00:00:00,0,0,148,2025-03-02 01:08:54.339400+00:00,2025-03-02 16:42:24.139881+00:00
11237,大象席地而坐,499556,tt8020896,中國,2019-01-11 00:00:00,2500000,0,234,2025-03-02 01:08:54.339400+00:00,2025-03-02 16:42:24.139881+00:00
22179,逍遙遊,,,中華民國,2011-04-06 00:00:00,,,,2025-03-02 01:08:54.339400+00:00,2025-03-02 16:42:24.139881+00:00
26584,一點一滴的死/長夜/一個女人生命中的三小時/山雨欲來,,,中華民國,2024-01-20 00:00:00,,,,2025-03-02 01:08:54.339400+00:00,2025-03-02 16:42:24.139881+00:00
21949,如霧起時,,,中華民國,2011-04-09 00:00:00,,,,2025-03-02 01:08:54.339400+00:00,2025-03-02 16:42:24.139881+00:00
1626,東西,,,中華民國,2015-12-18 00:00:00,,,,2025-03-02 01:08:54.339400+00:00,2025-03-02 16:42:24.139881+00:00
18531,綠色牢籠,,,中華民國,2021-05-14 00:00:00,,,,2025-03-02 01:08:54.339400+00:00,2025-03-02 16:42:24.139881+00:00
22268,童話·世界,,,中華民國,2022-10-13 00:00:00,,,,2025-03-02 01:08:54.339400+00:00,2025-03-02 16:42:24.139881+00:00
20203,妖果小學─水果奶奶的大秘密,,,中華民國,2022-01-21 00:00:00,,,,2025-03-02 01:08:54.339400+00:00,2025-03-02 16:42:24.139881+00:00
21943,如歌的行板,,,中華民國,2022-11-05 00:00:00,,,,2025-03-02 01:08:54.339400+00:00,2025-03-02 16:42:24.139881+00:00
20853,獨自寂寞+少年阿堯+午後+看海,,,中華民國,2022-04-23 00:00:00,,,,2025-03-02 01:08:54.339400+00:00,2025-03-02 16:42:24.139881+00:00
25681,注意看，這個女人⋯⋯/如果時間在此刻停下/我可以暫時逃跑一下嗎？,,,中華民國,2024-01-21 00:00:00,,,,2025-03-02 01:08:54.339400+00:00,2025-03-02 16:42:24.139881+00:00
21914,兩地,,,中華民國,2011-04-09 00:00:00,,,,2025-03-02 01:08:54.339400+00:00,2025-03-02 16:42:24.139881+00:00
22613,情書/鷺鷥河/二重奏/返來呷飯,,,中華民國,2023-04-23 00:00:00,,,,2025-03-02 01:08:54.339400+00:00,2025-03-02 16:42:24.139881+00:00
21908,無岸之河,,,中華民國,2015-12-18 00:00:00,,,,2025-03-02 01:08:54.339400+00:00,2025-03-02 16:42:24.139881+00:00
21179,費爾的旅程,,,中華民國,2022-05-27 00:00:00,,,,2025-03-02 01:08:54.339400+00:00,2025-03-02 16:42:24.139881+00:00
27328,夏日的文化洋行,,,中華民國,2024-05-14 00:00:00,,,,2025-03-02 01:08:54.339400+00:00,2025-03-02 16:42:24.139881+00:00
26511,我是一片雲〈修復版〉,,,中華民國,2023-12-29 00:00:00,,,,2025-03-02 01:08:54.339400+00:00,2025-03-02 16:42:24.139881+00:00
23377,（真）新的一天,,,中華民國,2024-03-22 00:00:00,,,,2025-03-02 01:08:54.339400+00:00,2025-03-02 16:42:24.139881+00:00
20711,女優 摔吧！,,,中華民國,2022-11-25 00:00:00,,,,2025-03-02 01:08:54.339400+00:00,2025-03-02 16:42:24.139881+00:00
1586,讀中文系的人,,,中華民國,2015-12-18 00:00:00,,,,2025-03-02 01:08:54.339400+00:00,2025-03-02 16:42:24.139881+00:00
4035,禁止下錨+海中網+妹妹+庭中有奇樹,,,中華民國,2022-04-23 00:00:00,,,,2025-03-02 01:08:54.339400+00:00,2025-03-02 16:42:24.139881+00:00
20263,台灣新文學之父—賴和/安安靜靜林雙不,,,中華民國,2022-03-11 00:00:00,,,,2025-03-02 01:08:54.339400+00:00,2025-03-02 16:42:24.139881+00:00
17831,削瘦的靈魂,,,中華民國,2021-03-19 00:00:00,,,,2025-03-02 01:08:54.339400+00:00,2025-03-02 16:42:24.139881+00:00
25897,新寶島曼波,,,中華民國,2023-10-31 00:00:00,,,,2025-03-02 01:08:54.339400+00:00,2025-03-02 16:42:24.139881+00:00
23419,山椒魚來了,,,中華民國,2023-02-10 00:00:00,,,,2025-03-02 01:08:54.339400+00:00,2025-03-02 16:42:24.139881+00:00
20052,有你相伴的旅程,,,中華民國,2021-12-10 00:00:00,,,,2025-03-02 01:08:54.339400+00:00,2025-03-02 16:42:24.139881+00:00
28242,恐怖份子（數位修復版）,,,中華民國,2024-09-14 00:00:00,,,,2025-03-02 01:08:54.339400+00:00,2025-03-02 16:42:24.139881+00:00
20176,諸葛四郎─英雄的英雄,,,中華民國,2021-11-12 00:00:00,,,,2025-03-02 01:08:54.339400+00:00,2025-03-02 16:42:24.139881+00:00
19400,回眸,,,中華民國,2021-10-22 00:00:00,,,,2025-03-02 01:08:54.339400+00:00,2025-03-02 16:42:24.139881+00:00
20674,如夢,,,中華民國,2011-04-15 00:00:00,,,,2025-03-02 01:08:54.339400+00:00,2025-03-02 16:42:24.139881+00:00
27203,由島至島,,,中華民國,2024-11-30 00:00:00,,,,2025-03-02 01:08:54.339400+00:00,2025-03-02 16:42:24.139881+00:00
22372,臥虎藏龍,,,中華民國,2000-07-07 00:00:00,,,,2025-03-02 01:08:54.339400+00:00,2025-03-02 16:42:24.139881+00:00
15876,現場·戰場·夢工場,,,中華民國,2020-10-25 00:00:00,,,,2025-03-02 01:08:54.339400+00:00,2025-03-02 16:42:24.139881+00:00
22080,化城再來人,,,中華民國,2011-04-09 00:00:00,,,,2025-03-02 01:08:54.339400+00:00,2025-03-02 16:42:24.139881+00:00
22108,大俠胡金銓 第一部曲—先知曾經來過,,,中華民國,2022-10-21 00:00:00,,,,2025-03-02 01:08:54.339400+00:00,2025-03-02 16:42:24.139881+00:00
3401,河北臺北+講話沒有在聽,,,中華民國,2016-11-11 00:00:00,,,,2025-03-02 01:08:54.339400+00:00,2025-03-02 16:42:24.139881+00:00
21887,朝向一首詩的完成,,,中華民國,2011-04-09 00:00:00,,,,2025-03-02 01:08:54.339400+00:00,2025-03-02 16:42:24.139881+00:00
29986,所有人都在死/晚風/浮游物,,,中華民國,2025-02-15 00:00:00,,,,2025-03-02 01:08:54.339400+00:00,2025-03-02 16:42:24.139881+00:00
22615,春日郊遊/推特事/塑膠情人,,,中華民國,2023-04-22 00:00:00,,,,2025-03-02 01:08:54.339400+00:00,2025-03-02 16:42:24.139881+00:00
22084,大俠胡金銓 第二部曲—斷腸人在天涯,,,中華民國,2022-10-28 00:00:00,,,,2025-03-02 01:08:54.339400+00:00,2025-03-02 16:42:24.139881+00:00
22908,全明星星光音樂會,,,中華民國,2022-10-29 00:00:00,,,,2025-03-02 01:08:54.339400+00:00,2025-03-02 16:42:24.139881+00:00
29985,殺雞/白雪/貓與雞/春天,,,中華民國,2025-02-15 00:00:00,,,,2025-03-02 01:08:54.339400+00:00,2025-03-02 16:42:24.139881+00:00
22614,魍神之夜/食夢者/殭屍外公,,,中華民國,2023-04-22 00:00:00,,,,2025-03-02 01:08:54.339400+00:00,2025-03-02 16:42:24.139881+00:00
21932,尋找背海的人,,,中華民國,2011-04-09 00:00:00,,,,2025-03-02 01:08:54.339400+00:00,2025-03-02 16:42:24.139881+00:00
25679,五福女孩/隔河/再見觸身/泳夜,,,中華民國,2024-01-20 00:00:00,,,,2025-03-02 01:08:54.339400+00:00,2025-03-02 16:42:24.139881+00:00
20270,送報伕/不屈的魂靈—楊逵,,,中華民國,2022-03-11 00:00:00,,,,2025-03-02 01:08:54.339400+00:00,2025-03-02 16:42:24.139881+00:00
23714,八戒,,,中華民國,2024-05-31 00:00:00,,,,2025-03-02 01:08:54.339400+00:00,2025-03-02 16:42:24.139881+00:00
15719,悲情城市,,,中華民國,2024-02-25 00:00:00,,,,2025-03-02 01:08:54.339400+00:00,2025-03-02 16:42:24.139881+00:00
22687,春水奇譚/屍舞/有了？！,,,中華民國,2023-04-23 00:00:00,,,,2025-03-02 01:08:54.339400+00:00,2025-03-02 16:42:24.139881+00:00
1608,我城,,,中華民國,2015-12-18 00:00:00,,,,2025-03-02 01:08:54.339400+00:00,2025-03-02 16:42:24.139881+00:00
29430,故事 開始的地方—希望閱讀,,,中華民國,2025-01-03 00:00:00,,,,2025-03-02 01:08:54.339400+00:00,2025-03-02 16:42:24.139881+00:00
22011,孫行者傳(國語版),,,中華民國,2022-10-14 00:00:00,,,,2025-03-02 01:08:54.339400+00:00,2025-03-02 16:42:24.139881+00:00
29963,行山,,,中華民國,2025-02-18 00:00:00,,,,2025-03-02 01:08:54.339400+00:00,2025-03-02 16:42:24.139881+00:00
29611,交換禮物,1395259,,中華民國,2024-12-25 00:00:00,0,0,0,2025-03-02 01:08:54.339400+00:00,2025-03-02 16:42:24.139881+00:00
23506,詐團圓,1022862,tt24330660,中華民國,2023-01-20 00:00:00,0,0,0,2025-03-02 01:08:54.339400+00:00,2025-03-02 16:42:24.139881+00:00
29111,台灣超人,1377013,,中華民國,2024-12-06 00:00:00,0,0,0,2025-03-02 01:08:54.339400+00:00,2025-03-02 16:42:24.139881+00:00
22659,你在我心上,1025086,tt22757470,中華民國,2022-10-21 00:00:00,0,0,0,2025-03-02 01:08:54.339400+00:00,2025-03-02 16:42:24.139881+00:00
19122,影子背後,1003994,tt13878178,中華民國,2021-09-17 00:00:00,0,0,0,2025-03-02 01:08:54.339400+00:00,2025-03-02 16:42:24.139881+00:00
25149,我最愛的笨男人,1080494,,中華民國,2023-09-08 00:00:00,0,0,0,2025-03-02 01:08:54.339400+00:00,2025-03-02 16:42:24.139881+00:00
21373,夢遊樂園,899464,tt21969886,中華民國,2023-03-15 00:00:00,0,0,0,2025-03-02 01:08:54.339400+00:00,2025-03-02 16:42:24.139881+00:00
20643,青春換日線,939287,,中華民國,2022-03-11 00:00:00,0,0,0,2025-03-02 01:08:54.339400+00:00,2025-03-02 16:42:24.139881+00:00
22475,稻浪上的夢想家,1200506,,中華民國,2022-11-20 00:00:00,0,0,1,2025-03-02 01:08:54.339400+00:00,2025-03-02 16:42:24.139881+00:00
22327,關於，半夜夢見林默娘乘著海湧把垃圾全丟進我的未來這件塑，好像是真的,1025309,,中華民國,2022-09-16 00:00:00,0,0,17,2025-03-02 01:08:54.339400+00:00,2025-03-02 16:42:24.139881+00:00
24011,獸刑,1153794,,中華民國,2023-08-04 00:00:00,0,0,17,2025-03-02 01:08:54.339400+00:00,2025-03-02 16:42:24.139881+00:00
24012,麻罪犯,1117283,,中華民國,2023-04-28 00:00:00,0,0,18,2025-03-02 01:08:54.339400+00:00,2025-03-02 16:42:24.139881+00:00
24044,X,1165736,,中華民國,2023-09-28 00:00:00,0,0,18,2025-03-02 01:08:54.339400+00:00,2025-03-02 16:42:24.139881+00:00
20922,有時 Mama，有時 Mimi,1009995,,中華民國,2022-04-15 00:00:00,0,0,20,2025-03-02 01:08:54.339400+00:00,2025-03-02 16:42:24.139881+00:00
26780,金門,1203439,tt30523942,中華民國,2024-03-08 00:00:00,0,0,20,2025-03-02 01:08:54.339400+00:00,2025-03-02 16:42:24.139881+00:00
28070,滿七,1239038,,中華民國,2024-08-30 00:00:00,0,0,20,2025-03-02 01:08:54.339400+00:00,2025-03-02 16:42:24.139881+00:00
24036,擒慾女王,1125053,,中華民國,2023-05-19 00:00:00,0,0,20,2025-03-02 01:08:54.339400+00:00,2025-03-02 16:42:24.139881+00:00
21239,還孩子做自己,1153451,,中華民國,2022-05-27 00:00:00,0,0,20,2025-03-02 01:08:54.339400+00:00,2025-03-02 16:42:24.139881+00:00
21748,KULO,1009987,,中華民國,2022-07-08 00:00:00,0,0,21,2025-03-02 01:08:54.339400+00:00,2025-03-02 16:42:24.139881+00:00
21921,我永遠永遠永遠愛你,1009977,,中華民國,2022-08-05 00:00:00,0,0,21,2025-03-02 01:08:54.339400+00:00,2025-03-02 16:42:24.139881+00:00
24059,人之初性本善,1121017,,中華民國,2023-10-06 00:00:00,0,0,21,2025-03-02 01:08:54.339400+00:00,2025-03-02 16:42:24.139881+00:00
24013,花開富貴,1130343,,中華民國,2023-06-09 00:00:00,0,0,25,2025-03-02 01:08:54.339400+00:00,2025-03-02 16:42:24.139881+00:00
21690,家家,975681,,中華民國,2022-06-30 00:00:00,0,0,30,2025-03-02 01:08:54.339400+00:00,2025-03-02 16:42:24.139881+00:00
22673,無邊,1032330,,中華民國,2023-01-06 00:00:00,0,0,60,2025-03-02 01:08:54.339400+00:00,2025-03-02 16:42:24.139881+00:00
27443,阿姨，上學囉！,1308707,,中華民國,2024-07-19 00:00:00,0,0,61,2025-03-02 01:08:54.339400+00:00,2025-03-02 16:42:24.139881+00:00
28611,傷痕-老兵的故事,1401562,,中華民國,2024-12-06 00:00:00,0,0,70,2025-03-02 01:08:54.339400+00:00,2025-03-02 16:42:24.139881+00:00
18618,破輪胎,278445,tt0243494,中華民國,2022-03-20 00:00:00,0,0,73,2025-03-02 01:08:54.339400+00:00,2025-03-02 16:42:24.139881+00:00
19320,沒有人該成為孤島,927480,,中華民國,2022-01-07 00:00:00,0,0,75,2025-03-02 01:08:54.339400+00:00,2025-03-02 16:42:24.139881+00:00
27175,我父英風,1297616,tt32484078,中華民國,2024-08-02 00:00:00,0,0,75,2025-03-02 01:08:54.339400+00:00,2025-03-02 16:42:24.139881+00:00
26220,花若盛開,1209560,,中華民國,2023-11-18 00:00:00,0,0,75,2025-03-02 01:08:54.339400+00:00,2025-03-02 16:42:24.139881+00:00
22710,失序正義,1039769,tt19876798,中華民國,2022-11-25 00:00:00,0,0,76,2025-03-02 01:08:54.339400+00:00,2025-03-02 16:42:24.139881+00:00
27179,台北十日,1330874,,中華民國,2024-09-27 00:00:00,0,0,77,2025-03-02 01:08:54.339400+00:00,2025-03-02 16:42:24.139881+00:00
17799,愛別離苦,946267,tt13370724,中華民國,2022-02-18 00:00:00,0,0,77,2025-03-02 01:08:54.339400+00:00,2025-03-02 16:42:24.139881+00:00
23394,黑的教育,741329,tt22476934,中華民國,2023-03-10 00:00:00,0,0,77,2025-03-02 01:08:54.339400+00:00,2025-03-02 16:42:24.139881+00:00
23835,炸彈客,1093453,,中華民國,2023-04-21 00:00:00,0,0,78,2025-03-02 01:08:54.339400+00:00,2025-03-02 16:42:24.139881+00:00
27415,睏寐之際,1006739,,中華民國,2024-06-07 00:00:00,0,0,79,2025-03-02 01:08:54.339400+00:00,2025-03-02 16:42:24.139881+00:00
21822,民雄鬼屋,931894,tt21618732,中華民國,2022-07-29 00:00:00,0,0,79,2025-03-02 01:08:54.339400+00:00,2025-03-02 16:42:24.139881+00:00
20867,幻日手記 ,900062,tt15740800,中華民國,2022-10-21 00:00:00,0,0,79,2025-03-02 01:08:54.339400+00:00,2025-03-02 16:42:24.139881+00:00
23934,壞男孩,1007944,tt29115814,中華民國,2024-01-05 00:00:00,0,0,79,2025-03-02 01:08:54.339400+00:00,2025-03-02 16:42:24.139881+00:00
28200,OZONE 青春冒險,1318638,,中華民國,2024-08-07 00:00:00,0,0,80,2025-03-02 01:08:54.339400+00:00,2025-03-02 16:42:24.139881+00:00
20375,格瑞特真相,798092,tt12867672,中華民國,2022-05-13 00:00:00,0,0,80,2025-03-02 01:08:54.339400+00:00,2025-03-02 16:42:24.139881+00:00
28311,念念眷村：文學裡的眷村故事,1311577,,中華民國,2024-10-10 00:00:00,0,0,80,2025-03-02 01:08:54.339400+00:00,2025-03-02 16:42:24.139881+00:00
19065,魔法阿媽 4K數位修復版,232468,tt0223391,中華民國,2021-11-26 00:00:00,0,0,80,2025-03-02 01:08:54.339400+00:00,2025-03-02 16:42:24.139881+00:00
25312,愛是一把槍,1155680,tt28484838,中華民國,2023-12-15 00:00:00,0,0,81,2025-03-02 01:08:54.339400+00:00,2025-03-02 16:42:24.139881+00:00
23611,機甲英雄 劇場版 我與我等於無限大(國語版),1170696,,中華民國,2023-08-04 00:00:00,0,0,82,2025-03-02 01:08:54.339400+00:00,2025-03-02 16:42:24.139881+00:00
25737,穿著旗袍的女孩,1331693,tt31913644,中華民國,2024-09-06 00:00:00,0,0,82,2025-03-02 01:08:54.339400+00:00,2025-03-02 16:42:24.139881+00:00
13900,不散（4K修復版）,56616,tt0377556,中華民國,2023-08-11 00:00:00,0,0,82,2025-03-02 01:08:54.339400+00:00,2025-03-02 16:42:24.139881+00:00
25334,邀阿公阿嬤拍B級殭屍片,1167792,tt29497968,中華民國,2023-10-13 00:00:00,0,0,82,2025-03-02 01:08:54.339400+00:00,2025-03-02 16:42:24.139881+00:00
20262,寶島大夢,484574,tt0243132,中華民國,2022-03-20 00:00:00,0,0,82,2025-03-02 01:08:54.339400+00:00,2025-03-02 16:42:24.139881+00:00
28709,日泰小食,1185957,tt14064282,中華民國,2025-01-17 00:00:00,0,0,83,2025-03-02 01:08:54.339400+00:00,2025-03-02 16:42:24.139881+00:00
24214,妖怪森林,1177667,tt30488449,中華民國,2024-01-19 00:00:00,0,0,83,2025-03-02 01:08:54.339400+00:00,2025-03-02 16:42:24.139881+00:00
24023,消失的紫斑蝶,1096018,,中華民國,2023-05-19 00:00:00,0,0,83,2025-03-02 01:08:54.339400+00:00,2025-03-02 16:42:24.139881+00:00
26664,鬼天廈,926188,tt31500748,中華民國,2024-04-19 00:00:00,0,0,84,2025-03-02 01:08:54.339400+00:00,2025-03-02 16:42:24.139881+00:00
23795,守護黑面琵鷺,1084783,tt27033944,中華民國,2023-03-08 00:00:00,0,0,84,2025-03-02 01:08:54.339400+00:00,2025-03-02 16:42:24.139881+00:00
18796,文林銀行,900843,,中華民國,2021-11-12 00:00:00,0,0,84,2025-03-02 01:08:54.339400+00:00,2025-03-02 16:42:24.139881+00:00
17487,修行,877246,tt15488160,中華民國,2022-01-14 00:00:00,0,0,85,2025-03-02 01:08:54.339400+00:00,2025-03-02 16:42:24.139881+00:00
27992,誰殺了比利比莉,1149096,,中華民國,2024-08-23 00:00:00,0,0,85,2025-03-02 01:08:54.339400+00:00,2025-03-02 16:42:24.139881+00:00
21080,教練,960450,,中華民國,2022-05-27 00:00:00,0,0,88,2025-03-02 01:08:54.339400+00:00,2025-03-02 16:42:24.139881+00:00
25103,蘭陵40─演員實驗教室,1124911,tt29053601,中華民國,2023-09-08 00:00:00,0,0,89,2025-03-02 01:08:54.339400+00:00,2025-03-02 16:42:24.139881+00:00
18550,溟溟,1006683,tt27996285,中華民國,2023-06-16 00:00:00,0,0,89,2025-03-02 01:08:54.339400+00:00,2025-03-02 16:42:24.139881+00:00
20312,噩兆,917717,tt16738372,中華民國,2021-12-24 00:00:00,0,0,89,2025-03-02 01:08:54.339400+00:00,2025-03-02 16:42:24.139881+00:00
25522,春行,1083971,tt28772179,中華民國,2024-11-22 00:00:00,0,0,90,2025-03-02 01:08:54.339400+00:00,2025-03-02 16:42:24.139881+00:00
22448,不老騎士-歐兜邁環台日記,137686,tt2567390,中華民國,2012-10-12 00:00:00,0,0,90,2025-03-02 01:08:54.339400+00:00,2025-03-02 16:42:24.139881+00:00
23729,九槍,1029179,tt22463330,中華民國,2023-03-14 00:00:00,0,0,90,2025-03-02 01:08:54.339400+00:00,2025-03-02 16:42:24.139881+00:00
21165,神人之家,937356,tt19609954,中華民國,2022-11-25 00:00:00,0,0,90,2025-03-02 01:08:54.339400+00:00,2025-03-02 16:42:24.139881+00:00
1394,西部來的人,316569,tt0176331,中華民國,2022-03-20 00:00:00,0,0,90,2025-03-02 01:08:54.339400+00:00,2025-03-02 16:42:24.139881+00:00
21731,聖石傳說,24614,tt0347996,中華民國,2000-01-22 00:00:00,0,0,90,2025-03-02 01:08:54.339400+00:00,2025-03-02 16:42:24.139881+00:00
12575,風兒踢踏踩,87953,tt0082371,中華民國,2019-10-19 00:00:00,0,0,90,2025-03-02 01:08:54.339400+00:00,2025-03-02 16:42:24.139881+00:00
19064,廢棄之城,767246,tt13236576,中華民國,2021-10-29 00:00:00,0,0,91,2025-03-02 01:08:54.339400+00:00,2025-03-02 16:42:24.139881+00:00
28636,愛子歸來,937855,,中華民國,2024-11-01 00:00:00,0,0,91,2025-03-02 01:08:54.339400+00:00,2025-03-02 16:42:24.139881+00:00
20005,尋找神話之鳥,984997,,中華民國,2021-12-17 00:00:00,0,0,91,2025-03-02 01:08:54.339400+00:00,2025-03-02 16:42:24.139881+00:00
21171,勸世三姊妹：大銀幕特別版,1035872,,中華民國,2022-05-14 00:00:00,0,0,92,2025-03-02 01:08:54.339400+00:00,2025-03-02 16:42:24.139881+00:00
19624,17歲的天空 4K數位修復版,27101,tt0420627,中華民國,2021-10-02 00:00:00,0,0,93,2025-03-02 01:08:54.339400+00:00,2025-03-02 16:42:24.139881+00:00
20051,兜兜風,899387,tt15743072,中華民國,2022-09-16 00:00:00,0,0,93,2025-03-02 01:08:54.339400+00:00,2025-03-02 16:42:24.139881+00:00
20805,再會啦  白宮,985569,,中華民國,2022-05-20 00:00:00,0,0,93,2025-03-02 01:08:54.339400+00:00,2025-03-02 16:42:24.139881+00:00
26795,尋找湯德章,1236428,tt31502586,中華民國,2024-03-15 00:00:00,0,0,93,2025-03-02 01:08:54.339400+00:00,2025-03-02 16:42:24.139881+00:00
26479,魅舞,1223386,,中華民國,2024-01-19 00:00:00,0,0,93,2025-03-02 01:08:54.339400+00:00,2025-03-02 16:42:24.139881+00:00
19630,再說一次我願意,846517,tt15677260,中華民國,2022-01-19 00:00:00,0,0,94,2025-03-02 01:08:54.339400+00:00,2025-03-02 16:42:24.139881+00:00
20053,我記得,302528,tt3704050,中華民國,2021-12-24 00:00:00,0,1986615,94,2025-03-02 01:08:54.339400+00:00,2025-03-02 16:42:24.139881+00:00
1593,1918,74107,tt0088645,中華民國,2015-12-18 00:00:00,0,0,94,2025-03-02 01:08:54.339400+00:00,2025-03-02 16:42:24.139881+00:00
24035,化劫,977209,tt20247796,中華民國,2023-06-20 00:00:00,0,0,94,2025-03-02 01:08:54.339400+00:00,2025-03-02 16:42:24.139881+00:00
21174,孫行者傳,1026182,,中華民國,2022-08-25 00:00:00,0,0,95,2025-03-02 01:08:54.339400+00:00,2025-03-02 16:42:24.139881+00:00
23843,做工的人電影版,1026559,tt26936155,中華民國,2023-03-31 00:00:00,0,0,95,2025-03-02 01:08:54.339400+00:00,2025-03-02 16:42:24.139881+00:00
17116,嗨！神獸,740823,tt13217182,中華民國,2022-02-01 00:00:00,0,0,95,2025-03-02 01:08:54.339400+00:00,2025-03-02 16:42:24.139881+00:00
24053,空巢,975817,tt28525465,中華民國,2023-04-21 00:00:00,0,0,95,2025-03-02 01:08:54.339400+00:00,2025-03-02 16:42:24.139881+00:00
12236,彩雲飛,438210,tt1216278,中華民國,2019-01-19 00:00:00,0,0,95,2025-03-02 01:08:54.339400+00:00,2025-03-02 16:42:24.139881+00:00
24054,不能流淚的悲傷,1077310,tt27042866,中華民國,2023-04-21 00:00:00,0,8180000,97,2025-03-02 01:08:54.339400+00:00,2025-03-02 16:42:24.139881+00:00
22660,小藍,975575,tt21881700,中華民國,2022-11-04 00:00:00,0,0,97,2025-03-02 01:08:54.339400+00:00,2025-03-02 16:42:24.139881+00:00
27925,嘎啦,1270769,tt32757742,中華民國,2024-07-19 00:00:00,0,0,97,2025-03-02 01:08:54.339400+00:00,2025-03-02 16:42:24.139881+00:00
21200,夏日天空的那匹紅馬,814174,tt14071634,中華民國,2022-12-23 00:00:00,0,0,98,2025-03-02 01:08:54.339400+00:00,2025-03-02 16:42:24.139881+00:00
20354,初戀慢半拍,933785,tt14401290,中華民國,2022-08-24 00:00:00,0,0,98,2025-03-02 01:08:54.339400+00:00,2025-03-02 16:42:24.139881+00:00
14496,不想一個人,890538,tt15743140,中華民國,2021-12-24 00:00:00,0,0,98,2025-03-02 01:08:54.339400+00:00,2025-03-02 16:42:24.139881+00:00
21839,動物感傷の清晨,937101,tt15435040,中華民國,2023-10-13 00:00:00,0,0,98,2025-03-02 01:08:54.339400+00:00,2025-03-02 16:42:24.139881+00:00
23139,一起一起,1050665,,中華民國,2022-12-16 00:00:00,0,0,98,2025-03-02 01:08:54.339400+00:00,2025-03-02 16:42:24.139881+00:00
18306,詭祭,660001,tt10639214,中華民國,2021-12-03 00:00:00,0,0,98,2025-03-02 01:08:54.339400+00:00,2025-03-02 16:42:24.139881+00:00
23831,我和我的賽車老爸,975810,tt28220721,中華民國,2023-08-09 00:00:00,0,0,99,2025-03-02 01:08:54.339400+00:00,2025-03-02 16:42:24.139881+00:00
24257,WOMEN 我們不知道的事,1121326,,中華民國,2023-11-10 00:00:00,0,0,99,2025-03-02 01:08:54.339400+00:00,2025-03-02 16:42:24.139881+00:00
27660,客人主人,1305515,,中華民國,2024-06-19 00:00:00,0,0,99,2025-03-02 01:08:54.339400+00:00,2025-03-02 16:42:24.139881+00:00
24066,速命道,1012267,tt27033991,中華民國,2023-04-27 00:00:00,0,0,99,2025-03-02 01:08:54.339400+00:00,2025-03-02 16:42:24.139881+00:00
27961,導演你有病,1226599,tt33292292,中華民國,2024-09-06 00:00:00,0,0,99,2025-03-02 01:08:54.339400+00:00,2025-03-02 16:42:24.139881+00:00
27121,我在這裡等你,1214266,tt31843865,中華民國,2024-05-10 00:00:00,0,0,100,2025-03-02 01:08:54.339400+00:00,2025-03-02 16:42:24.139881+00:00
27723,我想和你在一起,1283068,tt32332866,中華民國,2024-07-05 00:00:00,0,0,100,2025-03-02 01:08:54.339400+00:00,2025-03-02 16:42:24.139881+00:00
28890,曦曦,1265692,tt32079860,中華民國,2024-12-27 00:00:00,0,0,100,2025-03-02 01:08:54.339400+00:00,2025-03-02 16:42:24.139881+00:00
18755,老鷹之手,891566,,中華民國,2021-10-29 00:00:00,0,0,100,2025-03-02 01:08:54.339400+00:00,2025-03-02 16:42:24.139881+00:00
29379,鳳姐,1015623,tt29306913,中華民國,2024-12-06 00:00:00,0,0,100,2025-03-02 01:08:54.339400+00:00,2025-03-02 16:42:24.139881+00:00
25306,女鬼橋2：怨鬼樓,999087,tt21962086,中華民國,2023-10-13 00:00:00,0,0,101,2025-03-02 01:08:54.339400+00:00,2025-03-02 16:42:24.139881+00:00
26594,她說,1233209,,中華民國,2024-05-24 00:00:00,0,0,101,2025-03-02 01:08:54.339400+00:00,2025-03-02 16:42:24.139881+00:00
19357,美國女孩,878987,tt15620158,中華民國,2021-12-03 00:00:00,0,0,101,2025-03-02 01:08:54.339400+00:00,2025-03-02 16:42:24.139881+00:00
24752,小子,1008742,tt30842823,中華民國,2024-02-08 00:00:00,0,0,101,2025-03-02 01:08:54.339400+00:00,2025-03-02 16:42:24.139881+00:00
27879,愛的噩夢,1078374,tt32536634,中華民國,2024-07-12 00:00:00,0,0,102,2025-03-02 01:08:54.339400+00:00,2025-03-02 16:42:24.139881+00:00
14720,期末考,810020,tt11319188,中華民國,2021-08-20 00:00:00,0,0,103,2025-03-02 01:08:54.339400+00:00,2025-03-02 16:42:24.139881+00:00
20175,素還真,925725,tt16077426,中華民國,2022-01-28 00:00:00,0,0,103,2025-03-02 01:08:54.339400+00:00,2025-03-02 16:42:24.139881+00:00
19402,鱷魚,860887,tt15445340,中華民國,2021-10-08 00:00:00,0,0,103,2025-03-02 01:08:54.339400+00:00,2025-03-02 16:42:24.139881+00:00
25422,小曉,1005996,tt29566160,中華民國,2023-12-08 00:00:00,0,0,103,2025-03-02 01:08:54.339400+00:00,2025-03-02 16:42:24.139881+00:00
20725,頭七,918035,tt21404042,中華民國,2022-04-01 00:00:00,0,0,103,2025-03-02 01:08:54.339400+00:00,2025-03-02 16:42:24.139881+00:00
28088,為我辦一場西式的喪禮,1235022,tt33381781,中華民國,2024-10-25 00:00:00,0,0,104,2025-03-02 01:08:54.339400+00:00,2025-03-02 16:42:24.139881+00:00
24663,查無此心,1006763,tt22742070,中華民國,2023-09-08 00:00:00,0,0,104,2025-03-02 01:08:54.339400+00:00,2025-03-02 16:42:24.139881+00:00
25116,我的麻吉4個鬼,993092,tt28349905,中華民國,2023-08-18 00:00:00,0,0,104,2025-03-02 01:08:54.339400+00:00,2025-03-02 16:42:24.139881+00:00
28830,默殺：無聲之地,1019828,tt22171834,中華民國,2024-10-18 00:00:00,0,0,105,2025-03-02 01:08:54.339400+00:00,2025-03-02 16:42:24.139881+00:00
26439,鬼才之道,1006724,tt17079606,中華民國,2024-08-07 00:00:00,0,0,105,2025-03-02 01:08:54.339400+00:00,2025-03-02 16:42:24.139881+00:00
20920,給阿媽的一封信,874781,,中華民國,2022-05-20 00:00:00,0,0,105,2025-03-02 01:08:54.339400+00:00,2025-03-02 16:42:24.139881+00:00
26546,莎莉,1007980,tt20916374,中華民國,2024-04-03 00:00:00,0,0,105,2025-03-02 01:08:54.339400+00:00,2025-03-02 16:42:24.139881+00:00
26076,赤心巔峰,1168337,,中華民國,2023-12-25 00:00:00,0,0,105,2025-03-02 01:08:54.339400+00:00,2025-03-02 16:42:24.139881+00:00
28395,乒乓男孩,1027588,tt32332834,中華民國,2024-10-25 00:00:00,0,0,105,2025-03-02 01:08:54.339400+00:00,2025-03-02 16:42:24.139881+00:00
24370,南方，寂寞鐵道,1021768,tt22746776,中華民國,2023-05-24 00:00:00,0,0,106,2025-03-02 01:08:54.339400+00:00,2025-03-02 16:42:24.139881+00:00
23671,本日公休,956288,tt26686277,中華民國,2023-02-26 00:00:00,0,0,106,2025-03-02 01:08:54.339400+00:00,2025-03-02 16:42:24.139881+00:00
19662,售命,942953,,中華民國,2022-04-29 00:00:00,0,0,106,2025-03-02 01:08:54.339400+00:00,2025-03-02 16:42:24.139881+00:00
1585,奼紫嫣紅開遍,375281,,中華民國,2015-12-18 00:00:00,0,0,106,2025-03-02 01:08:54.339400+00:00,2025-03-02 16:42:24.139881+00:00
23701,明天比昨天長久,1006664,tt11930188,中華民國,2024-01-19 00:00:00,0,0,106,2025-03-02 01:08:54.339400+00:00,2025-03-02 16:42:24.139881+00:00
16508,逆者,868682,tt12205628,中華民國,2020-08-07 00:00:00,0,0,107,2025-03-02 01:08:54.339400+00:00,2025-03-02 16:42:24.139881+00:00
27567,小雁與吳愛麗,1084740,tt33290581,中華民國,2024-10-10 00:00:00,0,0,107,2025-03-02 01:08:54.339400+00:00,2025-03-02 16:42:24.139881+00:00
23355,想見你,804725,tt24786154,中華民國,2022-12-30 00:00:00,0,62655572,107,2025-03-02 01:08:54.339400+00:00,2025-03-02 16:42:24.139881+00:00
16901,海霧,734732,tt12929746,中華民國,2020-09-11 00:00:00,2000000,0,107,2025-03-02 01:08:54.339400+00:00,2025-03-02 16:42:24.139881+00:00
15629,男人與他的海,764425,tt12194516,中華民國,2021-04-01 00:00:00,0,0,108,2025-03-02 01:08:54.339400+00:00,2025-03-02 16:42:24.139881+00:00
22082,科學少女,957112,tt22497950,中華民國,2022-09-16 00:00:00,0,0,108,2025-03-02 01:08:54.339400+00:00,2025-03-02 16:42:24.139881+00:00
28241,戀戀風塵（數位修復版）,45996,tt0091406,中華民國,2024-08-17 00:00:00,0,0,109,2025-03-02 01:08:54.339400+00:00,2025-03-02 16:42:24.139881+00:00
26635,還錢,1166073,tt30698096,中華民國,2024-01-27 00:00:00,0,0,109,2025-03-02 01:08:54.339400+00:00,2025-03-02 16:42:24.139881+00:00
16356,恐怖份子,78450,tt0091355,中華民國,2020-06-24 00:00:00,0,0,109,2025-03-02 01:08:54.339400+00:00,2025-03-02 16:42:24.139881+00:00
19957,高山上的熱氣球,893252,tt15096446,中華民國,2021-12-22 00:00:00,0,0,109,2025-03-02 01:08:54.339400+00:00,2025-03-02 16:42:24.139881+00:00
25818,撼山河 撼向世界,1168336,tt29236840,中華民國,2023-11-01 00:00:00,0,0,109,2025-03-02 01:08:54.339400+00:00,2025-03-02 16:42:24.139881+00:00
27873,刺心切骨,940247,tt15424716,中華民國,2024-12-29 00:00:00,0,0,109,2025-03-02 01:08:54.339400+00:00,2025-03-02 16:42:24.139881+00:00
25104,粽邪3 :鬼門開,1033667,tt27941077,中華民國,2023-08-25 00:00:00,0,0,109,2025-03-02 01:08:54.339400+00:00,2025-03-02 16:42:24.139881+00:00
27017,雪水消融的季節,1255586,tt29494975,中華民國,2024-09-27 00:00:00,0,0,110,2025-03-02 01:08:54.339400+00:00,2025-03-02 16:42:24.139881+00:00
20921,少年吔，安啦！,205464,tt0105382,中華民國,1992-07-03 00:00:00,0,0,110,2025-03-02 01:08:54.339400+00:00,2025-03-02 16:42:24.139881+00:00
20646,咒,864370,tt18968540,中華民國,2022-03-18 00:00:00,0,5700000,111,2025-03-02 01:08:54.339400+00:00,2025-03-02 16:42:24.139881+00:00
26872,以愛之茗,662402,tt21994228,中華民國,2024-05-24 00:00:00,0,0,111,2025-03-02 01:08:54.339400+00:00,2025-03-02 16:42:24.139881+00:00
22531,流麻溝十五號,1005555,tt22498834,中華民國,2022-10-28 00:00:00,0,0,111,2025-03-02 01:08:54.339400+00:00,2025-03-02 16:42:24.139881+00:00
21785,哈勇家,975812,tt22370990,中華民國,2022-08-12 00:00:00,0,0,111,2025-03-02 01:08:54.339400+00:00,2025-03-02 16:42:24.139881+00:00
25424,鬼們之蝴蝶大廈,1102857,tt29608585,中華民國,2024-11-01 00:00:00,0,0,111,2025-03-02 01:08:54.339400+00:00,2025-03-02 16:42:24.139881+00:00
28090,夏日的檸檬草,1261250,tt32991372,中華民國,2024-08-02 00:00:00,0,0,112,2025-03-02 01:08:54.339400+00:00,2025-03-02 16:42:24.139881+00:00
12489,五月天 人生無限公司,601434,tt10346206,中華民國,2019-05-24 00:00:00,0,0,112,2025-03-02 01:08:54.339400+00:00,2025-03-02 16:42:24.139881+00:00
25063,老狐狸,1006012,tt29452517,中華民國,2023-11-24 00:00:00,0,0,112,2025-03-02 01:08:54.339400+00:00,2025-03-02 16:42:24.139881+00:00
23409,我的婆婆怎麼把ＯＯ搞丟了,1027867,tt24354288,中華民國,2023-01-13 00:00:00,0,0,113,2025-03-02 01:08:54.339400+00:00,2025-03-02 16:42:24.139881+00:00
18190,聽見歌 再唱,793392,tt15448352,中華民國,2021-04-16 00:00:00,0,0,113,2025-03-02 01:08:54.339400+00:00,2025-03-02 16:42:24.139881+00:00
19729,一杯熱奶茶的等待,876648,tt21936550,中華民國,2021-12-24 00:00:00,0,0,114,2025-03-02 01:08:54.339400+00:00,2025-03-02 16:42:24.139881+00:00
20531,野夏天,931885,tt17336922,中華民國,2022-03-25 00:00:00,0,0,114,2025-03-02 01:08:54.339400+00:00,2025-03-02 16:42:24.139881+00:00
23961,青春並不溫柔,1006024,tt27928749,中華民國,2023-10-27 00:00:00,0,0,114,2025-03-02 01:08:54.339400+00:00,2025-03-02 16:42:24.139881+00:00
19608,該死的阿修羅,880156,tt15742308,中華民國,2022-03-02 00:00:00,0,0,114,2025-03-02 01:08:54.339400+00:00,2025-03-02 16:42:24.139881+00:00
19987,願未央,816752,tt13298600,中華民國,2022-03-18 00:00:00,0,0,114,2025-03-02 01:08:54.339400+00:00,2025-03-02 16:42:24.139881+00:00
25586,惡女,1047003,tt27766132,中華民國,2023-10-27 00:00:00,0,0,114,2025-03-02 01:08:54.339400+00:00,2025-03-02 16:42:24.139881+00:00
24009,油麻菜籽,272122,tt0337507,中華民國,1984-01-01 00:00:00,0,0,115,2025-03-02 01:08:54.339400+00:00,2025-03-02 16:42:24.139881+00:00
27462,愛情城事,996871,tt28813819,中華民國,2024-08-30 00:00:00,0,0,115,2025-03-02 01:08:54.339400+00:00,2025-03-02 16:42:24.139881+00:00
24718,破浪男女,1029244,tt32079904,中華民國,2024-06-28 00:00:00,0,0,115,2025-03-02 01:08:54.339400+00:00,2025-03-02 16:42:24.139881+00:00
25222,他馬克老闆,1022108,tt28265358,中華民國,2023-09-28 00:00:00,0,0,116,2025-03-02 01:08:54.339400+00:00,2025-03-02 16:42:24.139881+00:00
24014,疫起,1040284,tt26686436,中華民國,2023-04-07 00:00:00,0,0,118,2025-03-02 01:08:54.339400+00:00,2025-03-02 16:42:24.139881+00:00
20521,藏匿處,936286,tt18317338,中華民國,2022-09-08 00:00:00,0,0,118,2025-03-02 01:08:54.339400+00:00,2025-03-02 16:42:24.139881+00:00
20670,少年吔,943737,,中華民國,2022-03-18 00:00:00,0,0,119,2025-03-02 01:08:54.339400+00:00,2025-03-02 16:42:24.139881+00:00
27644,千禧曼波,11553,tt0283283,中華民國,2001-11-17 00:00:00,0,0,119,2025-03-02 01:08:54.339400+00:00,2025-03-02 16:42:24.139881+00:00
22759,我這樣過了一生,256133,tt0092231,中華民國,2022-10-22 00:00:00,0,0,119,2025-03-02 01:08:54.339400+00:00,2025-03-02 16:42:24.139881+00:00
20477,我吃了那男孩一整年的早餐,839294,tt17292614,中華民國,2022-01-28 00:00:00,0,0,119,2025-03-02 01:08:54.339400+00:00,2025-03-02 16:42:24.139881+00:00
22671,罪後真相,1007962,tt22463402,中華民國,2022-10-28 00:00:00,0,0,120,2025-03-02 01:08:54.339400+00:00,2025-03-02 16:42:24.139881+00:00
24239,我的天堂城市,1007976,tt21116954,中華民國,2023-09-15 00:00:00,0,0,120,2025-03-02 01:08:54.339400+00:00,2025-03-02 16:42:24.139881+00:00
24818,請問，還有哪裡需要加強,1016392,tt27671269,中華民國,2023-07-28 00:00:00,0,0,121,2025-03-02 01:08:54.339400+00:00,2025-03-02 16:42:24.139881+00:00
21233,台灣男子葉石濤,987422,tt15677210,中華民國,2022-06-17 00:00:00,0,0,122,2025-03-02 01:08:54.339400+00:00,2025-03-02 16:42:24.139881+00:00
10375,一家之主,769802,tt13298522,中華民國,2020-10-07 00:00:00,0,0,124,2025-03-02 01:08:54.339400+00:00,2025-03-02 16:42:24.139881+00:00
26751,青春18×2 通往有你的旅程,1188258,tt31039829,中華民國,2024-03-14 00:00:00,0,0,124,2025-03-02 01:08:54.339400+00:00,2025-03-02 16:42:24.139881+00:00
26788,看到靈魂的那隻眼 師公,1248407,tt31807711,中華民國,2024-03-22 00:00:00,0,0,124,2025-03-02 01:08:54.339400+00:00,2025-03-02 16:42:24.139881+00:00
25335,成功補習班,1036397,tt27671363,中華民國,2023-09-22 00:00:00,0,0,124,2025-03-02 01:08:54.339400+00:00,2025-03-02 16:42:24.139881+00:00
15447,日子,662400,tt11697820,中華民國,2023-10-27 00:00:00,0,0,126,2025-03-02 01:08:54.339400+00:00,2025-03-02 16:42:24.139881+00:00
27100,女兒的女兒,1006732,tt29271889,中華民國,2024-11-22 00:00:00,0,0,126,2025-03-02 01:08:54.339400+00:00,2025-03-02 16:42:24.139881+00:00
28363,默視錄,948184,tt28419037,中華民國,2024-11-15 00:00:00,400000,0,126,2025-03-02 01:08:54.339400+00:00,2025-03-02 16:42:24.139881+00:00
502,風中家族,356701,tt4814380,中華民國,2015-07-24 00:00:00,0,0,126,2025-03-02 01:08:54.339400+00:00,2025-03-02 16:42:24.139881+00:00
28097,優雅的相遇,1239035,tt32058431,中華民國,2024-12-13 00:00:00,0,0,127,2025-03-02 01:08:54.339400+00:00,2025-03-02 16:42:24.139881+00:00
19269,月老,783740,tt15456878,中華民國,2021-11-24 00:00:00,0,0,128,2025-03-02 01:08:54.339400+00:00,2025-03-02 16:42:24.139881+00:00
19319,青春弒戀,796155,tt15138308,中華民國,2021-11-19 00:00:00,0,0,128,2025-03-02 01:08:54.339400+00:00,2025-03-02 16:42:24.139881+00:00
19183,瀑布,852355,tt15119668,中華民國,2021-10-29 00:00:00,0,0,129,2025-03-02 01:08:54.339400+00:00,2025-03-02 16:42:24.139881+00:00
23926,車頂上的玄天上帝,996108,tt27811012,中華民國,2023-11-11 00:00:00,0,0,130,2025-03-02 01:08:54.339400+00:00,2025-03-02 16:42:24.139881+00:00
23535,關於我和鬼變成家人的那件事,983883,tt22742964,中華民國,2023-02-10 00:00:00,1874400,15410325,130,2025-03-02 01:08:54.339400+00:00,2025-03-02 16:42:24.139881+00:00
29502,非想非非想,1341782,,中華民國,2024-12-27 00:00:00,0,0,130,2025-03-02 01:08:54.339400+00:00,2025-03-02 16:42:24.139881+00:00
28114,角頭-大橋頭,1303236,tt32915791,中華民國,2024-08-16 00:00:00,0,0,131,2025-03-02 01:08:54.339400+00:00,2025-03-02 16:42:24.139881+00:00
23408,山中森林,991898,tt22754786,中華民國,2023-01-13 00:00:00,0,0,132,2025-03-02 01:08:54.339400+00:00,2025-03-02 16:42:24.139881+00:00
25590,周處除三害,1046090,tt29319990,中華民國,2023-10-06 00:00:00,0,91608950,134,2025-03-02 01:08:54.339400+00:00,2025-03-02 16:42:24.139881+00:00
21119,一家子兒咕咕叫,899460,tt22335454,中華民國,2022-11-18 00:00:00,0,0,135,2025-03-02 01:08:54.339400+00:00,2025-03-02 16:42:24.139881+00:00
20817,我心我行,1006694,tt22398358,中華民國,2022-11-11 00:00:00,0,0,136,2025-03-02 01:08:54.339400+00:00,2025-03-02 16:42:24.139881+00:00
27340,環南時候,1085574,tt29115978,中華民國,2024-05-31 00:00:00,0,0,139,2025-03-02 01:08:54.339400+00:00,2025-03-02 16:42:24.139881+00:00
25728,少男少女,1088428,tt29115028,中華民國,2023-11-17 00:00:00,0,14294,140,2025-03-02 01:08:54.339400+00:00,2025-03-02 16:42:24.139881+00:00
21915,他還年輕,1005979,tt29060486,中華民國,2022-09-02 00:00:00,0,0,142,2025-03-02 01:08:54.339400+00:00,2025-03-02 16:42:24.139881+00:00
28405,種土,1088709,,中華民國,2024-09-20 00:00:00,0,0,143,2025-03-02 01:08:54.339400+00:00,2025-03-02 16:42:24.139881+00:00
21825,舞徑,1017006,,中華民國,2022-07-27 00:00:00,0,0,143,2025-03-02 01:08:54.339400+00:00,2025-03-02 16:42:24.139881+00:00
5511,香蕉天堂,262831,tt0490518,中華民國,2022-10-23 00:00:00,0,0,148,2025-03-02 01:08:54.339400+00:00,2025-03-02 16:42:24.139881+00:00
18424,徘徊年代,829584,tt15446628,中華民國,2021-10-15 00:00:00,0,0,148,2025-03-02 01:08:54.339400+00:00,2025-03-02 16:42:24.139881+00:00
25587,鑽石水族世界,1016255,tt27936806,中華民國,2023-10-21 00:00:00,0,0,155,2025-03-02 01:08:54.339400+00:00,2025-03-02 16:42:24.139881+00:00
14895,悲情城市,49982,tt0096908,中華民國,1989-10-21 00:00:00,0,0,158,2025-03-02 01:08:54.339400+00:00,2025-03-02 16:42:24.139881+00:00
25994,BIG,1054087,tt29195650,中華民國,2023-12-01 00:00:00,0,0,159,2025-03-02 01:08:54.339400+00:00,2025-03-02 16:42:24.139881+00:00
28748,餘燼,1162931,tt33372518,中華民國,2024-11-15 00:00:00,0,0,162,2025-03-02 01:08:54.339400+00:00,2025-03-02 16:42:24.139881+00:00
22215,紅柿子,262828,tt0116558,中華民國,2022-10-22 00:00:00,0,0,168,2025-03-02 01:08:54.339400+00:00,2025-03-02 16:42:24.139881+00:00
22894,一一,25538,tt0244316,中華民國,2024-01-01 00:00:00,0,0,174,2025-03-02 01:08:54.339400+00:00,2025-03-02 16:42:24.139881+00:00
21087,北將七,939939,tt21228760,中華民國,2022-07-16 00:00:00,0,0,181,2025-03-02 01:08:54.339400+00:00,2025-03-02 16:42:24.139881+00:00
29573,KANO,256930,tt2247566,中華民國,2014-02-27 00:00:00,0,0,185,2025-03-02 01:08:54.339400+00:00,2025-03-02 16:42:24.139881+00:00
28736,由島至島（上）,1247973,tt32341501,中華民國,2024-11-30 00:00:00,0,0,290,2025-03-02 01:08:54.339400+00:00,2025-03-02 16:42:24.139881+00:00
29328,藥頭悲歌,,,丹麥,2024-12-15 00:00:00,,,,2025-03-02 01:08:54.339400+00:00,2025-03-02 16:42:24.139881+00:00
29622,藥頭悲歌III：死神上門,,,丹麥,2024-12-15 00:00:00,,,,2025-03-02 01:08:54.339400+00:00,2025-03-02 16:42:24.139881+00:00
29621,藥頭悲歌II：血染雙手,,,丹麥,2024-12-15 00:00:00,,,,2025-03-02 01:08:54.339400+00:00,2025-03-02 16:42:24.139881+00:00
18749,《爆裂戰警》,,,丹麥,2021-12-03 00:00:00,,,,2025-03-02 01:08:54.339400+00:00,2025-03-02 16:42:24.139881+00:00
27109,蘇維埃巴士站,1031050,tt22697846,丹麥,2024-05-24 00:00:00,0,0,56,2025-03-02 01:08:54.339400+00:00,2025-03-02 16:42:24.139881+00:00
27436,托芙的房間,1108450,tt19623314,丹麥,2024-06-14 00:00:00,0,0,74,2025-03-02 01:08:54.339400+00:00,2025-03-02 16:42:24.139881+00:00
20729,漂浪人生,680813,tt8430054,丹麥,2022-03-19 00:00:00,3400000,712229,89,2025-03-02 01:08:54.339400+00:00,2025-03-02 16:42:24.139881+00:00
27180,短句之國,1079202,tt17493724,丹麥,2024-05-10 00:00:00,0,0,107,2025-03-02 01:08:54.339400+00:00,2025-03-02 16:42:24.139881+00:00
26884,自由協議,1085218,tt20204996,丹麥,2024-03-22 00:00:00,0,0,110,2025-03-02 01:08:54.339400+00:00,2025-03-02 16:42:24.139881+00:00
18107,醉好的時光,580175,tt10288566,丹麥,2021-03-05 00:00:00,5150000,21700000,117,2025-03-02 01:08:54.339400+00:00,2025-03-02 16:42:24.139881+00:00
27913,荒蕪之地．應許之心,980026,tt20561198,丹麥,2024-07-05 00:00:00,8500000,2119043,127,2025-03-02 01:08:54.339400+00:00,2025-03-02 16:42:24.139881+00:00
26121,壞教慾女孩,958234,tt15387506,丹麥,2023-12-22 00:00:00,0,0,135,2025-03-02 01:08:54.339400+00:00,2025-03-02 16:42:24.139881+00:00
20728,何處是我朋友的家？,49964,tt0093342,伊朗,2022-04-15 00:00:00,0,0,83,2025-03-02 01:08:54.339400+00:00,2025-03-02 16:42:24.139881+00:00
20758,生生長流,83761,tt0105888,伊朗,2022-04-15 00:00:00,0,0,95,2025-03-02 01:08:54.339400+00:00,2025-03-02 16:42:24.139881+00:00
29238,我最喜歡的蛋糕,1234591,tt31015278,伊朗,2024-11-29 00:00:00,0,0,97,2025-03-02 01:08:54.339400+00:00,2025-03-02 16:42:24.139881+00:00
21021,櫻桃的滋味 數位修復版,30020,tt0120265,伊朗,2022-05-20 00:00:00,0,0,99,2025-03-02 01:08:54.339400+00:00,2025-03-02 16:42:24.139881+00:00
24515,三張面孔,517731,tt8269552,伊朗,2023-06-03 00:00:00,0,0,100,2025-03-02 01:08:54.339400+00:00,2025-03-02 16:42:24.139881+00:00
20804,橄欖樹下的情人,47104,tt0111845,伊朗,2022-04-22 00:00:00,0,0,103,2025-03-02 01:08:54.339400+00:00,2025-03-02 16:42:24.139881+00:00
22196,贖罪風暴,669401,tt11773484,伊朗,2022-10-07 00:00:00,0,0,105,2025-03-02 01:08:54.339400+00:00,2025-03-02 16:42:24.139881+00:00
24497,這裡沒有熊,974521,tt20205236,伊朗,2023-06-03 00:00:00,0,1067495,107,2025-03-02 01:08:54.339400+00:00,2025-03-02 16:42:24.139881+00:00
23354,片場風暴,1005299,tt21378744,伊朗,2023-01-27 00:00:00,0,0,108,2025-03-02 01:08:54.339400+00:00,2025-03-02 16:42:24.139881+00:00
25177,德黑蘭雙面疑雲,1008043,tt13920920,伊朗,2023-09-15 00:00:00,0,0,108,2025-03-02 01:08:54.339400+00:00,2025-03-02 16:42:24.139881+00:00
21032,風帶著我來 數位修復版,43423,tt0209463,伊朗,2022-05-20 00:00:00,0,0,118,2025-03-02 01:08:54.339400+00:00,2025-03-02 16:42:24.139881+00:00
20632,我不是英雄,672208,tt11777738,伊朗,2022-05-13 00:00:00,0,0,127,2025-03-02 01:08:54.339400+00:00,2025-03-02 16:42:24.139881+00:00
24045,萊拉兄弟,962558,tt19653180,伊朗,2023-05-05 00:00:00,0,785361,170,2025-03-02 01:08:54.339400+00:00,2025-03-02 16:42:24.139881+00:00
26403,海豚男孩-國語版,,,俄羅斯,2023-12-08 00:00:00,,,,2025-03-02 01:08:54.339400+00:00,2025-03-02 16:42:24.139881+00:00
28177,狗狗歌劇院(中配版),1112357,tt26448350,俄羅斯,2024-08-09 00:00:00,0,0,75,2025-03-02 01:08:54.339400+00:00,2025-03-02 16:42:24.139881+00:00
25344,德古拉的新娘 ,586352,tt19811466,俄羅斯,2023-10-06 00:00:00,0,3535910,76,2025-03-02 01:08:54.339400+00:00,2025-03-02 16:42:24.139881+00:00
25040,雪后奇緣,898230,tt17164334,俄羅斯,2023-08-18 00:00:00,1900000,3400000,76,2025-03-02 01:08:54.339400+00:00,2025-03-02 16:42:24.139881+00:00
20692,絕命第19排,659384,tt12036270,俄羅斯,2022-03-11 00:00:00,0,0,77,2025-03-02 01:08:54.339400+00:00,2025-03-02 16:42:24.139881+00:00
24880,喵喵博物館(英文版),923579,tt24069962,俄羅斯,2023-08-11 00:00:00,0,8093685,80,2025-03-02 01:08:54.339400+00:00,2025-03-02 16:42:24.139881+00:00
23704,胡桃鉗與魔笛公主的奇幻冒險(英文版),589759,tt11006950,俄羅斯,2023-02-24 00:00:00,3800000,3562423,84,2025-03-02 01:08:54.339400+00:00,2025-03-02 16:42:24.139881+00:00
18792,心悸效應,575072,tt10933000,俄羅斯,2021-09-10 00:00:00,0,0,90,2025-03-02 01:08:54.339400+00:00,2025-03-02 16:42:24.139881+00:00
18745,鬼保母,575088,tt8006374,俄羅斯,2022-01-07 00:00:00,0,1398488,96,2025-03-02 01:08:54.339400+00:00,2025-03-02 16:42:24.139881+00:00
23838,公主與野獸,576925,tt9572006,俄羅斯,2023-03-31 00:00:00,0,0,98,2025-03-02 01:08:54.339400+00:00,2025-03-02 16:42:24.139881+00:00
21173,逃出封鎖線,597859,tt14303882,俄羅斯,2022-05-20 00:00:00,0,0,105,2025-03-02 01:08:54.339400+00:00,2025-03-02 16:42:24.139881+00:00
5643,鏡子,1396,tt0072443,俄羅斯,2017-06-19 00:00:00,825000,124367,106,2025-03-02 01:08:54.339400+00:00,2025-03-02 16:42:24.139881+00:00
27932,末日倒數12小時,864101,tt15296186,俄羅斯,2024-08-23 00:00:00,6042800,0,110,2025-03-02 01:08:54.339400+00:00,2025-03-02 16:42:24.139881+00:00
22524,獵空計畫,818415,tt15815090,俄羅斯,2022-11-04 00:00:00,0,0,110,2025-03-02 01:08:54.339400+00:00,2025-03-02 16:42:24.139881+00:00
22404,大尉叛逃記,818621,tt13322726,俄羅斯,2022-10-21 00:00:00,0,0,125,2025-03-02 01:08:54.339400+00:00,2025-03-02 16:42:24.139881+00:00
19136,致命最前線,579831,tt12216986,俄羅斯,2022-01-14 00:00:00,0,0,130,2025-03-02 01:08:54.339400+00:00,2025-03-02 16:42:24.139881+00:00
20568,核爆車諾比,589761,tt10648714,俄羅斯,2022-04-22 00:00:00,9100000,6459306,136,2025-03-02 01:08:54.339400+00:00,2025-03-02 16:42:24.139881+00:00
23462,柴可夫斯基的妻子,901358,tt17538510,俄羅斯,2023-04-14 00:00:00,0,1300000,144,2025-03-02 01:08:54.339400+00:00,2025-03-02 16:42:24.139881+00:00
5666,潛行者,1398,tt0079944,俄羅斯,2017-06-26 00:00:00,120000,0,162,2025-03-02 01:08:54.339400+00:00,2025-03-02 16:42:24.139881+00:00
23213,演員夢,,,加拿大,2023-05-12 00:00:00,,,,2025-03-02 01:08:54.339400+00:00,2025-03-02 16:42:24.139881+00:00
24474,沙特與波娃,,,加拿大,2023-06-03 00:00:00,,,,2025-03-02 01:08:54.339400+00:00,2025-03-02 16:42:24.139881+00:00
27633,國有器官,,,加拿大,2024-08-30 00:00:00,,,,2025-03-02 01:08:54.339400+00:00,2025-03-02 16:42:24.139881+00:00
23566,長春事件,949000,tt20199286,加拿大,2023-03-26 00:00:00,0,0,86,2025-03-02 01:08:54.339400+00:00,2025-03-02 16:42:24.139881+00:00
23963,絕命控制,986088,tt14036276,加拿大,2023-04-28 00:00:00,0,0,89,2025-03-02 01:08:54.339400+00:00,2025-03-02 16:42:24.139881+00:00
20386,他奶奶的變裝皇后,740963,tt9204898,加拿大,2022-01-21 00:00:00,0,0,90,2025-03-02 01:08:54.339400+00:00,2025-03-02 16:42:24.139881+00:00
26763,親愛的愛莉絲,850028,tt11687104,加拿大,2024-03-29 00:00:00,4000000,121067,90,2025-03-02 01:08:54.339400+00:00,2025-03-02 16:42:24.139881+00:00
27647,人道主義吸血鬼徵求自願獻身者,988402,tt24216998,加拿大,2024-07-19 00:00:00,3000000,97578,91,2025-03-02 01:08:54.339400+00:00,2025-03-02 16:42:24.139881+00:00
25168,生命之舞,1128001,tt11790268,加拿大,2023-09-08 00:00:00,0,0,96,2025-03-02 01:08:54.339400+00:00,2025-03-02 16:42:24.139881+00:00
20683,藥命回憶,522406,tt8372094,加拿大,2022-04-29 00:00:00,0,26747,97,2025-03-02 01:08:54.339400+00:00,2025-03-02 16:42:24.139881+00:00
26377,童魘,9613,tt0278731,加拿大,2023-12-08 00:00:00,10000000,5809240,98,2025-03-02 01:08:54.339400+00:00,2025-03-02 16:42:24.139881+00:00
21838,未來犯罪,819876,tt14549466,加拿大,2022-08-05 00:00:00,27000000,4551565,107,2025-03-02 01:08:54.339400+00:00,2025-03-02 16:42:24.139881+00:00
20740,沉默呼聲,888602,tt10514056,加拿大,2022-08-12 00:00:00,0,0,108,2025-03-02 01:08:54.339400+00:00,2025-03-02 16:42:24.139881+00:00
27485,愛情本性論,912520,tt22487338,加拿大,2024-05-24 00:00:00,0,2349665,110,2025-03-02 01:08:54.339400+00:00,2025-03-02 16:42:24.139881+00:00
19092,親情解鎖,554761,tt9143112,加拿大,2021-09-17 00:00:00,0,9828,112,2025-03-02 01:08:54.339400+00:00,2025-03-02 16:42:24.139881+00:00
24349,飯捲男孩乖乖睡 ,1008038,tt13456340,加拿大,2023-07-21 00:00:00,0,0,117,2025-03-02 01:08:54.339400+00:00,2025-03-02 16:42:24.139881+00:00
27735,紅色房間,912480,tt22207786,加拿大,2024-06-21 00:00:00,0,88902,118,2025-03-02 01:08:54.339400+00:00,2025-03-02 16:42:24.139881+00:00
20201,麥特與麥斯,519141,tt8767908,加拿大,2021-12-30 00:00:00,0,0,119,2025-03-02 01:08:54.339400+00:00,2025-03-02 16:42:24.139881+00:00
24138,烈火焚身,46738,tt1255953,加拿大,2023-05-19 00:00:00,6800000,6788659,130,2025-03-02 01:08:54.339400+00:00,2025-03-02 16:42:24.139881+00:00
26150,屍禁,1121962,,印尼,2023-12-01 00:00:00,0,0,12,2025-03-02 01:08:54.339400+00:00,2025-03-02 16:42:24.139881+00:00
27997,血繼,1264429,tt30833435,印尼,2024-07-14 00:00:00,0,0,86,2025-03-02 01:08:54.339400+00:00,2025-03-02 16:42:24.139881+00:00
29881,黑海惡咒,1269108,tt32495411,印尼,2025-02-07 00:00:00,0,0,94,2025-03-02 01:08:54.339400+00:00,2025-03-02 16:42:24.139881+00:00
28653,薇娜：死後七日,1148817,tt28857853,印尼,2024-09-27 00:00:00,0,0,100,2025-03-02 01:08:54.339400+00:00,2025-03-02 16:42:24.139881+00:00
27495,鬼咧號,1128936,tt29545351,印尼,2024-06-07 00:00:00,0,28741,103,2025-03-02 01:08:54.339400+00:00,2025-03-02 16:42:24.139881+00:00
21307,娜娜：逝水年華,859933,tt15215918,印尼,2022-07-08 00:00:00,0,0,103,2025-03-02 01:08:54.339400+00:00,2025-03-02 16:42:24.139881+00:00
24260,鬼噤聲,1018518,tt21154728,印尼,2023-05-05 00:00:00,0,0,106,2025-03-02 01:08:54.339400+00:00,2025-03-02 16:42:24.139881+00:00
26431,網紅教慾,987419,tt21047870,印尼,2024-01-12 00:00:00,0,0,112,2025-03-02 01:08:54.339400+00:00,2025-03-02 16:42:24.139881+00:00
23338,鬼搖靈2：陰語陣陣,925786,tt16915972,印尼,2022-12-23 00:00:00,900000,5909528,119,2025-03-02 01:08:54.339400+00:00,2025-03-02 16:42:24.139881+00:00
27547,鬼舞村：詛咒起源,1176166,tt28763074,印尼,2024-05-24 00:00:00,1259208,3710622,122,2025-03-02 01:08:54.339400+00:00,2025-03-02 16:42:24.139881+00:00
29757,鬼診所,1164355,tt29899715,印尼,2025-01-10 00:00:00,0,0,123,2025-03-02 01:08:54.339400+00:00,2025-03-02 16:42:24.139881+00:00
27235,全境炸裂,1126128,tt27490380,印尼,2024-04-26 00:00:00,4722030,953672,143,2025-03-02 01:08:54.339400+00:00,2025-03-02 16:42:24.139881+00:00
20103,騎趣環世界,,,德國,2021-12-30 00:00:00,,,,2025-03-02 01:08:54.339400+00:00,2025-03-02 16:42:24.139881+00:00
21214,自然就樹美,,,德國,2022-06-02 00:00:00,,,,2025-03-02 01:08:54.339400+00:00,2025-03-02 16:42:24.139881+00:00
22432,逃出風暴,,,德國,2022-10-28 00:00:00,,,,2025-03-02 01:08:54.339400+00:00,2025-03-02 16:42:24.139881+00:00
26345,水上迴光,,,德國,2023-12-12 00:00:00,,,,2025-03-02 01:08:54.339400+00:00,2025-03-02 16:42:24.139881+00:00
28000,200%小狼人,,,德國,2024-09-07 00:00:00,,,,2025-03-02 01:08:54.339400+00:00,2025-03-02 16:42:24.139881+00:00
26389,666號房,,,德國,2023-12-14 00:00:00,,,,2025-03-02 01:08:54.339400+00:00,2025-03-02 16:42:24.139881+00:00
20589,再見列寧！,,,德國,2022-03-11 00:00:00,,,,2025-03-02 01:08:54.339400+00:00,2025-03-02 16:42:24.139881+00:00
27833,怪奇家族,,,德國,2024-08-07 00:00:00,,,,2025-03-02 01:08:54.339400+00:00,2025-03-02 16:42:24.139881+00:00
21265,PINA,789910,tt10712178,德國,2022-06-02 00:00:00,0,0,15,2025-03-02 01:08:54.339400+00:00,2025-03-02 16:42:24.139881+00:00
23290,蘿拉快跑,104,tt0130827,德國,2022-12-17 00:00:00,1530000,7660911,81,2025-03-02 01:08:54.339400+00:00,2025-03-02 16:42:24.139881+00:00
22172,米婭的精靈王國,955644,tt5790684,德國,2022-08-26 00:00:00,0,0,82,2025-03-02 01:08:54.339400+00:00,2025-03-02 16:42:24.139881+00:00
21746,泳漾水男孩,739323,tt15041866,德國,2022-08-19 00:00:00,0,0,84,2025-03-02 01:08:54.339400+00:00,2025-03-02 16:42:24.139881+00:00
28526,飛鳥總動員,1061855,tt14514964,德國,2024-10-04 00:00:00,0,6500000,84,2025-03-02 01:08:54.339400+00:00,2025-03-02 16:42:24.139881+00:00
20134,指考風暴,852457,tt14463426,德國,2022-04-01 00:00:00,0,0,87,2025-03-02 01:08:54.339400+00:00,2025-03-02 16:42:24.139881+00:00
18924,瑪雅蜜蜂大冒險：守護小金蛋,681260,tt11792512,德國,2022-02-25 00:00:00,0,4345221,88,2025-03-02 01:08:54.339400+00:00,2025-03-02 16:42:24.139881+00:00
23489,沒有你的旅程,586813,tt9256012,德國,2023-01-13 00:00:00,0,0,91,2025-03-02 01:08:54.339400+00:00,2025-03-02 16:42:24.139881+00:00
17414,未來的我們,623184,tt8892064,德國,2020-11-27 00:00:00,0,0,93,2025-03-02 01:08:54.339400+00:00,2025-03-02 16:42:24.139881+00:00
20223,鄰危不亂,681349,tt11080676,德國,2022-01-07 00:00:00,0,0,93,2025-03-02 01:08:54.339400+00:00,2025-03-02 16:42:24.139881+00:00
26307,全面監視,951051,tt27148236,德國,2024-05-17 00:00:00,0,0,97,2025-03-02 01:08:54.339400+00:00,2025-03-02 16:42:24.139881+00:00
26705,失控教室,998022,tt26612950,德國,2024-02-21 00:00:00,0,0,98,2025-03-02 01:08:54.339400+00:00,2025-03-02 16:42:24.139881+00:00
25631,五月的35日,925341,tt13453138,德國,2023-12-01 00:00:00,0,0,99,2025-03-02 01:08:54.339400+00:00,2025-03-02 16:42:24.139881+00:00
21236,熟女解放中,607442,tt13350988,德國,2022-06-10 00:00:00,0,0,99,2025-03-02 01:08:54.339400+00:00,2025-03-02 16:42:24.139881+00:00
21031,詭棋,934957,tt10231726,德國,2022-05-13 00:00:00,0,0,100,2025-03-02 01:08:54.339400+00:00,2025-03-02 16:42:24.139881+00:00
16414,里斯本的故事 (數位修復版),390,tt0110361,德國,2020-07-10 00:00:00,0,0,100,2025-03-02 01:08:54.339400+00:00,2025-03-02 16:42:24.139881+00:00
19920,人性遊戲,776542,tt7904172,德國,2022-01-07 00:00:00,0,0,102,2025-03-02 01:08:54.339400+00:00,2025-03-02 16:42:24.139881+00:00
25861,野火蔓延時,900379,tt26440619,德國,2023-11-24 00:00:00,0,2147526,103,2025-03-02 01:08:54.339400+00:00,2025-03-02 16:42:24.139881+00:00
23511,拼音戀習曲,928709,tt17154094,德國,2023-01-19 00:00:00,0,0,104,2025-03-02 01:08:54.339400+00:00,2025-03-02 16:42:24.139881+00:00
22515,趴兔青春期,871530,tt13021476,德國,2022-10-21 00:00:00,0,0,105,2025-03-02 01:08:54.339400+00:00,2025-03-02 16:42:24.139881+00:00
25284,飛舞人生,842424,tt11155784,德國,2023-09-01 00:00:00,0,0,107,2025-03-02 01:08:54.339400+00:00,2025-03-02 16:42:24.139881+00:00
24552,淨化論,910365,tt14321668,德國,2023-06-21 00:00:00,0,0,107,2025-03-02 01:08:54.339400+00:00,2025-03-02 16:42:24.139881+00:00
20534,我是你的完美男友,795813,tt13087796,德國,2022-02-25 00:00:00,0,1090661,108,2025-03-02 01:08:54.339400+00:00,2025-03-02 16:42:24.139881+00:00
27821,56種喝采,888768,tt15740596,德國,2024-07-05 00:00:00,0,0,110,2025-03-02 01:08:54.339400+00:00,2025-03-02 16:42:24.139881+00:00
26427,巴赫曼-沙漠追愛之旅,978580,tt16103266,德國,2024-01-05 00:00:00,0,0,110,2025-03-02 01:08:54.339400+00:00,2025-03-02 16:42:24.139881+00:00
18291,型男斷捨離,546630,tt8129794,德國,2022-02-11 00:00:00,0,0,111,2025-03-02 01:08:54.339400+00:00,2025-03-02 16:42:24.139881+00:00
23825,蓋世棋蹟,748787,tt12058584,德國,2023-03-10 00:00:00,0,0,112,2025-03-02 01:08:54.339400+00:00,2025-03-02 16:42:24.139881+00:00
26571,金髮毒藥,982202,tt13506526,德國,2024-06-28 00:00:00,0,115632,113,2025-03-02 01:08:54.339400+00:00,2025-03-02 16:42:24.139881+00:00
18353,愛在地平線,594634,tt9179974,德國,2021-04-01 00:00:00,0,0,117,2025-03-02 01:08:54.339400+00:00,2025-03-02 16:42:24.139881+00:00
26477,戰火下的小狐狸,936117,tt14439178,德國,2024-01-19 00:00:00,0,0,118,2025-03-02 01:08:54.339400+00:00,2025-03-02 16:42:24.139881+00:00
21857,非戀人絮語,567927,tt9409660,德國,2022-08-05 00:00:00,0,0,119,2025-03-02 01:08:54.339400+00:00,2025-03-02 16:42:24.139881+00:00
25771,我的完美日常,976893,tt27503384,德國,2023-12-24 00:00:00,14000000,24094016,124,2025-03-02 01:08:54.339400+00:00,2025-03-02 16:42:24.139881+00:00
18110,竊聽風暴,582,tt0405094,德國,2021-02-26 00:00:00,2000000,77672685,137,2025-03-02 01:08:54.339400+00:00,2025-03-02 16:42:24.139881+00:00
24010,萊茵金,912726,tt15536668,德國,2023-06-02 00:00:00,0,9598008,138,2025-03-02 01:08:54.339400+00:00,2025-03-02 16:42:24.139881+00:00
20204,陸上行舟,9343,tt0083946,德國,2023-12-10 00:00:00,7362000,0,157,2025-03-02 01:08:54.339400+00:00,2025-03-02 16:42:24.139881+00:00
21664,永別了，柏林,620498,tt13846414,德國,2022-07-29 00:00:00,178,0,176,2025-03-02 01:08:54.339400+00:00,2025-03-02 16:42:24.139881+00:00
22229,劇場版 超時空要塞F~戀離飛翼~,,,日本,2022-10-21 00:00:00,,,,2025-03-02 01:08:54.339400+00:00,2025-03-02 16:42:24.139881+00:00
5513,儀式,,,日本,2016-12-16 00:00:00,,,,2025-03-02 01:08:54.339400+00:00,2025-03-02 16:42:24.139881+00:00
29187,偶像大師 劇場版: 前往光輝的另一端 經典10週年,,,日本,2024-11-22 00:00:00,,,,2025-03-02 01:08:54.339400+00:00,2025-03-02 16:42:24.139881+00:00
26682,電影版 X光室的奇蹟,,,日本,2024-03-08 00:00:00,,,,2025-03-02 01:08:54.339400+00:00,2025-03-02 16:42:24.139881+00:00
26365,簡稱：連續射殺魔,,,日本,2023-12-08 00:00:00,,,,2025-03-02 01:08:54.339400+00:00,2025-03-02 16:42:24.139881+00:00
29483,新．里見八犬傳,,,日本,1986-09-25 00:00:00,,,,2025-03-02 01:08:54.339400+00:00,2025-03-02 16:42:24.139881+00:00
29643,風都偵探 假面騎士SKULL的肖象,,,日本,2024-12-13 00:00:00,,,,2025-03-02 01:08:54.339400+00:00,2025-03-02 16:42:24.139881+00:00
21991,航海王劇場版 : 紅髮歌姬,,,日本,2022-08-13 00:00:00,,,,2025-03-02 01:08:54.339400+00:00,2025-03-02 16:42:24.139881+00:00
26918,特別總集篇 名偵探柯南 vs. 怪盜基德(日語版),,,日本,2024-03-29 00:00:00,,,,2025-03-02 01:08:54.339400+00:00,2025-03-02 16:42:24.139881+00:00
26502,光之美少女電影 ALL STARS F,,,日本,2024-01-19 00:00:00,,,,2025-03-02 01:08:54.339400+00:00,2025-03-02 16:42:24.139881+00:00
16758,東京教父:4K數位修復版,,,日本,2020-08-19 00:00:00,,,,2025-03-02 01:08:54.339400+00:00,2025-03-02 16:42:24.139881+00:00
28491,我的英雄學院劇場版：You’re Next,,,日本,2024-09-20 00:00:00,,,,2025-03-02 01:08:54.339400+00:00,2025-03-02 16:42:24.139881+00:00
22423,青凪大學體育會航空部劇場版,,,日本,2022-10-14 00:00:00,,,,2025-03-02 01:08:54.339400+00:00,2025-03-02 16:42:24.139881+00:00
27983,我的夏日旅行,,,日本,2024-09-03 00:00:00,,,,2025-03-02 01:08:54.339400+00:00,2025-03-02 16:42:24.139881+00:00
24481,太陽的墓場,,,日本,2023-05-28 00:00:00,,,,2025-03-02 01:08:54.339400+00:00,2025-03-02 16:42:24.139881+00:00
24480,白晝的惡魔,,,日本,2023-06-03 00:00:00,,,,2025-03-02 01:08:54.339400+00:00,2025-03-02 16:42:24.139881+00:00
27283,魯邦三世 卡里奧斯特羅城 4K數位修復版,,,日本,2024-05-17 00:00:00,,,,2025-03-02 01:08:54.339400+00:00,2025-03-02 16:42:24.139881+00:00
28160,電影版屁屁偵探：再見親愛的夥伴，屁屁啊,,,日本,2024-08-02 00:00:00,,,,2025-03-02 01:08:54.339400+00:00,2025-03-02 16:42:24.139881+00:00
28564,與夢前行  宮﨑駿,,,日本,2024-10-10 00:00:00,,,,2025-03-02 01:08:54.339400+00:00,2025-03-02 16:42:24.139881+00:00
21780,在我和天空之間,,,日本,2022-07-15 00:00:00,,,,2025-03-02 01:08:54.339400+00:00,2025-03-02 16:42:24.139881+00:00
27228,假面騎士 THE WINTER MOVIE- 葛查多 & GEATS 最強克米GOTCHA大作戰,,,日本,2024-05-10 00:00:00,,,,2025-03-02 01:08:54.339400+00:00,2025-03-02 16:42:24.139881+00:00
24477,歸來的醉漢,,,日本,2023-05-28 00:00:00,,,,2025-03-02 01:08:54.339400+00:00,2025-03-02 16:42:24.139881+00:00
23114,修羅天魔~骷髏城之七人．極 （新感線舞台劇）,,,日本,2022-11-25 00:00:00,,,,2025-03-02 01:08:54.339400+00:00,2025-03-02 16:42:24.139881+00:00
8747,下一站，天國,,,日本,2016-12-15 00:00:00,,,,2025-03-02 01:08:54.339400+00:00,2025-03-02 16:42:24.139881+00:00
21928,擅長捉弄人的高木同學劇場版,,,日本,2022-09-02 00:00:00,,,,2025-03-02 01:08:54.339400+00:00,2025-03-02 16:42:24.139881+00:00
22788,迴咒師ー塩子的誕生,,,日本,2022-11-04 00:00:00,,,,2025-03-02 01:08:54.339400+00:00,2025-03-02 16:42:24.139881+00:00
25071,親密（後編）,,,日本,2023-08-12 00:00:00,,,,2025-03-02 01:08:54.339400+00:00,2025-03-02 16:42:24.139881+00:00
23416,心情直播不NG,,,日本,2022-12-28 00:00:00,,,,2025-03-02 01:08:54.339400+00:00,2025-03-02 16:42:24.139881+00:00
21383,名偵探柯南 萬聖節的新娘,,,日本,2022-06-30 00:00:00,,,,2025-03-02 01:08:54.339400+00:00,2025-03-02 16:42:24.139881+00:00
14475,絞死刑,,,日本,2023-05-28 00:00:00,,,,2025-03-02 01:08:54.339400+00:00,2025-03-02 16:42:24.139881+00:00
27966,大室家-親愛的姊妹,,,日本,2024-07-26 00:00:00,,,,2025-03-02 01:08:54.339400+00:00,2025-03-02 16:42:24.139881+00:00
20780,假面騎士劇場版　對決！超越新世代,,,日本,2022-04-08 00:00:00,,,,2025-03-02 01:08:54.339400+00:00,2025-03-02 16:42:24.139881+00:00
29812,心之觸碰。,,,日本,2025-02-07 00:00:00,,,,2025-03-02 01:08:54.339400+00:00,2025-03-02 16:42:24.139881+00:00
22114,劇場版 超時空要塞F~虛空歌姬~,,,日本,2022-09-07 00:00:00,,,,2025-03-02 01:08:54.339400+00:00,2025-03-02 16:42:24.139881+00:00
23923,王立宇宙軍～歐尼亞米斯之翼～：4K數位修復版,,,日本,2023-04-23 00:00:00,,,,2025-03-02 01:08:54.339400+00:00,2025-03-02 16:42:24.139881+00:00
20762,電影版 DEEMO 櫻色旋律 —你所彈奏的琴音 至今仍在迴響—,,,日本,2022-03-25 00:00:00,,,,2025-03-02 01:08:54.339400+00:00,2025-03-02 16:42:24.139881+00:00
24335,超人力霸王德卡 最終章 朝向旅程的彼方‧‧‧,,,日本,2023-06-10 00:00:00,,,,2025-03-02 01:08:54.339400+00:00,2025-03-02 16:42:24.139881+00:00
19389,我的英雄學院劇場版：世界英雄任務,,,日本,2021-10-29 00:00:00,,,,2025-03-02 01:08:54.339400+00:00,2025-03-02 16:42:24.139881+00:00
20609,我的夏日大戀習,,,日本,2022-06-10 00:00:00,,,,2025-03-02 01:08:54.339400+00:00,2025-03-02 16:42:24.139881+00:00
28826,銀魂劇場版 2D 一國傾城篇,,,日本,2024-10-18 00:00:00,,,,2025-03-02 01:08:54.339400+00:00,2025-03-02 16:42:24.139881+00:00
28570,麵包超人電影版：細菌人與繪本的露露,,,日本,2024-10-04 00:00:00,,,,2025-03-02 01:08:54.339400+00:00,2025-03-02 16:42:24.139881+00:00
22504,麵包超人電影版：多洛林與妖怪嘉年華,,,日本,2022-10-07 00:00:00,,,,2025-03-02 01:08:54.339400+00:00,2025-03-02 16:42:24.139881+00:00
21382,龍馬！新生網球王子劇場版（榮耀版）,,,日本,2022-06-24 00:00:00,,,,2025-03-02 01:08:54.339400+00:00,2025-03-02 16:42:24.139881+00:00
26566,細野晴臣：再會美國,,,日本,2024-01-12 00:00:00,,,,2025-03-02 01:08:54.339400+00:00,2025-03-02 16:42:24.139881+00:00
22960,天才狂歡派對：首部曲,,,日本,2022-11-01 00:00:00,,,,2025-03-02 01:08:54.339400+00:00,2025-03-02 16:42:24.139881+00:00
18319,青春電幻物語：數位修復版,,,日本,2021-04-01 00:00:00,,,,2025-03-02 01:08:54.339400+00:00,2025-03-02 16:42:24.139881+00:00
29465,美妙寵物 光之美少女電影: 心跳加速♡遊戲世界大冒險！,,,日本,2024-12-27 00:00:00,,,,2025-03-02 01:08:54.339400+00:00,2025-03-02 16:42:24.139881+00:00
26366,赤軍：PFLP世界戰爭宣言,,,日本,2023-12-09 00:00:00,,,,2025-03-02 01:08:54.339400+00:00,2025-03-02 16:42:24.139881+00:00
29754,神州無賴街（新感線舞台劇第四季）,,,日本,2025-01-07 00:00:00,,,,2025-03-02 01:08:54.339400+00:00,2025-03-02 16:42:24.139881+00:00
24087,電影版 佐佐木與宮野 畢業篇,,,日本,2023-04-21 00:00:00,,,,2025-03-02 01:08:54.339400+00:00,2025-03-02 16:42:24.139881+00:00
25350,劇場版IDOLiSH7-偶像星願- LIVE 4bit BEYOND THE PERiOD<DAY1>,,,日本,2023-09-22 00:00:00,,,,2025-03-02 01:08:54.339400+00:00,2025-03-02 16:42:24.139881+00:00
20766,愛國女子─紅武士道,,,日本,2022-04-08 00:00:00,,,,2025-03-02 01:08:54.339400+00:00,2025-03-02 16:42:24.139881+00:00
24991,靜靜的生活,,,日本,2023-08-21 00:00:00,,,,2025-03-02 01:08:54.339400+00:00,2025-03-02 16:42:24.139881+00:00
23826,電影版殘念生物事典,,,日本,2023-03-31 00:00:00,,,,2025-03-02 01:08:54.339400+00:00,2025-03-02 16:42:24.139881+00:00
25341,天元突破劇場版 紅蓮螺巖 螺巖篇,,,日本,2023-10-20 00:00:00,,,,2025-03-02 01:08:54.339400+00:00,2025-03-02 16:42:24.139881+00:00
20405,《屁屁偵探: 舒芙蕾島的秘密》,,,日本,2022-01-21 00:00:00,,,,2025-03-02 01:08:54.339400+00:00,2025-03-02 16:42:24.139881+00:00
22174,極道主夫 電影版,,,日本,2022-09-16 00:00:00,,,,2025-03-02 01:08:54.339400+00:00,2025-03-02 16:42:24.139881+00:00
24972,電影哆啦A夢 - 新‧大雄的宇宙開拓史,,,日本,2023-09-01 00:00:00,,,,2025-03-02 01:08:54.339400+00:00,2025-03-02 16:42:24.139881+00:00
23365,輝夜姬想讓人告白－永不結束的初吻,,,日本,2022-12-23 00:00:00,,,,2025-03-02 01:08:54.339400+00:00,2025-03-02 16:42:24.139881+00:00
25324,劇場版 少女☆歌劇 Revue Starlight,,,日本,2023-09-08 00:00:00,,,,2025-03-02 01:08:54.339400+00:00,2025-03-02 16:42:24.139881+00:00
18704,相撲道,,,日本,2022-03-25 00:00:00,,,,2025-03-02 01:08:54.339400+00:00,2025-03-02 16:42:24.139881+00:00
29440,薔薇與武士2：海盜女王的回歸（新感線舞台劇第四季）,,,日本,2024-12-20 00:00:00,,,,2025-03-02 01:08:54.339400+00:00,2025-03-02 16:42:24.139881+00:00
16958,再見箱舟,,,日本,2020-09-05 00:00:00,,,,2025-03-02 01:08:54.339400+00:00,2025-03-02 16:42:24.139881+00:00
19722,刀劍神域劇場版 –Progressive- 無星夜的詠嘆調 ,,,日本,2021-11-12 00:00:00,,,,2025-03-02 01:08:54.339400+00:00,2025-03-02 16:42:24.139881+00:00
25059,親密（前編）,,,日本,2023-08-12 00:00:00,,,,2025-03-02 01:08:54.339400+00:00,2025-03-02 16:42:24.139881+00:00
26363,赤軍殘酷內鬥暗黑史,,,日本,2023-12-12 00:00:00,,,,2025-03-02 01:08:54.339400+00:00,2025-03-02 16:42:24.139881+00:00
23554,天間莊三姊妹,,,日本,2023-01-31 00:00:00,,,,2025-03-02 01:08:54.339400+00:00,2025-03-02 16:42:24.139881+00:00
19788,劇場版信號：長期未解決事件搜查班,,,日本,2021-12-30 00:00:00,,,,2025-03-02 01:08:54.339400+00:00,2025-03-02 16:42:24.139881+00:00
20170,GIVEN~被贈與的未來 劇場版：反面的存在,,,日本,2021-12-09 00:00:00,,,,2025-03-02 01:08:54.339400+00:00,2025-03-02 16:42:24.139881+00:00
21350,劇場版「黃金拼圖Thank you！！」,,,日本,2022-06-02 00:00:00,,,,2025-03-02 01:08:54.339400+00:00,2025-03-02 16:42:24.139881+00:00
28385,黑暗之家,,,日本,2024-09-01 00:00:00,,,,2025-03-02 01:08:54.339400+00:00,2025-03-02 16:42:24.139881+00:00
25412,麵包超人電影版：樂波莉與暖呼呼禮物,,,日本,2023-10-06 00:00:00,,,,2025-03-02 01:08:54.339400+00:00,2025-03-02 16:42:24.139881+00:00
28747,空海 【經典數位修復】,,,日本,2024-11-22 00:00:00,,,,2025-03-02 01:08:54.339400+00:00,2025-03-02 16:42:24.139881+00:00
24310,鐵男II：血肉橫飛,,,日本,2023-07-28 00:00:00,,,,2025-03-02 01:08:54.339400+00:00,2025-03-02 16:42:24.139881+00:00
21386,熊貓家族+熊貓家族 - 雨中的馬戲團,,,日本,2022-07-08 00:00:00,,,,2025-03-02 01:08:54.339400+00:00,2025-03-02 16:42:24.139881+00:00
25043,電影哆啦A夢 - 新‧大雄與鐵人兵團,,,日本,2023-09-15 00:00:00,,,,2025-03-02 01:08:54.339400+00:00,2025-03-02 16:42:24.139881+00:00
19000,《少女與戰車 最終章》 第3話,,,日本,2021-11-19 00:00:00,,,,2025-03-02 01:08:54.339400+00:00,2025-03-02 16:42:24.139881+00:00
24478,無理心中日本之夏,,,日本,2023-05-30 00:00:00,,,,2025-03-02 01:08:54.339400+00:00,2025-03-02 16:42:24.139881+00:00
19787,嵐 5x20演唱會電影～回憶全記錄～,,,日本,2021-11-03 00:00:00,,,,2025-03-02 01:08:54.339400+00:00,2025-03-02 16:42:24.139881+00:00
25650,春天情書,,,日本,2024-09-01 00:00:00,,,,2025-03-02 01:08:54.339400+00:00,2025-03-02 16:42:24.139881+00:00
13292,劇場版 歌之☆王子殿下♪真愛KINGDOM,,,日本,2019-06-14 00:00:00,,,,2025-03-02 01:08:54.339400+00:00,2025-03-02 16:42:24.139881+00:00
27501,刀劍亂舞 迴 -虛傳 燃燒的本能寺- 【前篇】,,,日本,2024-05-19 00:00:00,,,,2025-03-02 01:08:54.339400+00:00,2025-03-02 16:42:24.139881+00:00
22378,電影版 後空翻少年!!,,,日本,2022-10-12 00:00:00,,,,2025-03-02 01:08:54.339400+00:00,2025-03-02 16:42:24.139881+00:00
20374,花與愛麗絲：數位修復版,,,日本,2022-01-28 00:00:00,,,,2025-03-02 01:08:54.339400+00:00,2025-03-02 16:42:24.139881+00:00
26578,劇場版 轉生成女性向遊戲只有毀滅 END 的壞人大小姐,,,日本,2024-01-25 00:00:00,,,,2025-03-02 01:08:54.339400+00:00,2025-03-02 16:42:24.139881+00:00
24913,四月物語：數位修復版,,,日本,2023-08-16 00:00:00,,,,2025-03-02 01:08:54.339400+00:00,2025-03-02 16:42:24.139881+00:00
21381,神隱少年狼,,,日本,2022-07-08 00:00:00,,,,2025-03-02 01:08:54.339400+00:00,2025-03-02 16:42:24.139881+00:00
25400,劇場版IDOLiSH7-偶像星願- LIVE 4bit BEYOND THE PERiOD<DAY2>,,,日本,2023-09-22 00:00:00,,,,2025-03-02 01:08:54.339400+00:00,2025-03-02 16:42:24.139881+00:00
29564,PTP：永遠不滅,,,日本,2024-12-18 00:00:00,,,,2025-03-02 01:08:54.339400+00:00,2025-03-02 16:42:24.139881+00:00
28838,鋼之鍊金術師BROTHERHOOD 15週年特別版,,,日本,2024-10-25 00:00:00,,,,2025-03-02 01:08:54.339400+00:00,2025-03-02 16:42:24.139881+00:00
24755,死亡解剖,,,日本,2023-08-25 00:00:00,,,,2025-03-02 01:08:54.339400+00:00,2025-03-02 16:42:24.139881+00:00
25106,電影哆啦A夢 - 大雄的秘密道具博物館,,,日本,2023-09-28 00:00:00,,,,2025-03-02 01:08:54.339400+00:00,2025-03-02 16:42:24.139881+00:00
26843,劇場版 森林家族 來自芙蕾雅的禮物 中文版,,,日本,2024-04-03 00:00:00,,,,2025-03-02 01:08:54.339400+00:00,2025-03-02 16:42:24.139881+00:00
19954,由宇子的天秤,,,日本,2021-12-17 00:00:00,,,,2025-03-02 01:08:54.339400+00:00,2025-03-02 16:42:24.139881+00:00
26227,東京復仇者2：血腥萬聖節 前篇─命運,,,日本,2023-11-10 00:00:00,,,,2025-03-02 01:08:54.339400+00:00,2025-03-02 16:42:24.139881+00:00
24531,搖滾吧！中二樂團,,,日本,2024-01-05 00:00:00,,,,2025-03-02 01:08:54.339400+00:00,2025-03-02 16:42:24.139881+00:00
29097,劇場版 OVERLORD - 聖王國篇,,,日本,2024-11-01 00:00:00,,,,2025-03-02 01:08:54.339400+00:00,2025-03-02 16:42:24.139881+00:00
24482,青春殘酷物語,,,日本,2023-05-27 00:00:00,,,,2025-03-02 01:08:54.339400+00:00,2025-03-02 16:42:24.139881+00:00
26741,《少女與戰車 最終章》 第４話,,,日本,2024-02-08 00:00:00,,,,2025-03-02 01:08:54.339400+00:00,2025-03-02 16:42:24.139881+00:00
27938,DDDD惡魔的破壞 前編,,,日本,2024-07-10 00:00:00,,,,2025-03-02 01:08:54.339400+00:00,2025-03-02 16:42:24.139881+00:00
27734,孤獨搖滾！團結Band LIVE-恆星-,,,日本,2024-06-15 00:00:00,,,,2025-03-02 01:08:54.339400+00:00,2025-03-02 16:42:24.139881+00:00
27986,我來買單,,,日本,2024-09-02 00:00:00,,,,2025-03-02 01:08:54.339400+00:00,2025-03-02 16:42:24.139881+00:00
24479,日本春歌考,,,日本,2023-05-31 00:00:00,,,,2025-03-02 01:08:54.339400+00:00,2025-03-02 16:42:24.139881+00:00
18705,燕尾蝶：數位經典版,,,日本,2021-07-14 00:00:00,,,,2025-03-02 01:08:54.339400+00:00,2025-03-02 16:42:24.139881+00:00
23353,巧虎電影　巧虎與塔魯王子,,,日本,2023-01-13 00:00:00,,,,2025-03-02 01:08:54.339400+00:00,2025-03-02 16:42:24.139881+00:00
20779,妖獸都市1987 劇場版,,,日本,2022-04-08 00:00:00,,,,2025-03-02 01:08:54.339400+00:00,2025-03-02 16:42:24.139881+00:00
20415,劇場版FREE! 男子游泳部–the Final Stroke–前篇,,,日本,2022-01-21 00:00:00,,,,2025-03-02 01:08:54.339400+00:00,2025-03-02 16:42:24.139881+00:00
25304,天元突破劇場版 紅蓮螺巖 紅蓮篇,,,日本,2023-10-13 00:00:00,,,,2025-03-02 01:08:54.339400+00:00,2025-03-02 16:42:24.139881+00:00
24096,電影刀劍亂舞-黎明-,,,日本,2023-04-21 00:00:00,,,,2025-03-02 01:08:54.339400+00:00,2025-03-02 16:42:24.139881+00:00
18231,歡樂時光（下）,,,日本,2021-02-26 00:00:00,,,,2025-03-02 01:08:54.339400+00:00,2025-03-02 16:42:24.139881+00:00
21624,只是現在不走運而已,,,日本,2022-07-22 00:00:00,,,,2025-03-02 01:08:54.339400+00:00,2025-03-02 16:42:24.139881+00:00
29618,東京戰爭戰後秘語,,,日本,2024-12-14 00:00:00,,,,2025-03-02 01:08:54.339400+00:00,2025-03-02 16:42:24.139881+00:00
24754,飛躍吧！金牌英雄,,,日本,2023-07-15 00:00:00,,,,2025-03-02 01:08:54.339400+00:00,2025-03-02 16:42:24.139881+00:00
22232,新‧超人力霸王,,,日本,2022-09-13 00:00:00,,,,2025-03-02 01:08:54.339400+00:00,2025-03-02 16:42:24.139881+00:00
24954,假裝沒事,,,日本,2023-07-28 00:00:00,,,,2025-03-02 01:08:54.339400+00:00,2025-03-02 16:42:24.139881+00:00
28840,銀魂劇場版 2D  荊棘惡童篇,,,日本,2024-10-10 00:00:00,,,,2025-03-02 01:08:54.339400+00:00,2025-03-02 16:42:24.139881+00:00
19094,魔法少女小圓劇場版 [新篇] 叛逆的物語,,,日本,2021-08-13 00:00:00,,,,2025-03-02 01:08:54.339400+00:00,2025-03-02 16:42:24.139881+00:00
26668,「鬼滅之刃」 絆之奇蹟，邁向柱訓練,,,日本,2024-02-23 00:00:00,,,,2025-03-02 01:08:54.339400+00:00,2025-03-02 16:42:24.139881+00:00
28752,刀劍神域劇場版-序列爭戰,,,日本,2024-11-01 00:00:00,,,,2025-03-02 01:08:54.339400+00:00,2025-03-02 16:42:24.139881+00:00
29634,小小次文化戰爭~比利治玩家的逆襲,,,日本,2025-02-14 00:00:00,,,,2025-03-02 01:08:54.339400+00:00,2025-03-02 16:42:24.139881+00:00
26313,東尼瀧谷:數位經典版,,,日本,2023-12-22 00:00:00,,,,2025-03-02 01:08:54.339400+00:00,2025-03-02 16:42:24.139881+00:00
26352,千年決鬥,,,日本,2023-12-22 00:00:00,,,,2025-03-02 01:08:54.339400+00:00,2025-03-02 16:42:24.139881+00:00
20727,如果30歲還是處男，似乎就能成為魔法師【前篇】,,,日本,2022-06-11 00:00:00,,,,2025-03-02 01:08:54.339400+00:00,2025-03-02 16:42:24.139881+00:00
23836,名偵探柯南 灰原哀物語〜黑鐵的神祕列車〜,,,日本,2023-03-24 00:00:00,,,,2025-03-02 01:08:54.339400+00:00,2025-03-02 16:42:24.139881+00:00
28377,擅長捉弄人的高木同學 電影版,,,日本,2024-10-04 00:00:00,,,,2025-03-02 01:08:54.339400+00:00,2025-03-02 16:42:24.139881+00:00
24200,鐵男：金屬獸,,,日本,2023-07-28 00:00:00,,,,2025-03-02 01:08:54.339400+00:00,2025-03-02 16:42:24.139881+00:00
29707,鬼太郎誕生：咯咯咯之謎真生版,,,日本,2025-01-01 00:00:00,,,,2025-03-02 01:08:54.339400+00:00,2025-03-02 16:42:24.139881+00:00
20879,電影版 如果30歲還是處男，似乎就能成為魔法師,,,日本,2022-04-08 00:00:00,,,,2025-03-02 01:08:54.339400+00:00,2025-03-02 16:42:24.139881+00:00
22003,電影版 奇巧計程車：撲朔謎林,,,日本,2022-08-19 00:00:00,,,,2025-03-02 01:08:54.339400+00:00,2025-03-02 16:42:24.139881+00:00
23363,劇場版 弦音 ─初始的一射─,,,日本,2022-12-30 00:00:00,,,,2025-03-02 01:08:54.339400+00:00,2025-03-02 16:42:24.139881+00:00
27641,刀劍亂舞 迴 -虛傳 燃燒的本能寺- 【後篇】,,,日本,2024-06-02 00:00:00,,,,2025-03-02 01:08:54.339400+00:00,2025-03-02 16:42:24.139881+00:00
24858,怪物,,,日本,2023-07-07 00:00:00,,,,2025-03-02 01:08:54.339400+00:00,2025-03-02 16:42:24.139881+00:00
18812,瀧澤歌舞伎 ZERO 2020 THE MOVIE,,,日本,2021-07-27 00:00:00,,,,2025-03-02 01:08:54.339400+00:00,2025-03-02 16:42:24.139881+00:00
16420,藍色恐懼：4K數位修復版,,,日本,2020-07-17 00:00:00,,,,2025-03-02 01:08:54.339400+00:00,2025-03-02 16:42:24.139881+00:00
24432,愛的密語,,,日本,2023-05-26 00:00:00,,,,2025-03-02 01:08:54.339400+00:00,2025-03-02 16:42:24.139881+00:00
20696,Fate/stay night - 無限劍製,,,日本,2022-03-11 00:00:00,,,,2025-03-02 01:08:54.339400+00:00,2025-03-02 16:42:24.139881+00:00
21994,美國女孩的日本日記,,,日本,2022-08-26 00:00:00,,,,2025-03-02 01:08:54.339400+00:00,2025-03-02 16:42:24.139881+00:00
24529,名偵探柯南 黑鐵的魚影,,,日本,2023-07-06 00:00:00,,,,2025-03-02 01:08:54.339400+00:00,2025-03-02 16:42:24.139881+00:00
21992,航海王劇場版 : 紅髮歌姬,,,日本,2022-08-19 00:00:00,,,,2025-03-02 01:08:54.339400+00:00,2025-03-02 16:42:24.139881+00:00
26359,檻囚/蝶服記/迷宮譚/疱瘡譚/橡皮擦,,,日本,2023-12-08 00:00:00,,,,2025-03-02 01:08:54.339400+00:00,2025-03-02 16:42:24.139881+00:00
21354,龍馬！新生網球王子劇場版（決勝版）,,,日本,2022-06-24 00:00:00,,,,2025-03-02 01:08:54.339400+00:00,2025-03-02 16:42:24.139881+00:00
20105,寶可夢：皮卡丘與可可的冒險 (日文版),,,日本,2021-12-10 00:00:00,,,,2025-03-02 01:08:54.339400+00:00,2025-03-02 16:42:24.139881+00:00
29689,狐晴明九尾狩（新感線舞台劇第四季）,,,日本,2024-12-28 00:00:00,,,,2025-03-02 01:08:54.339400+00:00,2025-03-02 16:42:24.139881+00:00
22751,刀劍神域劇場版 –Progressive- 陰沉薄暮的詼諧曲,,,日本,2022-11-01 00:00:00,,,,2025-03-02 01:08:54.339400+00:00,2025-03-02 16:42:24.139881+00:00
25245,少女☆歌劇 Revue Starlight RONDO RONDO RONDO,,,日本,2023-09-15 00:00:00,,,,2025-03-02 01:08:54.339400+00:00,2025-03-02 16:42:24.139881+00:00
27668,名偵探柯南 100萬美元的五稜星,,,日本,2024-06-28 00:00:00,,,,2025-03-02 01:08:54.339400+00:00,2025-03-02 16:42:24.139881+00:00
28478,你的名字。,,,日本,2024-09-13 00:00:00,,,,2025-03-02 01:08:54.339400+00:00,2025-03-02 16:42:24.139881+00:00
26697,超人力霸王布雷薩 THE MOVIE：大怪獸東京決戰,,,日本,2024-03-30 00:00:00,,,,2025-03-02 01:08:54.339400+00:00,2025-03-02 16:42:24.139881+00:00
21310,劇場版FREE! 男子游泳部–the Final Stroke–後篇,,,日本,2022-01-21 00:00:00,,,,2025-03-02 01:08:54.339400+00:00,2025-03-02 16:42:24.139881+00:00
19908,說不出口的愛,,,日本,2022-01-21 00:00:00,,,,2025-03-02 01:08:54.339400+00:00,2025-03-02 16:42:24.139881+00:00
26927,GIVEN被贈與的未來劇場版：柊mix,,,日本,2024-03-23 00:00:00,,,,2025-03-02 01:08:54.339400+00:00,2025-03-02 16:42:24.139881+00:00
15670,我的英雄學院劇場版：英雄新世紀,,,日本,2020-04-01 00:00:00,,,,2025-03-02 01:08:54.339400+00:00,2025-03-02 16:42:24.139881+00:00
25078,電影哆啦A夢 - 大雄的人魚大海戰,,,日本,2023-09-08 00:00:00,,,,2025-03-02 01:08:54.339400+00:00,2025-03-02 16:42:24.139881+00:00
25934,數碼寶貝02 THE BEGINNING_國語版,,,日本,2023-10-27 00:00:00,,,,2025-03-02 01:08:54.339400+00:00,2025-03-02 16:42:24.139881+00:00
21065,電影版 99.9 不可能的翻案,,,日本,2022-05-27 00:00:00,,,,2025-03-02 01:08:54.339400+00:00,2025-03-02 16:42:24.139881+00:00
26226,東京復仇者2：血腥萬聖節 後篇─決戰,,,日本,2023-12-08 00:00:00,,,,2025-03-02 01:08:54.339400+00:00,2025-03-02 16:42:24.139881+00:00
24491,御法度,,,日本,2023-05-30 00:00:00,,,,2025-03-02 01:08:54.339400+00:00,2025-03-02 16:42:24.139881+00:00
17110,紫羅蘭永恆花園電影版,,,日本,2020-09-30 00:00:00,,,,2025-03-02 01:08:54.339400+00:00,2025-03-02 16:42:24.139881+00:00
25023,電影哆啦A夢：新大雄的大魔境 - 扁扁與5人之探險隊,,,日本,2023-10-06 00:00:00,,,,2025-03-02 01:08:54.339400+00:00,2025-03-02 16:42:24.139881+00:00
23115,劇場版 歌之☆王子殿下♪ 真愛ST☆RISH TOURS,,,日本,2022-11-18 00:00:00,,,,2025-03-02 01:08:54.339400+00:00,2025-03-02 16:42:24.139881+00:00
23662,「鬼滅之刃」上弦集結，前進刀匠村,,,日本,2023-02-17 00:00:00,,,,2025-03-02 01:08:54.339400+00:00,2025-03-02 16:42:24.139881+00:00
25011,電影哆啦A夢 - 大雄之宇宙英雄記,,,日本,2023-10-13 00:00:00,,,,2025-03-02 01:08:54.339400+00:00,2025-03-02 16:42:24.139881+00:00
17129,《少女與戰車 最終章》第1+2話,,,日本,2020-10-07 00:00:00,,,,2025-03-02 01:08:54.339400+00:00,2025-03-02 16:42:24.139881+00:00
20675,晚春,,,日本,2022-03-05 00:00:00,,,,2025-03-02 01:08:54.339400+00:00,2025-03-02 16:42:24.139881+00:00
25062,景深之中,,,日本,2023-08-11 00:00:00,,,,2025-03-02 01:08:54.339400+00:00,2025-03-02 16:42:24.139881+00:00
25129,觸不到的肌膚,,,日本,2023-09-28 00:00:00,,,,2025-03-02 01:08:54.339400+00:00,2025-03-02 16:42:24.139881+00:00
27958,DDDD惡魔的破壞 後編,,,日本,2024-07-24 00:00:00,,,,2025-03-02 01:08:54.339400+00:00,2025-03-02 16:42:24.139881+00:00
26360,馬爾多羅之歌/嘗試對一寸法師進行記述/二頭女-影之映畫/讀書機,,,日本,2023-12-11 00:00:00,,,,2025-03-02 01:08:54.339400+00:00,2025-03-02 16:42:24.139881+00:00
23186,戀上笨拙的你,,,日本,2022-11-25 00:00:00,,,,2025-03-02 01:08:54.339400+00:00,2025-03-02 16:42:24.139881+00:00
28378,刀劍亂舞 迴 -旋傳 親近的侍從們-,,,日本,2024-08-25 00:00:00,,,,2025-03-02 01:08:54.339400+00:00,2025-03-02 16:42:24.139881+00:00
28735,劇場總集篇 孤獨搖滾！Re:Re:,,,日本,2024-10-10 00:00:00,,,,2025-03-02 01:08:54.339400+00:00,2025-03-02 16:42:24.139881+00:00
26572,SPY x FAMILY CODE: White,,,日本,2024-01-19 00:00:00,,,,2025-03-02 01:08:54.339400+00:00,2025-03-02 16:42:24.139881+00:00
20726,如果30歲還是處男，似乎就能成為魔法師【後篇】,,,日本,2022-06-12 00:00:00,,,,2025-03-02 01:08:54.339400+00:00,2025-03-02 16:42:24.139881+00:00
24753,銀平町的電影時光,1064872,tt31407003,日本,2023-07-14 00:00:00,0,0,0,2025-03-02 01:08:54.339400+00:00,2025-03-02 16:42:24.139881+00:00
24514,渴水,968146,tt26930646,日本,2023-09-01 00:00:00,0,0,0,2025-03-02 01:08:54.339400+00:00,2025-03-02 16:42:24.139881+00:00
27600,角落小夥伴電影版：奇幻的玩具工廠,1148588,tt30008208,日本,2024-06-29 00:00:00,0,0,0,2025-03-02 01:08:54.339400+00:00,2025-03-02 16:42:24.139881+00:00
18764,群青戰記,726657,tt11354144,日本,2021-07-22 00:00:00,0,0,0,2025-03-02 01:08:54.339400+00:00,2025-03-02 16:42:24.139881+00:00
25244,BE : the ONE,1159247,,日本,2023-08-25 00:00:00,0,0,0,2025-03-02 01:08:54.339400+00:00,2025-03-02 16:42:24.139881+00:00
22167,特『刀劍亂舞-花丸-』～月之卷～,1081640,,日本,2022-08-26 00:00:00,0,0,0,2025-03-02 01:08:54.339400+00:00,2025-03-02 16:42:24.139881+00:00
26648,"Fukuyama Masaharu Live Film Kotodama no Sakiwau Natsu ""Boy Meets The Music"" @Nippon Budokan 2023",1210309,,日本,2024-02-06 00:00:00,0,0,0,2025-03-02 01:08:54.339400+00:00,2025-03-02 16:42:24.139881+00:00
28504,三日月和貓,1293338,tt32352167,日本,2024-09-11 00:00:00,0,0,0,2025-03-02 01:08:54.339400+00:00,2025-03-02 16:42:24.139881+00:00
27982,藍色假期,1278652,,日本,2024-08-30 00:00:00,0,0,0,2025-03-02 01:08:54.339400+00:00,2025-03-02 16:42:24.139881+00:00
29516,赤羽骨子的秘密保鑣,1302106,tt31557623,日本,2024-12-08 00:00:00,0,0,0,2025-03-02 01:08:54.339400+00:00,2025-03-02 16:42:24.139881+00:00
22408,特『刀劍亂舞-花丸-』～華之卷～(第一周),1081641,,日本,2022-09-23 00:00:00,0,0,0,2025-03-02 01:08:54.339400+00:00,2025-03-02 16:42:24.139881+00:00
25317,黑夜遊行,1034660,tt21434474,日本,2023-07-21 00:00:00,0,0,0,2025-03-02 01:08:54.339400+00:00,2025-03-02 16:42:24.139881+00:00
28231,老師的善意謊言,1273597,tt32086082,日本,2024-09-13 00:00:00,0,0,0,2025-03-02 01:08:54.339400+00:00,2025-03-02 16:42:24.139881+00:00
24715,SSSS. GRIDMAN 劇場總集篇,1068602,tt24657462,日本,2023-06-21 00:00:00,0,0,0,2025-03-02 01:08:54.339400+00:00,2025-03-02 16:42:24.139881+00:00
27301,完美配對謀殺案,1044555,tt30333011,日本,2024-06-14 00:00:00,0,0,0,2025-03-02 01:08:54.339400+00:00,2025-03-02 16:42:24.139881+00:00
20699,聖地X,950282,tt15535428,日本,2022-04-15 00:00:00,0,0,0,2025-03-02 01:08:54.339400+00:00,2025-03-02 16:42:24.139881+00:00
23384,TANG,804593,tt14215690,日本,2022-12-30 00:00:00,0,0,5,2025-03-02 01:08:54.339400+00:00,2025-03-02 16:42:24.139881+00:00
26845,OUT,1352548,,日本,2024-04-12 00:00:00,0,0,10,2025-03-02 01:08:54.339400+00:00,2025-03-02 16:42:24.139881+00:00
27014,搬家 4K數位修復版,1264344,,日本,2024-04-12 00:00:00,0,0,21,2025-03-02 01:08:54.339400+00:00,2025-03-02 16:42:24.139881+00:00
27646,星之聲,37910,tt0370754,日本,2024-06-07 00:00:00,0,0,25,2025-03-02 01:08:54.339400+00:00,2025-03-02 16:42:24.139881+00:00
20520,夏日幽靈,798544,tt15052770,日本,2022-01-28 00:00:00,0,0,40,2025-03-02 01:08:54.339400+00:00,2025-03-02 16:42:24.139881+00:00
28099,大室家-親愛的朋友,1211716,tt32424190,日本,2024-07-20 00:00:00,0,0,44,2025-03-02 01:08:54.339400+00:00,2025-03-02 16:42:24.139881+00:00
28063,言葉之庭,198375,tt2591814,日本,2024-08-09 00:00:00,0,820165,45,2025-03-02 01:08:54.339400+00:00,2025-03-02 16:42:24.139881+00:00
29009,五等分的新娘*,1287324,tt34691265,日本,2024-11-08 00:00:00,0,2341026,47,2025-03-02 01:08:54.339400+00:00,2025-03-02 16:42:24.139881+00:00
23537,屁屁偵探 : 天才惡人屁屁亞蒂,952083,tt21959164,日本,2023-01-20 00:00:00,0,0,50,2025-03-02 01:08:54.339400+00:00,2025-03-02 16:42:24.139881+00:00
23312,手,846716,tt15165236,日本,2023-02-17 00:00:00,0,0,56,2025-03-02 01:08:54.339400+00:00,2025-03-02 16:42:24.139881+00:00
25815,特別篇 吹響吧！上低音號～合奏團競賽篇～,1108306,tt20860298,日本,2023-10-20 00:00:00,0,1650521,58,2025-03-02 01:08:54.339400+00:00,2025-03-02 16:42:24.139881+00:00
28046,驀然回首,1244492,tt31711040,日本,2024-07-22 00:00:00,0,12648664,58,2025-03-02 01:08:54.339400+00:00,2025-03-02 16:42:24.139881+00:00
17498,GIVEN~被贈與的未來 劇場版,632632,tt11802992,日本,2020-11-06 00:00:00,0,0,60,2025-03-02 01:08:54.339400+00:00,2025-03-02 16:42:24.139881+00:00
21718,角落小夥伴電影版：藍色月夜的魔法之子(日語版),877840,tt15409816,日本,2022-07-22 00:00:00,0,0,65,2025-03-02 01:08:54.339400+00:00,2025-03-02 16:42:24.139881+00:00
27159,假面騎士555 20th 復活的天堂,1122715,tt27679654,日本,2024-05-25 00:00:00,0,0,65,2025-03-02 01:08:54.339400+00:00,2025-03-02 16:42:24.139881+00:00
23249,天使降臨到我身邊！珍貴的朋友,966709,tt15715792,日本,2022-12-16 00:00:00,0,0,67,2025-03-02 01:08:54.339400+00:00,2025-03-02 16:42:24.139881+00:00
23784,人體動物圖鑑：烏龜的殼其實是肋骨,1021860,,日本,2023-03-17 00:00:00,0,0,68,2025-03-02 01:08:54.339400+00:00,2025-03-02 16:42:24.139881+00:00
29669,PUI PUI 天竺鼠車車 電影版 MOLMAX ,1235424,,日本,2025-01-15 00:00:00,0,0,68,2025-03-02 01:08:54.339400+00:00,2025-03-02 16:42:24.139881+00:00
25991,北極百貨的秋乃小姐,1117609,tt28607487,日本,2024-03-14 00:00:00,0,0,70,2025-03-02 01:08:54.339400+00:00,2025-03-02 16:42:24.139881+00:00
27151,偶慾,1009087,tt23034616,日本,2024-04-12 00:00:00,0,0,71,2025-03-02 01:08:54.339400+00:00,2025-03-02 16:42:24.139881+00:00
21790,特『刀劍亂舞-花丸-』～雪之卷～,978039,,日本,2022-07-29 00:00:00,0,0,73,2025-03-02 01:08:54.339400+00:00,2025-03-02 16:42:24.139881+00:00
24969,青春豬頭少年不會夢到嬌憐外出妹,1056803,tt27348312,日本,2023-08-18 00:00:00,0,0,74,2025-03-02 01:08:54.339400+00:00,2025-03-02 16:42:24.139881+00:00
26364,革命＋1,1026301,tt22437974,日本,2023-12-08 00:00:00,0,0,75,2025-03-02 01:08:54.339400+00:00,2025-03-02 16:42:24.139881+00:00
26383,青春豬頭少年不會夢到紅書包女孩,1086591,tt28036417,日本,2023-12-15 00:00:00,0,2050242,75,2025-03-02 01:08:54.339400+00:00,2025-03-02 16:42:24.139881+00:00
27157,貓的報恩(日文版),15370,tt0347618,日本,2024-04-30 00:00:00,0,54016370,75,2025-03-02 01:08:54.339400+00:00,2025-03-02 16:42:24.139881+00:00
27028,蜜鑰,1009082,tt23034906,日本,2024-03-29 00:00:00,0,0,75,2025-03-02 01:08:54.339400+00:00,2025-03-02 16:42:24.139881+00:00
28356,自白,1229076,tt32467842,日本,2024-08-19 00:00:00,0,0,76,2025-03-02 01:08:54.339400+00:00,2025-03-02 16:42:24.139881+00:00
27435,那日清晨真令人感到空虛,1072742,tt32252612,日本,2024-05-31 00:00:00,0,0,76,2025-03-02 01:08:54.339400+00:00,2025-03-02 16:42:24.139881+00:00
24418,六月之蛇,33431,tt0330904,日本,2023-06-09 00:00:00,0,0,78,2025-03-02 01:08:54.339400+00:00,2025-03-02 16:42:24.139881+00:00
19895,我讓最想被擁抱的男人給威脅了 劇場版～西班牙篇～,820530,tt14489118,日本,2021-11-23 00:00:00,0,0,78,2025-03-02 01:08:54.339400+00:00,2025-03-02 16:42:24.139881+00:00
26193,託生君系列：很長很長的故事開始的早晨,1134409,,日本,2023-11-17 00:00:00,0,0,78,2025-03-02 01:08:54.339400+00:00,2025-03-02 16:42:24.139881+00:00
28894,巡演轉學生,1212497,,日本,2024-10-25 00:00:00,0,0,80,2025-03-02 01:08:54.339400+00:00,2025-03-02 16:42:24.139881+00:00
22961,天才狂歡派對：最終章,77248,tt1305678,日本,2022-11-28 00:00:00,0,0,81,2025-03-02 01:08:54.339400+00:00,2025-03-02 16:42:24.139881+00:00
20193,四季拉麵物語,809695,tt11773748,日本,2021-12-24 00:00:00,0,0,81,2025-03-02 01:08:54.339400+00:00,2025-03-02 16:42:24.139881+00:00
20264,名偵探柯南：大怪獸哥梅拉VS假面超人,925492,,日本,2022-01-07 00:00:00,0,0,81,2025-03-02 01:08:54.339400+00:00,2025-03-02 16:42:24.139881+00:00
23218,愛情在車上,1003706,tt23555720,日本,2022-12-09 00:00:00,0,0,82,2025-03-02 01:08:54.339400+00:00,2025-03-02 16:42:24.139881+00:00
25313,明天星期一,1040496,tt27510455,日本,2023-10-20 00:00:00,0,0,82,2025-03-02 01:08:54.339400+00:00,2025-03-02 16:42:24.139881+00:00
22005,如月車站,959439,tt21235352,日本,2022-08-19 00:00:00,0,0,82,2025-03-02 01:08:54.339400+00:00,2025-03-02 16:42:24.139881+00:00
23148,通往夏天的隧道，再見的出口,916192,tt17382524,日本,2022-12-02 00:00:00,0,872000,83,2025-03-02 01:08:54.339400+00:00,2025-03-02 16:42:24.139881+00:00
28165,祝你們幸福,1136558,tt28117942,日本,2025-01-03 00:00:00,0,0,84,2025-03-02 01:08:54.339400+00:00,2025-03-02 16:42:24.139881+00:00
24834,百合的雨聲,994741,tt22046186,日本,2023-06-16 00:00:00,0,0,84,2025-03-02 01:08:54.339400+00:00,2025-03-02 16:42:24.139881+00:00
27007,劇場版 排球少年!! 垃圾場的決戰,1012201,tt30476486,日本,2024-04-12 00:00:00,5000000,100255784,85,2025-03-02 01:08:54.339400+00:00,2025-03-02 16:42:24.139881+00:00
20533,夢境診斷與恐怖體驗,1011873,,日本,2022-03-19 00:00:00,0,0,85,2025-03-02 01:08:54.339400+00:00,2025-03-02 16:42:24.139881+00:00
9977,龍貓,8392,tt0096283,日本,2021-01-29 00:00:00,3700000,41000000,86,2025-03-02 01:08:54.339400+00:00,2025-03-02 16:42:24.139881+00:00
28532,從水深0米開始,1250407,tt33034308,日本,2024-10-25 00:00:00,0,0,86,2025-03-02 01:08:54.339400+00:00,2025-03-02 16:42:24.139881+00:00
25895,數碼寶貝02 THE BEGINNING,872976,tt22474136,日本,2023-10-24 00:00:00,0,0,87,2025-03-02 01:08:54.339400+00:00,2025-03-02 16:42:24.139881+00:00
20669,魔法水果籃 -前奏曲-,896499,tt15799550,日本,2022-03-18 00:00:00,0,434280,88,2025-03-02 01:08:54.339400+00:00,2025-03-02 16:42:24.139881+00:00
23492,怪談比留子,38405,tt0100991,日本,2023-03-10 00:00:00,0,0,89,2025-03-02 01:08:54.339400+00:00,2025-03-02 16:42:24.139881+00:00
14011,青春豬頭少年不會夢到懷夢美少女,572154,tt9881586,日本,2019-09-27 00:00:00,0,0,90,2025-03-02 01:08:54.339400+00:00,2025-03-02 16:42:24.139881+00:00
28476,我心裡的太陽,1267822,tt22694908,日本,2024-09-20 00:00:00,0,0,90,2025-03-02 01:08:54.339400+00:00,2025-03-02 16:42:24.139881+00:00
27965,劇場總集篇 孤獨搖滾！Re:,1129610,tt32561659,日本,2024-07-26 00:00:00,0,3829407,90,2025-03-02 01:08:54.339400+00:00,2025-03-02 16:42:24.139881+00:00
29755,劇場版 忍者亂太郎 毒竹忍者隊最強之軍師,1279788,,日本,2025-01-15 00:00:00,0,0,90,2025-03-02 01:08:54.339400+00:00,2025-03-02 16:42:24.139881+00:00
27375,Silent Love,261124,tt0126663,日本,2024-05-11 00:00:00,0,0,91,2025-03-02 01:08:54.339400+00:00,2025-03-02 16:42:24.139881+00:00
27667,秒速5公分,38142,tt0983213,日本,2024-07-05 00:00:00,5000000,548192,91,2025-03-02 01:08:54.339400+00:00,2025-03-02 16:42:24.139881+00:00
24999,狂琴畸戀,85032,tt1842532,日本,2023-10-27 00:00:00,0,0,91,2025-03-02 01:08:54.339400+00:00,2025-03-02 16:42:24.139881+00:00
27959,劇場版 藍色監獄 -EPISODE 凪-,1104844,tt28671146,日本,2024-07-12 00:00:00,0,14291561,91,2025-03-02 01:08:54.339400+00:00,2025-03-02 16:42:24.139881+00:00
26242,歡迎來到駒田蒸餾所,1119211,tt27626792,日本,2023-12-08 00:00:00,0,0,91,2025-03-02 01:08:54.339400+00:00,2025-03-02 16:42:24.139881+00:00
27812,雲之彼端，約定的地方,12924,tt0381348,日本,2024-06-21 00:00:00,0,44483,91,2025-03-02 01:08:54.339400+00:00,2025-03-02 16:42:24.139881+00:00
28493,我的一夜騎士,1152908,,日本,2024-09-20 00:00:00,0,0,91,2025-03-02 01:08:54.339400+00:00,2025-03-02 16:42:24.139881+00:00
27120,電影版 吹響吧！上低音號～莉茲與青鳥～,482150,tt7089878,日本,2024-04-05 00:00:00,0,737286,91,2025-03-02 01:08:54.339400+00:00,2025-03-02 16:42:24.139881+00:00
19852,詛咒,264718,tt0488103,日本,2022-02-04 00:00:00,0,0,91,2025-03-02 01:08:54.339400+00:00,2025-03-02 16:42:24.139881+00:00
20295,月影,847335,tt15442580,日本,2022-01-21 00:00:00,0,0,92,2025-03-02 01:08:54.339400+00:00,2025-03-02 16:42:24.139881+00:00
24781,惡靈古堡：死亡島,1083862,tt26674627,日本,2023-06-29 00:00:00,0,53929,92,2025-03-02 01:08:54.339400+00:00,2025-03-02 16:42:24.139881+00:00
26514,紅豬,11621,tt0104652,日本,2024-01-01 00:00:00,0,0,94,2025-03-02 01:08:54.339400+00:00,2025-03-02 16:42:24.139881+00:00
28637,成為星星的少女,1216623,tt31142500,日本,2024-11-08 00:00:00,0,0,94,2025-03-02 01:08:54.339400+00:00,2025-03-02 16:42:24.139881+00:00
25776,劇場版城市獵人：天使之淚,1056133,tt19413836,日本,2023-10-06 00:00:00,0,6774090,94,2025-03-02 01:08:54.339400+00:00,2025-03-02 16:42:24.139881+00:00
27978,如此這般,253235,tt2465146,日本,2024-08-31 00:00:00,18000000,25312387,94,2025-03-02 01:08:54.339400+00:00,2025-03-02 16:42:24.139881+00:00
29883,STAND BY ME 哆啦A夢,265712,tt3331846,日本,2025-01-29 00:00:00,35000000,83100000,94,2025-03-02 01:08:54.339400+00:00,2025-03-02 16:42:24.139881+00:00
22882,好想傳達你的聲音,461078,tt7283052,日本,2022-12-09 00:00:00,0,3891,94,2025-03-02 01:08:54.339400+00:00,2025-03-02 16:42:24.139881+00:00
20057,Fate/Grand Order -終局特異點 冠位時間神殿所羅門-,829920,tt12007484,日本,2021-11-26 00:00:00,0,0,94,2025-03-02 01:08:54.339400+00:00,2025-03-02 16:42:24.139881+00:00
24939,新次元！蠟筆小新電影超能力大決戰～飛吧！手卷壽司～,1059572,tt26862791,日本,2023-08-04 00:00:00,0,23839864,94,2025-03-02 01:08:54.339400+00:00,2025-03-02 16:42:24.139881+00:00
20951,露草,954094,tt18096416,日本,2022-06-10 00:00:00,0,0,95,2025-03-02 01:08:54.339400+00:00,2025-03-02 16:42:24.139881+00:00
25761,詭屋,22970,tt1259521,日本,2023-11-03 00:00:00,30000000,71038838,95,2025-03-02 01:08:54.339400+00:00,2025-03-02 16:42:24.139881+00:00
21441,再見了，橡果兄弟！－奇蹟的暑假－,846993,tt14967958,日本,2022-07-25 00:00:00,0,0,95,2025-03-02 01:08:54.339400+00:00,2025-03-02 16:42:24.139881+00:00
23962,假面騎士劇場版 Battle Royale,1002780,tt21417736,日本,2023-04-14 00:00:00,0,0,95,2025-03-02 01:08:54.339400+00:00,2025-03-02 16:42:24.139881+00:00
23603,追海豚的長崎夏日,971602,tt21819780,日本,2023-02-17 00:00:00,0,0,96,2025-03-02 01:08:54.339400+00:00,2025-03-02 16:42:24.139881+00:00
20744,急急復雞雞,899743,tt13167612,日本,2022-04-22 00:00:00,0,0,96,2025-03-02 01:08:54.339400+00:00,2025-03-02 16:42:24.139881+00:00
26579,法庭遊戲,1101181,tt29486219,日本,2024-02-26 00:00:00,0,0,97,2025-03-02 01:08:54.339400+00:00,2025-03-02 16:42:24.139881+00:00
22197,萌男友是柑橘色,996499,tt19850394,日本,2022-09-16 00:00:00,0,0,97,2025-03-02 01:08:54.339400+00:00,2025-03-02 16:42:24.139881+00:00
14811,HELLO WORLD,604605,tt9418812,日本,2019-11-15 00:00:00,0,0,97,2025-03-02 01:08:54.339400+00:00,2025-03-02 16:42:24.139881+00:00
20993,漁港的肉子,781816,tt13758684,日本,2022-05-13 00:00:00,0,0,97,2025-03-02 01:08:54.339400+00:00,2025-03-02 16:42:24.139881+00:00
22881,通往異世界的便利店,995387,tt22775702,日本,2022-11-25 00:00:00,0,0,97,2025-03-02 01:08:54.339400+00:00,2025-03-02 16:42:24.139881+00:00
23638,僕愛君愛：致深愛妳的那個我,874745,tt15450826,日本,2023-02-10 00:00:00,0,0,98,2025-03-02 01:08:54.339400+00:00,2025-03-02 16:42:24.139881+00:00
23235,夜鷹的單戀,879008,tt15625968,日本,2023-01-06 00:00:00,0,0,98,2025-03-02 01:08:54.339400+00:00,2025-03-02 16:42:24.139881+00:00
25079,千輝同學未免甜得過火,1029484,tt22648994,日本,2023-08-18 00:00:00,0,0,99,2025-03-02 01:08:54.339400+00:00,2025-03-02 16:42:24.139881+00:00
28484,日本人的養成,1186850,tt29311021,日本,2024-10-25 00:00:00,0,0,99,2025-03-02 01:08:54.339400+00:00,2025-03-02 16:42:24.139881+00:00
22230,犬王,642538,tt10540510,日本,2022-10-21 00:00:00,0,897000,99,2025-03-02 01:08:54.339400+00:00,2025-03-02 16:42:24.139881+00:00
24341,惠子不能輸,928730,tt17309864,日本,2023-07-21 00:00:00,0,0,99,2025-03-02 01:08:54.339400+00:00,2025-03-02 16:42:24.139881+00:00
20759,對某飛行員的追憶,93013,tt2113091,日本,2022-04-15 00:00:00,0,0,99,2025-03-02 01:08:54.339400+00:00,2025-03-02 16:42:24.139881+00:00
24468,名偵探神助理：黃金螺旋之謎,1029479,tt24161580,日本,2023-06-02 00:00:00,0,0,99,2025-03-02 01:08:54.339400+00:00,2025-03-02 16:42:24.139881+00:00
25072,#人孔,1029621,tt24670176,日本,2023-08-04 00:00:00,0,0,99,2025-03-02 01:08:54.339400+00:00,2025-03-02 16:42:24.139881+00:00
22194,七龍珠超：超級英雄(日文版),610150,tt14614892,日本,2022-09-03 00:00:00,0,86600000,99,2025-03-02 01:08:54.339400+00:00,2025-03-02 16:42:24.139881+00:00
21864,蠟筆小新：幽靈忍者珍風傳,955666,tt16410438,日本,2022-08-04 00:00:00,0,20617005,100,2025-03-02 01:08:54.339400+00:00,2025-03-02 16:42:24.139881+00:00
8693,坂本龍一：終章,473888,tt6578572,日本,2018-07-13 00:00:00,0,960212,100,2025-03-02 01:08:54.339400+00:00,2025-03-02 16:42:24.139881+00:00
26139,天一亮，就想見到你,1120459,tt28259022,日本,2023-11-12 00:00:00,0,0,100,2025-03-02 01:08:54.339400+00:00,2025-03-02 16:42:24.139881+00:00
25127,電影哆啦A夢：大雄與奇跡之島,160642,tt2271315,日本,2023-09-22 00:00:00,0,46180706,100,2025-03-02 01:08:54.339400+00:00,2025-03-02 16:42:24.139881+00:00
23401,邪惡的孩子,958017,tt21649884,日本,2022-12-30 00:00:00,0,0,100,2025-03-02 01:08:54.339400+00:00,2025-03-02 16:42:24.139881+00:00
23123,艾莉絲旅館,872667,tt14246570,日本,2023-03-24 00:00:00,0,0,100,2025-03-02 01:08:54.339400+00:00,2025-03-02 16:42:24.139881+00:00
24212,貞子 DX,940417,tt19815280,日本,2023-06-02 00:00:00,0,2352175,100,2025-03-02 01:08:54.339400+00:00,2025-03-02 16:42:24.139881+00:00
27414,BLOODY ESCAPE：地獄的逃走劇,1103432,tt29666664,日本,2024-05-17 00:00:00,0,0,100,2025-03-02 01:08:54.339400+00:00,2025-03-02 16:42:24.139881+00:00
26545,崖上的波妞,12429,tt0876563,日本,2024-01-05 00:00:00,34000000,202404009,101,2025-03-02 01:08:54.339400+00:00,2025-03-02 16:42:24.139881+00:00
20529,垃圾頭,464768,tt6848928,日本,2022-02-18 00:00:00,0,0,101,2025-03-02 01:08:54.339400+00:00,2025-03-02 16:42:24.139881+00:00
28435,來生再見未名的我們,1094482,tt32118941,日本,2024-11-08 00:00:00,0,0,101,2025-03-02 01:08:54.339400+00:00,2025-03-02 16:42:24.139881+00:00
29768,不能說的秘密,20342,tt1037850,日本,2025-01-17 00:00:00,0,9000000,101,2025-03-02 01:08:54.339400+00:00,2025-03-02 16:42:24.139881+00:00
28410,我變笨了，請多多指教：媽媽 歡迎回來,969784,tt32553302,日本,2024-09-20 00:00:00,0,0,101,2025-03-02 01:08:54.339400+00:00,2025-03-02 16:42:24.139881+00:00
25320,斷捨離天堂,1129646,tt28444512,日本,2023-09-15 00:00:00,0,0,101,2025-03-02 01:08:54.339400+00:00,2025-03-02 16:42:24.139881+00:00
24060,這就是我,57118,tt1606180,日本,2023-04-28 00:00:00,5000000,0,101,2025-03-02 01:08:54.339400+00:00,2025-03-02 16:42:24.139881+00:00
29756,海鷗食堂,25657,tt0483022,日本,2025-02-07 00:00:00,0,0,102,2025-03-02 01:08:54.339400+00:00,2025-03-02 16:42:24.139881+00:00
23637,僕愛君愛：致我深愛的每個妳,874743,tt15439344,日本,2023-02-10 00:00:00,0,0,102,2025-03-02 01:08:54.339400+00:00,2025-03-02 16:42:24.139881+00:00
25445,廚房,54201,tt1516552,日本,2024-08-31 00:00:00,0,0,102,2025-03-02 01:08:54.339400+00:00,2025-03-02 16:42:24.139881+00:00
29390,沙奈：詛咒之歌,1130899,tt27671691,日本,2024-12-06 00:00:00,0,0,102,2025-03-02 01:08:54.339400+00:00,2025-03-02 16:42:24.139881+00:00
22350,Ｎ号棟鬧鬼,938133,tt17510216,日本,2022-09-21 00:00:00,0,0,103,2025-03-02 01:08:54.339400+00:00,2025-03-02 16:42:24.139881+00:00
19510,心靈遊戲,21712,tt0452039,日本,2021-10-09 00:00:00,0,36613,103,2025-03-02 01:08:54.339400+00:00,2025-03-02 16:42:24.139881+00:00
23948,美麗的他電影版,1064662,tt27190932,日本,2023-04-01 00:00:00,0,0,103,2025-03-02 01:08:54.339400+00:00,2025-03-02 16:42:24.139881+00:00
23783,魔女宅急便(日語版),16859,tt0097814,日本,2023-03-31 00:00:00,6900000,4493017,103,2025-03-02 01:08:54.339400+00:00,2025-03-02 16:42:24.139881+00:00
28778,黑箱日記,1214499,tt30227076,日本,2024-12-13 00:00:00,0,0,103,2025-03-02 01:08:54.339400+00:00,2025-03-02 16:42:24.139881+00:00
26515,坂本龍一：OPUS,1156189,tt28490873,日本,2023-12-31 00:00:00,0,0,103,2025-03-02 01:08:54.339400+00:00,2025-03-02 16:42:24.139881+00:00
26666,鬼太郎誕生：咯咯咯之謎,904759,tt16270512,日本,2024-02-01 00:00:00,0,0,104,2025-03-02 01:08:54.339400+00:00,2025-03-02 16:42:24.139881+00:00
25243,冰淇淋般的愛戀,1067298,tt27745148,日本,2023-09-28 00:00:00,0,0,104,2025-03-02 01:08:54.339400+00:00,2025-03-02 16:42:24.139881+00:00
20591,劇場版 咒術迴戰 0,810693,tt14331144,日本,2022-02-24 00:00:00,0,195870885,104,2025-03-02 01:08:54.339400+00:00,2025-03-02 16:42:24.139881+00:00
28098,不死戀人,1240834,tt31307409,日本,2024-07-26 00:00:00,0,0,104,2025-03-02 01:08:54.339400+00:00,2025-03-02 16:42:24.139881+00:00
24728,呼叫愛美子,828948,tt23322952,日本,2023-08-18 00:00:00,0,0,104,2025-03-02 01:08:54.339400+00:00,2025-03-02 16:42:24.139881+00:00
20823,隔壁的山田君 (日文版),16198,tt0206013,日本,2022-07-08 00:00:00,0,0,104,2025-03-02 01:08:54.339400+00:00,2025-03-02 16:42:24.139881+00:00
19157,蠟筆小新：謎案！天下春日部學院的怪奇事件,795564,tt13642590,日本,2021-09-24 00:00:00,2550000,0,104,2025-03-02 01:08:54.339400+00:00,2025-03-02 16:42:24.139881+00:00
24033,百花,936490,tt18395238,日本,2023-04-07 00:00:00,0,0,104,2025-03-02 01:08:54.339400+00:00,2025-03-02 16:42:24.139881+00:00
22802,幽靜的山荷葉,859798,tt18566518,日本,2022-11-11 00:00:00,0,0,105,2025-03-02 01:08:54.339400+00:00,2025-03-02 16:42:24.139881+00:00
25131,善良的牧本先生,961267,tt19845444,日本,2023-09-15 00:00:00,0,0,105,2025-03-02 01:08:54.339400+00:00,2025-03-02 16:42:24.139881+00:00
17242,感官世界,5879,tt0074102,日本,2020-10-30 00:00:00,0,0,105,2025-03-02 01:08:54.339400+00:00,2025-03-02 16:42:24.139881+00:00
20865,海岬的迷途之家,760758,tt13404868,日本,2022-04-22 00:00:00,0,0,105,2025-03-02 01:08:54.339400+00:00,2025-03-02 16:42:24.139881+00:00
26552,邪惡根本不存在,1156125,tt28490044,日本,2024-01-20 00:00:00,0,0,106,2025-03-02 01:08:54.339400+00:00,2025-03-02 16:42:24.139881+00:00
29623,我生活的兩個世界,1216443,tt32485961,日本,2025-01-10 00:00:00,0,0,106,2025-03-02 01:08:54.339400+00:00,2025-03-02 16:42:24.139881+00:00
14034,今天也要用便當出擊,514880,tt9810090,日本,2019-09-12 00:00:00,0,0,106,2025-03-02 01:08:54.339400+00:00,2025-03-02 16:42:24.139881+00:00
27327,背德迷情,1032767,tt27348922,日本,2024-04-26 00:00:00,0,0,106,2025-03-02 01:08:54.339400+00:00,2025-03-02 16:42:24.139881+00:00
28240,電影蠟筆小新：我們的恐龍日記,1221404,tt30400536,日本,2024-08-16 00:00:00,0,21478573,106,2025-03-02 01:08:54.339400+00:00,2025-03-02 16:42:24.139881+00:00
24050,厄林,961295,tt21288116,日本,2023-04-14 00:00:00,0,0,107,2025-03-02 01:08:54.339400+00:00,2025-03-02 16:42:24.139881+00:00
23192,線，畫出的我,961266,tt21816922,日本,2022-12-23 00:00:00,0,0,107,2025-03-02 01:08:54.339400+00:00,2025-03-02 16:42:24.139881+00:00
20918,決戰星期天,863857,tt15102828,日本,2022-04-29 00:00:00,0,0,107,2025-03-02 01:08:54.339400+00:00,2025-03-02 16:42:24.139881+00:00
24925,電影哆啦A夢：大雄與天空的理想鄉,1030587,tt21223380,日本,2023-07-21 00:00:00,0,37475850,107,2025-03-02 01:08:54.339400+00:00,2025-03-02 16:42:24.139881+00:00
18685,告白,54186,tt1590089,日本,2022-04-29 00:00:00,0,45203103,107,2025-03-02 01:08:54.339400+00:00,2025-03-02 16:42:24.139881+00:00
29769,樂活俱樂部,25656,tt1016307,日本,2025-02-07 00:00:00,0,0,107,2025-03-02 01:08:54.339400+00:00,2025-03-02 16:42:24.139881+00:00
25672,家族遊戲,117129,tt0087545,日本,2024-08-31 00:00:00,0,0,107,2025-03-02 01:08:54.339400+00:00,2025-03-02 16:42:24.139881+00:00
24109,離不開你的依賴,1035647,tt28489497,日本,2023-04-19 00:00:00,0,0,107,2025-03-02 01:08:54.339400+00:00,2025-03-02 16:42:24.139881+00:00
20355,讓我聽見愛的歌聲,741335,tt13064272,日本,2022-02-11 00:00:00,0,0,108,2025-03-02 01:08:54.339400+00:00,2025-03-02 16:42:24.139881+00:00
26553,去唱卡拉OK吧！,1070507,tt27957457,日本,2024-01-26 00:00:00,0,2305483,108,2025-03-02 01:08:54.339400+00:00,2025-03-02 16:42:24.139881+00:00
29237,惡靈怪談,1265800,tt31939660,日本,2024-11-22 00:00:00,0,0,108,2025-03-02 01:08:54.339400+00:00,2025-03-02 16:42:24.139881+00:00
21625,電影哆啦A夢：大雄的宇宙小戰爭 2021(日語版),782054,tt13740078,日本,2022-07-15 00:00:00,0,22044058,108,2025-03-02 01:08:54.339400+00:00,2025-03-02 16:42:24.139881+00:00
26398,銀河鐵道之夜,37585,tt0089206,日本,2023-12-22 00:00:00,0,0,108,2025-03-02 01:08:54.339400+00:00,2025-03-02 16:42:24.139881+00:00
28087,劇場版 賽馬娘Pretty Derby：新時代之門,1223178,tt30648377,日本,2024-08-02 00:00:00,0,8551637,108,2025-03-02 01:08:54.339400+00:00,2025-03-02 16:42:24.139881+00:00
19896,超慄方殺陣,792678,tt13975458,日本,2021-11-19 00:00:00,0,0,108,2025-03-02 01:08:54.339400+00:00,2025-03-02 16:42:24.139881+00:00
22902,錯位的青春,810674,tt14820290,日本,2022-11-18 00:00:00,0,0,108,2025-03-02 01:08:54.339400+00:00,2025-03-02 16:42:24.139881+00:00
23197,關於我轉生變成史萊姆這檔事劇場版 紅蓮之絆篇,876792,tt15467380,日本,2022-12-06 00:00:00,0,11426555,108,2025-03-02 01:08:54.339400+00:00,2025-03-02 16:42:24.139881+00:00
28111,四月，她將到來。,1120846,tt31869366,日本,2024-07-26 00:00:00,0,6770446,108,2025-03-02 01:08:54.339400+00:00,2025-03-02 16:42:24.139881+00:00
24108,扶桑花女孩之舞,760765,tt13409496,日本,2023-04-28 00:00:00,0,0,109,2025-03-02 01:08:54.339400+00:00,2025-03-02 16:42:24.139881+00:00
25105,忌怪島,1114205,tt23644572,日本,2023-08-11 00:00:00,0,0,109,2025-03-02 01:08:54.339400+00:00,2025-03-02 16:42:24.139881+00:00
18637,天外者,746257,tt13369122,日本,2021-05-07 00:00:00,0,0,109,2025-03-02 01:08:54.339400+00:00,2025-03-02 16:42:24.139881+00:00
27666,在大雪封閉的山莊裡,1231785,tt30832517,日本,2024-09-27 00:00:00,0,0,109,2025-03-02 01:08:54.339400+00:00,2025-03-02 16:42:24.139881+00:00
8749,幻之光,18872,tt0113725,日本,2018-06-08 00:00:00,0,0,110,2025-03-02 01:08:54.339400+00:00,2025-03-02 16:42:24.139881+00:00
22244,我想被高中女生殺死,960312,tt21439866,日本,2022-09-23 00:00:00,0,0,110,2025-03-02 01:08:54.339400+00:00,2025-03-02 16:42:24.139881+00:00
28392,詭異之家,1188456,tt31859966,日本,2024-08-30 00:00:00,0,30864331,110,2025-03-02 01:08:54.339400+00:00,2025-03-02 16:42:24.139881+00:00
21627,xxxHOLiC 次元魔女,901410,tt16233104,日本,2022-08-19 00:00:00,0,0,110,2025-03-02 01:08:54.339400+00:00,2025-03-02 16:42:24.139881+00:00
26880,自戀男神,1078280,tt27481259,日本,2024-04-12 00:00:00,0,0,110,2025-03-02 01:08:54.339400+00:00,2025-03-02 16:42:24.139881+00:00
29763,工作細胞,1303162,tt27192829,日本,2025-01-12 00:00:00,0,26253461,110,2025-03-02 01:08:54.339400+00:00,2025-03-02 16:42:24.139881+00:00
20229,電影 K-ON！輕音部,120811,tt1909796,日本,2021-12-17 00:00:00,0,21434003,110,2025-03-02 01:08:54.339400+00:00,2025-03-02 16:42:24.139881+00:00
20047,青春特調蜂蜜檸檬蘇打,853821,tt14311250,日本,2021-12-03 00:00:00,0,0,111,2025-03-02 01:08:54.339400+00:00,2025-03-02 16:42:24.139881+00:00
13730,普羅米亞,553600,tt9116358,日本,2019-08-16 00:00:00,0,9869306,111,2025-03-02 01:08:54.339400+00:00,2025-03-02 16:42:24.139881+00:00
22421,戀之光 ,993782,tt27811244,日本,2022-10-14 00:00:00,0,0,111,2025-03-02 01:08:54.339400+00:00,2025-03-02 16:42:24.139881+00:00
24089,心之谷,37797,tt0113824,日本,2023-04-25 00:00:00,0,0,111,2025-03-02 01:08:54.339400+00:00,2025-03-02 16:42:24.139881+00:00
26426,日安，我的母親,1101734,tt27412934,日本,2023-12-25 00:00:00,0,0,111,2025-03-02 01:08:54.339400+00:00,2025-03-02 16:42:24.139881+00:00
28777,陰陽師0,1201210,tt31235903,日本,2024-10-18 00:00:00,0,0,112,2025-03-02 01:08:54.339400+00:00,2025-03-02 16:42:24.139881+00:00
26645,鐵道員,68837,tt0206216,日本,2024-02-23 00:00:00,0,0,112,2025-03-02 01:08:54.339400+00:00,2025-03-02 16:42:24.139881+00:00
25267,GHOSTBOOK 妖怪圖鑑,961418,tt21343502,日本,2023-09-01 00:00:00,0,0,112,2025-03-02 01:08:54.339400+00:00,2025-03-02 16:42:24.139881+00:00
23224,舌尖上的禪,1024298,tt22651844,日本,2023-01-19 00:00:00,0,0,112,2025-03-02 01:08:54.339400+00:00,2025-03-02 16:42:24.139881+00:00
27382,慾望的盡頭,1074174,tt28355655,日本,2024-05-03 00:00:00,0,0,112,2025-03-02 01:08:54.339400+00:00,2025-03-02 16:42:24.139881+00:00
21929,七五計劃,958487,tt19719904,日本,2022-09-08 00:00:00,0,0,113,2025-03-02 01:08:54.339400+00:00,2025-03-02 16:42:24.139881+00:00
19264,鹿王,633844,tt11417856,日本,2022-05-13 00:00:00,0,0,113,2025-03-02 01:08:54.339400+00:00,2025-03-02 16:42:24.139881+00:00
19061,總編的復仇,744714,tt11679950,日本,2021-11-05 00:00:00,0,0,113,2025-03-02 01:08:54.339400+00:00,2025-03-02 16:42:24.139881+00:00
24112,指尖上綻放的愛,819163,tt11179000,日本,2023-05-05 00:00:00,0,0,113,2025-03-02 01:08:54.339400+00:00,2025-03-02 16:42:24.139881+00:00
22801,大逃殺 4K數位修復版,3176,tt0266308,日本,2022-11-04 00:00:00,4500000,30600000,113,2025-03-02 01:08:54.339400+00:00,2025-03-02 16:42:24.139881+00:00
22508,救救旱鴨子,956450,tt18750342,日本,2022-10-21 00:00:00,0,0,113,2025-03-02 01:08:54.339400+00:00,2025-03-02 16:42:24.139881+00:00
27523,春畫先生,1188019,tt28153349,日本,2024-06-07 00:00:00,0,0,114,2025-03-02 01:08:54.339400+00:00,2025-03-02 16:42:24.139881+00:00
26478,窗邊的小荳荳,1106904,tt28347814,日本,2023-12-19 00:00:00,0,0,114,2025-03-02 01:08:54.339400+00:00,2025-03-02 16:42:24.139881+00:00
8873,橫山家之味,25050,tt1087578,日本,2018-06-08 00:00:00,0,3511120,114,2025-03-02 01:08:54.339400+00:00,2025-03-02 16:42:24.139881+00:00
22533,每天上班總是累得要死,890326,,日本,2022-10-21 00:00:00,0,0,114,2025-03-02 01:08:54.339400+00:00,2025-03-02 16:42:24.139881+00:00
29517,消失的豪門妻,1276849,tt33022220,日本,2024-12-06 00:00:00,0,10176530,114,2025-03-02 01:08:54.339400+00:00,2025-03-02 16:42:24.139881+00:00
29057,黑之牛,1167863,tt33504293,日本,2024-11-08 00:00:00,0,0,114,2025-03-02 01:08:54.339400+00:00,2025-03-02 16:42:24.139881+00:00
24118,我的幸福婚約,1037348,tt19869122,日本,2023-05-12 00:00:00,0,0,115,2025-03-02 01:08:54.339400+00:00,2025-03-02 16:42:24.139881+00:00
28753,藍色時期,1268198,tt31987050,日本,2024-10-05 00:00:00,0,766313,115,2025-03-02 01:08:54.339400+00:00,2025-03-02 16:42:24.139881+00:00
26606,情慾的界線,1002535,tt19769320,日本,2024-01-26 00:00:00,0,0,115,2025-03-02 01:08:54.339400+00:00,2025-03-02 16:42:24.139881+00:00
27950,電影哆啦A夢：大雄的地球交響樂,1148677,tt29402528,日本,2024-07-12 00:00:00,0,33399912,115,2025-03-02 01:08:54.339400+00:00,2025-03-02 16:42:24.139881+00:00
21589,怪獸死了怎麼辦,831920,tt16245968,日本,2022-06-24 00:00:00,0,0,115,2025-03-02 01:08:54.339400+00:00,2025-03-02 16:42:24.139881+00:00
21237,牛首村,854006,tt15458866,日本,2022-05-20 00:00:00,0,2782770,115,2025-03-02 01:08:54.339400+00:00,2025-03-02 16:42:24.139881+00:00
23041,蒲公英,11830,tt0092048,日本,2022-12-02 00:00:00,1500000,0,115,2025-03-02 01:08:54.339400+00:00,2025-03-02 16:42:24.139881+00:00
26454,寬鬆世代又怎樣：INTERNATIONAL,1119114,tt28635008,日本,2023-12-22 00:00:00,0,0,116,2025-03-02 01:08:54.339400+00:00,2025-03-02 16:42:24.139881+00:00
23956,鏡之孤城,942881,tt22868842,日本,2023-03-31 00:00:00,0,0,116,2025-03-02 01:08:54.339400+00:00,2025-03-02 16:42:24.139881+00:00
24308,金之國水之國,991190,tt21105546,日本,2023-05-12 00:00:00,0,0,116,2025-03-02 01:08:54.339400+00:00,2025-03-02 16:42:24.139881+00:00
29592,我獨自升級：二次覺醒,1357633,tt33428606,日本,2024-12-11 00:00:00,0,6331827,116,2025-03-02 01:08:54.339400+00:00,2025-03-02 16:42:24.139881+00:00
25632,名偵探麻里子最悲慘的一天,1017441,tt22062330,日本,2023-10-20 00:00:00,0,0,116,2025-03-02 01:08:54.339400+00:00,2025-03-02 16:42:24.139881+00:00
27811,追逐繁星的孩子,79707,tt1839494,日本,2024-07-26 00:00:00,0,0,116,2025-03-02 01:08:54.339400+00:00,2025-03-02 16:42:24.139881+00:00
24995,大病人,83205,tt0106651,日本,2023-08-21 00:00:00,0,0,116,2025-03-02 01:08:54.339400+00:00,2025-03-02 16:42:24.139881+00:00
26617,不完美的愛情革命,478376,tt5489950,日本,2024-02-02 00:00:00,0,0,117,2025-03-02 01:08:54.339400+00:00,2025-03-02 16:42:24.139881+00:00
21710,婚顧女王,912632,tt15400628,日本,2022-07-15 00:00:00,0,0,117,2025-03-02 01:08:54.339400+00:00,2025-03-02 16:42:24.139881+00:00
18391,樹海村,791570,tt12740648,日本,2021-04-16 00:00:00,0,0,117,2025-03-02 01:08:54.339400+00:00,2025-03-02 16:42:24.139881+00:00
17368,鬼滅之刃劇場版 無限列車篇,635302,tt11032374,日本,2020-10-30 00:00:00,15700000,507119058,117,2025-03-02 01:08:54.339400+00:00,2025-03-02 16:42:24.139881+00:00
26448,風之谷,81,tt0087544,日本,2024-10-19 00:00:00,1000000,9016411,117,2025-03-02 01:08:54.339400+00:00,2025-03-02 16:42:24.139881+00:00
29848,圓圈,1304880,,日本,2025-01-31 00:00:00,0,0,117,2025-03-02 01:08:54.339400+00:00,2025-03-02 16:42:24.139881+00:00
3033,情書,47002,tt0113703,日本,2016-09-09 00:00:00,0,0,117,2025-03-02 01:08:54.339400+00:00,2025-03-02 16:42:24.139881+00:00
23121,唱出戀愛的苦惱,969441,tt30750832,日本,2023-01-06 00:00:00,0,0,117,2025-03-02 01:08:54.339400+00:00,2025-03-02 16:42:24.139881+00:00
24835,暗湧情事,348869,tt1301178,日本,2023-07-07 00:00:00,0,0,117,2025-03-02 01:08:54.339400+00:00,2025-03-02 16:42:24.139881+00:00
20936,兒時的點點滴滴(日文版),15080,tt0102587,日本,2022-07-08 00:00:00,0,473110,118,2025-03-02 01:08:54.339400+00:00,2025-03-02 16:42:24.139881+00:00
20301,鳩的擊退法,844225,tt14153324,日本,2022-01-07 00:00:00,0,0,118,2025-03-02 01:08:54.339400+00:00,2025-03-02 16:42:24.139881+00:00
25398,岸邊露伴在羅浮,1069813,tt25582396,日本,2023-09-15 00:00:00,0,0,118,2025-03-02 01:08:54.339400+00:00,2025-03-02 16:42:24.139881+00:00
24996,鴻運女,83183,tt0098972,日本,2023-08-19 00:00:00,0,0,118,2025-03-02 01:08:54.339400+00:00,2025-03-02 16:42:24.139881+00:00
25651,未來的回憶,501657,tt0189741,日本,2024-09-01 00:00:00,0,0,118,2025-03-02 01:08:54.339400+00:00,2025-03-02 16:42:24.139881+00:00
21933,末日救世主,996666,tt15469504,日本,2022-09-02 00:00:00,0,1770794,118,2025-03-02 01:08:54.339400+00:00,2025-03-02 16:42:24.139881+00:00
24914,GRIDMAN UNIVERSE,915403,tt16418362,日本,2023-07-14 00:00:00,0,0,118,2025-03-02 01:08:54.339400+00:00,2025-03-02 16:42:24.139881+00:00
23107,性徒,987573,tt21627390,日本,2022-11-18 00:00:00,0,0,118,2025-03-02 01:08:54.339400+00:00,2025-03-02 16:42:24.139881+00:00
22431,春心萌動的老屋緣廊,963131,tt20413256,日本,2022-11-11 00:00:00,0,0,118,2025-03-02 01:08:54.339400+00:00,2025-03-02 16:42:24.139881+00:00
21315,偷情連載中,810587,tt14786640,日本,2022-07-22 00:00:00,0,0,119,2025-03-02 01:08:54.339400+00:00,2025-03-02 16:42:24.139881+00:00
28166,不朽之櫻,1276633,tt31416518,日本,2024-09-27 00:00:00,0,0,119,2025-03-02 01:08:54.339400+00:00,2025-03-02 16:42:24.139881+00:00
20101,沒說出口的殺人告白,735409,tt11252688,日本,2021-11-26 00:00:00,0,0,119,2025-03-02 01:08:54.339400+00:00,2025-03-02 16:42:24.139881+00:00
6308,失樂園,68606,tt0120120,日本,2017-09-08 00:00:00,0,0,119,2025-03-02 01:08:54.339400+00:00,2025-03-02 16:42:24.139881+00:00
23602,霍爾的移動城堡,4935,tt0347149,日本,2023-02-01 00:00:00,24000000,236049757,119,2025-03-02 01:08:54.339400+00:00,2025-03-02 16:42:24.139881+00:00
22503,調職令是警察樂隊！,961381,tt19845370,日本,2022-10-28 00:00:00,0,0,119,2025-03-02 01:08:54.339400+00:00,2025-03-02 16:42:24.139881+00:00
9952,睡著也好醒來也罷,487850,tt7112154,日本,2018-09-21 00:00:00,0,0,119,2025-03-02 01:08:54.339400+00:00,2025-03-02 16:42:24.139881+00:00
27500,花芯蕩漾,1126361,,日本,2024-05-24 00:00:00,0,0,119,2025-03-02 01:08:54.339400+00:00,2025-03-02 16:42:24.139881+00:00
20125,電影版 狂賭之淵2：絕體絕命俄羅斯輪盤,742396,tt13017168,日本,2021-12-17 00:00:00,0,1084503,119,2025-03-02 01:08:54.339400+00:00,2025-03-02 16:42:24.139881+00:00
26778,怪物樵夫,1137142,tt28090490,日本,2024-04-11 00:00:00,0,0,119,2025-03-02 01:08:54.339400+00:00,2025-03-02 16:42:24.139881+00:00
27029,東京公園,202885,tt1783792,日本,2024-04-05 00:00:00,0,0,119,2025-03-02 01:08:54.339400+00:00,2025-03-02 16:42:24.139881+00:00
27379,長夜盡頭的微光,1086011,tt26731970,日本,2024-05-04 00:00:00,0,0,119,2025-03-02 01:08:54.339400+00:00,2025-03-02 16:42:24.139881+00:00
28159,派對咖孔明 Road to Summer Sonia,1211650,tt32235713,日本,2024-08-21 00:00:00,0,0,119,2025-03-02 01:08:54.339400+00:00,2025-03-02 16:42:24.139881+00:00
21020,平成狸合戰 (日文版),15283,tt0110008,日本,2022-07-08 00:00:00,0,0,119,2025-03-02 01:08:54.339400+00:00,2025-03-02 16:42:24.139881+00:00
26960,冰室蓮司：日本統一 台灣篇,1254532,,日本,2024-03-29 00:00:00,0,0,119,2025-03-02 01:08:54.339400+00:00,2025-03-02 16:42:24.139881+00:00
24544,BLUE GIANT 藍色巨星,887870,tt15737898,日本,2023-06-02 00:00:00,0,0,120,2025-03-02 01:08:54.339400+00:00,2025-03-02 16:42:24.139881+00:00
23700,我們的黎明,950863,tt21216020,日本,2023-02-24 00:00:00,0,0,120,2025-03-02 01:08:54.339400+00:00,2025-03-02 16:42:24.139881+00:00
19242,東京復仇者,698201,tt11923304,日本,2021-09-10 00:00:00,0,0,120,2025-03-02 01:08:54.339400+00:00,2025-03-02 16:42:24.139881+00:00
22228,河畔小日子,749927,tt15181216,日本,2022-10-03 00:00:00,0,0,120,2025-03-02 01:08:54.339400+00:00,2025-03-02 16:42:24.139881+00:00
20535,電影版 昨日的美食,824362,tt14865506,日本,2022-02-18 00:00:00,0,0,120,2025-03-02 01:08:54.339400+00:00,2025-03-02 16:42:24.139881+00:00
26630,少女與戰車 劇場版,357405,tt5284414,日本,2024-01-12 00:00:00,0,0,120,2025-03-02 01:08:54.339400+00:00,2025-03-02 16:42:24.139881+00:00
26253,鄰人Ｘ：謎樣的女子,1084742,tt28959468,日本,2023-12-08 00:00:00,0,0,120,2025-03-02 01:08:54.339400+00:00,2025-03-02 16:42:24.139881+00:00
27491,鴉色刑事組電影版,1025301,tt22187898,日本,2024-05-17 00:00:00,0,0,120,2025-03-02 01:08:54.339400+00:00,2025-03-02 16:42:24.139881+00:00
23663,愛是自私,1027273,tt22006138,日本,2023-04-21 00:00:00,0,0,120,2025-03-02 01:08:54.339400+00:00,2025-03-02 16:42:24.139881+00:00
24372,快一秒的他,1029475,tt27930733,日本,2023-05-20 00:00:00,0,0,120,2025-03-02 01:08:54.339400+00:00,2025-03-02 16:42:24.139881+00:00
20552,魔神英雄傳 七魂的龍神丸 -再會-,1015361,,日本,2022-04-22 00:00:00,0,0,120,2025-03-02 01:08:54.339400+00:00,2025-03-02 16:42:24.139881+00:00
29886,一騙到底,1312989,,日本,2025-02-07 00:00:00,0,0,120,2025-03-02 01:08:54.339400+00:00,2025-03-02 16:42:24.139881+00:00
22962,即使，這份戀情今晚會從世上消失,977871,tt21115444,日本,2022-11-11 00:00:00,0,0,121,2025-03-02 01:08:54.339400+00:00,2025-03-02 16:42:24.139881+00:00
23341,那個男人,869886,tt20251822,日本,2023-01-10 00:00:00,0,0,121,2025-03-02 01:08:54.339400+00:00,2025-03-02 16:42:24.139881+00:00
24789,SSSS.DYNAZENON 劇場總集篇,1068607,tt25399466,日本,2023-06-30 00:00:00,0,0,121,2025-03-02 01:08:54.339400+00:00,2025-03-02 16:42:24.139881+00:00
22020,電影版 搖曳露營△ ,566466,tt14364238,日本,2022-09-16 00:00:00,0,7283918,121,2025-03-02 01:08:54.339400+00:00,2025-03-02 16:42:24.139881+00:00
25992,我家的故事,1015464,tt21854424,日本,2023-11-03 00:00:00,0,0,121,2025-03-02 01:08:54.339400+00:00,2025-03-02 16:42:24.139881+00:00
23742,鈴芽之旅,916224,tt16428256,日本,2023-02-25 00:00:00,0,323638107,121,2025-03-02 01:08:54.339400+00:00,2025-03-02 16:42:24.139881+00:00
27445,波紋,1062910,tt27448082,日本,2024-05-30 00:00:00,0,0,121,2025-03-02 01:08:54.339400+00:00,2025-03-02 16:42:24.139881+00:00
20919,第一人夫,756198,tt13345102,日本,2022-05-20 00:00:00,0,0,121,2025-03-02 01:08:54.339400+00:00,2025-03-02 16:42:24.139881+00:00
19687,偶然與想像,795811,tt14034966,日本,2021-11-26 00:00:00,0,1548033,121,2025-03-02 01:08:54.339400+00:00,2025-03-02 16:42:24.139881+00:00
24431,新．假面騎士,813477,tt14379088,日本,2023-05-31 00:00:00,0,15787771,121,2025-03-02 01:08:54.339400+00:00,2025-03-02 16:42:24.139881+00:00
22512,極速甩尾,983866,tt15327548,日本,2022-10-14 00:00:00,0,0,121,2025-03-02 01:08:54.339400+00:00,2025-03-02 16:42:24.139881+00:00
25041,夏洛克的孩子們,1019661,tt21944604,日本,2023-08-04 00:00:00,0,0,122,2025-03-02 01:08:54.339400+00:00,2025-03-02 16:42:24.139881+00:00
23145,她喜歡的是,804032,tt14190918,日本,2023-06-21 00:00:00,0,0,122,2025-03-02 01:08:54.339400+00:00,2025-03-02 16:42:24.139881+00:00
20707,國士無雙,146126,tt0788086,日本,2022-04-16 00:00:00,0,0,122,2025-03-02 01:08:54.339400+00:00,2025-03-02 16:42:24.139881+00:00
23187,還有愛的日子,927594,tt18235306,日本,2022-12-02 00:00:00,0,1782,123,2025-03-02 01:08:54.339400+00:00,2025-03-02 16:42:24.139881+00:00
25099,民暴之女,110283,tt0104874,日本,2023-08-20 00:00:00,0,0,123,2025-03-02 01:08:54.339400+00:00,2025-03-02 16:42:24.139881+00:00
29884,哥吉拉-1.0,940721,tt23289160,日本,2025-01-29 00:00:00,15000000,115857413,124,2025-03-02 01:08:54.339400+00:00,2025-03-02 16:42:24.139881+00:00
18774,花束般的戀愛,695932,tt11219254,日本,2021-07-16 00:00:00,0,0,124,2025-03-02 01:08:54.339400+00:00,2025-03-02 16:42:24.139881+00:00
28552,仇雲殺機,1244244,tt32828123,日本,2024-11-01 00:00:00,0,541314,124,2025-03-02 01:08:54.339400+00:00,2025-03-02 16:42:24.139881+00:00
20684,尋人啟弒,874476,tt15482370,日本,2022-06-17 00:00:00,0,0,124,2025-03-02 01:08:54.339400+00:00,2025-03-02 16:42:24.139881+00:00
23040,葬禮,42095,tt0089746,日本,2022-11-25 00:00:00,0,0,124,2025-03-02 01:08:54.339400+00:00,2025-03-02 16:42:24.139881+00:00
21385,餘命10年,876797,tt16444750,日本,2022-06-10 00:00:00,0,22500000,124,2025-03-02 01:08:54.339400+00:00,2025-03-02 16:42:24.139881+00:00
25730,蒼鷺與少年(日文版) ,508883,tt6587046,日本,2023-10-06 00:00:00,50000000,294200000,124,2025-03-02 01:08:54.339400+00:00,2025-03-02 16:42:24.139881+00:00
16264,阿基拉,149,tt0094625,日本,2020-06-24 00:00:00,5700000,49000000,124,2025-03-02 01:08:54.339400+00:00,2025-03-02 16:42:24.139881+00:00
22878,天空之城(日文版),10515,tt0092067,日本,2022-11-25 00:00:00,3000000,5228752,125,2025-03-02 01:08:54.339400+00:00,2025-03-02 16:42:24.139881+00:00
20186,魔仿犯,808667,tt14118266,日本,2021-12-10 00:00:00,0,12571501,125,2025-03-02 01:08:54.339400+00:00,2025-03-02 16:42:24.139881+00:00
23463,灌籃高手 THE FIRST SLAM DUNK,783675,tt15242330,日本,2022-12-31 00:00:00,0,258000000,125,2025-03-02 01:08:54.339400+00:00,2025-03-02 16:42:24.139881+00:00
27054,機動戰士鋼彈 SEED FREEDOM,1146972,tt14759062,日本,2024-04-16 00:00:00,0,36038764,125,2025-03-02 01:08:54.339400+00:00,2025-03-02 16:42:24.139881+00:00
20610,神隱少女(日文版),129,tt0245429,日本,2022-09-08 00:00:00,19000000,274925095,125,2025-03-02 01:08:54.339400+00:00,2025-03-02 16:42:24.139881+00:00
24993,女稅務員,42011,tt0093502,日本,2023-08-19 00:00:00,0,0,127,2025-03-02 01:08:54.339400+00:00,2025-03-02 16:42:24.139881+00:00
24317,湯道,1029486,tt22777600,日本,2023-05-12 00:00:00,0,0,127,2025-03-02 01:08:54.339400+00:00,2025-03-02 16:42:24.139881+00:00
22511,信用詐欺師JP：英雄篇,930432,tt17008472,日本,2022-10-10 00:00:00,0,0,127,2025-03-02 01:08:54.339400+00:00,2025-03-02 16:42:24.139881+00:00
27665,在那開滿花的山丘，我想見到妳,1153325,tt31549782,日本,2024-07-19 00:00:00,0,0,127,2025-03-02 01:08:54.339400+00:00,2025-03-02 16:42:24.139881+00:00
25100,女稅務員2,41962,tt0095597,日本,2023-08-19 00:00:00,0,0,127,2025-03-02 01:08:54.339400+00:00,2025-03-02 16:42:24.139881+00:00
24992,超市之女,81296,tt0127310,日本,2023-08-20 00:00:00,0,0,127,2025-03-02 01:08:54.339400+00:00,2025-03-02 16:42:24.139881+00:00
25029,電影版TOKYO MER：行動急診室,961256,tt27453633,日本,2023-07-28 00:00:00,0,0,128,2025-03-02 01:08:54.339400+00:00,2025-03-02 16:42:24.139881+00:00
25039,銀河鐵道之父,1062844,tt27510170,日本,2023-08-04 00:00:00,0,0,128,2025-03-02 01:08:54.339400+00:00,2025-03-02 16:42:24.139881+00:00
21393,噪音,848298,tt15215468,日本,2022-06-02 00:00:00,0,0,128,2025-03-02 01:08:54.339400+00:00,2025-03-02 16:42:24.139881+00:00
29645,LAST MILE：全面引爆,1276108,tt32253416,日本,2024-12-20 00:00:00,0,37164152,128,2025-03-02 01:08:54.339400+00:00,2025-03-02 16:42:24.139881+00:00
22797,殺人結業弒,890526,tt18815700,日本,2024-12-20 00:00:00,0,0,128,2025-03-02 01:08:54.339400+00:00,2025-03-02 16:42:24.139881+00:00
23438,彬與瑛,961410,tt21647658,日本,2023-01-06 00:00:00,0,0,128,2025-03-02 01:08:54.339400+00:00,2025-03-02 16:42:24.139881+00:00
23935,月之圓缺,961257,tt21652624,日本,2023-04-21 00:00:00,0,0,128,2025-03-02 01:08:54.339400+00:00,2025-03-02 16:42:24.139881+00:00
28655,難言之隱,1255316,tt31307480,日本,2024-11-22 00:00:00,0,0,128,2025-03-02 01:08:54.339400+00:00,2025-03-02 16:42:24.139881+00:00
29994,劇場版派遣女醫X FINAL,1306434,tt32758080,日本,2025-02-18 00:00:00,0,17181947,128,2025-03-02 01:08:54.339400+00:00,2025-03-02 16:42:24.139881+00:00
25241,破案天才伽利略：嫌疑犯X的獻身,42341,tt1160629,日本,2008-12-24 00:00:00,0,0,128,2025-03-02 01:08:54.339400+00:00,2025-03-02 16:42:24.139881+00:00
29797,【我推的孩子】電影版,1235431,tt31031808,日本,2025-01-17 00:00:00,0,0,129,2025-03-02 01:08:54.339400+00:00,2025-03-02 16:42:24.139881+00:00
21941,北齋：浮世繪傳奇,698215,tt10787472,日本,2022-08-26 00:00:00,0,0,129,2025-03-02 01:08:54.339400+00:00,2025-03-02 16:42:24.139881+00:00
26122,電影版 勿說是推理,1064669,tt27554389,日本,2023-11-10 00:00:00,0,0,129,2025-03-02 01:08:54.339400+00:00,2025-03-02 16:42:24.139881+00:00
25176,破案天才伽利略：真夏方程式,204702,tt2412556,日本,2013-07-05 00:00:00,0,0,129,2025-03-02 01:08:54.339400+00:00,2025-03-02 16:42:24.139881+00:00
20824,臥底型警FINAL,845611,tt14941348,日本,2022-04-22 00:00:00,0,0,129,2025-03-02 01:08:54.339400+00:00,2025-03-02 16:42:24.139881+00:00
19766,假面飯店2：假面之夜 ,824202,tt13582738,日本,2021-10-28 00:00:00,0,0,129,2025-03-02 01:08:54.339400+00:00,2025-03-02 16:42:24.139881+00:00
22380,破案天才伽利略：沉默的遊行,956564,tt21608894,日本,2022-09-23 00:00:00,0,0,130,2025-03-02 01:08:54.339400+00:00,2025-03-02 16:42:24.139881+00:00
18297,令人討厭的松子的一生,31512,tt0768120,日本,2021-03-26 00:00:00,0,0,130,2025-03-02 01:08:54.339400+00:00,2025-03-02 16:42:24.139881+00:00
24876,謎樣的你,1076535,tt26689671,日本,2023-07-28 00:00:00,0,0,130,2025-03-02 01:08:54.339400+00:00,2025-03-02 16:42:24.139881+00:00
25444,其後,118785,tt0091989,日本,2024-08-30 00:00:00,0,0,130,2025-03-02 01:08:54.339400+00:00,2025-03-02 16:42:24.139881+00:00
24994,受監護的女人,164207,tt0133089,日本,2023-08-22 00:00:00,0,0,131,2025-03-02 01:08:54.339400+00:00,2025-03-02 16:42:24.139881+00:00
29052,雨中的慾情,1283793,tt34278071,日本,2024-12-22 00:00:00,0,0,132,2025-03-02 01:08:54.339400+00:00,2025-03-02 16:42:24.139881+00:00
24575,SEE HEAR LOVE 看不見聽不見也愛你,1124341,tt27881314,日本,2023-06-25 00:00:00,0,0,132,2025-03-02 01:08:54.339400+00:00,2025-03-02 16:42:24.139881+00:00
29441,納米比亞沙漠直播中,1275240,tt32128870,日本,2025-01-19 00:00:00,0,0,132,2025-03-02 01:08:54.339400+00:00,2025-03-02 16:42:24.139881+00:00
21707,太陽與波麗露,1037696,,日本,2022-07-08 00:00:00,0,0,133,2025-03-02 01:08:54.339400+00:00,2025-03-02 16:42:24.139881+00:00
26492,魔法公主,128,tt0119698,日本,2023-12-30 00:00:00,23500000,169000000,134,2025-03-02 01:08:54.339400+00:00,2025-03-02 16:42:24.139881+00:00
26949,孤島診療所2022,1019421,tt24067424,日本,2024-04-19 00:00:00,0,0,134,2025-03-02 01:08:54.339400+00:00,2025-03-02 16:42:24.139881+00:00
20541,那些得不到保護的人,794719,tt14423692,日本,2022-04-08 00:00:00,0,0,134,2025-03-02 01:08:54.339400+00:00,2025-03-02 16:42:24.139881+00:00
25117,來自雪國的遺書,1030205,tt22037646,日本,2023-08-18 00:00:00,0,0,134,2025-03-02 01:08:54.339400+00:00,2025-03-02 16:42:24.139881+00:00
25649,宛如阿修羅,110852,tt0397317,日本,2024-08-31 00:00:00,0,0,135,2025-03-02 01:08:54.339400+00:00,2025-03-02 16:42:24.139881+00:00
23264,魔幻時刻,46361,tt1077089,日本,2008-12-31 00:00:00,0,0,136,2025-03-02 01:08:54.339400+00:00,2025-03-02 16:42:24.139881+00:00
21973,劇場版 五等分的新娘,820067,tt15721650,日本,2022-08-26 00:00:00,0,17288993,136,2025-03-02 01:08:54.339400+00:00,2025-03-02 16:42:24.139881+00:00
23222,有頂天大飯店,112903,tt0498587,日本,2009-01-16 00:00:00,0,0,137,2025-03-02 01:08:54.339400+00:00,2025-03-02 16:42:24.139881+00:00
20715,接棒家族,853731,tt14605210,日本,2022-03-11 00:00:00,0,0,137,2025-03-02 01:08:54.339400+00:00,2025-03-02 16:42:24.139881+00:00
26279,花腐,1115167,tt28756694,日本,2023-12-01 00:00:00,0,0,137,2025-03-02 01:08:54.339400+00:00,2025-03-02 16:42:24.139881+00:00
20653,輝耀姬物語(日文版),149871,tt2576852,日本,2014-06-13 00:00:00,49300000,24366656,137,2025-03-02 01:08:54.339400+00:00,2025-03-02 16:42:24.139881+00:00
29389,福田村事件,1155235,tt28433392,日本,2024-11-15 00:00:00,0,0,137,2025-03-02 01:08:54.339400+00:00,2025-03-02 16:42:24.139881+00:00
6711,東京物語,18148,tt0046438,日本,2016-11-12 00:00:00,0,0,137,2025-03-02 01:08:54.339400+00:00,2025-03-02 16:42:24.139881+00:00
22532,魚之子,952438,tt18952724,日本,2022-12-09 00:00:00,0,0,139,2025-03-02 01:08:54.339400+00:00,2025-03-02 16:42:24.139881+00:00
27648,異國日記,1163269,tt27957454,日本,2024-07-03 00:00:00,0,0,139,2025-03-02 01:08:54.339400+00:00,2025-03-02 16:42:24.139881+00:00
23639,愛情失格,1009447,tt22467872,日本,2023-02-10 00:00:00,0,0,139,2025-03-02 01:08:54.339400+00:00,2025-03-02 16:42:24.139881+00:00
20983,鳶,794721,tt19632774,日本,2022-04-29 00:00:00,0,0,139,2025-03-02 01:08:54.339400+00:00,2025-03-02 16:42:24.139881+00:00
26580,愛在閃電下,1140221,tt27916137,日本,2023-12-20 00:00:00,0,0,140,2025-03-02 01:08:54.339400+00:00,2025-03-02 16:42:24.139881+00:00
8878,無人知曉的夏日清晨,2517,tt0408664,日本,2018-06-08 00:00:00,0,0,141,2025-03-02 01:08:54.339400+00:00,2025-03-02 16:42:24.139881+00:00
21058,輪到你了 劇場版 ,915295,tt15034594,日本,2022-05-13 00:00:00,0,0,142,2025-03-02 01:08:54.339400+00:00,2025-03-02 16:42:24.139881+00:00
23262,鬼壓床了沒,130023,tt1677603,日本,2022-12-23 00:00:00,0,0,142,2025-03-02 01:08:54.339400+00:00,2025-03-02 16:42:24.139881+00:00
28178,最後一擊,921,tt0352248,日本,2024-08-16 00:00:00,88000000,108539911,144,2025-03-02 01:08:54.339400+00:00,2025-03-02 16:42:24.139881+00:00
26388,月,1145026,tt28803702,日本,2024-01-05 00:00:00,0,0,144,2025-03-02 01:08:54.339400+00:00,2025-03-02 16:42:24.139881+00:00
29653,劇場版「進擊的巨人」完結篇THE LAST ATTACK,1333100,tt33175825,日本,2025-01-03 00:00:00,0,12755520,145,2025-03-02 01:08:54.339400+00:00,2025-03-02 16:42:24.139881+00:00
20631,燃燒的劍,726894,tt11487698,日本,2022-04-29 00:00:00,0,0,148,2025-03-02 01:08:54.339400+00:00,2025-03-02 16:42:24.139881+00:00
21537,螢火蟲之墓,76826,tt0491652,日本,2022-07-08 00:00:00,0,0,148,2025-03-02 01:08:54.339400+00:00,2025-03-02 16:42:24.139881+00:00
29514,八犬傳,1276242,,日本,2024-12-07 00:00:00,0,3652816,149,2025-03-02 01:08:54.339400+00:00,2025-03-02 16:42:24.139881+00:00
22474,流浪之月,849786,tt15150608,日本,2022-10-28 00:00:00,0,0,150,2025-03-02 01:08:54.339400+00:00,2025-03-02 16:42:24.139881+00:00
23473,新世紀福音戰士新劇場版：終,283566,tt2458948,日本,2023-02-03 00:00:00,29700000,93882453,155,2025-03-02 01:08:54.339400+00:00,2025-03-02 16:42:24.139881+00:00
24086,Fishmans,800151,tt14141970,日本,2023-04-21 00:00:00,0,0,172,2025-03-02 01:08:54.339400+00:00,2025-03-02 16:42:24.139881+00:00
20279,在車上,758866,tt14039582,日本,2021-12-24 00:00:00,1300000,15356046,179,2025-03-02 01:08:54.339400+00:00,2025-03-02 16:42:24.139881+00:00
18228,歡樂時光（上）,354759,tt4780662,日本,2021-02-26 00:00:00,0,0,317,2025-03-02 01:08:54.339400+00:00,2025-03-02 16:42:24.139881+00:00
24488,盛開紫羅蘭：西蒙波娃與薇奧麗賴朵絲,,,法國,2014-07-04 00:00:00,,,,2025-03-02 01:08:54.339400+00:00,2025-03-02 16:42:24.139881+00:00
26367,也許是因為美的決心,,,法國,2023-12-10 00:00:00,,,,2025-03-02 01:08:54.339400+00:00,2025-03-02 16:42:24.139881+00:00
18898,藍色情挑 經典數位修復,,,法國,2023-09-30 00:00:00,,,,2025-03-02 01:08:54.339400+00:00,2025-03-02 16:42:24.139881+00:00
27603,明天我就不幹了！,,,法國,2024-06-03 00:00:00,,,,2025-03-02 01:08:54.339400+00:00,2025-03-02 16:42:24.139881+00:00
21356,蓋爾芒特家情事,,,法國,2022-06-01 00:00:00,,,,2025-03-02 01:08:54.339400+00:00,2025-03-02 16:42:24.139881+00:00
28069,熱血搜救隊：翻轉世界,,,法國,2024-08-02 00:00:00,,,,2025-03-02 01:08:54.339400+00:00,2025-03-02 16:42:24.139881+00:00
18815,紅色情深 經典數位修復,,,法國,2023-10-14 00:00:00,,,,2025-03-02 01:08:54.339400+00:00,2025-03-02 16:42:24.139881+00:00
28776,手榴彈‧革命‧還有愛與詩,,,法國,2024-12-20 00:00:00,,,,2025-03-02 01:08:54.339400+00:00,2025-03-02 16:42:24.139881+00:00
29593,響亮心重奏,,,法國,2024-12-18 00:00:00,,,,2025-03-02 01:08:54.339400+00:00,2025-03-02 16:42:24.139881+00:00
10331,影像之書,,,法國,2018-12-14 00:00:00,,,,2025-03-02 01:08:54.339400+00:00,2025-03-02 16:42:24.139881+00:00
25343,神父李昂莫罕,,,法國,2023-09-16 00:00:00,,,,2025-03-02 01:08:54.339400+00:00,2025-03-02 16:42:24.139881+00:00
22356,消失的達文西,,,法國,2022-09-23 00:00:00,,,,2025-03-02 01:08:54.339400+00:00,2025-03-02 16:42:24.139881+00:00
14845,妙想天開,,,法國,2024-01-09 00:00:00,,,,2025-03-02 01:08:54.339400+00:00,2025-03-02 16:42:24.139881+00:00
25342,賭徒鮑伯,,,法國,2023-09-17 00:00:00,,,,2025-03-02 01:08:54.339400+00:00,2025-03-02 16:42:24.139881+00:00
21363,鸛鳥踟躕,,,法國,2022-06-01 00:00:00,,,,2025-03-02 01:08:54.339400+00:00,2025-03-02 16:42:24.139881+00:00
27416,瑪麗亞‧蒙特梭利,,,法國,2024-06-28 00:00:00,,,,2025-03-02 01:08:54.339400+00:00,2025-03-02 16:42:24.139881+00:00
4395,紅圈,,,法國,2016-05-20 00:00:00,,,,2025-03-02 01:08:54.339400+00:00,2025-03-02 16:42:24.139881+00:00
23897,玫瑰母親,,,法國,2023-04-02 00:00:00,,,,2025-03-02 01:08:54.339400+00:00,2025-03-02 16:42:24.139881+00:00
24254,不思議女人,,,法國,2024-09-03 00:00:00,,,,2025-03-02 01:08:54.339400+00:00,2025-03-02 16:42:24.139881+00:00
6581,她與他們的愛情,,,法國,2017-09-08 00:00:00,,,,2025-03-02 01:08:54.339400+00:00,2025-03-02 16:42:24.139881+00:00
3955,珍妮德爾曼,,,法國,2024-12-16 00:00:00,,,,2025-03-02 01:08:54.339400+00:00,2025-03-02 16:42:24.139881+00:00
29620,惡狼年代,,,法國,2024-12-13 00:00:00,,,,2025-03-02 01:08:54.339400+00:00,2025-03-02 16:42:24.139881+00:00
18751,四百擊,,,法國,2023-04-16 00:00:00,,,,2025-03-02 01:08:54.339400+00:00,2025-03-02 16:42:24.139881+00:00
24484,莒哈絲最後的情人,,,法國,2023-05-27 00:00:00,,,,2025-03-02 01:08:54.339400+00:00,2025-03-02 16:42:24.139881+00:00
17254,追憶似水年華 數位修復版,,,法國,2022-05-28 00:00:00,,,,2025-03-02 01:08:54.339400+00:00,2025-03-02 16:42:24.139881+00:00
25763, 小嫉妒,,,法國,2023-11-03 00:00:00,,,,2025-03-02 01:08:54.339400+00:00,2025-03-02 16:42:24.139881+00:00
24483,留愛在蔚藍海岸,,,法國,2023-05-31 00:00:00,,,,2025-03-02 01:08:54.339400+00:00,2025-03-02 16:42:24.139881+00:00
24871,我們的最強暑假,,,法國,2023-07-28 00:00:00,,,,2025-03-02 01:08:54.339400+00:00,2025-03-02 16:42:24.139881+00:00
19224,狂人皮耶洛,,,法國,1965-11-05 00:00:00,,,,2025-03-02 01:08:54.339400+00:00,2025-03-02 16:42:24.139881+00:00
18848,白色情迷 經典數位修復,,,法國,2023-10-07 00:00:00,,,,2025-03-02 01:08:54.339400+00:00,2025-03-02 16:42:24.139881+00:00
938,衡量一個人,,,法國,2015-11-20 00:00:00,,,,2025-03-02 01:08:54.339400+00:00,2025-03-02 16:42:24.139881+00:00
23275,芳名卡門,,,法國,2022-12-16 00:00:00,,,,2025-03-02 01:08:54.339400+00:00,2025-03-02 16:42:24.139881+00:00
21355,往事追憶錄,,,法國,2022-05-28 00:00:00,,,,2025-03-02 01:08:54.339400+00:00,2025-03-02 16:42:24.139881+00:00
29471,艾曼紐1974 4K修復版導演版,,,法國,2024-11-29 00:00:00,,,,2025-03-02 01:08:54.339400+00:00,2025-03-02 16:42:24.139881+00:00
19204,花神咖啡館,,,法國,2021-09-10 00:00:00,,,,2025-03-02 01:08:54.339400+00:00,2025-03-02 16:42:24.139881+00:00
27555,女僕日記,,,法國,2024-05-26 00:00:00,,,,2025-03-02 01:08:54.339400+00:00,2025-03-02 16:42:24.139881+00:00
18814,雙面薇若妮卡 經典數位修復,,,法國,2024-03-01 00:00:00,,,,2025-03-02 01:08:54.339400+00:00,2025-03-02 16:42:24.139881+00:00
21019,好好說再見,,,法國,2022-05-27 00:00:00,,,,2025-03-02 01:08:54.339400+00:00,2025-03-02 16:42:24.139881+00:00
21809,席琳狄翁外傳：愛的力量,,,法國,2022-07-29 00:00:00,,,,2025-03-02 01:08:54.339400+00:00,2025-03-02 16:42:24.139881+00:00
24490,馬克斯，我的愛,,,法國,2023-06-01 00:00:00,,,,2025-03-02 01:08:54.339400+00:00,2025-03-02 16:42:24.139881+00:00
23274,我所知道她的二三事,,,法國,2022-12-16 00:00:00,,,,2025-03-02 01:08:54.339400+00:00,2025-03-02 16:42:24.139881+00:00
21399,安達魯之犬,626,tt0020530,法國,2024-05-29 00:00:00,0,0,16,2025-03-02 01:08:54.339400+00:00,2025-03-02 16:42:24.139881+00:00
24313,安妮艾諾 超八時光,964681,tt19758084,法國,2023-06-02 00:00:00,0,14632,63,2025-03-02 01:08:54.339400+00:00,2025-03-02 16:42:24.139881+00:00
28488,達荷美：祖靈回家,1101256,tt31015216,法國,2025-01-17 00:00:00,0,506090,68,2025-03-02 01:08:54.339400+00:00,2025-03-02 16:42:24.139881+00:00
20943,親愛的童伴,749004,tt13204490,法國,2022-05-13 00:00:00,3100000,1024575,72,2025-03-02 01:08:54.339400+00:00,2025-03-02 16:42:24.139881+00:00
26317,魔籽公主,970867,tt23327624,法國,2024-01-05 00:00:00,0,0,72,2025-03-02 01:08:54.339400+00:00,2025-03-02 16:42:24.139881+00:00
21866,春日小戀曲,712134,tt12444426,法國,2022-08-12 00:00:00,0,0,73,2025-03-02 01:08:54.339400+00:00,2025-03-02 16:42:24.139881+00:00
25983,琳達想吃雞!(中文版),589026,tt21042126,法國,2023-11-10 00:00:00,0,685093,73,2025-03-02 01:08:54.339400+00:00,2025-03-02 16:42:24.139881+00:00
29189,噠噠噠達利,1045770,tt23476446,法國,2024-11-15 00:00:00,6700000,3829263,77,2025-03-02 01:08:54.339400+00:00,2025-03-02 16:42:24.139881+00:00
20124,喀布爾之燕,582881,tt7534102,法國,2022-08-05 00:00:00,0,0,81,2025-03-02 01:08:54.339400+00:00,2025-03-02 16:42:24.139881+00:00
20489,今敏：造夢魔術師,809488,tt12998510,法國,2022-03-18 00:00:00,0,0,81,2025-03-02 01:08:54.339400+00:00,2025-03-02 16:42:24.139881+00:00
21920,蝙狐俠：英雄覺醒,746333,tt13774454,法國,2022-08-26 00:00:00,0,7375119,82,2025-03-02 01:08:54.339400+00:00,2025-03-02 16:42:24.139881+00:00
25042,我和喵喵的冒險旅行  ,977337,tt15097144,法國,2023-08-18 00:00:00,0,0,83,2025-03-02 01:08:54.339400+00:00,2025-03-02 16:42:24.139881+00:00
23550,不離職冒險王,745608,tt13639204,法國,2023-02-24 00:00:00,0,0,83,2025-03-02 01:08:54.339400+00:00,2025-03-02 16:42:24.139881+00:00
22756,賴活,1626,tt0056663,法國,2022-10-26 00:00:00,64000,24517,84,2025-03-02 01:08:54.339400+00:00,2025-03-02 16:42:24.139881+00:00
25745,小嫉妒,803688,tt26255358,法國,2023-11-03 00:00:00,0,456632,84,2025-03-02 01:08:54.339400+00:00,2025-03-02 16:42:24.139881+00:00
20399,我的神秘狼朋友,754067,tt10945274,法國,2022-01-21 00:00:00,6500000,4181043,84,2025-03-02 01:08:54.339400+00:00,2025-03-02 16:42:24.139881+00:00
28310,鄰家密友,961082,tt26760867,法國,2024-10-18 00:00:00,0,0,85,2025-03-02 01:08:54.339400+00:00,2025-03-02 16:42:24.139881+00:00
24486,長別離,131836,tt0054426,法國,2023-05-30 00:00:00,0,0,85,2025-03-02 01:08:54.339400+00:00,2025-03-02 16:42:24.139881+00:00
24522,烈火浩劫,944306,tt15385664,法國,2023-06-02 00:00:00,0,0,85,2025-03-02 01:08:54.339400+00:00,2025-03-02 16:42:24.139881+00:00
28505,喵的奇幻漂流,823219,tt4772188,法國,2025-01-21 00:00:00,3700000,0,85,2025-03-02 01:08:54.339400+00:00,2025-03-02 16:42:24.139881+00:00
22901,索蘭琪的少女心事,749107,tt10376800,法國,2022-11-04 00:00:00,0,0,86,2025-03-02 01:08:54.339400+00:00,2025-03-02 16:42:24.139881+00:00
20406,豪門媳婦日記,660955,tt11006570,法國,2022-01-14 00:00:00,0,0,86,2025-03-02 01:08:54.339400+00:00,2025-03-02 16:42:24.139881+00:00
23872,小淘氣尼古拉：快樂的源頭,893366,tt10290244,法國,2023-03-24 00:00:00,0,3813788,86,2025-03-02 01:08:54.339400+00:00,2025-03-02 16:42:24.139881+00:00
21046,失速母親,833417,tt13269580,法國,2022-06-02 00:00:00,3000000,42566,87,2025-03-02 01:08:54.339400+00:00,2025-03-02 16:42:24.139881+00:00
22349,死噬,955569,tt19783626,法國,2022-09-23 00:00:00,2400000,0,87,2025-03-02 01:08:54.339400+00:00,2025-03-02 16:42:24.139881+00:00
7635,沉默之海,40650,tt0039822,法國,2023-09-15 00:00:00,0,0,87,2025-03-02 01:08:54.339400+00:00,2025-03-02 16:42:24.139881+00:00
23265,有你就是家,914203,tt18317064,法國,2022-12-16 00:00:00,0,575385,88,2025-03-02 01:08:54.339400+00:00,2025-03-02 16:42:24.139881+00:00
20928,築愛巴黎,582886,tt9431080,法國,2022-04-15 00:00:00,4360174,0,89,2025-03-02 01:08:54.339400+00:00,2025-03-02 16:42:24.139881+00:00
23859,我的2年妓女生涯,960139,tt17505492,法國,2023-05-19 00:00:00,2600000,0,89,2025-03-02 01:08:54.339400+00:00,2025-03-02 16:42:24.139881+00:00
27949,巴黎頌紐約情,1004840,tt16062876,法國,2024-09-06 00:00:00,0,0,90,2025-03-02 01:08:54.339400+00:00,2025-03-02 16:42:24.139881+00:00
24063,詭樓,852432,tt15152316,法國,2023-04-21 00:00:00,0,0,90,2025-03-02 01:08:54.339400+00:00,2025-03-02 16:42:24.139881+00:00
21311,來自巴黎的情書,833428,tt14039392,法國,2022-05-27 00:00:00,0,0,90,2025-03-02 01:08:54.339400+00:00,2025-03-02 16:42:24.139881+00:00
22183,拆彈倒數30分鐘,827887,tt11906086,法國,2022-09-23 00:00:00,0,0,90,2025-03-02 01:08:54.339400+00:00,2025-03-02 16:42:24.139881+00:00
27492,再見哥雅：卡葉爾與布紐爾的最後巡禮 ,970398,tt14018794,法國,2024-05-24 00:00:00,0,19870,90,2025-03-02 01:08:54.339400+00:00,2025-03-02 16:42:24.139881+00:00
19736,廣島之戀,5544,tt0052893,法國,2023-05-29 00:00:00,0,3193,90,2025-03-02 01:08:54.339400+00:00,2025-03-02 16:42:24.139881+00:00
6630,斷了氣,269,tt0053472,法國,2017-10-23 00:00:00,0,0,90,2025-03-02 01:08:54.339400+00:00,2025-03-02 16:42:24.139881+00:00
20862,屠女養成記,757341,tt13353386,法國,2022-04-15 00:00:00,5000000,1085112,91,2025-03-02 01:08:54.339400+00:00,2025-03-02 16:42:24.139881+00:00
26957,愛離巢,989238,tt26256216,法國,2024-04-24 00:00:00,0,579413,91,2025-03-02 01:08:54.339400+00:00,2025-03-02 16:42:24.139881+00:00
20803,破膽三次,11298,tt0082533,法國,2022-04-15 00:00:00,1000000,17985893,91,2025-03-02 01:08:54.339400+00:00,2025-03-02 16:42:24.139881+00:00
29786,師控風暴,1000862,tt26060006,法國,2025-02-07 00:00:00,0,0,92,2025-03-02 01:08:54.339400+00:00,2025-03-02 16:42:24.139881+00:00
27156,大發明家,676727,tt5822848,法國,2024-04-30 00:00:00,10000000,2037563,92,2025-03-02 01:08:54.339400+00:00,2025-03-02 16:42:24.139881+00:00
26382,愛情轉移,898673,tt16252698,法國,2023-12-29 00:00:00,0,1103374,92,2025-03-02 01:08:54.339400+00:00,2025-03-02 16:42:24.139881+00:00
2814,白色情迷 經典數位修復,109,tt0111507,法國,2016-07-22 00:00:00,0,1273525,92,2025-03-02 01:08:54.339400+00:00,2025-03-02 16:42:24.139881+00:00
20873,友你才精彩,757999,tt13553662,法國,2022-04-15 00:00:00,0,3358402,92,2025-03-02 01:08:54.339400+00:00,2025-03-02 16:42:24.139881+00:00
21796,烈火少女（英文版）,778810,tt8354218,法國,2022-07-23 00:00:00,0,0,92,2025-03-02 01:08:54.339400+00:00,2025-03-02 16:42:24.139881+00:00
23785,尋找第5味,788030,tt6993614,法國,2023-03-10 00:00:00,0,0,92,2025-03-02 01:08:54.339400+00:00,2025-03-02 16:42:24.139881+00:00
20177,幸福知音,809733,tt14371818,法國,2022-02-11 00:00:00,0,0,93,2025-03-02 01:08:54.339400+00:00,2025-03-02 16:42:24.139881+00:00
26967,日安，朵朵,1004555,tt26254622,法國,2024-04-19 00:00:00,0,0,95,2025-03-02 01:08:54.339400+00:00,2025-03-02 16:42:24.139881+00:00
29842,兄妹之地,1214485,tt30141676,法國,2025-02-07 00:00:00,0,0,95,2025-03-02 01:08:54.339400+00:00,2025-03-02 16:42:24.139881+00:00
29787,末日小隊請登入,1108371,tt27489748,法國,2025-01-24 00:00:00,0,0,95,2025-03-02 01:08:54.339400+00:00,2025-03-02 16:42:24.139881+00:00
21993,夜色中的她,810677,tt14429000,法國,2022-08-26 00:00:00,0,0,95,2025-03-02 01:08:54.339400+00:00,2025-03-02 16:42:24.139881+00:00
19952,尋子風暴,750253,tt13234058,法國,2022-04-15 00:00:00,0,962689,95,2025-03-02 01:08:54.339400+00:00,2025-03-02 16:42:24.139881+00:00
22650,真實世界,664506,tt15115102,法國,2022-10-14 00:00:00,4900000,0,96,2025-03-02 01:08:54.339400+00:00,2025-03-02 16:42:24.139881+00:00
20454,最後一件晚禮服的秘密,719463,tt11610804,法國,2022-02-04 00:00:00,0,0,96,2025-03-02 01:08:54.339400+00:00,2025-03-02 16:42:24.139881+00:00
23666,揮灑心篇章,960275,tt14335980,法國,2023-05-05 00:00:00,0,0,96,2025-03-02 01:08:54.339400+00:00,2025-03-02 16:42:24.139881+00:00
23932,五個惡魔,820697,tt13391708,法國,2023-08-04 00:00:00,3370000,46666,96,2025-03-02 01:08:54.339400+00:00,2025-03-02 16:42:24.139881+00:00
19731,仰望星空的少年,712178,tt12444424,法國,2021-12-03 00:00:00,0,0,97,2025-03-02 01:08:54.339400+00:00,2025-03-02 16:42:24.139881+00:00
22173,她和她的小主廚們,845140,tt14280366,法國,2022-09-16 00:00:00,0,3285760,97,2025-03-02 01:08:54.339400+00:00,2025-03-02 16:42:24.139881+00:00
22740,抓狂養老院,736500,tt12847680,法國,2022-11-11 00:00:00,0,0,97,2025-03-02 01:08:54.339400+00:00,2025-03-02 16:42:24.139881+00:00
20712,安妮詩快跑,781453,tt13142240,法國,2022-05-20 00:00:00,0,41356,98,2025-03-02 01:08:54.339400+00:00,2025-03-02 16:42:24.139881+00:00
2813,藍色情挑 經典數位修復,108,tt0108394,法國,2016-07-22 00:00:00,0,1527572,98,2025-03-02 01:08:54.339400+00:00,2025-03-02 16:42:24.139881+00:00
2224,雙面薇若妮卡 經典數位修復,1600,tt0101765,法國,2016-07-16 00:00:00,0,1999955,98,2025-03-02 01:08:54.339400+00:00,2025-03-02 16:42:24.139881+00:00
27463,日落喜劇,995808,tt21962898,法國,2024-05-17 00:00:00,3100000,0,98,2025-03-02 01:08:54.339400+00:00,2025-03-02 16:42:24.139881+00:00
4469,阿爾發城,8072,tt0058898,法國,2016-12-05 00:00:00,220000,46585,99,2025-03-02 01:08:54.339400+00:00,2025-03-02 16:42:24.139881+00:00
20395,情慾告白,526811,tt10023172,法國,2022-01-21 00:00:00,0,75167,99,2025-03-02 01:08:54.339400+00:00,2025-03-02 16:42:24.139881+00:00
23392,地下疑雲,925459,tt12819094,法國,2023-01-06 00:00:00,0,0,99,2025-03-02 01:08:54.339400+00:00,2025-03-02 16:42:24.139881+00:00
4575,四百擊,147,tt0053198,法國,2016-12-23 00:00:00,0,0,99,2025-03-02 01:08:54.339400+00:00,2025-03-02 16:42:24.139881+00:00
24032,中國女人,1629,tt0061473,法國,2023-12-09 00:00:00,0,30857,99,2025-03-02 01:08:54.339400+00:00,2025-03-02 16:42:24.139881+00:00
21660,一路上有妳,589985,tt10533078,法國,2022-07-01 00:00:00,0,0,100,2025-03-02 01:08:54.339400+00:00,2025-03-02 16:42:24.139881+00:00
27483,宮殿大飯店,824016,tt14549270,法國,2024-06-14 00:00:00,18700000,420350,100,2025-03-02 01:08:54.339400+00:00,2025-03-02 16:42:24.139881+00:00
2815,紅色情深 經典數位修復,110,tt0111495,法國,2016-07-22 00:00:00,0,4127033,100,2025-03-02 01:08:54.339400+00:00,2025-03-02 16:42:24.139881+00:00
21995,正發生,793998,tt13880104,法國,2022-09-30 00:00:00,0,171765,100,2025-03-02 01:08:54.339400+00:00,2025-03-02 16:42:24.139881+00:00
29764,誘見巴黎最後探戈,971968,tt19995770,法國,2025-01-10 00:00:00,0,0,100,2025-03-02 01:08:54.339400+00:00,2025-03-02 16:42:24.139881+00:00
23827,爛人,962543,tt19719862,法國,2023-06-02 00:00:00,2600000,19833,100,2025-03-02 01:08:54.339400+00:00,2025-03-02 16:42:24.139881+00:00
17412,85年的夏天,659959,tt10457128,法國,2020-12-18 00:00:00,6900000,3600000,101,2025-03-02 01:08:54.339400+00:00,2025-03-02 16:42:24.139881+00:00
27558,中產階級拘謹的魅力,4593,tt0068361,法國,2024-06-01 00:00:00,800000,103230,101,2025-03-02 01:08:54.339400+00:00,2025-03-02 16:42:24.139881+00:00
27556,青樓怨婦,649,tt0061395,法國,2024-05-26 00:00:00,0,0,101,2025-03-02 01:08:54.339400+00:00,2025-03-02 16:42:24.139881+00:00
26247,像高達一樣寂寞,1005409,tt21382354,法國,2023-12-15 00:00:00,0,19000,101,2025-03-02 01:08:54.339400+00:00,2025-03-02 16:42:24.139881+00:00
26430,再見機器人,838240,tt13429870,法國,2024-02-14 00:00:00,5300000,4656348,102,2025-03-02 01:08:54.339400+00:00,2025-03-02 16:42:24.139881+00:00
27643,萬事通大全,888003,tt15732890,法國,2024-06-21 00:00:00,0,3557686,102,2025-03-02 01:08:54.339400+00:00,2025-03-02 16:42:24.139881+00:00
20451,執愛不悔,594691,tt9800670,法國,2022-02-18 00:00:00,0,0,102,2025-03-02 01:08:54.339400+00:00,2025-03-02 16:42:24.139881+00:00
21440,越界分身,659988,tt11310670,法國,2022-06-24 00:00:00,0,0,102,2025-03-02 01:08:54.339400+00:00,2025-03-02 16:42:24.139881+00:00
29481,男歡女愛,42726,tt0061138,法國,2024-12-21 00:00:00,0,0,102,2025-03-02 01:08:54.339400+00:00,2025-03-02 16:42:24.139881+00:00
27560,朦朧的慾望,5781,tt0075824,法國,2024-05-26 00:00:00,0,2864,103,2025-03-02 01:08:54.339400+00:00,2025-03-02 16:42:24.139881+00:00
29427,絕命樂透彩,1216452,tt28444113,法國,2024-11-29 00:00:00,0,0,103,2025-03-02 01:08:54.339400+00:00,2025-03-02 16:42:24.139881+00:00
24573,她和他的女兒,803694,tt15403712,法國,2023-07-21 00:00:00,0,84178,104,2025-03-02 01:08:54.339400+00:00,2025-03-02 16:42:24.139881+00:00
29702,殘夏,812037,tt14550346,法國,2025-01-03 00:00:00,0,1022551,104,2025-03-02 01:08:54.339400+00:00,2025-03-02 16:42:24.139881+00:00
21810,降臨節日曆,762079,tt12496706,法國,2022-08-12 00:00:00,0,456555,104,2025-03-02 01:08:54.339400+00:00,2025-03-02 16:42:24.139881+00:00
23376,親密,901563,tt9660502,法國,2022-12-30 00:00:00,0,3129968,104,2025-03-02 01:08:54.339400+00:00,2025-03-02 16:42:24.139881+00:00
7310,不思議女人,429191,tt5639354,法國,2017-11-24 00:00:00,0,1880736,104,2025-03-02 01:08:54.339400+00:00,2025-03-02 16:42:24.139881+00:00
27559,自由的幻影,5558,tt0071487,法國,2024-05-30 00:00:00,0,6749,104,2025-03-02 01:08:54.339400+00:00,2025-03-02 16:42:24.139881+00:00
29527,艾曼紐2024,976576,tt20247888,法國,2024-12-13 00:00:00,19000000,578924,105,2025-03-02 01:08:54.339400+00:00,2025-03-02 16:42:24.139881+00:00
23660,盲柳與沉睡的女人,678299,tt9320184,法國,2023-02-24 00:00:00,6900000,0,105,2025-03-02 01:08:54.339400+00:00,2025-03-02 16:42:24.139881+00:00
10963,全面開戰,485162,tt7555774,法國,2018-12-02 00:00:00,0,0,105,2025-03-02 01:08:54.339400+00:00,2025-03-02 16:42:24.139881+00:00
19858,密室譯戰,477018,tt6270534,法國,2022-02-25 00:00:00,0,0,105,2025-03-02 01:08:54.339400+00:00,2025-03-02 16:42:24.139881+00:00
22741,書情話慾,774343,tt13613056,法國,2022-11-18 00:00:00,0,0,105,2025-03-02 01:08:54.339400+00:00,2025-03-02 16:42:24.139881+00:00
26692,給我個機會,995408,tt25969960,法國,2024-02-23 00:00:00,0,2371953,105,2025-03-02 01:08:54.339400+00:00,2025-03-02 16:42:24.139881+00:00
23386,男性，女性,4710,tt0060675,法國,2022-12-16 00:00:00,0,0,105,2025-03-02 01:08:54.339400+00:00,2025-03-02 16:42:24.139881+00:00
22243,小獅子王,892527,tt14073780,法國,2022-09-30 00:00:00,0,2551835,105,2025-03-02 01:08:54.339400+00:00,2025-03-02 16:42:24.139881+00:00
20136,夏日之戀,1628,tt0055032,法國,2021-12-12 00:00:00,0,0,106,2025-03-02 01:08:54.339400+00:00,2025-03-02 16:42:24.139881+00:00
28669,真愛未了情,12652,tt0113947,法國,2024-10-25 00:00:00,0,0,106,2025-03-02 01:08:54.339400+00:00,2025-03-02 16:42:24.139881+00:00
19093,破碎的琴鍵,712128,tt11105790,法國,2021-11-26 00:00:00,0,0,106,2025-03-02 01:08:54.339400+00:00,2025-03-02 16:42:24.139881+00:00
21717,失業風暴,601188,tt10088984,法國,2022-07-15 00:00:00,0,0,107,2025-03-02 01:08:54.339400+00:00,2025-03-02 16:42:24.139881+00:00
18227,逆轉棋蹟,589978,tt4693588,法國,2021-04-23 00:00:00,0,0,107,2025-03-02 01:08:54.339400+00:00,2025-03-02 16:42:24.139881+00:00
15218,星星知我心,478860,tt7374926,法國,2020-01-10 00:00:00,6500000,0,107,2025-03-02 01:08:54.339400+00:00,2025-03-02 16:42:24.139881+00:00
19894,鈦,630240,tt10944760,法國,2021-12-24 00:00:00,6600000,4982335,108,2025-03-02 01:08:54.339400+00:00,2025-03-02 16:42:24.139881+00:00
20530,艾菲爾情緣,655082,tt10366514,法國,2022-02-11 00:00:00,26000000,13000000,108,2025-03-02 01:08:54.339400+00:00,2025-03-02 16:42:24.139881+00:00
25461,塞納河上的船屋,1070449,tt26448811,法國,2023-10-06 00:00:00,0,0,109,2025-03-02 01:08:54.339400+00:00,2025-03-02 16:42:24.139881+00:00
24073,聖母院大火：世紀浩劫,811596,tt12264966,法國,2023-04-14 00:00:00,35000000,0,109,2025-03-02 01:08:54.339400+00:00,2025-03-02 16:42:24.139881+00:00
23957,戰爭開打之際,967874,tt14860210,法國,2023-04-01 00:00:00,0,8598322,109,2025-03-02 01:08:54.339400+00:00,2025-03-02 16:42:24.139881+00:00
25118,勇闖太空,881693,tt14313434,法國,2023-08-09 00:00:00,0,0,110,2025-03-02 01:08:54.339400+00:00,2025-03-02 16:42:24.139881+00:00
21514,一屍到底：法屍浪漫,852438,tt14317880,法國,2022-06-17 00:00:00,4300000,2046233,110,2025-03-02 01:08:54.339400+00:00,2025-03-02 16:42:24.139881+00:00
23792,唐璜羅曼死,657198,tt14590650,法國,2023-03-27 00:00:00,0,0,110,2025-03-02 01:08:54.339400+00:00,2025-03-02 16:42:24.139881+00:00
25352,交響狂花,958179,tt23741324,法國,2023-10-20 00:00:00,4400000,0,110,2025-03-02 01:08:54.339400+00:00,2025-03-02 16:42:24.139881+00:00
25246,科西嘉的那個夏天 ,1000058,tt22463404,法國,2023-09-18 00:00:00,4700000,0,110,2025-03-02 01:08:54.339400+00:00,2025-03-02 16:42:24.139881+00:00
3350,玩命光頭,826218,tt13241688,法國,2016-11-04 00:00:00,0,0,110,2025-03-02 01:08:54.339400+00:00,2025-03-02 16:42:24.139881+00:00
24284,摘星甜點王,975762,tt19815386,法國,2023-05-19 00:00:00,0,0,110,2025-03-02 01:08:54.339400+00:00,2025-03-02 16:42:24.139881+00:00
28503,歡迎菜老師,934506,tt21348598,法國,2024-09-20 00:00:00,8200000,3452861,111,2025-03-02 01:08:54.339400+00:00,2025-03-02 16:42:24.139881+00:00
21863,就在今夜,895659,tt13846402,法國,2022-07-29 00:00:00,4300000,1512938,111,2025-03-02 01:08:54.339400+00:00,2025-03-02 16:42:24.139881+00:00
19696,天才貓奴畫家,617762,tt10687506,法國,2021-12-03 00:00:00,0,0,111,2025-03-02 01:08:54.339400+00:00,2025-03-02 16:42:24.139881+00:00
28673,當警探戀愛時,3427,tt0067409,法國,2024-10-27 00:00:00,0,0,112,2025-03-02 01:08:54.339400+00:00,2025-03-02 16:42:24.139881+00:00
23420,玩具當家,865498,tt13361648,法國,2023-03-01 00:00:00,0,7295051,112,2025-03-02 01:08:54.339400+00:00,2025-03-02 16:42:24.139881+00:00
29965,繼承風暴,1072269,tt26597953,法國,2025-02-14 00:00:00,0,1006815,112,2025-03-02 01:08:54.339400+00:00,2025-03-02 16:42:24.139881+00:00
25413,榮耀之路,958219,tt19891500,法國,2023-09-21 00:00:00,5300000,0,113,2025-03-02 01:08:54.339400+00:00,2025-03-02 16:42:24.139881+00:00
20300,柏格曼的島,477044,tt6910282,法國,2021-12-25 00:00:00,0,589895,113,2025-03-02 01:08:54.339400+00:00,2025-03-02 16:42:24.139881+00:00
23375,美好的早晨,747779,tt13482828,法國,2022-12-30 00:00:00,0,1380392,113,2025-03-02 01:08:54.339400+00:00,2025-03-02 16:42:24.139881+00:00
28671,熟男不疑惑,42454,tt0072368,法國,2024-10-26 00:00:00,0,0,113,2025-03-02 01:08:54.339400+00:00,2025-03-02 16:42:24.139881+00:00
20364,天堂計劃,735726,tt12847812,法國,2022-01-07 00:00:00,0,0,113,2025-03-02 01:08:54.339400+00:00,2025-03-02 16:42:24.139881+00:00
23933,追兇12夜,925102,tt16953666,法國,2023-03-25 00:00:00,0,3467232,114,2025-03-02 01:08:54.339400+00:00,2025-03-02 16:42:24.139881+00:00
26941,瑪格麗特戀習題,960033,tt26699529,法國,2024-04-19 00:00:00,2470000,1091821,114,2025-03-02 01:08:54.339400+00:00,2025-03-02 16:42:24.139881+00:00
26257,人犬,944401,tt17009348,法國,2023-12-29 00:00:00,22700000,4082217,115,2025-03-02 01:08:54.339400+00:00,2025-03-02 16:42:24.139881+00:00
19270,情人,10995,tt0101316,法國,2021-10-15 00:00:00,0,5013090,115,2025-03-02 01:08:54.339400+00:00,2025-03-02 16:42:24.139881+00:00
27964,時髦女子,995746,tt26342863,法國,2024-07-19 00:00:00,7000000,308326,115,2025-03-02 01:08:54.339400+00:00,2025-03-02 16:42:24.139881+00:00
24485,印度之歌,85927,tt0073166,法國,2023-05-28 00:00:00,0,0,115,2025-03-02 01:08:54.339400+00:00,2025-03-02 16:42:24.139881+00:00
24072,玫瑰母親,926889,tt17014214,法國,2023-04-21 00:00:00,3900000,170419,116,2025-03-02 01:08:54.339400+00:00,2025-03-02 16:42:24.139881+00:00
25764,杜巴利伯爵夫人,921452,tt17277414,法國,2023-10-20 00:00:00,22400000,13000000,117,2025-03-02 01:08:54.339400+00:00,2025-03-02 16:42:24.139881+00:00
23837,再一次勇敢跳躍,771077,tt13531468,法國,2023-04-07 00:00:00,7780000,11196824,117,2025-03-02 01:08:54.339400+00:00,2025-03-02 16:42:24.139881+00:00
23857,聖蛛,889699,tt18550140,法國,2023-03-17 00:00:00,0,1252637,118,2025-03-02 01:08:54.339400+00:00,2025-03-02 16:42:24.139881+00:00
26368,青春 (春),200995,tt0266855,法國,2023-12-15 00:00:00,0,0,118,2025-03-02 01:08:54.339400+00:00,2025-03-02 16:42:24.139881+00:00
23493,回到首爾,952701,tt19719836,法國,2023-02-24 00:00:00,0,1594998,119,2025-03-02 01:08:54.339400+00:00,2025-03-02 16:42:24.139881+00:00
26351,逆轉廢材人生,965791,tt21352380,法國,2024-02-24 00:00:00,13000000,7004555,120,2025-03-02 01:08:54.339400+00:00,2025-03-02 16:42:24.139881+00:00
26266,茱莉亞四重奏,892530,tt13729364,法國,2023-11-10 00:00:00,0,0,120,2025-03-02 01:08:54.339400+00:00,2025-03-02 16:42:24.139881+00:00
15103,燃燒女子的畫像,531428,tt8613070,法國,2019-12-20 00:00:00,5740000,9923127,121,2025-03-02 01:08:54.339400+00:00,2025-03-02 16:42:24.139881+00:00
5183,花神咖啡館,85033,tt1550312,法國,2012-12-21 00:00:00,0,1674801,121,2025-03-02 01:08:54.339400+00:00,2025-03-02 16:42:24.139881+00:00
18268,我愛你，你愛她，她愛他,661935,tt12443930,法國,2021-03-12 00:00:00,0,0,122,2025-03-02 01:08:54.339400+00:00,2025-03-02 16:42:24.139881+00:00
23712,無人相信的真相,925714,tt16987062,法國,2023-03-11 00:00:00,0,3900000,122,2025-03-02 01:08:54.339400+00:00,2025-03-02 16:42:24.139881+00:00
6210,艾蜜莉的異想世界,194,tt0211915,法國,2002-03-08 00:00:00,10000000,173921954,122,2025-03-02 01:08:54.339400+00:00,2025-03-02 16:42:24.139881+00:00
23945,聖奧梅爾殺嬰案,925943,tt15376894,法國,2023-06-09 00:00:00,0,823074,123,2025-03-02 01:08:54.339400+00:00,2025-03-02 16:42:24.139881+00:00
22715,愛在生命終結時,843093,tt14275050,法國,2023-02-03 00:00:00,5000000,0,123,2025-03-02 01:08:54.339400+00:00,2025-03-02 16:42:24.139881+00:00
25423,冬日男孩,918044,tt17009856,法國,2023-09-22 00:00:00,4600000,0,123,2025-03-02 01:08:54.339400+00:00,2025-03-02 16:42:24.139881+00:00
24117,豪門心計,786977,tt13729232,法國,2023-06-02 00:00:00,0,0,123,2025-03-02 01:08:54.339400+00:00,2025-03-02 16:42:24.139881+00:00
23904,正年輕,848958,tt14976386,法國,2023-04-14 00:00:00,0,0,126,2025-03-02 01:08:54.339400+00:00,2025-03-02 16:42:24.139881+00:00
25828,進化症候群,943134,tt16606592,法國,2023-12-01 00:00:00,15200000,9138503,127,2025-03-02 01:08:54.339400+00:00,2025-03-02 16:42:24.139881+00:00
20184,黑盒線索,663260,tt10341034,法國,2022-02-18 00:00:00,10722240,9738741,130,2025-03-02 01:08:54.339400+00:00,2025-03-02 16:42:24.139881+00:00
20169,最後地下鐵,1716,tt0080610,法國,2016-12-23 00:00:00,0,0,131,2025-03-02 01:08:54.339400+00:00,2025-03-02 16:42:24.139881+00:00
19595,聖慾,454527,tt6823148,法國,2021-10-29 00:00:00,24350000,2652725,131,2025-03-02 01:08:54.339400+00:00,2025-03-02 16:42:24.139881+00:00
21365,永遠的一天,24858,tt0156794,法國,2022-06-02 00:00:00,0,0,133,2025-03-02 01:08:54.339400+00:00,2025-03-02 16:42:24.139881+00:00
26656,火上鍋,964960,tt19760052,法國,2024-02-02 00:00:00,6500000,5970753,135,2025-03-02 01:08:54.339400+00:00,2025-03-02 16:42:24.139881+00:00
24095,燃燒的玫瑰,785980,tt13217988,法國,2023-05-05 00:00:00,0,0,135,2025-03-02 01:08:54.339400+00:00,2025-03-02 16:42:24.139881+00:00
21862,瑪歌皇后 數位修復版,10452,tt0110963,法國,2022-10-14 00:00:00,0,1318578,138,2025-03-02 01:08:54.339400+00:00,2025-03-02 16:42:24.139881+00:00
25323,野獸們,848685,tt15006566,法國,2023-10-27 00:00:00,3900000,10238603,138,2025-03-02 01:08:54.339400+00:00,2025-03-02 16:42:24.139881+00:00
23285,西蒙娜：世紀之聲,740937,tt13389730,法國,2023-01-06 00:00:00,0,0,140,2025-03-02 01:08:54.339400+00:00,2025-03-02 16:42:24.139881+00:00
23546,販愛天堂,892515,tt14534796,法國,2023-03-24 00:00:00,14000000,6667598,142,2025-03-02 01:08:54.339400+00:00,2025-03-02 16:42:24.139881+00:00
7634,影子軍隊,15383,tt0064040,法國,2023-09-16 00:00:00,0,906133,145,2025-03-02 01:08:54.339400+00:00,2025-03-02 16:42:24.139881+00:00
28501,超時空愛殺,914206,tt14407336,法國,2024-09-27 00:00:00,8400000,760979,146,2025-03-02 01:08:54.339400+00:00,2025-03-02 16:42:24.139881+00:00
26669,戰地琴人,423,tt0253474,法國,2024-02-02 00:00:00,35000000,120098945,148,2025-03-02 01:08:54.339400+00:00,2025-03-02 16:42:24.139881+00:00
20485,巴黎夢想家,660000,tt10505316,法國,2022-03-04 00:00:00,20800000,8600000,149,2025-03-02 01:08:54.339400+00:00,2025-03-02 16:42:24.139881+00:00
26686,墜惡真相,915935,tt17009710,法國,2024-01-27 00:00:00,6700000,35634133,151,2025-03-02 01:08:54.339400+00:00,2025-03-02 16:42:24.139881+00:00
21824,一萬個叢林夜,695089,tt9844938,法國,2022-08-12 00:00:00,4700000,0,167,2025-03-02 01:08:54.339400+00:00,2025-03-02 16:42:24.139881+00:00
20963,藍色是最溫暖的顏色,152584,tt2278871,法國,2022-05-27 00:00:00,4300000,19465835,180,2025-03-02 01:08:54.339400+00:00,2025-03-02 16:42:24.139881+00:00
29484,戰火浮生錄,37335,tt0083260,法國,2024-12-28 00:00:00,0,0,184,2025-03-02 01:08:54.339400+00:00,2025-03-02 16:42:24.139881+00:00
24733,幽魂娜娜：重生,,,泰國,2023-06-30 00:00:00,,,,2025-03-02 01:08:54.339400+00:00,2025-03-02 16:42:24.139881+00:00
27784,猛鬼聲泣泣,,,泰國,2024-07-05 00:00:00,,,,2025-03-02 01:08:54.339400+00:00,2025-03-02 16:42:24.139881+00:00
21066,愛在暹邏：數位經典版,,,泰國,2022-05-18 00:00:00,,,,2025-03-02 01:08:54.339400+00:00,2025-03-02 16:42:24.139881+00:00
24384,阿諾是個模範生,,,泰國,2023-06-09 00:00:00,,,,2025-03-02 01:08:54.339400+00:00,2025-03-02 16:42:24.139881+00:00
20654,凝弒,,,泰國,2022-03-11 00:00:00,,,,2025-03-02 01:08:54.339400+00:00,2025-03-02 16:42:24.139881+00:00
27372,鬼妻塚,1181045,,泰國,2024-05-10 00:00:00,0,0,0,2025-03-02 01:08:54.339400+00:00,2025-03-02 16:42:24.139881+00:00
27521,屍油降,1241429,,泰國,2024-06-14 00:00:00,0,0,0,2025-03-02 01:08:54.339400+00:00,2025-03-02 16:42:24.139881+00:00
23289,魔蟲禁區,949697,tt22479478,泰國,2022-12-16 00:00:00,0,0,85,2025-03-02 01:08:54.339400+00:00,2025-03-02 16:42:24.139881+00:00
3142,鬼打牆,709631,tt9100018,泰國,2016-09-09 00:00:00,0,5569593,88,2025-03-02 01:08:54.339400+00:00,2025-03-02 16:42:24.139881+00:00
28269,暹羅詛咒,1113142,,泰國,2024-08-16 00:00:00,0,0,90,2025-03-02 01:08:54.339400+00:00,2025-03-02 16:42:24.139881+00:00
29428,鬼碟仙,1322616,,泰國,2024-11-22 00:00:00,0,0,90,2025-03-02 01:08:54.339400+00:00,2025-03-02 16:42:24.139881+00:00
28508,惡業,1224589,tt31145295,泰國,2024-09-20 00:00:00,0,2082578,94,2025-03-02 01:08:54.339400+00:00,2025-03-02 16:42:24.139881+00:00
18137,鬼影,17111,tt0440803,泰國,2021-02-10 00:00:00,125000,0,97,2025-03-02 01:08:54.339400+00:00,2025-03-02 16:42:24.139881+00:00
23085,愛情需要編劇,922378,tt19357986,泰國,2022-11-18 00:00:00,0,0,100,2025-03-02 01:08:54.339400+00:00,2025-03-02 16:42:24.139881+00:00
27108,屍控大賣場,1072493,tt30625404,泰國,2024-04-23 00:00:00,0,0,101,2025-03-02 01:08:54.339400+00:00,2025-03-02 16:42:24.139881+00:00
26752,唐人街恰恰,1113071,tt30957694,泰國,2024-02-23 00:00:00,1000000,91452,103,2025-03-02 01:08:54.339400+00:00,2025-03-02 16:42:24.139881+00:00
26631,邪妓,1100705,,泰國,2024-01-26 00:00:00,0,0,104,2025-03-02 01:08:54.339400+00:00,2025-03-02 16:42:24.139881+00:00
29610,404宿靈速速逃,1290213,tt32362537,泰國,2024-12-13 00:00:00,0,0,104,2025-03-02 01:08:54.339400+00:00,2025-03-02 16:42:24.139881+00:00
29717,死命必達,1288175,tt33477753,泰國,2024-12-27 00:00:00,0,0,105,2025-03-02 01:08:54.339400+00:00,2025-03-02 16:42:24.139881+00:00
26126,日暮生死戀,1113085,tt28654867,泰國,2023-11-10 00:00:00,0,0,106,2025-03-02 01:08:54.339400+00:00,2025-03-02 16:42:24.139881+00:00
20265,2gether電影版：只因我們天生一對,810406,tt14296268,泰國,2021-12-24 00:00:00,0,0,107,2025-03-02 01:08:54.339400+00:00,2025-03-02 16:42:24.139881+00:00
24833,鬼偶,1031388,tt27999306,泰國,2023-09-15 00:00:00,0,0,107,2025-03-02 01:08:54.339400+00:00,2025-03-02 16:42:24.139881+00:00
26990,鬼面女,1102510,,泰國,2024-03-29 00:00:00,0,152465,108,2025-03-02 01:08:54.339400+00:00,2025-03-02 16:42:24.139881+00:00
22110,超級蜥蜴王,947049,tt21243636,泰國,2022-09-02 00:00:00,0,0,109,2025-03-02 01:08:54.339400+00:00,2025-03-02 16:42:24.139881+00:00
28569,屍控戰場,1244361,tt32750439,泰國,2024-09-20 00:00:00,0,0,110,2025-03-02 01:08:54.339400+00:00,2025-03-02 16:42:24.139881+00:00
29096,鬼聲泣2,1247019,tt31513578,泰國,2024-10-31 00:00:00,0,4210676,112,2025-03-02 01:08:54.339400+00:00,2025-03-02 16:42:24.139881+00:00
21436,鬼單眼,947514,tt18259846,泰國,2022-07-22 00:00:00,0,0,113,2025-03-02 01:08:54.339400+00:00,2025-03-02 16:42:24.139881+00:00
20413,波米叔叔的前世今生,38368,tt1588895,泰國,2010-11-26 00:00:00,0,0,114,2025-03-02 01:08:54.339400+00:00,2025-03-02 16:42:24.139881+00:00
21210,淒厲人僧：卡到陰,937743,tt19072268,泰國,2022-05-20 00:00:00,0,0,114,2025-03-02 01:08:54.339400+00:00,2025-03-02 16:42:24.139881+00:00
28485,可恨的初戀！,1072582,tt30103412,泰國,2024-09-20 00:00:00,0,0,114,2025-03-02 01:08:54.339400+00:00,2025-03-02 16:42:24.139881+00:00
24309,Anne的多重恐懼,952127,tt10235670,泰國,2023-05-12 00:00:00,0,0,116,2025-03-02 01:08:54.339400+00:00,2025-03-02 16:42:24.139881+00:00
28279,猛鬼大學：邪無止禁,1226170,tt32490826,泰國,2024-09-06 00:00:00,0,0,119,2025-03-02 01:08:54.339400+00:00,2025-03-02 16:42:24.139881+00:00
24915,My Precious初戀,976125,tt14326000,泰國,2023-07-14 00:00:00,0,0,120,2025-03-02 01:08:54.339400+00:00,2025-03-02 16:42:24.139881+00:00
26022,凱蒂超殺女,842607,tt24787556,泰國,2023-11-03 00:00:00,0,0,120,2025-03-02 01:08:54.339400+00:00,2025-03-02 16:42:24.139881+00:00
25777,初戀你我他,977179,tt25406060,泰國,2023-12-26 00:00:00,0,0,121,2025-03-02 01:08:54.339400+00:00,2025-03-02 16:42:24.139881+00:00
26543,鬼聲泣,1134433,tt29609422,泰國,2024-01-08 00:00:00,0,15150000,121,2025-03-02 01:08:54.339400+00:00,2025-03-02 16:42:24.139881+00:00
24311,邪厄,977177,tt26547790,泰國,2023-05-12 00:00:00,0,0,124,2025-03-02 01:08:54.339400+00:00,2025-03-02 16:42:24.139881+00:00
28301,哈囉！萌鬼屋,1257388,tt32380407,泰國,2024-08-30 00:00:00,0,4527000,125,2025-03-02 01:08:54.339400+00:00,2025-03-02 16:42:24.139881+00:00
26441,送葬人,1113119,tt29633446,泰國,2023-12-22 00:00:00,0,20000000,125,2025-03-02 01:08:54.339400+00:00,2025-03-02 16:42:24.139881+00:00
27654,金孫爆富攻略,1103621,tt31392609,泰國,2024-06-21 00:00:00,0,73800000,126,2025-03-02 01:08:54.339400+00:00,2025-03-02 16:42:24.139881+00:00
26501,情牽浮生戲,1076011,tt28686328,泰國,2023-12-29 00:00:00,0,0,128,2025-03-02 01:08:54.339400+00:00,2025-03-02 16:42:24.139881+00:00
26647,他的最後一個朋友,1093215,tt28937890,泰國,2024-01-19 00:00:00,0,0,130,2025-03-02 01:08:54.339400+00:00,2025-03-02 16:42:24.139881+00:00
21115,猛鬼大學：第2學期,939879,tt19328882,泰國,2022-05-13 00:00:00,0,0,130,2025-03-02 01:08:54.339400+00:00,2025-03-02 16:42:24.139881+00:00
28647,鬼禁地,1143959,tt27788834,泰國,2024-10-25 00:00:00,0,0,131,2025-03-02 01:08:54.339400+00:00,2025-03-02 16:42:24.139881+00:00
29063,荊棘天堂,1290206,tt32362515,泰國,2024-11-08 00:00:00,0,3984000,135,2025-03-02 01:08:54.339400+00:00,2025-03-02 16:42:24.139881+00:00
27736,分期付款愛上你,1052160,tt24744192,泰國,2024-06-21 00:00:00,0,300000,135,2025-03-02 01:08:54.339400+00:00,2025-03-02 16:42:24.139881+00:00
20314,記憶,511819,tt8399288,泰國,2021-12-25 00:00:00,0,0,136,2025-03-02 01:08:54.339400+00:00,2025-03-02 16:42:24.139881+00:00
28280,跳越時空的愛戀,1167366,tt28766949,泰國,2024-08-23 00:00:00,0,0,148,2025-03-02 01:08:54.339400+00:00,2025-03-02 16:42:24.139881+00:00
23576,天生一對2 大電影：再續前緣,937753,tt13446128,泰國,2023-03-10 00:00:00,0,0,166,2025-03-02 01:08:54.339400+00:00,2025-03-02 16:42:24.139881+00:00
28919,幕前幕後：范克萊本鋼琴大賽,,,美國,2024-11-08 00:00:00,,,,2025-03-02 01:08:54.339400+00:00,2025-03-02 16:42:24.139881+00:00
20761,盜夢睡務員,,,美國,2022-03-25 00:00:00,,,,2025-03-02 01:08:54.339400+00:00,2025-03-02 16:42:24.139881+00:00
28507,保羅‧賽門：無眠樂章,,,美國,2024-11-02 00:00:00,,,,2025-03-02 01:08:54.339400+00:00,2025-03-02 16:42:24.139881+00:00
21036,小行星獵人,,,美國,2023-12-15 00:00:00,,,,2025-03-02 01:08:54.339400+00:00,2025-03-02 16:42:24.139881+00:00
23705,金牌拳手III ,,,美國,2023-03-03 00:00:00,,,,2025-03-02 01:08:54.339400+00:00,2025-03-02 16:42:24.139881+00:00
26687,佩佩的電影派對（國語版）,,,美國,2024-02-03 00:00:00,,,,2025-03-02 01:08:54.339400+00:00,2025-03-02 16:42:24.139881+00:00
21038,深海獵奇,,,美國,2022-05-14 00:00:00,,,,2025-03-02 01:08:54.339400+00:00,2025-03-02 16:42:24.139881+00:00
25211,劇場版 PSYCHO-PASS 心靈判官 PROVIDENCE ,,,美國,2023-09-28 00:00:00,,,,2025-03-02 01:08:54.339400+00:00,2025-03-02 16:42:24.139881+00:00
21037,回歸野性,,,美國,2022-05-14 00:00:00,,,,2025-03-02 01:08:54.339400+00:00,2025-03-02 16:42:24.139881+00:00
17975,不可侵犯：溫斯坦性醜聞,,,美國,2022-01-07 00:00:00,,,,2025-03-02 01:08:54.339400+00:00,2025-03-02 16:42:24.139881+00:00
21041,哈勃望遠鏡,,,美國,2022-05-14 00:00:00,,,,2025-03-02 01:08:54.339400+00:00,2025-03-02 16:42:24.139881+00:00
20735,投機者樂團：愛的鼓勵,,,美國,2022-04-08 00:00:00,,,,2025-03-02 01:08:54.339400+00:00,2025-03-02 16:42:24.139881+00:00
23647,蟻人與黃蜂女 : 量子狂熱,,,美國,2023-02-15 00:00:00,,,,2025-03-02 01:08:54.339400+00:00,2025-03-02 16:42:24.139881+00:00
16636,全面啟動10周年紀念版,,,美國,2020-08-12 00:00:00,,,,2025-03-02 01:08:54.339400+00:00,2025-03-02 16:42:24.139881+00:00
25393,偉大的十四世：達賴喇嘛,,,美國,2023-09-22 00:00:00,,,,2025-03-02 01:08:54.339400+00:00,2025-03-02 16:42:24.139881+00:00
27546,麥可傑克森：未來的未來演唱會電影,,,美國,2024-06-25 00:00:00,,,,2025-03-02 01:08:54.339400+00:00,2025-03-02 16:42:24.139881+00:00
23839,《樂隊舞台》——男孩們回來了（音樂劇）,,,美國,2023-04-18 00:00:00,,,,2025-03-02 01:08:54.339400+00:00,2025-03-02 16:42:24.139881+00:00
21942,獸,,,美國,2022-08-19 00:00:00,,,,2025-03-02 01:08:54.339400+00:00,2025-03-02 16:42:24.139881+00:00
28928,超／人：克里斯多夫李維傳奇故事,,,美國,2024-11-01 00:00:00,,,,2025-03-02 01:08:54.339400+00:00,2025-03-02 16:42:24.139881+00:00
8985,布拉格的春天,,,美國,2018-06-01 00:00:00,,,,2025-03-02 01:08:54.339400+00:00,2025-03-02 16:42:24.139881+00:00
21742,雷神索爾：愛與雷霆,,,美國,2022-07-06 00:00:00,,,,2025-03-02 01:08:54.339400+00:00,2025-03-02 16:42:24.139881+00:00
23287,大熊貓(國語版),,,美國,2022-12-01 00:00:00,,,,2025-03-02 01:08:54.339400+00:00,2025-03-02 16:42:24.139881+00:00
9159,坂本龍一:async紐約現場,,,美國,2018-07-13 00:00:00,,,,2025-03-02 01:08:54.339400+00:00,2025-03-02 16:42:24.139881+00:00
23284,瑪琳艾索普：首席女指揮,,,美國,2022-12-16 00:00:00,,,,2025-03-02 01:08:54.339400+00:00,2025-03-02 16:42:24.139881+00:00
22118,以你的名字呼喚我,,,美國,2022-10-14 00:00:00,,,,2025-03-02 01:08:54.339400+00:00,2025-03-02 16:42:24.139881+00:00
19468,007 生死交戰,,,美國,2021-09-29 00:00:00,,,,2025-03-02 01:08:54.339400+00:00,2025-03-02 16:42:24.139881+00:00
21040,馬達加斯加：狐猴之島,,,美國,2022-05-14 00:00:00,,,,2025-03-02 01:08:54.339400+00:00,2025-03-02 16:42:24.139881+00:00
20714,圓滾滾藝術家-費爾南多·波特羅,,,美國,2022-03-25 00:00:00,,,,2025-03-02 01:08:54.339400+00:00,2025-03-02 16:42:24.139881+00:00
29714,征服山的少年,,,美國,2025-01-03 00:00:00,,,,2025-03-02 01:08:54.339400+00:00,2025-03-02 16:42:24.139881+00:00
21039,最後的冰川,,,美國,2022-05-14 00:00:00,,,,2025-03-02 01:08:54.339400+00:00,2025-03-02 16:42:24.139881+00:00
19955,魔鬼剋星：未來世,,,美國,2021-12-31 00:00:00,,,,2025-03-02 01:08:54.339400+00:00,2025-03-02 16:42:24.139881+00:00
21582,貓王艾維斯,,,美國,2022-06-23 00:00:00,,,,2025-03-02 01:08:54.339400+00:00,2025-03-02 16:42:24.139881+00:00
26450,RENAISSANCE: A FILM BY BEYONCÉ,,,美國,2023-12-21 00:00:00,,,,2025-03-02 01:08:54.339400+00:00,2025-03-02 16:42:24.139881+00:00
21116,探戈行不行,,,美國,2022-08-26 00:00:00,,,,2025-03-02 01:08:54.339400+00:00,2025-03-02 16:42:24.139881+00:00
16078,銀翼殺手最終版,,,美國,2020-06-12 00:00:00,,,,2025-03-02 01:08:54.339400+00:00,2025-03-02 16:42:24.139881+00:00
22222,蜘蛛人：無家日 戲院加長版,,,美國,2022-09-02 00:00:00,,,,2025-03-02 01:08:54.339400+00:00,2025-03-02 16:42:24.139881+00:00
25801,飢餓遊戲：自由幻夢,,,美國,2023-10-20 00:00:00,,,,2025-03-02 01:08:54.339400+00:00,2025-03-02 16:42:24.139881+00:00
29525,終極制裁者,,,美國,2024-11-30 00:00:00,,,,2025-03-02 01:08:54.339400+00:00,2025-03-02 16:42:24.139881+00:00
23641,鐵達尼號 25周年重映版,,,美國,2023-02-10 00:00:00,,,,2025-03-02 01:08:54.339400+00:00,2025-03-02 16:42:24.139881+00:00
20605,藝術恐怖份子 班克斯,,,美國,2022-03-25 00:00:00,,,,2025-03-02 01:08:54.339400+00:00,2025-03-02 16:42:24.139881+00:00
25175,愛情，不用翻譯 ,,,美國,2023-09-03 00:00:00,,,,2025-03-02 01:08:54.339400+00:00,2025-03-02 16:42:24.139881+00:00
26090,泰勒絲 | 年代巡迴演唱會電影,,,美國,2023-11-03 00:00:00,,,,2025-03-02 01:08:54.339400+00:00,2025-03-02 16:42:24.139881+00:00
20403,夜路,981715,,美國,2022-01-28 00:00:00,0,0,28,2025-03-02 01:08:54.339400+00:00,2025-03-02 16:42:24.139881+00:00
23288,海底世界(國語版),1306218,,美國,2022-12-05 00:00:00,0,0,29,2025-03-02 01:08:54.339400+00:00,2025-03-02 16:42:24.139881+00:00
21035,超級救援狗,577721,tt5629084,美國,2023-12-15 00:00:00,0,0,45,2025-03-02 01:08:54.339400+00:00,2025-03-02 16:42:24.139881+00:00
23572,BILLIE EILISH: LIVE AT THE O2 （戲院加長版）,1058923,tt26348071,美國,2023-01-27 00:00:00,0,0,70,2025-03-02 01:08:54.339400+00:00,2025-03-02 16:42:24.139881+00:00
17486,愛在日落巴黎時,80,tt0381681,美國,2020-12-04 00:00:00,2700000,15992615,80,2025-03-02 01:08:54.339400+00:00,2025-03-02 16:42:24.139881+00:00
26338,飛鴨向前衝,940551,tt6495056,美國,2024-01-27 00:00:00,72000000,298776052,83,2025-03-02 01:08:54.339400+00:00,2025-03-02 16:42:24.139881+00:00
29820,狠狠愛,1226406,tt30788842,美國,2025-02-07 00:00:00,18000000,13646385,83,2025-03-02 01:08:54.339400+00:00,2025-03-02 16:42:24.139881+00:00
20561,詭謎藏,801271,tt7975192,美國,2022-04-01 00:00:00,0,0,84,2025-03-02 01:08:54.339400+00:00,2025-03-02 16:42:24.139881+00:00
20659,絕命通話,764835,tt13133936,美國,2022-03-11 00:00:00,0,0,84,2025-03-02 01:08:54.339400+00:00,2025-03-02 16:42:24.139881+00:00
23787,鬼玩人 4K數位修復版,765,tt0092991,美國,2023-04-07 00:00:00,3500000,10900000,84,2025-03-02 01:08:54.339400+00:00,2025-03-02 16:42:24.139881+00:00
21719,喜悅：達賴喇嘛遇見屠圖主教,836723,tt14779306,美國,2022-07-22 00:00:00,0,0,85,2025-03-02 01:08:54.339400+00:00,2025-03-02 16:42:24.139881+00:00
29065,劊樂小丑,420634,tt4281724,美國,2024-10-31 00:00:00,35000,421798,85,2025-03-02 01:08:54.339400+00:00,2025-03-02 16:42:24.139881+00:00
29923,感應,1140535,tt28249919,美國,2025-02-14 00:00:00,2000000,6542660,85,2025-03-02 01:08:54.339400+00:00,2025-03-02 16:42:24.139881+00:00
20211,危城行動,762433,tt13432484,美國,2022-01-07 00:00:00,0,0,85,2025-03-02 01:08:54.339400+00:00,2025-03-02 16:42:24.139881+00:00
26777,紀伯倫哈利勒：先知,283161,tt1640718,美國,2024-04-12 00:00:00,0,0,85,2025-03-02 01:08:54.339400+00:00,2025-03-02 16:42:24.139881+00:00
18983,汪汪隊立大功電影版,675445,tt11832046,美國,2021-09-17 00:00:00,26000000,144327371,86,2025-03-02 01:08:54.339400+00:00,2025-03-02 16:42:24.139881+00:00
22714,終極堡壘2,883502,tt14577304,美國,2022-10-21 00:00:00,22000000,69075,87,2025-03-02 01:08:54.339400+00:00,2025-03-02 16:42:24.139881+00:00
20810,小小兵2:格魯的崛起,438148,tt5113044,美國,2022-07-01 00:00:00,85000000,940203765,87,2025-03-02 01:08:54.339400+00:00,2025-03-02 16:42:24.139881+00:00
26038,劊樂時光,1113278,tt27619382,美國,2023-11-10 00:00:00,0,970781,87,2025-03-02 01:08:54.339400+00:00,2025-03-02 16:42:24.139881+00:00
18866,密弒遊戲2：勝者危亡,585216,tt9844522,美國,2021-09-17 00:00:00,15000000,65774490,88,2025-03-02 01:08:54.339400+00:00,2025-03-02 16:42:24.139881+00:00
22397,毛骨悚然：惡魔重生,717728,tt14121726,美國,2022-09-23 00:00:00,5000000,6175213,88,2025-03-02 01:08:54.339400+00:00,2025-03-02 16:42:24.139881+00:00
23437,日出日落：屋頂上的提琴手,927263,tt13660266,美國,2023-01-27 00:00:00,0,6318,88,2025-03-02 01:08:54.339400+00:00,2025-03-02 16:42:24.139881+00:00
22959,貓爸爸們,896689,tt10968602,美國,2022-11-25 00:00:00,0,0,89,2025-03-02 01:08:54.339400+00:00,2025-03-02 16:42:24.139881+00:00
18293,魔坑,760875,tt7646322,美國,2021-03-12 00:00:00,0,0,89,2025-03-02 01:08:54.339400+00:00,2025-03-02 16:42:24.139881+00:00
20143,完美的敵人,655917,tt9421200,美國,2022-02-18 00:00:00,0,0,89,2025-03-02 01:08:54.339400+00:00,2025-03-02 16:42:24.139881+00:00
27785,超級殺,1165466,tt28662887,美國,2024-06-28 00:00:00,0,251071,89,2025-03-02 01:08:54.339400+00:00,2025-03-02 16:42:24.139881+00:00
26959,鬼聖胎,1041613,tt23137390,美國,2024-03-22 00:00:00,9000000,35340015,89,2025-03-02 01:08:54.339400+00:00,2025-03-02 16:42:24.139881+00:00
28654,孤狼救援,5492,tt12598606,美國,2024-10-18 00:00:00,20000000,0,90,2025-03-02 01:08:54.339400+00:00,2025-03-02 16:42:24.139881+00:00
25340,地獄來的乘客,1030987,tt21991654,美國,2023-09-15 00:00:00,0,0,90,2025-03-02 01:08:54.339400+00:00,2025-03-02 16:42:24.139881+00:00
23234,過去那五年（音樂劇）,769850,tt13589412,美國,2023-04-06 00:00:00,0,0,90,2025-03-02 01:08:54.339400+00:00,2025-03-02 16:42:24.139881+00:00
23651,鬼臥床,917007,tt4896168,美國,2022-07-29 00:00:00,0,0,90,2025-03-02 01:08:54.339400+00:00,2025-03-02 16:42:24.139881+00:00
24637,義美超級爸,829051,tt8373206,美國,2023-06-16 00:00:00,29100000,18167819,90,2025-03-02 01:08:54.339400+00:00,2025-03-02 16:42:24.139881+00:00
24782,變身少女露比,1040148,tt27155038,美國,2023-06-30 00:00:00,70000000,46247409,91,2025-03-02 01:08:54.339400+00:00,2025-03-02 16:42:24.139881+00:00
26241,魔髮精靈：樂團在一起 (國語版),901362,tt14362112,美國,2023-12-08 00:00:00,95000000,207318137,91,2025-03-02 01:08:54.339400+00:00,2025-03-02 16:42:24.139881+00:00
20809,終極包圍戰,766907,tt13496236,美國,2022-04-08 00:00:00,0,0,91,2025-03-02 01:08:54.339400+00:00,2025-03-02 16:42:24.139881+00:00
25186,爆復,762430,tt6906292,美國,2023-08-25 00:00:00,20000000,18685751,91,2025-03-02 01:08:54.339400+00:00,2025-03-02 16:42:24.139881+00:00
23889,AIR,507684,,美國,2023-04-05 00:00:00,0,0,91,2025-03-02 01:08:54.339400+00:00,2025-03-02 16:42:24.139881+00:00
28527,樂一通大戰外星人：粉紅末日,870360,tt15352542,美國,2024-10-19 00:00:00,15000000,423628,91,2025-03-02 01:08:54.339400+00:00,2025-03-02 16:42:24.139881+00:00
23661,俠探特攻：驚爆獨立日,1035806,tt22394702,美國,2023-03-10 00:00:00,2000000,36171,92,2025-03-02 01:08:54.339400+00:00,2025-03-02 16:42:24.139881+00:00
27172,蜘蛛驚,1087388,tt20112746,美國,2024-05-01 00:00:00,0,1090798,92,2025-03-02 01:08:54.339400+00:00,2025-03-02 16:42:24.139881+00:00
20560,通靈女校,641668,tt11188624,美國,2022-03-04 00:00:00,0,0,92,2025-03-02 01:08:54.339400+00:00,2025-03-02 16:42:24.139881+00:00
20363,看不見的殺機,825808,tt11209212,美國,2022-01-07 00:00:00,0,55191,92,2025-03-02 01:08:54.339400+00:00,2025-03-02 16:42:24.139881+00:00
28626,末世生存者,1051896,tt22939186,美國,2024-12-20 00:00:00,0,859453,92,2025-03-02 01:08:54.339400+00:00,2025-03-02 16:42:24.139881+00:00
28839,鬼袋人,978796,tt21201300,美國,2024-10-10 00:00:00,14500000,0,92,2025-03-02 01:08:54.339400+00:00,2025-03-02 16:42:24.139881+00:00
20736,心碎效應,844398,tt14923008,美國,2022-09-23 00:00:00,0,0,92,2025-03-02 01:08:54.339400+00:00,2025-03-02 16:42:24.139881+00:00
25460,汪汪隊立大功：超級大電影（國語版）,893723,tt15837338,美國,2023-09-29 00:00:00,30000000,202231360,92,2025-03-02 01:08:54.339400+00:00,2025-03-02 16:42:24.139881+00:00
23286,俠探特攻：贖罪行動,1035803,tt22394694,美國,2022-12-09 00:00:00,0,192939,93,2025-03-02 01:08:54.339400+00:00,2025-03-02 16:42:24.139881+00:00
24259,上流謀殺案,989473,tt11773810,美國,2023-05-05 00:00:00,0,0,93,2025-03-02 01:08:54.339400+00:00,2025-03-02 16:42:24.139881+00:00
22879,鬼禱,676547,tt9271672,美國,2022-10-28 00:00:00,0,37655699,93,2025-03-02 01:08:54.339400+00:00,2025-03-02 16:42:24.139881+00:00
26361,奇愛博士,935,tt0057012,美國,2023-12-10 00:00:00,1800000,9500000,93,2025-03-02 01:08:54.339400+00:00,2025-03-02 16:42:24.139881+00:00
24597,復仇狗聯盟,912908,tt15153532,美國,2023-08-18 00:00:00,46000000,32000000,93,2025-03-02 01:08:54.339400+00:00,2025-03-02 16:42:24.139881+00:00
24496,催眠狙擊,536437,tt8080204,美國,2023-06-02 00:00:00,70000000,16014123,93,2025-03-02 01:08:54.339400+00:00,2025-03-02 16:42:24.139881+00:00
26805,師情化慾,1026436,tt8310486,美國,2024-03-01 00:00:00,4000000,1430985,93,2025-03-02 01:08:54.339400+00:00,2025-03-02 16:42:24.139881+00:00
25993,樹懶殺三小,1040892,tt15422224,美國,2023-11-03 00:00:00,350000,123000,93,2025-03-02 01:08:54.339400+00:00,2025-03-02 16:42:24.139881+00:00
20681,全面掃蕩,689700,tt10023022,美國,2022-03-18 00:00:00,0,0,93,2025-03-02 01:08:54.339400+00:00,2025-03-02 16:42:24.139881+00:00
27155,窒命危機,720321,tt11540468,美國,2024-04-12 00:00:00,0,0,93,2025-03-02 01:08:54.339400+00:00,2025-03-02 16:42:24.139881+00:00
23959,吸血鬼特助：雷菲爾,649609,tt11358390,美國,2023-04-14 00:00:00,65000000,26874347,93,2025-03-02 01:08:54.339400+00:00,2025-03-02 16:42:24.139881+00:00
23855,65：恐怖行星,700391,tt12261776,美國,2023-03-31 00:00:00,45000000,60730568,93,2025-03-02 01:08:54.339400+00:00,2025-03-02 16:42:24.139881+00:00
23924,超級瑪利歐兄弟電影版,502356,tt6718170,美國,2023-04-05 00:00:00,100000000,1362000000,93,2025-03-02 01:08:54.339400+00:00,2025-03-02 16:42:24.139881+00:00
26318,星願(英文版),45464,tt0213314,美國,2023-12-26 00:00:00,0,2189278,93,2025-03-02 01:08:54.339400+00:00,2025-03-02 16:42:24.139881+00:00
20137,阿達一族 2,639721,tt11125620,美國,2021-12-30 00:00:00,0,119815153,93,2025-03-02 01:08:54.339400+00:00,2025-03-02 16:42:24.139881+00:00
25321,限時引爆,1156255,tt26450742,美國,2023-08-21 00:00:00,0,0,93,2025-03-02 01:08:54.339400+00:00,2025-03-02 16:42:24.139881+00:00
21180,進擊的地才,821427,tt11131464,美國,2022-06-03 00:00:00,0,24322,94,2025-03-02 01:08:54.339400+00:00,2025-03-02 16:42:24.139881+00:00
28083,熊貓大冒險 ,676685,tt13616980,美國,2024-07-28 00:00:00,10000000,5514627,94,2025-03-02 01:08:54.339400+00:00,2025-03-02 16:42:24.139881+00:00
24870,電梯遊戲,1015303,tt14013772,美國,2023-07-14 00:00:00,0,302271,94,2025-03-02 01:08:54.339400+00:00,2025-03-02 16:42:24.139881+00:00
21930,天黑請斃命,520023,tt8110652,美國,2022-08-19 00:00:00,3000000,13900000,94,2025-03-02 01:08:54.339400+00:00,2025-03-02 16:42:24.139881+00:00
18522,惡夜殺神,804435,tt5932368,美國,2021-04-21 00:00:00,0,0,94,2025-03-02 01:08:54.339400+00:00,2025-03-02 16:42:24.139881+00:00
25141,喜幹會,864168,tt15268244,美國,2023-08-18 00:00:00,20000000,15800000,94,2025-03-02 01:08:54.339400+00:00,2025-03-02 16:42:24.139881+00:00
27834,神偷奶爸 4,519182,tt7510222,美國,2024-07-03 00:00:00,100000000,969280910,94,2025-03-02 01:08:54.339400+00:00,2025-03-02 16:42:24.139881+00:00
6252,八月三十一日，我在奧斯陸,75233,tt1736633,美國,2013-05-31 00:00:00,0,1481665,94,2025-03-02 01:08:54.339400+00:00,2025-03-02 16:42:24.139881+00:00
25800,親愛的大衛,609768,tt9288740,美國,2023-10-13 00:00:00,0,0,94,2025-03-02 01:08:54.339400+00:00,2025-03-02 16:42:24.139881+00:00
26968,功夫熊貓 4,1011985,tt21692408,美國,2024-03-23 00:00:00,80000000,548040835,94,2025-03-02 01:08:54.339400+00:00,2025-03-02 16:42:24.139881+00:00
28827,太陽王與人魚：新帝國,245842,tt2328678,美國,2024-10-09 00:00:00,40500000,2200000,94,2025-03-02 01:08:54.339400+00:00,2025-03-02 16:42:24.139881+00:00
24252,追殺代理人,942199,tt13130024,美國,2023-05-05 00:00:00,0,53095,95,2025-03-02 01:08:54.339400+00:00,2025-03-02 16:42:24.139881+00:00
23613,熊蓋毒,804150,tt14209916,美國,2023-03-17 00:00:00,32500000,88314672,95,2025-03-02 01:08:54.339400+00:00,2025-03-02 16:42:24.139881+00:00
18846,路卡的夏天,508943,tt12801262,美國,2021-08-06 00:00:00,200000000,51074773,95,2025-03-02 01:08:54.339400+00:00,2025-03-02 16:42:24.139881+00:00
25187,我的藍莓夜,1989,tt0765120,美國,2023-08-18 00:00:00,10000000,21800000,95,2025-03-02 01:08:54.339400+00:00,2025-03-02 16:42:24.139881+00:00
29188,驚爆封鎖線,1081012,tt26545708,美國,2024-11-15 00:00:00,0,0,95,2025-03-02 01:08:54.339400+00:00,2025-03-02 16:42:24.139881+00:00
28455,羅素克洛之大法師,646683,tt11240348,美國,2024-11-15 00:00:00,22000000,12610418,96,2025-03-02 01:08:54.339400+00:00,2025-03-02 16:42:24.139881+00:00
26624,一個人的逃亡,944194,tt14124080,美國,2024-01-19 00:00:00,0,0,96,2025-03-02 01:08:54.339400+00:00,2025-03-02 16:42:24.139881+00:00
18641,死亡連鎖,611489,tt7397098,美國,2021-05-07 00:00:00,0,0,96,2025-03-02 01:08:54.339400+00:00,2025-03-02 16:42:24.139881+00:00
24064,鬼玩人：復活 ,713704,tt13345606,美國,2023-04-20 00:00:00,15000000,146700000,96,2025-03-02 01:08:54.339400+00:00,2025-03-02 16:42:24.139881+00:00
28761,霸愛之路,1000780,tt15678810,美國,2024-11-08 00:00:00,0,0,96,2025-03-02 01:08:54.339400+00:00,2025-03-02 16:42:24.139881+00:00
23415,血仇生死鬥,894169,tt14849038,美國,2023-03-03 00:00:00,0,0,96,2025-03-02 01:08:54.339400+00:00,2025-03-02 16:42:24.139881+00:00
19919,大紅狗克里弗,585245,tt2397461,美國,2021-12-10 00:00:00,64000000,107347356,96,2025-03-02 01:08:54.339400+00:00,2025-03-02 16:42:24.139881+00:00
20472,終極攻佔,718949,tt10957044,美國,2022-02-04 00:00:00,0,0,96,2025-03-02 01:08:54.339400+00:00,2025-03-02 16:42:24.139881+00:00
27655,腦筋急轉彎2 ,1022789,tt22022452,美國,2024-06-13 00:00:00,200000000,1698863816,97,2025-03-02 01:08:54.339400+00:00,2025-03-02 16:42:24.139881+00:00
29798,完美伴侶,1084199,tt26584495,美國,2025-01-29 00:00:00,10000000,34480388,97,2025-03-02 01:08:54.339400+00:00,2025-03-02 16:42:24.139881+00:00
19639,猛毒2：血蜘蛛,580489,tt7097896,美國,2021-10-13 00:00:00,110000000,506863592,97,2025-03-02 01:08:54.339400+00:00,2025-03-02 16:42:24.139881+00:00
23771,屍蹤天使,1043565,tt14147224,美國,2023-03-10 00:00:00,0,0,97,2025-03-02 01:08:54.339400+00:00,2025-03-02 16:42:24.139881+00:00
29250,死亡日記,1443,tt0159097,美國,2024-12-29 00:00:00,6000000,10409377,97,2025-03-02 01:08:54.339400+00:00,2025-03-02 16:42:24.139881+00:00
20930,終極夜路,916821,tt14174168,美國,2022-06-02 00:00:00,0,0,97,2025-03-02 01:08:54.339400+00:00,2025-03-02 16:42:24.139881+00:00
20192,殲獄行動,811592,tt14199590,美國,2021-12-24 00:00:00,0,29439,97,2025-03-02 01:08:54.339400+00:00,2025-03-02 16:42:24.139881+00:00
17499,說不出的告別,536396,tt8717446,美國,2020-11-27 00:00:00,0,0,97,2025-03-02 01:08:54.339400+00:00,2025-03-02 16:42:24.139881+00:00
20660,貝爾法斯特,777270,tt12789558,美國,2022-03-11 00:00:00,11000000,49158343,98,2025-03-02 01:08:54.339400+00:00,2025-03-02 16:42:24.139881+00:00
21033,驅神,836225,tt10362566,美國,2022-07-08 00:00:00,1500000,0,98,2025-03-02 01:08:54.339400+00:00,2025-03-02 16:42:24.139881+00:00
28783,來自地獄的邪靈,913673,tt14537248,美國,2024-11-22 00:00:00,3000000,5400000,98,2025-03-02 01:08:54.339400+00:00,2025-03-02 16:42:24.139881+00:00
21172,最後的生存者,789171,tt13889602,美國,2022-05-20 00:00:00,0,0,98,2025-03-02 01:08:54.339400+00:00,2025-03-02 16:42:24.139881+00:00
18958,暫時停止呼吸2,482373,tt6246322,美國,2021-08-20 00:00:00,15000000,53785551,98,2025-03-02 01:08:54.339400+00:00,2025-03-02 16:42:24.139881+00:00
22308,刀鋒劍客(英語版),366672,tt4428398,美國,2022-09-30 00:00:00,45000000,42500000,98,2025-03-02 01:08:54.339400+00:00,2025-03-02 16:42:24.139881+00:00
19657,鹿魔,516329,tt7740510,美國,2021-11-12 00:00:00,17000000,18867659,99,2025-03-02 01:08:54.339400+00:00,2025-03-02 16:42:24.139881+00:00
25349,印咒：畢舍遮,1024773,tt15683734,美國,2023-09-22 00:00:00,0,4800000,99,2025-03-02 01:08:54.339400+00:00,2025-03-02 16:42:24.139881+00:00
22242,看你往哪跑,766475,tt13640696,美國,2022-09-16 00:00:00,40000000,21921551,99,2025-03-02 01:08:54.339400+00:00,2025-03-02 16:42:24.139881+00:00
24416,鬼出櫃,532408,tt3427252,美國,2023-06-02 00:00:00,41900000,66978229,99,2025-03-02 01:08:54.339400+00:00,2025-03-02 16:42:24.139881+00:00
29376,海洋奇緣2,1241982,tt13622970,美國,2024-11-28 00:00:00,150000000,1044396565,99,2025-03-02 01:08:54.339400+00:00,2025-03-02 16:42:24.139881+00:00
27870,噤界：入侵日,762441,tt13433802,美國,2024-06-26 00:00:00,67000000,261907653,99,2025-03-02 01:08:54.339400+00:00,2025-03-02 16:42:24.139881+00:00
21821,孤兒怨2：最黑暗的過去,760161,tt11851548,美國,2022-08-26 00:00:00,10000000,9572765,99,2025-03-02 01:08:54.339400+00:00,2025-03-02 16:42:24.139881+00:00
18816,殺手保鑣2,522931,tt8385148,美國,2021-10-08 00:00:00,70000000,70060492,99,2025-03-02 01:08:54.339400+00:00,2025-03-02 16:42:24.139881+00:00
22679,驚爆倒數60分鐘,888195,tt15690300,美國,2022-10-14 00:00:00,0,0,99,2025-03-02 01:08:54.339400+00:00,2025-03-02 16:42:24.139881+00:00
24662,大愚樂家,553147,tt9013340,美國,2023-06-16 00:00:00,0,0,99,2025-03-02 01:08:54.339400+00:00,2025-03-02 16:42:24.139881+00:00
21802,殺戮基地,848123,tt13918550,美國,2022-07-29 00:00:00,0,0,99,2025-03-02 01:08:54.339400+00:00,2025-03-02 16:42:24.139881+00:00
27490,加菲貓：農場大冒險,748783,tt5779228,美國,2024-06-07 00:00:00,60000000,254907482,100,2025-03-02 01:08:54.339400+00:00,2025-03-02 16:42:24.139881+00:00
20848,玩命獵殺,628878,tt4029412,美國,2022-04-08 00:00:00,0,0,100,2025-03-02 01:08:54.339400+00:00,2025-03-02 16:42:24.139881+00:00
20486,BJ單身日記,634,tt0243155,美國,2022-02-11 00:00:00,25000000,281929795,100,2025-03-02 01:08:54.339400+00:00,2025-03-02 16:42:24.139881+00:00
19601,四個好日子,641960,tt10344522,美國,2021-10-08 00:00:00,0,843965,100,2025-03-02 01:08:54.339400+00:00,2025-03-02 16:42:24.139881+00:00
23588,敲敲門,631842,tt15679400,美國,2023-02-03 00:00:00,20000000,54700000,100,2025-03-02 01:08:54.339400+00:00,2025-03-02 16:42:24.139881+00:00
25061,忍者龜：變種大亂鬥,614930,tt8589698,美國,2023-08-04 00:00:00,75000000,180513586,100,2025-03-02 01:08:54.339400+00:00,2025-03-02 16:42:24.139881+00:00
20635,壞蛋聯盟,629542,tt8115900,美國,2022-03-18 00:00:00,80000000,250162278,100,2025-03-02 01:08:54.339400+00:00,2025-03-02 16:42:24.139881+00:00
26716,青春養成記,508947,tt8097030,美國,2023-02-08 00:00:00,175000000,21328962,100,2025-03-02 01:08:54.339400+00:00,2025-03-02 16:42:24.139881+00:00
28782,地獄怪客：歪曲人的詛咒,1087822,tt26757462,美國,2024-10-04 00:00:00,20000000,2014050,100,2025-03-02 01:08:54.339400+00:00,2025-03-02 16:42:24.139881+00:00
20554,終極堡壘,826749,tt14577300,美國,2022-03-18 00:00:00,20000000,52169,100,2025-03-02 01:08:54.339400+00:00,2025-03-02 16:42:24.139881+00:00
23426,劫婚大作戰,758009,tt9686790,美國,2023-01-06 00:00:00,0,4495365,101,2025-03-02 01:08:54.339400+00:00,2025-03-02 16:42:24.139881+00:00
24377,非關男孩,245,tt0276751,美國,2023-05-19 00:00:00,27000000,129000000,101,2025-03-02 01:08:54.339400+00:00,2025-03-02 16:42:24.139881+00:00
26339,贖罪日之戰,899524,tt14454876,美國,2023-12-22 00:00:00,0,7039677,101,2025-03-02 01:08:54.339400+00:00,2025-03-02 16:42:24.139881+00:00
23892,捍衛任務,245891,tt2911666,美國,2014-10-31 00:00:00,20000000,88761661,101,2025-03-02 01:08:54.339400+00:00,2025-03-02 16:42:24.139881+00:00
24286,正宗巨齒鯊,890771,tt10279472,美國,2023-05-12 00:00:00,0,0,101,2025-03-02 01:08:54.339400+00:00,2025-03-02 16:42:24.139881+00:00
28198,邊緣禁地,365177,tt4978420,美國,2024-08-09 00:00:00,115000000,32978510,101,2025-03-02 01:08:54.339400+00:00,2025-03-02 16:42:24.139881+00:00
27952,長腿,1226578,tt23468450,美國,2024-07-12 00:00:00,10000000,126942386,101,2025-03-02 01:08:54.339400+00:00,2025-03-02 16:42:24.139881+00:00
20528,逍遙上路,626735,tt11252248,美國,2022-02-18 00:00:00,20000000,84774243,101,2025-03-02 01:08:54.339400+00:00,2025-03-02 16:42:24.139881+00:00
28738,千萬別放手,814889,tt14415204,美國,2024-09-27 00:00:00,20000000,21768945,101,2025-03-02 01:08:54.339400+00:00,2025-03-02 16:42:24.139881+00:00
17496,愛在黎明破曉時,76,tt0112471,美國,2020-12-04 00:00:00,2500000,5987386,101,2025-03-02 01:08:54.339400+00:00,2025-03-02 16:42:24.139881+00:00
20861,終極交戰,864116,tt14412366,美國,2022-09-08 00:00:00,98616,0,101,2025-03-02 01:08:54.339400+00:00,2025-03-02 16:42:24.139881+00:00
28404,台北追緝令,1167271,tt28142896,美國,2024-09-25 00:00:00,30000000,2826064,101,2025-03-02 01:08:54.339400+00:00,2025-03-02 16:42:24.139881+00:00
28233,求救眨眨眼,840705,tt14858658,美國,2024-08-22 00:00:00,20000000,46393906,102,2025-03-02 01:08:54.339400+00:00,2025-03-02 16:42:24.139881+00:00
20235,黑特冤家,603661,tt8718158,美國,2022-02-11 00:00:00,0,0,102,2025-03-02 01:08:54.339400+00:00,2025-03-02 16:42:24.139881+00:00
20050,魔法滿屋,568124,tt2953050,美國,2021-11-26 00:00:00,135000000,261289554,102,2025-03-02 01:08:54.339400+00:00,2025-03-02 16:42:24.139881+00:00
22337,墜,985939,tt15325794,美國,2022-09-16 00:00:00,3000000,17363261,102,2025-03-02 01:08:54.339400+00:00,2025-03-02 16:42:24.139881+00:00
23138,奇異冒險 (英文版),877269,tt10298840,美國,2022-11-25 00:00:00,180000000,73621640,102,2025-03-02 01:08:54.339400+00:00,2025-03-02 16:42:24.139881+00:00
23393,窒友梅根,536554,tt8760708,美國,2023-01-13 00:00:00,12000000,181796517,102,2025-03-02 01:08:54.339400+00:00,2025-03-02 16:42:24.139881+00:00
27625,窺探者,1086747,tt26736843,美國,2024-06-06 00:00:00,30000000,51147812,102,2025-03-02 01:08:54.339400+00:00,2025-03-02 16:42:24.139881+00:00
23713,噩夢輓歌 4K數位修復版,641,tt0180093,美國,2023-03-17 00:00:00,4500000,7390108,102,2025-03-02 01:08:54.339400+00:00,2025-03-02 16:42:24.139881+00:00
28528,荒野機器人,1184918,tt29623480,美國,2024-10-10 00:00:00,78000000,324816010,102,2025-03-02 01:08:54.339400+00:00,2025-03-02 16:42:24.139881+00:00
24784,元素方城市(英文版),976573,tt15789038,美國,2023-06-30 00:00:00,200000000,496444308,102,2025-03-02 01:08:54.339400+00:00,2025-03-02 16:42:24.139881+00:00
26305,夢行者保羅,823482,tt21942866,美國,2023-12-04 00:00:00,10000000,14114415,102,2025-03-02 01:08:54.339400+00:00,2025-03-02 16:42:24.139881+00:00
24097,梵蒂岡驅魔士,758323,tt13375076,美國,2023-04-28 00:00:00,18000000,76987621,103,2025-03-02 01:08:54.339400+00:00,2025-03-02 16:42:24.139881+00:00
26565,愛愛愛上你,1072790,tt26047818,美國,2024-02-02 00:00:00,25000000,214891370,103,2025-03-02 01:08:54.339400+00:00,2025-03-02 16:42:24.139881+00:00
25428,浴血任務4,299054,tt3291150,美國,2023-09-22 00:00:00,100000000,37917985,103,2025-03-02 01:08:54.339400+00:00,2025-03-02 16:42:24.139881+00:00
23144,鞋貓劍客 2,315162,tt3915174,美國,2022-09-23 00:00:00,90000000,484700000,103,2025-03-02 01:08:54.339400+00:00,2025-03-02 16:42:24.139881+00:00
29783,狼人,710295,tt4216984,美國,2025-01-24 00:00:00,25000000,34844931,103,2025-03-02 01:08:54.339400+00:00,2025-03-02 16:42:24.139881+00:00
19688,法蘭西特派週報,542178,tt8847712,美國,2021-12-10 00:00:00,25000000,46333545,103,2025-03-02 01:08:54.339400+00:00,2025-03-02 16:42:24.139881+00:00
20770,救命緝約,628900,tt10323676,美國,2022-03-25 00:00:00,0,2122288,103,2025-03-02 01:08:54.339400+00:00,2025-03-02 16:42:24.139881+00:00
20241,闇黑電話,756999,tt7144666,美國,2022-07-01 00:00:00,16000000,161440742,103,2025-03-02 01:08:54.339400+00:00,2025-03-02 16:42:24.139881+00:00
26324,壁花男孩,84892,tt1659337,美國,2023-12-01 00:00:00,13000000,33384127,103,2025-03-02 01:08:54.339400+00:00,2025-03-02 16:42:24.139881+00:00
25178,奪魂鋸,176,tt0387564,美國,2023-09-01 00:00:00,1200000,104004218,103,2025-03-02 01:08:54.339400+00:00,2025-03-02 16:42:24.139881+00:00
23752,火線埋伏,1074034,tt8270664,美國,2023-03-03 00:00:00,0,0,104,2025-03-02 01:08:54.339400+00:00,2025-03-02 16:42:24.139881+00:00
22963,絕命線阱,979924,tt14824590,美國,2022-11-04 00:00:00,0,0,104,2025-03-02 01:08:54.339400+00:00,2025-03-02 16:42:24.139881+00:00
29843,天使營救,1043905,tt23872640,美國,2025-01-24 00:00:00,35954590,0,104,2025-03-02 01:08:54.339400+00:00,2025-03-02 16:42:24.139881+00:00
22355,幸福入場券,800939,tt14109724,美國,2022-10-07 00:00:00,20000000,168800000,104,2025-03-02 01:08:54.339400+00:00,2025-03-02 16:42:24.139881+00:00
26229,下一球，勝利,621587,tt10767052,美國,2023-11-24 00:00:00,14000000,18062279,104,2025-03-02 01:08:54.339400+00:00,2025-03-02 16:42:24.139881+00:00
25408,威尼斯魅影謀殺案,945729,tt22687790,美國,2023-09-15 00:00:00,60000000,121400000,104,2025-03-02 01:08:54.339400+00:00,2025-03-02 16:42:24.139881+00:00
18847,驅魔禁區,774021,tt13392012,美國,2021-08-05 00:00:00,0,68581,104,2025-03-02 01:08:54.339400+00:00,2025-03-02 16:42:24.139881+00:00
24866,珍愛硬起來,884605,tt15671028,美國,2023-07-28 00:00:00,45000000,83000000,104,2025-03-02 01:08:54.339400+00:00,2025-03-02 16:42:24.139881+00:00
20582,黑光行動,823625,tt14060094,美國,2022-02-25 00:00:00,43000000,15902207,104,2025-03-02 01:08:54.339400+00:00,2025-03-02 16:42:24.139881+00:00
26213,闇之祭,853387,tt11893676,美國,2023-12-01 00:00:00,0,0,104,2025-03-02 01:08:54.339400+00:00,2025-03-02 16:42:24.139881+00:00
26554,醉鄉民謠,86829,tt2042568,美國,2024-01-26 00:00:00,11000000,32935319,104,2025-03-02 01:08:54.339400+00:00,2025-03-02 16:42:24.139881+00:00
19690,地球重生,760873,tt6506264,美國,2022-02-11 00:00:00,0,328914,104,2025-03-02 01:08:54.339400+00:00,2025-03-02 16:42:24.139881+00:00
26926,伏慄熊,1125311,tt26658104,美國,2024-03-15 00:00:00,13000000,43787034,104,2025-03-02 01:08:54.339400+00:00,2025-03-02 16:42:24.139881+00:00
20786,魔比斯,526896,tt5108870,美國,2022-04-01 00:00:00,75000000,167635712,104,2025-03-02 01:08:54.339400+00:00,2025-03-02 16:42:24.139881+00:00
26796,雷鬼之父：音樂無國界,802219,tt8521778,美國,2024-03-15 00:00:00,70000000,180828556,104,2025-03-02 01:08:54.339400+00:00,2025-03-02 16:42:24.139881+00:00
27387,幻幻之交,639720,tt11152168,美國,2024-05-11 00:00:00,110000000,190309707,104,2025-03-02 01:08:54.339400+00:00,2025-03-02 16:42:24.139881+00:00
26278,無聲夜,891699,tt15799866,美國,2023-12-01 00:00:00,0,0,104,2025-03-02 01:08:54.339400+00:00,2025-03-02 16:42:24.139881+00:00
28393,變形金剛：源起,698687,tt8864596,美國,2024-09-13 00:00:00,75000000,128888103,104,2025-03-02 01:08:54.339400+00:00,2025-03-02 16:42:24.139881+00:00
26581,蜂刑者,866398,tt15314262,美國,2024-01-12 00:00:00,35000000,152720535,105,2025-03-02 01:08:54.339400+00:00,2025-03-02 16:42:24.139881+00:00
23128,俠探特攻：全面追緝,1024546,tt21435436,美國,2022-11-25 00:00:00,0,95244,105,2025-03-02 01:08:54.339400+00:00,2025-03-02 16:42:24.139881+00:00
26066,驚奇隊長 2 ,609681,tt10676048,美國,2023-11-08 00:00:00,274800000,207089999,105,2025-03-02 01:08:54.339400+00:00,2025-03-02 16:42:24.139881+00:00
28109,圈套,1032823,tt26753003,美國,2024-08-01 00:00:00,30000000,82677281,105,2025-03-02 01:08:54.339400+00:00,2025-03-02 16:42:24.139881+00:00
25493,笨錢效應 ,792293,tt13957560,美國,2023-10-20 00:00:00,30000000,20703794,105,2025-03-02 01:08:54.339400+00:00,2025-03-02 16:42:24.139881+00:00
21422,巴斯光年(英文版),718789,tt10298810,美國,2022-06-17 00:00:00,200000000,226425420,105,2025-03-02 01:08:54.339400+00:00,2025-03-02 16:42:24.139881+00:00
22116,世紀婚魘,830788,tt12873562,美國,2022-09-02 00:00:00,10000000,33628000,105,2025-03-02 01:08:54.339400+00:00,2025-03-02 16:42:24.139881+00:00
21837,DC超級寵物軍團(英文版),539681,tt8912936,美國,2022-08-09 00:00:00,90000000,203000000,105,2025-03-02 01:08:54.339400+00:00,2025-03-02 16:42:24.139881+00:00
28390,陰間大法師 BEETLEJUICE,917496,tt2049403,美國,2024-09-05 00:00:00,100000000,451100435,105,2025-03-02 01:08:54.339400+00:00,2025-03-02 16:42:24.139881+00:00
24493,小行星城,747188,tt14230388,美國,2023-06-23 00:00:00,25000000,47281670,105,2025-03-02 01:08:54.339400+00:00,2025-03-02 16:42:24.139881+00:00
19308,月光光新慌慌：萬聖殺,610253,tt10665338,美國,2021-10-22 00:00:00,20000000,133423964,105,2025-03-02 01:08:54.339400+00:00,2025-03-02 16:42:24.139881+00:00
28534,超完美家政婦,1064028,tt24871974,美國,2024-09-13 00:00:00,4400000,262793,105,2025-03-02 01:08:54.339400+00:00,2025-03-02 16:42:24.139881+00:00
23014,鱷魚歌王,830784,tt14668630,美國,2022-11-04 00:00:00,50000000,104088441,106,2025-03-02 01:08:54.339400+00:00,2025-03-02 16:42:24.139881+00:00
26958,彼岸的真相,1162322,tt21191906,美國,2024-03-29 00:00:00,40000000,11537680,106,2025-03-02 01:08:54.339400+00:00,2025-03-02 16:42:24.139881+00:00
29087,隔壁的房間,1088514,tt29439114,美國,2024-11-29 00:00:00,0,15102319,106,2025-03-02 01:08:54.339400+00:00,2025-03-02 16:42:24.139881+00:00
25985,新核能時代,1004685,tt21376908,美國,2023-10-27 00:00:00,0,0,106,2025-03-02 01:08:54.339400+00:00,2025-03-02 16:42:24.139881+00:00
26075,恐怖感恩劫,1071215,tt1448754,美國,2023-11-17 00:00:00,15000000,46553280,106,2025-03-02 01:08:54.339400+00:00,2025-03-02 16:42:24.139881+00:00
29708,柏靈頓：熊熊去秘魯,516729,tt5822536,美國,2025-01-25 00:00:00,90000000,150254414,106,2025-03-02 01:08:54.339400+00:00,2025-03-02 16:42:24.139881+00:00
25044,之前的我們,666277,tt13238346,美國,2023-07-28 00:00:00,12000000,28126646,106,2025-03-02 01:08:54.339400+00:00,2025-03-02 16:42:24.139881+00:00
18925,寶貝老闆：家大業大,459151,tt6932874,美國,2021-10-08 00:00:00,82000000,146745280,107,2025-03-02 01:08:54.339400+00:00,2025-03-02 16:42:24.139881+00:00
19817,天兵阿榮,482321,tt7504818,美國,2021-10-29 00:00:00,0,60692022,107,2025-03-02 01:08:54.339400+00:00,2025-03-02 16:42:24.139881+00:00
19984,惡靈古堡首部曲：拉昆市,460458,tt6920084,美國,2021-11-26 00:00:00,25000000,41914915,107,2025-03-02 01:08:54.339400+00:00,2025-03-02 16:42:24.139881+00:00
20925,超吉任務,648579,tt11291274,美國,2022-04-22 00:00:00,30000000,29116320,107,2025-03-02 01:08:54.339400+00:00,2025-03-02 16:42:24.139881+00:00
18014,捍衛救援,634528,tt6902332,美國,2021-01-20 00:00:00,23000000,23076711,107,2025-03-02 01:08:54.339400+00:00,2025-03-02 16:42:24.139881+00:00
23797,愛瑪（音樂劇）,12254,tt0118308,美國,2023-04-21 00:00:00,0,0,107,2025-03-02 01:08:54.339400+00:00,2025-03-02 16:42:24.139881+00:00
22663,五星饗魘,593643,tt9764362,美國,2022-12-02 00:00:00,35000000,79628200,107,2025-03-02 01:08:54.339400+00:00,2025-03-02 16:42:24.139881+00:00
26842,極限長征,618588,tt10720352,美國,2024-03-06 00:00:00,19000000,40829138,107,2025-03-02 01:08:54.339400+00:00,2025-03-02 16:42:24.139881+00:00
24881,我的左派老師,7859,tt0468489,美國,2023-07-14 00:00:00,700000,4911725,107,2025-03-02 01:08:54.339400+00:00,2025-03-02 16:42:24.139881+00:00
23590,迫降危機,646389,tt5884796,美國,2023-01-25 00:00:00,25000000,74515586,107,2025-03-02 01:08:54.339400+00:00,2025-03-02 16:42:24.139881+00:00
24857,陰兒房：鬼門陰深處,614479,tt13405778,美國,2023-07-13 00:00:00,16000000,189086877,107,2025-03-02 01:08:54.339400+00:00,2025-03-02 16:42:24.139881+00:00
20394,王牌冤家,38,tt0338013,美國,2022-02-11 00:00:00,20000000,72258126,108,2025-03-02 01:08:54.339400+00:00,2025-03-02 16:42:24.139881+00:00
20217,終極狩獵團,763164,tt13265876,美國,2022-01-14 00:00:00,0,0,108,2025-03-02 01:08:54.339400+00:00,2025-03-02 16:42:24.139881+00:00
25933,超危險保鑣,897087,tt15744298,美國,2023-10-27 00:00:00,40000000,9112817,108,2025-03-02 01:08:54.339400+00:00,2025-03-02 16:42:24.139881+00:00
22115,三千年的渴望,556694,tt9198364,美國,2022-09-02 00:00:00,60000000,20300000,108,2025-03-02 01:08:54.339400+00:00,2025-03-02 16:42:24.139881+00:00
24467,一個人的朝聖,844409,tt14097206,美國,2023-08-04 00:00:00,0,0,108,2025-03-02 01:08:54.339400+00:00,2025-03-02 16:42:24.139881+00:00
28214,狸太怨,1019939,tt12818328,美國,2024-08-16 00:00:00,150000,804017,108,2025-03-02 01:08:54.339400+00:00,2025-03-02 16:42:24.139881+00:00
26267,沼澤王的女兒,798362,tt8002382,美國,2023-10-27 00:00:00,0,0,109,2025-03-02 01:08:54.339400+00:00,2025-03-02 16:42:24.139881+00:00
25279,私刑教育3,926393,tt17024450,美國,2023-08-31 00:00:00,70000000,191067560,109,2025-03-02 01:08:54.339400+00:00,2025-03-02 16:42:24.139881+00:00
28977,猛毒最終章：最後一舞,912649,tt16366836,美國,2024-10-23 00:00:00,120000000,478103649,109,2025-03-02 01:08:54.339400+00:00,2025-03-02 16:42:24.139881+00:00
19383,異類崛起,850099,tt4940336,美國,2021-09-24 00:00:00,0,0,109,2025-03-02 01:08:54.339400+00:00,2025-03-02 16:42:24.139881+00:00
27343,帝國浩劫：美國內戰,929590,tt17279496,美國,2024-04-29 00:00:00,50000000,126542249,109,2025-03-02 01:08:54.339400+00:00,2025-03-02 16:42:24.139881+00:00
18824,疾凍救援,646207,tt3758814,美國,2021-09-24 00:00:00,0,7502846,109,2025-03-02 01:08:54.339400+00:00,2025-03-02 16:42:24.139881+00:00
27153,噬血芭蕾,1111873,tt27489557,美國,2024-04-19 00:00:00,28000000,42791449,109,2025-03-02 01:08:54.339400+00:00,2025-03-02 16:42:24.139881+00:00
29633,音速小子 3,939243,tt18259086,美國,2024-12-27 00:00:00,122000000,472518457,110,2025-03-02 01:08:54.339400+00:00,2025-03-02 16:42:24.139881+00:00
22328,捍衛戰士,744,tt0092099,美國,2022-09-18 00:00:00,15000000,356830601,110,2025-03-02 01:08:54.339400+00:00,2025-03-02 16:42:24.139881+00:00
25892,佛萊迪餐館之五夜驚魂,507089,tt4589218,美國,2023-10-27 00:00:00,20000000,297144130,110,2025-03-02 01:08:54.339400+00:00,2025-03-02 16:42:24.139881+00:00
19475,爽賺姐妹,628914,tt9054192,美國,2021-10-22 00:00:00,7000000,0,110,2025-03-02 01:08:54.339400+00:00,2025-03-02 16:42:24.139881+00:00
26508,叛諜檔案,927107,tt2016303,美國,2024-01-05 00:00:00,23900000,899683,110,2025-03-02 01:08:54.339400+00:00,2025-03-02 16:42:24.139881+00:00
20210,歡樂好聲音 2,438695,tt6467266,美國,2022-01-28 00:00:00,85000000,408402685,110,2025-03-02 01:08:54.339400+00:00,2025-03-02 16:42:24.139881+00:00
27447,滅世男孩,882059,tt13923084,美國,2024-05-17 00:00:00,18000000,3139717,110,2025-03-02 01:08:54.339400+00:00,2025-03-02 16:42:24.139881+00:00
20384,魔境夢遊,12155,tt1014759,美國,2021-06-18 00:00:00,200000000,1025467110,110,2025-03-02 01:08:54.339400+00:00,2025-03-02 16:42:24.139881+00:00
25278,鬼修女II,968051,tt10160976,美國,2023-09-07 00:00:00,38500000,269670590,110,2025-03-02 01:08:54.339400+00:00,2025-03-02 16:42:24.139881+00:00
27914,邪惡勿語,1114513,tt27534307,美國,2024-09-13 00:00:00,15000000,76756109,110,2025-03-02 01:08:54.339400+00:00,2025-03-02 16:42:24.139881+00:00
28878,全力揮擊,1079810,tt7738330,美國,2024-12-06 00:00:00,0,0,110,2025-03-02 01:08:54.339400+00:00,2025-03-02 16:42:24.139881+00:00
23629,人肉搜索2：失蹤搜救,768362,tt10855768,美國,2023-02-24 00:00:00,7000000,45100756,111,2025-03-02 01:08:54.339400+00:00,2025-03-02 16:42:24.139881+00:00
29513,異教詭屋,1138194,tt28015403,美國,2024-11-29 00:00:00,10000000,51913394,111,2025-03-02 01:08:54.339400+00:00,2025-03-02 16:42:24.139881+00:00
19161,疾厄,619778,tt3811906,美國,2021-09-02 00:00:00,40000000,34891791,111,2025-03-02 01:08:54.339400+00:00,2025-03-02 16:42:24.139881+00:00
27840,白南準：月亮是最古早的電視,916738,tt24079736,美國,2024-10-25 00:00:00,0,54093,111,2025-03-02 01:08:54.339400+00:00,2025-03-02 16:42:24.139881+00:00
20713,劫獄救援,818192,tt11388416,美國,2022-03-18 00:00:00,12400000,0,111,2025-03-02 01:08:54.339400+00:00,2025-03-02 16:42:24.139881+00:00
25709,大法師:信徒,807172,tt12921446,美國,2023-10-06 00:00:00,30000000,136284218,111,2025-03-02 01:08:54.339400+00:00,2025-03-02 16:42:24.139881+00:00
22652,月光光新慌慌：萬聖結,616820,tt10665342,美國,2022-10-14 00:00:00,20000000,104374176,111,2025-03-02 01:08:54.339400+00:00,2025-03-02 16:42:24.139881+00:00
23153,暴戾夜,899112,tt12003946,美國,2022-12-02 00:00:00,20000000,75734910,111,2025-03-02 01:08:54.339400+00:00,2025-03-02 16:42:24.139881+00:00
21388,午後彌撒 ,423333,tt11389748,美國,2022-06-17 00:00:00,0,131357,111,2025-03-02 01:08:54.339400+00:00,2025-03-02 16:42:24.139881+00:00
18759,厲陰宅3：是惡魔逼我的,423108,tt7069210,美國,2021-07-22 00:00:00,39000000,206431050,111,2025-03-02 01:08:54.339400+00:00,2025-03-02 16:42:24.139881+00:00
28403,龍族戰神：重生,957452,tt1340094,美國,2024-08-30 00:00:00,50000000,24109036,111,2025-03-02 01:08:54.339400+00:00,2025-03-02 16:42:24.139881+00:00
20459,娶我吧!,615904,tt10223460,美國,2022-02-11 00:00:00,23000000,44000000,112,2025-03-02 01:08:54.339400+00:00,2025-03-02 16:42:24.139881+00:00
25070,冰風暴,68924,tt0119349,美國,2023-08-11 00:00:00,18000000,8038061,112,2025-03-02 01:08:54.339400+00:00,2025-03-02 16:42:24.139881+00:00
20748,失落謎城,752623,tt13320622,美國,2022-04-08 00:00:00,74000000,192907684,112,2025-03-02 01:08:54.339400+00:00,2025-03-02 16:42:24.139881+00:00
18191,末日終結戰,560144,tt9387250,美國,2021-02-26 00:00:00,70000000,170581,113,2025-03-02 01:08:54.339400+00:00,2025-03-02 16:42:24.139881+00:00
26625,貓王與我,1020006,tt22041854,美國,2024-01-19 00:00:00,20000000,30140906,113,2025-03-02 01:08:54.339400+00:00,2025-03-02 16:42:24.139881+00:00
23564,玩命特攻：武演行動,739405,tt7985704,美國,2023-01-19 00:00:00,50000000,37800000,113,2025-03-02 01:08:54.339400+00:00,2025-03-02 16:42:24.139881+00:00
27001,瓊拜雅：三重人格,1075815,tt26594061,美國,2024-04-05 00:00:00,0,630000,113,2025-03-02 01:08:54.339400+00:00,2025-03-02 16:42:24.139881+00:00
23711,殺手迴戰,876969,tt7720142,美國,2023-02-24 00:00:00,0,188292,113,2025-03-02 01:08:54.339400+00:00,2025-03-02 16:42:24.139881+00:00
28551,逃出搶錢鎮,974250,tt20201748,美國,2024-10-10 00:00:00,0,0,113,2025-03-02 01:08:54.339400+00:00,2025-03-02 16:42:24.139881+00:00
26759,天眼救援,969492,tt19864802,美國,2024-02-16 00:00:00,18000000,7021101,113,2025-03-02 01:08:54.339400+00:00,2025-03-02 16:42:24.139881+00:00
22649,伊尼舍林的女妖,674324,tt11813216,美國,2023-01-27 00:00:00,20000000,49300000,114,2025-03-02 01:08:54.339400+00:00,2025-03-02 16:42:24.139881+00:00
24938,Barbie芭比,346698,tt1517268,美國,2023-07-20 00:00:00,145000000,1445638421,114,2025-03-02 01:08:54.339400+00:00,2025-03-02 16:42:24.139881+00:00
20240,驚聲尖叫,646385,tt11245972,美國,2022-01-14 00:00:00,24000000,137743924,114,2025-03-02 01:08:54.339400+00:00,2025-03-02 16:42:24.139881+00:00
18984,脫稿玩家,550988,tt6264654,美國,2021-08-12 00:00:00,110000000,331526598,115,2025-03-02 01:08:54.339400+00:00,2025-03-02 16:42:24.139881+00:00
27607,絕地戰警：生死與共,573435,tt4919268,美國,2024-06-05 00:00:00,100000000,404547819,115,2025-03-02 01:08:54.339400+00:00,2025-03-02 16:42:24.139881+00:00
27522,失憶殺神,972614,tt20115766,美國,2024-05-31 00:00:00,963703,0,115,2025-03-02 01:08:54.339400+00:00,2025-03-02 16:42:24.139881+00:00
29831,乖女孩,1097549,tt30057084,美國,2025-01-17 00:00:00,20000000,60934894,115,2025-03-02 01:08:54.339400+00:00,2025-03-02 16:42:24.139881+00:00
26940,魔鬼剋星：冰天凍地,967847,tt21235248,美國,2024-03-22 00:00:00,100000000,201967521,115,2025-03-02 01:08:54.339400+00:00,2025-03-02 16:42:24.139881+00:00
22476,哥兒們,614939,tt9731598,美國,2022-10-19 00:00:00,22000000,14800000,115,2025-03-02 01:08:54.339400+00:00,2025-03-02 16:42:24.139881+00:00
26945,哥吉拉與金剛 : 新帝國,823464,tt14539740,美國,2024-03-27 00:00:00,150000000,571750016,115,2025-03-02 01:08:54.339400+00:00,2025-03-02 16:42:24.139881+00:00
18430,夢想之地,615643,tt10633456,美國,2021-04-23 00:00:00,2000000,12900000,115,2025-03-02 01:08:54.339400+00:00,2025-03-02 16:42:24.139881+00:00
25027,巨齒鯊2: 海溝深淵,615656,tt9224104,美國,2023-08-02 00:00:00,129000000,384056482,116,2025-03-02 01:08:54.339400+00:00,2025-03-02 16:42:24.139881+00:00
22373,微笑,882598,tt15474916,美國,2022-09-30 00:00:00,17000000,217408513,116,2025-03-02 01:08:54.339400+00:00,2025-03-02 16:42:24.139881+00:00
20539,秘境探險,335787,tt1464335,美國,2022-02-17 00:00:00,120000000,407141258,116,2025-03-02 01:08:54.339400+00:00,2025-03-02 16:42:24.139881+00:00
27946,不羈騎士,1008409,tt21454134,美國,2024-08-02 00:00:00,40000000,36110860,116,2025-03-02 01:08:54.339400+00:00,2025-03-02 16:42:24.139881+00:00
18735,金甲部隊,600,tt0093058,美國,2022-08-26 00:00:00,30000000,46357676,116,2025-03-02 01:08:54.339400+00:00,2025-03-02 16:42:24.139881+00:00
19783,史賓賽,716612,tt12536294,美國,2021-11-05 00:00:00,18000000,14000000,116,2025-03-02 01:08:54.339400+00:00,2025-03-02 16:42:24.139881+00:00
27623,當殺手戀愛時,974635,tt20215968,美國,2024-05-31 00:00:00,8800000,5101673,116,2025-03-02 01:08:54.339400+00:00,2025-03-02 16:42:24.139881+00:00
26738,蜘蛛夫人,634492,tt11057302,美國,2024-02-14 00:00:00,80000000,100498764,117,2025-03-02 01:08:54.339400+00:00,2025-03-02 16:42:24.139881+00:00
26192,五月的你，十二月的她,839369,tt13651794,美國,2023-11-24 00:00:00,20000000,4232370,117,2025-03-02 01:08:54.339400+00:00,2025-03-02 16:42:24.139881+00:00
19964,迷離夜蘇活,576845,tt9639470,美國,2021-11-12 00:00:00,43000000,22957625,117,2025-03-02 01:08:54.339400+00:00,2025-03-02 16:42:24.139881+00:00
23614,我的鯨魚老爸,785084,tt13833688,美國,2023-02-02 00:00:00,3000000,55101305,117,2025-03-02 01:08:54.339400+00:00,2025-03-02 16:42:24.139881+00:00
26269,旺卡(英文版),787699,tt6166392,美國,2023-12-05 00:00:00,125000000,632302312,117,2025-03-02 01:08:54.339400+00:00,2025-03-02 16:42:24.139881+00:00
19241,生命理賠師,649394,tt8009744,美國,2022-03-04 00:00:00,0,106645,118,2025-03-02 01:08:54.339400+00:00,2025-03-02 16:42:24.139881+00:00
23947,深夜加油站遇見蘇格拉底,13689,tt0438315,美國,2023-06-09 00:00:00,0,0,118,2025-03-02 01:08:54.339400+00:00,2025-03-02 16:42:24.139881+00:00
25536,奪魂鋸X,951491,tt21807222,美國,2023-09-28 00:00:00,13000000,125319714,118,2025-03-02 01:08:54.339400+00:00,2025-03-02 16:42:24.139881+00:00
29594,獅子王：木法沙,762509,tt13186482,美國,2024-12-19 00:00:00,200000000,700197856,118,2025-03-02 01:08:54.339400+00:00,2025-03-02 16:42:24.139881+00:00
24189,限時追捕,605886,tt10275534,美國,2023-04-28 00:00:00,0,3138750,119,2025-03-02 01:08:54.339400+00:00,2025-03-02 16:42:24.139881+00:00
29933,美國隊長:無畏新世界,822119,tt14513804,美國,2025-02-12 00:00:00,180000000,289405738,119,2025-03-02 01:08:54.339400+00:00,2025-03-02 16:42:24.139881+00:00
21741,雷神索爾：愛與雷霆,616037,tt10648342,美國,2022-07-06 00:00:00,250000000,760900000,119,2025-03-02 01:08:54.339400+00:00,2025-03-02 16:42:24.139881+00:00
9986,鬼店,694,tt0081505,美國,2018-09-28 00:00:00,19000000,44781695,119,2025-03-02 01:08:54.339400+00:00,2025-03-02 16:42:24.139881+00:00
28195,異形：羅穆路斯,945961,tt18412256,美國,2024-08-14 00:00:00,80000000,350865342,119,2025-03-02 01:08:54.339400+00:00,2025-03-02 16:42:24.139881+00:00
23861,致蕾絲莉,823147,tt8129806,美國,2023-03-17 00:00:00,0,27322,119,2025-03-02 01:08:54.339400+00:00,2025-03-02 16:42:24.139881+00:00
26989,天魔：惡之初,437342,tt5672290,美國,2024-04-03 00:00:00,30000000,53992802,119,2025-03-02 01:08:54.339400+00:00,2025-03-02 16:42:24.139881+00:00
24414,坎達哈行動,717930,tt5761544,美國,2023-05-26 00:00:00,30000000,9400000,119,2025-03-02 01:08:54.339400+00:00,2025-03-02 16:42:24.139881+00:00
22678,光影帝國,814757,tt14402146,美國,2023-03-03 00:00:00,13500000,11395604,119,2025-03-02 01:08:54.339400+00:00,2025-03-02 16:42:24.139881+00:00
27810,救援生死線,628922,tt9663896,美國,2024-06-21 00:00:00,0,488002,120,2025-03-02 01:08:54.339400+00:00,2025-03-02 16:42:24.139881+00:00
29716,狂人法則,1182047,tt8368368,美國,2025-01-06 00:00:00,16000000,17279457,120,2025-03-02 01:08:54.339400+00:00,2025-03-02 16:42:24.139881+00:00
27045,非紳士特攻隊,799583,tt5177120,美國,2024-04-16 00:00:00,60000000,29715044,120,2025-03-02 01:08:54.339400+00:00,2025-03-02 16:42:24.139881+00:00
14586,為所應為,925,tt0097216,美國,2022-10-24 00:00:00,6500000,37300000,120,2025-03-02 01:08:54.339400+00:00,2025-03-02 16:42:24.139881+00:00
23652,珍愛熱線,579496,tt7461272,美國,2023-02-10 00:00:00,0,0,121,2025-03-02 01:08:54.339400+00:00,2025-03-02 16:42:24.139881+00:00
27114,怒火狂猴,560016,tt9214772,美國,2024-05-31 00:00:00,10000000,35271631,121,2025-03-02 01:08:54.339400+00:00,2025-03-02 16:42:24.139881+00:00
20992,公共圖書館員,331986,tt3294746,美國,2022-05-20 00:00:00,0,0,122,2025-03-02 01:08:54.339400+00:00,2025-03-02 16:42:24.139881+00:00
20458,情聖西哈諾,730047,tt12889404,美國,2022-02-25 00:00:00,20000000,3000000,122,2025-03-02 01:08:54.339400+00:00,2025-03-02 16:42:24.139881+00:00
20138,驚爆點,1089,tt0102685,美國,2023-03-03 00:00:00,24000000,83531958,122,2025-03-02 01:08:54.339400+00:00,2025-03-02 16:42:24.139881+00:00
20294,355：諜影特攻,522016,tt8356942,美國,2022-01-19 00:00:00,75000000,55700000,122,2025-03-02 01:08:54.339400+00:00,2025-03-02 16:42:24.139881+00:00
23687,所有的美麗與血淚,1004663,tt21374850,美國,2023-02-24 00:00:00,0,1483975,122,2025-03-02 01:08:54.339400+00:00,2025-03-02 16:42:24.139881+00:00
14082,小丑,475557,tt7286456,美國,2019-10-03 00:00:00,55000000,1078958629,122,2025-03-02 01:08:54.339400+00:00,2025-03-02 16:42:24.139881+00:00
22709,愛．子,806368,tt14458442,美國,2023-01-13 00:00:00,0,3564844,123,2025-03-02 01:08:54.339400+00:00,2025-03-02 16:42:24.139881+00:00
25060,幽靈公館,616747,tt1695843,美國,2023-08-10 00:00:00,157800000,117449790,123,2025-03-02 01:08:54.339400+00:00,2025-03-02 16:42:24.139881+00:00
22245,別擔心親愛的,619730,tt10731256,美國,2022-09-16 00:00:00,35000000,86700000,123,2025-03-02 01:08:54.339400+00:00,2025-03-02 16:42:24.139881+00:00
23794,驚聲尖叫 6,934433,tt17663992,美國,2023-03-10 00:00:00,35000000,168961389,123,2025-03-02 01:08:54.339400+00:00,2025-03-02 16:42:24.139881+00:00
27947,龍捲風暴,718821,tt12584954,美國,2024-07-17 00:00:00,155000000,370962265,123,2025-03-02 01:08:54.339400+00:00,2025-03-02 16:42:24.139881+00:00
29957,BJ單身日記：戀上小鮮肉,1272149,tt32063050,美國,2025-02-14 00:00:00,50000000,66212000,124,2025-03-02 01:08:54.339400+00:00,2025-03-02 16:42:24.139881+00:00
26399,水行俠 失落王國 ,572802,tt9663764,美國,2023-12-20 00:00:00,205000000,439381226,124,2025-03-02 01:08:54.339400+00:00,2025-03-02 16:42:24.139881+00:00
24970,鬼郵輪：瑪麗皇后號,977013,tt3463938,美國,2023-07-21 00:00:00,0,0,124,2025-03-02 01:08:54.339400+00:00,2025-03-02 16:42:24.139881+00:00
29094,紅色一號,845781,tt14948432,美國,2024-11-07 00:00:00,250000000,185700759,124,2025-03-02 01:08:54.339400+00:00,2025-03-02 16:42:24.139881+00:00
29619,靈魂的重量,470,tt0315733,美國,2024-12-14 00:00:00,20000000,60427839,124,2025-03-02 01:08:54.339400+00:00,2025-03-02 16:42:24.139881+00:00
20820,音速小子 2,675353,tt12412888,美國,2022-04-01 00:00:00,110000000,405421518,125,2025-03-02 01:08:54.339400+00:00,2025-03-02 16:42:24.139881+00:00
22676,黑亞當,436270,tt6443346,美國,2022-10-19 00:00:00,200000000,393452111,125,2025-03-02 01:08:54.339400+00:00,2025-03-02 16:42:24.139881+00:00
23646,蟻人與黃蜂女 : 量子狂熱,640146,tt10954600,美國,2023-02-16 00:00:00,388369742,476071180,125,2025-03-02 01:08:54.339400+00:00,2025-03-02 16:42:24.139881+00:00
29083,劊樂小丑3,1034541,tt27911000,美國,2024-10-25 00:00:00,2000000,89947122,125,2025-03-02 01:08:54.339400+00:00,2025-03-02 16:42:24.139881+00:00
616,怪物,1050035,tt23736044,美國,2023-07-07 00:00:00,0,0,125,2025-03-02 01:08:54.339400+00:00,2025-03-02 16:42:24.139881+00:00
21777,子彈列車,718930,tt12593682,美國,2022-08-03 00:00:00,90000000,239300000,126,2025-03-02 01:08:54.339400+00:00,2025-03-02 16:42:24.139881+00:00
23399,超難搞先生,937278,tt7405458,美國,2023-01-23 00:00:00,50000000,108961677,126,2025-03-02 01:08:54.339400+00:00,2025-03-02 16:42:24.139881+00:00
21867,沼澤謀殺案,682507,tt9411972,美國,2022-10-07 00:00:00,24000000,144353965,126,2025-03-02 01:08:54.339400+00:00,2025-03-02 16:42:24.139881+00:00
21054,奇異博士2：失控多重宇宙,453395,tt9419884,美國,2022-05-04 00:00:00,200000000,955775804,126,2025-03-02 01:08:54.339400+00:00,2025-03-02 16:42:24.139881+00:00
22651,天劫高手,842942,tt9853500,美國,2022-10-14 00:00:00,0,0,126,2025-03-02 01:08:54.339400+00:00,2025-03-02 16:42:24.139881+00:00
20470,尼羅河謀殺案,505026,tt7657566,美國,2022-02-11 00:00:00,90000000,137307235,127,2025-03-02 01:08:54.339400+00:00,2025-03-02 16:42:24.139881+00:00
24532,變形金剛：萬獸崛起,667538,tt5090568,美國,2023-06-07 00:00:00,195000000,441381193,127,2025-03-02 01:08:54.339400+00:00,2025-03-02 16:42:24.139881+00:00
29584,獵人克萊文,539972,tt8790086,美國,2024-12-13 00:00:00,120000000,59184643,127,2025-03-02 01:08:54.339400+00:00,2025-03-02 16:42:24.139881+00:00
28892,微笑 2,1100782,tt29268110,美國,2024-10-18 00:00:00,28000000,138083280,127,2025-03-02 01:08:54.339400+00:00,2025-03-02 16:42:24.139881+00:00
27163,特技玩家,746036,tt1684562,美國,2024-04-24 00:00:00,125000000,181073291,127,2025-03-02 01:08:54.339400+00:00,2025-03-02 16:42:24.139881+00:00
28065,死侍與金鋼狼,533535,tt6263850,美國,2024-07-24 00:00:00,200000000,1338073645,128,2025-03-02 01:08:54.339400+00:00,2025-03-02 16:42:24.139881+00:00
23311,朝聖之路：聖雅各,59468,tt1441912,美國,2022-12-23 00:00:00,0,13900000,128,2025-03-02 01:08:54.339400+00:00,2025-03-02 16:42:24.139881+00:00
20356,死間行動,661231,tt1879016,美國,2022-04-29 00:00:00,0,0,128,2025-03-02 01:08:54.339400+00:00,2025-03-02 16:42:24.139881+00:00
25090,藍甲蟲,565770,tt9362930,美國,2023-08-17 00:00:00,104000000,130788072,128,2025-03-02 01:08:54.339400+00:00,2025-03-02 16:42:24.139881+00:00
23084,她有話要說,837881,tt11198810,美國,2022-11-18 00:00:00,32000000,13900000,129,2025-03-02 01:08:54.339400+00:00,2025-03-02 16:42:24.139881+00:00
21896,不!,762504,tt10954984,美國,2022-08-12 00:00:00,68000000,170823080,130,2025-03-02 01:08:54.339400+00:00,2025-03-02 16:42:24.139881+00:00
23772,沙贊！眾神之怒,594767,tt10151854,美國,2023-03-16 00:00:00,125000000,134038006,130,2025-03-02 01:08:54.339400+00:00,2025-03-02 16:42:24.139881+00:00
29582,哈利波特：死神的聖物II,12445,tt1201607,美國,2011-07-14 00:00:00,125000000,1341511219,130,2025-03-02 01:08:54.339400+00:00,2025-03-02 16:42:24.139881+00:00
22924,骨肉的總和,791177,tt10168670,美國,2022-11-24 00:00:00,16000000,15234907,130,2025-03-02 01:08:54.339400+00:00,2025-03-02 16:42:24.139881+00:00
19318,美國舞孃,10802,tt0114436,美國,2022-07-01 00:00:00,45000000,20350754,131,2025-03-02 01:08:54.339400+00:00,2025-03-02 16:42:24.139881+00:00
21117,捍衛戰士: 獨行俠,361743,tt1745960,美國,2022-05-23 00:00:00,170000000,1488732821,131,2025-03-02 01:08:54.339400+00:00,2025-03-02 16:42:24.139881+00:00
26513,法拉利,365620,tt3758542,美國,2023-12-22 00:00:00,95000000,39220516,131,2025-03-02 01:08:54.339400+00:00,2025-03-02 16:42:24.139881+00:00
25429,自由之聲,678512,tt7599146,美國,2023-09-19 00:00:00,14500000,250600000,131,2025-03-02 01:08:54.339400+00:00,2025-03-02 16:42:24.139881+00:00
28197,到我們為止,1079091,tt10655524,美國,2024-08-23 00:00:00,25000000,350993761,131,2025-03-02 01:08:54.339400+00:00,2025-03-02 16:42:24.139881+00:00
20484,月球隕落,406759,tt5834426,美國,2022-02-03 00:00:00,146000000,67319703,131,2025-03-02 01:08:54.339400+00:00,2025-03-02 16:42:24.139881+00:00
20277,金牌特務：金士曼起源,476669,tt6856242,美國,2021-12-30 00:00:00,100000000,125897478,131,2025-03-02 01:08:54.339400+00:00,2025-03-02 16:42:24.139881+00:00
19150,尚氣與十環傳奇,566525,tt9376612,美國,2021-09-02 00:00:00,150000000,432243292,132,2025-03-02 01:08:54.339400+00:00,2025-03-02 16:42:24.139881+00:00
27173,挑戰者,937287,tt16426418,美國,2024-05-01 00:00:00,55000000,94182533,132,2025-03-02 01:08:54.339400+00:00,2025-03-02 16:42:24.139881+00:00
18693,獵殺戰場,733317,tt6456326,美國,2022-03-18 00:00:00,1900000,0,132,2025-03-02 01:08:54.339400+00:00,2025-03-02 16:42:24.139881+00:00
7858,以你的名字呼喚我,398818,tt5726616,美國,2018-01-12 00:00:00,3500000,43143046,132,2025-03-02 01:08:54.339400+00:00,2025-03-02 16:42:24.139881+00:00
27877,飛月情海,956842,tt1896747,美國,2024-07-10 00:00:00,100000000,42247783,132,2025-03-02 01:08:54.339400+00:00,2025-03-02 16:42:24.139881+00:00
26775,滯留生,840430,tt14849194,美國,2024-03-01 00:00:00,13000000,42513270,133,2025-03-02 01:08:54.339400+00:00,2025-03-02 16:42:24.139881+00:00
22530,阿姆斯特丹,664469,tt10304142,美國,2022-10-07 00:00:00,80000000,31245810,134,2025-03-02 01:08:54.339400+00:00,2025-03-02 16:42:24.139881+00:00
23736,龍與地下城：盜賊榮耀,493529,tt2906216,美國,2023-03-29 00:00:00,151000000,208200000,134,2025-03-02 01:08:54.339400+00:00,2025-03-02 16:42:24.139881+00:00
29526,魔戒：洛汗人之戰,839033,tt14824600,美國,2024-12-24 00:00:00,30000000,19958572,134,2025-03-02 01:08:54.339400+00:00,2025-03-02 16:42:24.139881+00:00
18891,黑寡婦,497698,tt3480822,美國,2021-07-14 00:00:00,200000000,379751131,134,2025-03-02 01:08:54.339400+00:00,2025-03-02 16:42:24.139881+00:00
25524,A.I.創世者,670292,tt11858890,美國,2023-09-29 00:00:00,80000000,104272136,134,2025-03-02 01:08:54.339400+00:00,2025-03-02 16:42:24.139881+00:00
19659,達賴的一生,9746,tt0119485,美國,2022-07-08 00:00:00,28000000,5684789,134,2025-03-02 01:08:54.339400+00:00,2025-03-02 16:42:24.139881+00:00
24998,GT：跨界玩家,980489,tt4495098,美國,2023-08-03 00:00:00,60000000,121700000,135,2025-03-02 01:08:54.339400+00:00,2025-03-02 16:42:24.139881+00:00
5887,小美人魚(數位2D版),447277,tt5971474,美國,2023-05-24 00:00:00,297000000,569626289,135,2025-03-02 01:08:54.339400+00:00,2025-03-02 16:42:24.139881+00:00
20580,劫命救護,763285,tt4998632,美國,2022-03-25 00:00:00,40000000,52303589,136,2025-03-02 01:08:54.339400+00:00,2025-03-02 16:42:24.139881+00:00
24841,謎霧莊園,5279,tt0280707,美國,2023-07-07 00:00:00,19800000,87754044,137,2025-03-02 01:08:54.339400+00:00,2025-03-02 16:42:24.139881+00:00
25772,飢餓遊戲：自由幻夢 終結戰,131634,tt1951266,美國,2023-11-10 00:00:00,160000000,653428261,137,2025-03-02 01:08:54.339400+00:00,2025-03-02 16:42:24.139881+00:00
29654,哈利波特：鳳凰會的密令,675,tt0373889,美國,2007-07-11 00:00:00,150000000,938212738,138,2025-03-02 01:08:54.339400+00:00,2025-03-02 16:42:24.139881+00:00
28565,小丑：雙重瘋狂 ,889737,tt11315808,美國,2024-10-02 00:00:00,195000000,206400287,138,2025-03-02 01:08:54.339400+00:00,2025-03-02 16:42:24.139881+00:00
19786,王者理查,614917,tt9620288,美國,2021-11-18 00:00:00,50000000,39400000,138,2025-03-02 01:08:54.339400+00:00,2025-03-02 16:42:24.139881+00:00
29166,劊樂小丑2,663712,tt10403420,美國,2024-10-31 00:00:00,250000,15741780,138,2025-03-02 01:08:54.339400+00:00,2025-03-02 16:42:24.139881+00:00
26678,機密特務:阿蓋爾,848538,tt15009428,美國,2024-01-31 00:00:00,200000000,96221061,139,2025-03-02 01:08:54.339400+00:00,2025-03-02 16:42:24.139881+00:00
29082,艾諾拉,1064213,tt28607951,美國,2024-12-06 00:00:00,6000000,37802951,139,2025-03-02 01:08:54.339400+00:00,2025-03-02 16:42:24.139881+00:00
23155,決戰38度線,653851,tt7693316,美國,2022-12-02 00:00:00,90000000,20000000,139,2025-03-02 01:08:54.339400+00:00,2025-03-02 16:42:24.139881+00:00
20828,媽的多重宇宙,545611,tt6710474,美國,2022-04-22 00:00:00,25000000,139200000,140,2025-03-02 01:08:54.339400+00:00,2025-03-02 16:42:24.139881+00:00
24499,蜘蛛人：穿越新宇宙,569094,tt9362722,美國,2023-06-21 00:00:00,100000000,690897910,140,2025-03-02 01:08:54.339400+00:00,2025-03-02 16:42:24.139881+00:00
29719,巴布狄倫：搖滾詩人,661539,tt11563598,美國,2025-01-24 00:00:00,65000000,110280739,140,2025-03-02 01:08:54.339400+00:00,2025-03-02 16:42:24.139881+00:00
28877,懼裂,933260,tt17526714,美國,2024-10-18 00:00:00,17500000,76506196,140,2025-03-02 01:08:54.339400+00:00,2025-03-02 16:42:24.139881+00:00
9023,2001太空漫遊,62,tt0062622,美國,2018-06-04 00:00:00,12000000,71923560,141,2025-03-02 01:08:54.339400+00:00,2025-03-02 16:42:24.139881+00:00
26243,可憐的東西,792307,tt14230458,美國,2024-02-08 00:00:00,35000000,117607117,141,2025-03-02 01:08:54.339400+00:00,2025-03-02 16:42:24.139881+00:00
28239,哈利波特：阿茲卡班的逃犯,673,tt0304141,美國,2004-06-05 00:00:00,130000000,789804554,141,2025-03-02 01:08:54.339400+00:00,2025-03-02 16:42:24.139881+00:00
26836,天使之心,975056,tt14351082,美國,2024-03-07 00:00:00,50000000,20592796,142,2025-03-02 01:08:54.339400+00:00,2025-03-02 16:42:24.139881+00:00
20863,怪獸與鄧不利多的秘密,338953,tt4123432,美國,2022-04-14 00:00:00,200000000,407200000,142,2025-03-02 01:08:54.339400+00:00,2025-03-02 16:42:24.139881+00:00
24661,飢餓遊戲,70160,tt1392170,美國,2023-11-03 00:00:00,75000000,694394724,142,2025-03-02 01:08:54.339400+00:00,2025-03-02 16:42:24.139881+00:00
24337,玩命關頭 X,385687,tt5433140,美國,2023-05-15 00:00:00,340000000,704709660,142,2025-03-02 01:08:54.339400+00:00,2025-03-02 16:42:24.139881+00:00
23321,與你共舞,696157,tt12193804,美國,2022-12-30 00:00:00,50000000,59800000,144,2025-03-02 01:08:54.339400+00:00,2025-03-02 16:42:24.139881+00:00
24540,閃電俠,298618,tt0439572,美國,2023-06-14 00:00:00,220000000,271333313,144,2025-03-02 01:08:54.339400+00:00,2025-03-02 16:42:24.139881+00:00
29806,鑽石大劫案：極盜戰,604685,tt8008948,美國,2025-01-20 00:00:00,40000000,54586117,144,2025-03-02 01:08:54.339400+00:00,2025-03-02 16:42:24.139881+00:00
27384,猩球崛起：王國誕生,653346,tt11389872,美國,2024-05-08 00:00:00,160000000,397378150,145,2025-03-02 01:08:54.339400+00:00,2025-03-02 16:42:24.139881+00:00
29583,哈利波特：死神的聖物Ｉ,12444,tt0926084,美國,2010-11-19 00:00:00,250000000,954305868,146,2025-03-02 01:08:54.339400+00:00,2025-03-02 16:42:24.139881+00:00
24034,穆荷蘭大道 4K數位修復版,1018,tt0166924,美國,2023-04-14 00:00:00,15000000,20289986,146,2025-03-02 01:08:54.339400+00:00,2025-03-02 16:42:24.139881+00:00
25729,飢餓遊戲：星火燎原,101299,tt1951264,美國,2023-10-20 00:00:00,130000000,865011746,146,2025-03-02 01:08:54.339400+00:00,2025-03-02 16:42:24.139881+00:00
21161,侏羅紀世界: 統霸天下,507086,tt8041270,美國,2022-06-08 00:00:00,165000000,1001978080,147,2025-03-02 01:08:54.339400+00:00,2025-03-02 16:42:24.139881+00:00
20215,駭客任務：復活,624860,tt10838180,美國,2021-12-22 00:00:00,190000000,156497322,147,2025-03-02 01:08:54.339400+00:00,2025-03-02 16:42:24.139881+00:00
20189,蜘蛛人：無家日,634649,tt10872600,美國,2021-12-15 00:00:00,200000000,1921847111,148,2025-03-02 01:08:54.339400+00:00,2025-03-02 16:42:24.139881+00:00
29206,神鬼戰士 2,558449,tt9218128,美國,2024-11-14 00:00:00,310000000,458718000,148,2025-03-02 01:08:54.339400+00:00,2025-03-02 16:42:24.139881+00:00
27481,芙莉歐莎：瘋狂麥斯傳奇篇章,786892,tt12037194,美國,2024-05-22 00:00:00,170000000,173775791,149,2025-03-02 01:08:54.339400+00:00,2025-03-02 16:42:24.139881+00:00
24128,星際異攻隊3 ,447365,tt6791350,美國,2023-05-03 00:00:00,250000000,845600000,150,2025-03-02 01:08:54.339400+00:00,2025-03-02 16:42:24.139881+00:00
23536,法貝爾曼,804095,tt14208870,美國,2023-02-24 00:00:00,40000000,45629909,151,2025-03-02 01:08:54.339400+00:00,2025-03-02 16:42:24.139881+00:00
19539,最後的決鬥,617653,tt4244994,美國,2021-10-15 00:00:00,100000000,30552111,152,2025-03-02 01:08:54.339400+00:00,2025-03-02 16:42:24.139881+00:00
20104,哈利波特：神秘的魔法石,671,tt0241527,美國,2001-11-16 00:00:00,125000000,976475550,152,2025-03-02 01:08:54.339400+00:00,2025-03-02 16:42:24.139881+00:00
16091,黑暗騎士,155,tt0468569,美國,2008-07-16 00:00:00,185000000,1004558444,152,2025-03-02 01:08:54.339400+00:00,2025-03-02 16:42:24.139881+00:00
19921,蘿莉塔,9769,tt0119558,美國,2022-06-17 00:00:00,62000000,1100000,153,2025-03-02 01:08:54.339400+00:00,2025-03-02 16:42:24.139881+00:00
20982,記憶殺神,818397,tt11827628,美國,2022-04-29 00:00:00,30000000,13900000,153,2025-03-02 01:08:54.339400+00:00,2025-03-02 16:42:24.139881+00:00
29706,哈利波特：混血王子的背叛,767,tt0417741,美國,2009-07-15 00:00:00,250000000,933959197,153,2025-03-02 01:08:54.339400+00:00,2025-03-02 16:42:24.139881+00:00
19182,沙丘,438631,tt1160419,美國,2021-09-16 00:00:00,165000000,407573628,155,2025-03-02 01:08:54.339400+00:00,2025-03-02 16:42:24.139881+00:00
24787,印第安納瓊斯：命運輪盤 ,335977,tt1462764,美國,2023-06-29 00:00:00,294700000,383963057,155,2025-03-02 01:08:54.339400+00:00,2025-03-02 16:42:24.139881+00:00
20362,西城故事,511809,tt3581652,美國,2022-01-21 00:00:00,100000000,76016171,156,2025-03-02 01:08:54.339400+00:00,2025-03-02 16:42:24.139881+00:00
19885,永恆族,524434,tt9032400,美國,2021-11-03 00:00:00,200000000,402064899,156,2025-03-02 01:08:54.339400+00:00,2025-03-02 16:42:24.139881+00:00
26218,飢餓遊戲：鳴鳥與游蛇之歌,695721,tt10545296,美國,2023-11-17 00:00:00,100000000,337371917,157,2025-03-02 01:08:54.339400+00:00,2025-03-02 16:42:24.139881+00:00
29705,哈利波特：火盃的考驗,674,tt0330373,美國,2005-11-18 00:00:00,150000000,895921036,157,2025-03-02 01:08:54.339400+00:00,2025-03-02 16:42:24.139881+00:00
20212,GUCCI：豪門謀殺案,644495,tt11214590,美國,2022-01-07 00:00:00,75000000,153235995,157,2025-03-02 01:08:54.339400+00:00,2025-03-02 16:42:24.139881+00:00
26210,拿破崙 ,753342,tt13287846,美國,2023-11-24 00:00:00,165000000,220597098,158,2025-03-02 01:08:54.339400+00:00,2025-03-02 16:42:24.139881+00:00
23400,TÁR 塔爾,817758,tt14444726,美國,2023-02-25 00:00:00,35000000,29048571,158,2025-03-02 01:08:54.339400+00:00,2025-03-02 16:42:24.139881+00:00
21306,大開眼戒,345,tt0120663,美國,2022-09-08 00:00:00,65000000,162100000,159,2025-03-02 01:08:54.339400+00:00,2025-03-02 16:42:24.139881+00:00
28220,哈利波特：消失的密室,672,tt0295297,美國,2002-11-15 00:00:00,100000000,876688482,161,2025-03-02 01:08:54.339400+00:00,2025-03-02 16:42:24.139881+00:00
29401,魔法壞女巫,402431,tt1262426,美國,2024-11-21 00:00:00,150000000,728145850,162,2025-03-02 01:08:54.339400+00:00,2025-03-02 16:42:24.139881+00:00
23049,黑豹 2：瓦干達萬歲,505642,tt9114286,美國,2022-11-09 00:00:00,250000000,859102154,162,2025-03-02 01:08:54.339400+00:00,2025-03-02 16:42:24.139881+00:00
22416,阿凡達 (A版),19995,tt0499549,美國,2022-09-23 00:00:00,237000000,2923706026,162,2025-03-02 01:08:54.339400+00:00,2025-03-02 16:42:24.139881+00:00
22195,拉辛正傳,601635,tt10028196,美國,2022-09-08 00:00:00,23000000,16000000,164,2025-03-02 01:08:54.339400+00:00,2025-03-02 16:42:24.139881+00:00
24868,不可能的任務：致命清算 第一章,575264,tt9603212,美國,2023-07-06 00:00:00,291000000,567535383,164,2025-03-02 01:08:54.339400+00:00,2025-03-02 16:42:24.139881+00:00
26768,沙丘：第二部,693134,tt15239678,美國,2024-02-28 00:00:00,190000000,714444358,167,2025-03-02 01:08:54.339400+00:00,2025-03-02 16:42:24.139881+00:00
17104,星際效應,157336,tt0816692,美國,2014-11-07 00:00:00,165000000,746606706,169,2025-03-02 01:08:54.339400+00:00,2025-03-02 16:42:24.139881+00:00
23894,捍衛任務4,603692,tt10366206,美國,2023-03-22 00:00:00,90000000,440157245,170,2025-03-02 01:08:54.339400+00:00,2025-03-02 16:42:24.139881+00:00
20587,蝙蝠俠,414906,tt1877830,美國,2022-03-03 00:00:00,185000000,772319315,176,2025-03-02 01:08:54.339400+00:00,2025-03-02 16:42:24.139881+00:00
24046,寶可噩夢,798286,tt13521006,美國,2023-04-21 00:00:00,35000000,12337378,179,2025-03-02 01:08:54.339400+00:00,2025-03-02 16:42:24.139881+00:00
25086,與狼共舞,581,tt0099348,美國,2023-08-04 00:00:00,22000000,424208848,181,2025-03-02 01:08:54.339400+00:00,2025-03-02 16:42:24.139881+00:00
24917,奧本海默,872585,tt15398776,美國,2023-07-21 00:00:00,100000000,952000000,181,2025-03-02 01:08:54.339400+00:00,2025-03-02 16:42:24.139881+00:00
23517,巴比倫,615777,tt10640346,美國,2023-01-20 00:00:00,78000000,63363579,189,2025-03-02 01:08:54.339400+00:00,2025-03-02 16:42:24.139881+00:00
23322,阿凡達：水之道,76600,tt1630029,美國,2022-12-16 00:00:00,460000000,2320250281,192,2025-03-02 01:08:54.339400+00:00,2025-03-02 16:42:24.139881+00:00
18707,齊瓦哥醫生,907,tt0059113,美國,2022-10-05 00:00:00,11000000,111858363,200,2025-03-02 01:08:54.339400+00:00,2025-03-02 16:42:24.139881+00:00
25816,花月殺手,466420,tt5537002,美國,2023-10-20 00:00:00,200000000,156922344,206,2025-03-02 01:08:54.339400+00:00,2025-03-02 16:42:24.139881+00:00
29081,粗獷派建築師,549509,tt8999762,美國,2025-01-25 00:00:00,9000000,31133665,215,2025-03-02 01:08:54.339400+00:00,2025-03-02 16:42:24.139881+00:00
21998,請為我在羅馬多留一天,,,義大利,2022-09-08 00:00:00,,,,2025-03-02 01:08:54.339400+00:00,2025-03-02 16:42:24.139881+00:00
23345,《聽見天堂》4K數位修復版,,,義大利,2023-01-13 00:00:00,,,,2025-03-02 01:08:54.339400+00:00,2025-03-02 16:42:24.139881+00:00
29617,愛與怒,,,義大利,2024-12-19 00:00:00,,,,2025-03-02 01:08:54.339400+00:00,2025-03-02 16:42:24.139881+00:00
19372,達賴喇嘛:大腦故事 ,,,義大利,2021-11-12 00:00:00,,,,2025-03-02 01:08:54.339400+00:00,2025-03-02 16:42:24.139881+00:00
27548,不存在的騎士,,,義大利,2024-05-24 00:00:00,,,,2025-03-02 01:08:54.339400+00:00,2025-03-02 16:42:24.139881+00:00
20239,戰地夜曲,,,義大利,2022-07-01 00:00:00,,,,2025-03-02 01:08:54.339400+00:00,2025-03-02 16:42:24.139881+00:00
25397,在旅途中：方濟各的朝聖之旅,1004682,tt21374930,義大利,2023-09-28 00:00:00,0,0,80,2025-03-02 01:08:54.339400+00:00,2025-03-02 16:42:24.139881+00:00
25285,AI時代,1091360,tt10400026,義大利,2023-09-08 00:00:00,0,0,81,2025-03-02 01:08:54.339400+00:00,2025-03-02 16:42:24.139881+00:00
21263,愛在書店相遇時,654344,tt10072662,義大利,2022-06-02 00:00:00,0,0,89,2025-03-02 01:08:54.339400+00:00,2025-03-02 16:42:24.139881+00:00
25537,男人最壞女人最愛,1090024,tt16008564,義大利,2023-09-28 00:00:00,0,0,90,2025-03-02 01:08:54.339400+00:00,2025-03-02 16:42:24.139881+00:00
24927,絕美波麗露,795254,tt11773446,義大利,2023-08-25 00:00:00,0,0,90,2025-03-02 01:08:54.339400+00:00,2025-03-02 16:42:24.139881+00:00
18686,惡靈陷阱,646541,tt3280186,義大利,2021-09-24 00:00:00,0,0,90,2025-03-02 01:08:54.339400+00:00,2025-03-02 16:42:24.139881+00:00
21352,隔離巢,752616,tt13091090,義大利,2022-06-17 00:00:00,0,0,91,2025-03-02 01:08:54.339400+00:00,2025-03-02 16:42:24.139881+00:00
24107,惡靈地堡,794234,tt13893190,義大利,2023-04-21 00:00:00,0,0,92,2025-03-02 01:08:54.339400+00:00,2025-03-02 16:42:24.139881+00:00
24351,收陰機,1017063,tt19363554,義大利,2023-05-19 00:00:00,0,0,93,2025-03-02 01:08:54.339400+00:00,2025-03-02 16:42:24.139881+00:00
21789,洞,47060,tt0156610,義大利,2022-07-22 00:00:00,0,0,95,2025-03-02 01:08:54.339400+00:00,2025-03-02 16:42:24.139881+00:00
18312,西西里恐怖故事,664561,tt6051260,義大利,2021-03-19 00:00:00,0,0,95,2025-03-02 01:08:54.339400+00:00,2025-03-02 16:42:24.139881+00:00
23487,若愛重來,743173,tt12989910,義大利,2023-03-17 00:00:00,0,0,101,2025-03-02 01:08:54.339400+00:00,2025-03-02 16:42:24.139881+00:00
26619,歡迎光臨黑手黨餐廳,838876,tt15213704,義大利,2024-02-02 00:00:00,0,0,105,2025-03-02 01:08:54.339400+00:00,2025-03-02 16:42:24.139881+00:00
18356,郵差,11010,tt0110877,義大利,2021-04-09 00:00:00,3000000,33000000,109,2025-03-02 01:08:54.339400+00:00,2025-03-02 16:42:24.139881+00:00
23946,愛情停損點,794246,tt14508984,義大利,2023-06-09 00:00:00,0,0,110,2025-03-02 01:08:54.339400+00:00,2025-03-02 16:42:24.139881+00:00
26873,盛夏最溫暖的初戀,1043997,tt9320170,義大利,2024-03-22 00:00:00,0,0,111,2025-03-02 01:08:54.339400+00:00,2025-03-02 16:42:24.139881+00:00
28179,我們還有明天,1026227,tt21800162,義大利,2024-08-30 00:00:00,9000000,49849677,118,2025-03-02 01:08:54.339400+00:00,2025-03-02 16:42:24.139881+00:00
20313,非甜蜜生活,608980,tt9110904,義大利,2021-12-28 00:00:00,0,0,119,2025-03-02 01:08:54.339400+00:00,2025-03-02 16:42:24.139881+00:00
24255,禁忌的畫像：卡拉瓦喬之影,693349,tt11877386,義大利,2023-05-26 00:00:00,5000000,0,120,2025-03-02 01:08:54.339400+00:00,2025-03-02 16:42:24.139881+00:00
27229,少年的漂浪旅程,937746,tt14225838,義大利,2024-05-03 00:00:00,13272819,0,121,2025-03-02 01:08:54.339400+00:00,2025-03-02 16:42:24.139881+00:00
27360,如果可以再死一次,700819,tt6832210,義大利,2024-05-17 00:00:00,0,0,121,2025-03-02 01:08:54.339400+00:00,2025-03-02 16:42:24.139881+00:00
20872,真愛超能力,612491,tt10791152,義大利,2022-04-29 00:00:00,0,882,122,2025-03-02 01:08:54.339400+00:00,2025-03-02 16:42:24.139881+00:00
24883,屍發現場,852758,tt15823126,義大利,2023-08-11 00:00:00,0,0,126,2025-03-02 01:08:54.339400+00:00,2025-03-02 16:42:24.139881+00:00
26917,盜墓奇美拉,837335,tt14561712,義大利,2024-04-19 00:00:00,0,4933288,131,2025-03-02 01:08:54.339400+00:00,2025-03-02 16:42:24.139881+00:00
27511,教宗家的小兒子,801112,tt14137416,義大利,2024-07-05 00:00:00,14100000,4123091,134,2025-03-02 01:08:54.339400+00:00,2025-03-02 16:42:24.139881+00:00
26730,蓋世怪胎,571468,tt7270808,義大利,2024-02-23 00:00:00,12000000,0,141,2025-03-02 01:08:54.339400+00:00,2025-03-02 16:42:24.139881+00:00
24638,回不去的那座山,803700,tt14641542,義大利,2023-07-15 00:00:00,0,9494985,147,2025-03-02 01:08:54.339400+00:00,2025-03-02 16:42:24.139881+00:00
23727,配樂大師顏尼歐,396194,tt3031654,義大利,2023-02-27 00:00:00,0,4332386,156,2025-03-02 01:08:54.339400+00:00,2025-03-02 16:42:24.139881+00:00
15169,海上鋼琴師,10376,tt0120731,義大利,2019-12-27 00:00:00,9000000,21057208,170,2025-03-02 01:08:54.339400+00:00,2025-03-02 16:42:24.139881+00:00
28212,流浪吉普賽,1023962,tt4707780,義大利,2024-09-13 00:00:00,0,0,175,2025-03-02 01:08:54.339400+00:00,2025-03-02 16:42:24.139881+00:00
23320,夢迴西藏：軍官與達賴喇嘛,,,英國,2022-12-30 00:00:00,,,,2025-03-02 01:08:54.339400+00:00,2025-03-02 16:42:24.139881+00:00
24716,馬克白（莎翁經典劇集）,,,英國,2023-08-03 00:00:00,,,,2025-03-02 01:08:54.339400+00:00,2025-03-02 16:42:24.139881+00:00
21312,伊恩•麥克連 80歲個人秀巡迴演出（英國國家劇院現場）,,,英國,2022-06-11 00:00:00,,,,2025-03-02 01:08:54.339400+00:00,2025-03-02 16:42:24.139881+00:00
2858,巴黎，德州,,,英國,2016-09-02 00:00:00,,,,2025-03-02 01:08:54.339400+00:00,2025-03-02 16:42:24.139881+00:00
22407,丹尼爾約翰斯頓：魔鬼詩篇,,,英國,2022-09-23 00:00:00,,,,2025-03-02 01:08:54.339400+00:00,2025-03-02 16:42:24.139881+00:00
21515,利奥波德城（英國國家劇院現場）,,,英國,2022-06-14 00:00:00,,,,2025-03-02 01:08:54.339400+00:00,2025-03-02 16:42:24.139881+00:00
26265,直線偏執狂（英國國家劇院現場）,,,英國,2023-11-30 00:00:00,,,,2025-03-02 01:08:54.339400+00:00,2025-03-02 16:42:24.139881+00:00
25637,達利:慾望之謎,,,英國,2023-10-13 00:00:00,,,,2025-03-02 01:08:54.339400+00:00,2025-03-02 16:42:24.139881+00:00
27651,凡尼亞（英國國家劇院現場）,,,英國,2024-07-16 00:00:00,,,,2025-03-02 01:08:54.339400+00:00,2025-03-02 16:42:24.139881+00:00
20337,曼儂‧雷斯科（英國皇家歌劇院）,,,英國,2022-02-10 00:00:00,,,,2025-03-02 01:08:54.339400+00:00,2025-03-02 16:42:24.139881+00:00
20290,小心女人,,,英國,2022-01-07 00:00:00,,,,2025-03-02 01:08:54.339400+00:00,2025-03-02 16:42:24.139881+00:00
20418,波西米亞人（英國皇家歌劇院）,,,英國,2022-02-10 00:00:00,,,,2025-03-02 01:08:54.339400+00:00,2025-03-02 16:42:24.139881+00:00
26882,城市時裝速記,,,英國,2024-03-15 00:00:00,,,,2025-03-02 01:08:54.339400+00:00,2025-03-02 16:42:24.139881+00:00
20293,兩情世界,,,英國,2022-01-07 00:00:00,,,,2025-03-02 01:08:54.339400+00:00,2025-03-02 16:42:24.139881+00:00
24111,COLDPLAY: LIVE AT RIVER PLATE,,,英國,2023-04-19 00:00:00,,,,2025-03-02 01:08:54.339400+00:00,2025-03-02 16:42:24.139881+00:00
17916,愛是您·愛是我,,,英國,2020-12-24 00:00:00,,,,2025-03-02 01:08:54.339400+00:00,2025-03-02 16:42:24.139881+00:00
24090,烈火亞當,,,英國,2023-04-21 00:00:00,,,,2025-03-02 01:08:54.339400+00:00,2025-03-02 16:42:24.139881+00:00
17581,平克佛洛伊德：迷牆,,,英國,2024-12-14 00:00:00,,,,2025-03-02 01:08:54.339400+00:00,2025-03-02 16:42:24.139881+00:00
29813,《秘密與謊言:數位修復版》,,,英國,2025-01-24 00:00:00,,,,2025-03-02 01:08:54.339400+00:00,2025-03-02 16:42:24.139881+00:00
25080,無事生非（莎翁經典劇集）,,,英國,2023-08-22 00:00:00,,,,2025-03-02 01:08:54.339400+00:00,2025-03-02 16:42:24.139881+00:00
23342,初步舉證,,,英國,2022-12-20 00:00:00,,,,2025-03-02 01:08:54.339400+00:00,2025-03-02 16:42:24.139881+00:00
26277,海鷗 （英國國家劇院現場）,,,英國,2023-11-30 00:00:00,,,,2025-03-02 01:08:54.339400+00:00,2025-03-02 16:42:24.139881+00:00
27841,好人赫德（英國國家劇院現場）,,,英國,2024-07-11 00:00:00,,,,2025-03-02 01:08:54.339400+00:00,2025-03-02 16:42:24.139881+00:00
20445,直到世界末日,,,英國,2023-07-16 00:00:00,,,,2025-03-02 01:08:54.339400+00:00,2025-03-02 16:42:24.139881+00:00
20292,打擊驚魂,,,英國,2022-01-07 00:00:00,,,,2025-03-02 01:08:54.339400+00:00,2025-03-02 16:42:24.139881+00:00
27998,致英格蘭（英國國家劇院現場）,,,英國,2024-07-30 00:00:00,,,,2025-03-02 01:08:54.339400+00:00,2025-03-02 16:42:24.139881+00:00
21758,法蘭克札帕：從前衛到當代,,,英國,2022-07-29 00:00:00,,,,2025-03-02 01:08:54.339400+00:00,2025-03-02 16:42:24.139881+00:00
21389,們,,,英國,2022-05-31 00:00:00,,,,2025-03-02 01:08:54.339400+00:00,2025-03-02 16:42:24.139881+00:00
25894,塵埃之書：野美人號（英國國家劇院現場）,,,英國,2023-10-25 00:00:00,,,,2025-03-02 01:08:54.339400+00:00,2025-03-02 16:42:24.139881+00:00
14021,遮蔽的天空,,,英國,2022-01-21 00:00:00,,,,2025-03-02 01:08:54.339400+00:00,2025-03-02 16:42:24.139881+00:00
24717,小提琴天后慕特：愛樂一生,1104840,,英國,2023-06-30 00:00:00,0,0,0,2025-03-02 01:08:54.339400+00:00,2025-03-02 16:42:24.139881+00:00
22758,流浪者之歌,861947,,英國,2022-10-21 00:00:00,0,0,45,2025-03-02 01:08:54.339400+00:00,2025-03-02 16:42:24.139881+00:00
28828,地獄灰姑娘,1130053,tt27819388,英國,2024-10-25 00:00:00,0,47300,82,2025-03-02 01:08:54.339400+00:00,2025-03-02 16:42:24.139881+00:00
26320,怪胎女孩,935906,tt8649252,英國,2024-01-05 00:00:00,84,1234483,84,2025-03-02 01:08:54.339400+00:00,2025-03-02 16:42:24.139881+00:00
23665,小熊維尼：血與蜜,980078,tt19623240,英國,2023-03-03 00:00:00,50000,7717044,84,2025-03-02 01:08:54.339400+00:00,2025-03-02 16:42:24.139881+00:00
27764,逃出狂鯊島,804616,tt22863968,英國,2024-06-14 00:00:00,0,0,86,2025-03-02 01:08:54.339400+00:00,2025-03-02 16:42:24.139881+00:00
20693,極限逃殺,924482,tt6805938,英國,2022-03-18 00:00:00,2500000,0,86,2025-03-02 01:08:54.339400+00:00,2025-03-02 16:42:24.139881+00:00
28213,森之聲：猩火燎原,785429,tt12981702,英國,2024-08-11 00:00:00,37500000,2779874,87,2025-03-02 01:08:54.339400+00:00,2025-03-02 16:42:24.139881+00:00
28176,九命貓的奇幻旅程,567811,tt7959138,英國,2024-08-08 00:00:00,0,16219846,87,2025-03-02 01:08:54.339400+00:00,2025-03-02 16:42:24.139881+00:00
21017,鯊顫,960258,tt12550376,英國,2022-05-13 00:00:00,5000000,1824152,87,2025-03-02 01:08:54.339400+00:00,2025-03-02 16:42:24.139881+00:00
22611,如果驢知道,785398,tt19652910,英國,2022-12-02 00:00:00,0,1068353,88,2025-03-02 01:08:54.339400+00:00,2025-03-02 16:42:24.139881+00:00
28108,天生女王,896639,tt13968794,英國,2024-08-16 00:00:00,0,0,89,2025-03-02 01:08:54.339400+00:00,2025-03-02 16:42:24.139881+00:00
26750,老鬼當家 ,269509,tt2403439,英國,2024-03-29 00:00:00,10000000,2000000,89,2025-03-02 01:08:54.339400+00:00,2025-03-02 16:42:24.139881+00:00
24940,長路將盡,11889,tt0280778,英國,2023-07-21 00:00:00,5500000,16153953,91,2025-03-02 01:08:54.339400+00:00,2025-03-02 16:42:24.139881+00:00
27446,嗜殺路人甲,1010600,tt22050754,英國,2024-05-31 00:00:00,8500000,48166448,91,2025-03-02 01:08:54.339400+00:00,2025-03-02 16:42:24.139881+00:00
26932,非關性愛,1075175,tt22890246,英國,2024-04-26 00:00:00,0,1216642,91,2025-03-02 01:08:54.339400+00:00,2025-03-02 16:42:24.139881+00:00
20827,瑪莉娜的512小時,816344,tt8523022,英國,2022-04-15 00:00:00,0,0,92,2025-03-02 01:08:54.339400+00:00,2025-03-02 16:42:24.139881+00:00
25102,喵的詐騙集團(英文版),676710,tt10473036,英國,2023-08-22 00:00:00,17000000,21110363,93,2025-03-02 01:08:54.339400+00:00,2025-03-02 16:42:24.139881+00:00
29574,Laufey's A Night at the Symphony: Hollywood Bowl,1375774,tt34227779,英國,2024-12-06 00:00:00,0,845370,93,2025-03-02 01:08:54.339400+00:00,2025-03-02 16:42:24.139881+00:00
27437,小熊維尼2：噬血維尼,1079485,tt23330554,英國,2024-05-17 00:00:00,415000,7582541,93,2025-03-02 01:08:54.339400+00:00,2025-03-02 16:42:24.139881+00:00
22880,大製片家,844176,tt10370886,英國,2022-11-25 00:00:00,0,0,94,2025-03-02 01:08:54.339400+00:00,2025-03-02 16:42:24.139881+00:00
26881,尋找小津,76406,tt0090182,英國,2024-03-11 00:00:00,0,0,94,2025-03-02 01:08:54.339400+00:00,2025-03-02 16:42:24.139881+00:00
18040,法蘭克,171372,tt1605717,英國,2021-01-15 00:00:00,1000000,1897363,95,2025-03-02 01:08:54.339400+00:00,2025-03-02 16:42:24.139881+00:00
23885,杏仁與海馬,787791,tt7326608,英國,2023-03-24 00:00:00,0,790,95,2025-03-02 01:08:54.339400+00:00,2025-03-02 16:42:24.139881+00:00
20802,餐廳失控夜,807196,tt11127680,英國,2022-04-01 00:00:00,0,0,95,2025-03-02 01:08:54.339400+00:00,2025-03-02 16:42:24.139881+00:00
25045,鬼手鬼手 請開口,1008042,tt10638522,英國,2023-08-11 00:00:00,4500000,92000000,95,2025-03-02 01:08:54.339400+00:00,2025-03-02 16:42:24.139881+00:00
26148,藍色的你,971699,tt8649344,英國,2023-12-29 00:00:00,0,110722,97,2025-03-02 01:08:54.339400+00:00,2025-03-02 16:42:24.139881+00:00
24703,舞力對決 : 地表撐霸,1130659,tt12053110,英國,2023-06-26 00:00:00,0,0,97,2025-03-02 01:08:54.339400+00:00,2025-03-02 16:42:24.139881+00:00
18456,父親,600354,tt10272386,英國,2021-04-16 00:00:00,6000000,21029340,97,2025-03-02 01:08:54.339400+00:00,2025-03-02 16:42:24.139881+00:00
24062,危險療程,48231,tt1571222,英國,2023-04-28 00:00:00,15000000,27462041,99,2025-03-02 01:08:54.339400+00:00,2025-03-02 16:42:24.139881+00:00
14480,超速性追緝,884,tt0115964,英國,1996-10-25 00:00:00,9000000,2671855,100,2025-03-02 01:08:54.339400+00:00,2025-03-02 16:42:24.139881+00:00
25893,戴珍珠耳環的少女,3635,tt0335119,英國,2023-11-24 00:00:00,10500000,31500000,100,2025-03-02 01:08:54.339400+00:00,2025-03-02 16:42:24.139881+00:00
26885,邪厄恩典,879689,tt14946978,英國,2024-04-26 00:00:00,0,0,100,2025-03-02 01:08:54.339400+00:00,2025-03-02 16:42:24.139881+00:00
22260,性愛成癮的男人,76025,tt1723811,英國,2022-09-23 00:00:00,6500000,3909002,102,2025-03-02 01:08:54.339400+00:00,2025-03-02 16:42:24.139881+00:00
23548,日麗,965150,tt19770238,英國,2023-01-25 00:00:00,0,7834405,102,2025-03-02 01:08:54.339400+00:00,2025-03-02 16:42:24.139881+00:00
20076,愛上費加洛,508444,tt7392014,英國,2021-12-17 00:00:00,0,1073966,104,2025-03-02 01:08:54.339400+00:00,2025-03-02 16:42:24.139881+00:00
28745,布勒合唱團：直到盡頭 ,1274238,tt31218239,英國,2024-10-04 00:00:00,0,0,104,2025-03-02 01:08:54.339400+00:00,2025-03-02 16:42:24.139881+00:00
26779,夢想集中營,467244,tt7160372,英國,2024-02-08 00:00:00,15000000,52631884,105,2025-03-02 01:08:54.339400+00:00,2025-03-02 16:42:24.139881+00:00
22755,卡拉之歌,2143,tt0115832,英國,2022-10-21 00:00:00,0,0,105,2025-03-02 01:08:54.339400+00:00,2025-03-02 16:42:24.139881+00:00
22117,士兵與軍官,797838,tt4061620,英國,2022-09-02 00:00:00,0,253583,107,2025-03-02 01:08:54.339400+00:00,2025-03-02 16:42:24.139881+00:00
18186,金窩駭浪,545237,tt8338762,英國,2021-03-12 00:00:00,0,1200000,107,2025-03-02 01:08:54.339400+00:00,2025-03-02 16:42:24.139881+00:00
27813,黑水巷,1215918,tt22767628,英國,2024-06-18 00:00:00,0,0,108,2025-03-02 01:08:54.339400+00:00,2025-03-02 16:42:24.139881+00:00
27786,忙愛不如盲婚,800301,tt13430858,英國,2024-06-28 00:00:00,0,10898395,109,2025-03-02 01:08:54.339400+00:00,2025-03-02 16:42:24.139881+00:00
26216,舞動人生,71,tt0249462,英國,2023-11-17 00:00:00,5000000,109280263,110,2025-03-02 01:08:54.339400+00:00,2025-03-02 16:42:24.139881+00:00
20291,毫無意義,42035,tt0089343,英國,2022-01-07 00:00:00,0,0,110,2025-03-02 01:08:54.339400+00:00,2025-03-02 16:42:24.139881+00:00
27512,失速芭蕾,714675,tt12531856,英國,2024-08-05 00:00:00,0,324522,110,2025-03-02 01:08:54.339400+00:00,2025-03-02 16:42:24.139881+00:00
21906,我們的英搖時光,624793,tt5693182,英國,2022-08-12 00:00:00,0,0,110,2025-03-02 01:08:54.339400+00:00,2025-03-02 16:42:24.139881+00:00
24734,慾望之翼,28468,tt0085328,英國,2023-12-26 00:00:00,0,0,110,2025-03-02 01:08:54.339400+00:00,2025-03-02 16:42:24.139881+00:00
23699,色局追兇,89455,tt1680045,英國,2023-05-26 00:00:00,0,1663931,110,2025-03-02 01:08:54.339400+00:00,2025-03-02 16:42:24.139881+00:00
16101,烈火情人,11012,tt0104237,英國,1993-04-03 00:00:00,11000000,31000000,111,2025-03-02 01:08:54.339400+00:00,2025-03-02 16:42:24.139881+00:00
19272,算牌手,643532,tt11196036,英國,2021-09-17 00:00:00,0,5040860,111,2025-03-02 01:08:54.339400+00:00,2025-03-02 16:42:24.139881+00:00
18180,鐵幕行動,522241,tt8368512,英國,2021-04-08 00:00:00,0,26000000,112,2025-03-02 01:08:54.339400+00:00,2025-03-02 16:42:24.139881+00:00
15653,馴悍記（莎翁經典劇集）,953233,tt18970380,英國,2020-04-08 00:00:00,0,0,112,2025-03-02 01:08:54.339400+00:00,2025-03-02 16:42:24.139881+00:00
26804,老橡樹酒館,970348,tt19883634,英國,2024-03-29 00:00:00,0,7702015,113,2025-03-02 01:08:54.339400+00:00,2025-03-02 16:42:24.139881+00:00
20519,馬克白（英國皇家歌劇院）,225728,tt2884018,英國,2022-02-10 00:00:00,15000000,16322067,113,2025-03-02 01:08:54.339400+00:00,2025-03-02 16:42:24.139881+00:00
11227,山那邊的青稞田,496404,tt7606796,英國,2019-01-18 00:00:00,0,0,115,2025-03-02 01:08:54.339400+00:00,2025-03-02 16:42:24.139881+00:00
17878,惡水真相,560008,tt9179096,英國,2021-05-07 00:00:00,0,1623809,115,2025-03-02 01:08:54.339400+00:00,2025-03-02 16:42:24.139881+00:00
18530,裸體午餐,2742,tt0102511,英國,1992-03-14 00:00:00,16000000,2641357,115,2025-03-02 01:08:54.339400+00:00,2025-03-02 16:42:24.139881+00:00
21869,偷香 數位修復版,14553,tt0117737,英國,2022-08-05 00:00:00,10000000,4800000,116,2025-03-02 01:08:54.339400+00:00,2025-03-02 16:42:24.139881+00:00
27820,鳥,571,tt0056869,英國,2024-07-12 00:00:00,2500000,11500000,120,2025-03-02 01:08:54.339400+00:00,2025-03-02 16:42:24.139881+00:00
21268,羅密歐與茱麗葉（英國國家劇院現場）,454,tt0117509,英國,2022-06-10 00:00:00,14500000,147298761,120,2025-03-02 01:08:54.339400+00:00,2025-03-02 16:42:24.139881+00:00
25188,無情荒地有琴天,46992,tt0150915,英國,2023-08-25 00:00:00,0,0,121,2025-03-02 01:08:54.339400+00:00,2025-03-02 16:42:24.139881+00:00
24106,絕地營救,882569,tt4873118,英國,2023-04-21 00:00:00,55000000,20000000,123,2025-03-02 01:08:54.339400+00:00,2025-03-02 16:42:24.139881+00:00
27951,激情年代（英國國家劇院現場）,20539,tt0115988,英國,2024-07-23 00:00:00,25000000,7343114,124,2025-03-02 01:08:54.339400+00:00,2025-03-02 16:42:24.139881+00:00
16474,俘虜,11948,tt0085933,英國,2020-12-15 00:00:00,0,2306560,124,2025-03-02 01:08:54.339400+00:00,2025-03-02 16:42:24.139881+00:00
16906,教會,11416,tt0091530,英國,1986-12-20 00:00:00,24500000,17200000,126,2025-03-02 01:08:54.339400+00:00,2025-03-02 16:42:24.139881+00:00
25773,少年Pi的奇幻漂流（英國國家劇院現場）,87827,tt0454876,英國,2023-10-13 00:00:00,120000000,609016565,127,2025-03-02 01:08:54.339400+00:00,2025-03-02 16:42:24.139881+00:00
28917,布勒合唱團：溫布利球場演唱會,1274237,tt32778124,英國,2024-11-01 00:00:00,0,0,128,2025-03-02 01:08:54.339400+00:00,2025-03-02 16:42:24.139881+00:00
23207,傲慢與偏見（音樂劇）,4348,tt0414387,英國,2023-04-22 00:00:00,28000000,121600000,129,2025-03-02 01:08:54.339400+00:00,2025-03-02 16:42:24.139881+00:00
7689,發條橘子,185,tt0066921,英國,2017-12-29 00:00:00,2200000,27033812,136,2025-03-02 01:08:54.339400+00:00,2025-03-02 16:42:24.139881+00:00
29779,更好的人,799766,tt14260836,英國,2025-01-16 00:00:00,110000000,20120006,136,2025-03-02 01:08:54.339400+00:00,2025-03-02 16:42:24.139881+00:00
25046,卓別林與他的情人,10435,tt0103939,英國,2023-07-28 00:00:00,31000000,9493259,143,2025-03-02 01:08:54.339400+00:00,2025-03-02 16:42:24.139881+00:00
26883,巴黎，德州 (4K數位修復版),655,tt0087884,英國,2024-07-26 00:00:00,1750000,2181987,145,2025-03-02 01:08:54.339400+00:00,2025-03-02 16:42:24.139881+00:00
22525,瘋狂富作用,497828,tt7322224,英國,2022-10-07 00:00:00,15600000,24733572,147,2025-03-02 01:08:54.339400+00:00,2025-03-02 16:42:24.139881+00:00
20515,時代革命,850884,tt15049118,英國,2022-02-25 00:00:00,0,0,152,2025-03-02 01:08:54.339400+00:00,2025-03-02 16:42:24.139881+00:00
15965,末代皇帝（數位修復版）,746,tt0093389,英國,1988-04-23 00:00:00,23800000,44000000,163,2025-03-02 01:08:54.339400+00:00,2025-03-02 16:42:24.139881+00:00
15757,亨利五世（莎翁經典劇集）,261832,,英國,2020-04-01 00:00:00,0,0,164,2025-03-02 01:08:54.339400+00:00,2025-03-02 16:42:24.139881+00:00
18761, 修女夜難熬 經典數位修復,,,西班牙,2022-02-04 00:00:00,,,,2025-03-02 01:08:54.339400+00:00,2025-03-02 16:42:24.139881+00:00
12431,馬奎斯如何成為馬奎斯,,,西班牙,2024-05-27 00:00:00,,,,2025-03-02 01:08:54.339400+00:00,2025-03-02 16:42:24.139881+00:00
20527,櫻櫻大日本,,,西班牙,2022-02-25 00:00:00,,,,2025-03-02 01:08:54.339400+00:00,2025-03-02 16:42:24.139881+00:00
18737,我造了什麼孽 經典數位修復,,,西班牙,2022-02-04 00:00:00,,,,2025-03-02 01:08:54.339400+00:00,2025-03-02 16:42:24.139881+00:00
27551,布紐爾:超現實電影人,,,西班牙,2024-05-24 00:00:00,,,,2025-03-02 01:08:54.339400+00:00,2025-03-02 16:42:24.139881+00:00
27557,特莉絲坦娜,,,西班牙,2024-05-25 00:00:00,,,,2025-03-02 01:08:54.339400+00:00,2025-03-02 16:42:24.139881+00:00
26731,在路上男情難未了,,,西班牙,2024-02-02 00:00:00,,,,2025-03-02 01:08:54.339400+00:00,2025-03-02 16:42:24.139881+00:00
20941,米其林母子檔,,,西班牙,2022-09-02 00:00:00,,,,2025-03-02 01:08:54.339400+00:00,2025-03-02 16:42:24.139881+00:00
26349,荒漠斷背情,963765,tt13055264,西班牙,2023-12-15 00:00:00,0,1057090,31,2025-03-02 01:08:54.339400+00:00,2025-03-02 16:42:24.139881+00:00
18538,瀕臨崩潰邊緣的女人 經典數位修復,4203,tt0095675,西班牙,2022-02-04 00:00:00,700000,14979298,88,2025-03-02 01:08:54.339400+00:00,2025-03-02 16:42:24.139881+00:00
29064,地下終劫站,1276210,tt24695266,西班牙,2024-11-29 00:00:00,0,0,89,2025-03-02 01:08:54.339400+00:00,2025-03-02 16:42:24.139881+00:00
23198,湯恩與劍客汪汪隊,768726,tt11777920,西班牙,2022-12-23 00:00:00,0,0,89,2025-03-02 01:08:54.339400+00:00,2025-03-02 16:42:24.139881+00:00
24859,情慾獨角獸,1078920,tt15850538,西班牙,2023-07-14 00:00:00,0,0,93,2025-03-02 01:08:54.339400+00:00,2025-03-02 16:42:24.139881+00:00
24051,屍智症,994128,tt13968380,西班牙,2023-04-21 00:00:00,0,0,95,2025-03-02 01:08:54.339400+00:00,2025-03-02 16:42:24.139881+00:00
28045,她們的盛夏微愛,1088851,tt21223304,西班牙,2024-07-26 00:00:00,0,0,95,2025-03-02 01:08:54.339400+00:00,2025-03-02 16:42:24.139881+00:00
29563,風流西班牙: 摩洛哥情事,1074049,tt21114104,西班牙,2024-12-06 00:00:00,5500000,10950000,97,2025-03-02 01:08:54.339400+00:00,2025-03-02 16:42:24.139881+00:00
25130,24小時賭命倒數,1053587,tt20215670,西班牙,2023-08-25 00:00:00,0,0,98,2025-03-02 01:08:54.339400+00:00,2025-03-02 16:42:24.139881+00:00
25101,換宿夜驚魂,1064801,tt12748562,西班牙,2023-09-11 00:00:00,0,0,99,2025-03-02 01:08:54.339400+00:00,2025-03-02 16:42:24.139881+00:00
22893,遺屍物,946706,tt11797376,西班牙,2022-11-04 00:00:00,0,0,100,2025-03-02 01:08:54.339400+00:00,2025-03-02 16:42:24.139881+00:00
18169,我的母親 經典數位修復,99,tt0185125,西班牙,2021-02-26 00:00:00,8272296,67956089,101,2025-03-02 01:08:54.339400+00:00,2025-03-02 16:42:24.139881+00:00
18469,慾望法則 經典數位修復,4043,tt0093412,西班牙,2022-02-04 00:00:00,600000,1400000,102,2025-03-02 01:08:54.339400+00:00,2025-03-02 16:42:24.139881+00:00
18305,顫抖的慾望 經典數位修復,267,tt0118819,西班牙,2021-03-26 00:00:00,0,1535558,103,2025-03-02 01:08:54.339400+00:00,2025-03-02 16:42:24.139881+00:00
23858,駭人骨娃娃,1008005,tt18072540,西班牙,2023-05-26 00:00:00,0,0,103,2025-03-02 01:08:54.339400+00:00,2025-03-02 16:42:24.139881+00:00
20596,丟包大作戰,755437,tt12443220,西班牙,2022-03-18 00:00:00,0,0,103,2025-03-02 01:08:54.339400+00:00,2025-03-02 16:42:24.139881+00:00
24213,神鬼第六感,1933,tt0230600,西班牙,2023-05-05 00:00:00,17000000,210002906,104,2025-03-02 01:08:54.339400+00:00,2025-03-02 16:42:24.139881+00:00
24498,驅魔13,1026563,tt21199996,西班牙,2023-10-27 00:00:00,0,1891519,104,2025-03-02 01:08:54.339400+00:00,2025-03-02 16:42:24.139881+00:00
19205,蝸牛之家,772148,tt12500804,西班牙,2021-09-03 00:00:00,0,0,104,2025-03-02 01:08:54.339400+00:00,2025-03-02 16:42:24.139881+00:00
27770,承諾大海的老師,1024541,tt11887316,西班牙,2024-06-14 00:00:00,0,2232542,105,2025-03-02 01:08:54.339400+00:00,2025-03-02 16:42:24.139881+00:00
23122,放牛班足球隊,954748,tt15341168,西班牙,2022-11-25 00:00:00,0,0,109,2025-03-02 01:08:54.339400+00:00,2025-03-02 16:42:24.139881+00:00
29605,安眠殺機,1235926,tt22506854,西班牙,2024-12-20 00:00:00,0,0,110,2025-03-02 01:08:54.339400+00:00,2025-03-02 16:42:24.139881+00:00
19857,雙子謀殺案：白城之寂,542917,tt8393332,西班牙,2022-04-01 00:00:00,0,0,110,2025-03-02 01:08:54.339400+00:00,2025-03-02 16:42:24.139881+00:00
16947,悄悄告訴她 經典數位修復,64,tt0287467,西班牙,2020-10-30 00:00:00,0,64803131,112,2025-03-02 01:08:54.339400+00:00,2025-03-02 16:42:24.139881+00:00
26092,與達利有約,1091044,tt7710588,西班牙,2023-12-08 00:00:00,0,0,114,2025-03-02 01:08:54.339400+00:00,2025-03-02 16:42:24.139881+00:00
20289,瘋狂競賽片,668640,tt11700260,西班牙,2022-02-25 00:00:00,0,0,114,2025-03-02 01:08:54.339400+00:00,2025-03-02 16:42:24.139881+00:00
16868,高跟鞋 經典數位修復,8222,tt0103030,西班牙,2020-10-30 00:00:00,0,1710057,114,2025-03-02 01:08:54.339400+00:00,2025-03-02 16:42:24.139881+00:00
23754,桃子樹的最後豐收,804251,tt11930126,西班牙,2023-03-31 00:00:00,10250000,3324521,115,2025-03-02 01:08:54.339400+00:00,2025-03-02 16:42:24.139881+00:00
26214,轉生幻夢,1077684,tt21909682,西班牙,2023-12-01 00:00:00,0,967213,117,2025-03-02 01:08:54.339400+00:00,2025-03-02 16:42:24.139881+00:00
16808,玩美女人 經典數位修復,219,tt0441909,西班牙,2020-10-30 00:00:00,12899867,85582407,121,2025-03-02 01:08:54.339400+00:00,2025-03-02 16:42:24.139881+00:00
20579,平行母親,766798,tt12618926,西班牙,2022-03-04 00:00:00,0,23099858,123,2025-03-02 01:08:54.339400+00:00,2025-03-02 16:42:24.139881+00:00
23560,驚獄77,913991,tt15128358,西班牙,2023-01-27 00:00:00,0,0,125,2025-03-02 01:08:54.339400+00:00,2025-03-02 16:42:24.139881+00:00
16990,破碎的擁抱 經典數位修復,8088,tt0913425,西班牙,2020-10-30 00:00:00,18000000,30991660,127,2025-03-02 01:08:54.339400+00:00,2025-03-02 16:42:24.139881+00:00
26794,兩萬種蜜蜂,1053600,tt21113962,西班牙,2024-03-08 00:00:00,2000000,1193593,129,2025-03-02 01:08:54.339400+00:00,2025-03-02 16:42:24.139881+00:00
26149,雙眼之間,997294,tt21284358,西班牙,2024-01-05 00:00:00,0,716644,169,2025-03-02 01:08:54.339400+00:00,2025-03-02 16:42:24.139881+00:00
27768,媽的人生願望,,,越南,2024-06-21 00:00:00,,,,2025-03-02 01:08:54.339400+00:00,2025-03-02 16:42:24.139881+00:00
29758,見鬼發財,,,越南,2025-01-17 00:00:00,,,,2025-03-02 01:08:54.339400+00:00,2025-03-02 16:42:24.139881+00:00
29718,鬼妹,906467,,越南,2024-12-27 00:00:00,0,0,0,2025-03-02 01:08:54.339400+00:00,2025-03-02 16:42:24.139881+00:00
22648,替屍鬼2：詛咒再臨,1016737,tt21210720,越南,2022-10-07 00:00:00,0,0,0,2025-03-02 01:08:54.339400+00:00,2025-03-02 16:42:24.139881+00:00
26817,鬼怨偶,1202618,tt30460383,越南,2024-03-01 00:00:00,0,0,0,2025-03-02 01:08:54.339400+00:00,2025-03-02 16:42:24.139881+00:00
20460,鬼電梯,760522,tt13017046,越南,2022-02-18 00:00:00,250000,247351,80,2025-03-02 01:08:54.339400+00:00,2025-03-02 16:42:24.139881+00:00
22309,迷霧中的孩子,893030,tt15839780,越南,2022-09-23 00:00:00,0,99434,92,2025-03-02 01:08:54.339400+00:00,2025-03-02 16:42:24.139881+00:00
28461,湄公河水鬼,1309123,tt32740311,越南,2024-09-06 00:00:00,0,0,95,2025-03-02 01:08:54.339400+00:00,2025-03-02 16:42:24.139881+00:00
27836,鬼厄犬,1222274,tt30611573,越南,2024-06-28 00:00:00,0,0,99,2025-03-02 01:08:54.339400+00:00,2025-03-02 16:42:24.139881+00:00
20929,祖怨,947890,tt14134154,越南,2022-04-15 00:00:00,0,1849768,101,2025-03-02 01:08:54.339400+00:00,2025-03-02 16:42:24.139881+00:00
20975,越驚,930478,tt17785786,越南,2022-04-22 00:00:00,0,0,108,2025-03-02 01:08:54.339400+00:00,2025-03-02 16:42:24.139881+00:00
24074,涅槃咒,1057919,tt23747380,越南,2023-04-14 00:00:00,0,0,110,2025-03-02 01:08:54.339400+00:00,2025-03-02 16:42:24.139881+00:00
24417,厲嬰魂,1073449,tt26473516,越南,2023-05-26 00:00:00,1000000,1050490,117,2025-03-02 01:08:54.339400+00:00,2025-03-02 16:42:24.139881+00:00
27030,再愛一次,1210973,tt31174028,越南,2024-04-12 00:00:00,0,0,131,2025-03-02 01:08:54.339400+00:00,2025-03-02 16:42:24.139881+00:00
29608,NCT DREAM Mystery Lab: DREAM( )SCAPE in Cinemas,,,韓國,2024-12-11 00:00:00,,,,2025-03-02 01:08:54.339400+00:00,2025-03-02 16:42:24.139881+00:00
28880,JUNG KOOK: I AM STILL THE PARTY EDITION,,,韓國,2024-10-11 00:00:00,,,,2025-03-02 01:08:54.339400+00:00,2025-03-02 16:42:24.139881+00:00
20633,遊走塵市間,,,韓國,2022-03-18 00:00:00,,,,2025-03-02 01:08:54.339400+00:00,2025-03-02 16:42:24.139881+00:00
28384,XIA CONCERT MOVIE CHAPTER 1：RECREATION,,,韓國,2024-08-30 00:00:00,,,,2025-03-02 01:08:54.339400+00:00,2025-03-02 16:42:24.139881+00:00
29827,愛的迫降旗艦版,,,韓國,2025-01-25 00:00:00,,,,2025-03-02 01:08:54.339400+00:00,2025-03-02 16:42:24.139881+00:00
23390,碰碰狐音樂電影:奇幻城嘉年華,,,韓國,2022-12-23 00:00:00,,,,2025-03-02 01:08:54.339400+00:00,2025-03-02 16:42:24.139881+00:00
22754,時間之舞,,,韓國,2022-10-24 00:00:00,,,,2025-03-02 01:08:54.339400+00:00,2025-03-02 16:42:24.139881+00:00
29406,"HIGHLIGHT “LIGHTS GO ON, AGAIN” IN CINEMA",,,韓國,2024-11-15 00:00:00,,,,2025-03-02 01:08:54.339400+00:00,2025-03-02 16:42:24.139881+00:00
25642,IU CONCERT: THE GOLDEN HOUR,,,韓國,2023-09-28 00:00:00,,,,2025-03-02 01:08:54.339400+00:00,2025-03-02 16:42:24.139881+00:00
26911,下女的誘惑 經典重映,,,韓國,2024-03-15 00:00:00,,,,2025-03-02 01:08:54.339400+00:00,2025-03-02 16:42:24.139881+00:00
28271,《劇場版 SUPER WINGS：究極加速》,,,韓國,2024-09-27 00:00:00,,,,2025-03-02 01:08:54.339400+00:00,2025-03-02 16:42:24.139881+00:00
29553,"RM:Right People, Wrong Place",,,韓國,2024-12-05 00:00:00,,,,2025-03-02 01:08:54.339400+00:00,2025-03-02 16:42:24.139881+00:00
29895,(G)I-DLE WORLD TOUR [iDOL] IN CINEMAS,,,韓國,2025-01-29 00:00:00,,,,2025-03-02 01:08:54.339400+00:00,2025-03-02 16:42:24.139881+00:00
29916,IU CONCERT: THE WINNING,,,韓國,2025-02-05 00:00:00,,,,2025-03-02 01:08:54.339400+00:00,2025-03-02 16:42:24.139881+00:00
27048, SUGA | Agust D TOUR ‘D-DAY’ THE MOVIE,,,韓國,2024-04-10 00:00:00,,,,2025-03-02 01:08:54.339400+00:00,2025-03-02 16:42:24.139881+00:00
28760,恐怖日常怪談,,,韓國,2024-12-20 00:00:00,,,,2025-03-02 01:08:54.339400+00:00,2025-03-02 16:42:24.139881+00:00
26786,BTOB,,,韓國,2024-03-08 00:00:00,,,,2025-03-02 01:08:54.339400+00:00,2025-03-02 16:42:24.139881+00:00
20553,PHANTOM: THE MUSICAL FILM,,,韓國,2022-02-18 00:00:00,,,,2025-03-02 01:08:54.339400+00:00,2025-03-02 16:42:24.139881+00:00
26350,NCT NATION：To The World in Cinemas,,,韓國,2023-12-06 00:00:00,,,,2025-03-02 01:08:54.339400+00:00,2025-03-02 16:42:24.139881+00:00
23549,維特:音樂劇,,,韓國,2023-03-03 00:00:00,,,,2025-03-02 01:08:54.339400+00:00,2025-03-02 16:42:24.139881+00:00
25803,詐騙女王,941045,tt29259250,韓國,2023-10-20 00:00:00,0,0,0,2025-03-02 01:08:54.339400+00:00,2025-03-02 16:42:24.139881+00:00
23366,監弒器,831480,tt15209608,韓國,2023-01-06 00:00:00,0,0,0,2025-03-02 01:08:54.339400+00:00,2025-03-02 16:42:24.139881+00:00
22628,政客誠實中2,795276,tt22048600,韓國,2022-10-07 00:00:00,0,0,0,2025-03-02 01:08:54.339400+00:00,2025-03-02 16:42:24.139881+00:00
26353,水鬼,848145,,韓國,2023-12-08 00:00:00,0,0,5,2025-03-02 01:08:54.339400+00:00,2025-03-02 16:42:24.139881+00:00
25351,ASTRO,1357982,,韓國,2009-10-23 00:00:00,0,0,17,2025-03-02 01:08:54.339400+00:00,2025-03-02 16:42:24.139881+00:00
29604,北村公寓4:44,1369566,,韓國,2025-02-14 00:00:00,0,0,44,2025-03-02 01:08:54.339400+00:00,2025-03-02 16:42:24.139881+00:00
26509,韓國都市恐怖怪談：詭手,717712,tt27830625,韓國,2024-01-05 00:00:00,0,0,52,2025-03-02 01:08:54.339400+00:00,2025-03-02 16:42:24.139881+00:00
24842,在水中,1077647,tt26448971,韓國,2023-08-01 00:00:00,0,0,61,2025-03-02 01:08:54.339400+00:00,2025-03-02 16:42:24.139881+00:00
28270,那年夏天，想見妳,1117291,tt28077172,韓國,2024-09-27 00:00:00,0,0,61,2025-03-02 01:08:54.339400+00:00,2025-03-02 16:42:24.139881+00:00
18817,引言,795797,tt14035108,韓國,2021-12-24 00:00:00,0,0,66,2025-03-02 01:08:54.339400+00:00,2025-03-02 16:42:24.139881+00:00
23547,淘氣小企鵝啵樂樂 電影版：巨龍城堡大冒險(國語版),979688,tt21325182,韓國,2023-01-20 00:00:00,0,0,69,2025-03-02 01:08:54.339400+00:00,2025-03-02 16:42:24.139881+00:00
25148,劇場版 衝鋒戰士：搶救月球大作戰,636283,tt10925772,韓國,2023-08-15 00:00:00,0,0,76,2025-03-02 01:08:54.339400+00:00,2025-03-02 16:42:24.139881+00:00
18829,衝鋒戰士劇場版：翁法洛斯島的秘密,577205,tt9647926,韓國,2022-07-01 00:00:00,0,0,78,2025-03-02 01:08:54.339400+00:00,2025-03-02 16:42:24.139881+00:00
26496,電影版 淘氣小企鵝啵樂樂 超級明星大冒險(國語版),1189165,,韓國,2023-12-29 00:00:00,0,0,78,2025-03-02 01:08:54.339400+00:00,2025-03-02 16:42:24.139881+00:00
26037,鬼車站,844386,tt22505124,韓國,2023-11-03 00:00:00,0,2305305,80,2025-03-02 01:08:54.339400+00:00,2025-03-02 16:42:24.139881+00:00
20801,阿爸休假中,743475,tt13705634,韓國,2022-04-22 00:00:00,0,0,81,2025-03-02 01:08:54.339400+00:00,2025-03-02 16:42:24.139881+00:00
24639,SUGA: Road to D-DAY,1106732,tt27410896,韓國,2023-06-17 00:00:00,0,0,81,2025-03-02 01:08:54.339400+00:00,2025-03-02 16:42:24.139881+00:00
20994,春川神秘中邪事件,817480,,韓國,2022-04-29 00:00:00,0,0,82,2025-03-02 01:08:54.339400+00:00,2025-03-02 16:42:24.139881+00:00
20473,亡命陷阱,840528,tt27553313,韓國,2022-01-28 00:00:00,0,0,82,2025-03-02 01:08:54.339400+00:00,2025-03-02 16:42:24.139881+00:00
18794,無人之境,589713,tt14425000,韓國,2022-01-21 00:00:00,0,0,83,2025-03-02 01:08:54.339400+00:00,2025-03-02 16:42:24.139881+00:00
27763,彼此的日子 In Our Day,1114775,tt27541074,韓國,2024-07-05 00:00:00,0,0,84,2025-03-02 01:08:54.339400+00:00,2025-03-02 16:42:24.139881+00:00
18546,催魂頻率,799668,tt14406178,韓國,2021-05-12 00:00:00,0,0,85,2025-03-02 01:08:54.339400+00:00,2025-03-02 16:42:24.139881+00:00
25588,雉岳山怪談,987540,tt29031126,韓國,2023-10-20 00:00:00,0,0,85,2025-03-02 01:08:54.339400+00:00,2025-03-02 16:42:24.139881+00:00
24640,j-hope IN THE BOX,1076443,tt26425683,韓國,2023-06-17 00:00:00,0,0,85,2025-03-02 01:08:54.339400+00:00,2025-03-02 16:42:24.139881+00:00
20555,在你面前,820517,tt14776918,韓國,2022-04-15 00:00:00,0,0,86,2025-03-02 01:08:54.339400+00:00,2025-03-02 16:42:24.139881+00:00
23796,8釐米：詛咒影帶,977155,tt26679073,韓國,2023-03-10 00:00:00,23316420,0,87,2025-03-02 01:08:54.339400+00:00,2025-03-02 16:42:24.139881+00:00
22221,界限,718289,tt21632892,韓國,2022-09-02 00:00:00,0,0,87,2025-03-02 01:08:54.339400+00:00,2025-03-02 16:42:24.139881+00:00
23364,花路阿朱媽,958937,tt5213138,韓國,2022-12-23 00:00:00,0,0,90,2025-03-02 01:08:54.339400+00:00,2025-03-02 16:42:24.139881+00:00
29501,Baekhyun: Lonsdaleite [dot] in Cinemas,1375053,,韓國,2024-11-29 00:00:00,0,0,90,2025-03-02 01:08:54.339400+00:00,2025-03-02 16:42:24.139881+00:00
29371,旅人所嚮,1146410,tt31015344,韓國,2024-12-13 00:00:00,0,71614,90,2025-03-02 01:08:54.339400+00:00,2025-03-02 16:42:24.139881+00:00
26806,Strike！娜英,1106501,tt28679245,韓國,2024-03-29 00:00:00,0,0,90,2025-03-02 01:08:54.339400+00:00,2025-03-02 16:42:24.139881+00:00
21779,邪門,877260,tt21263500,韓國,2022-07-15 00:00:00,0,462593,91,2025-03-02 01:08:54.339400+00:00,2025-03-02 16:42:24.139881+00:00
28479,鬼花園 : 詛咒,977156,tt26736821,韓國,2024-09-13 00:00:00,0,0,91,2025-03-02 01:08:54.339400+00:00,2025-03-02 16:42:24.139881+00:00
29715,IVE The 1st World Tour in Cinema,1361488,tt34170103,韓國,2024-12-27 00:00:00,0,0,91,2025-03-02 01:08:54.339400+00:00,2025-03-02 16:42:24.139881+00:00
23146,小說家電影,928713,tt17146978,韓國,2022-12-09 00:00:00,71560,382227,92,2025-03-02 01:08:54.339400+00:00,2025-03-02 16:42:24.139881+00:00
28112,BLACKPINK WORLD TOUR [BORN PINK] IN CINEMAS,1307028,tt32881486,韓國,2024-07-31 00:00:00,0,0,92,2025-03-02 01:08:54.339400+00:00,2025-03-02 16:42:24.139881+00:00
27876,60分鐘亡命直播,838206,tt32322546,韓國,2024-06-28 00:00:00,0,0,93,2025-03-02 01:08:54.339400+00:00,2025-03-02 16:42:24.139881+00:00
25242,花漾奶奶金難搞,956759,tt21190408,韓國,2023-09-29 00:00:00,0,0,93,2025-03-02 01:08:54.339400+00:00,2025-03-02 16:42:24.139881+00:00
28533,JUNG KOOK: I AM STILL,1315707,tt32903026,韓國,2024-09-18 00:00:00,0,18500823,93,2025-03-02 01:08:54.339400+00:00,2025-03-02 16:42:24.139881+00:00
28047,塔羅牌,1300157,tt32799289,韓國,2024-07-24 00:00:00,0,0,94,2025-03-02 01:08:54.339400+00:00,2025-03-02 16:42:24.139881+00:00
21823,非常殺手,938008,tt19713090,韓國,2022-07-22 00:00:00,0,595112,95,2025-03-02 01:08:54.339400+00:00,2025-03-02 16:42:24.139881+00:00
25494,鬼夢遊,964592,tt8209702,韓國,2023-09-22 00:00:00,0,11033636,95,2025-03-02 01:08:54.339400+00:00,2025-03-02 16:42:24.139881+00:00
28784,再見，福寶,1314450,tt33368329,韓國,2024-10-04 00:00:00,0,0,95,2025-03-02 01:08:54.339400+00:00,2025-03-02 16:42:24.139881+00:00
29470,心葬,660355,tt12663266,韓國,2024-11-22 00:00:00,0,1309215,95,2025-03-02 01:08:54.339400+00:00,2025-03-02 16:42:24.139881+00:00
28918,TAEYONG: TY TRACK IN CINEMAS,1338226,,韓國,2024-10-16 00:00:00,0,0,96,2025-03-02 01:08:54.339400+00:00,2025-03-02 16:42:24.139881+00:00
28010,寂噤計畫,726139,tt25808194,韓國,2024-07-17 00:00:00,14750000,6283415,96,2025-03-02 01:08:54.339400+00:00,2025-03-02 16:42:24.139881+00:00
28164,絕地逃生,921436,tt31898445,韓國,2024-08-02 00:00:00,0,13368094,96,2025-03-02 01:08:54.339400+00:00,2025-03-02 16:42:24.139881+00:00
25638,附身,166271,tt2345567,韓國,2023-09-28 00:00:00,0,0,97,2025-03-02 01:08:54.339400+00:00,2025-03-02 16:42:24.139881+00:00
24542,四層公寓,1002470,tt21404804,韓國,2023-07-07 00:00:00,0,0,97,2025-03-02 01:08:54.339400+00:00,2025-03-02 16:42:24.139881+00:00
25167,朝聖之路：一路平安,682109,,韓國,2023-10-13 00:00:00,0,0,98,2025-03-02 01:08:54.339400+00:00,2025-03-02 16:42:24.139881+00:00
24037,熊男,995063,tt26599543,韓國,2023-04-07 00:00:00,0,0,98,2025-03-02 01:08:54.339400+00:00,2025-03-02 16:42:24.139881+00:00
28964,第一聖拳,1208997,tt31597833,韓國,2025-01-10 00:00:00,0,0,98,2025-03-02 01:08:54.339400+00:00,2025-03-02 16:42:24.139881+00:00
20942,超跑斯特拉,630217,tt19632878,韓國,2022-04-29 00:00:00,0,0,98,2025-03-02 01:08:54.339400+00:00,2025-03-02 16:42:24.139881+00:00
25322,保護者,656156,tt21387514,韓國,2023-09-08 00:00:00,0,0,99,2025-03-02 01:08:54.339400+00:00,2025-03-02 16:42:24.139881+00:00
23206,NCT DREAM THE MOVIE : In A DREAM,1038198,tt23849218,韓國,2022-11-30 00:00:00,0,0,100,2025-03-02 01:08:54.339400+00:00,2025-03-02 16:42:24.139881+00:00
23508,對我而言，你是珍貴的,817485,tt14739128,韓國,2023-02-03 00:00:00,0,0,100,2025-03-02 01:08:54.339400+00:00,2025-03-02 16:42:24.139881+00:00
27809,亡命機劫,1147710,tt31624258,韓國,2024-06-21 00:00:00,0,14602614,100,2025-03-02 01:08:54.339400+00:00,2025-03-02 16:42:24.139881+00:00
27722,超完美暗殺隊,865910,tt26591189,韓國,2024-06-07 00:00:00,0,0,100,2025-03-02 01:08:54.339400+00:00,2025-03-02 16:42:24.139881+00:00
25407,千萬別開門,813079,tt22507484,韓國,2023-09-15 00:00:00,0,0,101,2025-03-02 01:08:54.339400+00:00,2025-03-02 16:42:24.139881+00:00
28638,當我的指尖觸碰到你的溫度時,1234114,tt33079438,韓國,2024-10-04 00:00:00,0,0,101,2025-03-02 01:08:54.339400+00:00,2025-03-02 16:42:24.139881+00:00
27933,找死凶宅,736720,tt32475217,韓國,2024-07-05 00:00:00,0,14439610,101,2025-03-02 01:08:54.339400+00:00,2025-03-02 16:42:24.139881+00:00
25268,KANGDANIEL: MY PARADE,1156807,tt28544219,韓國,2023-08-30 00:00:00,0,0,102,2025-03-02 01:08:54.339400+00:00,2025-03-02 16:42:24.139881+00:00
27606,她死了,743815,tt32220831,韓國,2024-05-31 00:00:00,0,0,102,2025-03-02 01:08:54.339400+00:00,2025-03-02 16:42:24.139881+00:00
27053,屍咒,1169340,tt32013903,韓國,2024-04-03 00:00:00,0,257377,102,2025-03-02 01:08:54.339400+00:00,2025-03-02 16:42:24.139881+00:00
28309,SEVENTEEN TOUR 'FOLLOW' AGAIN TO CINEMAS,1317874,tt32938930,韓國,2024-08-21 00:00:00,0,1857169,103,2025-03-02 01:08:54.339400+00:00,2025-03-02 16:42:24.139881+00:00
27534,首爾單身日記,717088,tt29466094,韓國,2024-09-20 00:00:00,0,0,103,2025-03-02 01:08:54.339400+00:00,2025-03-02 16:42:24.139881+00:00
23589,BTS: YET TO COME IN CINEMAS,1063453,tt24807190,韓國,2023-02-01 00:00:00,0,29291883,103,2025-03-02 01:08:54.339400+00:00,2025-03-02 16:42:24.139881+00:00
14880,EYES ON ME : THE MOVIE,638483,tt12669716,韓國,2020-06-24 00:00:00,0,0,104,2025-03-02 01:08:54.339400+00:00,2025-03-02 16:42:24.139881+00:00
28506,邪體：鬼拼屠,987538,tt28710841,韓國,2024-12-13 00:00:00,0,0,104,2025-03-02 01:08:54.339400+00:00,2025-03-02 16:42:24.139881+00:00
26562,鬼媽媽的假期,661681,tt12664652,韓國,2024-01-05 00:00:00,0,0,105,2025-03-02 01:08:54.339400+00:00,2025-03-02 16:42:24.139881+00:00
25710,極惡變身,952476,tt27801630,韓國,2023-10-13 00:00:00,0,0,105,2025-03-02 01:08:54.339400+00:00,2025-03-02 16:42:24.139881+00:00
18813,金派特務,629028,tt14140954,韓國,2021-10-29 00:00:00,0,0,105,2025-03-02 01:08:54.339400+00:00,2025-03-02 16:42:24.139881+00:00
22925,局中局,634595,tt13182834,韓國,2022-11-04 00:00:00,6244195,0,105,2025-03-02 01:08:54.339400+00:00,2025-03-02 16:42:24.139881+00:00
24516,犯罪都市3,955555,tt21364552,韓國,2023-06-02 00:00:00,0,83410298,105,2025-03-02 01:08:54.339400+00:00,2025-03-02 16:42:24.139881+00:00
18888,怪奇大廈,842033,tt14895216,韓國,2021-07-30 00:00:00,0,0,106,2025-03-02 01:08:54.339400+00:00,2025-03-02 16:42:24.139881+00:00
21222,犯罪都市2,619803,tt15838850,韓國,2022-05-20 00:00:00,7600000,101166707,106,2025-03-02 01:08:54.339400+00:00,2025-03-02 16:42:24.139881+00:00
26950,惡獸之戰,799710,tt14916052,韓國,2024-03-22 00:00:00,0,0,106,2025-03-02 01:08:54.339400+00:00,2025-03-02 16:42:24.139881+00:00
29841,烈火救援,645985,tt32628369,韓國,2025-01-29 00:00:00,0,22810160,106,2025-03-02 01:08:54.339400+00:00,2025-03-02 16:42:24.139881+00:00
28086,愛殺特攻隊,746349,tt27304839,韓國,2024-10-10 00:00:00,0,0,107,2025-03-02 01:08:54.339400+00:00,2025-03-02 16:42:24.139881+00:00
29249,薩滿新娘,1314446,,韓國,2024-11-15 00:00:00,0,0,107,2025-03-02 01:08:54.339400+00:00,2025-03-02 16:42:24.139881+00:00
21160,空氣殺人,731684,tt19849514,韓國,2022-05-13 00:00:00,0,0,108,2025-03-02 01:08:54.339400+00:00,2025-03-02 16:42:24.139881+00:00
20398,極速快遞,606403,tt16529222,韓國,2022-01-28 00:00:00,0,0,108,2025-03-02 01:08:54.339400+00:00,2025-03-02 16:42:24.139881+00:00
23615,火線交涉,606400,tt21111120,韓國,2023-02-03 00:00:00,0,13325763,108,2025-03-02 01:08:54.339400+00:00,2025-03-02 16:42:24.139881+00:00
23474,巫師靈不靈！？,717908,tt22774776,韓國,2023-02-24 00:00:00,0,0,108,2025-03-02 01:08:54.339400+00:00,2025-03-02 16:42:24.139881+00:00
20110,獵魂者,602295,tt15108954,韓國,2021-12-03 00:00:00,0,0,108,2025-03-02 01:08:54.339400+00:00,2025-03-02 16:42:24.139881+00:00
25736,沒有國家的冠軍,581394,tt11692284,韓國,2023-10-06 00:00:00,0,0,108,2025-03-02 01:08:54.339400+00:00,2025-03-02 16:42:24.139881+00:00
29784,哈爾濱,610251,tt23630030,韓國,2025-01-29 00:00:00,0,31399844,108,2025-03-02 01:08:54.339400+00:00,2025-03-02 16:42:24.139881+00:00
22818,笑子當老大,817557,tt23813502,韓國,2022-10-28 00:00:00,0,0,109,2025-03-02 01:08:54.339400+00:00,2025-03-02 16:42:24.139881+00:00
27237,犯罪都市4,1017163,tt27811040,韓國,2024-04-26 00:00:00,0,83703350,109,2025-03-02 01:08:54.339400+00:00,2025-03-02 16:42:24.139881+00:00
28477,aespa: MY First page,1229421,,韓國,2024-09-06 00:00:00,0,99635,109,2025-03-02 01:08:54.339400+00:00,2025-03-02 16:42:24.139881+00:00
29439,聽說,41531,tt1562328,韓國,2024-12-06 00:00:00,0,0,109,2025-03-02 01:08:54.339400+00:00,2025-03-02 16:42:24.139881+00:00
19640,攔截聲命線,644714,tt15426974,韓國,2021-10-08 00:00:00,0,11772156,109,2025-03-02 01:08:54.339400+00:00,2025-03-02 16:42:24.139881+00:00
27222,神鬼對決,1007127,tt31315820,韓國,2024-04-19 00:00:00,0,6676327,109,2025-03-02 01:08:54.339400+00:00,2025-03-02 16:42:24.139881+00:00
28490,警賊黑白衝,1063814,tt27176023,韓國,2024-09-13 00:00:00,0,0,110,2025-03-02 01:08:54.339400+00:00,2025-03-02 16:42:24.139881+00:00
23147,音爆浩劫,774548,tt17494686,韓國,2022-11-25 00:00:00,8500000,6843970,110,2025-03-02 01:08:54.339400+00:00,2025-03-02 16:42:24.139881+00:00
24312,開心鬼上身,62439,tt1848926,韓國,2023-05-12 00:00:00,0,0,111,2025-03-02 01:08:54.339400+00:00,2025-03-02 16:42:24.139881+00:00
28349,變身機長,965094,tt32175399,韓國,2024-08-23 00:00:00,0,30937400,111,2025-03-02 01:08:54.339400+00:00,2025-03-02 16:42:24.139881+00:00
21164,死亡預報,626129,tt19245482,韓國,2022-05-13 00:00:00,0,1300000,111,2025-03-02 01:08:54.339400+00:00,2025-03-02 16:42:24.139881+00:00
23216,整形帝王,717090,tt23157348,韓國,2022-12-02 00:00:00,0,0,112,2025-03-02 01:08:54.339400+00:00,2025-03-02 16:42:24.139881+00:00
26045,My SHINee World,1148154,,韓國,2023-11-10 00:00:00,0,0,112,2025-03-02 01:08:54.339400+00:00,2025-03-02 16:42:24.139881+00:00
18246,孩子別哭,709056,tt14891034,韓國,2021-03-19 00:00:00,0,219555,112,2025-03-02 01:08:54.339400+00:00,2025-03-02 16:42:24.139881+00:00
27417,惡鄰羅曼史,1005533,tt26736481,韓國,2024-05-10 00:00:00,0,0,112,2025-03-02 01:08:54.339400+00:00,2025-03-02 16:42:24.139881+00:00
29924,謊言 4K數位修復版,45043,tt0208995,韓國,2025-02-07 00:00:00,0,0,112,2025-03-02 01:08:54.339400+00:00,2025-03-02 16:42:24.139881+00:00
22479,樂透大作戰,821153,tt21800888,韓國,2022-09-30 00:00:00,0,0,113,2025-03-02 01:08:54.339400+00:00,2025-03-02 16:42:24.139881+00:00
23586,大明星多重宇宙,773910,tt24076346,韓國,2023-01-27 00:00:00,112,0,113,2025-03-02 01:08:54.339400+00:00,2025-03-02 16:42:24.139881+00:00
29630,窺鏡,936245,tt34490115,韓國,2024-12-13 00:00:00,0,0,113,2025-03-02 01:08:54.339400+00:00,2025-03-02 16:42:24.139881+00:00
23786,超完美狗保姆,610249,tt24218390,韓國,2023-03-10 00:00:00,0,0,114,2025-03-02 01:08:54.339400+00:00,2025-03-02 16:42:24.139881+00:00
23362,共感頻率,962489,tt22872370,韓國,2022-12-23 00:00:00,0,0,114,2025-03-02 01:08:54.339400+00:00,2025-03-02 16:42:24.139881+00:00
26661,金派特攻隊,696047,tt30364726,韓國,2024-01-26 00:00:00,0,11976305,114,2025-03-02 01:08:54.339400+00:00,2025-03-02 16:42:24.139881+00:00
25425,新進社員：電影版,1106528,tt28681454,韓國,2023-10-06 00:00:00,0,0,115,2025-03-02 01:08:54.339400+00:00,2025-03-02 16:42:24.139881+00:00
29857,黑祭司2：闇黑修女,1224993,tt32491690,韓國,2025-01-24 00:00:00,0,0,115,2025-03-02 01:08:54.339400+00:00,2025-03-02 16:42:24.139881+00:00
26618,美麗的聲音,40167,tt1588356,韓國,2024-01-19 00:00:00,0,0,115,2025-03-02 01:08:54.339400+00:00,2025-03-02 16:42:24.139881+00:00
23645,當男人戀愛時,797787,tt14428606,韓國,2023-05-26 00:00:00,0,0,115,2025-03-02 01:08:54.339400+00:00,2025-03-02 16:42:24.139881+00:00
8031,親切的金子,4550,tt0451094,韓國,2018-06-15 00:00:00,0,23803308,115,2025-03-02 01:08:54.339400+00:00,2025-03-02 16:42:24.139881+00:00
20981,SEVENTEEN POWER OF LOVE : THE MOVIE,946615,tt19383926,韓國,2022-04-20 00:00:00,0,0,115,2025-03-02 01:08:54.339400+00:00,2025-03-02 16:42:24.139881+00:00
29099,非普通家族,973628,tt28488187,韓國,2024-11-01 00:00:00,0,0,116,2025-03-02 01:08:54.339400+00:00,2025-03-02 16:42:24.139881+00:00
29656,EPIK HIGH 20 THE MOVIE,1252163,,韓國,2024-12-27 00:00:00,0,0,116,2025-03-02 01:08:54.339400+00:00,2025-03-02 16:42:24.139881+00:00
23856,闇黑對決,640327,tt15089904,韓國,2023-03-17 00:00:00,0,0,116,2025-03-02 01:08:54.339400+00:00,2025-03-02 16:42:24.139881+00:00
26381,鬼6怨,1168166,tt28995831,韓國,2023-12-15 00:00:00,0,0,117,2025-03-02 01:08:54.339400+00:00,2025-03-02 16:42:24.139881+00:00
24714,貴公子,1057001,tt27534328,韓國,2023-06-21 00:00:00,0,0,117,2025-03-02 01:08:54.339400+00:00,2025-03-02 16:42:24.139881+00:00
20749,奇怪的數學家,628802,tt12663772,韓國,2022-03-18 00:00:00,0,0,117,2025-03-02 01:08:54.339400+00:00,2025-03-02 16:42:24.139881+00:00
19243,腦海中的橡皮擦,15859,tt0428870,韓國,2021-09-17 00:00:00,4200000,0,117,2025-03-02 01:08:54.339400+00:00,2025-03-02 16:42:24.139881+00:00
28929,辣手警探2,995926,tt30287778,韓國,2024-10-18 00:00:00,0,53453611,118,2025-03-02 01:08:54.339400+00:00,2025-03-02 16:42:24.139881+00:00
29235,在熙的男，朋友,1154154,tt33022813,韓國,2024-11-08 00:00:00,0,6229165,118,2025-03-02 01:08:54.339400+00:00,2025-03-02 16:42:24.139881+00:00
25212,絕對味覺情人,978202,tt28625660,韓國,2023-08-25 00:00:00,4862154,0,118,2025-03-02 01:08:54.339400+00:00,2025-03-02 16:42:24.139881+00:00
23248,晝盲神探,806128,tt23871504,韓國,2022-12-09 00:00:00,0,0,118,2025-03-02 01:08:54.339400+00:00,2025-03-02 16:42:24.139881+00:00
26219,30日,1052433,tt29031019,韓國,2023-11-14 00:00:00,0,0,119,2025-03-02 01:08:54.339400+00:00,2025-03-02 16:42:24.139881+00:00
29736,真的好想贏1場,714650,tt14895212,韓國,2025-01-03 00:00:00,0,0,120,2025-03-02 01:08:54.339400+00:00,2025-03-02 16:42:24.139881+00:00
28475,FIGHTING！女孩們,1091051,tt29419864,韓國,2024-11-22 00:00:00,0,0,120,2025-03-02 01:08:54.339400+00:00,2025-03-02 16:42:24.139881+00:00
26776,日日好狗日,876127,tt30911335,韓國,2024-02-23 00:00:00,0,0,120,2025-03-02 01:08:54.339400+00:00,2025-03-02 16:42:24.139881+00:00
7777,原罪犯,670,tt0364569,韓國,2005-10-14 00:00:00,3000000,17500000,120,2025-03-02 01:08:54.339400+00:00,2025-03-02 16:42:24.139881+00:00
20402,無間對決,610321,tt16676718,韓國,2022-01-14 00:00:00,0,0,120,2025-03-02 01:08:54.339400+00:00,2025-03-02 16:42:24.139881+00:00
8074,我要復仇,4689,tt0310775,韓國,2018-06-15 00:00:00,4000000,1954937,122,2025-03-02 01:08:54.339400+00:00,2025-03-02 16:42:24.139881+00:00
22473,行動代號：狼狩獵,799379,tt15575470,韓國,2022-09-30 00:00:00,9000000,20541,122,2025-03-02 01:08:54.339400+00:00,2025-03-02 16:42:24.139881+00:00
24206,魯蛇大翻身,936243,tt27002199,韓國,2023-04-28 00:00:00,0,0,122,2025-03-02 01:08:54.339400+00:00,2025-03-02 16:42:24.139881+00:00
26696,外星+人2：回到未來,626412,tt20201212,韓國,2024-02-07 00:00:00,0,10824208,122,2025-03-02 01:08:54.339400+00:00,2025-03-02 16:42:24.139881+00:00
22653,人生真美麗,616670,tt13236270,韓國,2022-10-14 00:00:00,0,0,122,2025-03-02 01:08:54.339400+00:00,2025-03-02 16:42:24.139881+00:00
25535,狼少年：不朽的愛,128246,tt2315152,韓國,2023-09-22 00:00:00,0,0,122,2025-03-02 01:08:54.339400+00:00,2025-03-02 16:42:24.139881+00:00
23383,首爾怪談,957154,tt20039176,韓國,2022-07-08 00:00:00,0,0,122,2025-03-02 01:08:54.339400+00:00,2025-03-02 16:42:24.139881+00:00
23199,王者製造,573787,tt17491616,韓國,2022-12-02 00:00:00,0,6019720,123,2025-03-02 01:08:54.339400+00:00,2025-03-02 16:42:24.139881+00:00
26026,禍亂：地下秩序,1028684,tt27502351,韓國,2023-11-03 00:00:00,0,0,123,2025-03-02 01:08:54.339400+00:00,2025-03-02 16:42:24.139881+00:00
23486,紳探追緝令,848198,tt24670346,韓國,2023-01-06 00:00:00,0,0,123,2025-03-02 01:08:54.339400+00:00,2025-03-02 16:42:24.139881+00:00
23960,靈魂伴侶,617882,tt13086130,韓國,2023-03-31 00:00:00,0,2471778,124,2025-03-02 01:08:54.339400+00:00,2025-03-02 16:42:24.139881+00:00
29007,幸福國度,783111,tt32933495,韓國,2024-11-08 00:00:00,0,0,124,2025-03-02 01:08:54.339400+00:00,2025-03-02 16:42:24.139881+00:00
26260,全羅道少年殺人事件,714651,tt22298582,韓國,2023-12-01 00:00:00,0,0,124,2025-03-02 01:08:54.339400+00:00,2025-03-02 16:42:24.139881+00:00
25179,MAMAMOO：MY CON THE MOVIE,1137172,tt28230511,韓國,2023-08-25 00:00:00,0,0,124,2025-03-02 01:08:54.339400+00:00,2025-03-02 16:42:24.139881+00:00
20661,茲山魚譜,581390,tt14371900,韓國,2022-03-11 00:00:00,0,0,126,2025-03-02 01:08:54.339400+00:00,2025-03-02 16:42:24.139881+00:00
27236,aespa: WORLD TOUR in Cinemas,1262209,tt31851580,韓國,2024-04-24 00:00:00,0,0,126,2025-03-02 01:08:54.339400+00:00,2025-03-02 16:42:24.139881+00:00
25318,正義辯護人,242452,tt3404140,韓國,2023-09-08 00:00:00,0,0,127,2025-03-02 01:08:54.339400+00:00,2025-03-02 16:42:24.139881+00:00
23015,厄憶追凶,633374,tt21279122,韓國,2022-11-18 00:00:00,0,0,128,2025-03-02 01:08:54.339400+00:00,2025-03-02 16:42:24.139881+00:00
25024,神鬼海底撈,783110,tt28106766,韓國,2023-07-28 00:00:00,0,0,129,2025-03-02 01:08:54.339400+00:00,2025-03-02 16:42:24.139881+00:00
25160,逃出寧靜海,753091,tt27688034,韓國,2023-08-18 00:00:00,20000000,92718,129,2025-03-02 01:08:54.339400+00:00,2025-03-02 16:42:24.139881+00:00
22241,機密同盟2,736820,tt21867370,韓國,2022-09-08 00:00:00,0,0,129,2025-03-02 01:08:54.339400+00:00,2025-03-02 16:42:24.139881+00:00
22004,韓山島海戰,588108,tt21109538,韓國,2022-08-19 00:00:00,0,57490985,129,2025-03-02 01:08:54.339400+00:00,2025-03-02 16:42:24.139881+00:00
21615,嬰兒轉運站,736732,tt13056052,韓國,2022-06-24 00:00:00,0,18632208,129,2025-03-02 01:08:54.339400+00:00,2025-03-02 16:42:24.139881+00:00
16076,非常母親,30018,tt1216496,韓國,2020-06-12 00:00:00,5000000,17112713,129,2025-03-02 01:08:54.339400+00:00,2025-03-02 16:42:24.139881+00:00
23507,HERO,51550,tt0997157,韓國,2023-01-13 00:00:00,0,0,130,2025-03-02 01:08:54.339400+00:00,2025-03-02 16:42:24.139881+00:00
25092,水泥烏托邦：末日浩劫,729854,tt13086266,韓國,2023-08-10 00:00:00,0,28900000,130,2025-03-02 01:08:54.339400+00:00,2025-03-02 16:42:24.139881+00:00
19169,薩滿,745881,tt13446168,韓國,2021-08-25 00:00:00,0,7230000,131,2025-03-02 01:08:54.339400+00:00,2025-03-02 16:42:24.139881+00:00
18516,薄荷糖,41245,tt0247613,韓國,2021-05-14 00:00:00,0,0,131,2025-03-02 01:08:54.339400+00:00,2025-03-02 16:42:24.139881+00:00
22113,獵首密令,727340,tt6931658,韓國,2022-08-26 00:00:00,17000000,25994,131,2025-03-02 01:08:54.339400+00:00,2025-03-02 16:42:24.139881+00:00
23214,失控正義,882580,tt23746764,韓國,2022-12-09 00:00:00,0,0,131,2025-03-02 01:08:54.339400+00:00,2025-03-02 16:42:24.139881+00:00
25592,7號房的禮物,637920,tt10431500,韓國,2023-09-28 00:00:00,10000000,28000000,132,2025-03-02 01:08:54.339400+00:00,2025-03-02 16:42:24.139881+00:00
25311,贖命救援,581395,tt27795356,韓國,2023-09-01 00:00:00,0,0,132,2025-03-02 01:08:54.339400+00:00,2025-03-02 16:42:24.139881+00:00
23587,幻影,715253,tt25503544,韓國,2023-02-03 00:00:00,0,0,132,2025-03-02 01:08:54.339400+00:00,2025-03-02 16:42:24.139881+00:00
13290,寄生上流,496243,tt6751668,韓國,2019-06-28 00:00:00,11363000,257591776,132,2025-03-02 01:08:54.339400+00:00,2025-03-02 16:42:24.139881+00:00
19240,緣起不滅,42190,tt0348568,韓國,2021-09-03 00:00:00,0,0,133,2025-03-02 01:08:54.339400+00:00,2025-03-02 16:42:24.139881+00:00
26856,破墓,838209,tt27802490,韓國,2024-03-08 00:00:00,0,97974828,134,2025-03-02 01:08:54.339400+00:00,2025-03-02 16:42:24.139881+00:00
24492,蝙蝠：血色情慾 數位修復版,22536,tt0762073,韓國,2023-06-21 00:00:00,5000000,13085023,134,2025-03-02 01:08:54.339400+00:00,2025-03-02 16:42:24.139881+00:00
25361,闇黑新世界,165213,tt2625030,韓國,2023-09-15 00:00:00,0,0,134,2025-03-02 01:08:54.339400+00:00,2025-03-02 16:42:24.139881+00:00
25829,誆世巨作：蜘蛛窩新宇宙,901121,tt21254598,韓國,2023-10-20 00:00:00,0,0,135,2025-03-02 01:08:54.339400+00:00,2025-03-02 16:42:24.139881+00:00
21763,分手的決心,705996,tt12477480,韓國,2022-07-15 00:00:00,0,16914773,138,2025-03-02 01:08:54.339400+00:00,2025-03-02 16:42:24.139881+00:00
24201,陰影下的她,923344,tt19820538,韓國,2023-05-12 00:00:00,0,1350266,138,2025-03-02 01:08:54.339400+00:00,2025-03-02 16:42:24.139881+00:00
20335,緣來大飯店,821661,tt16755970,韓國,2021-12-30 00:00:00,0,1906786,138,2025-03-02 01:08:54.339400+00:00,2025-03-02 16:42:24.139881+00:00
21736,魔女二部曲：另一個她,615173,tt13721828,韓國,2022-07-01 00:00:00,0,23068596,138,2025-03-02 01:08:54.339400+00:00,2025-03-02 16:42:24.139881+00:00
21945,緊急迫降,626872,tt11535228,韓國,2022-08-12 00:00:00,18052672,19200000,140,2025-03-02 01:08:54.339400+00:00,2025-03-02 16:42:24.139881+00:00
21858,外星+人,601796,tt20168564,韓國,2022-07-27 00:00:00,24500000,12109608,142,2025-03-02 01:08:54.339400+00:00,2025-03-02 16:42:24.139881+00:00
26405,12.12：首爾之春,919207,tt22507524,韓國,2023-12-15 00:00:00,0,0,142,2025-03-02 01:08:54.339400+00:00,2025-03-02 16:42:24.139881+00:00
20778,為人民服務,743814,tt18372308,韓國,2022-03-25 00:00:00,0,0,146,2025-03-02 01:08:54.339400+00:00,2025-03-02 16:42:24.139881+00:00
9051,燃燒烈愛,491584,tt7282468,韓國,2018-06-29 00:00:00,7280000,6591038,149,2025-03-02 01:08:54.339400+00:00,2025-03-02 16:42:24.139881+00:00
26596,露梁：死亡之海,660360,tt22813112,韓國,2024-01-12 00:00:00,40000000,34210966,153,2025-03-02 01:08:54.339400+00:00,2025-03-02 16:42:24.139881+00:00
22239,語意錯誤電影版,993885,tt22191360,韓國,2022-09-08 00:00:00,0,600108,177,2025-03-02 01:08:54.339400+00:00,2025-03-02 16:42:24.139881+00:00
23882,WINNER 2022 CONCERT THE CIRCLE : THE MOVIE,1166425,tt26569437,韓國,2023-03-16 00:00:00,0,0,191,2025-03-02 01:08:54.339400+00:00,2025-03-02 16:42:24.139881+00:00
16139,東邪西毒：終極版(數位粵語版),,,香港,2020-06-19 00:00:00,,,,2025-03-02 01:08:54.339400+00:00,2025-03-02 16:42:24.139881+00:00
23339,過時·過節,,,香港,2022-12-22 00:00:00,,,,2025-03-02 01:08:54.339400+00:00,2025-03-02 16:42:24.139881+00:00
24730,別叫我”賭神”,,,香港,2023-06-21 00:00:00,,,,2025-03-02 01:08:54.339400+00:00,2025-03-02 16:42:24.139881+00:00
29190,焚城,,,香港,2024-11-08 00:00:00,,,,2025-03-02 01:08:54.339400+00:00,2025-03-02 16:42:24.139881+00:00
20410,出租女友,,,香港,2022-01-14 00:00:00,,,,2025-03-02 01:08:54.339400+00:00,2025-03-02 16:42:24.139881+00:00
18620,春光乍洩  4K數位修復版,,,香港,2024-01-13 00:00:00,,,,2025-03-02 01:08:54.339400+00:00,2025-03-02 16:42:24.139881+00:00
22434,失衡凶間,,,香港,2022-10-07 00:00:00,,,,2025-03-02 01:08:54.339400+00:00,2025-03-02 16:42:24.139881+00:00
21732,花樣年華 4K數位修復版,,,香港,2022-09-16 00:00:00,,,,2025-03-02 01:08:54.339400+00:00,2025-03-02 16:42:24.139881+00:00
20673,遇上1967的女神,,,香港,2022-03-12 00:00:00,,,,2025-03-02 01:08:54.339400+00:00,2025-03-02 16:42:24.139881+00:00
26764,反貪風暴之加密危機,,,香港,2024-03-08 00:00:00,,,,2025-03-02 01:08:54.339400+00:00,2025-03-02 16:42:24.139881+00:00
20671,愛在他鄉的季節,,,香港,2022-03-05 00:00:00,,,,2025-03-02 01:08:54.339400+00:00,2025-03-02 16:42:24.139881+00:00
22085,玫瑰的故事,1325023,,香港,2022-09-23 00:00:00,0,0,0,2025-03-02 01:08:54.339400+00:00,2025-03-02 16:42:24.139881+00:00
20565,少年,436792,tt6419442,香港,2022-04-08 00:00:00,0,0,0,2025-03-02 01:08:54.339400+00:00,2025-03-02 16:42:24.139881+00:00
26762,不是你不愛你,1184505,tt30474040,香港,2024-03-14 00:00:00,0,0,0,2025-03-02 01:08:54.339400+00:00,2025-03-02 16:42:24.139881+00:00
24916,失衡凶間之罪與殺,988900,tt27903398,香港,2023-09-01 00:00:00,0,0,0,2025-03-02 01:08:54.339400+00:00,2025-03-02 16:42:24.139881+00:00
27484,來世還作人,1117166,,香港,2024-05-24 00:00:00,0,0,78,2025-03-02 01:08:54.339400+00:00,2025-03-02 16:42:24.139881+00:00
23679,十三門徒,1002318,tt20603604,香港,2023-04-07 00:00:00,0,0,82,2025-03-02 01:08:54.339400+00:00,2025-03-02 16:42:24.139881+00:00
23623,屍房菜,1002317,tt20603692,香港,2023-04-06 00:00:00,0,0,89,2025-03-02 01:08:54.339400+00:00,2025-03-02 16:42:24.139881+00:00
20672,秋月,831031,tt8856814,香港,2022-03-06 00:00:00,0,0,90,2025-03-02 01:08:54.339400+00:00,2025-03-02 16:42:24.139881+00:00
27506,全個世界都有電話,1100901,tt28637452,香港,2024-06-21 00:00:00,0,0,91,2025-03-02 01:08:54.339400+00:00,2025-03-02 16:42:24.139881+00:00
21517,喜歡妳是妳,876189,tt15619584,香港,2022-07-15 00:00:00,0,0,92,2025-03-02 01:08:54.339400+00:00,2025-03-02 16:42:24.139881+00:00
23873,流水落花,1027944,tt22397894,香港,2023-03-17 00:00:00,0,0,93,2025-03-02 01:08:54.339400+00:00,2025-03-02 16:42:24.139881+00:00
20343,G風暴,814785,tt10423286,香港,2020-01-30 00:00:00,0,55540000,93,2025-03-02 01:08:54.339400+00:00,2025-03-02 16:42:24.139881+00:00
29466,從今以後,1157680,tt30439035,香港,2024-12-06 00:00:00,0,0,93,2025-03-02 01:08:54.339400+00:00,2025-03-02 16:42:24.139881+00:00
9993,阿飛正傳,18311,tt0101258,香港,1990-12-22 00:00:00,0,3255404,94,2025-03-02 01:08:54.339400+00:00,2025-03-02 16:42:24.139881+00:00
21747,闔家辣,851798,tt17044664,香港,2022-07-22 00:00:00,0,0,94,2025-03-02 01:08:54.339400+00:00,2025-03-02 16:42:24.139881+00:00
20741,英雄本色,11471,tt0092263,香港,1986-08-08 00:00:00,0,4469460,95,2025-03-02 01:08:54.339400+00:00,2025-03-02 16:42:24.139881+00:00
26033,年少日記,957863,tt27881474,香港,2023-12-08 00:00:00,415000,0,95,2025-03-02 01:08:54.339400+00:00,2025-03-02 16:42:24.139881+00:00
22231,一路瞳行,838119,tt14071698,香港,2022-09-08 00:00:00,0,0,96,2025-03-02 01:08:54.339400+00:00,2025-03-02 16:42:24.139881+00:00
23385,緣路山旮旯,898009,tt15618938,香港,2023-01-06 00:00:00,0,0,96,2025-03-02 01:08:54.339400+00:00,2025-03-02 16:42:24.139881+00:00
7331,春光乍洩,18329,tt0118845,香港,1997-06-07 00:00:00,125000,5000000,96,2025-03-02 01:08:54.339400+00:00,2025-03-02 16:42:24.139881+00:00
20763,胭脂扣,68883,tt0093258,香港,1987-12-05 00:00:00,0,0,96,2025-03-02 01:08:54.339400+00:00,2025-03-02 16:42:24.139881+00:00
26077,困獸,1172012,tt29571399,香港,2023-11-03 00:00:00,0,0,97,2025-03-02 01:08:54.339400+00:00,2025-03-02 16:42:24.139881+00:00
22631,憂鬱之島,924120,tt15282802,香港,2022-11-20 00:00:00,0,0,97,2025-03-02 01:08:54.339400+00:00,2025-03-02 16:42:24.139881+00:00
18149,墮落天使  4K數位修復版,11220,tt0112913,香港,2021-02-19 00:00:00,0,0,98,2025-03-02 01:08:54.339400+00:00,2025-03-02 16:42:24.139881+00:00
26612,臨時劫案,991197,tt30958950,香港,2024-01-23 00:00:00,0,32972054,98,2025-03-02 01:08:54.339400+00:00,2025-03-02 16:42:24.139881+00:00
22435,心裏美,987446,,香港,2022-09-30 00:00:00,0,0,98,2025-03-02 01:08:54.339400+00:00,2025-03-02 16:42:24.139881+00:00
20697,秋天的童話,64015,tt0093426,香港,1987-07-03 00:00:00,0,0,98,2025-03-02 01:08:54.339400+00:00,2025-03-02 16:42:24.139881+00:00
20716,重慶森林 4K數位修復版,11104,tt0109424,香港,2022-04-22 00:00:00,160000,0,98,2025-03-02 01:08:54.339400+00:00,2025-03-02 16:42:24.139881+00:00
28167,怨泊,1050491,tt22776798,香港,2024-08-02 00:00:00,0,0,99,2025-03-02 01:08:54.339400+00:00,2025-03-02 16:42:24.139881+00:00
23317,無間道,10775,tt0338564,香港,2022-12-30 00:00:00,6400000,8836958,100,2025-03-02 01:08:54.339400+00:00,2025-03-02 16:42:24.139881+00:00
25150,暗殺風暴,902533,tt17005282,香港,2023-08-25 00:00:00,16000000,0,100,2025-03-02 01:08:54.339400+00:00,2025-03-02 16:42:24.139881+00:00
25984,釀魂,1147689,tt28818363,香港,2023-10-27 00:00:00,0,0,100,2025-03-02 01:08:54.339400+00:00,2025-03-02 16:42:24.139881+00:00
26690,詩,1098275,tt27121093,香港,2024-03-22 00:00:00,0,0,101,2025-03-02 01:08:54.339400+00:00,2025-03-02 16:42:24.139881+00:00
21812,美少年之戀,27060,tt0168496,香港,2022-09-23 00:00:00,0,0,101,2025-03-02 01:08:54.339400+00:00,2025-03-02 16:42:24.139881+00:00
26743,七月返歸,1063863,tt28594068,香港,2024-02-07 00:00:00,0,0,102,2025-03-02 01:08:54.339400+00:00,2025-03-02 16:42:24.139881+00:00
26919,白晝如焚,993156,tt30488315,香港,2024-04-02 00:00:00,0,0,102,2025-03-02 01:08:54.339400+00:00,2025-03-02 16:42:24.139881+00:00
20822,神探大戰,543504,tt10283270,香港,2022-08-19 00:00:00,0,105500000,102,2025-03-02 01:08:54.339400+00:00,2025-03-02 16:42:24.139881+00:00
23964,燈火闌珊,824742,tt14071600,香港,2023-04-14 00:00:00,0,0,103,2025-03-02 01:08:54.339400+00:00,2025-03-02 16:42:24.139881+00:00
21978,流金歲月,255856,tt0095533,香港,2022-09-23 00:00:00,0,0,105,2025-03-02 01:08:54.339400+00:00,2025-03-02 16:42:24.139881+00:00
26234,白日之下,1099217,tt27881515,香港,2023-11-17 00:00:00,650000,2000000,106,2025-03-02 01:08:54.339400+00:00,2025-03-02 16:42:24.139881+00:00
26614,源生罪,991193,tt22000856,香港,2024-01-26 00:00:00,0,0,106,2025-03-02 01:08:54.339400+00:00,2025-03-02 16:42:24.139881+00:00
26034,4拍4家族,1063554,tt29602209,香港,2023-11-03 00:00:00,0,0,107,2025-03-02 01:08:54.339400+00:00,2025-03-02 16:42:24.139881+00:00
24731,命案,969050,tt19856688,香港,2023-06-26 00:00:00,0,0,108,2025-03-02 01:08:54.339400+00:00,2025-03-02 16:42:24.139881+00:00
26397,夜校,1177518,tt29244335,香港,2023-12-15 00:00:00,0,0,109,2025-03-02 01:08:54.339400+00:00,2025-03-02 16:42:24.139881+00:00
23439,投奔怒海,72445,tt0084807,香港,2023-03-03 00:00:00,0,1988145,109,2025-03-02 01:08:54.339400+00:00,2025-03-02 16:42:24.139881+00:00
23927,白日青春,1029168,tt18280126,香港,2023-03-31 00:00:00,0,0,111,2025-03-02 01:08:54.339400+00:00,2025-03-02 16:42:24.139881+00:00
23702,斷網,741602,tt20204936,香港,2023-03-08 00:00:00,0,9605591,111,2025-03-02 01:08:54.339400+00:00,2025-03-02 16:42:24.139881+00:00
26893,填詞L,998137,tt31159533,香港,2024-03-29 00:00:00,0,0,112,2025-03-02 01:08:54.339400+00:00,2025-03-02 16:42:24.139881+00:00
19986,濁水漂流,740467,tt13887128,香港,2021-11-19 00:00:00,0,0,112,2025-03-02 01:08:54.339400+00:00,2025-03-02 16:42:24.139881+00:00
21786,七人樂隊,537761,tt4431104,香港,2022-07-22 00:00:00,0,0,112,2025-03-02 01:08:54.339400+00:00,2025-03-02 16:42:24.139881+00:00
21123,海上花,45935,tt0156587,香港,2022-09-23 00:00:00,0,0,113,2025-03-02 01:08:54.339400+00:00,2025-03-02 16:42:24.139881+00:00
21047,邊緣行者,941132,tt18500636,香港,2022-05-06 00:00:00,0,0,113,2025-03-02 01:08:54.339400+00:00,2025-03-02 16:42:24.139881+00:00
23965,窄路微塵,957861,tt22398026,香港,2023-04-28 00:00:00,0,0,113,2025-03-02 01:08:54.339400+00:00,2025-03-02 16:42:24.139881+00:00
27002,但願人長久,942074,tt27139786,香港,2024-03-26 00:00:00,650000,0,113,2025-03-02 01:08:54.339400+00:00,2025-03-02 16:42:24.139881+00:00
28509,武替道,1095805,tt33420331,香港,2024-09-30 00:00:00,0,0,114,2025-03-02 01:08:54.339400+00:00,2025-03-02 16:42:24.139881+00:00
29012,我談的那場戀愛,1136690,tt31659167,香港,2024-11-11 00:00:00,0,2403433,114,2025-03-02 01:08:54.339400+00:00,2025-03-02 16:42:24.139881+00:00
16476,麥路人,640092,tt10117402,香港,2020-09-17 00:00:00,0,0,114,2025-03-02 01:08:54.339400+00:00,2025-03-02 16:42:24.139881+00:00
27822,海關戰線,989909,tt19029666,香港,2024-07-05 00:00:00,0,18333795,114,2025-03-02 01:08:54.339400+00:00,2025-03-02 16:42:24.139881+00:00
26510,潛行,999056,tt21330770,香港,2023-12-30 00:00:00,0,76000,115,2025-03-02 01:08:54.339400+00:00,2025-03-02 16:42:24.139881+00:00
22420,飯戲攻心,851800,tt21187542,香港,2022-09-23 00:00:00,0,10138355,116,2025-03-02 01:08:54.339400+00:00,2025-03-02 16:42:24.139881+00:00
29635,誤判,1128650,tt30024043,香港,2024-12-27 00:00:00,38500000,128093757,117,2025-03-02 01:08:54.339400+00:00,2025-03-02 16:42:24.139881+00:00
22876,智齒,591222,tt14032696,香港,2022-12-23 00:00:00,16000000,0,118,2025-03-02 01:08:54.339400+00:00,2025-03-02 16:42:24.139881+00:00
23349,無間道III：終極無間,14310,tt0374339,香港,2022-12-30 00:00:00,250000,4468597,118,2025-03-02 01:08:54.339400+00:00,2025-03-02 16:42:24.139881+00:00
24595,死屍死時四十四,1005259,tt26493446,香港,2023-07-07 00:00:00,0,0,119,2025-03-02 01:08:54.339400+00:00,2025-03-02 16:42:24.139881+00:00
23367,無間道II,11647,tt0369060,香港,2022-12-30 00:00:00,125000,3208262,119,2025-03-02 01:08:54.339400+00:00,2025-03-02 16:42:24.139881+00:00
17126,幻愛,674813,tt11810546,香港,2020-10-15 00:00:00,0,0,120,2025-03-02 01:08:54.339400+00:00,2025-03-02 16:42:24.139881+00:00
26471,金手指,823598,tt14099796,香港,2023-12-29 00:00:00,45000000,6136329,125,2025-03-02 01:08:54.339400+00:00,2025-03-02 16:42:24.139881+00:00
24981,掃毒3：人在天涯,1093485,tt26929966,香港,2023-07-28 00:00:00,0,0,125,2025-03-02 01:08:54.339400+00:00,2025-03-02 16:42:24.139881+00:00
21801,繼園臺七號,616020,tt10687168,香港,2022-09-21 00:00:00,0,0,125,2025-03-02 01:08:54.339400+00:00,2025-03-02 16:42:24.139881+00:00
27383,九龍城寨之圍城,923667,tt20316748,香港,2024-05-17 00:00:00,38400000,95399186,125,2025-03-02 01:08:54.339400+00:00,2025-03-02 16:42:24.139881+00:00
19159,怒火,513692,tt8165192,香港,2021-10-22 00:00:00,0,205000000,125,2025-03-02 01:08:54.339400+00:00,2025-03-02 16:42:24.139881+00:00
29429,破·地獄,1226141,tt31648020,香港,2024-11-19 00:00:00,0,0,126,2025-03-02 01:08:54.339400+00:00,2025-03-02 16:42:24.139881+00:00
22182,媽的星寵兒,942171,tt15244854,香港,2022-09-02 00:00:00,0,0,127,2025-03-02 01:08:54.339400+00:00,2025-03-02 16:42:24.139881+00:00
23519,2046 4K數位修復版,844,tt0212712,香港,2022-11-14 00:00:00,12000000,20205757,128,2025-03-02 01:08:54.339400+00:00,2025-03-02 16:42:24.139881+00:00
23440,天龍八部之喬峰傳,990140,tt22488024,香港,2023-01-17 00:00:00,0,159959,130,2025-03-02 01:08:54.339400+00:00,2025-03-02 16:42:24.139881+00:00
29672,爸爸,1178574,tt33499985,香港,2024-12-26 00:00:00,0,2806606,130,2025-03-02 01:08:54.339400+00:00,2025-03-02 16:42:24.139881+00:00
23635,毒舌大狀,990326,tt25377462,香港,2023-02-17 00:00:00,2800000,10000000,133,2025-03-02 01:08:54.339400+00:00,2025-03-02 16:42:24.139881+00:00
26761,飯戲攻心2,1187970,tt30478127,香港,2024-02-28 00:00:00,0,4871447,133,2025-03-02 01:08:54.339400+00:00,2025-03-02 16:42:24.139881+00:00
23391,正義迴廊,1005251,tt21867590,香港,2022-12-30 00:00:00,0,0,135,2025-03-02 01:08:54.339400+00:00,2025-03-02 16:42:24.139881+00:00
19859,梅艷芳,848788,tt15010590,香港,2021-11-12 00:00:00,10700000,0,136,2025-03-02 01:08:54.339400+00:00,2025-03-02 16:42:24.139881+00:00
26567,爆裂點,1020784,tt29632851,香港,2024-01-11 00:00:00,0,0,138,2025-03-02 01:08:54.339400+00:00,2025-03-02 16:42:24.139881+00:00
23688,風再起時,531379,tt6902394,香港,2023-02-21 00:00:00,38000000,0,144,2025-03-02 01:08:54.339400+00:00,2025-03-02 16:42:24.139881+00:00
20702,阮玲玉,68004,tt0102816,香港,1991-11-29 00:00:00,0,0,146,2025-03-02 01:08:54.339400+00:00,2025-03-02 16:42:24.139881+00:00
10916,霸王別姬(數位修復版),10997,tt0106332,香港,1993-12-10 00:00:00,4000000,6400000,171,2025-03-02 01:08:54.339400+00:00,2025-03-02 16:42:24.139881+00:00
