tmdb_id,genres_id,data_created_time,data_updated_time
11220,10749,2025-03-02 02:10:51.444746+00:00,2025-03-02 09:33:17.354428+00:00
974635,10749,2025-03-02 02:10:51.444746+00:00,2025-03-02 09:33:17.354428+00:00
1091044,10749,2025-03-02 02:10:51.444746+00:00,2025-03-02 09:33:17.354428+00:00
402431,10749,2025-03-02 02:10:51.444746+00:00,2025-03-02 09:33:17.354428+00:00
1188258,10749,2025-03-02 02:10:51.444746+00:00,2025-03-02 09:33:17.354428+00:00
757341,10749,2025-03-02 02:10:51.444746+00:00,2025-03-02 09:33:17.354428+00:00
3423,10749,2025-03-02 02:10:51.444746+00:00,2025-03-02 09:33:17.354428+00:00
588890,10751,2025-03-02 02:10:51.444746+00:00,2025-03-02 09:33:17.354428+00:00
749927,10751,2025-03-02 02:10:51.444746+00:00,2025-03-02 09:33:17.354428+00:00
1330874,10751,2025-03-02 02:10:51.444746+00:00,2025-03-02 09:33:17.354428+00:00
754067,12,2025-03-02 02:10:51.444746+00:00,2025-03-02 09:33:17.354428+00:00
1333100,12,2025-03-02 02:10:51.444746+00:00,2025-03-02 09:33:17.354428+00:00
700819,14,2025-03-02 02:10:51.444746+00:00,2025-03-02 09:33:17.354428+00:00
798286,14,2025-03-02 02:10:51.444746+00:00,2025-03-02 09:33:17.354428+00:00
1177667,16,2025-03-02 02:10:51.444746+00:00,2025-03-02 09:33:17.354428+00:00
3635,18,2025-03-02 02:10:51.444746+00:00,2025-03-02 09:33:17.354428+00:00
820517,18,2025-03-02 02:10:51.444746+00:00,2025-03-02 09:33:17.354428+00:00
83205,18,2025-03-02 02:10:51.444746+00:00,2025-03-02 09:33:17.354428+00:00
1008038,18,2025-03-02 02:10:51.444746+00:00,2025-03-02 09:33:17.354428+00:00
714650,18,2025-03-02 02:10:51.444746+00:00,2025-03-02 09:33:17.354428+00:00
15370,18,2025-03-02 02:10:51.444746+00:00,2025-03-02 09:33:17.354428+00:00
1000058,18,2025-03-02 02:10:51.444746+00:00,2025-03-02 09:33:17.354428+00:00
1276242,18,2025-03-02 02:10:51.444746+00:00,2025-03-02 09:33:17.354428+00:00
763285,18,2025-03-02 02:10:51.444746+00:00,2025-03-02 09:33:17.354428+00:00
957861,18,2025-03-02 02:10:51.444746+00:00,2025-03-02 09:33:17.354428+00:00
27062,18,2025-03-02 02:10:51.444746+00:00,2025-03-02 09:33:17.354428+00:00
955555,18,2025-03-02 02:10:51.444746+00:00,2025-03-02 09:33:17.354428+00:00
45935,18,2025-03-02 02:10:51.444746+00:00,2025-03-02 09:33:17.354428+00:00
12652,18,2025-03-02 02:10:51.444746+00:00,2025-03-02 09:33:17.354428+00:00
667717,18,2025-03-02 02:10:51.444746+00:00,2025-03-02 09:33:17.354428+00:00
957154,27,2025-03-02 02:10:51.444746+00:00,2025-03-02 09:33:17.354428+00:00
836225,27,2025-03-02 02:10:51.444746+00:00,2025-03-02 09:33:17.354428+00:00
460458,27,2025-03-02 02:10:51.444746+00:00,2025-03-02 09:33:17.354428+00:00
1008005,27,2025-03-02 02:10:51.444746+00:00,2025-03-02 09:33:17.354428+00:00
845611,28,2025-03-02 02:10:51.444746+00:00,2025-03-02 09:33:17.354428+00:00
1008742,28,2025-03-02 02:10:51.444746+00:00,2025-03-02 09:33:17.354428+00:00
1165466,28,2025-03-02 02:10:51.444746+00:00,2025-03-02 09:33:17.354428+00:00
763164,28,2025-03-02 02:10:51.444746+00:00,2025-03-02 09:33:17.354428+00:00
967847,35,2025-03-02 02:10:51.444746+00:00,2025-03-02 09:33:17.354428+00:00
245,35,2025-03-02 02:10:51.444746+00:00,2025-03-02 09:33:17.354428+00:00
62439,35,2025-03-02 02:10:51.444746+00:00,2025-03-02 09:33:17.354428+00:00
899112,35,2025-03-02 02:10:51.444746+00:00,2025-03-02 09:33:17.354428+00:00
594767,35,2025-03-02 02:10:51.444746+00:00,2025-03-02 09:33:17.354428+00:00
514880,35,2025-03-02 02:10:51.444746+00:00,2025-03-02 09:33:17.354428+00:00
1140221,35,2025-03-02 02:10:51.444746+00:00,2025-03-02 09:33:17.354428+00:00
735726,35,2025-03-02 02:10:51.444746+00:00,2025-03-02 09:33:17.354428+00:00
800301,35,2025-03-02 02:10:51.444746+00:00,2025-03-02 09:33:17.354428+00:00
256930,36,2025-03-02 02:10:51.444746+00:00,2025-03-02 09:33:17.354428+00:00
830788,53,2025-03-02 02:10:51.444746+00:00,2025-03-02 09:33:17.354428+00:00
522241,53,2025-03-02 02:10:51.444746+00:00,2025-03-02 09:33:17.354428+00:00
1276108,53,2025-03-02 02:10:51.444746+00:00,2025-03-02 09:33:17.354428+00:00
633374,53,2025-03-02 02:10:51.444746+00:00,2025-03-02 09:33:17.354428+00:00
646389,53,2025-03-02 02:10:51.444746+00:00,2025-03-02 09:33:17.354428+00:00
916821,53,2025-03-02 02:10:51.444746+00:00,2025-03-02 09:33:17.354428+00:00
1027073,53,2025-03-02 02:10:51.444746+00:00,2025-03-02 09:33:17.354428+00:00
1114513,53,2025-03-02 02:10:51.444746+00:00,2025-03-02 09:33:17.354428+00:00
54186,53,2025-03-02 02:10:51.444746+00:00,2025-03-02 09:33:17.354428+00:00
155,80,2025-03-02 02:10:51.444746+00:00,2025-03-02 09:33:17.354428+00:00
948184,80,2025-03-02 02:10:51.444746+00:00,2025-03-02 09:33:17.354428+00:00
545611,878,2025-03-02 02:10:51.444746+00:00,2025-03-02 09:33:17.354428+00:00
580489,878,2025-03-02 02:10:51.444746+00:00,2025-03-02 09:33:17.354428+00:00
813477,878,2025-03-02 02:10:51.444746+00:00,2025-03-02 09:33:17.354428+00:00
653346,878,2025-03-02 02:10:51.444746+00:00,2025-03-02 09:33:17.354428+00:00
589761,9648,2025-03-02 02:10:51.444746+00:00,2025-03-02 09:33:17.354428+00:00
791570,9648,2025-03-02 02:10:51.444746+00:00,2025-03-02 09:33:17.354428+00:00
626129,9648,2025-03-02 02:10:51.444746+00:00,2025-03-02 09:33:17.354428+00:00
1208994,99,2025-03-02 02:10:51.444746+00:00,2025-03-02 09:33:17.354428+00:00
1307028,99,2025-03-02 02:10:51.444746+00:00,2025-03-02 09:33:17.354428+00:00
1216623,10402,2025-03-02 02:10:51.444746+00:00,2025-03-02 09:33:17.354428+00:00
958179,10402,2025-03-02 02:10:51.444746+00:00,2025-03-02 09:33:17.354428+00:00
962489,10749,2025-03-02 02:10:51.444746+00:00,2025-03-02 09:33:17.354428+00:00
80,10749,2025-03-02 02:10:51.444746+00:00,2025-03-02 09:33:17.354428+00:00
876648,10749,2025-03-02 02:10:51.444746+00:00,2025-03-02 09:33:17.354428+00:00
839294,10749,2025-03-02 02:10:51.444746+00:00,2025-03-02 09:33:17.354428+00:00
976125,10749,2025-03-02 02:10:51.444746+00:00,2025-03-02 09:33:17.354428+00:00
1004555,10749,2025-03-02 02:10:51.444746+00:00,2025-03-02 09:33:17.354428+00:00
586352,10749,2025-03-02 02:10:51.444746+00:00,2025-03-02 09:33:17.354428+00:00
755437,10751,2025-03-02 02:10:51.444746+00:00,2025-03-02 09:33:17.354428+00:00
748783,10751,2025-03-02 02:10:51.444746+00:00,2025-03-02 09:33:17.354428+00:00
1189165,10751,2025-03-02 02:10:51.444746+00:00,2025-03-02 09:33:17.354428+00:00
586352,10751,2025-03-02 02:10:51.444746+00:00,2025-03-02 09:33:17.354428+00:00
846993,12,2025-03-02 02:10:51.444746+00:00,2025-03-02 09:33:17.354428+00:00
1078374,14,2025-03-02 02:10:51.444746+00:00,2025-03-02 09:33:17.354428+00:00
916192,14,2025-03-02 02:10:51.444746+00:00,2025-03-02 09:33:17.354428+00:00
917496,14,2025-03-02 02:10:51.444746+00:00,2025-03-02 09:33:17.354428+00:00
734002,18,2025-03-02 02:10:51.444746+00:00,2025-03-02 09:33:17.354428+00:00
1239035,18,2025-03-02 02:10:51.444746+00:00,2025-03-02 09:33:17.354428+00:00
934207,18,2025-03-02 02:10:51.444746+00:00,2025-03-02 09:33:17.354428+00:00
876127,18,2025-03-02 02:10:51.444746+00:00,2025-03-02 09:33:17.354428+00:00
916192,18,2025-03-02 02:10:51.444746+00:00,2025-03-02 09:33:17.354428+00:00
913820,18,2025-03-02 02:10:51.444746+00:00,2025-03-02 09:33:17.354428+00:00
864116,18,2025-03-02 02:10:51.444746+00:00,2025-03-02 09:33:17.354428+00:00
839369,18,2025-03-02 02:10:51.444746+00:00,2025-03-02 09:33:17.354428+00:00
165213,18,2025-03-02 02:10:51.444746+00:00,2025-03-02 09:33:17.354428+00:00
912480,18,2025-03-02 02:10:51.444746+00:00,2025-03-02 09:33:17.354428+00:00
1182047,18,2025-03-02 02:10:51.444746+00:00,2025-03-02 09:33:17.354428+00:00
1111750,18,2025-03-02 02:10:51.444746+00:00,2025-03-02 09:33:17.354428+00:00
717908,18,2025-03-02 02:10:51.444746+00:00,2025-03-02 09:33:17.354428+00:00
818415,18,2025-03-02 02:10:51.444746+00:00,2025-03-02 09:33:17.354428+00:00
1122715,18,2025-03-02 02:10:51.444746+00:00,2025-03-02 09:33:17.354428+00:00
1078374,18,2025-03-02 02:10:51.444746+00:00,2025-03-02 09:33:17.354428+00:00
1040892,27,2025-03-02 02:10:51.444746+00:00,2025-03-02 09:33:17.354428+00:00
840705,27,2025-03-02 02:10:51.444746+00:00,2025-03-02 07:00:01.825963+00:00
762441,27,2025-03-02 02:10:51.444746+00:00,2025-03-02 09:33:17.354428+00:00
987540,27,2025-03-02 02:10:51.444746+00:00,2025-03-02 09:33:17.354428+00:00
1051896,28,2025-03-02 02:10:51.444746+00:00,2025-03-02 09:33:17.354428+00:00
1072493,28,2025-03-02 02:10:51.444746+00:00,2025-03-02 09:33:17.354428+00:00
1039769,28,2025-03-02 02:10:51.444746+00:00,2025-03-02 09:33:17.354428+00:00
1080494,28,2025-03-02 02:10:51.444746+00:00,2025-03-02 09:33:17.354428+00:00
560144,28,2025-03-02 02:10:51.444746+00:00,2025-03-02 09:33:17.354428+00:00
717908,35,2025-03-02 02:10:51.444746+00:00,2025-03-02 09:33:17.354428+00:00
567927,35,2025-03-02 02:10:51.444746+00:00,2025-03-02 09:33:17.354428+00:00
25657,35,2025-03-02 02:10:51.444746+00:00,2025-03-02 09:33:17.354428+00:00
1187970,35,2025-03-02 02:10:51.444746+00:00,2025-03-02 09:33:17.354428+00:00
5781,35,2025-03-02 02:10:51.444746+00:00,2025-03-02 09:33:17.354428+00:00
42011,35,2025-03-02 02:10:51.444746+00:00,2025-03-02 09:33:17.354428+00:00
522241,36,2025-03-02 02:10:51.444746+00:00,2025-03-02 09:33:17.354428+00:00
537761,36,2025-03-02 02:10:51.444746+00:00,2025-03-02 09:33:17.354428+00:00
41962,53,2025-03-02 02:10:51.444746+00:00,2025-03-02 09:33:17.354428+00:00
1090024,53,2025-03-02 02:10:51.444746+00:00,2025-03-02 09:33:17.354428+00:00
609768,53,2025-03-02 02:10:51.444746+00:00,2025-03-02 09:33:17.354428+00:00
958017,53,2025-03-02 02:10:51.444746+00:00,2025-03-02 09:33:17.354428+00:00
1300157,53,2025-03-02 02:10:51.444746+00:00,2025-03-02 09:33:17.354428+00:00
792775,53,2025-03-02 02:10:51.444746+00:00,2025-03-02 09:33:17.354428+00:00
760875,53,2025-03-02 02:10:51.444746+00:00,2025-03-02 09:33:17.354428+00:00
4550,53,2025-03-02 02:10:51.444746+00:00,2025-03-02 09:33:17.354428+00:00
573435,53,2025-03-02 02:10:51.444746+00:00,2025-03-02 09:33:17.354428+00:00
420634,53,2025-03-02 02:10:51.444746+00:00,2025-03-02 09:33:17.354428+00:00
1244361,53,2025-03-02 02:10:51.444746+00:00,2025-03-02 09:33:17.354428+00:00
179890,80,2025-03-02 02:10:51.444746+00:00,2025-03-02 09:33:17.354428+00:00
1093453,80,2025-03-02 02:10:51.444746+00:00,2025-03-02 09:33:17.354428+00:00
470,80,2025-03-02 02:10:51.444746+00:00,2025-03-02 09:33:17.354428+00:00
491584,9648,2025-03-02 02:10:51.444746+00:00,2025-03-02 09:33:17.354428+00:00
997294,9648,2025-03-02 02:10:51.444746+00:00,2025-03-02 09:33:17.354428+00:00
1156255,9648,2025-03-02 02:10:51.444746+00:00,2025-03-02 09:33:17.354428+00:00
978592,9648,2025-03-02 02:10:51.444746+00:00,2025-03-02 09:33:17.354428+00:00
798362,9648,2025-03-02 02:10:51.444746+00:00,2025-03-02 09:33:17.354428+00:00
1007962,9648,2025-03-02 02:10:51.444746+00:00,2025-03-02 09:33:17.354428+00:00
1181642,9648,2025-03-02 02:10:51.444746+00:00,2025-03-02 09:33:17.354428+00:00
507089,9648,2025-03-02 02:10:51.444746+00:00,2025-03-02 09:33:17.354428+00:00
611489,9648,2025-03-02 02:10:51.444746+00:00,2025-03-02 09:33:17.354428+00:00
1069813,9648,2025-03-02 02:10:51.444746+00:00,2025-03-02 09:33:17.354428+00:00
762504,9648,2025-03-02 09:33:17.354428+00:00,2025-03-02 09:33:17.354428+00:00
950282,18,2025-03-02 09:33:17.354428+00:00,2025-03-02 09:33:17.354428+00:00
842424,10402,2025-03-02 02:10:51.444746+00:00,2025-03-02 09:33:17.354428+00:00
356701,10749,2025-03-02 02:10:51.444746+00:00,2025-03-02 09:33:17.354428+00:00
10452,10749,2025-03-02 02:10:51.444746+00:00,2025-03-02 09:33:17.354428+00:00
12652,10749,2025-03-02 02:10:51.444746+00:00,2025-03-02 09:33:17.354428+00:00
398818,10749,2025-03-02 02:10:51.444746+00:00,2025-03-02 09:33:17.354428+00:00
835975,10749,2025-03-02 02:10:51.444746+00:00,2025-03-02 09:33:17.354428+00:00
851800,10749,2025-03-02 02:10:51.444746+00:00,2025-03-02 09:33:17.354428+00:00
928709,10749,2025-03-02 02:10:51.444746+00:00,2025-03-02 09:33:17.354428+00:00
617882,10749,2025-03-02 02:10:51.444746+00:00,2025-03-02 09:33:17.354428+00:00
976581,10749,2025-03-02 02:10:51.444746+00:00,2025-03-02 09:33:17.354428+00:00
782054,10751,2025-03-02 02:10:51.444746+00:00,2025-03-02 09:33:17.354428+00:00
1026559,10751,2025-03-02 02:10:51.444746+00:00,2025-03-02 09:33:17.354428+00:00
12155,10751,2025-03-02 02:10:51.444746+00:00,2025-03-02 09:33:17.354428+00:00
579831,10752,2025-03-02 02:10:51.444746+00:00,2025-03-02 09:33:17.354428+00:00
581577,10752,2025-03-02 02:10:51.444746+00:00,2025-03-02 09:33:17.354428+00:00
131634,12,2025-03-02 02:10:51.444746+00:00,2025-03-02 09:33:17.354428+00:00
700391,12,2025-03-02 02:10:51.444746+00:00,2025-03-02 09:33:17.354428+00:00
505642,12,2025-03-02 02:10:51.444746+00:00,2025-03-02 09:33:17.354428+00:00
453395,14,2025-03-02 02:10:51.444746+00:00,2025-03-02 09:33:17.354428+00:00
989232,14,2025-03-02 02:10:51.444746+00:00,2025-03-02 09:33:17.354428+00:00
21712,14,2025-03-02 02:10:51.444746+00:00,2025-03-02 09:33:17.354428+00:00
904759,14,2025-03-02 02:10:51.444746+00:00,2025-03-02 09:33:17.354428+00:00
11621,16,2025-03-02 02:10:51.444746+00:00,2025-03-02 09:33:17.354428+00:00
569094,16,2025-03-02 02:10:51.444746+00:00,2025-03-02 09:33:17.354428+00:00
678299,16,2025-03-02 02:10:51.444746+00:00,2025-03-02 09:33:17.354428+00:00
1146972,16,2025-03-02 02:10:51.444746+00:00,2025-03-02 09:33:17.354428+00:00
1121326,18,2025-03-02 02:10:51.444746+00:00,2025-03-02 09:33:17.354428+00:00
995746,18,2025-03-02 02:10:51.444746+00:00,2025-03-02 09:33:17.354428+00:00
1154154,18,2025-03-02 02:10:51.444746+00:00,2025-03-02 09:33:17.354428+00:00
30020,18,2025-03-02 02:10:51.444746+00:00,2025-03-02 09:33:17.354428+00:00
848788,18,2025-03-02 02:10:51.444746+00:00,2025-03-02 09:33:17.354428+00:00
11010,18,2025-03-02 02:10:51.444746+00:00,2025-03-02 09:33:17.354428+00:00
632632,18,2025-03-02 02:10:51.444746+00:00,2025-03-02 09:33:17.354428+00:00
1005299,18,2025-03-02 02:10:51.444746+00:00,2025-03-02 09:33:17.354428+00:00
998022,18,2025-03-02 02:10:51.444746+00:00,2025-03-02 09:33:17.354428+00:00
996499,18,2025-03-02 02:10:51.444746+00:00,2025-03-02 09:33:17.354428+00:00
12254,18,2025-03-02 02:10:51.444746+00:00,2025-03-02 09:33:17.354428+00:00
788030,18,2025-03-02 02:10:51.444746+00:00,2025-03-02 09:33:17.354428+00:00
1057001,18,2025-03-02 02:10:51.444746+00:00,2025-03-02 09:33:17.354428+00:00
1214485,18,2025-03-02 02:10:51.444746+00:00,2025-03-02 09:33:17.354428+00:00
912520,18,2025-03-02 02:10:51.444746+00:00,2025-03-02 09:33:17.354428+00:00
87827,18,2025-03-02 02:10:51.444746+00:00,2025-03-02 09:33:17.354428+00:00
1268198,18,2025-03-02 02:10:51.444746+00:00,2025-03-02 09:33:17.354428+00:00
959439,27,2025-03-02 02:10:51.444746+00:00,2025-03-02 09:33:17.354428+00:00
952127,27,2025-03-02 02:10:51.444746+00:00,2025-03-02 09:33:17.354428+00:00
853387,27,2025-03-02 02:10:51.444746+00:00,2025-03-02 09:33:17.354428+00:00
335977,28,2025-03-02 02:10:51.444746+00:00,2025-03-02 09:33:17.354428+00:00
283566,28,2025-03-02 02:10:51.444746+00:00,2025-03-02 09:33:17.354428+00:00
601796,28,2025-03-02 02:10:51.444746+00:00,2025-03-02 09:33:17.354428+00:00
1069813,28,2025-03-02 02:10:51.444746+00:00,2025-03-02 09:33:17.354428+00:00
634649,28,2025-03-02 02:10:51.444746+00:00,2025-03-02 09:33:17.354428+00:00
744,28,2025-03-02 02:10:51.444746+00:00,2025-03-02 09:33:17.354428+00:00
582886,35,2025-03-02 02:10:51.444746+00:00,2025-03-02 09:33:17.354428+00:00
879689,35,2025-03-02 02:10:51.444746+00:00,2025-03-02 09:33:17.354428+00:00
739405,35,2025-03-02 02:10:51.444746+00:00,2025-03-02 09:33:17.354428+00:00
755437,35,2025-03-02 02:10:51.444746+00:00,2025-03-02 09:33:17.354428+00:00
726894,36,2025-03-02 02:10:51.444746+00:00,2025-03-02 09:33:17.354428+00:00
695089,36,2025-03-02 02:10:51.444746+00:00,2025-03-02 09:33:17.354428+00:00
617762,36,2025-03-02 02:10:51.444746+00:00,2025-03-02 09:33:17.354428+00:00
579831,36,2025-03-02 02:10:51.444746+00:00,2025-03-02 09:33:17.354428+00:00
749136,36,2025-03-02 02:10:51.444746+00:00,2025-03-02 09:33:17.354428+00:00
901410,53,2025-03-02 02:10:51.444746+00:00,2025-03-02 09:33:17.354428+00:00
1226578,53,2025-03-02 02:10:51.444746+00:00,2025-03-02 09:33:17.354428+00:00
945729,53,2025-03-02 02:10:51.444746+00:00,2025-03-02 09:33:17.354428+00:00
640327,53,2025-03-02 02:10:51.444746+00:00,2025-03-02 09:33:17.354428+00:00
475557,53,2025-03-02 02:10:51.444746+00:00,2025-03-02 09:33:17.354428+00:00
641,80,2025-03-02 02:10:51.444746+00:00,2025-03-02 09:33:17.354428+00:00
1047003,80,2025-03-02 02:10:51.444746+00:00,2025-03-02 09:33:17.354428+00:00
950019,80,2025-03-02 02:10:51.444746+00:00,2025-03-02 09:33:17.354428+00:00
1002780,878,2025-03-02 02:10:51.444746+00:00,2025-03-02 09:33:17.354428+00:00
762441,878,2025-03-02 02:10:51.444746+00:00,2025-03-02 09:33:17.354428+00:00
678299,878,2025-03-02 02:10:51.444746+00:00,2025-03-02 09:33:17.354428+00:00
12924,878,2025-03-02 02:10:51.444746+00:00,2025-03-02 09:33:17.354428+00:00
977177,9648,2025-03-02 02:10:51.444746+00:00,2025-03-02 09:33:17.354428+00:00
844225,9648,2025-03-02 02:10:51.444746+00:00,2025-03-02 09:33:17.354428+00:00
1176166,9648,2025-03-02 02:10:51.444746+00:00,2025-03-02 09:33:17.354428+00:00
1276210,9648,2025-03-02 02:10:51.444746+00:00,2025-03-02 09:33:17.354428+00:00
1308707,99,2025-03-02 02:10:51.444746+00:00,2025-03-02 09:33:17.354428+00:00
853084,99,2025-03-02 02:10:51.444746+00:00,2025-03-02 09:33:17.354428+00:00
1159247,99,2025-03-02 02:10:51.444746+00:00,2025-03-02 09:33:17.354428+00:00
987424,99,2025-03-02 02:10:51.444746+00:00,2025-03-02 09:33:17.354428+00:00
1274238,99,2025-03-02 02:10:51.444746+00:00,2025-03-02 09:33:17.354428+00:00
1074049,35,2025-03-02 09:33:17.354428+00:00,2025-03-02 09:33:17.354428+00:00
482150,10402,2025-03-02 02:10:51.444746+00:00,2025-03-02 09:33:17.354428+00:00
946615,10402,2025-03-02 02:10:51.444746+00:00,2025-03-02 09:33:17.354428+00:00
1210309,10402,2025-03-02 02:10:51.444746+00:00,2025-03-02 09:33:17.354428+00:00
661539,10402,2025-03-02 02:10:51.444746+00:00,2025-03-02 09:33:17.354428+00:00
1075010,10402,2025-03-02 02:10:51.444746+00:00,2025-03-02 09:33:17.354428+00:00
743173,10749,2025-03-02 02:10:51.444746+00:00,2025-03-02 09:33:17.354428+00:00
1240834,10749,2025-03-02 02:10:51.444746+00:00,2025-03-02 09:33:17.354428+00:00
1283068,10749,2025-03-02 02:10:51.444746+00:00,2025-03-02 09:33:17.354428+00:00
5879,10749,2025-03-02 02:10:51.444746+00:00,2025-03-02 09:33:17.354428+00:00
128246,10749,2025-03-02 02:10:51.444746+00:00,2025-03-02 09:33:17.354428+00:00
1628,10749,2025-03-02 02:10:51.444746+00:00,2025-03-02 09:33:17.354428+00:00
804725,10749,2025-03-02 02:10:51.444746+00:00,2025-03-02 09:33:17.354428+00:00
762509,10751,2025-03-02 02:10:51.444746+00:00,2025-03-02 09:33:17.354428+00:00
923579,10751,2025-03-02 02:10:51.444746+00:00,2025-03-02 09:33:17.354428+00:00
893723,10751,2025-03-02 02:10:51.444746+00:00,2025-03-02 09:33:17.354428+00:00
514880,10751,2025-03-02 02:10:51.444746+00:00,2025-03-02 09:33:17.354428+00:00
447277,10751,2025-03-02 02:10:51.444746+00:00,2025-03-02 09:33:17.354428+00:00
892527,10751,2025-03-02 02:10:51.444746+00:00,2025-03-02 09:33:17.354428+00:00
62439,10751,2025-03-02 02:10:51.444746+00:00,2025-03-02 09:33:17.354428+00:00
818415,10752,2025-03-02 02:10:51.444746+00:00,2025-03-02 09:33:17.354428+00:00
675,12,2025-03-02 02:10:51.444746+00:00,2025-03-02 09:33:17.354428+00:00
783121,12,2025-03-02 02:10:51.444746+00:00,2025-03-02 09:33:17.354428+00:00
766907,12,2025-03-02 02:10:51.444746+00:00,2025-03-02 09:33:17.354428+00:00
671,14,2025-03-02 02:10:51.444746+00:00,2025-03-02 09:33:17.354428+00:00
567811,14,2025-03-02 02:10:51.444746+00:00,2025-03-02 09:33:17.354428+00:00
12429,14,2025-03-02 02:10:51.444746+00:00,2025-03-02 09:33:17.354428+00:00
887870,16,2025-03-02 02:10:51.444746+00:00,2025-03-02 09:33:17.354428+00:00
1103621,18,2025-03-02 02:10:51.444746+00:00,2025-03-02 09:33:17.354428+00:00
640327,18,2025-03-02 02:10:51.444746+00:00,2025-03-02 09:33:17.354428+00:00
1005996,18,2025-03-02 02:10:51.444746+00:00,2025-03-02 09:33:17.354428+00:00
2517,18,2025-03-02 02:10:51.444746+00:00,2025-03-02 09:33:17.354428+00:00
759524,18,2025-03-02 02:10:51.444746+00:00,2025-03-02 09:33:17.354428+00:00
10452,18,2025-03-02 02:10:51.444746+00:00,2025-03-02 09:33:17.354428+00:00
117129,18,2025-03-02 02:10:51.444746+00:00,2025-03-02 09:33:17.354428+00:00
958161,18,2025-03-02 02:10:51.444746+00:00,2025-03-02 09:33:17.354428+00:00
610249,18,2025-03-02 02:10:51.444746+00:00,2025-03-02 09:33:17.354428+00:00
76826,18,2025-03-02 02:10:51.444746+00:00,2025-03-02 09:33:17.354428+00:00
925943,18,2025-03-02 02:10:51.444746+00:00,2025-03-02 09:33:17.354428+00:00
3176,18,2025-03-02 02:10:51.444746+00:00,2025-03-02 09:33:17.354428+00:00
1261250,18,2025-03-02 02:10:51.444746+00:00,2025-03-02 09:33:17.354428+00:00
11416,18,2025-03-02 02:10:51.444746+00:00,2025-03-02 09:33:17.354428+00:00
47795,18,2025-03-02 02:10:51.444746+00:00,2025-03-02 09:33:17.354428+00:00
840528,27,2025-03-02 02:10:51.444746+00:00,2025-03-02 09:33:17.354428+00:00
938133,27,2025-03-02 02:10:51.444746+00:00,2025-03-02 09:33:17.354428+00:00
653851,28,2025-03-02 02:10:51.444746+00:00,2025-03-02 09:33:17.354428+00:00
923667,28,2025-03-02 02:10:51.444746+00:00,2025-03-02 09:33:17.354428+00:00
746333,28,2025-03-02 02:10:51.444746+00:00,2025-03-02 09:33:17.354428+00:00
810693,28,2025-03-02 02:10:51.444746+00:00,2025-03-02 09:33:17.354428+00:00
1177518,35,2025-03-02 02:10:51.444746+00:00,2025-03-02 09:33:17.354428+00:00
533535,35,2025-03-02 02:10:51.444746+00:00,2025-03-02 09:33:17.354428+00:00
912632,35,2025-03-02 02:10:51.444746+00:00,2025-03-02 09:33:17.354428+00:00
803694,35,2025-03-02 02:10:51.444746+00:00,2025-03-02 09:33:17.354428+00:00
930432,35,2025-03-02 02:10:51.444746+00:00,2025-03-02 09:33:17.354428+00:00
845781,35,2025-03-02 02:10:51.444746+00:00,2025-03-02 09:33:17.354428+00:00
1201210,36,2025-03-02 02:10:51.444746+00:00,2025-03-02 09:33:17.354428+00:00
1182047,36,2025-03-02 02:10:51.444746+00:00,2025-03-02 09:33:17.354428+00:00
642538,36,2025-03-02 02:10:51.444746+00:00,2025-03-02 09:33:17.354428+00:00
716612,36,2025-03-02 02:10:51.444746+00:00,2025-03-02 09:33:17.354428+00:00
942199,53,2025-03-02 02:10:51.444746+00:00,2025-03-02 09:33:17.354428+00:00
628878,53,2025-03-02 02:10:51.444746+00:00,2025-03-02 09:33:17.354428+00:00
729854,53,2025-03-02 02:10:51.444746+00:00,2025-03-02 09:33:17.354428+00:00
245891,53,2025-03-02 02:10:51.444746+00:00,2025-03-02 09:33:17.354428+00:00
505026,53,2025-03-02 02:10:51.444746+00:00,2025-03-02 09:33:17.354428+00:00
655363,53,2025-03-02 02:10:51.444746+00:00,2025-03-02 09:33:17.354428+00:00
794719,53,2025-03-02 02:10:51.444746+00:00,2025-03-02 09:33:17.354428+00:00
979924,53,2025-03-02 02:10:51.444746+00:00,2025-03-02 09:33:17.354428+00:00
1008409,80,2025-03-02 02:10:51.444746+00:00,2025-03-02 09:33:17.354428+00:00
988900,80,2025-03-02 02:10:51.444746+00:00,2025-03-02 09:33:17.354428+00:00
882059,80,2025-03-02 02:10:51.444746+00:00,2025-03-02 09:33:17.354428+00:00
950863,878,2025-03-02 02:10:51.444746+00:00,2025-03-02 09:33:17.354428+00:00
1189165,878,2025-03-02 02:10:51.444746+00:00,2025-03-02 09:33:17.354428+00:00
171372,9648,2025-03-02 02:10:51.444746+00:00,2025-03-02 09:33:17.354428+00:00
513692,9648,2025-03-02 02:10:51.444746+00:00,2025-03-02 09:33:17.354428+00:00
1032330,99,2025-03-02 02:10:51.444746+00:00,2025-03-02 09:33:17.354428+00:00
1252163,10402,2025-03-02 02:10:51.444746+00:00,2025-03-02 09:33:17.354428+00:00
800151,10402,2025-03-02 02:10:51.444746+00:00,2025-03-02 09:33:17.354428+00:00
1035872,10402,2025-03-02 02:10:51.444746+00:00,2025-03-02 09:33:17.354428+00:00
914206,10749,2025-03-02 02:10:51.444746+00:00,2025-03-02 09:33:17.354428+00:00
4043,10749,2025-03-02 02:10:51.444746+00:00,2025-03-02 09:33:17.354428+00:00
921,10749,2025-03-02 02:10:51.444746+00:00,2025-03-02 09:33:17.354428+00:00
1153325,10749,2025-03-02 02:10:51.444746+00:00,2025-03-02 09:33:17.354428+00:00
1152908,10749,2025-03-02 02:10:51.444746+00:00,2025-03-02 09:33:17.354428+00:00
1989,10749,2025-03-02 02:10:51.444746+00:00,2025-03-02 09:33:17.354428+00:00
47002,10749,2025-03-02 02:10:51.444746+00:00,2025-03-02 09:33:17.354428+00:00
1257388,10749,2025-03-02 02:10:51.444746+00:00,2025-03-02 09:33:17.354428+00:00
1101734,10751,2025-03-02 02:10:51.444746+00:00,2025-03-02 09:33:17.354428+00:00
1030587,10751,2025-03-02 02:10:51.444746+00:00,2025-03-02 09:33:17.354428+00:00
653851,10752,2025-03-02 02:10:51.444746+00:00,2025-03-02 09:33:17.354428+00:00
898230,12,2025-03-02 02:10:51.444746+00:00,2025-03-02 09:33:17.354428+00:00
639721,12,2025-03-02 02:10:51.444746+00:00,2025-03-02 09:33:17.354428+00:00
476669,12,2025-03-02 02:10:51.444746+00:00,2025-03-02 09:33:17.354428+00:00
958161,12,2025-03-02 02:10:51.444746+00:00,2025-03-02 09:33:17.354428+00:00
447365,12,2025-03-02 02:10:51.444746+00:00,2025-03-02 09:33:17.354428+00:00
12155,14,2025-03-02 02:10:51.444746+00:00,2025-03-02 09:33:17.354428+00:00
839033,14,2025-03-02 02:10:51.444746+00:00,2025-03-02 09:33:17.354428+00:00
635302,16,2025-03-02 02:10:51.444746+00:00,2025-03-02 09:33:17.354428+00:00
916224,16,2025-03-02 02:10:51.444746+00:00,2025-03-02 09:33:17.354428+00:00
783675,16,2025-03-02 02:10:51.444746+00:00,2025-03-02 09:33:17.354428+00:00
958179,18,2025-03-02 02:10:51.444746+00:00,2025-03-02 09:33:17.354428+00:00
9746,18,2025-03-02 02:10:51.444746+00:00,2025-03-02 09:33:17.354428+00:00
989909,18,2025-03-02 02:10:51.444746+00:00,2025-03-02 09:33:17.354428+00:00
682152,18,2025-03-02 02:10:51.444746+00:00,2025-03-02 09:33:17.354428+00:00
89455,18,2025-03-02 02:10:51.444746+00:00,2025-03-02 09:33:17.354428+00:00
1019421,18,2025-03-02 02:10:51.444746+00:00,2025-03-02 09:33:17.354428+00:00
810677,18,2025-03-02 02:10:51.444746+00:00,2025-03-02 09:33:17.354428+00:00
968146,18,2025-03-02 02:10:51.444746+00:00,2025-03-02 09:33:17.354428+00:00
899387,18,2025-03-02 02:10:51.444746+00:00,2025-03-02 09:33:17.354428+00:00
678512,18,2025-03-02 02:10:51.444746+00:00,2025-03-02 09:33:17.354428+00:00
546630,18,2025-03-02 02:10:51.444746+00:00,2025-03-02 09:33:17.354428+00:00
928730,18,2025-03-02 02:10:51.444746+00:00,2025-03-02 09:33:17.354428+00:00
11889,18,2025-03-02 02:10:51.444746+00:00,2025-03-02 09:33:17.354428+00:00
866611,18,2025-03-02 02:10:51.444746+00:00,2025-03-02 09:33:17.354428+00:00
1331693,18,2025-03-02 02:10:51.444746+00:00,2025-03-02 09:33:17.354428+00:00
22536,18,2025-03-02 02:10:51.444746+00:00,2025-03-02 09:33:17.354428+00:00
838119,18,2025-03-02 02:10:51.444746+00:00,2025-03-02 09:33:17.354428+00:00
942881,18,2025-03-02 02:10:51.444746+00:00,2025-03-02 09:33:17.354428+00:00
961256,18,2025-03-02 02:10:51.444746+00:00,2025-03-02 09:33:17.354428+00:00
499556,18,2025-03-02 02:10:51.444746+00:00,2025-03-02 09:33:17.354428+00:00
609768,27,2025-03-02 02:10:51.444746+00:00,2025-03-02 09:33:17.354428+00:00
801271,27,2025-03-02 02:10:51.444746+00:00,2025-03-02 09:33:17.354428+00:00
934433,27,2025-03-02 02:10:51.444746+00:00,2025-03-02 09:33:17.354428+00:00
1165466,27,2025-03-02 02:10:51.444746+00:00,2025-03-02 09:33:17.354428+00:00
964592,27,2025-03-02 02:10:51.444746+00:00,2025-03-02 09:33:17.354428+00:00
1288175,27,2025-03-02 02:10:51.444746+00:00,2025-03-02 09:33:17.354428+00:00
11471,28,2025-03-02 02:10:51.444746+00:00,2025-03-02 09:33:17.354428+00:00
949709,28,2025-03-02 02:10:51.444746+00:00,2025-03-02 09:33:17.354428+00:00
1019939,28,2025-03-02 02:10:51.444746+00:00,2025-03-02 09:33:17.354428+00:00
667538,28,2025-03-02 02:10:51.444746+00:00,2025-03-02 09:33:17.354428+00:00
814785,28,2025-03-02 02:10:51.444746+00:00,2025-03-02 09:33:17.354428+00:00
956759,35,2025-03-02 02:10:51.444746+00:00,2025-03-02 09:33:17.354428+00:00
1093215,35,2025-03-02 02:10:51.444746+00:00,2025-03-02 09:33:17.354428+00:00
851800,35,2025-03-02 02:10:51.444746+00:00,2025-03-02 09:33:17.354428+00:00
1211650,35,2025-03-02 02:10:51.444746+00:00,2025-03-02 09:33:17.354428+00:00
1059572,35,2025-03-02 02:10:51.444746+00:00,2025-03-02 09:33:17.354428+00:00
46361,35,2025-03-02 02:10:51.444746+00:00,2025-03-02 09:33:17.354428+00:00
1629,35,2025-03-02 02:10:51.444746+00:00,2025-03-02 09:33:17.354428+00:00
773910,35,2025-03-02 02:10:51.444746+00:00,2025-03-02 09:33:17.354428+00:00
804616,53,2025-03-02 02:10:51.444746+00:00,2025-03-02 09:33:17.354428+00:00
1026436,53,2025-03-02 02:10:51.444746+00:00,2025-03-02 09:33:17.354428+00:00
513692,53,2025-03-02 02:10:51.444746+00:00,2025-03-02 09:33:17.354428+00:00
491584,53,2025-03-02 02:10:51.444746+00:00,2025-03-02 09:33:17.354428+00:00
423108,53,2025-03-02 02:10:51.444746+00:00,2025-03-02 09:33:17.354428+00:00
850028,53,2025-03-02 02:10:51.444746+00:00,2025-03-02 09:33:17.354428+00:00
912480,80,2025-03-02 02:10:51.444746+00:00,2025-03-02 09:33:17.354428+00:00
14310,80,2025-03-02 02:10:51.444746+00:00,2025-03-02 09:33:17.354428+00:00
11220,80,2025-03-02 02:10:51.444746+00:00,2025-03-02 09:33:17.354428+00:00
958487,878,2025-03-02 02:10:51.444746+00:00,2025-03-02 09:33:17.354428+00:00
62,878,2025-03-02 02:10:51.444746+00:00,2025-03-02 09:33:17.354428+00:00
302528,9648,2025-03-02 02:10:51.444746+00:00,2025-03-02 09:33:17.354428+00:00
576845,9648,2025-03-02 02:10:51.444746+00:00,2025-03-02 09:33:17.354428+00:00
1071215,9648,2025-03-02 02:10:51.444746+00:00,2025-03-02 09:33:17.354428+00:00
1076443,99,2025-03-02 02:10:51.444746+00:00,2025-03-02 09:33:17.354428+00:00
1070449,99,2025-03-02 02:10:51.444746+00:00,2025-03-02 09:33:17.354428+00:00
809488,99,2025-03-02 02:10:51.444746+00:00,2025-03-02 09:33:17.354428+00:00
577721,99,2025-03-02 02:10:51.444746+00:00,2025-03-02 09:33:17.354428+00:00
1209560,99,2025-03-02 02:10:51.444746+00:00,2025-03-02 09:33:17.354428+00:00
1305515,99,2025-03-02 02:10:51.444746+00:00,2025-03-02 09:33:17.354428+00:00
1031050,99,2025-03-02 02:10:51.444746+00:00,2025-03-02 09:33:17.354428+00:00
473888,10402,2025-03-02 02:10:51.444746+00:00,2025-03-02 09:33:17.354428+00:00
846716,10749,2025-03-02 02:10:51.444746+00:00,2025-03-02 09:33:17.354428+00:00
746036,10749,2025-03-02 02:10:51.444746+00:00,2025-03-02 09:33:17.354428+00:00
906467,10749,2025-03-02 02:10:51.444746+00:00,2025-03-02 09:33:17.354428+00:00
859798,10749,2025-03-02 02:10:51.444746+00:00,2025-03-02 09:33:17.354428+00:00
198375,10749,2025-03-02 02:10:51.444746+00:00,2025-03-02 09:33:17.354428+00:00
1079091,10749,2025-03-02 02:10:51.444746+00:00,2025-03-02 09:33:17.354428+00:00
795254,10749,2025-03-02 02:10:51.444746+00:00,2025-03-02 09:33:17.354428+00:00
16859,10751,2025-03-02 02:10:51.444746+00:00,2025-03-02 09:33:17.354428+00:00
11621,10751,2025-03-02 02:10:51.444746+00:00,2025-03-02 09:33:17.354428+00:00
1026227,10752,2025-03-02 02:10:51.444746+00:00,2025-03-02 09:33:17.354428+00:00
496331,12,2025-03-02 02:10:51.444746+00:00,2025-03-02 09:33:17.354428+00:00
786892,12,2025-03-02 02:10:51.444746+00:00,2025-03-02 09:33:17.354428+00:00
778855,12,2025-03-02 02:10:51.444746+00:00,2025-03-02 09:33:17.354428+00:00
672,12,2025-03-02 02:10:51.444746+00:00,2025-03-02 09:33:17.354428+00:00
633844,14,2025-03-02 02:10:51.444746+00:00,2025-03-02 09:33:17.354428+00:00
635302,14,2025-03-02 02:10:51.444746+00:00,2025-03-02 09:33:17.354428+00:00
991190,16,2025-03-02 02:10:51.444746+00:00,2025-03-02 09:33:17.354428+00:00
1117291,16,2025-03-02 02:10:51.444746+00:00,2025-03-02 09:33:17.354428+00:00
1068607,16,2025-03-02 02:10:51.444746+00:00,2025-03-02 09:33:17.354428+00:00
820067,16,2025-03-02 02:10:51.444746+00:00,2025-03-02 09:33:17.354428+00:00
12924,16,2025-03-02 02:10:51.444746+00:00,2025-03-02 09:33:17.354428+00:00
5781,18,2025-03-02 02:10:51.444746+00:00,2025-03-02 09:33:17.354428+00:00
824016,18,2025-03-02 02:10:51.444746+00:00,2025-03-02 09:33:17.354428+00:00
848145,18,2025-03-02 02:10:51.444746+00:00,2025-03-02 09:33:17.354428+00:00
921452,18,2025-03-02 02:10:51.444746+00:00,2025-03-02 09:33:17.354428+00:00
971699,18,2025-03-02 02:10:51.444746+00:00,2025-03-02 09:33:17.354428+00:00
749107,18,2025-03-02 02:10:51.444746+00:00,2025-03-02 09:33:17.354428+00:00
1304880,18,2025-03-02 02:10:51.444746+00:00,2025-03-02 09:33:17.354428+00:00
978580,18,2025-03-02 02:10:51.444746+00:00,2025-03-02 09:33:17.354428+00:00
1077647,18,2025-03-02 02:10:51.444746+00:00,2025-03-02 09:33:17.354428+00:00
964681,18,2025-03-02 02:10:51.444746+00:00,2025-03-02 09:33:17.354428+00:00
848123,18,2025-03-02 02:10:51.444746+00:00,2025-03-02 09:33:17.354428+00:00
484574,18,2025-03-02 02:10:51.444746+00:00,2025-03-02 09:33:17.354428+00:00
777270,18,2025-03-02 02:10:51.444746+00:00,2025-03-02 09:33:17.354428+00:00
1037348,18,2025-03-02 02:10:51.444746+00:00,2025-03-02 09:33:17.354428+00:00
45464,18,2025-03-02 02:10:51.444746+00:00,2025-03-02 09:33:17.354428+00:00
615777,18,2025-03-02 02:10:51.444746+00:00,2025-03-02 09:33:17.354428+00:00
991190,18,2025-03-02 02:10:51.444746+00:00,2025-03-02 09:33:17.354428+00:00
760758,18,2025-03-02 02:10:51.444746+00:00,2025-03-02 09:33:17.354428+00:00
354759,18,2025-03-02 02:10:51.444746+00:00,2025-03-02 09:33:17.354428+00:00
853731,18,2025-03-02 02:10:51.444746+00:00,2025-03-02 09:33:17.354428+00:00
429191,18,2025-03-02 02:10:51.444746+00:00,2025-03-02 09:33:17.354428+00:00
758891,18,2025-03-02 02:10:51.444746+00:00,2025-03-02 09:33:17.354428+00:00
837335,18,2025-03-02 02:10:51.444746+00:00,2025-03-02 09:33:17.354428+00:00
796155,18,2025-03-02 02:10:51.444746+00:00,2025-03-02 09:33:17.354428+00:00
437342,27,2025-03-02 02:10:51.444746+00:00,2025-03-02 09:33:17.354428+00:00
940721,27,2025-03-02 02:10:51.444746+00:00,2025-03-02 09:33:17.354428+00:00
624860,28,2025-03-02 02:10:51.444746+00:00,2025-03-02 09:33:17.354428+00:00
969492,28,2025-03-02 02:10:51.444746+00:00,2025-03-02 09:33:17.354428+00:00
357405,28,2025-03-02 02:10:51.444746+00:00,2025-03-02 09:33:17.354428+00:00
522931,28,2025-03-02 02:10:51.444746+00:00,2025-03-02 09:33:17.354428+00:00
1030987,28,2025-03-02 02:10:51.444746+00:00,2025-03-02 09:33:17.354428+00:00
1074034,28,2025-03-02 02:10:51.444746+00:00,2025-03-02 09:33:17.354428+00:00
644714,28,2025-03-02 02:10:51.444746+00:00,2025-03-02 09:33:17.354428+00:00
205464,28,2025-03-02 02:10:51.444746+00:00,2025-03-02 09:33:17.354428+00:00
1072582,35,2025-03-02 02:10:51.444746+00:00,2025-03-02 09:33:17.354428+00:00
892515,35,2025-03-02 02:10:51.444746+00:00,2025-03-02 09:33:17.354428+00:00
664469,35,2025-03-02 02:10:51.444746+00:00,2025-03-02 09:33:17.354428+00:00
837335,35,2025-03-02 02:10:51.444746+00:00,2025-03-02 09:33:17.354428+00:00
1290213,35,2025-03-02 02:10:51.444746+00:00,2025-03-02 09:33:17.354428+00:00
15383,36,2025-03-02 02:10:51.444746+00:00,2025-03-02 09:33:17.354428+00:00
614917,36,2025-03-02 02:10:51.444746+00:00,2025-03-02 09:33:17.354428+00:00
941132,53,2025-03-02 02:10:51.444746+00:00,2025-03-02 09:33:17.354428+00:00
1035803,53,2025-03-02 02:10:51.444746+00:00,2025-03-02 09:33:17.354428+00:00
977177,53,2025-03-02 02:10:51.444746+00:00,2025-03-02 09:33:17.354428+00:00
923667,53,2025-03-02 02:10:51.444746+00:00,2025-03-02 09:33:17.354428+00:00
164207,53,2025-03-02 02:10:51.444746+00:00,2025-03-02 09:33:17.354428+00:00
915935,53,2025-03-02 02:10:51.444746+00:00,2025-03-02 09:33:17.354428+00:00
980078,53,2025-03-02 02:10:51.444746+00:00,2025-03-02 09:33:17.354428+00:00
1050035,53,2025-03-02 02:10:51.444746+00:00,2025-03-02 09:33:17.354428+00:00
840528,53,2025-03-02 02:10:51.444746+00:00,2025-03-02 09:33:17.354428+00:00
882059,53,2025-03-02 02:10:51.444746+00:00,2025-03-02 09:33:17.354428+00:00
881764,80,2025-03-02 02:10:51.444746+00:00,2025-03-02 09:33:17.354428+00:00
1016392,80,2025-03-02 02:10:51.444746+00:00,2025-03-02 09:33:17.354428+00:00
700391,878,2025-03-02 02:10:51.444746+00:00,2025-03-02 09:33:17.354428+00:00
782936,9648,2025-03-02 02:10:51.444746+00:00,2025-03-02 09:33:17.354428+00:00
54186,9648,2025-03-02 02:10:51.444746+00:00,2025-03-02 09:33:17.354428+00:00
941132,9648,2025-03-02 02:10:51.444746+00:00,2025-03-02 09:33:17.354428+00:00
619778,9648,2025-03-02 02:10:51.444746+00:00,2025-03-02 09:33:17.354428+00:00
854006,9648,2025-03-02 02:10:51.444746+00:00,2025-03-02 09:33:17.354428+00:00
1125311,9648,2025-03-02 02:10:51.444746+00:00,2025-03-02 09:33:17.354428+00:00
1255586,99,2025-03-02 02:10:51.444746+00:00,2025-03-02 09:33:17.354428+00:00
1153794,99,2025-03-02 02:10:51.444746+00:00,2025-03-02 09:33:17.354428+00:00
1058616,99,2025-03-02 02:10:51.444746+00:00,2025-03-02 09:33:17.354428+00:00
507086,28,2025-03-02 09:33:17.354428+00:00,2025-03-02 09:33:17.354428+00:00
912726,10402,2025-03-02 02:10:51.444746+00:00,2025-03-02 09:33:17.354428+00:00
40167,10402,2025-03-02 02:10:51.444746+00:00,2025-03-02 09:33:17.354428+00:00
1187970,10749,2025-03-02 02:10:51.444746+00:00,2025-03-02 09:33:17.354428+00:00
11104,10749,2025-03-02 02:10:51.444746+00:00,2025-03-02 09:33:17.354428+00:00
814757,10749,2025-03-02 02:10:51.444746+00:00,2025-03-02 09:33:17.354428+00:00
921452,10749,2025-03-02 02:10:51.444746+00:00,2025-03-02 09:33:17.354428+00:00
1272149,10749,2025-03-02 02:10:51.444746+00:00,2025-03-02 09:33:17.354428+00:00
576925,10751,2025-03-02 02:10:51.444746+00:00,2025-03-02 09:33:17.354428+00:00
676685,10751,2025-03-02 02:10:51.444746+00:00,2025-03-02 09:33:17.354428+00:00
754067,10751,2025-03-02 02:10:51.444746+00:00,2025-03-02 09:33:17.354428+00:00
610251,10752,2025-03-02 02:10:51.444746+00:00,2025-03-02 09:33:17.354428+00:00
726139,12,2025-03-02 02:10:51.444746+00:00,2025-03-02 09:33:17.354428+00:00
667717,14,2025-03-02 02:10:51.444746+00:00,2025-03-02 09:33:17.354428+00:00
994128,14,2025-03-02 02:10:51.444746+00:00,2025-03-02 09:33:17.354428+00:00
586352,14,2025-03-02 02:10:51.444746+00:00,2025-03-02 09:33:17.354428+00:00
461078,14,2025-03-02 02:10:51.444746+00:00,2025-03-02 09:33:17.354428+00:00
760765,16,2025-03-02 02:10:51.444746+00:00,2025-03-02 09:33:17.354428+00:00
633844,16,2025-03-02 02:10:51.444746+00:00,2025-03-02 09:33:17.354428+00:00
149,16,2025-03-02 02:10:51.444746+00:00,2025-03-02 09:33:17.354428+00:00
978039,16,2025-03-02 02:10:51.444746+00:00,2025-03-02 09:33:17.354428+00:00
762509,16,2025-03-02 02:10:51.444746+00:00,2025-03-02 09:33:17.354428+00:00
795815,18,2025-03-02 02:10:51.444746+00:00,2025-03-02 09:33:17.354428+00:00
1024541,18,2025-03-02 02:10:51.444746+00:00,2025-03-02 09:33:17.354428+00:00
800939,18,2025-03-02 02:10:51.444746+00:00,2025-03-02 09:33:17.354428+00:00
41962,18,2025-03-02 02:10:51.444746+00:00,2025-03-02 09:33:17.354428+00:00
743173,18,2025-03-02 02:10:51.444746+00:00,2025-03-02 09:33:17.354428+00:00
57118,18,2025-03-02 02:10:51.444746+00:00,2025-03-02 09:33:17.354428+00:00
164207,18,2025-03-02 02:10:51.444746+00:00,2025-03-02 09:33:17.354428+00:00
976581,18,2025-03-02 02:10:51.444746+00:00,2025-03-02 09:33:17.354428+00:00
760765,18,2025-03-02 02:10:51.444746+00:00,2025-03-02 09:33:17.354428+00:00
967874,18,2025-03-02 02:10:51.444746+00:00,2025-03-02 09:33:17.354428+00:00
888321,18,2025-03-02 02:10:51.444746+00:00,2025-03-02 09:33:17.354428+00:00
470,18,2025-03-02 02:10:51.444746+00:00,2025-03-02 09:33:17.354428+00:00
1007127,18,2025-03-02 02:10:51.444746+00:00,2025-03-02 09:33:17.354428+00:00
1275240,18,2025-03-02 02:10:51.444746+00:00,2025-03-02 09:33:17.354428+00:00
1115167,18,2025-03-02 02:10:51.444746+00:00,2025-03-02 09:33:17.354428+00:00
603661,18,2025-03-02 02:10:51.444746+00:00,2025-03-02 09:33:17.354428+00:00
925,18,2025-03-02 02:10:51.444746+00:00,2025-03-02 09:33:17.354428+00:00
889699,18,2025-03-02 02:10:51.444746+00:00,2025-03-02 09:33:17.354428+00:00
694,27,2025-03-02 02:10:51.444746+00:00,2025-03-02 09:33:17.354428+00:00
1071215,27,2025-03-02 02:10:51.444746+00:00,2025-03-02 09:33:17.354428+00:00
842033,27,2025-03-02 02:10:51.444746+00:00,2025-03-02 09:33:17.354428+00:00
951491,27,2025-03-02 02:10:51.444746+00:00,2025-03-02 09:33:17.354428+00:00
925786,27,2025-03-02 02:10:51.444746+00:00,2025-03-02 09:33:17.354428+00:00
1222274,27,2025-03-02 02:10:51.444746+00:00,2025-03-02 09:33:17.354428+00:00
991197,28,2025-03-02 02:10:51.444746+00:00,2025-03-02 09:33:17.354428+00:00
799710,28,2025-03-02 02:10:51.444746+00:00,2025-03-02 09:33:17.354428+00:00
567811,35,2025-03-02 02:10:51.444746+00:00,2025-03-02 09:33:17.354428+00:00
4203,35,2025-03-02 02:10:51.444746+00:00,2025-03-02 09:33:17.354428+00:00
965791,35,2025-03-02 02:10:51.444746+00:00,2025-03-02 09:33:17.354428+00:00
8222,35,2025-03-02 02:10:51.444746+00:00,2025-03-02 09:33:17.354428+00:00
747188,35,2025-03-02 02:10:51.444746+00:00,2025-03-02 09:33:17.354428+00:00
783675,35,2025-03-02 02:10:51.444746+00:00,2025-03-02 09:33:17.354428+00:00
16198,35,2025-03-02 02:10:51.444746+00:00,2025-03-02 09:33:17.354428+00:00
1221404,35,2025-03-02 02:10:51.444746+00:00,2025-03-02 09:33:17.354428+00:00
940417,35,2025-03-02 02:10:51.444746+00:00,2025-03-02 09:33:17.354428+00:00
971968,36,2025-03-02 02:10:51.444746+00:00,2025-03-02 09:33:17.354428+00:00
869886,53,2025-03-02 02:10:51.444746+00:00,2025-03-02 09:33:17.354428+00:00
969492,53,2025-03-02 02:10:51.444746+00:00,2025-03-02 09:33:17.354428+00:00
814785,53,2025-03-02 02:10:51.444746+00:00,2025-03-02 09:33:17.354428+00:00
840705,53,2025-03-02 02:10:51.444746+00:00,2025-03-02 09:33:17.354428+00:00
915295,53,2025-03-02 02:10:51.444746+00:00,2025-03-02 09:33:17.354428+00:00
1047003,53,2025-03-02 02:10:51.444746+00:00,2025-03-02 09:33:17.354428+00:00
1269108,53,2025-03-02 02:10:51.444746+00:00,2025-03-02 09:33:17.354428+00:00
1244244,53,2025-03-02 02:10:51.444746+00:00,2025-03-02 09:33:17.354428+00:00
925714,53,2025-03-02 02:10:51.444746+00:00,2025-03-02 09:33:17.354428+00:00
1093485,80,2025-03-02 02:10:51.444746+00:00,2025-03-02 09:33:17.354428+00:00
696047,80,2025-03-02 02:10:51.444746+00:00,2025-03-02 09:33:17.354428+00:00
824202,80,2025-03-02 02:10:51.444746+00:00,2025-03-02 09:33:17.354428+00:00
698201,80,2025-03-02 02:10:51.444746+00:00,2025-03-02 09:33:17.354428+00:00
818192,80,2025-03-02 02:10:51.444746+00:00,2025-03-02 09:33:17.354428+00:00
628914,80,2025-03-02 02:10:51.444746+00:00,2025-03-02 09:33:17.354428+00:00
889737,80,2025-03-02 02:10:51.444746+00:00,2025-03-02 09:33:17.354428+00:00
103875,80,2025-03-02 02:10:51.444746+00:00,2025-03-02 09:33:17.354428+00:00
42341,80,2025-03-02 02:10:51.444746+00:00,2025-03-02 09:33:17.354428+00:00
912649,878,2025-03-02 02:10:51.444746+00:00,2025-03-02 09:33:17.354428+00:00
870360,878,2025-03-02 02:10:51.444746+00:00,2025-03-02 09:33:17.354428+00:00
619730,9648,2025-03-02 02:10:51.444746+00:00,2025-03-02 09:33:17.354428+00:00
824202,9648,2025-03-02 02:10:51.444746+00:00,2025-03-02 09:33:17.354428+00:00
977155,9648,2025-03-02 02:10:51.444746+00:00,2025-03-02 09:33:17.354428+00:00
1003994,9648,2025-03-02 02:10:51.444746+00:00,2025-03-02 09:33:17.354428+00:00
615173,9648,2025-03-02 02:10:51.444746+00:00,2025-03-02 09:33:17.354428+00:00
1215918,9648,2025-03-02 02:10:51.444746+00:00,2025-03-02 09:33:17.354428+00:00
1214499,99,2025-03-02 02:10:51.444746+00:00,2025-03-02 09:33:17.354428+00:00
868682,99,2025-03-02 02:10:51.444746+00:00,2025-03-02 09:33:17.354428+00:00
762504,27,2025-03-02 09:33:17.354428+00:00,2025-03-02 09:33:17.354428+00:00
640146,878,2025-03-02 09:33:17.354428+00:00,2025-03-02 09:33:17.354428+00:00
1235431,10402,2025-03-02 02:10:51.444746+00:00,2025-03-02 09:33:17.354428+00:00
1072582,10749,2025-03-02 02:10:51.444746+00:00,2025-03-02 09:33:17.354428+00:00
956842,10749,2025-03-02 02:10:51.444746+00:00,2025-03-02 09:33:17.354428+00:00
574078,10749,2025-03-02 02:10:51.444746+00:00,2025-03-02 09:33:17.354428+00:00
843093,10749,2025-03-02 02:10:51.444746+00:00,2025-03-02 09:33:17.354428+00:00
791177,10749,2025-03-02 02:10:51.444746+00:00,2025-03-02 09:33:17.354428+00:00
85927,10749,2025-03-02 02:10:51.444746+00:00,2025-03-02 09:33:17.354428+00:00
4710,10749,2025-03-02 02:10:51.444746+00:00,2025-03-02 09:33:17.354428+00:00
995746,10749,2025-03-02 02:10:51.444746+00:00,2025-03-02 09:33:17.354428+00:00
1005533,10749,2025-03-02 02:10:51.444746+00:00,2025-03-02 09:33:17.354428+00:00
1029475,10749,2025-03-02 02:10:51.444746+00:00,2025-03-02 09:33:17.354428+00:00
632632,10749,2025-03-02 02:10:51.444746+00:00,2025-03-02 09:33:17.354428+00:00
577205,10751,2025-03-02 02:10:51.444746+00:00,2025-03-02 09:33:17.354428+00:00
572802,12,2025-03-02 02:10:51.444746+00:00,2025-03-02 09:33:17.354428+00:00
1012267,12,2025-03-02 02:10:51.444746+00:00,2025-03-02 09:33:17.354428+00:00
753091,12,2025-03-02 02:10:51.444746+00:00,2025-03-02 09:33:17.354428+00:00
624860,12,2025-03-02 02:10:51.444746+00:00,2025-03-02 09:33:17.354428+00:00
558449,12,2025-03-02 02:10:51.444746+00:00,2025-03-02 09:33:17.354428+00:00
1148677,12,2025-03-02 02:10:51.444746+00:00,2025-03-02 09:33:17.354428+00:00
634120,12,2025-03-02 02:10:51.444746+00:00,2025-03-02 09:33:17.354428+00:00
4935,14,2025-03-02 02:10:51.444746+00:00,2025-03-02 09:33:17.354428+00:00
795815,14,2025-03-02 02:10:51.444746+00:00,2025-03-02 09:33:17.354428+00:00
726657,14,2025-03-02 02:10:51.444746+00:00,2025-03-02 09:33:17.354428+00:00
1201210,14,2025-03-02 02:10:51.444746+00:00,2025-03-02 09:33:17.354428+00:00
1223178,16,2025-03-02 02:10:51.444746+00:00,2025-03-02 09:33:17.354428+00:00
80,18,2025-03-02 02:10:51.444746+00:00,2025-03-02 09:33:17.354428+00:00
42341,18,2025-03-02 02:10:51.444746+00:00,2025-03-02 09:33:17.354428+00:00
817485,18,2025-03-02 02:10:51.444746+00:00,2025-03-02 09:33:17.354428+00:00
1396,18,2025-03-02 02:10:51.444746+00:00,2025-03-02 09:33:17.354428+00:00
641,18,2025-03-02 02:10:51.444746+00:00,2025-03-02 09:33:17.354428+00:00
611854,18,2025-03-02 02:10:51.444746+00:00,2025-03-02 09:33:17.354428+00:00
793998,18,2025-03-02 02:10:51.444746+00:00,2025-03-02 09:33:17.354428+00:00
475557,18,2025-03-02 02:10:51.444746+00:00,2025-03-02 09:33:17.354428+00:00
269,18,2025-03-02 02:10:51.444746+00:00,2025-03-02 09:33:17.354428+00:00
1085574,18,2025-03-02 02:10:51.444746+00:00,2025-03-02 09:33:17.354428+00:00
1007980,18,2025-03-02 02:10:51.444746+00:00,2025-03-02 09:33:17.354428+00:00
12924,18,2025-03-02 02:10:51.444746+00:00,2025-03-02 09:33:17.354428+00:00
1050035,18,2025-03-02 02:10:51.444746+00:00,2025-03-02 09:33:17.354428+00:00
993156,18,2025-03-02 02:10:51.444746+00:00,2025-03-02 09:33:17.354428+00:00
683363,18,2025-03-02 02:10:51.444746+00:00,2025-03-02 09:33:17.354428+00:00
633844,18,2025-03-02 02:10:51.444746+00:00,2025-03-02 09:33:17.354428+00:00
131836,18,2025-03-02 02:10:51.444746+00:00,2025-03-02 09:33:17.354428+00:00
835975,18,2025-03-02 02:10:51.444746+00:00,2025-03-02 09:33:17.354428+00:00
961266,18,2025-03-02 02:10:51.444746+00:00,2025-03-02 09:33:17.354428+00:00
4043,18,2025-03-02 02:10:51.444746+00:00,2025-03-02 09:33:17.354428+00:00
876648,18,2025-03-02 02:10:51.444746+00:00,2025-03-02 09:33:17.354428+00:00
14553,18,2025-03-02 02:10:51.444746+00:00,2025-03-02 09:33:17.354428+00:00
977337,18,2025-03-02 02:10:51.444746+00:00,2025-03-02 09:33:17.354428+00:00
926188,27,2025-03-02 02:10:51.444746+00:00,2025-03-02 09:33:17.354428+00:00
1026563,27,2025-03-02 02:10:51.444746+00:00,2025-03-02 09:33:17.354428+00:00
676547,27,2025-03-02 02:10:51.444746+00:00,2025-03-02 09:33:17.354428+00:00
938008,28,2025-03-02 02:10:51.444746+00:00,2025-03-02 09:33:17.354428+00:00
1166073,28,2025-03-02 02:10:51.444746+00:00,2025-03-02 09:33:17.354428+00:00
1029178,28,2025-03-02 02:10:51.444746+00:00,2025-03-02 09:33:17.354428+00:00
736820,28,2025-03-02 02:10:51.444746+00:00,2025-03-02 09:33:17.354428+00:00
522016,28,2025-03-02 02:10:51.444746+00:00,2025-03-02 09:33:17.354428+00:00
813477,28,2025-03-02 02:10:51.444746+00:00,2025-03-02 09:33:17.354428+00:00
871530,35,2025-03-02 02:10:51.444746+00:00,2025-03-02 09:33:17.354428+00:00
852438,35,2025-03-02 02:10:51.444746+00:00,2025-03-02 09:33:17.354428+00:00
1101734,35,2025-03-02 02:10:51.444746+00:00,2025-03-02 09:33:17.354428+00:00
830784,35,2025-03-02 02:10:51.444746+00:00,2025-03-02 09:33:17.354428+00:00
921452,36,2025-03-02 02:10:51.444746+00:00,2025-03-02 09:33:17.354428+00:00
693349,36,2025-03-02 02:10:51.444746+00:00,2025-03-02 09:33:17.354428+00:00
762441,53,2025-03-02 02:10:51.444746+00:00,2025-03-02 09:33:17.354428+00:00
888195,53,2025-03-02 02:10:51.444746+00:00,2025-03-02 09:33:17.354428+00:00
593643,53,2025-03-02 02:10:51.444746+00:00,2025-03-02 09:33:17.354428+00:00
1029178,53,2025-03-02 02:10:51.444746+00:00,2025-03-02 09:33:17.354428+00:00
786977,53,2025-03-02 02:10:51.444746+00:00,2025-03-02 09:33:17.354428+00:00
629028,53,2025-03-02 02:10:51.444746+00:00,2025-03-02 09:33:17.354428+00:00
1074034,53,2025-03-02 02:10:51.444746+00:00,2025-03-02 09:33:17.354428+00:00
940247,53,2025-03-02 02:10:51.444746+00:00,2025-03-02 09:33:17.354428+00:00
838209,53,2025-03-02 02:10:51.444746+00:00,2025-03-02 09:33:17.354428+00:00
1267665,53,2025-03-02 02:10:51.444746+00:00,2025-03-02 09:33:17.354428+00:00
995808,80,2025-03-02 02:10:51.444746+00:00,2025-03-02 09:33:17.354428+00:00
912726,80,2025-03-02 02:10:51.444746+00:00,2025-03-02 09:33:17.354428+00:00
497698,878,2025-03-02 02:10:51.444746+00:00,2025-03-02 09:33:17.354428+00:00
533535,878,2025-03-02 02:10:51.444746+00:00,2025-03-02 09:33:17.354428+00:00
1103432,878,2025-03-02 02:10:51.444746+00:00,2025-03-02 09:33:17.354428+00:00
741335,878,2025-03-02 02:10:51.444746+00:00,2025-03-02 09:33:17.354428+00:00
1270769,9648,2025-03-02 02:10:51.444746+00:00,2025-03-02 09:33:17.354428+00:00
660355,9648,2025-03-02 02:10:51.444746+00:00,2025-03-02 09:33:17.354428+00:00
1130899,9648,2025-03-02 02:10:51.444746+00:00,2025-03-02 09:33:17.354428+00:00
1375053,99,2025-03-02 02:10:51.444746+00:00,2025-03-02 09:33:17.354428+00:00
1005409,99,2025-03-02 02:10:51.444746+00:00,2025-03-02 09:33:17.354428+00:00
438148,16,2025-03-02 09:33:17.354428+00:00,2025-03-02 09:33:17.354428+00:00
1027867,35,2025-03-02 09:33:17.354428+00:00,2025-03-02 09:33:17.354428+00:00
952083,14,2025-03-02 09:33:17.354428+00:00,2025-03-02 09:33:17.354428+00:00
950282,53,2025-03-02 09:33:17.354428+00:00,2025-03-02 09:33:17.354428+00:00
589026,16,2025-03-02 09:33:17.354428+00:00,2025-03-02 09:33:17.354428+00:00
1070507,10402,2025-03-02 02:10:51.444746+00:00,2025-03-02 09:33:17.354428+00:00
1004840,10749,2025-03-02 02:10:51.444746+00:00,2025-03-02 09:33:17.354428+00:00
874743,10749,2025-03-02 02:10:51.444746+00:00,2025-03-02 09:33:17.354428+00:00
988402,10749,2025-03-02 02:10:51.444746+00:00,2025-03-02 09:33:17.354428+00:00
912520,10749,2025-03-02 02:10:51.444746+00:00,2025-03-02 09:33:17.354428+00:00
42190,10749,2025-03-02 02:10:51.444746+00:00,2025-03-02 09:33:17.354428+00:00
253235,10749,2025-03-02 02:10:51.444746+00:00,2025-03-02 09:33:17.354428+00:00
37585,10751,2025-03-02 02:10:51.444746+00:00,2025-03-02 09:33:17.354428+00:00
971602,10751,2025-03-02 02:10:51.444746+00:00,2025-03-02 09:33:17.354428+00:00
1061855,12,2025-03-02 02:10:51.444746+00:00,2025-03-02 09:33:17.354428+00:00
823219,12,2025-03-02 02:10:51.444746+00:00,2025-03-02 09:33:17.354428+00:00
19995,12,2025-03-02 02:10:51.444746+00:00,2025-03-02 09:33:17.354428+00:00
16859,14,2025-03-02 02:10:51.444746+00:00,2025-03-02 09:33:17.354428+00:00
749004,14,2025-03-02 02:10:51.444746+00:00,2025-03-02 09:33:17.354428+00:00
899464,14,2025-03-02 02:10:51.444746+00:00,2025-03-02 09:33:17.354428+00:00
130023,14,2025-03-02 02:10:51.444746+00:00,2025-03-02 09:33:17.354428+00:00
585245,16,2025-03-02 02:10:51.444746+00:00,2025-03-02 09:33:17.354428+00:00
1108306,16,2025-03-02 02:10:51.444746+00:00,2025-03-02 09:33:17.354428+00:00
15370,16,2025-03-02 02:10:51.444746+00:00,2025-03-02 09:33:17.354428+00:00
1106904,16,2025-03-02 02:10:51.444746+00:00,2025-03-02 09:33:17.354428+00:00
1040148,16,2025-03-02 02:10:51.444746+00:00,2025-03-02 09:33:17.354428+00:00
1129610,16,2025-03-02 02:10:51.444746+00:00,2025-03-02 09:33:17.354428+00:00
1068602,16,2025-03-02 02:10:51.444746+00:00,2025-03-02 09:33:17.354428+00:00
1235424,16,2025-03-02 02:10:51.444746+00:00,2025-03-02 09:33:17.354428+00:00
79707,16,2025-03-02 02:10:51.444746+00:00,2025-03-02 09:33:17.354428+00:00
615643,18,2025-03-02 02:10:51.444746+00:00,2025-03-02 09:33:17.354428+00:00
888768,18,2025-03-02 02:10:51.444746+00:00,2025-03-02 09:33:17.354428+00:00
87953,18,2025-03-02 02:10:51.444746+00:00,2025-03-02 09:33:17.354428+00:00
47002,18,2025-03-02 02:10:51.444746+00:00,2025-03-02 09:33:17.354428+00:00
712164,18,2025-03-02 02:10:51.444746+00:00,2025-03-02 09:33:17.354428+00:00
977871,18,2025-03-02 02:10:51.444746+00:00,2025-03-02 09:33:17.354428+00:00
925714,18,2025-03-02 02:10:51.444746+00:00,2025-03-02 09:33:17.354428+00:00
1027273,18,2025-03-02 02:10:51.444746+00:00,2025-03-02 09:33:17.354428+00:00
1124341,18,2025-03-02 02:10:51.444746+00:00,2025-03-02 09:33:17.354428+00:00
10802,18,2025-03-02 02:10:51.444746+00:00,2025-03-02 09:33:17.354428+00:00
848298,18,2025-03-02 02:10:51.444746+00:00,2025-03-02 09:33:17.354428+00:00
798544,18,2025-03-02 02:10:51.444746+00:00,2025-03-02 09:33:17.354428+00:00
68004,18,2025-03-02 02:10:51.444746+00:00,2025-03-02 09:33:17.354428+00:00
803700,18,2025-03-02 02:10:51.444746+00:00,2025-03-02 09:33:17.354428+00:00
1312989,18,2025-03-02 02:10:51.444746+00:00,2025-03-02 09:33:17.354428+00:00
802219,18,2025-03-02 02:10:51.444746+00:00,2025-03-02 09:33:17.354428+00:00
1079810,18,2025-03-02 02:10:51.444746+00:00,2025-03-02 09:33:17.354428+00:00
1084199,27,2025-03-02 02:10:51.444746+00:00,2025-03-02 09:33:17.354428+00:00
955569,27,2025-03-02 02:10:51.444746+00:00,2025-03-02 09:33:17.354428+00:00
1077693,27,2025-03-02 02:10:51.444746+00:00,2025-03-02 09:33:17.354428+00:00
756999,27,2025-03-02 02:10:51.444746+00:00,2025-03-02 09:33:17.354428+00:00
939879,27,2025-03-02 02:10:51.444746+00:00,2025-03-02 09:33:17.354428+00:00
1128936,27,2025-03-02 02:10:51.444746+00:00,2025-03-02 09:33:17.354428+00:00
536554,27,2025-03-02 02:10:51.444746+00:00,2025-03-02 09:33:17.354428+00:00
1011985,28,2025-03-02 02:10:51.444746+00:00,2025-03-02 09:33:17.354428+00:00
947049,28,2025-03-02 02:10:51.444746+00:00,2025-03-02 09:33:17.354428+00:00
848123,28,2025-03-02 02:10:51.444746+00:00,2025-03-02 09:33:17.354428+00:00
766475,35,2025-03-02 02:10:51.444746+00:00,2025-03-02 09:33:17.354428+00:00
1287250,35,2025-03-02 02:10:51.444746+00:00,2025-03-02 09:33:17.354428+00:00
1033176,35,2025-03-02 02:10:51.444746+00:00,2025-03-02 09:33:17.354428+00:00
83183,35,2025-03-02 02:10:51.444746+00:00,2025-03-02 09:33:17.354428+00:00
580175,35,2025-03-02 02:10:51.444746+00:00,2025-03-02 09:33:17.354428+00:00
586813,35,2025-03-02 02:10:51.444746+00:00,2025-03-02 09:33:17.354428+00:00
941045,35,2025-03-02 02:10:51.444746+00:00,2025-03-02 09:33:17.354428+00:00
958161,36,2025-03-02 02:10:51.444746+00:00,2025-03-02 09:33:17.354428+00:00
949000,36,2025-03-02 02:10:51.444746+00:00,2025-03-02 09:33:17.354428+00:00
938250,53,2025-03-02 02:10:51.444746+00:00,2025-03-02 09:33:17.354428+00:00
1072269,53,2025-03-02 02:10:51.444746+00:00,2025-03-02 09:33:17.354428+00:00
989473,53,2025-03-02 02:10:51.444746+00:00,2025-03-02 09:33:17.354428+00:00
919207,53,2025-03-02 02:10:51.444746+00:00,2025-03-02 09:33:17.354428+00:00
520023,53,2025-03-02 02:10:51.444746+00:00,2025-03-02 09:33:17.354428+00:00
1134433,53,2025-03-02 02:10:51.444746+00:00,2025-03-02 09:33:17.354428+00:00
591222,53,2025-03-02 02:10:51.444746+00:00,2025-03-02 09:33:17.354428+00:00
972614,53,2025-03-02 02:10:51.444746+00:00,2025-03-02 09:33:17.354428+00:00
610321,80,2025-03-02 02:10:51.444746+00:00,2025-03-02 09:33:17.354428+00:00
974635,80,2025-03-02 02:10:51.444746+00:00,2025-03-02 09:33:17.354428+00:00
894169,80,2025-03-02 02:10:51.444746+00:00,2025-03-02 09:33:17.354428+00:00
1046090,80,2025-03-02 02:10:51.444746+00:00,2025-03-02 09:33:17.354428+00:00
204702,80,2025-03-02 02:10:51.444746+00:00,2025-03-02 09:33:17.354428+00:00
1184918,878,2025-03-02 02:10:51.444746+00:00,2025-03-02 09:33:17.354428+00:00
436270,878,2025-03-02 02:10:51.444746+00:00,2025-03-02 09:33:17.354428+00:00
720321,9648,2025-03-02 02:10:51.444746+00:00,2025-03-02 09:33:17.354428+00:00
10775,9648,2025-03-02 02:10:51.444746+00:00,2025-03-02 09:33:17.354428+00:00
30018,9648,2025-03-02 02:10:51.444746+00:00,2025-03-02 09:33:17.354428+00:00
816344,99,2025-03-02 02:10:51.444746+00:00,2025-03-02 09:33:17.354428+00:00
1318638,99,2025-03-02 02:10:51.444746+00:00,2025-03-02 09:33:17.354428+00:00
1262209,99,2025-03-02 02:10:51.444746+00:00,2025-03-02 09:33:17.354428+00:00
915939,99,2025-03-02 02:10:51.444746+00:00,2025-03-02 09:33:17.354428+00:00
807172,53,2025-03-02 09:33:17.354428+00:00,2025-03-02 09:33:17.354428+00:00
438148,12,2025-03-02 09:33:17.354428+00:00,2025-03-02 09:33:17.354428+00:00
1104840,10402,2025-03-02 02:10:51.444746+00:00,2025-03-02 09:33:17.354428+00:00
1106732,10402,2025-03-02 02:10:51.444746+00:00,2025-03-02 09:33:17.354428+00:00
1148154,10402,2025-03-02 02:10:51.444746+00:00,2025-03-02 09:33:17.354428+00:00
537761,10749,2025-03-02 02:10:51.444746+00:00,2025-03-02 09:33:17.354428+00:00
850028,10749,2025-03-02 02:10:51.444746+00:00,2025-03-02 09:33:17.354428+00:00
758009,10749,2025-03-02 02:10:51.444746+00:00,2025-03-02 09:33:17.354428+00:00
976573,10749,2025-03-02 02:10:51.444746+00:00,2025-03-02 09:33:17.354428+00:00
1016392,10749,2025-03-02 02:10:51.444746+00:00,2025-03-02 09:33:17.354428+00:00
129,10751,2025-03-02 02:10:51.444746+00:00,2025-03-02 09:33:17.354428+00:00
74107,10752,2025-03-02 02:10:51.444746+00:00,2025-03-02 09:33:17.354428+00:00
907,10752,2025-03-02 02:10:51.444746+00:00,2025-03-02 09:33:17.354428+00:00
1002780,12,2025-03-02 02:10:51.444746+00:00,2025-03-02 09:33:17.354428+00:00
785429,12,2025-03-02 02:10:51.444746+00:00,2025-03-02 09:33:17.354428+00:00
436270,12,2025-03-02 02:10:51.444746+00:00,2025-03-02 09:33:17.354428+00:00
497698,12,2025-03-02 02:10:51.444746+00:00,2025-03-02 09:33:17.354428+00:00
876969,12,2025-03-02 02:10:51.444746+00:00,2025-03-02 09:33:17.354428+00:00
508943,12,2025-03-02 02:10:51.444746+00:00,2025-03-02 09:33:17.354428+00:00
493529,12,2025-03-02 02:10:51.444746+00:00,2025-03-02 09:33:17.354428+00:00
572802,14,2025-03-02 02:10:51.444746+00:00,2025-03-02 09:33:17.354428+00:00
447277,14,2025-03-02 02:10:51.444746+00:00,2025-03-02 09:33:17.354428+00:00
759524,14,2025-03-02 02:10:51.444746+00:00,2025-03-02 09:33:17.354428+00:00
283161,16,2025-03-02 02:10:51.444746+00:00,2025-03-02 09:33:17.354428+00:00
459151,16,2025-03-02 02:10:51.444746+00:00,2025-03-02 09:33:17.354428+00:00
464768,16,2025-03-02 02:10:51.444746+00:00,2025-03-02 09:33:17.354428+00:00
225728,18,2025-03-02 02:10:51.444746+00:00,2025-03-02 09:33:17.354428+00:00
1106904,18,2025-03-02 02:10:51.444746+00:00,2025-03-02 09:33:17.354428+00:00
806368,18,2025-03-02 02:10:51.444746+00:00,2025-03-02 09:33:17.354428+00:00
531428,18,2025-03-02 02:10:51.444746+00:00,2025-03-02 09:33:17.354428+00:00
746257,18,2025-03-02 02:10:51.444746+00:00,2025-03-02 09:33:17.354428+00:00
776542,18,2025-03-02 02:10:51.444746+00:00,2025-03-02 09:33:17.354428+00:00
1223178,18,2025-03-02 02:10:51.444746+00:00,2025-03-02 09:33:17.354428+00:00
838876,18,2025-03-02 02:10:51.444746+00:00,2025-03-02 09:33:17.354428+00:00
608980,18,2025-03-02 02:10:51.444746+00:00,2025-03-02 09:33:17.354428+00:00
41531,18,2025-03-02 02:10:51.444746+00:00,2025-03-02 09:33:17.354428+00:00
1126361,18,2025-03-02 02:10:51.444746+00:00,2025-03-02 09:33:17.354428+00:00
85032,18,2025-03-02 02:10:51.444746+00:00,2025-03-02 09:33:17.354428+00:00
10775,18,2025-03-02 02:10:51.444746+00:00,2025-03-02 09:33:17.354428+00:00
1653,18,2025-03-02 02:10:51.444746+00:00,2025-03-02 09:33:17.354428+00:00
628802,18,2025-03-02 02:10:51.444746+00:00,2025-03-02 09:33:17.354428+00:00
662400,18,2025-03-02 02:10:51.444746+00:00,2025-03-02 09:33:17.354428+00:00
600,18,2025-03-02 02:10:51.444746+00:00,2025-03-02 09:33:17.354428+00:00
987573,18,2025-03-02 02:10:51.444746+00:00,2025-03-02 09:33:17.354428+00:00
1062910,18,2025-03-02 02:10:51.444746+00:00,2025-03-02 09:33:17.354428+00:00
1155235,18,2025-03-02 02:10:51.444746+00:00,2025-03-02 09:33:17.354428+00:00
973628,18,2025-03-02 02:10:51.444746+00:00,2025-03-02 09:33:17.354428+00:00
1155257,18,2025-03-02 02:10:51.444746+00:00,2025-03-02 09:33:17.354428+00:00
256930,18,2025-03-02 02:10:51.444746+00:00,2025-03-02 09:33:17.354428+00:00
844225,18,2025-03-02 02:10:51.444746+00:00,2025-03-02 09:33:17.354428+00:00
1143959,27,2025-03-02 02:10:51.444746+00:00,2025-03-02 09:33:17.354428+00:00
1138194,27,2025-03-02 02:10:51.444746+00:00,2025-03-02 09:33:17.354428+00:00
987538,27,2025-03-02 02:10:51.444746+00:00,2025-03-02 09:33:17.354428+00:00
649609,27,2025-03-02 02:10:51.444746+00:00,2025-03-02 09:33:17.354428+00:00
995063,28,2025-03-02 02:10:51.444746+00:00,2025-03-02 09:33:17.354428+00:00
983883,28,2025-03-02 02:10:51.444746+00:00,2025-03-02 09:33:17.354428+00:00
11220,28,2025-03-02 02:10:51.444746+00:00,2025-03-02 09:33:17.354428+00:00
897087,28,2025-03-02 02:10:51.444746+00:00,2025-03-02 09:33:17.354428+00:00
1247019,28,2025-03-02 02:10:51.444746+00:00,2025-03-02 09:33:17.354428+00:00
610251,28,2025-03-02 02:10:51.444746+00:00,2025-03-02 09:33:17.354428+00:00
5492,28,2025-03-02 02:10:51.444746+00:00,2025-03-02 09:33:17.354428+00:00
1208997,28,2025-03-02 02:10:51.444746+00:00,2025-03-02 09:33:17.354428+00:00
497698,28,2025-03-02 02:10:51.444746+00:00,2025-03-02 09:33:17.354428+00:00
758009,28,2025-03-02 02:10:51.444746+00:00,2025-03-02 09:33:17.354428+00:00
953233,35,2025-03-02 02:10:51.444746+00:00,2025-03-02 09:33:17.354428+00:00
845140,35,2025-03-02 02:10:51.444746+00:00,2025-03-02 09:33:17.354428+00:00
539681,35,2025-03-02 02:10:51.444746+00:00,2025-03-02 09:33:17.354428+00:00
1288175,35,2025-03-02 02:10:51.444746+00:00,2025-03-02 09:33:17.354428+00:00
1017163,35,2025-03-02 02:10:51.444746+00:00,2025-03-02 09:33:17.354428+00:00
937278,35,2025-03-02 02:10:51.444746+00:00,2025-03-02 09:33:17.354428+00:00
1040496,35,2025-03-02 02:10:51.444746+00:00,2025-03-02 09:33:17.354428+00:00
717694,36,2025-03-02 02:10:51.444746+00:00,2025-03-02 09:33:17.354428+00:00
717930,53,2025-03-02 02:10:51.444746+00:00,2025-03-02 09:33:17.354428+00:00
960312,53,2025-03-02 02:10:51.444746+00:00,2025-03-02 09:33:17.354428+00:00
1108211,53,2025-03-02 02:10:51.444746+00:00,2025-03-02 09:33:17.354428+00:00
1029621,53,2025-03-02 02:10:51.444746+00:00,2025-03-02 09:33:17.354428+00:00
760522,53,2025-03-02 02:10:51.444746+00:00,2025-03-02 09:33:17.354428+00:00
758323,53,2025-03-02 02:10:51.444746+00:00,2025-03-02 09:33:17.354428+00:00
1113142,53,2025-03-02 02:10:51.444746+00:00,2025-03-02 09:33:17.354428+00:00
496243,53,2025-03-02 02:10:51.444746+00:00,2025-03-02 09:33:17.354428+00:00
959558,53,2025-03-02 02:10:51.444746+00:00,2025-03-02 09:33:17.354428+00:00
798092,80,2025-03-02 02:10:51.444746+00:00,2025-03-02 09:33:17.354428+00:00
3427,80,2025-03-02 02:10:51.444746+00:00,2025-03-02 09:33:17.354428+00:00
1017163,80,2025-03-02 02:10:51.444746+00:00,2025-03-02 09:33:17.354428+00:00
1017441,878,2025-03-02 02:10:51.444746+00:00,2025-03-02 09:33:17.354428+00:00
536554,878,2025-03-02 02:10:51.444746+00:00,2025-03-02 09:33:17.354428+00:00
1120846,9648,2025-03-02 02:10:51.444746+00:00,2025-03-02 09:33:17.354428+00:00
585216,9648,2025-03-02 02:10:51.444746+00:00,2025-03-02 09:33:17.354428+00:00
904759,9648,2025-03-02 02:10:51.444746+00:00,2025-03-02 09:33:17.354428+00:00
705996,9648,2025-03-02 02:10:51.444746+00:00,2025-03-02 09:33:17.354428+00:00
1229421,99,2025-03-02 02:10:51.444746+00:00,2025-03-02 09:33:17.354428+00:00
638483,99,2025-03-02 02:10:51.444746+00:00,2025-03-02 09:33:17.354428+00:00
1004663,99,2025-03-02 02:10:51.444746+00:00,2025-03-02 09:33:17.354428+00:00
939939,99,2025-03-02 02:10:51.444746+00:00,2025-03-02 09:33:17.354428+00:00
640146,12,2025-03-02 09:33:17.354428+00:00,2025-03-02 09:33:17.354428+00:00
615904,10749,2025-03-02 09:33:17.354428+00:00,2025-03-02 09:33:17.354428+00:00
824362,10749,2025-03-02 02:10:51.444746+00:00,2025-03-02 09:33:17.354428+00:00
511809,10749,2025-03-02 02:10:51.444746+00:00,2025-03-02 09:33:17.354428+00:00
1226406,10749,2025-03-02 02:10:51.444746+00:00,2025-03-02 09:33:17.354428+00:00
1184505,10749,2025-03-02 02:10:51.444746+00:00,2025-03-02 09:33:17.354428+00:00
871530,10749,2025-03-02 02:10:51.444746+00:00,2025-03-02 09:33:17.354428+00:00
877840,10751,2025-03-02 02:10:51.444746+00:00,2025-03-02 09:33:17.354428+00:00
1287250,10751,2025-03-02 02:10:51.444746+00:00,2025-03-02 09:33:17.354428+00:00
586352,12,2025-03-02 02:10:51.444746+00:00,2025-03-02 09:33:17.354428+00:00
37585,12,2025-03-02 02:10:51.444746+00:00,2025-03-02 09:33:17.354428+00:00
459151,12,2025-03-02 02:10:51.444746+00:00,2025-03-02 09:33:17.354428+00:00
653346,12,2025-03-02 02:10:51.444746+00:00,2025-03-02 09:33:17.354428+00:00
899743,14,2025-03-02 02:10:51.444746+00:00,2025-03-02 09:33:17.354428+00:00
1086747,14,2025-03-02 02:10:51.444746+00:00,2025-03-02 09:33:17.354428+00:00
566525,14,2025-03-02 02:10:51.444746+00:00,2025-03-02 09:33:17.354428+00:00
1216623,16,2025-03-02 02:10:51.444746+00:00,2025-03-02 09:33:17.354428+00:00
149871,16,2025-03-02 02:10:51.444746+00:00,2025-03-02 09:33:17.354428+00:00
823219,16,2025-03-02 02:10:51.444746+00:00,2025-03-02 09:33:17.354428+00:00
813477,18,2025-03-02 02:10:51.444746+00:00,2025-03-02 09:33:17.354428+00:00
712178,18,2025-03-02 02:10:51.444746+00:00,2025-03-02 09:33:17.354428+00:00
846993,18,2025-03-02 02:10:51.444746+00:00,2025-03-02 09:33:17.354428+00:00
627087,18,2025-03-02 02:10:51.444746+00:00,2025-03-02 09:33:17.354428+00:00
936286,18,2025-03-02 02:10:51.444746+00:00,2025-03-02 09:33:17.354428+00:00
1235431,18,2025-03-02 02:10:51.444746+00:00,2025-03-02 09:33:17.354428+00:00
940247,18,2025-03-02 02:10:51.444746+00:00,2025-03-02 09:33:17.354428+00:00
598,18,2025-03-02 02:10:51.444746+00:00,2025-03-02 09:33:17.354428+00:00
783675,18,2025-03-02 02:10:51.444746+00:00,2025-03-02 09:33:17.354428+00:00
907,18,2025-03-02 02:10:51.444746+00:00,2025-03-02 09:33:17.354428+00:00
78450,18,2025-03-02 02:10:51.444746+00:00,2025-03-02 09:33:17.354428+00:00
109,18,2025-03-02 02:10:51.444746+00:00,2025-03-02 09:33:17.354428+00:00
1047003,18,2025-03-02 02:10:51.444746+00:00,2025-03-02 09:33:17.354428+00:00
890538,18,2025-03-02 02:10:51.444746+00:00,2025-03-02 09:33:17.354428+00:00
1093453,18,2025-03-02 02:10:51.444746+00:00,2025-03-02 09:33:17.354428+00:00
661539,18,2025-03-02 02:10:51.444746+00:00,2025-03-02 09:33:17.354428+00:00
1234591,18,2025-03-02 02:10:51.444746+00:00,2025-03-02 09:33:17.354428+00:00
485162,18,2025-03-02 02:10:51.444746+00:00,2025-03-02 09:33:17.354428+00:00
38405,27,2025-03-02 02:10:51.444746+00:00,2025-03-02 09:33:17.354428+00:00
947049,27,2025-03-02 02:10:51.444746+00:00,2025-03-02 09:33:17.354428+00:00
1176166,27,2025-03-02 02:10:51.444746+00:00,2025-03-02 09:33:17.354428+00:00
1226170,27,2025-03-02 02:10:51.444746+00:00,2025-03-02 09:33:17.354428+00:00
931894,27,2025-03-02 02:10:51.444746+00:00,2025-03-02 09:33:17.354428+00:00
1169340,27,2025-03-02 02:10:51.444746+00:00,2025-03-02 09:33:17.354428+00:00
296271,27,2025-03-02 02:10:51.444746+00:00,2025-03-02 09:33:17.354428+00:00
10515,28,2025-03-02 02:10:51.444746+00:00,2025-03-02 09:33:17.354428+00:00
774548,28,2025-03-02 02:10:51.444746+00:00,2025-03-02 09:33:17.354428+00:00
1012267,28,2025-03-02 02:10:51.444746+00:00,2025-03-02 09:33:17.354428+00:00
729854,28,2025-03-02 02:10:51.444746+00:00,2025-03-02 09:33:17.354428+00:00
718930,28,2025-03-02 02:10:51.444746+00:00,2025-03-02 09:33:17.354428+00:00
14310,28,2025-03-02 02:10:51.444746+00:00,2025-03-02 09:33:17.354428+00:00
131634,28,2025-03-02 02:10:51.444746+00:00,2025-03-02 09:33:17.354428+00:00
4593,35,2025-03-02 02:10:51.444746+00:00,2025-03-02 09:33:17.354428+00:00
764810,35,2025-03-02 02:10:51.444746+00:00,2025-03-02 09:33:17.354428+00:00
1077310,35,2025-03-02 02:10:51.444746+00:00,2025-03-02 09:33:17.354428+00:00
740963,35,2025-03-02 02:10:51.444746+00:00,2025-03-02 09:33:17.354428+00:00
823482,35,2025-03-02 02:10:51.444746+00:00,2025-03-02 09:33:17.354428+00:00
1283068,35,2025-03-02 02:10:51.444746+00:00,2025-03-02 09:33:17.354428+00:00
365177,35,2025-03-02 02:10:51.444746+00:00,2025-03-02 09:33:17.354428+00:00
497828,35,2025-03-02 02:10:51.444746+00:00,2025-03-02 09:33:17.354428+00:00
634120,35,2025-03-02 02:10:51.444746+00:00,2025-03-02 09:33:17.354428+00:00
668640,35,2025-03-02 02:10:51.444746+00:00,2025-03-02 09:33:17.354428+00:00
120811,35,2025-03-02 02:10:51.444746+00:00,2025-03-02 09:33:17.354428+00:00
9746,36,2025-03-02 02:10:51.444746+00:00,2025-03-02 09:33:17.354428+00:00
901121,36,2025-03-02 02:10:51.444746+00:00,2025-03-02 09:33:17.354428+00:00
978580,36,2025-03-02 02:10:51.444746+00:00,2025-03-02 09:33:17.354428+00:00
982202,36,2025-03-02 02:10:51.444746+00:00,2025-03-02 09:33:17.354428+00:00
1137142,53,2025-03-02 02:10:51.444746+00:00,2025-03-02 09:33:17.354428+00:00
743815,53,2025-03-02 02:10:51.444746+00:00,2025-03-02 09:33:17.354428+00:00
1147710,53,2025-03-02 02:10:51.444746+00:00,2025-03-02 09:33:17.354428+00:00
842942,53,2025-03-02 02:10:51.444746+00:00,2025-03-02 09:33:17.354428+00:00
890771,53,2025-03-02 02:10:51.444746+00:00,2025-03-02 09:33:17.354428+00:00
845611,80,2025-03-02 02:10:51.444746+00:00,2025-03-02 09:33:17.354428+00:00
736732,80,2025-03-02 02:10:51.444746+00:00,2025-03-02 09:33:17.354428+00:00
176,80,2025-03-02 02:10:51.444746+00:00,2025-03-02 09:33:17.354428+00:00
914206,878,2025-03-02 02:10:51.444746+00:00,2025-03-02 09:33:17.354428+00:00
526896,878,2025-03-02 02:10:51.444746+00:00,2025-03-02 09:33:17.354428+00:00
1076011,9648,2025-03-02 02:10:51.444746+00:00,2025-03-02 09:33:17.354428+00:00
760522,9648,2025-03-02 02:10:51.444746+00:00,2025-03-02 09:33:17.354428+00:00
808667,9648,2025-03-02 02:10:51.444746+00:00,2025-03-02 09:33:17.354428+00:00
477018,9648,2025-03-02 02:10:51.444746+00:00,2025-03-02 09:33:17.354428+00:00
1114205,9648,2025-03-02 02:10:51.444746+00:00,2025-03-02 09:33:17.354428+00:00
1168337,99,2025-03-02 02:10:51.444746+00:00,2025-03-02 09:33:17.354428+00:00
1030991,99,2025-03-02 02:10:51.444746+00:00,2025-03-02 09:33:17.354428+00:00
615656,27,2025-03-02 09:33:17.354428+00:00,2025-03-02 09:33:17.354428+00:00
589026,35,2025-03-02 09:33:17.354428+00:00,2025-03-02 09:33:17.354428+00:00
624793,10402,2025-03-02 02:10:51.444746+00:00,2025-03-02 09:33:17.354428+00:00
37335,10402,2025-03-02 02:10:51.444746+00:00,2025-03-02 09:33:17.354428+00:00
795815,10749,2025-03-02 02:10:51.444746+00:00,2025-03-02 09:33:17.354428+00:00
996499,10749,2025-03-02 02:10:51.444746+00:00,2025-03-02 09:33:17.354428+00:00
820530,10749,2025-03-02 02:10:51.444746+00:00,2025-03-02 09:33:17.354428+00:00
616670,10749,2025-03-02 02:10:51.444746+00:00,2025-03-02 09:33:17.354428+00:00
49964,10751,2025-03-02 02:10:51.444746+00:00,2025-03-02 09:33:17.354428+00:00
459151,10751,2025-03-02 02:10:51.444746+00:00,2025-03-02 09:33:17.354428+00:00
1188019,10751,2025-03-02 02:10:51.444746+00:00,2025-03-02 09:33:17.354428+00:00
877269,10751,2025-03-02 02:10:51.444746+00:00,2025-03-02 09:33:17.354428+00:00
634492,14,2025-03-02 02:10:51.444746+00:00,2025-03-02 09:33:17.354428+00:00
149871,14,2025-03-02 02:10:51.444746+00:00,2025-03-02 09:33:17.354428+00:00
829920,14,2025-03-02 02:10:51.444746+00:00,2025-03-02 09:33:17.354428+00:00
517302,14,2025-03-02 02:10:51.444746+00:00,2025-03-02 09:33:17.354428+00:00
876792,16,2025-03-02 02:10:51.444746+00:00,2025-03-02 09:33:17.354428+00:00
1021860,16,2025-03-02 02:10:51.444746+00:00,2025-03-02 09:33:17.354428+00:00
160642,16,2025-03-02 02:10:51.444746+00:00,2025-03-02 09:33:17.354428+00:00
846993,16,2025-03-02 02:10:51.444746+00:00,2025-03-02 09:33:17.354428+00:00
1306218,18,2025-03-02 02:10:51.444746+00:00,2025-03-02 09:33:17.354428+00:00
575764,18,2025-03-02 02:10:51.444746+00:00,2025-03-02 09:33:17.354428+00:00
54186,18,2025-03-02 02:10:51.444746+00:00,2025-03-02 09:33:17.354428+00:00
68606,18,2025-03-02 02:10:51.444746+00:00,2025-03-02 09:33:17.354428+00:00
878987,18,2025-03-02 02:10:51.444746+00:00,2025-03-02 09:33:17.354428+00:00
612491,18,2025-03-02 02:10:51.444746+00:00,2025-03-02 09:33:17.354428+00:00
579831,18,2025-03-02 02:10:51.444746+00:00,2025-03-02 09:33:17.354428+00:00
681349,18,2025-03-02 02:10:51.444746+00:00,2025-03-02 09:33:17.354428+00:00
47104,18,2025-03-02 02:10:51.444746+00:00,2025-03-02 09:33:17.354428+00:00
454161,18,2025-03-02 02:10:51.444746+00:00,2025-03-02 09:33:17.354428+00:00
11471,18,2025-03-02 02:10:51.444746+00:00,2025-03-02 09:33:17.354428+00:00
892530,18,2025-03-02 02:10:51.444746+00:00,2025-03-02 09:33:17.354428+00:00
901121,18,2025-03-02 02:10:51.444746+00:00,2025-03-02 09:33:17.354428+00:00
958234,18,2025-03-02 02:10:51.444746+00:00,2025-03-02 09:33:17.354428+00:00
824362,18,2025-03-02 02:10:51.444746+00:00,2025-03-02 09:33:17.354428+00:00
1022862,18,2025-03-02 02:10:51.444746+00:00,2025-03-02 09:33:17.354428+00:00
59468,18,2025-03-02 02:10:51.444746+00:00,2025-03-02 09:33:17.354428+00:00
10435,18,2025-03-02 02:10:51.444746+00:00,2025-03-02 09:33:17.354428+00:00
64015,18,2025-03-02 02:10:51.444746+00:00,2025-03-02 09:33:17.354428+00:00
1114775,18,2025-03-02 02:10:51.444746+00:00,2025-03-02 09:33:17.354428+00:00
1102857,27,2025-03-02 02:10:51.444746+00:00,2025-03-02 09:33:17.354428+00:00
772450,27,2025-03-02 02:10:51.444746+00:00,2025-03-02 09:33:17.354428+00:00
1015079,27,2025-03-02 02:10:51.444746+00:00,2025-03-02 09:33:17.354428+00:00
575264,28,2025-03-02 02:10:51.444746+00:00,2025-03-02 09:33:17.354428+00:00
1027073,28,2025-03-02 02:10:51.444746+00:00,2025-03-02 09:33:17.354428+00:00
1333100,28,2025-03-02 02:10:51.444746+00:00,2025-03-02 09:33:17.354428+00:00
698201,28,2025-03-02 02:10:51.444746+00:00,2025-03-02 09:33:17.354428+00:00
993092,35,2025-03-02 02:10:51.444746+00:00,2025-03-02 09:33:17.354428+00:00
960275,35,2025-03-02 02:10:51.444746+00:00,2025-03-02 09:33:17.354428+00:00
922378,35,2025-03-02 02:10:51.444746+00:00,2025-03-02 09:33:17.354428+00:00
1302106,35,2025-03-02 02:10:51.444746+00:00,2025-03-02 09:33:17.354428+00:00
991197,35,2025-03-02 02:10:51.444746+00:00,2025-03-02 09:33:17.354428+00:00
768726,35,2025-03-02 02:10:51.444746+00:00,2025-03-02 09:33:17.354428+00:00
1061855,35,2025-03-02 02:10:51.444746+00:00,2025-03-02 09:33:17.354428+00:00
1012201,35,2025-03-02 02:10:51.444746+00:00,2025-03-02 09:33:17.354428+00:00
978202,35,2025-03-02 02:10:51.444746+00:00,2025-03-02 09:33:17.354428+00:00
777270,36,2025-03-02 02:10:51.444746+00:00,2025-03-02 09:33:17.354428+00:00
5279,53,2025-03-02 02:10:51.444746+00:00,2025-03-02 09:33:17.354428+00:00
619803,53,2025-03-02 02:10:51.444746+00:00,2025-03-02 09:33:17.354428+00:00
598,80,2025-03-02 02:10:51.444746+00:00,2025-03-02 09:33:17.354428+00:00
1063814,80,2025-03-02 02:10:51.444746+00:00,2025-03-02 09:33:17.354428+00:00
648579,80,2025-03-02 02:10:51.444746+00:00,2025-03-02 09:33:17.354428+00:00
605886,80,2025-03-02 02:10:51.444746+00:00,2025-03-02 09:33:17.354428+00:00
813079,80,2025-03-02 02:10:51.444746+00:00,2025-03-02 09:33:17.354428+00:00
864116,80,2025-03-02 02:10:51.444746+00:00,2025-03-02 09:33:17.354428+00:00
934957,80,2025-03-02 02:10:51.444746+00:00,2025-03-02 09:33:17.354428+00:00
70160,878,2025-03-02 02:10:51.444746+00:00,2025-03-02 09:33:17.354428+00:00
915403,878,2025-03-02 02:10:51.444746+00:00,2025-03-02 09:33:17.354428+00:00
945729,9648,2025-03-02 02:10:51.444746+00:00,2025-03-02 09:33:17.354428+00:00
511819,9648,2025-03-02 02:10:51.444746+00:00,2025-03-02 09:33:17.354428+00:00
1064669,9648,2025-03-02 02:10:51.444746+00:00,2025-03-02 09:33:17.354428+00:00
1088709,99,2025-03-02 02:10:51.444746+00:00,2025-03-02 09:33:17.354428+00:00
1265692,99,2025-03-02 02:10:51.444746+00:00,2025-03-02 09:33:17.354428+00:00
1121017,99,2025-03-02 02:10:51.444746+00:00,2025-03-02 09:33:17.354428+00:00
969784,99,2025-03-02 02:10:51.444746+00:00,2025-03-02 09:33:17.354428+00:00
977156,53,2025-03-02 09:33:17.354428+00:00,2025-03-02 09:33:17.354428+00:00
589026,10751,2025-03-02 09:33:17.354428+00:00,2025-03-02 09:33:17.354428+00:00
1037696,10402,2025-03-02 02:10:51.444746+00:00,2025-03-02 09:33:17.354428+00:00
27060,10749,2025-03-02 02:10:51.444746+00:00,2025-03-02 09:33:17.354428+00:00
117646,10749,2025-03-02 02:10:51.444746+00:00,2025-03-02 09:33:17.354428+00:00
620498,10749,2025-03-02 02:10:51.444746+00:00,2025-03-02 09:33:17.354428+00:00
962571,10749,2025-03-02 02:10:51.444746+00:00,2025-03-02 09:33:17.354428+00:00
1154154,10749,2025-03-02 02:10:51.444746+00:00,2025-03-02 09:33:17.354428+00:00
438210,10749,2025-03-02 02:10:51.444746+00:00,2025-03-02 09:33:17.354428+00:00
10995,10749,2025-03-02 02:10:51.444746+00:00,2025-03-02 09:33:17.354428+00:00
916192,10749,2025-03-02 02:10:51.444746+00:00,2025-03-02 09:33:17.354428+00:00
976573,10751,2025-03-02 02:10:51.444746+00:00,2025-03-02 09:33:17.354428+00:00
939243,10751,2025-03-02 02:10:51.444746+00:00,2025-03-02 09:33:17.354428+00:00
15283,12,2025-03-02 02:10:51.444746+00:00,2025-03-02 09:33:17.354428+00:00
453395,12,2025-03-02 02:10:51.444746+00:00,2025-03-02 09:33:17.354428+00:00
639720,14,2025-03-02 02:10:51.444746+00:00,2025-03-02 09:33:17.354428+00:00
1233209,14,2025-03-02 02:10:51.444746+00:00,2025-03-02 09:33:17.354428+00:00
760758,14,2025-03-02 02:10:51.444746+00:00,2025-03-02 09:33:17.354428+00:00
589761,14,2025-03-02 02:10:51.444746+00:00,2025-03-02 09:33:17.354428+00:00
758891,14,2025-03-02 02:10:51.444746+00:00,2025-03-02 09:33:17.354428+00:00
1081640,16,2025-03-02 02:10:51.444746+00:00,2025-03-02 09:33:17.354428+00:00
748783,16,2025-03-02 02:10:51.444746+00:00,2025-03-02 09:33:17.354428+00:00
877269,16,2025-03-02 02:10:51.444746+00:00,2025-03-02 09:33:17.354428+00:00
357405,16,2025-03-02 02:10:51.444746+00:00,2025-03-02 09:33:17.354428+00:00
16859,16,2025-03-02 02:10:51.444746+00:00,2025-03-02 09:33:17.354428+00:00
927547,18,2025-03-02 02:10:51.444746+00:00,2025-03-02 09:33:17.354428+00:00
526811,18,2025-03-02 02:10:51.444746+00:00,2025-03-02 09:33:17.354428+00:00
997659,18,2025-03-02 02:10:51.444746+00:00,2025-03-02 09:33:17.354428+00:00
797787,18,2025-03-02 02:10:51.444746+00:00,2025-03-02 09:33:17.354428+00:00
661681,18,2025-03-02 02:10:51.444746+00:00,2025-03-02 09:33:17.354428+00:00
750253,18,2025-03-02 02:10:51.444746+00:00,2025-03-02 09:33:17.354428+00:00
969441,18,2025-03-02 02:10:51.444746+00:00,2025-03-02 09:33:17.354428+00:00
975762,18,2025-03-02 02:10:51.444746+00:00,2025-03-02 09:33:17.354428+00:00
781816,18,2025-03-02 02:10:51.444746+00:00,2025-03-02 09:33:17.354428+00:00
454,18,2025-03-02 02:10:51.444746+00:00,2025-03-02 09:33:17.354428+00:00
1026227,18,2025-03-02 02:10:51.444746+00:00,2025-03-02 09:33:17.354428+00:00
1989,18,2025-03-02 02:10:51.444746+00:00,2025-03-02 09:33:17.354428+00:00
272122,18,2025-03-02 02:10:51.444746+00:00,2025-03-02 09:33:17.354428+00:00
986855,18,2025-03-02 02:10:51.444746+00:00,2025-03-02 09:33:17.354428+00:00
25538,18,2025-03-02 02:10:51.444746+00:00,2025-03-02 09:33:17.354428+00:00
916224,18,2025-03-02 02:10:51.444746+00:00,2025-03-02 09:33:17.354428+00:00
872585,18,2025-03-02 02:10:51.444746+00:00,2025-03-02 09:33:17.354428+00:00
846716,18,2025-03-02 02:10:51.444746+00:00,2025-03-02 09:33:17.354428+00:00
669401,18,2025-03-02 02:10:51.444746+00:00,2025-03-02 09:33:17.354428+00:00
957112,18,2025-03-02 02:10:51.444746+00:00,2025-03-02 09:33:17.354428+00:00
594634,18,2025-03-02 02:10:51.444746+00:00,2025-03-02 09:33:17.354428+00:00
1626,18,2025-03-02 02:10:51.444746+00:00,2025-03-02 09:33:17.354428+00:00
745881,27,2025-03-02 02:10:51.444746+00:00,2025-03-02 09:33:17.354428+00:00
1100782,27,2025-03-02 02:10:51.444746+00:00,2025-03-02 09:33:17.354428+00:00
1264429,27,2025-03-02 02:10:51.444746+00:00,2025-03-02 09:33:17.354428+00:00
1086747,27,2025-03-02 02:10:51.444746+00:00,2025-03-02 09:33:17.354428+00:00
960258,27,2025-03-02 02:10:51.444746+00:00,2025-03-02 09:33:17.354428+00:00
1032823,27,2025-03-02 02:10:51.444746+00:00,2025-03-02 09:33:17.354428+00:00
727340,28,2025-03-02 02:10:51.444746+00:00,2025-03-02 09:33:17.354428+00:00
1279788,28,2025-03-02 02:10:51.444746+00:00,2025-03-02 09:33:17.354428+00:00
619803,28,2025-03-02 02:10:51.444746+00:00,2025-03-02 09:33:17.354428+00:00
983866,28,2025-03-02 02:10:51.444746+00:00,2025-03-02 09:33:17.354428+00:00
3176,28,2025-03-02 02:10:51.444746+00:00,2025-03-02 09:33:17.354428+00:00
635302,28,2025-03-02 02:10:51.444746+00:00,2025-03-02 09:33:17.354428+00:00
1244361,28,2025-03-02 02:10:51.444746+00:00,2025-03-02 09:33:17.354428+00:00
385687,28,2025-03-02 02:10:51.444746+00:00,2025-03-02 09:33:17.354428+00:00
460458,28,2025-03-02 02:10:51.444746+00:00,2025-03-02 09:33:17.354428+00:00
560016,28,2025-03-02 02:10:51.444746+00:00,2025-03-02 09:33:17.354428+00:00
604685,28,2025-03-02 02:10:51.444746+00:00,2025-03-02 09:33:17.354428+00:00
639721,35,2025-03-02 02:10:51.444746+00:00,2025-03-02 09:33:17.354428+00:00
5558,35,2025-03-02 02:10:51.444746+00:00,2025-03-02 09:33:17.354428+00:00
649394,36,2025-03-02 02:10:51.444746+00:00,2025-03-02 09:33:17.354428+00:00
899524,36,2025-03-02 02:10:51.444746+00:00,2025-03-02 09:33:17.354428+00:00
1090031,36,2025-03-02 02:10:51.444746+00:00,2025-03-02 09:33:17.354428+00:00
838206,53,2025-03-02 02:10:51.444746+00:00,2025-03-02 09:33:17.354428+00:00
646207,53,2025-03-02 02:10:51.444746+00:00,2025-03-02 09:33:17.354428+00:00
1111873,53,2025-03-02 02:10:51.444746+00:00,2025-03-02 09:33:17.354428+00:00
634528,53,2025-03-02 02:10:51.444746+00:00,2025-03-02 09:33:17.354428+00:00
22536,53,2025-03-02 02:10:51.444746+00:00,2025-03-02 09:33:17.354428+00:00
768362,53,2025-03-02 02:10:51.444746+00:00,2025-03-02 09:33:17.354428+00:00
267,53,2025-03-02 02:10:51.444746+00:00,2025-03-02 09:33:17.354428+00:00
889737,53,2025-03-02 02:10:51.444746+00:00,2025-03-02 09:33:17.354428+00:00
5492,80,2025-03-02 02:10:51.444746+00:00,2025-03-02 09:33:17.354428+00:00
974250,80,2025-03-02 02:10:51.444746+00:00,2025-03-02 09:33:17.354428+00:00
1028684,80,2025-03-02 02:10:51.444746+00:00,2025-03-02 09:33:17.354428+00:00
938008,80,2025-03-02 02:10:51.444746+00:00,2025-03-02 09:33:17.354428+00:00
799710,80,2025-03-02 02:10:51.444746+00:00,2025-03-02 09:33:17.354428+00:00
539681,878,2025-03-02 02:10:51.444746+00:00,2025-03-02 09:33:17.354428+00:00
786892,878,2025-03-02 02:10:51.444746+00:00,2025-03-02 09:33:17.354428+00:00
792678,878,2025-03-02 02:10:51.444746+00:00,2025-03-02 09:33:17.354428+00:00
38,878,2025-03-02 02:10:51.444746+00:00,2025-03-02 09:33:17.354428+00:00
8072,878,2025-03-02 02:10:51.444746+00:00,2025-03-02 09:33:17.354428+00:00
670,9648,2025-03-02 02:10:51.444746+00:00,2025-03-02 09:33:17.354428+00:00
948184,9648,2025-03-02 02:10:51.444746+00:00,2025-03-02 09:33:17.354428+00:00
896689,99,2025-03-02 02:10:51.444746+00:00,2025-03-02 09:33:17.354428+00:00
1200506,99,2025-03-02 02:10:51.444746+00:00,2025-03-02 09:33:17.354428+00:00
842424,10749,2025-03-02 02:10:51.444746+00:00,2025-03-02 09:33:17.354428+00:00
15859,10749,2025-03-02 02:10:51.444746+00:00,2025-03-02 09:33:17.354428+00:00
501657,10749,2025-03-02 02:10:51.444746+00:00,2025-03-02 09:33:17.354428+00:00
683363,10749,2025-03-02 02:10:51.444746+00:00,2025-03-02 09:33:17.354428+00:00
810406,10749,2025-03-02 02:10:51.444746+00:00,2025-03-02 09:33:17.354428+00:00
783740,10749,2025-03-02 02:10:51.444746+00:00,2025-03-02 09:33:17.354428+00:00
508947,10751,2025-03-02 02:10:51.444746+00:00,2025-03-02 09:33:17.354428+00:00
588108,10752,2025-03-02 02:10:51.444746+00:00,2025-03-02 09:33:17.354428+00:00
925492,10770,2025-03-02 02:10:51.444746+00:00,2025-03-02 09:33:17.354428+00:00
947049,12,2025-03-02 02:10:51.444746+00:00,2025-03-02 09:33:17.354428+00:00
1059572,12,2025-03-02 02:10:51.444746+00:00,2025-03-02 09:33:17.354428+00:00
676710,12,2025-03-02 02:10:51.444746+00:00,2025-03-02 09:33:17.354428+00:00
804725,14,2025-03-02 02:10:51.444746+00:00,2025-03-02 09:33:17.354428+00:00
81,14,2025-03-02 02:10:51.444746+00:00,2025-03-02 09:33:17.354428+00:00
676727,16,2025-03-02 02:10:51.444746+00:00,2025-03-02 09:33:17.354428+00:00
566466,16,2025-03-02 02:10:51.444746+00:00,2025-03-02 09:33:17.354428+00:00
795564,16,2025-03-02 02:10:51.444746+00:00,2025-03-02 09:33:17.354428+00:00
898230,16,2025-03-02 02:10:51.444746+00:00,2025-03-02 09:33:17.354428+00:00
820530,16,2025-03-02 02:10:51.444746+00:00,2025-03-02 09:33:17.354428+00:00
269509,16,2025-03-02 02:10:51.444746+00:00,2025-03-02 09:33:17.354428+00:00
829920,16,2025-03-02 02:10:51.444746+00:00,2025-03-02 09:33:17.354428+00:00
847335,18,2025-03-02 02:10:51.444746+00:00,2025-03-02 09:33:17.354428+00:00
1287250,18,2025-03-02 02:10:51.444746+00:00,2025-03-02 09:33:17.354428+00:00
644714,18,2025-03-02 02:10:51.444746+00:00,2025-03-02 09:33:17.354428+00:00
1443,18,2025-03-02 02:10:51.444746+00:00,2025-03-02 09:33:17.354428+00:00
634,18,2025-03-02 02:10:51.444746+00:00,2025-03-02 09:33:17.354428+00:00
976893,18,2025-03-02 02:10:51.444746+00:00,2025-03-02 09:33:17.354428+00:00
1137142,18,2025-03-02 02:10:51.444746+00:00,2025-03-02 09:33:17.354428+00:00
1019661,18,2025-03-02 02:10:51.444746+00:00,2025-03-02 09:33:17.354428+00:00
664506,18,2025-03-02 02:10:51.444746+00:00,2025-03-02 09:33:17.354428+00:00
744,18,2025-03-02 02:10:51.444746+00:00,2025-03-02 09:33:17.354428+00:00
641960,18,2025-03-02 02:10:51.444746+00:00,2025-03-02 09:33:17.354428+00:00
9769,18,2025-03-02 02:10:51.444746+00:00,2025-03-02 09:33:17.354428+00:00
4710,18,2025-03-02 02:10:51.444746+00:00,2025-03-02 09:33:17.354428+00:00
1006664,18,2025-03-02 02:10:51.444746+00:00,2025-03-02 09:33:17.354428+00:00
1069813,18,2025-03-02 02:10:51.444746+00:00,2025-03-02 09:33:17.354428+00:00
1004555,18,2025-03-02 02:10:51.444746+00:00,2025-03-02 09:33:17.354428+00:00
769802,18,2025-03-02 02:10:51.444746+00:00,2025-03-02 09:33:17.354428+00:00
20342,18,2025-03-02 02:10:51.444746+00:00,2025-03-02 09:33:17.354428+00:00
971602,18,2025-03-02 02:10:51.444746+00:00,2025-03-02 09:33:17.354428+00:00
1075010,18,2025-03-02 02:10:51.444746+00:00,2025-03-02 09:33:17.354428+00:00
739323,18,2025-03-02 02:10:51.444746+00:00,2025-03-02 09:33:17.354428+00:00
978796,27,2025-03-02 02:10:51.444746+00:00,2025-03-02 09:33:17.354428+00:00
961381,28,2025-03-02 02:10:51.444746+00:00,2025-03-02 09:33:17.354428+00:00
811592,28,2025-03-02 02:10:51.444746+00:00,2025-03-02 09:33:17.354428+00:00
862855,28,2025-03-02 02:10:51.444746+00:00,2025-03-02 09:33:17.354428+00:00
944401,28,2025-03-02 02:10:51.444746+00:00,2025-03-02 09:33:17.354428+00:00
155,28,2025-03-02 02:10:51.444746+00:00,2025-03-02 09:33:17.354428+00:00
634,35,2025-03-02 02:10:51.444746+00:00,2025-03-02 09:33:17.354428+00:00
660955,35,2025-03-02 02:10:51.444746+00:00,2025-03-02 09:33:17.354428+00:00
838240,35,2025-03-02 02:10:51.444746+00:00,2025-03-02 09:33:17.354428+00:00
1148677,35,2025-03-02 02:10:51.444746+00:00,2025-03-02 09:33:17.354428+00:00
817557,35,2025-03-02 02:10:51.444746+00:00,2025-03-02 09:33:17.354428+00:00
820099,35,2025-03-02 02:10:51.444746+00:00,2025-03-02 09:33:17.354428+00:00
1250407,35,2025-03-02 02:10:51.444746+00:00,2025-03-02 09:33:17.354428+00:00
748787,53,2025-03-02 02:10:51.444746+00:00,2025-03-02 09:33:17.354428+00:00
1215918,53,2025-03-02 02:10:51.444746+00:00,2025-03-02 09:33:17.354428+00:00
643532,53,2025-03-02 02:10:51.444746+00:00,2025-03-02 09:33:17.354428+00:00
604685,53,2025-03-02 02:10:51.444746+00:00,2025-03-02 09:33:17.354428+00:00
1933,53,2025-03-02 02:10:51.444746+00:00,2025-03-02 09:33:17.354428+00:00
507089,53,2025-03-02 02:10:51.444746+00:00,2025-03-02 09:33:17.354428+00:00
713704,53,2025-03-02 02:10:51.444746+00:00,2025-03-02 09:33:17.354428+00:00
1071215,53,2025-03-02 02:10:51.444746+00:00,2025-03-02 09:33:17.354428+00:00
925943,80,2025-03-02 02:10:51.444746+00:00,2025-03-02 09:33:17.354428+00:00
923667,80,2025-03-02 02:10:51.444746+00:00,2025-03-02 09:33:17.354428+00:00
925492,80,2025-03-02 02:10:51.444746+00:00,2025-03-02 09:33:17.354428+00:00
629542,80,2025-03-02 02:10:51.444746+00:00,2025-03-02 09:33:17.354428+00:00
693134,878,2025-03-02 02:10:51.444746+00:00,2025-03-02 09:33:17.354428+00:00
1398,878,2025-03-02 02:10:51.444746+00:00,2025-03-02 09:33:17.354428+00:00
1114205,878,2025-03-02 02:10:51.444746+00:00,2025-03-02 09:33:17.354428+00:00
406759,878,2025-03-02 02:10:51.444746+00:00,2025-03-02 09:33:17.354428+00:00
76600,878,2025-03-02 02:10:51.444746+00:00,2025-03-02 09:33:17.354428+00:00
869886,9648,2025-03-02 02:10:51.444746+00:00,2025-03-02 09:33:17.354428+00:00
1276108,9648,2025-03-02 02:10:51.444746+00:00,2025-03-02 09:33:17.354428+00:00
1231785,9648,2025-03-02 02:10:51.444746+00:00,2025-03-02 09:33:17.354428+00:00
949000,99,2025-03-02 02:10:51.444746+00:00,2025-03-02 09:33:17.354428+00:00
1297616,99,2025-03-02 02:10:51.444746+00:00,2025-03-02 09:33:17.354428+00:00
1021768,99,2025-03-02 02:10:51.444746+00:00,2025-03-02 09:33:17.354428+00:00
1156189,10402,2025-03-02 02:10:51.444746+00:00,2025-03-02 09:33:17.354428+00:00
655738,10402,2025-03-02 02:10:51.444746+00:00,2025-03-02 09:33:17.354428+00:00
642538,10402,2025-03-02 02:10:51.444746+00:00,2025-03-02 09:33:17.354428+00:00
1058923,10402,2025-03-02 02:10:51.444746+00:00,2025-03-02 09:33:17.354428+00:00
662402,10749,2025-03-02 02:10:51.444746+00:00,2025-03-02 09:33:17.354428+00:00
41531,10749,2025-03-02 02:10:51.444746+00:00,2025-03-02 09:33:17.354428+00:00
1234114,10749,2025-03-02 02:10:51.444746+00:00,2025-03-02 09:33:17.354428+00:00
994741,10749,2025-03-02 02:10:51.444746+00:00,2025-03-02 09:33:17.354428+00:00
120811,10751,2025-03-02 02:10:51.444746+00:00,2025-03-02 09:33:17.354428+00:00
269509,10751,2025-03-02 02:10:51.444746+00:00,2025-03-02 09:33:17.354428+00:00
749004,10751,2025-03-02 02:10:51.444746+00:00,2025-03-02 09:33:17.354428+00:00
1184918,10751,2025-03-02 02:10:51.444746+00:00,2025-03-02 09:33:17.354428+00:00
673,12,2025-03-02 02:10:51.444746+00:00,2025-03-02 09:33:17.354428+00:00
1333099,12,2025-03-02 02:10:51.444746+00:00,2025-03-02 09:33:17.354428+00:00
892527,12,2025-03-02 02:10:51.444746+00:00,2025-03-02 09:33:17.354428+00:00
823625,12,2025-03-02 02:10:51.444746+00:00,2025-03-02 09:33:17.354428+00:00
676685,12,2025-03-02 02:10:51.444746+00:00,2025-03-02 09:33:17.354428+00:00
943134,12,2025-03-02 02:10:51.444746+00:00,2025-03-02 09:33:17.354428+00:00
1357633,12,2025-03-02 02:10:51.444746+00:00,2025-03-02 09:33:17.354428+00:00
580489,12,2025-03-02 02:10:51.444746+00:00,2025-03-02 09:33:17.354428+00:00
979688,14,2025-03-02 02:10:51.444746+00:00,2025-03-02 09:33:17.354428+00:00
823219,14,2025-03-02 02:10:51.444746+00:00,2025-03-02 09:33:17.354428+00:00
1276242,14,2025-03-02 02:10:51.444746+00:00,2025-03-02 09:33:17.354428+00:00
787699,14,2025-03-02 02:10:51.444746+00:00,2025-03-02 09:33:17.354428+00:00
68883,14,2025-03-02 02:10:51.444746+00:00,2025-03-02 09:33:17.354428+00:00
1189165,16,2025-03-02 02:10:51.444746+00:00,2025-03-02 09:33:17.354428+00:00
12429,16,2025-03-02 02:10:51.444746+00:00,2025-03-02 09:33:17.354428+00:00
586352,16,2025-03-02 02:10:51.444746+00:00,2025-03-02 09:33:17.354428+00:00
366672,16,2025-03-02 02:10:51.444746+00:00,2025-03-02 09:33:17.354428+00:00
28468,18,2025-03-02 02:10:51.444746+00:00,2025-03-02 09:33:17.354428+00:00
45043,18,2025-03-02 02:10:51.444746+00:00,2025-03-02 09:33:17.354428+00:00
1043905,18,2025-03-02 02:10:51.444746+00:00,2025-03-02 09:33:17.354428+00:00
365620,18,2025-03-02 02:10:51.444746+00:00,2025-03-02 09:33:17.354428+00:00
989496,18,2025-03-02 02:10:51.444746+00:00,2025-03-02 09:33:17.354428+00:00
18329,18,2025-03-02 02:10:51.444746+00:00,2025-03-02 09:33:17.354428+00:00
108,18,2025-03-02 02:10:51.444746+00:00,2025-03-02 09:33:17.354428+00:00
810587,18,2025-03-02 02:10:51.444746+00:00,2025-03-02 09:33:17.354428+00:00
980026,18,2025-03-02 02:10:51.444746+00:00,2025-03-02 09:33:17.354428+00:00
18311,18,2025-03-02 02:10:51.444746+00:00,2025-03-02 09:33:17.354428+00:00
931102,18,2025-03-02 02:10:51.444746+00:00,2025-03-02 09:33:17.354428+00:00
900379,18,2025-03-02 02:10:51.444746+00:00,2025-03-02 09:33:17.354428+00:00
895659,18,2025-03-02 02:10:51.444746+00:00,2025-03-02 09:33:17.354428+00:00
833417,18,2025-03-02 02:10:51.444746+00:00,2025-03-02 09:33:17.354428+00:00
37797,18,2025-03-02 02:10:51.444746+00:00,2025-03-02 09:33:17.354428+00:00
1008043,18,2025-03-02 02:10:51.444746+00:00,2025-03-02 09:33:17.354428+00:00
610253,27,2025-03-02 02:10:51.444746+00:00,2025-03-02 09:33:17.354428+00:00
1290213,27,2025-03-02 02:10:51.444746+00:00,2025-03-02 09:33:17.354428+00:00
166271,27,2025-03-02 02:10:51.444746+00:00,2025-03-02 09:33:17.354428+00:00
1063863,27,2025-03-02 02:10:51.444746+00:00,2025-03-02 09:33:17.354428+00:00
524434,28,2025-03-02 02:10:51.444746+00:00,2025-03-02 09:33:17.354428+00:00
606400,28,2025-03-02 02:10:51.444746+00:00,2025-03-02 09:33:17.354428+00:00
634492,28,2025-03-02 02:10:51.444746+00:00,2025-03-02 09:33:17.354428+00:00
950019,28,2025-03-02 02:10:51.444746+00:00,2025-03-02 09:33:17.354428+00:00
792775,35,2025-03-02 02:10:51.444746+00:00,2025-03-02 09:33:17.354428+00:00
996666,35,2025-03-02 02:10:51.444746+00:00,2025-03-02 09:33:17.354428+00:00
586352,35,2025-03-02 02:10:51.444746+00:00,2025-03-02 09:33:17.354428+00:00
612696,35,2025-03-02 02:10:51.444746+00:00,2025-03-02 09:33:17.354428+00:00
681349,35,2025-03-02 02:10:51.444746+00:00,2025-03-02 09:33:17.354428+00:00
164207,35,2025-03-02 02:10:51.444746+00:00,2025-03-02 09:33:17.354428+00:00
81296,35,2025-03-02 02:10:51.444746+00:00,2025-03-02 09:33:17.354428+00:00
1045770,35,2025-03-02 02:10:51.444746+00:00,2025-03-02 09:33:17.354428+00:00
888003,35,2025-03-02 02:10:51.444746+00:00,2025-03-02 09:33:17.354428+00:00
745608,35,2025-03-02 02:10:51.444746+00:00,2025-03-02 09:33:17.354428+00:00
496243,35,2025-03-02 02:10:51.444746+00:00,2025-03-02 09:33:17.354428+00:00
923192,35,2025-03-02 02:10:51.444746+00:00,2025-03-02 09:33:17.354428+00:00
809733,35,2025-03-02 02:10:51.444746+00:00,2025-03-02 09:33:17.354428+00:00
1303162,35,2025-03-02 02:10:51.444746+00:00,2025-03-02 09:33:17.354428+00:00
597859,36,2025-03-02 02:10:51.444746+00:00,2025-03-02 09:33:17.354428+00:00
799379,53,2025-03-02 02:10:51.444746+00:00,2025-03-02 09:33:17.354428+00:00
1030987,53,2025-03-02 02:10:51.444746+00:00,2025-03-02 09:33:17.354428+00:00
883502,53,2025-03-02 02:10:51.444746+00:00,2025-03-02 09:33:17.354428+00:00
945729,80,2025-03-02 02:10:51.444746+00:00,2025-03-02 09:33:17.354428+00:00
385687,80,2025-03-02 02:10:51.444746+00:00,2025-03-02 09:33:17.354428+00:00
991197,80,2025-03-02 02:10:51.444746+00:00,2025-03-02 09:33:17.354428+00:00
185,80,2025-03-02 02:10:51.444746+00:00,2025-03-02 09:33:17.354428+00:00
1029178,80,2025-03-02 02:10:51.444746+00:00,2025-03-02 09:33:17.354428+00:00
265712,878,2025-03-02 02:10:51.444746+00:00,2025-03-02 09:33:17.354428+00:00
1051896,878,2025-03-02 02:10:51.444746+00:00,2025-03-02 09:33:17.354428+00:00
813079,9648,2025-03-02 02:10:51.444746+00:00,2025-03-02 09:33:17.354428+00:00
879689,9648,2025-03-02 02:10:51.444746+00:00,2025-03-02 09:33:17.354428+00:00
1169340,9648,2025-03-02 02:10:51.444746+00:00,2025-03-02 09:33:17.354428+00:00
970398,99,2025-03-02 02:10:51.444746+00:00,2025-03-02 09:33:17.354428+00:00
924120,99,2025-03-02 02:10:51.444746+00:00,2025-03-02 09:33:17.354428+00:00
1287324,35,2025-03-02 09:33:17.354428+00:00,2025-03-02 09:33:17.354428+00:00
1159247,10402,2025-03-02 02:10:51.444746+00:00,2025-03-02 09:33:17.354428+00:00
477044,10749,2025-03-02 02:10:51.444746+00:00,2025-03-02 09:33:17.354428+00:00
68883,10749,2025-03-02 02:10:51.444746+00:00,2025-03-02 09:33:17.354428+00:00
68004,10749,2025-03-02 02:10:51.444746+00:00,2025-03-02 09:33:17.354428+00:00
38,10749,2025-03-02 02:10:51.444746+00:00,2025-03-02 09:33:17.354428+00:00
1022789,10751,2025-03-02 02:10:51.444746+00:00,2025-03-02 09:33:17.354428+00:00
438695,10751,2025-03-02 02:10:51.444746+00:00,2025-03-02 09:33:17.354428+00:00
1043905,10752,2025-03-02 02:10:51.444746+00:00,2025-03-02 09:33:17.354428+00:00
916224,12,2025-03-02 02:10:51.444746+00:00,2025-03-02 09:33:17.354428+00:00
693134,12,2025-03-02 02:10:51.444746+00:00,2025-03-02 09:33:17.354428+00:00
639721,14,2025-03-02 02:10:51.444746+00:00,2025-03-02 09:33:17.354428+00:00
1086591,14,2025-03-02 02:10:51.444746+00:00,2025-03-02 09:33:17.354428+00:00
642538,14,2025-03-02 02:10:51.444746+00:00,2025-03-02 09:33:17.354428+00:00
589759,16,2025-03-02 02:10:51.444746+00:00,2025-03-02 09:33:17.354428+00:00
663260,18,2025-03-02 02:10:51.444746+00:00,2025-03-02 09:33:17.354428+00:00
1029244,18,2025-03-02 02:10:51.444746+00:00,2025-03-02 09:33:17.354428+00:00
147,18,2025-03-02 02:10:51.444746+00:00,2025-03-02 09:33:17.354428+00:00
795254,18,2025-03-02 02:10:51.444746+00:00,2025-03-02 09:33:17.354428+00:00
155,18,2025-03-02 02:10:51.444746+00:00,2025-03-02 09:33:17.354428+00:00
740937,18,2025-03-02 02:10:51.444746+00:00,2025-03-02 09:33:17.354428+00:00
829584,18,2025-03-02 02:10:51.444746+00:00,2025-03-02 09:33:17.354428+00:00
245,18,2025-03-02 02:10:51.444746+00:00,2025-03-02 09:33:17.354428+00:00
536396,18,2025-03-02 02:10:51.444746+00:00,2025-03-02 09:33:17.354428+00:00
1172012,18,2025-03-02 02:10:51.444746+00:00,2025-03-02 09:33:17.354428+00:00
995408,18,2025-03-02 02:10:51.444746+00:00,2025-03-02 09:33:17.354428+00:00
1210973,18,2025-03-02 02:10:51.444746+00:00,2025-03-02 09:33:17.354428+00:00
958937,18,2025-03-02 02:10:51.444746+00:00,2025-03-02 09:33:17.354428+00:00
497828,18,2025-03-02 02:10:51.444746+00:00,2025-03-02 09:33:17.354428+00:00
831031,18,2025-03-02 02:10:51.444746+00:00,2025-03-02 09:33:17.354428+00:00
801112,18,2025-03-02 02:10:51.444746+00:00,2025-03-02 09:33:17.354428+00:00
1146972,18,2025-03-02 02:10:51.444746+00:00,2025-03-02 09:33:17.354428+00:00
1188019,18,2025-03-02 02:10:51.444746+00:00,2025-03-02 09:33:17.354428+00:00
1100901,18,2025-03-02 02:10:51.444746+00:00,2025-03-02 09:33:17.354428+00:00
467244,18,2025-03-02 02:10:51.444746+00:00,2025-03-02 09:33:17.354428+00:00
1276108,18,2025-03-02 02:10:51.444746+00:00,2025-03-02 09:33:17.354428+00:00
774021,18,2025-03-02 02:10:51.444746+00:00,2025-03-02 09:33:17.354428+00:00
1167863,18,2025-03-02 02:10:51.444746+00:00,2025-03-02 09:33:17.354428+00:00
788734,18,2025-03-02 02:10:51.444746+00:00,2025-03-02 09:33:17.354428+00:00
537761,18,2025-03-02 02:10:51.444746+00:00,2025-03-02 09:33:17.354428+00:00
1157680,18,2025-03-02 02:10:51.444746+00:00,2025-03-02 09:33:17.354428+00:00
634528,18,2025-03-02 02:10:51.444746+00:00,2025-03-02 09:33:17.354428+00:00
726139,27,2025-03-02 02:10:51.444746+00:00,2025-03-02 09:33:17.354428+00:00
760161,27,2025-03-02 02:10:51.444746+00:00,2025-03-02 09:33:17.354428+00:00
1280832,27,2025-03-02 02:10:51.444746+00:00,2025-03-02 09:33:17.354428+00:00
817480,27,2025-03-02 02:10:51.444746+00:00,2025-03-02 09:33:17.354428+00:00
852438,27,2025-03-02 02:10:51.444746+00:00,2025-03-02 09:33:17.354428+00:00
1058078,27,2025-03-02 02:10:51.444746+00:00,2025-03-02 09:33:17.354428+00:00
593643,27,2025-03-02 02:10:51.444746+00:00,2025-03-02 09:33:17.354428+00:00
917007,27,2025-03-02 02:10:51.444746+00:00,2025-03-02 09:33:17.354428+00:00
516329,27,2025-03-02 02:10:51.444746+00:00,2025-03-02 09:33:17.354428+00:00
830788,27,2025-03-02 02:10:51.444746+00:00,2025-03-02 09:33:17.354428+00:00
497834,28,2025-03-02 02:10:51.444746+00:00,2025-03-02 09:33:17.354428+00:00
827689,28,2025-03-02 02:10:51.444746+00:00,2025-03-02 09:33:17.354428+00:00
149,28,2025-03-02 02:10:51.444746+00:00,2025-03-02 09:33:17.354428+00:00
610150,28,2025-03-02 02:10:51.444746+00:00,2025-03-02 09:33:17.354428+00:00
653346,28,2025-03-02 02:10:51.444746+00:00,2025-03-02 09:33:17.354428+00:00
533535,28,2025-03-02 02:10:51.444746+00:00,2025-03-02 09:33:17.354428+00:00
940551,35,2025-03-02 02:10:51.444746+00:00,2025-03-02 09:33:17.354428+00:00
31512,35,2025-03-02 02:10:51.444746+00:00,2025-03-02 09:33:17.354428+00:00
965094,35,2025-03-02 02:10:51.444746+00:00,2025-03-02 09:33:17.354428+00:00
1026436,35,2025-03-02 02:10:51.444746+00:00,2025-03-02 09:33:17.354428+00:00
482321,35,2025-03-02 02:10:51.444746+00:00,2025-03-02 09:33:17.354428+00:00
983883,35,2025-03-02 02:10:51.444746+00:00,2025-03-02 09:33:17.354428+00:00
502356,35,2025-03-02 02:10:51.444746+00:00,2025-03-02 09:33:17.354428+00:00
1050904,35,2025-03-02 02:10:51.444746+00:00,2025-03-02 09:33:17.354428+00:00
621587,35,2025-03-02 02:10:51.444746+00:00,2025-03-02 09:33:17.354428+00:00
11416,36,2025-03-02 02:10:51.444746+00:00,2025-03-02 09:33:17.354428+00:00
601635,36,2025-03-02 02:10:51.444746+00:00,2025-03-02 09:33:17.354428+00:00
989589,37,2025-03-02 02:10:51.444746+00:00,2025-03-02 09:33:17.354428+00:00
825808,53,2025-03-02 02:10:51.444746+00:00,2025-03-02 09:33:17.354428+00:00
969050,53,2025-03-02 02:10:51.444746+00:00,2025-03-02 09:33:17.354428+00:00
852758,53,2025-03-02 02:10:51.444746+00:00,2025-03-02 09:33:17.354428+00:00
718949,53,2025-03-02 02:10:51.444746+00:00,2025-03-02 09:33:17.354428+00:00
850099,53,2025-03-02 02:10:51.444746+00:00,2025-03-02 09:33:17.354428+00:00
746349,53,2025-03-02 02:10:51.444746+00:00,2025-03-02 09:33:17.354428+00:00
522406,53,2025-03-02 02:10:51.444746+00:00,2025-03-02 09:33:17.354428+00:00
414906,53,2025-03-02 02:10:51.444746+00:00,2025-03-02 09:33:17.354428+00:00
1136558,53,2025-03-02 02:10:51.444746+00:00,2025-03-02 09:33:17.354428+00:00
663712,53,2025-03-02 02:10:51.444746+00:00,2025-03-02 09:33:17.354428+00:00
1264429,53,2025-03-02 02:10:51.444746+00:00,2025-03-02 09:33:17.354428+00:00
915935,80,2025-03-02 02:10:51.444746+00:00,2025-03-02 09:33:17.354428+00:00
1126128,80,2025-03-02 02:10:51.444746+00:00,2025-03-02 09:33:17.354428+00:00
995926,80,2025-03-02 02:10:51.444746+00:00,2025-03-02 09:33:17.354428+00:00
1089,80,2025-03-02 02:10:51.444746+00:00,2025-03-02 09:33:17.354428+00:00
601796,878,2025-03-02 02:10:51.444746+00:00,2025-03-02 09:33:17.354428+00:00
1224993,9648,2025-03-02 02:10:51.444746+00:00,2025-03-02 09:33:17.354428+00:00
1255316,9648,2025-03-02 02:10:51.444746+00:00,2025-03-02 09:33:17.354428+00:00
1148154,99,2025-03-02 02:10:51.444746+00:00,2025-03-02 09:33:17.354428+00:00
615656,28,2025-03-02 09:33:17.354428+00:00,2025-03-02 09:33:17.354428+00:00
1007976,10749,2025-03-02 02:10:51.444746+00:00,2025-03-02 09:33:17.354428+00:00
901358,10749,2025-03-02 02:10:51.444746+00:00,2025-03-02 09:33:17.354428+00:00
64,10749,2025-03-02 02:10:51.444746+00:00,2025-03-02 09:33:17.354428+00:00
152584,10749,2025-03-02 02:10:51.444746+00:00,2025-03-02 09:33:17.354428+00:00
1072790,10749,2025-03-02 02:10:51.444746+00:00,2025-03-02 09:33:17.354428+00:00
1117291,10749,2025-03-02 02:10:51.444746+00:00,2025-03-02 09:33:17.354428+00:00
12429,10751,2025-03-02 02:10:51.444746+00:00,2025-03-02 09:33:17.354428+00:00
1241982,10751,2025-03-02 02:10:51.444746+00:00,2025-03-02 09:33:17.354428+00:00
522016,12,2025-03-02 02:10:51.444746+00:00,2025-03-02 09:33:17.354428+00:00
128,12,2025-03-02 02:10:51.444746+00:00,2025-03-02 09:33:17.354428+00:00
12155,12,2025-03-02 02:10:51.444746+00:00,2025-03-02 09:33:17.354428+00:00
87827,12,2025-03-02 02:10:51.444746+00:00,2025-03-02 09:33:17.354428+00:00
508947,14,2025-03-02 02:10:51.444746+00:00,2025-03-02 09:33:17.354428+00:00
852432,14,2025-03-02 02:10:51.444746+00:00,2025-03-02 09:33:17.354428+00:00
493529,14,2025-03-02 02:10:51.444746+00:00,2025-03-02 09:33:17.354428+00:00
810693,16,2025-03-02 02:10:51.444746+00:00,2025-03-02 09:33:17.354428+00:00
461078,16,2025-03-02 02:10:51.444746+00:00,2025-03-02 09:33:17.354428+00:00
1148588,16,2025-03-02 02:10:51.444746+00:00,2025-03-02 09:33:17.354428+00:00
786064,18,2025-03-02 02:10:51.444746+00:00,2025-03-02 09:33:17.354428+00:00
1148817,18,2025-03-02 02:10:51.444746+00:00,2025-03-02 09:33:17.354428+00:00
850099,18,2025-03-02 02:10:51.444746+00:00,2025-03-02 09:33:17.354428+00:00
8088,18,2025-03-02 02:10:51.444746+00:00,2025-03-02 09:33:17.354428+00:00
1006024,18,2025-03-02 02:10:51.444746+00:00,2025-03-02 09:33:17.354428+00:00
976576,18,2025-03-02 02:10:51.444746+00:00,2025-03-02 09:33:17.354428+00:00
933785,18,2025-03-02 02:10:51.444746+00:00,2025-03-02 09:33:17.354428+00:00
754067,18,2025-03-02 02:10:51.444746+00:00,2025-03-02 09:33:17.354428+00:00
965150,18,2025-03-02 02:10:51.444746+00:00,2025-03-02 09:33:17.354428+00:00
774343,18,2025-03-02 02:10:51.444746+00:00,2025-03-02 09:33:17.354428+00:00
730047,18,2025-03-02 02:10:51.444746+00:00,2025-03-02 09:33:17.354428+00:00
18872,18,2025-03-02 02:10:51.444746+00:00,2025-03-02 09:33:17.354428+00:00
630217,18,2025-03-02 02:10:51.444746+00:00,2025-03-02 09:33:17.354428+00:00
99,18,2025-03-02 02:10:51.444746+00:00,2025-03-02 09:33:17.354428+00:00
758866,18,2025-03-02 02:10:51.444746+00:00,2025-03-02 09:33:17.354428+00:00
958291,18,2025-03-02 02:10:51.444746+00:00,2025-03-02 09:33:17.354428+00:00
30018,18,2025-03-02 02:10:51.444746+00:00,2025-03-02 09:33:17.354428+00:00
466420,18,2025-03-02 02:10:51.444746+00:00,2025-03-02 09:33:17.354428+00:00
617653,18,2025-03-02 02:10:51.444746+00:00,2025-03-02 09:33:17.354428+00:00
1270769,27,2025-03-02 02:10:51.444746+00:00,2025-03-02 09:33:17.354428+00:00
1102510,27,2025-03-02 02:10:51.444746+00:00,2025-03-02 09:33:17.354428+00:00
1265800,27,2025-03-02 02:10:51.444746+00:00,2025-03-02 09:33:17.354428+00:00
517302,27,2025-03-02 02:10:51.444746+00:00,2025-03-02 09:33:17.354428+00:00
752616,27,2025-03-02 02:10:51.444746+00:00,2025-03-02 09:33:17.354428+00:00
1181045,27,2025-03-02 02:10:51.444746+00:00,2025-03-02 09:33:17.354428+00:00
609681,28,2025-03-02 02:10:51.444746+00:00,2025-03-02 09:33:17.354428+00:00
660360,28,2025-03-02 02:10:51.444746+00:00,2025-03-02 09:33:17.354428+00:00
670292,28,2025-03-02 02:10:51.444746+00:00,2025-03-02 09:33:17.354428+00:00
603661,35,2025-03-02 02:10:51.444746+00:00,2025-03-02 09:33:17.354428+00:00
743173,35,2025-03-02 02:10:51.444746+00:00,2025-03-02 09:33:17.354428+00:00
508947,35,2025-03-02 02:10:51.444746+00:00,2025-03-02 09:33:17.354428+00:00
845611,35,2025-03-02 02:10:51.444746+00:00,2025-03-02 09:33:17.354428+00:00
778855,35,2025-03-02 02:10:51.444746+00:00,2025-03-02 09:33:17.354428+00:00
1040892,35,2025-03-02 02:10:51.444746+00:00,2025-03-02 09:33:17.354428+00:00
573435,35,2025-03-02 02:10:51.444746+00:00,2025-03-02 09:33:17.354428+00:00
901362,35,2025-03-02 02:10:51.444746+00:00,2025-03-02 09:33:17.354428+00:00
901121,35,2025-03-02 02:10:51.444746+00:00,2025-03-02 09:33:17.354428+00:00
1022789,35,2025-03-02 02:10:51.444746+00:00,2025-03-02 09:33:17.354428+00:00
610249,35,2025-03-02 02:10:51.444746+00:00,2025-03-02 09:33:17.354428+00:00
789910,35,2025-03-02 02:10:51.444746+00:00,2025-03-02 09:33:17.354428+00:00
939879,35,2025-03-02 02:10:51.444746+00:00,2025-03-02 09:33:17.354428+00:00
696157,36,2025-03-02 02:10:51.444746+00:00,2025-03-02 09:33:17.354428+00:00
661231,36,2025-03-02 02:10:51.444746+00:00,2025-03-02 09:33:17.354428+00:00
594691,53,2025-03-02 02:10:51.444746+00:00,2025-03-02 09:33:17.354428+00:00
628922,53,2025-03-02 02:10:51.444746+00:00,2025-03-02 09:33:17.354428+00:00
695721,53,2025-03-02 02:10:51.444746+00:00,2025-03-02 09:33:17.354428+00:00
934207,53,2025-03-02 02:10:51.444746+00:00,2025-03-02 09:33:17.354428+00:00
901358,53,2025-03-02 02:10:51.444746+00:00,2025-03-02 09:33:17.354428+00:00
949697,53,2025-03-02 02:10:51.444746+00:00,2025-03-02 09:33:17.354428+00:00
1235926,53,2025-03-02 02:10:51.444746+00:00,2025-03-02 09:33:17.354428+00:00
1087388,53,2025-03-02 02:10:51.444746+00:00,2025-03-02 09:33:17.354428+00:00
1145026,80,2025-03-02 02:10:51.444746+00:00,2025-03-02 09:33:17.354428+00:00
466420,80,2025-03-02 02:10:51.444746+00:00,2025-03-02 09:33:17.354428+00:00
1005259,80,2025-03-02 02:10:51.444746+00:00,2025-03-02 09:33:17.354428+00:00
804725,878,2025-03-02 02:10:51.444746+00:00,2025-03-02 09:33:17.354428+00:00
438631,878,2025-03-02 02:10:51.444746+00:00,2025-03-02 09:33:17.354428+00:00
1099217,9648,2025-03-02 02:10:51.444746+00:00,2025-03-02 09:33:17.354428+00:00
1047003,9648,2025-03-02 02:10:51.444746+00:00,2025-03-02 09:33:17.354428+00:00
800151,99,2025-03-02 02:10:51.444746+00:00,2025-03-02 09:33:17.354428+00:00
1124911,99,2025-03-02 02:10:51.444746+00:00,2025-03-02 09:33:17.354428+00:00
12445,12,2025-03-02 09:33:17.354428+00:00,2025-03-02 09:33:17.354428+00:00
1084742,18,2025-03-02 09:33:17.354428+00:00,2025-03-02 09:33:17.354428+00:00
507086,12,2025-03-02 09:33:17.354428+00:00,2025-03-02 09:33:17.354428+00:00
998137,10402,2025-03-02 02:10:51.444746+00:00,2025-03-02 09:33:17.354428+00:00
696157,10402,2025-03-02 02:10:51.444746+00:00,2025-03-02 09:33:17.354428+00:00
795811,10749,2025-03-02 02:10:51.444746+00:00,2025-03-02 09:33:17.354428+00:00
1048516,10749,2025-03-02 02:10:51.444746+00:00,2025-03-02 09:33:17.354428+00:00
1302106,10749,2025-03-02 02:10:51.444746+00:00,2025-03-02 09:33:17.354428+00:00
922378,10749,2025-03-02 02:10:51.444746+00:00,2025-03-02 09:33:17.354428+00:00
919207,10752,2025-03-02 02:10:51.444746+00:00,2025-03-02 09:33:17.354428+00:00
957112,14,2025-03-02 02:10:51.444746+00:00,2025-03-02 09:33:17.354428+00:00
961257,14,2025-03-02 02:10:51.444746+00:00,2025-03-02 09:33:17.354428+00:00
893723,16,2025-03-02 02:10:51.444746+00:00,2025-03-02 09:33:17.354428+00:00
675445,16,2025-03-02 02:10:51.444746+00:00,2025-03-02 09:33:17.354428+00:00
10515,16,2025-03-02 02:10:51.444746+00:00,2025-03-02 09:33:17.354428+00:00
1011985,16,2025-03-02 02:10:51.444746+00:00,2025-03-02 09:33:17.354428+00:00
37797,16,2025-03-02 02:10:51.444746+00:00,2025-03-02 09:33:17.354428+00:00
77248,16,2025-03-02 02:10:51.444746+00:00,2025-03-02 09:33:17.354428+00:00
1030205,18,2025-03-02 02:10:51.444746+00:00,2025-03-02 09:33:17.354428+00:00
1091051,18,2025-03-02 02:10:51.444746+00:00,2025-03-02 09:33:17.354428+00:00
712134,18,2025-03-02 02:10:51.444746+00:00,2025-03-02 09:33:17.354428+00:00
1078280,18,2025-03-02 02:10:51.444746+00:00,2025-03-02 09:33:17.354428+00:00
626872,18,2025-03-02 02:10:51.444746+00:00,2025-03-02 09:33:17.354428+00:00
545237,18,2025-03-02 02:10:51.444746+00:00,2025-03-02 09:33:17.354428+00:00
49982,18,2025-03-02 02:10:51.444746+00:00,2025-03-02 09:33:17.354428+00:00
785980,18,2025-03-02 02:10:51.444746+00:00,2025-03-02 09:33:17.354428+00:00
997294,18,2025-03-02 02:10:51.444746+00:00,2025-03-02 09:33:17.354428+00:00
497834,18,2025-03-02 02:10:51.444746+00:00,2025-03-02 09:33:17.354428+00:00
795811,18,2025-03-02 02:10:51.444746+00:00,2025-03-02 09:33:17.354428+00:00
961267,18,2025-03-02 02:10:51.444746+00:00,2025-03-02 09:33:17.354428+00:00
744714,18,2025-03-02 02:10:51.444746+00:00,2025-03-02 09:33:17.354428+00:00
487850,18,2025-03-02 02:10:51.444746+00:00,2025-03-02 09:33:17.354428+00:00
1267822,18,2025-03-02 02:10:51.444746+00:00,2025-03-02 09:33:17.354428+00:00
1003706,18,2025-03-02 02:10:51.444746+00:00,2025-03-02 09:33:17.354428+00:00
1050665,18,2025-03-02 02:10:51.444746+00:00,2025-03-02 09:33:17.354428+00:00
1095805,18,2025-03-02 02:10:51.444746+00:00,2025-03-02 09:33:17.354428+00:00
944401,18,2025-03-02 02:10:51.444746+00:00,2025-03-02 09:33:17.354428+00:00
748787,18,2025-03-02 02:10:51.444746+00:00,2025-03-02 09:33:17.354428+00:00
420634,27,2025-03-02 02:10:51.444746+00:00,2025-03-02 09:33:17.354428+00:00
678512,28,2025-03-02 02:10:51.444746+00:00,2025-03-02 09:33:17.354428+00:00
960258,28,2025-03-02 02:10:51.444746+00:00,2025-03-02 09:33:17.354428+00:00
804435,28,2025-03-02 02:10:51.444746+00:00,2025-03-02 09:33:17.354428+00:00
1081012,28,2025-03-02 02:10:51.444746+00:00,2025-03-02 09:33:17.354428+00:00
689700,28,2025-03-02 02:10:51.444746+00:00,2025-03-02 09:33:17.354428+00:00
720321,28,2025-03-02 02:10:51.444746+00:00,2025-03-02 09:33:17.354428+00:00
746349,35,2025-03-02 02:10:51.444746+00:00,2025-03-02 09:33:17.354428+00:00
795276,35,2025-03-02 02:10:51.444746+00:00,2025-03-02 09:33:17.354428+00:00
853821,35,2025-03-02 02:10:51.444746+00:00,2025-03-02 09:33:17.354428+00:00
938250,35,2025-03-02 02:10:51.444746+00:00,2025-03-02 09:33:17.354428+00:00
1091044,35,2025-03-02 02:10:51.444746+00:00,2025-03-02 09:33:17.354428+00:00
459151,35,2025-03-02 02:10:51.444746+00:00,2025-03-02 09:33:17.354428+00:00
958937,35,2025-03-02 02:10:51.444746+00:00,2025-03-02 09:33:17.354428+00:00
746333,35,2025-03-02 02:10:51.444746+00:00,2025-03-02 09:33:17.354428+00:00
974250,35,2025-03-02 02:10:51.444746+00:00,2025-03-02 09:33:17.354428+00:00
740937,36,2025-03-02 02:10:51.444746+00:00,2025-03-02 09:33:17.354428+00:00
967874,36,2025-03-02 02:10:51.444746+00:00,2025-03-02 09:33:17.354428+00:00
947514,53,2025-03-02 02:10:51.444746+00:00,2025-03-02 09:33:17.354428+00:00
927107,53,2025-03-02 02:10:51.444746+00:00,2025-03-02 09:33:17.354428+00:00
818397,53,2025-03-02 02:10:51.444746+00:00,2025-03-02 09:33:17.354428+00:00
1148817,53,2025-03-02 02:10:51.444746+00:00,2025-03-02 09:33:17.354428+00:00
986088,53,2025-03-02 02:10:51.444746+00:00,2025-03-02 09:33:17.354428+00:00
345,53,2025-03-02 02:10:51.444746+00:00,2025-03-02 09:33:17.354428+00:00
913673,53,2025-03-02 02:10:51.444746+00:00,2025-03-02 09:33:17.354428+00:00
505026,80,2025-03-02 02:10:51.444746+00:00,2025-03-02 09:33:17.354428+00:00
825808,80,2025-03-02 02:10:51.444746+00:00,2025-03-02 09:33:17.354428+00:00
1053587,80,2025-03-02 02:10:51.444746+00:00,2025-03-02 09:33:17.354428+00:00
760873,878,2025-03-02 02:10:51.444746+00:00,2025-03-02 09:33:17.354428+00:00
763164,878,2025-03-02 02:10:51.444746+00:00,2025-03-02 09:33:17.354428+00:00
720321,878,2025-03-02 02:10:51.444746+00:00,2025-03-02 09:33:17.354428+00:00
974250,9648,2025-03-02 02:10:51.444746+00:00,2025-03-02 09:33:17.354428+00:00
62,9648,2025-03-02 02:10:51.444746+00:00,2025-03-02 09:33:17.354428+00:00
916821,9648,2025-03-02 02:10:51.444746+00:00,2025-03-02 09:33:17.354428+00:00
1029479,9648,2025-03-02 02:10:51.444746+00:00,2025-03-02 09:33:17.354428+00:00
925102,9648,2025-03-02 02:10:51.444746+00:00,2025-03-02 09:33:17.354428+00:00
37585,9648,2025-03-02 02:10:51.444746+00:00,2025-03-02 09:33:17.354428+00:00
861947,99,2025-03-02 02:10:51.444746+00:00,2025-03-02 09:33:17.354428+00:00
1033667,27,2025-03-02 09:33:17.354428+00:00,2025-03-02 09:33:17.354428+00:00
267,10749,2025-03-02 02:10:51.444746+00:00,2025-03-02 09:33:17.354428+00:00
45996,10749,2025-03-02 02:10:51.444746+00:00,2025-03-02 09:33:17.354428+00:00
993885,10749,2025-03-02 02:10:51.444746+00:00,2025-03-02 09:33:17.354428+00:00
46738,10752,2025-03-02 02:10:51.444746+00:00,2025-03-02 09:33:17.354428+00:00
40650,10752,2025-03-02 02:10:51.444746+00:00,2025-03-02 09:33:17.354428+00:00
245842,12,2025-03-02 02:10:51.444746+00:00,2025-03-02 09:33:17.354428+00:00
675353,12,2025-03-02 02:10:51.444746+00:00,2025-03-02 09:33:17.354428+00:00
783740,12,2025-03-02 02:10:51.444746+00:00,2025-03-02 09:33:17.354428+00:00
76600,12,2025-03-02 02:10:51.444746+00:00,2025-03-02 09:33:17.354428+00:00
872976,12,2025-03-02 02:10:51.444746+00:00,2025-03-02 09:33:17.354428+00:00
37585,14,2025-03-02 02:10:51.444746+00:00,2025-03-02 09:33:17.354428+00:00
877269,14,2025-03-02 02:10:51.444746+00:00,2025-03-02 09:33:17.354428+00:00
129,16,2025-03-02 02:10:51.444746+00:00,2025-03-02 09:33:17.354428+00:00
632632,16,2025-03-02 02:10:51.444746+00:00,2025-03-02 09:33:17.354428+00:00
975575,18,2025-03-02 02:10:51.444746+00:00,2025-03-02 09:33:17.354428+00:00
975810,18,2025-03-02 02:10:51.444746+00:00,2025-03-02 09:33:17.354428+00:00
580175,18,2025-03-02 02:10:51.444746+00:00,2025-03-02 09:33:17.354428+00:00
936490,18,2025-03-02 02:10:51.444746+00:00,2025-03-02 09:33:17.354428+00:00
665733,18,2025-03-02 02:10:51.444746+00:00,2025-03-02 09:33:17.354428+00:00
56616,18,2025-03-02 02:10:51.444746+00:00,2025-03-02 09:33:17.354428+00:00
118785,18,2025-03-02 02:10:51.444746+00:00,2025-03-02 09:33:17.354428+00:00
980489,18,2025-03-02 02:10:51.444746+00:00,2025-03-02 09:33:17.354428+00:00
10376,18,2025-03-02 02:10:51.444746+00:00,2025-03-02 09:33:17.354428+00:00
743475,18,2025-03-02 02:10:51.444746+00:00,2025-03-02 09:33:17.354428+00:00
519141,18,2025-03-02 02:10:51.444746+00:00,2025-03-02 09:33:17.354428+00:00
871530,18,2025-03-02 02:10:51.444746+00:00,2025-03-02 09:33:17.354428+00:00
567927,18,2025-03-02 02:10:51.444746+00:00,2025-03-02 09:33:17.354428+00:00
782044,18,2025-03-02 02:10:51.444746+00:00,2025-03-02 09:33:17.354428+00:00
695932,18,2025-03-02 02:10:51.444746+00:00,2025-03-02 09:33:17.354428+00:00
987419,18,2025-03-02 02:10:51.444746+00:00,2025-03-02 09:33:17.354428+00:00
889737,18,2025-03-02 02:10:51.444746+00:00,2025-03-02 09:33:17.354428+00:00
1146410,18,2025-03-02 02:10:51.444746+00:00,2025-03-02 09:33:17.354428+00:00
1029475,18,2025-03-02 02:10:51.444746+00:00,2025-03-02 09:33:17.354428+00:00
864101,18,2025-03-02 02:10:51.444746+00:00,2025-03-02 09:33:17.354428+00:00
944194,18,2025-03-02 02:10:51.444746+00:00,2025-03-02 09:33:17.354428+00:00
785084,18,2025-03-02 02:10:51.444746+00:00,2025-03-02 09:33:17.354428+00:00
68924,18,2025-03-02 02:10:51.444746+00:00,2025-03-02 09:33:17.354428+00:00
1254532,18,2025-03-02 02:10:51.444746+00:00,2025-03-02 09:33:17.354428+00:00
994128,27,2025-03-02 02:10:51.444746+00:00,2025-03-02 09:33:17.354428+00:00
520023,27,2025-03-02 02:10:51.444746+00:00,2025-03-02 09:33:17.354428+00:00
1309123,27,2025-03-02 02:10:51.444746+00:00,2025-03-02 09:33:17.354428+00:00
917496,27,2025-03-02 02:10:51.444746+00:00,2025-03-02 09:33:17.354428+00:00
1017441,27,2025-03-02 02:10:51.444746+00:00,2025-03-02 09:33:17.354428+00:00
1130053,27,2025-03-02 02:10:51.444746+00:00,2025-03-02 09:33:17.354428+00:00
537761,28,2025-03-02 02:10:51.444746+00:00,2025-03-02 09:33:17.354428+00:00
526896,28,2025-03-02 02:10:51.444746+00:00,2025-03-02 09:33:17.354428+00:00
839033,28,2025-03-02 02:10:51.444746+00:00,2025-03-02 09:33:17.354428+00:00
718949,28,2025-03-02 02:10:51.444746+00:00,2025-03-02 09:33:17.354428+00:00
496331,28,2025-03-02 02:10:51.444746+00:00,2025-03-02 09:33:17.354428+00:00
956842,35,2025-03-02 02:10:51.444746+00:00,2025-03-02 09:33:17.354428+00:00
1025301,35,2025-03-02 02:10:51.444746+00:00,2025-03-02 09:33:17.354428+00:00
1007980,35,2025-03-02 02:10:51.444746+00:00,2025-03-02 09:33:17.354428+00:00
917496,35,2025-03-02 02:10:51.444746+00:00,2025-03-02 09:33:17.354428+00:00
1129646,35,2025-03-02 02:10:51.444746+00:00,2025-03-02 09:33:17.354428+00:00
954748,35,2025-03-02 02:10:51.444746+00:00,2025-03-02 09:33:17.354428+00:00
657198,35,2025-03-02 02:10:51.444746+00:00,2025-03-02 09:33:17.354428+00:00
1072493,35,2025-03-02 02:10:51.444746+00:00,2025-03-02 09:33:17.354428+00:00
232468,35,2025-03-02 02:10:51.444746+00:00,2025-03-02 09:33:17.354428+00:00
976573,35,2025-03-02 02:10:51.444746+00:00,2025-03-02 09:33:17.354428+00:00
278445,36,2025-03-02 02:10:51.444746+00:00,2025-03-02 09:33:17.354428+00:00
837881,36,2025-03-02 02:10:51.444746+00:00,2025-03-02 09:33:17.354428+00:00
801112,36,2025-03-02 02:10:51.444746+00:00,2025-03-02 09:33:17.354428+00:00
788977,53,2025-03-02 02:10:51.444746+00:00,2025-03-02 09:33:17.354428+00:00
766907,53,2025-03-02 02:10:51.444746+00:00,2025-03-02 09:33:17.354428+00:00
891699,53,2025-03-02 02:10:51.444746+00:00,2025-03-02 09:33:17.354428+00:00
762079,53,2025-03-02 02:10:51.444746+00:00,2025-03-02 09:33:17.354428+00:00
782936,53,2025-03-02 02:10:51.444746+00:00,2025-03-02 09:33:17.354428+00:00
807196,53,2025-03-02 02:10:51.444746+00:00,2025-03-02 09:33:17.354428+00:00
999056,80,2025-03-02 02:10:51.444746+00:00,2025-03-02 09:33:17.354428+00:00
978592,80,2025-03-02 02:10:51.444746+00:00,2025-03-02 09:33:17.354428+00:00
1108211,80,2025-03-02 02:10:51.444746+00:00,2025-03-02 09:33:17.354428+00:00
801271,9648,2025-03-02 02:10:51.444746+00:00,2025-03-02 09:33:17.354428+00:00
874476,9648,2025-03-02 02:10:51.444746+00:00,2025-03-02 09:33:17.354428+00:00
1246014,9648,2025-03-02 02:10:51.444746+00:00,2025-03-02 09:33:17.354428+00:00
631842,9648,2025-03-02 02:10:51.444746+00:00,2025-03-02 09:33:17.354428+00:00
516329,9648,2025-03-02 02:10:51.444746+00:00,2025-03-02 09:33:17.354428+00:00
792678,9648,2025-03-02 02:10:51.444746+00:00,2025-03-02 09:33:17.354428+00:00
874781,99,2025-03-02 02:10:51.444746+00:00,2025-03-02 09:33:17.354428+00:00
1016737,18,2025-03-02 09:33:17.354428+00:00,2025-03-02 09:33:17.354428+00:00
1148677,10402,2025-03-02 02:10:51.444746+00:00,2025-03-02 09:33:17.354428+00:00
1004840,10402,2025-03-02 02:10:51.444746+00:00,2025-03-02 09:33:17.354428+00:00
1262209,10402,2025-03-02 02:10:51.444746+00:00,2025-03-02 09:33:17.354428+00:00
659959,10749,2025-03-02 02:10:51.444746+00:00,2025-03-02 09:33:17.354428+00:00
1037348,10749,2025-03-02 02:10:51.444746+00:00,2025-03-02 09:33:17.354428+00:00
797838,10749,2025-03-02 02:10:51.444746+00:00,2025-03-02 09:33:17.354428+00:00
666277,10749,2025-03-02 02:10:51.444746+00:00,2025-03-02 09:33:17.354428+00:00
245,10749,2025-03-02 02:10:51.444746+00:00,2025-03-02 09:33:17.354428+00:00
976576,10749,2025-03-02 02:10:51.444746+00:00,2025-03-02 09:33:17.354428+00:00
1167366,10749,2025-03-02 02:10:51.444746+00:00,2025-03-02 09:33:17.354428+00:00
975812,10751,2025-03-02 02:10:51.444746+00:00,2025-03-02 09:33:17.354428+00:00
1011985,10751,2025-03-02 02:10:51.444746+00:00,2025-03-02 09:33:17.354428+00:00
1331693,10751,2025-03-02 02:10:51.444746+00:00,2025-03-02 09:33:17.354428+00:00
634649,12,2025-03-02 02:10:51.444746+00:00,2025-03-02 09:33:17.354428+00:00
980489,12,2025-03-02 02:10:51.444746+00:00,2025-03-02 09:33:17.354428+00:00
718789,12,2025-03-02 02:10:51.444746+00:00,2025-03-02 09:33:17.354428+00:00
577205,12,2025-03-02 02:10:51.444746+00:00,2025-03-02 09:33:17.354428+00:00
748783,12,2025-03-02 02:10:51.444746+00:00,2025-03-02 09:33:17.354428+00:00
675,14,2025-03-02 02:10:51.444746+00:00,2025-03-02 09:33:17.354428+00:00
1045770,14,2025-03-02 02:10:51.444746+00:00,2025-03-02 09:33:17.354428+00:00
955666,16,2025-03-02 02:10:51.444746+00:00,2025-03-02 09:33:17.354428+00:00
680813,16,2025-03-02 02:10:51.444746+00:00,2025-03-02 09:33:17.354428+00:00
438695,16,2025-03-02 02:10:51.444746+00:00,2025-03-02 09:33:17.354428+00:00
781816,16,2025-03-02 02:10:51.444746+00:00,2025-03-02 09:33:17.354428+00:00
1083862,16,2025-03-02 02:10:51.444746+00:00,2025-03-02 09:33:17.354428+00:00
863857,18,2025-03-02 02:10:51.444746+00:00,2025-03-02 09:33:17.354428+00:00
623184,18,2025-03-02 02:10:51.444746+00:00,2025-03-02 09:33:17.354428+00:00
14310,18,2025-03-02 02:10:51.444746+00:00,2025-03-02 09:33:17.354428+00:00
653851,18,2025-03-02 02:10:51.444746+00:00,2025-03-02 09:33:17.354428+00:00
1009082,18,2025-03-02 02:10:51.444746+00:00,2025-03-02 09:33:17.354428+00:00
791177,18,2025-03-02 02:10:51.444746+00:00,2025-03-02 09:33:17.354428+00:00
549509,18,2025-03-02 02:10:51.444746+00:00,2025-03-02 09:33:17.354428+00:00
989238,18,2025-03-02 02:10:51.444746+00:00,2025-03-02 09:33:17.354428+00:00
960033,18,2025-03-02 02:10:51.444746+00:00,2025-03-02 09:33:17.354428+00:00
823147,18,2025-03-02 02:10:51.444746+00:00,2025-03-02 09:33:17.354428+00:00
1088428,18,2025-03-02 02:10:51.444746+00:00,2025-03-02 09:33:17.354428+00:00
810020,18,2025-03-02 02:10:51.444746+00:00,2025-03-02 09:33:17.354428+00:00
634120,18,2025-03-02 02:10:51.444746+00:00,2025-03-02 09:33:17.354428+00:00
25050,18,2025-03-02 02:10:51.444746+00:00,2025-03-02 09:33:17.354428+00:00
810406,18,2025-03-02 02:10:51.444746+00:00,2025-03-02 09:33:17.354428+00:00
1006694,18,2025-03-02 02:10:51.444746+00:00,2025-03-02 09:33:17.354428+00:00
1214266,18,2025-03-02 02:10:51.444746+00:00,2025-03-02 09:33:17.354428+00:00
581394,18,2025-03-02 02:10:51.444746+00:00,2025-03-02 09:33:17.354428+00:00
963131,18,2025-03-02 02:10:51.444746+00:00,2025-03-02 09:33:17.354428+00:00
256106,18,2025-03-02 02:10:51.444746+00:00,2025-03-02 09:33:17.354428+00:00
630240,27,2025-03-02 02:10:51.444746+00:00,2025-03-02 09:33:17.354428+00:00
1113085,27,2025-03-02 02:10:51.444746+00:00,2025-03-02 09:33:17.354428+00:00
760522,27,2025-03-02 02:10:51.444746+00:00,2025-03-02 09:33:17.354428+00:00
791570,27,2025-03-02 02:10:51.444746+00:00,2025-03-02 09:33:17.354428+00:00
659384,27,2025-03-02 02:10:51.444746+00:00,2025-03-02 09:33:17.354428+00:00
24614,28,2025-03-02 02:10:51.444746+00:00,2025-03-02 09:33:17.354428+00:00
926393,28,2025-03-02 02:10:51.444746+00:00,2025-03-02 09:33:17.354428+00:00
539972,28,2025-03-02 02:10:51.444746+00:00,2025-03-02 09:33:17.354428+00:00
543504,28,2025-03-02 02:10:51.444746+00:00,2025-03-02 09:33:17.354428+00:00
894169,28,2025-03-02 02:10:51.444746+00:00,2025-03-02 09:33:17.354428+00:00
588108,28,2025-03-02 02:10:51.444746+00:00,2025-03-02 09:33:17.354428+00:00
1226406,28,2025-03-02 02:10:51.444746+00:00,2025-03-02 09:33:17.354428+00:00
781816,35,2025-03-02 02:10:51.444746+00:00,2025-03-02 09:33:17.354428+00:00
881693,35,2025-03-02 02:10:51.444746+00:00,2025-03-02 09:33:17.354428+00:00
21712,35,2025-03-02 02:10:51.444746+00:00,2025-03-02 09:33:17.354428+00:00
928709,35,2025-03-02 02:10:51.444746+00:00,2025-03-02 09:33:17.354428+00:00
546630,35,2025-03-02 02:10:51.444746+00:00,2025-03-02 09:33:17.354428+00:00
763285,53,2025-03-02 02:10:51.444746+00:00,2025-03-02 09:33:17.354428+00:00
1270769,53,2025-03-02 02:10:51.444746+00:00,2025-03-02 09:33:17.354428+00:00
1093485,53,2025-03-02 02:10:51.444746+00:00,2025-03-02 09:33:17.354428+00:00
659384,53,2025-03-02 02:10:51.444746+00:00,2025-03-02 09:33:17.354428+00:00
1081012,53,2025-03-02 02:10:51.444746+00:00,2025-03-02 09:33:17.354428+00:00
760161,53,2025-03-02 02:10:51.444746+00:00,2025-03-02 09:33:17.354428+00:00
682152,53,2025-03-02 02:10:51.444746+00:00,2025-03-02 09:33:17.354428+00:00
985939,53,2025-03-02 02:10:51.444746+00:00,2025-03-02 09:33:17.354428+00:00
656156,53,2025-03-02 02:10:51.444746+00:00,2025-03-02 09:33:17.354428+00:00
926188,53,2025-03-02 02:10:51.444746+00:00,2025-03-02 09:33:17.354428+00:00
977013,53,2025-03-02 02:10:51.444746+00:00,2025-03-02 09:33:17.354428+00:00
836225,80,2025-03-02 02:10:51.444746+00:00,2025-03-02 09:33:17.354428+00:00
531379,80,2025-03-02 02:10:51.444746+00:00,2025-03-02 09:33:17.354428+00:00
1244244,80,2025-03-02 02:10:51.444746+00:00,2025-03-02 09:33:17.354428+00:00
783110,80,2025-03-02 02:10:51.444746+00:00,2025-03-02 09:33:17.354428+00:00
1178574,80,2025-03-02 02:10:51.444746+00:00,2025-03-02 09:33:17.354428+00:00
1276108,80,2025-03-02 02:10:51.444746+00:00,2025-03-02 09:33:17.354428+00:00
1215918,80,2025-03-02 02:10:51.444746+00:00,2025-03-02 09:33:17.354428+00:00
799379,80,2025-03-02 02:10:51.444746+00:00,2025-03-02 09:33:17.354428+00:00
1020784,80,2025-03-02 02:10:51.444746+00:00,2025-03-02 09:33:17.354428+00:00
1040496,878,2025-03-02 02:10:51.444746+00:00,2025-03-02 09:33:17.354428+00:00
795813,878,2025-03-02 02:10:51.444746+00:00,2025-03-02 09:33:17.354428+00:00
560144,878,2025-03-02 02:10:51.444746+00:00,2025-03-02 09:33:17.354428+00:00
482321,878,2025-03-02 02:10:51.444746+00:00,2025-03-02 09:33:17.354428+00:00
41962,9648,2025-03-02 02:10:51.444746+00:00,2025-03-02 09:33:17.354428+00:00
766475,9648,2025-03-02 02:10:51.444746+00:00,2025-03-02 09:33:17.354428+00:00
1276849,9648,2025-03-02 02:10:51.444746+00:00,2025-03-02 09:33:17.354428+00:00
1108211,9648,2025-03-02 02:10:51.444746+00:00,2025-03-02 09:33:17.354428+00:00
1130659,18,2025-03-02 09:33:17.354428+00:00,2025-03-02 09:33:17.354428+00:00
1317874,10402,2025-03-02 02:10:51.444746+00:00,2025-03-02 09:33:17.354428+00:00
793392,10402,2025-03-02 02:10:51.444746+00:00,2025-03-02 09:33:17.354428+00:00
11889,10749,2025-03-02 02:10:51.444746+00:00,2025-03-02 09:33:17.354428+00:00
978202,10749,2025-03-02 02:10:51.444746+00:00,2025-03-02 09:33:17.354428+00:00
610249,10749,2025-03-02 02:10:51.444746+00:00,2025-03-02 09:33:17.354428+00:00
800939,10749,2025-03-02 02:10:51.444746+00:00,2025-03-02 09:33:17.354428+00:00
18329,10749,2025-03-02 02:10:51.444746+00:00,2025-03-02 09:33:17.354428+00:00
698687,10751,2025-03-02 02:10:51.444746+00:00,2025-03-02 09:33:17.354428+00:00
975817,10751,2025-03-02 02:10:51.444746+00:00,2025-03-02 09:33:17.354428+00:00
940551,10751,2025-03-02 02:10:51.444746+00:00,2025-03-02 09:33:17.354428+00:00
958017,10751,2025-03-02 02:10:51.444746+00:00,2025-03-02 09:33:17.354428+00:00
935,10752,2025-03-02 02:10:51.444746+00:00,2025-03-02 09:33:17.354428+00:00
977337,12,2025-03-02 02:10:51.444746+00:00,2025-03-02 09:33:17.354428+00:00
798286,12,2025-03-02 02:10:51.444746+00:00,2025-03-02 09:33:17.354428+00:00
778810,12,2025-03-02 02:10:51.444746+00:00,2025-03-02 09:33:17.354428+00:00
602295,14,2025-03-02 02:10:51.444746+00:00,2025-03-02 09:33:17.354428+00:00
29264,14,2025-03-02 02:10:51.444746+00:00,2025-03-02 09:33:17.354428+00:00
1086591,16,2025-03-02 02:10:51.444746+00:00,2025-03-02 09:33:17.354428+00:00
698687,16,2025-03-02 02:10:51.444746+00:00,2025-03-02 09:33:17.354428+00:00
1030587,16,2025-03-02 02:10:51.444746+00:00,2025-03-02 09:33:17.354428+00:00
955644,16,2025-03-02 02:10:51.444746+00:00,2025-03-02 09:33:17.354428+00:00
15283,16,2025-03-02 02:10:51.444746+00:00,2025-03-02 09:33:17.354428+00:00
1211650,16,2025-03-02 02:10:51.444746+00:00,2025-03-02 09:33:17.354428+00:00
956450,18,2025-03-02 02:10:51.444746+00:00,2025-03-02 09:33:17.354428+00:00
820530,18,2025-03-02 02:10:51.444746+00:00,2025-03-02 09:33:17.354428+00:00
1244492,18,2025-03-02 02:10:51.444746+00:00,2025-03-02 09:33:17.354428+00:00
695089,18,2025-03-02 02:10:51.444746+00:00,2025-03-02 09:33:17.354428+00:00
574078,18,2025-03-02 02:10:51.444746+00:00,2025-03-02 09:33:17.354428+00:00
262831,18,2025-03-02 02:10:51.444746+00:00,2025-03-02 09:33:17.354428+00:00
283566,18,2025-03-02 02:10:51.444746+00:00,2025-03-02 09:33:17.354428+00:00
879008,18,2025-03-02 02:10:51.444746+00:00,2025-03-02 09:33:17.354428+00:00
736732,18,2025-03-02 02:10:51.444746+00:00,2025-03-02 09:33:17.354428+00:00
1108306,18,2025-03-02 02:10:51.444746+00:00,2025-03-02 09:33:17.354428+00:00
637920,18,2025-03-02 02:10:51.444746+00:00,2025-03-02 09:33:17.354428+00:00
893252,18,2025-03-02 02:10:51.444746+00:00,2025-03-02 09:33:17.354428+00:00
746,18,2025-03-02 02:10:51.444746+00:00,2025-03-02 09:33:17.354428+00:00
617762,18,2025-03-02 02:10:51.444746+00:00,2025-03-02 09:33:17.354428+00:00
643532,18,2025-03-02 02:10:51.444746+00:00,2025-03-02 09:33:17.354428+00:00
848958,18,2025-03-02 02:10:51.444746+00:00,2025-03-02 09:33:17.354428+00:00
843093,18,2025-03-02 02:10:51.444746+00:00,2025-03-02 09:33:17.354428+00:00
46738,18,2025-03-02 02:10:51.444746+00:00,2025-03-02 09:33:17.354428+00:00
11012,18,2025-03-02 02:10:51.444746+00:00,2025-03-02 09:33:17.354428+00:00
999056,18,2025-03-02 02:10:51.444746+00:00,2025-03-02 09:33:17.354428+00:00
999087,27,2025-03-02 02:10:51.444746+00:00,2025-03-02 09:33:17.354428+00:00
660001,27,2025-03-02 02:10:51.444746+00:00,2025-03-02 09:33:17.354428+00:00
631842,27,2025-03-02 02:10:51.444746+00:00,2025-03-02 09:33:17.354428+00:00
1050491,27,2025-03-02 02:10:51.444746+00:00,2025-03-02 09:33:17.354428+00:00
573435,28,2025-03-02 02:10:51.444746+00:00,2025-03-02 09:33:17.354428+00:00
298618,28,2025-03-02 02:10:51.444746+00:00,2025-03-02 09:33:17.354428+00:00
572802,28,2025-03-02 02:10:51.444746+00:00,2025-03-02 09:33:17.354428+00:00
845781,28,2025-03-02 02:10:51.444746+00:00,2025-03-02 09:33:17.354428+00:00
1087822,28,2025-03-02 02:10:51.444746+00:00,2025-03-02 09:33:17.354428+00:00
1043905,28,2025-03-02 02:10:51.444746+00:00,2025-03-02 09:33:17.354428+00:00
892527,35,2025-03-02 02:10:51.444746+00:00,2025-03-02 09:33:17.354428+00:00
219,35,2025-03-02 02:10:51.444746+00:00,2025-03-02 09:33:17.354428+00:00
1109237,35,2025-03-02 02:10:51.444746+00:00,2025-03-02 09:33:17.354428+00:00
975056,36,2025-03-02 02:10:51.444746+00:00,2025-03-02 09:33:17.354428+00:00
802219,36,2025-03-02 02:10:51.444746+00:00,2025-03-02 09:33:17.354428+00:00
365620,36,2025-03-02 02:10:51.444746+00:00,2025-03-02 09:33:17.354428+00:00
1026227,36,2025-03-02 02:10:51.444746+00:00,2025-03-02 09:33:17.354428+00:00
1224993,53,2025-03-02 02:10:51.444746+00:00,2025-03-02 09:33:17.354428+00:00
670,53,2025-03-02 02:10:51.444746+00:00,2025-03-02 09:33:17.354428+00:00
655302,53,2025-03-02 02:10:51.444746+00:00,2025-03-02 09:33:17.354428+00:00
782648,53,2025-03-02 02:10:51.444746+00:00,2025-03-02 09:33:17.354428+00:00
705996,53,2025-03-02 02:10:51.444746+00:00,2025-03-02 09:33:17.354428+00:00
663260,53,2025-03-02 02:10:51.444746+00:00,2025-03-02 09:33:17.354428+00:00
626129,53,2025-03-02 02:10:51.444746+00:00,2025-03-02 09:33:17.354428+00:00
772148,53,2025-03-02 02:10:51.444746+00:00,2025-03-02 09:33:17.354428+00:00
818621,53,2025-03-02 02:10:51.444746+00:00,2025-03-02 09:33:17.354428+00:00
783121,80,2025-03-02 02:10:51.444746+00:00,2025-03-02 09:33:17.354428+00:00
826749,80,2025-03-02 02:10:51.444746+00:00,2025-03-02 09:33:17.354428+00:00
944401,80,2025-03-02 02:10:51.444746+00:00,2025-03-02 09:33:17.354428+00:00
569094,878,2025-03-02 02:10:51.444746+00:00,2025-03-02 09:33:17.354428+00:00
1087388,878,2025-03-02 02:10:51.444746+00:00,2025-03-02 09:33:17.354428+00:00
973778,9648,2025-03-02 02:10:51.444746+00:00,2025-03-02 09:33:17.354428+00:00
1070535,9648,2025-03-02 02:10:51.444746+00:00,2025-03-02 09:33:17.354428+00:00
890526,9648,2025-03-02 02:10:51.444746+00:00,2025-03-02 09:33:17.354428+00:00
179890,9648,2025-03-02 02:10:51.444746+00:00,2025-03-02 09:33:17.354428+00:00
915295,9648,2025-03-02 02:10:51.444746+00:00,2025-03-02 09:33:17.354428+00:00
936245,9648,2025-03-02 02:10:51.444746+00:00,2025-03-02 09:33:17.354428+00:00
1098275,99,2025-03-02 02:10:51.444746+00:00,2025-03-02 09:33:17.354428+00:00
937855,99,2025-03-02 02:10:51.444746+00:00,2025-03-02 09:33:17.354428+00:00
1084783,99,2025-03-02 02:10:51.444746+00:00,2025-03-02 09:33:17.354428+00:00
937356,99,2025-03-02 02:10:51.444746+00:00,2025-03-02 09:33:17.354428+00:00
1287324,10749,2025-03-02 09:33:17.354428+00:00,2025-03-02 09:33:17.354428+00:00
120811,10402,2025-03-02 02:10:51.444746+00:00,2025-03-02 09:33:17.354428+00:00
62439,10749,2025-03-02 02:10:51.444746+00:00,2025-03-02 09:33:17.354428+00:00
892515,10749,2025-03-02 02:10:51.444746+00:00,2025-03-02 09:33:17.354428+00:00
634,10749,2025-03-02 02:10:51.444746+00:00,2025-03-02 09:33:17.354428+00:00
851800,10751,2025-03-02 02:10:51.444746+00:00,2025-03-02 09:33:17.354428+00:00
957112,10751,2025-03-02 02:10:51.444746+00:00,2025-03-02 09:33:17.354428+00:00
762433,10752,2025-03-02 02:10:51.444746+00:00,2025-03-02 09:33:17.354428+00:00
936117,10752,2025-03-02 02:10:51.444746+00:00,2025-03-02 09:33:17.354428+00:00
1189165,12,2025-03-02 02:10:51.444746+00:00,2025-03-02 09:33:17.354428+00:00
298618,12,2025-03-02 02:10:51.444746+00:00,2025-03-02 09:33:17.354428+00:00
667717,12,2025-03-02 02:10:51.444746+00:00,2025-03-02 09:33:17.354428+00:00
513692,12,2025-03-02 02:10:51.444746+00:00,2025-03-02 09:33:17.354428+00:00
698687,12,2025-03-02 02:10:51.444746+00:00,2025-03-02 09:33:17.354428+00:00
45464,14,2025-03-02 02:10:51.444746+00:00,2025-03-02 09:33:17.354428+00:00
1059572,14,2025-03-02 02:10:51.444746+00:00,2025-03-02 09:33:17.354428+00:00
676710,16,2025-03-02 02:10:51.444746+00:00,2025-03-02 09:33:17.354428+00:00
539681,16,2025-03-02 02:10:51.444746+00:00,2025-03-02 09:33:17.354428+00:00
778810,16,2025-03-02 02:10:51.444746+00:00,2025-03-02 09:33:17.354428+00:00
859933,18,2025-03-02 02:10:51.444746+00:00,2025-03-02 09:33:17.354428+00:00
302528,18,2025-03-02 02:10:51.444746+00:00,2025-03-02 09:33:17.354428+00:00
740467,18,2025-03-02 02:10:51.444746+00:00,2025-03-02 09:33:17.354428+00:00
45996,18,2025-03-02 02:10:51.444746+00:00,2025-03-02 09:33:17.354428+00:00
810674,18,2025-03-02 02:10:51.444746+00:00,2025-03-02 09:33:17.354428+00:00
747188,18,2025-03-02 02:10:51.444746+00:00,2025-03-02 09:33:17.354428+00:00
958186,18,2025-03-02 02:10:51.444746+00:00,2025-03-02 09:33:17.354428+00:00
912726,18,2025-03-02 02:10:51.444746+00:00,2025-03-02 09:33:17.354428+00:00
943737,18,2025-03-02 02:10:51.444746+00:00,2025-03-02 09:33:17.354428+00:00
496243,18,2025-03-02 02:10:51.444746+00:00,2025-03-02 09:33:17.354428+00:00
958487,18,2025-03-02 02:10:51.444746+00:00,2025-03-02 09:33:17.354428+00:00
68883,18,2025-03-02 02:10:51.444746+00:00,2025-03-02 09:33:17.354428+00:00
1109237,18,2025-03-02 02:10:51.444746+00:00,2025-03-02 09:33:17.354428+00:00
693349,18,2025-03-02 02:10:51.444746+00:00,2025-03-02 09:33:17.354428+00:00
1093215,18,2025-03-02 02:10:51.444746+00:00,2025-03-02 09:33:17.354428+00:00
13689,18,2025-03-02 02:10:51.444746+00:00,2025-03-02 09:33:17.354428+00:00
709056,18,2025-03-02 02:10:51.444746+00:00,2025-03-02 09:33:17.354428+00:00
1029621,18,2025-03-02 02:10:51.444746+00:00,2025-03-02 09:33:17.354428+00:00
793392,18,2025-03-02 02:10:51.444746+00:00,2025-03-02 09:33:17.354428+00:00
913760,18,2025-03-02 02:10:51.444746+00:00,2025-03-02 09:33:17.354428+00:00
791177,27,2025-03-02 02:10:51.444746+00:00,2025-03-02 09:33:17.354428+00:00
831480,27,2025-03-02 02:10:51.444746+00:00,2025-03-02 09:33:17.354428+00:00
1070535,27,2025-03-02 02:10:51.444746+00:00,2025-03-02 09:33:17.354428+00:00
1010600,27,2025-03-02 02:10:51.444746+00:00,2025-03-02 09:33:17.354428+00:00
1079485,27,2025-03-02 02:10:51.444746+00:00,2025-03-02 09:33:17.354428+00:00
1224993,27,2025-03-02 02:10:51.444746+00:00,2025-03-02 09:33:17.354428+00:00
961295,27,2025-03-02 02:10:51.444746+00:00,2025-03-02 09:33:17.354428+00:00
876969,28,2025-03-02 02:10:51.444746+00:00,2025-03-02 09:33:17.354428+00:00
990140,28,2025-03-02 02:10:51.444746+00:00,2025-03-02 09:33:17.354428+00:00
762430,28,2025-03-02 02:10:51.444746+00:00,2025-03-02 09:33:17.354428+00:00
18860,28,2025-03-02 02:10:51.444746+00:00,2025-03-02 09:33:17.354428+00:00
299054,28,2025-03-02 02:10:51.444746+00:00,2025-03-02 09:33:17.354428+00:00
1016392,35,2025-03-02 02:10:51.444746+00:00,2025-03-02 09:33:17.354428+00:00
935906,35,2025-03-02 02:10:51.444746+00:00,2025-03-02 09:33:17.354428+00:00
696047,35,2025-03-02 02:10:51.444746+00:00,2025-03-02 09:33:17.354428+00:00
110283,35,2025-03-02 02:10:51.444746+00:00,2025-03-02 09:33:17.354428+00:00
1276849,35,2025-03-02 02:10:51.444746+00:00,2025-03-02 09:33:17.354428+00:00
589985,35,2025-03-02 02:10:51.444746+00:00,2025-03-02 09:33:17.354428+00:00
614930,35,2025-03-02 02:10:51.444746+00:00,2025-03-02 09:33:17.354428+00:00
1257388,35,2025-03-02 02:10:51.444746+00:00,2025-03-02 09:33:17.354428+00:00
1079202,35,2025-03-02 02:10:51.444746+00:00,2025-03-02 09:33:17.354428+00:00
1113278,35,2025-03-02 02:10:51.444746+00:00,2025-03-02 09:33:17.354428+00:00
937743,35,2025-03-02 02:10:51.444746+00:00,2025-03-02 09:33:17.354428+00:00
11948,36,2025-03-02 02:10:51.444746+00:00,2025-03-02 09:33:17.354428+00:00
614479,53,2025-03-02 02:10:51.444746+00:00,2025-03-02 09:33:17.354428+00:00
833417,53,2025-03-02 02:10:51.444746+00:00,2025-03-02 09:33:17.354428+00:00
804150,53,2025-03-02 02:10:51.444746+00:00,2025-03-02 09:33:17.354428+00:00
782044,53,2025-03-02 02:10:51.444746+00:00,2025-03-02 09:33:17.354428+00:00
531379,53,2025-03-02 02:10:51.444746+00:00,2025-03-02 09:33:17.354428+00:00
741329,53,2025-03-02 02:10:51.444746+00:00,2025-03-02 09:33:17.354428+00:00
955555,53,2025-03-02 02:10:51.444746+00:00,2025-03-02 09:33:17.354428+00:00
1057001,53,2025-03-02 02:10:51.444746+00:00,2025-03-02 09:33:17.354428+00:00
1165466,53,2025-03-02 02:10:51.444746+00:00,2025-03-02 09:33:17.354428+00:00
543504,53,2025-03-02 02:10:51.444746+00:00,2025-03-02 09:33:17.354428+00:00
644495,80,2025-03-02 02:10:51.444746+00:00,2025-03-02 09:33:17.354428+00:00
11647,80,2025-03-02 02:10:51.444746+00:00,2025-03-02 09:33:17.354428+00:00
414906,80,2025-03-02 02:10:51.444746+00:00,2025-03-02 09:33:17.354428+00:00
165213,80,2025-03-02 02:10:51.444746+00:00,2025-03-02 09:33:17.354428+00:00
718289,80,2025-03-02 02:10:51.444746+00:00,2025-03-02 09:33:17.354428+00:00
774021,878,2025-03-02 02:10:51.444746+00:00,2025-03-02 09:33:17.354428+00:00
524434,878,2025-03-02 02:10:51.444746+00:00,2025-03-02 09:33:17.354428+00:00
298618,878,2025-03-02 02:10:51.444746+00:00,2025-03-02 09:33:17.354428+00:00
1084199,878,2025-03-02 02:10:51.444746+00:00,2025-03-02 09:33:17.354428+00:00
655363,9648,2025-03-02 02:10:51.444746+00:00,2025-03-02 09:33:17.354428+00:00
844386,9648,2025-03-02 02:10:51.444746+00:00,2025-03-02 09:33:17.354428+00:00
1300157,9648,2025-03-02 02:10:51.444746+00:00,2025-03-02 09:33:17.354428+00:00
543504,9648,2025-03-02 02:10:51.444746+00:00,2025-03-02 09:33:17.354428+00:00
964681,99,2025-03-02 02:10:51.444746+00:00,2025-03-02 09:33:17.354428+00:00
396194,10402,2025-03-02 02:10:51.444746+00:00,2025-03-02 09:33:17.354428+00:00
896499,10749,2025-03-02 02:10:51.444746+00:00,2025-03-02 09:33:17.354428+00:00
1124341,10749,2025-03-02 02:10:51.444746+00:00,2025-03-02 09:33:17.354428+00:00
1064213,10749,2025-03-02 02:10:51.444746+00:00,2025-03-02 09:33:17.354428+00:00
893366,10751,2025-03-02 02:10:51.444746+00:00,2025-03-02 09:33:17.354428+00:00
589759,10751,2025-03-02 02:10:51.444746+00:00,2025-03-02 09:33:17.354428+00:00
982202,10752,2025-03-02 02:10:51.444746+00:00,2025-03-02 09:33:17.354428+00:00
11948,10752,2025-03-02 02:10:51.444746+00:00,2025-03-02 09:33:17.354428+00:00
829920,12,2025-03-02 02:10:51.444746+00:00,2025-03-02 09:33:17.354428+00:00
101299,12,2025-03-02 02:10:51.444746+00:00,2025-03-02 09:33:17.354428+00:00
762430,12,2025-03-02 02:10:51.444746+00:00,2025-03-02 09:33:17.354428+00:00
630217,14,2025-03-02 02:10:51.444746+00:00,2025-03-02 09:33:17.354428+00:00
128,14,2025-03-02 02:10:51.444746+00:00,2025-03-02 09:33:17.354428+00:00
1056803,14,2025-03-02 02:10:51.444746+00:00,2025-03-02 09:33:17.354428+00:00
1034660,14,2025-03-02 02:10:51.444746+00:00,2025-03-02 09:33:17.354428+00:00
1169340,14,2025-03-02 02:10:51.444746+00:00,2025-03-02 09:33:17.354428+00:00
1170696,16,2025-03-02 02:10:51.444746+00:00,2025-03-02 09:33:17.354428+00:00
1020006,18,2025-03-02 02:10:51.444746+00:00,2025-03-02 09:33:17.354428+00:00
839294,18,2025-03-02 02:10:51.444746+00:00,2025-03-02 09:33:17.354428+00:00
589713,18,2025-03-02 02:10:51.444746+00:00,2025-03-02 09:33:17.354428+00:00
964960,18,2025-03-02 02:10:51.444746+00:00,2025-03-02 09:33:17.354428+00:00
989232,18,2025-03-02 02:10:51.444746+00:00,2025-03-02 09:33:17.354428+00:00
1025086,18,2025-03-02 02:10:51.444746+00:00,2025-03-02 09:33:17.354428+00:00
4550,18,2025-03-02 02:10:51.444746+00:00,2025-03-02 09:33:17.354428+00:00
656156,18,2025-03-02 02:10:51.444746+00:00,2025-03-02 09:33:17.354428+00:00
1036397,18,2025-03-02 02:10:51.444746+00:00,2025-03-02 09:33:17.354428+00:00
996871,18,2025-03-02 02:10:51.444746+00:00,2025-03-02 09:33:17.354428+00:00
740963,18,2025-03-02 02:10:51.444746+00:00,2025-03-02 09:33:17.354428+00:00
461078,18,2025-03-02 02:10:51.444746+00:00,2025-03-02 09:33:17.354428+00:00
655917,18,2025-03-02 02:10:51.444746+00:00,2025-03-02 09:33:17.354428+00:00
948184,18,2025-03-02 02:10:51.444746+00:00,2025-03-02 09:33:17.354428+00:00
818192,18,2025-03-02 02:10:51.444746+00:00,2025-03-02 09:33:17.354428+00:00
517302,18,2025-03-02 02:10:51.444746+00:00,2025-03-02 09:33:17.354428+00:00
1181642,18,2025-03-02 02:10:51.444746+00:00,2025-03-02 09:33:17.354428+00:00
1162931,18,2025-03-02 02:10:51.444746+00:00,2025-03-02 09:33:17.354428+00:00
3423,18,2025-03-02 02:10:51.444746+00:00,2025-03-02 09:33:17.354428+00:00
1084740,18,2025-03-02 02:10:51.444746+00:00,2025-03-02 09:33:17.354428+00:00
818621,18,2025-03-02 02:10:51.444746+00:00,2025-03-02 09:33:17.354428+00:00
1097549,18,2025-03-02 02:10:51.444746+00:00,2025-03-02 09:33:17.354428+00:00
1083971,18,2025-03-02 02:10:51.444746+00:00,2025-03-02 09:33:17.354428+00:00
85033,18,2025-03-02 02:10:51.444746+00:00,2025-03-02 09:33:17.354428+00:00
1009447,18,2025-03-02 02:10:51.444746+00:00,2025-03-02 09:33:17.354428+00:00
1113119,27,2025-03-02 02:10:51.444746+00:00,2025-03-02 09:33:17.354428+00:00
933260,27,2025-03-02 02:10:51.444746+00:00,2025-03-02 09:33:17.354428+00:00
532408,27,2025-03-02 02:10:51.444746+00:00,2025-03-02 09:33:17.354428+00:00
988402,27,2025-03-02 02:10:51.444746+00:00,2025-03-02 09:33:17.354428+00:00
1006724,27,2025-03-02 02:10:51.444746+00:00,2025-03-02 09:33:17.354428+00:00
1301650,27,2025-03-02 02:10:51.444746+00:00,2025-03-02 09:33:17.354428+00:00
617653,28,2025-03-02 02:10:51.444746+00:00,2025-03-02 09:33:17.354428+00:00
1093485,28,2025-03-02 02:10:51.444746+00:00,2025-03-02 09:33:17.354428+00:00
566525,28,2025-03-02 02:10:51.444746+00:00,2025-03-02 09:33:17.354428+00:00
700391,28,2025-03-02 02:10:51.444746+00:00,2025-03-02 09:33:17.354428+00:00
1068607,28,2025-03-02 02:10:51.444746+00:00,2025-03-02 09:33:17.354428+00:00
27101,35,2025-03-02 02:10:51.444746+00:00,2025-03-02 09:33:17.354428+00:00
112903,35,2025-03-02 02:10:51.444746+00:00,2025-03-02 09:33:17.354428+00:00
717090,35,2025-03-02 02:10:51.444746+00:00,2025-03-02 09:33:17.354428+00:00
824016,35,2025-03-02 02:10:51.444746+00:00,2025-03-02 09:33:17.354428+00:00
1312989,35,2025-03-02 02:10:51.444746+00:00,2025-03-02 09:33:17.354428+00:00
676727,36,2025-03-02 02:10:51.444746+00:00,2025-03-02 09:33:17.354428+00:00
785980,36,2025-03-02 02:10:51.444746+00:00,2025-03-02 09:33:17.354428+00:00
734002,36,2025-03-02 02:10:51.444746+00:00,2025-03-02 09:33:17.354428+00:00
970398,36,2025-03-02 02:10:51.444746+00:00,2025-03-02 09:33:17.354428+00:00
1048516,53,2025-03-02 02:10:51.444746+00:00,2025-03-02 09:33:17.354428+00:00
961256,53,2025-03-02 02:10:51.444746+00:00,2025-03-02 09:33:17.354428+00:00
938008,53,2025-03-02 02:10:51.444746+00:00,2025-03-02 09:33:17.354428+00:00
1024546,53,2025-03-02 02:10:51.444746+00:00,2025-03-02 09:33:17.354428+00:00
603692,53,2025-03-02 02:10:51.444746+00:00,2025-03-02 09:33:17.354428+00:00
536437,53,2025-03-02 02:10:51.444746+00:00,2025-03-02 09:33:17.354428+00:00
808667,80,2025-03-02 02:10:51.444746+00:00,2025-03-02 09:33:17.354428+00:00
543504,80,2025-03-02 02:10:51.444746+00:00,2025-03-02 09:33:17.354428+00:00
902533,80,2025-03-02 02:10:51.444746+00:00,2025-03-02 09:33:17.354428+00:00
753091,878,2025-03-02 02:10:51.444746+00:00,2025-03-02 09:33:17.354428+00:00
695721,878,2025-03-02 02:10:51.444746+00:00,2025-03-02 09:33:17.354428+00:00
602295,9648,2025-03-02 02:10:51.444746+00:00,2025-03-02 09:33:17.354428+00:00
950282,27,2025-03-02 09:33:17.354428+00:00,2025-03-02 09:33:17.354428+00:00
807172,27,2025-03-02 09:33:17.354428+00:00,2025-03-02 09:33:17.354428+00:00
615904,35,2025-03-02 09:33:17.354428+00:00,2025-03-02 09:33:17.354428+00:00
833428,10749,2025-03-02 02:10:51.444746+00:00,2025-03-02 09:33:17.354428+00:00
774343,10749,2025-03-02 02:10:51.444746+00:00,2025-03-02 09:33:17.354428+00:00
1148588,10751,2025-03-02 02:10:51.444746+00:00,2025-03-02 09:33:17.354428+00:00
589978,10751,2025-03-02 02:10:51.444746+00:00,2025-03-02 09:33:17.354428+00:00
467244,10752,2025-03-02 02:10:51.444746+00:00,2025-03-02 09:33:17.354428+00:00
573435,12,2025-03-02 02:10:51.444746+00:00,2025-03-02 09:33:17.354428+00:00
366672,12,2025-03-02 02:10:51.444746+00:00,2025-03-02 09:33:17.354428+00:00
820099,12,2025-03-02 02:10:51.444746+00:00,2025-03-02 09:33:17.354428+00:00
502356,12,2025-03-02 02:10:51.444746+00:00,2025-03-02 09:33:17.354428+00:00
629542,12,2025-03-02 02:10:51.444746+00:00,2025-03-02 09:33:17.354428+00:00
406759,12,2025-03-02 02:10:51.444746+00:00,2025-03-02 09:33:17.354428+00:00
601796,12,2025-03-02 02:10:51.444746+00:00,2025-03-02 09:33:17.354428+00:00
594767,14,2025-03-02 02:10:51.444746+00:00,2025-03-02 09:33:17.354428+00:00
265712,14,2025-03-02 02:10:51.444746+00:00,2025-03-02 09:33:17.354428+00:00
778855,16,2025-03-02 02:10:51.444746+00:00,2025-03-02 09:33:17.354428+00:00
734002,16,2025-03-02 02:10:51.444746+00:00,2025-03-02 09:33:17.354428+00:00
16198,16,2025-03-02 02:10:51.444746+00:00,2025-03-02 09:33:17.354428+00:00
1072742,18,2025-03-02 02:10:51.444746+00:00,2025-03-02 09:33:17.354428+00:00
1086011,18,2025-03-02 02:10:51.444746+00:00,2025-03-02 09:33:17.354428+00:00
1120846,18,2025-03-02 02:10:51.444746+00:00,2025-03-02 09:33:17.354428+00:00
878607,18,2025-03-02 02:10:51.444746+00:00,2025-03-02 09:33:17.354428+00:00
47792,18,2025-03-02 02:10:51.444746+00:00,2025-03-02 09:33:17.354428+00:00
901358,18,2025-03-02 02:10:51.444746+00:00,2025-03-02 09:33:17.354428+00:00
747779,18,2025-03-02 02:10:51.444746+00:00,2025-03-02 09:33:17.354428+00:00
812037,18,2025-03-02 02:10:51.444746+00:00,2025-03-02 09:33:17.354428+00:00
4348,18,2025-03-02 02:10:51.444746+00:00,2025-03-02 09:33:17.354428+00:00
62439,18,2025-03-02 02:10:51.444746+00:00,2025-03-02 09:33:17.354428+00:00
774548,18,2025-03-02 02:10:51.444746+00:00,2025-03-02 09:33:17.354428+00:00
47060,18,2025-03-02 02:10:51.444746+00:00,2025-03-02 09:33:17.354428+00:00
960312,18,2025-03-02 02:10:51.444746+00:00,2025-03-02 09:33:17.354428+00:00
1063554,18,2025-03-02 02:10:51.444746+00:00,2025-03-02 09:33:17.354428+00:00
753091,18,2025-03-02 02:10:51.444746+00:00,2025-03-02 09:33:17.354428+00:00
644495,18,2025-03-02 02:10:51.444746+00:00,2025-03-02 09:33:17.354428+00:00
807196,18,2025-03-02 02:10:51.444746+00:00,2025-03-02 09:33:17.354428+00:00
928709,18,2025-03-02 02:10:51.444746+00:00,2025-03-02 09:33:17.354428+00:00
54201,18,2025-03-02 02:10:51.444746+00:00,2025-03-02 09:33:17.354428+00:00
171372,18,2025-03-02 02:10:51.444746+00:00,2025-03-02 09:33:17.354428+00:00
1000780,18,2025-03-02 02:10:51.444746+00:00,2025-03-02 09:33:17.354428+00:00
1056803,18,2025-03-02 02:10:51.444746+00:00,2025-03-02 09:33:17.354428+00:00
977209,27,2025-03-02 02:10:51.444746+00:00,2025-03-02 09:33:17.354428+00:00
1235926,27,2025-03-02 02:10:51.444746+00:00,2025-03-02 09:33:17.354428+00:00
641668,27,2025-03-02 02:10:51.444746+00:00,2025-03-02 09:33:17.354428+00:00
464768,28,2025-03-02 02:10:51.444746+00:00,2025-03-02 09:33:17.354428+00:00
786892,28,2025-03-02 02:10:51.444746+00:00,2025-03-02 09:33:17.354428+00:00
726657,28,2025-03-02 02:10:51.444746+00:00,2025-03-02 09:33:17.354428+00:00
957452,28,2025-03-02 02:10:51.444746+00:00,2025-03-02 09:33:17.354428+00:00
695721,28,2025-03-02 02:10:51.444746+00:00,2025-03-02 09:33:17.354428+00:00
838206,28,2025-03-02 02:10:51.444746+00:00,2025-03-02 09:33:17.354428+00:00
1211716,35,2025-03-02 02:10:51.444746+00:00,2025-03-02 09:33:17.354428+00:00
366672,35,2025-03-02 02:10:51.444746+00:00,2025-03-02 09:33:17.354428+00:00
11104,35,2025-03-02 02:10:51.444746+00:00,2025-03-02 09:33:17.354428+00:00
804150,35,2025-03-02 02:10:51.444746+00:00,2025-03-02 09:33:17.354428+00:00
888768,35,2025-03-02 02:10:51.444746+00:00,2025-03-02 09:33:17.354428+00:00
989232,35,2025-03-02 02:10:51.444746+00:00,2025-03-02 09:33:17.354428+00:00
1063814,35,2025-03-02 02:10:51.444746+00:00,2025-03-02 09:33:17.354428+00:00
912480,53,2025-03-02 02:10:51.444746+00:00,2025-03-02 09:33:17.354428+00:00
796155,53,2025-03-02 02:10:51.444746+00:00,2025-03-02 09:33:17.354428+00:00
1000862,53,2025-03-02 02:10:51.444746+00:00,2025-03-02 09:33:17.354428+00:00
48231,53,2025-03-02 02:10:51.444746+00:00,2025-03-02 09:33:17.354428+00:00
718821,53,2025-03-02 02:10:51.444746+00:00,2025-03-02 09:33:17.354428+00:00
827887,53,2025-03-02 02:10:51.444746+00:00,2025-03-02 09:33:17.354428+00:00
799668,53,2025-03-02 02:10:51.444746+00:00,2025-03-02 09:33:17.354428+00:00
976581,53,2025-03-02 02:10:51.444746+00:00,2025-03-02 09:33:17.354428+00:00
977155,53,2025-03-02 02:10:51.444746+00:00,2025-03-02 09:33:17.354428+00:00
269,80,2025-03-02 02:10:51.444746+00:00,2025-03-02 09:33:17.354428+00:00
573435,80,2025-03-02 02:10:51.444746+00:00,2025-03-02 09:33:17.354428+00:00
1064028,878,2025-03-02 02:10:51.444746+00:00,2025-03-02 09:33:17.354428+00:00
550988,878,2025-03-02 02:10:51.444746+00:00,2025-03-02 09:33:17.354428+00:00
1068607,878,2025-03-02 02:10:51.444746+00:00,2025-03-02 09:33:17.354428+00:00
553600,878,2025-03-02 02:10:51.444746+00:00,2025-03-02 09:33:17.354428+00:00
1167366,878,2025-03-02 02:10:51.444746+00:00,2025-03-02 09:33:17.354428+00:00
1306434,9648,2025-03-02 02:10:51.444746+00:00,2025-03-02 09:33:17.354428+00:00
1100782,9648,2025-03-02 02:10:51.444746+00:00,2025-03-02 09:33:17.354428+00:00
840705,9648,2025-03-02 02:10:51.444746+00:00,2025-03-02 09:33:17.354428+00:00
891566,99,2025-03-02 02:10:51.444746+00:00,2025-03-02 09:33:17.354428+00:00
1130343,99,2025-03-02 02:10:51.444746+00:00,2025-03-02 09:33:17.354428+00:00
1027867,18,2025-03-02 09:33:17.354428+00:00,2025-03-02 09:33:17.354428+00:00
969441,10402,2025-03-02 02:10:51.444746+00:00,2025-03-02 09:33:17.354428+00:00
1129610,10402,2025-03-02 02:10:51.444746+00:00,2025-03-02 09:33:17.354428+00:00
820697,10749,2025-03-02 02:10:51.444746+00:00,2025-03-02 09:33:17.354428+00:00
1017066,10749,2025-03-02 02:10:51.444746+00:00,2025-03-02 09:33:17.354428+00:00
718789,10751,2025-03-02 02:10:51.444746+00:00,2025-03-02 09:33:17.354428+00:00
1058616,10752,2025-03-02 02:10:51.444746+00:00,2025-03-02 09:33:17.354428+00:00
1278652,10770,2025-03-02 02:10:51.444746+00:00,2025-03-02 09:33:17.354428+00:00
59468,12,2025-03-02 02:10:51.444746+00:00,2025-03-02 09:33:17.354428+00:00
671,12,2025-03-02 02:10:51.444746+00:00,2025-03-02 09:33:17.354428+00:00
877269,12,2025-03-02 02:10:51.444746+00:00,2025-03-02 09:33:17.354428+00:00
526896,14,2025-03-02 02:10:51.444746+00:00,2025-03-02 09:33:17.354428+00:00
988402,14,2025-03-02 02:10:51.444746+00:00,2025-03-02 09:33:17.354428+00:00
942881,14,2025-03-02 02:10:51.444746+00:00,2025-03-02 09:33:17.354428+00:00
1117609,16,2025-03-02 02:10:51.444746+00:00,2025-03-02 09:33:17.354428+00:00
198375,16,2025-03-02 02:10:51.444746+00:00,2025-03-02 09:33:17.354428+00:00
950863,16,2025-03-02 02:10:51.444746+00:00,2025-03-02 09:33:17.354428+00:00
610150,16,2025-03-02 02:10:51.444746+00:00,2025-03-02 09:33:17.354428+00:00
120811,16,2025-03-02 02:10:51.444746+00:00,2025-03-02 09:33:17.354428+00:00
1119211,16,2025-03-02 02:10:51.444746+00:00,2025-03-02 09:33:17.354428+00:00
1022789,16,2025-03-02 02:10:51.444746+00:00,2025-03-02 09:33:17.354428+00:00
232468,16,2025-03-02 02:10:51.444746+00:00,2025-03-02 09:33:17.354428+00:00
791570,18,2025-03-02 02:10:51.444746+00:00,2025-03-02 09:33:17.354428+00:00
501657,18,2025-03-02 02:10:51.444746+00:00,2025-03-02 09:33:17.354428+00:00
956759,18,2025-03-02 02:10:51.444746+00:00,2025-03-02 09:33:17.354428+00:00
888602,18,2025-03-02 02:10:51.444746+00:00,2025-03-02 09:33:17.354428+00:00
852355,18,2025-03-02 02:10:51.444746+00:00,2025-03-02 09:33:17.354428+00:00
899743,18,2025-03-02 02:10:51.444746+00:00,2025-03-02 09:33:17.354428+00:00
852432,18,2025-03-02 02:10:51.444746+00:00,2025-03-02 09:33:17.354428+00:00
1026301,18,2025-03-02 02:10:51.444746+00:00,2025-03-02 09:33:17.354428+00:00
899460,18,2025-03-02 02:10:51.444746+00:00,2025-03-02 09:33:17.354428+00:00
278445,18,2025-03-02 02:10:51.444746+00:00,2025-03-02 09:33:17.354428+00:00
256133,18,2025-03-02 02:10:51.444746+00:00,2025-03-02 09:33:17.354428+00:00
1002318,18,2025-03-02 02:10:51.444746+00:00,2025-03-02 09:33:17.354428+00:00
973778,18,2025-03-02 02:10:51.444746+00:00,2025-03-02 09:33:17.354428+00:00
824742,18,2025-03-02 02:10:51.444746+00:00,2025-03-02 09:33:17.354428+00:00
76025,18,2025-03-02 02:10:51.444746+00:00,2025-03-02 09:33:17.354428+00:00
626735,18,2025-03-02 02:10:51.444746+00:00,2025-03-02 09:33:17.354428+00:00
1051896,27,2025-03-02 02:10:51.444746+00:00,2025-03-02 09:33:17.354428+00:00
1215918,27,2025-03-02 02:10:51.444746+00:00,2025-03-02 09:33:17.354428+00:00
831920,28,2025-03-02 02:10:51.444746+00:00,2025-03-02 09:33:17.354428+00:00
912649,28,2025-03-02 02:10:51.444746+00:00,2025-03-02 09:33:17.354428+00:00
766907,28,2025-03-02 02:10:51.444746+00:00,2025-03-02 09:33:17.354428+00:00
980026,28,2025-03-02 02:10:51.444746+00:00,2025-03-02 09:33:17.354428+00:00
76600,28,2025-03-02 02:10:51.444746+00:00,2025-03-02 09:33:17.354428+00:00
629028,28,2025-03-02 02:10:51.444746+00:00,2025-03-02 09:33:17.354428+00:00
602295,28,2025-03-02 02:10:51.444746+00:00,2025-03-02 09:33:17.354428+00:00
1064213,35,2025-03-02 02:10:51.444746+00:00,2025-03-02 09:33:17.354428+00:00
628914,35,2025-03-02 02:10:51.444746+00:00,2025-03-02 09:33:17.354428+00:00
1226170,35,2025-03-02 02:10:51.444746+00:00,2025-03-02 09:33:17.354428+00:00
146126,35,2025-03-02 02:10:51.444746+00:00,2025-03-02 09:33:17.354428+00:00
612491,35,2025-03-02 02:10:51.444746+00:00,2025-03-02 09:33:17.354428+00:00
890326,35,2025-03-02 02:10:51.444746+00:00,2025-03-02 09:33:17.354428+00:00
542178,35,2025-03-02 02:10:51.444746+00:00,2025-03-02 09:33:17.354428+00:00
1331693,36,2025-03-02 02:10:51.444746+00:00,2025-03-02 09:33:17.354428+00:00
973778,53,2025-03-02 02:10:51.444746+00:00,2025-03-02 09:33:17.354428+00:00
866398,53,2025-03-02 02:10:51.444746+00:00,2025-03-02 09:33:17.354428+00:00
299054,53,2025-03-02 02:10:51.444746+00:00,2025-03-02 09:33:17.354428+00:00
742396,53,2025-03-02 02:10:51.444746+00:00,2025-03-02 09:33:17.354428+00:00
30018,80,2025-03-02 02:10:51.444746+00:00,2025-03-02 09:33:17.354428+00:00
874476,80,2025-03-02 02:10:51.444746+00:00,2025-03-02 09:33:17.354428+00:00
945961,878,2025-03-02 02:10:51.444746+00:00,2025-03-02 09:33:17.354428+00:00
131634,878,2025-03-02 02:10:51.444746+00:00,2025-03-02 09:33:17.354428+00:00
874745,878,2025-03-02 02:10:51.444746+00:00,2025-03-02 09:33:17.354428+00:00
1235431,9648,2025-03-02 02:10:51.444746+00:00,2025-03-02 09:33:17.354428+00:00
1043565,9648,2025-03-02 02:10:51.444746+00:00,2025-03-02 09:33:17.354428+00:00
987422,99,2025-03-02 02:10:51.444746+00:00,2025-03-02 09:33:17.354428+00:00
1156807,10402,2025-03-02 02:10:51.444746+00:00,2025-03-02 09:33:17.354428+00:00
1375053,10402,2025-03-02 02:10:51.444746+00:00,2025-03-02 09:33:17.354428+00:00
10376,10402,2025-03-02 02:10:51.444746+00:00,2025-03-02 09:33:17.354428+00:00
390,10402,2025-03-02 02:10:51.444746+00:00,2025-03-02 09:33:17.354428+00:00
601434,10402,2025-03-02 02:10:51.444746+00:00,2025-03-02 09:33:17.354428+00:00
649,10749,2025-03-02 02:10:51.444746+00:00,2025-03-02 09:33:17.354428+00:00
964960,10749,2025-03-02 02:10:51.444746+00:00,2025-03-02 09:33:17.354428+00:00
1040148,10751,2025-03-02 02:10:51.444746+00:00,2025-03-02 09:33:17.354428+00:00
781816,10751,2025-03-02 02:10:51.444746+00:00,2025-03-02 09:33:17.354428+00:00
10515,10751,2025-03-02 02:10:51.444746+00:00,2025-03-02 09:33:17.354428+00:00
967874,10752,2025-03-02 02:10:51.444746+00:00,2025-03-02 09:33:17.354428+00:00
335787,12,2025-03-02 02:10:51.444746+00:00,2025-03-02 09:33:17.354428+00:00
729854,12,2025-03-02 02:10:51.444746+00:00,2025-03-02 09:33:17.354428+00:00
864101,12,2025-03-02 02:10:51.444746+00:00,2025-03-02 09:33:17.354428+00:00
79707,12,2025-03-02 02:10:51.444746+00:00,2025-03-02 09:33:17.354428+00:00
618588,12,2025-03-02 02:10:51.444746+00:00,2025-03-02 09:33:17.354428+00:00
588890,14,2025-03-02 02:10:51.444746+00:00,2025-03-02 09:33:17.354428+00:00
128246,14,2025-03-02 02:10:51.444746+00:00,2025-03-02 09:33:17.354428+00:00
967847,14,2025-03-02 02:10:51.444746+00:00,2025-03-02 09:33:17.354428+00:00
765,14,2025-03-02 02:10:51.444746+00:00,2025-03-02 09:33:17.354428+00:00
315162,16,2025-03-02 02:10:51.444746+00:00,2025-03-02 09:33:17.354428+00:00
763539,16,2025-03-02 02:10:51.444746+00:00,2025-03-02 09:33:17.354428+00:00
502356,16,2025-03-02 02:10:51.444746+00:00,2025-03-02 09:33:17.354428+00:00
568124,16,2025-03-02 02:10:51.444746+00:00,2025-03-02 09:33:17.354428+00:00
877246,18,2025-03-02 02:10:51.444746+00:00,2025-03-02 09:33:17.354428+00:00
913991,18,2025-03-02 02:10:51.444746+00:00,2025-03-02 09:33:17.354428+00:00
1279788,18,2025-03-02 02:10:51.444746+00:00,2025-03-02 09:33:17.354428+00:00
926889,18,2025-03-02 02:10:51.444746+00:00,2025-03-02 09:33:17.354428+00:00
600354,18,2025-03-02 02:10:51.444746+00:00,2025-03-02 09:33:17.354428+00:00
597859,18,2025-03-02 02:10:51.444746+00:00,2025-03-02 09:33:17.354428+00:00
762079,18,2025-03-02 02:10:51.444746+00:00,2025-03-02 09:33:17.354428+00:00
792293,18,2025-03-02 02:10:51.444746+00:00,2025-03-02 09:33:17.354428+00:00
785398,18,2025-03-02 02:10:51.444746+00:00,2025-03-02 09:33:17.354428+00:00
901410,18,2025-03-02 02:10:51.444746+00:00,2025-03-02 09:33:17.354428+00:00
38142,18,2025-03-02 02:10:51.444746+00:00,2025-03-02 09:33:17.354428+00:00
1027588,18,2025-03-02 02:10:51.444746+00:00,2025-03-02 09:33:17.354428+00:00
1064662,18,2025-03-02 02:10:51.444746+00:00,2025-03-02 09:33:17.354428+00:00
1006683,18,2025-03-02 02:10:51.444746+00:00,2025-03-02 09:33:17.354428+00:00
27060,18,2025-03-02 02:10:51.444746+00:00,2025-03-02 09:33:17.354428+00:00
1629,18,2025-03-02 02:10:51.444746+00:00,2025-03-02 09:33:17.354428+00:00
24858,18,2025-03-02 02:10:51.444746+00:00,2025-03-02 09:33:17.354428+00:00
511809,18,2025-03-02 02:10:51.444746+00:00,2025-03-02 09:33:17.354428+00:00
957863,18,2025-03-02 02:10:51.444746+00:00,2025-03-02 09:33:17.354428+00:00
689700,18,2025-03-02 02:10:51.444746+00:00,2025-03-02 09:33:17.354428+00:00
72445,18,2025-03-02 02:10:51.444746+00:00,2025-03-02 09:33:17.354428+00:00
660355,27,2025-03-02 02:10:51.444746+00:00,2025-03-02 09:33:17.354428+00:00
1072493,27,2025-03-02 02:10:51.444746+00:00,2025-03-02 09:33:17.354428+00:00
1104844,28,2025-03-02 02:10:51.444746+00:00,2025-03-02 09:33:17.354428+00:00
615173,28,2025-03-02 02:10:51.444746+00:00,2025-03-02 09:33:17.354428+00:00
436792,28,2025-03-02 02:10:51.444746+00:00,2025-03-02 09:33:17.354428+00:00
883502,28,2025-03-02 02:10:51.444746+00:00,2025-03-02 09:33:17.354428+00:00
1024546,28,2025-03-02 02:10:51.444746+00:00,2025-03-02 09:33:17.354428+00:00
980489,28,2025-03-02 02:10:51.444746+00:00,2025-03-02 09:33:17.354428+00:00
365177,28,2025-03-02 02:10:51.444746+00:00,2025-03-02 09:33:17.354428+00:00
633374,28,2025-03-02 02:10:51.444746+00:00,2025-03-02 09:33:17.354428+00:00
882580,28,2025-03-02 02:10:51.444746+00:00,2025-03-02 09:33:17.354428+00:00
833428,35,2025-03-02 02:10:51.444746+00:00,2025-03-02 09:33:17.354428+00:00
1026227,35,2025-03-02 02:10:51.444746+00:00,2025-03-02 09:33:17.354428+00:00
904759,35,2025-03-02 02:10:51.444746+00:00,2025-03-02 09:33:17.354428+00:00
1248407,35,2025-03-02 02:10:51.444746+00:00,2025-03-02 09:33:17.354428+00:00
947049,35,2025-03-02 02:10:51.444746+00:00,2025-03-02 09:33:17.354428+00:00
1005141,35,2025-03-02 02:10:51.444746+00:00,2025-03-02 09:33:17.354428+00:00
934506,35,2025-03-02 02:10:51.444746+00:00,2025-03-02 09:33:17.354428+00:00
467244,36,2025-03-02 02:10:51.444746+00:00,2025-03-02 09:33:17.354428+00:00
1155235,36,2025-03-02 02:10:51.444746+00:00,2025-03-02 09:33:17.354428+00:00
845875,36,2025-03-02 02:10:51.444746+00:00,2025-03-02 09:33:17.354428+00:00
826749,53,2025-03-02 02:10:51.444746+00:00,2025-03-02 09:33:17.354428+00:00
762430,53,2025-03-02 02:10:51.444746+00:00,2025-03-02 09:33:17.354428+00:00
792678,53,2025-03-02 02:10:51.444746+00:00,2025-03-02 09:33:17.354428+00:00
1222274,53,2025-03-02 02:10:51.444746+00:00,2025-03-02 09:33:17.354428+00:00
923344,53,2025-03-02 02:10:51.444746+00:00,2025-03-02 09:33:17.354428+00:00
20342,53,2025-03-02 02:10:51.444746+00:00,2025-03-02 09:33:17.354428+00:00
631842,53,2025-03-02 02:10:51.444746+00:00,2025-03-02 09:33:17.354428+00:00
842607,53,2025-03-02 02:10:51.444746+00:00,2025-03-02 09:33:17.354428+00:00
934433,80,2025-03-02 02:10:51.444746+00:00,2025-03-02 09:33:17.354428+00:00
956564,80,2025-03-02 02:10:51.444746+00:00,2025-03-02 09:33:17.354428+00:00
1007127,80,2025-03-02 02:10:51.444746+00:00,2025-03-02 09:33:17.354428+00:00
848198,80,2025-03-02 02:10:51.444746+00:00,2025-03-02 09:33:17.354428+00:00
110283,80,2025-03-02 02:10:51.444746+00:00,2025-03-02 09:33:17.354428+00:00
782054,878,2025-03-02 02:10:51.444746+00:00,2025-03-02 09:33:17.354428+00:00
1006763,9648,2025-03-02 02:10:51.444746+00:00,2025-03-02 09:33:17.354428+00:00
959558,9648,2025-03-02 02:10:51.444746+00:00,2025-03-02 09:33:17.354428+00:00
1145026,9648,2025-03-02 02:10:51.444746+00:00,2025-03-02 09:33:17.354428+00:00
1101256,99,2025-03-02 02:10:51.444746+00:00,2025-03-02 09:33:17.354428+00:00
985569,99,2025-03-02 02:10:51.444746+00:00,2025-03-02 09:33:17.354428+00:00
946615,99,2025-03-02 02:10:51.444746+00:00,2025-03-02 09:33:17.354428+00:00
1096018,99,2025-03-02 02:10:51.444746+00:00,2025-03-02 09:33:17.354428+00:00
952083,16,2025-03-02 09:33:17.354428+00:00,2025-03-02 09:33:17.354428+00:00
1303236,28,2025-03-02 09:33:17.354428+00:00,2025-03-02 09:33:17.354428+00:00
822119,28,2025-03-02 09:33:17.354428+00:00,2025-03-02 09:33:17.354428+00:00
12444,14,2025-03-02 09:33:17.354428+00:00,2025-03-02 09:33:17.354428+00:00
1137172,10402,2025-03-02 02:10:51.444746+00:00,2025-03-02 09:33:17.354428+00:00
447277,10749,2025-03-02 02:10:51.444746+00:00,2025-03-02 09:33:17.354428+00:00
68606,10749,2025-03-02 02:10:51.444746+00:00,2025-03-02 09:33:17.354428+00:00
12254,10749,2025-03-02 02:10:51.444746+00:00,2025-03-02 09:33:17.354428+00:00
781453,10749,2025-03-02 02:10:51.444746+00:00,2025-03-02 09:33:17.354428+00:00
3635,10749,2025-03-02 02:10:51.444746+00:00,2025-03-02 09:33:17.354428+00:00
531428,10749,2025-03-02 02:10:51.444746+00:00,2025-03-02 09:33:17.354428+00:00
675353,10751,2025-03-02 02:10:51.444746+00:00,2025-03-02 09:33:17.354428+00:00
898230,10751,2025-03-02 02:10:51.444746+00:00,2025-03-02 09:33:17.354428+00:00
12924,12,2025-03-02 02:10:51.444746+00:00,2025-03-02 09:33:17.354428+00:00
589761,12,2025-03-02 02:10:51.444746+00:00,2025-03-02 09:33:17.354428+00:00
93013,12,2025-03-02 02:10:51.444746+00:00,2025-03-02 09:33:17.354428+00:00
767,14,2025-03-02 02:10:51.444746+00:00,2025-03-02 09:33:17.354428+00:00
616037,14,2025-03-02 02:10:51.444746+00:00,2025-03-02 09:33:17.354428+00:00
1221404,16,2025-03-02 02:10:51.444746+00:00,2025-03-02 09:33:17.354428+00:00
1057919,18,2025-03-02 02:10:51.444746+00:00,2025-03-02 09:33:17.354428+00:00
589985,18,2025-03-02 02:10:51.444746+00:00,2025-03-02 09:33:17.354428+00:00
848685,18,2025-03-02 02:10:51.444746+00:00,2025-03-02 09:33:17.354428+00:00
974521,18,2025-03-02 02:10:51.444746+00:00,2025-03-02 09:33:17.354428+00:00
1005555,18,2025-03-02 02:10:51.444746+00:00,2025-03-02 09:33:17.354428+00:00
542917,18,2025-03-02 02:10:51.444746+00:00,2025-03-02 09:33:17.354428+00:00
612696,18,2025-03-02 02:10:51.444746+00:00,2025-03-02 09:33:17.354428+00:00
814889,18,2025-03-02 02:10:51.444746+00:00,2025-03-02 09:33:17.354428+00:00
960206,18,2025-03-02 02:10:51.444746+00:00,2025-03-02 09:33:17.354428+00:00
973587,18,2025-03-02 02:10:51.444746+00:00,2025-03-02 09:33:17.354428+00:00
586813,18,2025-03-02 02:10:51.444746+00:00,2025-03-02 09:33:17.354428+00:00
554761,18,2025-03-02 02:10:51.444746+00:00,2025-03-02 09:33:17.354428+00:00
1086591,18,2025-03-02 02:10:51.444746+00:00,2025-03-02 09:33:17.354428+00:00
633374,18,2025-03-02 02:10:51.444746+00:00,2025-03-02 09:33:17.354428+00:00
796151,18,2025-03-02 02:10:51.444746+00:00,2025-03-02 09:33:17.354428+00:00
941132,18,2025-03-02 02:10:51.444746+00:00,2025-03-02 09:33:17.354428+00:00
255856,18,2025-03-02 02:10:51.444746+00:00,2025-03-02 09:33:17.354428+00:00
589978,18,2025-03-02 02:10:51.444746+00:00,2025-03-02 09:33:17.354428+00:00
607442,18,2025-03-02 02:10:51.444746+00:00,2025-03-02 09:33:17.354428+00:00
1226141,18,2025-03-02 02:10:51.444746+00:00,2025-03-02 09:33:17.354428+00:00
40167,18,2025-03-02 02:10:51.444746+00:00,2025-03-02 09:33:17.354428+00:00
1114513,27,2025-03-02 02:10:51.444746+00:00,2025-03-02 09:33:17.354428+00:00
614930,28,2025-03-02 02:10:51.444746+00:00,2025-03-02 09:33:17.354428+00:00
558449,28,2025-03-02 02:10:51.444746+00:00,2025-03-02 09:33:17.354428+00:00
1167271,28,2025-03-02 02:10:51.444746+00:00,2025-03-02 09:33:17.354428+00:00
626872,28,2025-03-02 02:10:51.444746+00:00,2025-03-02 09:33:17.354428+00:00
580489,28,2025-03-02 02:10:51.444746+00:00,2025-03-02 09:33:17.354428+00:00
1147710,28,2025-03-02 02:10:51.444746+00:00,2025-03-02 09:33:17.354428+00:00
921436,28,2025-03-02 02:10:51.444746+00:00,2025-03-02 09:33:17.354428+00:00
616037,35,2025-03-02 02:10:51.444746+00:00,2025-03-02 09:33:17.354428+00:00
937753,35,2025-03-02 02:10:51.444746+00:00,2025-03-02 09:33:17.354428+00:00
520023,35,2025-03-02 02:10:51.444746+00:00,2025-03-02 09:33:17.354428+00:00
41962,35,2025-03-02 02:10:51.444746+00:00,2025-03-02 09:33:17.354428+00:00
83205,35,2025-03-02 02:10:51.444746+00:00,2025-03-02 09:33:17.354428+00:00
1216452,35,2025-03-02 02:10:51.444746+00:00,2025-03-02 09:33:17.354428+00:00
593643,35,2025-03-02 02:10:51.444746+00:00,2025-03-02 09:33:17.354428+00:00
1021860,35,2025-03-02 02:10:51.444746+00:00,2025-03-02 09:33:17.354428+00:00
59468,35,2025-03-02 02:10:51.444746+00:00,2025-03-02 09:33:17.354428+00:00
617762,35,2025-03-02 02:10:51.444746+00:00,2025-03-02 09:33:17.354428+00:00
357405,35,2025-03-02 02:10:51.444746+00:00,2025-03-02 09:33:17.354428+00:00
1029475,35,2025-03-02 02:10:51.444746+00:00,2025-03-02 09:33:17.354428+00:00
901358,36,2025-03-02 02:10:51.444746+00:00,2025-03-02 09:33:17.354428+00:00
581390,36,2025-03-02 02:10:51.444746+00:00,2025-03-02 09:33:17.354428+00:00
466420,36,2025-03-02 02:10:51.444746+00:00,2025-03-02 09:33:17.354428+00:00
955569,53,2025-03-02 02:10:51.444746+00:00,2025-03-02 09:33:17.354428+00:00
1070535,53,2025-03-02 02:10:51.444746+00:00,2025-03-02 09:33:17.354428+00:00
602295,53,2025-03-02 02:10:51.444746+00:00,2025-03-02 09:33:17.354428+00:00
454161,53,2025-03-02 02:10:51.444746+00:00,2025-03-02 09:33:17.354428+00:00
844398,80,2025-03-02 02:10:51.444746+00:00,2025-03-02 09:33:17.354428+00:00
1019661,80,2025-03-02 02:10:51.444746+00:00,2025-03-02 09:33:17.354428+00:00
941132,80,2025-03-02 02:10:51.444746+00:00,2025-03-02 09:33:17.354428+00:00
733317,878,2025-03-02 02:10:51.444746+00:00,2025-03-02 09:33:17.354428+00:00
864101,878,2025-03-02 02:10:51.444746+00:00,2025-03-02 09:33:17.354428+00:00
519182,878,2025-03-02 02:10:51.444746+00:00,2025-03-02 09:33:17.354428+00:00
1155257,9648,2025-03-02 02:10:51.444746+00:00,2025-03-02 09:33:17.354428+00:00
743815,9648,2025-03-02 02:10:51.444746+00:00,2025-03-02 09:33:17.354428+00:00
727340,9648,2025-03-02 02:10:51.444746+00:00,2025-03-02 09:33:17.354428+00:00
986088,9648,2025-03-02 02:10:51.444746+00:00,2025-03-02 09:33:17.354428+00:00
1395259,99,2025-03-02 02:10:51.444746+00:00,2025-03-02 09:33:17.354428+00:00
1009987,99,2025-03-02 02:10:51.444746+00:00,2025-03-02 09:33:17.354428+00:00
844176,99,2025-03-02 02:10:51.444746+00:00,2025-03-02 09:33:17.354428+00:00
1029179,99,2025-03-02 02:10:51.444746+00:00,2025-03-02 09:33:17.354428+00:00
822119,878,2025-03-02 09:33:17.354428+00:00,2025-03-02 09:33:17.354428+00:00
823464,878,2025-03-02 09:33:17.354428+00:00,2025-03-02 09:33:17.354428+00:00
977871,10749,2025-03-02 02:10:51.444746+00:00,2025-03-02 09:33:17.354428+00:00
654344,10749,2025-03-02 02:10:51.444746+00:00,2025-03-02 09:33:17.354428+00:00
200995,10749,2025-03-02 02:10:51.444746+00:00,2025-03-02 09:33:17.354428+00:00
89455,10749,2025-03-02 02:10:51.444746+00:00,2025-03-02 09:33:17.354428+00:00
1019619,10751,2025-03-02 02:10:51.444746+00:00,2025-03-02 09:33:17.354428+00:00
954748,10751,2025-03-02 02:10:51.444746+00:00,2025-03-02 09:33:17.354428+00:00
1079810,10751,2025-03-02 02:10:51.444746+00:00,2025-03-02 09:33:17.354428+00:00
1061855,10751,2025-03-02 02:10:51.444746+00:00,2025-03-02 09:33:17.354428+00:00
675445,10751,2025-03-02 02:10:51.444746+00:00,2025-03-02 09:33:17.354428+00:00
925341,10751,2025-03-02 02:10:51.444746+00:00,2025-03-02 09:33:17.354428+00:00
695089,10752,2025-03-02 02:10:51.444746+00:00,2025-03-02 09:33:17.354428+00:00
576925,12,2025-03-02 02:10:51.444746+00:00,2025-03-02 09:33:17.354428+00:00
157336,12,2025-03-02 02:10:51.444746+00:00,2025-03-02 09:33:17.354428+00:00
299054,12,2025-03-02 02:10:51.444746+00:00,2025-03-02 09:33:17.354428+00:00
571468,12,2025-03-02 02:10:51.444746+00:00,2025-03-02 09:33:17.354428+00:00
609681,12,2025-03-02 02:10:51.444746+00:00,2025-03-02 09:33:17.354428+00:00
798544,14,2025-03-02 02:10:51.444746+00:00,2025-03-02 09:33:17.354428+00:00
845781,14,2025-03-02 02:10:51.444746+00:00,2025-03-02 09:33:17.354428+00:00
24614,14,2025-03-02 02:10:51.444746+00:00,2025-03-02 09:33:17.354428+00:00
785429,16,2025-03-02 02:10:51.444746+00:00,2025-03-02 09:33:17.354428+00:00
81,16,2025-03-02 02:10:51.444746+00:00,2025-03-02 09:33:17.354428+00:00
1314450,16,2025-03-02 02:10:51.444746+00:00,2025-03-02 09:33:17.354428+00:00
1357633,16,2025-03-02 02:10:51.444746+00:00,2025-03-02 09:33:17.354428+00:00
604605,16,2025-03-02 02:10:51.444746+00:00,2025-03-02 09:33:17.354428+00:00
760758,16,2025-03-02 02:10:51.444746+00:00,2025-03-02 09:33:17.354428+00:00
553600,16,2025-03-02 02:10:51.444746+00:00,2025-03-02 09:33:17.354428+00:00
1108371,16,2025-03-02 02:10:51.444746+00:00,2025-03-02 09:33:17.354428+00:00
942953,18,2025-03-02 02:10:51.444746+00:00,2025-03-02 09:33:17.354428+00:00
700819,18,2025-03-02 02:10:51.444746+00:00,2025-03-02 09:33:17.354428+00:00
620498,18,2025-03-02 02:10:51.444746+00:00,2025-03-02 09:33:17.354428+00:00
862855,18,2025-03-02 02:10:51.444746+00:00,2025-03-02 09:33:17.354428+00:00
1064669,18,2025-03-02 02:10:51.444746+00:00,2025-03-02 09:33:17.354428+00:00
811596,18,2025-03-02 02:10:51.444746+00:00,2025-03-02 09:33:17.354428+00:00
879689,18,2025-03-02 02:10:51.444746+00:00,2025-03-02 09:33:17.354428+00:00
43423,18,2025-03-02 02:10:51.444746+00:00,2025-03-02 09:33:17.354428+00:00
714651,18,2025-03-02 02:10:51.444746+00:00,2025-03-02 09:33:17.354428+00:00
1716,18,2025-03-02 02:10:51.444746+00:00,2025-03-02 09:33:17.354428+00:00
1099217,18,2025-03-02 02:10:51.444746+00:00,2025-03-02 09:33:17.354428+00:00
993234,18,2025-03-02 02:10:51.444746+00:00,2025-03-02 09:33:17.354428+00:00
1017441,18,2025-03-02 02:10:51.444746+00:00,2025-03-02 09:33:17.354428+00:00
823598,18,2025-03-02 02:10:51.444746+00:00,2025-03-02 09:33:17.354428+00:00
1054087,18,2025-03-02 02:10:51.444746+00:00,2025-03-02 09:33:17.354428+00:00
989589,18,2025-03-02 02:10:51.444746+00:00,2025-03-02 09:33:17.354428+00:00
1079091,18,2025-03-02 02:10:51.444746+00:00,2025-03-02 09:33:17.354428+00:00
1125311,27,2025-03-02 02:10:51.444746+00:00,2025-03-02 09:33:17.354428+00:00
1017063,27,2025-03-02 02:10:51.444746+00:00,2025-03-02 09:33:17.354428+00:00
713704,27,2025-03-02 02:10:51.444746+00:00,2025-03-02 09:33:17.354428+00:00
85032,27,2025-03-02 02:10:51.444746+00:00,2025-03-02 09:33:17.354428+00:00
1202618,27,2025-03-02 02:10:51.444746+00:00,2025-03-02 09:33:17.354428+00:00
655363,27,2025-03-02 02:10:51.444746+00:00,2025-03-02 09:33:17.354428+00:00
760875,27,2025-03-02 02:10:51.444746+00:00,2025-03-02 09:33:17.354428+00:00
1008042,27,2025-03-02 02:10:51.444746+00:00,2025-03-02 09:33:17.354428+00:00
1020784,28,2025-03-02 02:10:51.444746+00:00,2025-03-02 09:33:17.354428+00:00
763285,28,2025-03-02 02:10:51.444746+00:00,2025-03-02 09:33:17.354428+00:00
649609,28,2025-03-02 02:10:51.444746+00:00,2025-03-02 09:33:17.354428+00:00
741602,28,2025-03-02 02:10:51.444746+00:00,2025-03-02 09:33:17.354428+00:00
1290839,35,2025-03-02 02:10:51.444746+00:00,2025-03-02 09:33:17.354428+00:00
792307,35,2025-03-02 02:10:51.444746+00:00,2025-03-02 09:33:17.354428+00:00
771077,35,2025-03-02 02:10:51.444746+00:00,2025-03-02 09:33:17.354428+00:00
788734,35,2025-03-02 02:10:51.444746+00:00,2025-03-02 09:33:17.354428+00:00
130023,35,2025-03-02 02:10:51.444746+00:00,2025-03-02 09:33:17.354428+00:00
788030,35,2025-03-02 02:10:51.444746+00:00,2025-03-02 09:33:17.354428+00:00
56616,35,2025-03-02 02:10:51.444746+00:00,2025-03-02 09:33:17.354428+00:00
925341,36,2025-03-02 02:10:51.444746+00:00,2025-03-02 09:33:17.354428+00:00
49982,36,2025-03-02 02:10:51.444746+00:00,2025-03-02 09:33:17.354428+00:00
1079485,53,2025-03-02 02:10:51.444746+00:00,2025-03-02 09:33:17.354428+00:00
635302,53,2025-03-02 02:10:51.444746+00:00,2025-03-02 09:33:17.354428+00:00
881764,53,2025-03-02 02:10:51.444746+00:00,2025-03-02 09:33:17.354428+00:00
1041613,53,2025-03-02 02:10:51.444746+00:00,2025-03-02 09:33:17.354428+00:00
930478,53,2025-03-02 02:10:51.444746+00:00,2025-03-02 09:33:17.354428+00:00
560016,53,2025-03-02 02:10:51.444746+00:00,2025-03-02 09:33:17.354428+00:00
17111,53,2025-03-02 02:10:51.444746+00:00,2025-03-02 09:33:17.354428+00:00
4689,53,2025-03-02 02:10:51.444746+00:00,2025-03-02 09:33:17.354428+00:00
936286,53,2025-03-02 02:10:51.444746+00:00,2025-03-02 09:33:17.354428+00:00
1018,9648,2025-03-02 02:10:51.444746+00:00,2025-03-02 09:33:17.354428+00:00
664469,9648,2025-03-02 02:10:51.444746+00:00,2025-03-02 09:33:17.354428+00:00
726657,9648,2025-03-02 02:10:51.444746+00:00,2025-03-02 09:33:17.354428+00:00
798544,9648,2025-03-02 02:10:51.444746+00:00,2025-03-02 09:33:17.354428+00:00
176,9648,2025-03-02 02:10:51.444746+00:00,2025-03-02 09:33:17.354428+00:00
893030,99,2025-03-02 02:10:51.444746+00:00,2025-03-02 09:33:17.354428+00:00
1075815,99,2025-03-02 02:10:51.444746+00:00,2025-03-02 09:33:17.354428+00:00
1137172,99,2025-03-02 02:10:51.444746+00:00,2025-03-02 09:33:17.354428+00:00
848538,12,2025-03-02 09:33:17.354428+00:00,2025-03-02 09:33:17.354428+00:00
1211650,10402,2025-03-02 02:10:51.444746+00:00,2025-03-02 09:33:17.354428+00:00
31512,10402,2025-03-02 02:10:51.444746+00:00,2025-03-02 09:33:17.354428+00:00
769850,10402,2025-03-02 02:10:51.444746+00:00,2025-03-02 09:33:17.354428+00:00
831920,10749,2025-03-02 02:10:51.444746+00:00,2025-03-02 09:33:17.354428+00:00
45464,10749,2025-03-02 02:10:51.444746+00:00,2025-03-02 09:33:17.354428+00:00
614939,10749,2025-03-02 02:10:51.444746+00:00,2025-03-02 09:33:17.354428+00:00
1067298,10749,2025-03-02 02:10:51.444746+00:00,2025-03-02 09:33:17.354428+00:00
572154,10749,2025-03-02 02:10:51.444746+00:00,2025-03-02 09:33:17.354428+00:00
33431,10749,2025-03-02 02:10:51.444746+00:00,2025-03-02 09:33:17.354428+00:00
112903,10749,2025-03-02 02:10:51.444746+00:00,2025-03-02 09:33:17.354428+00:00
1027273,10749,2025-03-02 02:10:51.444746+00:00,2025-03-02 09:33:17.354428+00:00
876797,10749,2025-03-02 02:10:51.444746+00:00,2025-03-02 09:33:17.354428+00:00
993092,10751,2025-03-02 02:10:51.444746+00:00,2025-03-02 09:33:17.354428+00:00
901362,10751,2025-03-02 02:10:51.444746+00:00,2025-03-02 09:33:17.354428+00:00
785429,10751,2025-03-02 02:10:51.444746+00:00,2025-03-02 09:33:17.354428+00:00
899464,10751,2025-03-02 02:10:51.444746+00:00,2025-03-02 09:33:17.354428+00:00
913760,10752,2025-03-02 02:10:51.444746+00:00,2025-03-02 09:33:17.354428+00:00
748787,10752,2025-03-02 02:10:51.444746+00:00,2025-03-02 09:33:17.354428+00:00
11902,10752,2025-03-02 02:10:51.444746+00:00,2025-03-02 09:33:17.354428+00:00
1030587,12,2025-03-02 02:10:51.444746+00:00,2025-03-02 09:33:17.354428+00:00
1279788,12,2025-03-02 02:10:51.444746+00:00,2025-03-02 09:33:17.354428+00:00
979688,12,2025-03-02 02:10:51.444746+00:00,2025-03-02 09:33:17.354428+00:00
1085574,14,2025-03-02 02:10:51.444746+00:00,2025-03-02 09:33:17.354428+00:00
820697,14,2025-03-02 02:10:51.444746+00:00,2025-03-02 09:33:17.354428+00:00
269509,14,2025-03-02 02:10:51.444746+00:00,2025-03-02 09:33:17.354428+00:00
898230,14,2025-03-02 02:10:51.444746+00:00,2025-03-02 09:33:17.354428+00:00
1223178,14,2025-03-02 02:10:51.444746+00:00,2025-03-02 09:33:17.354428+00:00
1059572,16,2025-03-02 02:10:51.444746+00:00,2025-03-02 09:33:17.354428+00:00
4935,16,2025-03-02 02:10:51.444746+00:00,2025-03-02 09:33:17.354428+00:00
915403,16,2025-03-02 02:10:51.444746+00:00,2025-03-02 09:33:17.354428+00:00
567811,16,2025-03-02 02:10:51.444746+00:00,2025-03-02 09:33:17.354428+00:00
267,18,2025-03-02 02:10:51.444746+00:00,2025-03-02 09:33:17.354428+00:00
934506,18,2025-03-02 02:10:51.444746+00:00,2025-03-02 09:33:17.354428+00:00
960139,18,2025-03-02 02:10:51.444746+00:00,2025-03-02 09:33:17.354428+00:00
11902,18,2025-03-02 02:10:51.444746+00:00,2025-03-02 09:33:17.354428+00:00
454527,18,2025-03-02 02:10:51.444746+00:00,2025-03-02 09:33:17.354428+00:00
821427,18,2025-03-02 02:10:51.444746+00:00,2025-03-02 09:33:17.354428+00:00
205464,18,2025-03-02 02:10:51.444746+00:00,2025-03-02 09:33:17.354428+00:00
661231,18,2025-03-02 02:10:51.444746+00:00,2025-03-02 09:33:17.354428+00:00
608232,18,2025-03-02 02:10:51.444746+00:00,2025-03-02 09:33:17.354428+00:00
880156,18,2025-03-02 02:10:51.444746+00:00,2025-03-02 09:33:17.354428+00:00
1113119,18,2025-03-02 02:10:51.444746+00:00,2025-03-02 09:33:17.354428+00:00
919570,18,2025-03-02 02:10:51.444746+00:00,2025-03-02 09:33:17.354428+00:00
1148677,18,2025-03-02 02:10:51.444746+00:00,2025-03-02 09:33:17.354428+00:00
1015464,18,2025-03-02 02:10:51.444746+00:00,2025-03-02 09:33:17.354428+00:00
1027944,18,2025-03-02 02:10:51.444746+00:00,2025-03-02 09:33:17.354428+00:00
2742,18,2025-03-02 02:10:51.444746+00:00,2025-03-02 09:33:17.354428+00:00
921,18,2025-03-02 02:10:51.444746+00:00,2025-03-02 09:33:17.354428+00:00
581395,18,2025-03-02 02:10:51.444746+00:00,2025-03-02 09:33:17.354428+00:00
1029168,18,2025-03-02 02:10:51.444746+00:00,2025-03-02 09:33:17.354428+00:00
1008409,18,2025-03-02 02:10:51.444746+00:00,2025-03-02 09:33:17.354428+00:00
726894,18,2025-03-02 02:10:51.444746+00:00,2025-03-02 09:33:17.354428+00:00
914206,18,2025-03-02 02:10:51.444746+00:00,2025-03-02 09:33:17.354428+00:00
1041613,27,2025-03-02 02:10:51.444746+00:00,2025-03-02 09:33:17.354428+00:00
1018518,27,2025-03-02 02:10:51.444746+00:00,2025-03-02 09:33:17.354428+00:00
819876,27,2025-03-02 02:10:51.444746+00:00,2025-03-02 09:33:17.354428+00:00
1083862,27,2025-03-02 02:10:51.444746+00:00,2025-03-02 09:33:17.354428+00:00
1015303,27,2025-03-02 02:10:51.444746+00:00,2025-03-02 09:33:17.354428+00:00
947890,27,2025-03-02 02:10:51.444746+00:00,2025-03-02 09:33:17.354428+00:00
1015936,27,2025-03-02 02:10:51.444746+00:00,2025-03-02 09:33:17.354428+00:00
1035803,28,2025-03-02 02:10:51.444746+00:00,2025-03-02 09:33:17.354428+00:00
796151,28,2025-03-02 02:10:51.444746+00:00,2025-03-02 09:33:17.354428+00:00
1035806,28,2025-03-02 02:10:51.444746+00:00,2025-03-02 09:33:17.354428+00:00
626412,28,2025-03-02 02:10:51.444746+00:00,2025-03-02 09:33:17.354428+00:00
536437,28,2025-03-02 02:10:51.444746+00:00,2025-03-02 09:33:17.354428+00:00
995926,28,2025-03-02 02:10:51.444746+00:00,2025-03-02 09:33:17.354428+00:00
1166073,35,2025-03-02 02:10:51.444746+00:00,2025-03-02 09:33:17.354428+00:00
966709,35,2025-03-02 02:10:51.444746+00:00,2025-03-02 09:33:17.354428+00:00
1034660,35,2025-03-02 02:10:51.444746+00:00,2025-03-02 09:33:17.354428+00:00
758891,35,2025-03-02 02:10:51.444746+00:00,2025-03-02 09:33:17.354428+00:00
934207,35,2025-03-02 02:10:51.444746+00:00,2025-03-02 09:33:17.354428+00:00
675445,35,2025-03-02 02:10:51.444746+00:00,2025-03-02 09:33:17.354428+00:00
980026,36,2025-03-02 02:10:51.444746+00:00,2025-03-02 09:33:17.354428+00:00
753342,36,2025-03-02 02:10:51.444746+00:00,2025-03-02 09:33:17.354428+00:00
638032,36,2025-03-02 02:10:51.444746+00:00,2025-03-02 09:33:17.354428+00:00
660000,36,2025-03-02 02:10:51.444746+00:00,2025-03-02 09:33:17.354428+00:00
630240,53,2025-03-02 02:10:51.444746+00:00,2025-03-02 09:33:17.354428+00:00
634595,53,2025-03-02 02:10:51.444746+00:00,2025-03-02 09:33:17.354428+00:00
795254,53,2025-03-02 02:10:51.444746+00:00,2025-03-02 09:33:17.354428+00:00
718289,53,2025-03-02 02:10:51.444746+00:00,2025-03-02 09:33:17.354428+00:00
978592,53,2025-03-02 02:10:51.444746+00:00,2025-03-02 09:33:17.354428+00:00
179890,53,2025-03-02 02:10:51.444746+00:00,2025-03-02 09:33:17.354428+00:00
1290206,53,2025-03-02 02:10:51.444746+00:00,2025-03-02 09:33:17.354428+00:00
616820,53,2025-03-02 02:10:51.444746+00:00,2025-03-02 09:33:17.354428+00:00
813079,53,2025-03-02 02:10:51.444746+00:00,2025-03-02 09:33:17.354428+00:00
1005251,80,2025-03-02 02:10:51.444746+00:00,2025-03-02 09:33:17.354428+00:00
1147710,80,2025-03-02 02:10:51.444746+00:00,2025-03-02 09:33:17.354428+00:00
1148817,80,2025-03-02 02:10:51.444746+00:00,2025-03-02 09:33:17.354428+00:00
842942,80,2025-03-02 02:10:51.444746+00:00,2025-03-02 09:33:17.354428+00:00
991898,80,2025-03-02 02:10:51.444746+00:00,2025-03-02 09:33:17.354428+00:00
798362,80,2025-03-02 02:10:51.444746+00:00,2025-03-02 09:33:17.354428+00:00
844,878,2025-03-02 02:10:51.444746+00:00,2025-03-02 09:33:17.354428+00:00
1122715,878,2025-03-02 02:10:51.444746+00:00,2025-03-02 09:33:17.354428+00:00
414906,9648,2025-03-02 02:10:51.444746+00:00,2025-03-02 09:33:17.354428+00:00
824738,9648,2025-03-02 02:10:51.444746+00:00,2025-03-02 09:33:17.354428+00:00
1933,9648,2025-03-02 02:10:51.444746+00:00,2025-03-02 09:33:17.354428+00:00
925492,9648,2025-03-02 02:10:51.444746+00:00,2025-03-02 09:33:17.354428+00:00
820099,9648,2025-03-02 02:10:51.444746+00:00,2025-03-02 09:33:17.354428+00:00
1156189,99,2025-03-02 02:10:51.444746+00:00,2025-03-02 09:33:17.354428+00:00
473888,99,2025-03-02 02:10:51.444746+00:00,2025-03-02 09:33:17.354428+00:00
12445,14,2025-03-02 09:33:17.354428+00:00,2025-03-02 09:33:17.354428+00:00
977156,18,2025-03-02 09:33:17.354428+00:00,2025-03-02 09:33:17.354428+00:00
1375774,10402,2025-03-02 02:10:51.444746+00:00,2025-03-02 09:33:17.354428+00:00
86829,10402,2025-03-02 02:10:51.444746+00:00,2025-03-02 09:33:17.354428+00:00
623184,10749,2025-03-02 02:10:51.444746+00:00,2025-03-02 09:33:17.354428+00:00
844,10749,2025-03-02 02:10:51.444746+00:00,2025-03-02 09:33:17.354428+00:00
1120846,10749,2025-03-02 02:10:51.444746+00:00,2025-03-02 09:33:17.354428+00:00
603661,10749,2025-03-02 02:10:51.444746+00:00,2025-03-02 09:33:17.354428+00:00
800301,10749,2025-03-02 02:10:51.444746+00:00,2025-03-02 09:33:17.354428+00:00
2143,10749,2025-03-02 02:10:51.444746+00:00,2025-03-02 09:33:17.354428+00:00
519141,10749,2025-03-02 02:10:51.444746+00:00,2025-03-02 09:33:17.354428+00:00
556694,10749,2025-03-02 02:10:51.444746+00:00,2025-03-02 09:33:17.354428+00:00
508943,10751,2025-03-02 02:10:51.444746+00:00,2025-03-02 09:33:17.354428+00:00
717694,10752,2025-03-02 02:10:51.444746+00:00,2025-03-02 09:33:17.354428+00:00
799583,10752,2025-03-02 02:10:51.444746+00:00,2025-03-02 09:33:17.354428+00:00
1276242,10752,2025-03-02 02:10:51.444746+00:00,2025-03-02 09:33:17.354428+00:00
712128,10752,2025-03-02 02:10:51.444746+00:00,2025-03-02 09:33:17.354428+00:00
597859,10752,2025-03-02 02:10:51.444746+00:00,2025-03-02 09:33:17.354428+00:00
447277,12,2025-03-02 02:10:51.444746+00:00,2025-03-02 09:33:17.354428+00:00
667538,12,2025-03-02 02:10:51.444746+00:00,2025-03-02 09:33:17.354428+00:00
957154,14,2025-03-02 02:10:51.444746+00:00,2025-03-02 09:33:17.354428+00:00
1008742,14,2025-03-02 02:10:51.444746+00:00,2025-03-02 09:33:17.354428+00:00
502356,14,2025-03-02 02:10:51.444746+00:00,2025-03-02 09:33:17.354428+00:00
681260,16,2025-03-02 02:10:51.444746+00:00,2025-03-02 09:33:17.354428+00:00
916192,16,2025-03-02 02:10:51.444746+00:00,2025-03-02 09:33:17.354428+00:00
37585,16,2025-03-02 02:10:51.444746+00:00,2025-03-02 09:33:17.354428+00:00
1184918,16,2025-03-02 02:10:51.444746+00:00,2025-03-02 09:33:17.354428+00:00
639721,16,2025-03-02 02:10:51.444746+00:00,2025-03-02 09:33:17.354428+00:00
8072,18,2025-03-02 02:10:51.444746+00:00,2025-03-02 09:33:17.354428+00:00
952701,18,2025-03-02 02:10:51.444746+00:00,2025-03-02 09:33:17.354428+00:00
742396,18,2025-03-02 02:10:51.444746+00:00,2025-03-02 09:33:17.354428+00:00
8222,18,2025-03-02 02:10:51.444746+00:00,2025-03-02 09:33:17.354428+00:00
794721,18,2025-03-02 02:10:51.444746+00:00,2025-03-02 09:33:17.354428+00:00
814757,18,2025-03-02 02:10:51.444746+00:00,2025-03-02 09:33:17.354428+00:00
1215918,18,2025-03-02 02:10:51.444746+00:00,2025-03-02 09:33:17.354428+00:00
1244244,18,2025-03-02 02:10:51.444746+00:00,2025-03-02 09:33:17.354428+00:00
398818,18,2025-03-02 02:10:51.444746+00:00,2025-03-02 09:33:17.354428+00:00
179890,18,2025-03-02 02:10:51.444746+00:00,2025-03-02 09:33:17.354428+00:00
654074,18,2025-03-02 02:10:51.444746+00:00,2025-03-02 09:33:17.354428+00:00
740823,18,2025-03-02 02:10:51.444746+00:00,2025-03-02 09:33:17.354428+00:00
1015623,18,2025-03-02 02:10:51.444746+00:00,2025-03-02 09:33:17.354428+00:00
1137196,18,2025-03-02 02:10:51.444746+00:00,2025-03-02 09:33:17.354428+00:00
49964,18,2025-03-02 02:10:51.444746+00:00,2025-03-02 09:33:17.354428+00:00
1002780,18,2025-03-02 02:10:51.444746+00:00,2025-03-02 09:33:17.354428+00:00
659988,18,2025-03-02 02:10:51.444746+00:00,2025-03-02 09:33:17.354428+00:00
1160018,18,2025-03-02 02:10:51.444746+00:00,2025-03-02 09:33:17.354428+00:00
1104844,18,2025-03-02 02:10:51.444746+00:00,2025-03-02 09:33:17.354428+00:00
794234,27,2025-03-02 02:10:51.444746+00:00,2025-03-02 09:33:17.354428+00:00
616820,27,2025-03-02 02:10:51.444746+00:00,2025-03-02 09:33:17.354428+00:00
646541,27,2025-03-02 02:10:51.444746+00:00,2025-03-02 09:33:17.354428+00:00
626,27,2025-03-02 02:10:51.444746+00:00,2025-03-02 09:33:17.354428+00:00
1168166,27,2025-03-02 02:10:51.444746+00:00,2025-03-02 09:33:17.354428+00:00
1114205,27,2025-03-02 02:10:51.444746+00:00,2025-03-02 09:33:17.354428+00:00
1073449,27,2025-03-02 02:10:51.444746+00:00,2025-03-02 09:33:17.354428+00:00
726894,28,2025-03-02 02:10:51.444746+00:00,2025-03-02 09:33:17.354428+00:00
891699,28,2025-03-02 02:10:51.444746+00:00,2025-03-02 09:33:17.354428+00:00
569094,28,2025-03-02 02:10:51.444746+00:00,2025-03-02 09:33:17.354428+00:00
783110,28,2025-03-02 02:10:51.444746+00:00,2025-03-02 09:33:17.354428+00:00
553600,28,2025-03-02 02:10:51.444746+00:00,2025-03-02 09:33:17.354428+00:00
940721,28,2025-03-02 02:10:51.444746+00:00,2025-03-02 09:33:17.354428+00:00
1113071,28,2025-03-02 02:10:51.444746+00:00,2025-03-02 09:33:17.354428+00:00
939243,28,2025-03-02 02:10:51.444746+00:00,2025-03-02 09:33:17.354428+00:00
476669,28,2025-03-02 02:10:51.444746+00:00,2025-03-02 09:33:17.354428+00:00
1241982,35,2025-03-02 02:10:51.444746+00:00,2025-03-02 09:33:17.354428+00:00
1006724,35,2025-03-02 02:10:51.444746+00:00,2025-03-02 09:33:17.354428+00:00
615777,35,2025-03-02 02:10:51.444746+00:00,2025-03-02 09:33:17.354428+00:00
438695,35,2025-03-02 02:10:51.444746+00:00,2025-03-02 09:33:17.354428+00:00
1113071,35,2025-03-02 02:10:51.444746+00:00,2025-03-02 09:33:17.354428+00:00
194,35,2025-03-02 02:10:51.444746+00:00,2025-03-02 09:33:17.354428+00:00
888321,36,2025-03-02 02:10:51.444746+00:00,2025-03-02 09:33:17.354428+00:00
1030205,36,2025-03-02 02:10:51.444746+00:00,2025-03-02 09:33:17.354428+00:00
874476,53,2025-03-02 02:10:51.444746+00:00,2025-03-02 09:33:17.354428+00:00
739405,53,2025-03-02 02:10:51.444746+00:00,2025-03-02 09:33:17.354428+00:00
539972,53,2025-03-02 02:10:51.444746+00:00,2025-03-02 09:33:17.354428+00:00
848123,53,2025-03-02 02:10:51.444746+00:00,2025-03-02 09:33:17.354428+00:00
978796,53,2025-03-02 02:10:51.444746+00:00,2025-03-02 09:33:17.354428+00:00
1143959,53,2025-03-02 02:10:51.444746+00:00,2025-03-02 09:33:17.354428+00:00
710295,53,2025-03-02 02:10:51.444746+00:00,2025-03-02 09:33:17.354428+00:00
1046090,53,2025-03-02 02:10:51.444746+00:00,2025-03-02 09:33:17.354428+00:00
605886,53,2025-03-02 02:10:51.444746+00:00,2025-03-02 09:33:17.354428+00:00
615173,53,2025-03-02 02:10:51.444746+00:00,2025-03-02 09:33:17.354428+00:00
603692,80,2025-03-02 02:10:51.444746+00:00,2025-03-02 09:33:17.354428+00:00
991193,80,2025-03-02 02:10:51.444746+00:00,2025-03-02 09:33:17.354428+00:00
1181642,80,2025-03-02 02:10:51.444746+00:00,2025-03-02 09:33:17.354428+00:00
606403,80,2025-03-02 02:10:51.444746+00:00,2025-03-02 09:33:17.354428+00:00
1160018,80,2025-03-02 02:10:51.444746+00:00,2025-03-02 09:33:17.354428+00:00
933260,878,2025-03-02 02:10:51.444746+00:00,2025-03-02 09:33:17.354428+00:00
447365,878,2025-03-02 02:10:51.444746+00:00,2025-03-02 09:33:17.354428+00:00
915935,9648,2025-03-02 02:10:51.444746+00:00,2025-03-02 09:33:17.354428+00:00
940417,9648,2025-03-02 02:10:51.444746+00:00,2025-03-02 09:33:17.354428+00:00
946706,9648,2025-03-02 02:10:51.444746+00:00,2025-03-02 09:33:17.354428+00:00
925786,9648,2025-03-02 02:10:51.444746+00:00,2025-03-02 09:33:17.354428+00:00
794234,9648,2025-03-02 02:10:51.444746+00:00,2025-03-02 09:33:17.354428+00:00
1276633,9648,2025-03-02 02:10:51.444746+00:00,2025-03-02 09:33:17.354428+00:00
1106732,99,2025-03-02 02:10:51.444746+00:00,2025-03-02 09:33:17.354428+00:00
949697,28,2025-03-02 09:33:17.354428+00:00,2025-03-02 09:33:17.354428+00:00
1076443,10402,2025-03-02 02:10:51.444746+00:00,2025-03-02 09:33:17.354428+00:00
848788,10402,2025-03-02 02:10:51.444746+00:00,2025-03-02 09:33:17.354428+00:00
1120459,10749,2025-03-02 02:10:51.444746+00:00,2025-03-02 09:33:17.354428+00:00
18311,10749,2025-03-02 02:10:51.444746+00:00,2025-03-02 09:33:17.354428+00:00
1716,10749,2025-03-02 02:10:51.444746+00:00,2025-03-02 09:33:17.354428+00:00
594634,10749,2025-03-02 02:10:51.444746+00:00,2025-03-02 09:33:17.354428+00:00
730047,10749,2025-03-02 02:10:51.444746+00:00,2025-03-02 09:33:17.354428+00:00
110,10749,2025-03-02 02:10:51.444746+00:00,2025-03-02 09:33:17.354428+00:00
5544,10749,2025-03-02 02:10:51.444746+00:00,2025-03-02 09:33:17.354428+00:00
37797,10751,2025-03-02 02:10:51.444746+00:00,2025-03-02 09:33:17.354428+00:00
1119211,10751,2025-03-02 02:10:51.444746+00:00,2025-03-02 09:33:17.354428+00:00
675445,12,2025-03-02 02:10:51.444746+00:00,2025-03-02 09:33:17.354428+00:00
752623,12,2025-03-02 02:10:51.444746+00:00,2025-03-02 09:33:17.354428+00:00
661681,14,2025-03-02 02:10:51.444746+00:00,2025-03-02 09:33:17.354428+00:00
568124,14,2025-03-02 02:10:51.444746+00:00,2025-03-02 09:33:17.354428+00:00
20342,14,2025-03-02 02:10:51.444746+00:00,2025-03-02 09:33:17.354428+00:00
904759,16,2025-03-02 02:10:51.444746+00:00,2025-03-02 09:33:17.354428+00:00
1244492,16,2025-03-02 02:10:51.444746+00:00,2025-03-02 09:33:17.354428+00:00
874743,16,2025-03-02 02:10:51.444746+00:00,2025-03-02 09:33:17.354428+00:00
519182,16,2025-03-02 02:10:51.444746+00:00,2025-03-02 09:33:17.354428+00:00
25656,18,2025-03-02 02:10:51.444746+00:00,2025-03-02 09:33:17.354428+00:00
1239038,18,2025-03-02 02:10:51.444746+00:00,2025-03-02 09:33:17.354428+00:00
1293338,18,2025-03-02 02:10:51.444746+00:00,2025-03-02 09:33:17.354428+00:00
1325023,18,2025-03-02 02:10:51.444746+00:00,2025-03-02 09:33:17.354428+00:00
833428,18,2025-03-02 02:10:51.444746+00:00,2025-03-02 09:33:17.354428+00:00
874476,18,2025-03-02 02:10:51.444746+00:00,2025-03-02 09:33:17.354428+00:00
7859,18,2025-03-02 02:10:51.444746+00:00,2025-03-02 09:33:17.354428+00:00
1008393,18,2025-03-02 02:10:51.444746+00:00,2025-03-02 09:33:17.354428+00:00
661935,18,2025-03-02 02:10:51.444746+00:00,2025-03-02 09:33:17.354428+00:00
987446,18,2025-03-02 02:10:51.444746+00:00,2025-03-02 09:33:17.354428+00:00
771077,18,2025-03-02 02:10:51.444746+00:00,2025-03-02 09:33:17.354428+00:00
316569,18,2025-03-02 02:10:51.444746+00:00,2025-03-02 09:33:17.354428+00:00
10995,18,2025-03-02 02:10:51.444746+00:00,2025-03-02 09:33:17.354428+00:00
996108,18,2025-03-02 02:10:51.444746+00:00,2025-03-02 09:33:17.354428+00:00
645985,18,2025-03-02 02:10:51.444746+00:00,2025-03-02 09:33:17.354428+00:00
1076535,18,2025-03-02 02:10:51.444746+00:00,2025-03-02 09:33:17.354428+00:00
941045,18,2025-03-02 02:10:51.444746+00:00,2025-03-02 09:33:17.354428+00:00
716855,18,2025-03-02 02:10:51.444746+00:00,2025-03-02 09:33:17.354428+00:00
20539,18,2025-03-02 02:10:51.444746+00:00,2025-03-02 09:33:17.354428+00:00
537867,18,2025-03-02 02:10:51.444746+00:00,2025-03-02 09:33:17.354428+00:00
4689,18,2025-03-02 02:10:51.444746+00:00,2025-03-02 09:33:17.354428+00:00
1006763,18,2025-03-02 02:10:51.444746+00:00,2025-03-02 09:33:17.354428+00:00
918044,18,2025-03-02 02:10:51.444746+00:00,2025-03-02 09:33:17.354428+00:00
804095,18,2025-03-02 02:10:51.444746+00:00,2025-03-02 09:33:17.354428+00:00
850028,18,2025-03-02 02:10:51.444746+00:00,2025-03-02 09:33:17.354428+00:00
945961,27,2025-03-02 02:10:51.444746+00:00,2025-03-02 09:33:17.354428+00:00
814889,27,2025-03-02 02:10:51.444746+00:00,2025-03-02 09:33:17.354428+00:00
1111873,27,2025-03-02 02:10:51.444746+00:00,2025-03-02 09:33:17.354428+00:00
507089,27,2025-03-02 02:10:51.444746+00:00,2025-03-02 09:33:17.354428+00:00
804616,27,2025-03-02 02:10:51.444746+00:00,2025-03-02 09:33:17.354428+00:00
882598,27,2025-03-02 02:10:51.444746+00:00,2025-03-02 09:33:17.354428+00:00
1148817,27,2025-03-02 02:10:51.444746+00:00,2025-03-02 09:33:17.354428+00:00
646385,27,2025-03-02 02:10:51.444746+00:00,2025-03-02 09:33:17.354428+00:00
1024773,27,2025-03-02 02:10:51.444746+00:00,2025-03-02 09:33:17.354428+00:00
888195,28,2025-03-02 02:10:51.444746+00:00,2025-03-02 09:33:17.354428+00:00
594767,28,2025-03-02 02:10:51.444746+00:00,2025-03-02 09:33:17.354428+00:00
519182,35,2025-03-02 02:10:51.444746+00:00,2025-03-02 09:33:17.354428+00:00
99,35,2025-03-02 02:10:51.444746+00:00,2025-03-02 09:33:17.354428+00:00
568124,35,2025-03-02 02:10:51.444746+00:00,2025-03-02 09:33:17.354428+00:00
903125,35,2025-03-02 02:10:51.444746+00:00,2025-03-02 09:33:17.354428+00:00
1040148,35,2025-03-02 02:10:51.444746+00:00,2025-03-02 09:33:17.354428+00:00
795813,35,2025-03-02 02:10:51.444746+00:00,2025-03-02 09:33:17.354428+00:00
896639,36,2025-03-02 02:10:51.444746+00:00,2025-03-02 09:33:17.354428+00:00
848788,36,2025-03-02 02:10:51.444746+00:00,2025-03-02 09:33:17.354428+00:00
1396,36,2025-03-02 02:10:51.444746+00:00,2025-03-02 09:33:17.354428+00:00
760873,53,2025-03-02 02:10:51.444746+00:00,2025-03-02 09:33:17.354428+00:00
626872,53,2025-03-02 02:10:51.444746+00:00,2025-03-02 09:33:17.354428+00:00
848298,80,2025-03-02 02:10:51.444746+00:00,2025-03-02 09:33:17.354428+00:00
536437,9648,2025-03-02 02:10:51.444746+00:00,2025-03-02 09:33:17.354428+00:00
1093453,9648,2025-03-02 02:10:51.444746+00:00,2025-03-02 09:33:17.354428+00:00
1086747,9648,2025-03-02 02:10:51.444746+00:00,2025-03-02 09:33:17.354428+00:00
667717,9648,2025-03-02 02:10:51.444746+00:00,2025-03-02 09:33:17.354428+00:00
522406,9648,2025-03-02 02:10:51.444746+00:00,2025-03-02 09:33:17.354428+00:00
1168336,99,2025-03-02 02:10:51.444746+00:00,2025-03-02 09:33:17.354428+00:00
1264344,99,2025-03-02 02:10:51.444746+00:00,2025-03-02 09:33:17.354428+00:00
960450,99,2025-03-02 02:10:51.444746+00:00,2025-03-02 09:33:17.354428+00:00
1090031,99,2025-03-02 02:10:51.444746+00:00,2025-03-02 09:33:17.354428+00:00
438695,10402,2025-03-02 02:10:51.444746+00:00,2025-03-02 09:33:17.354428+00:00
960275,10402,2025-03-02 02:10:51.444746+00:00,2025-03-02 09:33:17.354428+00:00
616670,10402,2025-03-02 02:10:51.444746+00:00,2025-03-02 09:33:17.354428+00:00
674813,10749,2025-03-02 02:10:51.444746+00:00,2025-03-02 09:33:17.354428+00:00
28468,10749,2025-03-02 02:10:51.444746+00:00,2025-03-02 09:33:17.354428+00:00
898009,10749,2025-03-02 02:10:51.444746+00:00,2025-03-02 09:33:17.354428+00:00
612491,10749,2025-03-02 02:10:51.444746+00:00,2025-03-02 09:33:17.354428+00:00
1080494,10749,2025-03-02 02:10:51.444746+00:00,2025-03-02 09:33:17.354428+00:00
796155,10749,2025-03-02 02:10:51.444746+00:00,2025-03-02 09:33:17.354428+00:00
454,10749,2025-03-02 02:10:51.444746+00:00,2025-03-02 09:33:17.354428+00:00
568124,10751,2025-03-02 02:10:51.444746+00:00,2025-03-02 09:33:17.354428+00:00
661231,10752,2025-03-02 02:10:51.444746+00:00,2025-03-02 09:33:17.354428+00:00
588921,12,2025-03-02 02:10:51.444746+00:00,2025-03-02 09:33:17.354428+00:00
695721,12,2025-03-02 02:10:51.444746+00:00,2025-03-02 09:33:17.354428+00:00
550988,12,2025-03-02 02:10:51.444746+00:00,2025-03-02 09:33:17.354428+00:00
338953,12,2025-03-02 02:10:51.444746+00:00,2025-03-02 09:33:17.354428+00:00
1303162,12,2025-03-02 02:10:51.444746+00:00,2025-03-02 09:33:17.354428+00:00
545611,12,2025-03-02 02:10:51.444746+00:00,2025-03-02 09:33:17.354428+00:00
862855,12,2025-03-02 02:10:51.444746+00:00,2025-03-02 09:33:17.354428+00:00
1167271,12,2025-03-02 02:10:51.444746+00:00,2025-03-02 09:33:17.354428+00:00
9343,12,2025-03-02 02:10:51.444746+00:00,2025-03-02 09:33:17.354428+00:00
565770,12,2025-03-02 02:10:51.444746+00:00,2025-03-02 09:33:17.354428+00:00
8392,14,2025-03-02 02:10:51.444746+00:00,2025-03-02 09:33:17.354428+00:00
876792,14,2025-03-02 02:10:51.444746+00:00,2025-03-02 09:33:17.354428+00:00
315162,14,2025-03-02 02:10:51.444746+00:00,2025-03-02 09:33:17.354428+00:00
1130053,14,2025-03-02 02:10:51.444746+00:00,2025-03-02 09:33:17.354428+00:00
1112357,16,2025-03-02 02:10:51.444746+00:00,2025-03-02 09:33:17.354428+00:00
695721,18,2025-03-02 02:10:51.444746+00:00,2025-03-02 09:33:17.354428+00:00
1167366,18,2025-03-02 02:10:51.444746+00:00,2025-03-02 09:33:17.354428+00:00
993885,18,2025-03-02 02:10:51.444746+00:00,2025-03-02 09:33:17.354428+00:00
42095,18,2025-03-02 02:10:51.444746+00:00,2025-03-02 09:33:17.354428+00:00
961410,18,2025-03-02 02:10:51.444746+00:00,2025-03-02 09:33:17.354428+00:00
660000,18,2025-03-02 02:10:51.444746+00:00,2025-03-02 09:33:17.354428+00:00
731684,18,2025-03-02 02:10:51.444746+00:00,2025-03-02 09:33:17.354428+00:00
994741,18,2025-03-02 02:10:51.444746+00:00,2025-03-02 09:33:17.354428+00:00
581390,18,2025-03-02 02:10:51.444746+00:00,2025-03-02 09:33:17.354428+00:00
654344,18,2025-03-02 02:10:51.444746+00:00,2025-03-02 09:33:17.354428+00:00
71,18,2025-03-02 02:10:51.444746+00:00,2025-03-02 09:33:17.354428+00:00
1052160,18,2025-03-02 02:10:51.444746+00:00,2025-03-02 09:33:17.354428+00:00
735409,18,2025-03-02 02:10:51.444746+00:00,2025-03-02 09:33:17.354428+00:00
1102857,18,2025-03-02 02:10:51.444746+00:00,2025-03-02 09:33:17.354428+00:00
831920,18,2025-03-02 02:10:51.444746+00:00,2025-03-02 09:33:17.354428+00:00
792775,28,2025-03-02 02:10:51.444746+00:00,2025-03-02 09:33:17.354428+00:00
1122715,28,2025-03-02 02:10:51.444746+00:00,2025-03-02 09:33:17.354428+00:00
991898,28,2025-03-02 02:10:51.444746+00:00,2025-03-02 09:33:17.354428+00:00
941132,28,2025-03-02 02:10:51.444746+00:00,2025-03-02 09:33:17.354428+00:00
999056,28,2025-03-02 02:10:51.444746+00:00,2025-03-02 09:33:17.354428+00:00
1103432,28,2025-03-02 02:10:51.444746+00:00,2025-03-02 09:33:17.354428+00:00
11010,35,2025-03-02 02:10:51.444746+00:00,2025-03-02 09:33:17.354428+00:00
629028,35,2025-03-02 02:10:51.444746+00:00,2025-03-02 09:33:17.354428+00:00
508444,35,2025-03-02 02:10:51.444746+00:00,2025-03-02 09:33:17.354428+00:00
1234591,35,2025-03-02 02:10:51.444746+00:00,2025-03-02 09:33:17.354428+00:00
589978,35,2025-03-02 02:10:51.444746+00:00,2025-03-02 09:33:17.354428+00:00
1091051,35,2025-03-02 02:10:51.444746+00:00,2025-03-02 09:33:17.354428+00:00
736500,35,2025-03-02 02:10:51.444746+00:00,2025-03-02 09:33:17.354428+00:00
566466,35,2025-03-02 02:10:51.444746+00:00,2025-03-02 09:33:17.354428+00:00
760765,35,2025-03-02 02:10:51.444746+00:00,2025-03-02 09:33:17.354428+00:00
792293,36,2025-03-02 02:10:51.444746+00:00,2025-03-02 09:33:17.354428+00:00
1032823,53,2025-03-02 02:10:51.444746+00:00,2025-03-02 09:33:17.354428+00:00
734732,53,2025-03-02 02:10:51.444746+00:00,2025-03-02 09:33:17.354428+00:00
1006724,53,2025-03-02 02:10:51.444746+00:00,2025-03-02 09:33:17.354428+00:00
1084199,53,2025-03-02 02:10:51.444746+00:00,2025-03-02 09:33:17.354428+00:00
899112,53,2025-03-02 02:10:51.444746+00:00,2025-03-02 09:33:17.354428+00:00
4043,53,2025-03-02 02:10:51.444746+00:00,2025-03-02 09:33:17.354428+00:00
1160018,53,2025-03-02 02:10:51.444746+00:00,2025-03-02 09:33:17.354428+00:00
1032823,80,2025-03-02 02:10:51.444746+00:00,2025-03-02 09:33:17.354428+00:00
1027982,80,2025-03-02 02:10:51.444746+00:00,2025-03-02 09:33:17.354428+00:00
644714,80,2025-03-02 02:10:51.444746+00:00,2025-03-02 09:33:17.354428+00:00
624860,878,2025-03-02 02:10:51.444746+00:00,2025-03-02 09:33:17.354428+00:00
670292,878,2025-03-02 02:10:51.444746+00:00,2025-03-02 09:33:17.354428+00:00
877260,9648,2025-03-02 02:10:51.444746+00:00,2025-03-02 09:33:17.354428+00:00
5279,9648,2025-03-02 02:10:51.444746+00:00,2025-03-02 09:33:17.354428+00:00
1101181,9648,2025-03-02 02:10:51.444746+00:00,2025-03-02 09:33:17.354428+00:00
1148817,9648,2025-03-02 02:10:51.444746+00:00,2025-03-02 09:33:17.354428+00:00
1317874,99,2025-03-02 02:10:51.444746+00:00,2025-03-02 09:33:17.354428+00:00
916738,99,2025-03-02 02:10:51.444746+00:00,2025-03-02 09:33:17.354428+00:00
1125053,99,2025-03-02 02:10:51.444746+00:00,2025-03-02 09:33:17.354428+00:00
1377013,99,2025-03-02 02:10:51.444746+00:00,2025-03-02 09:33:17.354428+00:00
835362,99,2025-03-02 02:10:51.444746+00:00,2025-03-02 09:33:17.354428+00:00
804868,99,2025-03-02 02:10:51.444746+00:00,2025-03-02 09:33:17.354428+00:00
1156807,99,2025-03-02 02:10:51.444746+00:00,2025-03-02 09:33:17.354428+00:00
1287324,16,2025-03-02 09:33:17.354428+00:00,2025-03-02 09:33:17.354428+00:00
1004682,99,2025-03-02 09:33:17.354428+00:00,2025-03-02 09:33:17.354428+00:00
823464,28,2025-03-02 09:33:17.354428+00:00,2025-03-02 09:33:17.354428+00:00
12444,12,2025-03-02 09:33:17.354428+00:00,2025-03-02 09:33:17.354428+00:00
219,10749,2025-03-02 02:10:51.444746+00:00,2025-03-02 09:33:17.354428+00:00
898673,10749,2025-03-02 02:10:51.444746+00:00,2025-03-02 09:33:17.354428+00:00
795813,10749,2025-03-02 02:10:51.444746+00:00,2025-03-02 09:33:17.354428+00:00
38142,10749,2025-03-02 02:10:51.444746+00:00,2025-03-02 09:33:17.354428+00:00
725133,10751,2025-03-02 02:10:51.444746+00:00,2025-03-02 09:33:17.354428+00:00
265712,10751,2025-03-02 02:10:51.444746+00:00,2025-03-02 09:33:17.354428+00:00
1027944,10751,2025-03-02 02:10:51.444746+00:00,2025-03-02 09:33:17.354428+00:00
567811,10751,2025-03-02 02:10:51.444746+00:00,2025-03-02 09:33:17.354428+00:00
1153325,10752,2025-03-02 02:10:51.444746+00:00,2025-03-02 09:33:17.354428+00:00
2143,10752,2025-03-02 02:10:51.444746+00:00,2025-03-02 09:33:17.354428+00:00
12254,10770,2025-03-02 02:10:51.444746+00:00,2025-03-02 09:33:17.354428+00:00
81,12,2025-03-02 02:10:51.444746+00:00,2025-03-02 09:33:17.354428+00:00
160642,12,2025-03-02 02:10:51.444746+00:00,2025-03-02 09:33:17.354428+00:00
524434,12,2025-03-02 02:10:51.444746+00:00,2025-03-02 09:33:17.354428+00:00
10515,12,2025-03-02 02:10:51.444746+00:00,2025-03-02 09:33:17.354428+00:00
335977,12,2025-03-02 02:10:51.444746+00:00,2025-03-02 09:33:17.354428+00:00
739405,12,2025-03-02 02:10:51.444746+00:00,2025-03-02 09:33:17.354428+00:00
120811,12,2025-03-02 02:10:51.444746+00:00,2025-03-02 09:33:17.354428+00:00
556694,14,2025-03-02 02:10:51.444746+00:00,2025-03-02 09:33:17.354428+00:00
1087822,14,2025-03-02 02:10:51.444746+00:00,2025-03-02 09:33:17.354428+00:00
949000,16,2025-03-02 02:10:51.444746+00:00,2025-03-02 09:33:17.354428+00:00
798544,16,2025-03-02 02:10:51.444746+00:00,2025-03-02 09:33:17.354428+00:00
588921,16,2025-03-02 02:10:51.444746+00:00,2025-03-02 09:33:17.354428+00:00
1046090,18,2025-03-02 02:10:51.444746+00:00,2025-03-02 09:33:17.354428+00:00
887870,18,2025-03-02 02:10:51.444746+00:00,2025-03-02 09:33:17.354428+00:00
1276849,18,2025-03-02 02:10:51.444746+00:00,2025-03-02 09:33:17.354428+00:00
827887,18,2025-03-02 02:10:51.444746+00:00,2025-03-02 09:33:17.354428+00:00
1600,18,2025-03-02 02:10:51.444746+00:00,2025-03-02 09:33:17.354428+00:00
757999,18,2025-03-02 02:10:51.444746+00:00,2025-03-02 09:33:17.354428+00:00
923344,18,2025-03-02 02:10:51.444746+00:00,2025-03-02 09:33:17.354428+00:00
40650,18,2025-03-02 02:10:51.444746+00:00,2025-03-02 09:33:17.354428+00:00
517731,18,2025-03-02 02:10:51.444746+00:00,2025-03-02 09:33:17.354428+00:00
975681,18,2025-03-02 02:10:51.444746+00:00,2025-03-02 09:33:17.354428+00:00
735726,18,2025-03-02 02:10:51.444746+00:00,2025-03-02 09:33:17.354428+00:00
1017163,18,2025-03-02 02:10:51.444746+00:00,2025-03-02 09:33:17.354428+00:00
876797,18,2025-03-02 02:10:51.444746+00:00,2025-03-02 09:33:17.354428+00:00
783111,18,2025-03-02 02:10:51.444746+00:00,2025-03-02 09:33:17.354428+00:00
74107,18,2025-03-02 02:10:51.444746+00:00,2025-03-02 09:33:17.354428+00:00
103875,18,2025-03-02 02:10:51.444746+00:00,2025-03-02 09:33:17.354428+00:00
890771,18,2025-03-02 02:10:51.444746+00:00,2025-03-02 09:33:17.354428+00:00
782936,27,2025-03-02 02:10:51.444746+00:00,2025-03-02 09:33:17.354428+00:00
949697,27,2025-03-02 02:10:51.444746+00:00,2025-03-02 09:33:17.354428+00:00
1241429,27,2025-03-02 02:10:51.444746+00:00,2025-03-02 09:33:17.354428+00:00
899112,28,2025-03-02 02:10:51.444746+00:00,2025-03-02 09:33:17.354428+00:00
1059572,28,2025-03-02 02:10:51.444746+00:00,2025-03-02 09:33:17.354428+00:00
1238576,35,2025-03-02 02:10:51.444746+00:00,2025-03-02 09:33:17.354428+00:00
648579,35,2025-03-02 02:10:51.444746+00:00,2025-03-02 09:33:17.354428+00:00
1029486,35,2025-03-02 02:10:51.444746+00:00,2025-03-02 09:33:17.354428+00:00
939243,35,2025-03-02 02:10:51.444746+00:00,2025-03-02 09:33:17.354428+00:00
821661,35,2025-03-02 02:10:51.444746+00:00,2025-03-02 09:33:17.354428+00:00
865498,35,2025-03-02 02:10:51.444746+00:00,2025-03-02 09:33:17.354428+00:00
1136690,35,2025-03-02 02:10:51.444746+00:00,2025-03-02 09:33:17.354428+00:00
110852,35,2025-03-02 02:10:51.444746+00:00,2025-03-02 09:33:17.354428+00:00
826218,35,2025-03-02 02:10:51.444746+00:00,2025-03-02 09:33:17.354428+00:00
804593,35,2025-03-02 02:10:51.444746+00:00,2025-03-02 09:33:17.354428+00:00
851798,35,2025-03-02 02:10:51.444746+00:00,2025-03-02 09:33:17.354428+00:00
990326,35,2025-03-02 02:10:51.444746+00:00,2025-03-02 09:33:17.354428+00:00
5544,36,2025-03-02 02:10:51.444746+00:00,2025-03-02 09:33:17.354428+00:00
921,36,2025-03-02 02:10:51.444746+00:00,2025-03-02 09:33:17.354428+00:00
844398,53,2025-03-02 02:10:51.444746+00:00,2025-03-02 09:33:17.354428+00:00
946706,53,2025-03-02 02:10:51.444746+00:00,2025-03-02 09:33:17.354428+00:00
68477,53,2025-03-02 02:10:51.444746+00:00,2025-03-02 09:33:17.354428+00:00
205464,80,2025-03-02 02:10:51.444746+00:00,2025-03-02 09:33:17.354428+00:00
848123,80,2025-03-02 02:10:51.444746+00:00,2025-03-02 09:33:17.354428+00:00
880156,80,2025-03-02 02:10:51.444746+00:00,2025-03-02 09:33:17.354428+00:00
729854,878,2025-03-02 02:10:51.444746+00:00,2025-03-02 09:33:17.354428+00:00
460458,878,2025-03-02 02:10:51.444746+00:00,2025-03-02 09:33:17.354428+00:00
942881,9648,2025-03-02 02:10:51.444746+00:00,2025-03-02 09:33:17.354428+00:00
634595,9648,2025-03-02 02:10:51.444746+00:00,2025-03-02 09:33:17.354428+00:00
1166425,99,2025-03-02 02:10:51.444746+00:00,2025-03-02 09:33:17.354428+00:00
1005979,99,2025-03-02 02:10:51.444746+00:00,2025-03-02 09:33:17.354428+00:00
1038198,99,2025-03-02 02:10:51.444746+00:00,2025-03-02 09:33:17.354428+00:00
1038198,10402,2025-03-02 02:10:51.444746+00:00,2025-03-02 09:33:17.354428+00:00
802219,10402,2025-03-02 02:10:51.444746+00:00,2025-03-02 09:33:17.354428+00:00
887870,10402,2025-03-02 02:10:51.444746+00:00,2025-03-02 09:33:17.354428+00:00
1134409,10749,2025-03-02 02:10:51.444746+00:00,2025-03-02 09:33:17.354428+00:00
993782,10749,2025-03-02 02:10:51.444746+00:00,2025-03-02 09:33:17.354428+00:00
769802,10751,2025-03-02 02:10:51.444746+00:00,2025-03-02 09:33:17.354428+00:00
987446,10751,2025-03-02 02:10:51.444746+00:00,2025-03-02 09:33:17.354428+00:00
676727,10751,2025-03-02 02:10:51.444746+00:00,2025-03-02 09:33:17.354428+00:00
787699,10751,2025-03-02 02:10:51.444746+00:00,2025-03-02 09:33:17.354428+00:00
502356,10751,2025-03-02 02:10:51.444746+00:00,2025-03-02 09:33:17.354428+00:00
423,10752,2025-03-02 02:10:51.444746+00:00,2025-03-02 09:33:17.354428+00:00
1022789,12,2025-03-02 02:10:51.444746+00:00,2025-03-02 09:33:17.354428+00:00
619803,12,2025-03-02 02:10:51.444746+00:00,2025-03-02 09:33:17.354428+00:00
762509,12,2025-03-02 02:10:51.444746+00:00,2025-03-02 09:33:17.354428+00:00
836225,14,2025-03-02 02:10:51.444746+00:00,2025-03-02 09:33:17.354428+00:00
763539,14,2025-03-02 02:10:51.444746+00:00,2025-03-02 09:33:17.354428+00:00
874745,16,2025-03-02 02:10:51.444746+00:00,2025-03-02 09:33:17.354428+00:00
937287,18,2025-03-02 02:10:51.444746+00:00,2025-03-02 09:33:17.354428+00:00
542178,18,2025-03-02 02:10:51.444746+00:00,2025-03-02 09:33:17.354428+00:00
1267665,18,2025-03-02 02:10:51.444746+00:00,2025-03-02 09:33:17.354428+00:00
1119211,18,2025-03-02 02:10:51.444746+00:00,2025-03-02 09:33:17.354428+00:00
616020,18,2025-03-02 02:10:51.444746+00:00,2025-03-02 09:33:17.354428+00:00
659959,18,2025-03-02 02:10:51.444746+00:00,2025-03-02 09:33:17.354428+00:00
1028684,18,2025-03-02 02:10:51.444746+00:00,2025-03-02 09:33:17.354428+00:00
844,18,2025-03-02 02:10:51.444746+00:00,2025-03-02 09:33:17.354428+00:00
676727,18,2025-03-02 02:10:51.444746+00:00,2025-03-02 09:33:17.354428+00:00
773910,18,2025-03-02 02:10:51.444746+00:00,2025-03-02 09:33:17.354428+00:00
579496,18,2025-03-02 02:10:51.444746+00:00,2025-03-02 09:33:17.354428+00:00
15859,18,2025-03-02 02:10:51.444746+00:00,2025-03-02 09:33:17.354428+00:00
1088514,18,2025-03-02 02:10:51.444746+00:00,2025-03-02 09:33:17.354428+00:00
854006,18,2025-03-02 02:10:51.444746+00:00,2025-03-02 09:33:17.354428+00:00
345,18,2025-03-02 02:10:51.444746+00:00,2025-03-02 09:33:17.354428+00:00
768362,18,2025-03-02 02:10:51.444746+00:00,2025-03-02 09:33:17.354428+00:00
696157,18,2025-03-02 02:10:51.444746+00:00,2025-03-02 09:33:17.354428+00:00
104,18,2025-03-02 02:10:51.444746+00:00,2025-03-02 09:33:17.354428+00:00
912632,18,2025-03-02 02:10:51.444746+00:00,2025-03-02 09:33:17.354428+00:00
803688,18,2025-03-02 02:10:51.444746+00:00,2025-03-02 09:33:17.354428+00:00
1108450,18,2025-03-02 02:10:51.444746+00:00,2025-03-02 09:33:17.354428+00:00
1061648,18,2025-03-02 02:10:51.444746+00:00,2025-03-02 09:33:17.354428+00:00
1333099,18,2025-03-02 02:10:51.444746+00:00,2025-03-02 09:33:17.354428+00:00
734732,27,2025-03-02 02:10:51.444746+00:00,2025-03-02 09:33:17.354428+00:00
1113278,27,2025-03-02 02:10:51.444746+00:00,2025-03-02 09:33:17.354428+00:00
844398,27,2025-03-02 02:10:51.444746+00:00,2025-03-02 09:33:17.354428+00:00
1219522,27,2025-03-02 02:10:51.444746+00:00,2025-03-02 09:33:17.354428+00:00
1011873,27,2025-03-02 02:10:51.444746+00:00,2025-03-02 09:33:17.354428+00:00
930478,27,2025-03-02 02:10:51.444746+00:00,2025-03-02 09:33:17.354428+00:00
717712,27,2025-03-02 02:10:51.444746+00:00,2025-03-02 09:33:17.354428+00:00
772148,27,2025-03-02 02:10:51.444746+00:00,2025-03-02 09:33:17.354428+00:00
842607,28,2025-03-02 02:10:51.444746+00:00,2025-03-02 09:33:17.354428+00:00
1172012,28,2025-03-02 02:10:51.444746+00:00,2025-03-02 09:33:17.354428+00:00
513692,28,2025-03-02 02:10:51.444746+00:00,2025-03-02 09:33:17.354428+00:00
634528,28,2025-03-02 02:10:51.444746+00:00,2025-03-02 09:33:17.354428+00:00
646389,28,2025-03-02 02:10:51.444746+00:00,2025-03-02 09:33:17.354428+00:00
758009,35,2025-03-02 02:10:51.444746+00:00,2025-03-02 09:33:17.354428+00:00
1223178,35,2025-03-02 02:10:51.444746+00:00,2025-03-02 09:33:17.354428+00:00
893723,35,2025-03-02 02:10:51.444746+00:00,2025-03-02 09:33:17.354428+00:00
838876,35,2025-03-02 02:10:51.444746+00:00,2025-03-02 09:33:17.354428+00:00
821153,35,2025-03-02 02:10:51.444746+00:00,2025-03-02 09:33:17.354428+00:00
11621,35,2025-03-02 02:10:51.444746+00:00,2025-03-02 09:33:17.354428+00:00
792293,35,2025-03-02 02:10:51.444746+00:00,2025-03-02 09:33:17.354428+00:00
1240834,35,2025-03-02 02:10:51.444746+00:00,2025-03-02 09:33:17.354428+00:00
11830,35,2025-03-02 02:10:51.444746+00:00,2025-03-02 09:33:17.354428+00:00
1226406,35,2025-03-02 02:10:51.444746+00:00,2025-03-02 09:33:17.354428+00:00
660360,36,2025-03-02 02:10:51.444746+00:00,2025-03-02 09:33:17.354428+00:00
454527,36,2025-03-02 02:10:51.444746+00:00,2025-03-02 09:33:17.354428+00:00
746,36,2025-03-02 02:10:51.444746+00:00,2025-03-02 09:33:17.354428+00:00
573787,36,2025-03-02 02:10:51.444746+00:00,2025-03-02 09:33:17.354428+00:00
910365,36,2025-03-02 02:10:51.444746+00:00,2025-03-02 09:33:17.354428+00:00
745881,53,2025-03-02 02:10:51.444746+00:00,2025-03-02 09:33:17.354428+00:00
823625,53,2025-03-02 02:10:51.444746+00:00,2025-03-02 09:33:17.354428+00:00
774548,53,2025-03-02 02:10:51.444746+00:00,2025-03-02 09:33:17.354428+00:00
582,53,2025-03-02 02:10:51.444746+00:00,2025-03-02 09:33:17.354428+00:00
1188456,53,2025-03-02 02:10:51.444746+00:00,2025-03-02 09:33:17.354428+00:00
934433,53,2025-03-02 02:10:51.444746+00:00,2025-03-02 09:33:17.354428+00:00
952476,53,2025-03-02 02:10:51.444746+00:00,2025-03-02 09:33:17.354428+00:00
1167271,53,2025-03-02 02:10:51.444746+00:00,2025-03-02 09:33:17.354428+00:00
995387,53,2025-03-02 02:10:51.444746+00:00,2025-03-02 09:33:17.354428+00:00
1137142,80,2025-03-02 02:10:51.444746+00:00,2025-03-02 09:33:17.354428+00:00
763285,80,2025-03-02 02:10:51.444746+00:00,2025-03-02 09:33:17.354428+00:00
42011,80,2025-03-02 02:10:51.444746+00:00,2025-03-02 09:33:17.354428+00:00
1170696,878,2025-03-02 02:10:51.444746+00:00,2025-03-02 09:33:17.354428+00:00
804725,9648,2025-03-02 02:10:51.444746+00:00,2025-03-02 09:33:17.354428+00:00
130023,9648,2025-03-02 02:10:51.444746+00:00,2025-03-02 09:33:17.354428+00:00
682109,99,2025-03-02 02:10:51.444746+00:00,2025-03-02 09:33:17.354428+00:00
1303236,80,2025-03-02 09:33:17.354428+00:00,2025-03-02 09:33:17.354428+00:00
817758,10402,2025-03-02 02:10:51.444746+00:00,2025-03-02 09:33:17.354428+00:00
1189165,10402,2025-03-02 02:10:51.444746+00:00,2025-03-02 09:33:17.354428+00:00
953233,10749,2025-03-02 02:10:51.444746+00:00,2025-03-02 09:33:17.354428+00:00
478376,10749,2025-03-02 02:10:51.444746+00:00,2025-03-02 09:33:17.354428+00:00
1325023,10749,2025-03-02 02:10:51.444746+00:00,2025-03-02 09:33:17.354428+00:00
778855,10751,2025-03-02 02:10:51.444746+00:00,2025-03-02 09:33:17.354428+00:00
1106904,10751,2025-03-02 02:10:51.444746+00:00,2025-03-02 09:33:17.354428+00:00
830784,10751,2025-03-02 02:10:51.444746+00:00,2025-03-02 09:33:17.354428+00:00
819163,10751,2025-03-02 02:10:51.444746+00:00,2025-03-02 09:33:17.354428+00:00
660360,10752,2025-03-02 02:10:51.444746+00:00,2025-03-02 09:33:17.354428+00:00
899524,10752,2025-03-02 02:10:51.444746+00:00,2025-03-02 09:33:17.354428+00:00
937746,12,2025-03-02 02:10:51.444746+00:00,2025-03-02 09:33:17.354428+00:00
315162,12,2025-03-02 02:10:51.444746+00:00,2025-03-02 09:33:17.354428+00:00
1333099,14,2025-03-02 02:10:51.444746+00:00,2025-03-02 09:33:17.354428+00:00
923579,14,2025-03-02 02:10:51.444746+00:00,2025-03-02 09:33:17.354428+00:00
718789,16,2025-03-02 02:10:51.444746+00:00,2025-03-02 09:33:17.354428+00:00
925725,16,2025-03-02 02:10:51.444746+00:00,2025-03-02 09:33:17.354428+00:00
970867,16,2025-03-02 02:10:51.444746+00:00,2025-03-02 09:33:17.354428+00:00
1078920,18,2025-03-02 02:10:51.444746+00:00,2025-03-02 09:33:17.354428+00:00
2143,18,2025-03-02 02:10:51.444746+00:00,2025-03-02 09:33:17.354428+00:00
936117,18,2025-03-02 02:10:51.444746+00:00,2025-03-02 09:33:17.354428+00:00
666277,18,2025-03-02 02:10:51.444746+00:00,2025-03-02 09:33:17.354428+00:00
916405,18,2025-03-02 02:10:51.444746+00:00,2025-03-02 09:33:17.354428+00:00
963765,18,2025-03-02 02:10:51.444746+00:00,2025-03-02 09:33:17.354428+00:00
1094482,18,2025-03-02 02:10:51.444746+00:00,2025-03-02 09:33:17.354428+00:00
896499,18,2025-03-02 02:10:51.444746+00:00,2025-03-02 09:33:17.354428+00:00
1074174,18,2025-03-02 02:10:51.444746+00:00,2025-03-02 09:33:17.354428+00:00
1224993,18,2025-03-02 02:10:51.444746+00:00,2025-03-02 09:33:17.354428+00:00
42190,18,2025-03-02 02:10:51.444746+00:00,2025-03-02 09:33:17.354428+00:00
85927,18,2025-03-02 02:10:51.444746+00:00,2025-03-02 09:33:17.354428+00:00
38368,18,2025-03-02 02:10:51.444746+00:00,2025-03-02 09:33:17.354428+00:00
152584,18,2025-03-02 02:10:51.444746+00:00,2025-03-02 09:33:17.354428+00:00
5279,18,2025-03-02 02:10:51.444746+00:00,2025-03-02 09:33:17.354428+00:00
931885,18,2025-03-02 02:10:51.444746+00:00,2025-03-02 09:33:17.354428+00:00
390,18,2025-03-02 02:10:51.444746+00:00,2025-03-02 09:33:17.354428+00:00
261832,18,2025-03-02 02:10:51.444746+00:00,2025-03-02 09:33:17.354428+00:00
1076011,18,2025-03-02 02:10:51.444746+00:00,2025-03-02 09:33:17.354428+00:00
18148,18,2025-03-02 02:10:51.444746+00:00,2025-03-02 09:33:17.354428+00:00
837881,18,2025-03-02 02:10:51.444746+00:00,2025-03-02 09:33:17.354428+00:00
958017,18,2025-03-02 02:10:51.444746+00:00,2025-03-02 09:33:17.354428+00:00
1276633,18,2025-03-02 02:10:51.444746+00:00,2025-03-02 09:33:17.354428+00:00
1234593,18,2025-03-02 02:10:51.444746+00:00,2025-03-02 09:33:17.354428+00:00
921436,18,2025-03-02 02:10:51.444746+00:00,2025-03-02 09:33:17.354428+00:00
663712,27,2025-03-02 02:10:51.444746+00:00,2025-03-02 09:33:17.354428+00:00
977013,27,2025-03-02 02:10:51.444746+00:00,2025-03-02 09:33:17.354428+00:00
759524,27,2025-03-02 02:10:51.444746+00:00,2025-03-02 09:33:17.354428+00:00
477462,27,2025-03-02 02:10:51.444746+00:00,2025-03-02 09:33:17.354428+00:00
1087388,27,2025-03-02 02:10:51.444746+00:00,2025-03-02 09:33:17.354428+00:00
879689,27,2025-03-02 02:10:51.444746+00:00,2025-03-02 09:33:17.354428+00:00
718821,28,2025-03-02 02:10:51.444746+00:00,2025-03-02 09:33:17.354428+00:00
628878,28,2025-03-02 02:10:51.444746+00:00,2025-03-02 09:33:17.354428+00:00
655302,28,2025-03-02 02:10:51.444746+00:00,2025-03-02 09:33:17.354428+00:00
1078810,35,2025-03-02 02:10:51.444746+00:00,2025-03-02 09:33:17.354428+00:00
831920,35,2025-03-02 02:10:51.444746+00:00,2025-03-02 09:33:17.354428+00:00
717712,35,2025-03-02 02:10:51.444746+00:00,2025-03-02 09:33:17.354428+00:00
29264,35,2025-03-02 02:10:51.444746+00:00,2025-03-02 09:33:17.354428+00:00
1279788,35,2025-03-02 02:10:51.444746+00:00,2025-03-02 09:33:17.354428+00:00
585245,35,2025-03-02 02:10:51.444746+00:00,2025-03-02 09:33:17.354428+00:00
1072790,35,2025-03-02 02:10:51.444746+00:00,2025-03-02 09:33:17.354428+00:00
1268198,35,2025-03-02 02:10:51.444746+00:00,2025-03-02 09:33:17.354428+00:00
1022108,35,2025-03-02 02:10:51.444746+00:00,2025-03-02 09:33:17.354428+00:00
995063,35,2025-03-02 02:10:51.444746+00:00,2025-03-02 09:33:17.354428+00:00
579496,36,2025-03-02 02:10:51.444746+00:00,2025-03-02 09:33:17.354428+00:00
15383,53,2025-03-02 02:10:51.444746+00:00,2025-03-02 09:33:17.354428+00:00
789171,53,2025-03-02 02:10:51.444746+00:00,2025-03-02 09:33:17.354428+00:00
610251,53,2025-03-02 02:10:51.444746+00:00,2025-03-02 09:33:17.354428+00:00
879689,53,2025-03-02 02:10:51.444746+00:00,2025-03-02 09:33:17.354428+00:00
818192,53,2025-03-02 02:10:51.444746+00:00,2025-03-02 09:33:17.354428+00:00
948184,53,2025-03-02 02:10:51.444746+00:00,2025-03-02 09:33:17.354428+00:00
1035806,80,2025-03-02 02:10:51.444746+00:00,2025-03-02 09:33:17.354428+00:00
865910,80,2025-03-02 02:10:51.444746+00:00,2025-03-02 09:33:17.354428+00:00
1231785,80,2025-03-02 02:10:51.444746+00:00,2025-03-02 09:33:17.354428+00:00
819876,878,2025-03-02 02:10:51.444746+00:00,2025-03-02 09:33:17.354428+00:00
942199,878,2025-03-02 02:10:51.444746+00:00,2025-03-02 09:33:17.354428+00:00
901410,9648,2025-03-02 02:10:51.444746+00:00,2025-03-02 09:33:17.354428+00:00
1229076,9648,2025-03-02 02:10:51.444746+00:00,2025-03-02 09:33:17.354428+00:00
204702,9648,2025-03-02 02:10:51.444746+00:00,2025-03-02 09:33:17.354428+00:00
977013,9648,2025-03-02 02:10:51.444746+00:00,2025-03-02 09:33:17.354428+00:00
1017006,99,2025-03-02 02:10:51.444746+00:00,2025-03-02 09:33:17.354428+00:00
137686,99,2025-03-02 02:10:51.444746+00:00,2025-03-02 09:33:17.354428+00:00
1311577,99,2025-03-02 02:10:51.444746+00:00,2025-03-02 09:33:17.354428+00:00
900843,99,2025-03-02 02:10:51.444746+00:00,2025-03-02 09:33:17.354428+00:00
952083,35,2025-03-02 09:33:17.354428+00:00,2025-03-02 09:33:17.354428+00:00
848538,53,2025-03-02 09:33:17.354428+00:00,2025-03-02 09:33:17.354428+00:00
1274238,10402,2025-03-02 02:10:51.444746+00:00,2025-03-02 09:33:17.354428+00:00
1361488,10402,2025-03-02 02:10:51.444746+00:00,2025-03-02 09:33:17.354428+00:00
712134,10749,2025-03-02 02:10:51.444746+00:00,2025-03-02 09:33:17.354428+00:00
1136690,10749,2025-03-02 02:10:51.444746+00:00,2025-03-02 09:33:17.354428+00:00
969441,10749,2025-03-02 02:10:51.444746+00:00,2025-03-02 09:33:17.354428+00:00
660000,10749,2025-03-02 02:10:51.444746+00:00,2025-03-02 09:33:17.354428+00:00
907,10749,2025-03-02 02:10:51.444746+00:00,2025-03-02 09:33:17.354428+00:00
508883,10751,2025-03-02 02:10:51.444746+00:00,2025-03-02 09:33:17.354428+00:00
760758,10751,2025-03-02 02:10:51.444746+00:00,2025-03-02 09:33:17.354428+00:00
979688,10751,2025-03-02 02:10:51.444746+00:00,2025-03-02 09:33:17.354428+00:00
1074034,10752,2025-03-02 02:10:51.444746+00:00,2025-03-02 09:33:17.354428+00:00
929590,10752,2025-03-02 02:10:51.444746+00:00,2025-03-02 09:33:17.354428+00:00
940551,12,2025-03-02 02:10:51.444746+00:00,2025-03-02 09:33:17.354428+00:00
1069813,12,2025-03-02 02:10:51.444746+00:00,2025-03-02 09:33:17.354428+00:00
18860,12,2025-03-02 02:10:51.444746+00:00,2025-03-02 09:33:17.354428+00:00
912908,12,2025-03-02 02:10:51.444746+00:00,2025-03-02 09:33:17.354428+00:00
1235022,14,2025-03-02 02:10:51.444746+00:00,2025-03-02 09:33:17.354428+00:00
245842,14,2025-03-02 02:10:51.444746+00:00,2025-03-02 09:33:17.354428+00:00
1148677,14,2025-03-02 02:10:51.444746+00:00,2025-03-02 09:33:17.354428+00:00
601796,14,2025-03-02 02:10:51.444746+00:00,2025-03-02 09:33:17.354428+00:00
823482,14,2025-03-02 02:10:51.444746+00:00,2025-03-02 09:33:17.354428+00:00
508883,14,2025-03-02 02:10:51.444746+00:00,2025-03-02 09:33:17.354428+00:00
1279788,16,2025-03-02 02:10:51.444746+00:00,2025-03-02 09:33:17.354428+00:00
572154,16,2025-03-02 02:10:51.444746+00:00,2025-03-02 09:33:17.354428+00:00
676685,16,2025-03-02 02:10:51.444746+00:00,2025-03-02 09:33:17.354428+00:00
872556,18,2025-03-02 02:10:51.444746+00:00,2025-03-02 09:33:17.354428+00:00
814174,18,2025-03-02 02:10:51.444746+00:00,2025-03-02 09:33:17.354428+00:00
957996,18,2025-03-02 02:10:51.444746+00:00,2025-03-02 09:33:17.354428+00:00
1005251,18,2025-03-02 02:10:51.444746+00:00,2025-03-02 09:33:17.354428+00:00
402431,18,2025-03-02 02:10:51.444746+00:00,2025-03-02 09:33:17.354428+00:00
672208,18,2025-03-02 02:10:51.444746+00:00,2025-03-02 09:33:17.354428+00:00
970348,18,2025-03-02 02:10:51.444746+00:00,2025-03-02 09:33:17.354428+00:00
1240834,18,2025-03-02 02:10:51.444746+00:00,2025-03-02 09:33:17.354428+00:00
975817,18,2025-03-02 02:10:51.444746+00:00,2025-03-02 09:33:17.354428+00:00
828948,18,2025-03-02 02:10:51.444746+00:00,2025-03-02 09:33:17.354428+00:00
997777,18,2025-03-02 02:10:51.444746+00:00,2025-03-02 09:33:17.354428+00:00
799766,18,2025-03-02 02:10:51.444746+00:00,2025-03-02 09:33:17.354428+00:00
1184505,18,2025-03-02 02:10:51.444746+00:00,2025-03-02 09:33:17.354428+00:00
919207,18,2025-03-02 02:10:51.444746+00:00,2025-03-02 09:33:17.354428+00:00
925786,18,2025-03-02 02:10:51.444746+00:00,2025-03-02 09:33:17.354428+00:00
110852,18,2025-03-02 02:10:51.444746+00:00,2025-03-02 09:33:17.354428+00:00
662402,18,2025-03-02 02:10:51.444746+00:00,2025-03-02 09:33:17.354428+00:00
649394,18,2025-03-02 02:10:51.444746+00:00,2025-03-02 09:33:17.354428+00:00
514880,18,2025-03-02 02:10:51.444746+00:00,2025-03-02 09:33:17.354428+00:00
766798,18,2025-03-02 02:10:51.444746+00:00,2025-03-02 09:33:17.354428+00:00
1369566,27,2025-03-02 02:10:51.444746+00:00,2025-03-02 09:33:17.354428+00:00
1140535,27,2025-03-02 02:10:51.444746+00:00,2025-03-02 09:33:17.354428+00:00
877260,27,2025-03-02 02:10:51.444746+00:00,2025-03-02 09:33:17.354428+00:00
482373,27,2025-03-02 02:10:51.444746+00:00,2025-03-02 09:33:17.354428+00:00
1063814,28,2025-03-02 02:10:51.444746+00:00,2025-03-02 09:33:17.354428+00:00
1089,28,2025-03-02 02:10:51.444746+00:00,2025-03-02 09:33:17.354428+00:00
864116,28,2025-03-02 02:10:51.444746+00:00,2025-03-02 09:33:17.354428+00:00
866398,28,2025-03-02 02:10:51.444746+00:00,2025-03-02 09:33:17.354428+00:00
893723,28,2025-03-02 02:10:51.444746+00:00,2025-03-02 09:33:17.354428+00:00
960139,35,2025-03-02 02:10:51.444746+00:00,2025-03-02 09:33:17.354428+00:00
955666,35,2025-03-02 02:10:51.444746+00:00,2025-03-02 09:33:17.354428+00:00
38405,35,2025-03-02 02:10:51.444746+00:00,2025-03-02 09:33:17.354428+00:00
493529,35,2025-03-02 02:10:51.444746+00:00,2025-03-02 09:33:17.354428+00:00
748787,36,2025-03-02 02:10:51.444746+00:00,2025-03-02 09:33:17.354428+00:00
903125,36,2025-03-02 02:10:51.444746+00:00,2025-03-02 09:33:17.354428+00:00
610251,36,2025-03-02 02:10:51.444746+00:00,2025-03-02 09:33:17.354428+00:00
296271,53,2025-03-02 02:10:51.444746+00:00,2025-03-02 09:33:17.354428+00:00
801271,53,2025-03-02 02:10:51.444746+00:00,2025-03-02 09:33:17.354428+00:00
522016,53,2025-03-02 02:10:51.444746+00:00,2025-03-02 09:33:17.354428+00:00
882569,53,2025-03-02 02:10:51.444746+00:00,2025-03-02 09:33:17.354428+00:00
1235431,53,2025-03-02 02:10:51.444746+00:00,2025-03-02 09:33:17.354428+00:00
1018,53,2025-03-02 02:10:51.444746+00:00,2025-03-02 09:33:17.354428+00:00
835975,80,2025-03-02 02:10:51.444746+00:00,2025-03-02 09:33:17.354428+00:00
942953,80,2025-03-02 02:10:51.444746+00:00,2025-03-02 09:33:17.354428+00:00
1007962,80,2025-03-02 02:10:51.444746+00:00,2025-03-02 09:33:17.354428+00:00
296271,878,2025-03-02 02:10:51.444746+00:00,2025-03-02 09:33:17.354428+00:00
575072,878,2025-03-02 02:10:51.444746+00:00,2025-03-02 09:33:17.354428+00:00
634649,878,2025-03-02 02:10:51.444746+00:00,2025-03-02 09:33:17.354428+00:00
610150,878,2025-03-02 02:10:51.444746+00:00,2025-03-02 09:33:17.354428+00:00
1030587,878,2025-03-02 02:10:51.444746+00:00,2025-03-02 09:33:17.354428+00:00
109,9648,2025-03-02 02:10:51.444746+00:00,2025-03-02 09:33:17.354428+00:00
1019661,9648,2025-03-02 02:10:51.444746+00:00,2025-03-02 09:33:17.354428+00:00
806128,9648,2025-03-02 02:10:51.444746+00:00,2025-03-02 09:33:17.354428+00:00
17111,9648,2025-03-02 02:10:51.444746+00:00,2025-03-02 09:33:17.354428+00:00
1341782,99,2025-03-02 02:10:51.444746+00:00,2025-03-02 09:33:17.354428+00:00
396194,99,2025-03-02 02:10:51.444746+00:00,2025-03-02 09:33:17.354428+00:00
1153451,99,2025-03-02 02:10:51.444746+00:00,2025-03-02 09:33:17.354428+00:00
137686,99,2025-03-02 02:10:51.444746+00:00,2025-03-02 09:33:17.354428+00:00
764425,99,2025-03-02 02:10:51.444746+00:00,2025-03-02 09:33:17.354428+00:00
810406,10402,2025-03-02 02:10:51.444746+00:00,2025-03-02 09:33:17.354428+00:00
632632,10402,2025-03-02 02:10:51.444746+00:00,2025-03-02 09:33:17.354428+00:00
809733,10749,2025-03-02 02:10:51.444746+00:00,2025-03-02 09:33:17.354428+00:00
827689,10749,2025-03-02 02:10:51.444746+00:00,2025-03-02 09:33:17.354428+00:00
519182,10751,2025-03-02 02:10:51.444746+00:00,2025-03-02 09:33:17.354428+00:00
955644,10751,2025-03-02 02:10:51.444746+00:00,2025-03-02 09:33:17.354428+00:00
25050,10751,2025-03-02 02:10:51.444746+00:00,2025-03-02 09:33:17.354428+00:00
482321,10751,2025-03-02 02:10:51.444746+00:00,2025-03-02 09:33:17.354428+00:00
1241476,10751,2025-03-02 02:10:51.444746+00:00,2025-03-02 09:33:17.354428+00:00
944194,10752,2025-03-02 02:10:51.444746+00:00,2025-03-02 09:33:17.354428+00:00
1186850,10770,2025-03-02 02:10:51.444746+00:00,2025-03-02 09:33:17.354428+00:00
566525,12,2025-03-02 02:10:51.444746+00:00,2025-03-02 09:33:17.354428+00:00
4935,12,2025-03-02 02:10:51.444746+00:00,2025-03-02 09:33:17.354428+00:00
11621,12,2025-03-02 02:10:51.444746+00:00,2025-03-02 09:33:17.354428+00:00
725133,12,2025-03-02 02:10:51.444746+00:00,2025-03-02 09:33:17.354428+00:00
569094,12,2025-03-02 02:10:51.444746+00:00,2025-03-02 09:33:17.354428+00:00
646389,12,2025-03-02 02:10:51.444746+00:00,2025-03-02 09:33:17.354428+00:00
10515,14,2025-03-02 02:10:51.444746+00:00,2025-03-02 09:33:17.354428+00:00
901362,14,2025-03-02 02:10:51.444746+00:00,2025-03-02 09:33:17.354428+00:00
1240834,14,2025-03-02 02:10:51.444746+00:00,2025-03-02 09:33:17.354428+00:00
642538,16,2025-03-02 02:10:51.444746+00:00,2025-03-02 09:33:17.354428+00:00
925492,16,2025-03-02 02:10:51.444746+00:00,2025-03-02 09:33:17.354428+00:00
1056803,16,2025-03-02 02:10:51.444746+00:00,2025-03-02 09:33:17.354428+00:00
1002470,18,2025-03-02 02:10:51.444746+00:00,2025-03-02 09:33:17.354428+00:00
804032,18,2025-03-02 02:10:51.444746+00:00,2025-03-02 09:33:17.354428+00:00
9613,18,2025-03-02 02:10:51.444746+00:00,2025-03-02 09:33:17.354428+00:00
842424,18,2025-03-02 02:10:51.444746+00:00,2025-03-02 09:33:17.354428+00:00
836225,18,2025-03-02 02:10:51.444746+00:00,2025-03-02 09:33:17.354428+00:00
582881,18,2025-03-02 02:10:51.444746+00:00,2025-03-02 09:33:17.354428+00:00
571468,18,2025-03-02 02:10:51.444746+00:00,2025-03-02 09:33:17.354428+00:00
1029486,18,2025-03-02 02:10:51.444746+00:00,2025-03-02 09:33:17.354428+00:00
991898,18,2025-03-02 02:10:51.444746+00:00,2025-03-02 09:33:17.354428+00:00
942171,18,2025-03-02 02:10:51.444746+00:00,2025-03-02 09:33:17.354428+00:00
38,18,2025-03-02 02:10:51.444746+00:00,2025-03-02 09:33:17.354428+00:00
1027982,18,2025-03-02 02:10:51.444746+00:00,2025-03-02 09:33:17.354428+00:00
356701,18,2025-03-02 02:10:51.444746+00:00,2025-03-02 09:33:17.354428+00:00
889507,18,2025-03-02 02:10:51.444746+00:00,2025-03-02 09:33:17.354428+00:00
1019619,18,2025-03-02 02:10:51.444746+00:00,2025-03-02 09:33:17.354428+00:00
22536,27,2025-03-02 02:10:51.444746+00:00,2025-03-02 09:33:17.354428+00:00
977155,27,2025-03-02 02:10:51.444746+00:00,2025-03-02 09:33:17.354428+00:00
176,27,2025-03-02 02:10:51.444746+00:00,2025-03-02 09:33:17.354428+00:00
575088,27,2025-03-02 02:10:51.444746+00:00,2025-03-02 09:33:17.354428+00:00
968051,27,2025-03-02 02:10:51.444746+00:00,2025-03-02 09:33:17.354428+00:00
799668,27,2025-03-02 02:10:51.444746+00:00,2025-03-02 09:33:17.354428+00:00
818192,28,2025-03-02 02:10:51.444746+00:00,2025-03-02 09:33:17.354428+00:00
565770,28,2025-03-02 02:10:51.444746+00:00,2025-03-02 09:33:17.354428+00:00
11416,28,2025-03-02 02:10:51.444746+00:00,2025-03-02 09:33:17.354428+00:00
10775,28,2025-03-02 02:10:51.444746+00:00,2025-03-02 09:33:17.354428+00:00
726139,28,2025-03-02 02:10:51.444746+00:00,2025-03-02 09:33:17.354428+00:00
589761,28,2025-03-02 02:10:51.444746+00:00,2025-03-02 09:33:17.354428+00:00
1026559,35,2025-03-02 02:10:51.444746+00:00,2025-03-02 09:33:17.354428+00:00
1005533,35,2025-03-02 02:10:51.444746+00:00,2025-03-02 09:33:17.354428+00:00
736720,35,2025-03-02 02:10:51.444746+00:00,2025-03-02 09:33:17.354428+00:00
1153325,36,2025-03-02 02:10:51.444746+00:00,2025-03-02 09:33:17.354428+00:00
589761,36,2025-03-02 02:10:51.444746+00:00,2025-03-02 09:33:17.354428+00:00
628900,53,2025-03-02 02:10:51.444746+00:00,2025-03-02 09:33:17.354428+00:00
646541,53,2025-03-02 02:10:51.444746+00:00,2025-03-02 09:33:17.354428+00:00
1031388,53,2025-03-02 02:10:51.444746+00:00,2025-03-02 09:33:17.354428+00:00
848685,53,2025-03-02 02:10:51.444746+00:00,2025-03-02 09:33:17.354428+00:00
1053587,53,2025-03-02 02:10:51.444746+00:00,2025-03-02 09:33:17.354428+00:00
532408,53,2025-03-02 02:10:51.444746+00:00,2025-03-02 09:33:17.354428+00:00
1034541,53,2025-03-02 02:10:51.444746+00:00,2025-03-02 09:33:17.354428+00:00
720321,53,2025-03-02 02:10:51.444746+00:00,2025-03-02 09:33:17.354428+00:00
1176166,53,2025-03-02 02:10:51.444746+00:00,2025-03-02 09:33:17.354428+00:00
838876,80,2025-03-02 02:10:51.444746+00:00,2025-03-02 09:33:17.354428+00:00
511809,80,2025-03-02 02:10:51.444746+00:00,2025-03-02 09:33:17.354428+00:00
1267665,80,2025-03-02 02:10:51.444746+00:00,2025-03-02 09:33:17.354428+00:00
823598,80,2025-03-02 02:10:51.444746+00:00,2025-03-02 09:33:17.354428+00:00
1019828,80,2025-03-02 02:10:51.444746+00:00,2025-03-02 09:33:17.354428+00:00
949709,80,2025-03-02 02:10:51.444746+00:00,2025-03-02 09:33:17.354428+00:00
609681,878,2025-03-02 02:10:51.444746+00:00,2025-03-02 09:33:17.354428+00:00
698687,878,2025-03-02 02:10:51.444746+00:00,2025-03-02 09:33:17.354428+00:00
1201210,9648,2025-03-02 02:10:51.444746+00:00,2025-03-02 09:33:17.354428+00:00
1314446,9648,2025-03-02 02:10:51.444746+00:00,2025-03-02 09:33:17.354428+00:00
46738,9648,2025-03-02 02:10:51.444746+00:00,2025-03-02 09:33:17.354428+00:00
682507,9648,2025-03-02 02:10:51.444746+00:00,2025-03-02 09:33:17.354428+00:00
663260,9648,2025-03-02 02:10:51.444746+00:00,2025-03-02 09:33:17.354428+00:00
1188456,9648,2025-03-02 02:10:51.444746+00:00,2025-03-02 09:33:17.354428+00:00
1236428,99,2025-03-02 02:10:51.444746+00:00,2025-03-02 09:33:17.354428+00:00
762504,878,2025-03-02 09:33:17.354428+00:00,2025-03-02 09:33:17.354428+00:00
1315707,10402,2025-03-02 02:10:51.444746+00:00,2025-03-02 09:33:17.354428+00:00
657198,10402,2025-03-02 02:10:51.444746+00:00,2025-03-02 09:33:17.354428+00:00
958279,10749,2025-03-02 02:10:51.444746+00:00,2025-03-02 09:33:17.354428+00:00
616020,10749,2025-03-02 02:10:51.444746+00:00,2025-03-02 09:33:17.354428+00:00
11012,10749,2025-03-02 02:10:51.444746+00:00,2025-03-02 09:33:17.354428+00:00
87953,10749,2025-03-02 02:10:51.444746+00:00,2025-03-02 09:33:17.354428+00:00
937753,10749,2025-03-02 02:10:51.444746+00:00,2025-03-02 09:33:17.354428+00:00
64015,10749,2025-03-02 02:10:51.444746+00:00,2025-03-02 09:33:17.354428+00:00
57118,10749,2025-03-02 02:10:51.444746+00:00,2025-03-02 09:33:17.354428+00:00
584242,10749,2025-03-02 02:10:51.444746+00:00,2025-03-02 09:33:17.354428+00:00
746333,10751,2025-03-02 02:10:51.444746+00:00,2025-03-02 09:33:17.354428+00:00
438631,12,2025-03-02 02:10:51.444746+00:00,2025-03-02 09:33:17.354428+00:00
1241982,12,2025-03-02 02:10:51.444746+00:00,2025-03-02 09:33:17.354428+00:00
955644,14,2025-03-02 02:10:51.444746+00:00,2025-03-02 09:33:17.354428+00:00
588921,14,2025-03-02 02:10:51.444746+00:00,2025-03-02 09:33:17.354428+00:00
15370,14,2025-03-02 02:10:51.444746+00:00,2025-03-02 09:33:17.354428+00:00
673,14,2025-03-02 02:10:51.444746+00:00,2025-03-02 09:33:17.354428+00:00
508943,16,2025-03-02 02:10:51.444746+00:00,2025-03-02 09:33:17.354428+00:00
923579,16,2025-03-02 02:10:51.444746+00:00,2025-03-02 09:33:17.354428+00:00
482150,16,2025-03-02 02:10:51.444746+00:00,2025-03-02 09:33:17.354428+00:00
979688,16,2025-03-02 02:10:51.444746+00:00,2025-03-02 09:33:17.354428+00:00
1104844,16,2025-03-02 02:10:51.444746+00:00,2025-03-02 09:33:17.354428+00:00
629542,16,2025-03-02 02:10:51.444746+00:00,2025-03-02 09:33:17.354428+00:00
4203,18,2025-03-02 02:10:51.444746+00:00,2025-03-02 09:33:17.354428+00:00
899524,18,2025-03-02 02:10:51.444746+00:00,2025-03-02 09:33:17.354428+00:00
616670,18,2025-03-02 02:10:51.444746+00:00,2025-03-02 09:33:17.354428+00:00
198375,18,2025-03-02 02:10:51.444746+00:00,2025-03-02 09:33:17.354428+00:00
914203,18,2025-03-02 02:10:51.444746+00:00,2025-03-02 09:33:17.354428+00:00
423,18,2025-03-02 02:10:51.444746+00:00,2025-03-02 09:33:17.354428+00:00
64,18,2025-03-02 02:10:51.444746+00:00,2025-03-02 09:33:17.354428+00:00
200995,18,2025-03-02 02:10:51.444746+00:00,2025-03-02 09:33:17.354428+00:00
1006732,18,2025-03-02 02:10:51.444746+00:00,2025-03-02 09:33:17.354428+00:00
910365,18,2025-03-02 02:10:51.444746+00:00,2025-03-02 09:33:17.354428+00:00
204702,18,2025-03-02 02:10:51.444746+00:00,2025-03-02 09:33:17.354428+00:00
938250,18,2025-03-02 02:10:51.444746+00:00,2025-03-02 09:33:17.354428+00:00
794719,18,2025-03-02 02:10:51.444746+00:00,2025-03-02 09:33:17.354428+00:00
25657,18,2025-03-02 02:10:51.444746+00:00,2025-03-02 09:33:17.354428+00:00
904759,27,2025-03-02 02:10:51.444746+00:00,2025-03-02 09:33:17.354428+00:00
825808,27,2025-03-02 02:10:51.444746+00:00,2025-03-02 09:33:17.354428+00:00
646683,27,2025-03-02 02:10:51.444746+00:00,2025-03-02 09:33:17.354428+00:00
1276210,27,2025-03-02 02:10:51.444746+00:00,2025-03-02 09:33:17.354428+00:00
1034541,27,2025-03-02 02:10:51.444746+00:00,2025-03-02 09:33:17.354428+00:00
980078,27,2025-03-02 02:10:51.444746+00:00,2025-03-02 09:33:17.354428+00:00
774021,27,2025-03-02 02:10:51.444746+00:00,2025-03-02 09:33:17.354428+00:00
823625,28,2025-03-02 02:10:51.444746+00:00,2025-03-02 09:33:17.354428+00:00
1068602,28,2025-03-02 02:10:51.444746+00:00,2025-03-02 09:33:17.354428+00:00
799583,28,2025-03-02 02:10:51.444746+00:00,2025-03-02 09:33:17.354428+00:00
989909,28,2025-03-02 02:10:51.444746+00:00,2025-03-02 09:33:17.354428+00:00
453395,28,2025-03-02 02:10:51.444746+00:00,2025-03-02 09:33:17.354428+00:00
1254532,28,2025-03-02 02:10:51.444746+00:00,2025-03-02 09:33:17.354428+00:00
146126,28,2025-03-02 02:10:51.444746+00:00,2025-03-02 09:33:17.354428+00:00
675353,28,2025-03-02 02:10:51.444746+00:00,2025-03-02 09:33:17.354428+00:00
4689,28,2025-03-02 02:10:51.444746+00:00,2025-03-02 09:33:17.354428+00:00
57118,35,2025-03-02 02:10:51.444746+00:00,2025-03-02 09:33:17.354428+00:00
952438,35,2025-03-02 02:10:51.444746+00:00,2025-03-02 09:33:17.354428+00:00
553147,35,2025-03-02 02:10:51.444746+00:00,2025-03-02 09:33:17.354428+00:00
799583,35,2025-03-02 02:10:51.444746+00:00,2025-03-02 09:33:17.354428+00:00
1004840,35,2025-03-02 02:10:51.444746+00:00,2025-03-02 09:33:17.354428+00:00
820530,35,2025-03-02 02:10:51.444746+00:00,2025-03-02 09:33:17.354428+00:00
171372,35,2025-03-02 02:10:51.444746+00:00,2025-03-02 09:33:17.354428+00:00
1019939,35,2025-03-02 02:10:51.444746+00:00,2025-03-02 09:33:17.354428+00:00
20539,36,2025-03-02 02:10:51.444746+00:00,2025-03-02 09:33:17.354428+00:00
1064028,53,2025-03-02 02:10:51.444746+00:00,2025-03-02 09:33:17.354428+00:00
951491,53,2025-03-02 02:10:51.444746+00:00,2025-03-02 09:33:17.354428+00:00
848298,53,2025-03-02 02:10:51.444746+00:00,2025-03-02 09:33:17.354428+00:00
926393,53,2025-03-02 02:10:51.444746+00:00,2025-03-02 09:33:17.354428+00:00
302528,53,2025-03-02 02:10:51.444746+00:00,2025-03-02 09:33:17.354428+00:00
888602,53,2025-03-02 02:10:51.444746+00:00,2025-03-02 09:33:17.354428+00:00
33431,53,2025-03-02 02:10:51.444746+00:00,2025-03-02 09:33:17.354428+00:00
794234,53,2025-03-02 02:10:51.444746+00:00,2025-03-02 09:33:17.354428+00:00
716855,53,2025-03-02 02:10:51.444746+00:00,2025-03-02 09:33:17.354428+00:00
1089,53,2025-03-02 02:10:51.444746+00:00,2025-03-02 09:33:17.354428+00:00
818397,80,2025-03-02 02:10:51.444746+00:00,2025-03-02 09:33:17.354428+00:00
883502,80,2025-03-02 02:10:51.444746+00:00,2025-03-02 09:33:17.354428+00:00
423108,9648,2025-03-02 02:10:51.444746+00:00,2025-03-02 09:33:17.354428+00:00
717728,9648,2025-03-02 02:10:51.444746+00:00,2025-03-02 09:33:17.354428+00:00
960033,9648,2025-03-02 02:10:51.444746+00:00,2025-03-02 09:33:17.354428+00:00
1162322,99,2025-03-02 02:10:51.444746+00:00,2025-03-02 09:33:17.354428+00:00
1247973,99,2025-03-02 02:10:51.444746+00:00,2025-03-02 09:33:17.354428+00:00
76406,99,2025-03-02 02:10:51.444746+00:00,2025-03-02 09:33:17.354428+00:00
1006694,99,2025-03-02 02:10:51.444746+00:00,2025-03-02 09:33:17.354428+00:00
1006739,99,2025-03-02 02:10:51.444746+00:00,2025-03-02 09:33:17.354428+00:00
951051,99,2025-03-02 02:10:51.444746+00:00,2025-03-02 09:33:17.354428+00:00
655738,99,2025-03-02 02:10:51.444746+00:00,2025-03-02 09:33:17.354428+00:00
1203439,99,2025-03-02 02:10:51.444746+00:00,2025-03-02 09:33:17.354428+00:00
952083,9648,2025-03-02 09:33:17.354428+00:00,2025-03-02 09:33:17.354428+00:00
1074049,10751,2025-03-02 09:33:17.354428+00:00,2025-03-02 09:33:17.354428+00:00
575764,10402,2025-03-02 02:10:51.444746+00:00,2025-03-02 09:33:17.354428+00:00
1108306,10402,2025-03-02 02:10:51.444746+00:00,2025-03-02 09:33:17.354428+00:00
21712,10749,2025-03-02 02:10:51.444746+00:00,2025-03-02 09:33:17.354428+00:00
487850,10749,2025-03-02 02:10:51.444746+00:00,2025-03-02 09:33:17.354428+00:00
5781,10749,2025-03-02 02:10:51.444746+00:00,2025-03-02 09:33:17.354428+00:00
874745,10749,2025-03-02 02:10:51.444746+00:00,2025-03-02 09:33:17.354428+00:00
716855,10749,2025-03-02 02:10:51.444746+00:00,2025-03-02 09:33:17.354428+00:00
853821,10749,2025-03-02 02:10:51.444746+00:00,2025-03-02 09:33:17.354428+00:00
604605,10749,2025-03-02 02:10:51.444746+00:00,2025-03-02 09:33:17.354428+00:00
695932,10749,2025-03-02 02:10:51.444746+00:00,2025-03-02 09:33:17.354428+00:00
1234591,10749,2025-03-02 02:10:51.444746+00:00,2025-03-02 09:33:17.354428+00:00
705996,10749,2025-03-02 02:10:51.444746+00:00,2025-03-02 09:33:17.354428+00:00
601635,10751,2025-03-02 02:10:51.444746+00:00,2025-03-02 09:33:17.354428+00:00
516729,10751,2025-03-02 02:10:51.444746+00:00,2025-03-02 09:33:17.354428+00:00
798092,10770,2025-03-02 02:10:51.444746+00:00,2025-03-02 09:33:17.354428+00:00
1019939,12,2025-03-02 02:10:51.444746+00:00,2025-03-02 09:33:17.354428+00:00
15370,12,2025-03-02 02:10:51.444746+00:00,2025-03-02 09:33:17.354428+00:00
839033,12,2025-03-02 02:10:51.444746+00:00,2025-03-02 09:33:17.354428+00:00
70160,12,2025-03-02 02:10:51.444746+00:00,2025-03-02 09:33:17.354428+00:00
785398,12,2025-03-02 02:10:51.444746+00:00,2025-03-02 09:33:17.354428+00:00
616747,14,2025-03-02 02:10:51.444746+00:00,2025-03-02 09:33:17.354428+00:00
813477,14,2025-03-02 02:10:51.444746+00:00,2025-03-02 09:33:17.354428+00:00
1117609,14,2025-03-02 02:10:51.444746+00:00,2025-03-02 09:33:17.354428+00:00
582881,16,2025-03-02 02:10:51.444746+00:00,2025-03-02 09:33:17.354428+00:00
1148677,16,2025-03-02 02:10:51.444746+00:00,2025-03-02 09:33:17.354428+00:00
896499,16,2025-03-02 02:10:51.444746+00:00,2025-03-02 09:33:17.354428+00:00
976125,18,2025-03-02 02:10:51.444746+00:00,2025-03-02 09:33:17.354428+00:00
849786,18,2025-03-02 02:10:51.444746+00:00,2025-03-02 09:33:17.354428+00:00
925459,18,2025-03-02 02:10:51.444746+00:00,2025-03-02 09:33:17.354428+00:00
42726,18,2025-03-02 02:10:51.444746+00:00,2025-03-02 09:33:17.354428+00:00
1023962,18,2025-03-02 02:10:51.444746+00:00,2025-03-02 09:33:17.354428+00:00
655,18,2025-03-02 02:10:51.444746+00:00,2025-03-02 09:33:17.354428+00:00
584242,18,2025-03-02 02:10:51.444746+00:00,2025-03-02 09:33:17.354428+00:00
961257,18,2025-03-02 02:10:51.444746+00:00,2025-03-02 09:33:17.354428+00:00
1398,18,2025-03-02 02:10:51.444746+00:00,2025-03-02 09:33:17.354428+00:00
958219,18,2025-03-02 02:10:51.444746+00:00,2025-03-02 09:33:17.354428+00:00
888003,18,2025-03-02 02:10:51.444746+00:00,2025-03-02 09:33:17.354428+00:00
929590,18,2025-03-02 02:10:51.444746+00:00,2025-03-02 09:33:17.354428+00:00
522241,18,2025-03-02 02:10:51.444746+00:00,2025-03-02 09:33:17.354428+00:00
130023,18,2025-03-02 02:10:51.444746+00:00,2025-03-02 09:33:17.354428+00:00
827689,18,2025-03-02 02:10:51.444746+00:00,2025-03-02 09:33:17.354428+00:00
5879,18,2025-03-02 02:10:51.444746+00:00,2025-03-02 09:33:17.354428+00:00
11599,18,2025-03-02 02:10:51.444746+00:00,2025-03-02 09:33:17.354428+00:00
935906,18,2025-03-02 02:10:51.444746+00:00,2025-03-02 09:33:17.354428+00:00
1064801,18,2025-03-02 02:10:51.444746+00:00,2025-03-02 09:33:17.354428+00:00
844409,18,2025-03-02 02:10:51.444746+00:00,2025-03-02 09:33:17.354428+00:00
1075175,18,2025-03-02 02:10:51.444746+00:00,2025-03-02 09:33:17.354428+00:00
876189,18,2025-03-02 02:10:51.444746+00:00,2025-03-02 09:33:17.354428+00:00
838209,27,2025-03-02 02:10:51.444746+00:00,2025-03-02 09:33:17.354428+00:00
611489,27,2025-03-02 02:10:51.444746+00:00,2025-03-02 09:33:17.354428+00:00
1130899,27,2025-03-02 02:10:51.444746+00:00,2025-03-02 09:33:17.354428+00:00
1113142,27,2025-03-02 02:10:51.444746+00:00,2025-03-02 09:33:17.354428+00:00
585216,27,2025-03-02 02:10:51.444746+00:00,2025-03-02 09:33:17.354428+00:00
1146972,28,2025-03-02 02:10:51.444746+00:00,2025-03-02 09:33:17.354428+00:00
436270,28,2025-03-02 02:10:51.444746+00:00,2025-03-02 09:33:17.354428+00:00
818397,28,2025-03-02 02:10:51.444746+00:00,2025-03-02 09:33:17.354428+00:00
912908,35,2025-03-02 02:10:51.444746+00:00,2025-03-02 09:33:17.354428+00:00
781453,35,2025-03-02 02:10:51.444746+00:00,2025-03-02 09:33:17.354428+00:00
649609,35,2025-03-02 02:10:51.444746+00:00,2025-03-02 09:33:17.354428+00:00
42095,35,2025-03-02 02:10:51.444746+00:00,2025-03-02 09:33:17.354428+00:00
955555,35,2025-03-02 02:10:51.444746+00:00,2025-03-02 09:33:17.354428+00:00
974635,35,2025-03-02 02:10:51.444746+00:00,2025-03-02 09:33:17.354428+00:00
242452,36,2025-03-02 02:10:51.444746+00:00,2025-03-02 09:33:17.354428+00:00
611854,36,2025-03-02 02:10:51.444746+00:00,2025-03-02 09:33:17.354428+00:00
1044555,53,2025-03-02 02:10:51.444746+00:00,2025-03-02 09:33:17.354428+00:00
10775,53,2025-03-02 02:10:51.444746+00:00,2025-03-02 09:33:17.354428+00:00
1012267,53,2025-03-02 02:10:51.444746+00:00,2025-03-02 09:33:17.354428+00:00
676547,53,2025-03-02 02:10:51.444746+00:00,2025-03-02 09:33:17.354428+00:00
990326,80,2025-03-02 02:10:51.444746+00:00,2025-03-02 09:33:17.354428+00:00
919207,80,2025-03-02 02:10:51.444746+00:00,2025-03-02 09:33:17.354428+00:00
766475,80,2025-03-02 02:10:51.444746+00:00,2025-03-02 09:33:17.354428+00:00
1024546,80,2025-03-02 02:10:51.444746+00:00,2025-03-02 09:33:17.354428+00:00
1007944,80,2025-03-02 02:10:51.444746+00:00,2025-03-02 09:33:17.354428+00:00
591222,80,2025-03-02 02:10:51.444746+00:00,2025-03-02 09:33:17.354428+00:00
926393,80,2025-03-02 02:10:51.444746+00:00,2025-03-02 09:33:17.354428+00:00
614930,878,2025-03-02 02:10:51.444746+00:00,2025-03-02 09:33:17.354428+00:00
37910,878,2025-03-02 02:10:51.444746+00:00,2025-03-02 09:33:17.354428+00:00
735409,9648,2025-03-02 02:10:51.444746+00:00,2025-03-02 09:33:17.354428+00:00
969050,9648,2025-03-02 02:10:51.444746+00:00,2025-03-02 09:33:17.354428+00:00
1009087,9648,2025-03-02 02:10:51.444746+00:00,2025-03-02 09:33:17.354428+00:00
1401562,99,2025-03-02 02:10:51.444746+00:00,2025-03-02 09:33:17.354428+00:00
1185957,99,2025-03-02 02:10:51.444746+00:00,2025-03-02 09:33:17.354428+00:00
1063453,99,2025-03-02 02:10:51.444746+00:00,2025-03-02 09:33:17.354428+00:00
822119,53,2025-03-02 09:33:17.354428+00:00,2025-03-02 09:33:17.354428+00:00
438148,10751,2025-03-02 09:33:17.354428+00:00,2025-03-02 09:33:17.354428+00:00
615904,10402,2025-03-02 09:33:17.354428+00:00,2025-03-02 09:33:17.354428+00:00
615656,878,2025-03-02 09:33:17.354428+00:00,2025-03-02 09:33:17.354428+00:00
1261250,10749,2025-03-02 02:10:51.444746+00:00,2025-03-02 09:33:17.354428+00:00
508444,10749,2025-03-02 02:10:51.444746+00:00,2025-03-02 09:33:17.354428+00:00
526811,10749,2025-03-02 02:10:51.444746+00:00,2025-03-02 09:33:17.354428+00:00
27062,10749,2025-03-02 02:10:51.444746+00:00,2025-03-02 09:33:17.354428+00:00
47060,10749,2025-03-02 02:10:51.444746+00:00,2025-03-02 09:33:17.354428+00:00
1077310,10749,2025-03-02 02:10:51.444746+00:00,2025-03-02 09:33:17.354428+00:00
1106528,10749,2025-03-02 02:10:51.444746+00:00,2025-03-02 09:33:17.354428+00:00
778810,10751,2025-03-02 02:10:51.444746+00:00,2025-03-02 09:33:17.354428+00:00
629542,10751,2025-03-02 02:10:51.444746+00:00,2025-03-02 09:33:17.354428+00:00
1059572,10751,2025-03-02 02:10:51.444746+00:00,2025-03-02 09:33:17.354428+00:00
882569,10752,2025-03-02 02:10:51.444746+00:00,2025-03-02 09:33:17.354428+00:00
910365,10752,2025-03-02 02:10:51.444746+00:00,2025-03-02 09:33:17.354428+00:00
1716,10752,2025-03-02 02:10:51.444746+00:00,2025-03-02 09:33:17.354428+00:00
804435,12,2025-03-02 02:10:51.444746+00:00,2025-03-02 09:33:17.354428+00:00
967847,12,2025-03-02 02:10:51.444746+00:00,2025-03-02 09:33:17.354428+00:00
813477,12,2025-03-02 02:10:51.444746+00:00,2025-03-02 09:33:17.354428+00:00
508883,12,2025-03-02 02:10:51.444746+00:00,2025-03-02 09:33:17.354428+00:00
626412,12,2025-03-02 02:10:51.444746+00:00,2025-03-02 09:33:17.354428+00:00
581,12,2025-03-02 02:10:51.444746+00:00,2025-03-02 09:33:17.354428+00:00
1235431,14,2025-03-02 02:10:51.444746+00:00,2025-03-02 09:33:17.354428+00:00
676710,14,2025-03-02 02:10:51.444746+00:00,2025-03-02 09:33:17.354428+00:00
937753,14,2025-03-02 02:10:51.444746+00:00,2025-03-02 09:33:17.354428+00:00
129,14,2025-03-02 02:10:51.444746+00:00,2025-03-02 09:33:17.354428+00:00
38368,14,2025-03-02 02:10:51.444746+00:00,2025-03-02 09:33:17.354428+00:00
1056133,16,2025-03-02 02:10:51.444746+00:00,2025-03-02 09:33:17.354428+00:00
93013,16,2025-03-02 02:10:51.444746+00:00,2025-03-02 09:33:17.354428+00:00
21712,16,2025-03-02 02:10:51.444746+00:00,2025-03-02 09:33:17.354428+00:00
588890,16,2025-03-02 02:10:51.444746+00:00,2025-03-02 09:33:17.354428+00:00
767246,16,2025-03-02 02:10:51.444746+00:00,2025-03-02 09:33:17.354428+00:00
1072269,18,2025-03-02 02:10:51.444746+00:00,2025-03-02 09:33:17.354428+00:00
749004,18,2025-03-02 02:10:51.444746+00:00,2025-03-02 09:33:17.354428+00:00
491584,18,2025-03-02 02:10:51.444746+00:00,2025-03-02 09:33:17.354428+00:00
884,18,2025-03-02 02:10:51.444746+00:00,2025-03-02 09:33:17.354428+00:00
1002317,18,2025-03-02 02:10:51.444746+00:00,2025-03-02 09:33:17.354428+00:00
928713,18,2025-03-02 02:10:51.444746+00:00,2025-03-02 09:33:17.354428+00:00
982202,18,2025-03-02 02:10:51.444746+00:00,2025-03-02 09:33:17.354428+00:00
1037696,18,2025-03-02 02:10:51.444746+00:00,2025-03-02 09:33:17.354428+00:00
592695,18,2025-03-02 02:10:51.444746+00:00,2025-03-02 09:33:17.354428+00:00
1117166,18,2025-03-02 02:10:51.444746+00:00,2025-03-02 09:33:17.354428+00:00
993092,18,2025-03-02 02:10:51.444746+00:00,2025-03-02 09:33:17.354428+00:00
112903,18,2025-03-02 02:10:51.444746+00:00,2025-03-02 09:33:17.354428+00:00
1009087,18,2025-03-02 02:10:51.444746+00:00,2025-03-02 09:33:17.354428+00:00
1067298,18,2025-03-02 02:10:51.444746+00:00,2025-03-02 09:33:17.354428+00:00
962543,18,2025-03-02 02:10:51.444746+00:00,2025-03-02 09:33:17.354428+00:00
649,18,2025-03-02 02:10:51.444746+00:00,2025-03-02 09:33:17.354428+00:00
1134433,27,2025-03-02 02:10:51.444746+00:00,2025-03-02 09:33:17.354428+00:00
17111,27,2025-03-02 02:10:51.444746+00:00,2025-03-02 09:33:17.354428+00:00
931102,28,2025-03-02 02:10:51.444746+00:00,2025-03-02 09:33:17.354428+00:00
923192,28,2025-03-02 02:10:51.444746+00:00,2025-03-02 09:33:17.354428+00:00
752623,28,2025-03-02 02:10:51.444746+00:00,2025-03-02 09:33:17.354428+00:00
1302106,28,2025-03-02 02:10:51.444746+00:00,2025-03-02 09:33:17.354428+00:00
406759,28,2025-03-02 02:10:51.444746+00:00,2025-03-02 09:33:17.354428+00:00
1095805,28,2025-03-02 02:10:51.444746+00:00,2025-03-02 09:33:17.354428+00:00
606403,28,2025-03-02 02:10:51.444746+00:00,2025-03-02 09:33:17.354428+00:00
1071215,35,2025-03-02 02:10:51.444746+00:00,2025-03-02 09:33:17.354428+00:00
616747,35,2025-03-02 02:10:51.444746+00:00,2025-03-02 09:33:17.354428+00:00
12254,35,2025-03-02 02:10:51.444746+00:00,2025-03-02 09:33:17.354428+00:00
1017441,35,2025-03-02 02:10:51.444746+00:00,2025-03-02 09:33:17.354428+00:00
736820,35,2025-03-02 02:10:51.444746+00:00,2025-03-02 09:33:17.354428+00:00
654074,35,2025-03-02 02:10:51.444746+00:00,2025-03-02 09:33:17.354428+00:00
973587,36,2025-03-02 02:10:51.444746+00:00,2025-03-02 09:33:17.354428+00:00
872585,36,2025-03-02 02:10:51.444746+00:00,2025-03-02 09:33:17.354428+00:00
585216,53,2025-03-02 02:10:51.444746+00:00,2025-03-02 09:33:17.354428+00:00
952127,53,2025-03-02 02:10:51.444746+00:00,2025-03-02 09:33:17.354428+00:00
166271,53,2025-03-02 02:10:51.444746+00:00,2025-03-02 09:33:17.354428+00:00
1043905,53,2025-03-02 02:10:51.444746+00:00,2025-03-02 09:33:17.354428+00:00
934957,53,2025-03-02 02:10:51.444746+00:00,2025-03-02 09:33:17.354428+00:00
750253,53,2025-03-02 02:10:51.444746+00:00,2025-03-02 09:33:17.354428+00:00
762433,53,2025-03-02 02:10:51.444746+00:00,2025-03-02 09:33:17.354428+00:00
811592,53,2025-03-02 02:10:51.444746+00:00,2025-03-02 09:33:17.354428+00:00
1010600,53,2025-03-02 02:10:51.444746+00:00,2025-03-02 09:33:17.354428+00:00
436792,53,2025-03-02 02:10:51.444746+00:00,2025-03-02 09:33:17.354428+00:00
610253,53,2025-03-02 02:10:51.444746+00:00,2025-03-02 09:33:17.354428+00:00
889699,80,2025-03-02 02:10:51.444746+00:00,2025-03-02 09:33:17.354428+00:00
916821,80,2025-03-02 02:10:51.444746+00:00,2025-03-02 09:33:17.354428+00:00
10775,80,2025-03-02 02:10:51.444746+00:00,2025-03-02 09:33:17.354428+00:00
866398,80,2025-03-02 02:10:51.444746+00:00,2025-03-02 09:33:17.354428+00:00
149,878,2025-03-02 02:10:51.444746+00:00,2025-03-02 09:33:17.354428+00:00
882598,9648,2025-03-02 02:10:51.444746+00:00,2025-03-02 09:33:17.354428+00:00
940247,9648,2025-03-02 02:10:51.444746+00:00,2025-03-02 09:33:17.354428+00:00
9613,9648,2025-03-02 02:10:51.444746+00:00,2025-03-02 09:33:17.354428+00:00
345,9648,2025-03-02 02:10:51.444746+00:00,2025-03-02 09:33:17.354428+00:00
1016255,99,2025-03-02 02:10:51.444746+00:00,2025-03-02 09:33:17.354428+00:00
1165736,99,2025-03-02 02:10:51.444746+00:00,2025-03-02 09:33:17.354428+00:00
1314450,99,2025-03-02 02:10:51.444746+00:00,2025-03-02 09:33:17.354428+00:00
1338226,99,2025-03-02 02:10:51.444746+00:00,2025-03-02 09:33:17.354428+00:00
507086,878,2025-03-02 09:33:17.354428+00:00,2025-03-02 09:33:17.354428+00:00
1016737,27,2025-03-02 09:33:17.354428+00:00,2025-03-02 09:33:17.354428+00:00
1338226,10402,2025-03-02 02:10:51.444746+00:00,2025-03-02 09:33:17.354428+00:00
901362,10402,2025-03-02 02:10:51.444746+00:00,2025-03-02 09:33:17.354428+00:00
14553,10749,2025-03-02 02:10:51.444746+00:00,2025-03-02 09:33:17.354428+00:00
4348,10749,2025-03-02 02:10:51.444746+00:00,2025-03-02 09:33:17.354428+00:00
617762,10749,2025-03-02 02:10:51.444746+00:00,2025-03-02 09:33:17.354428+00:00
933785,10749,2025-03-02 02:10:51.444746+00:00,2025-03-02 09:33:17.354428+00:00
846517,10749,2025-03-02 02:10:51.444746+00:00,2025-03-02 09:33:17.354428+00:00
601635,10749,2025-03-02 02:10:51.444746+00:00,2025-03-02 09:33:17.354428+00:00
764810,10751,2025-03-02 02:10:51.444746+00:00,2025-03-02 09:33:17.354428+00:00
969492,10752,2025-03-02 02:10:51.444746+00:00,2025-03-02 09:33:17.354428+00:00
674,12,2025-03-02 02:10:51.444746+00:00,2025-03-02 09:33:17.354428+00:00
588890,12,2025-03-02 02:10:51.444746+00:00,2025-03-02 09:33:17.354428+00:00
783740,14,2025-03-02 02:10:51.444746+00:00,2025-03-02 09:33:17.354428+00:00
872976,14,2025-03-02 02:10:51.444746+00:00,2025-03-02 09:33:17.354428+00:00
79707,14,2025-03-02 02:10:51.444746+00:00,2025-03-02 09:33:17.354428+00:00
38405,14,2025-03-02 02:10:51.444746+00:00,2025-03-02 09:33:17.354428+00:00
1077684,14,2025-03-02 02:10:51.444746+00:00,2025-03-02 09:33:17.354428+00:00
1223386,14,2025-03-02 02:10:51.444746+00:00,2025-03-02 09:33:17.354428+00:00
15080,16,2025-03-02 02:10:51.444746+00:00,2025-03-02 09:33:17.354428+00:00
977179,18,2025-03-02 02:10:51.444746+00:00,2025-03-02 09:33:17.354428+00:00
872667,18,2025-03-02 02:10:51.444746+00:00,2025-03-02 09:33:17.354428+00:00
817758,18,2025-03-02 02:10:51.444746+00:00,2025-03-02 09:33:17.354428+00:00
618588,18,2025-03-02 02:10:51.444746+00:00,2025-03-02 09:33:17.354428+00:00
1032767,18,2025-03-02 02:10:51.444746+00:00,2025-03-02 09:33:17.354428+00:00
1113142,18,2025-03-02 02:10:51.444746+00:00,2025-03-02 09:33:17.354428+00:00
892515,18,2025-03-02 02:10:51.444746+00:00,2025-03-02 09:33:17.354428+00:00
660002,18,2025-03-02 02:10:51.444746+00:00,2025-03-02 09:33:17.354428+00:00
787791,18,2025-03-02 02:10:51.444746+00:00,2025-03-02 09:33:17.354428+00:00
824738,18,2025-03-02 02:10:51.444746+00:00,2025-03-02 09:33:17.354428+00:00
575072,18,2025-03-02 02:10:51.444746+00:00,2025-03-02 09:33:17.354428+00:00
716612,18,2025-03-02 02:10:51.444746+00:00,2025-03-02 09:33:17.354428+00:00
1078810,18,2025-03-02 02:10:51.444746+00:00,2025-03-02 09:33:17.354428+00:00
1234114,18,2025-03-02 02:10:51.444746+00:00,2025-03-02 09:33:17.354428+00:00
923387,18,2025-03-02 02:10:51.444746+00:00,2025-03-02 09:33:17.354428+00:00
853821,18,2025-03-02 02:10:51.444746+00:00,2025-03-02 09:33:17.354428+00:00
84892,18,2025-03-02 02:10:51.444746+00:00,2025-03-02 09:33:17.354428+00:00
558449,18,2025-03-02 02:10:51.444746+00:00,2025-03-02 09:33:17.354428+00:00
33431,18,2025-03-02 02:10:51.444746+00:00,2025-03-02 09:33:17.354428+00:00
937743,27,2025-03-02 02:10:51.444746+00:00,2025-03-02 09:33:17.354428+00:00
799379,27,2025-03-02 02:10:51.444746+00:00,2025-03-02 09:33:17.354428+00:00
1224589,27,2025-03-02 02:10:51.444746+00:00,2025-03-02 09:33:17.354428+00:00
864370,27,2025-03-02 02:10:51.444746+00:00,2025-03-02 09:33:17.354428+00:00
717728,27,2025-03-02 02:10:51.444746+00:00,2025-03-02 09:33:17.354428+00:00
848198,28,2025-03-02 02:10:51.444746+00:00,2025-03-02 09:33:17.354428+00:00
646207,28,2025-03-02 02:10:51.444746+00:00,2025-03-02 09:33:17.354428+00:00
628900,28,2025-03-02 02:10:51.444746+00:00,2025-03-02 09:33:17.354428+00:00
1085218,28,2025-03-02 02:10:51.444746+00:00,2025-03-02 09:33:17.354428+00:00
962543,35,2025-03-02 02:10:51.444746+00:00,2025-03-02 09:33:17.354428+00:00
995808,35,2025-03-02 02:10:51.444746+00:00,2025-03-02 09:33:17.354428+00:00
870360,35,2025-03-02 02:10:51.444746+00:00,2025-03-02 09:33:17.354428+00:00
892530,35,2025-03-02 02:10:51.444746+00:00,2025-03-02 09:33:17.354428+00:00
829051,35,2025-03-02 02:10:51.444746+00:00,2025-03-02 09:33:17.354428+00:00
912520,35,2025-03-02 02:10:51.444746+00:00,2025-03-02 09:33:17.354428+00:00
859933,36,2025-03-02 02:10:51.444746+00:00,2025-03-02 09:33:17.354428+00:00
997777,36,2025-03-02 02:10:51.444746+00:00,2025-03-02 09:33:17.354428+00:00
1085218,53,2025-03-02 02:10:51.444746+00:00,2025-03-02 09:33:17.354428+00:00
944306,53,2025-03-02 02:10:51.444746+00:00,2025-03-02 09:33:17.354428+00:00
864116,53,2025-03-02 02:10:51.444746+00:00,2025-03-02 09:33:17.354428+00:00
1126128,53,2025-03-02 02:10:51.444746+00:00,2025-03-02 09:33:17.354428+00:00
575072,53,2025-03-02 02:10:51.444746+00:00,2025-03-02 09:33:17.354428+00:00
477018,53,2025-03-02 02:10:51.444746+00:00,2025-03-02 09:33:17.354428+00:00
1040892,53,2025-03-02 02:10:51.444746+00:00,2025-03-02 09:33:17.354428+00:00
165213,53,2025-03-02 02:10:51.444746+00:00,2025-03-02 09:33:17.354428+00:00
659988,53,2025-03-02 02:10:51.444746+00:00,2025-03-02 09:33:17.354428+00:00
655917,53,2025-03-02 02:10:51.444746+00:00,2025-03-02 09:33:17.354428+00:00
952476,80,2025-03-02 02:10:51.444746+00:00,2025-03-02 09:33:17.354428+00:00
714651,80,2025-03-02 02:10:51.444746+00:00,2025-03-02 09:33:17.354428+00:00
943134,878,2025-03-02 02:10:51.444746+00:00,2025-03-02 09:33:17.354428+00:00
283566,878,2025-03-02 02:10:51.444746+00:00,2025-03-02 09:33:17.354428+00:00
166271,9648,2025-03-02 02:10:51.444746+00:00,2025-03-02 09:33:17.354428+00:00
1252163,99,2025-03-02 02:10:51.444746+00:00,2025-03-02 09:33:17.354428+00:00
680813,99,2025-03-02 02:10:51.444746+00:00,2025-03-02 09:33:17.354428+00:00
1009977,99,2025-03-02 02:10:51.444746+00:00,2025-03-02 09:33:17.354428+00:00
361743,18,2025-03-02 09:33:17.354428+00:00,2025-03-02 09:33:17.354428+00:00
1063453,10402,2025-03-02 02:10:51.444746+00:00,2025-03-02 09:33:17.354428+00:00
8088,10749,2025-03-02 02:10:51.444746+00:00,2025-03-02 09:33:17.354428+00:00
1002535,10749,2025-03-02 02:10:51.444746+00:00,2025-03-02 09:33:17.354428+00:00
11599,10749,2025-03-02 02:10:51.444746+00:00,2025-03-02 09:33:17.354428+00:00
997777,10749,2025-03-02 02:10:51.444746+00:00,2025-03-02 09:33:17.354428+00:00
820067,10749,2025-03-02 02:10:51.444746+00:00,2025-03-02 09:33:17.354428+00:00
884605,10749,2025-03-02 02:10:51.444746+00:00,2025-03-02 09:33:17.354428+00:00
1020006,10749,2025-03-02 02:10:51.444746+00:00,2025-03-02 09:33:17.354428+00:00
57118,10751,2025-03-02 02:10:51.444746+00:00,2025-03-02 09:33:17.354428+00:00
79707,10751,2025-03-02 02:10:51.444746+00:00,2025-03-02 09:33:17.354428+00:00
611854,10752,2025-03-02 02:10:51.444746+00:00,2025-03-02 09:33:17.354428+00:00
464768,12,2025-03-02 02:10:51.444746+00:00,2025-03-02 09:33:17.354428+00:00
1357633,14,2025-03-02 02:10:51.444746+00:00,2025-03-02 09:33:17.354428+00:00
19995,14,2025-03-02 02:10:51.444746+00:00,2025-03-02 09:33:17.354428+00:00
338953,14,2025-03-02 02:10:51.444746+00:00,2025-03-02 09:33:17.354428+00:00
672,14,2025-03-02 02:10:51.444746+00:00,2025-03-02 09:33:17.354428+00:00
1211716,16,2025-03-02 02:10:51.444746+00:00,2025-03-02 09:33:17.354428+00:00
37910,16,2025-03-02 02:10:51.444746+00:00,2025-03-02 09:33:17.354428+00:00
482150,18,2025-03-02 02:10:51.444746+00:00,2025-03-02 09:33:17.354428+00:00
1273597,18,2025-03-02 02:10:51.444746+00:00,2025-03-02 09:33:17.354428+00:00
51735,18,2025-03-02 02:10:51.444746+00:00,2025-03-02 09:33:17.354428+00:00
712128,18,2025-03-02 02:10:51.444746+00:00,2025-03-02 09:33:17.354428+00:00
845875,18,2025-03-02 02:10:51.444746+00:00,2025-03-02 09:33:17.354428+00:00
786977,18,2025-03-02 02:10:51.444746+00:00,2025-03-02 09:33:17.354428+00:00
817557,18,2025-03-02 02:10:51.444746+00:00,2025-03-02 09:33:17.354428+00:00
962558,18,2025-03-02 02:10:51.444746+00:00,2025-03-02 09:33:17.354428+00:00
76,18,2025-03-02 02:10:51.444746+00:00,2025-03-02 09:33:17.354428+00:00
698215,18,2025-03-02 02:10:51.444746+00:00,2025-03-02 09:33:17.354428+00:00
971968,18,2025-03-02 02:10:51.444746+00:00,2025-03-02 09:33:17.354428+00:00
117646,18,2025-03-02 02:10:51.444746+00:00,2025-03-02 09:33:17.354428+00:00
901563,18,2025-03-02 02:10:51.444746+00:00,2025-03-02 09:33:17.354428+00:00
820697,18,2025-03-02 02:10:51.444746+00:00,2025-03-02 09:33:17.354428+00:00
573787,18,2025-03-02 02:10:51.444746+00:00,2025-03-02 09:33:17.354428+00:00
86829,18,2025-03-02 02:10:51.444746+00:00,2025-03-02 09:33:17.354428+00:00
10997,18,2025-03-02 02:10:51.444746+00:00,2025-03-02 09:33:17.354428+00:00
764810,18,2025-03-02 02:10:51.444746+00:00,2025-03-02 09:33:17.354428+00:00
1156125,18,2025-03-02 02:10:51.444746+00:00,2025-03-02 09:33:17.354428+00:00
937746,18,2025-03-02 02:10:51.444746+00:00,2025-03-02 09:33:17.354428+00:00
1216443,18,2025-03-02 02:10:51.444746+00:00,2025-03-02 09:33:17.354428+00:00
979924,18,2025-03-02 02:10:51.444746+00:00,2025-03-02 09:33:17.354428+00:00
1064213,18,2025-03-02 02:10:51.444746+00:00,2025-03-02 09:33:17.354428+00:00
961082,18,2025-03-02 02:10:51.444746+00:00,2025-03-02 09:33:17.354428+00:00
1306434,18,2025-03-02 02:10:51.444746+00:00,2025-03-02 09:33:17.354428+00:00
960275,18,2025-03-02 02:10:51.444746+00:00,2025-03-02 09:33:17.354428+00:00
261124,18,2025-03-02 02:10:51.444746+00:00,2025-03-02 09:33:17.354428+00:00
31512,18,2025-03-02 02:10:51.444746+00:00,2025-03-02 09:33:17.354428+00:00
758323,27,2025-03-02 02:10:51.444746+00:00,2025-03-02 09:33:17.354428+00:00
854006,27,2025-03-02 02:10:51.444746+00:00,2025-03-02 09:33:17.354428+00:00
1247019,27,2025-03-02 02:10:51.444746+00:00,2025-03-02 09:33:17.354428+00:00
619778,27,2025-03-02 02:10:51.444746+00:00,2025-03-02 09:33:17.354428+00:00
1327383,27,2025-03-02 02:10:51.444746+00:00,2025-03-02 09:33:17.354428+00:00
264718,27,2025-03-02 02:10:51.444746+00:00,2025-03-02 09:33:17.354428+00:00
656156,28,2025-03-02 02:10:51.444746+00:00,2025-03-02 09:33:17.354428+00:00
717930,28,2025-03-02 02:10:51.444746+00:00,2025-03-02 09:33:17.354428+00:00
1126128,28,2025-03-02 02:10:51.444746+00:00,2025-03-02 09:33:17.354428+00:00
603692,28,2025-03-02 02:10:51.444746+00:00,2025-03-02 09:33:17.354428+00:00
799379,28,2025-03-02 02:10:51.444746+00:00,2025-03-02 09:33:17.354428+00:00
676710,35,2025-03-02 02:10:51.444746+00:00,2025-03-02 09:33:17.354428+00:00
800939,35,2025-03-02 02:10:51.444746+00:00,2025-03-02 09:33:17.354428+00:00
1052433,35,2025-03-02 02:10:51.444746+00:00,2025-03-02 09:33:17.354428+00:00
958186,35,2025-03-02 02:10:51.444746+00:00,2025-03-02 09:33:17.354428+00:00
1234779,35,2025-03-02 02:10:51.444746+00:00,2025-03-02 09:33:17.354428+00:00
1280832,35,2025-03-02 02:10:51.444746+00:00,2025-03-02 09:33:17.354428+00:00
798286,35,2025-03-02 02:10:51.444746+00:00,2025-03-02 09:33:17.354428+00:00
717088,35,2025-03-02 02:10:51.444746+00:00,2025-03-02 09:33:17.354428+00:00
848958,35,2025-03-02 02:10:51.444746+00:00,2025-03-02 09:33:17.354428+00:00
898009,35,2025-03-02 02:10:51.444746+00:00,2025-03-02 09:33:17.354428+00:00
614939,35,2025-03-02 02:10:51.444746+00:00,2025-03-02 09:33:17.354428+00:00
269509,35,2025-03-02 02:10:51.444746+00:00,2025-03-02 09:33:17.354428+00:00
824738,53,2025-03-02 02:10:51.444746+00:00,2025-03-02 09:33:17.354428+00:00
560144,53,2025-03-02 02:10:51.444746+00:00,2025-03-02 09:33:17.354428+00:00
1156255,53,2025-03-02 02:10:51.444746+00:00,2025-03-02 09:33:17.354428+00:00
606400,53,2025-03-02 02:10:51.444746+00:00,2025-03-02 09:33:17.354428+00:00
756999,53,2025-03-02 02:10:51.444746+00:00,2025-03-02 09:33:17.354428+00:00
942953,53,2025-03-02 02:10:51.444746+00:00,2025-03-02 09:33:17.354428+00:00
808667,53,2025-03-02 02:10:51.444746+00:00,2025-03-02 09:33:17.354428+00:00
997659,53,2025-03-02 02:10:51.444746+00:00,2025-03-02 09:33:17.354428+00:00
385687,53,2025-03-02 02:10:51.444746+00:00,2025-03-02 09:33:17.354428+00:00
1019828,53,2025-03-02 02:10:51.444746+00:00,2025-03-02 09:33:17.354428+00:00
892515,80,2025-03-02 02:10:51.444746+00:00,2025-03-02 09:33:17.354428+00:00
890526,80,2025-03-02 02:10:51.444746+00:00,2025-03-02 09:33:17.354428+00:00
1146972,878,2025-03-02 02:10:51.444746+00:00,2025-03-02 09:33:17.354428+00:00
734732,878,2025-03-02 02:10:51.444746+00:00,2025-03-02 09:33:17.354428+00:00
615173,878,2025-03-02 02:10:51.444746+00:00,2025-03-02 09:33:17.354428+00:00
47060,878,2025-03-02 02:10:51.444746+00:00,2025-03-02 09:33:17.354428+00:00
838209,9648,2025-03-02 02:10:51.444746+00:00,2025-03-02 09:33:17.354428+00:00
817480,9648,2025-03-02 02:10:51.444746+00:00,2025-03-02 09:33:17.354428+00:00
1186850,99,2025-03-02 02:10:51.444746+00:00,2025-03-02 09:33:17.354428+00:00
946267,99,2025-03-02 02:10:51.444746+00:00,2025-03-02 09:33:17.354428+00:00
71,10402,2025-03-02 02:10:51.444746+00:00,2025-03-02 09:33:17.354428+00:00
1025086,10749,2025-03-02 02:10:51.444746+00:00,2025-03-02 09:33:17.354428+00:00
3427,10749,2025-03-02 02:10:51.444746+00:00,2025-03-02 09:33:17.354428+00:00
15080,10749,2025-03-02 02:10:51.444746+00:00,2025-03-02 09:33:17.354428+00:00
717088,10749,2025-03-02 02:10:51.444746+00:00,2025-03-02 09:33:17.354428+00:00
838876,10749,2025-03-02 02:10:51.444746+00:00,2025-03-02 09:33:17.354428+00:00
912632,10749,2025-03-02 02:10:51.444746+00:00,2025-03-02 09:33:17.354428+00:00
661935,10749,2025-03-02 02:10:51.444746+00:00,2025-03-02 09:33:17.354428+00:00
76,10749,2025-03-02 02:10:51.444746+00:00,2025-03-02 09:33:17.354428+00:00
787791,10749,2025-03-02 02:10:51.444746+00:00,2025-03-02 09:33:17.354428+00:00
454527,10749,2025-03-02 02:10:51.444746+00:00,2025-03-02 09:33:17.354428+00:00
93013,10749,2025-03-02 02:10:51.444746+00:00,2025-03-02 09:33:17.354428+00:00
797787,10749,2025-03-02 02:10:51.444746+00:00,2025-03-02 09:33:17.354428+00:00
824738,10749,2025-03-02 02:10:51.444746+00:00,2025-03-02 09:33:17.354428+00:00
366672,10751,2025-03-02 02:10:51.444746+00:00,2025-03-02 09:33:17.354428+00:00
15370,10751,2025-03-02 02:10:51.444746+00:00,2025-03-02 09:33:17.354428+00:00
859798,10751,2025-03-02 02:10:51.444746+00:00,2025-03-02 09:33:17.354428+00:00
797838,10752,2025-03-02 02:10:51.444746+00:00,2025-03-02 09:33:17.354428+00:00
516729,12,2025-03-02 02:10:51.444746+00:00,2025-03-02 09:33:17.354428+00:00
681260,12,2025-03-02 02:10:51.444746+00:00,2025-03-02 09:33:17.354428+00:00
767,12,2025-03-02 02:10:51.444746+00:00,2025-03-02 09:33:17.354428+00:00
1112357,12,2025-03-02 02:10:51.444746+00:00,2025-03-02 09:33:17.354428+00:00
782054,12,2025-03-02 02:10:51.444746+00:00,2025-03-02 09:33:17.354428+00:00
670292,12,2025-03-02 02:10:51.444746+00:00,2025-03-02 09:33:17.354428+00:00
1248407,14,2025-03-02 02:10:51.444746+00:00,2025-03-02 09:33:17.354428+00:00
837335,14,2025-03-02 02:10:51.444746+00:00,2025-03-02 09:33:17.354428+00:00
899112,14,2025-03-02 02:10:51.444746+00:00,2025-03-02 09:33:17.354428+00:00
773910,14,2025-03-02 02:10:51.444746+00:00,2025-03-02 09:33:17.354428+00:00
1333100,14,2025-03-02 02:10:51.444746+00:00,2025-03-02 09:33:17.354428+00:00
940551,16,2025-03-02 02:10:51.444746+00:00,2025-03-02 09:33:17.354428+00:00
482321,16,2025-03-02 02:10:51.444746+00:00,2025-03-02 09:33:17.354428+00:00
5544,18,2025-03-02 02:10:51.444746+00:00,2025-03-02 09:33:17.354428+00:00
1026563,18,2025-03-02 02:10:51.444746+00:00,2025-03-02 09:33:17.354428+00:00
838240,18,2025-03-02 02:10:51.444746+00:00,2025-03-02 09:33:17.354428+00:00
1113085,18,2025-03-02 02:10:51.444746+00:00,2025-03-02 09:33:17.354428+00:00
1033176,18,2025-03-02 02:10:51.444746+00:00,2025-03-02 09:33:17.354428+00:00
37585,18,2025-03-02 02:10:51.444746+00:00,2025-03-02 09:33:17.354428+00:00
804251,18,2025-03-02 02:10:51.444746+00:00,2025-03-02 09:33:17.354428+00:00
962571,18,2025-03-02 02:10:51.444746+00:00,2025-03-02 09:33:17.354428+00:00
41245,18,2025-03-02 02:10:51.444746+00:00,2025-03-02 09:33:17.354428+00:00
978592,18,2025-03-02 02:10:51.444746+00:00,2025-03-02 09:33:17.354428+00:00
110,18,2025-03-02 02:10:51.444746+00:00,2025-03-02 09:33:17.354428+00:00
749927,18,2025-03-02 02:10:51.444746+00:00,2025-03-02 09:33:17.354428+00:00
674324,18,2025-03-02 02:10:51.444746+00:00,2025-03-02 09:33:17.354428+00:00
668640,18,2025-03-02 02:10:51.444746+00:00,2025-03-02 09:33:17.354428+00:00
1090024,18,2025-03-02 02:10:51.444746+00:00,2025-03-02 09:33:17.354428+00:00
219,18,2025-03-02 02:10:51.444746+00:00,2025-03-02 09:33:17.354428+00:00
942074,18,2025-03-02 02:10:51.444746+00:00,2025-03-02 09:33:17.354428+00:00
242452,18,2025-03-02 02:10:51.444746+00:00,2025-03-02 09:33:17.354428+00:00
1077693,18,2025-03-02 02:10:51.444746+00:00,2025-03-02 09:33:17.354428+00:00
719463,18,2025-03-02 02:10:51.444746+00:00,2025-03-02 09:33:17.354428+00:00
331986,18,2025-03-02 02:10:51.444746+00:00,2025-03-02 09:33:17.354428+00:00
998137,18,2025-03-02 02:10:51.444746+00:00,2025-03-02 09:33:17.354428+00:00
604605,18,2025-03-02 02:10:51.444746+00:00,2025-03-02 09:33:17.354428+00:00
845140,18,2025-03-02 02:10:51.444746+00:00,2025-03-02 09:33:17.354428+00:00
1238576,18,2025-03-02 02:10:51.444746+00:00,2025-03-02 09:33:17.354428+00:00
638032,18,2025-03-02 02:10:51.444746+00:00,2025-03-02 09:33:17.354428+00:00
709631,27,2025-03-02 02:10:51.444746+00:00,2025-03-02 09:33:17.354428+00:00
947514,27,2025-03-02 02:10:51.444746+00:00,2025-03-02 09:33:17.354428+00:00
1314446,27,2025-03-02 02:10:51.444746+00:00,2025-03-02 09:33:17.354428+00:00
1211728,27,2025-03-02 02:10:51.444746+00:00,2025-03-02 09:33:17.354428+00:00
1147689,27,2025-03-02 02:10:51.444746+00:00,2025-03-02 09:33:17.354428+00:00
1031388,27,2025-03-02 02:10:51.444746+00:00,2025-03-02 09:33:17.354428+00:00
1083862,28,2025-03-02 02:10:51.444746+00:00,2025-03-02 09:33:17.354428+00:00
829920,28,2025-03-02 02:10:51.444746+00:00,2025-03-02 09:33:17.354428+00:00
245891,28,2025-03-02 02:10:51.444746+00:00,2025-03-02 09:33:17.354428+00:00
545611,28,2025-03-02 02:10:51.444746+00:00,2025-03-02 09:33:17.354428+00:00
262831,35,2025-03-02 02:10:51.444746+00:00,2025-03-02 09:33:17.354428+00:00
315162,35,2025-03-02 02:10:51.444746+00:00,2025-03-02 09:33:17.354428+00:00
757999,35,2025-03-02 02:10:51.444746+00:00,2025-03-02 09:33:17.354428+00:00
11902,35,2025-03-02 02:10:51.444746+00:00,2025-03-02 09:33:17.354428+00:00
1261250,35,2025-03-02 02:10:51.444746+00:00,2025-03-02 09:33:17.354428+00:00
876127,35,2025-03-02 02:10:51.444746+00:00,2025-03-02 09:33:17.354428+00:00
995408,35,2025-03-02 02:10:51.444746+00:00,2025-03-02 09:33:17.354428+00:00
674324,35,2025-03-02 02:10:51.444746+00:00,2025-03-02 09:33:17.354428+00:00
1056133,35,2025-03-02 02:10:51.444746+00:00,2025-03-02 09:33:17.354428+00:00
827689,35,2025-03-02 02:10:51.444746+00:00,2025-03-02 09:33:17.354428+00:00
746036,35,2025-03-02 02:10:51.444746+00:00,2025-03-02 09:33:17.354428+00:00
1024541,36,2025-03-02 02:10:51.444746+00:00,2025-03-02 09:33:17.354428+00:00
620498,36,2025-03-02 02:10:51.444746+00:00,2025-03-02 09:33:17.354428+00:00
644495,36,2025-03-02 02:10:51.444746+00:00,2025-03-02 09:33:17.354428+00:00
588108,36,2025-03-02 02:10:51.444746+00:00,2025-03-02 09:33:17.354428+00:00
806128,53,2025-03-02 02:10:51.444746+00:00,2025-03-02 09:33:17.354428+00:00
865910,53,2025-03-02 02:10:51.444746+00:00,2025-03-02 09:33:17.354428+00:00
694,53,2025-03-02 02:10:51.444746+00:00,2025-03-02 09:33:17.354428+00:00
522931,53,2025-03-02 02:10:51.444746+00:00,2025-03-02 09:33:17.354428+00:00
9613,53,2025-03-02 02:10:51.444746+00:00,2025-03-02 09:33:17.354428+00:00
1043565,53,2025-03-02 02:10:51.444746+00:00,2025-03-02 09:33:17.354428+00:00
640327,80,2025-03-02 02:10:51.444746+00:00,2025-03-02 09:33:17.354428+00:00
925102,80,2025-03-02 02:10:51.444746+00:00,2025-03-02 09:33:17.354428+00:00
1226578,80,2025-03-02 02:10:51.444746+00:00,2025-03-02 09:33:17.354428+00:00
157336,878,2025-03-02 02:10:51.444746+00:00,2025-03-02 09:33:17.354428+00:00
726139,878,2025-03-02 02:10:51.444746+00:00,2025-03-02 09:33:17.354428+00:00
536437,878,2025-03-02 02:10:51.444746+00:00,2025-03-02 09:33:17.354428+00:00
792307,878,2025-03-02 02:10:51.444746+00:00,2025-03-02 09:33:17.354428+00:00
939243,878,2025-03-02 02:10:51.444746+00:00,2025-03-02 09:33:17.354428+00:00
577205,878,2025-03-02 02:10:51.444746+00:00,2025-03-02 09:33:17.354428+00:00
902533,9648,2025-03-02 02:10:51.444746+00:00,2025-03-02 09:33:17.354428+00:00
22970,9648,2025-03-02 02:10:51.444746+00:00,2025-03-02 09:33:17.354428+00:00
532408,9648,2025-03-02 02:10:51.444746+00:00,2025-03-02 09:33:17.354428+00:00
68883,9648,2025-03-02 02:10:51.444746+00:00,2025-03-02 09:33:17.354428+00:00
1361488,99,2025-03-02 02:10:51.444746+00:00,2025-03-02 09:33:17.354428+00:00
1117283,99,2025-03-02 02:10:51.444746+00:00,2025-03-02 09:33:17.354428+00:00
1091360,99,2025-03-02 02:10:51.444746+00:00,2025-03-02 09:33:17.354428+00:00
927480,99,2025-03-02 02:10:51.444746+00:00,2025-03-02 09:33:17.354428+00:00
836723,99,2025-03-02 02:10:51.444746+00:00,2025-03-02 09:33:17.354428+00:00
977156,27,2025-03-02 09:33:17.354428+00:00,2025-03-02 09:33:17.354428+00:00
889699,27,2025-03-02 09:33:17.354428+00:00,2025-03-02 09:33:17.354428+00:00
848538,35,2025-03-02 09:33:17.354428+00:00,2025-03-02 09:33:17.354428+00:00
747779,10749,2025-03-02 02:10:51.444746+00:00,2025-03-02 09:33:17.354428+00:00
753342,10749,2025-03-02 02:10:51.444746+00:00,2025-03-02 09:33:17.354428+00:00
1052160,10749,2025-03-02 02:10:51.444746+00:00,2025-03-02 09:33:17.354428+00:00
9769,10749,2025-03-02 02:10:51.444746+00:00,2025-03-02 09:33:17.354428+00:00
876189,10749,2025-03-02 02:10:51.444746+00:00,2025-03-02 09:33:17.354428+00:00
655082,10749,2025-03-02 02:10:51.444746+00:00,2025-03-02 09:33:17.354428+00:00
860887,10749,2025-03-02 02:10:51.444746+00:00,2025-03-02 09:33:17.354428+00:00
900379,10749,2025-03-02 02:10:51.444746+00:00,2025-03-02 09:33:17.354428+00:00
1112357,10751,2025-03-02 02:10:51.444746+00:00,2025-03-02 09:33:17.354428+00:00
768726,10751,2025-03-02 02:10:51.444746+00:00,2025-03-02 09:33:17.354428+00:00
676710,10751,2025-03-02 02:10:51.444746+00:00,2025-03-02 09:33:17.354428+00:00
955644,12,2025-03-02 02:10:51.444746+00:00,2025-03-02 09:33:17.354428+00:00
912649,12,2025-03-02 02:10:51.444746+00:00,2025-03-02 09:33:17.354428+00:00
924482,12,2025-03-02 02:10:51.444746+00:00,2025-03-02 09:33:17.354428+00:00
893723,12,2025-03-02 02:10:51.444746+00:00,2025-03-02 09:33:17.354428+00:00
1063814,12,2025-03-02 02:10:51.444746+00:00,2025-03-02 09:33:17.354428+00:00
539972,12,2025-03-02 02:10:51.444746+00:00,2025-03-02 09:33:17.354428+00:00
960258,12,2025-03-02 02:10:51.444746+00:00,2025-03-02 09:33:17.354428+00:00
906467,14,2025-03-02 02:10:51.444746+00:00,2025-03-02 09:33:17.354428+00:00
957452,14,2025-03-02 02:10:51.444746+00:00,2025-03-02 09:33:17.354428+00:00
1040148,14,2025-03-02 02:10:51.444746+00:00,2025-03-02 09:33:17.354428+00:00
712178,14,2025-03-02 02:10:51.444746+00:00,2025-03-02 09:33:17.354428+00:00
960139,14,2025-03-02 02:10:51.444746+00:00,2025-03-02 09:33:17.354428+00:00
740823,16,2025-03-02 02:10:51.444746+00:00,2025-03-02 09:33:17.354428+00:00
870360,16,2025-03-02 02:10:51.444746+00:00,2025-03-02 09:33:17.354428+00:00
872976,16,2025-03-02 02:10:51.444746+00:00,2025-03-02 09:33:17.354428+00:00
477044,18,2025-03-02 02:10:51.444746+00:00,2025-03-02 09:33:17.354428+00:00
42454,18,2025-03-02 02:10:51.444746+00:00,2025-03-02 09:33:17.354428+00:00
725133,18,2025-03-02 02:10:51.444746+00:00,2025-03-02 09:33:17.354428+00:00
678299,18,2025-03-02 02:10:51.444746+00:00,2025-03-02 09:33:17.354428+00:00
954094,18,2025-03-02 02:10:51.444746+00:00,2025-03-02 09:33:17.354428+00:00
1272149,18,2025-03-02 02:10:51.444746+00:00,2025-03-02 09:33:17.354428+00:00
660360,18,2025-03-02 02:10:51.444746+00:00,2025-03-02 09:33:17.354428+00:00
900062,18,2025-03-02 02:10:51.444746+00:00,2025-03-02 09:33:17.354428+00:00
1226599,18,2025-03-02 02:10:51.444746+00:00,2025-03-02 09:33:17.354428+00:00
630240,18,2025-03-02 02:10:51.444746+00:00,2025-03-02 09:33:17.354428+00:00
682507,18,2025-03-02 02:10:51.444746+00:00,2025-03-02 09:33:17.354428+00:00
1043997,18,2025-03-02 02:10:51.444746+00:00,2025-03-02 09:33:17.354428+00:00
794246,18,2025-03-02 02:10:51.444746+00:00,2025-03-02 09:33:17.354428+00:00
958279,18,2025-03-02 02:10:51.444746+00:00,2025-03-02 09:33:17.354428+00:00
478860,18,2025-03-02 02:10:51.444746+00:00,2025-03-02 09:33:17.354428+00:00
927594,18,2025-03-02 02:10:51.444746+00:00,2025-03-02 09:33:17.354428+00:00
157336,18,2025-03-02 02:10:51.444746+00:00,2025-03-02 09:33:17.354428+00:00
202885,18,2025-03-02 02:10:51.444746+00:00,2025-03-02 09:33:17.354428+00:00
767246,18,2025-03-02 02:10:51.444746+00:00,2025-03-02 09:33:17.354428+00:00
1628,18,2025-03-02 02:10:51.444746+00:00,2025-03-02 09:33:17.354428+00:00
1164355,27,2025-03-02 02:10:51.444746+00:00,2025-03-02 09:33:17.354428+00:00
957452,27,2025-03-02 02:10:51.444746+00:00,2025-03-02 09:33:17.354428+00:00
852432,27,2025-03-02 02:10:51.444746+00:00,2025-03-02 09:33:17.354428+00:00
1269108,27,2025-03-02 02:10:51.444746+00:00,2025-03-02 09:33:17.354428+00:00
614479,27,2025-03-02 02:10:51.444746+00:00,2025-03-02 09:33:17.354428+00:00
1136558,27,2025-03-02 02:10:51.444746+00:00,2025-03-02 09:33:17.354428+00:00
977177,27,2025-03-02 02:10:51.444746+00:00,2025-03-02 09:33:17.354428+00:00
1300157,27,2025-03-02 02:10:51.444746+00:00,2025-03-02 09:33:17.354428+00:00
746036,28,2025-03-02 02:10:51.444746+00:00,2025-03-02 09:33:17.354428+00:00
739405,28,2025-03-02 02:10:51.444746+00:00,2025-03-02 09:33:17.354428+00:00
1160018,28,2025-03-02 02:10:51.444746+00:00,2025-03-02 09:33:17.354428+00:00
1128650,28,2025-03-02 02:10:51.444746+00:00,2025-03-02 09:33:17.354428+00:00
714650,35,2025-03-02 02:10:51.444746+00:00,2025-03-02 09:33:17.354428+00:00
988402,35,2025-03-02 02:10:51.444746+00:00,2025-03-02 09:33:17.354428+00:00
522931,35,2025-03-02 02:10:51.444746+00:00,2025-03-02 09:33:17.354428+00:00
675353,35,2025-03-02 02:10:51.444746+00:00,2025-03-02 09:33:17.354428+00:00
550988,35,2025-03-02 02:10:51.444746+00:00,2025-03-02 09:33:17.354428+00:00
989238,35,2025-03-02 02:10:51.444746+00:00,2025-03-02 09:33:17.354428+00:00
629542,35,2025-03-02 02:10:51.444746+00:00,2025-03-02 09:33:17.354428+00:00
746257,36,2025-03-02 02:10:51.444746+00:00,2025-03-02 09:33:17.354428+00:00
912726,36,2025-03-02 02:10:51.444746+00:00,2025-03-02 09:33:17.354428+00:00
581,37,2025-03-02 02:10:51.444746+00:00,2025-03-02 09:33:17.354428+00:00
571,53,2025-03-02 02:10:51.444746+00:00,2025-03-02 09:33:17.354428+00:00
889699,53,2025-03-02 02:10:51.444746+00:00,2025-03-02 09:33:17.354428+00:00
936245,53,2025-03-02 02:10:51.444746+00:00,2025-03-02 09:33:17.354428+00:00
1003994,53,2025-03-02 02:10:51.444746+00:00,2025-03-02 09:33:17.354428+00:00
972614,80,2025-03-02 02:10:51.444746+00:00,2025-03-02 09:33:17.354428+00:00
18311,80,2025-03-02 02:10:51.444746+00:00,2025-03-02 09:33:17.354428+00:00
939287,80,2025-03-02 02:10:51.444746+00:00,2025-03-02 09:33:17.354428+00:00
634595,80,2025-03-02 02:10:51.444746+00:00,2025-03-02 09:33:17.354428+00:00
955555,80,2025-03-02 02:10:51.444746+00:00,2025-03-02 09:33:17.354428+00:00
1068602,878,2025-03-02 02:10:51.444746+00:00,2025-03-02 09:33:17.354428+00:00
877269,878,2025-03-02 02:10:51.444746+00:00,2025-03-02 09:33:17.354428+00:00
838240,878,2025-03-02 02:10:51.444746+00:00,2025-03-02 09:33:17.354428+00:00
110,9648,2025-03-02 02:10:51.444746+00:00,2025-03-02 09:33:17.354428+00:00
1113085,9648,2025-03-02 02:10:51.444746+00:00,2025-03-02 09:33:17.354428+00:00
1025301,9648,2025-03-02 02:10:51.444746+00:00,2025-03-02 09:33:17.354428+00:00
984997,99,2025-03-02 02:10:51.444746+00:00,2025-03-02 09:33:17.354428+00:00
1167792,99,2025-03-02 02:10:51.444746+00:00,2025-03-02 09:33:17.354428+00:00
823464,12,2025-03-02 09:33:17.354428+00:00,2025-03-02 09:33:17.354428+00:00
1106501,18,2025-03-02 09:33:17.354428+00:00,2025-03-02 09:33:17.354428+00:00
508444,10402,2025-03-02 02:10:51.444746+00:00,2025-03-02 09:33:17.354428+00:00
194,10749,2025-03-02 02:10:51.444746+00:00,2025-03-02 09:33:17.354428+00:00
937287,10749,2025-03-02 02:10:51.444746+00:00,2025-03-02 09:33:17.354428+00:00
1113085,10749,2025-03-02 02:10:51.444746+00:00,2025-03-02 09:33:17.354428+00:00
769850,10749,2025-03-02 02:10:51.444746+00:00,2025-03-02 09:33:17.354428+00:00
821661,10749,2025-03-02 02:10:51.444746+00:00,2025-03-02 09:33:17.354428+00:00
42726,10749,2025-03-02 02:10:51.444746+00:00,2025-03-02 09:33:17.354428+00:00
977337,10751,2025-03-02 02:10:51.444746+00:00,2025-03-02 09:33:17.354428+00:00
16198,10751,2025-03-02 02:10:51.444746+00:00,2025-03-02 09:33:17.354428+00:00
639721,10751,2025-03-02 02:10:51.444746+00:00,2025-03-02 09:33:17.354428+00:00
681260,10751,2025-03-02 02:10:51.444746+00:00,2025-03-02 09:33:17.354428+00:00
539681,10751,2025-03-02 02:10:51.444746+00:00,2025-03-02 09:33:17.354428+00:00
1088428,10751,2025-03-02 02:10:51.444746+00:00,2025-03-02 09:33:17.354428+00:00
768726,12,2025-03-02 02:10:51.444746+00:00,2025-03-02 09:33:17.354428+00:00
11416,12,2025-03-02 02:10:51.444746+00:00,2025-03-02 09:33:17.354428+00:00
916224,14,2025-03-02 02:10:51.444746+00:00,2025-03-02 09:33:17.354428+00:00
585245,14,2025-03-02 02:10:51.444746+00:00,2025-03-02 09:33:17.354428+00:00
8392,16,2025-03-02 02:10:51.444746+00:00,2025-03-02 09:33:17.354428+00:00
741335,16,2025-03-02 02:10:51.444746+00:00,2025-03-02 09:33:17.354428+00:00
667717,16,2025-03-02 02:10:51.444746+00:00,2025-03-02 09:33:17.354428+00:00
839033,16,2025-03-02 02:10:51.444746+00:00,2025-03-02 09:33:17.354428+00:00
508947,16,2025-03-02 02:10:51.444746+00:00,2025-03-02 09:33:17.354428+00:00
83761,18,2025-03-02 02:10:51.444746+00:00,2025-03-02 09:33:17.354428+00:00
601188,18,2025-03-02 02:10:51.444746+00:00,2025-03-02 09:33:17.354428+00:00
674813,18,2025-03-02 02:10:51.444746+00:00,2025-03-02 09:33:17.354428+00:00
1018,18,2025-03-02 02:10:51.444746+00:00,2025-03-02 09:33:17.354428+00:00
11553,18,2025-03-02 02:10:51.444746+00:00,2025-03-02 09:33:17.354428+00:00
581577,18,2025-03-02 02:10:51.444746+00:00,2025-03-02 09:33:17.354428+00:00
881764,18,2025-03-02 02:10:51.444746+00:00,2025-03-02 09:33:17.354428+00:00
714675,18,2025-03-02 02:10:51.444746+00:00,2025-03-02 09:33:17.354428+00:00
601635,18,2025-03-02 02:10:51.444746+00:00,2025-03-02 09:33:17.354428+00:00
660942,18,2025-03-02 02:10:51.444746+00:00,2025-03-02 09:33:17.354428+00:00
1128650,18,2025-03-02 02:10:51.444746+00:00,2025-03-02 09:33:17.354428+00:00
698201,18,2025-03-02 02:10:51.444746+00:00,2025-03-02 09:33:17.354428+00:00
1029484,18,2025-03-02 02:10:51.444746+00:00,2025-03-02 09:33:17.354428+00:00
956288,18,2025-03-02 02:10:51.444746+00:00,2025-03-02 09:33:17.354428+00:00
821494,18,2025-03-02 02:10:51.444746+00:00,2025-03-02 09:33:17.354428+00:00
1162322,18,2025-03-02 02:10:51.444746+00:00,2025-03-02 09:33:17.354428+00:00
589761,18,2025-03-02 02:10:51.444746+00:00,2025-03-02 09:33:17.354428+00:00
849242,18,2025-03-02 02:10:51.444746+00:00,2025-03-02 09:33:17.354428+00:00
621587,18,2025-03-02 02:10:51.444746+00:00,2025-03-02 09:33:17.354428+00:00
517815,18,2025-03-02 02:10:51.444746+00:00,2025-03-02 09:33:17.354428+00:00
1322616,27,2025-03-02 02:10:51.444746+00:00,2025-03-02 09:33:17.354428+00:00
988900,27,2025-03-02 02:10:51.444746+00:00,2025-03-02 09:33:17.354428+00:00
22970,27,2025-03-02 02:10:51.444746+00:00,2025-03-02 09:33:17.354428+00:00
1087822,27,2025-03-02 02:10:51.444746+00:00,2025-03-02 09:33:17.354428+00:00
1226578,27,2025-03-02 02:10:51.444746+00:00,2025-03-02 09:33:17.354428+00:00
1933,27,2025-03-02 02:10:51.444746+00:00,2025-03-02 09:33:17.354428+00:00
1100705,27,2025-03-02 02:10:51.444746+00:00,2025-03-02 09:33:17.354428+00:00
1177518,27,2025-03-02 02:10:51.444746+00:00,2025-03-02 09:33:17.354428+00:00
1257388,27,2025-03-02 02:10:51.444746+00:00,2025-03-02 09:33:17.354428+00:00
927107,28,2025-03-02 02:10:51.444746+00:00,2025-03-02 09:33:17.354428+00:00
447365,28,2025-03-02 02:10:51.444746+00:00,2025-03-02 09:33:17.354428+00:00
882569,28,2025-03-02 02:10:51.444746+00:00,2025-03-02 09:33:17.354428+00:00
1303162,28,2025-03-02 02:10:51.444746+00:00,2025-03-02 09:33:17.354428+00:00
626735,35,2025-03-02 02:10:51.444746+00:00,2025-03-02 09:33:17.354428+00:00
820067,35,2025-03-02 02:10:51.444746+00:00,2025-03-02 09:33:17.354428+00:00
1119114,35,2025-03-02 02:10:51.444746+00:00,2025-03-02 09:33:17.354428+00:00
1208997,35,2025-03-02 02:10:51.444746+00:00,2025-03-02 09:33:17.354428+00:00
884605,35,2025-03-02 02:10:51.444746+00:00,2025-03-02 09:33:17.354428+00:00
1011985,35,2025-03-02 02:10:51.444746+00:00,2025-03-02 09:33:17.354428+00:00
794246,35,2025-03-02 02:10:51.444746+00:00,2025-03-02 09:33:17.354428+00:00
508943,35,2025-03-02 02:10:51.444746+00:00,2025-03-02 09:33:17.354428+00:00
253235,35,2025-03-02 02:10:51.444746+00:00,2025-03-02 09:33:17.354428+00:00
765,35,2025-03-02 02:10:51.444746+00:00,2025-03-02 09:33:17.354428+00:00
109,35,2025-03-02 02:10:51.444746+00:00,2025-03-02 09:33:17.354428+00:00
900379,35,2025-03-02 02:10:51.444746+00:00,2025-03-02 09:33:17.354428+00:00
617653,36,2025-03-02 02:10:51.444746+00:00,2025-03-02 09:33:17.354428+00:00
1369566,53,2025-03-02 02:10:51.444746+00:00,2025-03-02 09:33:17.354428+00:00
964592,53,2025-03-02 02:10:51.444746+00:00,2025-03-02 09:33:17.354428+00:00
581395,53,2025-03-02 02:10:51.444746+00:00,2025-03-02 09:33:17.354428+00:00
646683,53,2025-03-02 02:10:51.444746+00:00,2025-03-02 09:33:17.354428+00:00
741329,80,2025-03-02 02:10:51.444746+00:00,2025-03-02 09:33:17.354428+00:00
78450,80,2025-03-02 02:10:51.444746+00:00,2025-03-02 09:33:17.354428+00:00
1006763,80,2025-03-02 02:10:51.444746+00:00,2025-03-02 09:33:17.354428+00:00
1128650,80,2025-03-02 02:10:51.444746+00:00,2025-03-02 09:33:17.354428+00:00
936286,80,2025-03-02 02:10:51.444746+00:00,2025-03-02 09:33:17.354428+00:00
715253,80,2025-03-02 02:10:51.444746+00:00,2025-03-02 09:33:17.354428+00:00
957112,878,2025-03-02 02:10:51.444746+00:00,2025-03-02 09:33:17.354428+00:00
850099,878,2025-03-02 02:10:51.444746+00:00,2025-03-02 09:33:17.354428+00:00
365177,878,2025-03-02 02:10:51.444746+00:00,2025-03-02 09:33:17.354428+00:00
667538,878,2025-03-02 02:10:51.444746+00:00,2025-03-02 09:33:17.354428+00:00
604605,878,2025-03-02 02:10:51.444746+00:00,2025-03-02 09:33:17.354428+00:00
934957,9648,2025-03-02 02:10:51.444746+00:00,2025-03-02 09:33:17.354428+00:00
646385,9648,2025-03-02 02:10:51.444746+00:00,2025-03-02 09:33:17.354428+00:00
520023,9648,2025-03-02 02:10:51.444746+00:00,2025-03-02 09:33:17.354428+00:00
989473,9648,2025-03-02 02:10:51.444746+00:00,2025-03-02 09:33:17.354428+00:00
956564,9648,2025-03-02 02:10:51.444746+00:00,2025-03-02 09:33:17.354428+00:00
1104840,99,2025-03-02 02:10:51.444746+00:00,2025-03-02 09:33:17.354428+00:00
438148,35,2025-03-02 09:33:17.354428+00:00,2025-03-02 09:33:17.354428+00:00
640146,28,2025-03-02 09:33:17.354428+00:00,2025-03-02 09:33:17.354428+00:00
255856,10749,2025-03-02 02:10:51.444746+00:00,2025-03-02 09:33:17.354428+00:00
11553,10749,2025-03-02 02:10:51.444746+00:00,2025-03-02 09:33:17.354428+00:00
810674,10749,2025-03-02 02:10:51.444746+00:00,2025-03-02 09:33:17.354428+00:00
989232,10749,2025-03-02 02:10:51.444746+00:00,2025-03-02 09:33:17.354428+00:00
1094482,10749,2025-03-02 02:10:51.444746+00:00,2025-03-02 09:33:17.354428+00:00
1078374,10749,2025-03-02 02:10:51.444746+00:00,2025-03-02 09:33:17.354428+00:00
1148677,10751,2025-03-02 02:10:51.444746+00:00,2025-03-02 09:33:17.354428+00:00
1140221,10751,2025-03-02 02:10:51.444746+00:00,2025-03-02 09:33:17.354428+00:00
753342,10752,2025-03-02 02:10:51.444746+00:00,2025-03-02 09:33:17.354428+00:00
575264,12,2025-03-02 02:10:51.444746+00:00,2025-03-02 09:33:17.354428+00:00
1235926,14,2025-03-02 02:10:51.444746+00:00,2025-03-02 09:33:17.354428+00:00
740823,14,2025-03-02 02:10:51.444746+00:00,2025-03-02 09:33:17.354428+00:00
995387,14,2025-03-02 02:10:51.444746+00:00,2025-03-02 09:33:17.354428+00:00
70160,14,2025-03-02 02:10:51.444746+00:00,2025-03-02 09:33:17.354428+00:00
1061855,16,2025-03-02 02:10:51.444746+00:00,2025-03-02 09:33:17.354428+00:00
782054,16,2025-03-02 02:10:51.444746+00:00,2025-03-02 09:33:17.354428+00:00
1012201,16,2025-03-02 02:10:51.444746+00:00,2025-03-02 09:33:17.354428+00:00
616020,16,2025-03-02 02:10:51.444746+00:00,2025-03-02 09:33:17.354428+00:00
1287986,18,2025-03-02 02:10:51.444746+00:00,2025-03-02 09:33:17.354428+00:00
11104,18,2025-03-02 02:10:51.444746+00:00,2025-03-02 09:33:17.354428+00:00
1053587,18,2025-03-02 02:10:51.444746+00:00,2025-03-02 09:33:17.354428+00:00
1000862,18,2025-03-02 02:10:51.444746+00:00,2025-03-02 09:33:17.354428+00:00
670,18,2025-03-02 02:10:51.444746+00:00,2025-03-02 09:33:17.354428+00:00
556694,18,2025-03-02 02:10:51.444746+00:00,2025-03-02 09:33:17.354428+00:00
947514,18,2025-03-02 02:10:51.444746+00:00,2025-03-02 09:33:17.354428+00:00
1140535,18,2025-03-02 02:10:51.444746+00:00,2025-03-02 09:33:17.354428+00:00
789910,18,2025-03-02 02:10:51.444746+00:00,2025-03-02 09:33:17.354428+00:00
951048,18,2025-03-02 02:10:51.444746+00:00,2025-03-02 09:33:17.354428+00:00
925102,18,2025-03-02 02:10:51.444746+00:00,2025-03-02 09:33:17.354428+00:00
795797,18,2025-03-02 02:10:51.444746+00:00,2025-03-02 09:33:17.354428+00:00
859798,18,2025-03-02 02:10:51.444746+00:00,2025-03-02 09:33:17.354428+00:00
48231,18,2025-03-02 02:10:51.444746+00:00,2025-03-02 09:33:17.354428+00:00
939287,18,2025-03-02 02:10:51.444746+00:00,2025-03-02 09:33:17.354428+00:00
893723,18,2025-03-02 02:10:51.444746+00:00,2025-03-02 09:33:17.354428+00:00
869886,18,2025-03-02 02:10:51.444746+00:00,2025-03-02 09:33:17.354428+00:00
1330874,18,2025-03-02 02:10:51.444746+00:00,2025-03-02 09:33:17.354428+00:00
741335,18,2025-03-02 02:10:51.444746+00:00,2025-03-02 09:33:17.354428+00:00
81296,18,2025-03-02 02:10:51.444746+00:00,2025-03-02 09:33:17.354428+00:00
1219522,18,2025-03-02 02:10:51.444746+00:00,2025-03-02 09:33:17.354428+00:00
727340,18,2025-03-02 02:10:51.444746+00:00,2025-03-02 09:33:17.354428+00:00
572154,18,2025-03-02 02:10:51.444746+00:00,2025-03-02 09:33:17.354428+00:00
1255316,18,2025-03-02 02:10:51.444746+00:00,2025-03-02 09:33:17.354428+00:00
581,18,2025-03-02 02:10:51.444746+00:00,2025-03-02 09:33:17.354428+00:00
1035872,18,2025-03-02 02:10:51.444746+00:00,2025-03-02 09:33:17.354428+00:00
29264,18,2025-03-02 02:10:51.444746+00:00,2025-03-02 09:33:17.354428+00:00
959558,27,2025-03-02 02:10:51.444746+00:00,2025-03-02 09:33:17.354428+00:00
765,27,2025-03-02 02:10:51.444746+00:00,2025-03-02 09:33:17.354428+00:00
934207,27,2025-03-02 02:10:51.444746+00:00,2025-03-02 09:33:17.354428+00:00
890771,27,2025-03-02 02:10:51.444746+00:00,2025-03-02 09:33:17.354428+00:00
571,27,2025-03-02 02:10:51.444746+00:00,2025-03-02 09:33:17.354428+00:00
335787,28,2025-03-02 02:10:51.444746+00:00,2025-03-02 09:33:17.354428+00:00
955555,28,2025-03-02 02:10:51.444746+00:00,2025-03-02 09:33:17.354428+00:00
104,28,2025-03-02 02:10:51.444746+00:00,2025-03-02 09:33:17.354428+00:00
715253,28,2025-03-02 02:10:51.444746+00:00,2025-03-02 09:33:17.354428+00:00
670,28,2025-03-02 02:10:51.444746+00:00,2025-03-02 09:33:17.354428+00:00
616037,28,2025-03-02 02:10:51.444746+00:00,2025-03-02 09:33:17.354428+00:00
1306434,35,2025-03-02 02:10:51.444746+00:00,2025-03-02 09:33:17.354428+00:00
478376,35,2025-03-02 02:10:51.444746+00:00,2025-03-02 09:33:17.354428+00:00
842607,35,2025-03-02 02:10:51.444746+00:00,2025-03-02 09:33:17.354428+00:00
71,35,2025-03-02 02:10:51.444746+00:00,2025-03-02 09:33:17.354428+00:00
1272149,35,2025-03-02 02:10:51.444746+00:00,2025-03-02 09:33:17.354428+00:00
1005259,35,2025-03-02 02:10:51.444746+00:00,2025-03-02 09:33:17.354428+00:00
531428,36,2025-03-02 02:10:51.444746+00:00,2025-03-02 09:33:17.354428+00:00
560008,36,2025-03-02 02:10:51.444746+00:00,2025-03-02 09:33:17.354428+00:00
1164355,53,2025-03-02 02:10:51.444746+00:00,2025-03-02 09:33:17.354428+00:00
1008043,53,2025-03-02 02:10:51.444746+00:00,2025-03-02 09:33:17.354428+00:00
924482,53,2025-03-02 02:10:51.444746+00:00,2025-03-02 09:33:17.354428+00:00
1172012,53,2025-03-02 02:10:51.444746+00:00,2025-03-02 09:33:17.354428+00:00
811596,53,2025-03-02 02:10:51.444746+00:00,2025-03-02 09:33:17.354428+00:00
882580,53,2025-03-02 02:10:51.444746+00:00,2025-03-02 09:33:17.354428+00:00
1017163,53,2025-03-02 02:10:51.444746+00:00,2025-03-02 09:33:17.354428+00:00
11647,53,2025-03-02 02:10:51.444746+00:00,2025-03-02 09:33:17.354428+00:00
5492,53,2025-03-02 02:10:51.444746+00:00,2025-03-02 09:33:17.354428+00:00
1138194,53,2025-03-02 02:10:51.444746+00:00,2025-03-02 09:33:17.354428+00:00
943737,80,2025-03-02 02:10:51.444746+00:00,2025-03-02 09:33:17.354428+00:00
689700,80,2025-03-02 02:10:51.444746+00:00,2025-03-02 09:33:17.354428+00:00
454161,80,2025-03-02 02:10:51.444746+00:00,2025-03-02 09:33:17.354428+00:00
643532,80,2025-03-02 02:10:51.444746+00:00,2025-03-02 09:33:17.354428+00:00
852758,80,2025-03-02 02:10:51.444746+00:00,2025-03-02 09:33:17.354428+00:00
2742,80,2025-03-02 02:10:51.444746+00:00,2025-03-02 09:33:17.354428+00:00
750253,80,2025-03-02 02:10:51.444746+00:00,2025-03-02 09:33:17.354428+00:00
11471,80,2025-03-02 02:10:51.444746+00:00,2025-03-02 09:33:17.354428+00:00
1059572,878,2025-03-02 02:10:51.444746+00:00,2025-03-02 09:33:17.354428+00:00
101299,878,2025-03-02 02:10:51.444746+00:00,2025-03-02 09:33:17.354428+00:00
951491,9648,2025-03-02 02:10:51.444746+00:00,2025-03-02 09:33:17.354428+00:00
1024773,9648,2025-03-02 02:10:51.444746+00:00,2025-03-02 09:33:17.354428+00:00
1041613,9648,2025-03-02 02:10:51.444746+00:00,2025-03-02 09:33:17.354428+00:00
1050035,9648,2025-03-02 02:10:51.444746+00:00,2025-03-02 09:33:17.354428+00:00
1004685,99,2025-03-02 02:10:51.444746+00:00,2025-03-02 09:33:17.354428+00:00
1025309,99,2025-03-02 02:10:51.444746+00:00,2025-03-02 09:33:17.354428+00:00
361743,28,2025-03-02 09:33:17.354428+00:00,2025-03-02 09:33:17.354428+00:00
830784,10402,2025-03-02 02:10:51.444746+00:00,2025-03-02 09:33:17.354428+00:00
756198,10749,2025-03-02 02:10:51.444746+00:00,2025-03-02 09:33:17.354428+00:00
85033,10749,2025-03-02 02:10:51.444746+00:00,2025-03-02 09:33:17.354428+00:00
1022830,10749,2025-03-02 02:10:51.444746+00:00,2025-03-02 09:33:17.354428+00:00
879008,10749,2025-03-02 02:10:51.444746+00:00,2025-03-02 09:33:17.354428+00:00
54201,10749,2025-03-02 02:10:51.444746+00:00,2025-03-02 09:33:17.354428+00:00
8392,10751,2025-03-02 02:10:51.444746+00:00,2025-03-02 09:33:17.354428+00:00
160642,10751,2025-03-02 02:10:51.444746+00:00,2025-03-02 09:33:17.354428+00:00
864101,10751,2025-03-02 02:10:51.444746+00:00,2025-03-02 09:33:17.354428+00:00
639720,10751,2025-03-02 02:10:51.444746+00:00,2025-03-02 09:33:17.354428+00:00
1221404,10751,2025-03-02 02:10:51.444746+00:00,2025-03-02 09:33:17.354428+00:00
265712,12,2025-03-02 02:10:51.444746+00:00,2025-03-02 09:33:17.354428+00:00
961418,14,2025-03-02 02:10:51.444746+00:00,2025-03-02 09:33:17.354428+00:00
496331,14,2025-03-02 02:10:51.444746+00:00,2025-03-02 09:33:17.354428+00:00
508943,14,2025-03-02 02:10:51.444746+00:00,2025-03-02 09:33:17.354428+00:00
674,14,2025-03-02 02:10:51.444746+00:00,2025-03-02 09:33:17.354428+00:00
296271,14,2025-03-02 02:10:51.444746+00:00,2025-03-02 09:33:17.354428+00:00
15283,14,2025-03-02 02:10:51.444746+00:00,2025-03-02 09:33:17.354428+00:00
508883,16,2025-03-02 02:10:51.444746+00:00,2025-03-02 09:33:17.354428+00:00
942881,16,2025-03-02 02:10:51.444746+00:00,2025-03-02 09:33:17.354428+00:00
893366,16,2025-03-02 02:10:51.444746+00:00,2025-03-02 09:33:17.354428+00:00
976573,16,2025-03-02 02:10:51.444746+00:00,2025-03-02 09:33:17.354428+00:00
906467,18,2025-03-02 02:10:51.444746+00:00,2025-03-02 09:33:17.354428+00:00
952438,18,2025-03-02 02:10:51.444746+00:00,2025-03-02 09:33:17.354428+00:00
1006012,18,2025-03-02 02:10:51.444746+00:00,2025-03-02 09:33:17.354428+00:00
781453,18,2025-03-02 02:10:51.444746+00:00,2025-03-02 09:33:17.354428+00:00
1064872,18,2025-03-02 02:10:51.444746+00:00,2025-03-02 09:33:17.354428+00:00
42035,18,2025-03-02 02:10:51.444746+00:00,2025-03-02 09:33:17.354428+00:00
1163269,18,2025-03-02 02:10:51.444746+00:00,2025-03-02 09:33:17.354428+00:00
749136,18,2025-03-02 02:10:51.444746+00:00,2025-03-02 09:33:17.354428+00:00
262828,18,2025-03-02 02:10:51.444746+00:00,2025-03-02 09:33:17.354428+00:00
1024298,18,2025-03-02 02:10:51.444746+00:00,2025-03-02 09:33:17.354428+00:00
890526,18,2025-03-02 02:10:51.444746+00:00,2025-03-02 09:33:17.354428+00:00
803694,18,2025-03-02 02:10:51.444746+00:00,2025-03-02 09:33:17.354428+00:00
511819,18,2025-03-02 02:10:51.444746+00:00,2025-03-02 09:33:17.354428+00:00
68837,18,2025-03-02 02:10:51.444746+00:00,2025-03-02 09:33:17.354428+00:00
605886,18,2025-03-02 02:10:51.444746+00:00,2025-03-02 09:33:17.354428+00:00
616747,18,2025-03-02 02:10:51.444746+00:00,2025-03-02 09:33:17.354428+00:00
1290206,18,2025-03-02 02:10:51.444746+00:00,2025-03-02 09:33:17.354428+00:00
896639,18,2025-03-02 02:10:51.444746+00:00,2025-03-02 09:33:17.354428+00:00
9343,18,2025-03-02 02:10:51.444746+00:00,2025-03-02 09:33:17.354428+00:00
1250407,18,2025-03-02 02:10:51.444746+00:00,2025-03-02 09:33:17.354428+00:00
1007962,18,2025-03-02 02:10:51.444746+00:00,2025-03-02 09:33:17.354428+00:00
981715,18,2025-03-02 02:10:51.444746+00:00,2025-03-02 09:33:17.354428+00:00
943134,18,2025-03-02 02:10:51.444746+00:00,2025-03-02 09:33:17.354428+00:00
962489,18,2025-03-02 02:10:51.444746+00:00,2025-03-02 09:33:17.354428+00:00
717694,18,2025-03-02 02:10:51.444746+00:00,2025-03-02 09:33:17.354428+00:00
736720,27,2025-03-02 02:10:51.444746+00:00,2025-03-02 09:33:17.354428+00:00
762079,27,2025-03-02 02:10:51.444746+00:00,2025-03-02 09:33:17.354428+00:00
423108,27,2025-03-02 02:10:51.444746+00:00,2025-03-02 09:33:17.354428+00:00
626129,27,2025-03-02 02:10:51.444746+00:00,2025-03-02 09:33:17.354428+00:00
576845,27,2025-03-02 02:10:51.444746+00:00,2025-03-02 09:33:17.354428+00:00
660942,27,2025-03-02 02:10:51.444746+00:00,2025-03-02 09:33:17.354428+00:00
664561,27,2025-03-02 02:10:51.444746+00:00,2025-03-02 09:33:17.354428+00:00
917717,27,2025-03-02 02:10:51.444746+00:00,2025-03-02 09:33:17.354428+00:00
918035,27,2025-03-02 02:10:51.444746+00:00,2025-03-02 09:33:17.354428+00:00
1056133,28,2025-03-02 02:10:51.444746+00:00,2025-03-02 09:33:17.354428+00:00
929590,28,2025-03-02 02:10:51.444746+00:00,2025-03-02 09:33:17.354428+00:00
1002780,28,2025-03-02 02:10:51.444746+00:00,2025-03-02 09:33:17.354428+00:00
505642,28,2025-03-02 02:10:51.444746+00:00,2025-03-02 09:33:17.354428+00:00
19995,28,2025-03-02 02:10:51.444746+00:00,2025-03-02 09:33:17.354428+00:00
630217,35,2025-03-02 02:10:51.444746+00:00,2025-03-02 09:33:17.354428+00:00
931102,35,2025-03-02 02:10:51.444746+00:00,2025-03-02 09:33:17.354428+00:00
1129610,35,2025-03-02 02:10:51.444746+00:00,2025-03-02 09:33:17.354428+00:00
516729,35,2025-03-02 02:10:51.444746+00:00,2025-03-02 09:33:17.354428+00:00
787699,35,2025-03-02 02:10:51.444746+00:00,2025-03-02 09:33:17.354428+00:00
748783,35,2025-03-02 02:10:51.444746+00:00,2025-03-02 09:33:17.354428+00:00
346698,35,2025-03-02 02:10:51.444746+00:00,2025-03-02 09:33:17.354428+00:00
639720,35,2025-03-02 02:10:51.444746+00:00,2025-03-02 09:33:17.354428+00:00
1070507,35,2025-03-02 02:10:51.444746+00:00,2025-03-02 09:33:17.354428+00:00
1226599,35,2025-03-02 02:10:51.444746+00:00,2025-03-02 09:33:17.354428+00:00
8088,53,2025-03-02 02:10:51.444746+00:00,2025-03-02 09:33:17.354428+00:00
1093453,53,2025-03-02 02:10:51.444746+00:00,2025-03-02 09:33:17.354428+00:00
783121,53,2025-03-02 02:10:51.444746+00:00,2025-03-02 09:33:17.354428+00:00
994128,53,2025-03-02 02:10:51.444746+00:00,2025-03-02 09:33:17.354428+00:00
726139,53,2025-03-02 02:10:51.444746+00:00,2025-03-02 09:33:17.354428+00:00
542917,53,2025-03-02 02:10:51.444746+00:00,2025-03-02 09:33:17.354428+00:00
876969,53,2025-03-02 02:10:51.444746+00:00,2025-03-02 09:33:17.354428+00:00
104,53,2025-03-02 02:10:51.444746+00:00,2025-03-02 09:33:17.354428+00:00
3176,53,2025-03-02 02:10:51.444746+00:00,2025-03-02 09:33:17.354428+00:00
1017063,53,2025-03-02 02:10:51.444746+00:00,2025-03-02 09:33:17.354428+00:00
925459,53,2025-03-02 02:10:51.444746+00:00,2025-03-02 09:33:17.354428+00:00
8222,80,2025-03-02 02:10:51.444746+00:00,2025-03-02 09:33:17.354428+00:00
604685,80,2025-03-02 02:10:51.444746+00:00,2025-03-02 09:33:17.354428+00:00
513692,80,2025-03-02 02:10:51.444746+00:00,2025-03-02 09:33:17.354428+00:00
824738,80,2025-03-02 02:10:51.444746+00:00,2025-03-02 09:33:17.354428+00:00
1043565,80,2025-03-02 02:10:51.444746+00:00,2025-03-02 09:33:17.354428+00:00
522931,80,2025-03-02 02:10:51.444746+00:00,2025-03-02 09:33:17.354428+00:00
511819,878,2025-03-02 02:10:51.444746+00:00,2025-03-02 09:33:17.354428+00:00
185,878,2025-03-02 02:10:51.444746+00:00,2025-03-02 09:33:17.354428+00:00
454161,9648,2025-03-02 02:10:51.444746+00:00,2025-03-02 09:33:17.354428+00:00
731684,9648,2025-03-02 02:10:51.444746+00:00,2025-03-02 09:33:17.354428+00:00
655917,9648,2025-03-02 02:10:51.444746+00:00,2025-03-02 09:33:17.354428+00:00
983883,9648,2025-03-02 02:10:51.444746+00:00,2025-03-02 09:33:17.354428+00:00
952127,9648,2025-03-02 02:10:51.444746+00:00,2025-03-02 09:33:17.354428+00:00
990326,9648,2025-03-02 02:10:51.444746+00:00,2025-03-02 09:33:17.354428+00:00
505026,9648,2025-03-02 02:10:51.444746+00:00,2025-03-02 09:33:17.354428+00:00
896639,99,2025-03-02 02:10:51.444746+00:00,2025-03-02 09:33:17.354428+00:00
816752,99,2025-03-02 02:10:51.444746+00:00,2025-03-02 09:33:17.354428+00:00
799766,10402,2025-03-02 02:10:51.444746+00:00,2025-03-02 09:33:17.354428+00:00
11010,10749,2025-03-02 02:10:51.444746+00:00,2025-03-02 09:33:17.354428+00:00
1064662,10749,2025-03-02 02:10:51.444746+00:00,2025-03-02 09:33:17.354428+00:00
12924,10749,2025-03-02 02:10:51.444746+00:00,2025-03-02 09:33:17.354428+00:00
1210973,10749,2025-03-02 02:10:51.444746+00:00,2025-03-02 09:33:17.354428+00:00
37910,10749,2025-03-02 02:10:51.444746+00:00,2025-03-02 09:33:17.354428+00:00
682507,10749,2025-03-02 02:10:51.444746+00:00,2025-03-02 09:33:17.354428+00:00
1029484,10749,2025-03-02 02:10:51.444746+00:00,2025-03-02 09:33:17.354428+00:00
588921,10751,2025-03-02 02:10:51.444746+00:00,2025-03-02 09:33:17.354428+00:00
610249,10751,2025-03-02 02:10:51.444746+00:00,2025-03-02 09:33:17.354428+00:00
225728,10752,2025-03-02 02:10:51.444746+00:00,2025-03-02 09:33:17.354428+00:00
15383,10752,2025-03-02 02:10:51.444746+00:00,2025-03-02 09:33:17.354428+00:00
763539,12,2025-03-02 02:10:51.444746+00:00,2025-03-02 09:33:17.354428+00:00
695089,12,2025-03-02 02:10:51.444746+00:00,2025-03-02 09:33:17.354428+00:00
876792,12,2025-03-02 02:10:51.444746+00:00,2025-03-02 09:33:17.354428+00:00
996666,14,2025-03-02 02:10:51.444746+00:00,2025-03-02 09:33:17.354428+00:00
660942,14,2025-03-02 02:10:51.444746+00:00,2025-03-02 09:33:17.354428+00:00
977337,14,2025-03-02 02:10:51.444746+00:00,2025-03-02 09:33:17.354428+00:00
1303162,14,2025-03-02 02:10:51.444746+00:00,2025-03-02 09:33:17.354428+00:00
925725,14,2025-03-02 02:10:51.444746+00:00,2025-03-02 09:33:17.354428+00:00
626412,14,2025-03-02 02:10:51.444746+00:00,2025-03-02 09:33:17.354428+00:00
572154,14,2025-03-02 02:10:51.444746+00:00,2025-03-02 09:33:17.354428+00:00
571468,14,2025-03-02 02:10:51.444746+00:00,2025-03-02 09:33:17.354428+00:00
402431,14,2025-03-02 02:10:51.444746+00:00,2025-03-02 09:33:17.354428+00:00
636283,16,2025-03-02 02:10:51.444746+00:00,2025-03-02 09:33:17.354428+00:00
1103432,16,2025-03-02 02:10:51.444746+00:00,2025-03-02 09:33:17.354428+00:00
877840,16,2025-03-02 02:10:51.444746+00:00,2025-03-02 09:33:17.354428+00:00
1026182,16,2025-03-02 02:10:51.444746+00:00,2025-03-02 09:33:17.354428+00:00
576925,16,2025-03-02 02:10:51.444746+00:00,2025-03-02 09:33:17.354428+00:00
901362,16,2025-03-02 02:10:51.444746+00:00,2025-03-02 09:33:17.354428+00:00
664469,18,2025-03-02 02:10:51.444746+00:00,2025-03-02 09:33:17.354428+00:00
1280832,18,2025-03-02 02:10:51.444746+00:00,2025-03-02 09:33:17.354428+00:00
1088851,18,2025-03-02 02:10:51.444746+00:00,2025-03-02 09:33:17.354428+00:00
1283793,18,2025-03-02 02:10:51.444746+00:00,2025-03-02 09:33:17.354428+00:00
560008,18,2025-03-02 02:10:51.444746+00:00,2025-03-02 09:33:17.354428+00:00
1140221,18,2025-03-02 02:10:51.444746+00:00,2025-03-02 09:33:17.354428+00:00
628922,18,2025-03-02 02:10:51.444746+00:00,2025-03-02 09:33:17.354428+00:00
15080,18,2025-03-02 02:10:51.444746+00:00,2025-03-02 09:33:17.354428+00:00
1040284,18,2025-03-02 02:10:51.444746+00:00,2025-03-02 09:33:17.354428+00:00
11948,18,2025-03-02 02:10:51.444746+00:00,2025-03-02 09:33:17.354428+00:00
655082,18,2025-03-02 02:10:51.444746+00:00,2025-03-02 09:33:17.354428+00:00
253235,18,2025-03-02 02:10:51.444746+00:00,2025-03-02 09:33:17.354428+00:00
1007976,18,2025-03-02 02:10:51.444746+00:00,2025-03-02 09:33:17.354428+00:00
1053600,18,2025-03-02 02:10:51.444746+00:00,2025-03-02 09:33:17.354428+00:00
881693,18,2025-03-02 02:10:51.444746+00:00,2025-03-02 09:33:17.354428+00:00
606400,18,2025-03-02 02:10:51.444746+00:00,2025-03-02 09:33:17.354428+00:00
149871,18,2025-03-02 02:10:51.444746+00:00,2025-03-02 09:33:17.354428+00:00
614917,18,2025-03-02 02:10:51.444746+00:00,2025-03-02 09:33:17.354428+00:00
640092,18,2025-03-02 02:10:51.444746+00:00,2025-03-02 09:33:17.354428+00:00
438030,18,2025-03-02 02:10:51.444746+00:00,2025-03-02 09:33:17.354428+00:00
1034660,18,2025-03-02 02:10:51.444746+00:00,2025-03-02 09:33:17.354428+00:00
348869,18,2025-03-02 02:10:51.444746+00:00,2025-03-02 09:33:17.354428+00:00
898673,18,2025-03-02 02:10:51.444746+00:00,2025-03-02 09:33:17.354428+00:00
1070507,18,2025-03-02 02:10:51.444746+00:00,2025-03-02 09:33:17.354428+00:00
975056,18,2025-03-02 02:10:51.444746+00:00,2025-03-02 09:33:17.354428+00:00
797838,18,2025-03-02 02:10:51.444746+00:00,2025-03-02 09:33:17.354428+00:00
998625,18,2025-03-02 02:10:51.444746+00:00,2025-03-02 09:33:17.354428+00:00
37335,18,2025-03-02 02:10:51.444746+00:00,2025-03-02 09:33:17.354428+00:00
11298,27,2025-03-02 02:10:51.444746+00:00,2025-03-02 09:33:17.354428+00:00
1244361,27,2025-03-02 02:10:51.444746+00:00,2025-03-02 09:33:17.354428+00:00
915403,28,2025-03-02 02:10:51.444746+00:00,2025-03-02 09:33:17.354428+00:00
826749,28,2025-03-02 02:10:51.444746+00:00,2025-03-02 09:33:17.354428+00:00
783121,28,2025-03-02 02:10:51.444746+00:00,2025-03-02 09:33:17.354428+00:00
752623,35,2025-03-02 02:10:51.444746+00:00,2025-03-02 09:33:17.354428+00:00
700819,35,2025-03-02 02:10:51.444746+00:00,2025-03-02 09:33:17.354428+00:00
899743,35,2025-03-02 02:10:51.444746+00:00,2025-03-02 09:33:17.354428+00:00
736732,35,2025-03-02 02:10:51.444746+00:00,2025-03-02 09:33:17.354428+00:00
757341,35,2025-03-02 02:10:51.444746+00:00,2025-03-02 09:33:17.354428+00:00
778810,35,2025-03-02 02:10:51.444746+00:00,2025-03-02 09:33:17.354428+00:00
923579,35,2025-03-02 02:10:51.444746+00:00,2025-03-02 09:33:17.354428+00:00
1278652,35,2025-03-02 02:10:51.444746+00:00,2025-03-02 09:33:17.354428+00:00
863857,35,2025-03-02 02:10:51.444746+00:00,2025-03-02 09:33:17.354428+00:00
726657,36,2025-03-02 02:10:51.444746+00:00,2025-03-02 09:33:17.354428+00:00
958179,36,2025-03-02 02:10:51.444746+00:00,2025-03-02 09:33:17.354428+00:00
10452,36,2025-03-02 02:10:51.444746+00:00,2025-03-02 09:33:17.354428+00:00
1005555,36,2025-03-02 02:10:51.444746+00:00,2025-03-02 09:33:17.354428+00:00
963765,37,2025-03-02 02:10:51.444746+00:00,2025-03-02 09:33:17.354428+00:00
798362,53,2025-03-02 02:10:51.444746+00:00,2025-03-02 09:33:17.354428+00:00
884,53,2025-03-02 02:10:51.444746+00:00,2025-03-02 09:33:17.354428+00:00
763164,53,2025-03-02 02:10:51.444746+00:00,2025-03-02 09:33:17.354428+00:00
1064801,53,2025-03-02 02:10:51.444746+00:00,2025-03-02 09:33:17.354428+00:00
939879,53,2025-03-02 02:10:51.444746+00:00,2025-03-02 09:33:17.354428+00:00
482373,53,2025-03-02 02:10:51.444746+00:00,2025-03-02 09:33:17.354428+00:00
960258,53,2025-03-02 02:10:51.444746+00:00,2025-03-02 09:33:17.354428+00:00
715253,53,2025-03-02 02:10:51.444746+00:00,2025-03-02 09:33:17.354428+00:00
1006763,53,2025-03-02 02:10:51.444746+00:00,2025-03-02 09:33:17.354428+00:00
1327383,53,2025-03-02 02:10:51.444746+00:00,2025-03-02 09:33:17.354428+00:00
505642,878,2025-03-02 02:10:51.444746+00:00,2025-03-02 09:33:17.354428+00:00
968146,878,2025-03-02 02:10:51.444746+00:00,2025-03-02 09:33:17.354428+00:00
8072,9648,2025-03-02 02:10:51.444746+00:00,2025-03-02 09:33:17.354428+00:00
768362,9648,2025-03-02 02:10:51.444746+00:00,2025-03-02 09:33:17.354428+00:00
51550,9648,2025-03-02 02:10:51.444746+00:00,2025-03-02 09:33:17.354428+00:00
844398,9648,2025-03-02 02:10:51.444746+00:00,2025-03-02 09:33:17.354428+00:00
964592,9648,2025-03-02 02:10:51.444746+00:00,2025-03-02 09:33:17.354428+00:00
850884,99,2025-03-02 02:10:51.444746+00:00,2025-03-02 09:33:17.354428+00:00
1108371,99,2025-03-02 02:10:51.444746+00:00,2025-03-02 09:33:17.354428+00:00
46992,10402,2025-03-02 02:10:51.444746+00:00,2025-03-02 09:33:17.354428+00:00
638483,10402,2025-03-02 02:10:51.444746+00:00,2025-03-02 09:33:17.354428+00:00
1274237,10402,2025-03-02 02:10:51.444746+00:00,2025-03-02 09:33:17.354428+00:00
1074174,10749,2025-03-02 02:10:51.444746+00:00,2025-03-02 09:33:17.354428+00:00
961257,10749,2025-03-02 02:10:51.444746+00:00,2025-03-02 09:33:17.354428+00:00
1234779,10749,2025-03-02 02:10:51.444746+00:00,2025-03-02 09:33:17.354428+00:00
977179,10749,2025-03-02 02:10:51.444746+00:00,2025-03-02 09:33:17.354428+00:00
792307,10749,2025-03-02 02:10:51.444746+00:00,2025-03-02 09:33:17.354428+00:00
27101,10749,2025-03-02 02:10:51.444746+00:00,2025-03-02 09:33:17.354428+00:00
245842,10751,2025-03-02 02:10:51.444746+00:00,2025-03-02 09:33:17.354428+00:00
695721,10752,2025-03-02 02:10:51.444746+00:00,2025-03-02 09:33:17.354428+00:00
585245,12,2025-03-02 02:10:51.444746+00:00,2025-03-02 09:33:17.354428+00:00
633844,12,2025-03-02 02:10:51.444746+00:00,2025-03-02 09:33:17.354428+00:00
24614,12,2025-03-02 02:10:51.444746+00:00,2025-03-02 09:33:17.354428+00:00
950863,12,2025-03-02 02:10:51.444746+00:00,2025-03-02 09:33:17.354428+00:00
1221404,12,2025-03-02 02:10:51.444746+00:00,2025-03-02 09:33:17.354428+00:00
62,12,2025-03-02 02:10:51.444746+00:00,2025-03-02 09:33:17.354428+00:00
232468,14,2025-03-02 02:10:51.444746+00:00,2025-03-02 09:33:17.354428+00:00
589759,14,2025-03-02 02:10:51.444746+00:00,2025-03-02 09:33:17.354428+00:00
778855,14,2025-03-02 02:10:51.444746+00:00,2025-03-02 09:33:17.354428+00:00
976573,14,2025-03-02 02:10:51.444746+00:00,2025-03-02 09:33:17.354428+00:00
577205,16,2025-03-02 02:10:51.444746+00:00,2025-03-02 09:33:17.354428+00:00
614930,16,2025-03-02 02:10:51.444746+00:00,2025-03-02 09:33:17.354428+00:00
283566,16,2025-03-02 02:10:51.444746+00:00,2025-03-02 09:33:17.354428+00:00
128,16,2025-03-02 02:10:51.444746+00:00,2025-03-02 09:33:17.354428+00:00
768726,16,2025-03-02 02:10:51.444746+00:00,2025-03-02 09:33:17.354428+00:00
265712,16,2025-03-02 02:10:51.444746+00:00,2025-03-02 09:33:17.354428+00:00
21712,18,2025-03-02 02:10:51.444746+00:00,2025-03-02 09:33:17.354428+00:00
1035647,18,2025-03-02 02:10:51.444746+00:00,2025-03-02 09:33:17.354428+00:00
1077684,18,2025-03-02 02:10:51.444746+00:00,2025-03-02 09:33:17.354428+00:00
1017066,18,2025-03-02 02:10:51.444746+00:00,2025-03-02 09:33:17.354428+00:00
582,18,2025-03-02 02:10:51.444746+00:00,2025-03-02 09:33:17.354428+00:00
83183,18,2025-03-02 02:10:51.444746+00:00,2025-03-02 09:33:17.354428+00:00
819163,18,2025-03-02 02:10:51.444746+00:00,2025-03-02 09:33:17.354428+00:00
46992,18,2025-03-02 02:10:51.444746+00:00,2025-03-02 09:33:17.354428+00:00
594691,18,2025-03-02 02:10:51.444746+00:00,2025-03-02 09:33:17.354428+00:00
508883,18,2025-03-02 02:10:51.444746+00:00,2025-03-02 09:33:17.354428+00:00
642538,18,2025-03-02 02:10:51.444746+00:00,2025-03-02 09:33:17.354428+00:00
1062844,18,2025-03-02 02:10:51.444746+00:00,2025-03-02 09:33:17.354428+00:00
93013,18,2025-03-02 02:10:51.444746+00:00,2025-03-02 09:33:17.354428+00:00
1005141,18,2025-03-02 02:10:51.444746+00:00,2025-03-02 09:33:17.354428+00:00
1178574,18,2025-03-02 02:10:51.444746+00:00,2025-03-02 09:33:17.354428+00:00
1241476,18,2025-03-02 02:10:51.444746+00:00,2025-03-02 09:33:17.354428+00:00
1246014,27,2025-03-02 02:10:51.444746+00:00,2025-03-02 09:33:17.354428+00:00
844386,27,2025-03-02 02:10:51.444746+00:00,2025-03-02 09:33:17.354428+00:00
913673,27,2025-03-02 02:10:51.444746+00:00,2025-03-02 09:33:17.354428+00:00
940417,27,2025-03-02 02:10:51.444746+00:00,2025-03-02 09:33:17.354428+00:00
11647,28,2025-03-02 02:10:51.444746+00:00,2025-03-02 09:33:17.354428+00:00
1050904,28,2025-03-02 02:10:51.444746+00:00,2025-03-02 09:33:17.354428+00:00
101299,28,2025-03-02 02:10:51.444746+00:00,2025-03-02 09:33:17.354428+00:00
539681,28,2025-03-02 02:10:51.444746+00:00,2025-03-02 09:33:17.354428+00:00
1017163,28,2025-03-02 02:10:51.444746+00:00,2025-03-02 09:33:17.354428+00:00
1357633,28,2025-03-02 02:10:51.444746+00:00,2025-03-02 09:33:17.354428+00:00
972614,28,2025-03-02 02:10:51.444746+00:00,2025-03-02 09:33:17.354428+00:00
4043,35,2025-03-02 02:10:51.444746+00:00,2025-03-02 09:33:17.354428+00:00
42035,35,2025-03-02 02:10:51.444746+00:00,2025-03-02 09:33:17.354428+00:00
25656,35,2025-03-02 02:10:51.444746+00:00,2025-03-02 09:33:17.354428+00:00
864168,35,2025-03-02 02:10:51.444746+00:00,2025-03-02 09:33:17.354428+00:00
897087,35,2025-03-02 02:10:51.444746+00:00,2025-03-02 09:33:17.354428+00:00
676685,35,2025-03-02 02:10:51.444746+00:00,2025-03-02 09:33:17.354428+00:00
840430,35,2025-03-02 02:10:51.444746+00:00,2025-03-02 09:33:17.354428+00:00
919207,36,2025-03-02 02:10:51.444746+00:00,2025-03-02 09:33:17.354428+00:00
936117,36,2025-03-02 02:10:51.444746+00:00,2025-03-02 09:33:17.354428+00:00
396194,36,2025-03-02 02:10:51.444746+00:00,2025-03-02 09:33:17.354428+00:00
741602,53,2025-03-02 02:10:51.444746+00:00,2025-03-02 09:33:17.354428+00:00
1035806,53,2025-03-02 02:10:51.444746+00:00,2025-03-02 09:33:17.354428+00:00
717728,53,2025-03-02 02:10:51.444746+00:00,2025-03-02 09:33:17.354428+00:00
804435,53,2025-03-02 02:10:51.444746+00:00,2025-03-02 09:33:17.354428+00:00
1102857,53,2025-03-02 02:10:51.444746+00:00,2025-03-02 09:33:17.354428+00:00
470,53,2025-03-02 02:10:51.444746+00:00,2025-03-02 09:33:17.354428+00:00
1051896,53,2025-03-02 02:10:51.444746+00:00,2025-03-02 09:33:17.354428+00:00
619730,53,2025-03-02 02:10:51.444746+00:00,2025-03-02 09:33:17.354428+00:00
718930,53,2025-03-02 02:10:51.444746+00:00,2025-03-02 09:33:17.354428+00:00
619803,80,2025-03-02 02:10:51.444746+00:00,2025-03-02 09:33:17.354428+00:00
804150,80,2025-03-02 02:10:51.444746+00:00,2025-03-02 09:33:17.354428+00:00
1044555,80,2025-03-02 02:10:51.444746+00:00,2025-03-02 09:33:17.354428+00:00
1223386,80,2025-03-02 02:10:51.444746+00:00,2025-03-02 09:33:17.354428+00:00
718789,878,2025-03-02 02:10:51.444746+00:00,2025-03-02 09:33:17.354428+00:00
19995,878,2025-03-02 02:10:51.444746+00:00,2025-03-02 09:33:17.354428+00:00
42341,9648,2025-03-02 02:10:51.444746+00:00,2025-03-02 09:33:17.354428+00:00
1315707,99,2025-03-02 02:10:51.444746+00:00,2025-03-02 09:33:17.354428+00:00
809695,99,2025-03-02 02:10:51.444746+00:00,2025-03-02 09:33:17.354428+00:00
848538,28,2025-03-02 09:33:17.354428+00:00,2025-03-02 09:33:17.354428+00:00
1307028,10402,2025-03-02 02:10:51.444746+00:00,2025-03-02 09:33:17.354428+00:00
1063554,10402,2025-03-02 02:10:51.444746+00:00,2025-03-02 09:33:17.354428+00:00
1075815,10402,2025-03-02 02:10:51.444746+00:00,2025-03-02 09:33:17.354428+00:00
1229421,10402,2025-03-02 02:10:51.444746+00:00,2025-03-02 09:33:17.354428+00:00
1052433,10749,2025-03-02 02:10:51.444746+00:00,2025-03-02 09:33:17.354428+00:00
963765,10749,2025-03-02 02:10:51.444746+00:00,2025-03-02 09:33:17.354428+00:00
315162,10751,2025-03-02 02:10:51.444746+00:00,2025-03-02 09:33:17.354428+00:00
585245,10751,2025-03-02 02:10:51.444746+00:00,2025-03-02 09:33:17.354428+00:00
1022862,10751,2025-03-02 02:10:51.444746+00:00,2025-03-02 09:33:17.354428+00:00
600,10752,2025-03-02 02:10:51.444746+00:00,2025-03-02 09:33:17.354428+00:00
346698,12,2025-03-02 02:10:51.444746+00:00,2025-03-02 09:33:17.354428+00:00
1037348,14,2025-03-02 02:10:51.444746+00:00,2025-03-02 09:33:17.354428+00:00
810693,14,2025-03-02 02:10:51.444746+00:00,2025-03-02 09:33:17.354428+00:00
1002317,14,2025-03-02 02:10:51.444746+00:00,2025-03-02 09:33:17.354428+00:00
1241982,16,2025-03-02 02:10:51.444746+00:00,2025-03-02 09:33:17.354428+00:00
838240,16,2025-03-02 02:10:51.444746+00:00,2025-03-02 09:33:17.354428+00:00
38142,16,2025-03-02 02:10:51.444746+00:00,2025-03-02 09:33:17.354428+00:00
1333100,16,2025-03-02 02:10:51.444746+00:00,2025-03-02 09:33:17.354428+00:00
966709,16,2025-03-02 02:10:51.444746+00:00,2025-03-02 09:33:17.354428+00:00
1188258,18,2025-03-02 02:10:51.444746+00:00,2025-03-02 09:33:17.354428+00:00
842942,18,2025-03-02 02:10:51.444746+00:00,2025-03-02 09:33:17.354428+00:00
617882,18,2025-03-02 02:10:51.444746+00:00,2025-03-02 09:33:17.354428+00:00
423333,18,2025-03-02 02:10:51.444746+00:00,2025-03-02 09:33:17.354428+00:00
75233,18,2025-03-02 02:10:51.444746+00:00,2025-03-02 09:33:17.354428+00:00
1026436,18,2025-03-02 02:10:51.444746+00:00,2025-03-02 09:33:17.354428+00:00
624793,18,2025-03-02 02:10:51.444746+00:00,2025-03-02 09:33:17.354428+00:00
925341,18,2025-03-02 02:10:51.444746+00:00,2025-03-02 09:33:17.354428+00:00
743814,18,2025-03-02 02:10:51.444746+00:00,2025-03-02 09:33:17.354428+00:00
1216623,18,2025-03-02 02:10:51.444746+00:00,2025-03-02 09:33:17.354428+00:00
852457,18,2025-03-02 02:10:51.444746+00:00,2025-03-02 09:33:17.354428+00:00
1129646,18,2025-03-02 02:10:51.444746+00:00,2025-03-02 09:33:17.354428+00:00
730256,18,2025-03-02 02:10:51.444746+00:00,2025-03-02 09:33:17.354428+00:00
588108,18,2025-03-02 02:10:51.444746+00:00,2025-03-02 09:33:17.354428+00:00
531379,18,2025-03-02 02:10:51.444746+00:00,2025-03-02 09:33:17.354428+00:00
769850,18,2025-03-02 02:10:51.444746+00:00,2025-03-02 09:33:17.354428+00:00
937278,18,2025-03-02 02:10:51.444746+00:00,2025-03-02 09:33:17.354428+00:00
516329,18,2025-03-02 02:10:51.444746+00:00,2025-03-02 09:33:17.354428+00:00
936243,18,2025-03-02 02:10:51.444746+00:00,2025-03-02 09:33:17.354428+00:00
1155680,18,2025-03-02 02:10:51.444746+00:00,2025-03-02 09:33:17.354428+00:00
1025301,18,2025-03-02 02:10:51.444746+00:00,2025-03-02 09:33:17.354428+00:00
840430,18,2025-03-02 02:10:51.444746+00:00,2025-03-02 09:33:17.354428+00:00
1002535,18,2025-03-02 02:10:51.444746+00:00,2025-03-02 09:33:17.354428+00:00
1101734,18,2025-03-02 02:10:51.444746+00:00,2025-03-02 09:33:17.354428+00:00
710295,27,2025-03-02 02:10:51.444746+00:00,2025-03-02 09:33:17.354428+00:00
1121962,27,2025-03-02 02:10:51.444746+00:00,2025-03-02 09:33:17.354428+00:00
68477,27,2025-03-02 02:10:51.444746+00:00,2025-03-02 09:33:17.354428+00:00
1052160,28,2025-03-02 02:10:51.444746+00:00,2025-03-02 09:33:17.354428+00:00
882059,28,2025-03-02 02:10:51.444746+00:00,2025-03-02 09:33:17.354428+00:00
1057001,28,2025-03-02 02:10:51.444746+00:00,2025-03-02 09:33:17.354428+00:00
820099,28,2025-03-02 02:10:51.444746+00:00,2025-03-02 09:33:17.354428+00:00
648579,28,2025-03-02 02:10:51.444746+00:00,2025-03-02 09:33:17.354428+00:00
1156255,28,2025-03-02 02:10:51.444746+00:00,2025-03-02 09:33:17.354428+00:00
916821,28,2025-03-02 02:10:51.444746+00:00,2025-03-02 09:33:17.354428+00:00
718930,35,2025-03-02 02:10:51.444746+00:00,2025-03-02 09:33:17.354428+00:00
935,35,2025-03-02 02:10:51.444746+00:00,2025-03-02 09:33:17.354428+00:00
712164,35,2025-03-02 02:10:51.444746+00:00,2025-03-02 09:33:17.354428+00:00
117129,35,2025-03-02 02:10:51.444746+00:00,2025-03-02 09:33:17.354428+00:00
1113119,35,2025-03-02 02:10:51.444746+00:00,2025-03-02 09:33:17.354428+00:00
944194,36,2025-03-02 02:10:51.444746+00:00,2025-03-02 09:33:17.354428+00:00
476669,53,2025-03-02 02:10:51.444746+00:00,2025-03-02 09:33:17.354428+00:00
1128936,53,2025-03-02 02:10:51.444746+00:00,2025-03-02 09:33:17.354428+00:00
155,53,2025-03-02 02:10:51.444746+00:00,2025-03-02 09:33:17.354428+00:00
1128650,53,2025-03-02 02:10:51.444746+00:00,2025-03-02 09:33:17.354428+00:00
1247019,53,2025-03-02 02:10:51.444746+00:00,2025-03-02 09:33:17.354428+00:00
764835,53,2025-03-02 02:10:51.444746+00:00,2025-03-02 09:33:17.354428+00:00
475557,80,2025-03-02 02:10:51.444746+00:00,2025-03-02 09:33:17.354428+00:00
1155257,80,2025-03-02 02:10:51.444746+00:00,2025-03-02 09:33:17.354428+00:00
741602,80,2025-03-02 02:10:51.444746+00:00,2025-03-02 09:33:17.354428+00:00
940721,878,2025-03-02 02:10:51.444746+00:00,2025-03-02 09:33:17.354428+00:00
893723,878,2025-03-02 02:10:51.444746+00:00,2025-03-02 09:33:17.354428+00:00
986088,878,2025-03-02 02:10:51.444746+00:00,2025-03-02 09:33:17.354428+00:00
949697,878,2025-03-02 02:10:51.444746+00:00,2025-03-02 07:00:01.825963+00:00
874743,878,2025-03-02 02:10:51.444746+00:00,2025-03-02 09:33:17.354428+00:00
565770,878,2025-03-02 02:10:51.444746+00:00,2025-03-02 09:33:17.354428+00:00
477462,9648,2025-03-02 02:10:51.444746+00:00,2025-03-02 09:33:17.354428+00:00
742396,9648,2025-03-02 02:10:51.444746+00:00,2025-03-02 09:33:17.354428+00:00
375281,99,2025-03-02 02:10:51.444746+00:00,2025-03-02 09:33:17.354428+00:00
927263,99,2025-03-02 02:10:51.444746+00:00,2025-03-02 09:33:17.354428+00:00
