tmdb_id,person_id,data_created_time,data_updated_time
12444,10980,2025-03-02 09:32:50.854387+00:00,2025-03-02 09:32:50.854387+00:00
12444,13014,2025-03-02 09:32:50.854387+00:00,2025-03-02 09:32:50.854387+00:00
12444,1283,2025-03-02 09:32:50.854387+00:00,2025-03-02 09:32:50.854387+00:00
12444,10990,2025-03-02 09:32:50.854387+00:00,2025-03-02 09:32:50.854387+00:00
12444,10989,2025-03-02 09:32:50.854387+00:00,2025-03-02 09:32:50.854387+00:00
12445,10990,2025-03-02 09:32:50.854387+00:00,2025-03-02 09:32:50.854387+00:00
12445,4566,2025-03-02 09:32:50.854387+00:00,2025-03-02 09:32:50.854387+00:00
12445,10989,2025-03-02 09:32:50.854387+00:00,2025-03-02 09:32:50.854387+00:00
12445,5469,2025-03-02 09:32:50.854387+00:00,2025-03-02 09:32:50.854387+00:00
12445,10980,2025-03-02 09:32:50.854387+00:00,2025-03-02 09:32:50.854387+00:00
361743,996701,2025-03-02 09:32:50.854387+00:00,2025-03-02 09:32:50.854387+00:00
361743,1700685,2025-03-02 09:32:50.854387+00:00,2025-03-02 09:32:50.854387+00:00
361743,1525043,2025-03-02 09:32:50.854387+00:00,2025-03-02 09:32:50.854387+00:00
361743,151680,2025-03-02 09:32:50.854387+00:00,2025-03-02 09:32:50.854387+00:00
361743,500,2025-03-02 09:32:50.854387+00:00,2025-03-02 09:32:50.854387+00:00
438148,40036,2025-03-02 09:32:50.854387+00:00,2025-03-02 09:32:50.854387+00:00
438148,4495,2025-03-02 09:32:50.854387+00:00,2025-03-02 09:32:50.854387+00:00
438148,1903,2025-03-02 09:32:50.854387+00:00,2025-03-02 09:32:50.854387+00:00
438148,124747,2025-03-02 09:32:50.854387+00:00,2025-03-02 09:32:50.854387+00:00
438148,1620,2025-03-02 09:32:50.854387+00:00,2025-03-02 09:32:50.854387+00:00
507086,4785,2025-03-02 09:32:50.854387+00:00,2025-03-02 09:32:50.854387+00:00
507086,4783,2025-03-02 09:32:50.854387+00:00,2025-03-02 09:32:50.854387+00:00
507086,18997,2025-03-02 09:32:50.854387+00:00,2025-03-02 09:32:50.854387+00:00
507086,4784,2025-03-02 09:32:50.854387+00:00,2025-03-02 09:32:50.854387+00:00
507086,73457,2025-03-02 09:32:50.854387+00:00,2025-03-02 09:32:50.854387+00:00
589026,4058440,2025-03-02 09:32:50.854387+00:00,2025-03-02 09:32:50.854387+00:00
589026,53429,2025-03-02 09:32:50.854387+00:00,2025-03-02 09:32:50.854387+00:00
589026,583722,2025-03-02 09:32:50.854387+00:00,2025-03-02 09:32:50.854387+00:00
589026,1164460,2025-03-02 09:32:50.854387+00:00,2025-03-02 09:32:50.854387+00:00
589026,1384886,2025-03-02 09:32:50.854387+00:00,2025-03-02 09:32:50.854387+00:00
604685,956385,2025-03-02 09:32:50.854387+00:00,2025-03-02 09:32:50.854387+00:00
615656,78871,2025-03-02 09:32:50.854387+00:00,2025-03-02 09:32:50.854387+00:00
615656,78994,2025-03-02 09:32:50.854387+00:00,2025-03-02 09:32:50.854387+00:00
615656,976,2025-03-02 09:32:50.854387+00:00,2025-03-02 09:32:50.854387+00:00
615656,177214,2025-03-02 09:32:50.854387+00:00,2025-03-02 09:32:50.854387+00:00
615656,1704579,2025-03-02 09:32:50.854387+00:00,2025-03-02 09:32:50.854387+00:00
615904,1010135,2025-03-02 09:32:50.854387+00:00,2025-03-02 09:32:50.854387+00:00
615904,16866,2025-03-02 09:32:50.854387+00:00,2025-03-02 09:32:50.854387+00:00
615904,7404,2025-03-02 09:32:50.854387+00:00,2025-03-02 09:32:50.854387+00:00
615904,887,2025-03-02 09:32:50.854387+00:00,2025-03-02 09:32:50.854387+00:00
615904,2362790,2025-03-02 09:32:50.854387+00:00,2025-03-02 09:32:50.854387+00:00
640146,3392,2025-03-02 09:32:50.854387+00:00,2025-03-02 09:32:50.854387+00:00
640146,22226,2025-03-02 09:32:50.854387+00:00,2025-03-02 09:32:50.854387+00:00
640146,1160,2025-03-02 09:32:50.854387+00:00,2025-03-02 09:32:50.854387+00:00
640146,19034,2025-03-02 09:32:50.854387+00:00,2025-03-02 09:32:50.854387+00:00
640146,1674162,2025-03-02 09:32:50.854387+00:00,2025-03-02 09:32:50.854387+00:00
762504,1602972,2025-03-02 09:32:50.854387+00:00,2025-03-02 09:32:50.854387+00:00
762504,7486,2025-03-02 09:32:50.854387+00:00,2025-03-02 09:32:50.854387+00:00
762504,206919,2025-03-02 09:32:50.854387+00:00,2025-03-02 09:32:50.854387+00:00
762504,74688,2025-03-02 09:32:50.854387+00:00,2025-03-02 09:32:50.854387+00:00
762504,215055,2025-03-02 09:32:50.854387+00:00,2025-03-02 09:32:50.854387+00:00
807172,1546496,2025-03-02 09:32:50.854387+00:00,2025-03-02 09:32:50.854387+00:00
807172,43366,2025-03-02 09:32:50.854387+00:00,2025-03-02 09:32:50.854387+00:00
807172,1734929,2025-03-02 09:32:50.854387+00:00,2025-03-02 09:32:50.854387+00:00
807172,3908563,2025-03-02 09:32:50.854387+00:00,2025-03-02 09:32:50.854387+00:00
807172,1254614,2025-03-02 09:32:50.854387+00:00,2025-03-02 09:32:50.854387+00:00
822119,1773397,2025-03-02 09:32:50.854387+00:00,2025-03-02 09:32:50.854387+00:00
822119,3,2025-03-02 09:32:50.854387+00:00,2025-03-02 09:32:50.854387+00:00
822119,53650,2025-03-02 09:32:50.854387+00:00,2025-03-02 09:32:50.854387+00:00
822119,1462,2025-03-02 09:32:50.854387+00:00,2025-03-02 09:32:50.854387+00:00
822119,1394332,2025-03-02 09:32:50.854387+00:00,2025-03-02 09:32:50.854387+00:00
823464,226366,2025-03-02 09:32:50.854387+00:00,2025-03-02 09:32:50.854387+00:00
823464,15556,2025-03-02 09:32:50.854387+00:00,2025-03-02 09:32:50.854387+00:00
823464,221018,2025-03-02 09:32:50.854387+00:00,2025-03-02 09:32:50.854387+00:00
823464,60416,2025-03-02 09:32:50.854387+00:00,2025-03-02 09:32:50.854387+00:00
823464,2948491,2025-03-02 09:32:50.854387+00:00,2025-03-02 09:32:50.854387+00:00
848538,6807,2025-03-02 09:32:50.854387+00:00,2025-03-02 09:32:50.854387+00:00
848538,17419,2025-03-02 09:32:50.854387+00:00,2025-03-02 09:32:50.854387+00:00
848538,11514,2025-03-02 09:32:50.854387+00:00,2025-03-02 09:32:50.854387+00:00
848538,18997,2025-03-02 09:32:50.854387+00:00,2025-03-02 09:32:50.854387+00:00
848538,73968,2025-03-02 09:32:50.854387+00:00,2025-03-02 09:32:50.854387+00:00
950282,592147,2025-03-02 09:32:50.854387+00:00,2025-03-02 09:32:50.854387+00:00
950282,553939,2025-03-02 09:32:50.854387+00:00,2025-03-02 09:32:50.854387+00:00
950282,1251240,2025-03-02 09:32:50.854387+00:00,2025-03-02 09:32:50.854387+00:00
950282,58611,2025-03-02 09:32:50.854387+00:00,2025-03-02 09:32:50.854387+00:00
950282,124402,2025-03-02 09:32:50.854387+00:00,2025-03-02 09:32:50.854387+00:00
952083,127891,2025-03-02 09:32:50.854387+00:00,2025-03-02 09:32:50.854387+00:00
952083,1201637,2025-03-02 09:32:50.854387+00:00,2025-03-02 09:32:50.854387+00:00
952083,210350,2025-03-02 09:32:50.854387+00:00,2025-03-02 09:32:50.854387+00:00
952083,1221875,2025-03-02 09:32:50.854387+00:00,2025-03-02 09:32:50.854387+00:00
977156,1332468,2025-03-02 09:32:50.854387+00:00,2025-03-02 09:32:50.854387+00:00
977156,1254059,2025-03-02 09:32:50.854387+00:00,2025-03-02 09:32:50.854387+00:00
977156,587677,2025-03-02 09:32:50.854387+00:00,2025-03-02 09:32:50.854387+00:00
977156,3253118,2025-03-02 09:32:50.854387+00:00,2025-03-02 09:32:50.854387+00:00
977156,2235946,2025-03-02 09:32:50.854387+00:00,2025-03-02 09:32:50.854387+00:00
1004682,1523704,2025-03-02 09:32:50.854387+00:00,2025-03-02 09:32:50.854387+00:00
1016737,129616,2025-03-02 09:32:50.854387+00:00,2025-03-02 09:32:50.854387+00:00
1016737,1841831,2025-03-02 09:32:50.854387+00:00,2025-03-02 09:32:50.854387+00:00
1016737,1598161,2025-03-02 09:32:50.854387+00:00,2025-03-02 09:32:50.854387+00:00
1016737,1587614,2025-03-02 09:32:50.854387+00:00,2025-03-02 09:32:50.854387+00:00
1016737,2041126,2025-03-02 09:32:50.854387+00:00,2025-03-02 09:32:50.854387+00:00
1027867,2624789,2025-03-02 09:32:50.854387+00:00,2025-03-02 09:32:50.854387+00:00
1027867,1798978,2025-03-02 09:32:50.854387+00:00,2025-03-02 09:32:50.854387+00:00
1027867,1813999,2025-03-02 09:32:50.854387+00:00,2025-03-02 09:32:50.854387+00:00
1027867,938138,2025-03-02 09:32:50.854387+00:00,2025-03-02 09:32:50.854387+00:00
1027867,2238411,2025-03-02 09:32:50.854387+00:00,2025-03-02 09:32:50.854387+00:00
1033667,2836867,2025-03-02 09:32:50.854387+00:00,2025-03-02 09:32:50.854387+00:00
1033667,2681904,2025-03-02 09:32:50.854387+00:00,2025-03-02 09:32:50.854387+00:00
1033667,1261061,2025-03-02 09:32:50.854387+00:00,2025-03-02 09:32:50.854387+00:00
1033667,1081519,2025-03-02 09:32:50.854387+00:00,2025-03-02 09:32:50.854387+00:00
1033667,1587299,2025-03-02 09:32:50.854387+00:00,2025-03-02 09:32:50.854387+00:00
1074049,3006821,2025-03-02 09:32:50.854387+00:00,2025-03-02 09:32:50.854387+00:00
1074049,85559,2025-03-02 09:32:50.854387+00:00,2025-03-02 09:32:50.854387+00:00
1074049,16980,2025-03-02 09:32:50.854387+00:00,2025-03-02 09:32:50.854387+00:00
1074049,114463,2025-03-02 09:32:50.854387+00:00,2025-03-02 09:32:50.854387+00:00
1074049,2564672,2025-03-02 09:32:50.854387+00:00,2025-03-02 09:32:50.854387+00:00
1084742,1168934,2025-03-02 09:32:50.854387+00:00,2025-03-02 09:32:50.854387+00:00
1084742,146817,2025-03-02 09:32:50.854387+00:00,2025-03-02 09:32:50.854387+00:00
1084742,109662,2025-03-02 09:32:50.854387+00:00,2025-03-02 09:32:50.854387+00:00
1084742,115647,2025-03-02 09:32:50.854387+00:00,2025-03-02 09:32:50.854387+00:00
1084742,938138,2025-03-02 09:32:50.854387+00:00,2025-03-02 09:32:50.854387+00:00
1106501,1256488,2025-03-02 09:32:50.854387+00:00,2025-03-02 09:32:50.854387+00:00
1106501,1191711,2025-03-02 09:32:50.854387+00:00,2025-03-02 09:32:50.854387+00:00
1106501,2791224,2025-03-02 09:32:50.854387+00:00,2025-03-02 09:32:50.854387+00:00
1106501,564846,2025-03-02 09:32:50.854387+00:00,2025-03-02 09:32:50.854387+00:00
1106501,1164503,2025-03-02 09:32:50.854387+00:00,2025-03-02 09:32:50.854387+00:00
1130659,4077171,2025-03-02 09:32:50.854387+00:00,2025-03-02 09:32:50.854387+00:00
1130659,1408809,2025-03-02 09:32:50.854387+00:00,2025-03-02 09:32:50.854387+00:00
1130659,1240427,2025-03-02 09:32:50.854387+00:00,2025-03-02 09:32:50.854387+00:00
1130659,1590758,2025-03-02 09:32:50.854387+00:00,2025-03-02 09:32:50.854387+00:00
1130659,4077172,2025-03-02 09:32:50.854387+00:00,2025-03-02 09:32:50.854387+00:00
1287324,1072776,2025-03-02 09:32:50.854387+00:00,2025-03-02 09:32:50.854387+00:00
1287324,992869,2025-03-02 09:32:50.854387+00:00,2025-03-02 09:32:50.854387+00:00
1287324,233590,2025-03-02 09:32:50.854387+00:00,2025-03-02 09:32:50.854387+00:00
1287324,1530921,2025-03-02 09:32:50.854387+00:00,2025-03-02 09:32:50.854387+00:00
1287324,119143,2025-03-02 09:32:50.854387+00:00,2025-03-02 09:32:50.854387+00:00
1303236,131290,2025-03-02 09:32:50.854387+00:00,2025-03-02 09:32:50.854387+00:00
1303236,1255138,2025-03-02 09:32:50.854387+00:00,2025-03-02 09:32:50.854387+00:00
1303236,160822,2025-03-02 09:32:50.854387+00:00,2025-03-02 09:32:50.854387+00:00
1303236,1630179,2025-03-02 09:32:50.854387+00:00,2025-03-02 09:32:50.854387+00:00
1303236,240158,2025-03-02 09:32:50.854387+00:00,2025-03-02 09:32:50.854387+00:00
604685,1747835,2025-03-01 17:48:30.036411+00:00,2025-03-02 07:00:01.794250+00:00
38,109,2025-03-01 17:48:30.036411+00:00,2025-03-02 09:32:50.854387+00:00
38,103,2025-03-01 17:48:30.036411+00:00,2025-03-02 09:32:50.854387+00:00
38,206,2025-03-01 17:48:30.036411+00:00,2025-03-02 09:32:50.854387+00:00
38,204,2025-03-01 17:48:30.036411+00:00,2025-03-02 09:32:50.854387+00:00
38,205,2025-03-01 17:48:30.036411+00:00,2025-03-02 09:32:50.854387+00:00
62,253,2025-03-01 17:48:30.036411+00:00,2025-03-02 09:32:50.854387+00:00
62,248,2025-03-01 17:48:30.036411+00:00,2025-03-02 09:32:50.854387+00:00
62,247,2025-03-01 17:48:30.036411+00:00,2025-03-02 09:32:50.854387+00:00
62,245,2025-03-01 17:48:30.036411+00:00,2025-03-02 09:32:50.854387+00:00
62,246,2025-03-01 17:48:30.036411+00:00,2025-03-02 09:32:50.854387+00:00
64,398,2025-03-01 17:48:30.036411+00:00,2025-03-02 09:32:50.854387+00:00
64,101,2025-03-01 17:48:30.036411+00:00,2025-03-02 09:32:50.854387+00:00
64,1610,2025-03-01 17:48:30.036411+00:00,2025-03-02 09:32:50.854387+00:00
64,3618,2025-03-01 17:48:30.036411+00:00,2025-03-02 09:32:50.854387+00:00
64,399,2025-03-01 17:48:30.036411+00:00,2025-03-02 09:32:50.854387+00:00
71,478,2025-03-01 17:48:30.036411+00:00,2025-03-02 09:32:50.854387+00:00
71,480,2025-03-01 17:48:30.036411+00:00,2025-03-02 09:32:50.854387+00:00
71,481,2025-03-01 17:48:30.036411+00:00,2025-03-02 09:32:50.854387+00:00
71,479,2025-03-01 17:48:30.036411+00:00,2025-03-02 09:32:50.854387+00:00
71,477,2025-03-01 17:48:30.036411+00:00,2025-03-02 09:32:50.854387+00:00
76,569,2025-03-01 17:48:30.036411+00:00,2025-03-02 09:32:50.854387+00:00
76,573,2025-03-01 17:48:30.036411+00:00,2025-03-02 09:32:50.854387+00:00
76,572,2025-03-01 17:48:30.036411+00:00,2025-03-02 09:32:50.854387+00:00
76,571,2025-03-01 17:48:30.036411+00:00,2025-03-02 09:32:50.854387+00:00
76,1146,2025-03-01 17:48:30.036411+00:00,2025-03-02 09:32:50.854387+00:00
80,1146,2025-03-01 17:48:30.036411+00:00,2025-03-02 09:32:50.854387+00:00
80,569,2025-03-01 17:48:30.036411+00:00,2025-03-02 09:32:50.854387+00:00
80,651,2025-03-01 17:48:30.036411+00:00,2025-03-02 09:32:50.854387+00:00
80,654,2025-03-01 17:48:30.036411+00:00,2025-03-02 09:32:50.854387+00:00
80,649,2025-03-01 17:48:30.036411+00:00,2025-03-02 09:32:50.854387+00:00
81,617,2025-03-01 17:48:30.036411+00:00,2025-03-02 09:32:50.854387+00:00
81,624,2025-03-01 17:48:30.036411+00:00,2025-03-02 09:32:50.854387+00:00
81,616,2025-03-01 17:48:30.036411+00:00,2025-03-02 09:32:50.854387+00:00
81,622,2025-03-01 17:48:30.036411+00:00,2025-03-02 09:32:50.854387+00:00
81,613,2025-03-01 17:48:30.036411+00:00,2025-03-02 09:32:50.854387+00:00
99,954,2025-03-01 17:48:30.036411+00:00,2025-03-02 09:32:50.854387+00:00
99,961,2025-03-01 17:48:30.036411+00:00,2025-03-02 09:32:50.854387+00:00
99,958,2025-03-01 17:48:30.036411+00:00,2025-03-02 09:32:50.854387+00:00
99,953,2025-03-01 17:48:30.036411+00:00,2025-03-02 09:32:50.854387+00:00
99,955,2025-03-01 17:48:30.036411+00:00,2025-03-02 09:32:50.854387+00:00
104,1082,2025-03-01 17:48:30.036411+00:00,2025-03-02 09:32:50.854387+00:00
104,1083,2025-03-01 17:48:30.036411+00:00,2025-03-02 09:32:50.854387+00:00
104,677,2025-03-01 17:48:30.036411+00:00,2025-03-02 09:32:50.854387+00:00
104,679,2025-03-01 17:48:30.036411+00:00,2025-03-02 09:32:50.854387+00:00
104,1081,2025-03-01 17:48:30.036411+00:00,2025-03-02 09:32:50.854387+00:00
108,1140,2025-03-01 17:48:30.036411+00:00,2025-03-02 09:32:50.854387+00:00
108,1139,2025-03-01 17:48:30.036411+00:00,2025-03-02 09:32:50.854387+00:00
108,1141,2025-03-01 17:48:30.036411+00:00,2025-03-02 09:32:50.854387+00:00
108,1137,2025-03-01 17:48:30.036411+00:00,2025-03-02 09:32:50.854387+00:00
108,1138,2025-03-01 17:48:30.036411+00:00,2025-03-02 09:32:50.854387+00:00
109,1146,2025-03-01 17:48:30.036411+00:00,2025-03-02 09:32:50.854387+00:00
109,1148,2025-03-01 17:48:30.036411+00:00,2025-03-02 09:32:50.854387+00:00
109,1145,2025-03-01 17:48:30.036411+00:00,2025-03-02 09:32:50.854387+00:00
109,1138501,2025-03-01 17:48:30.036411+00:00,2025-03-02 09:32:50.854387+00:00
109,1147,2025-03-01 17:48:30.036411+00:00,2025-03-02 09:32:50.854387+00:00
110,1350,2025-03-01 17:48:30.036411+00:00,2025-03-02 09:32:50.854387+00:00
110,1356,2025-03-01 17:48:30.036411+00:00,2025-03-02 09:32:50.854387+00:00
110,1354,2025-03-01 17:48:30.036411+00:00,2025-03-02 09:32:50.854387+00:00
110,1352,2025-03-01 17:48:30.036411+00:00,2025-03-02 09:32:50.854387+00:00
110,49025,2025-03-01 17:48:30.036411+00:00,2025-03-02 09:32:50.854387+00:00
128,20330,2025-03-01 17:48:30.036411+00:00,2025-03-02 09:32:50.854387+00:00
128,20332,2025-03-01 17:48:30.036411+00:00,2025-03-02 09:32:50.854387+00:00
128,20331,2025-03-01 17:48:30.036411+00:00,2025-03-02 09:32:50.854387+00:00
128,622,2025-03-01 17:48:30.036411+00:00,2025-03-02 09:32:50.854387+00:00
128,20333,2025-03-01 17:48:30.036411+00:00,2025-03-02 09:32:50.854387+00:00
129,19589,2025-03-01 17:48:30.036411+00:00,2025-03-02 09:32:50.854387+00:00
129,19590,2025-03-01 17:48:30.036411+00:00,2025-03-02 09:32:50.854387+00:00
129,19587,2025-03-01 17:48:30.036411+00:00,2025-03-02 09:32:50.854387+00:00
129,19588,2025-03-01 17:48:30.036411+00:00,2025-03-02 09:32:50.854387+00:00
129,19591,2025-03-01 17:48:30.036411+00:00,2025-03-02 09:32:50.854387+00:00
147,1659,2025-03-01 17:48:30.036411+00:00,2025-03-02 09:32:50.854387+00:00
147,1658,2025-03-01 17:48:30.036411+00:00,2025-03-02 09:32:50.854387+00:00
147,1654,2025-03-01 17:48:30.036411+00:00,2025-03-02 09:32:50.854387+00:00
147,1655,2025-03-01 17:48:30.036411+00:00,2025-03-02 09:32:50.854387+00:00
147,1653,2025-03-01 17:48:30.036411+00:00,2025-03-02 09:32:50.854387+00:00
149,1680,2025-03-01 17:48:30.036411+00:00,2025-03-02 09:32:50.854387+00:00
149,1679,2025-03-01 17:48:30.036411+00:00,2025-03-02 09:32:50.854387+00:00
149,239550,2025-03-01 17:48:30.036411+00:00,2025-03-02 09:32:50.854387+00:00
149,1678,2025-03-01 17:48:30.036411+00:00,2025-03-02 09:32:50.854387+00:00
149,58158,2025-03-01 17:48:30.036411+00:00,2025-03-02 09:32:50.854387+00:00
155,1810,2025-03-01 17:48:30.036411+00:00,2025-03-02 09:32:50.854387+00:00
155,1579,2025-03-01 17:48:30.036411+00:00,2025-03-02 09:32:50.854387+00:00
155,6383,2025-03-01 17:48:30.036411+00:00,2025-03-02 09:32:50.854387+00:00
155,3895,2025-03-01 17:48:30.036411+00:00,2025-03-02 09:32:50.854387+00:00
155,3894,2025-03-01 17:48:30.036411+00:00,2025-03-02 09:32:50.854387+00:00
176,2128,2025-03-01 17:48:30.036411+00:00,2025-03-02 09:32:50.854387+00:00
176,2131,2025-03-01 17:48:30.036411+00:00,2025-03-02 09:32:50.854387+00:00
176,2047,2025-03-01 17:48:30.036411+00:00,2025-03-02 09:32:50.854387+00:00
176,2140,2025-03-01 17:48:30.036411+00:00,2025-03-02 09:32:50.854387+00:00
176,2130,2025-03-01 17:48:30.036411+00:00,2025-03-02 09:32:50.854387+00:00
185,56890,2025-03-01 17:48:30.036411+00:00,2025-03-02 09:32:50.854387+00:00
185,2267,2025-03-01 17:48:30.036411+00:00,2025-03-02 09:32:50.854387+00:00
185,2272,2025-03-01 17:48:30.036411+00:00,2025-03-02 09:32:50.854387+00:00
185,2264,2025-03-01 17:48:30.036411+00:00,2025-03-02 09:32:50.854387+00:00
185,2268,2025-03-01 17:48:30.036411+00:00,2025-03-02 09:32:50.854387+00:00
194,2406,2025-03-01 17:48:30.036411+00:00,2025-03-02 09:32:50.854387+00:00
194,2410,2025-03-01 17:48:30.036411+00:00,2025-03-02 09:32:50.854387+00:00
194,2407,2025-03-01 17:48:30.036411+00:00,2025-03-02 09:32:50.854387+00:00
194,2409,2025-03-01 17:48:30.036411+00:00,2025-03-02 09:32:50.854387+00:00
194,2405,2025-03-01 17:48:30.036411+00:00,2025-03-02 09:32:50.854387+00:00
219,2744,2025-03-01 17:48:30.036411+00:00,2025-03-02 09:32:50.854387+00:00
219,3480,2025-03-01 17:48:30.036411+00:00,2025-03-02 09:32:50.854387+00:00
219,955,2025-03-01 17:48:30.036411+00:00,2025-03-02 09:32:50.854387+00:00
219,3481,2025-03-01 17:48:30.036411+00:00,2025-03-02 09:32:50.854387+00:00
219,2759,2025-03-01 17:48:30.036411+00:00,2025-03-02 09:32:50.854387+00:00
245,3291,2025-03-01 17:48:30.036411+00:00,2025-03-02 09:32:50.854387+00:00
245,3293,2025-03-01 17:48:30.036411+00:00,2025-03-02 09:32:50.854387+00:00
245,3300,2025-03-01 17:48:30.036411+00:00,2025-03-02 09:32:50.854387+00:00
245,3292,2025-03-01 17:48:30.036411+00:00,2025-03-02 09:32:50.854387+00:00
245,3051,2025-03-01 17:48:30.036411+00:00,2025-03-02 09:32:50.854387+00:00
267,3808,2025-03-01 17:48:30.036411+00:00,2025-03-02 09:32:50.854387+00:00
267,3822,2025-03-01 17:48:30.036411+00:00,2025-03-02 09:32:50.854387+00:00
267,3811,2025-03-01 17:48:30.036411+00:00,2025-03-02 09:32:50.854387+00:00
267,3809,2025-03-01 17:48:30.036411+00:00,2025-03-02 09:32:50.854387+00:00
267,3810,2025-03-01 17:48:30.036411+00:00,2025-03-02 09:32:50.854387+00:00
269,3573,2025-03-01 17:48:30.036411+00:00,2025-03-02 09:32:50.854387+00:00
269,3832,2025-03-01 17:48:30.036411+00:00,2025-03-02 09:32:50.854387+00:00
269,3830,2025-03-01 17:48:30.036411+00:00,2025-03-02 09:32:50.854387+00:00
269,3836,2025-03-01 17:48:30.036411+00:00,2025-03-02 09:32:50.854387+00:00
269,3829,2025-03-01 17:48:30.036411+00:00,2025-03-02 09:32:50.854387+00:00
345,5024,2025-03-01 17:48:30.036411+00:00,2025-03-02 09:32:50.854387+00:00
345,500,2025-03-01 17:48:30.036411+00:00,2025-03-02 09:32:50.854387+00:00
345,2226,2025-03-01 17:48:30.036411+00:00,2025-03-02 09:32:50.854387+00:00
345,1118,2025-03-01 17:48:30.036411+00:00,2025-03-02 09:32:50.854387+00:00
345,2227,2025-03-01 17:48:30.036411+00:00,2025-03-02 09:32:50.854387+00:00
390,5266,2025-03-01 17:48:30.036411+00:00,2025-03-02 09:32:50.854387+00:00
390,81749,2025-03-01 17:48:30.036411+00:00,2025-03-02 09:32:50.854387+00:00
390,1186042,2025-03-01 17:48:30.036411+00:00,2025-03-02 09:32:50.854387+00:00
390,5275,2025-03-01 17:48:30.036411+00:00,2025-03-02 09:32:50.854387+00:00
390,5274,2025-03-01 17:48:30.036411+00:00,2025-03-02 09:32:50.854387+00:00
423,6638,2025-03-01 17:48:30.036411+00:00,2025-03-02 09:32:50.854387+00:00
423,6637,2025-03-01 17:48:30.036411+00:00,2025-03-02 09:32:50.854387+00:00
423,6639,2025-03-01 17:48:30.036411+00:00,2025-03-02 09:32:50.854387+00:00
423,3490,2025-03-01 17:48:30.036411+00:00,2025-03-02 09:32:50.854387+00:00
423,3491,2025-03-01 17:48:30.036411+00:00,2025-03-02 09:32:50.854387+00:00
454,17772,2025-03-01 17:48:30.036411+00:00,2025-03-02 09:32:50.854387+00:00
454,6194,2025-03-01 17:48:30.036411+00:00,2025-03-02 09:32:50.854387+00:00
454,6197,2025-03-01 17:48:30.036411+00:00,2025-03-02 09:32:50.854387+00:00
454,6193,2025-03-01 17:48:30.036411+00:00,2025-03-02 09:32:50.854387+00:00
454,6198,2025-03-01 17:48:30.036411+00:00,2025-03-02 09:32:50.854387+00:00
470,6413,2025-03-01 17:48:30.036411+00:00,2025-03-02 09:32:50.854387+00:00
470,6831,2025-03-01 17:48:30.036411+00:00,2025-03-02 09:32:50.854387+00:00
470,3489,2025-03-01 17:48:30.036411+00:00,2025-03-02 09:32:50.854387+00:00
470,6830,2025-03-01 17:48:30.036411+00:00,2025-03-02 09:32:50.854387+00:00
470,2228,2025-03-01 17:48:30.036411+00:00,2025-03-02 09:32:50.854387+00:00
571,6929,2025-03-01 17:48:30.036411+00:00,2025-03-02 09:32:50.854387+00:00
571,8231,2025-03-01 17:48:30.036411+00:00,2025-03-02 09:32:50.854387+00:00
571,5047,2025-03-01 17:48:30.036411+00:00,2025-03-02 09:32:50.854387+00:00
571,5698,2025-03-01 17:48:30.036411+00:00,2025-03-02 09:32:50.854387+00:00
571,8229,2025-03-01 17:48:30.036411+00:00,2025-03-02 09:32:50.854387+00:00
581,7862,2025-03-01 17:48:30.036411+00:00,2025-03-02 09:32:50.854387+00:00
581,1269,2025-03-01 17:48:30.036411+00:00,2025-03-02 09:32:50.854387+00:00
581,7853,2025-03-01 17:48:30.036411+00:00,2025-03-02 09:32:50.854387+00:00
581,6804,2025-03-01 17:48:30.036411+00:00,2025-03-02 09:32:50.854387+00:00
581,1581,2025-03-01 17:48:30.036411+00:00,2025-03-02 09:32:50.854387+00:00
582,8196,2025-03-01 17:48:30.036411+00:00,2025-03-02 09:32:50.854387+00:00
582,8199,2025-03-01 17:48:30.036411+00:00,2025-03-02 09:32:50.854387+00:00
582,678,2025-03-01 17:48:30.036411+00:00,2025-03-02 09:32:50.854387+00:00
582,8197,2025-03-01 17:48:30.036411+00:00,2025-03-02 09:32:50.854387+00:00
582,8198,2025-03-01 17:48:30.036411+00:00,2025-03-02 09:32:50.854387+00:00
598,8596,2025-03-01 17:48:30.036411+00:00,2025-03-02 09:32:50.854387+00:00
598,8595,2025-03-01 17:48:30.036411+00:00,2025-03-02 09:32:50.854387+00:00
598,8599,2025-03-01 17:48:30.036411+00:00,2025-03-02 09:32:50.854387+00:00
598,8597,2025-03-01 17:48:30.036411+00:00,2025-03-02 09:32:50.854387+00:00
598,8598,2025-03-01 17:48:30.036411+00:00,2025-03-02 09:32:50.854387+00:00
600,2059,2025-03-01 17:48:30.036411+00:00,2025-03-02 09:32:50.854387+00:00
600,7132,2025-03-01 17:48:30.036411+00:00,2025-03-02 09:32:50.854387+00:00
600,8656,2025-03-01 17:48:30.036411+00:00,2025-03-02 09:32:50.854387+00:00
600,8654,2025-03-01 17:48:30.036411+00:00,2025-03-02 09:32:50.854387+00:00
600,8655,2025-03-01 17:48:30.036411+00:00,2025-03-02 09:32:50.854387+00:00
626,8988,2025-03-01 17:48:30.036411+00:00,2025-03-02 09:32:50.854387+00:00
626,793,2025-03-01 17:48:30.036411+00:00,2025-03-02 09:32:50.854387+00:00
626,8992,2025-03-01 17:48:30.036411+00:00,2025-03-02 09:32:50.854387+00:00
626,8993,2025-03-01 17:48:30.036411+00:00,2025-03-02 09:32:50.854387+00:00
626,8994,2025-03-01 17:48:30.036411+00:00,2025-03-02 09:32:50.854387+00:00
634,9138,2025-03-01 17:48:30.036411+00:00,2025-03-02 09:32:50.854387+00:00
634,5472,2025-03-01 17:48:30.036411+00:00,2025-03-02 09:32:50.854387+00:00
634,3291,2025-03-01 17:48:30.036411+00:00,2025-03-02 09:32:50.854387+00:00
634,388,2025-03-01 17:48:30.036411+00:00,2025-03-02 09:32:50.854387+00:00
634,9137,2025-03-01 17:48:30.036411+00:00,2025-03-02 09:32:50.854387+00:00
641,4443,2025-03-01 17:48:30.036411+00:00,2025-03-02 09:32:50.854387+00:00
641,9562,2025-03-01 17:48:30.036411+00:00,2025-03-02 09:32:50.854387+00:00
641,7499,2025-03-01 17:48:30.036411+00:00,2025-03-02 09:32:50.854387+00:00
641,6161,2025-03-01 17:48:30.036411+00:00,2025-03-02 09:32:50.854387+00:00
641,9560,2025-03-01 17:48:30.036411+00:00,2025-03-02 09:32:50.854387+00:00
649,3784,2025-03-01 17:48:30.036411+00:00,2025-03-02 09:32:50.854387+00:00
649,9763,2025-03-01 17:48:30.036411+00:00,2025-03-02 09:32:50.854387+00:00
649,50,2025-03-01 17:48:30.036411+00:00,2025-03-02 09:32:50.854387+00:00
649,9762,2025-03-01 17:48:30.036411+00:00,2025-03-02 09:32:50.854387+00:00
649,17577,2025-03-01 17:48:30.036411+00:00,2025-03-02 09:32:50.854387+00:00
655,2630,2025-03-01 17:48:30.036411+00:00,2025-03-02 09:32:50.854387+00:00
655,923,2025-03-01 17:48:30.036411+00:00,2025-03-02 09:32:50.854387+00:00
655,9892,2025-03-01 17:48:30.036411+00:00,2025-03-02 09:32:50.854387+00:00
655,5048,2025-03-01 17:48:30.036411+00:00,2025-03-02 09:32:50.854387+00:00
655,9893,2025-03-01 17:48:30.036411+00:00,2025-03-02 09:32:50.854387+00:00
670,10112,2025-03-01 17:48:30.036411+00:00,2025-03-02 09:32:50.854387+00:00
670,77180,2025-03-01 17:48:30.036411+00:00,2025-03-02 09:32:50.854387+00:00
670,1299317,2025-03-01 17:48:30.036411+00:00,2025-03-02 09:32:50.854387+00:00
670,64880,2025-03-01 17:48:30.036411+00:00,2025-03-02 09:32:50.854387+00:00
670,77182,2025-03-01 17:48:30.036411+00:00,2025-03-02 09:32:50.854387+00:00
671,10990,2025-03-01 17:48:30.036411+00:00,2025-03-02 09:32:50.854387+00:00
671,10989,2025-03-01 17:48:30.036411+00:00,2025-03-02 09:32:50.854387+00:00
671,10980,2025-03-01 17:48:30.036411+00:00,2025-03-02 09:32:50.854387+00:00
671,10993,2025-03-01 17:48:30.036411+00:00,2025-03-02 09:32:50.854387+00:00
671,194,2025-03-01 17:48:30.036411+00:00,2025-03-02 09:32:50.854387+00:00
672,10980,2025-03-01 17:48:30.036411+00:00,2025-03-02 09:32:50.854387+00:00
672,10989,2025-03-01 17:48:30.036411+00:00,2025-03-02 09:32:50.854387+00:00
672,10990,2025-03-01 17:48:30.036411+00:00,2025-03-02 09:32:50.854387+00:00
672,13014,2025-03-01 17:48:30.036411+00:00,2025-03-02 09:32:50.854387+00:00
672,11181,2025-03-01 17:48:30.036411+00:00,2025-03-02 09:32:50.854387+00:00
673,10989,2025-03-01 17:48:30.036411+00:00,2025-03-02 09:32:50.854387+00:00
673,10990,2025-03-01 17:48:30.036411+00:00,2025-03-02 09:32:50.854387+00:00
673,1923,2025-03-01 17:48:30.036411+00:00,2025-03-02 09:32:50.854387+00:00
673,5658,2025-03-01 17:48:30.036411+00:00,2025-03-02 09:32:50.854387+00:00
673,10980,2025-03-01 17:48:30.036411+00:00,2025-03-02 09:32:50.854387+00:00
674,10980,2025-03-01 17:48:30.036411+00:00,2025-03-02 09:32:50.854387+00:00
674,5658,2025-03-01 17:48:30.036411+00:00,2025-03-02 09:32:50.854387+00:00
674,10989,2025-03-01 17:48:30.036411+00:00,2025-03-02 09:32:50.854387+00:00
674,2039,2025-03-01 17:48:30.036411+00:00,2025-03-02 09:32:50.854387+00:00
674,10990,2025-03-01 17:48:30.036411+00:00,2025-03-02 09:32:50.854387+00:00
675,10990,2025-03-01 17:48:30.036411+00:00,2025-03-02 09:32:50.854387+00:00
675,1283,2025-03-01 17:48:30.036411+00:00,2025-03-02 09:32:50.854387+00:00
675,10989,2025-03-01 17:48:30.036411+00:00,2025-03-02 09:32:50.854387+00:00
675,10980,2025-03-01 17:48:30.036411+00:00,2025-03-02 09:32:50.854387+00:00
675,11356,2025-03-01 17:48:30.036411+00:00,2025-03-02 09:32:50.854387+00:00
694,10409,2025-03-01 17:48:30.036411+00:00,2025-03-02 09:32:50.854387+00:00
694,514,2025-03-01 17:48:30.036411+00:00,2025-03-02 09:32:50.854387+00:00
694,10411,2025-03-01 17:48:30.036411+00:00,2025-03-02 09:32:50.854387+00:00
694,10410,2025-03-01 17:48:30.036411+00:00,2025-03-02 09:32:50.854387+00:00
694,7077,2025-03-01 17:48:30.036411+00:00,2025-03-02 09:32:50.854387+00:00
744,500,2025-03-01 17:48:30.036411+00:00,2025-03-02 09:32:50.854387+00:00
744,4139,2025-03-01 17:48:30.036411+00:00,2025-03-02 09:32:50.854387+00:00
744,5576,2025-03-01 17:48:30.036411+00:00,2025-03-02 09:32:50.854387+00:00
744,11084,2025-03-01 17:48:30.036411+00:00,2025-03-02 09:32:50.854387+00:00
744,11085,2025-03-01 17:48:30.036411+00:00,2025-03-02 09:32:50.854387+00:00
746,11389,2025-03-01 17:48:30.036411+00:00,2025-03-02 09:32:50.854387+00:00
746,11394,2025-03-01 17:48:30.036411+00:00,2025-03-02 09:32:50.854387+00:00
746,6720,2025-03-01 17:48:30.036411+00:00,2025-03-02 09:32:50.854387+00:00
746,11390,2025-03-01 17:48:30.036411+00:00,2025-03-02 09:32:50.854387+00:00
746,11395,2025-03-01 17:48:30.036411+00:00,2025-03-02 09:32:50.854387+00:00
765,11749,2025-03-01 17:48:30.036411+00:00,2025-03-02 09:32:50.854387+00:00
765,11750,2025-03-01 17:48:30.036411+00:00,2025-03-02 09:32:50.854387+00:00
765,11769,2025-03-01 17:48:30.036411+00:00,2025-03-02 09:32:50.854387+00:00
765,11357,2025-03-01 17:48:30.036411+00:00,2025-03-02 09:32:50.854387+00:00
765,11751,2025-03-01 17:48:30.036411+00:00,2025-03-02 09:32:50.854387+00:00
767,388,2025-03-01 17:48:30.036411+00:00,2025-03-02 09:32:50.854387+00:00
767,10989,2025-03-01 17:48:30.036411+00:00,2025-03-02 09:32:50.854387+00:00
767,10990,2025-03-01 17:48:30.036411+00:00,2025-03-02 09:32:50.854387+00:00
767,10980,2025-03-01 17:48:30.036411+00:00,2025-03-02 09:32:50.854387+00:00
767,5658,2025-03-01 17:48:30.036411+00:00,2025-03-02 09:32:50.854387+00:00
844,1339,2025-03-01 17:48:30.036411+00:00,2025-03-02 09:32:50.854387+00:00
844,1337,2025-03-01 17:48:30.036411+00:00,2025-03-02 09:32:50.854387+00:00
844,643,2025-03-01 17:48:30.036411+00:00,2025-03-02 09:32:50.854387+00:00
844,12671,2025-03-01 17:48:30.036411+00:00,2025-03-02 09:32:50.854387+00:00
844,12670,2025-03-01 17:48:30.036411+00:00,2025-03-02 09:32:50.854387+00:00
884,13548,2025-03-01 17:48:30.036411+00:00,2025-03-02 09:32:50.854387+00:00
884,2165,2025-03-01 17:48:30.036411+00:00,2025-03-02 09:32:50.854387+00:00
884,18686,2025-03-01 17:48:30.036411+00:00,2025-03-02 09:32:50.854387+00:00
884,13550,2025-03-01 17:48:30.036411+00:00,2025-03-02 09:32:50.854387+00:00
884,13549,2025-03-01 17:48:30.036411+00:00,2025-03-02 09:32:50.854387+00:00
907,522,2025-03-01 17:48:30.036411+00:00,2025-03-02 09:32:50.854387+00:00
907,1666,2025-03-01 17:48:30.036411+00:00,2025-03-02 09:32:50.854387+00:00
907,5004,2025-03-01 17:48:30.036411+00:00,2025-03-02 09:32:50.854387+00:00
907,12248,2025-03-01 17:48:30.036411+00:00,2025-03-02 09:32:50.854387+00:00
907,400,2025-03-01 17:48:30.036411+00:00,2025-03-02 09:32:50.854387+00:00
921,934,2025-03-01 17:48:30.036411+00:00,2025-03-02 09:32:50.854387+00:00
921,14886,2025-03-01 17:48:30.036411+00:00,2025-03-02 09:32:50.854387+00:00
921,14887,2025-03-01 17:48:30.036411+00:00,2025-03-02 09:32:50.854387+00:00
921,13242,2025-03-01 17:48:30.036411+00:00,2025-03-02 09:32:50.854387+00:00
921,9137,2025-03-01 17:48:30.036411+00:00,2025-03-02 09:32:50.854387+00:00
925,6396,2025-03-01 17:48:30.036411+00:00,2025-03-02 09:32:50.854387+00:00
925,1241,2025-03-01 17:48:30.036411+00:00,2025-03-02 09:32:50.854387+00:00
925,5281,2025-03-01 17:48:30.036411+00:00,2025-03-02 09:32:50.854387+00:00
925,1004,2025-03-01 17:48:30.036411+00:00,2025-03-02 09:32:50.854387+00:00
925,15531,2025-03-01 17:48:30.036411+00:00,2025-03-02 09:32:50.854387+00:00
935,3088,2025-03-01 17:48:30.036411+00:00,2025-03-02 09:32:50.854387+00:00
935,12446,2025-03-01 17:48:30.036411+00:00,2025-03-02 09:32:50.854387+00:00
935,14253,2025-03-01 17:48:30.036411+00:00,2025-03-02 09:32:50.854387+00:00
935,4966,2025-03-01 17:48:30.036411+00:00,2025-03-02 09:32:50.854387+00:00
935,862,2025-03-01 17:48:30.036411+00:00,2025-03-02 09:32:50.854387+00:00
1018,15007,2025-03-01 17:48:30.036411+00:00,2025-03-02 09:32:50.854387+00:00
1018,1236,2025-03-01 17:48:30.036411+00:00,2025-03-02 09:32:50.854387+00:00
1018,15009,2025-03-01 17:48:30.036411+00:00,2025-03-02 09:32:50.854387+00:00
1018,3489,2025-03-01 17:48:30.036411+00:00,2025-03-02 09:32:50.854387+00:00
1018,15008,2025-03-01 17:48:30.036411+00:00,2025-03-02 09:32:50.854387+00:00
1089,11885,2025-03-01 17:48:30.036411+00:00,2025-03-02 09:32:50.854387+00:00
1089,723,2025-03-01 17:48:30.036411+00:00,2025-03-02 09:32:50.854387+00:00
1089,15309,2025-03-01 17:48:30.036411+00:00,2025-03-02 09:32:50.854387+00:00
1089,2048,2025-03-01 17:48:30.036411+00:00,2025-03-02 09:32:50.854387+00:00
1089,6384,2025-03-01 17:48:30.036411+00:00,2025-03-02 09:32:50.854387+00:00
1396,55514,2025-03-01 17:48:30.036411+00:00,2025-03-02 09:32:50.854387+00:00
1396,55513,2025-03-01 17:48:30.036411+00:00,2025-03-02 09:32:50.854387+00:00
1396,8475,2025-03-01 17:48:30.036411+00:00,2025-03-02 09:32:50.854387+00:00
1396,55512,2025-03-01 17:48:30.036411+00:00,2025-03-02 09:32:50.854387+00:00
1396,8471,2025-03-01 17:48:30.036411+00:00,2025-03-02 09:32:50.854387+00:00
1398,28078,2025-03-01 17:48:30.036411+00:00,2025-03-02 09:32:50.854387+00:00
1398,1190992,2025-03-01 17:48:30.036411+00:00,2025-03-02 09:32:50.854387+00:00
1398,8475,2025-03-01 17:48:30.036411+00:00,2025-03-02 09:32:50.854387+00:00
1398,28079,2025-03-01 17:48:30.036411+00:00,2025-03-02 09:32:50.854387+00:00
1398,28080,2025-03-01 17:48:30.036411+00:00,2025-03-02 09:32:50.854387+00:00
1443,4512,2025-03-01 17:48:30.036411+00:00,2025-03-02 09:32:50.854387+00:00
1443,2299,2025-03-01 17:48:30.036411+00:00,2025-03-02 09:32:50.854387+00:00
1443,3391,2025-03-01 17:48:30.036411+00:00,2025-03-02 09:32:50.854387+00:00
1443,60650,2025-03-01 17:48:30.036411+00:00,2025-03-02 09:32:50.854387+00:00
1443,205,2025-03-01 17:48:30.036411+00:00,2025-03-02 09:32:50.854387+00:00
1600,7109,2025-03-01 17:48:30.036411+00:00,2025-03-02 09:32:50.854387+00:00
1600,1350,2025-03-01 17:48:30.036411+00:00,2025-03-02 09:32:50.854387+00:00
1600,17888,2025-03-01 17:48:30.036411+00:00,2025-03-02 09:32:50.854387+00:00
1600,1142,2025-03-01 17:48:30.036411+00:00,2025-03-02 09:32:50.854387+00:00
1600,17896,2025-03-01 17:48:30.036411+00:00,2025-03-02 09:32:50.854387+00:00
1626,18201,2025-03-01 17:48:30.036411+00:00,2025-03-02 09:32:50.854387+00:00
1626,18200,2025-03-01 17:48:30.036411+00:00,2025-03-02 09:32:50.854387+00:00
1626,18197,2025-03-01 17:48:30.036411+00:00,2025-03-02 09:32:50.854387+00:00
1626,18198,2025-03-01 17:48:30.036411+00:00,2025-03-02 09:32:50.854387+00:00
1626,18199,2025-03-01 17:48:30.036411+00:00,2025-03-02 09:32:50.854387+00:00
1628,18218,2025-03-01 17:48:30.036411+00:00,2025-03-02 09:32:50.854387+00:00
1628,18216,2025-03-01 17:48:30.036411+00:00,2025-03-02 09:32:50.854387+00:00
1628,18219,2025-03-01 17:48:30.036411+00:00,2025-03-02 09:32:50.854387+00:00
1628,18217,2025-03-01 17:48:30.036411+00:00,2025-03-02 09:32:50.854387+00:00
1628,14812,2025-03-01 17:48:30.036411+00:00,2025-03-02 09:32:50.854387+00:00
1629,18229,2025-03-01 17:48:30.036411+00:00,2025-03-02 09:32:50.854387+00:00
1629,18230,2025-03-01 17:48:30.036411+00:00,2025-03-02 09:32:50.854387+00:00
1629,18228,2025-03-01 17:48:30.036411+00:00,2025-03-02 09:32:50.854387+00:00
1629,1653,2025-03-01 17:48:30.036411+00:00,2025-03-02 09:32:50.854387+00:00
1629,18227,2025-03-01 17:48:30.036411+00:00,2025-03-02 09:32:50.854387+00:00
1653,18499,2025-03-01 17:48:30.036411+00:00,2025-03-02 09:32:50.854387+00:00
1653,6859,2025-03-01 17:48:30.036411+00:00,2025-03-02 09:32:50.854387+00:00
1653,18478,2025-03-01 17:48:30.036411+00:00,2025-03-02 09:32:50.854387+00:00
1653,105738,2025-03-01 17:48:30.036411+00:00,2025-03-02 09:32:50.854387+00:00
1653,258,2025-03-01 17:48:30.036411+00:00,2025-03-02 09:32:50.854387+00:00
1716,50,2025-03-01 17:48:30.036411+00:00,2025-03-02 09:32:50.854387+00:00
1716,18778,2025-03-01 17:48:30.036411+00:00,2025-03-02 09:32:50.854387+00:00
1716,10262,2025-03-01 17:48:30.036411+00:00,2025-03-02 09:32:50.854387+00:00
1716,16927,2025-03-01 17:48:30.036411+00:00,2025-03-02 09:32:50.854387+00:00
1716,11535,2025-03-01 17:48:30.036411+00:00,2025-03-02 09:32:50.854387+00:00
1933,2227,2025-03-01 17:48:30.036411+00:00,2025-03-02 09:32:50.854387+00:00
1933,20053,2025-03-01 17:48:30.036411+00:00,2025-03-02 09:32:50.854387+00:00
1933,20052,2025-03-01 17:48:30.036411+00:00,2025-03-02 09:32:50.854387+00:00
1933,58068,2025-03-01 17:48:30.036411+00:00,2025-03-02 09:32:50.854387+00:00
1933,20051,2025-03-01 17:48:30.036411+00:00,2025-03-02 09:32:50.854387+00:00
1989,11064,2025-03-01 17:48:30.036411+00:00,2025-03-02 09:32:50.854387+00:00
1989,3293,2025-03-01 17:48:30.036411+00:00,2025-03-02 09:32:50.854387+00:00
1989,9642,2025-03-01 17:48:30.036411+00:00,2025-03-02 09:32:50.854387+00:00
1989,524,2025-03-01 17:48:30.036411+00:00,2025-03-02 09:32:50.854387+00:00
1989,20472,2025-03-01 17:48:30.036411+00:00,2025-03-02 09:32:50.854387+00:00
2143,21977,2025-03-01 17:48:30.036411+00:00,2025-03-02 09:32:50.854387+00:00
2143,21978,2025-03-01 17:48:30.036411+00:00,2025-03-02 09:32:50.854387+00:00
2143,21979,2025-03-01 17:48:30.036411+00:00,2025-03-02 09:32:50.854387+00:00
2143,349,2025-03-01 17:48:30.036411+00:00,2025-03-02 09:32:50.854387+00:00
2143,18023,2025-03-01 17:48:30.036411+00:00,2025-03-02 09:32:50.854387+00:00
2517,25651,2025-03-01 17:48:30.036411+00:00,2025-03-02 09:32:50.854387+00:00
2517,25652,2025-03-01 17:48:30.036411+00:00,2025-03-02 09:32:50.854387+00:00
2517,25650,2025-03-01 17:48:30.036411+00:00,2025-03-02 09:32:50.854387+00:00
2517,25648,2025-03-01 17:48:30.036411+00:00,2025-03-02 09:32:50.854387+00:00
2517,25649,2025-03-01 17:48:30.036411+00:00,2025-03-02 09:32:50.854387+00:00
2742,351,2025-03-01 17:48:30.036411+00:00,2025-03-02 09:32:50.854387+00:00
2742,6104,2025-03-01 17:48:30.036411+00:00,2025-03-02 09:32:50.854387+00:00
2742,6355,2025-03-01 17:48:30.036411+00:00,2025-03-02 09:32:50.854387+00:00
2742,27811,2025-03-01 17:48:30.036411+00:00,2025-03-02 09:32:50.854387+00:00
2742,65,2025-03-01 17:48:30.036411+00:00,2025-03-02 09:32:50.854387+00:00
3176,31080,2025-03-01 17:48:30.036411+00:00,2025-03-02 09:32:50.854387+00:00
3176,31078,2025-03-01 17:48:30.036411+00:00,2025-03-02 09:32:50.854387+00:00
3176,31079,2025-03-01 17:48:30.036411+00:00,2025-03-02 09:32:50.854387+00:00
3176,3317,2025-03-01 17:48:30.036411+00:00,2025-03-02 09:32:50.854387+00:00
3176,74862,2025-03-01 17:48:30.036411+00:00,2025-03-02 09:32:50.854387+00:00
3423,3784,2025-03-01 17:48:30.036411+00:00,2025-03-02 09:32:50.854387+00:00
3423,6250,2025-03-01 17:48:30.036411+00:00,2025-03-02 09:32:50.854387+00:00
3423,2168,2025-03-01 17:48:30.036411+00:00,2025-03-02 09:32:50.854387+00:00
3423,20882,2025-03-01 17:48:30.036411+00:00,2025-03-02 09:32:50.854387+00:00
3423,32322,2025-03-01 17:48:30.036411+00:00,2025-03-02 09:32:50.854387+00:00
3427,7277,2025-03-01 17:48:30.036411+00:00,2025-03-02 09:32:50.854387+00:00
3427,27440,2025-03-01 17:48:30.036411+00:00,2025-03-02 09:32:50.854387+00:00
3427,6250,2025-03-01 17:48:30.036411+00:00,2025-03-02 09:32:50.854387+00:00
3427,3784,2025-03-01 17:48:30.036411+00:00,2025-03-02 09:32:50.854387+00:00
3427,24422,2025-03-01 17:48:30.036411+00:00,2025-03-02 09:32:50.854387+00:00
3635,207,2025-03-01 17:48:30.036411+00:00,2025-03-02 09:32:50.854387+00:00
3635,33448,2025-03-01 17:48:30.036411+00:00,2025-03-02 09:32:50.854387+00:00
3635,1245,2025-03-01 17:48:30.036411+00:00,2025-03-02 09:32:50.854387+00:00
3635,2037,2025-03-01 17:48:30.036411+00:00,2025-03-02 09:32:50.854387+00:00
3635,5472,2025-03-01 17:48:30.036411+00:00,2025-03-02 09:32:50.854387+00:00
4043,34792,2025-03-01 17:48:30.036411+00:00,2025-03-02 09:32:50.854387+00:00
4043,3131,2025-03-01 17:48:30.036411+00:00,2025-03-02 09:32:50.854387+00:00
4043,3651,2025-03-01 17:48:30.036411+00:00,2025-03-02 09:32:50.854387+00:00
4043,2744,2025-03-01 17:48:30.036411+00:00,2025-03-02 09:32:50.854387+00:00
4043,34629,2025-03-01 17:48:30.036411+00:00,2025-03-02 09:32:50.854387+00:00
4203,25258,2025-03-01 17:48:30.036411+00:00,2025-03-02 09:32:50.854387+00:00
4203,2744,2025-03-01 17:48:30.036411+00:00,2025-03-02 09:32:50.854387+00:00
4203,3131,2025-03-01 17:48:30.036411+00:00,2025-03-02 09:32:50.854387+00:00
4203,25025,2025-03-01 17:48:30.036411+00:00,2025-03-02 09:32:50.854387+00:00
4203,25257,2025-03-01 17:48:30.036411+00:00,2025-03-02 09:32:50.854387+00:00
4348,4154,2025-03-01 17:48:30.036411+00:00,2025-03-02 09:32:50.854387+00:00
4348,2441,2025-03-01 17:48:30.036411+00:00,2025-03-02 09:32:50.854387+00:00
4348,116,2025-03-01 17:48:30.036411+00:00,2025-03-02 09:32:50.854387+00:00
4348,55636,2025-03-01 17:48:30.036411+00:00,2025-03-02 09:32:50.854387+00:00
4348,15576,2025-03-01 17:48:30.036411+00:00,2025-03-02 09:32:50.854387+00:00
4550,1299277,2025-03-01 17:48:30.036411+00:00,2025-03-02 09:32:50.854387+00:00
4550,25001,2025-03-01 17:48:30.036411+00:00,2025-03-02 09:32:50.854387+00:00
4550,1117876,2025-03-01 17:48:30.036411+00:00,2025-03-02 09:32:50.854387+00:00
4550,64880,2025-03-01 17:48:30.036411+00:00,2025-03-02 09:32:50.854387+00:00
4550,1255409,2025-03-01 17:48:30.036411+00:00,2025-03-02 09:32:50.854387+00:00
4593,19092,2025-03-01 17:48:30.036411+00:00,2025-03-02 09:32:50.854387+00:00
4593,38341,2025-03-01 17:48:30.036411+00:00,2025-03-02 09:32:50.854387+00:00
4593,24684,2025-03-01 17:48:30.036411+00:00,2025-03-02 09:32:50.854387+00:00
4593,14821,2025-03-01 17:48:30.036411+00:00,2025-03-02 09:32:50.854387+00:00
4593,3508,2025-03-01 17:48:30.036411+00:00,2025-03-02 09:32:50.854387+00:00
4689,21688,2025-03-01 17:48:30.036411+00:00,2025-03-02 09:32:50.854387+00:00
4689,25004,2025-03-01 17:48:30.036411+00:00,2025-03-02 09:32:50.854387+00:00
4689,39257,2025-03-01 17:48:30.036411+00:00,2025-03-02 09:32:50.854387+00:00
4689,39256,2025-03-01 17:48:30.036411+00:00,2025-03-02 09:32:50.854387+00:00
4689,20738,2025-03-01 17:48:30.036411+00:00,2025-03-02 09:32:50.854387+00:00
4710,39067,2025-03-01 17:48:30.036411+00:00,2025-03-02 09:32:50.854387+00:00
4710,1653,2025-03-01 17:48:30.036411+00:00,2025-03-02 09:32:50.854387+00:00
4710,39068,2025-03-01 17:48:30.036411+00:00,2025-03-02 09:32:50.854387+00:00
4710,24801,2025-03-01 17:48:30.036411+00:00,2025-03-02 09:32:50.854387+00:00
4710,35000,2025-03-01 17:48:30.036411+00:00,2025-03-02 09:32:50.854387+00:00
4935,12670,2025-03-01 17:48:30.036411+00:00,2025-03-02 09:32:50.854387+00:00
4935,225730,2025-03-01 17:48:30.036411+00:00,2025-03-02 09:32:50.854387+00:00
4935,533325,2025-03-01 17:48:30.036411+00:00,2025-03-02 09:32:50.854387+00:00
4935,20338,2025-03-01 17:48:30.036411+00:00,2025-03-02 09:32:50.854387+00:00
4935,19592,2025-03-01 17:48:30.036411+00:00,2025-03-02 09:32:50.854387+00:00
5279,4391,2025-03-01 17:48:30.036411+00:00,2025-03-02 09:32:50.854387+00:00
5279,38809,2025-03-01 17:48:30.036411+00:00,2025-03-02 09:32:50.854387+00:00
5279,5658,2025-03-01 17:48:30.036411+00:00,2025-03-02 09:32:50.854387+00:00
5279,10978,2025-03-01 17:48:30.036411+00:00,2025-03-02 09:32:50.854387+00:00
5279,5470,2025-03-01 17:48:30.036411+00:00,2025-03-02 09:32:50.854387+00:00
5492,216986,2025-03-01 17:48:30.036411+00:00,2025-03-02 09:32:50.854387+00:00
5492,3325593,2025-03-01 17:48:30.036411+00:00,2025-03-02 09:32:50.854387+00:00
5492,192,2025-03-01 17:48:30.036411+00:00,2025-03-02 09:32:50.854387+00:00
5492,2219683,2025-03-01 17:48:30.036411+00:00,2025-03-02 09:32:50.854387+00:00
5492,61856,2025-03-01 17:48:30.036411+00:00,2025-03-02 09:32:50.854387+00:00
5544,44021,2025-03-01 17:48:30.036411+00:00,2025-03-02 09:32:50.854387+00:00
5544,267962,2025-03-01 17:48:30.036411+00:00,2025-03-02 09:32:50.854387+00:00
5544,44020,2025-03-01 17:48:30.036411+00:00,2025-03-02 09:32:50.854387+00:00
5544,24422,2025-03-01 17:48:30.036411+00:00,2025-03-02 09:32:50.854387+00:00
5544,25466,2025-03-01 17:48:30.036411+00:00,2025-03-02 09:32:50.854387+00:00
5558,44110,2025-03-01 17:48:30.036411+00:00,2025-03-02 09:32:50.854387+00:00
5558,24299,2025-03-01 17:48:30.036411+00:00,2025-03-02 09:32:50.854387+00:00
5558,24421,2025-03-01 17:48:30.036411+00:00,2025-03-02 09:32:50.854387+00:00
5558,41779,2025-03-01 17:48:30.036411+00:00,2025-03-02 09:32:50.854387+00:00
5558,44104,2025-03-01 17:48:30.036411+00:00,2025-03-02 09:32:50.854387+00:00
5781,3822,2025-03-01 17:48:30.036411+00:00,2025-03-02 09:32:50.854387+00:00
5781,10500,2025-03-01 17:48:30.036411+00:00,2025-03-02 09:32:50.854387+00:00
5781,566171,2025-03-01 17:48:30.036411+00:00,2025-03-02 09:32:50.854387+00:00
5781,3594,2025-03-01 17:48:30.036411+00:00,2025-03-02 09:32:50.854387+00:00
5781,14821,2025-03-01 17:48:30.036411+00:00,2025-03-02 09:32:50.854387+00:00
5879,142535,2025-03-01 17:48:30.036411+00:00,2025-03-02 09:32:50.854387+00:00
5879,21503,2025-03-01 17:48:30.036411+00:00,2025-03-02 09:32:50.854387+00:00
5879,310173,2025-03-01 17:48:30.036411+00:00,2025-03-02 09:32:50.854387+00:00
5879,46239,2025-03-01 17:48:30.036411+00:00,2025-03-02 09:32:50.854387+00:00
5879,136880,2025-03-01 17:48:30.036411+00:00,2025-03-02 09:32:50.854387+00:00
7859,53650,2025-03-01 17:48:30.036411+00:00,2025-03-02 09:32:50.854387+00:00
7859,53055,2025-03-01 17:48:30.036411+00:00,2025-03-02 09:32:50.854387+00:00
7859,30614,2025-03-01 17:48:30.036411+00:00,2025-03-02 09:32:50.854387+00:00
7859,53651,2025-03-01 17:48:30.036411+00:00,2025-03-02 09:32:50.854387+00:00
7859,53056,2025-03-01 17:48:30.036411+00:00,2025-03-02 09:32:50.854387+00:00
8072,30719,2025-03-01 17:48:30.036411+00:00,2025-03-02 09:32:50.854387+00:00
8072,18197,2025-03-01 17:48:30.036411+00:00,2025-03-02 09:32:50.854387+00:00
8072,1175258,2025-03-01 17:48:30.036411+00:00,2025-03-02 09:32:50.854387+00:00
8072,19794,2025-03-01 17:48:30.036411+00:00,2025-03-02 09:32:50.854387+00:00
8072,548814,2025-03-01 17:48:30.036411+00:00,2025-03-02 09:32:50.854387+00:00
8088,1604,2025-03-01 17:48:30.036411+00:00,2025-03-02 09:32:50.854387+00:00
8088,72631,2025-03-01 17:48:30.036411+00:00,2025-03-02 09:32:50.854387+00:00
8088,102221,2025-03-01 17:48:30.036411+00:00,2025-03-02 09:32:50.854387+00:00
8088,955,2025-03-01 17:48:30.036411+00:00,2025-03-02 09:32:50.854387+00:00
8088,3480,2025-03-01 17:48:30.036411+00:00,2025-03-02 09:32:50.854387+00:00
8222,54153,2025-03-01 17:48:30.036411+00:00,2025-03-02 09:32:50.854387+00:00
8222,54155,2025-03-01 17:48:30.036411+00:00,2025-03-02 09:32:50.854387+00:00
8222,954,2025-03-01 17:48:30.036411+00:00,2025-03-02 09:32:50.854387+00:00
8222,54154,2025-03-01 17:48:30.036411+00:00,2025-03-02 09:32:50.854387+00:00
8222,25256,2025-03-01 17:48:30.036411+00:00,2025-03-02 09:32:50.854387+00:00
8392,55664,2025-03-01 17:48:30.036411+00:00,2025-03-02 09:32:50.854387+00:00
8392,55662,2025-03-01 17:48:30.036411+00:00,2025-03-02 09:32:50.854387+00:00
8392,55663,2025-03-01 17:48:30.036411+00:00,2025-03-02 09:32:50.854387+00:00
8392,613,2025-03-01 17:48:30.036411+00:00,2025-03-02 09:32:50.854387+00:00
8392,55665,2025-03-01 17:48:30.036411+00:00,2025-03-02 09:32:50.854387+00:00
9343,14277,2025-03-01 17:48:30.036411+00:00,2025-03-02 09:32:50.854387+00:00
9343,57380,2025-03-01 17:48:30.036411+00:00,2025-03-02 09:32:50.854387+00:00
9343,57381,2025-03-01 17:48:30.036411+00:00,2025-03-02 09:32:50.854387+00:00
9343,4959,2025-03-01 17:48:30.036411+00:00,2025-03-02 09:32:50.854387+00:00
9343,57379,2025-03-01 17:48:30.036411+00:00,2025-03-02 09:32:50.854387+00:00
9613,8436,2025-03-01 17:48:30.036411+00:00,2025-03-02 09:32:50.854387+00:00
9613,5168,2025-03-01 17:48:30.036411+00:00,2025-03-02 09:32:50.854387+00:00
9613,12642,2025-03-01 17:48:30.036411+00:00,2025-03-02 09:32:50.854387+00:00
9613,5469,2025-03-01 17:48:30.036411+00:00,2025-03-02 09:32:50.854387+00:00
9613,29791,2025-03-01 17:48:30.036411+00:00,2025-03-02 09:32:50.854387+00:00
9746,58858,2025-03-01 17:48:30.036411+00:00,2025-03-02 09:32:50.854387+00:00
9746,58856,2025-03-01 17:48:30.036411+00:00,2025-03-02 09:32:50.854387+00:00
9746,1525270,2025-03-01 17:48:30.036411+00:00,2025-03-02 09:32:50.854387+00:00
9746,58859,2025-03-01 17:48:30.036411+00:00,2025-03-02 09:32:50.854387+00:00
9746,58857,2025-03-01 17:48:30.036411+00:00,2025-03-02 09:32:50.854387+00:00
9769,11484,2025-03-01 17:48:30.036411+00:00,2025-03-02 09:32:50.854387+00:00
9769,11149,2025-03-01 17:48:30.036411+00:00,2025-03-02 09:32:50.854387+00:00
9769,29369,2025-03-01 17:48:30.036411+00:00,2025-03-02 09:32:50.854387+00:00
9769,8924,2025-03-01 17:48:30.036411+00:00,2025-03-02 09:32:50.854387+00:00
9769,16940,2025-03-01 17:48:30.036411+00:00,2025-03-02 09:32:50.854387+00:00
10376,59373,2025-03-01 17:48:30.036411+00:00,2025-03-02 09:32:50.854387+00:00
10376,80503,2025-03-01 17:48:30.036411+00:00,2025-03-02 09:32:50.854387+00:00
10376,5502,2025-03-01 17:48:30.036411+00:00,2025-03-02 09:32:50.854387+00:00
10376,3201,2025-03-01 17:48:30.036411+00:00,2025-03-02 09:32:50.854387+00:00
10376,3129,2025-03-01 17:48:30.036411+00:00,2025-03-02 09:32:50.854387+00:00
10435,137924,2025-03-01 17:48:30.036411+00:00,2025-03-02 09:32:50.854387+00:00
10435,80365,2025-03-01 17:48:30.036411+00:00,2025-03-02 09:32:50.854387+00:00
10435,3223,2025-03-01 17:48:30.036411+00:00,2025-03-02 09:32:50.854387+00:00
10435,400,2025-03-01 17:48:30.036411+00:00,2025-03-02 09:32:50.854387+00:00
10435,20005,2025-03-01 17:48:30.036411+00:00,2025-03-02 09:32:50.854387+00:00
10452,6012,2025-03-01 17:48:30.036411+00:00,2025-03-02 09:32:50.854387+00:00
10452,7037,2025-03-01 17:48:30.036411+00:00,2025-03-02 09:32:50.854387+00:00
10452,20239,2025-03-01 17:48:30.036411+00:00,2025-03-02 09:32:50.854387+00:00
10452,31895,2025-03-01 17:48:30.036411+00:00,2025-03-02 09:32:50.854387+00:00
10452,6553,2025-03-01 17:48:30.036411+00:00,2025-03-02 09:32:50.854387+00:00
10515,65510,2025-03-01 17:48:30.036411+00:00,2025-03-02 09:32:50.854387+00:00
10515,65509,2025-03-01 17:48:30.036411+00:00,2025-03-02 09:32:50.854387+00:00
10515,65511,2025-03-01 17:48:30.036411+00:00,2025-03-02 09:32:50.854387+00:00
10515,65512,2025-03-01 17:48:30.036411+00:00,2025-03-02 09:32:50.854387+00:00
10515,142455,2025-03-01 17:48:30.036411+00:00,2025-03-02 09:32:50.854387+00:00
10775,25246,2025-03-01 17:48:30.036411+00:00,2025-03-02 09:32:50.854387+00:00
10775,72730,2025-03-01 17:48:30.036411+00:00,2025-03-02 09:32:50.854387+00:00
10775,66717,2025-03-01 17:48:30.036411+00:00,2025-03-02 09:32:50.854387+00:00
10775,1337,2025-03-01 17:48:30.036411+00:00,2025-03-02 09:32:50.854387+00:00
10775,26724,2025-03-01 17:48:30.036411+00:00,2025-03-02 09:32:50.854387+00:00
10802,2683,2025-03-01 17:48:30.036411+00:00,2025-03-02 09:32:50.854387+00:00
10802,11150,2025-03-01 17:48:30.036411+00:00,2025-03-02 09:32:50.854387+00:00
10802,19189,2025-03-01 17:48:30.036411+00:00,2025-03-02 09:32:50.854387+00:00
10802,6677,2025-03-01 17:48:30.036411+00:00,2025-03-02 09:32:50.854387+00:00
10802,2055,2025-03-01 17:48:30.036411+00:00,2025-03-02 09:32:50.854387+00:00
10995,21817,2025-03-01 17:48:30.036411+00:00,2025-03-02 09:32:50.854387+00:00
10995,56861,2025-03-01 17:48:30.036411+00:00,2025-03-02 09:32:50.854387+00:00
10995,26100,2025-03-01 17:48:30.036411+00:00,2025-03-02 09:32:50.854387+00:00
10995,67780,2025-03-01 17:48:30.036411+00:00,2025-03-02 09:32:50.854387+00:00
10995,40582,2025-03-01 17:48:30.036411+00:00,2025-03-02 09:32:50.854387+00:00
10997,643,2025-03-01 17:48:30.036411+00:00,2025-03-02 09:32:50.854387+00:00
10997,69637,2025-03-01 17:48:30.036411+00:00,2025-03-02 09:32:50.854387+00:00
10997,109436,2025-03-01 17:48:30.036411+00:00,2025-03-02 09:32:50.854387+00:00
10997,65277,2025-03-01 17:48:30.036411+00:00,2025-03-02 09:32:50.854387+00:00
10997,67765,2025-03-01 17:48:30.036411+00:00,2025-03-02 09:32:50.854387+00:00
11010,10777,2025-03-01 17:48:30.036411+00:00,2025-03-02 09:32:50.854387+00:00
11010,67792,2025-03-01 17:48:30.036411+00:00,2025-03-02 09:32:50.854387+00:00
11010,14149,2025-03-01 17:48:30.036411+00:00,2025-03-02 09:32:50.854387+00:00
11010,538696,2025-03-01 17:48:30.036411+00:00,2025-03-02 09:32:50.854387+00:00
11010,24366,2025-03-01 17:48:30.036411+00:00,2025-03-02 09:32:50.854387+00:00
11012,8436,2025-03-01 17:48:30.036411+00:00,2025-03-02 09:32:50.854387+00:00
11012,1137,2025-03-01 17:48:30.036411+00:00,2025-03-02 09:32:50.854387+00:00
11012,53,2025-03-01 17:48:30.036411+00:00,2025-03-02 09:32:50.854387+00:00
11012,16940,2025-03-01 17:48:30.036411+00:00,2025-03-02 09:32:50.854387+00:00
11012,11278,2025-03-01 17:48:30.036411+00:00,2025-03-02 09:32:50.854387+00:00
11104,12671,2025-03-01 17:48:30.036411+00:00,2025-03-02 09:32:50.854387+00:00
11104,43661,2025-03-01 17:48:30.036411+00:00,2025-03-02 09:32:50.854387+00:00
11104,1337,2025-03-01 17:48:30.036411+00:00,2025-03-02 09:32:50.854387+00:00
11104,56830,2025-03-01 17:48:30.036411+00:00,2025-03-02 09:32:50.854387+00:00
11104,119875,2025-03-01 17:48:30.036411+00:00,2025-03-02 09:32:50.854387+00:00
11220,66761,2025-03-01 17:48:30.036411+00:00,2025-03-02 09:32:50.854387+00:00
11220,66762,2025-03-01 17:48:30.036411+00:00,2025-03-02 09:32:50.854387+00:00
11220,43661,2025-03-01 17:48:30.036411+00:00,2025-03-02 09:32:50.854387+00:00
11220,57831,2025-03-01 17:48:30.036411+00:00,2025-03-02 09:32:50.854387+00:00
11220,56816,2025-03-01 17:48:30.036411+00:00,2025-03-02 09:32:50.854387+00:00
11298,10662,2025-03-01 17:48:30.036411+00:00,2025-03-02 09:32:50.854387+00:00
11298,16173,2025-03-01 17:48:30.036411+00:00,2025-03-02 09:32:50.854387+00:00
11298,62001,2025-03-01 17:48:30.036411+00:00,2025-03-02 09:32:50.854387+00:00
11298,17494,2025-03-01 17:48:30.036411+00:00,2025-03-02 09:32:50.854387+00:00
11298,65404,2025-03-01 17:48:30.036411+00:00,2025-03-02 09:32:50.854387+00:00
11416,16940,2025-03-01 17:48:30.036411+00:00,2025-03-02 09:32:50.854387+00:00
11416,18992,2025-03-01 17:48:30.036411+00:00,2025-03-02 09:32:50.854387+00:00
11416,380,2025-03-01 17:48:30.036411+00:00,2025-03-02 09:32:50.854387+00:00
11416,3896,2025-03-01 17:48:30.036411+00:00,2025-03-02 09:32:50.854387+00:00
11416,40008,2025-03-01 17:48:30.036411+00:00,2025-03-02 09:32:50.854387+00:00
11471,69638,2025-03-01 17:48:30.036411+00:00,2025-03-02 09:32:50.854387+00:00
11471,69636,2025-03-01 17:48:30.036411+00:00,2025-03-02 09:32:50.854387+00:00
11471,69637,2025-03-01 17:48:30.036411+00:00,2025-03-02 09:32:50.854387+00:00
11471,25249,2025-03-01 17:48:30.036411+00:00,2025-03-02 09:32:50.854387+00:00
11471,1619,2025-03-01 17:48:30.036411+00:00,2025-03-02 09:32:50.854387+00:00
11553,69829,2025-03-01 17:48:30.036411+00:00,2025-03-02 09:32:50.854387+00:00
11553,1174366,2025-03-01 17:48:30.036411+00:00,2025-03-02 09:32:50.854387+00:00
11553,69827,2025-03-01 17:48:30.036411+00:00,2025-03-02 09:32:50.854387+00:00
11553,69830,2025-03-01 17:48:30.036411+00:00,2025-03-02 09:32:50.854387+00:00
11553,21911,2025-03-01 17:48:30.036411+00:00,2025-03-02 09:32:50.854387+00:00
11599,944143,2025-03-01 17:48:30.036411+00:00,2025-03-02 09:32:50.854387+00:00
11599,71057,2025-03-01 17:48:30.036411+00:00,2025-03-02 09:32:50.854387+00:00
11599,1029288,2025-03-01 17:48:30.036411+00:00,2025-03-02 09:32:50.854387+00:00
11599,71060,2025-03-01 17:48:30.036411+00:00,2025-03-02 09:32:50.854387+00:00
11599,71059,2025-03-01 17:48:30.036411+00:00,2025-03-02 09:32:50.854387+00:00
11621,90133,2025-03-01 17:48:30.036411+00:00,2025-03-02 09:32:50.854387+00:00
11621,20334,2025-03-01 17:48:30.036411+00:00,2025-03-02 09:32:50.854387+00:00
11621,70047,2025-03-01 17:48:30.036411+00:00,2025-03-02 09:32:50.854387+00:00
11621,70046,2025-03-01 17:48:30.036411+00:00,2025-03-02 09:32:50.854387+00:00
11621,70048,2025-03-01 17:48:30.036411+00:00,2025-03-02 09:32:50.854387+00:00
11647,26724,2025-03-01 17:48:30.036411+00:00,2025-03-02 09:32:50.854387+00:00
11647,63584,2025-03-01 17:48:30.036411+00:00,2025-03-02 09:32:50.854387+00:00
11647,20372,2025-03-01 17:48:30.036411+00:00,2025-03-02 09:32:50.854387+00:00
11647,12672,2025-03-01 17:48:30.036411+00:00,2025-03-02 09:32:50.854387+00:00
11647,78869,2025-03-01 17:48:30.036411+00:00,2025-03-02 09:32:50.854387+00:00
11830,136879,2025-03-01 17:48:30.036411+00:00,2025-03-02 09:32:50.854387+00:00
11830,18056,2025-03-01 17:48:30.036411+00:00,2025-03-02 09:32:50.854387+00:00
11830,70627,2025-03-01 17:48:30.036411+00:00,2025-03-02 09:32:50.854387+00:00
11830,70626,2025-03-01 17:48:30.036411+00:00,2025-03-02 09:32:50.854387+00:00
11830,3899,2025-03-01 17:48:30.036411+00:00,2025-03-02 09:32:50.854387+00:00
11889,5309,2025-03-01 17:48:30.036411+00:00,2025-03-02 09:32:50.854387+00:00
11889,1249,2025-03-01 17:48:30.036411+00:00,2025-03-02 09:32:50.854387+00:00
11889,204,2025-03-01 17:48:30.036411+00:00,2025-03-02 09:32:50.854387+00:00
11889,388,2025-03-01 17:48:30.036411+00:00,2025-03-02 09:32:50.854387+00:00
11889,19923,2025-03-01 17:48:30.036411+00:00,2025-03-02 09:32:50.854387+00:00
11902,70875,2025-03-01 17:48:30.036411+00:00,2025-03-02 09:32:50.854387+00:00
11902,129215,2025-03-01 17:48:30.036411+00:00,2025-03-02 09:32:50.854387+00:00
11902,70876,2025-03-01 17:48:30.036411+00:00,2025-03-02 09:32:50.854387+00:00
11902,48791,2025-03-01 17:48:30.036411+00:00,2025-03-02 09:32:50.854387+00:00
11902,70874,2025-03-01 17:48:30.036411+00:00,2025-03-02 09:32:50.854387+00:00
11948,7487,2025-03-01 17:48:30.036411+00:00,2025-03-02 09:32:50.854387+00:00
11948,11382,2025-03-01 17:48:30.036411+00:00,2025-03-02 09:32:50.854387+00:00
11948,12536,2025-03-01 17:48:30.036411+00:00,2025-03-02 09:32:50.854387+00:00
11948,71010,2025-03-01 17:48:30.036411+00:00,2025-03-02 09:32:50.854387+00:00
11948,3317,2025-03-01 17:48:30.036411+00:00,2025-03-02 09:32:50.854387+00:00
12155,1283,2025-03-01 17:48:30.036411+00:00,2025-03-02 09:32:50.854387+00:00
12155,85,2025-03-01 17:48:30.036411+00:00,2025-03-02 09:32:50.854387+00:00
12155,1813,2025-03-01 17:48:30.036411+00:00,2025-03-02 09:32:50.854387+00:00
12155,76070,2025-03-01 17:48:30.036411+00:00,2025-03-02 09:32:50.854387+00:00
12155,1064,2025-03-01 17:48:30.036411+00:00,2025-03-02 09:32:50.854387+00:00
12254,5482,2025-03-01 17:48:30.036411+00:00,2025-03-02 09:32:50.854387+00:00
12254,11616,2025-03-01 17:48:30.036411+00:00,2025-03-02 09:32:50.854387+00:00
12254,3967,2025-03-01 17:48:30.036411+00:00,2025-03-02 09:32:50.854387+00:00
12254,2206,2025-03-01 17:48:30.036411+00:00,2025-03-02 09:32:50.854387+00:00
12254,2983,2025-03-01 17:48:30.036411+00:00,2025-03-02 09:32:50.854387+00:00
12429,78347,2025-03-01 17:48:30.036411+00:00,2025-03-02 09:32:50.854387+00:00
12429,78348,2025-03-01 17:48:30.036411+00:00,2025-03-02 09:32:50.854387+00:00
12429,78350,2025-03-01 17:48:30.036411+00:00,2025-03-02 09:32:50.854387+00:00
12429,78349,2025-03-01 17:48:30.036411+00:00,2025-03-02 09:32:50.854387+00:00
12429,78346,2025-03-01 17:48:30.036411+00:00,2025-03-02 09:32:50.854387+00:00
12652,12270,2025-03-01 17:48:30.036411+00:00,2025-03-02 09:32:50.854387+00:00
12652,20118,2025-03-01 17:48:30.036411+00:00,2025-03-02 09:32:50.854387+00:00
12652,73264,2025-03-01 17:48:30.036411+00:00,2025-03-02 09:32:50.854387+00:00
12652,2369,2025-03-01 17:48:30.036411+00:00,2025-03-02 09:32:50.854387+00:00
12652,4885,2025-03-01 17:48:30.036411+00:00,2025-03-02 09:32:50.854387+00:00
12924,116321,2025-03-01 17:48:30.036411+00:00,2025-03-02 09:32:50.854387+00:00
12924,68916,2025-03-01 17:48:30.036411+00:00,2025-03-02 09:32:50.854387+00:00
12924,89968,2025-03-01 17:48:30.036411+00:00,2025-03-02 09:32:50.854387+00:00
12924,116322,2025-03-01 17:48:30.036411+00:00,2025-03-02 09:32:50.854387+00:00
12924,111691,2025-03-01 17:48:30.036411+00:00,2025-03-02 09:32:50.854387+00:00
13689,41464,2025-03-01 17:48:30.036411+00:00,2025-03-02 09:32:50.854387+00:00
13689,1733,2025-03-01 17:48:30.036411+00:00,2025-03-02 09:32:50.854387+00:00
13689,20189,2025-03-01 17:48:30.036411+00:00,2025-03-02 09:32:50.854387+00:00
13689,225,2025-03-01 17:48:30.036411+00:00,2025-03-02 09:32:50.854387+00:00
13689,76001,2025-03-01 17:48:30.036411+00:00,2025-03-02 09:32:50.854387+00:00
14310,1340,2025-03-01 17:48:30.036411+00:00,2025-03-02 09:32:50.854387+00:00
14310,66761,2025-03-01 17:48:30.036411+00:00,2025-03-02 09:32:50.854387+00:00
14310,25246,2025-03-01 17:48:30.036411+00:00,2025-03-02 09:32:50.854387+00:00
14310,1337,2025-03-01 17:48:30.036411+00:00,2025-03-02 09:32:50.854387+00:00
14310,66717,2025-03-01 17:48:30.036411+00:00,2025-03-02 09:32:50.854387+00:00
14553,16940,2025-03-01 17:48:30.036411+00:00,2025-03-02 09:32:50.854387+00:00
14553,882,2025-03-01 17:48:30.036411+00:00,2025-03-02 09:32:50.854387+00:00
14553,11281,2025-03-01 17:48:30.036411+00:00,2025-03-02 09:32:50.854387+00:00
14553,12763,2025-03-01 17:48:30.036411+00:00,2025-03-02 09:32:50.854387+00:00
14553,973,2025-03-01 17:48:30.036411+00:00,2025-03-02 09:32:50.854387+00:00
15080,239830,2025-03-01 17:48:30.036411+00:00,2025-03-02 09:32:50.854387+00:00
15080,119263,2025-03-01 17:48:30.036411+00:00,2025-03-02 09:32:50.854387+00:00
15080,1253807,2025-03-01 17:48:30.036411+00:00,2025-03-02 09:32:50.854387+00:00
15080,234645,2025-03-01 17:48:30.036411+00:00,2025-03-02 09:32:50.854387+00:00
15080,65426,2025-03-01 17:48:30.036411+00:00,2025-03-02 09:32:50.854387+00:00
15283,86857,2025-03-01 17:48:30.036411+00:00,2025-03-02 09:32:50.854387+00:00
15283,123856,2025-03-01 17:48:30.036411+00:00,2025-03-02 09:32:50.854387+00:00
15283,86859,2025-03-01 17:48:30.036411+00:00,2025-03-02 09:32:50.854387+00:00
15283,86858,2025-03-01 17:48:30.036411+00:00,2025-03-02 09:32:50.854387+00:00
15283,20330,2025-03-01 17:48:30.036411+00:00,2025-03-02 09:32:50.854387+00:00
15370,20335,2025-03-01 17:48:30.036411+00:00,2025-03-02 09:32:50.854387+00:00
15370,31079,2025-03-01 17:48:30.036411+00:00,2025-03-02 09:32:50.854387+00:00
15370,96569,2025-03-01 17:48:30.036411+00:00,2025-03-02 09:32:50.854387+00:00
15370,118651,2025-03-01 17:48:30.036411+00:00,2025-03-02 09:32:50.854387+00:00
15370,556787,2025-03-01 17:48:30.036411+00:00,2025-03-02 09:32:50.854387+00:00
15383,12266,2025-03-01 17:48:30.036411+00:00,2025-03-02 09:32:50.854387+00:00
15383,36018,2025-03-01 17:48:30.036411+00:00,2025-03-02 09:32:50.854387+00:00
15383,19162,2025-03-01 17:48:30.036411+00:00,2025-03-02 09:32:50.854387+00:00
15383,12267,2025-03-01 17:48:30.036411+00:00,2025-03-02 09:32:50.854387+00:00
15383,15397,2025-03-01 17:48:30.036411+00:00,2025-03-02 09:32:50.854387+00:00
15859,17120,2025-03-01 17:48:30.036411+00:00,2025-03-02 09:32:50.854387+00:00
15859,570299,2025-03-01 17:48:30.036411+00:00,2025-03-02 09:32:50.854387+00:00
15859,2500933,2025-03-01 17:48:30.036411+00:00,2025-03-02 09:32:50.854387+00:00
15859,86889,2025-03-01 17:48:30.036411+00:00,2025-03-02 09:32:50.854387+00:00
15859,78865,2025-03-01 17:48:30.036411+00:00,2025-03-02 09:32:50.854387+00:00
16198,120802,2025-03-01 17:48:30.036411+00:00,2025-03-02 09:32:50.854387+00:00
16198,120801,2025-03-01 17:48:30.036411+00:00,2025-03-02 09:32:50.854387+00:00
16198,120804,2025-03-01 17:48:30.036411+00:00,2025-03-02 09:32:50.854387+00:00
16198,81242,2025-03-01 17:48:30.036411+00:00,2025-03-02 09:32:50.854387+00:00
16198,120803,2025-03-01 17:48:30.036411+00:00,2025-03-02 09:32:50.854387+00:00
16859,68470,2025-03-01 17:48:30.036411+00:00,2025-03-02 09:32:50.854387+00:00
16859,552598,2025-03-01 17:48:30.036411+00:00,2025-03-02 09:32:50.854387+00:00
16859,68472,2025-03-01 17:48:30.036411+00:00,2025-03-02 09:32:50.854387+00:00
16859,218144,2025-03-01 17:48:30.036411+00:00,2025-03-02 09:32:50.854387+00:00
16859,57736,2025-03-01 17:48:30.036411+00:00,2025-03-02 09:32:50.854387+00:00
17111,81042,2025-03-01 17:48:30.036411+00:00,2025-03-02 09:32:50.854387+00:00
17111,81254,2025-03-01 17:48:30.036411+00:00,2025-03-02 09:32:50.854387+00:00
17111,81253,2025-03-01 17:48:30.036411+00:00,2025-03-02 09:32:50.854387+00:00
17111,81255,2025-03-01 17:48:30.036411+00:00,2025-03-02 09:32:50.854387+00:00
17111,1629433,2025-03-01 17:48:30.036411+00:00,2025-03-02 09:32:50.854387+00:00
18148,68411,2025-03-01 17:48:30.036411+00:00,2025-03-02 09:32:50.854387+00:00
18148,131013,2025-03-01 17:48:30.036411+00:00,2025-03-02 09:32:50.854387+00:00
18148,33135,2025-03-01 17:48:30.036411+00:00,2025-03-02 09:32:50.854387+00:00
18148,134307,2025-03-01 17:48:30.036411+00:00,2025-03-02 09:32:50.854387+00:00
18148,95504,2025-03-01 17:48:30.036411+00:00,2025-03-02 09:32:50.854387+00:00
18311,25245,2025-03-01 17:48:30.036411+00:00,2025-03-02 09:32:50.854387+00:00
18311,1338,2025-03-01 17:48:30.036411+00:00,2025-03-02 09:32:50.854387+00:00
18311,12672,2025-03-01 17:48:30.036411+00:00,2025-03-02 09:32:50.854387+00:00
18311,69637,2025-03-01 17:48:30.036411+00:00,2025-03-02 09:32:50.854387+00:00
18311,25246,2025-03-01 17:48:30.036411+00:00,2025-03-02 09:32:50.854387+00:00
18329,1622,2025-03-01 17:48:30.036411+00:00,2025-03-02 09:32:50.854387+00:00
18329,1337,2025-03-01 17:48:30.036411+00:00,2025-03-02 09:32:50.854387+00:00
18329,69637,2025-03-01 17:48:30.036411+00:00,2025-03-02 09:32:50.854387+00:00
18329,133825,2025-03-01 17:48:30.036411+00:00,2025-03-02 09:32:50.854387+00:00
18860,579216,2025-03-01 17:48:30.036411+00:00,2025-03-02 09:32:50.854387+00:00
18860,26728,2025-03-01 17:48:30.036411+00:00,2025-03-02 09:32:50.854387+00:00
18860,25245,2025-03-01 17:48:30.036411+00:00,2025-03-02 09:32:50.854387+00:00
18860,67221,2025-03-01 17:48:30.036411+00:00,2025-03-02 09:32:50.854387+00:00
18860,83696,2025-03-01 17:48:30.036411+00:00,2025-03-02 09:32:50.854387+00:00
18872,553119,2025-03-01 17:48:30.036411+00:00,2025-03-02 09:32:50.854387+00:00
18872,2104306,2025-03-01 17:48:30.036411+00:00,2025-03-02 09:32:50.854387+00:00
18872,19590,2025-03-01 17:48:30.036411+00:00,2025-03-02 09:32:50.854387+00:00
18872,13275,2025-03-01 17:48:30.036411+00:00,2025-03-02 09:32:50.854387+00:00
18872,83746,2025-03-01 17:48:30.036411+00:00,2025-03-02 09:32:50.854387+00:00
19995,32747,2025-03-01 17:48:30.036411+00:00,2025-03-02 09:32:50.854387+00:00
19995,8691,2025-03-01 17:48:30.036411+00:00,2025-03-02 09:32:50.854387+00:00
19995,65731,2025-03-01 17:48:30.036411+00:00,2025-03-02 09:32:50.854387+00:00
19995,10205,2025-03-01 17:48:30.036411+00:00,2025-03-02 09:32:50.854387+00:00
19995,17647,2025-03-01 17:48:30.036411+00:00,2025-03-02 09:32:50.854387+00:00
20342,17380,2025-03-01 17:48:30.036411+00:00,2025-03-02 09:32:50.854387+00:00
20342,85963,2025-03-01 17:48:30.036411+00:00,2025-03-02 09:32:50.854387+00:00
20342,85962,2025-03-01 17:48:30.036411+00:00,2025-03-02 09:32:50.854387+00:00
20342,66717,2025-03-01 17:48:30.036411+00:00,2025-03-02 09:32:50.854387+00:00
20342,1173379,2025-03-01 17:48:30.036411+00:00,2025-03-02 09:32:50.854387+00:00
20539,11148,2025-03-01 17:48:30.036411+00:00,2025-03-02 09:32:50.854387+00:00
20539,13324,2025-03-01 17:48:30.036411+00:00,2025-03-02 09:32:50.854387+00:00
20539,11856,2025-03-01 17:48:30.036411+00:00,2025-03-02 09:32:50.854387+00:00
20539,52374,2025-03-01 17:48:30.036411+00:00,2025-03-02 09:32:50.854387+00:00
20539,1920,2025-03-01 17:48:30.036411+00:00,2025-03-02 09:32:50.854387+00:00
21712,90161,2025-03-01 17:48:30.036411+00:00,2025-03-02 09:32:50.854387+00:00
21712,90157,2025-03-01 17:48:30.036411+00:00,2025-03-02 09:32:50.854387+00:00
21712,90160,2025-03-01 17:48:30.036411+00:00,2025-03-02 09:32:50.854387+00:00
21712,90155,2025-03-01 17:48:30.036411+00:00,2025-03-02 09:32:50.854387+00:00
21712,90159,2025-03-01 17:48:30.036411+00:00,2025-03-02 09:32:50.854387+00:00
22536,93252,2025-03-01 17:48:30.036411+00:00,2025-03-02 09:32:50.854387+00:00
22536,25004,2025-03-01 17:48:30.036411+00:00,2025-03-02 09:32:50.854387+00:00
22536,20738,2025-03-01 17:48:30.036411+00:00,2025-03-02 09:32:50.854387+00:00
22536,1059584,2025-03-01 17:48:30.036411+00:00,2025-03-02 09:32:50.854387+00:00
22536,1277308,2025-03-01 17:48:30.036411+00:00,2025-03-02 09:32:50.854387+00:00
22970,74568,2025-03-01 17:48:30.036411+00:00,2025-03-02 09:32:50.854387+00:00
22970,210824,2025-03-01 17:48:30.036411+00:00,2025-03-02 09:32:50.854387+00:00
22970,51533,2025-03-01 17:48:30.036411+00:00,2025-03-02 09:32:50.854387+00:00
22970,210695,2025-03-01 17:48:30.036411+00:00,2025-03-02 09:32:50.854387+00:00
22970,486603,2025-03-01 17:48:30.036411+00:00,2025-03-02 09:32:50.854387+00:00
24614,2779025,2025-03-01 17:48:30.036411+00:00,2025-03-02 09:32:50.854387+00:00
24858,150568,2025-03-01 17:48:30.036411+00:00,2025-03-02 09:32:50.854387+00:00
24858,1357494,2025-03-01 17:48:30.036411+00:00,2025-03-02 09:32:50.854387+00:00
24858,6548,2025-03-01 17:48:30.036411+00:00,2025-03-02 09:32:50.854387+00:00
24858,121732,2025-03-01 17:48:30.036411+00:00,2025-03-02 09:32:50.854387+00:00
24858,2310,2025-03-01 17:48:30.036411+00:00,2025-03-02 09:32:50.854387+00:00
25050,43663,2025-03-01 17:48:30.036411+00:00,2025-03-02 09:32:50.854387+00:00
25050,66155,2025-03-01 17:48:30.036411+00:00,2025-03-02 09:32:50.854387+00:00
25050,25653,2025-03-01 17:48:30.036411+00:00,2025-03-02 09:32:50.854387+00:00
25050,81108,2025-03-01 17:48:30.036411+00:00,2025-03-02 09:32:50.854387+00:00
25050,13280,2025-03-01 17:48:30.036411+00:00,2025-03-02 09:32:50.854387+00:00
25538,143038,2025-03-01 17:48:30.036411+00:00,2025-03-02 09:32:50.854387+00:00
25538,143036,2025-03-01 17:48:30.036411+00:00,2025-03-02 09:32:50.854387+00:00
25538,143039,2025-03-01 17:48:30.036411+00:00,2025-03-02 09:32:50.854387+00:00
25538,143037,2025-03-01 17:48:30.036411+00:00,2025-03-02 09:32:50.854387+00:00
25538,103598,2025-03-01 17:48:30.036411+00:00,2025-03-02 09:32:50.854387+00:00
25656,545488,2025-03-01 17:48:30.036411+00:00,2025-03-02 09:32:50.854387+00:00
25656,120351,2025-03-01 17:48:30.036411+00:00,2025-03-02 09:32:50.854387+00:00
25656,130654,2025-03-01 17:48:30.036411+00:00,2025-03-02 09:32:50.854387+00:00
25656,238498,2025-03-01 17:48:30.036411+00:00,2025-03-02 09:32:50.854387+00:00
25656,33517,2025-03-01 17:48:30.036411+00:00,2025-03-02 09:32:50.854387+00:00
25657,88853,2025-03-01 17:48:30.036411+00:00,2025-03-02 09:32:50.854387+00:00
25657,123862,2025-03-01 17:48:30.036411+00:00,2025-03-02 09:32:50.854387+00:00
25657,238498,2025-03-01 17:48:30.036411+00:00,2025-03-02 09:32:50.854387+00:00
25657,1384989,2025-03-01 17:48:30.036411+00:00,2025-03-02 09:32:50.854387+00:00
25657,545488,2025-03-01 17:48:30.036411+00:00,2025-03-02 09:32:50.854387+00:00
27060,74196,2025-03-01 17:48:30.036411+00:00,2025-03-02 09:32:50.854387+00:00
27060,21911,2025-03-01 17:48:30.036411+00:00,2025-03-02 09:32:50.854387+00:00
27060,74192,2025-03-01 17:48:30.036411+00:00,2025-03-02 09:32:50.854387+00:00
27060,96857,2025-03-01 17:48:30.036411+00:00,2025-03-02 09:32:50.854387+00:00
27060,64436,2025-03-01 17:48:30.036411+00:00,2025-03-02 09:32:50.854387+00:00
27062,74023,2025-03-01 17:48:30.036411+00:00,2025-03-02 09:32:50.854387+00:00
27062,20654,2025-03-01 17:48:30.036411+00:00,2025-03-02 09:32:50.854387+00:00
27062,1362654,2025-03-01 17:48:30.036411+00:00,2025-03-02 09:32:50.854387+00:00
27062,96862,2025-03-01 17:48:30.036411+00:00,2025-03-02 09:32:50.854387+00:00
27062,1362651,2025-03-01 17:48:30.036411+00:00,2025-03-02 09:32:50.854387+00:00
27101,96962,2025-03-01 17:48:30.036411+00:00,2025-03-02 09:32:50.854387+00:00
27101,96961,2025-03-01 17:48:30.036411+00:00,2025-03-02 09:32:50.854387+00:00
27101,96959,2025-03-01 17:48:30.036411+00:00,2025-03-02 09:32:50.854387+00:00
27101,96958,2025-03-01 17:48:30.036411+00:00,2025-03-02 09:32:50.854387+00:00
27101,96960,2025-03-01 17:48:30.036411+00:00,2025-03-02 09:32:50.854387+00:00
28468,101130,2025-03-01 17:48:30.036411+00:00,2025-03-02 09:32:50.854387+00:00
28468,137354,2025-03-01 17:48:30.036411+00:00,2025-03-02 09:32:50.854387+00:00
28468,128075,2025-03-01 17:48:30.036411+00:00,2025-03-02 09:32:50.854387+00:00
28468,6637,2025-03-01 17:48:30.036411+00:00,2025-03-02 09:32:50.854387+00:00
28468,34027,2025-03-01 17:48:30.036411+00:00,2025-03-02 09:32:50.854387+00:00
29264,139573,2025-03-01 17:48:30.036411+00:00,2025-03-02 09:32:50.854387+00:00
29264,37505,2025-03-01 17:48:30.036411+00:00,2025-03-02 09:32:50.854387+00:00
29264,176011,2025-03-01 17:48:30.036411+00:00,2025-03-02 09:32:50.854387+00:00
29264,175980,2025-03-01 17:48:30.036411+00:00,2025-03-02 09:32:50.854387+00:00
29264,105130,2025-03-01 17:48:30.036411+00:00,2025-03-02 09:32:50.854387+00:00
30018,1299287,2025-03-01 17:48:30.036411+00:00,2025-03-02 09:32:50.854387+00:00
30018,994248,2025-03-01 17:48:30.036411+00:00,2025-03-02 09:32:50.854387+00:00
30018,141541,2025-03-01 17:48:30.036411+00:00,2025-03-02 09:32:50.854387+00:00
30018,126478,2025-03-01 17:48:30.036411+00:00,2025-03-02 09:32:50.854387+00:00
30018,70336,2025-03-01 17:48:30.036411+00:00,2025-03-02 09:32:50.854387+00:00
30020,117531,2025-03-01 17:48:30.036411+00:00,2025-03-02 09:32:50.854387+00:00
30020,117532,2025-03-01 17:48:30.036411+00:00,2025-03-02 09:32:50.854387+00:00
30020,3875705,2025-03-01 17:48:30.036411+00:00,2025-03-02 09:32:50.854387+00:00
30020,117529,2025-03-01 17:48:30.036411+00:00,2025-03-02 09:32:50.854387+00:00
30020,117528,2025-03-01 17:48:30.036411+00:00,2025-03-02 09:32:50.854387+00:00
31512,46691,2025-03-01 17:48:30.036411+00:00,2025-03-02 09:32:50.854387+00:00
31512,130654,2025-03-01 17:48:30.036411+00:00,2025-03-02 09:32:50.854387+00:00
31512,117975,2025-03-01 17:48:30.036411+00:00,2025-03-02 09:32:50.854387+00:00
31512,27778,2025-03-01 17:48:30.036411+00:00,2025-03-02 09:32:50.854387+00:00
31512,70209,2025-03-01 17:48:30.036411+00:00,2025-03-02 09:32:50.854387+00:00
33431,226825,2025-03-01 17:48:30.036411+00:00,2025-03-02 09:32:50.854387+00:00
33431,4990,2025-03-01 17:48:30.036411+00:00,2025-03-02 09:32:50.854387+00:00
33431,308445,2025-03-01 17:48:30.036411+00:00,2025-03-02 09:32:50.854387+00:00
33431,548611,2025-03-01 17:48:30.036411+00:00,2025-03-02 09:32:50.854387+00:00
33431,58608,2025-03-01 17:48:30.036411+00:00,2025-03-02 09:32:50.854387+00:00
37335,7107,2025-03-01 17:48:30.036411+00:00,2025-03-02 09:32:50.854387+00:00
37335,400,2025-03-01 17:48:30.036411+00:00,2025-03-02 09:32:50.854387+00:00
37335,24485,2025-03-01 17:48:30.036411+00:00,2025-03-02 09:32:50.854387+00:00
37335,133830,2025-03-01 17:48:30.036411+00:00,2025-03-02 09:32:50.854387+00:00
37335,14246,2025-03-01 17:48:30.036411+00:00,2025-03-02 09:32:50.854387+00:00
37585,1055172,2025-03-01 17:48:30.036411+00:00,2025-03-02 09:32:50.854387+00:00
37585,55664,2025-03-01 17:48:30.036411+00:00,2025-03-02 09:32:50.854387+00:00
37585,65510,2025-03-01 17:48:30.036411+00:00,2025-03-02 09:32:50.854387+00:00
37585,547988,2025-03-01 17:48:30.036411+00:00,2025-03-02 09:32:50.854387+00:00
37585,1150413,2025-03-01 17:48:30.036411+00:00,2025-03-02 09:32:50.854387+00:00
37797,555255,2025-03-01 17:48:30.036411+00:00,2025-03-02 09:32:50.854387+00:00
37797,68470,2025-03-01 17:48:30.036411+00:00,2025-03-02 09:32:50.854387+00:00
37797,87662,2025-03-01 17:48:30.036411+00:00,2025-03-02 09:32:50.854387+00:00
37797,119263,2025-03-01 17:48:30.036411+00:00,2025-03-02 09:32:50.854387+00:00
37797,135025,2025-03-01 17:48:30.036411+00:00,2025-03-02 09:32:50.854387+00:00
37910,554337,2025-03-01 17:48:30.036411+00:00,2025-03-02 09:32:50.854387+00:00
37910,74091,2025-03-01 17:48:30.036411+00:00,2025-03-02 09:32:50.854387+00:00
37910,119077,2025-03-01 17:48:30.036411+00:00,2025-03-02 09:32:50.854387+00:00
38142,116323,2025-03-01 17:48:30.036411+00:00,2025-03-02 09:32:50.854387+00:00
38142,122180,2025-03-01 17:48:30.036411+00:00,2025-03-02 09:32:50.854387+00:00
38142,79006,2025-03-01 17:48:30.036411+00:00,2025-03-02 09:32:50.854387+00:00
38142,122181,2025-03-01 17:48:30.036411+00:00,2025-03-02 09:32:50.854387+00:00
38142,85976,2025-03-01 17:48:30.036411+00:00,2025-03-02 09:32:50.854387+00:00
38368,1498159,2025-03-01 17:48:30.036411+00:00,2025-03-02 09:32:50.854387+00:00
38368,557875,2025-03-01 17:48:30.036411+00:00,2025-03-02 09:32:50.854387+00:00
38368,69758,2025-03-01 17:48:30.036411+00:00,2025-03-02 09:32:50.854387+00:00
38368,120258,2025-03-01 17:48:30.036411+00:00,2025-03-02 09:32:50.854387+00:00
38368,557876,2025-03-01 17:48:30.036411+00:00,2025-03-02 09:32:50.854387+00:00
38405,120348,2025-03-01 17:48:30.036411+00:00,2025-03-02 09:32:50.854387+00:00
38405,120347,2025-03-01 17:48:30.036411+00:00,2025-03-02 09:32:50.854387+00:00
38405,120349,2025-03-01 17:48:30.036411+00:00,2025-03-02 09:32:50.854387+00:00
38405,79944,2025-03-01 17:48:30.036411+00:00,2025-03-02 09:32:50.854387+00:00
38405,68704,2025-03-01 17:48:30.036411+00:00,2025-03-02 09:32:50.854387+00:00
40167,93996,2025-03-01 17:48:30.036411+00:00,2025-03-02 09:32:50.854387+00:00
40167,123807,2025-03-01 17:48:30.036411+00:00,2025-03-02 09:32:50.854387+00:00
40167,28662,2025-03-01 17:48:30.036411+00:00,2025-03-02 09:32:50.854387+00:00
40167,123805,2025-03-01 17:48:30.036411+00:00,2025-03-02 09:32:50.854387+00:00
40167,1414400,2025-03-01 17:48:30.036411+00:00,2025-03-02 09:32:50.854387+00:00
40650,78191,2025-03-01 17:48:30.036411+00:00,2025-03-02 09:32:50.854387+00:00
40650,13696,2025-03-01 17:48:30.036411+00:00,2025-03-02 09:32:50.854387+00:00
40650,124236,2025-03-01 17:48:30.036411+00:00,2025-03-02 09:32:50.854387+00:00
40650,222665,2025-03-01 17:48:30.036411+00:00,2025-03-02 09:32:50.854387+00:00
40650,222666,2025-03-01 17:48:30.036411+00:00,2025-03-02 09:32:50.854387+00:00
41245,85008,2025-03-01 17:48:30.036411+00:00,2025-03-02 09:32:50.854387+00:00
41245,87553,2025-03-01 17:48:30.036411+00:00,2025-03-02 09:32:50.854387+00:00
41245,1299348,2025-03-01 17:48:30.036411+00:00,2025-03-02 09:32:50.854387+00:00
41245,83122,2025-03-01 17:48:30.036411+00:00,2025-03-02 09:32:50.854387+00:00
41245,69698,2025-03-01 17:48:30.036411+00:00,2025-03-02 09:32:50.854387+00:00
41531,126776,2025-03-01 17:48:30.036411+00:00,2025-03-02 09:32:50.854387+00:00
41531,126778,2025-03-01 17:48:30.036411+00:00,2025-03-02 09:32:50.854387+00:00
41531,1200922,2025-03-01 17:48:30.036411+00:00,2025-03-02 09:32:50.854387+00:00
41531,1255141,2025-03-01 17:48:30.036411+00:00,2025-03-02 09:32:50.854387+00:00
41531,126777,2025-03-01 17:48:30.036411+00:00,2025-03-02 09:32:50.854387+00:00
41962,10071,2025-03-01 17:48:30.036411+00:00,2025-03-02 09:32:50.854387+00:00
41962,76975,2025-03-01 17:48:30.036411+00:00,2025-03-02 09:32:50.854387+00:00
41962,120804,2025-03-01 17:48:30.036411+00:00,2025-03-02 09:32:50.854387+00:00
41962,70627,2025-03-01 17:48:30.036411+00:00,2025-03-02 09:32:50.854387+00:00
41962,551776,2025-03-01 17:48:30.036411+00:00,2025-03-02 09:32:50.854387+00:00
42011,551776,2025-03-01 17:48:30.036411+00:00,2025-03-02 09:32:50.854387+00:00
42011,70627,2025-03-01 17:48:30.036411+00:00,2025-03-02 09:32:50.854387+00:00
42011,552542,2025-03-01 17:48:30.036411+00:00,2025-03-02 09:32:50.854387+00:00
42011,70626,2025-03-01 17:48:30.036411+00:00,2025-03-02 09:32:50.854387+00:00
42011,549815,2025-03-01 17:48:30.036411+00:00,2025-03-02 09:32:50.854387+00:00
42035,2048,2025-03-01 17:48:30.036411+00:00,2025-03-02 09:32:50.854387+00:00
42035,9207,2025-03-01 17:48:30.036411+00:00,2025-03-02 09:32:50.854387+00:00
42035,135792,2025-03-01 17:48:30.036411+00:00,2025-03-02 09:32:50.854387+00:00
42035,68301,2025-03-01 17:48:30.036411+00:00,2025-03-02 09:32:50.854387+00:00
42035,3150,2025-03-01 17:48:30.036411+00:00,2025-03-02 09:32:50.854387+00:00
42095,110300,2025-03-01 17:48:30.036411+00:00,2025-03-02 09:32:50.854387+00:00
42095,320709,2025-03-01 17:48:30.036411+00:00,2025-03-02 09:32:50.854387+00:00
42095,70627,2025-03-01 17:48:30.036411+00:00,2025-03-02 09:32:50.854387+00:00
42095,70626,2025-03-01 17:48:30.036411+00:00,2025-03-02 09:32:50.854387+00:00
42095,237157,2025-03-01 17:48:30.036411+00:00,2025-03-02 09:32:50.854387+00:00
42190,126495,2025-03-01 17:48:30.036411+00:00,2025-03-02 09:32:50.854387+00:00
42190,127566,2025-03-01 17:48:30.036411+00:00,2025-03-02 09:32:50.854387+00:00
42190,127564,2025-03-01 17:48:30.036411+00:00,2025-03-02 09:32:50.854387+00:00
42190,86889,2025-03-01 17:48:30.036411+00:00,2025-03-02 09:32:50.854387+00:00
42190,75914,2025-03-01 17:48:30.036411+00:00,2025-03-02 09:32:50.854387+00:00
42341,127895,2025-03-01 17:48:30.036411+00:00,2025-03-02 09:32:50.854387+00:00
42341,2542,2025-03-01 17:48:30.036411+00:00,2025-03-02 09:32:50.854387+00:00
42341,58593,2025-03-01 17:48:30.036411+00:00,2025-03-02 09:32:50.854387+00:00
42341,127891,2025-03-01 17:48:30.036411+00:00,2025-03-02 09:32:50.854387+00:00
42341,127897,2025-03-01 17:48:30.036411+00:00,2025-03-02 09:32:50.854387+00:00
42454,27166,2025-03-01 17:48:30.036411+00:00,2025-03-02 09:32:50.854387+00:00
42454,2565,2025-03-01 17:48:30.036411+00:00,2025-03-02 09:32:50.854387+00:00
42454,3784,2025-03-01 17:48:30.036411+00:00,2025-03-02 09:32:50.854387+00:00
42454,16927,2025-03-01 17:48:30.036411+00:00,2025-03-02 09:32:50.854387+00:00
42454,15137,2025-03-01 17:48:30.036411+00:00,2025-03-02 09:32:50.854387+00:00
42726,70179,2025-03-01 17:48:30.036411+00:00,2025-03-02 09:32:50.854387+00:00
42726,1352,2025-03-01 17:48:30.036411+00:00,2025-03-02 09:32:50.854387+00:00
42726,244518,2025-03-01 17:48:30.036411+00:00,2025-03-02 09:32:50.854387+00:00
42726,5682,2025-03-01 17:48:30.036411+00:00,2025-03-02 09:32:50.854387+00:00
42726,39199,2025-03-01 17:48:30.036411+00:00,2025-03-02 09:32:50.854387+00:00
43423,1923828,2025-03-01 17:48:30.036411+00:00,2025-03-02 09:32:50.854387+00:00
43423,1923821,2025-03-01 17:48:30.036411+00:00,2025-03-02 09:32:50.854387+00:00
43423,54607,2025-03-01 17:48:30.036411+00:00,2025-03-02 09:32:50.854387+00:00
43423,143152,2025-03-01 17:48:30.036411+00:00,2025-03-02 09:32:50.854387+00:00
43423,1923820,2025-03-01 17:48:30.036411+00:00,2025-03-02 09:32:50.854387+00:00
45043,150126,2025-03-01 17:48:30.036411+00:00,2025-03-02 09:32:50.854387+00:00
45043,145624,2025-03-01 17:48:30.036411+00:00,2025-03-02 09:32:50.854387+00:00
45043,145626,2025-03-01 17:48:30.036411+00:00,2025-03-02 09:32:50.854387+00:00
45043,145625,2025-03-01 17:48:30.036411+00:00,2025-03-02 09:32:50.854387+00:00
45043,1426807,2025-03-01 17:48:30.036411+00:00,2025-03-02 09:32:50.854387+00:00
45464,26724,2025-03-01 17:48:30.036411+00:00,2025-03-02 09:32:50.854387+00:00
45464,997296,2025-03-01 17:48:30.036411+00:00,2025-03-02 09:32:50.854387+00:00
45464,1173597,2025-03-01 17:48:30.036411+00:00,2025-03-02 09:32:50.854387+00:00
45464,64496,2025-03-01 17:48:30.036411+00:00,2025-03-02 09:32:50.854387+00:00
45464,20652,2025-03-01 17:48:30.036411+00:00,2025-03-02 09:32:50.854387+00:00
45935,148351,2025-03-01 17:48:30.036411+00:00,2025-03-02 09:32:50.854387+00:00
45935,1337,2025-03-01 17:48:30.036411+00:00,2025-03-02 09:32:50.854387+00:00
45935,1174366,2025-03-01 17:48:30.036411+00:00,2025-03-02 09:32:50.854387+00:00
45935,12672,2025-03-01 17:48:30.036411+00:00,2025-03-02 09:32:50.854387+00:00
45935,56816,2025-03-01 17:48:30.036411+00:00,2025-03-02 09:32:50.854387+00:00
45996,1719810,2025-03-01 17:48:30.036411+00:00,2025-03-02 09:32:50.854387+00:00
45996,69835,2025-03-01 17:48:30.036411+00:00,2025-03-02 09:32:50.854387+00:00
45996,136886,2025-03-01 17:48:30.036411+00:00,2025-03-02 09:32:50.854387+00:00
45996,136888,2025-03-01 17:48:30.036411+00:00,2025-03-02 09:32:50.854387+00:00
45996,2455221,2025-03-01 17:48:30.036411+00:00,2025-03-02 09:32:50.854387+00:00
46361,110058,2025-03-01 17:48:30.036411+00:00,2025-03-02 09:32:50.854387+00:00
46361,233695,2025-03-01 17:48:30.036411+00:00,2025-03-02 09:32:50.854387+00:00
46361,58662,2025-03-01 17:48:30.036411+00:00,2025-03-02 09:32:50.854387+00:00
46361,83526,2025-03-01 17:48:30.036411+00:00,2025-03-02 09:32:50.854387+00:00
46361,80108,2025-03-01 17:48:30.036411+00:00,2025-03-02 09:32:50.854387+00:00
46738,88592,2025-03-01 17:48:30.036411+00:00,2025-03-02 09:32:50.854387+00:00
46738,196737,2025-03-01 17:48:30.036411+00:00,2025-03-02 09:32:50.854387+00:00
46738,84573,2025-03-01 17:48:30.036411+00:00,2025-03-02 09:32:50.854387+00:00
46738,77498,2025-03-01 17:48:30.036411+00:00,2025-03-02 09:32:50.854387+00:00
46738,38526,2025-03-01 17:48:30.036411+00:00,2025-03-02 09:32:50.854387+00:00
46992,1639,2025-03-01 17:48:30.036411+00:00,2025-03-02 09:32:50.854387+00:00
46992,18616,2025-03-01 17:48:30.036411+00:00,2025-03-02 09:32:50.854387+00:00
46992,4391,2025-03-01 17:48:30.036411+00:00,2025-03-02 09:32:50.854387+00:00
46992,3052,2025-03-01 17:48:30.036411+00:00,2025-03-02 09:32:50.854387+00:00
46992,22063,2025-03-01 17:48:30.036411+00:00,2025-03-02 09:32:50.854387+00:00
47002,80754,2025-03-01 17:48:30.036411+00:00,2025-03-02 09:32:50.854387+00:00
47002,941037,2025-03-01 17:48:30.036411+00:00,2025-03-02 09:32:50.854387+00:00
47002,239610,2025-03-01 17:48:30.036411+00:00,2025-03-02 09:32:50.854387+00:00
47002,3436,2025-03-01 17:48:30.036411+00:00,2025-03-02 09:32:50.854387+00:00
47002,143803,2025-03-01 17:48:30.036411+00:00,2025-03-02 09:32:50.854387+00:00
47060,71171,2025-03-01 17:48:30.036411+00:00,2025-03-02 09:32:50.854387+00:00
47060,150475,2025-03-01 17:48:30.036411+00:00,2025-03-02 09:32:50.854387+00:00
47060,150345,2025-03-01 17:48:30.036411+00:00,2025-03-02 09:32:50.854387+00:00
47060,65354,2025-03-01 17:48:30.036411+00:00,2025-03-02 09:32:50.854387+00:00
47060,150474,2025-03-01 17:48:30.036411+00:00,2025-03-02 09:32:50.854387+00:00
47104,930120,2025-03-01 17:48:30.036411+00:00,2025-03-02 09:32:50.854387+00:00
47104,920426,2025-03-01 17:48:30.036411+00:00,2025-03-02 09:32:50.854387+00:00
47104,930122,2025-03-01 17:48:30.036411+00:00,2025-03-02 09:32:50.854387+00:00
47104,1816413,2025-03-01 17:48:30.036411+00:00,2025-03-02 09:32:50.854387+00:00
47104,930123,2025-03-01 17:48:30.036411+00:00,2025-03-02 09:32:50.854387+00:00
47792,225962,2025-03-01 17:48:30.036411+00:00,2025-03-02 09:32:50.854387+00:00
47792,932886,2025-03-01 17:48:30.036411+00:00,2025-03-02 09:32:50.854387+00:00
47792,932887,2025-03-01 17:48:30.036411+00:00,2025-03-02 09:32:50.854387+00:00
47792,932889,2025-03-01 17:48:30.036411+00:00,2025-03-02 09:32:50.854387+00:00
47792,932888,2025-03-01 17:48:30.036411+00:00,2025-03-02 09:32:50.854387+00:00
47795,10331,2025-03-01 17:48:30.036411+00:00,2025-03-02 09:32:50.854387+00:00
47795,150572,2025-03-01 17:48:30.036411+00:00,2025-03-02 09:32:50.854387+00:00
47795,150571,2025-03-01 17:48:30.036411+00:00,2025-03-02 09:32:50.854387+00:00
47795,10330,2025-03-01 17:48:30.036411+00:00,2025-03-02 09:32:50.854387+00:00
47795,150570,2025-03-01 17:48:30.036411+00:00,2025-03-02 09:32:50.854387+00:00
48231,17288,2025-03-01 17:48:30.036411+00:00,2025-03-02 09:32:50.854387+00:00
48231,1925,2025-03-01 17:48:30.036411+00:00,2025-03-02 09:32:50.854387+00:00
48231,116,2025-03-01 17:48:30.036411+00:00,2025-03-02 09:32:50.854387+00:00
48231,110,2025-03-01 17:48:30.036411+00:00,2025-03-02 09:32:50.854387+00:00
48231,190895,2025-03-01 17:48:30.036411+00:00,2025-03-02 09:32:50.854387+00:00
49964,143156,2025-03-01 17:48:30.036411+00:00,2025-03-02 09:32:50.854387+00:00
49964,143154,2025-03-01 17:48:30.036411+00:00,2025-03-02 09:32:50.854387+00:00
49964,143155,2025-03-01 17:48:30.036411+00:00,2025-03-02 09:32:50.854387+00:00
49964,143153,2025-03-01 17:48:30.036411+00:00,2025-03-02 09:32:50.854387+00:00
49964,143157,2025-03-01 17:48:30.036411+00:00,2025-03-02 09:32:50.854387+00:00
49982,1719810,2025-03-01 17:48:30.036411+00:00,2025-03-02 09:32:50.854387+00:00
49982,974461,2025-03-01 17:48:30.036411+00:00,2025-03-02 09:32:50.854387+00:00
49982,1174366,2025-03-01 17:48:30.036411+00:00,2025-03-02 09:32:50.854387+00:00
49982,83629,2025-03-01 17:48:30.036411+00:00,2025-03-02 09:32:50.854387+00:00
49982,1337,2025-03-01 17:48:30.036411+00:00,2025-03-02 09:32:50.854387+00:00
51550,111690,2025-03-01 17:48:30.036411+00:00,2025-03-02 09:32:50.854387+00:00
51550,135374,2025-03-01 17:48:30.036411+00:00,2025-03-02 09:32:50.854387+00:00
51550,52710,2025-03-01 17:48:30.036411+00:00,2025-03-02 09:32:50.854387+00:00
51550,66155,2025-03-01 17:48:30.036411+00:00,2025-03-02 09:32:50.854387+00:00
51550,12670,2025-03-01 17:48:30.036411+00:00,2025-03-02 09:32:50.854387+00:00
51735,1859,2025-03-01 17:48:30.036411+00:00,2025-03-02 09:32:50.854387+00:00
51735,5293,2025-03-01 17:48:30.036411+00:00,2025-03-02 09:32:50.854387+00:00
51735,3784,2025-03-01 17:48:30.036411+00:00,2025-03-02 09:32:50.854387+00:00
51735,1350,2025-03-01 17:48:30.036411+00:00,2025-03-02 09:32:50.854387+00:00
51735,2310,2025-03-01 17:48:30.036411+00:00,2025-03-02 09:32:50.854387+00:00
54186,559412,2025-03-01 17:48:30.036411+00:00,2025-03-02 09:32:50.854387+00:00
54186,72764,2025-03-01 17:48:30.036411+00:00,2025-03-02 09:32:50.854387+00:00
54186,124402,2025-03-01 17:48:30.036411+00:00,2025-03-02 09:32:50.854387+00:00
54186,559411,2025-03-01 17:48:30.036411+00:00,2025-03-02 09:32:50.854387+00:00
54186,111690,2025-03-01 17:48:30.036411+00:00,2025-03-02 09:32:50.854387+00:00
54201,116175,2025-03-01 17:48:30.036411+00:00,2025-03-02 09:32:50.854387+00:00
54201,150127,2025-03-01 17:48:30.036411+00:00,2025-03-02 09:32:50.854387+00:00
54201,25003,2025-03-01 17:48:30.036411+00:00,2025-03-02 09:32:50.854387+00:00
54201,150125,2025-03-01 17:48:30.036411+00:00,2025-03-02 09:32:50.854387+00:00
54201,150126,2025-03-01 17:48:30.036411+00:00,2025-03-02 09:32:50.854387+00:00
56616,71395,2025-03-01 17:48:30.036411+00:00,2025-03-02 09:32:50.854387+00:00
56616,71171,2025-03-01 17:48:30.036411+00:00,2025-03-02 09:32:50.854387+00:00
56616,150345,2025-03-01 17:48:30.036411+00:00,2025-03-02 09:32:50.854387+00:00
56616,1291248,2025-03-01 17:48:30.036411+00:00,2025-03-02 09:32:50.854387+00:00
56616,1172051,2025-03-01 17:48:30.036411+00:00,2025-03-02 09:32:50.854387+00:00
57118,1169063,2025-03-01 17:48:30.036411+00:00,2025-03-02 09:32:50.854387+00:00
57118,228,2025-03-01 17:48:30.036411+00:00,2025-03-02 09:32:50.854387+00:00
57118,27125,2025-03-01 17:48:30.036411+00:00,2025-03-02 09:32:50.854387+00:00
57118,64148,2025-03-01 17:48:30.036411+00:00,2025-03-02 09:32:50.854387+00:00
57118,23882,2025-03-01 17:48:30.036411+00:00,2025-03-02 09:32:50.854387+00:00
59468,2880,2025-03-01 17:48:30.036411+00:00,2025-03-02 09:32:50.854387+00:00
59468,13549,2025-03-01 17:48:30.036411+00:00,2025-03-02 09:32:50.854387+00:00
59468,31387,2025-03-01 17:48:30.036411+00:00,2025-03-02 09:32:50.854387+00:00
59468,34715,2025-03-01 17:48:30.036411+00:00,2025-03-02 09:32:50.854387+00:00
59468,8349,2025-03-01 17:48:30.036411+00:00,2025-03-02 09:32:50.854387+00:00
62439,63442,2025-03-01 17:48:30.036411+00:00,2025-03-02 09:32:50.854387+00:00
62439,93996,2025-03-01 17:48:30.036411+00:00,2025-03-02 09:32:50.854387+00:00
62439,150697,2025-03-01 17:48:30.036411+00:00,2025-03-02 09:32:50.854387+00:00
62439,1296101,2025-03-01 17:48:30.036411+00:00,2025-03-02 09:32:50.854387+00:00
62439,235338,2025-03-01 17:48:30.036411+00:00,2025-03-02 09:32:50.854387+00:00
64015,1140989,2025-03-01 17:48:30.036411+00:00,2025-03-02 09:32:50.854387+00:00
64015,1619,2025-03-01 17:48:30.036411+00:00,2025-03-02 09:32:50.854387+00:00
64015,1575171,2025-03-01 17:48:30.036411+00:00,2025-03-02 09:32:50.854387+00:00
64015,102880,2025-03-01 17:48:30.036411+00:00,2025-03-02 09:32:50.854387+00:00
64015,224930,2025-03-01 17:48:30.036411+00:00,2025-03-02 09:32:50.854387+00:00
68004,1338,2025-03-01 17:48:30.036411+00:00,2025-03-02 09:32:50.854387+00:00
68004,12672,2025-03-01 17:48:30.036411+00:00,2025-03-02 09:32:50.854387+00:00
68004,122818,2025-03-01 17:48:30.036411+00:00,2025-03-02 09:32:50.854387+00:00
68004,1081494,2025-03-01 17:48:30.036411+00:00,2025-03-02 09:32:50.854387+00:00
68004,56861,2025-03-01 17:48:30.036411+00:00,2025-03-02 09:32:50.854387+00:00
68477,13249,2025-03-01 17:48:30.036411+00:00,2025-03-02 09:32:50.854387+00:00
68477,63697,2025-03-01 17:48:30.036411+00:00,2025-03-02 09:32:50.854387+00:00
68477,228466,2025-03-01 17:48:30.036411+00:00,2025-03-02 09:32:50.854387+00:00
68477,78496,2025-03-01 17:48:30.036411+00:00,2025-03-02 09:32:50.854387+00:00
68477,2940444,2025-03-01 17:48:30.036411+00:00,2025-03-02 09:32:50.854387+00:00
68606,70132,2025-03-01 17:48:30.036411+00:00,2025-03-02 09:32:50.854387+00:00
68606,18056,2025-03-01 17:48:30.036411+00:00,2025-03-02 09:32:50.854387+00:00
68606,235717,2025-03-01 17:48:30.036411+00:00,2025-03-02 09:32:50.854387+00:00
68606,71641,2025-03-01 17:48:30.036411+00:00,2025-03-02 09:32:50.854387+00:00
68606,553082,2025-03-01 17:48:30.036411+00:00,2025-03-02 09:32:50.854387+00:00
68837,74862,2025-03-01 17:48:30.036411+00:00,2025-03-02 09:32:50.854387+00:00
68837,554052,2025-03-01 17:48:30.036411+00:00,2025-03-02 09:32:50.854387+00:00
68837,111691,2025-03-01 17:48:30.036411+00:00,2025-03-02 09:32:50.854387+00:00
68837,21658,2025-03-01 17:48:30.036411+00:00,2025-03-02 09:32:50.854387+00:00
68837,73427,2025-03-01 17:48:30.036411+00:00,2025-03-02 09:32:50.854387+00:00
68883,69637,2025-03-01 17:48:30.036411+00:00,2025-03-02 09:32:50.854387+00:00
68883,148886,2025-03-01 17:48:30.036411+00:00,2025-03-02 09:32:50.854387+00:00
68883,227780,2025-03-01 17:48:30.036411+00:00,2025-03-02 09:32:50.854387+00:00
68883,69638,2025-03-01 17:48:30.036411+00:00,2025-03-02 09:32:50.854387+00:00
68883,44917,2025-03-01 17:48:30.036411+00:00,2025-03-02 09:32:50.854387+00:00
68924,8945,2025-03-01 17:48:30.036411+00:00,2025-03-02 09:32:50.854387+00:00
68924,2977,2025-03-01 17:48:30.036411+00:00,2025-03-02 09:32:50.854387+00:00
68924,6886,2025-03-01 17:48:30.036411+00:00,2025-03-02 09:32:50.854387+00:00
68924,10205,2025-03-01 17:48:30.036411+00:00,2025-03-02 09:32:50.854387+00:00
68924,11148,2025-03-01 17:48:30.036411+00:00,2025-03-02 09:32:50.854387+00:00
70160,57755,2025-03-01 17:48:30.036411+00:00,2025-03-02 09:32:50.854387+00:00
70160,9281,2025-03-01 17:48:30.036411+00:00,2025-03-02 09:32:50.854387+00:00
70160,72129,2025-03-01 17:48:30.036411+00:00,2025-03-02 09:32:50.854387+00:00
70160,96066,2025-03-01 17:48:30.036411+00:00,2025-03-02 09:32:50.854387+00:00
70160,27972,2025-03-01 17:48:30.036411+00:00,2025-03-02 09:32:50.854387+00:00
72445,566033,2025-03-01 17:48:30.036411+00:00,2025-03-02 09:32:50.854387+00:00
72445,1922168,2025-03-01 17:48:30.036411+00:00,2025-03-02 09:32:50.854387+00:00
72445,26744,2025-03-01 17:48:30.036411+00:00,2025-03-02 09:32:50.854387+00:00
72445,25246,2025-03-01 17:48:30.036411+00:00,2025-03-02 09:32:50.854387+00:00
72445,262128,2025-03-01 17:48:30.036411+00:00,2025-03-02 09:32:50.854387+00:00
74107,338123,2025-03-01 17:48:30.036411+00:00,2025-03-02 09:32:50.854387+00:00
74107,4756,2025-03-01 17:48:30.036411+00:00,2025-03-02 09:32:50.854387+00:00
74107,171401,2025-03-01 17:48:30.036411+00:00,2025-03-02 09:32:50.854387+00:00
74107,31712,2025-03-01 17:48:30.036411+00:00,2025-03-02 09:32:50.854387+00:00
74107,180518,2025-03-01 17:48:30.036411+00:00,2025-03-02 09:32:50.854387+00:00
75233,574245,2025-03-01 17:48:30.036411+00:00,2025-03-02 09:32:50.854387+00:00
75233,71610,2025-03-01 17:48:30.036411+00:00,2025-03-02 09:32:50.854387+00:00
75233,563065,2025-03-01 17:48:30.036411+00:00,2025-03-02 09:32:50.854387+00:00
75233,574243,2025-03-01 17:48:30.036411+00:00,2025-03-02 09:32:50.854387+00:00
75233,931611,2025-03-01 17:48:30.036411+00:00,2025-03-02 09:32:50.854387+00:00
76025,17288,2025-03-01 17:48:30.036411+00:00,2025-03-02 09:32:50.854387+00:00
76025,36662,2025-03-01 17:48:30.036411+00:00,2025-03-02 09:32:50.854387+00:00
76025,1141384,2025-03-01 17:48:30.036411+00:00,2025-03-02 09:32:50.854387+00:00
76025,18473,2025-03-01 17:48:30.036411+00:00,2025-03-02 09:32:50.854387+00:00
76025,87243,2025-03-01 17:48:30.036411+00:00,2025-03-02 09:32:50.854387+00:00
76406,6818,2025-03-01 17:48:30.036411+00:00,2025-03-02 09:32:50.854387+00:00
76406,9956,2025-03-01 17:48:30.036411+00:00,2025-03-02 09:32:50.854387+00:00
76406,552001,2025-03-01 17:48:30.036411+00:00,2025-03-02 09:32:50.854387+00:00
76406,33135,2025-03-01 17:48:30.036411+00:00,2025-03-02 09:32:50.854387+00:00
76600,8691,2025-03-01 17:48:30.036411+00:00,2025-03-02 09:32:50.854387+00:00
76600,204,2025-03-01 17:48:30.036411+00:00,2025-03-02 09:32:50.854387+00:00
76600,32747,2025-03-01 17:48:30.036411+00:00,2025-03-02 09:32:50.854387+00:00
76600,10205,2025-03-01 17:48:30.036411+00:00,2025-03-02 09:32:50.854387+00:00
76600,65731,2025-03-01 17:48:30.036411+00:00,2025-03-02 09:32:50.854387+00:00
76826,1119730,2025-03-01 17:48:30.036411+00:00,2025-03-02 09:32:50.854387+00:00
76826,70124,2025-03-01 17:48:30.036411+00:00,2025-03-02 09:32:50.854387+00:00
76826,13280,2025-03-01 17:48:30.036411+00:00,2025-03-02 09:32:50.854387+00:00
76826,27776,2025-03-01 17:48:30.036411+00:00,2025-03-02 09:32:50.854387+00:00
76826,1677375,2025-03-01 17:48:30.036411+00:00,2025-03-02 09:32:50.854387+00:00
77248,237319,2025-03-01 17:48:30.036411+00:00,2025-03-02 09:32:50.854387+00:00
77248,146785,2025-03-01 17:48:30.036411+00:00,2025-03-02 09:32:50.854387+00:00
77248,1909329,2025-03-01 17:48:30.036411+00:00,2025-03-02 09:32:50.854387+00:00
77248,555104,2025-03-01 17:48:30.036411+00:00,2025-03-02 09:32:50.854387+00:00
78450,3628533,2025-03-01 17:48:30.036411+00:00,2025-03-02 09:32:50.854387+00:00
78450,545292,2025-03-01 17:48:30.036411+00:00,2025-03-02 09:32:50.854387+00:00
78450,262128,2025-03-01 17:48:30.036411+00:00,2025-03-02 09:32:50.854387+00:00
78450,228915,2025-03-01 17:48:30.036411+00:00,2025-03-02 09:32:50.854387+00:00
78450,582557,2025-03-01 17:48:30.036411+00:00,2025-03-02 09:32:50.854387+00:00
79707,19588,2025-03-01 17:48:30.036411+00:00,2025-03-02 09:32:50.854387+00:00
79707,89968,2025-03-01 17:48:30.036411+00:00,2025-03-02 09:32:50.854387+00:00
79707,1116333,2025-03-01 17:48:30.036411+00:00,2025-03-02 09:32:50.854387+00:00
79707,23988,2025-03-01 17:48:30.036411+00:00,2025-03-02 09:32:50.854387+00:00
79707,1116334,2025-03-01 17:48:30.036411+00:00,2025-03-02 09:32:50.854387+00:00
81296,234365,2025-03-01 17:48:30.036411+00:00,2025-03-02 09:32:50.854387+00:00
81296,70627,2025-03-01 17:48:30.036411+00:00,2025-03-02 09:32:50.854387+00:00
81296,76932,2025-03-01 17:48:30.036411+00:00,2025-03-02 09:32:50.854387+00:00
81296,551776,2025-03-01 17:48:30.036411+00:00,2025-03-02 09:32:50.854387+00:00
81296,96805,2025-03-01 17:48:30.036411+00:00,2025-03-02 09:32:50.854387+00:00
83183,82870,2025-03-01 17:48:30.036411+00:00,2025-03-02 09:32:50.854387+00:00
83183,551776,2025-03-01 17:48:30.036411+00:00,2025-03-02 09:32:50.854387+00:00
83183,70627,2025-03-01 17:48:30.036411+00:00,2025-03-02 09:32:50.854387+00:00
83183,142676,2025-03-01 17:48:30.036411+00:00,2025-03-02 09:32:50.854387+00:00
83183,553968,2025-03-01 17:48:30.036411+00:00,2025-03-02 09:32:50.854387+00:00
83205,70627,2025-03-01 17:48:30.036411+00:00,2025-03-02 09:32:50.854387+00:00
83205,551776,2025-03-01 17:48:30.036411+00:00,2025-03-02 09:32:50.854387+00:00
83205,76975,2025-03-01 17:48:30.036411+00:00,2025-03-02 09:32:50.854387+00:00
83205,78354,2025-03-01 17:48:30.036411+00:00,2025-03-02 09:32:50.854387+00:00
83205,58610,2025-03-01 17:48:30.036411+00:00,2025-03-02 09:32:50.854387+00:00
83761,930123,2025-03-01 17:48:30.036411+00:00,2025-03-02 09:32:50.854387+00:00
83761,677707,2025-03-01 17:48:30.036411+00:00,2025-03-02 09:32:50.854387+00:00
83761,1720052,2025-03-01 17:48:30.036411+00:00,2025-03-02 09:32:50.854387+00:00
83761,1720051,2025-03-01 17:48:30.036411+00:00,2025-03-02 09:32:50.854387+00:00
83761,930120,2025-03-01 17:48:30.036411+00:00,2025-03-02 09:32:50.854387+00:00
84892,52404,2025-03-01 17:48:30.036411+00:00,2025-03-02 09:32:50.854387+00:00
84892,33235,2025-03-01 17:48:30.036411+00:00,2025-03-02 09:32:50.854387+00:00
84892,132157,2025-03-01 17:48:30.036411+00:00,2025-03-02 09:32:50.854387+00:00
84892,61114,2025-03-01 17:48:30.036411+00:00,2025-03-02 09:32:50.854387+00:00
84892,10990,2025-03-01 17:48:30.036411+00:00,2025-03-02 09:32:50.854387+00:00
85032,237168,2025-03-01 17:48:30.036411+00:00,2025-03-02 09:32:50.854387+00:00
85032,132942,2025-03-01 17:48:30.036411+00:00,2025-03-02 09:32:50.854387+00:00
85032,58608,2025-03-01 17:48:30.036411+00:00,2025-03-02 09:32:50.854387+00:00
85032,1429912,2025-03-01 17:48:30.036411+00:00,2025-03-02 09:32:50.854387+00:00
85032,2532755,2025-03-01 17:48:30.036411+00:00,2025-03-02 09:32:50.854387+00:00
85033,125830,2025-03-01 17:48:30.036411+00:00,2025-03-02 09:32:50.854387+00:00
85033,189720,2025-03-01 17:48:30.036411+00:00,2025-03-02 09:32:50.854387+00:00
85033,65007,2025-03-01 17:48:30.036411+00:00,2025-03-02 09:32:50.854387+00:00
85033,461309,2025-03-01 17:48:30.036411+00:00,2025-03-02 09:32:50.854387+00:00
85033,939122,2025-03-01 17:48:30.036411+00:00,2025-03-02 09:32:50.854387+00:00
85927,36018,2025-03-01 17:48:30.036411+00:00,2025-03-02 09:32:50.854387+00:00
85927,649,2025-03-01 17:48:30.036411+00:00,2025-03-02 09:32:50.854387+00:00
85927,3508,2025-03-01 17:48:30.036411+00:00,2025-03-02 09:32:50.854387+00:00
85927,36925,2025-03-01 17:48:30.036411+00:00,2025-03-02 09:32:50.854387+00:00
85927,2369,2025-03-01 17:48:30.036411+00:00,2025-03-02 09:32:50.854387+00:00
86829,36662,2025-03-01 17:48:30.036411+00:00,2025-03-02 09:32:50.854387+00:00
86829,11902,2025-03-01 17:48:30.036411+00:00,2025-03-02 09:32:50.854387+00:00
86829,29445,2025-03-01 17:48:30.036411+00:00,2025-03-02 09:32:50.854387+00:00
86829,12111,2025-03-01 17:48:30.036411+00:00,2025-03-02 09:32:50.854387+00:00
86829,25072,2025-03-01 17:48:30.036411+00:00,2025-03-02 09:32:50.854387+00:00
87827,1133846,2025-03-01 17:48:30.036411+00:00,2025-03-02 09:32:50.854387+00:00
87827,933160,2025-03-01 17:48:30.036411+00:00,2025-03-02 09:32:50.854387+00:00
87827,935504,2025-03-01 17:48:30.036411+00:00,2025-03-02 09:32:50.854387+00:00
87827,227849,2025-03-01 17:48:30.036411+00:00,2025-03-02 09:32:50.854387+00:00
87827,76793,2025-03-01 17:48:30.036411+00:00,2025-03-02 09:32:50.854387+00:00
87953,83560,2025-03-01 17:48:30.036411+00:00,2025-03-02 09:32:50.854387+00:00
87953,1779682,2025-03-01 17:48:30.036411+00:00,2025-03-02 09:32:50.854387+00:00
87953,1614691,2025-03-01 17:48:30.036411+00:00,2025-03-02 09:32:50.854387+00:00
87953,213438,2025-03-01 17:48:30.036411+00:00,2025-03-02 09:32:50.854387+00:00
87953,1562219,2025-03-01 17:48:30.036411+00:00,2025-03-02 09:32:50.854387+00:00
89455,4173,2025-03-01 17:48:30.036411+00:00,2025-03-02 09:32:50.854387+00:00
89455,677,2025-03-01 17:48:30.036411+00:00,2025-03-02 09:32:50.854387+00:00
89455,3293,2025-03-01 17:48:30.036411+00:00,2025-03-02 09:32:50.854387+00:00
89455,9642,2025-03-01 17:48:30.036411+00:00,2025-03-02 09:32:50.854387+00:00
89455,11107,2025-03-01 17:48:30.036411+00:00,2025-03-02 09:32:50.854387+00:00
93013,1309252,2025-03-01 17:48:30.036411+00:00,2025-03-02 09:32:50.854387+00:00
93013,1241498,2025-03-01 17:48:30.036411+00:00,2025-03-02 09:32:50.854387+00:00
93013,1377715,2025-03-01 17:48:30.036411+00:00,2025-03-02 09:32:50.854387+00:00
93013,225730,2025-03-01 17:48:30.036411+00:00,2025-03-02 09:32:50.854387+00:00
93013,592810,2025-03-01 17:48:30.036411+00:00,2025-03-02 09:32:50.854387+00:00
101299,9281,2025-03-01 17:48:30.036411+00:00,2025-03-02 09:32:50.854387+00:00
101299,57755,2025-03-01 17:48:30.036411+00:00,2025-03-02 09:32:50.854387+00:00
101299,72129,2025-03-01 17:48:30.036411+00:00,2025-03-02 09:32:50.854387+00:00
101299,96066,2025-03-01 17:48:30.036411+00:00,2025-03-02 09:32:50.854387+00:00
101299,27972,2025-03-01 17:48:30.036411+00:00,2025-03-02 09:32:50.854387+00:00
103875,1161018,2025-03-01 17:48:30.036411+00:00,2025-03-02 09:32:50.854387+00:00
103875,550689,2025-03-01 17:48:30.036411+00:00,2025-03-02 09:32:50.854387+00:00
103875,1376105,2025-03-01 17:48:30.036411+00:00,2025-03-02 09:32:50.854387+00:00
103875,1161019,2025-03-01 17:48:30.036411+00:00,2025-03-02 09:32:50.854387+00:00
103875,1016315,2025-03-01 17:48:30.036411+00:00,2025-03-02 09:32:50.854387+00:00
110283,18615,2025-03-01 17:48:30.036411+00:00,2025-03-02 09:32:50.854387+00:00
110283,76932,2025-03-01 17:48:30.036411+00:00,2025-03-02 09:32:50.854387+00:00
110283,549815,2025-03-01 17:48:30.036411+00:00,2025-03-02 09:32:50.854387+00:00
110283,70627,2025-03-01 17:48:30.036411+00:00,2025-03-02 09:32:50.854387+00:00
110283,66152,2025-03-01 17:48:30.036411+00:00,2025-03-02 09:32:50.854387+00:00
110852,110058,2025-03-01 17:48:30.036411+00:00,2025-03-02 09:32:50.854387+00:00
110852,13253,2025-03-01 17:48:30.036411+00:00,2025-03-02 09:32:50.854387+00:00
110852,71641,2025-03-01 17:48:30.036411+00:00,2025-03-02 09:32:50.854387+00:00
110852,70131,2025-03-01 17:48:30.036411+00:00,2025-03-02 09:32:50.854387+00:00
110852,545825,2025-03-01 17:48:30.036411+00:00,2025-03-02 09:32:50.854387+00:00
112903,18056,2025-03-01 17:48:30.036411+00:00,2025-03-02 09:32:50.854387+00:00
112903,110057,2025-03-01 17:48:30.036411+00:00,2025-03-02 09:32:50.854387+00:00
112903,111690,2025-03-01 17:48:30.036411+00:00,2025-03-02 09:32:50.854387+00:00
112903,1039343,2025-03-01 17:48:30.036411+00:00,2025-03-02 09:32:50.854387+00:00
112903,58662,2025-03-01 17:48:30.036411+00:00,2025-03-02 09:32:50.854387+00:00
117129,69167,2025-03-01 17:48:30.036411+00:00,2025-03-02 09:32:50.854387+00:00
117129,96049,2025-03-01 17:48:30.036411+00:00,2025-03-02 09:32:50.854387+00:00
117129,3119774,2025-03-01 17:48:30.036411+00:00,2025-03-02 09:32:50.854387+00:00
117129,34689,2025-03-01 17:48:30.036411+00:00,2025-03-02 09:32:50.854387+00:00
117129,1250086,2025-03-01 17:48:30.036411+00:00,2025-03-02 09:32:50.854387+00:00
117646,1065761,2025-03-01 17:48:30.036411+00:00,2025-03-02 09:32:50.854387+00:00
117646,938326,2025-03-01 17:48:30.036411+00:00,2025-03-02 09:32:50.854387+00:00
117646,1065763,2025-03-01 17:48:30.036411+00:00,2025-03-02 09:32:50.854387+00:00
117646,1016315,2025-03-01 17:48:30.036411+00:00,2025-03-02 09:32:50.854387+00:00
117646,1065764,2025-03-01 17:48:30.036411+00:00,2025-03-02 09:32:50.854387+00:00
118785,66589,2025-03-01 17:48:30.036411+00:00,2025-03-02 09:32:50.854387+00:00
118785,33135,2025-03-01 17:48:30.036411+00:00,2025-03-02 09:32:50.854387+00:00
118785,20332,2025-03-01 17:48:30.036411+00:00,2025-03-02 09:32:50.854387+00:00
118785,1048658,2025-03-01 17:48:30.036411+00:00,2025-03-02 09:32:50.854387+00:00
118785,34689,2025-03-01 17:48:30.036411+00:00,2025-03-02 09:32:50.854387+00:00
120811,235262,2025-03-01 17:48:30.036411+00:00,2025-03-02 09:32:50.854387+00:00
120811,1072776,2025-03-01 17:48:30.036411+00:00,2025-03-02 09:32:50.854387+00:00
120811,1072774,2025-03-01 17:48:30.036411+00:00,2025-03-02 09:32:50.854387+00:00
120811,1241611,2025-03-01 17:48:30.036411+00:00,2025-03-02 09:32:50.854387+00:00
120811,1249310,2025-03-01 17:48:30.036411+00:00,2025-03-02 09:32:50.854387+00:00
128246,83036,2025-03-01 17:48:30.036411+00:00,2025-03-02 09:32:50.854387+00:00
128246,150698,2025-03-01 17:48:30.036411+00:00,2025-03-02 09:32:50.854387+00:00
128246,1432841,2025-03-01 17:48:30.036411+00:00,2025-03-02 09:32:50.854387+00:00
128246,93996,2025-03-01 17:48:30.036411+00:00,2025-03-02 09:32:50.854387+00:00
128246,587675,2025-03-01 17:48:30.036411+00:00,2025-03-02 09:32:50.854387+00:00
130023,76931,2025-03-01 17:48:30.036411+00:00,2025-03-02 09:32:50.854387+00:00
130023,66155,2025-03-01 17:48:30.036411+00:00,2025-03-02 09:32:50.854387+00:00
130023,110058,2025-03-01 17:48:30.036411+00:00,2025-03-02 09:32:50.854387+00:00
130023,27779,2025-03-01 17:48:30.036411+00:00,2025-03-02 09:32:50.854387+00:00
130023,233695,2025-03-01 17:48:30.036411+00:00,2025-03-02 09:32:50.854387+00:00
131634,9281,2025-03-01 17:48:30.036411+00:00,2025-03-02 09:32:50.854387+00:00
131634,27972,2025-03-01 17:48:30.036411+00:00,2025-03-02 09:32:50.854387+00:00
131634,72129,2025-03-01 17:48:30.036411+00:00,2025-03-02 09:32:50.854387+00:00
131634,57755,2025-03-01 17:48:30.036411+00:00,2025-03-02 09:32:50.854387+00:00
131634,96066,2025-03-01 17:48:30.036411+00:00,2025-03-02 09:32:50.854387+00:00
131836,15385,2025-03-01 17:48:30.036411+00:00,2025-03-02 09:32:50.854387+00:00
131836,40535,2025-03-01 17:48:30.036411+00:00,2025-03-02 09:32:50.854387+00:00
131836,37118,2025-03-01 17:48:30.036411+00:00,2025-03-02 09:32:50.854387+00:00
131836,133190,2025-03-01 17:48:30.036411+00:00,2025-03-02 09:32:50.854387+00:00
131836,7277,2025-03-01 17:48:30.036411+00:00,2025-03-02 09:32:50.854387+00:00
146126,550949,2025-03-01 17:48:30.036411+00:00,2025-03-02 09:32:50.854387+00:00
146126,1016271,2025-03-01 17:48:30.036411+00:00,2025-03-02 09:32:50.854387+00:00
146126,92487,2025-03-01 17:48:30.036411+00:00,2025-03-02 09:32:50.854387+00:00
146126,96960,2025-03-01 17:48:30.036411+00:00,2025-03-02 09:32:50.854387+00:00
146126,1123730,2025-03-01 17:48:30.036411+00:00,2025-03-02 09:32:50.854387+00:00
149871,1115687,2025-03-01 17:48:30.036411+00:00,2025-03-02 09:32:50.854387+00:00
149871,70627,2025-03-01 17:48:30.036411+00:00,2025-03-02 09:32:50.854387+00:00
149871,90570,2025-03-01 17:48:30.036411+00:00,2025-03-02 09:32:50.854387+00:00
149871,120690,2025-03-01 17:48:30.036411+00:00,2025-03-02 09:32:50.854387+00:00
149871,227629,2025-03-01 17:48:30.036411+00:00,2025-03-02 09:32:50.854387+00:00
152584,586757,2025-03-01 17:48:30.036411+00:00,2025-03-02 09:32:50.854387+00:00
152584,121529,2025-03-01 17:48:30.036411+00:00,2025-03-02 09:32:50.854387+00:00
152584,1029292,2025-03-01 17:48:30.036411+00:00,2025-03-02 09:32:50.854387+00:00
152584,15482,2025-03-01 17:48:30.036411+00:00,2025-03-02 09:32:50.854387+00:00
152584,38865,2025-03-01 17:48:30.036411+00:00,2025-03-02 09:32:50.854387+00:00
157336,1893,2025-03-01 17:48:30.036411+00:00,2025-03-02 09:32:50.854387+00:00
157336,3895,2025-03-01 17:48:30.036411+00:00,2025-03-02 09:32:50.854387+00:00
157336,83002,2025-03-01 17:48:30.036411+00:00,2025-03-02 09:32:50.854387+00:00
157336,10297,2025-03-01 17:48:30.036411+00:00,2025-03-02 09:32:50.854387+00:00
157336,1813,2025-03-01 17:48:30.036411+00:00,2025-03-02 09:32:50.854387+00:00
160642,90567,2025-03-01 17:48:30.036411+00:00,2025-03-02 09:32:50.854387+00:00
160642,1241939,2025-03-01 17:48:30.036411+00:00,2025-03-02 09:32:50.854387+00:00
160642,9715,2025-03-01 17:48:30.036411+00:00,2025-03-02 09:32:50.854387+00:00
160642,1142780,2025-03-01 17:48:30.036411+00:00,2025-03-02 09:32:50.854387+00:00
160642,932986,2025-03-01 17:48:30.036411+00:00,2025-03-02 09:32:50.854387+00:00
164207,20333,2025-03-01 17:48:30.036411+00:00,2025-03-02 09:32:50.854387+00:00
164207,66152,2025-03-01 17:48:30.036411+00:00,2025-03-02 09:32:50.854387+00:00
164207,551776,2025-03-01 17:48:30.036411+00:00,2025-03-02 09:32:50.854387+00:00
164207,70627,2025-03-01 17:48:30.036411+00:00,2025-03-02 09:32:50.854387+00:00
164207,96559,2025-03-01 17:48:30.036411+00:00,2025-03-02 09:32:50.854387+00:00
165213,68903,2025-03-01 17:48:30.036411+00:00,2025-03-02 09:32:50.854387+00:00
165213,73249,2025-03-01 17:48:30.036411+00:00,2025-03-02 09:32:50.854387+00:00
165213,85174,2025-03-01 17:48:30.036411+00:00,2025-03-02 09:32:50.854387+00:00
165213,139493,2025-03-01 17:48:30.036411+00:00,2025-03-02 09:32:50.854387+00:00
165213,64880,2025-03-01 17:48:30.036411+00:00,2025-03-02 09:32:50.854387+00:00
166271,1043834,2025-03-01 17:48:30.036411+00:00,2025-03-02 09:32:50.854387+00:00
166271,17140,2025-03-01 17:48:30.036411+00:00,2025-03-02 09:32:50.854387+00:00
166271,230,2025-03-01 17:48:30.036411+00:00,2025-03-02 09:32:50.854387+00:00
166271,12978,2025-03-01 17:48:30.036411+00:00,2025-03-02 09:32:50.854387+00:00
166271,5892,2025-03-01 17:48:30.036411+00:00,2025-03-02 09:32:50.854387+00:00
171372,93210,2025-03-01 17:48:30.036411+00:00,2025-03-02 09:32:50.854387+00:00
171372,17288,2025-03-01 17:48:30.036411+00:00,2025-03-02 09:32:50.854387+00:00
171372,78124,2025-03-01 17:48:30.036411+00:00,2025-03-02 09:32:50.854387+00:00
171372,59233,2025-03-01 17:48:30.036411+00:00,2025-03-02 09:32:50.854387+00:00
171372,1579,2025-03-01 17:48:30.036411+00:00,2025-03-02 09:32:50.854387+00:00
179890,126830,2025-03-01 17:48:30.036411+00:00,2025-03-02 09:32:50.854387+00:00
179890,240188,2025-03-01 17:48:30.036411+00:00,2025-03-02 09:32:50.854387+00:00
179890,43917,2025-03-01 17:48:30.036411+00:00,2025-03-02 09:32:50.854387+00:00
179890,1582100,2025-03-01 17:48:30.036411+00:00,2025-03-02 09:32:50.854387+00:00
179890,571526,2025-03-01 17:48:30.036411+00:00,2025-03-02 09:32:50.854387+00:00
198375,1124542,2025-03-01 17:48:30.036411+00:00,2025-03-02 09:32:50.854387+00:00
198375,19588,2025-03-01 17:48:30.036411+00:00,2025-03-02 09:32:50.854387+00:00
198375,129960,2025-03-01 17:48:30.036411+00:00,2025-03-02 09:32:50.854387+00:00
198375,119143,2025-03-01 17:48:30.036411+00:00,2025-03-02 09:32:50.854387+00:00
198375,1247771,2025-03-01 17:48:30.036411+00:00,2025-03-02 09:32:50.854387+00:00
200995,62336,2025-03-01 17:48:30.036411+00:00,2025-03-02 09:32:50.854387+00:00
200995,109646,2025-03-01 17:48:30.036411+00:00,2025-03-02 09:32:50.854387+00:00
200995,21688,2025-03-01 17:48:30.036411+00:00,2025-03-02 09:32:50.854387+00:00
200995,1222330,2025-03-01 17:48:30.036411+00:00,2025-03-02 09:32:50.854387+00:00
200995,1349366,2025-03-01 17:48:30.036411+00:00,2025-03-02 09:32:50.854387+00:00
202885,148285,2025-03-01 17:48:30.036411+00:00,2025-03-02 09:32:50.854387+00:00
202885,589923,2025-03-01 17:48:30.036411+00:00,2025-03-02 09:32:50.854387+00:00
202885,70122,2025-03-01 17:48:30.036411+00:00,2025-03-02 09:32:50.854387+00:00
202885,1765444,2025-03-01 17:48:30.036411+00:00,2025-03-02 09:32:50.854387+00:00
202885,133168,2025-03-01 17:48:30.036411+00:00,2025-03-02 09:32:50.854387+00:00
204702,572020,2025-03-01 17:48:30.036411+00:00,2025-03-02 09:32:50.854387+00:00
204702,119244,2025-03-01 17:48:30.036411+00:00,2025-03-02 09:32:50.854387+00:00
204702,127891,2025-03-01 17:48:30.036411+00:00,2025-03-02 09:32:50.854387+00:00
204702,120689,2025-03-01 17:48:30.036411+00:00,2025-03-02 09:32:50.854387+00:00
204702,2542,2025-03-01 17:48:30.036411+00:00,2025-03-02 09:32:50.854387+00:00
205464,1554174,2025-03-01 17:48:30.036411+00:00,2025-03-02 09:32:50.854387+00:00
205464,81174,2025-03-01 17:48:30.036411+00:00,2025-03-02 09:32:50.854387+00:00
205464,228914,2025-03-01 17:48:30.036411+00:00,2025-03-02 09:32:50.854387+00:00
205464,1174366,2025-03-01 17:48:30.036411+00:00,2025-03-02 09:32:50.854387+00:00
205464,551669,2025-03-01 17:48:30.036411+00:00,2025-03-02 09:32:50.854387+00:00
225728,1007683,2025-03-01 17:48:30.036411+00:00,2025-03-02 09:32:50.854387+00:00
225728,16702,2025-03-01 17:48:30.036411+00:00,2025-03-02 09:32:50.854387+00:00
225728,8293,2025-03-01 17:48:30.036411+00:00,2025-03-02 09:32:50.854387+00:00
225728,17288,2025-03-01 17:48:30.036411+00:00,2025-03-02 09:32:50.854387+00:00
225728,14887,2025-03-01 17:48:30.036411+00:00,2025-03-02 09:32:50.854387+00:00
232468,617505,2025-03-01 17:48:30.036411+00:00,2025-03-02 09:32:50.854387+00:00
232468,1798978,2025-03-01 17:48:30.036411+00:00,2025-03-02 09:32:50.854387+00:00
232468,548053,2025-03-01 17:48:30.036411+00:00,2025-03-02 09:32:50.854387+00:00
232468,1255141,2025-03-01 17:48:30.036411+00:00,2025-03-02 09:32:50.854387+00:00
232468,1447086,2025-03-01 17:48:30.036411+00:00,2025-03-02 09:32:50.854387+00:00
242452,496937,2025-03-01 17:48:30.036411+00:00,2025-03-02 09:32:50.854387+00:00
242452,1155298,2025-03-01 17:48:30.036411+00:00,2025-03-02 09:32:50.854387+00:00
242452,77188,2025-03-01 17:48:30.036411+00:00,2025-03-02 09:32:50.854387+00:00
242452,20738,2025-03-01 17:48:30.036411+00:00,2025-03-02 09:32:50.854387+00:00
242452,1296713,2025-03-01 17:48:30.036411+00:00,2025-03-02 09:32:50.854387+00:00
245842,227,2025-03-01 17:48:30.036411+00:00,2025-03-02 09:32:50.854387+00:00
245842,517,2025-03-01 17:48:30.036411+00:00,2025-03-02 09:32:50.854387+00:00
245842,239996,2025-03-01 17:48:30.036411+00:00,2025-03-02 09:32:50.854387+00:00
245842,5823,2025-03-01 17:48:30.036411+00:00,2025-03-02 09:32:50.854387+00:00
245842,115150,2025-03-01 17:48:30.036411+00:00,2025-03-02 09:32:50.854387+00:00
245891,5293,2025-03-01 17:48:30.036411+00:00,2025-03-02 09:32:50.854387+00:00
245891,6384,2025-03-01 17:48:30.036411+00:00,2025-03-02 09:32:50.854387+00:00
245891,68763,2025-03-01 17:48:30.036411+00:00,2025-03-02 09:32:50.854387+00:00
245891,71586,2025-03-01 17:48:30.036411+00:00,2025-03-02 09:32:50.854387+00:00
245891,6283,2025-03-01 17:48:30.036411+00:00,2025-03-02 09:32:50.854387+00:00
253235,1186840,2025-03-01 17:48:30.036411+00:00,2025-03-02 09:32:50.854387+00:00
253235,36926,2025-03-01 17:48:30.036411+00:00,2025-03-02 09:32:50.854387+00:00
253235,3392,2025-03-01 17:48:30.036411+00:00,2025-03-02 09:32:50.854387+00:00
253235,3092,2025-03-01 17:48:30.036411+00:00,2025-03-02 09:32:50.854387+00:00
253235,1251573,2025-03-01 17:48:30.036411+00:00,2025-03-02 09:32:50.854387+00:00
255856,10885,2025-03-01 17:48:30.036411+00:00,2025-03-02 09:32:50.854387+00:00
255856,56804,2025-03-01 17:48:30.036411+00:00,2025-03-02 09:32:50.854387+00:00
255856,58665,2025-03-01 17:48:30.036411+00:00,2025-03-02 09:32:50.854387+00:00
255856,1338,2025-03-01 17:48:30.036411+00:00,2025-03-02 09:32:50.854387+00:00
255856,102880,2025-03-01 17:48:30.036411+00:00,2025-03-02 09:32:50.854387+00:00
256106,131343,2025-03-01 17:48:30.036411+00:00,2025-03-02 09:32:50.854387+00:00
256106,1410968,2025-03-01 17:48:30.036411+00:00,2025-03-02 09:32:50.854387+00:00
256106,1016315,2025-03-01 17:48:30.036411+00:00,2025-03-02 09:32:50.854387+00:00
256106,1376106,2025-03-01 17:48:30.036411+00:00,2025-03-02 09:32:50.854387+00:00
256106,116636,2025-03-01 17:48:30.036411+00:00,2025-03-02 09:32:50.854387+00:00
256133,545292,2025-03-01 17:48:30.036411+00:00,2025-03-02 09:32:50.854387+00:00
256133,617505,2025-03-01 17:48:30.036411+00:00,2025-03-02 09:32:50.854387+00:00
256133,1782648,2025-03-01 17:48:30.036411+00:00,2025-03-02 09:32:50.854387+00:00
256133,1627950,2025-03-01 17:48:30.036411+00:00,2025-03-02 09:32:50.854387+00:00
256133,1043245,2025-03-01 17:48:30.036411+00:00,2025-03-02 09:32:50.854387+00:00
256930,45999,2025-03-01 17:48:30.036411+00:00,2025-03-02 09:32:50.854387+00:00
256930,9192,2025-03-01 17:48:30.036411+00:00,2025-03-02 09:32:50.854387+00:00
256930,2406067,2025-03-01 17:48:30.036411+00:00,2025-03-02 09:32:50.854387+00:00
256930,3464327,2025-03-01 17:48:30.036411+00:00,2025-03-02 09:32:50.854387+00:00
256930,68973,2025-03-01 17:48:30.036411+00:00,2025-03-02 09:32:50.854387+00:00
261124,566033,2025-03-01 17:48:30.036411+00:00,2025-03-02 09:32:50.854387+00:00
261124,3007680,2025-03-01 17:48:30.036411+00:00,2025-03-02 09:32:50.854387+00:00
261124,130598,2025-03-01 17:48:30.036411+00:00,2025-03-02 09:32:50.854387+00:00
261124,940339,2025-03-01 17:48:30.036411+00:00,2025-03-02 09:32:50.854387+00:00
261124,1134736,2025-03-01 17:48:30.036411+00:00,2025-03-02 09:32:50.854387+00:00
261832,937120,2025-03-01 17:48:30.036411+00:00,2025-03-02 09:32:50.854387+00:00
261832,82183,2025-03-01 17:48:30.036411+00:00,2025-03-02 09:32:50.854387+00:00
261832,1657669,2025-03-01 17:48:30.036411+00:00,2025-03-02 09:32:50.854387+00:00
261832,40633,2025-03-01 17:48:30.036411+00:00,2025-03-02 09:32:50.854387+00:00
261832,42601,2025-03-01 17:48:30.036411+00:00,2025-03-02 09:32:50.854387+00:00
262828,1613912,2025-03-01 17:48:30.036411+00:00,2025-03-02 09:32:50.854387+00:00
262828,228914,2025-03-01 17:48:30.036411+00:00,2025-03-02 09:32:50.854387+00:00
262828,1172051,2025-03-01 17:48:30.036411+00:00,2025-03-02 09:32:50.854387+00:00
262828,126735,2025-03-01 17:48:30.036411+00:00,2025-03-02 09:32:50.854387+00:00
262828,3325085,2025-03-01 17:48:30.036411+00:00,2025-03-02 09:32:50.854387+00:00
262831,617505,2025-03-01 17:48:30.036411+00:00,2025-03-02 09:32:50.854387+00:00
262831,69830,2025-03-01 17:48:30.036411+00:00,2025-03-02 09:32:50.854387+00:00
262831,1015038,2025-03-01 17:48:30.036411+00:00,2025-03-02 09:32:50.854387+00:00
262831,228914,2025-03-01 17:48:30.036411+00:00,2025-03-02 09:32:50.854387+00:00
262831,1735839,2025-03-01 17:48:30.036411+00:00,2025-03-02 09:32:50.854387+00:00
264718,1011654,2025-03-01 17:48:30.036411+00:00,2025-03-02 09:32:50.854387+00:00
264718,63584,2025-03-01 17:48:30.036411+00:00,2025-03-02 09:32:50.854387+00:00
264718,1310154,2025-03-01 17:48:30.036411+00:00,2025-03-02 09:32:50.854387+00:00
265712,1241939,2025-03-01 17:48:30.036411+00:00,2025-03-02 09:32:50.854387+00:00
265712,90567,2025-03-01 17:48:30.036411+00:00,2025-03-02 09:32:50.854387+00:00
265712,9715,2025-03-01 17:48:30.036411+00:00,2025-03-02 09:32:50.854387+00:00
265712,1142780,2025-03-01 17:48:30.036411+00:00,2025-03-02 09:32:50.854387+00:00
265712,932986,2025-03-01 17:48:30.036411+00:00,2025-03-02 09:32:50.854387+00:00
269509,11275,2025-03-01 17:48:30.036411+00:00,2025-03-02 09:32:50.854387+00:00
269509,41419,2025-03-01 17:48:30.036411+00:00,2025-03-02 09:32:50.854387+00:00
269509,11356,2025-03-01 17:48:30.036411+00:00,2025-03-02 09:32:50.854387+00:00
269509,1590758,2025-03-01 17:48:30.036411+00:00,2025-03-02 09:32:50.854387+00:00
269509,1281,2025-03-01 17:48:30.036411+00:00,2025-03-02 09:32:50.854387+00:00
272122,131294,2025-03-01 17:48:30.036411+00:00,2025-03-02 09:32:50.854387+00:00
272122,1092245,2025-03-01 17:48:30.036411+00:00,2025-03-02 09:32:50.854387+00:00
272122,2490189,2025-03-01 17:48:30.036411+00:00,2025-03-02 09:32:50.854387+00:00
272122,1469675,2025-03-01 17:48:30.036411+00:00,2025-03-02 09:32:50.854387+00:00
272122,1366128,2025-03-01 17:48:30.036411+00:00,2025-03-02 09:32:50.854387+00:00
278445,1375776,2025-03-01 17:48:30.036411+00:00,2025-03-02 09:32:50.854387+00:00
278445,2504492,2025-03-01 17:48:30.036411+00:00,2025-03-02 09:32:50.854387+00:00
278445,3588053,2025-03-01 17:48:30.036411+00:00,2025-03-02 09:32:50.854387+00:00
278445,129266,2025-03-01 17:48:30.036411+00:00,2025-03-02 09:32:50.854387+00:00
283161,8924,2025-03-01 17:48:30.036411+00:00,2025-03-02 09:32:50.854387+00:00
283161,3896,2025-03-01 17:48:30.036411+00:00,2025-03-02 09:32:50.854387+00:00
283161,658,2025-03-01 17:48:30.036411+00:00,2025-03-02 09:32:50.854387+00:00
283161,17697,2025-03-01 17:48:30.036411+00:00,2025-03-02 09:32:50.854387+00:00
283161,3136,2025-03-01 17:48:30.036411+00:00,2025-03-02 09:32:50.854387+00:00
283566,9711,2025-03-01 17:48:30.036411+00:00,2025-03-02 09:32:50.854387+00:00
283566,77931,2025-03-01 17:48:30.036411+00:00,2025-03-02 09:32:50.854387+00:00
283566,77927,2025-03-01 17:48:30.036411+00:00,2025-03-02 09:32:50.854387+00:00
283566,83768,2025-03-01 17:48:30.036411+00:00,2025-03-02 09:32:50.854387+00:00
283566,40325,2025-03-01 17:48:30.036411+00:00,2025-03-02 09:32:50.854387+00:00
296271,232205,2025-03-01 17:48:30.036411+00:00,2025-03-02 09:32:50.854387+00:00
296271,1467145,2025-03-01 17:48:30.036411+00:00,2025-03-02 09:32:50.854387+00:00
296271,68278,2025-03-01 17:48:30.036411+00:00,2025-03-02 09:32:50.854387+00:00
296271,29234,2025-03-01 17:48:30.036411+00:00,2025-03-02 09:32:50.854387+00:00
296271,2320395,2025-03-01 17:48:30.036411+00:00,2025-03-02 09:32:50.854387+00:00
298618,17402,2025-03-01 17:48:30.036411+00:00,2025-03-02 09:32:50.854387+00:00
298618,335,2025-03-01 17:48:30.036411+00:00,2025-03-02 09:32:50.854387+00:00
298618,2232,2025-03-01 17:48:30.036411+00:00,2025-03-02 09:32:50.854387+00:00
298618,2542319,2025-03-01 17:48:30.036411+00:00,2025-03-02 09:32:50.854387+00:00
298618,132157,2025-03-01 17:48:30.036411+00:00,2025-03-02 09:32:50.854387+00:00
299054,62644,2025-03-01 17:48:30.036411+00:00,2025-03-02 09:32:50.854387+00:00
299054,976,2025-03-01 17:48:30.036411+00:00,2025-03-02 09:32:50.854387+00:00
299054,19537,2025-03-01 17:48:30.036411+00:00,2025-03-02 09:32:50.854387+00:00
299054,16644,2025-03-01 17:48:30.036411+00:00,2025-03-02 09:32:50.854387+00:00
299054,57207,2025-03-01 17:48:30.036411+00:00,2025-03-02 09:32:50.854387+00:00
302528,559490,2025-03-01 17:48:30.036411+00:00,2025-03-02 09:32:50.854387+00:00
302528,920,2025-03-01 17:48:30.036411+00:00,2025-03-02 09:32:50.854387+00:00
302528,15319,2025-03-01 17:48:30.036411+00:00,2025-03-02 09:32:50.854387+00:00
302528,2310,2025-03-01 17:48:30.036411+00:00,2025-03-02 09:32:50.854387+00:00
302528,290,2025-03-01 17:48:30.036411+00:00,2025-03-02 09:32:50.854387+00:00
315162,210172,2025-03-01 17:48:30.036411+00:00,2025-03-02 09:32:50.854387+00:00
315162,3131,2025-03-01 17:48:30.036411+00:00,2025-03-02 09:32:50.854387+00:00
315162,1373737,2025-03-01 17:48:30.036411+00:00,2025-03-02 09:32:50.854387+00:00
315162,3136,2025-03-01 17:48:30.036411+00:00,2025-03-02 09:32:50.854387+00:00
315162,52583,2025-03-01 17:48:30.036411+00:00,2025-03-02 09:32:50.854387+00:00
316569,150165,2025-03-01 17:48:30.036411+00:00,2025-03-02 09:32:50.854387+00:00
316569,1592893,2025-03-01 17:48:30.036411+00:00,2025-03-02 09:32:50.854387+00:00
316569,1592892,2025-03-01 17:48:30.036411+00:00,2025-03-02 09:32:50.854387+00:00
316569,1592889,2025-03-01 17:48:30.036411+00:00,2025-03-02 09:32:50.854387+00:00
331986,221809,2025-03-01 17:48:30.036411+00:00,2025-03-02 09:32:50.854387+00:00
331986,20089,2025-03-01 17:48:30.036411+00:00,2025-03-02 09:32:50.854387+00:00
331986,2880,2025-03-01 17:48:30.036411+00:00,2025-03-02 09:32:50.854387+00:00
331986,39390,2025-03-01 17:48:30.036411+00:00,2025-03-02 09:32:50.854387+00:00
331986,7447,2025-03-01 17:48:30.036411+00:00,2025-03-02 09:32:50.854387+00:00
335787,1136406,2025-03-01 17:48:30.036411+00:00,2025-03-02 09:32:50.854387+00:00
335787,13240,2025-03-01 17:48:30.036411+00:00,2025-03-02 09:32:50.854387+00:00
335787,1163789,2025-03-01 17:48:30.036411+00:00,2025-03-02 09:32:50.854387+00:00
335787,1859934,2025-03-01 17:48:30.036411+00:00,2025-03-02 09:32:50.854387+00:00
335787,3131,2025-03-01 17:48:30.036411+00:00,2025-03-02 09:32:50.854387+00:00
335977,1023483,2025-03-01 17:48:30.036411+00:00,2025-03-02 09:32:50.854387+00:00
335977,2074238,2025-03-01 17:48:30.036411+00:00,2025-03-02 09:32:50.854387+00:00
335977,3,2025-03-01 17:48:30.036411+00:00,2025-03-02 09:32:50.854387+00:00
335977,1019,2025-03-01 17:48:30.036411+00:00,2025-03-02 09:32:50.854387+00:00
335977,467645,2025-03-01 17:48:30.036411+00:00,2025-03-02 09:32:50.854387+00:00
338953,9642,2025-03-01 17:48:30.036411+00:00,2025-03-02 09:32:50.854387+00:00
338953,58873,2025-03-01 17:48:30.036411+00:00,2025-03-02 09:32:50.854387+00:00
338953,132157,2025-03-01 17:48:30.036411+00:00,2025-03-02 09:32:50.854387+00:00
338953,37632,2025-03-01 17:48:30.036411+00:00,2025-03-02 09:32:50.854387+00:00
338953,1019,2025-03-01 17:48:30.036411+00:00,2025-03-02 09:32:50.854387+00:00
346698,1767250,2025-03-01 17:48:30.036411+00:00,2025-03-02 09:32:50.854387+00:00
346698,30614,2025-03-01 17:48:30.036411+00:00,2025-03-02 09:32:50.854387+00:00
346698,1455336,2025-03-01 17:48:30.036411+00:00,2025-03-02 09:32:50.854387+00:00
346698,234352,2025-03-01 17:48:30.036411+00:00,2025-03-02 09:32:50.854387+00:00
346698,59174,2025-03-01 17:48:30.036411+00:00,2025-03-02 09:32:50.854387+00:00
348869,58611,2025-03-01 17:48:30.036411+00:00,2025-03-02 09:32:50.854387+00:00
348869,464228,2025-03-01 17:48:30.036411+00:00,2025-03-02 09:32:50.854387+00:00
348869,1487499,2025-03-01 17:48:30.036411+00:00,2025-03-02 09:32:50.854387+00:00
348869,1057923,2025-03-01 17:48:30.036411+00:00,2025-03-02 09:32:50.854387+00:00
348869,1185435,2025-03-01 17:48:30.036411+00:00,2025-03-02 09:32:50.854387+00:00
354759,1618436,2025-03-01 17:48:30.036411+00:00,2025-03-02 09:32:50.854387+00:00
354759,1618434,2025-03-01 17:48:30.036411+00:00,2025-03-02 09:32:50.854387+00:00
354759,1618430,2025-03-01 17:48:30.036411+00:00,2025-03-02 09:32:50.854387+00:00
354759,1618435,2025-03-01 17:48:30.036411+00:00,2025-03-02 09:32:50.854387+00:00
354759,1618433,2025-03-01 17:48:30.036411+00:00,2025-03-02 09:32:50.854387+00:00
356701,1193308,2025-03-01 17:48:30.036411+00:00,2025-03-02 09:32:50.854387+00:00
356701,126716,2025-03-01 17:48:30.036411+00:00,2025-03-02 09:32:50.854387+00:00
356701,96958,2025-03-01 17:48:30.036411+00:00,2025-03-02 09:32:50.854387+00:00
356701,543138,2025-03-01 17:48:30.036411+00:00,2025-03-02 09:32:50.854387+00:00
356701,1233857,2025-03-01 17:48:30.036411+00:00,2025-03-02 09:32:50.854387+00:00
357405,1256098,2025-03-01 17:48:30.036411+00:00,2025-03-02 09:32:50.854387+00:00
357405,1254671,2025-03-01 17:48:30.036411+00:00,2025-03-02 09:32:50.854387+00:00
357405,1256099,2025-03-01 17:48:30.036411+00:00,2025-03-02 09:32:50.854387+00:00
357405,1242005,2025-03-01 17:48:30.036411+00:00,2025-03-02 09:32:50.854387+00:00
357405,1254300,2025-03-01 17:48:30.036411+00:00,2025-03-02 09:32:50.854387+00:00
365177,25616,2025-03-01 17:48:30.036411+00:00,2025-03-02 09:32:50.854387+00:00
365177,1767250,2025-03-01 17:48:30.036411+00:00,2025-03-02 09:32:50.854387+00:00
365177,55638,2025-03-01 17:48:30.036411+00:00,2025-03-02 09:32:50.854387+00:00
365177,112,2025-03-01 17:48:30.036411+00:00,2025-03-02 09:32:50.854387+00:00
365177,8944,2025-03-01 17:48:30.036411+00:00,2025-03-02 09:32:50.854387+00:00
365620,190895,2025-03-01 17:48:30.036411+00:00,2025-03-02 09:32:50.854387+00:00
365620,94185,2025-03-01 17:48:30.036411+00:00,2025-03-02 09:32:50.854387+00:00
365620,1023139,2025-03-01 17:48:30.036411+00:00,2025-03-02 09:32:50.854387+00:00
365620,955,2025-03-01 17:48:30.036411+00:00,2025-03-02 09:32:50.854387+00:00
365620,1475555,2025-03-01 17:48:30.036411+00:00,2025-03-02 09:32:50.854387+00:00
366672,39995,2025-03-01 17:48:30.036411+00:00,2025-03-02 09:32:50.854387+00:00
366672,2897837,2025-03-01 17:48:30.036411+00:00,2025-03-02 09:32:50.854387+00:00
366672,2231,2025-03-01 17:48:30.036411+00:00,2025-03-02 09:32:50.854387+00:00
366672,14639,2025-03-01 17:48:30.036411+00:00,2025-03-02 09:32:50.854387+00:00
366672,17835,2025-03-01 17:48:30.036411+00:00,2025-03-02 09:32:50.854387+00:00
385687,56446,2025-03-01 17:48:30.036411+00:00,2025-03-02 09:32:50.854387+00:00
385687,17647,2025-03-01 17:48:30.036411+00:00,2025-03-02 09:32:50.854387+00:00
385687,8169,2025-03-01 17:48:30.036411+00:00,2025-03-02 09:32:50.854387+00:00
385687,8171,2025-03-01 17:48:30.036411+00:00,2025-03-02 09:32:50.854387+00:00
385687,12835,2025-03-01 17:48:30.036411+00:00,2025-03-02 09:32:50.854387+00:00
396194,1002674,2025-03-01 17:48:30.036411+00:00,2025-03-02 09:32:50.854387+00:00
396194,30657,2025-03-01 17:48:30.036411+00:00,2025-03-02 09:32:50.854387+00:00
396194,1661161,2025-03-01 17:48:30.036411+00:00,2025-03-02 09:32:50.854387+00:00
396194,4955,2025-03-01 17:48:30.036411+00:00,2025-03-02 09:32:50.854387+00:00
396194,1259,2025-03-01 17:48:30.036411+00:00,2025-03-02 09:32:50.854387+00:00
398818,1190668,2025-03-01 17:48:30.036411+00:00,2025-03-02 09:32:50.854387+00:00
398818,935096,2025-03-01 17:48:30.036411+00:00,2025-03-02 09:32:50.854387+00:00
398818,20577,2025-03-01 17:48:30.036411+00:00,2025-03-02 09:32:50.854387+00:00
398818,53807,2025-03-01 17:48:30.036411+00:00,2025-03-02 09:32:50.854387+00:00
398818,72873,2025-03-01 17:48:30.036411+00:00,2025-03-02 09:32:50.854387+00:00
402431,1765068,2025-03-01 17:48:30.036411+00:00,2025-03-02 09:32:50.854387+00:00
402431,80860,2025-03-01 17:48:30.036411+00:00,2025-03-02 09:32:50.854387+00:00
402431,4785,2025-03-01 17:48:30.036411+00:00,2025-03-02 09:32:50.854387+00:00
402431,226001,2025-03-01 17:48:30.036411+00:00,2025-03-02 09:32:50.854387+00:00
402431,1620,2025-03-01 17:48:30.036411+00:00,2025-03-02 09:32:50.854387+00:00
406759,2225985,2025-03-01 17:48:30.036411+00:00,2025-03-02 09:32:50.854387+00:00
406759,1010135,2025-03-01 17:48:30.036411+00:00,2025-03-02 09:32:50.854387+00:00
406759,1440574,2025-03-01 17:48:30.036411+00:00,2025-03-02 09:32:50.854387+00:00
406759,4587,2025-03-01 17:48:30.036411+00:00,2025-03-02 09:32:50.854387+00:00
406759,17178,2025-03-01 17:48:30.036411+00:00,2025-03-02 09:32:50.854387+00:00
414906,11288,2025-03-01 17:48:30.036411+00:00,2025-03-02 09:32:50.854387+00:00
414906,17142,2025-03-01 17:48:30.036411+00:00,2025-03-02 09:32:50.854387+00:00
414906,2954,2025-03-01 17:48:30.036411+00:00,2025-03-02 09:32:50.854387+00:00
414906,72466,2025-03-01 17:48:30.036411+00:00,2025-03-02 09:32:50.854387+00:00
414906,37153,2025-03-01 17:48:30.036411+00:00,2025-03-02 09:32:50.854387+00:00
420634,1303873,2025-03-01 17:48:30.036411+00:00,2025-03-02 09:32:50.854387+00:00
420634,1880016,2025-03-01 17:48:30.036411+00:00,2025-03-02 09:32:50.854387+00:00
420634,1526694,2025-03-01 17:48:30.036411+00:00,2025-03-02 09:32:50.854387+00:00
420634,1676771,2025-03-01 17:48:30.036411+00:00,2025-03-02 09:32:50.854387+00:00
420634,1190554,2025-03-01 17:48:30.036411+00:00,2025-03-02 09:32:50.854387+00:00
423108,1731961,2025-03-01 17:48:30.036411+00:00,2025-03-02 09:32:50.854387+00:00
423108,21657,2025-03-01 17:48:30.036411+00:00,2025-03-02 09:32:50.854387+00:00
423108,2047847,2025-03-01 17:48:30.036411+00:00,2025-03-02 09:32:50.854387+00:00
423108,2485582,2025-03-01 17:48:30.036411+00:00,2025-03-02 09:32:50.854387+00:00
423108,17178,2025-03-01 17:48:30.036411+00:00,2025-03-02 09:32:50.854387+00:00
423333,17495,2025-03-01 17:48:30.036411+00:00,2025-03-02 09:32:50.854387+00:00
423333,43366,2025-03-01 17:48:30.036411+00:00,2025-03-02 09:32:50.854387+00:00
423333,1442829,2025-03-01 17:48:30.036411+00:00,2025-03-02 09:32:50.854387+00:00
423333,11355,2025-03-01 17:48:30.036411+00:00,2025-03-02 09:32:50.854387+00:00
423333,163774,2025-03-01 17:48:30.036411+00:00,2025-03-02 09:32:50.854387+00:00
429191,127248,2025-03-01 17:48:30.036411+00:00,2025-03-02 09:32:50.854387+00:00
429191,1436971,2025-03-01 17:48:30.036411+00:00,2025-03-02 09:32:50.854387+00:00
429191,963911,2025-03-01 17:48:30.036411+00:00,2025-03-02 09:32:50.854387+00:00
429191,975976,2025-03-01 17:48:30.036411+00:00,2025-03-02 09:32:50.854387+00:00
429191,71208,2025-03-01 17:48:30.036411+00:00,2025-03-02 09:32:50.854387+00:00
436270,164945,2025-03-01 17:48:30.036411+00:00,2025-03-02 09:32:50.854387+00:00
436270,18918,2025-03-01 17:48:30.036411+00:00,2025-03-02 09:32:50.854387+00:00
436270,83860,2025-03-01 17:48:30.036411+00:00,2025-03-02 09:32:50.854387+00:00
436270,2042690,2025-03-01 17:48:30.036411+00:00,2025-03-02 09:32:50.854387+00:00
436270,1253353,2025-03-01 17:48:30.036411+00:00,2025-03-02 09:32:50.854387+00:00
436792,1174685,2025-03-01 17:48:30.036411+00:00,2025-03-02 09:32:50.854387+00:00
436792,116636,2025-03-01 17:48:30.036411+00:00,2025-03-02 09:32:50.854387+00:00
436792,146098,2025-03-01 17:48:30.036411+00:00,2025-03-02 09:32:50.854387+00:00
436792,1672870,2025-03-01 17:48:30.036411+00:00,2025-03-02 09:32:50.854387+00:00
436792,27084,2025-03-01 17:48:30.036411+00:00,2025-03-02 09:32:50.854387+00:00
437342,1472584,2025-03-01 17:48:30.036411+00:00,2025-03-02 09:32:50.854387+00:00
437342,27396,2025-03-01 17:48:30.036411+00:00,2025-03-02 09:32:50.854387+00:00
437342,1260004,2025-03-01 17:48:30.036411+00:00,2025-03-02 09:32:50.854387+00:00
437342,202032,2025-03-01 17:48:30.036411+00:00,2025-03-02 09:32:50.854387+00:00
437342,2264673,2025-03-01 17:48:30.036411+00:00,2025-03-02 09:32:50.854387+00:00
438030,3005719,2025-03-01 17:48:30.036411+00:00,2025-03-02 09:32:50.854387+00:00
438030,3005720,2025-03-01 17:48:30.036411+00:00,2025-03-02 09:32:50.854387+00:00
438030,2608181,2025-03-01 17:48:30.036411+00:00,2025-03-02 09:32:50.854387+00:00
438030,4613607,2025-03-01 17:48:30.036411+00:00,2025-03-02 09:32:50.854387+00:00
438030,1130924,2025-03-01 17:48:30.036411+00:00,2025-03-02 09:32:50.854387+00:00
438210,1428090,2025-03-01 17:48:30.036411+00:00,2025-03-02 09:32:50.854387+00:00
438210,558823,2025-03-01 17:48:30.036411+00:00,2025-03-02 09:32:50.854387+00:00
438631,25072,2025-03-01 17:48:30.036411+00:00,2025-03-02 09:32:50.854387+00:00
438631,1640,2025-03-01 17:48:30.036411+00:00,2025-03-02 09:32:50.854387+00:00
438631,933238,2025-03-01 17:48:30.036411+00:00,2025-03-02 09:32:50.854387+00:00
438631,1190668,2025-03-01 17:48:30.036411+00:00,2025-03-02 09:32:50.854387+00:00
438631,117642,2025-03-01 17:48:30.036411+00:00,2025-03-02 09:32:50.854387+00:00
438695,1303037,2025-03-01 17:48:30.036411+00:00,2025-03-02 09:32:50.854387+00:00
438695,1245,2025-03-01 17:48:30.036411+00:00,2025-03-02 09:32:50.854387+00:00
438695,21127,2025-03-01 17:48:30.036411+00:00,2025-03-02 09:32:50.854387+00:00
438695,368,2025-03-01 17:48:30.036411+00:00,2025-03-02 09:32:50.854387+00:00
438695,10297,2025-03-01 17:48:30.036411+00:00,2025-03-02 09:32:50.854387+00:00
447277,55536,2025-03-01 17:48:30.036411+00:00,2025-03-02 09:32:50.854387+00:00
447277,1599391,2025-03-01 17:48:30.036411+00:00,2025-03-02 09:32:50.854387+00:00
447277,517103,2025-03-01 17:48:30.036411+00:00,2025-03-02 09:32:50.854387+00:00
447277,1735828,2025-03-01 17:48:30.036411+00:00,2025-03-02 09:32:50.854387+00:00
447277,3810,2025-03-01 17:48:30.036411+00:00,2025-03-02 09:32:50.854387+00:00
447365,8691,2025-03-01 17:48:30.036411+00:00,2025-03-02 09:32:50.854387+00:00
447365,139820,2025-03-01 17:48:30.036411+00:00,2025-03-02 09:32:50.854387+00:00
447365,543261,2025-03-01 17:48:30.036411+00:00,2025-03-02 09:32:50.854387+00:00
447365,73457,2025-03-01 17:48:30.036411+00:00,2025-03-02 09:32:50.854387+00:00
447365,543530,2025-03-01 17:48:30.036411+00:00,2025-03-02 09:32:50.854387+00:00
453395,30082,2025-03-01 17:48:30.036411+00:00,2025-03-02 09:32:50.854387+00:00
453395,71580,2025-03-01 17:48:30.036411+00:00,2025-03-02 09:32:50.854387+00:00
453395,550843,2025-03-01 17:48:30.036411+00:00,2025-03-02 09:32:50.854387+00:00
453395,5294,2025-03-01 17:48:30.036411+00:00,2025-03-02 09:32:50.854387+00:00
453395,1912381,2025-03-01 17:48:30.036411+00:00,2025-03-02 09:32:50.854387+00:00
454161,1094210,2025-03-01 17:48:30.036411+00:00,2025-03-02 09:32:50.854387+00:00
454161,96614,2025-03-01 17:48:30.036411+00:00,2025-03-02 09:32:50.854387+00:00
454161,1016315,2025-03-01 17:48:30.036411+00:00,2025-03-02 09:32:50.854387+00:00
454161,126777,2025-03-01 17:48:30.036411+00:00,2025-03-02 09:32:50.854387+00:00
454161,1476994,2025-03-01 17:48:30.036411+00:00,2025-03-02 09:32:50.854387+00:00
454527,44079,2025-03-01 17:48:30.036411+00:00,2025-03-02 09:32:50.854387+00:00
454527,1527148,2025-03-01 17:48:30.036411+00:00,2025-03-02 09:32:50.854387+00:00
454527,2192,2025-03-01 17:48:30.036411+00:00,2025-03-02 09:32:50.854387+00:00
454527,118178,2025-03-01 17:48:30.036411+00:00,2025-03-02 09:32:50.854387+00:00
454527,49278,2025-03-01 17:48:30.036411+00:00,2025-03-02 09:32:50.854387+00:00
459151,11006,2025-03-01 17:48:30.036411+00:00,2025-03-02 09:32:50.854387+00:00
459151,12110,2025-03-01 17:48:30.036411+00:00,2025-03-02 09:32:50.854387+00:00
459151,7447,2025-03-01 17:48:30.036411+00:00,2025-03-02 09:32:50.854387+00:00
459151,1767250,2025-03-01 17:48:30.036411+00:00,2025-03-02 09:32:50.854387+00:00
459151,4785,2025-03-01 17:48:30.036411+00:00,2025-03-02 09:32:50.854387+00:00
460458,1223726,2025-03-01 17:48:30.036411+00:00,2025-03-02 09:32:50.854387+00:00
460458,212934,2025-03-01 17:48:30.036411+00:00,2025-03-02 09:32:50.854387+00:00
460458,1017294,2025-03-01 17:48:30.036411+00:00,2025-03-02 09:32:50.854387+00:00
460458,1408809,2025-03-01 17:48:30.036411+00:00,2025-03-02 09:32:50.854387+00:00
460458,115150,2025-03-01 17:48:30.036411+00:00,2025-03-02 09:32:50.854387+00:00
461078,2414908,2025-03-01 17:48:30.036411+00:00,2025-03-02 09:32:50.854387+00:00
461078,2414911,2025-03-01 17:48:30.036411+00:00,2025-03-02 09:32:50.854387+00:00
461078,2414910,2025-03-01 17:48:30.036411+00:00,2025-03-02 09:32:50.854387+00:00
461078,2414914,2025-03-01 17:48:30.036411+00:00,2025-03-02 09:32:50.854387+00:00
461078,2414912,2025-03-01 17:48:30.036411+00:00,2025-03-02 09:32:50.854387+00:00
464768,1285000,2025-03-01 17:48:30.036411+00:00,2025-03-02 09:32:50.854387+00:00
464768,3229781,2025-03-01 17:48:30.036411+00:00,2025-03-02 09:32:50.854387+00:00
464768,3229780,2025-03-01 17:48:30.036411+00:00,2025-03-02 09:32:50.854387+00:00
466420,88124,2025-03-01 17:48:30.036411+00:00,2025-03-02 09:32:50.854387+00:00
466420,7863,2025-03-01 17:48:30.036411+00:00,2025-03-02 09:32:50.854387+00:00
466420,380,2025-03-01 17:48:30.036411+00:00,2025-03-02 09:32:50.854387+00:00
466420,6193,2025-03-01 17:48:30.036411+00:00,2025-03-02 09:32:50.854387+00:00
466420,1183917,2025-03-01 17:48:30.036411+00:00,2025-03-02 09:32:50.854387+00:00
467244,4072269,2025-03-01 17:48:30.036411+00:00,2025-03-02 09:32:50.854387+00:00
467244,4072267,2025-03-01 17:48:30.036411+00:00,2025-03-02 09:32:50.854387+00:00
467244,4452138,2025-03-01 17:48:30.036411+00:00,2025-03-02 09:32:50.854387+00:00
467244,7152,2025-03-01 17:48:30.036411+00:00,2025-03-02 09:32:50.854387+00:00
467244,71374,2025-03-01 17:48:30.036411+00:00,2025-03-02 09:32:50.854387+00:00
473888,26513,2025-03-01 17:48:30.036411+00:00,2025-03-02 09:32:50.854387+00:00
473888,7487,2025-03-01 17:48:30.036411+00:00,2025-03-02 09:32:50.854387+00:00
473888,11382,2025-03-01 17:48:30.036411+00:00,2025-03-02 09:32:50.854387+00:00
473888,6949,2025-03-01 17:48:30.036411+00:00,2025-03-02 09:32:50.854387+00:00
473888,6193,2025-03-01 17:48:30.036411+00:00,2025-03-02 09:32:50.854387+00:00
475557,16841,2025-03-01 17:48:30.036411+00:00,2025-03-02 09:32:50.854387+00:00
475557,73421,2025-03-01 17:48:30.036411+00:00,2025-03-02 09:32:50.854387+00:00
475557,1545693,2025-03-01 17:48:30.036411+00:00,2025-03-02 09:32:50.854387+00:00
475557,380,2025-03-01 17:48:30.036411+00:00,2025-03-02 09:32:50.854387+00:00
475557,4432,2025-03-01 17:48:30.036411+00:00,2025-03-02 09:32:50.854387+00:00
476669,59620,2025-03-01 17:48:30.036411+00:00,2025-03-02 09:32:50.854387+00:00
476669,1247,2025-03-01 17:48:30.036411+00:00,2025-03-02 09:32:50.854387+00:00
476669,5469,2025-03-01 17:48:30.036411+00:00,2025-03-02 09:32:50.854387+00:00
476669,7026,2025-03-01 17:48:30.036411+00:00,2025-03-02 09:32:50.854387+00:00
476669,2441,2025-03-01 17:48:30.036411+00:00,2025-03-02 09:32:50.854387+00:00
477018,1266210,2025-03-01 17:48:30.036411+00:00,2025-03-02 09:32:50.854387+00:00
477018,18182,2025-03-01 17:48:30.036411+00:00,2025-03-02 09:32:50.854387+00:00
477018,2192,2025-03-01 17:48:30.036411+00:00,2025-03-02 09:32:50.854387+00:00
477018,32683,2025-03-01 17:48:30.036411+00:00,2025-03-02 09:32:50.854387+00:00
477018,1379277,2025-03-01 17:48:30.036411+00:00,2025-03-02 09:32:50.854387+00:00
477044,76070,2025-03-01 17:48:30.036411+00:00,2025-03-02 09:32:50.854387+00:00
477044,71610,2025-03-01 17:48:30.036411+00:00,2025-03-02 09:32:50.854387+00:00
477044,3153284,2025-03-01 17:48:30.036411+00:00,2025-03-02 09:32:50.854387+00:00
477044,3129,2025-03-01 17:48:30.036411+00:00,2025-03-02 09:32:50.854387+00:00
477044,1080195,2025-03-01 17:48:30.036411+00:00,2025-03-02 09:32:50.854387+00:00
477462,20374,2025-03-01 17:48:30.036411+00:00,2025-03-02 09:32:50.854387+00:00
477462,2503100,2025-03-01 17:48:30.036411+00:00,2025-03-02 09:32:50.854387+00:00
477462,1102427,2025-03-01 17:48:30.036411+00:00,2025-03-02 09:32:50.854387+00:00
477462,1732294,2025-03-01 17:48:30.036411+00:00,2025-03-02 09:32:50.854387+00:00
477462,203459,2025-03-01 17:48:30.036411+00:00,2025-03-02 09:32:50.854387+00:00
478376,1393772,2025-03-01 17:48:30.036411+00:00,2025-03-02 09:32:50.854387+00:00
478376,131191,2025-03-01 17:48:30.036411+00:00,2025-03-02 09:32:50.854387+00:00
478376,80864,2025-03-01 17:48:30.036411+00:00,2025-03-02 09:32:50.854387+00:00
478376,123739,2025-03-01 17:48:30.036411+00:00,2025-03-02 09:32:50.854387+00:00
478376,1177946,2025-03-01 17:48:30.036411+00:00,2025-03-02 09:32:50.854387+00:00
478860,2876,2025-03-01 17:48:30.036411+00:00,2025-03-02 09:32:50.854387+00:00
478860,7152,2025-03-01 17:48:30.036411+00:00,2025-03-02 09:32:50.854387+00:00
478860,2393014,2025-03-01 17:48:30.036411+00:00,2025-03-02 09:32:50.854387+00:00
478860,111420,2025-03-01 17:48:30.036411+00:00,2025-03-02 09:32:50.854387+00:00
478860,10912,2025-03-01 17:48:30.036411+00:00,2025-03-02 09:32:50.854387+00:00
482150,1324927,2025-03-01 17:48:30.036411+00:00,2025-03-02 09:32:50.854387+00:00
482150,1168909,2025-03-01 17:48:30.036411+00:00,2025-03-02 09:32:50.854387+00:00
482150,1309253,2025-03-01 17:48:30.036411+00:00,2025-03-02 09:32:50.854387+00:00
482150,1588597,2025-03-01 17:48:30.036411+00:00,2025-03-02 09:32:50.854387+00:00
482150,1522605,2025-03-01 17:48:30.036411+00:00,2025-03-02 09:32:50.854387+00:00
482321,27105,2025-03-01 17:48:30.036411+00:00,2025-03-02 09:32:50.854387+00:00
482321,39187,2025-03-01 17:48:30.036411+00:00,2025-03-02 09:32:50.854387+00:00
482321,1774679,2025-03-01 17:48:30.036411+00:00,2025-03-02 09:32:50.854387+00:00
482321,1029934,2025-03-01 17:48:30.036411+00:00,2025-03-02 09:32:50.854387+00:00
482321,58225,2025-03-01 17:48:30.036411+00:00,2025-03-02 09:32:50.854387+00:00
482373,2839,2025-03-01 17:48:30.036411+00:00,2025-03-02 09:32:50.854387+00:00
482373,2223768,2025-03-01 17:48:30.036411+00:00,2025-03-02 09:32:50.854387+00:00
482373,32747,2025-03-01 17:48:30.036411+00:00,2025-03-02 09:32:50.854387+00:00
482373,2396546,2025-03-01 17:48:30.036411+00:00,2025-03-02 09:32:50.854387+00:00
482373,1629429,2025-03-01 17:48:30.036411+00:00,2025-03-02 09:32:50.854387+00:00
484574,2504489,2025-03-01 17:48:30.036411+00:00,2025-03-02 09:32:50.854387+00:00
484574,2504488,2025-03-01 17:48:30.036411+00:00,2025-03-02 09:32:50.854387+00:00
484574,2504491,2025-03-01 17:48:30.036411+00:00,2025-03-02 09:32:50.854387+00:00
484574,2504487,2025-03-01 17:48:30.036411+00:00,2025-03-02 09:32:50.854387+00:00
484574,2504490,2025-03-01 17:48:30.036411+00:00,2025-03-02 09:32:50.854387+00:00
485162,2021538,2025-03-01 17:48:30.036411+00:00,2025-03-02 09:32:50.854387+00:00
485162,2045568,2025-03-01 17:48:30.036411+00:00,2025-03-02 09:32:50.854387+00:00
485162,5443,2025-03-01 17:48:30.036411+00:00,2025-03-02 09:32:50.854387+00:00
485162,2045567,2025-03-01 17:48:30.036411+00:00,2025-03-02 09:32:50.854387+00:00
485162,2021536,2025-03-01 17:48:30.036411+00:00,2025-03-02 09:32:50.854387+00:00
487850,1732483,2025-03-01 17:48:30.036411+00:00,2025-03-02 09:32:50.854387+00:00
487850,1127076,2025-03-01 17:48:30.036411+00:00,2025-03-02 09:32:50.854387+00:00
487850,1822694,2025-03-01 17:48:30.036411+00:00,2025-03-02 09:32:50.854387+00:00
487850,1185386,2025-03-01 17:48:30.036411+00:00,2025-03-02 09:32:50.854387+00:00
487850,1112526,2025-03-01 17:48:30.036411+00:00,2025-03-02 09:32:50.854387+00:00
491584,1703282,2025-03-01 17:48:30.036411+00:00,2025-03-02 09:32:50.854387+00:00
491584,572225,2025-03-01 17:48:30.036411+00:00,2025-03-02 09:32:50.854387+00:00
491584,2043067,2025-03-01 17:48:30.036411+00:00,2025-03-02 09:32:50.854387+00:00
491584,215055,2025-03-01 17:48:30.036411+00:00,2025-03-02 09:32:50.854387+00:00
491584,1937533,2025-03-01 17:48:30.036411+00:00,2025-03-02 09:32:50.854387+00:00
493529,17647,2025-03-01 17:48:30.036411+00:00,2025-03-02 09:32:50.854387+00:00
493529,1029934,2025-03-01 17:48:30.036411+00:00,2025-03-02 09:32:50.854387+00:00
493529,62064,2025-03-01 17:48:30.036411+00:00,2025-03-02 09:32:50.854387+00:00
493529,3291,2025-03-01 17:48:30.036411+00:00,2025-03-02 09:32:50.854387+00:00
493529,1481238,2025-03-01 17:48:30.036411+00:00,2025-03-02 09:32:50.854387+00:00
496243,115290,2025-03-01 17:48:30.036411+00:00,2025-03-02 09:32:50.854387+00:00
496243,556435,2025-03-01 17:48:30.036411+00:00,2025-03-02 09:32:50.854387+00:00
496243,20738,2025-03-01 17:48:30.036411+00:00,2025-03-02 09:32:50.854387+00:00
496243,1442583,2025-03-01 17:48:30.036411+00:00,2025-03-02 09:32:50.854387+00:00
496243,1255881,2025-03-01 17:48:30.036411+00:00,2025-03-02 09:32:50.854387+00:00
496331,149958,2025-03-01 17:48:30.036411+00:00,2025-03-02 09:32:50.854387+00:00
496331,1108120,2025-03-01 17:48:30.036411+00:00,2025-03-02 09:32:50.854387+00:00
496331,85034,2025-03-01 17:48:30.036411+00:00,2025-03-02 09:32:50.854387+00:00
496331,35780,2025-03-01 17:48:30.036411+00:00,2025-03-02 09:32:50.854387+00:00
496331,1251224,2025-03-01 17:48:30.036411+00:00,2025-03-02 09:32:50.854387+00:00
496404,1953927,2025-03-01 17:48:30.036411+00:00,2025-03-02 09:32:50.854387+00:00
496404,1953929,2025-03-01 17:48:30.036411+00:00,2025-03-02 09:32:50.854387+00:00
496404,1953928,2025-03-01 17:48:30.036411+00:00,2025-03-02 09:32:50.854387+00:00
496404,1953930,2025-03-01 17:48:30.036411+00:00,2025-03-02 09:32:50.854387+00:00
497698,5538,2025-03-01 17:48:30.036411+00:00,2025-03-02 09:32:50.854387+00:00
497698,3293,2025-03-01 17:48:30.036411+00:00,2025-03-02 09:32:50.854387+00:00
497698,1245,2025-03-01 17:48:30.036411+00:00,2025-03-02 09:32:50.854387+00:00
497698,35029,2025-03-01 17:48:30.036411+00:00,2025-03-02 09:32:50.854387+00:00
497698,1373737,2025-03-01 17:48:30.036411+00:00,2025-03-02 09:32:50.854387+00:00
497828,31960,2025-03-01 17:48:30.036411+00:00,2025-03-02 09:32:50.854387+00:00
497828,1716493,2025-03-01 17:48:30.036411+00:00,2025-03-02 09:32:50.854387+00:00
497828,57755,2025-03-01 17:48:30.036411+00:00,2025-03-02 09:32:50.854387+00:00
497828,1513304,2025-03-01 17:48:30.036411+00:00,2025-03-02 09:32:50.854387+00:00
497828,1187068,2025-03-01 17:48:30.036411+00:00,2025-03-02 09:32:50.854387+00:00
497834,52639,2025-03-01 17:48:30.036411+00:00,2025-03-02 09:32:50.854387+00:00
497834,16923,2025-03-01 17:48:30.036411+00:00,2025-03-02 09:32:50.854387+00:00
497834,643,2025-03-01 17:48:30.036411+00:00,2025-03-02 09:32:50.854387+00:00
497834,63694,2025-03-01 17:48:30.036411+00:00,2025-03-02 09:32:50.854387+00:00
497834,993943,2025-03-01 17:48:30.036411+00:00,2025-03-02 09:32:50.854387+00:00
499556,1090108,2025-03-01 17:48:30.036411+00:00,2025-03-02 09:32:50.854387+00:00
499556,2074441,2025-03-01 17:48:30.036411+00:00,2025-03-02 09:32:50.854387+00:00
499556,2167715,2025-03-01 17:48:30.036411+00:00,2025-03-02 09:32:50.854387+00:00
499556,1897274,2025-03-01 17:48:30.036411+00:00,2025-03-02 09:32:50.854387+00:00
499556,1836775,2025-03-01 17:48:30.036411+00:00,2025-03-02 09:32:50.854387+00:00
501657,1762898,2025-03-01 17:48:30.036411+00:00,2025-03-02 09:32:50.854387+00:00
501657,1204053,2025-03-01 17:48:30.036411+00:00,2025-03-02 09:32:50.854387+00:00
501657,81350,2025-03-01 17:48:30.036411+00:00,2025-03-02 09:32:50.854387+00:00
501657,126509,2025-03-01 17:48:30.036411+00:00,2025-03-02 09:32:50.854387+00:00
501657,1253550,2025-03-01 17:48:30.036411+00:00,2025-03-02 09:32:50.854387+00:00
502356,73457,2025-03-01 17:48:30.036411+00:00,2025-03-02 09:32:50.854387+00:00
502356,298410,2025-03-01 17:48:30.036411+00:00,2025-03-02 09:32:50.854387+00:00
502356,95101,2025-03-01 17:48:30.036411+00:00,2025-03-02 09:32:50.854387+00:00
502356,1397778,2025-03-01 17:48:30.036411+00:00,2025-03-02 09:32:50.854387+00:00
502356,70851,2025-03-01 17:48:30.036411+00:00,2025-03-02 09:32:50.854387+00:00
505026,11181,2025-03-01 17:48:30.036411+00:00,2025-03-02 09:32:50.854387+00:00
505026,1364004,2025-03-01 17:48:30.036411+00:00,2025-03-02 09:32:50.854387+00:00
505026,492791,2025-03-01 17:48:30.036411+00:00,2025-03-02 09:32:50.854387+00:00
505026,516,2025-03-01 17:48:30.036411+00:00,2025-03-02 09:32:50.854387+00:00
505026,59919,2025-03-01 17:48:30.036411+00:00,2025-03-02 09:32:50.854387+00:00
505642,82104,2025-03-01 17:48:30.036411+00:00,2025-03-02 09:32:50.854387+00:00
505642,1447932,2025-03-01 17:48:30.036411+00:00,2025-03-02 09:32:50.854387+00:00
505642,87265,2025-03-01 17:48:30.036411+00:00,2025-03-02 09:32:50.854387+00:00
505642,1267329,2025-03-01 17:48:30.036411+00:00,2025-03-02 09:32:50.854387+00:00
505642,1083010,2025-03-01 17:48:30.036411+00:00,2025-03-02 09:32:50.854387+00:00
507089,2283930,2025-03-01 17:48:30.036411+00:00,2025-03-02 09:32:50.854387+00:00
507089,26457,2025-03-01 17:48:30.036411+00:00,2025-03-02 09:32:50.854387+00:00
507089,31140,2025-03-01 17:48:30.036411+00:00,2025-03-02 09:32:50.854387+00:00
507089,27972,2025-03-01 17:48:30.036411+00:00,2025-03-02 09:32:50.854387+00:00
507089,1368507,2025-03-01 17:48:30.036411+00:00,2025-03-02 09:32:50.854387+00:00
508444,480,2025-03-01 17:48:30.036411+00:00,2025-03-02 09:32:50.854387+00:00
508444,1600616,2025-03-01 17:48:30.036411+00:00,2025-03-02 09:32:50.854387+00:00
508444,1203789,2025-03-01 17:48:30.036411+00:00,2025-03-02 09:32:50.854387+00:00
508444,34901,2025-03-01 17:48:30.036411+00:00,2025-03-02 09:32:50.854387+00:00
508444,1206337,2025-03-01 17:48:30.036411+00:00,2025-03-02 09:32:50.854387+00:00
508883,2234011,2025-03-01 17:48:30.036411+00:00,2025-03-02 09:32:50.854387+00:00
508883,585211,2025-03-01 17:48:30.036411+00:00,2025-03-02 09:32:50.854387+00:00
508883,72764,2025-03-01 17:48:30.036411+00:00,2025-03-02 09:32:50.854387+00:00
508883,2705230,2025-03-01 17:48:30.036411+00:00,2025-03-02 09:32:50.854387+00:00
508883,58593,2025-03-01 17:48:30.036411+00:00,2025-03-02 09:32:50.854387+00:00
508943,1774679,2025-03-01 17:48:30.036411+00:00,2025-03-02 09:32:50.854387+00:00
508943,52792,2025-03-01 17:48:30.036411+00:00,2025-03-02 09:32:50.854387+00:00
508943,2990400,2025-03-01 17:48:30.036411+00:00,2025-03-02 09:32:50.854387+00:00
508943,1277188,2025-03-01 17:48:30.036411+00:00,2025-03-02 09:32:50.854387+00:00
508943,1874693,2025-03-01 17:48:30.036411+00:00,2025-03-02 09:32:50.854387+00:00
508947,3156344,2025-03-01 17:48:30.036411+00:00,2025-03-02 09:32:50.854387+00:00
508947,25540,2025-03-01 17:48:30.036411+00:00,2025-03-02 09:32:50.854387+00:00
508947,1373681,2025-03-01 17:48:30.036411+00:00,2025-03-02 09:32:50.854387+00:00
508947,2602879,2025-03-01 17:48:30.036411+00:00,2025-03-02 09:32:50.854387+00:00
508947,2719558,2025-03-01 17:48:30.036411+00:00,2025-03-02 09:32:50.854387+00:00
511809,1159982,2025-03-01 17:48:30.036411+00:00,2025-03-02 09:32:50.854387+00:00
511809,2217977,2025-03-01 17:48:30.036411+00:00,2025-03-02 09:32:50.854387+00:00
511809,1437491,2025-03-01 17:48:30.036411+00:00,2025-03-02 09:32:50.854387+00:00
511809,1423520,2025-03-01 17:48:30.036411+00:00,2025-03-02 09:32:50.854387+00:00
511809,2225865,2025-03-01 17:48:30.036411+00:00,2025-03-02 09:32:50.854387+00:00
511819,1919397,2025-03-01 17:48:30.036411+00:00,2025-03-02 09:32:50.854387+00:00
511819,3063,2025-03-01 17:48:30.036411+00:00,2025-03-02 09:32:50.854387+00:00
511819,1603,2025-03-01 17:48:30.036411+00:00,2025-03-02 09:32:50.854387+00:00
511819,2126734,2025-03-01 17:48:30.036411+00:00,2025-03-02 09:32:50.854387+00:00
511819,2893050,2025-03-01 17:48:30.036411+00:00,2025-03-02 09:32:50.854387+00:00
513692,78877,2025-03-01 17:48:30.036411+00:00,2025-03-02 09:32:50.854387+00:00
513692,1018709,2025-03-01 17:48:30.036411+00:00,2025-03-02 09:32:50.854387+00:00
513692,80374,2025-03-01 17:48:30.036411+00:00,2025-03-02 09:32:50.854387+00:00
513692,1341,2025-03-01 17:48:30.036411+00:00,2025-03-02 09:32:50.854387+00:00
513692,70106,2025-03-01 17:48:30.036411+00:00,2025-03-02 09:32:50.854387+00:00
514880,96563,2025-03-01 17:48:30.036411+00:00,2025-03-02 09:32:50.854387+00:00
514880,1680187,2025-03-01 17:48:30.036411+00:00,2025-03-02 09:32:50.854387+00:00
514880,1599983,2025-03-01 17:48:30.036411+00:00,2025-03-02 09:32:50.854387+00:00
514880,1395507,2025-03-01 17:48:30.036411+00:00,2025-03-02 09:32:50.854387+00:00
514880,1039343,2025-03-01 17:48:30.036411+00:00,2025-03-02 09:32:50.854387+00:00
516329,87954,2025-03-01 17:48:30.036411+00:00,2025-03-02 09:32:50.854387+00:00
516329,6804,2025-03-01 17:48:30.036411+00:00,2025-03-02 09:32:50.854387+00:00
516329,88124,2025-03-01 17:48:30.036411+00:00,2025-03-02 09:32:50.854387+00:00
516329,1890584,2025-03-01 17:48:30.036411+00:00,2025-03-02 09:32:50.854387+00:00
516329,41292,2025-03-01 17:48:30.036411+00:00,2025-03-02 09:32:50.854387+00:00
516729,1246,2025-03-01 17:48:30.036411+00:00,2025-03-02 09:32:50.854387+00:00
516729,1304661,2025-03-01 17:48:30.036411+00:00,2025-03-02 09:32:50.854387+00:00
516729,17064,2025-03-01 17:48:30.036411+00:00,2025-03-02 09:32:50.854387+00:00
516729,19923,2025-03-01 17:48:30.036411+00:00,2025-03-02 09:32:50.854387+00:00
516729,1304662,2025-03-01 17:48:30.036411+00:00,2025-03-02 09:32:50.854387+00:00
517302,2335631,2025-03-01 17:48:30.036411+00:00,2025-03-02 09:32:50.854387+00:00
517302,2294255,2025-03-01 17:48:30.036411+00:00,2025-03-02 09:32:50.854387+00:00
517302,2524909,2025-03-01 17:48:30.036411+00:00,2025-03-02 09:32:50.854387+00:00
517302,88856,2025-03-01 17:48:30.036411+00:00,2025-03-02 09:32:50.854387+00:00
517302,148370,2025-03-01 17:48:30.036411+00:00,2025-03-02 09:32:50.854387+00:00
517731,2059076,2025-03-01 17:48:30.036411+00:00,2025-03-02 09:32:50.854387+00:00
517731,120229,2025-03-01 17:48:30.036411+00:00,2025-03-02 09:32:50.854387+00:00
517731,2059074,2025-03-01 17:48:30.036411+00:00,2025-03-02 09:32:50.854387+00:00
517731,2059075,2025-03-01 17:48:30.036411+00:00,2025-03-02 09:32:50.854387+00:00
517731,238782,2025-03-01 17:48:30.036411+00:00,2025-03-02 09:32:50.854387+00:00
517815,1583269,2025-03-01 17:48:30.036411+00:00,2025-03-02 09:32:50.854387+00:00
517815,54948,2025-03-01 17:48:30.036411+00:00,2025-03-02 09:32:50.854387+00:00
517815,1463229,2025-03-01 17:48:30.036411+00:00,2025-03-02 09:32:50.854387+00:00
517815,50293,2025-03-01 17:48:30.036411+00:00,2025-03-02 09:32:50.854387+00:00
517815,1846,2025-03-01 17:48:30.036411+00:00,2025-03-02 09:32:50.854387+00:00
519141,1206067,2025-03-01 17:48:30.036411+00:00,2025-03-02 09:32:50.854387+00:00
519141,1055514,2025-03-01 17:48:30.036411+00:00,2025-03-02 09:32:50.854387+00:00
519141,1654963,2025-03-01 17:48:30.036411+00:00,2025-03-02 09:32:50.854387+00:00
519141,1654247,2025-03-01 17:48:30.036411+00:00,2025-03-02 09:32:50.854387+00:00
519141,143593,2025-03-01 17:48:30.036411+00:00,2025-03-02 09:32:50.854387+00:00
519182,41091,2025-03-01 17:48:30.036411+00:00,2025-03-02 09:32:50.854387+00:00
519182,17743,2025-03-01 17:48:30.036411+00:00,2025-03-02 09:32:50.854387+00:00
519182,23659,2025-03-01 17:48:30.036411+00:00,2025-03-02 09:32:50.854387+00:00
519182,63522,2025-03-01 17:48:30.036411+00:00,2025-03-02 09:32:50.854387+00:00
519182,4495,2025-03-01 17:48:30.036411+00:00,2025-03-02 09:32:50.854387+00:00
520023,2420169,2025-03-01 17:48:30.036411+00:00,2025-03-02 09:32:50.854387+00:00
520023,1976054,2025-03-01 17:48:30.036411+00:00,2025-03-02 09:32:50.854387+00:00
520023,2673750,2025-03-01 17:48:30.036411+00:00,2025-03-02 09:32:50.854387+00:00
520023,561869,2025-03-01 17:48:30.036411+00:00,2025-03-02 09:32:50.854387+00:00
520023,2408703,2025-03-01 17:48:30.036411+00:00,2025-03-02 09:32:50.854387+00:00
522016,955,2025-03-01 17:48:30.036411+00:00,2025-03-02 09:32:50.854387+00:00
522016,9824,2025-03-01 17:48:30.036411+00:00,2025-03-02 09:32:50.854387+00:00
522016,1267329,2025-03-01 17:48:30.036411+00:00,2025-03-02 09:32:50.854387+00:00
522016,83002,2025-03-01 17:48:30.036411+00:00,2025-03-02 09:32:50.854387+00:00
522016,64439,2025-03-01 17:48:30.036411+00:00,2025-03-02 09:32:50.854387+00:00
522241,17817,2025-03-01 17:48:30.036411+00:00,2025-03-02 09:32:50.854387+00:00
522241,933640,2025-03-01 17:48:30.036411+00:00,2025-03-02 09:32:50.854387+00:00
522241,71580,2025-03-01 17:48:30.036411+00:00,2025-03-02 09:32:50.854387+00:00
522241,1498158,2025-03-01 17:48:30.036411+00:00,2025-03-02 09:32:50.854387+00:00
522241,993774,2025-03-01 17:48:30.036411+00:00,2025-03-02 09:32:50.854387+00:00
522406,1041440,2025-03-01 17:48:30.036411+00:00,2025-03-02 09:32:50.854387+00:00
522406,132712,2025-03-01 17:48:30.036411+00:00,2025-03-02 09:32:50.854387+00:00
522406,1049916,2025-03-01 17:48:30.036411+00:00,2025-03-02 09:32:50.854387+00:00
522406,1094091,2025-03-01 17:48:30.036411+00:00,2025-03-02 09:32:50.854387+00:00
522406,527393,2025-03-01 17:48:30.036411+00:00,2025-03-02 09:32:50.854387+00:00
522931,2231,2025-03-01 17:48:30.036411+00:00,2025-03-02 09:32:50.854387+00:00
522931,3136,2025-03-01 17:48:30.036411+00:00,2025-03-02 09:32:50.854387+00:00
522931,10859,2025-03-01 17:48:30.036411+00:00,2025-03-02 09:32:50.854387+00:00
522931,192,2025-03-01 17:48:30.036411+00:00,2025-03-02 09:32:50.854387+00:00
522931,3131,2025-03-01 17:48:30.036411+00:00,2025-03-02 09:32:50.854387+00:00
524434,97576,2025-03-01 17:48:30.036411+00:00,2025-03-02 09:32:50.854387+00:00
524434,466505,2025-03-01 17:48:30.036411+00:00,2025-03-02 09:32:50.854387+00:00
524434,3136,2025-03-01 17:48:30.036411+00:00,2025-03-02 09:32:50.854387+00:00
524434,11701,2025-03-01 17:48:30.036411+00:00,2025-03-02 09:32:50.854387+00:00
524434,512991,2025-03-01 17:48:30.036411+00:00,2025-03-02 09:32:50.854387+00:00
526811,7691,2025-03-01 17:48:30.036411+00:00,2025-03-02 09:32:50.854387+00:00
526811,136170,2025-03-01 17:48:30.036411+00:00,2025-03-02 09:32:50.854387+00:00
526811,1164460,2025-03-01 17:48:30.036411+00:00,2025-03-02 09:32:50.854387+00:00
526811,577645,2025-03-01 17:48:30.036411+00:00,2025-03-02 09:32:50.854387+00:00
526811,2269559,2025-03-01 17:48:30.036411+00:00,2025-03-02 09:32:50.854387+00:00
526896,1371297,2025-03-01 17:48:30.036411+00:00,2025-03-02 09:32:50.854387+00:00
526896,15440,2025-03-01 17:48:30.036411+00:00,2025-03-02 09:32:50.854387+00:00
526896,7499,2025-03-01 17:48:30.036411+00:00,2025-03-02 09:32:50.854387+00:00
526896,8169,2025-03-01 17:48:30.036411+00:00,2025-03-02 09:32:50.854387+00:00
526896,136532,2025-03-01 17:48:30.036411+00:00,2025-03-02 09:32:50.854387+00:00
531379,1374141,2025-03-01 17:48:30.036411+00:00,2025-03-02 09:32:50.854387+00:00
531379,1337,2025-03-01 17:48:30.036411+00:00,2025-03-02 09:32:50.854387+00:00
531379,230776,2025-03-01 17:48:30.036411+00:00,2025-03-02 09:32:50.854387+00:00
531379,80374,2025-03-01 17:48:30.036411+00:00,2025-03-02 09:32:50.854387+00:00
531379,21908,2025-03-01 17:48:30.036411+00:00,2025-03-02 09:32:50.854387+00:00
531428,1385600,2025-03-01 17:48:30.036411+00:00,2025-03-02 09:32:50.854387+00:00
531428,96295,2025-03-01 17:48:30.036411+00:00,2025-03-02 09:32:50.854387+00:00
531428,1442550,2025-03-01 17:48:30.036411+00:00,2025-03-02 09:32:50.854387+00:00
531428,3124,2025-03-01 17:48:30.036411+00:00,2025-03-02 09:32:50.854387+00:00
531428,68816,2025-03-01 17:48:30.036411+00:00,2025-03-02 09:32:50.854387+00:00
532408,1813472,2025-03-01 17:48:30.036411+00:00,2025-03-02 09:32:50.854387+00:00
532408,83854,2025-03-01 17:48:30.036411+00:00,2025-03-02 09:32:50.854387+00:00
532408,61659,2025-03-01 17:48:30.036411+00:00,2025-03-02 09:32:50.854387+00:00
532408,1981044,2025-03-01 17:48:30.036411+00:00,2025-03-02 09:32:50.854387+00:00
532408,164094,2025-03-01 17:48:30.036411+00:00,2025-03-02 09:32:50.854387+00:00
533535,1464650,2025-03-01 17:48:30.036411+00:00,2025-03-02 09:32:50.854387+00:00
533535,10859,2025-03-01 17:48:30.036411+00:00,2025-03-02 09:32:50.854387+00:00
533535,6968,2025-03-01 17:48:30.036411+00:00,2025-03-02 09:32:50.854387+00:00
533535,2324569,2025-03-01 17:48:30.036411+00:00,2025-03-02 09:32:50.854387+00:00
533535,15576,2025-03-01 17:48:30.036411+00:00,2025-03-02 09:32:50.854387+00:00
536396,204,2025-03-01 17:48:30.036411+00:00,2025-03-02 09:32:50.854387+00:00
536396,4038,2025-03-01 17:48:30.036411+00:00,2025-03-02 09:32:50.854387+00:00
536396,4783,2025-03-01 17:48:30.036411+00:00,2025-03-02 09:32:50.854387+00:00
536396,76070,2025-03-01 17:48:30.036411+00:00,2025-03-02 09:32:50.854387+00:00
536396,30083,2025-03-01 17:48:30.036411+00:00,2025-03-02 09:32:50.854387+00:00
536437,886,2025-03-01 17:48:30.036411+00:00,2025-03-02 09:32:50.854387+00:00
536437,880,2025-03-01 17:48:30.036411+00:00,2025-03-02 09:32:50.854387+00:00
536437,1030512,2025-03-01 17:48:30.036411+00:00,2025-03-02 09:32:50.854387+00:00
536437,8602,2025-03-01 17:48:30.036411+00:00,2025-03-02 09:32:50.854387+00:00
536437,81391,2025-03-01 17:48:30.036411+00:00,2025-03-02 09:32:50.854387+00:00
536554,2131391,2025-03-01 17:48:30.036411+00:00,2025-03-02 09:32:50.854387+00:00
536554,1255540,2025-03-01 17:48:30.036411+00:00,2025-03-02 09:32:50.854387+00:00
536554,3444018,2025-03-01 17:48:30.036411+00:00,2025-03-02 09:32:50.854387+00:00
536554,1319469,2025-03-01 17:48:30.036411+00:00,2025-03-02 09:32:50.854387+00:00
536554,2043430,2025-03-01 17:48:30.036411+00:00,2025-03-02 09:32:50.854387+00:00
537761,62410,2025-03-01 17:48:30.036411+00:00,2025-03-02 09:32:50.854387+00:00
537761,130605,2025-03-01 17:48:30.036411+00:00,2025-03-02 09:32:50.854387+00:00
537761,63584,2025-03-01 17:48:30.036411+00:00,2025-03-02 09:32:50.854387+00:00
537761,1561554,2025-03-01 17:48:30.036411+00:00,2025-03-02 09:32:50.854387+00:00
537761,986480,2025-03-01 17:48:30.036411+00:00,2025-03-02 09:32:50.854387+00:00
537867,2844013,2025-03-01 17:48:30.036411+00:00,2025-03-02 09:32:50.854387+00:00
537867,543138,2025-03-01 17:48:30.036411+00:00,2025-03-02 09:32:50.854387+00:00
537867,131246,2025-03-01 17:48:30.036411+00:00,2025-03-02 09:32:50.854387+00:00
537867,2739233,2025-03-01 17:48:30.036411+00:00,2025-03-02 09:32:50.854387+00:00
537867,2593895,2025-03-01 17:48:30.036411+00:00,2025-03-02 09:32:50.854387+00:00
539681,18918,2025-03-01 17:48:30.036411+00:00,2025-03-02 09:32:50.854387+00:00
539681,55638,2025-03-01 17:48:30.036411+00:00,2025-03-02 09:32:50.854387+00:00
539681,17697,2025-03-01 17:48:30.036411+00:00,2025-03-02 09:32:50.854387+00:00
539681,6384,2025-03-01 17:48:30.036411+00:00,2025-03-02 09:32:50.854387+00:00
539681,1240487,2025-03-01 17:48:30.036411+00:00,2025-03-02 09:32:50.854387+00:00
539972,4941,2025-03-01 17:48:30.036411+00:00,2025-03-02 09:32:50.854387+00:00
539972,27428,2025-03-01 17:48:30.036411+00:00,2025-03-02 09:32:50.854387+00:00
539972,984629,2025-03-01 17:48:30.036411+00:00,2025-03-02 09:32:50.854387+00:00
539972,2099497,2025-03-01 17:48:30.036411+00:00,2025-03-02 09:32:50.854387+00:00
539972,1437491,2025-03-01 17:48:30.036411+00:00,2025-03-02 09:32:50.854387+00:00
542178,1121,2025-03-01 17:48:30.036411+00:00,2025-03-02 09:32:50.854387+00:00
542178,3063,2025-03-01 17:48:30.036411+00:00,2025-03-02 09:32:50.854387+00:00
542178,3910,2025-03-01 17:48:30.036411+00:00,2025-03-02 09:32:50.854387+00:00
542178,121529,2025-03-01 17:48:30.036411+00:00,2025-03-02 09:32:50.854387+00:00
542178,3490,2025-03-01 17:48:30.036411+00:00,2025-03-02 09:32:50.854387+00:00
542917,28514,2025-03-01 17:48:30.036411+00:00,2025-03-02 09:32:50.854387+00:00
542917,592709,2025-03-01 17:48:30.036411+00:00,2025-03-02 09:32:50.854387+00:00
542917,96688,2025-03-01 17:48:30.036411+00:00,2025-03-02 09:32:50.854387+00:00
542917,566544,2025-03-01 17:48:30.036411+00:00,2025-03-02 09:32:50.854387+00:00
542917,19907,2025-03-01 17:48:30.036411+00:00,2025-03-02 09:32:50.854387+00:00
543504,64434,2025-03-01 17:48:30.036411+00:00,2025-03-02 09:32:50.854387+00:00
543504,940339,2025-03-01 17:48:30.036411+00:00,2025-03-02 09:32:50.854387+00:00
543504,1183237,2025-03-01 17:48:30.036411+00:00,2025-03-02 09:32:50.854387+00:00
543504,110845,2025-03-01 17:48:30.036411+00:00,2025-03-02 09:32:50.854387+00:00
543504,89409,2025-03-01 17:48:30.036411+00:00,2025-03-02 09:32:50.854387+00:00
545237,1637129,2025-03-01 17:48:30.036411+00:00,2025-03-02 09:32:50.854387+00:00
545237,1308445,2025-03-01 17:48:30.036411+00:00,2025-03-02 09:32:50.854387+00:00
545237,9642,2025-03-01 17:48:30.036411+00:00,2025-03-02 09:32:50.854387+00:00
545237,81840,2025-03-01 17:48:30.036411+00:00,2025-03-02 09:32:50.854387+00:00
545237,2326723,2025-03-01 17:48:30.036411+00:00,2025-03-02 09:32:50.854387+00:00
545611,8944,2025-03-01 17:48:30.036411+00:00,2025-03-02 09:32:50.854387+00:00
545611,20904,2025-03-01 17:48:30.036411+00:00,2025-03-02 09:32:50.854387+00:00
545611,1381186,2025-03-01 17:48:30.036411+00:00,2025-03-02 09:32:50.854387+00:00
545611,1620,2025-03-01 17:48:30.036411+00:00,2025-03-02 09:32:50.854387+00:00
545611,690,2025-03-01 17:48:30.036411+00:00,2025-03-02 09:32:50.854387+00:00
546630,104243,2025-03-01 17:48:30.036411+00:00,2025-03-02 09:32:50.854387+00:00
546630,146057,2025-03-01 17:48:30.036411+00:00,2025-03-02 09:32:50.854387+00:00
546630,6263,2025-03-01 17:48:30.036411+00:00,2025-03-02 09:32:50.854387+00:00
546630,67546,2025-03-01 17:48:30.036411+00:00,2025-03-02 09:32:50.854387+00:00
546630,16808,2025-03-01 17:48:30.036411+00:00,2025-03-02 09:32:50.854387+00:00
549509,72855,2025-03-01 17:48:30.036411+00:00,2025-03-02 09:32:50.854387+00:00
549509,3490,2025-03-01 17:48:30.036411+00:00,2025-03-02 09:32:50.854387+00:00
549509,529,2025-03-01 17:48:30.036411+00:00,2025-03-02 09:32:50.854387+00:00
549509,1496392,2025-03-01 17:48:30.036411+00:00,2025-03-02 09:32:50.854387+00:00
549509,1055230,2025-03-01 17:48:30.036411+00:00,2025-03-02 09:32:50.854387+00:00
550988,1388593,2025-03-01 17:48:30.036411+00:00,2025-03-02 09:32:50.854387+00:00
550988,1467219,2025-03-01 17:48:30.036411+00:00,2025-03-02 09:32:50.854387+00:00
550988,929511,2025-03-01 17:48:30.036411+00:00,2025-03-02 09:32:50.854387+00:00
550988,10859,2025-03-01 17:48:30.036411+00:00,2025-03-02 09:32:50.854387+00:00
550988,1488961,2025-03-01 17:48:30.036411+00:00,2025-03-02 09:32:50.854387+00:00
553147,95101,2025-03-01 17:48:30.036411+00:00,2025-03-02 09:32:50.854387+00:00
553147,3967,2025-03-01 17:48:30.036411+00:00,2025-03-02 09:32:50.854387+00:00
553147,58224,2025-03-01 17:48:30.036411+00:00,2025-03-02 09:32:50.854387+00:00
553147,83586,2025-03-01 17:48:30.036411+00:00,2025-03-02 09:32:50.854387+00:00
553147,3490,2025-03-01 17:48:30.036411+00:00,2025-03-02 09:32:50.854387+00:00
553600,225996,2025-03-01 17:48:30.036411+00:00,2025-03-02 09:32:50.854387+00:00
553600,126704,2025-03-01 17:48:30.036411+00:00,2025-03-02 09:32:50.854387+00:00
553600,992869,2025-03-01 17:48:30.036411+00:00,2025-03-02 09:32:50.854387+00:00
553600,1384551,2025-03-01 17:48:30.036411+00:00,2025-03-02 09:32:50.854387+00:00
553600,79037,2025-03-01 17:48:30.036411+00:00,2025-03-02 09:32:50.854387+00:00
554761,11677,2025-03-01 17:48:30.036411+00:00,2025-03-02 09:32:50.854387+00:00
554761,1049916,2025-03-01 17:48:30.036411+00:00,2025-03-02 09:32:50.854387+00:00
554761,2714,2025-03-01 17:48:30.036411+00:00,2025-03-02 09:32:50.854387+00:00
554761,87663,2025-03-01 17:48:30.036411+00:00,2025-03-02 09:32:50.854387+00:00
554761,110,2025-03-01 17:48:30.036411+00:00,2025-03-02 09:32:50.854387+00:00
556694,3063,2025-03-01 17:48:30.036411+00:00,2025-03-02 09:32:50.854387+00:00
556694,2606660,2025-03-01 17:48:30.036411+00:00,2025-03-02 09:32:50.854387+00:00
556694,17605,2025-03-01 17:48:30.036411+00:00,2025-03-02 09:32:50.854387+00:00
556694,1182880,2025-03-01 17:48:30.036411+00:00,2025-03-02 09:32:50.854387+00:00
556694,3549226,2025-03-01 17:48:30.036411+00:00,2025-03-02 09:32:50.854387+00:00
558449,5292,2025-03-01 17:48:30.036411+00:00,2025-03-02 09:32:50.854387+00:00
558449,1253360,2025-03-01 17:48:30.036411+00:00,2025-03-02 09:32:50.854387+00:00
558449,1597365,2025-03-01 17:48:30.036411+00:00,2025-03-02 09:32:50.854387+00:00
558449,2326151,2025-03-01 17:48:30.036411+00:00,2025-03-02 09:32:50.854387+00:00
558449,935,2025-03-01 17:48:30.036411+00:00,2025-03-02 09:32:50.854387+00:00
560008,9195,2025-03-01 17:48:30.036411+00:00,2025-03-02 09:32:50.854387+00:00
560008,85,2025-03-01 17:48:30.036411+00:00,2025-03-02 09:32:50.854387+00:00
560008,2541,2025-03-01 17:48:30.036411+00:00,2025-03-02 09:32:50.854387+00:00
560008,1104911,2025-03-01 17:48:30.036411+00:00,2025-03-02 09:32:50.854387+00:00
560008,2440,2025-03-01 17:48:30.036411+00:00,2025-03-02 09:32:50.854387+00:00
560016,229123,2025-03-01 17:48:30.036411+00:00,2025-03-02 09:32:50.854387+00:00
560016,76788,2025-03-01 17:48:30.036411+00:00,2025-03-02 09:32:50.854387+00:00
560016,225163,2025-03-01 17:48:30.036411+00:00,2025-03-02 09:32:50.854387+00:00
560016,4606857,2025-03-01 17:48:30.036411+00:00,2025-03-02 09:32:50.854387+00:00
560016,2125273,2025-03-01 17:48:30.036411+00:00,2025-03-02 09:32:50.854387+00:00
560144,2957,2025-03-01 17:48:30.036411+00:00,2025-03-02 09:32:50.854387+00:00
560144,142019,2025-03-01 17:48:30.036411+00:00,2025-03-02 09:32:50.854387+00:00
560144,25702,2025-03-01 17:48:30.036411+00:00,2025-03-02 09:32:50.854387+00:00
560144,9452,2025-03-01 17:48:30.036411+00:00,2025-03-02 09:32:50.854387+00:00
560144,1148626,2025-03-01 17:48:30.036411+00:00,2025-03-02 09:32:50.854387+00:00
565770,2381442,2025-03-01 17:48:30.036411+00:00,2025-03-02 09:32:50.854387+00:00
565770,4038,2025-03-01 17:48:30.036411+00:00,2025-03-02 09:32:50.854387+00:00
565770,1185997,2025-03-01 17:48:30.036411+00:00,2025-03-02 09:32:50.854387+00:00
565770,1622590,2025-03-01 17:48:30.036411+00:00,2025-03-02 09:32:50.854387+00:00
565770,17688,2025-03-01 17:48:30.036411+00:00,2025-03-02 09:32:50.854387+00:00
566466,1492982,2025-03-01 17:48:30.036411+00:00,2025-03-02 09:32:50.854387+00:00
566466,1565358,2025-03-01 17:48:30.036411+00:00,2025-03-02 09:32:50.854387+00:00
566466,235262,2025-03-01 17:48:30.036411+00:00,2025-03-02 09:32:50.854387+00:00
566466,1168909,2025-03-01 17:48:30.036411+00:00,2025-03-02 09:32:50.854387+00:00
566466,1491333,2025-03-01 17:48:30.036411+00:00,2025-03-02 09:32:50.854387+00:00
566525,2979464,2025-03-01 17:48:30.036411+00:00,2025-03-02 09:32:50.854387+00:00
566525,1489211,2025-03-01 17:48:30.036411+00:00,2025-03-02 09:32:50.854387+00:00
566525,2282,2025-03-01 17:48:30.036411+00:00,2025-03-02 09:32:50.854387+00:00
566525,1625558,2025-03-01 17:48:30.036411+00:00,2025-03-02 09:32:50.854387+00:00
566525,1337,2025-03-01 17:48:30.036411+00:00,2025-03-02 09:32:50.854387+00:00
567811,2598,2025-03-01 17:48:30.036411+00:00,2025-03-02 09:32:50.854387+00:00
567811,2185015,2025-03-01 17:48:30.036411+00:00,2025-03-02 09:32:50.854387+00:00
567811,1146050,2025-03-01 17:48:30.036411+00:00,2025-03-02 09:32:50.854387+00:00
567811,2223752,2025-03-01 17:48:30.036411+00:00,2025-03-02 09:32:50.854387+00:00
567811,1312166,2025-03-01 17:48:30.036411+00:00,2025-03-02 09:32:50.854387+00:00
567927,42930,2025-03-01 17:48:30.036411+00:00,2025-03-02 09:32:50.854387+00:00
567927,40501,2025-03-01 17:48:30.036411+00:00,2025-03-02 09:32:50.854387+00:00
567927,133264,2025-03-01 17:48:30.036411+00:00,2025-03-02 09:32:50.854387+00:00
567927,1295654,2025-03-01 17:48:30.036411+00:00,2025-03-02 09:32:50.854387+00:00
567927,1164934,2025-03-01 17:48:30.036411+00:00,2025-03-02 09:32:50.854387+00:00
568124,2521631,2025-03-01 17:48:30.036411+00:00,2025-03-02 09:32:50.854387+00:00
568124,5723,2025-03-01 17:48:30.036411+00:00,2025-03-02 09:32:50.854387+00:00
568124,1010157,2025-03-01 17:48:30.036411+00:00,2025-03-02 09:32:50.854387+00:00
568124,2489411,2025-03-01 17:48:30.036411+00:00,2025-03-02 09:32:50.854387+00:00
568124,968367,2025-03-01 17:48:30.036411+00:00,2025-03-02 09:32:50.854387+00:00
569094,543505,2025-03-01 17:48:30.036411+00:00,2025-03-02 09:32:50.854387+00:00
569094,130640,2025-03-01 17:48:30.036411+00:00,2025-03-02 09:32:50.854387+00:00
569094,226366,2025-03-01 17:48:30.036411+00:00,2025-03-02 09:32:50.854387+00:00
569094,141610,2025-03-01 17:48:30.036411+00:00,2025-03-02 09:32:50.854387+00:00
569094,587506,2025-03-01 17:48:30.036411+00:00,2025-03-02 09:32:50.854387+00:00
571468,2204058,2025-03-01 17:48:30.036411+00:00,2025-03-02 09:32:50.854387+00:00
571468,1707552,2025-03-01 17:48:30.036411+00:00,2025-03-02 09:32:50.854387+00:00
571468,1118107,2025-03-01 17:48:30.036411+00:00,2025-03-02 09:32:50.854387+00:00
571468,76339,2025-03-01 17:48:30.036411+00:00,2025-03-02 09:32:50.854387+00:00
571468,224378,2025-03-01 17:48:30.036411+00:00,2025-03-02 09:32:50.854387+00:00
572154,1588597,2025-03-01 17:48:30.036411+00:00,2025-03-02 09:32:50.854387+00:00
572154,1288294,2025-03-01 17:48:30.036411+00:00,2025-03-02 09:32:50.854387+00:00
572154,1254672,2025-03-01 17:48:30.036411+00:00,2025-03-02 09:32:50.854387+00:00
572154,1168909,2025-03-01 17:48:30.036411+00:00,2025-03-02 09:32:50.854387+00:00
572154,1324666,2025-03-01 17:48:30.036411+00:00,2025-03-02 09:32:50.854387+00:00
572802,1639847,2025-03-01 17:48:30.036411+00:00,2025-03-02 09:32:50.854387+00:00
572802,117642,2025-03-01 17:48:30.036411+00:00,2025-03-02 09:32:50.854387+00:00
572802,55085,2025-03-01 17:48:30.036411+00:00,2025-03-02 09:32:50.854387+00:00
572802,79082,2025-03-01 17:48:30.036411+00:00,2025-03-02 09:32:50.854387+00:00
572802,17178,2025-03-01 17:48:30.036411+00:00,2025-03-02 09:32:50.854387+00:00
573435,78029,2025-03-01 17:48:30.036411+00:00,2025-03-02 09:32:50.854387+00:00
573435,544442,2025-03-01 17:48:30.036411+00:00,2025-03-02 09:32:50.854387+00:00
573435,2888,2025-03-01 17:48:30.036411+00:00,2025-03-02 09:32:50.854387+00:00
573435,67599,2025-03-01 17:48:30.036411+00:00,2025-03-02 09:32:50.854387+00:00
573435,23498,2025-03-01 17:48:30.036411+00:00,2025-03-02 09:32:50.854387+00:00
573787,1566012,2025-03-01 17:48:30.036411+00:00,2025-03-02 09:32:50.854387+00:00
573787,115290,2025-03-01 17:48:30.036411+00:00,2025-03-02 09:32:50.854387+00:00
573787,85008,2025-03-01 17:48:30.036411+00:00,2025-03-02 09:32:50.854387+00:00
573787,1277308,2025-03-01 17:48:30.036411+00:00,2025-03-02 09:32:50.854387+00:00
573787,1336804,2025-03-01 17:48:30.036411+00:00,2025-03-02 09:32:50.854387+00:00
574078,15915,2025-03-01 17:48:30.036411+00:00,2025-03-02 09:32:50.854387+00:00
574078,16269,2025-03-01 17:48:30.036411+00:00,2025-03-02 09:32:50.854387+00:00
574078,145587,2025-03-01 17:48:30.036411+00:00,2025-03-02 09:32:50.854387+00:00
574078,121529,2025-03-01 17:48:30.036411+00:00,2025-03-02 09:32:50.854387+00:00
574078,39905,2025-03-01 17:48:30.036411+00:00,2025-03-02 09:32:50.854387+00:00
575072,1397027,2025-03-01 17:48:30.036411+00:00,2025-03-02 09:32:50.854387+00:00
575072,2007924,2025-03-01 17:48:30.036411+00:00,2025-03-02 09:32:50.854387+00:00
575072,85221,2025-03-01 17:48:30.036411+00:00,2025-03-02 09:32:50.854387+00:00
575072,1974998,2025-03-01 17:48:30.036411+00:00,2025-03-02 09:32:50.854387+00:00
575072,113331,2025-03-01 17:48:30.036411+00:00,2025-03-02 09:32:50.854387+00:00
575088,232427,2025-03-01 17:48:30.036411+00:00,2025-03-02 09:32:50.854387+00:00
575088,2216700,2025-03-01 17:48:30.036411+00:00,2025-03-02 09:32:50.854387+00:00
575088,2021073,2025-03-01 17:48:30.036411+00:00,2025-03-02 09:32:50.854387+00:00
575088,1034698,2025-03-01 17:48:30.036411+00:00,2025-03-02 09:32:50.854387+00:00
575088,2216983,2025-03-01 17:48:30.036411+00:00,2025-03-02 09:32:50.854387+00:00
575264,500,2025-03-01 17:48:30.036411+00:00,2025-03-02 09:32:50.854387+00:00
575264,11108,2025-03-01 17:48:30.036411+00:00,2025-03-02 09:32:50.854387+00:00
575264,933238,2025-03-01 17:48:30.036411+00:00,2025-03-02 09:32:50.854387+00:00
575264,39459,2025-03-01 17:48:30.036411+00:00,2025-03-02 09:32:50.854387+00:00
575264,10182,2025-03-01 17:48:30.036411+00:00,2025-03-02 09:32:50.854387+00:00
575764,3113068,2025-03-01 17:48:30.036411+00:00,2025-03-02 09:32:50.854387+00:00
575764,3113070,2025-03-01 17:48:30.036411+00:00,2025-03-02 09:32:50.854387+00:00
575764,3113066,2025-03-01 17:48:30.036411+00:00,2025-03-02 09:32:50.854387+00:00
575764,3113069,2025-03-01 17:48:30.036411+00:00,2025-03-02 09:32:50.854387+00:00
575764,3113067,2025-03-01 17:48:30.036411+00:00,2025-03-02 09:32:50.854387+00:00
576845,1356758,2025-03-01 17:48:30.036411+00:00,2025-03-02 09:32:50.854387+00:00
576845,1672687,2025-03-01 17:48:30.036411+00:00,2025-03-02 09:32:50.854387+00:00
576845,136532,2025-03-01 17:48:30.036411+00:00,2025-03-02 09:32:50.854387+00:00
576845,47754,2025-03-01 17:48:30.036411+00:00,2025-03-02 09:32:50.854387+00:00
576845,1397778,2025-03-01 17:48:30.036411+00:00,2025-03-02 09:32:50.854387+00:00
576925,2365556,2025-03-01 17:48:30.036411+00:00,2025-03-02 09:32:50.854387+00:00
576925,1318905,2025-03-01 17:48:30.036411+00:00,2025-03-02 09:32:50.854387+00:00
576925,3033477,2025-03-01 17:48:30.036411+00:00,2025-03-02 09:32:50.854387+00:00
576925,1947592,2025-03-01 17:48:30.036411+00:00,2025-03-02 09:32:50.854387+00:00
576925,1287199,2025-03-01 17:48:30.036411+00:00,2025-03-02 09:32:50.854387+00:00
577205,2088068,2025-03-01 17:48:30.036411+00:00,2025-03-02 09:32:50.854387+00:00
577205,2088072,2025-03-01 17:48:30.036411+00:00,2025-03-02 09:32:50.854387+00:00
577205,1831725,2025-03-01 17:48:30.036411+00:00,2025-03-02 09:32:50.854387+00:00
577721,16828,2025-03-01 17:48:30.036411+00:00,2025-03-02 09:32:50.854387+00:00
579496,51072,2025-03-01 17:48:30.036411+00:00,2025-03-02 09:32:50.854387+00:00
579496,134774,2025-03-01 17:48:30.036411+00:00,2025-03-02 09:32:50.854387+00:00
579496,9281,2025-03-01 17:48:30.036411+00:00,2025-03-02 09:32:50.854387+00:00
579496,61659,2025-03-01 17:48:30.036411+00:00,2025-03-02 09:32:50.854387+00:00
579496,10205,2025-03-01 17:48:30.036411+00:00,2025-03-02 09:32:50.854387+00:00
579831,1257061,2025-03-01 17:48:30.036411+00:00,2025-03-02 09:32:50.854387+00:00
579831,118335,2025-03-01 17:48:30.036411+00:00,2025-03-02 09:32:50.854387+00:00
579831,2233616,2025-03-01 17:48:30.036411+00:00,2025-03-02 09:32:50.854387+00:00
579831,87409,2025-03-01 17:48:30.036411+00:00,2025-03-02 09:32:50.854387+00:00
579831,2166969,2025-03-01 17:48:30.036411+00:00,2025-03-02 09:32:50.854387+00:00
580175,588175,2025-03-01 17:48:30.036411+00:00,2025-03-02 09:32:50.854387+00:00
580175,97032,2025-03-01 17:48:30.036411+00:00,2025-03-02 09:32:50.854387+00:00
580175,4457,2025-03-01 17:48:30.036411+00:00,2025-03-02 09:32:50.854387+00:00
580175,1019,2025-03-01 17:48:30.036411+00:00,2025-03-02 09:32:50.854387+00:00
580175,1438708,2025-03-01 17:48:30.036411+00:00,2025-03-02 09:32:50.854387+00:00
580489,57755,2025-03-01 17:48:30.036411+00:00,2025-03-02 09:32:50.854387+00:00
580489,2038,2025-03-01 17:48:30.036411+00:00,2025-03-02 09:32:50.854387+00:00
580489,2524,2025-03-01 17:48:30.036411+00:00,2025-03-02 09:32:50.854387+00:00
580489,81316,2025-03-01 17:48:30.036411+00:00,2025-03-02 09:32:50.854387+00:00
580489,1812,2025-03-01 17:48:30.036411+00:00,2025-03-02 09:32:50.854387+00:00
581390,1386418,2025-03-01 17:48:30.036411+00:00,2025-03-02 09:32:50.854387+00:00
581390,2101538,2025-03-01 17:48:30.036411+00:00,2025-03-02 09:32:50.854387+00:00
581390,1572354,2025-03-01 17:48:30.036411+00:00,2025-03-02 09:32:50.854387+00:00
581390,85008,2025-03-01 17:48:30.036411+00:00,2025-03-02 09:32:50.854387+00:00
581390,1337780,2025-03-01 17:48:30.036411+00:00,2025-03-02 09:32:50.854387+00:00
581394,123820,2025-03-01 17:48:30.036411+00:00,2025-03-02 09:32:50.854387+00:00
581394,1134684,2025-03-01 17:48:30.036411+00:00,2025-03-02 09:32:50.854387+00:00
581394,573794,2025-03-01 17:48:30.036411+00:00,2025-03-02 09:32:50.854387+00:00
581394,1296713,2025-03-01 17:48:30.036411+00:00,2025-03-02 09:32:50.854387+00:00
581394,75913,2025-03-01 17:48:30.036411+00:00,2025-03-02 09:32:50.854387+00:00
581395,1295417,2025-03-01 17:48:30.036411+00:00,2025-03-02 09:32:50.854387+00:00
581395,150125,2025-03-01 17:48:30.036411+00:00,2025-03-02 09:32:50.854387+00:00
581395,75913,2025-03-01 17:48:30.036411+00:00,2025-03-02 09:32:50.854387+00:00
581395,147852,2025-03-01 17:48:30.036411+00:00,2025-03-02 09:32:50.854387+00:00
581395,125732,2025-03-01 17:48:30.036411+00:00,2025-03-02 09:32:50.854387+00:00
581577,66957,2025-03-01 17:48:30.036411+00:00,2025-03-02 09:32:50.854387+00:00
581577,119065,2025-03-01 17:48:30.036411+00:00,2025-03-02 09:32:50.854387+00:00
581577,111420,2025-03-01 17:48:30.036411+00:00,2025-03-02 09:32:50.854387+00:00
581577,585492,2025-03-01 17:48:30.036411+00:00,2025-03-02 09:32:50.854387+00:00
581577,4796,2025-03-01 17:48:30.036411+00:00,2025-03-02 09:32:50.854387+00:00
582881,765,2025-03-01 17:48:30.036411+00:00,2025-03-02 09:32:50.854387+00:00
582881,1033625,2025-03-01 17:48:30.036411+00:00,2025-03-02 09:32:50.854387+00:00
582881,145120,2025-03-01 17:48:30.036411+00:00,2025-03-02 09:32:50.854387+00:00
582881,10917,2025-03-01 17:48:30.036411+00:00,2025-03-02 09:32:50.854387+00:00
582881,25103,2025-03-01 17:48:30.036411+00:00,2025-03-02 09:32:50.854387+00:00
582886,19163,2025-03-01 17:48:30.036411+00:00,2025-03-02 09:32:50.854387+00:00
582886,1441242,2025-03-01 17:48:30.036411+00:00,2025-03-02 09:32:50.854387+00:00
582886,47822,2025-03-01 17:48:30.036411+00:00,2025-03-02 09:32:50.854387+00:00
582886,1071606,2025-03-01 17:48:30.036411+00:00,2025-03-02 09:32:50.854387+00:00
582886,19937,2025-03-01 17:48:30.036411+00:00,2025-03-02 09:32:50.854387+00:00
584242,1186919,2025-03-01 17:48:30.036411+00:00,2025-03-02 09:32:50.854387+00:00
584242,2445117,2025-03-01 17:48:30.036411+00:00,2025-03-02 09:32:50.854387+00:00
584242,2561794,2025-03-01 17:48:30.036411+00:00,2025-03-02 09:32:50.854387+00:00
584242,112477,2025-03-01 17:48:30.036411+00:00,2025-03-02 09:32:50.854387+00:00
584242,130761,2025-03-01 17:48:30.036411+00:00,2025-03-02 09:32:50.854387+00:00
585216,1263515,2025-03-01 17:48:30.036411+00:00,2025-03-02 09:32:50.854387+00:00
585216,1353827,2025-03-01 17:48:30.036411+00:00,2025-03-02 09:32:50.854387+00:00
585216,116088,2025-03-01 17:48:30.036411+00:00,2025-03-02 09:32:50.854387+00:00
585216,208782,2025-03-01 17:48:30.036411+00:00,2025-03-02 09:32:50.854387+00:00
585216,1789788,2025-03-01 17:48:30.036411+00:00,2025-03-02 09:32:50.854387+00:00
585245,2362044,2025-03-01 17:48:30.036411+00:00,2025-03-02 09:32:50.854387+00:00
585245,8930,2025-03-01 17:48:30.036411+00:00,2025-03-02 09:32:50.854387+00:00
585245,212285,2025-03-01 17:48:30.036411+00:00,2025-03-02 09:32:50.854387+00:00
585245,1696017,2025-03-01 17:48:30.036411+00:00,2025-03-02 09:32:50.854387+00:00
585245,25147,2025-03-01 17:48:30.036411+00:00,2025-03-02 09:32:50.854387+00:00
586352,1190708,2025-03-01 17:48:30.036411+00:00,2025-03-02 09:32:50.854387+00:00
586352,1429670,2025-03-01 17:48:30.036411+00:00,2025-03-02 09:32:50.854387+00:00
586352,2063405,2025-03-01 17:48:30.036411+00:00,2025-03-02 09:32:50.854387+00:00
586352,96313,2025-03-01 17:48:30.036411+00:00,2025-03-02 09:32:50.854387+00:00
586352,582232,2025-03-01 17:48:30.036411+00:00,2025-03-02 09:32:50.854387+00:00
586813,7830,2025-03-01 17:48:30.036411+00:00,2025-03-02 09:32:50.854387+00:00
586813,4619,2025-03-01 17:48:30.036411+00:00,2025-03-02 09:32:50.854387+00:00
586813,1207245,2025-03-01 17:48:30.036411+00:00,2025-03-02 09:32:50.854387+00:00
586813,1160724,2025-03-01 17:48:30.036411+00:00,2025-03-02 09:32:50.854387+00:00
586813,6263,2025-03-01 17:48:30.036411+00:00,2025-03-02 09:32:50.854387+00:00
588108,17121,2025-03-01 17:48:30.036411+00:00,2025-03-02 09:32:50.854387+00:00
588108,1337780,2025-03-01 17:48:30.036411+00:00,2025-03-02 09:32:50.854387+00:00
588108,1015873,2025-03-01 17:48:30.036411+00:00,2025-03-02 09:32:50.854387+00:00
588108,2159394,2025-03-01 17:48:30.036411+00:00,2025-03-02 09:32:50.854387+00:00
588108,21687,2025-03-01 17:48:30.036411+00:00,2025-03-02 09:32:50.854387+00:00
588890,544276,2025-03-01 17:48:30.036411+00:00,2025-03-02 09:32:50.854387+00:00
588890,83878,2025-03-01 17:48:30.036411+00:00,2025-03-02 09:32:50.854387+00:00
588890,1247355,2025-03-01 17:48:30.036411+00:00,2025-03-02 09:32:50.854387+00:00
588890,2143522,2025-03-01 17:48:30.036411+00:00,2025-03-02 09:32:50.854387+00:00
588890,97192,2025-03-01 17:48:30.036411+00:00,2025-03-02 09:32:50.854387+00:00
588921,2907001,2025-03-01 17:48:30.036411+00:00,2025-03-02 09:32:50.854387+00:00
588921,7572,2025-03-01 17:48:30.036411+00:00,2025-03-02 09:32:50.854387+00:00
588921,1346997,2025-03-01 17:48:30.036411+00:00,2025-03-02 09:32:50.854387+00:00
588921,1305667,2025-03-01 17:48:30.036411+00:00,2025-03-02 09:32:50.854387+00:00
588921,554413,2025-03-01 17:48:30.036411+00:00,2025-03-02 09:32:50.854387+00:00
589713,1346848,2025-03-01 17:48:30.036411+00:00,2025-03-02 09:32:50.854387+00:00
589713,1425274,2025-03-01 17:48:30.036411+00:00,2025-03-02 09:32:50.854387+00:00
589713,2042978,2025-03-01 17:48:30.036411+00:00,2025-03-02 09:32:50.854387+00:00
589713,123820,2025-03-01 17:48:30.036411+00:00,2025-03-02 09:32:50.854387+00:00
589713,1252318,2025-03-01 17:48:30.036411+00:00,2025-03-02 09:32:50.854387+00:00
589759,2237405,2025-03-01 17:48:30.036411+00:00,2025-03-02 09:32:50.854387+00:00
589759,143975,2025-03-01 17:48:30.036411+00:00,2025-03-02 09:32:50.854387+00:00
589759,2297345,2025-03-01 17:48:30.036411+00:00,2025-03-02 09:32:50.854387+00:00
589759,1318905,2025-03-01 17:48:30.036411+00:00,2025-03-02 09:32:50.854387+00:00
589759,2300107,2025-03-01 17:48:30.036411+00:00,2025-03-02 09:32:50.854387+00:00
589761,77667,2025-03-01 17:48:30.036411+00:00,2025-03-02 09:32:50.854387+00:00
589761,490022,2025-03-01 17:48:30.036411+00:00,2025-03-02 09:32:50.854387+00:00
589761,1378375,2025-03-01 17:48:30.036411+00:00,2025-03-02 09:32:50.854387+00:00
589761,562730,2025-03-01 17:48:30.036411+00:00,2025-03-02 09:32:50.854387+00:00
589761,2039476,2025-03-01 17:48:30.036411+00:00,2025-03-02 09:32:50.854387+00:00
589978,1901015,2025-03-01 17:48:30.036411+00:00,2025-03-02 09:32:50.854387+00:00
589978,2412,2025-03-01 17:48:30.036411+00:00,2025-03-02 09:32:50.854387+00:00
589978,2271017,2025-03-01 17:48:30.036411+00:00,2025-03-02 09:32:50.854387+00:00
589978,16927,2025-03-01 17:48:30.036411+00:00,2025-03-02 09:32:50.854387+00:00
589978,2271016,2025-03-01 17:48:30.036411+00:00,2025-03-02 09:32:50.854387+00:00
589985,1177257,2025-03-01 17:48:30.036411+00:00,2025-03-02 09:32:50.854387+00:00
589985,83966,2025-03-01 17:48:30.036411+00:00,2025-03-02 09:32:50.854387+00:00
589985,41526,2025-03-01 17:48:30.036411+00:00,2025-03-02 09:32:50.854387+00:00
589985,114953,2025-03-01 17:48:30.036411+00:00,2025-03-02 09:32:50.854387+00:00
589985,23383,2025-03-01 17:48:30.036411+00:00,2025-03-02 09:32:50.854387+00:00
591222,543138,2025-03-01 17:48:30.036411+00:00,2025-03-02 09:32:50.854387+00:00
591222,1143687,2025-03-01 17:48:30.036411+00:00,2025-03-02 09:32:50.854387+00:00
591222,83820,2025-03-01 17:48:30.036411+00:00,2025-03-02 09:32:50.854387+00:00
591222,1397017,2025-03-01 17:48:30.036411+00:00,2025-03-02 09:32:50.854387+00:00
591222,234641,2025-03-01 17:48:30.036411+00:00,2025-03-02 09:32:50.854387+00:00
592695,1903886,2025-03-01 17:48:30.036411+00:00,2025-03-02 09:32:50.854387+00:00
592695,139422,2025-03-01 17:48:30.036411+00:00,2025-03-02 09:32:50.854387+00:00
592695,2280178,2025-03-01 17:48:30.036411+00:00,2025-03-02 09:32:50.854387+00:00
592695,1908347,2025-03-01 17:48:30.036411+00:00,2025-03-02 09:32:50.854387+00:00
592695,1202732,2025-03-01 17:48:30.036411+00:00,2025-03-02 09:32:50.854387+00:00
593643,3292,2025-03-01 17:48:30.036411+00:00,2025-03-02 09:32:50.854387+00:00
593643,5469,2025-03-01 17:48:30.036411+00:00,2025-03-02 09:32:50.854387+00:00
593643,47627,2025-03-01 17:48:30.036411+00:00,2025-03-02 09:32:50.854387+00:00
593643,17342,2025-03-01 17:48:30.036411+00:00,2025-03-02 09:32:50.854387+00:00
593643,1397778,2025-03-01 17:48:30.036411+00:00,2025-03-02 09:32:50.854387+00:00
594634,4541,2025-03-01 17:48:30.036411+00:00,2025-03-02 09:32:50.854387+00:00
594634,1322081,2025-03-01 17:48:30.036411+00:00,2025-03-02 09:32:50.854387+00:00
594634,585494,2025-03-01 17:48:30.036411+00:00,2025-03-02 09:32:50.854387+00:00
594634,1502016,2025-03-01 17:48:30.036411+00:00,2025-03-02 09:32:50.854387+00:00
594634,28439,2025-03-01 17:48:30.036411+00:00,2025-03-02 09:32:50.854387+00:00
594691,1122960,2025-03-01 17:48:30.036411+00:00,2025-03-02 09:32:50.854387+00:00
594691,1622993,2025-03-01 17:48:30.036411+00:00,2025-03-02 09:32:50.854387+00:00
594691,145121,2025-03-01 17:48:30.036411+00:00,2025-03-02 09:32:50.854387+00:00
594691,1137823,2025-03-01 17:48:30.036411+00:00,2025-03-02 09:32:50.854387+00:00
594691,5442,2025-03-01 17:48:30.036411+00:00,2025-03-02 09:32:50.854387+00:00
594767,11702,2025-03-01 17:48:30.036411+00:00,2025-03-02 09:32:50.854387+00:00
594767,1768966,2025-03-01 17:48:30.036411+00:00,2025-03-02 09:32:50.854387+00:00
594767,2217977,2025-03-01 17:48:30.036411+00:00,2025-03-02 09:32:50.854387+00:00
594767,69899,2025-03-01 17:48:30.036411+00:00,2025-03-02 09:32:50.854387+00:00
594767,1774679,2025-03-01 17:48:30.036411+00:00,2025-03-02 09:32:50.854387+00:00
597859,1192055,2025-03-01 17:48:30.036411+00:00,2025-03-02 09:32:50.854387+00:00
597859,1628232,2025-03-01 17:48:30.036411+00:00,2025-03-02 09:32:50.854387+00:00
597859,80997,2025-03-01 17:48:30.036411+00:00,2025-03-02 09:32:50.854387+00:00
597859,1491814,2025-03-01 17:48:30.036411+00:00,2025-03-02 09:32:50.854387+00:00
597859,2921153,2025-03-01 17:48:30.036411+00:00,2025-03-02 09:32:50.854387+00:00
600354,17606,2025-03-01 17:48:30.036411+00:00,2025-03-02 09:32:50.854387+00:00
600354,4173,2025-03-01 17:48:30.036411+00:00,2025-03-02 09:32:50.854387+00:00
600354,11616,2025-03-01 17:48:30.036411+00:00,2025-03-02 09:32:50.854387+00:00
600354,34546,2025-03-01 17:48:30.036411+00:00,2025-03-02 09:32:50.854387+00:00
600354,39187,2025-03-01 17:48:30.036411+00:00,2025-03-02 09:32:50.854387+00:00
601188,1137,2025-03-01 17:48:30.036411+00:00,2025-03-02 09:32:50.854387+00:00
601188,3379647,2025-03-01 17:48:30.036411+00:00,2025-03-02 09:32:50.854387+00:00
601188,3361325,2025-03-01 17:48:30.036411+00:00,2025-03-02 09:32:50.854387+00:00
601188,3379638,2025-03-01 17:48:30.036411+00:00,2025-03-02 09:32:50.854387+00:00
601188,3379641,2025-03-01 17:48:30.036411+00:00,2025-03-02 09:32:50.854387+00:00
601434,2199023,2025-03-01 17:48:30.036411+00:00,2025-03-02 09:32:50.854387+00:00
601434,1798976,2025-03-01 17:48:30.036411+00:00,2025-03-02 09:32:50.854387+00:00
601434,1522429,2025-03-01 17:48:30.036411+00:00,2025-03-02 09:32:50.854387+00:00
601434,2323525,2025-03-01 17:48:30.036411+00:00,2025-03-02 09:32:50.854387+00:00
601434,1453008,2025-03-01 17:48:30.036411+00:00,2025-03-02 09:32:50.854387+00:00
601635,52763,2025-03-01 17:48:30.036411+00:00,2025-03-02 09:32:50.854387+00:00
601635,99711,2025-03-01 17:48:30.036411+00:00,2025-03-02 09:32:50.854387+00:00
601635,37233,2025-03-01 17:48:30.036411+00:00,2025-03-02 09:32:50.854387+00:00
601635,140763,2025-03-01 17:48:30.036411+00:00,2025-03-02 09:32:50.854387+00:00
601635,237052,2025-03-01 17:48:30.036411+00:00,2025-03-02 09:32:50.854387+00:00
601796,1537768,2025-03-01 17:48:30.036411+00:00,2025-03-02 09:32:50.854387+00:00
601796,1257671,2025-03-01 17:48:30.036411+00:00,2025-03-02 09:32:50.854387+00:00
601796,37939,2025-03-01 17:48:30.036411+00:00,2025-03-02 09:32:50.854387+00:00
601796,932821,2025-03-01 17:48:30.036411+00:00,2025-03-02 09:32:50.854387+00:00
601796,1530733,2025-03-01 17:48:30.036411+00:00,2025-03-02 09:32:50.854387+00:00
602295,1078674,2025-03-01 17:48:30.036411+00:00,2025-03-02 09:32:50.854387+00:00
602295,1329984,2025-03-01 17:48:30.036411+00:00,2025-03-02 09:32:50.854387+00:00
602295,1257592,2025-03-01 17:48:30.036411+00:00,2025-03-02 09:32:50.854387+00:00
602295,17124,2025-03-01 17:48:30.036411+00:00,2025-03-02 09:32:50.854387+00:00
602295,1128004,2025-03-01 17:48:30.036411+00:00,2025-03-02 09:32:50.854387+00:00
603661,205307,2025-03-01 17:48:30.036411+00:00,2025-03-02 09:32:50.854387+00:00
603661,970216,2025-03-01 17:48:30.036411+00:00,2025-03-02 09:32:50.854387+00:00
603661,2875267,2025-03-01 17:48:30.036411+00:00,2025-03-02 09:32:50.854387+00:00
603661,34200,2025-03-01 17:48:30.036411+00:00,2025-03-02 09:32:50.854387+00:00
603661,21246,2025-03-01 17:48:30.036411+00:00,2025-03-02 09:32:50.854387+00:00
603692,1341,2025-03-01 17:48:30.036411+00:00,2025-03-02 09:32:50.854387+00:00
603692,137905,2025-03-01 17:48:30.036411+00:00,2025-03-02 09:32:50.854387+00:00
603692,6384,2025-03-01 17:48:30.036411+00:00,2025-03-02 09:32:50.854387+00:00
603692,6972,2025-03-01 17:48:30.036411+00:00,2025-03-02 09:32:50.854387+00:00
603692,2975,2025-03-01 17:48:30.036411+00:00,2025-03-02 09:32:50.854387+00:00
604605,1249310,2025-03-01 17:48:30.036411+00:00,2025-03-02 09:32:50.854387+00:00
604605,1516266,2025-03-01 17:48:30.036411+00:00,2025-03-02 09:32:50.854387+00:00
604605,1388624,2025-03-01 17:48:30.036411+00:00,2025-03-02 09:32:50.854387+00:00
604605,1423159,2025-03-01 17:48:30.036411+00:00,2025-03-02 09:32:50.854387+00:00
604605,1105808,2025-03-01 17:48:30.036411+00:00,2025-03-02 09:32:50.854387+00:00
604685,17276,2025-03-01 17:48:30.036411+00:00,2025-03-02 09:32:50.854387+00:00
604685,1343865,2025-03-01 17:48:30.036411+00:00,2025-03-02 09:32:50.854387+00:00
604685,1371398,2025-03-01 17:48:30.036411+00:00,2025-03-02 09:32:50.854387+00:00
604685,93336,2025-03-01 17:48:30.036411+00:00,2025-03-02 09:32:50.854387+00:00
605886,1607522,2025-03-01 17:48:30.036411+00:00,2025-03-02 09:32:50.854387+00:00
605886,129419,2025-03-01 17:48:30.036411+00:00,2025-03-02 09:32:50.854387+00:00
605886,77335,2025-03-01 17:48:30.036411+00:00,2025-03-02 09:32:50.854387+00:00
605886,94185,2025-03-01 17:48:30.036411+00:00,2025-03-02 09:32:50.854387+00:00
605886,202032,2025-03-01 17:48:30.036411+00:00,2025-03-02 09:32:50.854387+00:00
606400,1648169,2025-03-01 17:48:30.036411+00:00,2025-03-02 09:32:50.854387+00:00
606400,68903,2025-03-01 17:48:30.036411+00:00,2025-03-02 09:32:50.854387+00:00
606400,2887189,2025-03-01 17:48:30.036411+00:00,2025-03-02 09:32:50.854387+00:00
606400,544107,2025-03-01 17:48:30.036411+00:00,2025-03-02 09:32:50.854387+00:00
606400,3005649,2025-03-01 17:48:30.036411+00:00,2025-03-02 09:32:50.854387+00:00
606403,2306987,2025-03-01 17:48:30.036411+00:00,2025-03-02 09:32:50.854387+00:00
606403,1299516,2025-03-01 17:48:30.036411+00:00,2025-03-02 09:32:50.854387+00:00
606403,2084416,2025-03-01 17:48:30.036411+00:00,2025-03-02 09:32:50.854387+00:00
606403,1347175,2025-03-01 17:48:30.036411+00:00,2025-03-02 09:32:50.854387+00:00
606403,1442583,2025-03-01 17:48:30.036411+00:00,2025-03-02 09:32:50.854387+00:00
607442,931999,2025-03-01 17:48:30.036411+00:00,2025-03-02 09:32:50.854387+00:00
607442,1955049,2025-03-01 17:48:30.036411+00:00,2025-03-02 09:32:50.854387+00:00
607442,562363,2025-03-01 17:48:30.036411+00:00,2025-03-02 09:32:50.854387+00:00
607442,1629556,2025-03-01 17:48:30.036411+00:00,2025-03-02 09:32:50.854387+00:00
607442,1265054,2025-03-01 17:48:30.036411+00:00,2025-03-02 09:32:50.854387+00:00
608232,72482,2025-03-01 17:48:30.036411+00:00,2025-03-02 09:32:50.854387+00:00
608232,1364782,2025-03-01 17:48:30.036411+00:00,2025-03-02 09:32:50.854387+00:00
608232,11044,2025-03-01 17:48:30.036411+00:00,2025-03-02 09:32:50.854387+00:00
608232,1013969,2025-03-01 17:48:30.036411+00:00,2025-03-02 09:32:50.854387+00:00
608232,47071,2025-03-01 17:48:30.036411+00:00,2025-03-02 09:32:50.854387+00:00
608980,59270,2025-03-01 17:48:30.036411+00:00,2025-03-02 09:32:50.854387+00:00
608980,1570257,2025-03-01 17:48:30.036411+00:00,2025-03-02 09:32:50.854387+00:00
608980,73475,2025-03-01 17:48:30.036411+00:00,2025-03-02 09:32:50.854387+00:00
608980,128748,2025-03-01 17:48:30.036411+00:00,2025-03-02 09:32:50.854387+00:00
608980,67323,2025-03-01 17:48:30.036411+00:00,2025-03-02 09:32:50.854387+00:00
609681,970219,2025-03-01 17:48:30.036411+00:00,2025-03-02 09:32:50.854387+00:00
609681,118034,2025-03-01 17:48:30.036411+00:00,2025-03-02 09:32:50.854387+00:00
609681,2798462,2025-03-01 17:48:30.036411+00:00,2025-03-02 09:32:50.854387+00:00
609681,60073,2025-03-01 17:48:30.036411+00:00,2025-03-02 09:32:50.854387+00:00
609681,2231,2025-03-01 17:48:30.036411+00:00,2025-03-02 09:32:50.854387+00:00
609768,3309,2025-03-01 17:48:30.036411+00:00,2025-03-02 09:32:50.854387+00:00
609768,2832328,2025-03-01 17:48:30.036411+00:00,2025-03-02 09:32:50.854387+00:00
609768,15033,2025-03-01 17:48:30.036411+00:00,2025-03-02 09:32:50.854387+00:00
609768,1689089,2025-03-01 17:48:30.036411+00:00,2025-03-02 09:32:50.854387+00:00
609768,3796440,2025-03-01 17:48:30.036411+00:00,2025-03-02 09:32:50.854387+00:00
610150,90496,2025-03-01 17:48:30.036411+00:00,2025-03-02 09:32:50.854387+00:00
610150,93803,2025-03-01 17:48:30.036411+00:00,2025-03-02 09:32:50.854387+00:00
610150,90569,2025-03-01 17:48:30.036411+00:00,2025-03-02 09:32:50.854387+00:00
610150,93801,2025-03-01 17:48:30.036411+00:00,2025-03-02 09:32:50.854387+00:00
610150,85286,2025-03-01 17:48:30.036411+00:00,2025-03-02 09:32:50.854387+00:00
610249,2391356,2025-03-01 17:48:30.036411+00:00,2025-03-02 09:32:50.854387+00:00
610249,63442,2025-03-01 17:48:30.036411+00:00,2025-03-02 09:32:50.854387+00:00
610249,1254390,2025-03-01 17:48:30.036411+00:00,2025-03-02 09:32:50.854387+00:00
610249,2097275,2025-03-01 17:48:30.036411+00:00,2025-03-02 09:32:50.854387+00:00
610249,587675,2025-03-01 17:48:30.036411+00:00,2025-03-02 09:32:50.854387+00:00
610251,1238592,2025-03-01 17:48:30.036411+00:00,2025-03-02 09:32:50.854387+00:00
610251,2067860,2025-03-01 17:48:30.036411+00:00,2025-03-02 09:32:50.854387+00:00
610251,1566012,2025-03-01 17:48:30.036411+00:00,2025-03-02 09:32:50.854387+00:00
610251,544107,2025-03-01 17:48:30.036411+00:00,2025-03-02 09:32:50.854387+00:00
610251,571172,2025-03-01 17:48:30.036411+00:00,2025-03-02 09:32:50.854387+00:00
610253,8944,2025-03-01 17:48:30.036411+00:00,2025-03-02 09:32:50.854387+00:00
610253,1267684,2025-03-01 17:48:30.036411+00:00,2025-03-02 09:32:50.854387+00:00
610253,20750,2025-03-01 17:48:30.036411+00:00,2025-03-02 09:32:50.854387+00:00
610253,14692,2025-03-01 17:48:30.036411+00:00,2025-03-02 09:32:50.854387+00:00
610253,1511997,2025-03-01 17:48:30.036411+00:00,2025-03-02 09:32:50.854387+00:00
610321,93999,2025-03-01 17:48:30.036411+00:00,2025-03-02 09:32:50.854387+00:00
610321,138336,2025-03-01 17:48:30.036411+00:00,2025-03-02 09:32:50.854387+00:00
610321,1255881,2025-03-01 17:48:30.036411+00:00,2025-03-02 09:32:50.854387+00:00
610321,1564168,2025-03-01 17:48:30.036411+00:00,2025-03-02 09:32:50.854387+00:00
610321,1694435,2025-03-01 17:48:30.036411+00:00,2025-03-02 09:32:50.854387+00:00
611489,117885,2025-03-01 17:48:30.036411+00:00,2025-03-02 09:32:50.854387+00:00
611489,1798797,2025-03-01 17:48:30.036411+00:00,2025-03-02 09:32:50.854387+00:00
611489,3343796,2025-03-01 17:48:30.036411+00:00,2025-03-02 09:32:50.854387+00:00
611489,1720041,2025-03-01 17:48:30.036411+00:00,2025-03-02 09:32:50.854387+00:00
611489,1679770,2025-03-01 17:48:30.036411+00:00,2025-03-02 09:32:50.854387+00:00
611854,143996,2025-03-01 17:48:30.036411+00:00,2025-03-02 09:32:50.854387+00:00
611854,1482162,2025-03-01 17:48:30.036411+00:00,2025-03-02 09:32:50.854387+00:00
611854,1331786,2025-03-01 17:48:30.036411+00:00,2025-03-02 09:32:50.854387+00:00
611854,1345428,2025-03-01 17:48:30.036411+00:00,2025-03-02 09:32:50.854387+00:00
611854,980177,2025-03-01 17:48:30.036411+00:00,2025-03-02 09:32:50.854387+00:00
612491,1482131,2025-03-01 17:48:30.036411+00:00,2025-03-02 09:32:50.854387+00:00
612491,1123262,2025-03-01 17:48:30.036411+00:00,2025-03-02 09:32:50.854387+00:00
612491,69489,2025-03-01 17:48:30.036411+00:00,2025-03-02 09:32:50.854387+00:00
612491,131624,2025-03-01 17:48:30.036411+00:00,2025-03-02 09:32:50.854387+00:00
612491,1395660,2025-03-01 17:48:30.036411+00:00,2025-03-02 09:32:50.854387+00:00
612696,1910645,2025-03-01 17:48:30.036411+00:00,2025-03-02 09:32:50.854387+00:00
612696,1549531,2025-03-01 17:48:30.036411+00:00,2025-03-02 09:32:50.854387+00:00
612696,2074441,2025-03-01 17:48:30.036411+00:00,2025-03-02 09:32:50.854387+00:00
612696,1519027,2025-03-01 17:48:30.036411+00:00,2025-03-02 09:32:50.854387+00:00
612696,2352918,2025-03-01 17:48:30.036411+00:00,2025-03-02 09:32:50.854387+00:00
614479,3704264,2025-03-01 17:48:30.036411+00:00,2025-03-02 09:32:50.854387+00:00
614479,17178,2025-03-01 17:48:30.036411+00:00,2025-03-02 09:32:50.854387+00:00
614479,9827,2025-03-01 17:48:30.036411+00:00,2025-03-02 09:32:50.854387+00:00
614479,17181,2025-03-01 17:48:30.036411+00:00,2025-03-02 09:32:50.854387+00:00
614479,7401,2025-03-01 17:48:30.036411+00:00,2025-03-02 09:32:50.854387+00:00
614917,2214765,2025-03-01 17:48:30.036411+00:00,2025-03-02 09:32:50.854387+00:00
614917,53923,2025-03-01 17:48:30.036411+00:00,2025-03-02 09:32:50.854387+00:00
614917,1607523,2025-03-01 17:48:30.036411+00:00,2025-03-02 09:32:50.854387+00:00
614917,19498,2025-03-01 17:48:30.036411+00:00,2025-03-02 09:32:50.854387+00:00
614917,2888,2025-03-01 17:48:30.036411+00:00,2025-03-02 09:32:50.854387+00:00
614930,2195140,2025-03-01 17:48:30.036411+00:00,2025-03-02 09:32:50.854387+00:00
614930,2239159,2025-03-01 17:48:30.036411+00:00,2025-03-02 09:32:50.854387+00:00
614930,2343267,2025-03-01 17:48:30.036411+00:00,2025-03-02 09:32:50.854387+00:00
614930,3127719,2025-03-01 17:48:30.036411+00:00,2025-03-02 09:32:50.854387+00:00
614930,1696351,2025-03-01 17:48:30.036411+00:00,2025-03-02 09:32:50.854387+00:00
614939,432040,2025-03-01 17:48:30.036411+00:00,2025-03-02 09:32:50.854387+00:00
614939,1519685,2025-03-01 17:48:30.036411+00:00,2025-03-02 09:32:50.854387+00:00
614939,2129564,2025-03-01 17:48:30.036411+00:00,2025-03-02 09:32:50.854387+00:00
614939,973651,2025-03-01 17:48:30.036411+00:00,2025-03-02 09:32:50.854387+00:00
614939,2330664,2025-03-01 17:48:30.036411+00:00,2025-03-02 09:32:50.854387+00:00
615173,1134684,2025-03-01 17:48:30.036411+00:00,2025-03-02 09:32:50.854387+00:00
615173,1299287,2025-03-01 17:48:30.036411+00:00,2025-03-02 09:32:50.854387+00:00
615173,2896274,2025-03-01 17:48:30.036411+00:00,2025-03-02 09:32:50.854387+00:00
615173,1520280,2025-03-01 17:48:30.036411+00:00,2025-03-02 09:32:50.854387+00:00
615173,1882314,2025-03-01 17:48:30.036411+00:00,2025-03-02 09:32:50.854387+00:00
615643,1057068,2025-03-01 17:48:30.036411+00:00,2025-03-02 09:32:50.854387+00:00
615643,2476742,2025-03-01 17:48:30.036411+00:00,2025-03-02 09:32:50.854387+00:00
615643,1080935,2025-03-01 17:48:30.036411+00:00,2025-03-02 09:32:50.854387+00:00
615643,883,2025-03-01 17:48:30.036411+00:00,2025-03-02 09:32:50.854387+00:00
615643,215055,2025-03-01 17:48:30.036411+00:00,2025-03-02 09:32:50.854387+00:00
615777,1413390,2025-03-01 17:48:30.036411+00:00,2025-03-02 09:32:50.854387+00:00
615777,234352,2025-03-01 17:48:30.036411+00:00,2025-03-02 09:32:50.854387+00:00
615777,5376,2025-03-01 17:48:30.036411+00:00,2025-03-02 09:32:50.854387+00:00
615777,287,2025-03-01 17:48:30.036411+00:00,2025-03-02 09:32:50.854387+00:00
615777,1237,2025-03-01 17:48:30.036411+00:00,2025-03-02 09:32:50.854387+00:00
616020,1036634,2025-03-01 17:48:30.036411+00:00,2025-03-02 09:32:50.854387+00:00
616020,2372932,2025-03-01 17:48:30.036411+00:00,2025-03-02 09:32:50.854387+00:00
616020,2363304,2025-03-01 17:48:30.036411+00:00,2025-03-02 09:32:50.854387+00:00
616020,26739,2025-03-01 17:48:30.036411+00:00,2025-03-02 09:32:50.854387+00:00
616020,77304,2025-03-01 17:48:30.036411+00:00,2025-03-02 09:32:50.854387+00:00
616037,3894,2025-03-01 17:48:30.036411+00:00,2025-03-02 09:32:50.854387+00:00
616037,62561,2025-03-01 17:48:30.036411+00:00,2025-03-02 09:32:50.854387+00:00
616037,524,2025-03-01 17:48:30.036411+00:00,2025-03-02 09:32:50.854387+00:00
616037,74568,2025-03-01 17:48:30.036411+00:00,2025-03-02 09:32:50.854387+00:00
616037,55934,2025-03-01 17:48:30.036411+00:00,2025-03-02 09:32:50.854387+00:00
616670,2270672,2025-03-01 17:48:30.036411+00:00,2025-03-02 09:32:50.854387+00:00
616670,1834243,2025-03-01 17:48:30.036411+00:00,2025-03-02 09:32:50.854387+00:00
616670,227638,2025-03-01 17:48:30.036411+00:00,2025-03-02 09:32:50.854387+00:00
616670,37939,2025-03-01 17:48:30.036411+00:00,2025-03-02 09:32:50.854387+00:00
616670,1988291,2025-03-01 17:48:30.036411+00:00,2025-03-02 09:32:50.854387+00:00
616747,887,2025-03-01 17:48:30.036411+00:00,2025-03-02 09:32:50.854387+00:00
616747,2461073,2025-03-01 17:48:30.036411+00:00,2025-03-02 09:32:50.854387+00:00
616747,1230868,2025-03-01 17:48:30.036411+00:00,2025-03-02 09:32:50.854387+00:00
616747,5916,2025-03-01 17:48:30.036411+00:00,2025-03-02 09:32:50.854387+00:00
616747,1200864,2025-03-01 17:48:30.036411+00:00,2025-03-02 09:32:50.854387+00:00
616820,8944,2025-03-01 17:48:30.036411+00:00,2025-03-02 09:32:50.854387+00:00
616820,1196041,2025-03-01 17:48:30.036411+00:00,2025-03-02 09:32:50.854387+00:00
616820,883,2025-03-01 17:48:30.036411+00:00,2025-03-02 09:32:50.854387+00:00
616820,1267684,2025-03-01 17:48:30.036411+00:00,2025-03-02 09:32:50.854387+00:00
616820,1511997,2025-03-01 17:48:30.036411+00:00,2025-03-02 09:32:50.854387+00:00
617653,880,2025-03-01 17:48:30.036411+00:00,2025-03-02 09:32:50.854387+00:00
617653,17477,2025-03-01 17:48:30.036411+00:00,2025-03-02 09:32:50.854387+00:00
617653,1388593,2025-03-01 17:48:30.036411+00:00,2025-03-02 09:32:50.854387+00:00
617653,1892,2025-03-01 17:48:30.036411+00:00,2025-03-02 09:32:50.854387+00:00
617653,1023139,2025-03-01 17:48:30.036411+00:00,2025-03-02 09:32:50.854387+00:00
617762,1474028,2025-03-01 17:48:30.036411+00:00,2025-03-02 09:32:50.854387+00:00
617762,120932,2025-03-01 17:48:30.036411+00:00,2025-03-02 09:32:50.854387+00:00
617762,71580,2025-03-01 17:48:30.036411+00:00,2025-03-02 09:32:50.854387+00:00
617762,13014,2025-03-01 17:48:30.036411+00:00,2025-03-02 09:32:50.854387+00:00
617762,127558,2025-03-01 17:48:30.036411+00:00,2025-03-02 09:32:50.854387+00:00
617882,2104287,2025-03-01 17:48:30.036411+00:00,2025-03-02 09:32:50.854387+00:00
617882,2117890,2025-03-01 17:48:30.036411+00:00,2025-03-02 09:32:50.854387+00:00
617882,2053219,2025-03-01 17:48:30.036411+00:00,2025-03-02 09:32:50.854387+00:00
617882,129973,2025-03-01 17:48:30.036411+00:00,2025-03-02 09:32:50.854387+00:00
617882,2158882,2025-03-01 17:48:30.036411+00:00,2025-03-02 09:32:50.854387+00:00
618588,13240,2025-03-01 17:48:30.036411+00:00,2025-03-02 09:32:50.854387+00:00
618588,1489211,2025-03-01 17:48:30.036411+00:00,2025-03-02 09:32:50.854387+00:00
618588,928906,2025-03-01 17:48:30.036411+00:00,2025-03-02 09:32:50.854387+00:00
618588,762,2025-03-01 17:48:30.036411+00:00,2025-03-02 09:32:50.854387+00:00
618588,1251069,2025-03-01 17:48:30.036411+00:00,2025-03-02 09:32:50.854387+00:00
619730,1052109,2025-03-01 17:48:30.036411+00:00,2025-03-02 09:32:50.854387+00:00
619730,1373737,2025-03-01 17:48:30.036411+00:00,2025-03-02 09:32:50.854387+00:00
619730,1884703,2025-03-01 17:48:30.036411+00:00,2025-03-02 09:32:50.854387+00:00
619730,59315,2025-03-01 17:48:30.036411+00:00,2025-03-02 09:32:50.854387+00:00
619730,62064,2025-03-01 17:48:30.036411+00:00,2025-03-02 09:32:50.854387+00:00
619778,1622199,2025-03-01 17:48:30.036411+00:00,2025-03-02 09:32:50.854387+00:00
619778,62547,2025-03-01 17:48:30.036411+00:00,2025-03-02 09:32:50.854387+00:00
619778,593202,2025-03-01 17:48:30.036411+00:00,2025-03-02 09:32:50.854387+00:00
619778,82809,2025-03-01 17:48:30.036411+00:00,2025-03-02 09:32:50.854387+00:00
619778,536271,2025-03-01 17:48:30.036411+00:00,2025-03-02 09:32:50.854387+00:00
619803,1078674,2025-03-01 17:48:30.036411+00:00,2025-03-02 09:32:50.854387+00:00
619803,1024395,2025-03-01 17:48:30.036411+00:00,2025-03-02 09:32:50.854387+00:00
619803,1418581,2025-03-01 17:48:30.036411+00:00,2025-03-02 09:32:50.854387+00:00
619803,2035488,2025-03-01 17:48:30.036411+00:00,2025-03-02 09:32:50.854387+00:00
619803,1332468,2025-03-01 17:48:30.036411+00:00,2025-03-02 09:32:50.854387+00:00
620498,1075020,2025-03-01 17:48:30.036411+00:00,2025-03-02 09:32:50.854387+00:00
620498,684,2025-03-01 17:48:30.036411+00:00,2025-03-02 09:32:50.854387+00:00
620498,1111158,2025-03-01 17:48:30.036411+00:00,2025-03-02 09:32:50.854387+00:00
620498,1815172,2025-03-01 17:48:30.036411+00:00,2025-03-02 09:32:50.854387+00:00
620498,20266,2025-03-01 17:48:30.036411+00:00,2025-03-02 09:32:50.854387+00:00
621587,17288,2025-03-01 17:48:30.036411+00:00,2025-03-02 09:32:50.854387+00:00
621587,89843,2025-03-01 17:48:30.036411+00:00,2025-03-02 09:32:50.854387+00:00
621587,55937,2025-03-01 17:48:30.036411+00:00,2025-03-02 09:32:50.854387+00:00
621587,2458277,2025-03-01 17:48:30.036411+00:00,2025-03-02 09:32:50.854387+00:00
621587,15298,2025-03-01 17:48:30.036411+00:00,2025-03-02 09:32:50.854387+00:00
623184,2386955,2025-03-01 17:48:30.036411+00:00,2025-03-02 09:32:50.854387+00:00
623184,2823832,2025-03-01 17:48:30.036411+00:00,2025-03-02 09:32:50.854387+00:00
623184,2386954,2025-03-01 17:48:30.036411+00:00,2025-03-02 09:32:50.854387+00:00
623184,2823834,2025-03-01 17:48:30.036411+00:00,2025-03-02 09:32:50.854387+00:00
623184,2386956,2025-03-01 17:48:30.036411+00:00,2025-03-02 09:32:50.854387+00:00
624793,1400708,2025-03-01 17:48:30.036411+00:00,2025-03-02 09:32:50.854387+00:00
624793,1007679,2025-03-01 17:48:30.036411+00:00,2025-03-02 09:32:50.854387+00:00
624793,1325961,2025-03-01 17:48:30.036411+00:00,2025-03-02 09:32:50.854387+00:00
624793,1125,2025-03-01 17:48:30.036411+00:00,2025-03-02 09:32:50.854387+00:00
624793,129825,2025-03-01 17:48:30.036411+00:00,2025-03-02 09:32:50.854387+00:00
624860,221611,2025-03-01 17:48:30.036411+00:00,2025-03-02 09:32:50.854387+00:00
624860,6384,2025-03-01 17:48:30.036411+00:00,2025-03-02 09:32:50.854387+00:00
624860,1202689,2025-03-01 17:48:30.036411+00:00,2025-03-02 09:32:50.854387+00:00
624860,530,2025-03-01 17:48:30.036411+00:00,2025-03-02 09:32:50.854387+00:00
624860,1639847,2025-03-01 17:48:30.036411+00:00,2025-03-02 09:32:50.854387+00:00
626129,588209,2025-03-01 17:48:30.036411+00:00,2025-03-02 09:32:50.854387+00:00
626129,1988598,2025-03-01 17:48:30.036411+00:00,2025-03-02 09:32:50.854387+00:00
626129,2313835,2025-03-01 17:48:30.036411+00:00,2025-03-02 09:32:50.854387+00:00
626129,25004,2025-03-01 17:48:30.036411+00:00,2025-03-02 09:32:50.854387+00:00
626129,1263930,2025-03-01 17:48:30.036411+00:00,2025-03-02 09:32:50.854387+00:00
626412,1364528,2025-03-01 17:48:30.036411+00:00,2025-03-02 09:32:50.854387+00:00
626412,37939,2025-03-01 17:48:30.036411+00:00,2025-03-02 09:32:50.854387+00:00
626412,1257671,2025-03-01 17:48:30.036411+00:00,2025-03-02 09:32:50.854387+00:00
626412,1530733,2025-03-01 17:48:30.036411+00:00,2025-03-02 09:32:50.854387+00:00
626412,1537768,2025-03-01 17:48:30.036411+00:00,2025-03-02 09:32:50.854387+00:00
626735,3255984,2025-03-01 17:48:30.036411+00:00,2025-03-02 09:32:50.854387+00:00
626735,2092052,2025-03-01 17:48:30.036411+00:00,2025-03-02 09:32:50.854387+00:00
626735,1387665,2025-03-01 17:48:30.036411+00:00,2025-03-02 09:32:50.854387+00:00
626735,38673,2025-03-01 17:48:30.036411+00:00,2025-03-02 09:32:50.854387+00:00
626735,3376396,2025-03-01 17:48:30.036411+00:00,2025-03-02 09:32:50.854387+00:00
626872,20738,2025-03-01 17:48:30.036411+00:00,2025-03-02 09:32:50.854387+00:00
626872,110388,2025-03-01 17:48:30.036411+00:00,2025-03-02 09:32:50.854387+00:00
626872,20737,2025-03-01 17:48:30.036411+00:00,2025-03-02 09:32:50.854387+00:00
626872,1296713,2025-03-01 17:48:30.036411+00:00,2025-03-02 09:32:50.854387+00:00
626872,25002,2025-03-01 17:48:30.036411+00:00,2025-03-02 09:32:50.854387+00:00
627087,3008717,2025-03-01 17:48:30.036411+00:00,2025-03-02 09:32:50.854387+00:00
627087,3008724,2025-03-01 17:48:30.036411+00:00,2025-03-02 09:32:50.854387+00:00
627087,3008726,2025-03-01 17:48:30.036411+00:00,2025-03-02 09:32:50.854387+00:00
627087,3008718,2025-03-01 17:48:30.036411+00:00,2025-03-02 09:32:50.854387+00:00
627087,3008716,2025-03-01 17:48:30.036411+00:00,2025-03-02 09:32:50.854387+00:00
628802,564844,2025-03-01 17:48:30.036411+00:00,2025-03-02 09:32:50.854387+00:00
628802,2455171,2025-03-01 17:48:30.036411+00:00,2025-03-02 09:32:50.854387+00:00
628802,1984373,2025-03-01 17:48:30.036411+00:00,2025-03-02 09:32:50.854387+00:00
628802,1292971,2025-03-01 17:48:30.036411+00:00,2025-03-02 09:32:50.854387+00:00
628802,64880,2025-03-01 17:48:30.036411+00:00,2025-03-02 09:32:50.854387+00:00
628878,6614,2025-03-01 17:48:30.036411+00:00,2025-03-02 09:32:50.854387+00:00
628878,1893351,2025-03-01 17:48:30.036411+00:00,2025-03-02 09:32:50.854387+00:00
628878,1443625,2025-03-01 17:48:30.036411+00:00,2025-03-02 09:32:50.854387+00:00
628878,147404,2025-03-01 17:48:30.036411+00:00,2025-03-02 09:32:50.854387+00:00
628878,2461,2025-03-01 17:48:30.036411+00:00,2025-03-02 09:32:50.854387+00:00
628900,94098,2025-03-01 17:48:30.036411+00:00,2025-03-02 09:32:50.854387+00:00
628900,62064,2025-03-01 17:48:30.036411+00:00,2025-03-02 09:32:50.854387+00:00
628900,11107,2025-03-01 17:48:30.036411+00:00,2025-03-02 09:32:50.854387+00:00
628900,1827517,2025-03-01 17:48:30.036411+00:00,2025-03-02 09:32:50.854387+00:00
628900,2628,2025-03-01 17:48:30.036411+00:00,2025-03-02 09:32:50.854387+00:00
628914,40462,2025-03-01 17:48:30.036411+00:00,2025-03-02 09:32:50.854387+00:00
628914,4937,2025-03-01 17:48:30.036411+00:00,2025-03-02 09:32:50.854387+00:00
628914,1532312,2025-03-01 17:48:30.036411+00:00,2025-03-02 09:32:50.854387+00:00
628914,1294982,2025-03-01 17:48:30.036411+00:00,2025-03-02 09:32:50.854387+00:00
628914,74949,2025-03-01 17:48:30.036411+00:00,2025-03-02 09:32:50.854387+00:00
628922,3119545,2025-03-01 17:48:30.036411+00:00,2025-03-02 09:32:50.854387+00:00
628922,81683,2025-03-01 17:48:30.036411+00:00,2025-03-02 09:32:50.854387+00:00
628922,1555914,2025-03-01 17:48:30.036411+00:00,2025-03-02 09:32:50.854387+00:00
628922,1034681,2025-03-01 17:48:30.036411+00:00,2025-03-02 09:32:50.854387+00:00
628922,2228,2025-03-01 17:48:30.036411+00:00,2025-03-02 09:32:50.854387+00:00
629028,1255413,2025-03-01 17:48:30.036411+00:00,2025-03-02 09:32:50.854387+00:00
629028,1607301,2025-03-01 17:48:30.036411+00:00,2025-03-02 09:32:50.854387+00:00
629028,1856377,2025-03-01 17:48:30.036411+00:00,2025-03-02 09:32:50.854387+00:00
629028,1765534,2025-03-01 17:48:30.036411+00:00,2025-03-02 09:32:50.854387+00:00
629028,1716008,2025-03-01 17:48:30.036411+00:00,2025-03-02 09:32:50.854387+00:00
629542,6807,2025-03-01 17:48:30.036411+00:00,2025-03-02 09:32:50.854387+00:00
629542,1231717,2025-03-01 17:48:30.036411+00:00,2025-03-02 09:32:50.854387+00:00
629542,1625558,2025-03-01 17:48:30.036411+00:00,2025-03-02 09:32:50.854387+00:00
629542,64342,2025-03-01 17:48:30.036411+00:00,2025-03-02 09:32:50.854387+00:00
629542,1560244,2025-03-01 17:48:30.036411+00:00,2025-03-02 09:32:50.854387+00:00
630217,1916075,2025-03-01 17:48:30.036411+00:00,2025-03-02 09:32:50.854387+00:00
630217,2133923,2025-03-01 17:48:30.036411+00:00,2025-03-02 09:32:50.854387+00:00
630217,1134685,2025-03-01 17:48:30.036411+00:00,2025-03-02 09:32:50.854387+00:00
630217,572182,2025-03-01 17:48:30.036411+00:00,2025-03-02 09:32:50.854387+00:00
630217,1388365,2025-03-01 17:48:30.036411+00:00,2025-03-02 09:32:50.854387+00:00
630240,2934453,2025-03-01 17:48:30.036411+00:00,2025-03-02 09:32:50.854387+00:00
630240,3173736,2025-03-01 17:48:30.036411+00:00,2025-03-02 09:32:50.854387+00:00
630240,2418333,2025-03-01 17:48:30.036411+00:00,2025-03-02 09:32:50.854387+00:00
630240,1144473,2025-03-01 17:48:30.036411+00:00,2025-03-02 09:32:50.854387+00:00
630240,5443,2025-03-01 17:48:30.036411+00:00,2025-03-02 09:32:50.854387+00:00
631842,3645646,2025-03-01 17:48:30.036411+00:00,2025-03-02 09:32:50.854387+00:00
631842,969316,2025-03-01 17:48:30.036411+00:00,2025-03-02 09:32:50.854387+00:00
631842,109319,2025-03-01 17:48:30.036411+00:00,2025-03-02 09:32:50.854387+00:00
631842,543530,2025-03-01 17:48:30.036411+00:00,2025-03-02 09:32:50.854387+00:00
631842,221611,2025-03-01 17:48:30.036411+00:00,2025-03-02 09:32:50.854387+00:00
632632,1247778,2025-03-01 17:48:30.036411+00:00,2025-03-02 09:32:50.854387+00:00
632632,1492992,2025-03-01 17:48:30.036411+00:00,2025-03-02 09:32:50.854387+00:00
632632,1248374,2025-03-01 17:48:30.036411+00:00,2025-03-02 09:32:50.854387+00:00
632632,2019916,2025-03-01 17:48:30.036411+00:00,2025-03-02 09:32:50.854387+00:00
632632,2157589,2025-03-01 17:48:30.036411+00:00,2025-03-02 09:32:50.854387+00:00
633374,553237,2025-03-01 17:48:30.036411+00:00,2025-03-02 09:32:50.854387+00:00
633374,1459772,2025-03-01 17:48:30.036411+00:00,2025-03-02 09:32:50.854387+00:00
633374,141541,2025-03-01 17:48:30.036411+00:00,2025-03-02 09:32:50.854387+00:00
633374,141548,2025-03-01 17:48:30.036411+00:00,2025-03-02 09:32:50.854387+00:00
633374,1044800,2025-03-01 17:48:30.036411+00:00,2025-03-02 09:32:50.854387+00:00
633844,1384646,2025-03-01 17:48:30.036411+00:00,2025-03-02 09:32:50.854387+00:00
633844,1154449,2025-03-01 17:48:30.036411+00:00,2025-03-02 09:32:50.854387+00:00
633844,572020,2025-03-01 17:48:30.036411+00:00,2025-03-02 09:32:50.854387+00:00
633844,3033085,2025-03-01 17:48:30.036411+00:00,2025-03-02 09:32:50.854387+00:00
633844,58596,2025-03-01 17:48:30.036411+00:00,2025-03-02 09:32:50.854387+00:00
634120,1306152,2025-03-01 17:48:30.036411+00:00,2025-03-02 09:32:50.854387+00:00
634120,1906560,2025-03-01 17:48:30.036411+00:00,2025-03-02 09:32:50.854387+00:00
634120,1187399,2025-03-01 17:48:30.036411+00:00,2025-03-02 09:32:50.854387+00:00
634120,2017008,2025-03-01 17:48:30.036411+00:00,2025-03-02 09:32:50.854387+00:00
634120,2418367,2025-03-01 17:48:30.036411+00:00,2025-03-02 09:32:50.854387+00:00
634492,81051,2025-03-01 17:48:30.036411+00:00,2025-03-02 09:32:50.854387+00:00
634492,1972881,2025-03-01 17:48:30.036411+00:00,2025-03-02 09:32:50.854387+00:00
634492,118545,2025-03-01 17:48:30.036411+00:00,2025-03-02 09:32:50.854387+00:00
634492,1428070,2025-03-01 17:48:30.036411+00:00,2025-03-02 09:32:50.854387+00:00
634492,115440,2025-03-01 17:48:30.036411+00:00,2025-03-02 09:32:50.854387+00:00
634528,2133918,2025-03-01 17:48:30.036411+00:00,2025-03-02 09:32:50.854387+00:00
634528,2419575,2025-03-01 17:48:30.036411+00:00,2025-03-02 09:32:50.854387+00:00
634528,3896,2025-03-01 17:48:30.036411+00:00,2025-03-02 09:32:50.854387+00:00
634528,589722,2025-03-01 17:48:30.036411+00:00,2025-03-02 09:32:50.854387+00:00
634528,26723,2025-03-01 17:48:30.036411+00:00,2025-03-02 09:32:50.854387+00:00
634595,28662,2025-03-01 17:48:30.036411+00:00,2025-03-02 09:32:50.854387+00:00
634595,1552970,2025-03-01 17:48:30.036411+00:00,2025-03-02 09:32:50.854387+00:00
634595,1523043,2025-03-01 17:48:30.036411+00:00,2025-03-02 09:32:50.854387+00:00
634595,2485848,2025-03-01 17:48:30.036411+00:00,2025-03-02 09:32:50.854387+00:00
634595,932821,2025-03-01 17:48:30.036411+00:00,2025-03-02 09:32:50.854387+00:00
634649,1136406,2025-03-01 17:48:30.036411+00:00,2025-03-02 09:32:50.854387+00:00
634649,1649152,2025-03-01 17:48:30.036411+00:00,2025-03-02 09:32:50.854387+00:00
634649,71580,2025-03-01 17:48:30.036411+00:00,2025-03-02 09:32:50.854387+00:00
634649,505710,2025-03-01 17:48:30.036411+00:00,2025-03-02 09:32:50.854387+00:00
634649,15277,2025-03-01 17:48:30.036411+00:00,2025-03-02 09:32:50.854387+00:00
635302,1563442,2025-03-01 17:48:30.036411+00:00,2025-03-02 09:32:50.854387+00:00
635302,233590,2025-03-01 17:48:30.036411+00:00,2025-03-02 09:32:50.854387+00:00
635302,119145,2025-03-01 17:48:30.036411+00:00,2025-03-02 09:32:50.854387+00:00
635302,224413,2025-03-01 17:48:30.036411+00:00,2025-03-02 09:32:50.854387+00:00
635302,1256603,2025-03-01 17:48:30.036411+00:00,2025-03-02 09:32:50.854387+00:00
636283,2088068,2025-03-01 17:48:30.036411+00:00,2025-03-02 09:32:50.854387+00:00
636283,2088072,2025-03-01 17:48:30.036411+00:00,2025-03-02 09:32:50.854387+00:00
637920,935344,2025-03-01 17:48:30.036411+00:00,2025-03-02 09:32:50.854387+00:00
637920,1985311,2025-03-01 17:48:30.036411+00:00,2025-03-02 09:32:50.854387+00:00
637920,556113,2025-03-01 17:48:30.036411+00:00,2025-03-02 09:32:50.854387+00:00
637920,1948853,2025-03-01 17:48:30.036411+00:00,2025-03-02 09:32:50.854387+00:00
637920,1163030,2025-03-01 17:48:30.036411+00:00,2025-03-02 09:32:50.854387+00:00
638032,1086844,2025-03-01 17:48:30.036411+00:00,2025-03-02 09:32:50.854387+00:00
638032,1897274,2025-03-01 17:48:30.036411+00:00,2025-03-02 09:32:50.854387+00:00
638032,643,2025-03-01 17:48:30.036411+00:00,2025-03-02 09:32:50.854387+00:00
638032,2873063,2025-03-01 17:48:30.036411+00:00,2025-03-02 09:32:50.854387+00:00
638032,128026,2025-03-01 17:48:30.036411+00:00,2025-03-02 09:32:50.854387+00:00
638483,2335805,2025-03-01 17:48:30.036411+00:00,2025-03-02 09:32:50.854387+00:00
638483,2359942,2025-03-01 17:48:30.036411+00:00,2025-03-02 09:32:50.854387+00:00
638483,2359896,2025-03-01 17:48:30.036411+00:00,2025-03-02 09:32:50.854387+00:00
638483,2359937,2025-03-01 17:48:30.036411+00:00,2025-03-02 09:32:50.854387+00:00
638483,2359954,2025-03-01 17:48:30.036411+00:00,2025-03-02 09:32:50.854387+00:00
639720,10981,2025-03-01 17:48:30.036411+00:00,2025-03-02 09:32:50.854387+00:00
639720,10859,2025-03-01 17:48:30.036411+00:00,2025-03-02 09:32:50.854387+00:00
639720,17697,2025-03-01 17:48:30.036411+00:00,2025-03-02 09:32:50.854387+00:00
639720,4495,2025-03-01 17:48:30.036411+00:00,2025-03-02 09:32:50.854387+00:00
639720,1709047,2025-03-01 17:48:30.036411+00:00,2025-03-02 09:32:50.854387+00:00
639721,56734,2025-03-01 17:48:30.036411+00:00,2025-03-02 09:32:50.854387+00:00
639721,2532098,2025-03-01 17:48:30.036411+00:00,2025-03-02 09:32:50.854387+00:00
639721,25072,2025-03-01 17:48:30.036411+00:00,2025-03-02 09:32:50.854387+00:00
639721,6885,2025-03-01 17:48:30.036411+00:00,2025-03-02 09:32:50.854387+00:00
639721,208519,2025-03-01 17:48:30.036411+00:00,2025-03-02 09:32:50.854387+00:00
640092,148886,2025-03-01 17:48:30.036411+00:00,2025-03-02 09:32:50.854387+00:00
640092,1035980,2025-03-01 17:48:30.036411+00:00,2025-03-02 09:32:50.854387+00:00
640092,21908,2025-03-01 17:48:30.036411+00:00,2025-03-02 09:32:50.854387+00:00
640092,118350,2025-03-01 17:48:30.036411+00:00,2025-03-02 09:32:50.854387+00:00
640092,56863,2025-03-01 17:48:30.036411+00:00,2025-03-02 09:32:50.854387+00:00
640327,573792,2025-03-01 17:48:30.036411+00:00,2025-03-02 09:32:50.854387+00:00
640327,141548,2025-03-01 17:48:30.036411+00:00,2025-03-02 09:32:50.854387+00:00
640327,2240619,2025-03-01 17:48:30.036411+00:00,2025-03-02 09:32:50.854387+00:00
640327,84788,2025-03-01 17:48:30.036411+00:00,2025-03-02 09:32:50.854387+00:00
640327,138336,2025-03-01 17:48:30.036411+00:00,2025-03-02 09:32:50.854387+00:00
641668,219666,2025-03-01 17:48:30.036411+00:00,2025-03-02 09:32:50.854387+00:00
641668,1685330,2025-03-01 17:48:30.036411+00:00,2025-03-02 09:32:50.854387+00:00
641668,1325961,2025-03-01 17:48:30.036411+00:00,2025-03-02 09:32:50.854387+00:00
641668,2154533,2025-03-01 17:48:30.036411+00:00,2025-03-02 09:32:50.854387+00:00
641668,1770528,2025-03-01 17:48:30.036411+00:00,2025-03-02 09:32:50.854387+00:00
641960,515,2025-03-01 17:48:30.036411+00:00,2025-03-02 09:32:50.854387+00:00
641960,26852,2025-03-01 17:48:30.036411+00:00,2025-03-02 09:32:50.854387+00:00
641960,1214576,2025-03-01 17:48:30.036411+00:00,2025-03-02 09:32:50.854387+00:00
641960,17401,2025-03-01 17:48:30.036411+00:00,2025-03-02 09:32:50.854387+00:00
641960,18973,2025-03-01 17:48:30.036411+00:00,2025-03-02 09:32:50.854387+00:00
642538,135524,2025-03-01 17:48:30.036411+00:00,2025-03-02 09:32:50.854387+00:00
642538,3174052,2025-03-01 17:48:30.036411+00:00,2025-03-02 09:32:50.854387+00:00
642538,111639,2025-03-01 17:48:30.036411+00:00,2025-03-02 09:32:50.854387+00:00
642538,27782,2025-03-01 17:48:30.036411+00:00,2025-03-02 09:32:50.854387+00:00
642538,87657,2025-03-01 17:48:30.036411+00:00,2025-03-02 09:32:50.854387+00:00
643532,1723573,2025-03-01 17:48:30.036411+00:00,2025-03-02 09:32:50.854387+00:00
643532,1230868,2025-03-01 17:48:30.036411+00:00,2025-03-02 09:32:50.854387+00:00
643532,1034681,2025-03-01 17:48:30.036411+00:00,2025-03-02 09:32:50.854387+00:00
643532,25072,2025-03-01 17:48:30.036411+00:00,2025-03-02 09:32:50.854387+00:00
643532,5293,2025-03-01 17:48:30.036411+00:00,2025-03-02 09:32:50.854387+00:00
644495,7499,2025-03-01 17:48:30.036411+00:00,2025-03-02 09:32:50.854387+00:00
644495,237405,2025-03-01 17:48:30.036411+00:00,2025-03-02 09:32:50.854387+00:00
644495,1023139,2025-03-01 17:48:30.036411+00:00,2025-03-02 09:32:50.854387+00:00
644495,16940,2025-03-01 17:48:30.036411+00:00,2025-03-02 09:32:50.854387+00:00
644495,1158,2025-03-01 17:48:30.036411+00:00,2025-03-02 09:32:50.854387+00:00
644714,84788,2025-03-01 17:48:30.036411+00:00,2025-03-02 09:32:50.854387+00:00
644714,550683,2025-03-01 17:48:30.036411+00:00,2025-03-02 09:32:50.854387+00:00
644714,1337780,2025-03-01 17:48:30.036411+00:00,2025-03-02 09:32:50.854387+00:00
644714,1694435,2025-03-01 17:48:30.036411+00:00,2025-03-02 09:32:50.854387+00:00
644714,2042978,2025-03-01 17:48:30.036411+00:00,2025-03-02 09:32:50.854387+00:00
645985,929574,2025-03-01 17:48:30.036411+00:00,2025-03-02 09:32:50.854387+00:00
645985,1246517,2025-03-01 17:48:30.036411+00:00,2025-03-02 09:32:50.854387+00:00
645985,1155298,2025-03-01 17:48:30.036411+00:00,2025-03-02 09:32:50.854387+00:00
645985,573792,2025-03-01 17:48:30.036411+00:00,2025-03-02 09:32:50.854387+00:00
645985,1336804,2025-03-01 17:48:30.036411+00:00,2025-03-02 09:32:50.854387+00:00
646207,7497,2025-03-01 17:48:30.036411+00:00,2025-03-02 09:32:50.854387+00:00
646207,55174,2025-03-01 17:48:30.036411+00:00,2025-03-02 09:32:50.854387+00:00
646207,1654001,2025-03-01 17:48:30.036411+00:00,2025-03-02 09:32:50.854387+00:00
646207,2975,2025-03-01 17:48:30.036411+00:00,2025-03-02 09:32:50.854387+00:00
646207,3896,2025-03-01 17:48:30.036411+00:00,2025-03-02 09:32:50.854387+00:00
646385,2174509,2025-03-01 17:48:30.036411+00:00,2025-03-02 09:32:50.854387+00:00
646385,1508653,2025-03-01 17:48:30.036411+00:00,2025-03-02 09:32:50.854387+00:00
646385,1030513,2025-03-01 17:48:30.036411+00:00,2025-03-02 09:32:50.854387+00:00
646385,1373659,2025-03-01 17:48:30.036411+00:00,2025-03-02 09:32:50.854387+00:00
646385,974169,2025-03-01 17:48:30.036411+00:00,2025-03-02 09:32:50.854387+00:00
646389,1365981,2025-03-01 17:48:30.036411+00:00,2025-03-02 09:32:50.854387+00:00
646389,450,2025-03-01 17:48:30.036411+00:00,2025-03-02 09:32:50.854387+00:00
646389,17276,2025-03-01 17:48:30.036411+00:00,2025-03-02 09:32:50.854387+00:00
646389,3417,2025-03-01 17:48:30.036411+00:00,2025-03-02 09:32:50.854387+00:00
646389,1305610,2025-03-01 17:48:30.036411+00:00,2025-03-02 09:32:50.854387+00:00
646541,1675328,2025-03-01 17:48:30.036411+00:00,2025-03-02 09:32:50.854387+00:00
646541,1278557,2025-03-01 17:48:30.036411+00:00,2025-03-02 09:32:50.854387+00:00
646541,2453439,2025-03-01 17:48:30.036411+00:00,2025-03-02 09:32:50.854387+00:00
646541,1477995,2025-03-01 17:48:30.036411+00:00,2025-03-02 09:32:50.854387+00:00
646541,1715,2025-03-01 17:48:30.036411+00:00,2025-03-02 09:32:50.854387+00:00
646683,934,2025-03-01 17:48:30.036411+00:00,2025-03-02 09:32:50.854387+00:00
646683,6163,2025-03-01 17:48:30.036411+00:00,2025-03-02 09:32:50.854387+00:00
646683,35027,2025-03-01 17:48:30.036411+00:00,2025-03-02 09:32:50.854387+00:00
646683,86800,2025-03-01 17:48:30.036411+00:00,2025-03-02 09:32:50.854387+00:00
646683,65731,2025-03-01 17:48:30.036411+00:00,2025-03-02 09:32:50.854387+00:00
648579,1253360,2025-03-01 17:48:30.036411+00:00,2025-03-02 09:32:50.854387+00:00
648579,21676,2025-03-01 17:48:30.036411+00:00,2025-03-02 09:32:50.854387+00:00
648579,2963,2025-03-01 17:48:30.036411+00:00,2025-03-02 09:32:50.854387+00:00
648579,145326,2025-03-01 17:48:30.036411+00:00,2025-03-02 09:32:50.854387+00:00
648579,198150,2025-03-01 17:48:30.036411+00:00,2025-03-02 09:32:50.854387+00:00
649394,1699093,2025-03-01 17:48:30.036411+00:00,2025-03-02 09:32:50.854387+00:00
649394,2283,2025-03-01 17:48:30.036411+00:00,2025-03-02 09:32:50.854387+00:00
649394,2232,2025-03-01 17:48:30.036411+00:00,2025-03-02 09:32:50.854387+00:00
649394,39388,2025-03-01 17:48:30.036411+00:00,2025-03-02 09:32:50.854387+00:00
649394,15455,2025-03-01 17:48:30.036411+00:00,2025-03-02 09:32:50.854387+00:00
649609,1625558,2025-03-01 17:48:30.036411+00:00,2025-03-02 09:32:50.854387+00:00
649609,3292,2025-03-01 17:48:30.036411+00:00,2025-03-02 09:32:50.854387+00:00
649609,2963,2025-03-01 17:48:30.036411+00:00,2025-03-02 09:32:50.854387+00:00
649609,21041,2025-03-01 17:48:30.036411+00:00,2025-03-02 09:32:50.854387+00:00
649609,222121,2025-03-01 17:48:30.036411+00:00,2025-03-02 09:32:50.854387+00:00
653346,79072,2025-03-01 17:48:30.036411+00:00,2025-03-02 09:32:50.854387+00:00
653346,1444816,2025-03-01 17:48:30.036411+00:00,2025-03-02 09:32:50.854387+00:00
653346,3905,2025-03-01 17:48:30.036411+00:00,2025-03-02 09:32:50.854387+00:00
653346,2146942,2025-03-01 17:48:30.036411+00:00,2025-03-02 09:32:50.854387+00:00
653346,1586047,2025-03-01 17:48:30.036411+00:00,2025-03-02 09:32:50.854387+00:00
653851,1674162,2025-03-01 17:48:30.036411+00:00,2025-03-02 09:32:50.854387+00:00
653851,221115,2025-03-01 17:48:30.036411+00:00,2025-03-02 09:32:50.854387+00:00
653851,1383349,2025-03-01 17:48:30.036411+00:00,2025-03-02 09:32:50.854387+00:00
653851,83271,2025-03-01 17:48:30.036411+00:00,2025-03-02 09:32:50.854387+00:00
653851,1218218,2025-03-01 17:48:30.036411+00:00,2025-03-02 09:32:50.854387+00:00
654074,74721,2025-03-01 17:48:30.036411+00:00,2025-03-02 09:32:50.854387+00:00
654074,1840963,2025-03-01 17:48:30.036411+00:00,2025-03-02 09:32:50.854387+00:00
654074,2079854,2025-03-01 17:48:30.036411+00:00,2025-03-02 09:32:50.854387+00:00
654074,2476955,2025-03-01 17:48:30.036411+00:00,2025-03-02 09:32:50.854387+00:00
654074,1719168,2025-03-01 17:48:30.036411+00:00,2025-03-02 09:32:50.854387+00:00
654344,82923,2025-03-01 17:48:30.036411+00:00,2025-03-02 09:32:50.854387+00:00
654344,1605204,2025-03-01 17:48:30.036411+00:00,2025-03-02 09:32:50.854387+00:00
654344,5683,2025-03-01 17:48:30.036411+00:00,2025-03-02 09:32:50.854387+00:00
654344,2166,2025-03-01 17:48:30.036411+00:00,2025-03-02 09:32:50.854387+00:00
654344,1589101,2025-03-01 17:48:30.036411+00:00,2025-03-02 09:32:50.854387+00:00
655082,1071606,2025-03-01 17:48:30.036411+00:00,2025-03-02 09:32:50.854387+00:00
655082,1187034,2025-03-01 17:48:30.036411+00:00,2025-03-02 09:32:50.854387+00:00
655082,17497,2025-03-01 17:48:30.036411+00:00,2025-03-02 09:32:50.854387+00:00
655082,2201315,2025-03-01 17:48:30.036411+00:00,2025-03-02 09:32:50.854387+00:00
655082,1935253,2025-03-01 17:48:30.036411+00:00,2025-03-02 09:32:50.854387+00:00
655302,63359,2025-03-01 17:48:30.036411+00:00,2025-03-02 09:32:50.854387+00:00
655302,82857,2025-03-01 17:48:30.036411+00:00,2025-03-02 09:32:50.854387+00:00
655302,1593716,2025-03-01 17:48:30.036411+00:00,2025-03-02 09:32:50.854387+00:00
655302,87663,2025-03-01 17:48:30.036411+00:00,2025-03-02 09:32:50.854387+00:00
655302,1309110,2025-03-01 17:48:30.036411+00:00,2025-03-02 09:32:50.854387+00:00
655363,1499191,2025-03-01 17:48:30.036411+00:00,2025-03-02 09:32:50.854387+00:00
655363,1739471,2025-03-01 17:48:30.036411+00:00,2025-03-02 09:32:50.854387+00:00
655363,131215,2025-03-01 17:48:30.036411+00:00,2025-03-02 09:32:50.854387+00:00
655363,125682,2025-03-01 17:48:30.036411+00:00,2025-03-02 09:32:50.854387+00:00
655363,2481242,2025-03-01 17:48:30.036411+00:00,2025-03-02 09:32:50.854387+00:00
655738,238511,2025-03-01 17:48:30.036411+00:00,2025-03-02 09:32:50.854387+00:00
655738,238512,2025-03-01 17:48:30.036411+00:00,2025-03-02 09:32:50.854387+00:00
655738,238513,2025-03-01 17:48:30.036411+00:00,2025-03-02 09:32:50.854387+00:00
655917,1977981,2025-03-01 17:48:30.036411+00:00,2025-03-02 09:32:50.854387+00:00
655917,2413,2025-03-01 17:48:30.036411+00:00,2025-03-02 09:32:50.854387+00:00
655917,588636,2025-03-01 17:48:30.036411+00:00,2025-03-02 09:32:50.854387+00:00
655917,140652,2025-03-01 17:48:30.036411+00:00,2025-03-02 09:32:50.854387+00:00
655917,2799693,2025-03-01 17:48:30.036411+00:00,2025-03-02 09:32:50.854387+00:00
656156,17120,2025-03-01 17:48:30.036411+00:00,2025-03-02 09:32:50.854387+00:00
656156,110388,2025-03-01 17:48:30.036411+00:00,2025-03-02 09:32:50.854387+00:00
656156,139493,2025-03-01 17:48:30.036411+00:00,2025-03-02 09:32:50.854387+00:00
656156,2175208,2025-03-01 17:48:30.036411+00:00,2025-03-02 09:32:50.854387+00:00
656156,2054220,2025-03-01 17:48:30.036411+00:00,2025-03-02 09:32:50.854387+00:00
657198,118178,2025-03-01 17:48:30.036411+00:00,2025-03-02 09:32:50.854387+00:00
657198,81051,2025-03-01 17:48:30.036411+00:00,2025-03-02 09:32:50.854387+00:00
657198,1354628,2025-03-01 17:48:30.036411+00:00,2025-03-02 09:32:50.854387+00:00
657198,1137263,2025-03-01 17:48:30.036411+00:00,2025-03-02 09:32:50.854387+00:00
657198,1029285,2025-03-01 17:48:30.036411+00:00,2025-03-02 09:32:50.854387+00:00
659384,1151244,2025-03-01 17:48:30.036411+00:00,2025-03-02 09:32:50.854387+00:00
659384,107727,2025-03-01 17:48:30.036411+00:00,2025-03-02 09:32:50.854387+00:00
659384,1400211,2025-03-01 17:48:30.036411+00:00,2025-03-02 09:32:50.854387+00:00
659384,59900,2025-03-01 17:48:30.036411+00:00,2025-03-02 09:32:50.854387+00:00
659384,1677547,2025-03-01 17:48:30.036411+00:00,2025-03-02 09:32:50.854387+00:00
659959,1871464,2025-03-01 17:48:30.036411+00:00,2025-03-02 09:32:50.854387+00:00
659959,2496534,2025-03-01 17:48:30.036411+00:00,2025-03-02 09:32:50.854387+00:00
659959,26100,2025-03-01 17:48:30.036411+00:00,2025-03-02 09:32:50.854387+00:00
659959,1859007,2025-03-01 17:48:30.036411+00:00,2025-03-02 09:32:50.854387+00:00
659959,5077,2025-03-01 17:48:30.036411+00:00,2025-03-02 09:32:50.854387+00:00
659988,118178,2025-03-01 17:48:30.036411+00:00,2025-03-02 09:32:50.854387+00:00
659988,34018,2025-03-01 17:48:30.036411+00:00,2025-03-02 09:32:50.854387+00:00
659988,14061,2025-03-01 17:48:30.036411+00:00,2025-03-02 09:32:50.854387+00:00
659988,1011135,2025-03-01 17:48:30.036411+00:00,2025-03-02 09:32:50.854387+00:00
659988,77928,2025-03-01 17:48:30.036411+00:00,2025-03-02 09:32:50.854387+00:00
660000,1480403,2025-03-01 17:48:30.036411+00:00,2025-03-02 09:32:50.854387+00:00
660000,17522,2025-03-01 17:48:30.036411+00:00,2025-03-02 09:32:50.854387+00:00
660000,83797,2025-03-01 17:48:30.036411+00:00,2025-03-02 09:32:50.854387+00:00
660000,143593,2025-03-01 17:48:30.036411+00:00,2025-03-02 09:32:50.854387+00:00
660000,1871464,2025-03-01 17:48:30.036411+00:00,2025-03-02 09:32:50.854387+00:00
660001,1592018,2025-03-01 17:48:30.036411+00:00,2025-03-02 09:32:50.854387+00:00
660001,2963308,2025-03-01 17:48:30.036411+00:00,2025-03-02 09:32:50.854387+00:00
660001,2963307,2025-03-01 17:48:30.036411+00:00,2025-03-02 09:32:50.854387+00:00
660001,1279249,2025-03-01 17:48:30.036411+00:00,2025-03-02 09:32:50.854387+00:00
660001,1552828,2025-03-01 17:48:30.036411+00:00,2025-03-02 09:32:50.854387+00:00
660002,39831,2025-03-01 17:48:30.036411+00:00,2025-03-02 09:32:50.854387+00:00
660002,1476994,2025-03-01 17:48:30.036411+00:00,2025-03-02 09:32:50.854387+00:00
660002,134029,2025-03-01 17:48:30.036411+00:00,2025-03-02 09:32:50.854387+00:00
660002,126778,2025-03-01 17:48:30.036411+00:00,2025-03-02 09:32:50.854387+00:00
660002,564891,2025-03-01 17:48:30.036411+00:00,2025-03-02 09:32:50.854387+00:00
660355,1494834,2025-03-01 17:48:30.036411+00:00,2025-03-02 09:32:50.854387+00:00
660355,1244787,2025-03-01 17:48:30.036411+00:00,2025-03-02 09:32:50.854387+00:00
660355,1299351,2025-03-01 17:48:30.036411+00:00,2025-03-02 09:32:50.854387+00:00
660355,1299244,2025-03-01 17:48:30.036411+00:00,2025-03-02 09:32:50.854387+00:00
660360,83682,2025-03-01 17:48:30.036411+00:00,2025-03-02 09:32:50.854387+00:00
660360,229752,2025-03-01 17:48:30.036411+00:00,2025-03-02 09:32:50.854387+00:00
660360,75912,2025-03-01 17:48:30.036411+00:00,2025-03-02 09:32:50.854387+00:00
660360,83637,2025-03-01 17:48:30.036411+00:00,2025-03-02 09:32:50.854387+00:00
660360,2159394,2025-03-01 17:48:30.036411+00:00,2025-03-02 09:32:50.854387+00:00
660942,79331,2025-03-01 17:48:30.036411+00:00,2025-03-02 09:32:50.854387+00:00
660942,2946554,2025-03-01 17:48:30.036411+00:00,2025-03-02 09:32:50.854387+00:00
660942,2946557,2025-03-01 17:48:30.036411+00:00,2025-03-02 09:32:50.854387+00:00
660942,2946555,2025-03-01 17:48:30.036411+00:00,2025-03-02 09:32:50.854387+00:00
660942,2946556,2025-03-01 17:48:30.036411+00:00,2025-03-02 09:32:50.854387+00:00
660955,16972,2025-03-01 17:48:30.036411+00:00,2025-03-02 09:32:50.854387+00:00
660955,35137,2025-03-01 17:48:30.036411+00:00,2025-03-02 09:32:50.854387+00:00
660955,119501,2025-03-01 17:48:30.036411+00:00,2025-03-02 09:32:50.854387+00:00
660955,123989,2025-03-01 17:48:30.036411+00:00,2025-03-02 09:32:50.854387+00:00
660955,544682,2025-03-01 17:48:30.036411+00:00,2025-03-02 09:32:50.854387+00:00
661231,5472,2025-03-01 17:48:30.036411+00:00,2025-03-02 09:32:50.854387+00:00
661231,137108,2025-03-01 17:48:30.036411+00:00,2025-03-02 09:32:50.854387+00:00
661231,9015,2025-03-01 17:48:30.036411+00:00,2025-03-02 09:32:50.854387+00:00
661231,1249,2025-03-01 17:48:30.036411+00:00,2025-03-02 09:32:50.854387+00:00
661231,15576,2025-03-01 17:48:30.036411+00:00,2025-03-02 09:32:50.854387+00:00
661539,819,2025-03-01 17:48:30.036411+00:00,2025-03-02 09:32:50.854387+00:00
661539,1190668,2025-03-01 17:48:30.036411+00:00,2025-03-02 09:32:50.854387+00:00
661539,18050,2025-03-01 17:48:30.036411+00:00,2025-03-02 09:32:50.854387+00:00
661539,59233,2025-03-01 17:48:30.036411+00:00,2025-03-02 09:32:50.854387+00:00
661539,1525043,2025-03-01 17:48:30.036411+00:00,2025-03-02 09:32:50.854387+00:00
661681,116175,2025-03-01 17:48:30.036411+00:00,2025-03-02 09:32:50.854387+00:00
661681,2204431,2025-03-01 17:48:30.036411+00:00,2025-03-02 09:32:50.854387+00:00
661681,1239675,2025-03-01 17:48:30.036411+00:00,2025-03-02 09:32:50.854387+00:00
661681,93252,2025-03-01 17:48:30.036411+00:00,2025-03-02 09:32:50.854387+00:00
661681,1648169,2025-03-01 17:48:30.036411+00:00,2025-03-02 09:32:50.854387+00:00
661935,992623,2025-03-01 17:48:30.036411+00:00,2025-03-02 09:32:50.854387+00:00
661935,143596,2025-03-01 17:48:30.036411+00:00,2025-03-02 09:32:50.854387+00:00
661935,1307846,2025-03-01 17:48:30.036411+00:00,2025-03-02 09:32:50.854387+00:00
661935,1171510,2025-03-01 17:48:30.036411+00:00,2025-03-02 09:32:50.854387+00:00
661935,23671,2025-03-01 17:48:30.036411+00:00,2025-03-02 09:32:50.854387+00:00
662400,71171,2025-03-01 17:48:30.036411+00:00,2025-03-02 09:32:50.854387+00:00
662400,2523915,2025-03-01 17:48:30.036411+00:00,2025-03-02 09:32:50.854387+00:00
662402,1366486,2025-03-01 17:48:30.036411+00:00,2025-03-02 09:32:50.854387+00:00
662402,1344776,2025-03-01 17:48:30.036411+00:00,2025-03-02 09:32:50.854387+00:00
662402,1089570,2025-03-01 17:48:30.036411+00:00,2025-03-02 09:32:50.854387+00:00
662402,1294367,2025-03-01 17:48:30.036411+00:00,2025-03-02 09:32:50.854387+00:00
662402,1962612,2025-03-01 17:48:30.036411+00:00,2025-03-02 09:32:50.854387+00:00
663260,49278,2025-03-01 17:48:30.036411+00:00,2025-03-02 09:32:50.854387+00:00
663260,1318257,2025-03-01 17:48:30.036411+00:00,2025-03-02 09:32:50.854387+00:00
663260,145121,2025-03-01 17:48:30.036411+00:00,2025-03-02 09:32:50.854387+00:00
663260,939099,2025-03-01 17:48:30.036411+00:00,2025-03-02 09:32:50.854387+00:00
663260,18177,2025-03-01 17:48:30.036411+00:00,2025-03-02 09:32:50.854387+00:00
663712,3383606,2025-03-01 17:48:30.036411+00:00,2025-03-02 09:32:50.854387+00:00
663712,1882502,2025-03-01 17:48:30.036411+00:00,2025-03-02 09:32:50.854387+00:00
663712,3790695,2025-03-01 17:48:30.036411+00:00,2025-03-02 09:32:50.854387+00:00
663712,1880016,2025-03-01 17:48:30.036411+00:00,2025-03-02 09:32:50.854387+00:00
663712,2787720,2025-03-01 17:48:30.036411+00:00,2025-03-02 09:32:50.854387+00:00
664469,1117313,2025-03-01 17:48:30.036411+00:00,2025-03-02 09:32:50.854387+00:00
664469,127558,2025-03-01 17:48:30.036411+00:00,2025-03-02 09:32:50.854387+00:00
664469,4941,2025-03-01 17:48:30.036411+00:00,2025-03-02 09:32:50.854387+00:00
664469,3894,2025-03-01 17:48:30.036411+00:00,2025-03-02 09:32:50.854387+00:00
664469,234352,2025-03-01 17:48:30.036411+00:00,2025-03-02 09:32:50.854387+00:00
664506,1660839,2025-03-01 17:48:30.036411+00:00,2025-03-02 09:32:50.854387+00:00
664506,5443,2025-03-01 17:48:30.036411+00:00,2025-03-02 09:32:50.854387+00:00
664506,1764827,2025-03-01 17:48:30.036411+00:00,2025-03-02 09:32:50.854387+00:00
664506,2045568,2025-03-01 17:48:30.036411+00:00,2025-03-02 09:32:50.854387+00:00
664506,81821,2025-03-01 17:48:30.036411+00:00,2025-03-02 09:32:50.854387+00:00
664561,2512683,2025-03-01 17:48:30.036411+00:00,2025-03-02 09:32:50.854387+00:00
664561,2265153,2025-03-01 17:48:30.036411+00:00,2025-03-02 09:32:50.854387+00:00
664561,1646242,2025-03-01 17:48:30.036411+00:00,2025-03-02 09:32:50.854387+00:00
664561,2512682,2025-03-01 17:48:30.036411+00:00,2025-03-02 09:32:50.854387+00:00
664561,1357167,2025-03-01 17:48:30.036411+00:00,2025-03-02 09:32:50.854387+00:00
665733,4067824,2025-03-01 17:48:30.036411+00:00,2025-03-02 09:32:50.854387+00:00
665733,1670085,2025-03-01 17:48:30.036411+00:00,2025-03-02 09:32:50.854387+00:00
665733,1300135,2025-03-01 17:48:30.036411+00:00,2025-03-02 09:32:50.854387+00:00
665733,1064167,2025-03-01 17:48:30.036411+00:00,2025-03-02 09:32:50.854387+00:00
665733,2193667,2025-03-01 17:48:30.036411+00:00,2025-03-02 09:32:50.854387+00:00
666277,1260481,2025-03-01 17:48:30.036411+00:00,2025-03-02 09:32:50.854387+00:00
666277,3888559,2025-03-01 17:48:30.036411+00:00,2025-03-02 09:32:50.854387+00:00
666277,37154,2025-03-01 17:48:30.036411+00:00,2025-03-02 09:32:50.854387+00:00
666277,1387126,2025-03-01 17:48:30.036411+00:00,2025-03-02 09:32:50.854387+00:00
666277,2309873,2025-03-01 17:48:30.036411+00:00,2025-03-02 09:32:50.854387+00:00
667538,2372,2025-03-01 17:48:30.036411+00:00,2025-03-02 09:32:50.854387+00:00
667538,19540,2025-03-01 17:48:30.036411+00:00,2025-03-02 09:32:50.854387+00:00
667538,22970,2025-03-01 17:48:30.036411+00:00,2025-03-02 09:32:50.854387+00:00
667538,1676520,2025-03-01 17:48:30.036411+00:00,2025-03-02 09:32:50.854387+00:00
667538,1560244,2025-03-01 17:48:30.036411+00:00,2025-03-02 09:32:50.854387+00:00
667717,2181656,2025-03-01 17:48:30.036411+00:00,2025-03-02 09:32:50.854387+00:00
667717,3882419,2025-03-01 17:48:30.036411+00:00,2025-03-02 09:32:50.854387+00:00
667717,2079094,2025-03-01 17:48:30.036411+00:00,2025-03-02 09:32:50.854387+00:00
667717,3954698,2025-03-01 17:48:30.036411+00:00,2025-03-02 09:32:50.854387+00:00
667717,2895811,2025-03-01 17:48:30.036411+00:00,2025-03-02 09:32:50.854387+00:00
668640,3131,2025-03-01 17:48:30.036411+00:00,2025-03-02 09:32:50.854387+00:00
668640,72631,2025-03-01 17:48:30.036411+00:00,2025-03-02 09:32:50.854387+00:00
668640,592709,2025-03-01 17:48:30.036411+00:00,2025-03-02 09:32:50.854387+00:00
668640,1457004,2025-03-01 17:48:30.036411+00:00,2025-03-02 09:32:50.854387+00:00
668640,955,2025-03-01 17:48:30.036411+00:00,2025-03-02 09:32:50.854387+00:00
669401,3252055,2025-03-01 17:48:30.036411+00:00,2025-03-02 09:32:50.854387+00:00
669401,1901974,2025-03-01 17:48:30.036411+00:00,2025-03-02 09:32:50.854387+00:00
669401,3129979,2025-03-01 17:48:30.036411+00:00,2025-03-02 09:32:50.854387+00:00
669401,1572924,2025-03-01 17:48:30.036411+00:00,2025-03-02 09:32:50.854387+00:00
669401,2258883,2025-03-01 17:48:30.036411+00:00,2025-03-02 09:32:50.854387+00:00
670292,4068148,2025-03-01 17:48:30.036411+00:00,2025-03-02 09:32:50.854387+00:00
670292,3899,2025-03-01 17:48:30.036411+00:00,2025-03-02 09:32:50.854387+00:00
670292,97576,2025-03-01 17:48:30.036411+00:00,2025-03-02 09:32:50.854387+00:00
670292,19,2025-03-01 17:48:30.036411+00:00,2025-03-02 09:32:50.854387+00:00
670292,1117313,2025-03-01 17:48:30.036411+00:00,2025-03-02 09:32:50.854387+00:00
672208,3192046,2025-03-01 17:48:30.036411+00:00,2025-03-02 09:32:50.854387+00:00
672208,1543689,2025-03-01 17:48:30.036411+00:00,2025-03-02 09:32:50.854387+00:00
672208,1034643,2025-03-01 17:48:30.036411+00:00,2025-03-02 09:32:50.854387+00:00
672208,3158635,2025-03-01 17:48:30.036411+00:00,2025-03-02 09:32:50.854387+00:00
672208,1584240,2025-03-01 17:48:30.036411+00:00,2025-03-02 09:32:50.854387+00:00
674324,62105,2025-03-01 17:48:30.036411+00:00,2025-03-02 09:32:50.854387+00:00
674324,93209,2025-03-01 17:48:30.036411+00:00,2025-03-02 09:32:50.854387+00:00
674324,2039,2025-03-01 17:48:30.036411+00:00,2025-03-02 09:32:50.854387+00:00
674324,72466,2025-03-01 17:48:30.036411+00:00,2025-03-02 09:32:50.854387+00:00
674324,1290466,2025-03-01 17:48:30.036411+00:00,2025-03-02 09:32:50.854387+00:00
674813,1529401,2025-03-01 17:48:30.036411+00:00,2025-03-02 09:32:50.854387+00:00
674813,1616010,2025-03-01 17:48:30.036411+00:00,2025-03-02 09:32:50.854387+00:00
674813,2217481,2025-03-01 17:48:30.036411+00:00,2025-03-02 09:32:50.854387+00:00
674813,223914,2025-03-01 17:48:30.036411+00:00,2025-03-02 09:32:50.854387+00:00
674813,1035980,2025-03-01 17:48:30.036411+00:00,2025-03-02 09:32:50.854387+00:00
675353,110742,2025-03-01 17:48:30.036411+00:00,2025-03-02 09:32:50.854387+00:00
675353,1212864,2025-03-01 17:48:30.036411+00:00,2025-03-02 09:32:50.854387+00:00
675353,17605,2025-03-01 17:48:30.036411+00:00,2025-03-02 09:32:50.854387+00:00
675353,222121,2025-03-01 17:48:30.036411+00:00,2025-03-02 09:32:50.854387+00:00
675353,11006,2025-03-01 17:48:30.036411+00:00,2025-03-02 09:32:50.854387+00:00
675445,80602,2025-03-01 17:48:30.036411+00:00,2025-03-02 09:32:50.854387+00:00
675445,3227497,2025-03-01 17:48:30.036411+00:00,2025-03-02 09:32:50.854387+00:00
675445,1227611,2025-03-01 17:48:30.036411+00:00,2025-03-02 09:32:50.854387+00:00
675445,2717685,2025-03-01 17:48:30.036411+00:00,2025-03-02 09:32:50.854387+00:00
675445,3044930,2025-03-01 17:48:30.036411+00:00,2025-03-02 09:32:50.854387+00:00
676547,2693053,2025-03-01 17:48:30.036411+00:00,2025-03-02 09:32:50.854387+00:00
676547,5414,2025-03-01 17:48:30.036411+00:00,2025-03-02 09:32:50.854387+00:00
676547,1400939,2025-03-01 17:48:30.036411+00:00,2025-03-02 09:32:50.854387+00:00
676547,111658,2025-03-01 17:48:30.036411+00:00,2025-03-02 09:32:50.854387+00:00
676547,1237405,2025-03-01 17:48:30.036411+00:00,2025-03-02 09:32:50.854387+00:00
676685,4615239,2025-03-01 17:48:30.036411+00:00,2025-03-02 09:32:50.854387+00:00
676685,1201628,2025-03-01 17:48:30.036411+00:00,2025-03-02 09:32:50.854387+00:00
676685,87845,2025-03-01 17:48:30.036411+00:00,2025-03-02 09:32:50.854387+00:00
676685,4695801,2025-03-01 17:48:30.036411+00:00,2025-03-02 09:32:50.854387+00:00
676685,1087115,2025-03-01 17:48:30.036411+00:00,2025-03-02 09:32:50.854387+00:00
676710,1223786,2025-03-01 17:48:30.036411+00:00,2025-03-02 09:32:50.854387+00:00
676710,11207,2025-03-01 17:48:30.036411+00:00,2025-03-02 09:32:50.854387+00:00
676710,1227717,2025-03-01 17:48:30.036411+00:00,2025-03-02 09:32:50.854387+00:00
676710,41419,2025-03-01 17:48:30.036411+00:00,2025-03-02 09:32:50.854387+00:00
676710,20049,2025-03-01 17:48:30.036411+00:00,2025-03-02 09:32:50.854387+00:00
676727,1488236,2025-03-01 17:48:30.036411+00:00,2025-03-02 09:32:50.854387+00:00
676727,8293,2025-03-01 17:48:30.036411+00:00,2025-03-02 09:32:50.854387+00:00
676727,11275,2025-03-01 17:48:30.036411+00:00,2025-03-02 09:32:50.854387+00:00
676727,1852739,2025-03-01 17:48:30.036411+00:00,2025-03-02 09:32:50.854387+00:00
676727,1315036,2025-03-01 17:48:30.036411+00:00,2025-03-02 09:32:50.854387+00:00
678299,2804934,2025-03-01 17:48:30.036411+00:00,2025-03-02 09:32:50.854387+00:00
678299,3235103,2025-03-01 17:48:30.036411+00:00,2025-03-02 09:32:50.854387+00:00
678299,2774246,2025-03-01 17:48:30.036411+00:00,2025-03-02 09:32:50.854387+00:00
678299,1200669,2025-03-01 17:48:30.036411+00:00,2025-03-02 09:32:50.854387+00:00
678299,1424778,2025-03-01 17:48:30.036411+00:00,2025-03-02 09:32:50.854387+00:00
678512,29685,2025-03-01 17:48:30.036411+00:00,2025-03-02 09:32:50.854387+00:00
678512,121718,2025-03-01 17:48:30.036411+00:00,2025-03-02 09:32:50.854387+00:00
678512,8767,2025-03-01 17:48:30.036411+00:00,2025-03-02 09:32:50.854387+00:00
678512,17689,2025-03-01 17:48:30.036411+00:00,2025-03-02 09:32:50.854387+00:00
678512,23931,2025-03-01 17:48:30.036411+00:00,2025-03-02 09:32:50.854387+00:00
680813,3268864,2025-03-01 17:48:30.036411+00:00,2025-03-02 09:32:50.854387+00:00
680813,3439290,2025-03-01 17:48:30.036411+00:00,2025-03-02 09:32:50.854387+00:00
680813,3268865,2025-03-01 17:48:30.036411+00:00,2025-03-02 09:32:50.854387+00:00
680813,3268863,2025-03-01 17:48:30.036411+00:00,2025-03-02 09:32:50.854387+00:00
680813,3268867,2025-03-01 17:48:30.036411+00:00,2025-03-02 09:32:50.854387+00:00
681260,1779883,2025-03-01 17:48:30.036411+00:00,2025-03-02 09:32:50.854387+00:00
681260,1439969,2025-03-01 17:48:30.036411+00:00,2025-03-02 09:32:50.854387+00:00
681260,2309880,2025-03-01 17:48:30.036411+00:00,2025-03-02 09:32:50.854387+00:00
681260,79692,2025-03-01 17:48:30.036411+00:00,2025-03-02 09:32:50.854387+00:00
681260,2159489,2025-03-01 17:48:30.036411+00:00,2025-03-02 09:32:50.854387+00:00
681349,1328488,2025-03-01 17:48:30.036411+00:00,2025-03-02 09:32:50.854387+00:00
681349,15486,2025-03-01 17:48:30.036411+00:00,2025-03-02 09:32:50.854387+00:00
681349,1295654,2025-03-01 17:48:30.036411+00:00,2025-03-02 09:32:50.854387+00:00
681349,3872,2025-03-01 17:48:30.036411+00:00,2025-03-02 09:32:50.854387+00:00
681349,1080195,2025-03-01 17:48:30.036411+00:00,2025-03-02 09:32:50.854387+00:00
682109,2646485,2025-03-01 17:48:30.036411+00:00,2025-03-02 09:32:50.854387+00:00
682109,2646484,2025-03-01 17:48:30.036411+00:00,2025-03-02 09:32:50.854387+00:00
682152,1463931,2025-03-01 17:48:30.036411+00:00,2025-03-02 09:32:50.854387+00:00
682152,1390968,2025-03-01 17:48:30.036411+00:00,2025-03-02 09:32:50.854387+00:00
682152,2193667,2025-03-01 17:48:30.036411+00:00,2025-03-02 09:32:50.854387+00:00
682152,1888574,2025-03-01 17:48:30.036411+00:00,2025-03-02 09:32:50.854387+00:00
682152,2290167,2025-03-01 17:48:30.036411+00:00,2025-03-02 09:32:50.854387+00:00
682507,1716493,2025-03-01 17:48:30.036411+00:00,2025-03-02 09:32:50.854387+00:00
682507,61084,2025-03-01 17:48:30.036411+00:00,2025-03-02 09:32:50.854387+00:00
682507,1246618,2025-03-01 17:48:30.036411+00:00,2025-03-02 09:32:50.854387+00:00
682507,2230991,2025-03-01 17:48:30.036411+00:00,2025-03-02 09:32:50.854387+00:00
682507,1369329,2025-03-01 17:48:30.036411+00:00,2025-03-02 09:32:50.854387+00:00
683363,1612456,2025-03-01 17:48:30.036411+00:00,2025-03-02 09:32:50.854387+00:00
683363,1879221,2025-03-01 17:48:30.036411+00:00,2025-03-02 09:32:50.854387+00:00
683363,2207740,2025-03-01 17:48:30.036411+00:00,2025-03-02 09:32:50.854387+00:00
683363,2329587,2025-03-01 17:48:30.036411+00:00,2025-03-02 09:32:50.854387+00:00
683363,2852052,2025-03-01 17:48:30.036411+00:00,2025-03-02 09:32:50.854387+00:00
689700,2172400,2025-03-01 17:48:30.036411+00:00,2025-03-02 09:32:50.854387+00:00
689700,34,2025-03-01 17:48:30.036411+00:00,2025-03-02 09:32:50.854387+00:00
689700,3490,2025-03-01 17:48:30.036411+00:00,2025-03-02 09:32:50.854387+00:00
689700,1783255,2025-03-01 17:48:30.036411+00:00,2025-03-02 09:32:50.854387+00:00
689700,1377670,2025-03-01 17:48:30.036411+00:00,2025-03-02 09:32:50.854387+00:00
693134,3810,2025-03-01 17:48:30.036411+00:00,2025-03-02 09:32:50.854387+00:00
693134,16851,2025-03-01 17:48:30.036411+00:00,2025-03-02 09:32:50.854387+00:00
693134,1190668,2025-03-01 17:48:30.036411+00:00,2025-03-02 09:32:50.854387+00:00
693134,933238,2025-03-01 17:48:30.036411+00:00,2025-03-02 09:32:50.854387+00:00
693134,505710,2025-03-01 17:48:30.036411+00:00,2025-03-02 09:32:50.854387+00:00
693349,16269,2025-03-01 17:48:30.036411+00:00,2025-03-02 09:32:50.854387+00:00
693349,59270,2025-03-01 17:48:30.036411+00:00,2025-03-02 09:32:50.854387+00:00
693349,131624,2025-03-01 17:48:30.036411+00:00,2025-03-02 09:32:50.854387+00:00
693349,56242,2025-03-01 17:48:30.036411+00:00,2025-03-02 09:32:50.854387+00:00
693349,17882,2025-03-01 17:48:30.036411+00:00,2025-03-02 09:32:50.854387+00:00
695089,1738775,2025-03-01 17:48:30.036411+00:00,2025-03-02 09:32:50.854387+00:00
695089,552538,2025-03-01 17:48:30.036411+00:00,2025-03-02 09:32:50.854387+00:00
695089,13256,2025-03-01 17:48:30.036411+00:00,2025-03-02 09:32:50.854387+00:00
695089,130289,2025-03-01 17:48:30.036411+00:00,2025-03-02 09:32:50.854387+00:00
695089,1528803,2025-03-01 17:48:30.036411+00:00,2025-03-02 09:32:50.854387+00:00
695721,2217977,2025-03-01 17:48:30.036411+00:00,2025-03-02 09:32:50.854387+00:00
695721,1524100,2025-03-01 17:48:30.036411+00:00,2025-03-02 09:32:50.854387+00:00
695721,22970,2025-03-01 17:48:30.036411+00:00,2025-03-02 09:32:50.854387+00:00
695721,2340180,2025-03-01 17:48:30.036411+00:00,2025-03-02 09:32:50.854387+00:00
695721,17881,2025-03-01 17:48:30.036411+00:00,2025-03-02 09:32:50.854387+00:00
695932,2236358,2025-03-01 17:48:30.036411+00:00,2025-03-02 09:32:50.854387+00:00
695932,585211,2025-03-01 17:48:30.036411+00:00,2025-03-02 09:32:50.854387+00:00
695932,1671407,2025-03-01 17:48:30.036411+00:00,2025-03-02 09:32:50.854387+00:00
695932,63694,2025-03-01 17:48:30.036411+00:00,2025-03-02 09:32:50.854387+00:00
695932,1039305,2025-03-01 17:48:30.036411+00:00,2025-03-02 09:32:50.854387+00:00
696047,1333031,2025-03-01 17:48:30.036411+00:00,2025-03-02 09:32:50.854387+00:00
696047,2084416,2025-03-01 17:48:30.036411+00:00,2025-03-02 09:32:50.854387+00:00
696047,980225,2025-03-01 17:48:30.036411+00:00,2025-03-02 09:32:50.854387+00:00
696047,564844,2025-03-01 17:48:30.036411+00:00,2025-03-02 09:32:50.854387+00:00
696047,1692997,2025-03-01 17:48:30.036411+00:00,2025-03-02 09:32:50.854387+00:00
696157,1537686,2025-03-01 17:48:30.036411+00:00,2025-03-02 09:32:50.854387+00:00
696157,1152019,2025-03-01 17:48:30.036411+00:00,2025-03-02 09:32:50.854387+00:00
696157,1532331,2025-03-01 17:48:30.036411+00:00,2025-03-02 09:32:50.854387+00:00
696157,1566993,2025-03-01 17:48:30.036411+00:00,2025-03-02 09:32:50.854387+00:00
696157,2283,2025-03-01 17:48:30.036411+00:00,2025-03-02 09:32:50.854387+00:00
698201,1161474,2025-03-01 17:48:30.036411+00:00,2025-03-02 09:32:50.854387+00:00
698201,1388624,2025-03-01 17:48:30.036411+00:00,2025-03-02 09:32:50.854387+00:00
698201,1907750,2025-03-01 17:48:30.036411+00:00,2025-03-02 09:32:50.854387+00:00
698201,1919754,2025-03-01 17:48:30.036411+00:00,2025-03-02 09:32:50.854387+00:00
698201,1149341,2025-03-01 17:48:30.036411+00:00,2025-03-02 09:32:50.854387+00:00
698215,117974,2025-03-01 17:48:30.036411+00:00,2025-03-02 09:32:50.854387+00:00
698215,117975,2025-03-01 17:48:30.036411+00:00,2025-03-02 09:32:50.854387+00:00
698215,136191,2025-03-01 17:48:30.036411+00:00,2025-03-02 09:32:50.854387+00:00
698215,66155,2025-03-01 17:48:30.036411+00:00,2025-03-02 09:32:50.854387+00:00
698215,25648,2025-03-01 17:48:30.036411+00:00,2025-03-02 09:32:50.854387+00:00
698687,65717,2025-03-01 17:48:30.036411+00:00,2025-03-02 09:32:50.854387+00:00
698687,74568,2025-03-01 17:48:30.036411+00:00,2025-03-02 09:32:50.854387+00:00
698687,298410,2025-03-01 17:48:30.036411+00:00,2025-03-02 09:32:50.854387+00:00
698687,1245,2025-03-01 17:48:30.036411+00:00,2025-03-02 09:32:50.854387+00:00
698687,226366,2025-03-01 17:48:30.036411+00:00,2025-03-02 09:32:50.854387+00:00
700391,1767250,2025-03-01 17:48:30.036411+00:00,2025-03-02 09:32:50.854387+00:00
700391,1023139,2025-03-01 17:48:30.036411+00:00,2025-03-02 09:32:50.854387+00:00
700391,1450385,2025-03-01 17:48:30.036411+00:00,2025-03-02 09:32:50.854387+00:00
700391,1696016,2025-03-01 17:48:30.036411+00:00,2025-03-02 09:32:50.854387+00:00
700391,98415,2025-03-01 17:48:30.036411+00:00,2025-03-02 09:32:50.854387+00:00
700819,67323,2025-03-01 17:48:30.036411+00:00,2025-03-02 09:32:50.854387+00:00
700819,1171457,2025-03-01 17:48:30.036411+00:00,2025-03-02 09:32:50.854387+00:00
700819,3470410,2025-03-01 17:48:30.036411+00:00,2025-03-02 09:32:50.854387+00:00
700819,56843,2025-03-01 17:48:30.036411+00:00,2025-03-02 09:32:50.854387+00:00
700819,72782,2025-03-01 17:48:30.036411+00:00,2025-03-02 09:32:50.854387+00:00
705996,21687,2025-03-01 17:48:30.036411+00:00,2025-03-02 09:32:50.854387+00:00
705996,38280,2025-03-01 17:48:30.036411+00:00,2025-03-02 09:32:50.854387+00:00
705996,1257601,2025-03-01 17:48:30.036411+00:00,2025-03-02 09:32:50.854387+00:00
705996,1244822,2025-03-01 17:48:30.036411+00:00,2025-03-02 09:32:50.854387+00:00
705996,17124,2025-03-01 17:48:30.036411+00:00,2025-03-02 09:32:50.854387+00:00
709056,1645574,2025-03-01 17:48:30.036411+00:00,2025-03-02 09:32:50.854387+00:00
709056,1128106,2025-03-01 17:48:30.036411+00:00,2025-03-02 09:32:50.854387+00:00
709056,2381047,2025-03-01 17:48:30.036411+00:00,2025-03-02 09:32:50.854387+00:00
709056,2084416,2025-03-01 17:48:30.036411+00:00,2025-03-02 09:32:50.854387+00:00
709056,143541,2025-03-01 17:48:30.036411+00:00,2025-03-02 09:32:50.854387+00:00
709631,3351429,2025-03-01 17:48:30.036411+00:00,2025-03-02 09:32:50.854387+00:00
709631,217055,2025-03-01 17:48:30.036411+00:00,2025-03-02 09:32:50.854387+00:00
709631,60373,2025-03-01 17:48:30.036411+00:00,2025-03-02 09:32:50.854387+00:00
709631,1945369,2025-03-01 17:48:30.036411+00:00,2025-03-02 09:32:50.854387+00:00
709631,51988,2025-03-01 17:48:30.036411+00:00,2025-03-02 09:32:50.854387+00:00
710295,1416517,2025-03-01 17:48:30.036411+00:00,2025-03-02 09:32:50.854387+00:00
710295,936970,2025-03-01 17:48:30.036411+00:00,2025-03-02 09:32:50.854387+00:00
710295,65727,2025-03-01 17:48:30.036411+00:00,2025-03-02 09:32:50.854387+00:00
710295,984629,2025-03-01 17:48:30.036411+00:00,2025-03-02 09:32:50.854387+00:00
710295,3844059,2025-03-01 17:48:30.036411+00:00,2025-03-02 09:32:50.854387+00:00
712128,1507228,2025-03-01 17:48:30.036411+00:00,2025-03-02 09:32:50.854387+00:00
712128,1436818,2025-03-01 17:48:30.036411+00:00,2025-03-02 09:32:50.854387+00:00
712128,2930301,2025-03-01 17:48:30.036411+00:00,2025-03-02 09:32:50.854387+00:00
712128,1314446,2025-03-01 17:48:30.036411+00:00,2025-03-02 09:32:50.854387+00:00
712128,2821454,2025-03-01 17:48:30.036411+00:00,2025-03-02 09:32:50.854387+00:00
712134,131607,2025-03-01 17:48:30.036411+00:00,2025-03-02 09:32:50.854387+00:00
712134,1795151,2025-03-01 17:48:30.036411+00:00,2025-03-02 09:32:50.854387+00:00
712134,2664731,2025-03-01 17:48:30.036411+00:00,2025-03-02 09:32:50.854387+00:00
712134,9005,2025-03-01 17:48:30.036411+00:00,2025-03-02 09:32:50.854387+00:00
712134,291375,2025-03-01 17:48:30.036411+00:00,2025-03-02 09:32:50.854387+00:00
712164,1626640,2025-03-01 17:48:30.036411+00:00,2025-03-02 09:32:50.854387+00:00
712164,3268493,2025-03-01 17:48:30.036411+00:00,2025-03-02 09:32:50.854387+00:00
712164,4027757,2025-03-01 17:48:30.036411+00:00,2025-03-02 09:32:50.854387+00:00
712164,2984591,2025-03-01 17:48:30.036411+00:00,2025-03-02 09:32:50.854387+00:00
712164,1800556,2025-03-01 17:48:30.036411+00:00,2025-03-02 09:32:50.854387+00:00
712178,1886168,2025-03-01 17:48:30.036411+00:00,2025-03-02 09:32:50.854387+00:00
712178,583853,2025-03-01 17:48:30.036411+00:00,2025-03-02 09:32:50.854387+00:00
712178,1937442,2025-03-01 17:48:30.036411+00:00,2025-03-02 09:32:50.854387+00:00
712178,41037,2025-03-01 17:48:30.036411+00:00,2025-03-02 09:32:50.854387+00:00
712178,2665070,2025-03-01 17:48:30.036411+00:00,2025-03-02 09:32:50.854387+00:00
713704,1186659,2025-03-01 17:48:30.036411+00:00,2025-03-02 09:32:50.854387+00:00
713704,144080,2025-03-01 17:48:30.036411+00:00,2025-03-02 09:32:50.854387+00:00
713704,3128781,2025-03-01 17:48:30.036411+00:00,2025-03-02 09:32:50.854387+00:00
713704,3128782,2025-03-01 17:48:30.036411+00:00,2025-03-02 09:32:50.854387+00:00
713704,220620,2025-03-01 17:48:30.036411+00:00,2025-03-02 09:32:50.854387+00:00
714650,1694435,2025-03-01 17:48:30.036411+00:00,2025-03-02 09:32:50.854387+00:00
714650,1551424,2025-03-01 17:48:30.036411+00:00,2025-03-02 09:32:50.854387+00:00
714650,20738,2025-03-01 17:48:30.036411+00:00,2025-03-02 09:32:50.854387+00:00
714650,1692997,2025-03-01 17:48:30.036411+00:00,2025-03-02 09:32:50.854387+00:00
714650,571172,2025-03-01 17:48:30.036411+00:00,2025-03-02 09:32:50.854387+00:00
714651,85008,2025-03-01 17:48:30.036411+00:00,2025-03-02 09:32:50.854387+00:00
714651,80461,2025-03-01 17:48:30.036411+00:00,2025-03-02 09:32:50.854387+00:00
714651,1388365,2025-03-01 17:48:30.036411+00:00,2025-03-02 09:32:50.854387+00:00
714651,560070,2025-03-01 17:48:30.036411+00:00,2025-03-02 09:32:50.854387+00:00
714651,2084416,2025-03-01 17:48:30.036411+00:00,2025-03-02 09:32:50.854387+00:00
714675,1560588,2025-03-01 17:48:30.036411+00:00,2025-03-02 09:32:50.854387+00:00
714675,2475409,2025-03-01 17:48:30.036411+00:00,2025-03-02 09:32:50.854387+00:00
714675,9824,2025-03-01 17:48:30.036411+00:00,2025-03-02 09:32:50.854387+00:00
714675,32249,2025-03-01 17:48:30.036411+00:00,2025-03-02 09:32:50.854387+00:00
714675,1894615,2025-03-01 17:48:30.036411+00:00,2025-03-02 09:32:50.854387+00:00
715253,1593672,2025-03-01 17:48:30.036411+00:00,2025-03-02 09:32:50.854387+00:00
715253,1591370,2025-03-01 17:48:30.036411+00:00,2025-03-02 09:32:50.854387+00:00
715253,1364528,2025-03-01 17:48:30.036411+00:00,2025-03-02 09:32:50.854387+00:00
715253,85008,2025-03-01 17:48:30.036411+00:00,2025-03-02 09:32:50.854387+00:00
715253,1442583,2025-03-01 17:48:30.036411+00:00,2025-03-02 09:32:50.854387+00:00
716612,9191,2025-03-01 17:48:30.036411+00:00,2025-03-02 09:32:50.854387+00:00
716612,1287084,2025-03-01 17:48:30.036411+00:00,2025-03-02 09:32:50.854387+00:00
716612,3262411,2025-03-01 17:48:30.036411+00:00,2025-03-02 09:32:50.854387+00:00
716612,3262412,2025-03-01 17:48:30.036411+00:00,2025-03-02 09:32:50.854387+00:00
716612,37917,2025-03-01 17:48:30.036411+00:00,2025-03-02 09:32:50.854387+00:00
716855,1870120,2025-03-01 17:48:30.036411+00:00,2025-03-02 09:32:50.854387+00:00
716855,1870672,2025-03-01 17:48:30.036411+00:00,2025-03-02 09:32:50.854387+00:00
716855,2683312,2025-03-01 17:48:30.036411+00:00,2025-03-02 09:32:50.854387+00:00
716855,89503,2025-03-01 17:48:30.036411+00:00,2025-03-02 09:32:50.854387+00:00
716855,109895,2025-03-01 17:48:30.036411+00:00,2025-03-02 09:32:50.854387+00:00
717088,1238592,2025-03-01 17:48:30.036411+00:00,2025-03-02 09:32:50.854387+00:00
717088,64455,2025-03-01 17:48:30.036411+00:00,2025-03-02 09:32:50.854387+00:00
717088,37940,2025-03-01 17:48:30.036411+00:00,2025-03-02 09:32:50.854387+00:00
717088,929122,2025-03-01 17:48:30.036411+00:00,2025-03-02 09:32:50.854387+00:00
717088,231477,2025-03-01 17:48:30.036411+00:00,2025-03-02 09:32:50.854387+00:00
717090,1349163,2025-03-01 17:48:30.036411+00:00,2025-03-02 09:32:50.854387+00:00
717090,1299473,2025-03-01 17:48:30.036411+00:00,2025-03-02 09:32:50.854387+00:00
717090,1607301,2025-03-01 17:48:30.036411+00:00,2025-03-02 09:32:50.854387+00:00
717090,79578,2025-03-01 17:48:30.036411+00:00,2025-03-02 09:32:50.854387+00:00
717090,1024395,2025-03-01 17:48:30.036411+00:00,2025-03-02 09:32:50.854387+00:00
717694,10727,2025-03-01 17:48:30.036411+00:00,2025-03-02 09:32:50.854387+00:00
717694,553063,2025-03-01 17:48:30.036411+00:00,2025-03-02 09:32:50.854387+00:00
717694,1573859,2025-03-01 17:48:30.036411+00:00,2025-03-02 09:32:50.854387+00:00
717694,2692286,2025-03-01 17:48:30.036411+00:00,2025-03-02 09:32:50.854387+00:00
717694,1421792,2025-03-01 17:48:30.036411+00:00,2025-03-02 09:32:50.854387+00:00
717712,1020867,2025-03-01 17:48:30.036411+00:00,2025-03-02 09:32:50.854387+00:00
717712,1336800,2025-03-01 17:48:30.036411+00:00,2025-03-02 09:32:50.854387+00:00
717712,4112537,2025-03-01 17:48:30.036411+00:00,2025-03-02 09:32:50.854387+00:00
717728,2738561,2025-03-01 17:48:30.036411+00:00,2025-03-02 09:32:50.854387+00:00
717728,1817397,2025-03-01 17:48:30.036411+00:00,2025-03-02 09:32:50.854387+00:00
717728,1070855,2025-03-01 17:48:30.036411+00:00,2025-03-02 09:32:50.854387+00:00
717728,3425159,2025-03-01 17:48:30.036411+00:00,2025-03-02 09:32:50.854387+00:00
717728,1972478,2025-03-01 17:48:30.036411+00:00,2025-03-02 09:32:50.854387+00:00
717908,3723672,2025-03-01 17:48:30.036411+00:00,2025-03-02 09:32:50.854387+00:00
717908,79578,2025-03-01 17:48:30.036411+00:00,2025-03-02 09:32:50.854387+00:00
717908,2156750,2025-03-01 17:48:30.036411+00:00,2025-03-02 09:32:50.854387+00:00
717908,2239782,2025-03-01 17:48:30.036411+00:00,2025-03-02 09:32:50.854387+00:00
717908,139493,2025-03-01 17:48:30.036411+00:00,2025-03-02 09:32:50.854387+00:00
717930,17276,2025-03-01 17:48:30.036411+00:00,2025-03-02 09:32:50.854387+00:00
717930,77700,2025-03-01 17:48:30.036411+00:00,2025-03-02 09:32:50.854387+00:00
717930,103330,2025-03-01 17:48:30.036411+00:00,2025-03-02 09:32:50.854387+00:00
717930,1437659,2025-03-01 17:48:30.036411+00:00,2025-03-02 09:32:50.854387+00:00
717930,492791,2025-03-01 17:48:30.036411+00:00,2025-03-02 09:32:50.854387+00:00
718289,141857,2025-03-01 17:48:30.036411+00:00,2025-03-02 09:32:50.854387+00:00
718289,1077269,2025-03-01 17:48:30.036411+00:00,2025-03-02 09:32:50.854387+00:00
718289,1244822,2025-03-01 17:48:30.036411+00:00,2025-03-02 09:32:50.854387+00:00
718289,1755036,2025-03-01 17:48:30.036411+00:00,2025-03-02 09:32:50.854387+00:00
718289,1694435,2025-03-01 17:48:30.036411+00:00,2025-03-02 09:32:50.854387+00:00
718789,55934,2025-03-01 17:48:30.036411+00:00,2025-03-02 09:32:50.854387+00:00
718789,74688,2025-03-01 17:48:30.036411+00:00,2025-03-02 09:32:50.854387+00:00
718789,16828,2025-03-01 17:48:30.036411+00:00,2025-03-02 09:32:50.854387+00:00
718789,21198,2025-03-01 17:48:30.036411+00:00,2025-03-02 09:32:50.854387+00:00
718789,1102500,2025-03-01 17:48:30.036411+00:00,2025-03-02 09:32:50.854387+00:00
718821,1560244,2025-03-01 17:48:30.036411+00:00,2025-03-02 09:32:50.854387+00:00
718821,2230991,2025-03-01 17:48:30.036411+00:00,2025-03-02 09:32:50.854387+00:00
718821,1602972,2025-03-01 17:48:30.036411+00:00,2025-03-02 09:32:50.854387+00:00
718821,83271,2025-03-01 17:48:30.036411+00:00,2025-03-02 09:32:50.854387+00:00
718821,16307,2025-03-01 17:48:30.036411+00:00,2025-03-02 09:32:50.854387+00:00
718930,226366,2025-03-01 17:48:30.036411+00:00,2025-03-02 09:32:50.854387+00:00
718930,1658375,2025-03-01 17:48:30.036411+00:00,2025-03-02 09:32:50.854387+00:00
718930,125025,2025-03-01 17:48:30.036411+00:00,2025-03-02 09:32:50.854387+00:00
718930,27428,2025-03-01 17:48:30.036411+00:00,2025-03-02 09:32:50.854387+00:00
718930,287,2025-03-01 17:48:30.036411+00:00,2025-03-02 09:32:50.854387+00:00
718949,12793,2025-03-01 17:48:30.036411+00:00,2025-03-02 09:32:50.854387+00:00
718949,1182564,2025-03-01 17:48:30.036411+00:00,2025-03-02 09:32:50.854387+00:00
718949,62,2025-03-01 17:48:30.036411+00:00,2025-03-02 09:32:50.854387+00:00
718949,1793239,2025-03-01 17:48:30.036411+00:00,2025-03-02 09:32:50.854387+00:00
718949,41687,2025-03-01 17:48:30.036411+00:00,2025-03-02 09:32:50.854387+00:00
719463,136761,2025-03-01 17:48:30.036411+00:00,2025-03-02 09:32:50.854387+00:00
719463,1886168,2025-03-01 17:48:30.036411+00:00,2025-03-02 09:32:50.854387+00:00
719463,119199,2025-03-01 17:48:30.036411+00:00,2025-03-02 09:32:50.854387+00:00
719463,1366955,2025-03-01 17:48:30.036411+00:00,2025-03-02 09:32:50.854387+00:00
719463,83966,2025-03-01 17:48:30.036411+00:00,2025-03-02 09:32:50.854387+00:00
720321,63,2025-03-01 17:48:30.036411+00:00,2025-03-02 09:32:50.854387+00:00
720321,15565,2025-03-01 17:48:30.036411+00:00,2025-03-02 09:32:50.854387+00:00
720321,4238,2025-03-01 17:48:30.036411+00:00,2025-03-02 09:32:50.854387+00:00
720321,65731,2025-03-01 17:48:30.036411+00:00,2025-03-02 09:32:50.854387+00:00
720321,1055235,2025-03-01 17:48:30.036411+00:00,2025-03-02 09:32:50.854387+00:00
725133,136806,2025-03-01 17:48:30.036411+00:00,2025-03-02 09:32:50.854387+00:00
725133,229680,2025-03-01 17:48:30.036411+00:00,2025-03-02 09:32:50.854387+00:00
725133,30737,2025-03-01 17:48:30.036411+00:00,2025-03-02 09:32:50.854387+00:00
725133,96381,2025-03-01 17:48:30.036411+00:00,2025-03-02 09:32:50.854387+00:00
725133,97193,2025-03-01 17:48:30.036411+00:00,2025-03-02 09:32:50.854387+00:00
726139,550683,2025-03-01 17:48:30.036411+00:00,2025-03-02 09:32:50.854387+00:00
726139,1351055,2025-03-01 17:48:30.036411+00:00,2025-03-02 09:32:50.854387+00:00
726139,150125,2025-03-01 17:48:30.036411+00:00,2025-03-02 09:32:50.854387+00:00
726139,115290,2025-03-01 17:48:30.036411+00:00,2025-03-02 09:32:50.854387+00:00
726139,240948,2025-03-01 17:48:30.036411+00:00,2025-03-02 09:32:50.854387+00:00
726657,1728012,2025-03-01 17:48:30.036411+00:00,2025-03-02 09:32:50.854387+00:00
726657,1276842,2025-03-01 17:48:30.036411+00:00,2025-03-02 09:32:50.854387+00:00
726657,1034362,2025-03-01 17:48:30.036411+00:00,2025-03-02 09:32:50.854387+00:00
726657,1202404,2025-03-01 17:48:30.036411+00:00,2025-03-02 09:32:50.854387+00:00
726657,1566805,2025-03-01 17:48:30.036411+00:00,2025-03-02 09:32:50.854387+00:00
726894,58593,2025-03-01 17:48:30.036411+00:00,2025-03-02 09:32:50.854387+00:00
726894,1693,2025-03-01 17:48:30.036411+00:00,2025-03-02 09:32:50.854387+00:00
726894,119241,2025-03-01 17:48:30.036411+00:00,2025-03-02 09:32:50.854387+00:00
726894,1247874,2025-03-01 17:48:30.036411+00:00,2025-03-02 09:32:50.854387+00:00
726894,2720368,2025-03-01 17:48:30.036411+00:00,2025-03-02 09:32:50.854387+00:00
727340,73249,2025-03-01 17:48:30.036411+00:00,2025-03-02 09:32:50.854387+00:00
727340,1388365,2025-03-01 17:48:30.036411+00:00,2025-03-02 09:32:50.854387+00:00
727340,150126,2025-03-01 17:48:30.036411+00:00,2025-03-02 09:32:50.854387+00:00
727340,17120,2025-03-01 17:48:30.036411+00:00,2025-03-02 09:32:50.854387+00:00
727340,2791233,2025-03-01 17:48:30.036411+00:00,2025-03-02 09:32:50.854387+00:00
729854,1352930,2025-03-01 17:48:30.036411+00:00,2025-03-02 09:32:50.854387+00:00
729854,83036,2025-03-01 17:48:30.036411+00:00,2025-03-02 09:32:50.854387+00:00
729854,1347525,2025-03-01 17:48:30.036411+00:00,2025-03-02 09:32:50.854387+00:00
729854,2125084,2025-03-01 17:48:30.036411+00:00,2025-03-02 09:32:50.854387+00:00
729854,25002,2025-03-01 17:48:30.036411+00:00,2025-03-02 09:32:50.854387+00:00
730047,77335,2025-03-01 17:48:30.036411+00:00,2025-03-02 09:32:50.854387+00:00
730047,1344361,2025-03-01 17:48:30.036411+00:00,2025-03-02 09:32:50.854387+00:00
730047,229606,2025-03-01 17:48:30.036411+00:00,2025-03-02 09:32:50.854387+00:00
730047,58754,2025-03-01 17:48:30.036411+00:00,2025-03-02 09:32:50.854387+00:00
730047,22970,2025-03-01 17:48:30.036411+00:00,2025-03-02 09:32:50.854387+00:00
730256,4179555,2025-03-01 17:48:30.036411+00:00,2025-03-02 09:32:50.854387+00:00
730256,4304008,2025-03-01 17:48:30.036411+00:00,2025-03-02 09:32:50.854387+00:00
730256,4101453,2025-03-01 17:48:30.036411+00:00,2025-03-02 09:32:50.854387+00:00
730256,2051808,2025-03-01 17:48:30.036411+00:00,2025-03-02 09:32:50.854387+00:00
730256,4179553,2025-03-01 17:48:30.036411+00:00,2025-03-02 09:32:50.854387+00:00
731684,1716008,2025-03-01 17:48:30.036411+00:00,2025-03-02 09:32:50.854387+00:00
731684,69378,2025-03-01 17:48:30.036411+00:00,2025-03-02 09:32:50.854387+00:00
731684,560081,2025-03-01 17:48:30.036411+00:00,2025-03-02 09:32:50.854387+00:00
731684,1530559,2025-03-01 17:48:30.036411+00:00,2025-03-02 09:32:50.854387+00:00
731684,75914,2025-03-01 17:48:30.036411+00:00,2025-03-02 09:32:50.854387+00:00
733317,1154300,2025-03-01 17:48:30.036411+00:00,2025-03-02 09:32:50.854387+00:00
733317,2631872,2025-03-01 17:48:30.036411+00:00,2025-03-02 09:32:50.854387+00:00
733317,467271,2025-03-01 17:48:30.036411+00:00,2025-03-02 09:32:50.854387+00:00
733317,2742965,2025-03-01 17:48:30.036411+00:00,2025-03-02 09:32:50.854387+00:00
733317,2203,2025-03-01 17:48:30.036411+00:00,2025-03-02 09:32:50.854387+00:00
734002,2745254,2025-03-01 17:48:30.036411+00:00,2025-03-02 09:32:50.854387+00:00
734002,1163134,2025-03-01 17:48:30.036411+00:00,2025-03-02 09:32:50.854387+00:00
734002,66459,2025-03-01 17:48:30.036411+00:00,2025-03-02 09:32:50.854387+00:00
734002,259737,2025-03-01 17:48:30.036411+00:00,2025-03-02 09:32:50.854387+00:00
734002,1702761,2025-03-01 17:48:30.036411+00:00,2025-03-02 09:32:50.854387+00:00
734732,1356718,2025-03-01 17:48:30.036411+00:00,2025-03-02 09:32:50.854387+00:00
734732,1255138,2025-03-01 17:48:30.036411+00:00,2025-03-02 09:32:50.854387+00:00
734732,1630179,2025-03-01 17:48:30.036411+00:00,2025-03-02 09:32:50.854387+00:00
734732,130562,2025-03-01 17:48:30.036411+00:00,2025-03-02 09:32:50.854387+00:00
734732,2155170,2025-03-01 17:48:30.036411+00:00,2025-03-02 09:32:50.854387+00:00
735409,587655,2025-03-01 17:48:30.036411+00:00,2025-03-02 09:32:50.854387+00:00
735409,1599983,2025-03-01 17:48:30.036411+00:00,2025-03-02 09:32:50.854387+00:00
735409,52809,2025-03-01 17:48:30.036411+00:00,2025-03-02 09:32:50.854387+00:00
735409,120923,2025-03-01 17:48:30.036411+00:00,2025-03-02 09:32:50.854387+00:00
735409,84755,2025-03-01 17:48:30.036411+00:00,2025-03-02 09:32:50.854387+00:00
735726,19888,2025-03-01 17:48:30.036411+00:00,2025-03-02 09:32:50.854387+00:00
735726,44079,2025-03-01 17:48:30.036411+00:00,2025-03-02 09:32:50.854387+00:00
735726,72254,2025-03-01 17:48:30.036411+00:00,2025-03-02 09:32:50.854387+00:00
735726,18177,2025-03-01 17:48:30.036411+00:00,2025-03-02 09:32:50.854387+00:00
735726,1957,2025-03-01 17:48:30.036411+00:00,2025-03-02 09:32:50.854387+00:00
736500,1165008,2025-03-01 17:48:30.036411+00:00,2025-03-02 09:32:50.854387+00:00
736500,19646,2025-03-01 17:48:30.036411+00:00,2025-03-02 09:32:50.854387+00:00
736500,74110,2025-03-01 17:48:30.036411+00:00,2025-03-02 09:32:50.854387+00:00
736500,25181,2025-03-01 17:48:30.036411+00:00,2025-03-02 09:32:50.854387+00:00
736500,16927,2025-03-01 17:48:30.036411+00:00,2025-03-02 09:32:50.854387+00:00
736720,1916075,2025-03-01 17:48:30.036411+00:00,2025-03-02 09:32:50.854387+00:00
736720,141548,2025-03-01 17:48:30.036411+00:00,2025-03-02 09:32:50.854387+00:00
736720,1078674,2025-03-01 17:48:30.036411+00:00,2025-03-02 09:32:50.854387+00:00
736720,1046863,2025-03-01 17:48:30.036411+00:00,2025-03-02 09:32:50.854387+00:00
736720,1510022,2025-03-01 17:48:30.036411+00:00,2025-03-02 09:32:50.854387+00:00
736732,83014,2025-03-01 17:48:30.036411+00:00,2025-03-02 09:32:50.854387+00:00
736732,1701993,2025-03-01 17:48:30.036411+00:00,2025-03-02 09:32:50.854387+00:00
736732,1252318,2025-03-01 17:48:30.036411+00:00,2025-03-02 09:32:50.854387+00:00
736732,21688,2025-03-01 17:48:30.036411+00:00,2025-03-02 09:32:50.854387+00:00
736732,20738,2025-03-01 17:48:30.036411+00:00,2025-03-02 09:32:50.854387+00:00
736820,544107,2025-03-01 17:48:30.036411+00:00,2025-03-02 09:32:50.854387+00:00
736820,1252045,2025-03-01 17:48:30.036411+00:00,2025-03-02 09:32:50.854387+00:00
736820,84996,2025-03-01 17:48:30.036411+00:00,2025-03-02 09:32:50.854387+00:00
736820,82093,2025-03-01 17:48:30.036411+00:00,2025-03-02 09:32:50.854387+00:00
736820,1989290,2025-03-01 17:48:30.036411+00:00,2025-03-02 09:32:50.854387+00:00
739323,3199079,2025-03-01 17:48:30.036411+00:00,2025-03-02 09:32:50.854387+00:00
739323,3199080,2025-03-01 17:48:30.036411+00:00,2025-03-02 09:32:50.854387+00:00
739323,3199078,2025-03-01 17:48:30.036411+00:00,2025-03-02 09:32:50.854387+00:00
739323,2761814,2025-03-01 17:48:30.036411+00:00,2025-03-02 09:32:50.854387+00:00
739323,2897490,2025-03-01 17:48:30.036411+00:00,2025-03-02 09:32:50.854387+00:00
739405,3291,2025-03-01 17:48:30.036411+00:00,2025-03-02 09:32:50.854387+00:00
739405,119592,2025-03-01 17:48:30.036411+00:00,2025-03-02 09:32:50.854387+00:00
739405,2130,2025-03-01 17:48:30.036411+00:00,2025-03-02 09:32:50.854387+00:00
739405,976,2025-03-01 17:48:30.036411+00:00,2025-03-02 09:32:50.854387+00:00
739405,2299,2025-03-01 17:48:30.036411+00:00,2025-03-02 09:32:50.854387+00:00
740467,1135177,2025-03-01 17:48:30.036411+00:00,2025-03-02 09:32:50.854387+00:00
740467,63584,2025-03-01 17:48:30.036411+00:00,2025-03-02 09:32:50.854387+00:00
740467,1529401,2025-03-01 17:48:30.036411+00:00,2025-03-02 09:32:50.854387+00:00
740467,931254,2025-03-01 17:48:30.036411+00:00,2025-03-02 09:32:50.854387+00:00
740467,2684219,2025-03-01 17:48:30.036411+00:00,2025-03-02 09:32:50.854387+00:00
740823,2155170,2025-03-01 17:48:30.036411+00:00,2025-03-02 09:32:50.854387+00:00
740823,1630056,2025-03-01 17:48:30.036411+00:00,2025-03-02 09:32:50.854387+00:00
740823,1258444,2025-03-01 17:48:30.036411+00:00,2025-03-02 09:32:50.854387+00:00
740823,66762,2025-03-01 17:48:30.036411+00:00,2025-03-02 09:32:50.854387+00:00
740823,1748260,2025-03-01 17:48:30.036411+00:00,2025-03-02 09:32:50.854387+00:00
740937,45152,2025-03-01 17:48:30.036411+00:00,2025-03-02 09:32:50.854387+00:00
740937,131607,2025-03-01 17:48:30.036411+00:00,2025-03-02 09:32:50.854387+00:00
740937,59807,2025-03-01 17:48:30.036411+00:00,2025-03-02 09:32:50.854387+00:00
740937,39195,2025-03-01 17:48:30.036411+00:00,2025-03-02 09:32:50.854387+00:00
740937,72946,2025-03-01 17:48:30.036411+00:00,2025-03-02 09:32:50.854387+00:00
740963,2060364,2025-03-01 17:48:30.036411+00:00,2025-03-02 09:32:50.854387+00:00
740963,14893,2025-03-01 17:48:30.036411+00:00,2025-03-02 09:32:50.854387+00:00
740963,9599,2025-03-01 17:48:30.036411+00:00,2025-03-02 09:32:50.854387+00:00
740963,2665051,2025-03-01 17:48:30.036411+00:00,2025-03-02 09:32:50.854387+00:00
740963,4568,2025-03-01 17:48:30.036411+00:00,2025-03-02 09:32:50.854387+00:00
741329,1794453,2025-03-01 17:48:30.036411+00:00,2025-03-02 09:32:50.854387+00:00
741329,2407771,2025-03-01 17:48:30.036411+00:00,2025-03-02 09:32:50.854387+00:00
741329,1133858,2025-03-01 17:48:30.036411+00:00,2025-03-02 09:32:50.854387+00:00
741329,1576769,2025-03-01 17:48:30.036411+00:00,2025-03-02 09:32:50.854387+00:00
741329,1833062,2025-03-01 17:48:30.036411+00:00,2025-03-02 09:32:50.854387+00:00
741335,1281498,2025-03-01 17:48:30.036411+00:00,2025-03-02 09:32:50.854387+00:00
741335,1496231,2025-03-01 17:48:30.036411+00:00,2025-03-02 09:32:50.854387+00:00
741335,1076363,2025-03-01 17:48:30.036411+00:00,2025-03-02 09:32:50.854387+00:00
741335,1423159,2025-03-01 17:48:30.036411+00:00,2025-03-02 09:32:50.854387+00:00
741335,1254260,2025-03-01 17:48:30.036411+00:00,2025-03-02 09:32:50.854387+00:00
741602,20519,2025-03-01 17:48:30.036411+00:00,2025-03-02 09:32:50.854387+00:00
741602,21908,2025-03-01 17:48:30.036411+00:00,2025-03-02 09:32:50.854387+00:00
741602,70108,2025-03-01 17:48:30.036411+00:00,2025-03-02 09:32:50.854387+00:00
741602,83820,2025-03-01 17:48:30.036411+00:00,2025-03-02 09:32:50.854387+00:00
741602,96908,2025-03-01 17:48:30.036411+00:00,2025-03-02 09:32:50.854387+00:00
742396,1373212,2025-03-01 17:48:30.036411+00:00,2025-03-02 09:32:50.854387+00:00
742396,1318732,2025-03-01 17:48:30.036411+00:00,2025-03-02 09:32:50.854387+00:00
742396,1760946,2025-03-01 17:48:30.036411+00:00,2025-03-02 09:32:50.854387+00:00
742396,1516266,2025-03-01 17:48:30.036411+00:00,2025-03-02 09:32:50.854387+00:00
742396,1691461,2025-03-01 17:48:30.036411+00:00,2025-03-02 09:32:50.854387+00:00
743173,88710,2025-03-01 17:48:30.036411+00:00,2025-03-02 09:32:50.854387+00:00
743173,8776,2025-03-01 17:48:30.036411+00:00,2025-03-02 09:32:50.854387+00:00
743173,124623,2025-03-01 17:48:30.036411+00:00,2025-03-02 09:32:50.854387+00:00
743173,47827,2025-03-01 17:48:30.036411+00:00,2025-03-02 09:32:50.854387+00:00
743173,47828,2025-03-01 17:48:30.036411+00:00,2025-03-02 09:32:50.854387+00:00
743475,2886238,2025-03-01 17:48:30.036411+00:00,2025-03-02 09:32:50.854387+00:00
743475,560079,2025-03-01 17:48:30.036411+00:00,2025-03-02 09:32:50.854387+00:00
743475,2886237,2025-03-01 17:48:30.036411+00:00,2025-03-02 09:32:50.854387+00:00
743475,2752568,2025-03-01 17:48:30.036411+00:00,2025-03-02 09:32:50.854387+00:00
743814,2079947,2025-03-01 17:48:30.036411+00:00,2025-03-02 09:32:50.854387+00:00
743814,551171,2025-03-01 17:48:30.036411+00:00,2025-03-02 09:32:50.854387+00:00
743814,1346848,2025-03-01 17:48:30.036411+00:00,2025-03-02 09:32:50.854387+00:00
743814,3441296,2025-03-01 17:48:30.036411+00:00,2025-03-02 09:32:50.854387+00:00
743814,552072,2025-03-01 17:48:30.036411+00:00,2025-03-02 09:32:50.854387+00:00
743815,1257661,2025-03-01 17:48:30.036411+00:00,2025-03-02 09:32:50.854387+00:00
743815,1337780,2025-03-01 17:48:30.036411+00:00,2025-03-02 09:32:50.854387+00:00
743815,1523579,2025-03-01 17:48:30.036411+00:00,2025-03-02 09:32:50.854387+00:00
743815,4825192,2025-03-01 17:48:30.036411+00:00,2025-03-02 09:32:50.854387+00:00
743815,2663919,2025-03-01 17:48:30.036411+00:00,2025-03-02 09:32:50.854387+00:00
744714,1691461,2025-03-01 17:48:30.036411+00:00,2025-03-02 09:32:50.854387+00:00
744714,1130611,2025-03-01 17:48:30.036411+00:00,2025-03-02 09:32:50.854387+00:00
744714,40450,2025-03-01 17:48:30.036411+00:00,2025-03-02 09:32:50.854387+00:00
744714,58662,2025-03-01 17:48:30.036411+00:00,2025-03-02 09:32:50.854387+00:00
744714,1923037,2025-03-01 17:48:30.036411+00:00,2025-03-02 09:32:50.854387+00:00
745608,1164460,2025-03-01 17:48:30.036411+00:00,2025-03-02 09:32:50.854387+00:00
745608,25346,2025-03-01 17:48:30.036411+00:00,2025-03-02 09:32:50.854387+00:00
745608,54170,2025-03-01 17:48:30.036411+00:00,2025-03-02 09:32:50.854387+00:00
745608,83966,2025-03-01 17:48:30.036411+00:00,2025-03-02 09:32:50.854387+00:00
745608,93430,2025-03-01 17:48:30.036411+00:00,2025-03-02 09:32:50.854387+00:00
745881,2424471,2025-03-01 17:48:30.036411+00:00,2025-03-02 09:32:50.854387+00:00
745881,3131643,2025-03-01 17:48:30.036411+00:00,2025-03-02 09:32:50.854387+00:00
745881,1272350,2025-03-01 17:48:30.036411+00:00,2025-03-02 09:32:50.854387+00:00
745881,3131644,2025-03-01 17:48:30.036411+00:00,2025-03-02 09:32:50.854387+00:00
745881,3131642,2025-03-01 17:48:30.036411+00:00,2025-03-02 09:32:50.854387+00:00
746036,5081,2025-03-01 17:48:30.036411+00:00,2025-03-02 09:32:50.854387+00:00
746036,20374,2025-03-01 17:48:30.036411+00:00,2025-03-02 09:32:50.854387+00:00
746036,30614,2025-03-01 17:48:30.036411+00:00,2025-03-02 09:32:50.854387+00:00
746036,1278487,2025-03-01 17:48:30.036411+00:00,2025-03-02 09:32:50.854387+00:00
746036,27428,2025-03-01 17:48:30.036411+00:00,2025-03-02 09:32:50.854387+00:00
746257,1373212,2025-03-01 17:48:30.036411+00:00,2025-03-02 09:32:50.854387+00:00
746257,1247626,2025-03-01 17:48:30.036411+00:00,2025-03-02 09:32:50.854387+00:00
746257,1343688,2025-03-01 17:48:30.036411+00:00,2025-03-02 09:32:50.854387+00:00
746257,133168,2025-03-01 17:48:30.036411+00:00,2025-03-02 09:32:50.854387+00:00
746257,1256894,2025-03-01 17:48:30.036411+00:00,2025-03-02 09:32:50.854387+00:00
746333,1186076,2025-03-01 17:48:30.036411+00:00,2025-03-02 09:32:50.854387+00:00
746333,1291810,2025-03-01 17:48:30.036411+00:00,2025-03-02 09:32:50.854387+00:00
746333,146630,2025-03-01 17:48:30.036411+00:00,2025-03-02 09:32:50.854387+00:00
746333,1744894,2025-03-01 17:48:30.036411+00:00,2025-03-02 09:32:50.854387+00:00
746333,1186075,2025-03-01 17:48:30.036411+00:00,2025-03-02 09:32:50.854387+00:00
746349,1364528,2025-03-01 17:48:30.036411+00:00,2025-03-02 09:32:50.854387+00:00
746349,1988490,2025-03-01 17:48:30.036411+00:00,2025-03-02 09:32:50.854387+00:00
746349,115290,2025-03-01 17:48:30.036411+00:00,2025-03-02 09:32:50.854387+00:00
746349,1333031,2025-03-01 17:48:30.036411+00:00,2025-03-02 09:32:50.854387+00:00
746349,3963630,2025-03-01 17:48:30.036411+00:00,2025-03-02 09:32:50.854387+00:00
747188,17881,2025-03-01 17:48:30.036411+00:00,2025-03-02 09:32:50.854387+00:00
747188,2954,2025-03-01 17:48:30.036411+00:00,2025-03-02 09:32:50.854387+00:00
747188,1245,2025-03-01 17:48:30.036411+00:00,2025-03-02 09:32:50.854387+00:00
747188,3063,2025-03-01 17:48:30.036411+00:00,2025-03-02 09:32:50.854387+00:00
747188,31,2025-03-01 17:48:30.036411+00:00,2025-03-02 09:32:50.854387+00:00
747779,24485,2025-03-01 17:48:30.036411+00:00,2025-03-02 09:32:50.854387+00:00
747779,26100,2025-03-01 17:48:30.036411+00:00,2025-03-02 09:32:50.854387+00:00
747779,3549778,2025-03-01 17:48:30.036411+00:00,2025-03-02 09:32:50.854387+00:00
747779,16923,2025-03-01 17:48:30.036411+00:00,2025-03-02 09:32:50.854387+00:00
747779,121529,2025-03-01 17:48:30.036411+00:00,2025-03-02 09:32:50.854387+00:00
748783,10182,2025-03-01 17:48:30.036411+00:00,2025-03-02 09:32:50.854387+00:00
748783,73457,2025-03-01 17:48:30.036411+00:00,2025-03-02 09:32:50.854387+00:00
748783,3292,2025-03-01 17:48:30.036411+00:00,2025-03-02 09:32:50.854387+00:00
748783,2231,2025-03-01 17:48:30.036411+00:00,2025-03-02 09:32:50.854387+00:00
748783,1278487,2025-03-01 17:48:30.036411+00:00,2025-03-02 09:32:50.854387+00:00
748787,32684,2025-03-01 17:48:30.036411+00:00,2025-03-02 09:32:50.854387+00:00
748787,8800,2025-03-01 17:48:30.036411+00:00,2025-03-02 09:32:50.854387+00:00
748787,213581,2025-03-01 17:48:30.036411+00:00,2025-03-02 09:32:50.854387+00:00
748787,1111158,2025-03-01 17:48:30.036411+00:00,2025-03-02 09:32:50.854387+00:00
748787,78233,2025-03-01 17:48:30.036411+00:00,2025-03-02 09:32:50.854387+00:00
749004,2973329,2025-03-01 17:48:30.036411+00:00,2025-03-02 09:32:50.854387+00:00
749004,2973328,2025-03-01 17:48:30.036411+00:00,2025-03-02 09:32:50.854387+00:00
749004,113605,2025-03-01 17:48:30.036411+00:00,2025-03-02 09:32:50.854387+00:00
749004,144763,2025-03-01 17:48:30.036411+00:00,2025-03-02 09:32:50.854387+00:00
749004,1639988,2025-03-01 17:48:30.036411+00:00,2025-03-02 09:32:50.854387+00:00
749107,1523259,2025-03-01 17:48:30.036411+00:00,2025-03-02 09:32:50.854387+00:00
749107,19360,2025-03-01 17:48:30.036411+00:00,2025-03-02 09:32:50.854387+00:00
749107,1695492,2025-03-01 17:48:30.036411+00:00,2025-03-02 09:32:50.854387+00:00
749107,3294023,2025-03-01 17:48:30.036411+00:00,2025-03-02 09:32:50.854387+00:00
749107,119501,2025-03-01 17:48:30.036411+00:00,2025-03-02 09:32:50.854387+00:00
749136,3791494,2025-03-01 17:48:30.036411+00:00,2025-03-02 09:32:50.854387+00:00
749136,3791484,2025-03-01 17:48:30.036411+00:00,2025-03-02 09:32:50.854387+00:00
749136,3791479,2025-03-01 17:48:30.036411+00:00,2025-03-02 09:32:50.854387+00:00
749136,3638804,2025-03-01 17:48:30.036411+00:00,2025-03-02 09:32:50.854387+00:00
749136,3791490,2025-03-01 17:48:30.036411+00:00,2025-03-02 09:32:50.854387+00:00
749927,124963,2025-03-01 17:48:30.036411+00:00,2025-03-02 09:32:50.854387+00:00
749927,79037,2025-03-01 17:48:30.036411+00:00,2025-03-02 09:32:50.854387+00:00
749927,111691,2025-03-01 17:48:30.036411+00:00,2025-03-02 09:32:50.854387+00:00
749927,83528,2025-03-01 17:48:30.036411+00:00,2025-03-02 09:32:50.854387+00:00
749927,100765,2025-03-01 17:48:30.036411+00:00,2025-03-02 09:32:50.854387+00:00
750253,120932,2025-03-01 17:48:30.036411+00:00,2025-03-02 09:32:50.854387+00:00
750253,480,2025-03-01 17:48:30.036411+00:00,2025-03-02 09:32:50.854387+00:00
750253,5530,2025-03-01 17:48:30.036411+00:00,2025-03-02 09:32:50.854387+00:00
750253,586000,2025-03-01 17:48:30.036411+00:00,2025-03-02 09:32:50.854387+00:00
750253,1047642,2025-03-01 17:48:30.036411+00:00,2025-03-02 09:32:50.854387+00:00
752616,79291,2025-03-01 17:48:30.036411+00:00,2025-03-02 09:32:50.854387+00:00
752616,931963,2025-03-01 17:48:30.036411+00:00,2025-03-02 09:32:50.854387+00:00
752623,18277,2025-03-01 17:48:30.036411+00:00,2025-03-02 09:32:50.854387+00:00
752623,38673,2025-03-01 17:48:30.036411+00:00,2025-03-02 09:32:50.854387+00:00
752623,1180099,2025-03-01 17:48:30.036411+00:00,2025-03-02 09:32:50.854387+00:00
752623,10980,2025-03-01 17:48:30.036411+00:00,2025-03-02 09:32:50.854387+00:00
752623,287,2025-03-01 17:48:30.036411+00:00,2025-03-02 09:32:50.854387+00:00
753091,1304595,2025-03-01 17:48:30.036411+00:00,2025-03-02 09:32:50.854387+00:00
753091,564844,2025-03-01 17:48:30.036411+00:00,2025-03-02 09:32:50.854387+00:00
753091,1470219,2025-03-01 17:48:30.036411+00:00,2025-03-02 09:32:50.854387+00:00
753091,85008,2025-03-01 17:48:30.036411+00:00,2025-03-02 09:32:50.854387+00:00
753091,1203792,2025-03-01 17:48:30.036411+00:00,2025-03-02 09:32:50.854387+00:00
753342,556356,2025-03-01 17:48:30.036411+00:00,2025-03-02 09:32:50.854387+00:00
753342,1231402,2025-03-01 17:48:30.036411+00:00,2025-03-02 09:32:50.854387+00:00
753342,73421,2025-03-01 17:48:30.036411+00:00,2025-03-02 09:32:50.854387+00:00
753342,4757,2025-03-01 17:48:30.036411+00:00,2025-03-02 09:32:50.854387+00:00
753342,81051,2025-03-01 17:48:30.036411+00:00,2025-03-02 09:32:50.854387+00:00
754067,24465,2025-03-01 17:48:30.036411+00:00,2025-03-02 09:32:50.854387+00:00
754067,54227,2025-03-01 17:48:30.036411+00:00,2025-03-02 09:32:50.854387+00:00
754067,54918,2025-03-01 17:48:30.036411+00:00,2025-03-02 09:32:50.854387+00:00
754067,10698,2025-03-01 17:48:30.036411+00:00,2025-03-02 09:32:50.854387+00:00
754067,2817795,2025-03-01 17:48:30.036411+00:00,2025-03-02 09:32:50.854387+00:00
755437,2475545,2025-03-01 17:48:30.036411+00:00,2025-03-02 09:32:50.854387+00:00
755437,560247,2025-03-01 17:48:30.036411+00:00,2025-03-02 09:32:50.854387+00:00
755437,224870,2025-03-01 17:48:30.036411+00:00,2025-03-02 09:32:50.854387+00:00
755437,1114063,2025-03-01 17:48:30.036411+00:00,2025-03-02 09:32:50.854387+00:00
755437,2619434,2025-03-01 17:48:30.036411+00:00,2025-03-02 09:32:50.854387+00:00
756198,130656,2025-03-01 17:48:30.036411+00:00,2025-03-02 09:32:50.854387+00:00
756198,79461,2025-03-01 17:48:30.036411+00:00,2025-03-02 09:32:50.854387+00:00
756198,1488361,2025-03-01 17:48:30.036411+00:00,2025-03-02 09:32:50.854387+00:00
756198,27778,2025-03-01 17:48:30.036411+00:00,2025-03-02 09:32:50.854387+00:00
756198,1496231,2025-03-01 17:48:30.036411+00:00,2025-03-02 09:32:50.854387+00:00
756999,1530558,2025-03-01 17:48:30.036411+00:00,2025-03-02 09:32:50.854387+00:00
756999,4654,2025-03-01 17:48:30.036411+00:00,2025-03-02 09:32:50.854387+00:00
756999,2803710,2025-03-01 17:48:30.036411+00:00,2025-03-02 09:32:50.854387+00:00
756999,41020,2025-03-01 17:48:30.036411+00:00,2025-03-02 09:32:50.854387+00:00
756999,569,2025-03-01 17:48:30.036411+00:00,2025-03-02 09:32:50.854387+00:00
757341,97085,2025-03-01 17:48:30.036411+00:00,2025-03-02 09:32:50.854387+00:00
757341,1069634,2025-03-01 17:48:30.036411+00:00,2025-03-02 09:32:50.854387+00:00
757341,19888,2025-03-01 17:48:30.036411+00:00,2025-03-02 09:32:50.854387+00:00
757341,6304,2025-03-01 17:48:30.036411+00:00,2025-03-02 09:32:50.854387+00:00
757341,587184,2025-03-01 17:48:30.036411+00:00,2025-03-02 09:32:50.854387+00:00
757999,2832611,2025-03-01 17:48:30.036411+00:00,2025-03-02 09:32:50.854387+00:00
757999,21577,2025-03-01 17:48:30.036411+00:00,2025-03-02 09:32:50.854387+00:00
757999,41029,2025-03-01 17:48:30.036411+00:00,2025-03-02 09:32:50.854387+00:00
757999,2832609,2025-03-01 17:48:30.036411+00:00,2025-03-02 09:32:50.854387+00:00
757999,1332479,2025-03-01 17:48:30.036411+00:00,2025-03-02 09:32:50.854387+00:00
758009,16866,2025-03-01 17:48:30.036411+00:00,2025-03-02 09:32:50.854387+00:00
758009,77069,2025-03-01 17:48:30.036411+00:00,2025-03-02 09:32:50.854387+00:00
758009,38334,2025-03-01 17:48:30.036411+00:00,2025-03-02 09:32:50.854387+00:00
758009,27396,2025-03-01 17:48:30.036411+00:00,2025-03-02 09:32:50.854387+00:00
758009,19536,2025-03-01 17:48:30.036411+00:00,2025-03-02 09:32:50.854387+00:00
758323,202032,2025-03-01 17:48:30.036411+00:00,2025-03-02 09:32:50.854387+00:00
758323,210454,2025-03-01 17:48:30.036411+00:00,2025-03-02 09:32:50.854387+00:00
758323,4041888,2025-03-01 17:48:30.036411+00:00,2025-03-02 09:32:50.854387+00:00
758323,1172147,2025-03-01 17:48:30.036411+00:00,2025-03-02 09:32:50.854387+00:00
758323,934,2025-03-01 17:48:30.036411+00:00,2025-03-02 09:32:50.854387+00:00
758866,3154127,2025-03-01 17:48:30.036411+00:00,2025-03-02 09:32:50.854387+00:00
758866,13250,2025-03-01 17:48:30.036411+00:00,2025-03-02 09:32:50.854387+00:00
758866,124402,2025-03-01 17:48:30.036411+00:00,2025-03-02 09:32:50.854387+00:00
758866,1509659,2025-03-01 17:48:30.036411+00:00,2025-03-02 09:32:50.854387+00:00
758866,121750,2025-03-01 17:48:30.036411+00:00,2025-03-02 09:32:50.854387+00:00
758891,1519026,2025-03-01 17:48:30.036411+00:00,2025-03-02 09:32:50.854387+00:00
758891,1627287,2025-03-01 17:48:30.036411+00:00,2025-03-02 09:32:50.854387+00:00
758891,1397016,2025-03-01 17:48:30.036411+00:00,2025-03-02 09:32:50.854387+00:00
758891,1993057,2025-03-01 17:48:30.036411+00:00,2025-03-02 09:32:50.854387+00:00
758891,3043697,2025-03-01 17:48:30.036411+00:00,2025-03-02 09:32:50.854387+00:00
759524,1281010,2025-03-01 17:48:30.036411+00:00,2025-03-02 09:32:50.854387+00:00
759524,4793661,2025-03-01 17:48:30.036411+00:00,2025-03-02 09:32:50.854387+00:00
759524,3117916,2025-03-01 17:48:30.036411+00:00,2025-03-02 09:32:50.854387+00:00
759524,1752375,2025-03-01 17:48:30.036411+00:00,2025-03-02 09:32:50.854387+00:00
759524,4793662,2025-03-01 17:48:30.036411+00:00,2025-03-02 09:32:50.854387+00:00
760161,2563029,2025-03-01 17:48:30.036411+00:00,2025-03-02 09:32:50.854387+00:00
760161,77517,2025-03-01 17:48:30.036411+00:00,2025-03-02 09:32:50.854387+00:00
760161,58014,2025-03-01 17:48:30.036411+00:00,2025-03-02 09:32:50.854387+00:00
760161,60719,2025-03-01 17:48:30.036411+00:00,2025-03-02 09:32:50.854387+00:00
760161,12041,2025-03-01 17:48:30.036411+00:00,2025-03-02 09:32:50.854387+00:00
760522,2978945,2025-03-01 17:48:30.036411+00:00,2025-03-02 09:32:50.854387+00:00
760522,2978946,2025-03-01 17:48:30.036411+00:00,2025-03-02 09:32:50.854387+00:00
760522,2978947,2025-03-01 17:48:30.036411+00:00,2025-03-02 09:32:50.854387+00:00
760522,2842928,2025-03-01 17:48:30.036411+00:00,2025-03-02 09:32:50.854387+00:00
760522,1595665,2025-03-01 17:48:30.036411+00:00,2025-03-02 09:32:50.854387+00:00
760758,559416,2025-03-01 17:48:30.036411+00:00,2025-03-02 09:32:50.854387+00:00
760758,2281921,2025-03-01 17:48:30.036411+00:00,2025-03-02 09:32:50.854387+00:00
760758,545825,2025-03-01 17:48:30.036411+00:00,2025-03-02 09:32:50.854387+00:00
760758,2212256,2025-03-01 17:48:30.036411+00:00,2025-03-02 09:32:50.854387+00:00
760758,3078341,2025-03-01 17:48:30.036411+00:00,2025-03-02 09:32:50.854387+00:00
760765,1736342,2025-03-01 17:48:30.036411+00:00,2025-03-02 09:32:50.854387+00:00
760765,1975222,2025-03-01 17:48:30.036411+00:00,2025-03-02 09:32:50.854387+00:00
760765,130651,2025-03-01 17:48:30.036411+00:00,2025-03-02 09:32:50.854387+00:00
760765,2208367,2025-03-01 17:48:30.036411+00:00,2025-03-02 09:32:50.854387+00:00
760765,1423159,2025-03-01 17:48:30.036411+00:00,2025-03-02 09:32:50.854387+00:00
760873,20508,2025-03-01 17:48:30.036411+00:00,2025-03-02 09:32:50.854387+00:00
760873,1479869,2025-03-01 17:48:30.036411+00:00,2025-03-02 09:32:50.854387+00:00
760873,453272,2025-03-01 17:48:30.036411+00:00,2025-03-02 09:32:50.854387+00:00
760873,23789,2025-03-01 17:48:30.036411+00:00,2025-03-02 09:32:50.854387+00:00
760873,1090062,2025-03-01 17:48:30.036411+00:00,2025-03-02 09:32:50.854387+00:00
760875,1155085,2025-03-01 17:48:30.036411+00:00,2025-03-02 09:32:50.854387+00:00
760875,883,2025-03-01 17:48:30.036411+00:00,2025-03-02 09:32:50.854387+00:00
760875,1717255,2025-03-01 17:48:30.036411+00:00,2025-03-02 09:32:50.854387+00:00
760875,1412094,2025-03-01 17:48:30.036411+00:00,2025-03-02 09:32:50.854387+00:00
760875,1010189,2025-03-01 17:48:30.036411+00:00,2025-03-02 09:32:50.854387+00:00
762079,1382466,2025-03-01 17:48:30.036411+00:00,2025-03-02 09:32:50.854387+00:00
762079,2750705,2025-03-01 17:48:30.036411+00:00,2025-03-02 09:32:50.854387+00:00
762079,2566616,2025-03-01 17:48:30.036411+00:00,2025-03-02 09:32:50.854387+00:00
762079,1975626,2025-03-01 17:48:30.036411+00:00,2025-03-02 09:32:50.854387+00:00
762079,1850235,2025-03-01 17:48:30.036411+00:00,2025-03-02 09:32:50.854387+00:00
762430,3896,2025-03-01 17:48:30.036411+00:00,2025-03-02 09:32:50.854387+00:00
762430,1895760,2025-03-01 17:48:30.036411+00:00,2025-03-02 09:32:50.854387+00:00
762430,1829985,2025-03-01 17:48:30.036411+00:00,2025-03-02 09:32:50.854387+00:00
762430,8654,2025-03-01 17:48:30.036411+00:00,2025-03-02 09:32:50.854387+00:00
762430,517103,2025-03-01 17:48:30.036411+00:00,2025-03-02 09:32:50.854387+00:00
762433,1964521,2025-03-01 17:48:30.036411+00:00,2025-03-02 09:32:50.854387+00:00
762433,1378239,2025-03-01 17:48:30.036411+00:00,2025-03-02 09:32:50.854387+00:00
762433,56843,2025-03-01 17:48:30.036411+00:00,2025-03-02 09:32:50.854387+00:00
762433,2313632,2025-03-01 17:48:30.036411+00:00,2025-03-02 09:32:50.854387+00:00
762433,569,2025-03-01 17:48:30.036411+00:00,2025-03-02 09:32:50.854387+00:00
762441,1847948,2025-03-01 17:48:30.036411+00:00,2025-03-02 09:32:50.854387+00:00
762441,934281,2025-03-01 17:48:30.036411+00:00,2025-03-02 09:32:50.854387+00:00
762441,938,2025-03-01 17:48:30.036411+00:00,2025-03-02 09:32:50.854387+00:00
762441,1267329,2025-03-01 17:48:30.036411+00:00,2025-03-02 09:32:50.854387+00:00
762441,1597365,2025-03-01 17:48:30.036411+00:00,2025-03-02 09:32:50.854387+00:00
762509,1344361,2025-03-01 17:48:30.036411+00:00,2025-03-02 09:32:50.854387+00:00
762509,1251835,2025-03-01 17:48:30.036411+00:00,2025-03-02 09:32:50.854387+00:00
762509,1074676,2025-03-01 17:48:30.036411+00:00,2025-03-02 09:32:50.854387+00:00
762509,107529,2025-03-01 17:48:30.036411+00:00,2025-03-02 09:32:50.854387+00:00
762509,1763709,2025-03-01 17:48:30.036411+00:00,2025-03-02 09:32:50.854387+00:00
763164,2203,2025-03-01 17:48:30.036411+00:00,2025-03-02 09:32:50.854387+00:00
763164,63564,2025-03-01 17:48:30.036411+00:00,2025-03-02 09:32:50.854387+00:00
763164,77109,2025-03-01 17:48:30.036411+00:00,2025-03-02 09:32:50.854387+00:00
763164,203630,2025-03-01 17:48:30.036411+00:00,2025-03-02 09:32:50.854387+00:00
763164,62,2025-03-01 17:48:30.036411+00:00,2025-03-02 09:32:50.854387+00:00
763285,39213,2025-03-01 17:48:30.036411+00:00,2025-03-02 09:32:50.854387+00:00
763285,131,2025-03-01 17:48:30.036411+00:00,2025-03-02 09:32:50.854387+00:00
763285,1222992,2025-03-01 17:48:30.036411+00:00,2025-03-02 09:32:50.854387+00:00
763285,39520,2025-03-01 17:48:30.036411+00:00,2025-03-02 09:32:50.854387+00:00
763285,1639847,2025-03-01 17:48:30.036411+00:00,2025-03-02 09:32:50.854387+00:00
763539,1960184,2025-03-01 17:48:30.036411+00:00,2025-03-02 09:32:50.854387+00:00
763539,1137368,2025-03-01 17:48:30.036411+00:00,2025-03-02 09:32:50.854387+00:00
763539,67940,2025-03-01 17:48:30.036411+00:00,2025-03-02 09:32:50.854387+00:00
763539,1214551,2025-03-01 17:48:30.036411+00:00,2025-03-02 09:32:50.854387+00:00
763539,111526,2025-03-01 17:48:30.036411+00:00,2025-03-02 09:32:50.854387+00:00
764425,2860039,2025-03-01 17:48:30.036411+00:00,2025-03-02 09:32:50.854387+00:00
764425,2860036,2025-03-01 17:48:30.036411+00:00,2025-03-02 09:32:50.854387+00:00
764810,1106956,2025-03-01 17:48:30.036411+00:00,2025-03-02 09:32:50.854387+00:00
764810,1561875,2025-03-01 17:48:30.036411+00:00,2025-03-02 09:32:50.854387+00:00
764810,1095435,2025-03-01 17:48:30.036411+00:00,2025-03-02 09:32:50.854387+00:00
764810,1488724,2025-03-01 17:48:30.036411+00:00,2025-03-02 09:32:50.854387+00:00
764810,147800,2025-03-01 17:48:30.036411+00:00,2025-03-02 09:32:50.854387+00:00
764835,155483,2025-03-01 17:48:30.036411+00:00,2025-03-02 09:32:50.854387+00:00
764835,1558012,2025-03-01 17:48:30.036411+00:00,2025-03-02 09:32:50.854387+00:00
764835,3086855,2025-03-01 17:48:30.036411+00:00,2025-03-02 09:32:50.854387+00:00
764835,3489,2025-03-01 17:48:30.036411+00:00,2025-03-02 09:32:50.854387+00:00
764835,3444407,2025-03-01 17:48:30.036411+00:00,2025-03-02 09:32:50.854387+00:00
766475,34551,2025-03-01 17:48:30.036411+00:00,2025-03-02 09:32:50.854387+00:00
766475,6807,2025-03-01 17:48:30.036411+00:00,2025-03-02 09:32:50.854387+00:00
766475,36592,2025-03-01 17:48:30.036411+00:00,2025-03-02 09:32:50.854387+00:00
766475,47720,2025-03-01 17:48:30.036411+00:00,2025-03-02 09:32:50.854387+00:00
766475,3490,2025-03-01 17:48:30.036411+00:00,2025-03-02 09:32:50.854387+00:00
766798,25258,2025-03-01 17:48:30.036411+00:00,2025-03-02 09:32:50.854387+00:00
766798,955,2025-03-01 17:48:30.036411+00:00,2025-03-02 09:32:50.854387+00:00
766798,37946,2025-03-01 17:48:30.036411+00:00,2025-03-02 09:32:50.854387+00:00
766798,2560224,2025-03-01 17:48:30.036411+00:00,2025-03-02 09:32:50.854387+00:00
766798,1313220,2025-03-01 17:48:30.036411+00:00,2025-03-02 09:32:50.854387+00:00
766907,2725451,2025-03-01 17:48:30.036411+00:00,2025-03-02 09:32:50.854387+00:00
766907,3349428,2025-03-01 17:48:30.036411+00:00,2025-03-02 09:32:50.854387+00:00
766907,62,2025-03-01 17:48:30.036411+00:00,2025-03-02 09:32:50.854387+00:00
766907,1582459,2025-03-01 17:48:30.036411+00:00,2025-03-02 09:32:50.854387+00:00
766907,1724556,2025-03-01 17:48:30.036411+00:00,2025-03-02 09:32:50.854387+00:00
767246,1174366,2025-03-01 17:48:30.036411+00:00,2025-03-02 09:32:50.854387+00:00
767246,1580562,2025-03-01 17:48:30.036411+00:00,2025-03-02 09:32:50.854387+00:00
767246,126717,2025-03-01 17:48:30.036411+00:00,2025-03-02 09:32:50.854387+00:00
767246,1186305,2025-03-01 17:48:30.036411+00:00,2025-03-02 09:32:50.854387+00:00
767246,85962,2025-03-01 17:48:30.036411+00:00,2025-03-02 09:32:50.854387+00:00
768362,82093,2025-03-01 17:48:30.036411+00:00,2025-03-02 09:32:50.854387+00:00
768362,357551,2025-03-01 17:48:30.036411+00:00,2025-03-02 09:32:50.854387+00:00
768362,2131,2025-03-01 17:48:30.036411+00:00,2025-03-02 09:32:50.854387+00:00
768362,22462,2025-03-01 17:48:30.036411+00:00,2025-03-02 09:32:50.854387+00:00
768362,1344344,2025-03-01 17:48:30.036411+00:00,2025-03-02 09:32:50.854387+00:00
768726,3220933,2025-03-01 17:48:30.036411+00:00,2025-03-02 09:32:50.854387+00:00
768726,1238521,2025-03-01 17:48:30.036411+00:00,2025-03-02 09:32:50.854387+00:00
768726,2997171,2025-03-01 17:48:30.036411+00:00,2025-03-02 09:32:50.854387+00:00
768726,1238531,2025-03-01 17:48:30.036411+00:00,2025-03-02 09:32:50.854387+00:00
768726,3220932,2025-03-01 17:48:30.036411+00:00,2025-03-02 09:32:50.854387+00:00
769802,1035980,2025-03-01 17:48:30.036411+00:00,2025-03-02 09:32:50.854387+00:00
769802,1356718,2025-03-01 17:48:30.036411+00:00,2025-03-02 09:32:50.854387+00:00
769802,2197808,2025-03-01 17:48:30.036411+00:00,2025-03-02 09:32:50.854387+00:00
769802,543138,2025-03-01 17:48:30.036411+00:00,2025-03-02 09:32:50.854387+00:00
769802,103648,2025-03-01 17:48:30.036411+00:00,2025-03-02 09:32:50.854387+00:00
769850,2615518,2025-03-01 17:48:30.036411+00:00,2025-03-02 09:32:50.854387+00:00
769850,2874454,2025-03-01 17:48:30.036411+00:00,2025-03-02 09:32:50.854387+00:00
771077,146287,2025-03-01 17:48:30.036411+00:00,2025-03-02 09:32:50.854387+00:00
771077,41877,2025-03-01 17:48:30.036411+00:00,2025-03-02 09:32:50.854387+00:00
771077,6020,2025-03-01 17:48:30.036411+00:00,2025-03-02 09:32:50.854387+00:00
771077,2879089,2025-03-01 17:48:30.036411+00:00,2025-03-02 09:32:50.854387+00:00
771077,78124,2025-03-01 17:48:30.036411+00:00,2025-03-02 09:32:50.854387+00:00
772148,3627,2025-03-01 17:48:30.036411+00:00,2025-03-02 09:32:50.854387+00:00
772148,147333,2025-03-01 17:48:30.036411+00:00,2025-03-02 09:32:50.854387+00:00
772148,956987,2025-03-01 17:48:30.036411+00:00,2025-03-02 09:32:50.854387+00:00
772148,96688,2025-03-01 17:48:30.036411+00:00,2025-03-02 09:32:50.854387+00:00
772148,227071,2025-03-01 17:48:30.036411+00:00,2025-03-02 09:32:50.854387+00:00
772450,1775557,2025-03-01 17:48:30.036411+00:00,2025-03-02 09:32:50.854387+00:00
772450,3577420,2025-03-01 17:48:30.036411+00:00,2025-03-02 09:32:50.854387+00:00
772450,3688718,2025-03-01 17:48:30.036411+00:00,2025-03-02 09:32:50.854387+00:00
772450,2984544,2025-03-01 17:48:30.036411+00:00,2025-03-02 09:32:50.854387+00:00
772450,110424,2025-03-01 17:48:30.036411+00:00,2025-03-02 09:32:50.854387+00:00
773910,150242,2025-03-01 17:48:30.036411+00:00,2025-03-02 09:32:50.854387+00:00
773910,2943957,2025-03-01 17:48:30.036411+00:00,2025-03-02 09:32:50.854387+00:00
773910,998412,2025-03-01 17:48:30.036411+00:00,2025-03-02 09:32:50.854387+00:00
773910,2644771,2025-03-01 17:48:30.036411+00:00,2025-03-02 09:32:50.854387+00:00
773910,1233094,2025-03-01 17:48:30.036411+00:00,2025-03-02 09:32:50.854387+00:00
774021,52507,2025-03-01 17:48:30.036411+00:00,2025-03-02 09:32:50.854387+00:00
774021,152820,2025-03-01 17:48:30.036411+00:00,2025-03-02 09:32:50.854387+00:00
774021,134708,2025-03-01 17:48:30.036411+00:00,2025-03-02 09:32:50.854387+00:00
774021,43903,2025-03-01 17:48:30.036411+00:00,2025-03-02 09:32:50.854387+00:00
774021,97599,2025-03-01 17:48:30.036411+00:00,2025-03-02 09:32:50.854387+00:00
774343,6020,2025-03-01 17:48:30.036411+00:00,2025-03-02 09:32:50.854387+00:00
774343,60654,2025-03-01 17:48:30.036411+00:00,2025-03-02 09:32:50.854387+00:00
774343,121529,2025-03-01 17:48:30.036411+00:00,2025-03-02 09:32:50.854387+00:00
774343,19117,2025-03-01 17:48:30.036411+00:00,2025-03-02 09:32:50.854387+00:00
774343,40883,2025-03-01 17:48:30.036411+00:00,2025-03-02 09:32:50.854387+00:00
774548,1374543,2025-03-01 17:48:30.036411+00:00,2025-03-02 09:32:50.854387+00:00
774548,1095818,2025-03-01 17:48:30.036411+00:00,2025-03-02 09:32:50.854387+00:00
774548,1715383,2025-03-01 17:48:30.036411+00:00,2025-03-02 09:32:50.854387+00:00
774548,564844,2025-03-01 17:48:30.036411+00:00,2025-03-02 09:32:50.854387+00:00
774548,1222330,2025-03-01 17:48:30.036411+00:00,2025-03-02 09:32:50.854387+00:00
776542,1274229,2025-03-01 17:48:30.036411+00:00,2025-03-02 09:32:50.854387+00:00
776542,15480,2025-03-01 17:48:30.036411+00:00,2025-03-02 09:32:50.854387+00:00
776542,40501,2025-03-01 17:48:30.036411+00:00,2025-03-02 09:32:50.854387+00:00
776542,1432056,2025-03-01 17:48:30.036411+00:00,2025-03-02 09:32:50.854387+00:00
776542,2918039,2025-03-01 17:48:30.036411+00:00,2025-03-02 09:32:50.854387+00:00
777270,1254583,2025-03-01 17:48:30.036411+00:00,2025-03-02 09:32:50.854387+00:00
777270,3065081,2025-03-01 17:48:30.036411+00:00,2025-03-02 09:32:50.854387+00:00
777270,3232669,2025-03-01 17:48:30.036411+00:00,2025-03-02 09:32:50.854387+00:00
777270,147056,2025-03-01 17:48:30.036411+00:00,2025-03-02 09:32:50.854387+00:00
777270,5309,2025-03-01 17:48:30.036411+00:00,2025-03-02 09:32:50.854387+00:00
778810,11181,2025-03-01 17:48:30.036411+00:00,2025-03-02 09:32:50.854387+00:00
778810,1173984,2025-03-01 17:48:30.036411+00:00,2025-03-02 09:32:50.854387+00:00
778810,1758092,2025-03-01 17:48:30.036411+00:00,2025-03-02 09:32:50.854387+00:00
778810,8332,2025-03-01 17:48:30.036411+00:00,2025-03-02 09:32:50.854387+00:00
778810,1748,2025-03-01 17:48:30.036411+00:00,2025-03-02 09:32:50.854387+00:00
778855,3034407,2025-03-01 17:48:30.036411+00:00,2025-03-02 09:32:50.854387+00:00
778855,2204541,2025-03-01 17:48:30.036411+00:00,2025-03-02 09:32:50.854387+00:00
778855,2452432,2025-03-01 17:48:30.036411+00:00,2025-03-02 09:32:50.854387+00:00
778855,2204537,2025-03-01 17:48:30.036411+00:00,2025-03-02 09:32:50.854387+00:00
778855,149684,2025-03-01 17:48:30.036411+00:00,2025-03-02 09:32:50.854387+00:00
781453,56285,2025-03-01 17:48:30.036411+00:00,2025-03-02 09:32:50.854387+00:00
781453,5077,2025-03-01 17:48:30.036411+00:00,2025-03-02 09:32:50.854387+00:00
781453,123989,2025-03-01 17:48:30.036411+00:00,2025-03-02 09:32:50.854387+00:00
781453,6020,2025-03-01 17:48:30.036411+00:00,2025-03-02 09:32:50.854387+00:00
781453,146212,2025-03-01 17:48:30.036411+00:00,2025-03-02 09:32:50.854387+00:00
781816,1256603,2025-03-01 17:48:30.036411+00:00,2025-03-02 09:32:50.854387+00:00
781816,3015905,2025-03-01 17:48:30.036411+00:00,2025-03-02 09:32:50.854387+00:00
781816,135200,2025-03-01 17:48:30.036411+00:00,2025-03-02 09:32:50.854387+00:00
781816,3045939,2025-03-01 17:48:30.036411+00:00,2025-03-02 09:32:50.854387+00:00
781816,545825,2025-03-01 17:48:30.036411+00:00,2025-03-02 09:32:50.854387+00:00
782044,1308875,2025-03-01 17:48:30.036411+00:00,2025-03-02 09:32:50.854387+00:00
782044,1330569,2025-03-01 17:48:30.036411+00:00,2025-03-02 09:32:50.854387+00:00
782044,14593,2025-03-01 17:48:30.036411+00:00,2025-03-02 09:32:50.854387+00:00
782044,1282673,2025-03-01 17:48:30.036411+00:00,2025-03-02 09:32:50.854387+00:00
782044,2203295,2025-03-01 17:48:30.036411+00:00,2025-03-02 09:32:50.854387+00:00
782054,9715,2025-03-01 17:48:30.036411+00:00,2025-03-02 09:32:50.854387+00:00
782054,1241939,2025-03-01 17:48:30.036411+00:00,2025-03-02 09:32:50.854387+00:00
782054,1142780,2025-03-01 17:48:30.036411+00:00,2025-03-02 09:32:50.854387+00:00
782054,90567,2025-03-01 17:48:30.036411+00:00,2025-03-02 09:32:50.854387+00:00
782054,932986,2025-03-01 17:48:30.036411+00:00,2025-03-02 09:32:50.854387+00:00
782648,1079533,2025-03-01 17:48:30.036411+00:00,2025-03-02 09:32:50.854387+00:00
782648,1105143,2025-03-01 17:48:30.036411+00:00,2025-03-02 09:32:50.854387+00:00
782648,762,2025-03-01 17:48:30.036411+00:00,2025-03-02 09:32:50.854387+00:00
782648,3622186,2025-03-01 17:48:30.036411+00:00,2025-03-02 09:32:50.854387+00:00
782648,1187039,2025-03-01 17:48:30.036411+00:00,2025-03-02 09:32:50.854387+00:00
782936,1494902,2025-03-01 17:48:30.036411+00:00,2025-03-02 09:32:50.854387+00:00
782936,2983,2025-03-01 17:48:30.036411+00:00,2025-03-02 09:32:50.854387+00:00
782936,4856396,2025-03-01 17:48:30.036411+00:00,2025-03-02 09:32:50.854387+00:00
782936,10912,2025-03-01 17:48:30.036411+00:00,2025-03-02 09:32:50.854387+00:00
782936,2607591,2025-03-01 17:48:30.036411+00:00,2025-03-02 09:32:50.854387+00:00
783110,571172,2025-03-01 17:48:30.036411+00:00,2025-03-02 09:32:50.854387+00:00
783110,1295417,2025-03-01 17:48:30.036411+00:00,2025-03-02 09:32:50.854387+00:00
783110,37939,2025-03-01 17:48:30.036411+00:00,2025-03-02 09:32:50.854387+00:00
783110,127564,2025-03-01 17:48:30.036411+00:00,2025-03-02 09:32:50.854387+00:00
783110,146245,2025-03-01 17:48:30.036411+00:00,2025-03-02 09:32:50.854387+00:00
783111,572172,2025-03-01 17:48:30.036411+00:00,2025-03-02 09:32:50.854387+00:00
783111,115290,2025-03-01 17:48:30.036411+00:00,2025-03-02 09:32:50.854387+00:00
783111,1223316,2025-03-01 17:48:30.036411+00:00,2025-03-02 09:32:50.854387+00:00
783111,1336804,2025-03-01 17:48:30.036411+00:00,2025-03-02 09:32:50.854387+00:00
783111,551682,2025-03-01 17:48:30.036411+00:00,2025-03-02 09:32:50.854387+00:00
783121,2049991,2025-03-01 17:48:30.036411+00:00,2025-03-02 09:32:50.854387+00:00
783121,1376106,2025-03-01 17:48:30.036411+00:00,2025-03-02 09:32:50.854387+00:00
783121,99687,2025-03-01 17:48:30.036411+00:00,2025-03-02 09:32:50.854387+00:00
783121,25246,2025-03-01 17:48:30.036411+00:00,2025-03-02 09:32:50.854387+00:00
783121,78253,2025-03-01 17:48:30.036411+00:00,2025-03-02 09:32:50.854387+00:00
783675,225603,2025-03-01 17:48:30.036411+00:00,2025-03-02 09:32:50.854387+00:00
783675,2748780,2025-03-01 17:48:30.036411+00:00,2025-03-02 09:32:50.854387+00:00
783675,1971814,2025-03-01 17:48:30.036411+00:00,2025-03-02 09:32:50.854387+00:00
783675,1142780,2025-03-01 17:48:30.036411+00:00,2025-03-02 09:32:50.854387+00:00
783675,2369258,2025-03-01 17:48:30.036411+00:00,2025-03-02 09:32:50.854387+00:00
783740,1017332,2025-03-01 17:48:30.036411+00:00,2025-03-02 09:32:50.854387+00:00
783740,1662729,2025-03-01 17:48:30.036411+00:00,2025-03-02 09:32:50.854387+00:00
783740,2270252,2025-03-01 17:48:30.036411+00:00,2025-03-02 09:32:50.854387+00:00
783740,1354895,2025-03-01 17:48:30.036411+00:00,2025-03-02 09:32:50.854387+00:00
783740,1012320,2025-03-01 17:48:30.036411+00:00,2025-03-02 09:32:50.854387+00:00
785084,2206,2025-03-01 17:48:30.036411+00:00,2025-03-02 09:32:50.854387+00:00
785084,18269,2025-03-01 17:48:30.036411+00:00,2025-03-02 09:32:50.854387+00:00
785084,1360317,2025-03-01 17:48:30.036411+00:00,2025-03-02 09:32:50.854387+00:00
785084,1590797,2025-03-01 17:48:30.036411+00:00,2025-03-02 09:32:50.854387+00:00
785084,17181,2025-03-01 17:48:30.036411+00:00,2025-03-02 09:32:50.854387+00:00
785398,1873160,2025-03-01 17:48:30.036411+00:00,2025-03-02 09:32:50.854387+00:00
785398,1482162,2025-03-01 17:48:30.036411+00:00,2025-03-02 09:32:50.854387+00:00
785398,17882,2025-03-01 17:48:30.036411+00:00,2025-03-02 09:32:50.854387+00:00
785398,1526594,2025-03-01 17:48:30.036411+00:00,2025-03-02 09:32:50.854387+00:00
785398,3511048,2025-03-01 17:48:30.036411+00:00,2025-03-02 09:32:50.854387+00:00
785429,561869,2025-03-01 17:48:30.036411+00:00,2025-03-02 09:32:50.854387+00:00
785429,4784,2025-03-01 17:48:30.036411+00:00,2025-03-02 09:32:50.854387+00:00
785429,2261102,2025-03-01 17:48:30.036411+00:00,2025-03-02 09:32:50.854387+00:00
785429,1332971,2025-03-01 17:48:30.036411+00:00,2025-03-02 09:32:50.854387+00:00
785429,938,2025-03-01 17:48:30.036411+00:00,2025-03-02 09:32:50.854387+00:00
785980,1288047,2025-03-01 17:48:30.036411+00:00,2025-03-02 09:32:50.854387+00:00
785980,47820,2025-03-01 17:48:30.036411+00:00,2025-03-02 09:32:50.854387+00:00
785980,24891,2025-03-01 17:48:30.036411+00:00,2025-03-02 09:32:50.854387+00:00
785980,20234,2025-03-01 17:48:30.036411+00:00,2025-03-02 09:32:50.854387+00:00
785980,19360,2025-03-01 17:48:30.036411+00:00,2025-03-02 09:32:50.854387+00:00
786064,1837688,2025-03-01 17:48:30.036411+00:00,2025-03-02 09:32:50.854387+00:00
786064,930731,2025-03-01 17:48:30.036411+00:00,2025-03-02 09:32:50.854387+00:00
786064,2963356,2025-03-01 17:48:30.036411+00:00,2025-03-02 09:32:50.854387+00:00
786064,2963385,2025-03-01 17:48:30.036411+00:00,2025-03-02 09:32:50.854387+00:00
786064,2937356,2025-03-01 17:48:30.036411+00:00,2025-03-02 09:32:50.854387+00:00
786892,2431565,2025-03-01 17:48:30.036411+00:00,2025-03-02 09:32:50.854387+00:00
786892,1397778,2025-03-01 17:48:30.036411+00:00,2025-03-02 09:32:50.854387+00:00
786892,74568,2025-03-01 17:48:30.036411+00:00,2025-03-02 09:32:50.854387+00:00
786892,52891,2025-03-01 17:48:30.036411+00:00,2025-03-02 09:32:50.854387+00:00
786892,148899,2025-03-01 17:48:30.036411+00:00,2025-03-02 09:32:50.854387+00:00
786977,142689,2025-03-01 17:48:30.036411+00:00,2025-03-02 09:32:50.854387+00:00
786977,19068,2025-03-01 17:48:30.036411+00:00,2025-03-02 09:32:50.854387+00:00
786977,1280476,2025-03-01 17:48:30.036411+00:00,2025-03-02 09:32:50.854387+00:00
786977,24683,2025-03-01 17:48:30.036411+00:00,2025-03-02 09:32:50.854387+00:00
786977,983929,2025-03-01 17:48:30.036411+00:00,2025-03-02 09:32:50.854387+00:00
787699,298410,2025-03-01 17:48:30.036411+00:00,2025-03-02 09:32:50.854387+00:00
787699,1939373,2025-03-01 17:48:30.036411+00:00,2025-03-02 09:32:50.854387+00:00
787699,1190668,2025-03-01 17:48:30.036411+00:00,2025-03-02 09:32:50.854387+00:00
787699,3291,2025-03-01 17:48:30.036411+00:00,2025-03-02 09:32:50.854387+00:00
787699,19868,2025-03-01 17:48:30.036411+00:00,2025-03-02 09:32:50.854387+00:00
787791,4273,2025-03-01 17:48:30.036411+00:00,2025-03-02 09:32:50.854387+00:00
787791,4460,2025-03-01 17:48:30.036411+00:00,2025-03-02 09:32:50.854387+00:00
787791,221581,2025-03-01 17:48:30.036411+00:00,2025-03-02 09:32:50.854387+00:00
787791,206161,2025-03-01 17:48:30.036411+00:00,2025-03-02 09:32:50.854387+00:00
787791,182327,2025-03-01 17:48:30.036411+00:00,2025-03-02 09:32:50.854387+00:00
788030,16927,2025-03-01 17:48:30.036411+00:00,2025-03-02 09:32:50.854387+00:00
788030,910944,2025-03-01 17:48:30.036411+00:00,2025-03-02 09:32:50.854387+00:00
788030,19161,2025-03-01 17:48:30.036411+00:00,2025-03-02 09:32:50.854387+00:00
788030,1437681,2025-03-01 17:48:30.036411+00:00,2025-03-02 09:32:50.854387+00:00
788030,555190,2025-03-01 17:48:30.036411+00:00,2025-03-02 09:32:50.854387+00:00
788734,1107287,2025-03-01 17:48:30.036411+00:00,2025-03-02 09:32:50.854387+00:00
788734,2571053,2025-03-01 17:48:30.036411+00:00,2025-03-02 09:32:50.854387+00:00
788734,3507183,2025-03-01 17:48:30.036411+00:00,2025-03-02 09:32:50.854387+00:00
788734,2079854,2025-03-01 17:48:30.036411+00:00,2025-03-02 09:32:50.854387+00:00
788734,3507185,2025-03-01 17:48:30.036411+00:00,2025-03-02 09:32:50.854387+00:00
788977,52685,2025-03-01 17:48:30.036411+00:00,2025-03-02 09:32:50.854387+00:00
788977,57012,2025-03-01 17:48:30.036411+00:00,2025-03-02 09:32:50.854387+00:00
788977,1260004,2025-03-01 17:48:30.036411+00:00,2025-03-02 09:32:50.854387+00:00
788977,24289,2025-03-01 17:48:30.036411+00:00,2025-03-02 09:32:50.854387+00:00
788977,146358,2025-03-01 17:48:30.036411+00:00,2025-03-02 09:32:50.854387+00:00
789171,32203,2025-03-01 17:48:30.036411+00:00,2025-03-02 09:32:50.854387+00:00
789171,203637,2025-03-01 17:48:30.036411+00:00,2025-03-02 09:32:50.854387+00:00
789171,1251567,2025-03-01 17:48:30.036411+00:00,2025-03-02 09:32:50.854387+00:00
789171,7220,2025-03-01 17:48:30.036411+00:00,2025-03-02 09:32:50.854387+00:00
789171,5588,2025-03-01 17:48:30.036411+00:00,2025-03-02 09:32:50.854387+00:00
789910,2094251,2025-03-01 17:48:30.036411+00:00,2025-03-02 09:32:50.854387+00:00
789910,2316734,2025-03-01 17:48:30.036411+00:00,2025-03-02 09:32:50.854387+00:00
789910,2576659,2025-03-01 17:48:30.036411+00:00,2025-03-02 09:32:50.854387+00:00
791177,1353827,2025-03-01 17:48:30.036411+00:00,2025-03-02 09:32:50.854387+00:00
791177,40900,2025-03-01 17:48:30.036411+00:00,2025-03-02 09:32:50.854387+00:00
791177,1190668,2025-03-01 17:48:30.036411+00:00,2025-03-02 09:32:50.854387+00:00
791177,459980,2025-03-01 17:48:30.036411+00:00,2025-03-02 09:32:50.854387+00:00
791177,2895589,2025-03-01 17:48:30.036411+00:00,2025-03-02 09:32:50.854387+00:00
791570,2014560,2025-03-01 17:48:30.036411+00:00,2025-03-02 09:32:50.854387+00:00
791570,2647155,2025-03-01 17:48:30.036411+00:00,2025-03-02 09:32:50.854387+00:00
791570,1812766,2025-03-01 17:48:30.036411+00:00,2025-03-02 09:32:50.854387+00:00
791570,1471864,2025-03-01 17:48:30.036411+00:00,2025-03-02 09:32:50.854387+00:00
791570,1732473,2025-03-01 17:48:30.036411+00:00,2025-03-02 09:32:50.854387+00:00
792293,94185,2025-03-01 17:48:30.036411+00:00,2025-03-02 09:32:50.854387+00:00
792293,1427948,2025-03-01 17:48:30.036411+00:00,2025-03-02 09:32:50.854387+00:00
792293,59174,2025-03-01 17:48:30.036411+00:00,2025-03-02 09:32:50.854387+00:00
792293,19274,2025-03-01 17:48:30.036411+00:00,2025-03-02 09:32:50.854387+00:00
792293,17142,2025-03-01 17:48:30.036411+00:00,2025-03-02 09:32:50.854387+00:00
792307,984629,2025-03-01 17:48:30.036411+00:00,2025-03-02 09:32:50.854387+00:00
792307,54693,2025-03-01 17:48:30.036411+00:00,2025-03-02 09:32:50.854387+00:00
792307,1382987,2025-03-01 17:48:30.036411+00:00,2025-03-02 09:32:50.854387+00:00
792307,5293,2025-03-01 17:48:30.036411+00:00,2025-03-02 09:32:50.854387+00:00
792307,103,2025-03-01 17:48:30.036411+00:00,2025-03-02 09:32:50.854387+00:00
792678,115700,2025-03-01 17:48:30.036411+00:00,2025-03-02 09:32:50.854387+00:00
792678,572020,2025-03-01 17:48:30.036411+00:00,2025-03-02 09:32:50.854387+00:00
792678,124402,2025-03-01 17:48:30.036411+00:00,2025-03-02 09:32:50.854387+00:00
792678,585211,2025-03-01 17:48:30.036411+00:00,2025-03-02 09:32:50.854387+00:00
792678,1906684,2025-03-01 17:48:30.036411+00:00,2025-03-02 09:32:50.854387+00:00
792775,582285,2025-03-01 17:48:30.036411+00:00,2025-03-02 09:32:50.854387+00:00
792775,544973,2025-03-01 17:48:30.036411+00:00,2025-03-02 09:32:50.854387+00:00
792775,1332207,2025-03-01 17:48:30.036411+00:00,2025-03-02 09:32:50.854387+00:00
792775,42668,2025-03-01 17:48:30.036411+00:00,2025-03-02 09:32:50.854387+00:00
792775,1113248,2025-03-01 17:48:30.036411+00:00,2025-03-02 09:32:50.854387+00:00
793392,1749240,2025-03-01 17:48:30.036411+00:00,2025-03-02 09:32:50.854387+00:00
793392,1402818,2025-03-01 17:48:30.036411+00:00,2025-03-02 09:32:50.854387+00:00
793392,1017332,2025-03-01 17:48:30.036411+00:00,2025-03-02 09:32:50.854387+00:00
793392,1018399,2025-03-01 17:48:30.036411+00:00,2025-03-02 09:32:50.854387+00:00
793392,1072267,2025-03-01 17:48:30.036411+00:00,2025-03-02 09:32:50.854387+00:00
793998,1793346,2025-03-01 17:48:30.036411+00:00,2025-03-02 09:32:50.854387+00:00
793998,1021689,2025-03-01 17:48:30.036411+00:00,2025-03-02 09:32:50.854387+00:00
793998,231457,2025-03-01 17:48:30.036411+00:00,2025-03-02 09:32:50.854387+00:00
793998,1442550,2025-03-01 17:48:30.036411+00:00,2025-03-02 09:32:50.854387+00:00
793998,146287,2025-03-01 17:48:30.036411+00:00,2025-03-02 09:32:50.854387+00:00
794234,1252846,2025-03-01 17:48:30.036411+00:00,2025-03-02 09:32:50.854387+00:00
794234,1036879,2025-03-01 17:48:30.036411+00:00,2025-03-02 09:32:50.854387+00:00
794234,1165384,2025-03-01 17:48:30.036411+00:00,2025-03-02 09:32:50.854387+00:00
794234,1167055,2025-03-01 17:48:30.036411+00:00,2025-03-02 09:32:50.854387+00:00
794234,85226,2025-03-01 17:48:30.036411+00:00,2025-03-02 09:32:50.854387+00:00
794246,1413811,2025-03-01 17:48:30.036411+00:00,2025-03-02 09:32:50.854387+00:00
794246,80589,2025-03-01 17:48:30.036411+00:00,2025-03-02 09:32:50.854387+00:00
794246,7707,2025-03-01 17:48:30.036411+00:00,2025-03-02 09:32:50.854387+00:00
794246,1107182,2025-03-01 17:48:30.036411+00:00,2025-03-02 09:32:50.854387+00:00
794246,1138749,2025-03-01 17:48:30.036411+00:00,2025-03-02 09:32:50.854387+00:00
794719,66155,2025-03-01 17:48:30.036411+00:00,2025-03-02 09:32:50.854387+00:00
794719,230659,2025-03-01 17:48:30.036411+00:00,2025-03-02 09:32:50.854387+00:00
794719,111691,2025-03-01 17:48:30.036411+00:00,2025-03-02 09:32:50.854387+00:00
794719,1671407,2025-03-01 17:48:30.036411+00:00,2025-03-02 09:32:50.854387+00:00
794719,72605,2025-03-01 17:48:30.036411+00:00,2025-03-02 09:32:50.854387+00:00
794721,27788,2025-03-01 17:48:30.036411+00:00,2025-03-02 09:32:50.854387+00:00
794721,572020,2025-03-01 17:48:30.036411+00:00,2025-03-02 09:32:50.854387+00:00
794721,1388624,2025-03-01 17:48:30.036411+00:00,2025-03-02 09:32:50.854387+00:00
794721,66155,2025-03-01 17:48:30.036411+00:00,2025-03-02 09:32:50.854387+00:00
794721,1029718,2025-03-01 17:48:30.036411+00:00,2025-03-02 09:32:50.854387+00:00
795254,2971580,2025-03-01 17:48:30.036411+00:00,2025-03-02 09:32:50.854387+00:00
795254,128224,2025-03-01 17:48:30.036411+00:00,2025-03-02 09:32:50.854387+00:00
795254,2601334,2025-03-01 17:48:30.036411+00:00,2025-03-02 09:32:50.854387+00:00
795254,2971578,2025-03-01 17:48:30.036411+00:00,2025-03-02 09:32:50.854387+00:00
795276,1591370,2025-03-01 17:48:30.036411+00:00,2025-03-02 09:32:50.854387+00:00
795276,1295461,2025-03-01 17:48:30.036411+00:00,2025-03-02 09:32:50.854387+00:00
795276,84788,2025-03-01 17:48:30.036411+00:00,2025-03-02 09:32:50.854387+00:00
795276,560081,2025-03-01 17:48:30.036411+00:00,2025-03-02 09:32:50.854387+00:00
795276,980225,2025-03-01 17:48:30.036411+00:00,2025-03-02 09:32:50.854387+00:00
795564,85289,2025-03-01 17:48:30.036411+00:00,2025-03-02 09:32:50.854387+00:00
795564,126485,2025-03-01 17:48:30.036411+00:00,2025-03-02 09:32:50.854387+00:00
795564,554421,2025-03-01 17:48:30.036411+00:00,2025-03-02 09:32:50.854387+00:00
795564,1241880,2025-03-01 17:48:30.036411+00:00,2025-03-02 09:32:50.854387+00:00
795564,217924,2025-03-01 17:48:30.036411+00:00,2025-03-02 09:32:50.854387+00:00
795797,232034,2025-03-01 17:48:30.036411+00:00,2025-03-02 09:32:50.854387+00:00
795797,1106129,2025-03-01 17:48:30.036411+00:00,2025-03-02 09:32:50.854387+00:00
795797,2973301,2025-03-01 17:48:30.036411+00:00,2025-03-02 09:32:50.854387+00:00
795797,64454,2025-03-01 17:48:30.036411+00:00,2025-03-02 09:32:50.854387+00:00
795797,2288848,2025-03-01 17:48:30.036411+00:00,2025-03-02 09:32:50.854387+00:00
795811,2975325,2025-03-01 17:48:30.036411+00:00,2025-03-02 09:32:50.854387+00:00
795811,1505062,2025-03-01 17:48:30.036411+00:00,2025-03-02 09:32:50.854387+00:00
795811,1324449,2025-03-01 17:48:30.036411+00:00,2025-03-02 09:32:50.854387+00:00
795811,58611,2025-03-01 17:48:30.036411+00:00,2025-03-02 09:32:50.854387+00:00
795811,2187869,2025-03-01 17:48:30.036411+00:00,2025-03-02 09:32:50.854387+00:00
795813,221018,2025-03-01 17:48:30.036411+00:00,2025-03-02 09:32:50.854387+00:00
795813,7152,2025-03-01 17:48:30.036411+00:00,2025-03-02 09:32:50.854387+00:00
795813,7827,2025-03-01 17:48:30.036411+00:00,2025-03-02 09:32:50.854387+00:00
795813,225233,2025-03-01 17:48:30.036411+00:00,2025-03-02 09:32:50.854387+00:00
795813,5853,2025-03-01 17:48:30.036411+00:00,2025-03-02 09:32:50.854387+00:00
795815,2992501,2025-03-01 17:48:30.036411+00:00,2025-03-02 09:32:50.854387+00:00
795815,1762877,2025-03-01 17:48:30.036411+00:00,2025-03-02 09:32:50.854387+00:00
795815,2973356,2025-03-01 17:48:30.036411+00:00,2025-03-02 09:32:50.854387+00:00
795815,2992500,2025-03-01 17:48:30.036411+00:00,2025-03-02 09:32:50.854387+00:00
795815,2992499,2025-03-01 17:48:30.036411+00:00,2025-03-02 09:32:50.854387+00:00
796151,168165,2025-03-01 17:48:30.036411+00:00,2025-03-02 09:32:50.854387+00:00
796151,856126,2025-03-01 17:48:30.036411+00:00,2025-03-02 09:32:50.854387+00:00
796151,562217,2025-03-01 17:48:30.036411+00:00,2025-03-02 09:32:50.854387+00:00
796151,1197916,2025-03-01 17:48:30.036411+00:00,2025-03-02 09:32:50.854387+00:00
796151,3111695,2025-03-01 17:48:30.036411+00:00,2025-03-02 09:32:50.854387+00:00
796155,1258375,2025-03-01 17:48:30.036411+00:00,2025-03-02 09:32:50.854387+00:00
796155,2843063,2025-03-01 17:48:30.036411+00:00,2025-03-02 09:32:50.854387+00:00
796155,1907471,2025-03-01 17:48:30.036411+00:00,2025-03-02 09:32:50.854387+00:00
796155,1266721,2025-03-01 17:48:30.036411+00:00,2025-03-02 09:32:50.854387+00:00
796155,1375776,2025-03-01 17:48:30.036411+00:00,2025-03-02 09:32:50.854387+00:00
797787,1245709,2025-03-01 17:48:30.036411+00:00,2025-03-02 09:32:50.854387+00:00
797787,131290,2025-03-01 17:48:30.036411+00:00,2025-03-02 09:32:50.854387+00:00
797787,2298208,2025-03-01 17:48:30.036411+00:00,2025-03-02 09:32:50.854387+00:00
797787,2238411,2025-03-01 17:48:30.036411+00:00,2025-03-02 09:32:50.854387+00:00
797787,1240922,2025-03-01 17:48:30.036411+00:00,2025-03-02 09:32:50.854387+00:00
797838,137792,2025-03-01 17:48:30.036411+00:00,2025-03-02 09:32:50.854387+00:00
797838,3291124,2025-03-01 17:48:30.036411+00:00,2025-03-02 09:32:50.854387+00:00
797838,1361963,2025-03-01 17:48:30.036411+00:00,2025-03-02 09:32:50.854387+00:00
797838,2981292,2025-03-01 17:48:30.036411+00:00,2025-03-02 09:32:50.854387+00:00
797838,1724253,2025-03-01 17:48:30.036411+00:00,2025-03-02 09:32:50.854387+00:00
798092,1297558,2025-03-01 17:48:30.036411+00:00,2025-03-02 09:32:50.854387+00:00
798092,1697975,2025-03-01 17:48:30.036411+00:00,2025-03-02 09:32:50.854387+00:00
798092,1371299,2025-03-01 17:48:30.036411+00:00,2025-03-02 09:32:50.854387+00:00
798092,1546735,2025-03-01 17:48:30.036411+00:00,2025-03-02 09:32:50.854387+00:00
798092,2351942,2025-03-01 17:48:30.036411+00:00,2025-03-02 09:32:50.854387+00:00
798286,73421,2025-03-01 17:48:30.036411+00:00,2025-03-02 09:32:50.854387+00:00
798286,5699,2025-03-01 17:48:30.036411+00:00,2025-03-02 09:32:50.854387+00:00
798286,1164259,2025-03-01 17:48:30.036411+00:00,2025-03-02 09:32:50.854387+00:00
798286,78729,2025-03-01 17:48:30.036411+00:00,2025-03-02 09:32:50.854387+00:00
798286,39388,2025-03-01 17:48:30.036411+00:00,2025-03-02 09:32:50.854387+00:00
798362,1315036,2025-03-01 17:48:30.036411+00:00,2025-03-02 09:32:50.854387+00:00
798362,1046903,2025-03-01 17:48:30.036411+00:00,2025-03-02 09:32:50.854387+00:00
798362,1704640,2025-03-01 17:48:30.036411+00:00,2025-03-02 09:32:50.854387+00:00
798362,77335,2025-03-01 17:48:30.036411+00:00,2025-03-02 09:32:50.854387+00:00
798362,9828,2025-03-01 17:48:30.036411+00:00,2025-03-02 09:32:50.854387+00:00
798544,2279389,2025-03-01 17:48:30.036411+00:00,2025-03-02 09:32:50.854387+00:00
798544,1255096,2025-03-01 17:48:30.036411+00:00,2025-03-02 09:32:50.854387+00:00
798544,1210634,2025-03-01 17:48:30.036411+00:00,2025-03-02 09:32:50.854387+00:00
798544,2256610,2025-03-01 17:48:30.036411+00:00,2025-03-02 09:32:50.854387+00:00
799379,1252017,2025-03-01 17:48:30.036411+00:00,2025-03-02 09:32:50.854387+00:00
799379,150697,2025-03-01 17:48:30.036411+00:00,2025-03-02 09:32:50.854387+00:00
799379,1255411,2025-03-01 17:48:30.036411+00:00,2025-03-02 09:32:50.854387+00:00
799379,1713025,2025-03-01 17:48:30.036411+00:00,2025-03-02 09:32:50.854387+00:00
799379,1872629,2025-03-01 17:48:30.036411+00:00,2025-03-02 09:32:50.854387+00:00
799583,1222992,2025-03-01 17:48:30.036411+00:00,2025-03-02 09:32:50.854387+00:00
799583,2130,2025-03-01 17:48:30.036411+00:00,2025-03-02 09:32:50.854387+00:00
799583,64295,2025-03-01 17:48:30.036411+00:00,2025-03-02 09:32:50.854387+00:00
799583,1807132,2025-03-01 17:48:30.036411+00:00,2025-03-02 09:32:50.854387+00:00
799583,73968,2025-03-01 17:48:30.036411+00:00,2025-03-02 09:32:50.854387+00:00
799668,1910031,2025-03-01 17:48:30.036411+00:00,2025-03-02 09:32:50.854387+00:00
799668,2842826,2025-03-01 17:48:30.036411+00:00,2025-03-02 09:32:50.854387+00:00
799668,2886830,2025-03-01 17:48:30.036411+00:00,2025-03-02 09:32:50.854387+00:00
799668,557133,2025-03-01 17:48:30.036411+00:00,2025-03-02 09:32:50.854387+00:00
799668,2152558,2025-03-01 17:48:30.036411+00:00,2025-03-02 09:32:50.854387+00:00
799710,1856377,2025-03-01 17:48:30.036411+00:00,2025-03-02 09:32:50.854387+00:00
799710,2679649,2025-03-01 17:48:30.036411+00:00,2025-03-02 09:32:50.854387+00:00
799710,139493,2025-03-01 17:48:30.036411+00:00,2025-03-02 09:32:50.854387+00:00
799710,77188,2025-03-01 17:48:30.036411+00:00,2025-03-02 09:32:50.854387+00:00
799710,2159393,2025-03-01 17:48:30.036411+00:00,2025-03-02 09:32:50.854387+00:00
799766,123884,2025-03-01 17:48:30.036411+00:00,2025-03-02 09:32:50.854387+00:00
799766,80535,2025-03-01 17:48:30.036411+00:00,2025-03-02 09:32:50.854387+00:00
799766,28485,2025-03-01 17:48:30.036411+00:00,2025-03-02 09:32:50.854387+00:00
799766,1499833,2025-03-01 17:48:30.036411+00:00,2025-03-02 09:32:50.854387+00:00
799766,47699,2025-03-01 17:48:30.036411+00:00,2025-03-02 09:32:50.854387+00:00
800151,2295866,2025-03-01 17:48:30.036411+00:00,2025-03-02 09:32:50.854387+00:00
800151,2295865,2025-03-01 17:48:30.036411+00:00,2025-03-02 09:32:50.854387+00:00
800151,1777187,2025-03-01 17:48:30.036411+00:00,2025-03-02 09:32:50.854387+00:00
800151,2295868,2025-03-01 17:48:30.036411+00:00,2025-03-02 09:32:50.854387+00:00
800151,3406554,2025-03-01 17:48:30.036411+00:00,2025-03-02 09:32:50.854387+00:00
800301,7056,2025-03-01 17:48:30.036411+00:00,2025-03-02 09:32:50.854387+00:00
800301,1370832,2025-03-01 17:48:30.036411+00:00,2025-03-02 09:32:50.854387+00:00
800301,1016168,2025-03-01 17:48:30.036411+00:00,2025-03-02 09:32:50.854387+00:00
800301,85672,2025-03-01 17:48:30.036411+00:00,2025-03-02 09:32:50.854387+00:00
800301,1254942,2025-03-01 17:48:30.036411+00:00,2025-03-02 09:32:50.854387+00:00
800939,1399531,2025-03-01 17:48:30.036411+00:00,2025-03-02 09:32:50.854387+00:00
800939,1461,2025-03-01 17:48:30.036411+00:00,2025-03-02 09:32:50.854387+00:00
800939,1308133,2025-03-01 17:48:30.036411+00:00,2025-03-02 09:32:50.854387+00:00
800939,481337,2025-03-01 17:48:30.036411+00:00,2025-03-02 09:32:50.854387+00:00
800939,1204,2025-03-01 17:48:30.036411+00:00,2025-03-02 09:32:50.854387+00:00
801112,482503,2025-03-01 17:48:30.036411+00:00,2025-03-02 09:32:50.854387+00:00
801112,1204168,2025-03-01 17:48:30.036411+00:00,2025-03-02 09:32:50.854387+00:00
801112,3649939,2025-03-01 17:48:30.036411+00:00,2025-03-02 09:32:50.854387+00:00
801112,105870,2025-03-01 17:48:30.036411+00:00,2025-03-02 09:32:50.854387+00:00
801112,3638262,2025-03-01 17:48:30.036411+00:00,2025-03-02 09:32:50.854387+00:00
801271,62385,2025-03-01 17:48:30.036411+00:00,2025-03-02 09:32:50.854387+00:00
801271,532,2025-03-01 17:48:30.036411+00:00,2025-03-02 09:32:50.854387+00:00
801271,1244,2025-03-01 17:48:30.036411+00:00,2025-03-02 09:32:50.854387+00:00
801271,6857,2025-03-01 17:48:30.036411+00:00,2025-03-02 09:32:50.854387+00:00
801271,1455770,2025-03-01 17:48:30.036411+00:00,2025-03-02 09:32:50.854387+00:00
802219,1417352,2025-03-01 17:48:30.036411+00:00,2025-03-02 09:32:50.854387+00:00
802219,1360281,2025-03-01 17:48:30.036411+00:00,2025-03-02 09:32:50.854387+00:00
802219,1205278,2025-03-01 17:48:30.036411+00:00,2025-03-02 09:32:50.854387+00:00
802219,1360152,2025-03-01 17:48:30.036411+00:00,2025-03-02 09:32:50.854387+00:00
802219,4072446,2025-03-01 17:48:30.036411+00:00,2025-03-02 09:32:50.854387+00:00
803688,3626206,2025-03-01 17:48:30.036411+00:00,2025-03-02 09:32:50.854387+00:00
803688,3626201,2025-03-01 17:48:30.036411+00:00,2025-03-02 09:32:50.854387+00:00
803688,1083316,2025-03-01 17:48:30.036411+00:00,2025-03-02 09:32:50.854387+00:00
803688,3626203,2025-03-01 17:48:30.036411+00:00,2025-03-02 09:32:50.854387+00:00
803688,3626204,2025-03-01 17:48:30.036411+00:00,2025-03-02 09:32:50.854387+00:00
803694,2064272,2025-03-01 17:48:30.036411+00:00,2025-03-02 09:32:50.854387+00:00
803694,20442,2025-03-01 17:48:30.036411+00:00,2025-03-02 09:32:50.854387+00:00
803694,118178,2025-03-01 17:48:30.036411+00:00,2025-03-02 09:32:50.854387+00:00
803694,20710,2025-03-01 17:48:30.036411+00:00,2025-03-02 09:32:50.854387+00:00
803694,3667088,2025-03-01 17:48:30.036411+00:00,2025-03-02 09:32:50.854387+00:00
803700,1395660,2025-03-01 17:48:30.036411+00:00,2025-03-02 09:32:50.854387+00:00
803700,3527075,2025-03-01 17:48:30.036411+00:00,2025-03-02 09:32:50.854387+00:00
803700,3527074,2025-03-01 17:48:30.036411+00:00,2025-03-02 09:32:50.854387+00:00
803700,3527073,2025-03-01 17:48:30.036411+00:00,2025-03-02 09:32:50.854387+00:00
803700,509344,2025-03-01 17:48:30.036411+00:00,2025-03-02 09:32:50.854387+00:00
804032,586791,2025-03-01 17:48:30.036411+00:00,2025-03-02 09:32:50.854387+00:00
804032,2942417,2025-03-01 17:48:30.036411+00:00,2025-03-02 09:32:50.854387+00:00
804032,2014560,2025-03-01 17:48:30.036411+00:00,2025-03-02 09:32:50.854387+00:00
804032,2414315,2025-03-01 17:48:30.036411+00:00,2025-03-02 09:32:50.854387+00:00
804032,1732473,2025-03-01 17:48:30.036411+00:00,2025-03-02 09:32:50.854387+00:00
804095,1812,2025-03-01 17:48:30.036411+00:00,2025-03-02 09:32:50.854387+00:00
804095,6167,2025-03-01 17:48:30.036411+00:00,2025-03-02 09:32:50.854387+00:00
804095,19274,2025-03-01 17:48:30.036411+00:00,2025-03-02 09:32:50.854387+00:00
804095,1476330,2025-03-01 17:48:30.036411+00:00,2025-03-02 09:32:50.854387+00:00
804095,17142,2025-03-01 17:48:30.036411+00:00,2025-03-02 09:32:50.854387+00:00
804150,17490,2025-03-01 17:48:30.036411+00:00,2025-03-02 09:32:50.854387+00:00
804150,41292,2025-03-01 17:48:30.036411+00:00,2025-03-02 09:32:50.854387+00:00
804150,71375,2025-03-01 17:48:30.036411+00:00,2025-03-02 09:32:50.854387+00:00
804150,11477,2025-03-01 17:48:30.036411+00:00,2025-03-02 09:32:50.854387+00:00
804150,1371398,2025-03-01 17:48:30.036411+00:00,2025-03-02 09:32:50.854387+00:00
804251,3389387,2025-03-01 17:48:30.036411+00:00,2025-03-02 09:32:50.854387+00:00
804251,3389386,2025-03-01 17:48:30.036411+00:00,2025-03-02 09:32:50.854387+00:00
804251,3389385,2025-03-01 17:48:30.036411+00:00,2025-03-02 09:32:50.854387+00:00
804251,3389384,2025-03-01 17:48:30.036411+00:00,2025-03-02 09:32:50.854387+00:00
804251,3689742,2025-03-01 17:48:30.036411+00:00,2025-03-02 09:32:50.854387+00:00
804435,41687,2025-03-01 17:48:30.036411+00:00,2025-03-02 09:32:50.854387+00:00
804435,1246972,2025-03-01 17:48:30.036411+00:00,2025-03-02 09:32:50.854387+00:00
804435,23902,2025-03-01 17:48:30.036411+00:00,2025-03-02 09:32:50.854387+00:00
804435,192,2025-03-01 17:48:30.036411+00:00,2025-03-02 09:32:50.854387+00:00
804435,2860533,2025-03-01 17:48:30.036411+00:00,2025-03-02 09:32:50.854387+00:00
804593,3006074,2025-03-01 17:48:30.036411+00:00,2025-03-02 09:32:50.854387+00:00
804593,3006073,2025-03-01 17:48:30.036411+00:00,2025-03-02 09:32:50.854387+00:00
804616,4380807,2025-03-01 17:48:30.036411+00:00,2025-03-02 09:32:50.854387+00:00
804616,1729468,2025-03-01 17:48:30.036411+00:00,2025-03-02 09:32:50.854387+00:00
804616,2063213,2025-03-01 17:48:30.036411+00:00,2025-03-02 09:32:50.854387+00:00
804616,2529009,2025-03-01 17:48:30.036411+00:00,2025-03-02 09:32:50.854387+00:00
804616,4380806,2025-03-01 17:48:30.036411+00:00,2025-03-02 09:32:50.854387+00:00
804725,1868413,2025-03-01 17:48:30.036411+00:00,2025-03-02 09:32:50.854387+00:00
804725,2238406,2025-03-01 17:48:30.036411+00:00,2025-03-02 09:32:50.854387+00:00
804725,1990192,2025-03-01 17:48:30.036411+00:00,2025-03-02 09:32:50.854387+00:00
804725,1480174,2025-03-01 17:48:30.036411+00:00,2025-03-02 09:32:50.854387+00:00
804725,1356718,2025-03-01 17:48:30.036411+00:00,2025-03-02 09:32:50.854387+00:00
804868,3007021,2025-03-01 17:48:30.036411+00:00,2025-03-02 09:32:50.854387+00:00
804868,3007025,2025-03-01 17:48:30.036411+00:00,2025-03-02 09:32:50.854387+00:00
804868,2525655,2025-03-01 17:48:30.036411+00:00,2025-03-02 09:32:50.854387+00:00
804868,240522,2025-03-01 17:48:30.036411+00:00,2025-03-02 09:32:50.854387+00:00
804868,3007017,2025-03-01 17:48:30.036411+00:00,2025-03-02 09:32:50.854387+00:00
806128,1694435,2025-03-01 17:48:30.036411+00:00,2025-03-02 09:32:50.854387+00:00
806128,240081,2025-03-01 17:48:30.036411+00:00,2025-03-02 09:32:50.854387+00:00
806128,84996,2025-03-01 17:48:30.036411+00:00,2025-03-02 09:32:50.854387+00:00
806128,1530733,2025-03-01 17:48:30.036411+00:00,2025-03-02 09:32:50.854387+00:00
806128,551171,2025-03-01 17:48:30.036411+00:00,2025-03-02 09:32:50.854387+00:00
806368,1286655,2025-03-01 17:48:30.036411+00:00,2025-03-02 09:32:50.854387+00:00
806368,6968,2025-03-01 17:48:30.036411+00:00,2025-03-02 09:32:50.854387+00:00
806368,4784,2025-03-01 17:48:30.036411+00:00,2025-03-02 09:32:50.854387+00:00
806368,4173,2025-03-01 17:48:30.036411+00:00,2025-03-02 09:32:50.854387+00:00
806368,556356,2025-03-01 17:48:30.036411+00:00,2025-03-02 09:32:50.854387+00:00
807196,1252521,2025-03-01 17:48:30.036411+00:00,2025-03-02 09:32:50.854387+00:00
807196,21679,2025-03-01 17:48:30.036411+00:00,2025-03-02 09:32:50.854387+00:00
807196,973,2025-03-01 17:48:30.036411+00:00,2025-03-02 09:32:50.854387+00:00
807196,1850839,2025-03-01 17:48:30.036411+00:00,2025-03-02 09:32:50.854387+00:00
807196,1115,2025-03-01 17:48:30.036411+00:00,2025-03-02 09:32:50.854387+00:00
808667,1369137,2025-03-01 17:48:30.036411+00:00,2025-03-02 09:32:50.854387+00:00
808667,585211,2025-03-01 17:48:30.036411+00:00,2025-03-02 09:32:50.854387+00:00
808667,3019104,2025-03-01 17:48:30.036411+00:00,2025-03-02 09:32:50.854387+00:00
808667,72202,2025-03-01 17:48:30.036411+00:00,2025-03-02 09:32:50.854387+00:00
808667,46364,2025-03-01 17:48:30.036411+00:00,2025-03-02 09:32:50.854387+00:00
809488,59918,2025-03-01 17:48:30.036411+00:00,2025-03-02 09:32:50.854387+00:00
809488,40325,2025-03-01 17:48:30.036411+00:00,2025-03-02 09:32:50.854387+00:00
809488,40333,2025-03-01 17:48:30.036411+00:00,2025-03-02 09:32:50.854387+00:00
809488,81718,2025-03-01 17:48:30.036411+00:00,2025-03-02 09:32:50.854387+00:00
809488,12180,2025-03-01 17:48:30.036411+00:00,2025-03-02 09:32:50.854387+00:00
809695,3851207,2025-03-01 17:48:30.036411+00:00,2025-03-02 09:32:50.854387+00:00
809733,81821,2025-03-01 17:48:30.036411+00:00,2025-03-02 09:32:50.854387+00:00
809733,77131,2025-03-01 17:48:30.036411+00:00,2025-03-02 09:32:50.854387+00:00
809733,19937,2025-03-01 17:48:30.036411+00:00,2025-03-02 09:32:50.854387+00:00
809733,19117,2025-03-01 17:48:30.036411+00:00,2025-03-02 09:32:50.854387+00:00
809733,7693,2025-03-01 17:48:30.036411+00:00,2025-03-02 09:32:50.854387+00:00
810020,1081519,2025-03-01 17:48:30.036411+00:00,2025-03-02 09:32:50.854387+00:00
810020,2687762,2025-03-01 17:48:30.036411+00:00,2025-03-02 09:32:50.854387+00:00
810020,1609496,2025-03-01 17:48:30.036411+00:00,2025-03-02 09:32:50.854387+00:00
810020,2298208,2025-03-01 17:48:30.036411+00:00,2025-03-02 09:32:50.854387+00:00
810020,2407367,2025-03-01 17:48:30.036411+00:00,2025-03-02 09:32:50.854387+00:00
810406,2595502,2025-03-01 17:48:30.036411+00:00,2025-03-02 09:32:50.854387+00:00
810406,2653295,2025-03-01 17:48:30.036411+00:00,2025-03-02 09:32:50.854387+00:00
810406,2073909,2025-03-01 17:48:30.036411+00:00,2025-03-02 09:32:50.854387+00:00
810406,2073908,2025-03-01 17:48:30.036411+00:00,2025-03-02 09:32:50.854387+00:00
810406,2595500,2025-03-01 17:48:30.036411+00:00,2025-03-02 09:32:50.854387+00:00
810587,2301723,2025-03-01 17:48:30.036411+00:00,2025-03-02 09:32:50.854387+00:00
810587,111639,2025-03-01 17:48:30.036411+00:00,2025-03-02 09:32:50.854387+00:00
810587,1054260,2025-03-01 17:48:30.036411+00:00,2025-03-02 09:32:50.854387+00:00
810587,1762674,2025-03-01 17:48:30.036411+00:00,2025-03-02 09:32:50.854387+00:00
810587,119244,2025-03-01 17:48:30.036411+00:00,2025-03-02 09:32:50.854387+00:00
810674,586791,2025-03-01 17:48:30.036411+00:00,2025-03-02 09:32:50.854387+00:00
810674,1320679,2025-03-01 17:48:30.036411+00:00,2025-03-02 09:32:50.854387+00:00
810674,2151547,2025-03-01 17:48:30.036411+00:00,2025-03-02 09:32:50.854387+00:00
810674,2428704,2025-03-01 17:48:30.036411+00:00,2025-03-02 09:32:50.854387+00:00
810674,2647155,2025-03-01 17:48:30.036411+00:00,2025-03-02 09:32:50.854387+00:00
810677,2953585,2025-03-01 17:48:30.036411+00:00,2025-03-02 09:32:50.854387+00:00
810677,1616031,2025-03-01 17:48:30.036411+00:00,2025-03-02 09:32:50.854387+00:00
810677,1618112,2025-03-01 17:48:30.036411+00:00,2025-03-02 09:32:50.854387+00:00
810677,983929,2025-03-01 17:48:30.036411+00:00,2025-03-02 09:32:50.854387+00:00
810677,2216283,2025-03-01 17:48:30.036411+00:00,2025-03-02 09:32:50.854387+00:00
810693,9705,2025-03-01 17:48:30.036411+00:00,2025-03-02 09:32:50.854387+00:00
810693,119143,2025-03-01 17:48:30.036411+00:00,2025-03-02 09:32:50.854387+00:00
810693,77927,2025-03-01 17:48:30.036411+00:00,2025-03-02 09:32:50.854387+00:00
810693,1281498,2025-03-01 17:48:30.036411+00:00,2025-03-02 09:32:50.854387+00:00
810693,1221114,2025-03-01 17:48:30.036411+00:00,2025-03-02 09:32:50.854387+00:00
811592,2434251,2025-03-01 17:48:30.036411+00:00,2025-03-02 09:32:50.854387+00:00
811592,11864,2025-03-01 17:48:30.036411+00:00,2025-03-02 09:32:50.854387+00:00
811592,1664773,2025-03-01 17:48:30.036411+00:00,2025-03-02 09:32:50.854387+00:00
811592,78110,2025-03-01 17:48:30.036411+00:00,2025-03-02 09:32:50.854387+00:00
811592,45827,2025-03-01 17:48:30.036411+00:00,2025-03-02 09:32:50.854387+00:00
811596,1170756,2025-03-01 17:48:30.036411+00:00,2025-03-02 09:32:50.854387+00:00
811596,1528891,2025-03-01 17:48:30.036411+00:00,2025-03-02 09:32:50.854387+00:00
811596,57738,2025-03-01 17:48:30.036411+00:00,2025-03-02 09:32:50.854387+00:00
811596,1696029,2025-03-01 17:48:30.036411+00:00,2025-03-02 09:32:50.854387+00:00
811596,1618429,2025-03-01 17:48:30.036411+00:00,2025-03-02 09:32:50.854387+00:00
812037,19360,2025-03-01 17:48:30.036411+00:00,2025-03-02 09:32:50.854387+00:00
812037,16921,2025-03-01 17:48:30.036411+00:00,2025-03-02 09:32:50.854387+00:00
812037,4012753,2025-03-01 17:48:30.036411+00:00,2025-03-02 09:32:50.854387+00:00
812037,3841400,2025-03-01 17:48:30.036411+00:00,2025-03-02 09:32:50.854387+00:00
812037,49278,2025-03-01 17:48:30.036411+00:00,2025-03-02 09:32:50.854387+00:00
813079,1024396,2025-03-01 17:48:30.036411+00:00,2025-03-02 09:32:50.854387+00:00
813079,1565392,2025-03-01 17:48:30.036411+00:00,2025-03-02 09:32:50.854387+00:00
813079,2042978,2025-03-01 17:48:30.036411+00:00,2025-03-02 09:32:50.854387+00:00
813079,2240033,2025-03-01 17:48:30.036411+00:00,2025-03-02 09:32:50.854387+00:00
813079,1523579,2025-03-01 17:48:30.036411+00:00,2025-03-02 09:32:50.854387+00:00
813477,1116510,2025-03-01 17:48:30.036411+00:00,2025-03-02 09:32:50.854387+00:00
813477,1741323,2025-03-01 17:48:30.036411+00:00,2025-03-02 09:32:50.854387+00:00
813477,111639,2025-03-01 17:48:30.036411+00:00,2025-03-02 09:32:50.854387+00:00
813477,87657,2025-03-01 17:48:30.036411+00:00,2025-03-02 09:32:50.854387+00:00
813477,1516266,2025-03-01 17:48:30.036411+00:00,2025-03-02 09:32:50.854387+00:00
814174,3749473,2025-03-01 17:48:30.036411+00:00,2025-03-02 09:32:50.854387+00:00
814174,2405532,2025-03-01 17:48:30.036411+00:00,2025-03-02 09:32:50.854387+00:00
814174,3749423,2025-03-01 17:48:30.036411+00:00,2025-03-02 09:32:50.854387+00:00
814174,3549591,2025-03-01 17:48:30.036411+00:00,2025-03-02 09:32:50.854387+00:00
814174,3749495,2025-03-01 17:48:30.036411+00:00,2025-03-02 09:32:50.854387+00:00
814757,75066,2025-03-01 17:48:30.036411+00:00,2025-03-02 09:32:50.854387+00:00
814757,5472,2025-03-01 17:48:30.036411+00:00,2025-03-02 09:32:50.854387+00:00
814757,39187,2025-03-01 17:48:30.036411+00:00,2025-03-02 09:32:50.854387+00:00
814757,2380397,2025-03-01 17:48:30.036411+00:00,2025-03-02 09:32:50.854387+00:00
814757,13014,2025-03-01 17:48:30.036411+00:00,2025-03-02 09:32:50.854387+00:00
814785,78875,2025-03-01 17:48:30.036411+00:00,2025-03-02 09:32:50.854387+00:00
814785,1140044,2025-03-01 17:48:30.036411+00:00,2025-03-02 09:32:50.854387+00:00
814785,230777,2025-03-01 17:48:30.036411+00:00,2025-03-02 09:32:50.854387+00:00
814785,21912,2025-03-01 17:48:30.036411+00:00,2025-03-02 09:32:50.854387+00:00
814785,144860,2025-03-01 17:48:30.036411+00:00,2025-03-02 09:32:50.854387+00:00
814889,4587,2025-03-01 17:48:30.036411+00:00,2025-03-02 09:32:50.854387+00:00
814889,1962720,2025-03-01 17:48:30.036411+00:00,2025-03-02 09:32:50.854387+00:00
814889,3401898,2025-03-01 17:48:30.036411+00:00,2025-03-02 09:32:50.854387+00:00
814889,2215763,2025-03-01 17:48:30.036411+00:00,2025-03-02 09:32:50.854387+00:00
814889,565222,2025-03-01 17:48:30.036411+00:00,2025-03-02 09:32:50.854387+00:00
816344,1060565,2025-03-01 17:48:30.036411+00:00,2025-03-02 09:32:50.854387+00:00
816752,3045536,2025-03-01 17:48:30.036411+00:00,2025-03-02 09:32:50.854387+00:00
816752,69831,2025-03-01 17:48:30.036411+00:00,2025-03-02 09:32:50.854387+00:00
816752,1675334,2025-03-01 17:48:30.036411+00:00,2025-03-02 09:32:50.854387+00:00
816752,3045535,2025-03-01 17:48:30.036411+00:00,2025-03-02 09:32:50.854387+00:00
816752,3045534,2025-03-01 17:48:30.036411+00:00,2025-03-02 09:32:50.854387+00:00
817480,3312256,2025-03-01 17:48:30.036411+00:00,2025-03-02 09:32:50.854387+00:00
817480,2621979,2025-03-01 17:48:30.036411+00:00,2025-03-02 09:32:50.854387+00:00
817480,3312258,2025-03-01 17:48:30.036411+00:00,2025-03-02 09:32:50.854387+00:00
817480,1454804,2025-03-01 17:48:30.036411+00:00,2025-03-02 09:32:50.854387+00:00
817480,1255801,2025-03-01 17:48:30.036411+00:00,2025-03-02 09:32:50.854387+00:00
817485,109060,2025-03-01 17:48:30.036411+00:00,2025-03-02 09:32:50.854387+00:00
817485,2158882,2025-03-01 17:48:30.036411+00:00,2025-03-02 09:32:50.854387+00:00
817485,1299287,2025-03-01 17:48:30.036411+00:00,2025-03-02 09:32:50.854387+00:00
817485,2625507,2025-03-01 17:48:30.036411+00:00,2025-03-02 09:32:50.854387+00:00
817485,3762395,2025-03-01 17:48:30.036411+00:00,2025-03-02 09:32:50.854387+00:00
817557,1299516,2025-03-01 17:48:30.036411+00:00,2025-03-02 09:32:50.854387+00:00
817557,86330,2025-03-01 17:48:30.036411+00:00,2025-03-02 09:32:50.854387+00:00
817557,1856377,2025-03-01 17:48:30.036411+00:00,2025-03-02 09:32:50.854387+00:00
817557,231476,2025-03-01 17:48:30.036411+00:00,2025-03-02 09:32:50.854387+00:00
817557,980225,2025-03-01 17:48:30.036411+00:00,2025-03-02 09:32:50.854387+00:00
817758,740,2025-03-01 17:48:30.036411+00:00,2025-03-02 09:32:50.854387+00:00
817758,112,2025-03-01 17:48:30.036411+00:00,2025-03-02 09:32:50.854387+00:00
817758,3322369,2025-03-01 17:48:30.036411+00:00,2025-03-02 09:32:50.854387+00:00
817758,1385600,2025-03-01 17:48:30.036411+00:00,2025-03-02 09:32:50.854387+00:00
817758,681,2025-03-01 17:48:30.036411+00:00,2025-03-02 09:32:50.854387+00:00
818192,81685,2025-03-01 17:48:30.036411+00:00,2025-03-02 09:32:50.854387+00:00
818192,6832,2025-03-01 17:48:30.036411+00:00,2025-03-02 09:32:50.854387+00:00
818192,212154,2025-03-01 17:48:30.036411+00:00,2025-03-02 09:32:50.854387+00:00
818192,2299,2025-03-01 17:48:30.036411+00:00,2025-03-02 09:32:50.854387+00:00
818192,1600083,2025-03-01 17:48:30.036411+00:00,2025-03-02 09:32:50.854387+00:00
818397,1371819,2025-03-01 17:48:30.036411+00:00,2025-03-02 09:32:50.854387+00:00
818397,529,2025-03-01 17:48:30.036411+00:00,2025-03-02 09:32:50.854387+00:00
818397,56650,2025-03-01 17:48:30.036411+00:00,2025-03-02 09:32:50.854387+00:00
818397,234070,2025-03-01 17:48:30.036411+00:00,2025-03-02 09:32:50.854387+00:00
818397,3896,2025-03-01 17:48:30.036411+00:00,2025-03-02 09:32:50.854387+00:00
818415,238125,2025-03-01 17:48:30.036411+00:00,2025-03-02 09:32:50.854387+00:00
818415,93536,2025-03-01 17:48:30.036411+00:00,2025-03-02 09:32:50.854387+00:00
818415,238187,2025-03-01 17:48:30.036411+00:00,2025-03-02 09:32:50.854387+00:00
818415,1724242,2025-03-01 17:48:30.036411+00:00,2025-03-02 09:32:50.854387+00:00
818415,2221780,2025-03-01 17:48:30.036411+00:00,2025-03-02 09:32:50.854387+00:00
818621,235772,2025-03-01 17:48:30.036411+00:00,2025-03-02 09:32:50.854387+00:00
818621,1266686,2025-03-01 17:48:30.036411+00:00,2025-03-02 09:32:50.854387+00:00
818621,142504,2025-03-01 17:48:30.036411+00:00,2025-03-02 09:32:50.854387+00:00
818621,1034699,2025-03-01 17:48:30.036411+00:00,2025-03-02 09:32:50.854387+00:00
818621,1378376,2025-03-01 17:48:30.036411+00:00,2025-03-02 09:32:50.854387+00:00
819163,1728196,2025-03-01 17:48:30.036411+00:00,2025-03-02 09:32:50.854387+00:00
819163,1509834,2025-03-01 17:48:30.036411+00:00,2025-03-02 09:32:50.854387+00:00
819163,77677,2025-03-01 17:48:30.036411+00:00,2025-03-02 09:32:50.854387+00:00
819163,9190,2025-03-01 17:48:30.036411+00:00,2025-03-02 09:32:50.854387+00:00
819163,1084912,2025-03-01 17:48:30.036411+00:00,2025-03-02 09:32:50.854387+00:00
819876,110,2025-03-01 17:48:30.036411+00:00,2025-03-02 09:32:50.854387+00:00
819876,37917,2025-03-01 17:48:30.036411+00:00,2025-03-02 09:32:50.854387+00:00
819876,121529,2025-03-01 17:48:30.036411+00:00,2025-03-02 09:32:50.854387+00:00
819876,100,2025-03-01 17:48:30.036411+00:00,2025-03-02 09:32:50.854387+00:00
819876,1285153,2025-03-01 17:48:30.036411+00:00,2025-03-02 09:32:50.854387+00:00
820067,992869,2025-03-01 17:48:30.036411+00:00,2025-03-02 09:32:50.854387+00:00
820067,233590,2025-03-01 17:48:30.036411+00:00,2025-03-02 09:32:50.854387+00:00
820067,1530921,2025-03-01 17:48:30.036411+00:00,2025-03-02 09:32:50.854387+00:00
820067,119143,2025-03-01 17:48:30.036411+00:00,2025-03-02 09:32:50.854387+00:00
820067,1072776,2025-03-01 17:48:30.036411+00:00,2025-03-02 09:32:50.854387+00:00
820099,1724403,2025-03-01 17:48:30.036411+00:00,2025-03-02 09:32:50.854387+00:00
820099,76913,2025-03-01 17:48:30.036411+00:00,2025-03-02 09:32:50.854387+00:00
820099,1384277,2025-03-01 17:48:30.036411+00:00,2025-03-02 09:32:50.854387+00:00
820099,1569934,2025-03-01 17:48:30.036411+00:00,2025-03-02 09:32:50.854387+00:00
820099,1297520,2025-03-01 17:48:30.036411+00:00,2025-03-02 09:32:50.854387+00:00
820517,1374555,2025-03-01 17:48:30.036411+00:00,2025-03-02 09:32:50.854387+00:00
820517,2288848,2025-03-01 17:48:30.036411+00:00,2025-03-02 09:32:50.854387+00:00
820517,554945,2025-03-01 17:48:30.036411+00:00,2025-03-02 09:32:50.854387+00:00
820517,1887586,2025-03-01 17:48:30.036411+00:00,2025-03-02 09:32:50.854387+00:00
820517,588209,2025-03-01 17:48:30.036411+00:00,2025-03-02 09:32:50.854387+00:00
820530,1253431,2025-03-01 17:48:30.036411+00:00,2025-03-02 09:32:50.854387+00:00
820530,219752,2025-03-01 17:48:30.036411+00:00,2025-03-02 09:32:50.854387+00:00
820530,1206317,2025-03-01 17:48:30.036411+00:00,2025-03-02 09:32:50.854387+00:00
820530,122647,2025-03-01 17:48:30.036411+00:00,2025-03-02 09:32:50.854387+00:00
820530,221772,2025-03-01 17:48:30.036411+00:00,2025-03-02 09:32:50.854387+00:00
820697,1527148,2025-03-01 17:48:30.036411+00:00,2025-03-02 09:32:50.854387+00:00
820697,3060147,2025-03-01 17:48:30.036411+00:00,2025-03-02 09:32:50.854387+00:00
820697,3060146,2025-03-01 17:48:30.036411+00:00,2025-03-02 09:32:50.854387+00:00
820697,1995157,2025-03-01 17:48:30.036411+00:00,2025-03-02 09:32:50.854387+00:00
820697,586757,2025-03-01 17:48:30.036411+00:00,2025-03-02 09:32:50.854387+00:00
821153,1257601,2025-03-01 17:48:30.036411+00:00,2025-03-02 09:32:50.854387+00:00
821153,1834243,2025-03-01 17:48:30.036411+00:00,2025-03-02 09:32:50.854387+00:00
821153,1330446,2025-03-01 17:48:30.036411+00:00,2025-03-02 09:32:50.854387+00:00
821153,2370779,2025-03-01 17:48:30.036411+00:00,2025-03-02 09:32:50.854387+00:00
821153,1385609,2025-03-01 17:48:30.036411+00:00,2025-03-02 09:32:50.854387+00:00
821427,2881864,2025-03-01 17:48:30.036411+00:00,2025-03-02 09:32:50.854387+00:00
821427,51937,2025-03-01 17:48:30.036411+00:00,2025-03-02 09:32:50.854387+00:00
821427,77517,2025-03-01 17:48:30.036411+00:00,2025-03-02 09:32:50.854387+00:00
821427,1369336,2025-03-01 17:48:30.036411+00:00,2025-03-02 09:32:50.854387+00:00
821427,984711,2025-03-01 17:48:30.036411+00:00,2025-03-02 09:32:50.854387+00:00
821494,3064452,2025-03-01 17:48:30.036411+00:00,2025-03-02 09:32:50.854387+00:00
821494,3064448,2025-03-01 17:48:30.036411+00:00,2025-03-02 09:32:50.854387+00:00
821494,3062555,2025-03-01 17:48:30.036411+00:00,2025-03-02 09:32:50.854387+00:00
821494,2552367,2025-03-01 17:48:30.036411+00:00,2025-03-02 09:32:50.854387+00:00
821494,3062553,2025-03-01 17:48:30.036411+00:00,2025-03-02 09:32:50.854387+00:00
821661,1238592,2025-03-01 17:48:30.036411+00:00,2025-03-02 09:32:50.854387+00:00
821661,1010877,2025-03-01 17:48:30.036411+00:00,2025-03-02 09:32:50.854387+00:00
821661,1257899,2025-03-01 17:48:30.036411+00:00,2025-03-02 09:32:50.854387+00:00
821661,1350000,2025-03-01 17:48:30.036411+00:00,2025-03-02 09:32:50.854387+00:00
821661,1252045,2025-03-01 17:48:30.036411+00:00,2025-03-02 09:32:50.854387+00:00
823147,127558,2025-03-01 17:48:30.036411+00:00,2025-03-02 09:32:50.854387+00:00
823147,1231717,2025-03-01 17:48:30.036411+00:00,2025-03-02 09:32:50.854387+00:00
823147,19,2025-03-01 17:48:30.036411+00:00,2025-03-02 09:32:50.854387+00:00
823147,74957,2025-03-01 17:48:30.036411+00:00,2025-03-02 09:32:50.854387+00:00
823147,1586047,2025-03-01 17:48:30.036411+00:00,2025-03-02 09:32:50.854387+00:00
823482,3487031,2025-03-01 17:48:30.036411+00:00,2025-03-02 09:32:50.854387+00:00
823482,2963,2025-03-01 17:48:30.036411+00:00,2025-03-02 09:32:50.854387+00:00
823482,39995,2025-03-01 17:48:30.036411+00:00,2025-03-02 09:32:50.854387+00:00
823482,86034,2025-03-01 17:48:30.036411+00:00,2025-03-02 09:32:50.854387+00:00
823482,557188,2025-03-01 17:48:30.036411+00:00,2025-03-02 09:32:50.854387+00:00
823598,64434,2025-03-01 17:48:30.036411+00:00,2025-03-02 09:32:50.854387+00:00
823598,1337,2025-03-01 17:48:30.036411+00:00,2025-03-02 09:32:50.854387+00:00
823598,25246,2025-03-01 17:48:30.036411+00:00,2025-03-02 09:32:50.854387+00:00
823598,1450373,2025-03-01 17:48:30.036411+00:00,2025-03-02 09:32:50.854387+00:00
823598,20519,2025-03-01 17:48:30.036411+00:00,2025-03-02 09:32:50.854387+00:00
823625,1369329,2025-03-01 17:48:30.036411+00:00,2025-03-02 09:32:50.854387+00:00
823625,123724,2025-03-01 17:48:30.036411+00:00,2025-03-02 09:32:50.854387+00:00
823625,2026050,2025-03-01 17:48:30.036411+00:00,2025-03-02 09:32:50.854387+00:00
823625,3896,2025-03-01 17:48:30.036411+00:00,2025-03-02 09:32:50.854387+00:00
823625,18992,2025-03-01 17:48:30.036411+00:00,2025-03-02 09:32:50.854387+00:00
824016,1587577,2025-03-01 17:48:30.036411+00:00,2025-03-02 09:32:50.854387+00:00
824016,8930,2025-03-01 17:48:30.036411+00:00,2025-03-02 09:32:50.854387+00:00
824016,213581,2025-03-01 17:48:30.036411+00:00,2025-03-02 09:32:50.854387+00:00
824016,20234,2025-03-01 17:48:30.036411+00:00,2025-03-02 09:32:50.854387+00:00
824016,22462,2025-03-01 17:48:30.036411+00:00,2025-03-02 09:32:50.854387+00:00
824202,58449,2025-03-01 17:48:30.036411+00:00,2025-03-02 09:32:50.854387+00:00
824202,12670,2025-03-01 17:48:30.036411+00:00,2025-03-02 09:32:50.854387+00:00
824202,27788,2025-03-01 17:48:30.036411+00:00,2025-03-02 09:32:50.854387+00:00
824202,72764,2025-03-01 17:48:30.036411+00:00,2025-03-02 09:32:50.854387+00:00
824202,87637,2025-03-01 17:48:30.036411+00:00,2025-03-02 09:32:50.854387+00:00
824362,133944,2025-03-01 17:48:30.036411+00:00,2025-03-02 09:32:50.854387+00:00
824362,13250,2025-03-01 17:48:30.036411+00:00,2025-03-02 09:32:50.854387+00:00
824362,1502230,2025-03-01 17:48:30.036411+00:00,2025-03-02 09:32:50.854387+00:00
824362,999725,2025-03-01 17:48:30.036411+00:00,2025-03-02 09:32:50.854387+00:00
824362,1133061,2025-03-01 17:48:30.036411+00:00,2025-03-02 09:32:50.854387+00:00
824738,126778,2025-03-01 17:48:30.036411+00:00,2025-03-02 09:32:50.854387+00:00
824738,1897341,2025-03-01 17:48:30.036411+00:00,2025-03-02 09:32:50.854387+00:00
824738,575866,2025-03-01 17:48:30.036411+00:00,2025-03-02 09:32:50.854387+00:00
824738,26739,2025-03-01 17:48:30.036411+00:00,2025-03-02 09:32:50.854387+00:00
824738,2074441,2025-03-01 17:48:30.036411+00:00,2025-03-02 09:32:50.854387+00:00
824742,26739,2025-03-01 17:48:30.036411+00:00,2025-03-02 09:32:50.854387+00:00
824742,3074807,2025-03-01 17:48:30.036411+00:00,2025-03-02 09:32:50.854387+00:00
824742,4289877,2025-03-01 17:48:30.036411+00:00,2025-03-02 09:32:50.854387+00:00
824742,1529401,2025-03-01 17:48:30.036411+00:00,2025-03-02 09:32:50.854387+00:00
824742,20519,2025-03-01 17:48:30.036411+00:00,2025-03-02 09:32:50.854387+00:00
825808,1517550,2025-03-01 17:48:30.036411+00:00,2025-03-02 09:32:50.854387+00:00
825808,102374,2025-03-01 17:48:30.036411+00:00,2025-03-02 09:32:50.854387+00:00
825808,211540,2025-03-01 17:48:30.036411+00:00,2025-03-02 09:32:50.854387+00:00
825808,1179445,2025-03-01 17:48:30.036411+00:00,2025-03-02 09:32:50.854387+00:00
825808,43286,2025-03-01 17:48:30.036411+00:00,2025-03-02 09:32:50.854387+00:00
826218,2143181,2025-03-01 17:48:30.036411+00:00,2025-03-02 09:32:50.854387+00:00
826218,2649281,2025-03-01 17:48:30.036411+00:00,2025-03-02 09:32:50.854387+00:00
826218,1075029,2025-03-01 17:48:30.036411+00:00,2025-03-02 09:32:50.854387+00:00
826218,125854,2025-03-01 17:48:30.036411+00:00,2025-03-02 09:32:50.854387+00:00
826218,1155088,2025-03-01 17:48:30.036411+00:00,2025-03-02 09:32:50.854387+00:00
826749,1160181,2025-03-01 17:48:30.036411+00:00,2025-03-02 09:32:50.854387+00:00
826749,57171,2025-03-01 17:48:30.036411+00:00,2025-03-02 09:32:50.854387+00:00
826749,1278867,2025-03-01 17:48:30.036411+00:00,2025-03-02 09:32:50.854387+00:00
826749,62747,2025-03-01 17:48:30.036411+00:00,2025-03-02 09:32:50.854387+00:00
826749,62,2025-03-01 17:48:30.036411+00:00,2025-03-02 09:32:50.854387+00:00
827689,1573819,2025-03-01 17:48:30.036411+00:00,2025-03-02 09:32:50.854387+00:00
827689,1519030,2025-03-01 17:48:30.036411+00:00,2025-03-02 09:32:50.854387+00:00
827689,2682877,2025-03-01 17:48:30.036411+00:00,2025-03-02 09:32:50.854387+00:00
827689,1519026,2025-03-01 17:48:30.036411+00:00,2025-03-02 09:32:50.854387+00:00
827689,132739,2025-03-01 17:48:30.036411+00:00,2025-03-02 09:32:50.854387+00:00
827887,5441,2025-03-01 17:48:30.036411+00:00,2025-03-02 09:32:50.854387+00:00
827887,1596074,2025-03-01 17:48:30.036411+00:00,2025-03-02 09:32:50.854387+00:00
827887,146507,2025-03-01 17:48:30.036411+00:00,2025-03-02 09:32:50.854387+00:00
827887,453272,2025-03-01 17:48:30.036411+00:00,2025-03-02 09:32:50.854387+00:00
827887,1345053,2025-03-01 17:48:30.036411+00:00,2025-03-02 09:32:50.854387+00:00
828948,3767212,2025-03-01 17:48:30.036411+00:00,2025-03-02 09:32:50.854387+00:00
828948,4148355,2025-03-01 17:48:30.036411+00:00,2025-03-02 09:32:50.854387+00:00
828948,20705,2025-03-01 17:48:30.036411+00:00,2025-03-02 09:32:50.854387+00:00
828948,82540,2025-03-01 17:48:30.036411+00:00,2025-03-02 09:32:50.854387+00:00
829051,57451,2025-03-01 17:48:30.036411+00:00,2025-03-02 09:32:50.854387+00:00
829051,521563,2025-03-01 17:48:30.036411+00:00,2025-03-02 09:32:50.854387+00:00
829051,299743,2025-03-01 17:48:30.036411+00:00,2025-03-02 09:32:50.854387+00:00
829051,380,2025-03-01 17:48:30.036411+00:00,2025-03-02 09:32:50.854387+00:00
829051,33533,2025-03-01 17:48:30.036411+00:00,2025-03-02 09:32:50.854387+00:00
829584,1982329,2025-03-01 17:48:30.036411+00:00,2025-03-02 09:32:50.854387+00:00
829584,3129624,2025-03-01 17:48:30.036411+00:00,2025-03-02 09:32:50.854387+00:00
829584,2859560,2025-03-01 17:48:30.036411+00:00,2025-03-02 09:32:50.854387+00:00
829584,4513323,2025-03-01 17:48:30.036411+00:00,2025-03-02 09:32:50.854387+00:00
829584,1609496,2025-03-01 17:48:30.036411+00:00,2025-03-02 09:32:50.854387+00:00
829920,9711,2025-03-01 17:48:30.036411+00:00,2025-03-02 09:32:50.854387+00:00
829920,1492982,2025-03-01 17:48:30.036411+00:00,2025-03-02 09:32:50.854387+00:00
829920,9726,2025-03-01 17:48:30.036411+00:00,2025-03-02 09:32:50.854387+00:00
829920,151183,2025-03-01 17:48:30.036411+00:00,2025-03-02 09:32:50.854387+00:00
829920,1210634,2025-03-01 17:48:30.036411+00:00,2025-03-02 09:32:50.854387+00:00
830784,59233,2025-03-01 17:48:30.036411+00:00,2025-03-02 09:32:50.854387+00:00
830784,3810,2025-03-01 17:48:30.036411+00:00,2025-03-02 09:32:50.854387+00:00
830784,1613304,2025-03-01 17:48:30.036411+00:00,2025-03-02 09:32:50.854387+00:00
830784,206444,2025-03-01 17:48:30.036411+00:00,2025-03-02 09:32:50.854387+00:00
830784,2115854,2025-03-01 17:48:30.036411+00:00,2025-03-02 09:32:50.854387+00:00
830788,1650581,2025-03-01 17:48:30.036411+00:00,2025-03-02 09:32:50.854387+00:00
830788,1251069,2025-03-01 17:48:30.036411+00:00,2025-03-02 09:32:50.854387+00:00
830788,1206337,2025-03-01 17:48:30.036411+00:00,2025-03-02 09:32:50.854387+00:00
830788,28848,2025-03-01 17:48:30.036411+00:00,2025-03-02 09:32:50.854387+00:00
830788,1729496,2025-03-01 17:48:30.036411+00:00,2025-03-02 09:32:50.854387+00:00
831031,1398032,2025-03-01 17:48:30.036411+00:00,2025-03-02 09:32:50.854387+00:00
831031,1349186,2025-03-01 17:48:30.036411+00:00,2025-03-02 09:32:50.854387+00:00
831480,1155298,2025-03-01 17:48:30.036411+00:00,2025-03-02 09:32:50.854387+00:00
831480,3044449,2025-03-01 17:48:30.036411+00:00,2025-03-02 09:32:50.854387+00:00
831480,3180424,2025-03-01 17:48:30.036411+00:00,2025-03-02 09:32:50.854387+00:00
831480,2608906,2025-03-01 17:48:30.036411+00:00,2025-03-02 09:32:50.854387+00:00
831920,1247874,2025-03-01 17:48:30.036411+00:00,2025-03-02 09:32:50.854387+00:00
831920,1076363,2025-03-01 17:48:30.036411+00:00,2025-03-02 09:32:50.854387+00:00
831920,1968291,2025-03-01 17:48:30.036411+00:00,2025-03-02 09:32:50.854387+00:00
831920,63694,2025-03-01 17:48:30.036411+00:00,2025-03-02 09:32:50.854387+00:00
831920,105403,2025-03-01 17:48:30.036411+00:00,2025-03-02 09:32:50.854387+00:00
833417,3440172,2025-03-01 17:48:30.036411+00:00,2025-03-02 09:32:50.854387+00:00
833417,6550,2025-03-01 17:48:30.036411+00:00,2025-03-02 09:32:50.854387+00:00
833417,983929,2025-03-01 17:48:30.036411+00:00,2025-03-02 09:32:50.854387+00:00
833417,3440170,2025-03-01 17:48:30.036411+00:00,2025-03-02 09:32:50.854387+00:00
833417,7280,2025-03-01 17:48:30.036411+00:00,2025-03-02 09:32:50.854387+00:00
833428,149988,2025-03-01 17:48:30.036411+00:00,2025-03-02 09:32:50.854387+00:00
833428,123989,2025-03-01 17:48:30.036411+00:00,2025-03-02 09:32:50.854387+00:00
833428,19360,2025-03-01 17:48:30.036411+00:00,2025-03-02 09:32:50.854387+00:00
833428,1423713,2025-03-01 17:48:30.036411+00:00,2025-03-02 09:32:50.854387+00:00
833428,223532,2025-03-01 17:48:30.036411+00:00,2025-03-02 09:32:50.854387+00:00
835362,4730762,2025-03-01 17:48:30.036411+00:00,2025-03-02 09:32:50.854387+00:00
835362,543889,2025-03-01 17:48:30.036411+00:00,2025-03-02 09:32:50.854387+00:00
835362,1358185,2025-03-01 17:48:30.036411+00:00,2025-03-02 09:32:50.854387+00:00
835362,2138302,2025-03-01 17:48:30.036411+00:00,2025-03-02 09:32:50.854387+00:00
835362,1833672,2025-03-01 17:48:30.036411+00:00,2025-03-02 09:32:50.854387+00:00
835975,1294450,2025-03-01 17:48:30.036411+00:00,2025-03-02 09:32:50.854387+00:00
835975,40526,2025-03-01 17:48:30.036411+00:00,2025-03-02 09:32:50.854387+00:00
835975,1784461,2025-03-01 17:48:30.036411+00:00,2025-03-02 09:32:50.854387+00:00
835975,1576708,2025-03-01 17:48:30.036411+00:00,2025-03-02 09:32:50.854387+00:00
835975,1285450,2025-03-01 17:48:30.036411+00:00,2025-03-02 09:32:50.854387+00:00
836225,1212803,2025-03-01 17:48:30.036411+00:00,2025-03-02 09:32:50.854387+00:00
836225,58942,2025-03-01 17:48:30.036411+00:00,2025-03-02 09:32:50.854387+00:00
836225,133766,2025-03-01 17:48:30.036411+00:00,2025-03-02 09:32:50.854387+00:00
836225,1050186,2025-03-01 17:48:30.036411+00:00,2025-03-02 09:32:50.854387+00:00
836225,1601451,2025-03-01 17:48:30.036411+00:00,2025-03-02 09:32:50.854387+00:00
836723,3617288,2025-03-01 17:48:30.036411+00:00,2025-03-02 09:32:50.854387+00:00
836723,67315,2025-03-01 17:48:30.036411+00:00,2025-03-02 09:32:50.854387+00:00
836723,128550,2025-03-01 17:48:30.036411+00:00,2025-03-02 09:32:50.854387+00:00
836723,4305966,2025-03-01 17:48:30.036411+00:00,2025-03-02 09:32:50.854387+00:00
836723,3617287,2025-03-01 17:48:30.036411+00:00,2025-03-02 09:32:50.854387+00:00
837335,6588,2025-03-01 17:48:30.036411+00:00,2025-03-02 09:32:50.854387+00:00
837335,1341582,2025-03-01 17:48:30.036411+00:00,2025-03-02 09:32:50.854387+00:00
837335,128748,2025-03-01 17:48:30.036411+00:00,2025-03-02 09:32:50.854387+00:00
837335,1206334,2025-03-01 17:48:30.036411+00:00,2025-03-02 09:32:50.854387+00:00
837335,2128873,2025-03-01 17:48:30.036411+00:00,2025-03-02 09:32:50.854387+00:00
837881,1276,2025-03-01 17:48:30.036411+00:00,2025-03-02 09:32:50.854387+00:00
837881,49971,2025-03-01 17:48:30.036411+00:00,2025-03-02 09:32:50.854387+00:00
837881,36662,2025-03-01 17:48:30.036411+00:00,2025-03-02 09:32:50.854387+00:00
837881,35028,2025-03-01 17:48:30.036411+00:00,2025-03-02 09:32:50.854387+00:00
837881,6861,2025-03-01 17:48:30.036411+00:00,2025-03-02 09:32:50.854387+00:00
838119,1187932,2025-03-01 17:48:30.036411+00:00,2025-03-02 09:32:50.854387+00:00
838119,932680,2025-03-01 17:48:30.036411+00:00,2025-03-02 09:32:50.854387+00:00
838119,84205,2025-03-01 17:48:30.036411+00:00,2025-03-02 09:32:50.854387+00:00
838119,3243219,2025-03-01 17:48:30.036411+00:00,2025-03-02 09:32:50.854387+00:00
838119,3196478,2025-03-01 17:48:30.036411+00:00,2025-03-02 09:32:50.854387+00:00
838206,1793046,2025-03-01 17:48:30.036411+00:00,2025-03-02 09:32:50.854387+00:00
838206,112785,2025-03-01 17:48:30.036411+00:00,2025-03-02 09:32:50.854387+00:00
838206,87553,2025-03-01 17:48:30.036411+00:00,2025-03-02 09:32:50.854387+00:00
838206,2633250,2025-03-01 17:48:30.036411+00:00,2025-03-02 09:32:50.854387+00:00
838206,2774992,2025-03-01 17:48:30.036411+00:00,2025-03-02 09:32:50.854387+00:00
838209,2341408,2025-03-01 17:48:30.036411+00:00,2025-03-02 09:32:50.854387+00:00
838209,64880,2025-03-01 17:48:30.036411+00:00,2025-03-02 09:32:50.854387+00:00
838209,84996,2025-03-01 17:48:30.036411+00:00,2025-03-02 09:32:50.854387+00:00
838209,2307963,2025-03-01 17:48:30.036411+00:00,2025-03-02 09:32:50.854387+00:00
838209,1067849,2025-03-01 17:48:30.036411+00:00,2025-03-02 09:32:50.854387+00:00
838240,31415,2025-03-01 17:48:30.036411+00:00,2025-03-02 09:32:50.854387+00:00
838240,4324062,2025-03-01 17:48:30.036411+00:00,2025-03-02 09:32:50.854387+00:00
838240,4324061,2025-03-01 17:48:30.036411+00:00,2025-03-02 09:32:50.854387+00:00
838240,4529555,2025-03-01 17:48:30.036411+00:00,2025-03-02 09:32:50.854387+00:00
838240,4529554,2025-03-01 17:48:30.036411+00:00,2025-03-02 09:32:50.854387+00:00
838876,70083,2025-03-01 17:48:30.036411+00:00,2025-03-02 09:32:50.854387+00:00
838876,2576635,2025-03-01 17:48:30.036411+00:00,2025-03-02 09:32:50.854387+00:00
838876,1123262,2025-03-01 17:48:30.036411+00:00,2025-03-02 09:32:50.854387+00:00
838876,1343865,2025-03-01 17:48:30.036411+00:00,2025-03-02 09:32:50.854387+00:00
838876,1173388,2025-03-01 17:48:30.036411+00:00,2025-03-02 09:32:50.854387+00:00
839033,78329,2025-03-01 17:48:30.036411+00:00,2025-03-02 09:32:50.854387+00:00
839033,1339199,2025-03-01 17:48:30.036411+00:00,2025-03-02 09:32:50.854387+00:00
839033,1248,2025-03-01 17:48:30.036411+00:00,2025-03-02 09:32:50.854387+00:00
839033,1674206,2025-03-01 17:48:30.036411+00:00,2025-03-02 09:32:50.854387+00:00
839033,220232,2025-03-01 17:48:30.036411+00:00,2025-03-02 09:32:50.854387+00:00
839294,3353540,2025-03-01 17:48:30.036411+00:00,2025-03-02 09:32:50.854387+00:00
839294,1833062,2025-03-01 17:48:30.036411+00:00,2025-03-02 09:32:50.854387+00:00
839294,3353541,2025-03-01 17:48:30.036411+00:00,2025-03-02 09:32:50.854387+00:00
839294,3121495,2025-03-01 17:48:30.036411+00:00,2025-03-02 09:32:50.854387+00:00
839294,2843063,2025-03-01 17:48:30.036411+00:00,2025-03-02 09:32:50.854387+00:00
839369,1907002,2025-03-01 17:48:30.036411+00:00,2025-03-02 09:32:50.854387+00:00
839369,524,2025-03-01 17:48:30.036411+00:00,2025-03-02 09:32:50.854387+00:00
839369,1231,2025-03-01 17:48:30.036411+00:00,2025-03-02 09:32:50.854387+00:00
839369,1367617,2025-03-01 17:48:30.036411+00:00,2025-03-02 09:32:50.854387+00:00
839369,3417134,2025-03-01 17:48:30.036411+00:00,2025-03-02 09:32:50.854387+00:00
840430,1180099,2025-03-01 17:48:30.036411+00:00,2025-03-02 09:32:50.854387+00:00
840430,13242,2025-03-01 17:48:30.036411+00:00,2025-03-02 09:32:50.854387+00:00
840430,7465,2025-03-01 17:48:30.036411+00:00,2025-03-02 09:32:50.854387+00:00
840430,3918497,2025-03-01 17:48:30.036411+00:00,2025-03-02 09:32:50.854387+00:00
840430,3013234,2025-03-01 17:48:30.036411+00:00,2025-03-02 09:32:50.854387+00:00
840528,2604508,2025-03-01 17:48:30.036411+00:00,2025-03-02 09:32:50.854387+00:00
840528,1252955,2025-03-01 17:48:30.036411+00:00,2025-03-02 09:32:50.854387+00:00
840528,1254424,2025-03-01 17:48:30.036411+00:00,2025-03-02 09:32:50.854387+00:00
840528,1654631,2025-03-01 17:48:30.036411+00:00,2025-03-02 09:32:50.854387+00:00
840705,35548,2025-03-01 17:48:30.036411+00:00,2025-03-02 09:32:50.854387+00:00
840705,38673,2025-03-01 17:48:30.036411+00:00,2025-03-02 09:32:50.854387+00:00
840705,61178,2025-03-01 17:48:30.036411+00:00,2025-03-02 09:32:50.854387+00:00
840705,1537686,2025-03-01 17:48:30.036411+00:00,2025-03-02 09:32:50.854387+00:00
840705,2224,2025-03-01 17:48:30.036411+00:00,2025-03-02 09:32:50.854387+00:00
842033,1287909,2025-03-01 17:48:30.036411+00:00,2025-03-02 09:32:50.854387+00:00
842033,1254579,2025-03-01 17:48:30.036411+00:00,2025-03-02 09:32:50.854387+00:00
842033,1200384,2025-03-01 17:48:30.036411+00:00,2025-03-02 09:32:50.854387+00:00
842033,2462807,2025-03-01 17:48:30.036411+00:00,2025-03-02 09:32:50.854387+00:00
842033,1525617,2025-03-01 17:48:30.036411+00:00,2025-03-02 09:32:50.854387+00:00
842424,1561755,2025-03-01 17:48:30.036411+00:00,2025-03-02 09:32:50.854387+00:00
842424,1874,2025-03-01 17:48:30.036411+00:00,2025-03-02 09:32:50.854387+00:00
842424,3128905,2025-03-01 17:48:30.036411+00:00,2025-03-02 09:32:50.854387+00:00
842424,683,2025-03-01 17:48:30.036411+00:00,2025-03-02 09:32:50.854387+00:00
842424,33040,2025-03-01 17:48:30.036411+00:00,2025-03-02 09:32:50.854387+00:00
842607,1102621,2025-03-01 17:48:30.036411+00:00,2025-03-02 09:32:50.854387+00:00
842607,2500600,2025-03-01 17:48:30.036411+00:00,2025-03-02 09:32:50.854387+00:00
842607,2702016,2025-03-01 17:48:30.036411+00:00,2025-03-02 09:32:50.854387+00:00
842607,83172,2025-03-01 17:48:30.036411+00:00,2025-03-02 09:32:50.854387+00:00
842607,3299569,2025-03-01 17:48:30.036411+00:00,2025-03-02 09:32:50.854387+00:00
842942,2461,2025-03-01 17:48:30.036411+00:00,2025-03-02 09:32:50.854387+00:00
842942,21316,2025-03-01 17:48:30.036411+00:00,2025-03-02 09:32:50.854387+00:00
842942,19536,2025-03-01 17:48:30.036411+00:00,2025-03-02 09:32:50.854387+00:00
842942,2518136,2025-03-01 17:48:30.036411+00:00,2025-03-02 09:32:50.854387+00:00
842942,25837,2025-03-01 17:48:30.036411+00:00,2025-03-02 09:32:50.854387+00:00
843093,1147035,2025-03-01 17:48:30.036411+00:00,2025-03-02 09:32:50.854387+00:00
843093,1080195,2025-03-01 17:48:30.036411+00:00,2025-03-02 09:32:50.854387+00:00
843093,16790,2025-03-01 17:48:30.036411+00:00,2025-03-02 09:32:50.854387+00:00
843093,554272,2025-03-01 17:48:30.036411+00:00,2025-03-02 09:32:50.854387+00:00
843093,67988,2025-03-01 17:48:30.036411+00:00,2025-03-02 09:32:50.854387+00:00
844176,26513,2025-03-01 17:48:30.036411+00:00,2025-03-02 09:32:50.854387+00:00
844176,1061561,2025-03-01 17:48:30.036411+00:00,2025-03-02 09:32:50.854387+00:00
844176,3063,2025-03-01 17:48:30.036411+00:00,2025-03-02 09:32:50.854387+00:00
844176,3056,2025-03-01 17:48:30.036411+00:00,2025-03-02 09:32:50.854387+00:00
844225,1076363,2025-03-01 17:48:30.036411+00:00,2025-03-02 09:32:50.854387+00:00
844225,31078,2025-03-01 17:48:30.036411+00:00,2025-03-02 09:32:50.854387+00:00
844225,1124535,2025-03-01 17:48:30.036411+00:00,2025-03-02 09:32:50.854387+00:00
844225,132133,2025-03-01 17:48:30.036411+00:00,2025-03-02 09:32:50.854387+00:00
844225,1741323,2025-03-01 17:48:30.036411+00:00,2025-03-02 09:32:50.854387+00:00
844386,3979702,2025-03-01 17:48:30.036411+00:00,2025-03-02 09:32:50.854387+00:00
844386,2144177,2025-03-01 17:48:30.036411+00:00,2025-03-02 09:32:50.854387+00:00
844386,1674539,2025-03-01 17:48:30.036411+00:00,2025-03-02 09:32:50.854387+00:00
844386,1029157,2025-03-01 17:48:30.036411+00:00,2025-03-02 09:32:50.854387+00:00
844386,1200384,2025-03-01 17:48:30.036411+00:00,2025-03-02 09:32:50.854387+00:00
844398,2453169,2025-03-01 17:48:30.036411+00:00,2025-03-02 09:32:50.854387+00:00
844398,81685,2025-03-01 17:48:30.036411+00:00,2025-03-02 09:32:50.854387+00:00
844398,6949,2025-03-01 17:48:30.036411+00:00,2025-03-02 09:32:50.854387+00:00
844398,1411561,2025-03-01 17:48:30.036411+00:00,2025-03-02 09:32:50.854387+00:00
844398,37089,2025-03-01 17:48:30.036411+00:00,2025-03-02 09:32:50.854387+00:00
844409,8443,2025-03-01 17:48:30.036411+00:00,2025-03-02 09:32:50.854387+00:00
844409,388,2025-03-01 17:48:30.036411+00:00,2025-03-02 09:32:50.854387+00:00
844409,1249,2025-03-01 17:48:30.036411+00:00,2025-03-02 09:32:50.854387+00:00
844409,1353189,2025-03-01 17:48:30.036411+00:00,2025-03-02 09:32:50.854387+00:00
844409,1295162,2025-03-01 17:48:30.036411+00:00,2025-03-02 09:32:50.854387+00:00
845140,2820864,2025-03-01 17:48:30.036411+00:00,2025-03-02 09:32:50.854387+00:00
845140,130664,2025-03-01 17:48:30.036411+00:00,2025-03-02 09:32:50.854387+00:00
845140,33161,2025-03-01 17:48:30.036411+00:00,2025-03-02 09:32:50.854387+00:00
845140,17901,2025-03-01 17:48:30.036411+00:00,2025-03-02 09:32:50.854387+00:00
845140,3387485,2025-03-01 17:48:30.036411+00:00,2025-03-02 09:32:50.854387+00:00
845611,1693,2025-03-01 17:48:30.036411+00:00,2025-03-02 09:32:50.854387+00:00
845611,58596,2025-03-01 17:48:30.036411+00:00,2025-03-02 09:32:50.854387+00:00
845611,1257364,2025-03-01 17:48:30.036411+00:00,2025-03-02 09:32:50.854387+00:00
845611,228072,2025-03-01 17:48:30.036411+00:00,2025-03-02 09:32:50.854387+00:00
845611,122468,2025-03-01 17:48:30.036411+00:00,2025-03-02 09:32:50.854387+00:00
845781,18999,2025-03-01 17:48:30.036411+00:00,2025-03-02 09:32:50.854387+00:00
845781,140,2025-03-01 17:48:30.036411+00:00,2025-03-02 09:32:50.854387+00:00
845781,16828,2025-03-01 17:48:30.036411+00:00,2025-03-02 09:32:50.854387+00:00
845781,18918,2025-03-01 17:48:30.036411+00:00,2025-03-02 09:32:50.854387+00:00
845781,5149,2025-03-01 17:48:30.036411+00:00,2025-03-02 09:32:50.854387+00:00
845875,1138605,2025-03-01 17:48:30.036411+00:00,2025-03-02 09:32:50.854387+00:00
845875,1575923,2025-03-01 17:48:30.036411+00:00,2025-03-02 09:32:50.854387+00:00
845875,1142959,2025-03-01 17:48:30.036411+00:00,2025-03-02 09:32:50.854387+00:00
845875,1613059,2025-03-01 17:48:30.036411+00:00,2025-03-02 09:32:50.854387+00:00
845875,589351,2025-03-01 17:48:30.036411+00:00,2025-03-02 09:32:50.854387+00:00
846517,1715264,2025-03-01 17:48:30.036411+00:00,2025-03-02 09:32:50.854387+00:00
846517,3404656,2025-03-01 17:48:30.036411+00:00,2025-03-02 09:32:50.854387+00:00
846517,1794453,2025-03-01 17:48:30.036411+00:00,2025-03-02 09:32:50.854387+00:00
846517,1179171,2025-03-01 17:48:30.036411+00:00,2025-03-02 09:32:50.854387+00:00
846517,1609470,2025-03-01 17:48:30.036411+00:00,2025-03-02 09:32:50.854387+00:00
846716,4089684,2025-03-01 17:48:30.036411+00:00,2025-03-02 09:32:50.854387+00:00
846716,1622,2025-03-01 17:48:30.036411+00:00,2025-03-02 09:32:50.854387+00:00
846716,121394,2025-03-01 17:48:30.036411+00:00,2025-03-02 09:32:50.854387+00:00
846716,2128414,2025-03-01 17:48:30.036411+00:00,2025-03-02 09:32:50.854387+00:00
846716,643,2025-03-01 17:48:30.036411+00:00,2025-03-02 09:32:50.854387+00:00
846993,1255101,2025-03-01 17:48:30.036411+00:00,2025-03-02 09:32:50.854387+00:00
846993,149894,2025-03-01 17:48:30.036411+00:00,2025-03-02 09:32:50.854387+00:00
846993,1325230,2025-03-01 17:48:30.036411+00:00,2025-03-02 09:32:50.854387+00:00
846993,119143,2025-03-01 17:48:30.036411+00:00,2025-03-02 09:32:50.854387+00:00
846993,1256603,2025-03-01 17:48:30.036411+00:00,2025-03-02 09:32:50.854387+00:00
847335,3065215,2025-03-01 17:48:30.036411+00:00,2025-03-02 09:32:50.854387+00:00
847335,3319303,2025-03-01 17:48:30.036411+00:00,2025-03-02 09:32:50.854387+00:00
847335,1287268,2025-03-01 17:48:30.036411+00:00,2025-03-02 09:32:50.854387+00:00
847335,1301834,2025-03-01 17:48:30.036411+00:00,2025-03-02 09:32:50.854387+00:00
847335,1923037,2025-03-01 17:48:30.036411+00:00,2025-03-02 09:32:50.854387+00:00
848123,76512,2025-03-01 17:48:30.036411+00:00,2025-03-02 09:32:50.854387+00:00
848123,230609,2025-03-01 17:48:30.036411+00:00,2025-03-02 09:32:50.854387+00:00
848123,224181,2025-03-01 17:48:30.036411+00:00,2025-03-02 09:32:50.854387+00:00
848123,11705,2025-03-01 17:48:30.036411+00:00,2025-03-02 09:32:50.854387+00:00
848123,979599,2025-03-01 17:48:30.036411+00:00,2025-03-02 09:32:50.854387+00:00
848198,150125,2025-03-01 17:48:30.036411+00:00,2025-03-02 09:32:50.854387+00:00
848198,1863422,2025-03-01 17:48:30.036411+00:00,2025-03-02 09:32:50.854387+00:00
848198,2791229,2025-03-01 17:48:30.036411+00:00,2025-03-02 09:32:50.854387+00:00
848198,139493,2025-03-01 17:48:30.036411+00:00,2025-03-02 09:32:50.854387+00:00
848198,2483538,2025-03-01 17:48:30.036411+00:00,2025-03-02 09:32:50.854387+00:00
848298,79037,2025-03-01 17:48:30.036411+00:00,2025-03-02 09:32:50.854387+00:00
848298,68973,2025-03-01 17:48:30.036411+00:00,2025-03-02 09:32:50.854387+00:00
848298,225730,2025-03-01 17:48:30.036411+00:00,2025-03-02 09:32:50.854387+00:00
848298,1054260,2025-03-01 17:48:30.036411+00:00,2025-03-02 09:32:50.854387+00:00
848298,31078,2025-03-01 17:48:30.036411+00:00,2025-03-02 09:32:50.854387+00:00
848685,28511,2025-03-01 17:48:30.036411+00:00,2025-03-02 09:32:50.854387+00:00
848685,81125,2025-03-01 17:48:30.036411+00:00,2025-03-02 09:32:50.854387+00:00
848685,1793110,2025-03-01 17:48:30.036411+00:00,2025-03-02 09:32:50.854387+00:00
848685,2110628,2025-03-01 17:48:30.036411+00:00,2025-03-02 09:32:50.854387+00:00
848685,76820,2025-03-01 17:48:30.036411+00:00,2025-03-02 09:32:50.854387+00:00
848788,2217481,2025-03-01 17:48:30.036411+00:00,2025-03-02 09:32:50.854387+00:00
848788,78875,2025-03-01 17:48:30.036411+00:00,2025-03-02 09:32:50.854387+00:00
848788,83820,2025-03-01 17:48:30.036411+00:00,2025-03-02 09:32:50.854387+00:00
848788,1638505,2025-03-01 17:48:30.036411+00:00,2025-03-02 09:32:50.854387+00:00
848788,3164683,2025-03-01 17:48:30.036411+00:00,2025-03-02 09:32:50.854387+00:00
848958,3552511,2025-03-01 17:48:30.036411+00:00,2025-03-02 09:32:50.854387+00:00
848958,81144,2025-03-01 17:48:30.036411+00:00,2025-03-02 09:32:50.854387+00:00
848958,16269,2025-03-01 17:48:30.036411+00:00,2025-03-02 09:32:50.854387+00:00
848958,3552509,2025-03-01 17:48:30.036411+00:00,2025-03-02 09:32:50.854387+00:00
848958,2019443,2025-03-01 17:48:30.036411+00:00,2025-03-02 09:32:50.854387+00:00
849242,3556071,2025-03-01 17:48:30.036411+00:00,2025-03-02 09:32:50.854387+00:00
849242,1886169,2025-03-01 17:48:30.036411+00:00,2025-03-02 09:32:50.854387+00:00
849242,3556073,2025-03-01 17:48:30.036411+00:00,2025-03-02 09:32:50.854387+00:00
849242,3565283,2025-03-01 17:48:30.036411+00:00,2025-03-02 09:32:50.854387+00:00
849242,3556072,2025-03-01 17:48:30.036411+00:00,2025-03-02 09:32:50.854387+00:00
849786,1321982,2025-03-01 17:48:30.036411+00:00,2025-03-02 09:32:50.854387+00:00
849786,1454976,2025-03-01 17:48:30.036411+00:00,2025-03-02 09:32:50.854387+00:00
849786,1105808,2025-03-01 17:48:30.036411+00:00,2025-03-02 09:32:50.854387+00:00
849786,230119,2025-03-01 17:48:30.036411+00:00,2025-03-02 09:32:50.854387+00:00
849786,1401654,2025-03-01 17:48:30.036411+00:00,2025-03-02 09:32:50.854387+00:00
850028,209673,2025-03-01 17:48:30.036411+00:00,2025-03-02 09:32:50.854387+00:00
850028,2449974,2025-03-01 17:48:30.036411+00:00,2025-03-02 09:32:50.854387+00:00
850028,70787,2025-03-01 17:48:30.036411+00:00,2025-03-02 09:32:50.854387+00:00
850028,134774,2025-03-01 17:48:30.036411+00:00,2025-03-02 09:32:50.854387+00:00
850028,84223,2025-03-01 17:48:30.036411+00:00,2025-03-02 09:32:50.854387+00:00
850099,3155737,2025-03-01 17:48:30.036411+00:00,2025-03-02 09:32:50.854387+00:00
850099,1226767,2025-03-01 17:48:30.036411+00:00,2025-03-02 09:32:50.854387+00:00
850099,3155745,2025-03-01 17:48:30.036411+00:00,2025-03-02 09:32:50.854387+00:00
850099,2374339,2025-03-01 17:48:30.036411+00:00,2025-03-02 09:32:50.854387+00:00
850099,2124586,2025-03-01 17:48:30.036411+00:00,2025-03-02 09:32:50.854387+00:00
850884,3574269,2025-03-01 17:48:30.036411+00:00,2025-03-02 09:32:50.854387+00:00
850884,3735681,2025-03-01 17:48:30.036411+00:00,2025-03-02 09:32:50.854387+00:00
850884,2340766,2025-03-01 17:48:30.036411+00:00,2025-03-02 09:32:50.854387+00:00
851798,3140188,2025-03-01 17:48:30.036411+00:00,2025-03-02 09:32:50.854387+00:00
851798,88495,2025-03-01 17:48:30.036411+00:00,2025-03-02 09:32:50.854387+00:00
851798,65938,2025-03-01 17:48:30.036411+00:00,2025-03-02 09:32:50.854387+00:00
851798,1813253,2025-03-01 17:48:30.036411+00:00,2025-03-02 09:32:50.854387+00:00
851798,78257,2025-03-01 17:48:30.036411+00:00,2025-03-02 09:32:50.854387+00:00
851800,2557400,2025-03-01 17:48:30.036411+00:00,2025-03-02 09:32:50.854387+00:00
851800,1202564,2025-03-01 17:48:30.036411+00:00,2025-03-02 09:32:50.854387+00:00
851800,110847,2025-03-01 17:48:30.036411+00:00,2025-03-02 09:32:50.854387+00:00
851800,1286615,2025-03-01 17:48:30.036411+00:00,2025-03-02 09:32:50.854387+00:00
851800,78252,2025-03-01 17:48:30.036411+00:00,2025-03-02 09:32:50.854387+00:00
852355,2155170,2025-03-01 17:48:30.036411+00:00,2025-03-02 09:32:50.854387+00:00
852355,2270252,2025-03-01 17:48:30.036411+00:00,2025-03-02 09:32:50.854387+00:00
852355,1251592,2025-03-01 17:48:30.036411+00:00,2025-03-02 09:32:50.854387+00:00
852355,1977515,2025-03-01 17:48:30.036411+00:00,2025-03-02 09:32:50.854387+00:00
852355,150165,2025-03-01 17:48:30.036411+00:00,2025-03-02 09:32:50.854387+00:00
852432,2352692,2025-03-01 17:48:30.036411+00:00,2025-03-02 09:32:50.854387+00:00
852432,2084179,2025-03-01 17:48:30.036411+00:00,2025-03-02 09:32:50.854387+00:00
852432,1633865,2025-03-01 17:48:30.036411+00:00,2025-03-02 09:32:50.854387+00:00
852432,3165193,2025-03-01 17:48:30.036411+00:00,2025-03-02 09:32:50.854387+00:00
852432,2540925,2025-03-01 17:48:30.036411+00:00,2025-03-02 09:32:50.854387+00:00
852438,17497,2025-03-01 17:48:30.036411+00:00,2025-03-02 09:32:50.854387+00:00
852438,1464589,2025-03-01 17:48:30.036411+00:00,2025-03-02 09:32:50.854387+00:00
852438,223532,2025-03-01 17:48:30.036411+00:00,2025-03-02 09:32:50.854387+00:00
852438,583853,2025-03-01 17:48:30.036411+00:00,2025-03-02 09:32:50.854387+00:00
852438,82923,2025-03-01 17:48:30.036411+00:00,2025-03-02 09:32:50.854387+00:00
852457,3068939,2025-03-01 17:48:30.036411+00:00,2025-03-02 09:32:50.854387+00:00
852457,3319870,2025-03-01 17:48:30.036411+00:00,2025-03-02 09:32:50.854387+00:00
852457,3319869,2025-03-01 17:48:30.036411+00:00,2025-03-02 09:32:50.854387+00:00
852457,1867407,2025-03-01 17:48:30.036411+00:00,2025-03-02 09:32:50.854387+00:00
852457,3476977,2025-03-01 17:48:30.036411+00:00,2025-03-02 09:32:50.854387+00:00
852758,126988,2025-03-01 17:48:30.036411+00:00,2025-03-02 09:32:50.854387+00:00
852758,2197426,2025-03-01 17:48:30.036411+00:00,2025-03-02 09:32:50.854387+00:00
852758,105871,2025-03-01 17:48:30.036411+00:00,2025-03-02 09:32:50.854387+00:00
852758,2328786,2025-03-01 17:48:30.036411+00:00,2025-03-02 09:32:50.854387+00:00
852758,2711790,2025-03-01 17:48:30.036411+00:00,2025-03-02 09:32:50.854387+00:00
853387,3131371,2025-03-01 17:48:30.036411+00:00,2025-03-02 09:32:50.854387+00:00
853387,89822,2025-03-01 17:48:30.036411+00:00,2025-03-02 09:32:50.854387+00:00
853387,1246598,2025-03-01 17:48:30.036411+00:00,2025-03-02 09:32:50.854387+00:00
853387,202032,2025-03-01 17:48:30.036411+00:00,2025-03-02 09:32:50.854387+00:00
853387,1085178,2025-03-01 17:48:30.036411+00:00,2025-03-02 09:32:50.854387+00:00
853731,2151537,2025-03-01 17:48:30.036411+00:00,2025-03-02 09:32:50.854387+00:00
853731,130656,2025-03-01 17:48:30.036411+00:00,2025-03-02 09:32:50.854387+00:00
853731,58604,2025-03-01 17:48:30.036411+00:00,2025-03-02 09:32:50.854387+00:00
853731,224664,2025-03-01 17:48:30.036411+00:00,2025-03-02 09:32:50.854387+00:00
853731,1115068,2025-03-01 17:48:30.036411+00:00,2025-03-02 09:32:50.854387+00:00
853821,1745973,2025-03-01 17:48:30.036411+00:00,2025-03-02 09:32:50.854387+00:00
853821,3119799,2025-03-01 17:48:30.036411+00:00,2025-03-02 09:32:50.854387+00:00
853821,2054290,2025-03-01 17:48:30.036411+00:00,2025-03-02 09:32:50.854387+00:00
853821,2167981,2025-03-01 17:48:30.036411+00:00,2025-03-02 09:32:50.854387+00:00
853821,1034362,2025-03-01 17:48:30.036411+00:00,2025-03-02 09:32:50.854387+00:00
854006,1696207,2025-03-01 17:48:30.036411+00:00,2025-03-02 09:32:50.854387+00:00
854006,2389740,2025-03-01 17:48:30.036411+00:00,2025-03-02 09:32:50.854387+00:00
854006,2524580,2025-03-01 17:48:30.036411+00:00,2025-03-02 09:32:50.854387+00:00
854006,3171312,2025-03-01 17:48:30.036411+00:00,2025-03-02 09:32:50.854387+00:00
854006,1668193,2025-03-01 17:48:30.036411+00:00,2025-03-02 09:32:50.854387+00:00
859798,114916,2025-03-01 17:48:30.036411+00:00,2025-03-02 09:32:50.854387+00:00
859798,107708,2025-03-01 17:48:30.036411+00:00,2025-03-02 09:32:50.854387+00:00
859798,82540,2025-03-01 17:48:30.036411+00:00,2025-03-02 09:32:50.854387+00:00
859798,2269331,2025-03-01 17:48:30.036411+00:00,2025-03-02 09:32:50.854387+00:00
859798,1953860,2025-03-01 17:48:30.036411+00:00,2025-03-02 09:32:50.854387+00:00
859933,1381949,2025-03-01 17:48:30.036411+00:00,2025-03-02 09:32:50.854387+00:00
859933,1454163,2025-03-01 17:48:30.036411+00:00,2025-03-02 09:32:50.854387+00:00
859933,1671558,2025-03-01 17:48:30.036411+00:00,2025-03-02 09:32:50.854387+00:00
859933,1433802,2025-03-01 17:48:30.036411+00:00,2025-03-02 09:32:50.854387+00:00
859933,1158144,2025-03-01 17:48:30.036411+00:00,2025-03-02 09:32:50.854387+00:00
860887,1012320,2025-03-01 17:48:30.036411+00:00,2025-03-02 09:32:50.854387+00:00
860887,1260978,2025-03-01 17:48:30.036411+00:00,2025-03-02 09:32:50.854387+00:00
860887,65261,2025-03-01 17:48:30.036411+00:00,2025-03-02 09:32:50.854387+00:00
860887,71171,2025-03-01 17:48:30.036411+00:00,2025-03-02 09:32:50.854387+00:00
860887,1200923,2025-03-01 17:48:30.036411+00:00,2025-03-02 09:32:50.854387+00:00
862855,2576415,2025-03-01 17:48:30.036411+00:00,2025-03-02 09:32:50.854387+00:00
862855,1353694,2025-03-01 17:48:30.036411+00:00,2025-03-02 09:32:50.854387+00:00
862855,1076049,2025-03-01 17:48:30.036411+00:00,2025-03-02 09:32:50.854387+00:00
862855,1338063,2025-03-01 17:48:30.036411+00:00,2025-03-02 09:32:50.854387+00:00
862855,1743471,2025-03-01 17:48:30.036411+00:00,2025-03-02 09:32:50.854387+00:00
863857,1466336,2025-03-01 17:48:30.036411+00:00,2025-03-02 09:32:50.854387+00:00
863857,72494,2025-03-01 17:48:30.036411+00:00,2025-03-02 09:32:50.854387+00:00
863857,1509675,2025-03-01 17:48:30.036411+00:00,2025-03-02 09:32:50.854387+00:00
863857,1127066,2025-03-01 17:48:30.036411+00:00,2025-03-02 09:32:50.854387+00:00
863857,1087773,2025-03-01 17:48:30.036411+00:00,2025-03-02 09:32:50.854387+00:00
864101,2217915,2025-03-01 17:48:30.036411+00:00,2025-03-02 09:32:50.854387+00:00
864101,93540,2025-03-01 17:48:30.036411+00:00,2025-03-02 09:32:50.854387+00:00
864101,235712,2025-03-01 17:48:30.036411+00:00,2025-03-02 09:32:50.854387+00:00
864101,2218132,2025-03-01 17:48:30.036411+00:00,2025-03-02 09:32:50.854387+00:00
864101,1533645,2025-03-01 17:48:30.036411+00:00,2025-03-02 09:32:50.854387+00:00
864116,62,2025-03-01 17:48:30.036411+00:00,2025-03-02 09:32:50.854387+00:00
864116,12974,2025-03-01 17:48:30.036411+00:00,2025-03-02 09:32:50.854387+00:00
864116,1138751,2025-03-01 17:48:30.036411+00:00,2025-03-02 09:32:50.854387+00:00
864116,81685,2025-03-01 17:48:30.036411+00:00,2025-03-02 09:32:50.854387+00:00
864116,6863,2025-03-01 17:48:30.036411+00:00,2025-03-02 09:32:50.854387+00:00
864168,1285023,2025-03-01 17:48:30.036411+00:00,2025-03-02 09:32:50.854387+00:00
864168,2088734,2025-03-01 17:48:30.036411+00:00,2025-03-02 09:32:50.854387+00:00
864168,3730831,2025-03-01 17:48:30.036411+00:00,2025-03-02 09:32:50.854387+00:00
864168,62562,2025-03-01 17:48:30.036411+00:00,2025-03-02 09:32:50.854387+00:00
864168,1381186,2025-03-01 17:48:30.036411+00:00,2025-03-02 09:32:50.854387+00:00
864370,38286,2025-03-01 17:48:30.036411+00:00,2025-03-02 09:32:50.854387+00:00
864370,2956372,2025-03-01 17:48:30.036411+00:00,2025-03-02 09:32:50.854387+00:00
864370,3497796,2025-03-01 17:48:30.036411+00:00,2025-03-02 09:32:50.854387+00:00
864370,1749592,2025-03-01 17:48:30.036411+00:00,2025-03-02 09:32:50.854387+00:00
864370,3413896,2025-03-01 17:48:30.036411+00:00,2025-03-02 09:32:50.854387+00:00
865498,935241,2025-03-01 17:48:30.036411+00:00,2025-03-02 09:32:50.854387+00:00
865498,6012,2025-03-01 17:48:30.036411+00:00,2025-03-02 09:32:50.854387+00:00
865498,2700258,2025-03-01 17:48:30.036411+00:00,2025-03-02 09:32:50.854387+00:00
865498,3491655,2025-03-01 17:48:30.036411+00:00,2025-03-02 09:32:50.854387+00:00
865498,2408,2025-03-01 17:48:30.036411+00:00,2025-03-02 09:32:50.854387+00:00
865910,16288,2025-03-01 17:48:30.036411+00:00,2025-03-02 09:32:50.854387+00:00
865910,83014,2025-03-01 17:48:30.036411+00:00,2025-03-02 09:32:50.854387+00:00
865910,1346897,2025-03-01 17:48:30.036411+00:00,2025-03-02 09:32:50.854387+00:00
865910,1586567,2025-03-01 17:48:30.036411+00:00,2025-03-02 09:32:50.854387+00:00
865910,2123570,2025-03-01 17:48:30.036411+00:00,2025-03-02 09:32:50.854387+00:00
866398,976,2025-03-01 17:48:30.036411+00:00,2025-03-02 09:32:50.854387+00:00
866398,27972,2025-03-01 17:48:30.036411+00:00,2025-03-02 09:32:50.854387+00:00
866398,2026050,2025-03-01 17:48:30.036411+00:00,2025-03-02 09:32:50.854387+00:00
866398,6613,2025-03-01 17:48:30.036411+00:00,2025-03-02 09:32:50.854387+00:00
866398,1375501,2025-03-01 17:48:30.036411+00:00,2025-03-02 09:32:50.854387+00:00
866611,1293282,2025-03-01 17:48:30.036411+00:00,2025-03-02 09:32:50.854387+00:00
866611,1847259,2025-03-01 17:48:30.036411+00:00,2025-03-02 09:32:50.854387+00:00
866611,3622142,2025-03-01 17:48:30.036411+00:00,2025-03-02 09:32:50.854387+00:00
866611,19943,2025-03-01 17:48:30.036411+00:00,2025-03-02 09:32:50.854387+00:00
866611,3622141,2025-03-01 17:48:30.036411+00:00,2025-03-02 09:32:50.854387+00:00
869886,1087773,2025-03-01 17:48:30.036411+00:00,2025-03-02 09:32:50.854387+00:00
869886,1393772,2025-03-01 17:48:30.036411+00:00,2025-03-02 09:32:50.854387+00:00
869886,80108,2025-03-01 17:48:30.036411+00:00,2025-03-02 09:32:50.854387+00:00
869886,100766,2025-03-01 17:48:30.036411+00:00,2025-03-02 09:32:50.854387+00:00
869886,1342694,2025-03-01 17:48:30.036411+00:00,2025-03-02 09:32:50.854387+00:00
870360,95257,2025-03-01 17:48:30.036411+00:00,2025-03-02 09:32:50.854387+00:00
870360,60279,2025-03-01 17:48:30.036411+00:00,2025-03-02 09:32:50.854387+00:00
870360,12688,2025-03-01 17:48:30.036411+00:00,2025-03-02 09:32:50.854387+00:00
870360,35159,2025-03-01 17:48:30.036411+00:00,2025-03-02 09:32:50.854387+00:00
870360,89599,2025-03-01 17:48:30.036411+00:00,2025-03-02 09:32:50.854387+00:00
871530,1253977,2025-03-01 17:48:30.036411+00:00,2025-03-02 09:32:50.854387+00:00
871530,17373,2025-03-01 17:48:30.036411+00:00,2025-03-02 09:32:50.854387+00:00
871530,55882,2025-03-01 17:48:30.036411+00:00,2025-03-02 09:32:50.854387+00:00
871530,5649,2025-03-01 17:48:30.036411+00:00,2025-03-02 09:32:50.854387+00:00
871530,1859,2025-03-01 17:48:30.036411+00:00,2025-03-02 09:32:50.854387+00:00
872556,3479097,2025-03-01 17:48:30.036411+00:00,2025-03-02 09:32:50.854387+00:00
872556,3479098,2025-03-01 17:48:30.036411+00:00,2025-03-02 09:32:50.854387+00:00
872556,3479093,2025-03-01 17:48:30.036411+00:00,2025-03-02 09:32:50.854387+00:00
872556,3479095,2025-03-01 17:48:30.036411+00:00,2025-03-02 09:32:50.854387+00:00
872556,3479100,2025-03-01 17:48:30.036411+00:00,2025-03-02 09:32:50.854387+00:00
872585,1373737,2025-03-01 17:48:30.036411+00:00,2025-03-02 09:32:50.854387+00:00
872585,2037,2025-03-01 17:48:30.036411+00:00,2025-03-02 09:32:50.854387+00:00
872585,3223,2025-03-01 17:48:30.036411+00:00,2025-03-02 09:32:50.854387+00:00
872585,5081,2025-03-01 17:48:30.036411+00:00,2025-03-02 09:32:50.854387+00:00
872585,1892,2025-03-01 17:48:30.036411+00:00,2025-03-02 09:32:50.854387+00:00
872667,3229052,2025-03-01 17:48:30.036411+00:00,2025-03-02 09:32:50.854387+00:00
872667,1893976,2025-03-01 17:48:30.036411+00:00,2025-03-02 09:32:50.854387+00:00
872667,76170,2025-03-01 17:48:30.036411+00:00,2025-03-02 09:32:50.854387+00:00
872667,68973,2025-03-01 17:48:30.036411+00:00,2025-03-02 09:32:50.854387+00:00
872667,1017332,2025-03-01 17:48:30.036411+00:00,2025-03-02 09:32:50.854387+00:00
872976,1522605,2025-03-01 17:48:30.036411+00:00,2025-03-02 09:32:50.854387+00:00
872976,1059905,2025-03-01 17:48:30.036411+00:00,2025-03-02 09:32:50.854387+00:00
872976,216449,2025-03-01 17:48:30.036411+00:00,2025-03-02 09:32:50.854387+00:00
872976,1324600,2025-03-01 17:48:30.036411+00:00,2025-03-02 09:32:50.854387+00:00
872976,1860296,2025-03-01 17:48:30.036411+00:00,2025-03-02 09:32:50.854387+00:00
874476,1700138,2025-03-01 17:48:30.036411+00:00,2025-03-02 09:32:50.854387+00:00
874476,2460109,2025-03-01 17:48:30.036411+00:00,2025-03-02 09:32:50.854387+00:00
874476,3435897,2025-03-01 17:48:30.036411+00:00,2025-03-02 09:32:50.854387+00:00
874476,133699,2025-03-01 17:48:30.036411+00:00,2025-03-02 09:32:50.854387+00:00
874476,1405981,2025-03-01 17:48:30.036411+00:00,2025-03-02 09:32:50.854387+00:00
874743,559413,2025-03-01 17:48:30.036411+00:00,2025-03-02 09:32:50.854387+00:00
874743,1923037,2025-03-01 17:48:30.036411+00:00,2025-03-02 09:32:50.854387+00:00
874743,80864,2025-03-01 17:48:30.036411+00:00,2025-03-02 09:32:50.854387+00:00
874743,93891,2025-03-01 17:48:30.036411+00:00,2025-03-02 09:32:50.854387+00:00
874743,1079863,2025-03-01 17:48:30.036411+00:00,2025-03-02 09:32:50.854387+00:00
874745,1923037,2025-03-01 17:48:30.036411+00:00,2025-03-02 09:32:50.854387+00:00
874745,1669110,2025-03-01 17:48:30.036411+00:00,2025-03-02 09:32:50.854387+00:00
874745,93891,2025-03-01 17:48:30.036411+00:00,2025-03-02 09:32:50.854387+00:00
874745,559413,2025-03-01 17:48:30.036411+00:00,2025-03-02 09:32:50.854387+00:00
874745,80864,2025-03-01 17:48:30.036411+00:00,2025-03-02 09:32:50.854387+00:00
874781,3236477,2025-03-01 17:48:30.036411+00:00,2025-03-02 09:32:50.854387+00:00
876127,28662,2025-03-01 17:48:30.036411+00:00,2025-03-02 09:32:50.854387+00:00
876127,127706,2025-03-01 17:48:30.036411+00:00,2025-03-02 09:32:50.854387+00:00
876127,578833,2025-03-01 17:48:30.036411+00:00,2025-03-02 09:32:50.854387+00:00
876127,84996,2025-03-01 17:48:30.036411+00:00,2025-03-02 09:32:50.854387+00:00
876127,1080935,2025-03-01 17:48:30.036411+00:00,2025-03-02 09:32:50.854387+00:00
876189,268708,2025-03-01 17:48:30.036411+00:00,2025-03-02 09:32:50.854387+00:00
876189,2595841,2025-03-01 17:48:30.036411+00:00,2025-03-02 09:32:50.854387+00:00
876189,987587,2025-03-01 17:48:30.036411+00:00,2025-03-02 09:32:50.854387+00:00
876189,1674433,2025-03-01 17:48:30.036411+00:00,2025-03-02 09:32:50.854387+00:00
876189,1537551,2025-03-01 17:48:30.036411+00:00,2025-03-02 09:32:50.854387+00:00
876648,3242463,2025-03-01 17:48:30.036411+00:00,2025-03-02 09:32:50.854387+00:00
876648,2060773,2025-03-01 17:48:30.036411+00:00,2025-03-02 09:32:50.854387+00:00
876648,2836726,2025-03-01 17:48:30.036411+00:00,2025-03-02 09:32:50.854387+00:00
876648,2106893,2025-03-01 17:48:30.036411+00:00,2025-03-02 09:32:50.854387+00:00
876648,2613084,2025-03-01 17:48:30.036411+00:00,2025-03-02 09:32:50.854387+00:00
876792,1407597,2025-03-01 17:48:30.036411+00:00,2025-03-02 09:32:50.854387+00:00
876792,1319218,2025-03-01 17:48:30.036411+00:00,2025-03-02 09:32:50.854387+00:00
876792,2138490,2025-03-01 17:48:30.036411+00:00,2025-03-02 09:32:50.854387+00:00
876792,9710,2025-03-01 17:48:30.036411+00:00,2025-03-02 09:32:50.854387+00:00
876792,1249235,2025-03-01 17:48:30.036411+00:00,2025-03-02 09:32:50.854387+00:00
876797,2576886,2025-03-01 17:48:30.036411+00:00,2025-03-02 09:32:50.854387+00:00
876797,1054260,2025-03-01 17:48:30.036411+00:00,2025-03-02 09:32:50.854387+00:00
876797,1161474,2025-03-01 17:48:30.036411+00:00,2025-03-02 09:32:50.854387+00:00
876797,1287268,2025-03-01 17:48:30.036411+00:00,2025-03-02 09:32:50.854387+00:00
876797,1470127,2025-03-01 17:48:30.036411+00:00,2025-03-02 09:32:50.854387+00:00
876969,1784612,2025-03-01 17:48:30.036411+00:00,2025-03-02 09:32:50.854387+00:00
876969,87722,2025-03-01 17:48:30.036411+00:00,2025-03-02 09:32:50.854387+00:00
876969,4783,2025-03-01 17:48:30.036411+00:00,2025-03-02 09:32:50.854387+00:00
876969,105762,2025-03-01 17:48:30.036411+00:00,2025-03-02 09:32:50.854387+00:00
876969,1807132,2025-03-01 17:48:30.036411+00:00,2025-03-02 09:32:50.854387+00:00
877246,1375776,2025-03-01 17:48:30.036411+00:00,2025-03-02 09:32:50.854387+00:00
877246,1624255,2025-03-01 17:48:30.036411+00:00,2025-03-02 09:32:50.854387+00:00
877246,71395,2025-03-01 17:48:30.036411+00:00,2025-03-02 09:32:50.854387+00:00
877246,150165,2025-03-01 17:48:30.036411+00:00,2025-03-02 09:32:50.854387+00:00
877246,3193525,2025-03-01 17:48:30.036411+00:00,2025-03-02 09:32:50.854387+00:00
877260,2278760,2025-03-01 17:48:30.036411+00:00,2025-03-02 09:32:50.854387+00:00
877260,75914,2025-03-01 17:48:30.036411+00:00,2025-03-02 09:32:50.854387+00:00
877260,4842678,2025-03-01 17:48:30.036411+00:00,2025-03-02 09:32:50.854387+00:00
877260,573792,2025-03-01 17:48:30.036411+00:00,2025-03-02 09:32:50.854387+00:00
877260,1179570,2025-03-01 17:48:30.036411+00:00,2025-03-02 09:32:50.854387+00:00
877269,6065,2025-03-01 17:48:30.036411+00:00,2025-03-02 09:32:50.854387+00:00
877269,131,2025-03-01 17:48:30.036411+00:00,2025-03-02 09:32:50.854387+00:00
877269,140,2025-03-01 17:48:30.036411+00:00,2025-03-02 09:32:50.854387+00:00
877269,17773,2025-03-01 17:48:30.036411+00:00,2025-03-02 09:32:50.854387+00:00
877269,1998733,2025-03-01 17:48:30.036411+00:00,2025-03-02 09:32:50.854387+00:00
877840,1402803,2025-03-01 17:48:30.036411+00:00,2025-03-02 09:32:50.854387+00:00
877840,239857,2025-03-01 17:48:30.036411+00:00,2025-03-02 09:32:50.854387+00:00
878607,1371289,2025-03-01 17:48:30.036411+00:00,2025-03-02 09:32:50.854387+00:00
878607,1016315,2025-03-01 17:48:30.036411+00:00,2025-03-02 09:32:50.854387+00:00
878607,1376106,2025-03-01 17:48:30.036411+00:00,2025-03-02 09:32:50.854387+00:00
878607,1161018,2025-03-01 17:48:30.036411+00:00,2025-03-02 09:32:50.854387+00:00
878607,1905812,2025-03-01 17:48:30.036411+00:00,2025-03-02 09:32:50.854387+00:00
878987,3282533,2025-03-01 17:48:30.036411+00:00,2025-03-02 09:32:50.854387+00:00
878987,1179172,2025-03-01 17:48:30.036411+00:00,2025-03-02 09:32:50.854387+00:00
878987,1429696,2025-03-01 17:48:30.036411+00:00,2025-03-02 09:32:50.854387+00:00
878987,126345,2025-03-01 17:48:30.036411+00:00,2025-03-02 09:32:50.854387+00:00
878987,3299524,2025-03-01 17:48:30.036411+00:00,2025-03-02 09:32:50.854387+00:00
879008,1320679,2025-03-01 17:48:30.036411+00:00,2025-03-02 09:32:50.854387+00:00
879008,1395507,2025-03-01 17:48:30.036411+00:00,2025-03-02 09:32:50.854387+00:00
879008,558135,2025-03-01 17:48:30.036411+00:00,2025-03-02 09:32:50.854387+00:00
879008,1556997,2025-03-01 17:48:30.036411+00:00,2025-03-02 09:32:50.854387+00:00
879008,1505062,2025-03-01 17:48:30.036411+00:00,2025-03-02 09:32:50.854387+00:00
879689,54014,2025-03-01 17:48:30.036411+00:00,2025-03-02 09:32:50.854387+00:00
879689,3210021,2025-03-01 17:48:30.036411+00:00,2025-03-02 09:32:50.854387+00:00
879689,1166095,2025-03-01 17:48:30.036411+00:00,2025-03-02 09:32:50.854387+00:00
879689,1370630,2025-03-01 17:48:30.036411+00:00,2025-03-02 09:32:50.854387+00:00
879689,3959136,2025-03-01 17:48:30.036411+00:00,2025-03-02 09:32:50.854387+00:00
880156,2042179,2025-03-01 17:48:30.036411+00:00,2025-03-02 09:32:50.854387+00:00
880156,2864025,2025-03-01 17:48:30.036411+00:00,2025-03-02 09:32:50.854387+00:00
880156,2882651,2025-03-01 17:48:30.036411+00:00,2025-03-02 09:32:50.854387+00:00
880156,2836726,2025-03-01 17:48:30.036411+00:00,2025-03-02 09:32:50.854387+00:00
880156,1145385,2025-03-01 17:48:30.036411+00:00,2025-03-02 09:32:50.854387+00:00
881693,71377,2025-03-01 17:48:30.036411+00:00,2025-03-02 09:32:50.854387+00:00
881693,1141,2025-03-01 17:48:30.036411+00:00,2025-03-02 09:32:50.854387+00:00
881693,23388,2025-03-01 17:48:30.036411+00:00,2025-03-02 09:32:50.854387+00:00
881693,143389,2025-03-01 17:48:30.036411+00:00,2025-03-02 09:32:50.854387+00:00
881693,2406,2025-03-01 17:48:30.036411+00:00,2025-03-02 09:32:50.854387+00:00
881764,107633,2025-03-01 17:48:30.036411+00:00,2025-03-02 09:32:50.854387+00:00
881764,83264,2025-03-01 17:48:30.036411+00:00,2025-03-02 09:32:50.854387+00:00
881764,544002,2025-03-01 17:48:30.036411+00:00,2025-03-02 09:32:50.854387+00:00
881764,1568909,2025-03-01 17:48:30.036411+00:00,2025-03-02 09:32:50.854387+00:00
881764,1888550,2025-03-01 17:48:30.036411+00:00,2025-03-02 09:32:50.854387+00:00
882059,70904,2025-03-01 17:48:30.036411+00:00,2025-03-02 09:32:50.854387+00:00
882059,1427680,2025-03-01 17:48:30.036411+00:00,2025-03-02 09:32:50.854387+00:00
882059,224197,2025-03-01 17:48:30.036411+00:00,2025-03-02 09:32:50.854387+00:00
882059,185773,2025-03-01 17:48:30.036411+00:00,2025-03-02 09:32:50.854387+00:00
882059,137905,2025-03-01 17:48:30.036411+00:00,2025-03-02 09:32:50.854387+00:00
882569,131,2025-03-01 17:48:30.036411+00:00,2025-03-02 09:32:50.854387+00:00
882569,1033691,2025-03-01 17:48:30.036411+00:00,2025-03-02 09:32:50.854387+00:00
882569,2380399,2025-03-01 17:48:30.036411+00:00,2025-03-02 09:32:50.854387+00:00
882569,234907,2025-03-01 17:48:30.036411+00:00,2025-03-02 09:32:50.854387+00:00
882569,1896053,2025-03-01 17:48:30.036411+00:00,2025-03-02 09:32:50.854387+00:00
882580,1332468,2025-03-01 17:48:30.036411+00:00,2025-03-02 09:32:50.854387+00:00
882580,2455171,2025-03-01 17:48:30.036411+00:00,2025-03-02 09:32:50.854387+00:00
882580,1473841,2025-03-01 17:48:30.036411+00:00,2025-03-02 09:32:50.854387+00:00
882580,4259,2025-03-01 17:48:30.036411+00:00,2025-03-02 09:32:50.854387+00:00
882580,2218708,2025-03-01 17:48:30.036411+00:00,2025-03-02 09:32:50.854387+00:00
882598,79087,2025-03-01 17:48:30.036411+00:00,2025-03-02 09:32:50.854387+00:00
882598,59219,2025-03-01 17:48:30.036411+00:00,2025-03-02 09:32:50.854387+00:00
882598,145245,2025-03-01 17:48:30.036411+00:00,2025-03-02 09:32:50.854387+00:00
882598,198847,2025-03-01 17:48:30.036411+00:00,2025-03-02 09:32:50.854387+00:00
882598,1396124,2025-03-01 17:48:30.036411+00:00,2025-03-02 09:32:50.854387+00:00
883502,1278867,2025-03-01 17:48:30.036411+00:00,2025-03-02 09:32:50.854387+00:00
883502,62,2025-03-01 17:48:30.036411+00:00,2025-03-02 09:32:50.854387+00:00
883502,62747,2025-03-01 17:48:30.036411+00:00,2025-03-02 09:32:50.854387+00:00
883502,1160181,2025-03-01 17:48:30.036411+00:00,2025-03-02 09:32:50.854387+00:00
883502,57171,2025-03-01 17:48:30.036411+00:00,2025-03-02 09:32:50.854387+00:00
884605,2914688,2025-03-01 17:48:30.036411+00:00,2025-03-02 09:32:50.854387+00:00
884605,72129,2025-03-01 17:48:30.036411+00:00,2025-03-02 09:32:50.854387+00:00
884605,4756,2025-03-01 17:48:30.036411+00:00,2025-03-02 09:32:50.854387+00:00
884605,60034,2025-03-01 17:48:30.036411+00:00,2025-03-02 09:32:50.854387+00:00
884605,118752,2025-03-01 17:48:30.036411+00:00,2025-03-02 09:32:50.854387+00:00
887870,1161474,2025-03-01 17:48:30.036411+00:00,2025-03-02 09:32:50.854387+00:00
887870,1565630,2025-03-01 17:48:30.036411+00:00,2025-03-02 09:32:50.854387+00:00
887870,2463693,2025-03-01 17:48:30.036411+00:00,2025-03-02 09:32:50.854387+00:00
887870,3039708,2025-03-01 17:48:30.036411+00:00,2025-03-02 09:32:50.854387+00:00
887870,1177946,2025-03-01 17:48:30.036411+00:00,2025-03-02 09:32:50.854387+00:00
888003,1033745,2025-03-01 17:48:30.036411+00:00,2025-03-02 09:32:50.854387+00:00
888003,931296,2025-03-01 17:48:30.036411+00:00,2025-03-02 09:32:50.854387+00:00
888003,588159,2025-03-01 17:48:30.036411+00:00,2025-03-02 09:32:50.854387+00:00
888003,236639,2025-03-01 17:48:30.036411+00:00,2025-03-02 09:32:50.854387+00:00
888003,145121,2025-03-01 17:48:30.036411+00:00,2025-03-02 09:32:50.854387+00:00
888195,3103358,2025-03-01 17:48:30.036411+00:00,2025-03-02 09:32:50.854387+00:00
888195,1419361,2025-03-01 17:48:30.036411+00:00,2025-03-02 09:32:50.854387+00:00
888195,2461,2025-03-01 17:48:30.036411+00:00,2025-03-02 09:32:50.854387+00:00
888195,19144,2025-03-01 17:48:30.036411+00:00,2025-03-02 09:32:50.854387+00:00
888195,6863,2025-03-01 17:48:30.036411+00:00,2025-03-02 09:32:50.854387+00:00
888321,1156221,2025-03-01 17:48:30.036411+00:00,2025-03-02 09:32:50.854387+00:00
888321,1080195,2025-03-01 17:48:30.036411+00:00,2025-03-02 09:32:50.854387+00:00
888321,1694291,2025-03-01 17:48:30.036411+00:00,2025-03-02 09:32:50.854387+00:00
888321,586677,2025-03-01 17:48:30.036411+00:00,2025-03-02 09:32:50.854387+00:00
888321,33989,2025-03-01 17:48:30.036411+00:00,2025-03-02 09:32:50.854387+00:00
888602,3354848,2025-03-01 17:48:30.036411+00:00,2025-03-02 09:32:50.854387+00:00
888602,2889663,2025-03-01 17:48:30.036411+00:00,2025-03-02 09:32:50.854387+00:00
888602,3354849,2025-03-01 17:48:30.036411+00:00,2025-03-02 09:32:50.854387+00:00
888602,3354850,2025-03-01 17:48:30.036411+00:00,2025-03-02 09:32:50.854387+00:00
888602,131006,2025-03-01 17:48:30.036411+00:00,2025-03-02 09:32:50.854387+00:00
888768,502397,2025-03-01 17:48:30.036411+00:00,2025-03-02 09:32:50.854387+00:00
888768,104243,2025-03-01 17:48:30.036411+00:00,2025-03-02 09:32:50.854387+00:00
888768,1885548,2025-03-01 17:48:30.036411+00:00,2025-03-02 09:32:50.854387+00:00
888768,1084,2025-03-01 17:48:30.036411+00:00,2025-03-02 09:32:50.854387+00:00
888768,3281373,2025-03-01 17:48:30.036411+00:00,2025-03-02 09:32:50.854387+00:00
889507,3326960,2025-03-01 17:48:30.036411+00:00,2025-03-02 09:32:50.854387+00:00
889507,3326962,2025-03-01 17:48:30.036411+00:00,2025-03-02 09:32:50.854387+00:00
889507,3326961,2025-03-01 17:48:30.036411+00:00,2025-03-02 09:32:50.854387+00:00
889699,1236122,2025-03-01 17:48:30.036411+00:00,2025-03-02 09:32:50.854387+00:00
889699,3514167,2025-03-01 17:48:30.036411+00:00,2025-03-02 09:32:50.854387+00:00
889699,3514166,2025-03-01 17:48:30.036411+00:00,2025-03-02 09:32:50.854387+00:00
889699,3494273,2025-03-01 17:48:30.036411+00:00,2025-03-02 09:32:50.854387+00:00
889699,2295116,2025-03-01 17:48:30.036411+00:00,2025-03-02 09:32:50.854387+00:00
889737,237405,2025-03-01 17:48:30.036411+00:00,2025-03-02 09:32:50.854387+00:00
889737,2229,2025-03-01 17:48:30.036411+00:00,2025-03-02 09:32:50.854387+00:00
889737,1545693,2025-03-01 17:48:30.036411+00:00,2025-03-02 09:32:50.854387+00:00
889737,73421,2025-03-01 17:48:30.036411+00:00,2025-03-02 09:32:50.854387+00:00
889737,2039,2025-03-01 17:48:30.036411+00:00,2025-03-02 09:32:50.854387+00:00
890326,1405927,2025-03-01 17:48:30.036411+00:00,2025-03-02 09:32:50.854387+00:00
890326,1039220,2025-03-01 17:48:30.036411+00:00,2025-03-02 09:32:50.854387+00:00
890326,131191,2025-03-01 17:48:30.036411+00:00,2025-03-02 09:32:50.854387+00:00
890326,123002,2025-03-01 17:48:30.036411+00:00,2025-03-02 09:32:50.854387+00:00
890326,2126460,2025-03-01 17:48:30.036411+00:00,2025-03-02 09:32:50.854387+00:00
890526,1234090,2025-03-01 17:48:30.036411+00:00,2025-03-02 09:32:50.854387+00:00
890526,143803,2025-03-01 17:48:30.036411+00:00,2025-03-02 09:32:50.854387+00:00
890526,91870,2025-03-01 17:48:30.036411+00:00,2025-03-02 09:32:50.854387+00:00
890526,2151537,2025-03-01 17:48:30.036411+00:00,2025-03-02 09:32:50.854387+00:00
890526,1384549,2025-03-01 17:48:30.036411+00:00,2025-03-02 09:32:50.854387+00:00
890538,1697975,2025-03-01 17:48:30.036411+00:00,2025-03-02 09:32:50.854387+00:00
890538,150165,2025-03-01 17:48:30.036411+00:00,2025-03-02 09:32:50.854387+00:00
890538,1990190,2025-03-01 17:48:30.036411+00:00,2025-03-02 09:32:50.854387+00:00
890538,1356719,2025-03-01 17:48:30.036411+00:00,2025-03-02 09:32:50.854387+00:00
890538,1191364,2025-03-01 17:48:30.036411+00:00,2025-03-02 09:32:50.854387+00:00
890771,36634,2025-03-01 17:48:30.036411+00:00,2025-03-02 09:32:50.854387+00:00
890771,1568025,2025-03-01 17:48:30.036411+00:00,2025-03-02 09:32:50.854387+00:00
890771,955954,2025-03-01 17:48:30.036411+00:00,2025-03-02 09:32:50.854387+00:00
890771,6164,2025-03-01 17:48:30.036411+00:00,2025-03-02 09:32:50.854387+00:00
890771,3710822,2025-03-01 17:48:30.036411+00:00,2025-03-02 09:32:50.854387+00:00
891699,92404,2025-03-01 17:48:30.036411+00:00,2025-03-02 09:32:50.854387+00:00
891699,3670024,2025-03-01 17:48:30.036411+00:00,2025-03-02 09:32:50.854387+00:00
891699,234070,2025-03-01 17:48:30.036411+00:00,2025-03-02 09:32:50.854387+00:00
891699,484359,2025-03-01 17:48:30.036411+00:00,2025-03-02 09:32:50.854387+00:00
891699,5887,2025-03-01 17:48:30.036411+00:00,2025-03-02 09:32:50.854387+00:00
892515,33161,2025-03-01 17:48:30.036411+00:00,2025-03-02 09:32:50.854387+00:00
892515,1167459,2025-03-01 17:48:30.036411+00:00,2025-03-02 09:32:50.854387+00:00
892515,19117,2025-03-01 17:48:30.036411+00:00,2025-03-02 09:32:50.854387+00:00
892515,6553,2025-03-01 17:48:30.036411+00:00,2025-03-02 09:32:50.854387+00:00
892515,145121,2025-03-01 17:48:30.036411+00:00,2025-03-02 09:32:50.854387+00:00
892527,1180477,2025-03-01 17:48:30.036411+00:00,2025-03-02 09:32:50.854387+00:00
892527,19361,2025-03-01 17:48:30.036411+00:00,2025-03-02 09:32:50.854387+00:00
892527,47337,2025-03-01 17:48:30.036411+00:00,2025-03-02 09:32:50.854387+00:00
892527,1508677,2025-03-01 17:48:30.036411+00:00,2025-03-02 09:32:50.854387+00:00
892527,1576701,2025-03-01 17:48:30.036411+00:00,2025-03-02 09:32:50.854387+00:00
892530,935096,2025-03-01 17:48:30.036411+00:00,2025-03-02 09:32:50.854387+00:00
892530,147041,2025-03-01 17:48:30.036411+00:00,2025-03-02 09:32:50.854387+00:00
892530,939099,2025-03-01 17:48:30.036411+00:00,2025-03-02 09:32:50.854387+00:00
892530,6020,2025-03-01 17:48:30.036411+00:00,2025-03-02 09:32:50.854387+00:00
892530,223532,2025-03-01 17:48:30.036411+00:00,2025-03-02 09:32:50.854387+00:00
893030,4467117,2025-03-01 17:48:30.036411+00:00,2025-03-02 09:32:50.854387+00:00
893030,4467120,2025-03-01 17:48:30.036411+00:00,2025-03-02 09:32:50.854387+00:00
893030,4467121,2025-03-01 17:48:30.036411+00:00,2025-03-02 09:32:50.854387+00:00
893030,4467118,2025-03-01 17:48:30.036411+00:00,2025-03-02 09:32:50.854387+00:00
893030,4467119,2025-03-01 17:48:30.036411+00:00,2025-03-02 09:32:50.854387+00:00
893252,3229052,2025-03-01 17:48:30.036411+00:00,2025-03-02 09:32:50.854387+00:00
893252,2058777,2025-03-01 17:48:30.036411+00:00,2025-03-02 09:32:50.854387+00:00
893252,1190970,2025-03-01 17:48:30.036411+00:00,2025-03-02 09:32:50.854387+00:00
893252,2889663,2025-03-01 17:48:30.036411+00:00,2025-03-02 09:32:50.854387+00:00
893252,65354,2025-03-01 17:48:30.036411+00:00,2025-03-02 09:32:50.854387+00:00
893366,93532,2025-03-01 17:48:30.036411+00:00,2025-03-02 09:32:50.854387+00:00
893366,2447100,2025-03-01 17:48:30.036411+00:00,2025-03-02 09:32:50.854387+00:00
893366,2700258,2025-03-01 17:48:30.036411+00:00,2025-03-02 09:32:50.854387+00:00
893366,1088197,2025-03-01 17:48:30.036411+00:00,2025-03-02 09:32:50.854387+00:00
893366,4275,2025-03-01 17:48:30.036411+00:00,2025-03-02 09:32:50.854387+00:00
893723,1488961,2025-03-01 17:48:30.036411+00:00,2025-03-02 09:32:50.854387+00:00
893723,1721268,2025-03-01 17:48:30.036411+00:00,2025-03-02 09:32:50.854387+00:00
893723,40462,2025-03-01 17:48:30.036411+00:00,2025-03-02 09:32:50.854387+00:00
893723,1172108,2025-03-01 17:48:30.036411+00:00,2025-03-02 09:32:50.854387+00:00
893723,40036,2025-03-01 17:48:30.036411+00:00,2025-03-02 09:32:50.854387+00:00
894169,11155,2025-03-01 17:48:30.036411+00:00,2025-03-02 09:32:50.854387+00:00
894169,51995,2025-03-01 17:48:30.036411+00:00,2025-03-02 09:32:50.854387+00:00
894169,85977,2025-03-01 17:48:30.036411+00:00,2025-03-02 09:32:50.854387+00:00
894169,62,2025-03-01 17:48:30.036411+00:00,2025-03-02 09:32:50.854387+00:00
894169,2068598,2025-03-01 17:48:30.036411+00:00,2025-03-02 09:32:50.854387+00:00
895659,1367720,2025-03-01 17:48:30.036411+00:00,2025-03-02 09:32:50.854387+00:00
895659,4273,2025-03-01 17:48:30.036411+00:00,2025-03-02 09:32:50.854387+00:00
895659,56286,2025-03-01 17:48:30.036411+00:00,2025-03-02 09:32:50.854387+00:00
895659,3060213,2025-03-01 17:48:30.036411+00:00,2025-03-02 09:32:50.854387+00:00
895659,1800818,2025-03-01 17:48:30.036411+00:00,2025-03-02 09:32:50.854387+00:00
896499,1210634,2025-03-01 17:48:30.036411+00:00,2025-03-02 09:32:50.854387+00:00
896499,1492992,2025-03-01 17:48:30.036411+00:00,2025-03-02 09:32:50.854387+00:00
896499,1253008,2025-03-01 17:48:30.036411+00:00,2025-03-02 09:32:50.854387+00:00
896499,1835721,2025-03-01 17:48:30.036411+00:00,2025-03-02 09:32:50.854387+00:00
896499,186341,2025-03-01 17:48:30.036411+00:00,2025-03-02 09:32:50.854387+00:00
896639,558240,2025-03-01 17:48:30.036411+00:00,2025-03-02 09:32:50.854387+00:00
896689,1085680,2025-03-01 17:48:30.036411+00:00,2025-03-02 09:32:50.854387+00:00
896689,3304907,2025-03-01 17:48:30.036411+00:00,2025-03-02 09:32:50.854387+00:00
896689,4153459,2025-03-01 17:48:30.036411+00:00,2025-03-02 09:32:50.854387+00:00
896689,4176630,2025-03-01 17:48:30.036411+00:00,2025-03-02 09:32:50.854387+00:00
896689,3304908,2025-03-01 17:48:30.036411+00:00,2025-03-02 09:32:50.854387+00:00
897087,937009,2025-03-01 17:48:30.036411+00:00,2025-03-02 09:32:50.854387+00:00
897087,56446,2025-03-01 17:48:30.036411+00:00,2025-03-02 09:32:50.854387+00:00
897087,88029,2025-03-01 17:48:30.036411+00:00,2025-03-02 09:32:50.854387+00:00
897087,2224,2025-03-01 17:48:30.036411+00:00,2025-03-02 09:32:50.854387+00:00
897087,59860,2025-03-01 17:48:30.036411+00:00,2025-03-02 09:32:50.854387+00:00
898009,2067022,2025-03-01 17:48:30.036411+00:00,2025-03-02 09:32:50.854387+00:00
898009,1266156,2025-03-01 17:48:30.036411+00:00,2025-03-02 09:32:50.854387+00:00
898009,1536911,2025-03-01 17:48:30.036411+00:00,2025-03-02 09:32:50.854387+00:00
898009,1879409,2025-03-01 17:48:30.036411+00:00,2025-03-02 09:32:50.854387+00:00
898009,1992420,2025-03-01 17:48:30.036411+00:00,2025-03-02 09:32:50.854387+00:00
898230,3849699,2025-03-01 17:48:30.036411+00:00,2025-03-02 09:32:50.854387+00:00
898230,3849698,2025-03-01 17:48:30.036411+00:00,2025-03-02 09:32:50.854387+00:00
898230,3913341,2025-03-01 17:48:30.036411+00:00,2025-03-02 09:32:50.854387+00:00
898230,4719207,2025-03-01 17:48:30.036411+00:00,2025-03-02 09:32:50.854387+00:00
898230,3849701,2025-03-01 17:48:30.036411+00:00,2025-03-02 09:32:50.854387+00:00
898673,1285450,2025-03-01 17:48:30.036411+00:00,2025-03-02 09:32:50.854387+00:00
898673,1139801,2025-03-01 17:48:30.036411+00:00,2025-03-02 09:32:50.854387+00:00
898673,586757,2025-03-01 17:48:30.036411+00:00,2025-03-02 09:32:50.854387+00:00
898673,17064,2025-03-01 17:48:30.036411+00:00,2025-03-02 09:32:50.854387+00:00
898673,3310757,2025-03-01 17:48:30.036411+00:00,2025-03-02 09:32:50.854387+00:00
899112,2273501,2025-03-01 17:48:30.036411+00:00,2025-03-02 09:32:50.854387+00:00
899112,35029,2025-03-01 17:48:30.036411+00:00,2025-03-02 09:32:50.854387+00:00
899112,178634,2025-03-01 17:48:30.036411+00:00,2025-03-02 09:32:50.854387+00:00
899112,821,2025-03-01 17:48:30.036411+00:00,2025-03-02 09:32:50.854387+00:00
899112,5723,2025-03-01 17:48:30.036411+00:00,2025-03-02 09:32:50.854387+00:00
899387,1186306,2025-03-01 17:48:30.036411+00:00,2025-03-02 09:32:50.854387+00:00
899387,3587930,2025-03-01 17:48:30.036411+00:00,2025-03-02 09:32:50.854387+00:00
899387,1719971,2025-03-01 17:48:30.036411+00:00,2025-03-02 09:32:50.854387+00:00
899387,3193525,2025-03-01 17:48:30.036411+00:00,2025-03-02 09:32:50.854387+00:00
899387,2843204,2025-03-01 17:48:30.036411+00:00,2025-03-02 09:32:50.854387+00:00
899460,1970145,2025-03-01 17:48:30.036411+00:00,2025-03-02 09:32:50.854387+00:00
899460,136891,2025-03-01 17:48:30.036411+00:00,2025-03-02 09:32:50.854387+00:00
899460,1559780,2025-03-01 17:48:30.036411+00:00,2025-03-02 09:32:50.854387+00:00
899460,3373856,2025-03-01 17:48:30.036411+00:00,2025-03-02 09:32:50.854387+00:00
899460,3677659,2025-03-01 17:48:30.036411+00:00,2025-03-02 09:32:50.854387+00:00
899464,1247109,2025-03-01 17:48:30.036411+00:00,2025-03-02 09:32:50.854387+00:00
899464,2894782,2025-03-01 17:48:30.036411+00:00,2025-03-02 09:32:50.854387+00:00
899464,989606,2025-03-01 17:48:30.036411+00:00,2025-03-02 09:32:50.854387+00:00
899464,3616289,2025-03-01 17:48:30.036411+00:00,2025-03-02 09:32:50.854387+00:00
899464,3575134,2025-03-01 17:48:30.036411+00:00,2025-03-02 09:32:50.854387+00:00
899524,23626,2025-03-01 17:48:30.036411+00:00,2025-03-02 09:32:50.854387+00:00
899524,15735,2025-03-01 17:48:30.036411+00:00,2025-03-02 09:32:50.854387+00:00
899524,164,2025-03-01 17:48:30.036411+00:00,2025-03-02 09:32:50.854387+00:00
899524,86359,2025-03-01 17:48:30.036411+00:00,2025-03-02 09:32:50.854387+00:00
899524,1348474,2025-03-01 17:48:30.036411+00:00,2025-03-02 09:32:50.854387+00:00
899743,2043861,2025-03-01 17:48:30.036411+00:00,2025-03-02 09:32:50.854387+00:00
899743,142673,2025-03-01 17:48:30.036411+00:00,2025-03-02 09:32:50.854387+00:00
899743,1641492,2025-03-01 17:48:30.036411+00:00,2025-03-02 09:32:50.854387+00:00
899743,2203003,2025-03-01 17:48:30.036411+00:00,2025-03-02 09:32:50.854387+00:00
899743,1897436,2025-03-01 17:48:30.036411+00:00,2025-03-02 09:32:50.854387+00:00
900062,3315989,2025-03-01 17:48:30.036411+00:00,2025-03-02 09:32:50.854387+00:00
900062,2086014,2025-03-01 17:48:30.036411+00:00,2025-03-02 09:32:50.854387+00:00
900062,1719815,2025-03-01 17:48:30.036411+00:00,2025-03-02 09:32:50.854387+00:00
900379,907352,2025-03-01 17:48:30.036411+00:00,2025-03-02 09:32:50.854387+00:00
900379,1452018,2025-03-01 17:48:30.036411+00:00,2025-03-02 09:32:50.854387+00:00
900379,35382,2025-03-01 17:48:30.036411+00:00,2025-03-02 09:32:50.854387+00:00
900379,1597840,2025-03-01 17:48:30.036411+00:00,2025-03-02 09:32:50.854387+00:00
900379,894116,2025-03-01 17:48:30.036411+00:00,2025-03-02 09:32:50.854387+00:00
901121,2067860,2025-03-01 17:48:30.036411+00:00,2025-03-02 09:32:50.854387+00:00
901121,998412,2025-03-01 17:48:30.036411+00:00,2025-03-02 09:32:50.854387+00:00
901121,1330917,2025-03-01 17:48:30.036411+00:00,2025-03-02 09:32:50.854387+00:00
901121,20738,2025-03-01 17:48:30.036411+00:00,2025-03-02 09:32:50.854387+00:00
901121,37940,2025-03-01 17:48:30.036411+00:00,2025-03-02 09:32:50.854387+00:00
901358,1378375,2025-03-01 17:48:30.036411+00:00,2025-03-02 09:32:50.854387+00:00
901358,1850402,2025-03-01 17:48:30.036411+00:00,2025-03-02 09:32:50.854387+00:00
901358,1251928,2025-03-01 17:48:30.036411+00:00,2025-03-02 09:32:50.854387+00:00
901358,2047290,2025-03-01 17:48:30.036411+00:00,2025-03-02 09:32:50.854387+00:00
901358,2223774,2025-03-01 17:48:30.036411+00:00,2025-03-02 09:32:50.854387+00:00
901362,1911673,2025-03-01 17:48:30.036411+00:00,2025-03-02 09:32:50.854387+00:00
901362,440414,2025-03-01 17:48:30.036411+00:00,2025-03-02 09:32:50.854387+00:00
901362,934159,2025-03-01 17:48:30.036411+00:00,2025-03-02 09:32:50.854387+00:00
901362,12111,2025-03-01 17:48:30.036411+00:00,2025-03-02 09:32:50.854387+00:00
901362,84223,2025-03-01 17:48:30.036411+00:00,2025-03-02 09:32:50.854387+00:00
901410,1615061,2025-03-01 17:48:30.036411+00:00,2025-03-02 09:32:50.854387+00:00
901410,225730,2025-03-01 17:48:30.036411+00:00,2025-03-02 09:32:50.854387+00:00
901410,3340013,2025-03-01 17:48:30.036411+00:00,2025-03-02 09:32:50.854387+00:00
901410,58593,2025-03-01 17:48:30.036411+00:00,2025-03-02 09:32:50.854387+00:00
901410,1256882,2025-03-01 17:48:30.036411+00:00,2025-03-02 09:32:50.854387+00:00
901563,23671,2025-03-01 17:48:30.036411+00:00,2025-03-02 09:32:50.854387+00:00
901563,3553983,2025-03-01 17:48:30.036411+00:00,2025-03-02 09:32:50.854387+00:00
901563,19360,2025-03-01 17:48:30.036411+00:00,2025-03-02 09:32:50.854387+00:00
901563,3505950,2025-03-01 17:48:30.036411+00:00,2025-03-02 09:32:50.854387+00:00
901563,1553327,2025-03-01 17:48:30.036411+00:00,2025-03-02 09:32:50.854387+00:00
902533,144860,2025-03-01 17:48:30.036411+00:00,2025-03-02 09:32:50.854387+00:00
902533,556829,2025-03-01 17:48:30.036411+00:00,2025-03-02 09:32:50.854387+00:00
902533,63584,2025-03-01 17:48:30.036411+00:00,2025-03-02 09:32:50.854387+00:00
902533,78875,2025-03-01 17:48:30.036411+00:00,2025-03-02 09:32:50.854387+00:00
902533,938251,2025-03-01 17:48:30.036411+00:00,2025-03-02 09:32:50.854387+00:00
903125,1985025,2025-03-01 17:48:30.036411+00:00,2025-03-02 09:32:50.854387+00:00
903125,2029011,2025-03-01 17:48:30.036411+00:00,2025-03-02 09:32:50.854387+00:00
903125,2093326,2025-03-01 17:48:30.036411+00:00,2025-03-02 09:32:50.854387+00:00
903125,1519031,2025-03-01 17:48:30.036411+00:00,2025-03-02 09:32:50.854387+00:00
903125,1519027,2025-03-01 17:48:30.036411+00:00,2025-03-02 09:32:50.854387+00:00
904759,1182773,2025-03-01 17:48:30.036411+00:00,2025-03-02 09:32:50.854387+00:00
904759,186341,2025-03-01 17:48:30.036411+00:00,2025-03-02 09:32:50.854387+00:00
904759,90496,2025-03-01 17:48:30.036411+00:00,2025-03-02 09:32:50.854387+00:00
904759,225655,2025-03-01 17:48:30.036411+00:00,2025-03-02 09:32:50.854387+00:00
904759,90571,2025-03-01 17:48:30.036411+00:00,2025-03-02 09:32:50.854387+00:00
906467,1380452,2025-03-01 17:48:30.036411+00:00,2025-03-02 09:32:50.854387+00:00
906467,4395650,2025-03-01 17:48:30.036411+00:00,2025-03-02 09:32:50.854387+00:00
910365,71597,2025-03-01 17:48:30.036411+00:00,2025-03-02 09:32:50.854387+00:00
910365,18935,2025-03-01 17:48:30.036411+00:00,2025-03-02 09:32:50.854387+00:00
910365,21748,2025-03-01 17:48:30.036411+00:00,2025-03-02 09:32:50.854387+00:00
910365,17543,2025-03-01 17:48:30.036411+00:00,2025-03-02 09:32:50.854387+00:00
910365,7824,2025-03-01 17:48:30.036411+00:00,2025-03-02 09:32:50.854387+00:00
912480,2028132,2025-03-01 17:48:30.036411+00:00,2025-03-02 09:32:50.854387+00:00
912480,53577,2025-03-01 17:48:30.036411+00:00,2025-03-02 09:32:50.854387+00:00
912480,1670906,2025-03-01 17:48:30.036411+00:00,2025-03-02 09:32:50.854387+00:00
912480,1657720,2025-03-01 17:48:30.036411+00:00,2025-03-02 09:32:50.854387+00:00
912480,1825907,2025-03-01 17:48:30.036411+00:00,2025-03-02 09:32:50.854387+00:00
912520,559581,2025-03-01 17:48:30.036411+00:00,2025-03-02 09:32:50.854387+00:00
912520,2106235,2025-03-01 17:48:30.036411+00:00,2025-03-02 09:32:50.854387+00:00
912520,234029,2025-03-01 17:48:30.036411+00:00,2025-03-02 09:32:50.854387+00:00
912520,143595,2025-03-01 17:48:30.036411+00:00,2025-03-02 09:32:50.854387+00:00
912520,991982,2025-03-01 17:48:30.036411+00:00,2025-03-02 09:32:50.854387+00:00
912632,2236357,2025-03-01 17:48:30.036411+00:00,2025-03-02 09:32:50.854387+00:00
912632,587655,2025-03-01 17:48:30.036411+00:00,2025-03-02 09:32:50.854387+00:00
912632,1039343,2025-03-01 17:48:30.036411+00:00,2025-03-02 09:32:50.854387+00:00
912632,1384549,2025-03-01 17:48:30.036411+00:00,2025-03-02 09:32:50.854387+00:00
912632,230658,2025-03-01 17:48:30.036411+00:00,2025-03-02 09:32:50.854387+00:00
912649,5294,2025-03-01 17:48:30.036411+00:00,2025-03-02 09:32:50.854387+00:00
912649,2524,2025-03-01 17:48:30.036411+00:00,2025-03-02 09:32:50.854387+00:00
912649,1115,2025-03-01 17:48:30.036411+00:00,2025-03-02 09:32:50.854387+00:00
912649,36594,2025-03-01 17:48:30.036411+00:00,2025-03-02 09:32:50.854387+00:00
912649,7026,2025-03-01 17:48:30.036411+00:00,2025-03-02 09:32:50.854387+00:00
912726,2195354,2025-03-01 17:48:30.036411+00:00,2025-03-02 09:32:50.854387+00:00
912726,1203440,2025-03-01 17:48:30.036411+00:00,2025-03-02 09:32:50.854387+00:00
912726,1209579,2025-03-01 17:48:30.036411+00:00,2025-03-02 09:32:50.854387+00:00
912726,1495356,2025-03-01 17:48:30.036411+00:00,2025-03-02 09:32:50.854387+00:00
912726,2141745,2025-03-01 17:48:30.036411+00:00,2025-03-02 09:32:50.854387+00:00
912908,23659,2025-03-01 17:48:30.036411+00:00,2025-03-02 09:32:50.854387+00:00
912908,52848,2025-03-01 17:48:30.036411+00:00,2025-03-02 09:32:50.854387+00:00
912908,62831,2025-03-01 17:48:30.036411+00:00,2025-03-02 09:32:50.854387+00:00
912908,134,2025-03-01 17:48:30.036411+00:00,2025-03-02 09:32:50.854387+00:00
912908,79082,2025-03-01 17:48:30.036411+00:00,2025-03-02 09:32:50.854387+00:00
913673,54789,2025-03-01 17:48:30.036411+00:00,2025-03-02 09:32:50.854387+00:00
913673,158097,2025-03-01 17:48:30.036411+00:00,2025-03-02 09:32:50.854387+00:00
913673,1217738,2025-03-01 17:48:30.036411+00:00,2025-03-02 09:32:50.854387+00:00
913673,144675,2025-03-01 17:48:30.036411+00:00,2025-03-02 09:32:50.854387+00:00
913673,1079780,2025-03-01 17:48:30.036411+00:00,2025-03-02 09:32:50.854387+00:00
913760,3218149,2025-03-01 17:48:30.036411+00:00,2025-03-02 09:32:50.854387+00:00
913760,3192676,2025-03-01 17:48:30.036411+00:00,2025-03-02 09:32:50.854387+00:00
913760,1624799,2025-03-01 17:48:30.036411+00:00,2025-03-02 09:32:50.854387+00:00
913760,3487349,2025-03-01 17:48:30.036411+00:00,2025-03-02 09:32:50.854387+00:00
913760,3487350,2025-03-01 17:48:30.036411+00:00,2025-03-02 09:32:50.854387+00:00
913820,3390001,2025-03-01 17:48:30.036411+00:00,2025-03-02 09:32:50.854387+00:00
913820,3905469,2025-03-01 17:48:30.036411+00:00,2025-03-02 09:32:50.854387+00:00
913820,3905470,2025-03-01 17:48:30.036411+00:00,2025-03-02 09:32:50.854387+00:00
913820,3390004,2025-03-01 17:48:30.036411+00:00,2025-03-02 09:32:50.854387+00:00
913820,3390003,2025-03-01 17:48:30.036411+00:00,2025-03-02 09:32:50.854387+00:00
913991,43321,2025-03-01 17:48:30.036411+00:00,2025-03-02 09:32:50.854387+00:00
913991,2164904,2025-03-01 17:48:30.036411+00:00,2025-03-02 09:32:50.854387+00:00
913991,6534,2025-03-01 17:48:30.036411+00:00,2025-03-02 09:32:50.854387+00:00
913991,1428896,2025-03-01 17:48:30.036411+00:00,2025-03-02 09:32:50.854387+00:00
913991,19024,2025-03-01 17:48:30.036411+00:00,2025-03-02 09:32:50.854387+00:00
914203,3497174,2025-03-01 17:48:30.036411+00:00,2025-03-02 09:32:50.854387+00:00
914203,1891332,2025-03-01 17:48:30.036411+00:00,2025-03-02 09:32:50.854387+00:00
914203,3497175,2025-03-01 17:48:30.036411+00:00,2025-03-02 09:32:50.854387+00:00
914203,1431537,2025-03-01 17:48:30.036411+00:00,2025-03-02 09:32:50.854387+00:00
914203,73331,2025-03-01 17:48:30.036411+00:00,2025-03-02 09:32:50.854387+00:00
914206,146750,2025-03-01 17:48:30.036411+00:00,2025-03-02 09:32:50.854387+00:00
914206,1360307,2025-03-01 17:48:30.036411+00:00,2025-03-02 09:32:50.854387+00:00
914206,121529,2025-03-01 17:48:30.036411+00:00,2025-03-02 09:32:50.854387+00:00
914206,1789100,2025-03-01 17:48:30.036411+00:00,2025-03-02 09:32:50.854387+00:00
914206,1717627,2025-03-01 17:48:30.036411+00:00,2025-03-02 09:32:50.854387+00:00
915295,1343678,2025-03-01 17:48:30.036411+00:00,2025-03-02 09:32:50.854387+00:00
915295,1321982,2025-03-01 17:48:30.036411+00:00,2025-03-02 09:32:50.854387+00:00
915295,1741323,2025-03-01 17:48:30.036411+00:00,2025-03-02 09:32:50.854387+00:00
915295,148287,2025-03-01 17:48:30.036411+00:00,2025-03-02 09:32:50.854387+00:00
915295,130656,2025-03-01 17:48:30.036411+00:00,2025-03-02 09:32:50.854387+00:00
915403,1388751,2025-03-01 17:48:30.036411+00:00,2025-03-02 09:32:50.854387+00:00
915403,1606164,2025-03-01 17:48:30.036411+00:00,2025-03-02 09:32:50.854387+00:00
915403,122726,2025-03-01 17:48:30.036411+00:00,2025-03-02 09:32:50.854387+00:00
915403,1772522,2025-03-01 17:48:30.036411+00:00,2025-03-02 09:32:50.854387+00:00
915403,1647556,2025-03-01 17:48:30.036411+00:00,2025-03-02 09:32:50.854387+00:00
915935,3302971,2025-03-01 17:48:30.036411+00:00,2025-03-02 09:32:50.854387+00:00
915935,145120,2025-03-01 17:48:30.036411+00:00,2025-03-02 09:32:50.854387+00:00
915935,7152,2025-03-01 17:48:30.036411+00:00,2025-03-02 09:32:50.854387+00:00
915935,1312061,2025-03-01 17:48:30.036411+00:00,2025-03-02 09:32:50.854387+00:00
915935,1795152,2025-03-01 17:48:30.036411+00:00,2025-03-02 09:32:50.854387+00:00
915939,3665020,2025-03-01 17:48:30.036411+00:00,2025-03-02 09:32:50.854387+00:00
915939,1187355,2025-03-01 17:48:30.036411+00:00,2025-03-02 09:32:50.854387+00:00
915939,3665018,2025-03-01 17:48:30.036411+00:00,2025-03-02 09:32:50.854387+00:00
915939,3665015,2025-03-01 17:48:30.036411+00:00,2025-03-02 09:32:50.854387+00:00
915939,1011904,2025-03-01 17:48:30.036411+00:00,2025-03-02 09:32:50.854387+00:00
916192,2269331,2025-03-01 17:48:30.036411+00:00,2025-03-02 09:32:50.854387+00:00
916192,1256915,2025-03-01 17:48:30.036411+00:00,2025-03-02 09:32:50.854387+00:00
916192,1309932,2025-03-01 17:48:30.036411+00:00,2025-03-02 09:32:50.854387+00:00
916192,1161468,2025-03-01 17:48:30.036411+00:00,2025-03-02 09:32:50.854387+00:00
916192,1492474,2025-03-01 17:48:30.036411+00:00,2025-03-02 09:32:50.854387+00:00
916224,1732483,2025-03-01 17:48:30.036411+00:00,2025-03-02 09:32:50.854387+00:00
916224,110058,2025-03-01 17:48:30.036411+00:00,2025-03-02 09:32:50.854387+00:00
916224,1256882,2025-03-01 17:48:30.036411+00:00,2025-03-02 09:32:50.854387+00:00
916224,1564419,2025-03-01 17:48:30.036411+00:00,2025-03-02 09:32:50.854387+00:00
916224,1018944,2025-03-01 17:48:30.036411+00:00,2025-03-02 09:32:50.854387+00:00
916405,1296186,2025-03-01 17:48:30.036411+00:00,2025-03-02 09:32:50.854387+00:00
916405,1836704,2025-03-01 17:48:30.036411+00:00,2025-03-02 09:32:50.854387+00:00
916405,1368268,2025-03-01 17:48:30.036411+00:00,2025-03-02 09:32:50.854387+00:00
916405,995518,2025-03-01 17:48:30.036411+00:00,2025-03-02 09:32:50.854387+00:00
916405,3421869,2025-03-01 17:48:30.036411+00:00,2025-03-02 09:32:50.854387+00:00
916738,1188304,2025-03-01 17:48:30.036411+00:00,2025-03-02 09:32:50.854387+00:00
916738,96082,2025-03-01 17:48:30.036411+00:00,2025-03-02 09:32:50.854387+00:00
916738,18626,2025-03-01 17:48:30.036411+00:00,2025-03-02 09:32:50.854387+00:00
916738,7487,2025-03-01 17:48:30.036411+00:00,2025-03-02 09:32:50.854387+00:00
916738,215055,2025-03-01 17:48:30.036411+00:00,2025-03-02 09:32:50.854387+00:00
916821,36422,2025-03-01 17:48:30.036411+00:00,2025-03-02 09:32:50.854387+00:00
916821,1181331,2025-03-01 17:48:30.036411+00:00,2025-03-02 09:32:50.854387+00:00
916821,50398,2025-03-01 17:48:30.036411+00:00,2025-03-02 09:32:50.854387+00:00
916821,62,2025-03-01 17:48:30.036411+00:00,2025-03-02 09:32:50.854387+00:00
916821,1218223,2025-03-01 17:48:30.036411+00:00,2025-03-02 09:32:50.854387+00:00
917007,1975740,2025-03-01 17:48:30.036411+00:00,2025-03-02 09:32:50.854387+00:00
917007,1303813,2025-03-01 17:48:30.036411+00:00,2025-03-02 09:32:50.854387+00:00
917007,1590230,2025-03-01 17:48:30.036411+00:00,2025-03-02 09:32:50.854387+00:00
917007,545195,2025-03-01 17:48:30.036411+00:00,2025-03-02 09:32:50.854387+00:00
917007,1373659,2025-03-01 17:48:30.036411+00:00,2025-03-02 09:32:50.854387+00:00
917496,1920,2025-03-01 17:48:30.036411+00:00,2025-03-02 09:32:50.854387+00:00
917496,11514,2025-03-01 17:48:30.036411+00:00,2025-03-02 09:32:50.854387+00:00
917496,15009,2025-03-01 17:48:30.036411+00:00,2025-03-02 09:32:50.854387+00:00
917496,974169,2025-03-01 17:48:30.036411+00:00,2025-03-02 09:32:50.854387+00:00
917496,2232,2025-03-01 17:48:30.036411+00:00,2025-03-02 09:32:50.854387+00:00
917717,3356317,2025-03-01 17:48:30.036411+00:00,2025-03-02 09:32:50.854387+00:00
917717,3356314,2025-03-01 17:48:30.036411+00:00,2025-03-02 09:32:50.854387+00:00
917717,3412148,2025-03-01 17:48:30.036411+00:00,2025-03-02 09:32:50.854387+00:00
917717,3280172,2025-03-01 17:48:30.036411+00:00,2025-03-02 09:32:50.854387+00:00
917717,3356313,2025-03-01 17:48:30.036411+00:00,2025-03-02 09:32:50.854387+00:00
918035,3190733,2025-03-01 17:48:30.036411+00:00,2025-03-02 09:32:50.854387+00:00
918035,150165,2025-03-01 17:48:30.036411+00:00,2025-03-02 09:32:50.854387+00:00
918035,3081029,2025-03-01 17:48:30.036411+00:00,2025-03-02 09:32:50.854387+00:00
918035,1970003,2025-03-01 17:48:30.036411+00:00,2025-03-02 09:32:50.854387+00:00
918035,1191364,2025-03-01 17:48:30.036411+00:00,2025-03-02 09:32:50.854387+00:00
918044,3310757,2025-03-01 17:48:30.036411+00:00,2025-03-02 09:32:50.854387+00:00
918044,83797,2025-03-01 17:48:30.036411+00:00,2025-03-02 09:32:50.854387+00:00
918044,1137,2025-03-01 17:48:30.036411+00:00,2025-03-02 09:32:50.854387+00:00
918044,2674840,2025-03-01 17:48:30.036411+00:00,2025-03-02 09:32:50.854387+00:00
918044,76910,2025-03-01 17:48:30.036411+00:00,2025-03-02 09:32:50.854387+00:00
919207,68903,2025-03-01 17:48:30.036411+00:00,2025-03-02 09:32:50.854387+00:00
919207,141548,2025-03-01 17:48:30.036411+00:00,2025-03-02 09:32:50.854387+00:00
919207,1024396,2025-03-01 17:48:30.036411+00:00,2025-03-02 09:32:50.854387+00:00
919207,1292971,2025-03-01 17:48:30.036411+00:00,2025-03-02 09:32:50.854387+00:00
919207,17120,2025-03-01 17:48:30.036411+00:00,2025-03-02 09:32:50.854387+00:00
919570,558003,2025-03-01 17:48:30.036411+00:00,2025-03-02 09:32:50.854387+00:00
919570,1913574,2025-03-01 17:48:30.036411+00:00,2025-03-02 09:32:50.854387+00:00
919570,1681281,2025-03-01 17:48:30.036411+00:00,2025-03-02 09:32:50.854387+00:00
919570,1617045,2025-03-01 17:48:30.036411+00:00,2025-03-02 09:32:50.854387+00:00
919570,3507781,2025-03-01 17:48:30.036411+00:00,2025-03-02 09:32:50.854387+00:00
921436,531736,2025-03-01 17:48:30.036411+00:00,2025-03-02 09:32:50.854387+00:00
921436,3715923,2025-03-01 17:48:30.036411+00:00,2025-03-02 09:32:50.854387+00:00
921436,1682490,2025-03-01 17:48:30.036411+00:00,2025-03-02 09:32:50.854387+00:00
921436,1096458,2025-03-01 17:48:30.036411+00:00,2025-03-02 09:32:50.854387+00:00
921436,1591370,2025-03-01 17:48:30.036411+00:00,2025-03-02 09:32:50.854387+00:00
921452,1159954,2025-03-01 17:48:30.036411+00:00,2025-03-02 09:32:50.854387+00:00
921452,16349,2025-03-01 17:48:30.036411+00:00,2025-03-02 09:32:50.854387+00:00
921452,85,2025-03-01 17:48:30.036411+00:00,2025-03-02 09:32:50.854387+00:00
921452,64210,2025-03-01 17:48:30.036411+00:00,2025-03-02 09:32:50.854387+00:00
921452,26100,2025-03-01 17:48:30.036411+00:00,2025-03-02 09:32:50.854387+00:00
922378,2262810,2025-03-01 17:48:30.036411+00:00,2025-03-02 09:32:50.854387+00:00
922378,3627553,2025-03-01 17:48:30.036411+00:00,2025-03-02 09:32:50.854387+00:00
922378,1259493,2025-03-01 17:48:30.036411+00:00,2025-03-02 09:32:50.854387+00:00
922378,2100736,2025-03-01 17:48:30.036411+00:00,2025-03-02 09:32:50.854387+00:00
922378,931444,2025-03-01 17:48:30.036411+00:00,2025-03-02 09:32:50.854387+00:00
923192,124993,2025-03-01 17:48:30.036411+00:00,2025-03-02 09:32:50.854387+00:00
923192,1519031,2025-03-01 17:48:30.036411+00:00,2025-03-02 09:32:50.854387+00:00
923192,2140106,2025-03-01 17:48:30.036411+00:00,2025-03-02 09:32:50.854387+00:00
923192,1519027,2025-03-01 17:48:30.036411+00:00,2025-03-02 09:32:50.854387+00:00
923192,2093326,2025-03-01 17:48:30.036411+00:00,2025-03-02 09:32:50.854387+00:00
923344,21688,2025-03-01 17:48:30.036411+00:00,2025-03-02 09:32:50.854387+00:00
923344,3516395,2025-03-01 17:48:30.036411+00:00,2025-03-02 09:32:50.854387+00:00
923344,3902711,2025-03-01 17:48:30.036411+00:00,2025-03-02 09:32:50.854387+00:00
923344,3914149,2025-03-01 17:48:30.036411+00:00,2025-03-02 09:32:50.854387+00:00
923344,3914126,2025-03-01 17:48:30.036411+00:00,2025-03-02 09:32:50.854387+00:00
923387,3275597,2025-03-01 17:48:30.036411+00:00,2025-03-02 09:32:50.854387+00:00
923387,1431537,2025-03-01 17:48:30.036411+00:00,2025-03-02 09:32:50.854387+00:00
923387,76298,2025-03-01 17:48:30.036411+00:00,2025-03-02 09:32:50.854387+00:00
923387,3370496,2025-03-01 17:48:30.036411+00:00,2025-03-02 09:32:50.854387+00:00
923387,3370495,2025-03-01 17:48:30.036411+00:00,2025-03-02 09:32:50.854387+00:00
923579,4200087,2025-03-01 17:48:30.036411+00:00,2025-03-02 09:32:50.854387+00:00
923579,4156831,2025-03-01 17:48:30.036411+00:00,2025-03-02 09:32:50.854387+00:00
923579,4156830,2025-03-01 17:48:30.036411+00:00,2025-03-02 09:32:50.854387+00:00
923579,3767302,2025-03-01 17:48:30.036411+00:00,2025-03-02 09:32:50.854387+00:00
923579,4200088,2025-03-01 17:48:30.036411+00:00,2025-03-02 09:32:50.854387+00:00
923667,64496,2025-03-01 17:48:30.036411+00:00,2025-03-02 09:32:50.854387+00:00
923667,89409,2025-03-01 17:48:30.036411+00:00,2025-03-02 09:32:50.854387+00:00
923667,78875,2025-03-01 17:48:30.036411+00:00,2025-03-02 09:32:50.854387+00:00
923667,2217481,2025-03-01 17:48:30.036411+00:00,2025-03-02 09:32:50.854387+00:00
923667,62410,2025-03-01 17:48:30.036411+00:00,2025-03-02 09:32:50.854387+00:00
924482,1173231,2025-03-01 17:48:30.036411+00:00,2025-03-02 09:32:50.854387+00:00
924482,1866221,2025-03-01 17:48:30.036411+00:00,2025-03-02 09:32:50.854387+00:00
924482,2931841,2025-03-01 17:48:30.036411+00:00,2025-03-02 09:32:50.854387+00:00
924482,1414117,2025-03-01 17:48:30.036411+00:00,2025-03-02 09:32:50.854387+00:00
924482,1197948,2025-03-01 17:48:30.036411+00:00,2025-03-02 09:32:50.854387+00:00
925102,40883,2025-03-01 17:48:30.036411+00:00,2025-03-02 09:32:50.854387+00:00
925102,2898403,2025-03-01 17:48:30.036411+00:00,2025-03-02 09:32:50.854387+00:00
925102,910944,2025-03-01 17:48:30.036411+00:00,2025-03-02 09:32:50.854387+00:00
925102,1150410,2025-03-01 17:48:30.036411+00:00,2025-03-02 09:32:50.854387+00:00
925102,47822,2025-03-01 17:48:30.036411+00:00,2025-03-02 09:32:50.854387+00:00
925341,1956224,2025-03-01 17:48:30.036411+00:00,2025-03-02 09:32:50.854387+00:00
925341,55882,2025-03-01 17:48:30.036411+00:00,2025-03-02 09:32:50.854387+00:00
925341,1743949,2025-03-01 17:48:30.036411+00:00,2025-03-02 09:32:50.854387+00:00
925341,23182,2025-03-01 17:48:30.036411+00:00,2025-03-02 09:32:50.854387+00:00
925341,3376219,2025-03-01 17:48:30.036411+00:00,2025-03-02 09:32:50.854387+00:00
925459,1167459,2025-03-01 17:48:30.036411+00:00,2025-03-02 09:32:50.854387+00:00
925459,45152,2025-03-01 17:48:30.036411+00:00,2025-03-02 09:32:50.854387+00:00
925459,77908,2025-03-01 17:48:30.036411+00:00,2025-03-02 09:32:50.854387+00:00
925459,3483,2025-03-01 17:48:30.036411+00:00,2025-03-02 09:32:50.854387+00:00
925459,2204511,2025-03-01 17:48:30.036411+00:00,2025-03-02 09:32:50.854387+00:00
925492,40325,2025-03-01 17:48:30.036411+00:00,2025-03-02 09:32:50.854387+00:00
925492,122501,2025-03-01 17:48:30.036411+00:00,2025-03-02 09:32:50.854387+00:00
925492,237076,2025-03-01 17:48:30.036411+00:00,2025-03-02 09:32:50.854387+00:00
925492,68470,2025-03-01 17:48:30.036411+00:00,2025-03-02 09:32:50.854387+00:00
925492,87582,2025-03-01 17:48:30.036411+00:00,2025-03-02 09:32:50.854387+00:00
925714,223532,2025-03-01 17:48:30.036411+00:00,2025-03-02 09:32:50.854387+00:00
925714,76820,2025-03-01 17:48:30.036411+00:00,2025-03-02 09:32:50.854387+00:00
925714,17882,2025-03-01 17:48:30.036411+00:00,2025-03-02 09:32:50.854387+00:00
925714,5644,2025-03-01 17:48:30.036411+00:00,2025-03-02 09:32:50.854387+00:00
925714,76858,2025-03-01 17:48:30.036411+00:00,2025-03-02 09:32:50.854387+00:00
925725,2779025,2025-03-01 17:48:30.036411+00:00,2025-03-02 09:32:50.854387+00:00
925786,1150391,2025-03-01 17:48:30.036411+00:00,2025-03-02 09:32:50.854387+00:00
925786,1873239,2025-03-01 17:48:30.036411+00:00,2025-03-02 09:32:50.854387+00:00
925786,1154466,2025-03-01 17:48:30.036411+00:00,2025-03-02 09:32:50.854387+00:00
925786,581687,2025-03-01 17:48:30.036411+00:00,2025-03-02 09:32:50.854387+00:00
925786,562217,2025-03-01 17:48:30.036411+00:00,2025-03-02 09:32:50.854387+00:00
925943,4287,2025-03-01 17:48:30.036411+00:00,2025-03-02 09:32:50.854387+00:00
925943,3268219,2025-03-01 17:48:30.036411+00:00,2025-03-02 09:32:50.854387+00:00
925943,96416,2025-03-01 17:48:30.036411+00:00,2025-03-02 09:32:50.854387+00:00
925943,1360307,2025-03-01 17:48:30.036411+00:00,2025-03-02 09:32:50.854387+00:00
925943,584544,2025-03-01 17:48:30.036411+00:00,2025-03-02 09:32:50.854387+00:00
926188,3379775,2025-03-01 17:48:30.036411+00:00,2025-03-02 09:32:50.854387+00:00
926188,1257652,2025-03-01 17:48:30.036411+00:00,2025-03-02 09:32:50.854387+00:00
926188,2275122,2025-03-01 17:48:30.036411+00:00,2025-03-02 09:32:50.854387+00:00
926188,3533302,2025-03-01 17:48:30.036411+00:00,2025-03-02 09:32:50.854387+00:00
926188,1261038,2025-03-01 17:48:30.036411+00:00,2025-03-02 09:32:50.854387+00:00
926393,1147420,2025-03-01 17:48:30.036411+00:00,2025-03-02 09:32:50.854387+00:00
926393,62562,2025-03-01 17:48:30.036411+00:00,2025-03-02 09:32:50.854387+00:00
926393,1636737,2025-03-01 17:48:30.036411+00:00,2025-03-02 09:32:50.854387+00:00
926393,5292,2025-03-01 17:48:30.036411+00:00,2025-03-02 09:32:50.854387+00:00
926393,501,2025-03-01 17:48:30.036411+00:00,2025-03-02 09:32:50.854387+00:00
926889,3553996,2025-03-01 17:48:30.036411+00:00,2025-03-02 09:32:50.854387+00:00
926889,1383898,2025-03-01 17:48:30.036411+00:00,2025-03-02 09:32:50.854387+00:00
926889,1183007,2025-03-01 17:48:30.036411+00:00,2025-03-02 09:32:50.854387+00:00
926889,1332481,2025-03-01 17:48:30.036411+00:00,2025-03-02 09:32:50.854387+00:00
926889,3553994,2025-03-01 17:48:30.036411+00:00,2025-03-02 09:32:50.854387+00:00
927107,1462,2025-03-01 17:48:30.036411+00:00,2025-03-02 09:32:50.854387+00:00
927107,6383,2025-03-01 17:48:30.036411+00:00,2025-03-02 09:32:50.854387+00:00
927107,1181354,2025-03-01 17:48:30.036411+00:00,2025-03-02 09:32:50.854387+00:00
927107,19961,2025-03-01 17:48:30.036411+00:00,2025-03-02 09:32:50.854387+00:00
927107,5365,2025-03-01 17:48:30.036411+00:00,2025-03-02 09:32:50.854387+00:00
927263,975522,2025-03-01 17:48:30.036411+00:00,2025-03-02 09:32:50.854387+00:00
927263,10501,2025-03-01 17:48:30.036411+00:00,2025-03-02 09:32:50.854387+00:00
927263,13563,2025-03-01 17:48:30.036411+00:00,2025-03-02 09:32:50.854387+00:00
927263,491,2025-03-01 17:48:30.036411+00:00,2025-03-02 09:32:50.854387+00:00
927263,4785,2025-03-01 17:48:30.036411+00:00,2025-03-02 09:32:50.854387+00:00
927547,1550351,2025-03-01 17:48:30.036411+00:00,2025-03-02 09:32:50.854387+00:00
927547,2918872,2025-03-01 17:48:30.036411+00:00,2025-03-02 09:32:50.854387+00:00
927547,1413835,2025-03-01 17:48:30.036411+00:00,2025-03-02 09:32:50.854387+00:00
927547,1627904,2025-03-01 17:48:30.036411+00:00,2025-03-02 09:32:50.854387+00:00
927547,1399177,2025-03-01 17:48:30.036411+00:00,2025-03-02 09:32:50.854387+00:00
927594,1564005,2025-03-01 17:48:30.036411+00:00,2025-03-02 09:32:50.854387+00:00
927594,1502396,2025-03-01 17:48:30.036411+00:00,2025-03-02 09:32:50.854387+00:00
927594,237363,2025-03-01 17:48:30.036411+00:00,2025-03-02 09:32:50.854387+00:00
927594,1276842,2025-03-01 17:48:30.036411+00:00,2025-03-02 09:32:50.854387+00:00
927594,1255308,2025-03-01 17:48:30.036411+00:00,2025-03-02 09:32:50.854387+00:00
928709,1646,2025-03-01 17:48:30.036411+00:00,2025-03-02 09:32:50.854387+00:00
928709,1372896,2025-03-01 17:48:30.036411+00:00,2025-03-02 09:32:50.854387+00:00
928709,15122,2025-03-01 17:48:30.036411+00:00,2025-03-02 09:32:50.854387+00:00
928709,931398,2025-03-01 17:48:30.036411+00:00,2025-03-02 09:32:50.854387+00:00
928709,3389379,2025-03-01 17:48:30.036411+00:00,2025-03-02 09:32:50.854387+00:00
928713,564849,2025-03-01 17:48:30.036411+00:00,2025-03-02 09:32:50.854387+00:00
928713,123664,2025-03-01 17:48:30.036411+00:00,2025-03-02 09:32:50.854387+00:00
928713,2973301,2025-03-01 17:48:30.036411+00:00,2025-03-02 09:32:50.854387+00:00
928713,588209,2025-03-01 17:48:30.036411+00:00,2025-03-02 09:32:50.854387+00:00
928713,554945,2025-03-01 17:48:30.036411+00:00,2025-03-02 09:32:50.854387+00:00
928730,3065215,2025-03-01 17:48:30.036411+00:00,2025-03-02 09:32:50.854387+00:00
928730,1014998,2025-03-01 17:48:30.036411+00:00,2025-03-02 09:32:50.854387+00:00
928730,2145148,2025-03-01 17:48:30.036411+00:00,2025-03-02 09:32:50.854387+00:00
928730,33134,2025-03-01 17:48:30.036411+00:00,2025-03-02 09:32:50.854387+00:00
928730,1182590,2025-03-01 17:48:30.036411+00:00,2025-03-02 09:32:50.854387+00:00
929590,52583,2025-03-01 17:48:30.036411+00:00,2025-03-02 09:32:50.854387+00:00
929590,109019,2025-03-01 17:48:30.036411+00:00,2025-03-02 09:32:50.854387+00:00
929590,205,2025-03-01 17:48:30.036411+00:00,2025-03-02 09:32:50.854387+00:00
929590,1683343,2025-03-01 17:48:30.036411+00:00,2025-03-02 09:32:50.854387+00:00
929590,196179,2025-03-01 17:48:30.036411+00:00,2025-03-02 09:32:50.854387+00:00
930432,1064143,2025-03-01 17:48:30.036411+00:00,2025-03-02 09:32:50.854387+00:00
930432,87637,2025-03-01 17:48:30.036411+00:00,2025-03-02 09:32:50.854387+00:00
930432,27782,2025-03-01 17:48:30.036411+00:00,2025-03-02 09:32:50.854387+00:00
930432,58449,2025-03-01 17:48:30.036411+00:00,2025-03-02 09:32:50.854387+00:00
930432,1185386,2025-03-01 17:48:30.036411+00:00,2025-03-02 09:32:50.854387+00:00
930478,3397341,2025-03-01 17:48:30.036411+00:00,2025-03-02 09:32:50.854387+00:00
930478,2296513,2025-03-01 17:48:30.036411+00:00,2025-03-02 09:32:50.854387+00:00
930478,3397342,2025-03-01 17:48:30.036411+00:00,2025-03-02 09:32:50.854387+00:00
930478,1043250,2025-03-01 17:48:30.036411+00:00,2025-03-02 09:32:50.854387+00:00
930478,3397335,2025-03-01 17:48:30.036411+00:00,2025-03-02 09:32:50.854387+00:00
931102,18897,2025-03-01 17:48:30.036411+00:00,2025-03-02 09:32:50.854387+00:00
931102,78871,2025-03-01 17:48:30.036411+00:00,2025-03-02 09:32:50.854387+00:00
931102,134991,2025-03-01 17:48:30.036411+00:00,2025-03-02 09:32:50.854387+00:00
931102,2007861,2025-03-01 17:48:30.036411+00:00,2025-03-02 09:32:50.854387+00:00
931102,2682877,2025-03-01 17:48:30.036411+00:00,2025-03-02 09:32:50.854387+00:00
931885,1257652,2025-03-01 17:48:30.036411+00:00,2025-03-02 09:32:50.854387+00:00
931885,150165,2025-03-01 17:48:30.036411+00:00,2025-03-02 09:32:50.854387+00:00
931885,1170661,2025-03-01 17:48:30.036411+00:00,2025-03-02 09:32:50.854387+00:00
931885,3648909,2025-03-01 17:48:30.036411+00:00,2025-03-02 09:32:50.854387+00:00
931885,1018399,2025-03-01 17:48:30.036411+00:00,2025-03-02 09:32:50.854387+00:00
931894,1300132,2025-03-01 17:48:30.036411+00:00,2025-03-02 09:32:50.854387+00:00
931894,127691,2025-03-01 17:48:30.036411+00:00,2025-03-02 09:32:50.854387+00:00
931894,2417487,2025-03-01 17:48:30.036411+00:00,2025-03-02 09:32:50.854387+00:00
931894,1247111,2025-03-01 17:48:30.036411+00:00,2025-03-02 09:32:50.854387+00:00
931894,3402181,2025-03-01 17:48:30.036411+00:00,2025-03-02 09:32:50.854387+00:00
933260,2313436,2025-03-01 17:48:30.036411+00:00,2025-03-02 09:32:50.854387+00:00
933260,3416,2025-03-01 17:48:30.036411+00:00,2025-03-02 09:32:50.854387+00:00
933260,6065,2025-03-01 17:48:30.036411+00:00,2025-03-02 09:32:50.854387+00:00
933260,1508131,2025-03-01 17:48:30.036411+00:00,2025-03-02 09:32:50.854387+00:00
933260,1392137,2025-03-01 17:48:30.036411+00:00,2025-03-02 09:32:50.854387+00:00
933785,70706,2025-03-01 17:48:30.036411+00:00,2025-03-02 09:32:50.854387+00:00
933785,581886,2025-03-01 17:48:30.036411+00:00,2025-03-02 09:32:50.854387+00:00
933785,1990190,2025-03-01 17:48:30.036411+00:00,2025-03-02 09:32:50.854387+00:00
933785,1012320,2025-03-01 17:48:30.036411+00:00,2025-03-02 09:32:50.854387+00:00
933785,1631788,2025-03-01 17:48:30.036411+00:00,2025-03-02 09:32:50.854387+00:00
934207,2101968,2025-03-01 17:48:30.036411+00:00,2025-03-02 09:32:50.854387+00:00
934207,3407602,2025-03-01 17:48:30.036411+00:00,2025-03-02 09:32:50.854387+00:00
934207,2611199,2025-03-01 17:48:30.036411+00:00,2025-03-02 09:32:50.854387+00:00
934207,1759490,2025-03-01 17:48:30.036411+00:00,2025-03-02 09:32:50.854387+00:00
934207,103390,2025-03-01 17:48:30.036411+00:00,2025-03-02 09:32:50.854387+00:00
934433,1373659,2025-03-01 17:48:30.036411+00:00,2025-03-02 09:32:50.854387+00:00
934433,974169,2025-03-01 17:48:30.036411+00:00,2025-03-02 09:32:50.854387+00:00
934433,2174509,2025-03-01 17:48:30.036411+00:00,2025-03-02 09:32:50.854387+00:00
934433,1895760,2025-03-01 17:48:30.036411+00:00,2025-03-02 09:32:50.854387+00:00
934433,1508653,2025-03-01 17:48:30.036411+00:00,2025-03-02 09:32:50.854387+00:00
934506,78216,2025-03-01 17:48:30.036411+00:00,2025-03-02 09:32:50.854387+00:00
934506,544682,2025-03-01 17:48:30.036411+00:00,2025-03-02 09:32:50.854387+00:00
934506,83797,2025-03-01 17:48:30.036411+00:00,2025-03-02 09:32:50.854387+00:00
934506,33161,2025-03-01 17:48:30.036411+00:00,2025-03-02 09:32:50.854387+00:00
934506,586757,2025-03-01 17:48:30.036411+00:00,2025-03-02 09:32:50.854387+00:00
934957,229400,2025-03-01 17:48:30.036411+00:00,2025-03-02 09:32:50.854387+00:00
934957,23524,2025-03-01 17:48:30.036411+00:00,2025-03-02 09:32:50.854387+00:00
934957,239793,2025-03-01 17:48:30.036411+00:00,2025-03-02 09:32:50.854387+00:00
934957,199486,2025-03-01 17:48:30.036411+00:00,2025-03-02 09:32:50.854387+00:00
934957,1245709,2025-03-01 17:48:30.036411+00:00,2025-03-02 09:32:50.854387+00:00
935906,1600497,2025-03-01 17:48:30.036411+00:00,2025-03-02 09:32:50.854387+00:00
935906,3534903,2025-03-01 17:48:30.036411+00:00,2025-03-02 09:32:50.854387+00:00
935906,1716493,2025-03-01 17:48:30.036411+00:00,2025-03-02 09:32:50.854387+00:00
935906,3534904,2025-03-01 17:48:30.036411+00:00,2025-03-02 09:32:50.854387+00:00
935906,82638,2025-03-01 17:48:30.036411+00:00,2025-03-02 09:32:50.854387+00:00
936117,38459,2025-03-01 17:48:30.036411+00:00,2025-03-02 09:32:50.854387+00:00
936117,1149700,2025-03-01 17:48:30.036411+00:00,2025-03-02 09:32:50.854387+00:00
936117,1544615,2025-03-01 17:48:30.036411+00:00,2025-03-02 09:32:50.854387+00:00
936117,3432303,2025-03-01 17:48:30.036411+00:00,2025-03-02 09:32:50.854387+00:00
936117,115421,2025-03-01 17:48:30.036411+00:00,2025-03-02 09:32:50.854387+00:00
936243,3643833,2025-03-01 17:48:30.036411+00:00,2025-03-02 09:32:50.854387+00:00
936243,2333292,2025-03-01 17:48:30.036411+00:00,2025-03-02 09:32:50.854387+00:00
936243,1347519,2025-03-01 17:48:30.036411+00:00,2025-03-02 09:32:50.854387+00:00
936243,1164507,2025-03-01 17:48:30.036411+00:00,2025-03-02 09:32:50.854387+00:00
936243,2526745,2025-03-01 17:48:30.036411+00:00,2025-03-02 09:32:50.854387+00:00
936245,1673497,2025-03-01 17:48:30.036411+00:00,2025-03-02 09:32:50.854387+00:00
936245,556435,2025-03-01 17:48:30.036411+00:00,2025-03-02 09:32:50.854387+00:00
936245,1988598,2025-03-01 17:48:30.036411+00:00,2025-03-02 09:32:50.854387+00:00
936245,83020,2025-03-01 17:48:30.036411+00:00,2025-03-02 09:32:50.854387+00:00
936245,2519095,2025-03-01 17:48:30.036411+00:00,2025-03-02 09:32:50.854387+00:00
936286,3780833,2025-03-01 17:48:30.036411+00:00,2025-03-02 09:32:50.854387+00:00
936286,2463037,2025-03-01 17:48:30.036411+00:00,2025-03-02 09:32:50.854387+00:00
936286,3505739,2025-03-01 17:48:30.036411+00:00,2025-03-02 09:32:50.854387+00:00
936286,3353540,2025-03-01 17:48:30.036411+00:00,2025-03-02 09:32:50.854387+00:00
936286,3505738,2025-03-01 17:48:30.036411+00:00,2025-03-02 09:32:50.854387+00:00
936490,87637,2025-03-01 17:48:30.036411+00:00,2025-03-02 09:32:50.854387+00:00
936490,68973,2025-03-01 17:48:30.036411+00:00,2025-03-02 09:32:50.854387+00:00
936490,72607,2025-03-01 17:48:30.036411+00:00,2025-03-02 09:32:50.854387+00:00
936490,585211,2025-03-01 17:48:30.036411+00:00,2025-03-02 09:32:50.854387+00:00
936490,552563,2025-03-01 17:48:30.036411+00:00,2025-03-02 09:32:50.854387+00:00
937101,1418977,2025-03-01 17:48:30.036411+00:00,2025-03-02 09:32:50.854387+00:00
937101,3420904,2025-03-01 17:48:30.036411+00:00,2025-03-02 09:32:50.854387+00:00
937101,3761493,2025-03-01 17:48:30.036411+00:00,2025-03-02 09:32:50.854387+00:00
937101,1928300,2025-03-01 17:48:30.036411+00:00,2025-03-02 09:32:50.854387+00:00
937101,1190970,2025-03-01 17:48:30.036411+00:00,2025-03-02 09:32:50.854387+00:00
937278,1309844,2025-03-01 17:48:30.036411+00:00,2025-03-02 09:32:50.854387+00:00
937278,31,2025-03-01 17:48:30.036411+00:00,2025-03-02 09:32:50.854387+00:00
937278,2797317,2025-03-01 17:48:30.036411+00:00,2025-03-02 09:32:50.854387+00:00
937278,1168097,2025-03-01 17:48:30.036411+00:00,2025-03-02 09:32:50.854387+00:00
937278,1286537,2025-03-01 17:48:30.036411+00:00,2025-03-02 09:32:50.854387+00:00
937287,3352136,2025-03-01 17:48:30.036411+00:00,2025-03-02 09:32:50.854387+00:00
937287,505710,2025-03-01 17:48:30.036411+00:00,2025-03-02 09:32:50.854387+00:00
937287,4643864,2025-03-01 17:48:30.036411+00:00,2025-03-02 09:32:50.854387+00:00
937287,1206334,2025-03-01 17:48:30.036411+00:00,2025-03-02 09:32:50.854387+00:00
937287,1423520,2025-03-01 17:48:30.036411+00:00,2025-03-02 09:32:50.854387+00:00
937743,3467560,2025-03-01 17:48:30.036411+00:00,2025-03-02 09:32:50.854387+00:00
937743,2674888,2025-03-01 17:48:30.036411+00:00,2025-03-02 09:32:50.854387+00:00
937743,1343666,2025-03-01 17:48:30.036411+00:00,2025-03-02 09:32:50.854387+00:00
937743,3186387,2025-03-01 17:48:30.036411+00:00,2025-03-02 09:32:50.854387+00:00
937743,1832785,2025-03-01 17:48:30.036411+00:00,2025-03-02 09:32:50.854387+00:00
937746,89625,2025-03-01 17:48:30.036411+00:00,2025-03-02 09:32:50.854387+00:00
937746,3626193,2025-03-01 17:48:30.036411+00:00,2025-03-02 09:32:50.854387+00:00
937746,23301,2025-03-01 17:48:30.036411+00:00,2025-03-02 09:32:50.854387+00:00
937746,3626194,2025-03-01 17:48:30.036411+00:00,2025-03-02 09:32:50.854387+00:00
937746,4264688,2025-03-01 17:48:30.036411+00:00,2025-03-02 09:32:50.854387+00:00
937753,1070805,2025-03-01 17:48:30.036411+00:00,2025-03-02 09:32:50.854387+00:00
937753,2247745,2025-03-01 17:48:30.036411+00:00,2025-03-02 09:32:50.854387+00:00
937753,1342161,2025-03-01 17:48:30.036411+00:00,2025-03-02 09:32:50.854387+00:00
937753,1353678,2025-03-01 17:48:30.036411+00:00,2025-03-02 09:32:50.854387+00:00
937753,3168351,2025-03-01 17:48:30.036411+00:00,2025-03-02 09:32:50.854387+00:00
937855,4828015,2025-03-01 17:48:30.036411+00:00,2025-03-02 09:32:50.854387+00:00
938008,1113060,2025-03-01 17:48:30.036411+00:00,2025-03-02 09:32:50.854387+00:00
938008,3439595,2025-03-01 17:48:30.036411+00:00,2025-03-02 09:32:50.854387+00:00
938008,1624033,2025-03-01 17:48:30.036411+00:00,2025-03-02 09:32:50.854387+00:00
938008,2452392,2025-03-01 17:48:30.036411+00:00,2025-03-02 09:32:50.854387+00:00
938008,63438,2025-03-01 17:48:30.036411+00:00,2025-03-02 09:32:50.854387+00:00
938133,1117063,2025-03-01 17:48:30.036411+00:00,2025-03-02 09:32:50.854387+00:00
938133,1762667,2025-03-01 17:48:30.036411+00:00,2025-03-02 09:32:50.854387+00:00
938133,20327,2025-03-01 17:48:30.036411+00:00,2025-03-02 09:32:50.854387+00:00
938133,2647155,2025-03-01 17:48:30.036411+00:00,2025-03-02 09:32:50.854387+00:00
938133,1195944,2025-03-01 17:48:30.036411+00:00,2025-03-02 09:32:50.854387+00:00
938250,39195,2025-03-01 17:48:30.036411+00:00,2025-03-02 09:32:50.854387+00:00
938250,32683,2025-03-01 17:48:30.036411+00:00,2025-03-02 09:32:50.854387+00:00
938250,64751,2025-03-01 17:48:30.036411+00:00,2025-03-02 09:32:50.854387+00:00
938250,1739403,2025-03-01 17:48:30.036411+00:00,2025-03-02 09:32:50.854387+00:00
938250,76070,2025-03-01 17:48:30.036411+00:00,2025-03-02 09:32:50.854387+00:00
939243,222121,2025-03-01 17:48:30.036411+00:00,2025-03-02 09:32:50.854387+00:00
939243,206,2025-03-01 17:48:30.036411+00:00,2025-03-02 09:32:50.854387+00:00
939243,6384,2025-03-01 17:48:30.036411+00:00,2025-03-02 09:32:50.854387+00:00
939243,17605,2025-03-01 17:48:30.036411+00:00,2025-03-02 09:32:50.854387+00:00
939243,1212864,2025-03-01 17:48:30.036411+00:00,2025-03-02 09:32:50.854387+00:00
939287,3429282,2025-03-01 17:48:30.036411+00:00,2025-03-02 09:32:50.854387+00:00
939287,3430335,2025-03-01 17:48:30.036411+00:00,2025-03-02 09:32:50.854387+00:00
939287,3429280,2025-03-01 17:48:30.036411+00:00,2025-03-02 09:32:50.854387+00:00
939287,1597754,2025-03-01 17:48:30.036411+00:00,2025-03-02 09:32:50.854387+00:00
939287,2984519,2025-03-01 17:48:30.036411+00:00,2025-03-02 09:32:50.854387+00:00
939879,3246083,2025-03-01 17:48:30.036411+00:00,2025-03-02 09:32:50.854387+00:00
939879,2668035,2025-03-01 17:48:30.036411+00:00,2025-03-02 09:32:50.854387+00:00
939879,2162309,2025-03-01 17:48:30.036411+00:00,2025-03-02 09:32:50.854387+00:00
939879,3606502,2025-03-01 17:48:30.036411+00:00,2025-03-02 09:32:50.854387+00:00
939879,2424462,2025-03-01 17:48:30.036411+00:00,2025-03-02 09:32:50.854387+00:00
940247,3365625,2025-03-01 17:48:30.036411+00:00,2025-03-02 09:32:50.854387+00:00
940247,2955382,2025-03-01 17:48:30.036411+00:00,2025-03-02 09:32:50.854387+00:00
940247,2406067,2025-03-01 17:48:30.036411+00:00,2025-03-02 09:32:50.854387+00:00
940247,1375776,2025-03-01 17:48:30.036411+00:00,2025-03-02 09:32:50.854387+00:00
940247,3168446,2025-03-01 17:48:30.036411+00:00,2025-03-02 09:32:50.854387+00:00
940417,66153,2025-03-01 17:48:30.036411+00:00,2025-03-02 09:32:50.854387+00:00
940417,2143567,2025-03-01 17:48:30.036411+00:00,2025-03-02 09:32:50.854387+00:00
940417,234641,2025-03-01 17:48:30.036411+00:00,2025-03-02 09:32:50.854387+00:00
940417,1287711,2025-03-01 17:48:30.036411+00:00,2025-03-02 09:32:50.854387+00:00
940417,2413529,2025-03-01 17:48:30.036411+00:00,2025-03-02 09:32:50.854387+00:00
940551,1625558,2025-03-01 17:48:30.036411+00:00,2025-03-02 09:32:50.854387+00:00
940551,466505,2025-03-01 17:48:30.036411+00:00,2025-03-02 09:32:50.854387+00:00
940551,4031156,2025-03-01 17:48:30.036411+00:00,2025-03-02 09:32:50.854387+00:00
940551,1736671,2025-03-01 17:48:30.036411+00:00,2025-03-02 09:32:50.854387+00:00
940551,9281,2025-03-01 17:48:30.036411+00:00,2025-03-02 09:32:50.854387+00:00
940721,225730,2025-03-01 17:48:30.036411+00:00,2025-03-02 09:32:50.854387+00:00
940721,1516266,2025-03-01 17:48:30.036411+00:00,2025-03-02 09:32:50.854387+00:00
940721,1161474,2025-03-01 17:48:30.036411+00:00,2025-03-02 09:32:50.854387+00:00
940721,111691,2025-03-01 17:48:30.036411+00:00,2025-03-02 09:32:50.854387+00:00
940721,111640,2025-03-01 17:48:30.036411+00:00,2025-03-02 09:32:50.854387+00:00
941045,1123145,2025-03-01 17:48:30.036411+00:00,2025-03-02 09:32:50.854387+00:00
941045,1299516,2025-03-01 17:48:30.036411+00:00,2025-03-02 09:32:50.854387+00:00
941045,1206961,2025-03-01 17:48:30.036411+00:00,2025-03-02 09:32:50.854387+00:00
941045,121149,2025-03-01 17:48:30.036411+00:00,2025-03-02 09:32:50.854387+00:00
941045,42799,2025-03-01 17:48:30.036411+00:00,2025-03-02 09:32:50.854387+00:00
941132,80374,2025-03-01 17:48:30.036411+00:00,2025-03-02 09:32:50.854387+00:00
941132,64496,2025-03-01 17:48:30.036411+00:00,2025-03-02 09:32:50.854387+00:00
941132,1222249,2025-03-01 17:48:30.036411+00:00,2025-03-02 09:32:50.854387+00:00
941132,20519,2025-03-01 17:48:30.036411+00:00,2025-03-02 09:32:50.854387+00:00
941132,21914,2025-03-01 17:48:30.036411+00:00,2025-03-02 09:32:50.854387+00:00
942074,3438358,2025-03-01 17:48:30.036411+00:00,2025-03-02 09:32:50.854387+00:00
942074,1813253,2025-03-01 17:48:30.036411+00:00,2025-03-02 09:32:50.854387+00:00
942074,3839622,2025-03-01 17:48:30.036411+00:00,2025-03-02 09:32:50.854387+00:00
942074,3438314,2025-03-01 17:48:30.036411+00:00,2025-03-02 09:32:50.854387+00:00
942074,1251223,2025-03-01 17:48:30.036411+00:00,2025-03-02 09:32:50.854387+00:00
942171,1266156,2025-03-01 17:48:30.036411+00:00,2025-03-02 09:32:50.854387+00:00
942171,3185076,2025-03-01 17:48:30.036411+00:00,2025-03-02 09:32:50.854387+00:00
942171,3438780,2025-03-01 17:48:30.036411+00:00,2025-03-02 09:32:50.854387+00:00
942171,70590,2025-03-01 17:48:30.036411+00:00,2025-03-02 09:32:50.854387+00:00
942171,137143,2025-03-01 17:48:30.036411+00:00,2025-03-02 09:32:50.854387+00:00
942199,22123,2025-03-01 17:48:30.036411+00:00,2025-03-02 09:32:50.854387+00:00
942199,1155085,2025-03-01 17:48:30.036411+00:00,2025-03-02 09:32:50.854387+00:00
942199,65731,2025-03-01 17:48:30.036411+00:00,2025-03-02 09:32:50.854387+00:00
942199,1489211,2025-03-01 17:48:30.036411+00:00,2025-03-02 09:32:50.854387+00:00
942199,1223726,2025-03-01 17:48:30.036411+00:00,2025-03-02 09:32:50.854387+00:00
942881,3640211,2025-03-01 17:48:30.036411+00:00,2025-03-02 09:32:50.854387+00:00
942881,1388624,2025-03-01 17:48:30.036411+00:00,2025-03-02 09:32:50.854387+00:00
942881,2352340,2025-03-01 17:48:30.036411+00:00,2025-03-02 09:32:50.854387+00:00
942881,559416,2025-03-01 17:48:30.036411+00:00,2025-03-02 09:32:50.854387+00:00
942881,149894,2025-03-01 17:48:30.036411+00:00,2025-03-02 09:32:50.854387+00:00
942953,932692,2025-03-01 17:48:30.036411+00:00,2025-03-02 09:32:50.854387+00:00
942953,1514559,2025-03-01 17:48:30.036411+00:00,2025-03-02 09:32:50.854387+00:00
942953,2769638,2025-03-01 17:48:30.036411+00:00,2025-03-02 09:32:50.854387+00:00
942953,1256560,2025-03-01 17:48:30.036411+00:00,2025-03-02 09:32:50.854387+00:00
942953,2033784,2025-03-01 17:48:30.036411+00:00,2025-03-02 09:32:50.854387+00:00
943134,586757,2025-03-01 17:48:30.036411+00:00,2025-03-02 09:32:50.854387+00:00
943134,2039215,2025-03-01 17:48:30.036411+00:00,2025-03-02 09:32:50.854387+00:00
943134,1918137,2025-03-01 17:48:30.036411+00:00,2025-03-02 09:32:50.854387+00:00
943134,17497,2025-03-01 17:48:30.036411+00:00,2025-03-02 09:32:50.854387+00:00
943134,2674840,2025-03-01 17:48:30.036411+00:00,2025-03-02 09:32:50.854387+00:00
943737,1630180,2025-03-01 17:48:30.036411+00:00,2025-03-02 09:32:50.854387+00:00
943737,1907472,2025-03-01 17:48:30.036411+00:00,2025-03-02 09:32:50.854387+00:00
943737,1580564,2025-03-01 17:48:30.036411+00:00,2025-03-02 09:32:50.854387+00:00
943737,81174,2025-03-01 17:48:30.036411+00:00,2025-03-02 09:32:50.854387+00:00
943737,69827,2025-03-01 17:48:30.036411+00:00,2025-03-02 09:32:50.854387+00:00
944194,2958297,2025-03-01 17:48:30.036411+00:00,2025-03-02 09:32:50.854387+00:00
944194,3142835,2025-03-01 17:48:30.036411+00:00,2025-03-02 09:32:50.854387+00:00
944194,115573,2025-03-01 17:48:30.036411+00:00,2025-03-02 09:32:50.854387+00:00
944194,11282,2025-03-01 17:48:30.036411+00:00,2025-03-02 09:32:50.854387+00:00
944194,3895,2025-03-01 17:48:30.036411+00:00,2025-03-02 09:32:50.854387+00:00
944306,1146860,2025-03-01 17:48:30.036411+00:00,2025-03-02 09:32:50.854387+00:00
944306,18177,2025-03-01 17:48:30.036411+00:00,2025-03-02 09:32:50.854387+00:00
944306,3913069,2025-03-01 17:48:30.036411+00:00,2025-03-02 09:32:50.854387+00:00
944306,2866812,2025-03-01 17:48:30.036411+00:00,2025-03-02 09:32:50.854387+00:00
944306,1947579,2025-03-01 17:48:30.036411+00:00,2025-03-02 09:32:50.854387+00:00
944401,61510,2025-03-01 17:48:30.036411+00:00,2025-03-02 09:32:50.854387+00:00
944401,572541,2025-03-01 17:48:30.036411+00:00,2025-03-02 09:32:50.854387+00:00
944401,2135069,2025-03-01 17:48:30.036411+00:00,2025-03-02 09:32:50.854387+00:00
944401,3795638,2025-03-01 17:48:30.036411+00:00,2025-03-02 09:32:50.854387+00:00
944401,213596,2025-03-01 17:48:30.036411+00:00,2025-03-02 09:32:50.854387+00:00
945729,1562074,2025-03-01 17:48:30.036411+00:00,2025-03-02 09:32:50.854387+00:00
945729,1348474,2025-03-01 17:48:30.036411+00:00,2025-03-02 09:32:50.854387+00:00
945729,11181,2025-03-01 17:48:30.036411+00:00,2025-03-02 09:32:50.854387+00:00
945729,1254583,2025-03-01 17:48:30.036411+00:00,2025-03-02 09:32:50.854387+00:00
945729,56323,2025-03-01 17:48:30.036411+00:00,2025-03-02 09:32:50.854387+00:00
945961,2304140,2025-03-01 17:48:30.036411+00:00,2025-03-02 09:32:50.854387+00:00
945961,1683343,2025-03-01 17:48:30.036411+00:00,2025-03-02 09:32:50.854387+00:00
945961,2164506,2025-03-01 17:48:30.036411+00:00,2025-03-02 09:32:50.854387+00:00
945961,1428070,2025-03-01 17:48:30.036411+00:00,2025-03-02 09:32:50.854387+00:00
945961,2761308,2025-03-01 17:48:30.036411+00:00,2025-03-02 09:32:50.854387+00:00
946615,1897257,2025-03-01 17:48:30.036411+00:00,2025-03-02 09:32:50.854387+00:00
946615,1897256,2025-03-01 17:48:30.036411+00:00,2025-03-02 09:32:50.854387+00:00
946615,1625880,2025-03-01 17:48:30.036411+00:00,2025-03-02 09:32:50.854387+00:00
946615,1897260,2025-03-01 17:48:30.036411+00:00,2025-03-02 09:32:50.854387+00:00
946615,1897258,2025-03-01 17:48:30.036411+00:00,2025-03-02 09:32:50.854387+00:00
946706,3403884,2025-03-01 17:48:30.036411+00:00,2025-03-02 09:32:50.854387+00:00
946706,1340020,2025-03-01 17:48:30.036411+00:00,2025-03-02 09:32:50.854387+00:00
946706,1246183,2025-03-01 17:48:30.036411+00:00,2025-03-02 09:32:50.854387+00:00
946706,114254,2025-03-01 17:48:30.036411+00:00,2025-03-02 09:32:50.854387+00:00
946706,138758,2025-03-01 17:48:30.036411+00:00,2025-03-02 09:32:50.854387+00:00
947049,3214177,2025-03-01 17:48:30.036411+00:00,2025-03-02 09:32:50.854387+00:00
947049,2879536,2025-03-01 17:48:30.036411+00:00,2025-03-02 09:32:50.854387+00:00
947049,1343178,2025-03-01 17:48:30.036411+00:00,2025-03-02 09:32:50.854387+00:00
947049,1956192,2025-03-01 17:48:30.036411+00:00,2025-03-02 09:32:50.854387+00:00
947049,1191895,2025-03-01 17:48:30.036411+00:00,2025-03-02 09:32:50.854387+00:00
947514,3514165,2025-03-01 17:48:30.036411+00:00,2025-03-02 09:32:50.854387+00:00
947514,76477,2025-03-01 17:48:30.036411+00:00,2025-03-02 09:32:50.854387+00:00
947514,2430105,2025-03-01 17:48:30.036411+00:00,2025-03-02 09:32:50.854387+00:00
947514,2131509,2025-03-01 17:48:30.036411+00:00,2025-03-02 09:32:50.854387+00:00
947514,1872288,2025-03-01 17:48:30.036411+00:00,2025-03-02 09:32:50.854387+00:00
947890,2301772,2025-03-01 17:48:30.036411+00:00,2025-03-02 09:32:50.854387+00:00
947890,1878202,2025-03-01 17:48:30.036411+00:00,2025-03-02 09:32:50.854387+00:00
947890,1450858,2025-03-01 17:48:30.036411+00:00,2025-03-02 09:32:50.854387+00:00
947890,2413141,2025-03-01 17:48:30.036411+00:00,2025-03-02 09:32:50.854387+00:00
948184,2359929,2025-03-01 17:48:30.036411+00:00,2025-03-02 09:32:50.854387+00:00
948184,71171,2025-03-01 17:48:30.036411+00:00,2025-03-02 09:32:50.854387+00:00
948184,1877470,2025-03-01 17:48:30.036411+00:00,2025-03-02 09:32:50.854387+00:00
948184,2784939,2025-03-01 17:48:30.036411+00:00,2025-03-02 09:32:50.854387+00:00
948184,856126,2025-03-01 17:48:30.036411+00:00,2025-03-02 09:32:50.854387+00:00
949000,3463763,2025-03-01 17:48:30.036411+00:00,2025-03-02 09:32:50.854387+00:00
949000,3463765,2025-03-01 17:48:30.036411+00:00,2025-03-02 09:32:50.854387+00:00
949000,3463767,2025-03-01 17:48:30.036411+00:00,2025-03-02 09:32:50.854387+00:00
949000,3463768,2025-03-01 17:48:30.036411+00:00,2025-03-02 09:32:50.854387+00:00
949000,3463766,2025-03-01 17:48:30.036411+00:00,2025-03-02 09:32:50.854387+00:00
949697,2763423,2025-03-01 17:48:30.036411+00:00,2025-03-02 09:32:50.854387+00:00
949697,1027750,2025-03-01 17:48:30.036411+00:00,2025-03-02 09:32:50.854387+00:00
949697,1051833,2025-03-01 17:48:30.036411+00:00,2025-03-02 09:32:50.854387+00:00
949697,1292043,2025-03-01 17:48:30.036411+00:00,2025-03-02 09:32:50.854387+00:00
949697,3389839,2025-03-01 17:48:30.036411+00:00,2025-03-02 09:32:50.854387+00:00
949709,25246,2025-03-01 17:48:30.036411+00:00,2025-03-02 09:32:50.854387+00:00
949709,2082186,2025-03-01 17:48:30.036411+00:00,2025-03-02 09:32:50.854387+00:00
949709,1236264,2025-03-01 17:48:30.036411+00:00,2025-03-02 09:32:50.854387+00:00
949709,1173805,2025-03-01 17:48:30.036411+00:00,2025-03-02 09:32:50.854387+00:00
949709,116636,2025-03-01 17:48:30.036411+00:00,2025-03-02 09:32:50.854387+00:00
950019,1473995,2025-03-01 17:48:30.036411+00:00,2025-03-02 09:32:50.854387+00:00
950019,72731,2025-03-01 17:48:30.036411+00:00,2025-03-02 09:32:50.854387+00:00
950019,1173223,2025-03-01 17:48:30.036411+00:00,2025-03-02 09:32:50.854387+00:00
950019,1063128,2025-03-01 17:48:30.036411+00:00,2025-03-02 09:32:50.854387+00:00
950019,1376104,2025-03-01 17:48:30.036411+00:00,2025-03-02 09:32:50.854387+00:00
950863,1348015,2025-03-01 17:48:30.036411+00:00,2025-03-02 09:32:50.854387+00:00
950863,1325949,2025-03-01 17:48:30.036411+00:00,2025-03-02 09:32:50.854387+00:00
950863,936275,2025-03-01 17:48:30.036411+00:00,2025-03-02 09:32:50.854387+00:00
950863,1717121,2025-03-01 17:48:30.036411+00:00,2025-03-02 09:32:50.854387+00:00
950863,1245094,2025-03-01 17:48:30.036411+00:00,2025-03-02 09:32:50.854387+00:00
951048,4148500,2025-03-01 17:48:30.036411+00:00,2025-03-02 09:32:50.854387+00:00
951048,4148497,2025-03-01 17:48:30.036411+00:00,2025-03-02 09:32:50.854387+00:00
951048,4148514,2025-03-01 17:48:30.036411+00:00,2025-03-02 09:32:50.854387+00:00
951048,4148513,2025-03-01 17:48:30.036411+00:00,2025-03-02 09:32:50.854387+00:00
951048,4148495,2025-03-01 17:48:30.036411+00:00,2025-03-02 09:32:50.854387+00:00
951051,4578660,2025-03-01 17:48:30.036411+00:00,2025-03-02 09:32:50.854387+00:00
951051,4578663,2025-03-01 17:48:30.036411+00:00,2025-03-02 09:32:50.854387+00:00
951051,4578665,2025-03-01 17:48:30.036411+00:00,2025-03-02 09:32:50.854387+00:00
951051,4578664,2025-03-01 17:48:30.036411+00:00,2025-03-02 09:32:50.854387+00:00
951051,4578662,2025-03-01 17:48:30.036411+00:00,2025-03-02 09:32:50.854387+00:00
951491,2138,2025-03-01 17:48:30.036411+00:00,2025-03-02 09:32:50.854387+00:00
951491,57340,2025-03-01 17:48:30.036411+00:00,2025-03-02 09:32:50.854387+00:00
951491,559207,2025-03-01 17:48:30.036411+00:00,2025-03-02 09:32:50.854387+00:00
951491,2153290,2025-03-01 17:48:30.036411+00:00,2025-03-02 09:32:50.854387+00:00
951491,2144,2025-03-01 17:48:30.036411+00:00,2025-03-02 09:32:50.854387+00:00
952127,1279571,2025-03-01 17:48:30.036411+00:00,2025-03-02 09:32:50.854387+00:00
952127,1809206,2025-03-01 17:48:30.036411+00:00,2025-03-02 09:32:50.854387+00:00
952127,1354321,2025-03-01 17:48:30.036411+00:00,2025-03-02 09:32:50.854387+00:00
952127,1536086,2025-03-01 17:48:30.036411+00:00,2025-03-02 09:32:50.854387+00:00
952127,2162309,2025-03-01 17:48:30.036411+00:00,2025-03-02 09:32:50.854387+00:00
952438,228079,2025-03-01 17:48:30.036411+00:00,2025-03-02 09:32:50.854387+00:00
952438,1405924,2025-03-01 17:48:30.036411+00:00,2025-03-02 09:32:50.854387+00:00
952438,1177946,2025-03-01 17:48:30.036411+00:00,2025-03-02 09:32:50.854387+00:00
952438,25648,2025-03-01 17:48:30.036411+00:00,2025-03-02 09:32:50.854387+00:00
952438,1502230,2025-03-01 17:48:30.036411+00:00,2025-03-02 09:32:50.854387+00:00
952476,1418581,2025-03-01 17:48:30.036411+00:00,2025-03-02 09:32:50.854387+00:00
952476,1856377,2025-03-01 17:48:30.036411+00:00,2025-03-02 09:32:50.854387+00:00
952476,223323,2025-03-01 17:48:30.036411+00:00,2025-03-02 09:32:50.854387+00:00
952476,1333030,2025-03-01 17:48:30.036411+00:00,2025-03-02 09:32:50.854387+00:00
952476,1713025,2025-03-01 17:48:30.036411+00:00,2025-03-02 09:32:50.854387+00:00
952701,1352930,2025-03-01 17:48:30.036411+00:00,2025-03-02 09:32:50.854387+00:00
952701,3475893,2025-03-01 17:48:30.036411+00:00,2025-03-02 09:32:50.854387+00:00
952701,3748717,2025-03-01 17:48:30.036411+00:00,2025-03-02 09:32:50.854387+00:00
952701,528339,2025-03-01 17:48:30.036411+00:00,2025-03-02 09:32:50.854387+00:00
952701,1517883,2025-03-01 17:48:30.036411+00:00,2025-03-02 09:32:50.854387+00:00
953233,1277548,2025-03-01 17:48:30.036411+00:00,2025-03-02 09:32:50.854387+00:00
953233,935612,2025-03-01 17:48:30.036411+00:00,2025-03-02 09:32:50.854387+00:00
953233,1637039,2025-03-01 17:48:30.036411+00:00,2025-03-02 09:32:50.854387+00:00
953233,1041803,2025-03-01 17:48:30.036411+00:00,2025-03-02 09:32:50.854387+00:00
953233,1515488,2025-03-01 17:48:30.036411+00:00,2025-03-02 09:32:50.854387+00:00
954094,27782,2025-03-01 17:48:30.036411+00:00,2025-03-02 09:32:50.854387+00:00
954094,2157994,2025-03-01 17:48:30.036411+00:00,2025-03-02 09:32:50.854387+00:00
954094,83528,2025-03-01 17:48:30.036411+00:00,2025-03-02 09:32:50.854387+00:00
954094,238498,2025-03-01 17:48:30.036411+00:00,2025-03-02 09:32:50.854387+00:00
954094,560189,2025-03-01 17:48:30.036411+00:00,2025-03-02 09:32:50.854387+00:00
954748,81472,2025-03-01 17:48:30.036411+00:00,2025-03-02 09:32:50.854387+00:00
954748,1928187,2025-03-01 17:48:30.036411+00:00,2025-03-02 09:32:50.854387+00:00
954748,102222,2025-03-01 17:48:30.036411+00:00,2025-03-02 09:32:50.854387+00:00
954748,2803035,2025-03-01 17:48:30.036411+00:00,2025-03-02 09:32:50.854387+00:00
954748,1205318,2025-03-01 17:48:30.036411+00:00,2025-03-02 09:32:50.854387+00:00
955555,86330,2025-03-01 17:48:30.036411+00:00,2025-03-02 09:32:50.854387+00:00
955555,1254630,2025-03-01 17:48:30.036411+00:00,2025-03-02 09:32:50.854387+00:00
955555,111640,2025-03-01 17:48:30.036411+00:00,2025-03-02 09:32:50.854387+00:00
955555,573792,2025-03-01 17:48:30.036411+00:00,2025-03-02 09:32:50.854387+00:00
955555,1024395,2025-03-01 17:48:30.036411+00:00,2025-03-02 09:32:50.854387+00:00
955569,2223328,2025-03-01 17:48:30.036411+00:00,2025-03-02 09:32:50.854387+00:00
955569,3483786,2025-03-01 17:48:30.036411+00:00,2025-03-02 09:32:50.854387+00:00
955569,3483784,2025-03-01 17:48:30.036411+00:00,2025-03-02 09:32:50.854387+00:00
955569,3483785,2025-03-01 17:48:30.036411+00:00,2025-03-02 09:32:50.854387+00:00
955569,2450440,2025-03-01 17:48:30.036411+00:00,2025-03-02 09:32:50.854387+00:00
955644,2746828,2025-03-01 17:48:30.036411+00:00,2025-03-02 09:32:50.854387+00:00
955644,3040744,2025-03-01 17:48:30.036411+00:00,2025-03-02 09:32:50.854387+00:00
955644,1535053,2025-03-01 17:48:30.036411+00:00,2025-03-02 09:32:50.854387+00:00
955644,1900234,2025-03-01 17:48:30.036411+00:00,2025-03-02 09:32:50.854387+00:00
955644,1253190,2025-03-01 17:48:30.036411+00:00,2025-03-02 09:32:50.854387+00:00
955666,937252,2025-03-01 17:48:30.036411+00:00,2025-03-02 09:32:50.854387+00:00
955666,1241880,2025-03-01 17:48:30.036411+00:00,2025-03-02 09:32:50.854387+00:00
955666,217924,2025-03-01 17:48:30.036411+00:00,2025-03-02 09:32:50.854387+00:00
955666,126485,2025-03-01 17:48:30.036411+00:00,2025-03-02 09:32:50.854387+00:00
955666,9706,2025-03-01 17:48:30.036411+00:00,2025-03-02 09:32:50.854387+00:00
956288,238974,2025-03-01 17:48:30.036411+00:00,2025-03-02 09:32:50.854387+00:00
956288,2033784,2025-03-01 17:48:30.036411+00:00,2025-03-02 09:32:50.854387+00:00
956288,1848369,2025-03-01 17:48:30.036411+00:00,2025-03-02 09:32:50.854387+00:00
956288,2316178,2025-03-01 17:48:30.036411+00:00,2025-03-02 09:32:50.854387+00:00
956288,1258375,2025-03-01 17:48:30.036411+00:00,2025-03-02 09:32:50.854387+00:00
956450,83526,2025-03-01 17:48:30.036411+00:00,2025-03-02 09:32:50.854387+00:00
956450,1098600,2025-03-01 17:48:30.036411+00:00,2025-03-02 09:32:50.854387+00:00
956450,20332,2025-03-01 17:48:30.036411+00:00,2025-03-02 09:32:50.854387+00:00
956450,1417328,2025-03-01 17:48:30.036411+00:00,2025-03-02 09:32:50.854387+00:00
956450,27788,2025-03-01 17:48:30.036411+00:00,2025-03-02 09:32:50.854387+00:00
956564,58593,2025-03-01 17:48:30.036411+00:00,2025-03-02 09:32:50.854387+00:00
956564,63696,2025-03-01 17:48:30.036411+00:00,2025-03-02 09:32:50.854387+00:00
956564,127891,2025-03-01 17:48:30.036411+00:00,2025-03-02 09:32:50.854387+00:00
956564,127220,2025-03-01 17:48:30.036411+00:00,2025-03-02 09:32:50.854387+00:00
956564,2542,2025-03-01 17:48:30.036411+00:00,2025-03-02 09:32:50.854387+00:00
956759,3105281,2025-03-01 17:48:30.036411+00:00,2025-03-02 09:32:50.854387+00:00
956759,123808,2025-03-01 17:48:30.036411+00:00,2025-03-02 09:32:50.854387+00:00
956759,2931936,2025-03-01 17:48:30.036411+00:00,2025-03-02 09:32:50.854387+00:00
956759,3138765,2025-03-01 17:48:30.036411+00:00,2025-03-02 09:32:50.854387+00:00
956759,3410741,2025-03-01 17:48:30.036411+00:00,2025-03-02 09:32:50.854387+00:00
956842,1245,2025-03-01 17:48:30.036411+00:00,2025-03-02 09:32:50.854387+00:00
956842,57755,2025-03-01 17:48:30.036411+00:00,2025-03-02 09:32:50.854387+00:00
956842,161932,2025-03-01 17:48:30.036411+00:00,2025-03-02 09:32:50.854387+00:00
956842,38673,2025-03-01 17:48:30.036411+00:00,2025-03-02 09:32:50.854387+00:00
956842,15757,2025-03-01 17:48:30.036411+00:00,2025-03-02 09:32:50.854387+00:00
957112,2463030,2025-03-01 17:48:30.036411+00:00,2025-03-02 09:32:50.854387+00:00
957112,231259,2025-03-01 17:48:30.036411+00:00,2025-03-02 09:32:50.854387+00:00
957112,3558395,2025-03-01 17:48:30.036411+00:00,2025-03-02 09:32:50.854387+00:00
957112,1742837,2025-03-01 17:48:30.036411+00:00,2025-03-02 09:32:50.854387+00:00
957112,932691,2025-03-01 17:48:30.036411+00:00,2025-03-02 09:32:50.854387+00:00
957154,1654414,2025-03-01 17:48:30.036411+00:00,2025-03-02 09:32:50.854387+00:00
957154,1348586,2025-03-01 17:48:30.036411+00:00,2025-03-02 09:32:50.854387+00:00
957154,1467384,2025-03-01 17:48:30.036411+00:00,2025-03-02 09:32:50.854387+00:00
957154,1793046,2025-03-01 17:48:30.036411+00:00,2025-03-02 09:32:50.854387+00:00
957154,1966747,2025-03-01 17:48:30.036411+00:00,2025-03-02 09:32:50.854387+00:00
957452,1503200,2025-03-01 17:48:30.036411+00:00,2025-03-02 09:32:50.854387+00:00
957452,174708,2025-03-01 17:48:30.036411+00:00,2025-03-02 09:32:50.854387+00:00
957452,212815,2025-03-01 17:48:30.036411+00:00,2025-03-02 09:32:50.854387+00:00
957452,137905,2025-03-01 17:48:30.036411+00:00,2025-03-02 09:32:50.854387+00:00
957452,6413,2025-03-01 17:48:30.036411+00:00,2025-03-02 09:32:50.854387+00:00
957861,1813253,2025-03-01 17:48:30.036411+00:00,2025-03-02 09:32:50.854387+00:00
957861,2684219,2025-03-01 17:48:30.036411+00:00,2025-03-02 09:32:50.854387+00:00
957861,2829889,2025-03-01 17:48:30.036411+00:00,2025-03-02 09:32:50.854387+00:00
957861,1202564,2025-03-01 17:48:30.036411+00:00,2025-03-02 09:32:50.854387+00:00
957861,3454929,2025-03-01 17:48:30.036411+00:00,2025-03-02 09:32:50.854387+00:00
957863,78257,2025-03-01 17:48:30.036411+00:00,2025-03-02 09:32:50.854387+00:00
957863,1879409,2025-03-01 17:48:30.036411+00:00,2025-03-02 09:32:50.854387+00:00
957863,2007875,2025-03-01 17:48:30.036411+00:00,2025-03-02 09:32:50.854387+00:00
957863,3454936,2025-03-01 17:48:30.036411+00:00,2025-03-02 09:32:50.854387+00:00
957863,3270592,2025-03-01 17:48:30.036411+00:00,2025-03-02 09:32:50.854387+00:00
957996,3984273,2025-03-01 17:48:30.036411+00:00,2025-03-02 09:32:50.854387+00:00
957996,3984269,2025-03-01 17:48:30.036411+00:00,2025-03-02 09:32:50.854387+00:00
957996,3984263,2025-03-01 17:48:30.036411+00:00,2025-03-02 09:32:50.854387+00:00
957996,3984266,2025-03-01 17:48:30.036411+00:00,2025-03-02 09:32:50.854387+00:00
957996,2608181,2025-03-01 17:48:30.036411+00:00,2025-03-02 09:32:50.854387+00:00
958017,1267370,2025-03-01 17:48:30.036411+00:00,2025-03-02 09:32:50.854387+00:00
958017,1493394,2025-03-01 17:48:30.036411+00:00,2025-03-02 09:32:50.854387+00:00
958017,117974,2025-03-01 17:48:30.036411+00:00,2025-03-02 09:32:50.854387+00:00
958017,1960999,2025-03-01 17:48:30.036411+00:00,2025-03-02 09:32:50.854387+00:00
958017,2636409,2025-03-01 17:48:30.036411+00:00,2025-03-02 09:32:50.854387+00:00
958161,1410261,2025-03-01 17:48:30.036411+00:00,2025-03-02 09:32:50.854387+00:00
958161,1984063,2025-03-01 17:48:30.036411+00:00,2025-03-02 09:32:50.854387+00:00
958161,1978566,2025-03-01 17:48:30.036411+00:00,2025-03-02 09:32:50.854387+00:00
958161,3491749,2025-03-01 17:48:30.036411+00:00,2025-03-02 09:32:50.854387+00:00
958161,1940747,2025-03-01 17:48:30.036411+00:00,2025-03-02 09:32:50.854387+00:00
958179,1686837,2025-03-01 17:48:30.036411+00:00,2025-03-02 09:32:50.854387+00:00
958179,267918,2025-03-01 17:48:30.036411+00:00,2025-03-02 09:32:50.854387+00:00
958179,17498,2025-03-01 17:48:30.036411+00:00,2025-03-02 09:32:50.854387+00:00
958179,5445,2025-03-01 17:48:30.036411+00:00,2025-03-02 09:32:50.854387+00:00
958179,1578123,2025-03-01 17:48:30.036411+00:00,2025-03-02 09:32:50.854387+00:00
958186,972609,2025-03-01 17:48:30.036411+00:00,2025-03-02 09:32:50.854387+00:00
958186,3929460,2025-03-01 17:48:30.036411+00:00,2025-03-02 09:32:50.854387+00:00
958186,2493473,2025-03-01 17:48:30.036411+00:00,2025-03-02 09:32:50.854387+00:00
958186,3887329,2025-03-01 17:48:30.036411+00:00,2025-03-02 09:32:50.854387+00:00
958186,3887328,2025-03-01 17:48:30.036411+00:00,2025-03-02 09:32:50.854387+00:00
958219,62447,2025-03-01 17:48:30.036411+00:00,2025-03-02 09:32:50.854387+00:00
958219,77498,2025-03-01 17:48:30.036411+00:00,2025-03-02 09:32:50.854387+00:00
958219,93532,2025-03-01 17:48:30.036411+00:00,2025-03-02 09:32:50.854387+00:00
958219,1880940,2025-03-01 17:48:30.036411+00:00,2025-03-02 09:32:50.854387+00:00
958219,587142,2025-03-01 17:48:30.036411+00:00,2025-03-02 09:32:50.854387+00:00
958234,1430283,2025-03-01 17:48:30.036411+00:00,2025-03-02 09:32:50.854387+00:00
958234,2584574,2025-03-01 17:48:30.036411+00:00,2025-03-02 09:32:50.854387+00:00
958234,82352,2025-03-01 17:48:30.036411+00:00,2025-03-02 09:32:50.854387+00:00
958234,1923199,2025-03-01 17:48:30.036411+00:00,2025-03-02 09:32:50.854387+00:00
958234,1078979,2025-03-01 17:48:30.036411+00:00,2025-03-02 09:32:50.854387+00:00
958279,2215967,2025-03-01 17:48:30.036411+00:00,2025-03-02 09:32:50.854387+00:00
958279,77498,2025-03-01 17:48:30.036411+00:00,2025-03-02 09:32:50.854387+00:00
958279,3492164,2025-03-01 17:48:30.036411+00:00,2025-03-02 09:32:50.854387+00:00
958279,42442,2025-03-01 17:48:30.036411+00:00,2025-03-02 09:32:50.854387+00:00
958279,3088307,2025-03-01 17:48:30.036411+00:00,2025-03-02 09:32:50.854387+00:00
958291,2271444,2025-03-01 17:48:30.036411+00:00,2025-03-02 09:32:50.854387+00:00
958291,3556060,2025-03-01 17:48:30.036411+00:00,2025-03-02 09:32:50.854387+00:00
958291,3556058,2025-03-01 17:48:30.036411+00:00,2025-03-02 09:32:50.854387+00:00
958291,764,2025-03-01 17:48:30.036411+00:00,2025-03-02 09:32:50.854387+00:00
958291,1141817,2025-03-01 17:48:30.036411+00:00,2025-03-02 09:32:50.854387+00:00
958487,533325,2025-03-01 17:48:30.036411+00:00,2025-03-02 09:32:50.854387+00:00
958487,2797433,2025-03-01 17:48:30.036411+00:00,2025-03-02 09:32:50.854387+00:00
958487,1502230,2025-03-01 17:48:30.036411+00:00,2025-03-02 09:32:50.854387+00:00
958487,2720366,2025-03-01 17:48:30.036411+00:00,2025-03-02 09:32:50.854387+00:00
958487,2748110,2025-03-01 17:48:30.036411+00:00,2025-03-02 09:32:50.854387+00:00
958937,1207629,2025-03-01 17:48:30.036411+00:00,2025-03-02 09:32:50.854387+00:00
958937,2199863,2025-03-01 17:48:30.036411+00:00,2025-03-02 09:32:50.854387+00:00
958937,1239245,2025-03-01 17:48:30.036411+00:00,2025-03-02 09:32:50.854387+00:00
958937,3229192,2025-03-01 17:48:30.036411+00:00,2025-03-02 09:32:50.854387+00:00
958937,146114,2025-03-01 17:48:30.036411+00:00,2025-03-02 09:32:50.854387+00:00
959439,1182806,2025-03-01 17:48:30.036411+00:00,2025-03-02 09:32:50.854387+00:00
959439,3060622,2025-03-01 17:48:30.036411+00:00,2025-03-02 09:32:50.854387+00:00
959439,3179061,2025-03-01 17:48:30.036411+00:00,2025-03-02 09:32:50.854387+00:00
959439,1412420,2025-03-01 17:48:30.036411+00:00,2025-03-02 09:32:50.854387+00:00
959439,146869,2025-03-01 17:48:30.036411+00:00,2025-03-02 09:32:50.854387+00:00
959558,43716,2025-03-01 17:48:30.036411+00:00,2025-03-02 09:32:50.854387+00:00
959558,28896,2025-03-01 17:48:30.036411+00:00,2025-03-02 09:32:50.854387+00:00
959558,135944,2025-03-01 17:48:30.036411+00:00,2025-03-02 09:32:50.854387+00:00
959558,544096,2025-03-01 17:48:30.036411+00:00,2025-03-02 09:32:50.854387+00:00
959558,1276019,2025-03-01 17:48:30.036411+00:00,2025-03-02 09:32:50.854387+00:00
960033,16921,2025-03-01 17:48:30.036411+00:00,2025-03-02 09:32:50.854387+00:00
960033,3497348,2025-03-01 17:48:30.036411+00:00,2025-03-02 09:32:50.854387+00:00
960033,1438688,2025-03-01 17:48:30.036411+00:00,2025-03-02 09:32:50.854387+00:00
960033,28463,2025-03-01 17:48:30.036411+00:00,2025-03-02 09:32:50.854387+00:00
960033,35894,2025-03-01 17:48:30.036411+00:00,2025-03-02 09:32:50.854387+00:00
960139,25258,2025-03-01 17:48:30.036411+00:00,2025-03-02 09:32:50.854387+00:00
960139,19116,2025-03-01 17:48:30.036411+00:00,2025-03-02 09:32:50.854387+00:00
960139,228714,2025-03-01 17:48:30.036411+00:00,2025-03-02 09:32:50.854387+00:00
960139,71490,2025-03-01 17:48:30.036411+00:00,2025-03-02 09:32:50.854387+00:00
960139,586191,2025-03-01 17:48:30.036411+00:00,2025-03-02 09:32:50.854387+00:00
960206,1141086,2025-03-01 17:48:30.036411+00:00,2025-03-02 09:32:50.854387+00:00
960206,1357455,2025-03-01 17:48:30.036411+00:00,2025-03-02 09:32:50.854387+00:00
960206,2294554,2025-03-01 17:48:30.036411+00:00,2025-03-02 09:32:50.854387+00:00
960206,1433475,2025-03-01 17:48:30.036411+00:00,2025-03-02 09:32:50.854387+00:00
960206,55584,2025-03-01 17:48:30.036411+00:00,2025-03-02 09:32:50.854387+00:00
960258,3498317,2025-03-01 17:48:30.036411+00:00,2025-03-02 09:32:50.854387+00:00
960258,3498314,2025-03-01 17:48:30.036411+00:00,2025-03-02 09:32:50.854387+00:00
960258,1383391,2025-03-01 17:48:30.036411+00:00,2025-03-02 09:32:50.854387+00:00
960258,2992825,2025-03-01 17:48:30.036411+00:00,2025-03-02 09:32:50.854387+00:00
960258,3498318,2025-03-01 17:48:30.036411+00:00,2025-03-02 09:32:50.854387+00:00
960275,83966,2025-03-01 17:48:30.036411+00:00,2025-03-02 09:32:50.854387+00:00
960275,24816,2025-03-01 17:48:30.036411+00:00,2025-03-02 09:32:50.854387+00:00
960275,4274,2025-03-01 17:48:30.036411+00:00,2025-03-02 09:32:50.854387+00:00
960275,2245,2025-03-01 17:48:30.036411+00:00,2025-03-02 09:32:50.854387+00:00
960275,1179908,2025-03-01 17:48:30.036411+00:00,2025-03-02 09:32:50.854387+00:00
960312,1960999,2025-03-01 17:48:30.036411+00:00,2025-03-02 09:32:50.854387+00:00
960312,130656,2025-03-01 17:48:30.036411+00:00,2025-03-02 09:32:50.854387+00:00
960312,2997056,2025-03-01 17:48:30.036411+00:00,2025-03-02 09:32:50.854387+00:00
960312,2797433,2025-03-01 17:48:30.036411+00:00,2025-03-02 09:32:50.854387+00:00
960312,3060622,2025-03-01 17:48:30.036411+00:00,2025-03-02 09:32:50.854387+00:00
961082,49859,2025-03-01 17:48:30.036411+00:00,2025-03-02 09:32:50.854387+00:00
961082,66957,2025-03-01 17:48:30.036411+00:00,2025-03-02 09:32:50.854387+00:00
961082,4552499,2025-03-01 17:48:30.036411+00:00,2025-03-02 09:32:50.854387+00:00
961082,17882,2025-03-01 17:48:30.036411+00:00,2025-03-02 09:32:50.854387+00:00
961082,54338,2025-03-01 17:48:30.036411+00:00,2025-03-02 09:32:50.854387+00:00
961256,1257364,2025-03-01 17:48:30.036411+00:00,2025-03-02 09:32:50.854387+00:00
961256,1041465,2025-03-01 17:48:30.036411+00:00,2025-03-02 09:32:50.854387+00:00
961256,1693,2025-03-01 17:48:30.036411+00:00,2025-03-02 09:32:50.854387+00:00
961256,1373210,2025-03-01 17:48:30.036411+00:00,2025-03-02 09:32:50.854387+00:00
961256,572020,2025-03-01 17:48:30.036411+00:00,2025-03-02 09:32:50.854387+00:00
961257,40450,2025-03-01 17:48:30.036411+00:00,2025-03-02 09:32:50.854387+00:00
961257,3190917,2025-03-01 17:48:30.036411+00:00,2025-03-02 09:32:50.854387+00:00
961257,1039305,2025-03-01 17:48:30.036411+00:00,2025-03-02 09:32:50.854387+00:00
961257,58593,2025-03-01 17:48:30.036411+00:00,2025-03-02 09:32:50.854387+00:00
961257,1732483,2025-03-01 17:48:30.036411+00:00,2025-03-02 09:32:50.854387+00:00
961266,1671407,2025-03-01 17:48:30.036411+00:00,2025-03-02 09:32:50.854387+00:00
961266,1321982,2025-03-01 17:48:30.036411+00:00,2025-03-02 09:32:50.854387+00:00
961266,55784,2025-03-01 17:48:30.036411+00:00,2025-03-02 09:32:50.854387+00:00
961266,2236358,2025-03-01 17:48:30.036411+00:00,2025-03-02 09:32:50.854387+00:00
961266,2797433,2025-03-01 17:48:30.036411+00:00,2025-03-02 09:32:50.854387+00:00
961267,2541,2025-03-01 17:48:30.036411+00:00,2025-03-02 09:32:50.854387+00:00
961267,91870,2025-03-01 17:48:30.036411+00:00,2025-03-02 09:32:50.854387+00:00
961267,58613,2025-03-01 17:48:30.036411+00:00,2025-03-02 09:32:50.854387+00:00
961267,3721672,2025-03-01 17:48:30.036411+00:00,2025-03-02 09:32:50.854387+00:00
961267,137028,2025-03-01 17:48:30.036411+00:00,2025-03-02 09:32:50.854387+00:00
961295,83528,2025-03-01 17:48:30.036411+00:00,2025-03-02 09:32:50.854387+00:00
961295,1253780,2025-03-01 17:48:30.036411+00:00,2025-03-02 09:32:50.854387+00:00
961295,1342694,2025-03-01 17:48:30.036411+00:00,2025-03-02 09:32:50.854387+00:00
961295,1925752,2025-03-01 17:48:30.036411+00:00,2025-03-02 09:32:50.854387+00:00
961295,1405926,2025-03-01 17:48:30.036411+00:00,2025-03-02 09:32:50.854387+00:00
961381,1502230,2025-03-01 17:48:30.036411+00:00,2025-03-02 09:32:50.854387+00:00
961381,1845477,2025-03-01 17:48:30.036411+00:00,2025-03-02 09:32:50.854387+00:00
961381,66155,2025-03-01 17:48:30.036411+00:00,2025-03-02 09:32:50.854387+00:00
961381,1318732,2025-03-01 17:48:30.036411+00:00,2025-03-02 09:32:50.854387+00:00
961381,1393772,2025-03-01 17:48:30.036411+00:00,2025-03-02 09:32:50.854387+00:00
961410,55784,2025-03-01 17:48:30.036411+00:00,2025-03-02 09:32:50.854387+00:00
961410,2487461,2025-03-01 17:48:30.036411+00:00,2025-03-02 09:32:50.854387+00:00
961410,1547747,2025-03-01 17:48:30.036411+00:00,2025-03-02 09:32:50.854387+00:00
961410,1384646,2025-03-01 17:48:30.036411+00:00,2025-03-02 09:32:50.854387+00:00
961410,1321982,2025-03-01 17:48:30.036411+00:00,2025-03-02 09:32:50.854387+00:00
961418,231364,2025-03-01 17:48:30.036411+00:00,2025-03-02 09:32:50.854387+00:00
961418,3502970,2025-03-01 17:48:30.036411+00:00,2025-03-02 09:32:50.854387+00:00
961418,1977956,2025-03-01 17:48:30.036411+00:00,2025-03-02 09:32:50.854387+00:00
961418,2603716,2025-03-01 17:48:30.036411+00:00,2025-03-02 09:32:50.854387+00:00
961418,3502968,2025-03-01 17:48:30.036411+00:00,2025-03-02 09:32:50.854387+00:00
962489,2214888,2025-03-01 17:48:30.036411+00:00,2025-03-02 09:32:50.854387+00:00
962489,2185341,2025-03-01 17:48:30.036411+00:00,2025-03-02 09:32:50.854387+00:00
962489,1207629,2025-03-01 17:48:30.036411+00:00,2025-03-02 09:32:50.854387+00:00
962489,2935390,2025-03-01 17:48:30.036411+00:00,2025-03-02 09:32:50.854387+00:00
962489,3104322,2025-03-01 17:48:30.036411+00:00,2025-03-02 09:32:50.854387+00:00
962543,3508930,2025-03-01 17:48:30.036411+00:00,2025-03-02 09:32:50.854387+00:00
962543,3528636,2025-03-01 17:48:30.036411+00:00,2025-03-02 09:32:50.854387+00:00
962543,115742,2025-03-01 17:48:30.036411+00:00,2025-03-02 09:32:50.854387+00:00
962543,3508929,2025-03-01 17:48:30.036411+00:00,2025-03-02 09:32:50.854387+00:00
962543,3528638,2025-03-01 17:48:30.036411+00:00,2025-03-02 09:32:50.854387+00:00
962558,559566,2025-03-01 17:48:30.036411+00:00,2025-03-02 09:32:50.854387+00:00
962558,1140282,2025-03-01 17:48:30.036411+00:00,2025-03-02 09:32:50.854387+00:00
962558,1298007,2025-03-01 17:48:30.036411+00:00,2025-03-02 09:32:50.854387+00:00
962558,213371,2025-03-01 17:48:30.036411+00:00,2025-03-02 09:32:50.854387+00:00
962558,1240284,2025-03-01 17:48:30.036411+00:00,2025-03-02 09:32:50.854387+00:00
962571,2351109,2025-03-01 17:48:30.036411+00:00,2025-03-02 09:32:50.854387+00:00
962571,107390,2025-03-01 17:48:30.036411+00:00,2025-03-02 09:32:50.854387+00:00
962571,3276441,2025-03-01 17:48:30.036411+00:00,2025-03-02 09:32:50.854387+00:00
962571,3538142,2025-03-01 17:48:30.036411+00:00,2025-03-02 09:32:50.854387+00:00
962571,1515940,2025-03-01 17:48:30.036411+00:00,2025-03-02 09:32:50.854387+00:00
963131,559416,2025-03-01 17:48:30.036411+00:00,2025-03-02 09:32:50.854387+00:00
963131,3602929,2025-03-01 17:48:30.036411+00:00,2025-03-02 09:32:50.854387+00:00
963131,70627,2025-03-01 17:48:30.036411+00:00,2025-03-02 09:32:50.854387+00:00
963131,2010193,2025-03-01 17:48:30.036411+00:00,2025-03-02 09:32:50.854387+00:00
963131,2187869,2025-03-01 17:48:30.036411+00:00,2025-03-02 09:32:50.854387+00:00
963765,3778996,2025-03-01 17:48:30.036411+00:00,2025-03-02 09:32:50.854387+00:00
963765,1253360,2025-03-01 17:48:30.036411+00:00,2025-03-02 09:32:50.854387+00:00
963765,1866671,2025-03-01 17:48:30.036411+00:00,2025-03-02 09:32:50.854387+00:00
963765,569,2025-03-01 17:48:30.036411+00:00,2025-03-02 09:32:50.854387+00:00
963765,2773674,2025-03-01 17:48:30.036411+00:00,2025-03-02 09:32:50.854387+00:00
964592,1876417,2025-03-01 17:48:30.036411+00:00,2025-03-02 09:32:50.854387+00:00
964592,127720,2025-03-01 17:48:30.036411+00:00,2025-03-02 09:32:50.854387+00:00
964592,2003804,2025-03-01 17:48:30.036411+00:00,2025-03-02 09:32:50.854387+00:00
964592,115290,2025-03-01 17:48:30.036411+00:00,2025-03-02 09:32:50.854387+00:00
964592,560081,2025-03-01 17:48:30.036411+00:00,2025-03-02 09:32:50.854387+00:00
964681,2052319,2025-03-01 17:48:30.036411+00:00,2025-03-02 09:32:50.854387+00:00
964960,76294,2025-03-01 17:48:30.036411+00:00,2025-03-02 09:32:50.854387+00:00
964960,38882,2025-03-01 17:48:30.036411+00:00,2025-03-02 09:32:50.854387+00:00
964960,5442,2025-03-01 17:48:30.036411+00:00,2025-03-02 09:32:50.854387+00:00
964960,1174338,2025-03-01 17:48:30.036411+00:00,2025-03-02 09:32:50.854387+00:00
964960,1137,2025-03-01 17:48:30.036411+00:00,2025-03-02 09:32:50.854387+00:00
965094,2183220,2025-03-01 17:48:30.036411+00:00,2025-03-02 09:32:50.854387+00:00
965094,2353469,2025-03-01 17:48:30.036411+00:00,2025-03-02 09:32:50.854387+00:00
965094,3155118,2025-03-01 17:48:30.036411+00:00,2025-03-02 09:32:50.854387+00:00
965094,1223316,2025-03-01 17:48:30.036411+00:00,2025-03-02 09:32:50.854387+00:00
965094,1258626,2025-03-01 17:48:30.036411+00:00,2025-03-02 09:32:50.854387+00:00
965150,2326151,2025-03-01 17:48:30.036411+00:00,2025-03-02 09:32:50.854387+00:00
965150,1290029,2025-03-01 17:48:30.036411+00:00,2025-03-02 09:32:50.854387+00:00
965150,3515419,2025-03-01 17:48:30.036411+00:00,2025-03-02 09:32:50.854387+00:00
965150,1514178,2025-03-01 17:48:30.036411+00:00,2025-03-02 09:32:50.854387+00:00
965150,3635399,2025-03-01 17:48:30.036411+00:00,2025-03-02 09:32:50.854387+00:00
965791,1385600,2025-03-01 17:48:30.036411+00:00,2025-03-02 09:32:50.854387+00:00
965791,121530,2025-03-01 17:48:30.036411+00:00,2025-03-02 09:32:50.854387+00:00
965791,129765,2025-03-01 17:48:30.036411+00:00,2025-03-02 09:32:50.854387+00:00
965791,146287,2025-03-01 17:48:30.036411+00:00,2025-03-02 09:32:50.854387+00:00
965791,8789,2025-03-01 17:48:30.036411+00:00,2025-03-02 09:32:50.854387+00:00
966709,1452028,2025-03-01 17:48:30.036411+00:00,2025-03-02 09:32:50.854387+00:00
966709,1366247,2025-03-01 17:48:30.036411+00:00,2025-03-02 09:32:50.854387+00:00
966709,1563442,2025-03-01 17:48:30.036411+00:00,2025-03-02 09:32:50.854387+00:00
966709,2407989,2025-03-01 17:48:30.036411+00:00,2025-03-02 09:32:50.854387+00:00
966709,1790286,2025-03-01 17:48:30.036411+00:00,2025-03-02 09:32:50.854387+00:00
967847,1172108,2025-03-01 17:48:30.036411+00:00,2025-03-02 09:32:50.854387+00:00
967847,707,2025-03-01 17:48:30.036411+00:00,2025-03-02 09:32:50.854387+00:00
967847,22226,2025-03-01 17:48:30.036411+00:00,2025-03-02 09:32:50.854387+00:00
967847,1308445,2025-03-01 17:48:30.036411+00:00,2025-03-02 09:32:50.854387+00:00
967847,1442069,2025-03-01 17:48:30.036411+00:00,2025-03-02 09:32:50.854387+00:00
967874,1947460,2025-03-01 17:48:30.036411+00:00,2025-03-02 09:32:50.854387+00:00
967874,566080,2025-03-01 17:48:30.036411+00:00,2025-03-02 09:32:50.854387+00:00
967874,1456986,2025-03-01 17:48:30.036411+00:00,2025-03-02 09:32:50.854387+00:00
967874,78423,2025-03-01 17:48:30.036411+00:00,2025-03-02 09:32:50.854387+00:00
967874,2244765,2025-03-01 17:48:30.036411+00:00,2025-03-02 09:32:50.854387+00:00
968051,87287,2025-03-01 17:48:30.036411+00:00,2025-03-02 09:32:50.854387+00:00
968051,1344344,2025-03-01 17:48:30.036411+00:00,2025-03-02 09:32:50.854387+00:00
968051,5529,2025-03-01 17:48:30.036411+00:00,2025-03-02 09:32:50.854387+00:00
968051,527313,2025-03-01 17:48:30.036411+00:00,2025-03-02 09:32:50.854387+00:00
968051,566080,2025-03-01 17:48:30.036411+00:00,2025-03-02 09:32:50.854387+00:00
968146,1502230,2025-03-01 17:48:30.036411+00:00,2025-03-02 09:32:50.854387+00:00
968146,87661,2025-03-01 17:48:30.036411+00:00,2025-03-02 09:32:50.854387+00:00
968146,228072,2025-03-01 17:48:30.036411+00:00,2025-03-02 09:32:50.854387+00:00
968146,3253029,2025-03-01 17:48:30.036411+00:00,2025-03-02 09:32:50.854387+00:00
968146,1335392,2025-03-01 17:48:30.036411+00:00,2025-03-02 09:32:50.854387+00:00
969050,83820,2025-03-01 17:48:30.036411+00:00,2025-03-02 09:32:50.854387+00:00
969050,1735398,2025-03-01 17:48:30.036411+00:00,2025-03-02 09:32:50.854387+00:00
969050,2862160,2025-03-01 17:48:30.036411+00:00,2025-03-02 09:32:50.854387+00:00
969050,1139045,2025-03-01 17:48:30.036411+00:00,2025-03-02 09:32:50.854387+00:00
969050,2557400,2025-03-01 17:48:30.036411+00:00,2025-03-02 09:32:50.854387+00:00
969441,4997601,2025-03-01 17:48:30.036411+00:00,2025-03-02 09:32:50.854387+00:00
969441,2023708,2025-03-01 17:48:30.036411+00:00,2025-03-02 09:32:50.854387+00:00
969441,2318361,2025-03-01 17:48:30.036411+00:00,2025-03-02 09:32:50.854387+00:00
969441,1920627,2025-03-01 17:48:30.036411+00:00,2025-03-02 09:32:50.854387+00:00
969441,1409122,2025-03-01 17:48:30.036411+00:00,2025-03-02 09:32:50.854387+00:00
969492,16501,2025-03-01 17:48:30.036411+00:00,2025-03-02 09:32:50.854387+00:00
969492,195675,2025-03-01 17:48:30.036411+00:00,2025-03-02 09:32:50.854387+00:00
969492,96066,2025-03-01 17:48:30.036411+00:00,2025-03-02 09:32:50.854387+00:00
969492,216986,2025-03-01 17:48:30.036411+00:00,2025-03-02 09:32:50.854387+00:00
969492,934,2025-03-01 17:48:30.036411+00:00,2025-03-02 09:32:50.854387+00:00
970348,4081577,2025-03-01 17:48:30.036411+00:00,2025-03-02 09:32:50.854387+00:00
970348,3533521,2025-03-01 17:48:30.036411+00:00,2025-03-02 09:32:50.854387+00:00
970348,2447256,2025-03-01 17:48:30.036411+00:00,2025-03-02 09:32:50.854387+00:00
970348,938824,2025-03-01 17:48:30.036411+00:00,2025-03-02 09:32:50.854387+00:00
970348,4081571,2025-03-01 17:48:30.036411+00:00,2025-03-02 09:32:50.854387+00:00
970398,9747,2025-03-01 17:48:30.036411+00:00,2025-03-02 09:32:50.854387+00:00
970398,96369,2025-03-01 17:48:30.036411+00:00,2025-03-02 09:32:50.854387+00:00
970398,4774182,2025-03-01 17:48:30.036411+00:00,2025-03-02 09:32:50.854387+00:00
970398,4774183,2025-03-01 17:48:30.036411+00:00,2025-03-02 09:32:50.854387+00:00
970398,1277629,2025-03-01 17:48:30.036411+00:00,2025-03-02 09:32:50.854387+00:00
970867,2894606,2025-03-01 17:48:30.036411+00:00,2025-03-02 09:32:50.854387+00:00
970867,1149279,2025-03-01 17:48:30.036411+00:00,2025-03-02 09:32:50.854387+00:00
970867,2894608,2025-03-01 17:48:30.036411+00:00,2025-03-02 09:32:50.854387+00:00
970867,96592,2025-03-01 17:48:30.036411+00:00,2025-03-02 09:32:50.854387+00:00
970867,2894607,2025-03-01 17:48:30.036411+00:00,2025-03-02 09:32:50.854387+00:00
971602,80753,2025-03-01 17:48:30.036411+00:00,2025-03-02 09:32:50.854387+00:00
971602,20705,2025-03-01 17:48:30.036411+00:00,2025-03-02 09:32:50.854387+00:00
971602,930345,2025-03-01 17:48:30.036411+00:00,2025-03-02 09:32:50.854387+00:00
971602,4082222,2025-03-01 17:48:30.036411+00:00,2025-03-02 09:32:50.854387+00:00
971602,4082221,2025-03-01 17:48:30.036411+00:00,2025-03-02 09:32:50.854387+00:00
971699,2648396,2025-03-01 17:48:30.036411+00:00,2025-03-02 09:32:50.854387+00:00
971699,2664861,2025-03-01 17:48:30.036411+00:00,2025-03-02 09:32:50.854387+00:00
971699,570323,2025-03-01 17:48:30.036411+00:00,2025-03-02 09:32:50.854387+00:00
971699,3536817,2025-03-01 17:48:30.036411+00:00,2025-03-02 09:32:50.854387+00:00
971699,3163376,2025-03-01 17:48:30.036411+00:00,2025-03-02 09:32:50.854387+00:00
971968,2355138,2025-03-01 17:48:30.036411+00:00,2025-03-02 09:32:50.854387+00:00
971968,2245,2025-03-01 17:48:30.036411+00:00,2025-03-02 09:32:50.854387+00:00
971968,2876,2025-03-01 17:48:30.036411+00:00,2025-03-02 09:32:50.854387+00:00
971968,54227,2025-03-01 17:48:30.036411+00:00,2025-03-02 09:32:50.854387+00:00
971968,1021689,2025-03-01 17:48:30.036411+00:00,2025-03-02 09:32:50.854387+00:00
972614,1158,2025-03-01 17:48:30.036411+00:00,2025-03-02 09:32:50.854387+00:00
972614,4726,2025-03-01 17:48:30.036411+00:00,2025-03-02 09:32:50.854387+00:00
972614,26998,2025-03-01 17:48:30.036411+00:00,2025-03-02 09:32:50.854387+00:00
972614,11006,2025-03-01 17:48:30.036411+00:00,2025-03-02 09:32:50.854387+00:00
972614,2232,2025-03-01 17:48:30.036411+00:00,2025-03-02 09:32:50.854387+00:00
973587,2104461,2025-03-01 17:48:30.036411+00:00,2025-03-02 09:32:50.854387+00:00
973587,1630179,2025-03-01 17:48:30.036411+00:00,2025-03-02 09:32:50.854387+00:00
973587,71396,2025-03-01 17:48:30.036411+00:00,2025-03-02 09:32:50.854387+00:00
973587,2508555,2025-03-01 17:48:30.036411+00:00,2025-03-02 09:32:50.854387+00:00
973587,1671142,2025-03-01 17:48:30.036411+00:00,2025-03-02 09:32:50.854387+00:00
973628,16962,2025-03-01 17:48:30.036411+00:00,2025-03-02 09:32:50.854387+00:00
973628,3577758,2025-03-01 17:48:30.036411+00:00,2025-03-02 09:32:50.854387+00:00
973628,1401531,2025-03-01 17:48:30.036411+00:00,2025-03-02 09:32:50.854387+00:00
973628,1304595,2025-03-01 17:48:30.036411+00:00,2025-03-02 09:32:50.854387+00:00
973628,85008,2025-03-01 17:48:30.036411+00:00,2025-03-02 09:32:50.854387+00:00
973778,54811,2025-03-01 17:48:30.036411+00:00,2025-03-02 09:32:50.854387+00:00
973778,1388593,2025-03-01 17:48:30.036411+00:00,2025-03-02 09:32:50.854387+00:00
973778,18022,2025-03-01 17:48:30.036411+00:00,2025-03-02 09:32:50.854387+00:00
973778,2983,2025-03-01 17:48:30.036411+00:00,2025-03-02 09:32:50.854387+00:00
973778,77795,2025-03-01 17:48:30.036411+00:00,2025-03-02 09:32:50.854387+00:00
974250,24045,2025-03-01 17:48:30.036411+00:00,2025-03-02 09:32:50.854387+00:00
974250,1332680,2025-03-01 17:48:30.036411+00:00,2025-03-02 09:32:50.854387+00:00
974250,1227717,2025-03-01 17:48:30.036411+00:00,2025-03-02 09:32:50.854387+00:00
974250,1462,2025-03-01 17:48:30.036411+00:00,2025-03-02 09:32:50.854387+00:00
974250,1016168,2025-03-01 17:48:30.036411+00:00,2025-03-02 09:32:50.854387+00:00
974521,3545132,2025-03-01 17:48:30.036411+00:00,2025-03-02 09:32:50.854387+00:00
974521,3545133,2025-03-01 17:48:30.036411+00:00,2025-03-02 09:32:50.854387+00:00
974521,2260343,2025-03-01 17:48:30.036411+00:00,2025-03-02 09:32:50.854387+00:00
974521,1579353,2025-03-01 17:48:30.036411+00:00,2025-03-02 09:32:50.854387+00:00
974521,120229,2025-03-01 17:48:30.036411+00:00,2025-03-02 09:32:50.854387+00:00
974635,1371297,2025-03-01 17:48:30.036411+00:00,2025-03-02 09:32:50.854387+00:00
974635,1552436,2025-03-01 17:48:30.036411+00:00,2025-03-02 09:32:50.854387+00:00
974635,83271,2025-03-01 17:48:30.036411+00:00,2025-03-02 09:32:50.854387+00:00
974635,3890899,2025-03-01 17:48:30.036411+00:00,2025-03-02 09:32:50.854387+00:00
974635,75318,2025-03-01 17:48:30.036411+00:00,2025-03-02 09:32:50.854387+00:00
975056,12074,2025-03-01 17:48:30.036411+00:00,2025-03-02 09:32:50.854387+00:00
975056,3753,2025-03-01 17:48:30.036411+00:00,2025-03-02 09:32:50.854387+00:00
975056,52,2025-03-01 17:48:30.036411+00:00,2025-03-02 09:32:50.854387+00:00
975056,1396912,2025-03-01 17:48:30.036411+00:00,2025-03-02 09:32:50.854387+00:00
975056,2635684,2025-03-01 17:48:30.036411+00:00,2025-03-02 09:32:50.854387+00:00
975575,1531489,2025-03-01 17:48:30.036411+00:00,2025-03-02 09:32:50.854387+00:00
975575,2882651,2025-03-01 17:48:30.036411+00:00,2025-03-02 09:32:50.854387+00:00
975575,2064375,2025-03-01 17:48:30.036411+00:00,2025-03-02 09:32:50.854387+00:00
975575,2836728,2025-03-01 17:48:30.036411+00:00,2025-03-02 09:32:50.854387+00:00
975575,581897,2025-03-01 17:48:30.036411+00:00,2025-03-02 09:32:50.854387+00:00
975681,2469527,2025-03-01 17:48:30.036411+00:00,2025-03-02 09:32:50.854387+00:00
975681,126735,2025-03-01 17:48:30.036411+00:00,2025-03-02 09:32:50.854387+00:00
975762,1491913,2025-03-01 17:48:30.036411+00:00,2025-03-02 09:32:50.854387+00:00
975762,55803,2025-03-01 17:48:30.036411+00:00,2025-03-02 09:32:50.854387+00:00
975762,1174338,2025-03-01 17:48:30.036411+00:00,2025-03-02 09:32:50.854387+00:00
975762,3549437,2025-03-01 17:48:30.036411+00:00,2025-03-02 09:32:50.854387+00:00
975762,2820853,2025-03-01 17:48:30.036411+00:00,2025-03-02 09:32:50.854387+00:00
975810,3781783,2025-03-01 17:48:30.036411+00:00,2025-03-02 09:32:50.854387+00:00
975810,2023016,2025-03-01 17:48:30.036411+00:00,2025-03-02 09:32:50.854387+00:00
975810,1452738,2025-03-01 17:48:30.036411+00:00,2025-03-02 09:32:50.854387+00:00
975810,1641182,2025-03-01 17:48:30.036411+00:00,2025-03-02 09:32:50.854387+00:00
975810,1247109,2025-03-01 17:48:30.036411+00:00,2025-03-02 09:32:50.854387+00:00
975812,3549561,2025-03-01 17:48:30.036411+00:00,2025-03-02 09:32:50.854387+00:00
975812,2244312,2025-03-01 17:48:30.036411+00:00,2025-03-02 09:32:50.854387+00:00
975812,3736013,2025-03-01 17:48:30.036411+00:00,2025-03-02 09:32:50.854387+00:00
975812,3758594,2025-03-01 17:48:30.036411+00:00,2025-03-02 09:32:50.854387+00:00
975812,3549562,2025-03-01 17:48:30.036411+00:00,2025-03-02 09:32:50.854387+00:00
975817,3644975,2025-03-01 17:48:30.036411+00:00,2025-03-02 09:32:50.854387+00:00
975817,1447086,2025-03-01 17:48:30.036411+00:00,2025-03-02 09:32:50.854387+00:00
975817,3978054,2025-03-01 17:48:30.036411+00:00,2025-03-02 09:32:50.854387+00:00
975817,3978041,2025-03-01 17:48:30.036411+00:00,2025-03-02 09:32:50.854387+00:00
975817,1270438,2025-03-01 17:48:30.036411+00:00,2025-03-02 09:32:50.854387+00:00
976125,2729031,2025-03-01 17:48:30.036411+00:00,2025-03-02 09:32:50.854387+00:00
976125,2668721,2025-03-01 17:48:30.036411+00:00,2025-03-02 09:32:50.854387+00:00
976125,1872288,2025-03-01 17:48:30.036411+00:00,2025-03-02 09:32:50.854387+00:00
976125,1752096,2025-03-01 17:48:30.036411+00:00,2025-03-02 09:32:50.854387+00:00
976125,1872292,2025-03-01 17:48:30.036411+00:00,2025-03-02 09:32:50.854387+00:00
976573,1236458,2025-03-01 17:48:30.036411+00:00,2025-03-02 09:32:50.854387+00:00
976573,63234,2025-03-01 17:48:30.036411+00:00,2025-03-02 09:32:50.854387+00:00
976573,1639848,2025-03-01 17:48:30.036411+00:00,2025-03-02 09:32:50.854387+00:00
976573,1087262,2025-03-01 17:48:30.036411+00:00,2025-03-02 09:32:50.854387+00:00
976573,2073564,2025-03-01 17:48:30.036411+00:00,2025-03-02 09:32:50.854387+00:00
976576,1915026,2025-03-01 17:48:30.036411+00:00,2025-03-02 09:32:50.854387+00:00
976576,939337,2025-03-01 17:48:30.036411+00:00,2025-03-02 09:32:50.854387+00:00
976576,83356,2025-03-01 17:48:30.036411+00:00,2025-03-02 09:32:50.854387+00:00
976576,1385600,2025-03-01 17:48:30.036411+00:00,2025-03-02 09:32:50.854387+00:00
976576,66717,2025-03-01 17:48:30.036411+00:00,2025-03-02 09:32:50.854387+00:00
976581,146750,2025-03-01 17:48:30.036411+00:00,2025-03-02 09:32:50.854387+00:00
976581,1935849,2025-03-01 17:48:30.036411+00:00,2025-03-02 09:32:50.854387+00:00
976581,221980,2025-03-01 17:48:30.036411+00:00,2025-03-02 09:32:50.854387+00:00
976581,1819918,2025-03-01 17:48:30.036411+00:00,2025-03-02 09:32:50.854387+00:00
976581,1278555,2025-03-01 17:48:30.036411+00:00,2025-03-02 09:32:50.854387+00:00
976893,3086230,2025-03-01 17:48:30.036411+00:00,2025-03-02 09:32:50.854387+00:00
976893,18056,2025-03-01 17:48:30.036411+00:00,2025-03-02 09:32:50.854387+00:00
976893,4011271,2025-03-01 17:48:30.036411+00:00,2025-03-02 09:32:50.854387+00:00
976893,79457,2025-03-01 17:48:30.036411+00:00,2025-03-02 09:32:50.854387+00:00
976893,1015822,2025-03-01 17:48:30.036411+00:00,2025-03-02 09:32:50.854387+00:00
977013,120560,2025-03-01 17:48:30.036411+00:00,2025-03-02 09:32:50.854387+00:00
977013,1626572,2025-03-01 17:48:30.036411+00:00,2025-03-02 09:32:50.854387+00:00
977013,54811,2025-03-01 17:48:30.036411+00:00,2025-03-02 09:32:50.854387+00:00
977013,59860,2025-03-01 17:48:30.036411+00:00,2025-03-02 09:32:50.854387+00:00
977013,933640,2025-03-01 17:48:30.036411+00:00,2025-03-02 09:32:50.854387+00:00
977155,1696022,2025-03-01 17:48:30.036411+00:00,2025-03-02 09:32:50.854387+00:00
977155,1591370,2025-03-01 17:48:30.036411+00:00,2025-03-02 09:32:50.854387+00:00
977155,3216021,2025-03-01 17:48:30.036411+00:00,2025-03-02 09:32:50.854387+00:00
977155,2888653,2025-03-01 17:48:30.036411+00:00,2025-03-02 09:32:50.854387+00:00
977155,2053095,2025-03-01 17:48:30.036411+00:00,2025-03-02 09:32:50.854387+00:00
977177,1259384,2025-03-01 17:48:30.036411+00:00,2025-03-02 09:32:50.854387+00:00
977177,1259381,2025-03-01 17:48:30.036411+00:00,2025-03-02 09:32:50.854387+00:00
977177,3988623,2025-03-01 17:48:30.036411+00:00,2025-03-02 09:32:50.854387+00:00
977177,1256326,2025-03-01 17:48:30.036411+00:00,2025-03-02 09:32:50.854387+00:00
977177,1656869,2025-03-01 17:48:30.036411+00:00,2025-03-02 09:32:50.854387+00:00
977179,111981,2025-03-01 17:48:30.036411+00:00,2025-03-02 09:32:50.854387+00:00
977179,3831524,2025-03-01 17:48:30.036411+00:00,2025-03-02 09:32:50.854387+00:00
977179,3597581,2025-03-01 17:48:30.036411+00:00,2025-03-02 09:32:50.854387+00:00
977179,1284731,2025-03-01 17:48:30.036411+00:00,2025-03-02 09:32:50.854387+00:00
977179,3831527,2025-03-01 17:48:30.036411+00:00,2025-03-02 09:32:50.854387+00:00
977209,231749,2025-03-01 17:48:30.036411+00:00,2025-03-02 09:32:50.854387+00:00
977209,2836737,2025-03-01 17:48:30.036411+00:00,2025-03-02 09:32:50.854387+00:00
977209,2874730,2025-03-01 17:48:30.036411+00:00,2025-03-02 09:32:50.854387+00:00
977209,2908299,2025-03-01 17:48:30.036411+00:00,2025-03-02 09:32:50.854387+00:00
977209,2685340,2025-03-01 17:48:30.036411+00:00,2025-03-02 09:32:50.854387+00:00
977337,3663911,2025-03-01 17:48:30.036411+00:00,2025-03-02 09:32:50.854387+00:00
977337,4978238,2025-03-01 17:48:30.036411+00:00,2025-03-02 09:32:50.854387+00:00
977337,1951183,2025-03-01 17:48:30.036411+00:00,2025-03-02 09:32:50.854387+00:00
977337,3286746,2025-03-01 17:48:30.036411+00:00,2025-03-02 09:32:50.854387+00:00
977337,1033671,2025-03-01 17:48:30.036411+00:00,2025-03-02 09:32:50.854387+00:00
977871,1405926,2025-03-01 17:48:30.036411+00:00,2025-03-02 09:32:50.854387+00:00
977871,2053795,2025-03-01 17:48:30.036411+00:00,2025-03-02 09:32:50.854387+00:00
977871,2320112,2025-03-01 17:48:30.036411+00:00,2025-03-02 09:32:50.854387+00:00
977871,1925752,2025-03-01 17:48:30.036411+00:00,2025-03-02 09:32:50.854387+00:00
977871,2187869,2025-03-01 17:48:30.036411+00:00,2025-03-02 09:32:50.854387+00:00
978039,1613352,2025-03-01 17:48:30.036411+00:00,2025-03-02 09:32:50.854387+00:00
978039,1562140,2025-03-01 17:48:30.036411+00:00,2025-03-02 09:32:50.854387+00:00
978039,1828041,2025-03-01 17:48:30.036411+00:00,2025-03-02 09:32:50.854387+00:00
978039,1249235,2025-03-01 17:48:30.036411+00:00,2025-03-02 09:32:50.854387+00:00
978039,1252731,2025-03-01 17:48:30.036411+00:00,2025-03-02 09:32:50.854387+00:00
978202,142425,2025-03-01 17:48:30.036411+00:00,2025-03-02 09:32:50.854387+00:00
978202,1258626,2025-03-01 17:48:30.036411+00:00,2025-03-02 09:32:50.854387+00:00
978202,1989290,2025-03-01 17:48:30.036411+00:00,2025-03-02 09:32:50.854387+00:00
978202,84996,2025-03-01 17:48:30.036411+00:00,2025-03-02 09:32:50.854387+00:00
978202,70688,2025-03-01 17:48:30.036411+00:00,2025-03-02 09:32:50.854387+00:00
978580,1080195,2025-03-01 17:48:30.036411+00:00,2025-03-02 09:32:50.854387+00:00
978580,1502016,2025-03-01 17:48:30.036411+00:00,2025-03-02 09:32:50.854387+00:00
978580,3516832,2025-03-01 17:48:30.036411+00:00,2025-03-02 09:32:50.854387+00:00
978580,49021,2025-03-01 17:48:30.036411+00:00,2025-03-02 09:32:50.854387+00:00
978580,1858594,2025-03-01 17:48:30.036411+00:00,2025-03-02 09:32:50.854387+00:00
978592,20982,2025-03-01 17:48:30.036411+00:00,2025-03-02 09:32:50.854387+00:00
978592,1212871,2025-03-01 17:48:30.036411+00:00,2025-03-02 09:32:50.854387+00:00
978592,934,2025-03-01 17:48:30.036411+00:00,2025-03-02 09:32:50.854387+00:00
978592,543261,2025-03-01 17:48:30.036411+00:00,2025-03-02 09:32:50.854387+00:00
978592,2478,2025-03-01 17:48:30.036411+00:00,2025-03-02 09:32:50.854387+00:00
978796,5033809,2025-03-01 17:48:30.036411+00:00,2025-03-02 09:32:50.854387+00:00
978796,3769810,2025-03-01 17:48:30.036411+00:00,2025-03-02 09:32:50.854387+00:00
978796,237455,2025-03-01 17:48:30.036411+00:00,2025-03-02 09:32:50.854387+00:00
978796,2190584,2025-03-01 17:48:30.036411+00:00,2025-03-02 09:32:50.854387+00:00
978796,221981,2025-03-01 17:48:30.036411+00:00,2025-03-02 09:32:50.854387+00:00
979688,1272718,2025-03-01 17:48:30.036411+00:00,2025-03-02 09:32:50.854387+00:00
979688,1272717,2025-03-01 17:48:30.036411+00:00,2025-03-02 09:32:50.854387+00:00
979688,3279380,2025-03-01 17:48:30.036411+00:00,2025-03-02 09:32:50.854387+00:00
979688,1577669,2025-03-01 17:48:30.036411+00:00,2025-03-02 09:32:50.854387+00:00
979688,1577670,2025-03-01 17:48:30.036411+00:00,2025-03-02 09:32:50.854387+00:00
979924,1535059,2025-03-01 17:48:30.036411+00:00,2025-03-02 09:32:50.854387+00:00
979924,5528,2025-03-01 17:48:30.036411+00:00,2025-03-02 09:32:50.854387+00:00
979924,2461,2025-03-01 17:48:30.036411+00:00,2025-03-02 09:32:50.854387+00:00
979924,1157588,2025-03-01 17:48:30.036411+00:00,2025-03-02 09:32:50.854387+00:00
979924,6863,2025-03-01 17:48:30.036411+00:00,2025-03-02 09:32:50.854387+00:00
980026,1602451,2025-03-01 17:48:30.036411+00:00,2025-03-02 09:32:50.854387+00:00
980026,1428295,2025-03-01 17:48:30.036411+00:00,2025-03-02 09:32:50.854387+00:00
980026,1019,2025-03-01 17:48:30.036411+00:00,2025-03-02 09:32:50.854387+00:00
980026,1616206,2025-03-01 17:48:30.036411+00:00,2025-03-02 09:32:50.854387+00:00
980026,2079854,2025-03-01 17:48:30.036411+00:00,2025-03-02 09:32:50.854387+00:00
980078,3105028,2025-03-01 17:48:30.036411+00:00,2025-03-02 09:32:50.854387+00:00
980078,3629486,2025-03-01 17:48:30.036411+00:00,2025-03-02 09:32:50.854387+00:00
980078,3564234,2025-03-01 17:48:30.036411+00:00,2025-03-02 09:32:50.854387+00:00
980078,2449994,2025-03-01 17:48:30.036411+00:00,2025-03-02 09:32:50.854387+00:00
980078,3254445,2025-03-01 17:48:30.036411+00:00,2025-03-02 09:32:50.854387+00:00
980489,2000335,2025-03-01 17:48:30.036411+00:00,2025-03-02 09:32:50.854387+00:00
980489,35029,2025-03-01 17:48:30.036411+00:00,2025-03-02 09:32:50.854387+00:00
980489,938,2025-03-01 17:48:30.036411+00:00,2025-03-02 09:32:50.854387+00:00
980489,114,2025-03-01 17:48:30.036411+00:00,2025-03-02 09:32:50.854387+00:00
980489,2249745,2025-03-01 17:48:30.036411+00:00,2025-03-02 09:32:50.854387+00:00
981715,2768710,2025-03-01 17:48:30.036411+00:00,2025-03-02 09:32:50.854387+00:00
982202,1874,2025-03-01 17:48:30.036411+00:00,2025-03-02 09:32:50.854387+00:00
982202,223477,2025-03-01 17:48:30.036411+00:00,2025-03-02 09:32:50.854387+00:00
982202,150574,2025-03-01 17:48:30.036411+00:00,2025-03-02 09:32:50.854387+00:00
982202,54676,2025-03-01 17:48:30.036411+00:00,2025-03-02 09:32:50.854387+00:00
982202,894116,2025-03-01 17:48:30.036411+00:00,2025-03-02 09:32:50.854387+00:00
983866,1738735,2025-03-01 17:48:30.036411+00:00,2025-03-02 09:32:50.854387+00:00
983866,1745973,2025-03-01 17:48:30.036411+00:00,2025-03-02 09:32:50.854387+00:00
983866,1367226,2025-03-01 17:48:30.036411+00:00,2025-03-02 09:32:50.854387+00:00
983866,97320,2025-03-01 17:48:30.036411+00:00,2025-03-02 09:32:50.854387+00:00
983866,1168934,2025-03-01 17:48:30.036411+00:00,2025-03-02 09:32:50.854387+00:00
983883,1868413,2025-03-01 17:48:30.036411+00:00,2025-03-02 09:32:50.854387+00:00
983883,1266721,2025-03-01 17:48:30.036411+00:00,2025-03-02 09:32:50.854387+00:00
983883,131290,2025-03-01 17:48:30.036411+00:00,2025-03-02 09:32:50.854387+00:00
983883,2270252,2025-03-01 17:48:30.036411+00:00,2025-03-02 09:32:50.854387+00:00
983883,127685,2025-03-01 17:48:30.036411+00:00,2025-03-02 09:32:50.854387+00:00
984997,1966252,2025-03-01 17:48:30.036411+00:00,2025-03-02 09:32:50.854387+00:00
985939,1279279,2025-03-01 17:48:30.036411+00:00,2025-03-02 09:32:50.854387+00:00
985939,47296,2025-03-01 17:48:30.036411+00:00,2025-03-02 09:32:50.854387+00:00
985939,945542,2025-03-01 17:48:30.036411+00:00,2025-03-02 09:32:50.854387+00:00
985939,2174509,2025-03-01 17:48:30.036411+00:00,2025-03-02 09:32:50.854387+00:00
985939,54633,2025-03-01 17:48:30.036411+00:00,2025-03-02 09:32:50.854387+00:00
986088,3347392,2025-03-01 17:48:30.036411+00:00,2025-03-02 09:32:50.854387+00:00
986088,1179445,2025-03-01 17:48:30.036411+00:00,2025-03-02 09:32:50.854387+00:00
986088,1300649,2025-03-01 17:48:30.036411+00:00,2025-03-02 09:32:50.854387+00:00
986088,77440,2025-03-01 17:48:30.036411+00:00,2025-03-02 09:32:50.854387+00:00
986855,4056413,2025-03-01 17:48:30.036411+00:00,2025-03-02 09:32:50.854387+00:00
986855,4056408,2025-03-01 17:48:30.036411+00:00,2025-03-02 09:32:50.854387+00:00
986855,4056409,2025-03-01 17:48:30.036411+00:00,2025-03-02 09:32:50.854387+00:00
986855,4056406,2025-03-01 17:48:30.036411+00:00,2025-03-02 09:32:50.854387+00:00
986855,4056397,2025-03-01 17:48:30.036411+00:00,2025-03-02 09:32:50.854387+00:00
987419,2875335,2025-03-01 17:48:30.036411+00:00,2025-03-02 09:32:50.854387+00:00
987419,1259193,2025-03-01 17:48:30.036411+00:00,2025-03-02 09:32:50.854387+00:00
987419,1909697,2025-03-01 17:48:30.036411+00:00,2025-03-02 09:32:50.854387+00:00
987419,1431490,2025-03-01 17:48:30.036411+00:00,2025-03-02 09:32:50.854387+00:00
987419,2367270,2025-03-01 17:48:30.036411+00:00,2025-03-02 09:32:50.854387+00:00
987446,3035681,2025-03-01 17:48:30.036411+00:00,2025-03-02 09:32:50.854387+00:00
987446,1690917,2025-03-01 17:48:30.036411+00:00,2025-03-02 09:32:50.854387+00:00
987446,87944,2025-03-01 17:48:30.036411+00:00,2025-03-02 09:32:50.854387+00:00
987446,1187932,2025-03-01 17:48:30.036411+00:00,2025-03-02 09:32:50.854387+00:00
987446,2067022,2025-03-01 17:48:30.036411+00:00,2025-03-02 09:32:50.854387+00:00
987538,3851351,2025-03-01 17:48:30.036411+00:00,2025-03-02 09:32:50.854387+00:00
987538,1571552,2025-03-01 17:48:30.036411+00:00,2025-03-02 09:32:50.854387+00:00
987538,3288923,2025-03-01 17:48:30.036411+00:00,2025-03-02 09:32:50.854387+00:00
987538,1763211,2025-03-01 17:48:30.036411+00:00,2025-03-02 09:32:50.854387+00:00
987538,1256347,2025-03-01 17:48:30.036411+00:00,2025-03-02 09:32:50.854387+00:00
987540,1256251,2025-03-01 17:48:30.036411+00:00,2025-03-02 09:32:50.854387+00:00
987540,1473879,2025-03-01 17:48:30.036411+00:00,2025-03-02 09:32:50.854387+00:00
987540,1496577,2025-03-01 17:48:30.036411+00:00,2025-03-02 09:32:50.854387+00:00
987540,1407750,2025-03-01 17:48:30.036411+00:00,2025-03-02 09:32:50.854387+00:00
987540,1362362,2025-03-01 17:48:30.036411+00:00,2025-03-02 09:32:50.854387+00:00
987573,1762312,2025-03-01 17:48:30.036411+00:00,2025-03-02 09:32:50.854387+00:00
987573,1398752,2025-03-01 17:48:30.036411+00:00,2025-03-02 09:32:50.854387+00:00
987573,1717583,2025-03-01 17:48:30.036411+00:00,2025-03-02 09:32:50.854387+00:00
987573,1951647,2025-03-01 17:48:30.036411+00:00,2025-03-02 09:32:50.854387+00:00
987573,1502230,2025-03-01 17:48:30.036411+00:00,2025-03-02 09:32:50.854387+00:00
988402,2372688,2025-03-01 17:48:30.036411+00:00,2025-03-02 09:32:50.854387+00:00
988402,2559837,2025-03-01 17:48:30.036411+00:00,2025-03-02 09:32:50.854387+00:00
988402,557975,2025-03-01 17:48:30.036411+00:00,2025-03-02 09:32:50.854387+00:00
988402,234029,2025-03-01 17:48:30.036411+00:00,2025-03-02 09:32:50.854387+00:00
988402,1661094,2025-03-01 17:48:30.036411+00:00,2025-03-02 09:32:50.854387+00:00
988900,2217481,2025-03-01 17:48:30.036411+00:00,2025-03-02 09:32:50.854387+00:00
988900,1005911,2025-03-01 17:48:30.036411+00:00,2025-03-02 09:32:50.854387+00:00
988900,1529401,2025-03-01 17:48:30.036411+00:00,2025-03-02 09:32:50.854387+00:00
988900,105422,2025-03-01 17:48:30.036411+00:00,2025-03-02 09:32:50.854387+00:00
988900,126345,2025-03-01 17:48:30.036411+00:00,2025-03-02 09:32:50.854387+00:00
989232,1576306,2025-03-01 17:48:30.036411+00:00,2025-03-02 09:32:50.854387+00:00
989232,1596218,2025-03-01 17:48:30.036411+00:00,2025-03-02 09:32:50.854387+00:00
989232,1295192,2025-03-01 17:48:30.036411+00:00,2025-03-02 09:32:50.854387+00:00
989232,77310,2025-03-01 17:48:30.036411+00:00,2025-03-02 09:32:50.854387+00:00
989232,1701554,2025-03-01 17:48:30.036411+00:00,2025-03-02 09:32:50.854387+00:00
989238,4016176,2025-03-01 17:48:30.036411+00:00,2025-03-02 09:32:50.854387+00:00
989238,2355138,2025-03-01 17:48:30.036411+00:00,2025-03-02 09:32:50.854387+00:00
989238,147882,2025-03-01 17:48:30.036411+00:00,2025-03-02 09:32:50.854387+00:00
989238,66957,2025-03-01 17:48:30.036411+00:00,2025-03-02 09:32:50.854387+00:00
989238,4016178,2025-03-01 17:48:30.036411+00:00,2025-03-02 09:32:50.854387+00:00
989473,5939,2025-03-01 17:48:30.036411+00:00,2025-03-02 09:32:50.854387+00:00
989473,76543,2025-03-01 17:48:30.036411+00:00,2025-03-02 09:32:50.854387+00:00
989473,11617,2025-03-01 17:48:30.036411+00:00,2025-03-02 09:32:50.854387+00:00
989473,1040368,2025-03-01 17:48:30.036411+00:00,2025-03-02 09:32:50.854387+00:00
989473,1277583,2025-03-01 17:48:30.036411+00:00,2025-03-02 09:32:50.854387+00:00
989496,4179716,2025-03-01 17:48:30.036411+00:00,2025-03-02 09:32:50.854387+00:00
989496,3692084,2025-03-01 17:48:30.036411+00:00,2025-03-02 09:32:50.854387+00:00
989496,1531318,2025-03-01 17:48:30.036411+00:00,2025-03-02 09:32:50.854387+00:00
989496,4179715,2025-03-01 17:48:30.036411+00:00,2025-03-02 09:32:50.854387+00:00
989496,1791771,2025-03-01 17:48:30.036411+00:00,2025-03-02 09:32:50.854387+00:00
989589,3353845,2025-03-01 17:48:30.036411+00:00,2025-03-02 09:32:50.854387+00:00
989589,225011,2025-03-01 17:48:30.036411+00:00,2025-03-02 09:32:50.854387+00:00
989589,2044566,2025-03-01 17:48:30.036411+00:00,2025-03-02 09:32:50.854387+00:00
989589,1345950,2025-03-01 17:48:30.036411+00:00,2025-03-02 09:32:50.854387+00:00
989589,1956225,2025-03-01 17:48:30.036411+00:00,2025-03-02 09:32:50.854387+00:00
989909,63584,2025-03-01 17:48:30.036411+00:00,2025-03-02 09:32:50.854387+00:00
989909,1397017,2025-03-01 17:48:30.036411+00:00,2025-03-02 09:32:50.854387+00:00
989909,70106,2025-03-01 17:48:30.036411+00:00,2025-03-02 09:32:50.854387+00:00
989909,126345,2025-03-01 17:48:30.036411+00:00,2025-03-02 09:32:50.854387+00:00
989909,25245,2025-03-01 17:48:30.036411+00:00,2025-03-02 09:32:50.854387+00:00
990140,1341,2025-03-01 17:48:30.036411+00:00,2025-03-02 09:32:50.854387+00:00
990140,2085448,2025-03-01 17:48:30.036411+00:00,2025-03-02 09:32:50.854387+00:00
990140,84205,2025-03-01 17:48:30.036411+00:00,2025-03-02 09:32:50.854387+00:00
990140,1800792,2025-03-01 17:48:30.036411+00:00,2025-03-02 09:32:50.854387+00:00
990140,1397017,2025-03-01 17:48:30.036411+00:00,2025-03-02 09:32:50.854387+00:00
990326,2595841,2025-03-01 17:48:30.036411+00:00,2025-03-02 09:32:50.854387+00:00
990326,3164683,2025-03-01 17:48:30.036411+00:00,2025-03-02 09:32:50.854387+00:00
990326,110847,2025-03-01 17:48:30.036411+00:00,2025-03-02 09:32:50.854387+00:00
990326,931254,2025-03-01 17:48:30.036411+00:00,2025-03-02 09:32:50.854387+00:00
990326,3421219,2025-03-01 17:48:30.036411+00:00,2025-03-02 09:32:50.854387+00:00
991190,1142780,2025-03-01 17:48:30.036411+00:00,2025-03-02 09:32:50.854387+00:00
991190,93801,2025-03-01 17:48:30.036411+00:00,2025-03-02 09:32:50.854387+00:00
991190,1041465,2025-03-01 17:48:30.036411+00:00,2025-03-02 09:32:50.854387+00:00
991190,1516266,2025-03-01 17:48:30.036411+00:00,2025-03-02 09:32:50.854387+00:00
991190,186341,2025-03-01 17:48:30.036411+00:00,2025-03-02 09:32:50.854387+00:00
991193,20519,2025-03-01 17:48:30.036411+00:00,2025-03-02 09:32:50.854387+00:00
991193,3562054,2025-03-01 17:48:30.036411+00:00,2025-03-02 09:32:50.854387+00:00
991193,1132643,2025-03-01 17:48:30.036411+00:00,2025-03-02 09:32:50.854387+00:00
991193,1222249,2025-03-01 17:48:30.036411+00:00,2025-03-02 09:32:50.854387+00:00
991193,109301,2025-03-01 17:48:30.036411+00:00,2025-03-02 09:32:50.854387+00:00
991197,1234856,2025-03-01 17:48:30.036411+00:00,2025-03-02 09:32:50.854387+00:00
991197,83820,2025-03-01 17:48:30.036411+00:00,2025-03-02 09:32:50.854387+00:00
991197,125882,2025-03-01 17:48:30.036411+00:00,2025-03-02 09:32:50.854387+00:00
991197,21908,2025-03-01 17:48:30.036411+00:00,2025-03-02 09:32:50.854387+00:00
991197,64496,2025-03-01 17:48:30.036411+00:00,2025-03-02 09:32:50.854387+00:00
991898,1868411,2025-03-01 17:48:30.036411+00:00,2025-03-02 09:32:50.854387+00:00
991898,1145460,2025-03-01 17:48:30.036411+00:00,2025-03-02 09:32:50.854387+00:00
991898,71171,2025-03-01 17:48:30.036411+00:00,2025-03-02 09:32:50.854387+00:00
991898,1258442,2025-03-01 17:48:30.036411+00:00,2025-03-02 09:32:50.854387+00:00
991898,1580564,2025-03-01 17:48:30.036411+00:00,2025-03-02 09:32:50.854387+00:00
993092,1641182,2025-03-01 17:48:30.036411+00:00,2025-03-02 09:32:50.854387+00:00
993092,2478083,2025-03-01 17:48:30.036411+00:00,2025-03-02 09:32:50.854387+00:00
993092,103648,2025-03-01 17:48:30.036411+00:00,2025-03-02 09:32:50.854387+00:00
993092,2412089,2025-03-01 17:48:30.036411+00:00,2025-03-02 09:32:50.854387+00:00
993092,2409321,2025-03-01 17:48:30.036411+00:00,2025-03-02 09:32:50.854387+00:00
993156,2224740,2025-03-01 17:48:30.036411+00:00,2025-03-02 09:32:50.854387+00:00
993156,1541932,2025-03-01 17:48:30.036411+00:00,2025-03-02 09:32:50.854387+00:00
993156,78252,2025-03-01 17:48:30.036411+00:00,2025-03-02 09:32:50.854387+00:00
993156,78877,2025-03-01 17:48:30.036411+00:00,2025-03-02 09:32:50.854387+00:00
993234,1283520,2025-03-01 17:48:30.036411+00:00,2025-03-02 09:32:50.854387+00:00
993234,1244677,2025-03-01 17:48:30.036411+00:00,2025-03-02 09:32:50.854387+00:00
993234,2153405,2025-03-01 17:48:30.036411+00:00,2025-03-02 09:32:50.854387+00:00
993234,2053430,2025-03-01 17:48:30.036411+00:00,2025-03-02 09:32:50.854387+00:00
993234,1078302,2025-03-01 17:48:30.036411+00:00,2025-03-02 09:32:50.854387+00:00
993782,1409121,2025-03-01 17:48:30.036411+00:00,2025-03-02 09:32:50.854387+00:00
993782,1269294,2025-03-01 17:48:30.036411+00:00,2025-03-02 09:32:50.854387+00:00
993782,1700138,2025-03-01 17:48:30.036411+00:00,2025-03-02 09:32:50.854387+00:00
993782,1741323,2025-03-01 17:48:30.036411+00:00,2025-03-02 09:32:50.854387+00:00
993782,2014560,2025-03-01 17:48:30.036411+00:00,2025-03-02 09:32:50.854387+00:00
993885,3417158,2025-03-01 17:48:30.036411+00:00,2025-03-02 09:32:50.854387+00:00
993885,3457656,2025-03-01 17:48:30.036411+00:00,2025-03-02 09:32:50.854387+00:00
993885,3212104,2025-03-01 17:48:30.036411+00:00,2025-03-02 09:32:50.854387+00:00
993885,2885448,2025-03-01 17:48:30.036411+00:00,2025-03-02 09:32:50.854387+00:00
993885,3096717,2025-03-01 17:48:30.036411+00:00,2025-03-02 09:32:50.854387+00:00
994128,3525701,2025-03-01 17:48:30.036411+00:00,2025-03-02 09:32:50.854387+00:00
994128,970993,2025-03-01 17:48:30.036411+00:00,2025-03-02 09:32:50.854387+00:00
994128,41869,2025-03-01 17:48:30.036411+00:00,2025-03-02 09:32:50.854387+00:00
994128,234644,2025-03-01 17:48:30.036411+00:00,2025-03-02 09:32:50.854387+00:00
994128,1561072,2025-03-01 17:48:30.036411+00:00,2025-03-02 09:32:50.854387+00:00
994741,3608812,2025-03-01 17:48:30.036411+00:00,2025-03-02 09:32:50.854387+00:00
994741,1747960,2025-03-01 17:48:30.036411+00:00,2025-03-02 09:32:50.854387+00:00
994741,1801592,2025-03-01 17:48:30.036411+00:00,2025-03-02 09:32:50.854387+00:00
994741,2280352,2025-03-01 17:48:30.036411+00:00,2025-03-02 09:32:50.854387+00:00
994741,1112407,2025-03-01 17:48:30.036411+00:00,2025-03-02 09:32:50.854387+00:00
995063,127798,2025-03-01 17:48:30.036411+00:00,2025-03-02 09:32:50.854387+00:00
995063,2084416,2025-03-01 17:48:30.036411+00:00,2025-03-02 09:32:50.854387+00:00
995063,1330446,2025-03-01 17:48:30.036411+00:00,2025-03-02 09:32:50.854387+00:00
995063,139493,2025-03-01 17:48:30.036411+00:00,2025-03-02 09:32:50.854387+00:00
995063,77188,2025-03-01 17:48:30.036411+00:00,2025-03-02 09:32:50.854387+00:00
995387,2349205,2025-03-01 17:48:30.036411+00:00,2025-03-02 09:32:50.854387+00:00
995387,1029275,2025-03-01 17:48:30.036411+00:00,2025-03-02 09:32:50.854387+00:00
995387,128481,2025-03-01 17:48:30.036411+00:00,2025-03-02 09:32:50.854387+00:00
995387,1179321,2025-03-01 17:48:30.036411+00:00,2025-03-02 09:32:50.854387+00:00
995387,1668610,2025-03-01 17:48:30.036411+00:00,2025-03-02 09:32:50.854387+00:00
995408,6019,2025-03-01 17:48:30.036411+00:00,2025-03-02 09:32:50.854387+00:00
995408,1352046,2025-03-01 17:48:30.036411+00:00,2025-03-02 09:32:50.854387+00:00
995408,586191,2025-03-01 17:48:30.036411+00:00,2025-03-02 09:32:50.854387+00:00
995408,21175,2025-03-01 17:48:30.036411+00:00,2025-03-02 09:32:50.854387+00:00
995408,1894422,2025-03-01 17:48:30.036411+00:00,2025-03-02 09:32:50.854387+00:00
995746,2019443,2025-03-01 17:48:30.036411+00:00,2025-03-02 09:32:50.854387+00:00
995746,239118,2025-03-01 17:48:30.036411+00:00,2025-03-02 09:32:50.854387+00:00
995746,71930,2025-03-01 17:48:30.036411+00:00,2025-03-02 09:32:50.854387+00:00
995746,145871,2025-03-01 17:48:30.036411+00:00,2025-03-02 09:32:50.854387+00:00
995746,5442,2025-03-01 17:48:30.036411+00:00,2025-03-02 09:32:50.854387+00:00
995808,1451679,2025-03-01 17:48:30.036411+00:00,2025-03-02 09:32:50.854387+00:00
995808,144791,2025-03-01 17:48:30.036411+00:00,2025-03-02 09:32:50.854387+00:00
995808,937003,2025-03-01 17:48:30.036411+00:00,2025-03-02 09:32:50.854387+00:00
995808,144792,2025-03-01 17:48:30.036411+00:00,2025-03-02 09:32:50.854387+00:00
995808,42741,2025-03-01 17:48:30.036411+00:00,2025-03-02 09:32:50.854387+00:00
995926,1692997,2025-03-01 17:48:30.036411+00:00,2025-03-02 09:32:50.854387+00:00
995926,1856377,2025-03-01 17:48:30.036411+00:00,2025-03-02 09:32:50.854387+00:00
995926,1470763,2025-03-01 17:48:30.036411+00:00,2025-03-02 09:32:50.854387+00:00
995926,68903,2025-03-01 17:48:30.036411+00:00,2025-03-02 09:32:50.854387+00:00
995926,77188,2025-03-01 17:48:30.036411+00:00,2025-03-02 09:32:50.854387+00:00
996108,1222312,2025-03-01 17:48:30.036411+00:00,2025-03-02 09:32:50.854387+00:00
996108,1063128,2025-03-01 17:48:30.036411+00:00,2025-03-02 09:32:50.854387+00:00
996108,1018385,2025-03-01 17:48:30.036411+00:00,2025-03-02 09:32:50.854387+00:00
996108,2386894,2025-03-01 17:48:30.036411+00:00,2025-03-02 09:32:50.854387+00:00
996108,1719971,2025-03-01 17:48:30.036411+00:00,2025-03-02 09:32:50.854387+00:00
996499,2222684,2025-03-01 17:48:30.036411+00:00,2025-03-02 09:32:50.854387+00:00
996499,2193164,2025-03-01 17:48:30.036411+00:00,2025-03-02 09:32:50.854387+00:00
996499,1419890,2025-03-01 17:48:30.036411+00:00,2025-03-02 09:32:50.854387+00:00
996499,2031915,2025-03-01 17:48:30.036411+00:00,2025-03-02 09:32:50.854387+00:00
996499,3046087,2025-03-01 17:48:30.036411+00:00,2025-03-02 09:32:50.854387+00:00
996666,1784542,2025-03-01 17:48:30.036411+00:00,2025-03-02 09:32:50.854387+00:00
996666,584143,2025-03-01 17:48:30.036411+00:00,2025-03-02 09:32:50.854387+00:00
996666,133944,2025-03-01 17:48:30.036411+00:00,2025-03-02 09:32:50.854387+00:00
996666,1547747,2025-03-01 17:48:30.036411+00:00,2025-03-02 09:32:50.854387+00:00
996666,74861,2025-03-01 17:48:30.036411+00:00,2025-03-02 09:32:50.854387+00:00
996871,65261,2025-03-01 17:48:30.036411+00:00,2025-03-02 09:32:50.854387+00:00
996871,554984,2025-03-01 17:48:30.036411+00:00,2025-03-02 09:32:50.854387+00:00
996871,1179171,2025-03-01 17:48:30.036411+00:00,2025-03-02 09:32:50.854387+00:00
996871,131290,2025-03-01 17:48:30.036411+00:00,2025-03-02 09:32:50.854387+00:00
996871,78252,2025-03-01 17:48:30.036411+00:00,2025-03-02 09:32:50.854387+00:00
997294,592709,2025-03-01 17:48:30.036411+00:00,2025-03-02 09:32:50.854387+00:00
997294,110129,2025-03-01 17:48:30.036411+00:00,2025-03-02 09:32:50.854387+00:00
997294,587931,2025-03-01 17:48:30.036411+00:00,2025-03-02 09:32:50.854387+00:00
997294,24976,2025-03-01 17:48:30.036411+00:00,2025-03-02 09:32:50.854387+00:00
997294,132999,2025-03-01 17:48:30.036411+00:00,2025-03-02 09:32:50.854387+00:00
997659,1995872,2025-03-01 17:48:30.036411+00:00,2025-03-02 09:32:50.854387+00:00
997659,1314561,2025-03-01 17:48:30.036411+00:00,2025-03-02 09:32:50.854387+00:00
997659,3711004,2025-03-01 17:48:30.036411+00:00,2025-03-02 09:32:50.854387+00:00
997659,1470509,2025-03-01 17:48:30.036411+00:00,2025-03-02 09:32:50.854387+00:00
997659,2003026,2025-03-01 17:48:30.036411+00:00,2025-03-02 09:32:50.854387+00:00
997777,20021,2025-03-01 17:48:30.036411+00:00,2025-03-02 09:32:50.854387+00:00
997777,136800,2025-03-01 17:48:30.036411+00:00,2025-03-02 09:32:50.854387+00:00
997777,1576708,2025-03-01 17:48:30.036411+00:00,2025-03-02 09:32:50.854387+00:00
997777,1818017,2025-03-01 17:48:30.036411+00:00,2025-03-02 09:32:50.854387+00:00
997777,144344,2025-03-01 17:48:30.036411+00:00,2025-03-02 09:32:50.854387+00:00
998022,1366985,2025-03-01 17:48:30.036411+00:00,2025-03-02 09:32:50.854387+00:00
998022,1062762,2025-03-01 17:48:30.036411+00:00,2025-03-02 09:32:50.854387+00:00
998022,119065,2025-03-01 17:48:30.036411+00:00,2025-03-02 09:32:50.854387+00:00
998022,7161,2025-03-01 17:48:30.036411+00:00,2025-03-02 09:32:50.854387+00:00
998022,1800858,2025-03-01 17:48:30.036411+00:00,2025-03-02 09:32:50.854387+00:00
998137,3862833,2025-03-01 17:48:30.036411+00:00,2025-03-02 09:32:50.854387+00:00
998137,3631444,2025-03-01 17:48:30.036411+00:00,2025-03-02 09:32:50.854387+00:00
998137,68561,2025-03-01 17:48:30.036411+00:00,2025-03-02 09:32:50.854387+00:00
998137,3102289,2025-03-01 17:48:30.036411+00:00,2025-03-02 09:32:50.854387+00:00
998137,3764584,2025-03-01 17:48:30.036411+00:00,2025-03-02 09:32:50.854387+00:00
998625,77191,2025-03-01 17:48:30.036411+00:00,2025-03-02 09:32:50.854387+00:00
998625,2406920,2025-03-01 17:48:30.036411+00:00,2025-03-02 09:32:50.854387+00:00
998625,38609,2025-03-01 17:48:30.036411+00:00,2025-03-02 09:32:50.854387+00:00
998625,7608,2025-03-01 17:48:30.036411+00:00,2025-03-02 09:32:50.854387+00:00
998625,2276195,2025-03-01 17:48:30.036411+00:00,2025-03-02 09:32:50.854387+00:00
999056,1397017,2025-03-01 17:48:30.036411+00:00,2025-03-02 09:32:50.854387+00:00
999056,83820,2025-03-01 17:48:30.036411+00:00,2025-03-02 09:32:50.854387+00:00
999056,25246,2025-03-01 17:48:30.036411+00:00,2025-03-02 09:32:50.854387+00:00
999056,20519,2025-03-01 17:48:30.036411+00:00,2025-03-02 09:32:50.854387+00:00
999056,126778,2025-03-01 17:48:30.036411+00:00,2025-03-02 09:32:50.854387+00:00
999087,3075925,2025-03-01 17:48:30.036411+00:00,2025-03-02 09:32:50.854387+00:00
999087,1907471,2025-03-01 17:48:30.036411+00:00,2025-03-02 09:32:50.854387+00:00
999087,3682439,2025-03-01 17:48:30.036411+00:00,2025-03-02 09:32:50.854387+00:00
999087,1990192,2025-03-01 17:48:30.036411+00:00,2025-03-02 09:32:50.854387+00:00
999087,2882651,2025-03-01 17:48:30.036411+00:00,2025-03-02 09:32:50.854387+00:00
1000058,2857603,2025-03-01 17:48:30.036411+00:00,2025-03-02 09:32:50.854387+00:00
1000058,2251849,2025-03-01 17:48:30.036411+00:00,2025-03-02 09:32:50.854387+00:00
1000058,1580289,2025-03-01 17:48:30.036411+00:00,2025-03-02 09:32:50.854387+00:00
1000058,3127501,2025-03-01 17:48:30.036411+00:00,2025-03-02 09:32:50.854387+00:00
1000058,2331794,2025-03-01 17:48:30.036411+00:00,2025-03-02 09:32:50.854387+00:00
1000780,3061,2025-03-01 17:48:30.036411+00:00,2025-03-02 09:32:50.854387+00:00
1000780,156237,2025-03-01 17:48:30.036411+00:00,2025-03-02 09:32:50.854387+00:00
1000780,2551620,2025-03-01 17:48:30.036411+00:00,2025-03-02 09:32:50.854387+00:00
1000780,64154,2025-03-01 17:48:30.036411+00:00,2025-03-02 09:32:50.854387+00:00
1000780,2089967,2025-03-01 17:48:30.036411+00:00,2025-03-02 09:32:50.854387+00:00
1000862,3120498,2025-03-01 17:48:30.036411+00:00,2025-03-02 09:32:50.854387+00:00
1000862,1880940,2025-03-01 17:48:30.036411+00:00,2025-03-02 09:32:50.854387+00:00
1000862,3891330,2025-03-01 17:48:30.036411+00:00,2025-03-02 09:32:50.854387+00:00
1000862,3508929,2025-03-01 17:48:30.036411+00:00,2025-03-02 09:32:50.854387+00:00
1000862,78124,2025-03-01 17:48:30.036411+00:00,2025-03-02 09:32:50.854387+00:00
1002317,3631818,2025-03-01 17:48:30.036411+00:00,2025-03-02 09:32:50.854387+00:00
1002317,3730445,2025-03-01 17:48:30.036411+00:00,2025-03-02 09:32:50.854387+00:00
1002317,3730443,2025-03-01 17:48:30.036411+00:00,2025-03-02 09:32:50.854387+00:00
1002317,3730449,2025-03-01 17:48:30.036411+00:00,2025-03-02 09:32:50.854387+00:00
1002317,1541087,2025-03-01 17:48:30.036411+00:00,2025-03-02 09:32:50.854387+00:00
1002318,224928,2025-03-01 17:48:30.036411+00:00,2025-03-02 09:32:50.854387+00:00
1002318,3058593,2025-03-01 17:48:30.036411+00:00,2025-03-02 09:32:50.854387+00:00
1002318,244866,2025-03-01 17:48:30.036411+00:00,2025-03-02 09:32:50.854387+00:00
1002318,1586518,2025-03-01 17:48:30.036411+00:00,2025-03-02 09:32:50.854387+00:00
1002318,1586516,2025-03-01 17:48:30.036411+00:00,2025-03-02 09:32:50.854387+00:00
1002470,588209,2025-03-01 17:48:30.036411+00:00,2025-03-02 09:32:50.854387+00:00
1002470,2973301,2025-03-01 17:48:30.036411+00:00,2025-03-02 09:32:50.854387+00:00
1002470,554945,2025-03-01 17:48:30.036411+00:00,2025-03-02 09:32:50.854387+00:00
1002470,102269,2025-03-01 17:48:30.036411+00:00,2025-03-02 09:32:50.854387+00:00
1002470,1887586,2025-03-01 17:48:30.036411+00:00,2025-03-02 09:32:50.854387+00:00
1002535,1781672,2025-03-01 17:48:30.036411+00:00,2025-03-02 09:32:50.854387+00:00
1002535,76170,2025-03-01 17:48:30.036411+00:00,2025-03-02 09:32:50.854387+00:00
1002535,134845,2025-03-01 17:48:30.036411+00:00,2025-03-02 09:32:50.854387+00:00
1002535,1488085,2025-03-01 17:48:30.036411+00:00,2025-03-02 09:32:50.854387+00:00
1002535,9671,2025-03-01 17:48:30.036411+00:00,2025-03-02 09:32:50.854387+00:00
1002780,121800,2025-03-01 17:48:30.036411+00:00,2025-03-02 09:32:50.854387+00:00
1002780,3173296,2025-03-01 17:48:30.036411+00:00,2025-03-02 09:32:50.854387+00:00
1002780,3653832,2025-03-01 17:48:30.036411+00:00,2025-03-02 09:32:50.854387+00:00
1002780,1140219,2025-03-01 17:48:30.036411+00:00,2025-03-02 09:32:50.854387+00:00
1002780,1142780,2025-03-01 17:48:30.036411+00:00,2025-03-02 09:32:50.854387+00:00
1003706,3079321,2025-03-01 17:48:30.036411+00:00,2025-03-02 09:32:50.854387+00:00
1003706,3089421,2025-03-01 17:48:30.036411+00:00,2025-03-02 09:32:50.854387+00:00
1003706,3652269,2025-03-01 17:48:30.036411+00:00,2025-03-02 09:32:50.854387+00:00
1003706,3652266,2025-03-01 17:48:30.036411+00:00,2025-03-02 09:32:50.854387+00:00
1003994,3663044,2025-03-01 17:48:30.036411+00:00,2025-03-02 09:32:50.854387+00:00
1003994,3663045,2025-03-01 17:48:30.036411+00:00,2025-03-02 09:32:50.854387+00:00
1003994,3217936,2025-03-01 17:48:30.036411+00:00,2025-03-02 09:32:50.854387+00:00
1003994,3663046,2025-03-01 17:48:30.036411+00:00,2025-03-02 09:32:50.854387+00:00
1003994,2055629,2025-03-01 17:48:30.036411+00:00,2025-03-02 09:32:50.854387+00:00
1004555,2435329,2025-03-01 17:48:30.036411+00:00,2025-03-02 09:32:50.854387+00:00
1004555,6091,2025-03-01 17:48:30.036411+00:00,2025-03-02 09:32:50.854387+00:00
1004555,4156064,2025-03-01 17:48:30.036411+00:00,2025-03-02 09:32:50.854387+00:00
1004555,17882,2025-03-01 17:48:30.036411+00:00,2025-03-02 09:32:50.854387+00:00
1004555,33516,2025-03-01 17:48:30.036411+00:00,2025-03-02 09:32:50.854387+00:00
1004663,10375,2025-03-01 17:48:30.036411+00:00,2025-03-02 09:32:50.854387+00:00
1004663,1143741,2025-03-01 17:48:30.036411+00:00,2025-03-02 09:32:50.854387+00:00
1004663,1339289,2025-03-01 17:48:30.036411+00:00,2025-03-02 09:32:50.854387+00:00
1004663,3766768,2025-03-01 17:48:30.036411+00:00,2025-03-02 09:32:50.854387+00:00
1004663,3698859,2025-03-01 17:48:30.036411+00:00,2025-03-02 09:32:50.854387+00:00
1004685,1152,2025-03-01 17:48:30.036411+00:00,2025-03-02 09:32:50.854387+00:00
1004840,3638178,2025-03-01 17:48:30.036411+00:00,2025-03-02 09:32:50.854387+00:00
1004840,3489170,2025-03-01 17:48:30.036411+00:00,2025-03-02 09:32:50.854387+00:00
1004840,1384886,2025-03-01 17:48:30.036411+00:00,2025-03-02 09:32:50.854387+00:00
1004840,3638179,2025-03-01 17:48:30.036411+00:00,2025-03-02 09:32:50.854387+00:00
1004840,3638184,2025-03-01 17:48:30.036411+00:00,2025-03-02 09:32:50.854387+00:00
1005141,3639050,2025-03-01 17:48:30.036411+00:00,2025-03-02 09:32:50.854387+00:00
1005141,3639051,2025-03-01 17:48:30.036411+00:00,2025-03-02 09:32:50.854387+00:00
1005141,3958645,2025-03-01 17:48:30.036411+00:00,2025-03-02 09:32:50.854387+00:00
1005141,3958646,2025-03-01 17:48:30.036411+00:00,2025-03-02 09:32:50.854387+00:00
1005141,3639049,2025-03-01 17:48:30.036411+00:00,2025-03-02 09:32:50.854387+00:00
1005251,68562,2025-03-01 17:48:30.036411+00:00,2025-03-02 09:32:50.854387+00:00
1005251,230776,2025-03-01 17:48:30.036411+00:00,2025-03-02 09:32:50.854387+00:00
1005251,3202180,2025-03-01 17:48:30.036411+00:00,2025-03-02 09:32:50.854387+00:00
1005251,3202177,2025-03-01 17:48:30.036411+00:00,2025-03-02 09:32:50.854387+00:00
1005251,1222763,2025-03-01 17:48:30.036411+00:00,2025-03-02 09:32:50.854387+00:00
1005259,2067022,2025-03-01 17:48:30.036411+00:00,2025-03-02 09:32:50.854387+00:00
1005259,105422,2025-03-01 17:48:30.036411+00:00,2025-03-02 09:32:50.854387+00:00
1005259,78257,2025-03-01 17:48:30.036411+00:00,2025-03-02 09:32:50.854387+00:00
1005259,70590,2025-03-01 17:48:30.036411+00:00,2025-03-02 09:32:50.854387+00:00
1005259,3202177,2025-03-01 17:48:30.036411+00:00,2025-03-02 09:32:50.854387+00:00
1005299,1505440,2025-03-01 17:48:30.036411+00:00,2025-03-02 09:32:50.854387+00:00
1005299,3642004,2025-03-01 17:48:30.036411+00:00,2025-03-02 09:32:50.854387+00:00
1005299,2418942,2025-03-01 17:48:30.036411+00:00,2025-03-02 09:32:50.854387+00:00
1005299,3642006,2025-03-01 17:48:30.036411+00:00,2025-03-02 09:32:50.854387+00:00
1005299,1584240,2025-03-01 17:48:30.036411+00:00,2025-03-02 09:32:50.854387+00:00
1005409,3776,2025-03-01 17:48:30.036411+00:00,2025-03-02 09:32:50.854387+00:00
1005409,1297866,2025-03-01 17:48:30.036411+00:00,2025-03-02 09:32:50.854387+00:00
1005409,19069,2025-03-01 17:48:30.036411+00:00,2025-03-02 09:32:50.854387+00:00
1005409,10565,2025-03-01 17:48:30.036411+00:00,2025-03-02 09:32:50.854387+00:00
1005409,136761,2025-03-01 17:48:30.036411+00:00,2025-03-02 09:32:50.854387+00:00
1005533,1690348,2025-03-01 17:48:30.036411+00:00,2025-03-02 09:32:50.854387+00:00
1005533,552570,2025-03-01 17:48:30.036411+00:00,2025-03-02 09:32:50.854387+00:00
1005533,1122532,2025-03-01 17:48:30.036411+00:00,2025-03-02 09:32:50.854387+00:00
1005533,1336802,2025-03-01 17:48:30.036411+00:00,2025-03-02 09:32:50.854387+00:00
1005533,1574622,2025-03-01 17:48:30.036411+00:00,2025-03-02 09:32:50.854387+00:00
1005555,1834633,2025-03-01 17:48:30.036411+00:00,2025-03-02 09:32:50.854387+00:00
1005555,3659736,2025-03-01 17:48:30.036411+00:00,2025-03-02 09:32:50.854387+00:00
1005555,1765235,2025-03-01 17:48:30.036411+00:00,2025-03-02 09:32:50.854387+00:00
1005555,2402806,2025-03-01 17:48:30.036411+00:00,2025-03-02 09:32:50.854387+00:00
1005555,1344776,2025-03-01 17:48:30.036411+00:00,2025-03-02 09:32:50.854387+00:00
1005996,3299524,2025-03-01 17:48:30.036411+00:00,2025-03-02 09:32:50.854387+00:00
1005996,1017333,2025-03-01 17:48:30.036411+00:00,2025-03-02 09:32:50.854387+00:00
1005996,2386927,2025-03-01 17:48:30.036411+00:00,2025-03-02 09:32:50.854387+00:00
1005996,126776,2025-03-01 17:48:30.036411+00:00,2025-03-02 09:32:50.854387+00:00
1005996,2217481,2025-03-01 17:48:30.036411+00:00,2025-03-02 09:32:50.854387+00:00
1006012,1708946,2025-03-01 17:48:30.036411+00:00,2025-03-02 09:32:50.854387+00:00
1006012,1335392,2025-03-01 17:48:30.036411+00:00,2025-03-02 09:32:50.854387+00:00
1006012,1258444,2025-03-01 17:48:30.036411+00:00,2025-03-02 09:32:50.854387+00:00
1006012,2386927,2025-03-01 17:48:30.036411+00:00,2025-03-02 09:32:50.854387+00:00
1006012,1748260,2025-03-01 17:48:30.036411+00:00,2025-03-02 09:32:50.854387+00:00
1006024,581897,2025-03-01 17:48:30.036411+00:00,2025-03-02 09:32:50.854387+00:00
1006024,3345063,2025-03-01 17:48:30.036411+00:00,2025-03-02 09:32:50.854387+00:00
1006024,2045459,2025-03-01 17:48:30.036411+00:00,2025-03-02 09:32:50.854387+00:00
1006024,1695085,2025-03-01 17:48:30.036411+00:00,2025-03-02 09:32:50.854387+00:00
1006024,2796444,2025-03-01 17:48:30.036411+00:00,2025-03-02 09:32:50.854387+00:00
1006664,3643708,2025-03-01 17:48:30.036411+00:00,2025-03-02 09:32:50.854387+00:00
1006664,3928685,2025-03-01 17:48:30.036411+00:00,2025-03-02 09:32:50.854387+00:00
1006664,3928686,2025-03-01 17:48:30.036411+00:00,2025-03-02 09:32:50.854387+00:00
1006664,3928684,2025-03-01 17:48:30.036411+00:00,2025-03-02 09:32:50.854387+00:00
1006664,1133858,2025-03-01 17:48:30.036411+00:00,2025-03-02 09:32:50.854387+00:00
1006683,1145385,2025-03-01 17:48:30.036411+00:00,2025-03-02 09:32:50.854387+00:00
1006683,2964707,2025-03-01 17:48:30.036411+00:00,2025-03-02 09:32:50.854387+00:00
1006683,3643746,2025-03-01 17:48:30.036411+00:00,2025-03-02 09:32:50.854387+00:00
1006683,1928300,2025-03-01 17:48:30.036411+00:00,2025-03-02 09:32:50.854387+00:00
1006683,2877288,2025-03-01 17:48:30.036411+00:00,2025-03-02 09:32:50.854387+00:00
1006694,3742856,2025-03-01 17:48:30.036411+00:00,2025-03-02 09:32:50.854387+00:00
1006694,1743150,2025-03-01 17:48:30.036411+00:00,2025-03-02 09:32:50.854387+00:00
1006694,1624469,2025-03-01 17:48:30.036411+00:00,2025-03-02 09:32:50.854387+00:00
1006694,3339137,2025-03-01 17:48:30.036411+00:00,2025-03-02 09:32:50.854387+00:00
1006694,1746243,2025-03-01 17:48:30.036411+00:00,2025-03-02 09:32:50.854387+00:00
1006724,64440,2025-03-01 17:48:30.036411+00:00,2025-03-02 09:32:50.854387+00:00
1006724,1742837,2025-03-01 17:48:30.036411+00:00,2025-03-02 09:32:50.854387+00:00
1006724,114316,2025-03-01 17:48:30.036411+00:00,2025-03-02 09:32:50.854387+00:00
1006724,2215920,2025-03-01 17:48:30.036411+00:00,2025-03-02 09:32:50.854387+00:00
1006724,2270252,2025-03-01 17:48:30.036411+00:00,2025-03-02 09:32:50.854387+00:00
1006732,158522,2025-03-01 17:48:30.036411+00:00,2025-03-02 09:32:50.854387+00:00
1006732,26739,2025-03-01 17:48:30.036411+00:00,2025-03-02 09:32:50.854387+00:00
1006732,57054,2025-03-01 17:48:30.036411+00:00,2025-03-02 09:32:50.854387+00:00
1006732,126345,2025-03-01 17:48:30.036411+00:00,2025-03-02 09:32:50.854387+00:00
1006732,1708946,2025-03-01 17:48:30.036411+00:00,2025-03-02 09:32:50.854387+00:00
1006763,564891,2025-03-01 17:48:30.036411+00:00,2025-03-02 09:32:50.854387+00:00
1006763,1563786,2025-03-01 17:48:30.036411+00:00,2025-03-02 09:32:50.854387+00:00
1006763,1063128,2025-03-01 17:48:30.036411+00:00,2025-03-02 09:32:50.854387+00:00
1006763,2680261,2025-03-01 17:48:30.036411+00:00,2025-03-02 09:32:50.854387+00:00
1006763,1559780,2025-03-01 17:48:30.036411+00:00,2025-03-02 09:32:50.854387+00:00
1007127,2455171,2025-03-01 17:48:30.036411+00:00,2025-03-02 09:32:50.854387+00:00
1007127,1929194,2025-03-01 17:48:30.036411+00:00,2025-03-02 09:32:50.854387+00:00
1007127,2035488,2025-03-01 17:48:30.036411+00:00,2025-03-02 09:32:50.854387+00:00
1007127,1916087,2025-03-01 17:48:30.036411+00:00,2025-03-02 09:32:50.854387+00:00
1007127,2204527,2025-03-01 17:48:30.036411+00:00,2025-03-02 09:32:50.854387+00:00
1007944,3131511,2025-03-01 17:48:30.036411+00:00,2025-03-02 09:32:50.854387+00:00
1007944,2042179,2025-03-01 17:48:30.036411+00:00,2025-03-02 09:32:50.854387+00:00
1007944,2068230,2025-03-01 17:48:30.036411+00:00,2025-03-02 09:32:50.854387+00:00
1007944,2831852,2025-03-01 17:48:30.036411+00:00,2025-03-02 09:32:50.854387+00:00
1007944,1877470,2025-03-01 17:48:30.036411+00:00,2025-03-02 09:32:50.854387+00:00
1007962,1552828,2025-03-01 17:48:30.036411+00:00,2025-03-02 09:32:50.854387+00:00
1007962,2877243,2025-03-01 17:48:30.036411+00:00,2025-03-02 09:32:50.854387+00:00
1007962,3282533,2025-03-01 17:48:30.036411+00:00,2025-03-02 09:32:50.854387+00:00
1007962,126717,2025-03-01 17:48:30.036411+00:00,2025-03-02 09:32:50.854387+00:00
1007962,1834631,2025-03-01 17:48:30.036411+00:00,2025-03-02 09:32:50.854387+00:00
1007976,2823699,2025-03-01 17:48:30.036411+00:00,2025-03-02 09:32:50.854387+00:00
1007976,1354895,2025-03-01 17:48:30.036411+00:00,2025-03-02 09:32:50.854387+00:00
1007976,1246941,2025-03-01 17:48:30.036411+00:00,2025-03-02 09:32:50.854387+00:00
1007976,126719,2025-03-01 17:48:30.036411+00:00,2025-03-02 09:32:50.854387+00:00
1007976,3185076,2025-03-01 17:48:30.036411+00:00,2025-03-02 09:32:50.854387+00:00
1007980,1241444,2025-03-01 17:48:30.036411+00:00,2025-03-02 09:32:50.854387+00:00
1007980,1774648,2025-03-01 17:48:30.036411+00:00,2025-03-02 09:32:50.854387+00:00
1007980,1266721,2025-03-01 17:48:30.036411+00:00,2025-03-02 09:32:50.854387+00:00
1007980,136891,2025-03-01 17:48:30.036411+00:00,2025-03-02 09:32:50.854387+00:00
1007980,4275050,2025-03-01 17:48:30.036411+00:00,2025-03-02 09:32:50.854387+00:00
1008005,1712994,2025-03-01 17:48:30.036411+00:00,2025-03-02 09:32:50.854387+00:00
1008005,2988148,2025-03-01 17:48:30.036411+00:00,2025-03-02 09:32:50.854387+00:00
1008005,3648364,2025-03-01 17:48:30.036411+00:00,2025-03-02 09:32:50.854387+00:00
1008005,3535280,2025-03-01 17:48:30.036411+00:00,2025-03-02 09:32:50.854387+00:00
1008005,3582598,2025-03-01 17:48:30.036411+00:00,2025-03-02 09:32:50.854387+00:00
1008038,1085618,2025-03-01 17:48:30.036411+00:00,2025-03-02 09:32:50.854387+00:00
1008038,3648534,2025-03-01 17:48:30.036411+00:00,2025-03-02 09:32:50.854387+00:00
1008038,1882895,2025-03-01 17:48:30.036411+00:00,2025-03-02 09:32:50.854387+00:00
1008038,2432301,2025-03-01 17:48:30.036411+00:00,2025-03-02 09:32:50.854387+00:00
1008038,2195963,2025-03-01 17:48:30.036411+00:00,2025-03-02 09:32:50.854387+00:00
1008042,502,2025-03-01 17:48:30.036411+00:00,2025-03-02 09:32:50.854387+00:00
1008042,3047804,2025-03-01 17:48:30.036411+00:00,2025-03-02 09:32:50.854387+00:00
1008042,1822223,2025-03-01 17:48:30.036411+00:00,2025-03-02 09:32:50.854387+00:00
1008042,2644232,2025-03-01 17:48:30.036411+00:00,2025-03-02 09:32:50.854387+00:00
1008042,3115932,2025-03-01 17:48:30.036411+00:00,2025-03-02 09:32:50.854387+00:00
1008043,3695927,2025-03-01 17:48:30.036411+00:00,2025-03-02 09:32:50.854387+00:00
1008043,2214572,2025-03-01 17:48:30.036411+00:00,2025-03-02 09:32:50.854387+00:00
1008043,213371,2025-03-01 17:48:30.036411+00:00,2025-03-02 09:32:50.854387+00:00
1008043,1589365,2025-03-01 17:48:30.036411+00:00,2025-03-02 09:32:50.854387+00:00
1008043,1140282,2025-03-01 17:48:30.036411+00:00,2025-03-02 09:32:50.854387+00:00
1008393,1987385,2025-03-01 17:48:30.036411+00:00,2025-03-02 09:32:50.854387+00:00
1008393,1251169,2025-03-01 17:48:30.036411+00:00,2025-03-02 09:32:50.854387+00:00
1008393,2414436,2025-03-01 17:48:30.036411+00:00,2025-03-02 09:32:50.854387+00:00
1008393,1064167,2025-03-01 17:48:30.036411+00:00,2025-03-02 09:32:50.854387+00:00
1008393,1381258,2025-03-01 17:48:30.036411+00:00,2025-03-02 09:32:50.854387+00:00
1008409,2524,2025-03-01 17:48:30.036411+00:00,2025-03-02 09:32:50.854387+00:00
1008409,86654,2025-03-01 17:48:30.036411+00:00,2025-03-02 09:32:50.854387+00:00
1008409,335,2025-03-01 17:48:30.036411+00:00,2025-03-02 09:32:50.854387+00:00
1008409,1388593,2025-03-01 17:48:30.036411+00:00,2025-03-02 09:32:50.854387+00:00
1008409,1423520,2025-03-01 17:48:30.036411+00:00,2025-03-02 09:32:50.854387+00:00
1008742,2743704,2025-03-01 17:48:30.036411+00:00,2025-03-02 09:32:50.854387+00:00
1008742,1251592,2025-03-01 17:48:30.036411+00:00,2025-03-02 09:32:50.854387+00:00
1008742,4406357,2025-03-01 17:48:30.036411+00:00,2025-03-02 09:32:50.854387+00:00
1008742,1834631,2025-03-01 17:48:30.036411+00:00,2025-03-02 09:32:50.854387+00:00
1008742,4772975,2025-03-01 17:48:30.036411+00:00,2025-03-02 09:32:50.854387+00:00
1009082,1488591,2025-03-01 17:48:30.036411+00:00,2025-03-02 09:32:50.854387+00:00
1009082,3503211,2025-03-01 17:48:30.036411+00:00,2025-03-02 09:32:50.854387+00:00
1009082,1266271,2025-03-01 17:48:30.036411+00:00,2025-03-02 09:32:50.854387+00:00
1009082,1305065,2025-03-01 17:48:30.036411+00:00,2025-03-02 09:32:50.854387+00:00
1009082,4590928,2025-03-01 17:48:30.036411+00:00,2025-03-02 09:32:50.854387+00:00
1009087,235147,2025-03-01 17:48:30.036411+00:00,2025-03-02 09:32:50.854387+00:00
1009087,1157764,2025-03-01 17:48:30.036411+00:00,2025-03-02 09:32:50.854387+00:00
1009087,3652525,2025-03-01 17:48:30.036411+00:00,2025-03-02 09:32:50.854387+00:00
1009087,3013258,2025-03-01 17:48:30.036411+00:00,2025-03-02 09:32:50.854387+00:00
1009087,1232442,2025-03-01 17:48:30.036411+00:00,2025-03-02 09:32:50.854387+00:00
1009447,9671,2025-03-01 17:48:30.036411+00:00,2025-03-02 09:32:50.854387+00:00
1009447,120690,2025-03-01 17:48:30.036411+00:00,2025-03-02 09:32:50.854387+00:00
1009447,83527,2025-03-01 17:48:30.036411+00:00,2025-03-02 09:32:50.854387+00:00
1009447,80754,2025-03-01 17:48:30.036411+00:00,2025-03-02 09:32:50.854387+00:00
1009447,21658,2025-03-01 17:48:30.036411+00:00,2025-03-02 09:32:50.854387+00:00
1009977,3711189,2025-03-01 17:48:30.036411+00:00,2025-03-02 09:32:50.854387+00:00
1010600,1921268,2025-03-01 17:48:30.036411+00:00,2025-03-02 09:32:50.854387+00:00
1010600,1592855,2025-03-01 17:48:30.036411+00:00,2025-03-02 09:32:50.854387+00:00
1010600,1798797,2025-03-01 17:48:30.036411+00:00,2025-03-02 09:32:50.854387+00:00
1010600,222122,2025-03-01 17:48:30.036411+00:00,2025-03-02 09:32:50.854387+00:00
1010600,3901,2025-03-01 17:48:30.036411+00:00,2025-03-02 09:32:50.854387+00:00
1011873,2504721,2025-03-01 17:48:30.036411+00:00,2025-03-02 09:32:50.854387+00:00
1011873,3661194,2025-03-01 17:48:30.036411+00:00,2025-03-02 09:32:50.854387+00:00
1011873,3101663,2025-03-01 17:48:30.036411+00:00,2025-03-02 09:32:50.854387+00:00
1011985,4483,2025-03-01 17:48:30.036411+00:00,2025-03-02 09:32:50.854387+00:00
1011985,17419,2025-03-01 17:48:30.036411+00:00,2025-03-02 09:32:50.854387+00:00
1011985,70851,2025-03-01 17:48:30.036411+00:00,2025-03-02 09:32:50.854387+00:00
1011985,19492,2025-03-01 17:48:30.036411+00:00,2025-03-02 09:32:50.854387+00:00
1011985,1625558,2025-03-01 17:48:30.036411+00:00,2025-03-02 09:32:50.854387+00:00
1012201,1221114,2025-03-01 17:48:30.036411+00:00,2025-03-02 09:32:50.854387+00:00
1012201,1324666,2025-03-01 17:48:30.036411+00:00,2025-03-02 09:32:50.854387+00:00
1012201,1325230,2025-03-01 17:48:30.036411+00:00,2025-03-02 09:32:50.854387+00:00
1012201,149894,2025-03-01 17:48:30.036411+00:00,2025-03-02 09:32:50.854387+00:00
1012201,1254052,2025-03-01 17:48:30.036411+00:00,2025-03-02 09:32:50.854387+00:00
1012267,3724576,2025-03-01 17:48:30.036411+00:00,2025-03-02 09:32:50.854387+00:00
1012267,1375776,2025-03-01 17:48:30.036411+00:00,2025-03-02 09:32:50.854387+00:00
1012267,993833,2025-03-01 17:48:30.036411+00:00,2025-03-02 09:32:50.854387+00:00
1012267,3879333,2025-03-01 17:48:30.036411+00:00,2025-03-02 09:32:50.854387+00:00
1012267,1018399,2025-03-01 17:48:30.036411+00:00,2025-03-02 09:32:50.854387+00:00
1015079,1284772,2025-03-01 17:48:30.036411+00:00,2025-03-02 09:32:50.854387+00:00
1015079,1109288,2025-03-01 17:48:30.036411+00:00,2025-03-02 09:32:50.854387+00:00
1015079,562217,2025-03-01 17:48:30.036411+00:00,2025-03-02 09:32:50.854387+00:00
1015079,1179474,2025-03-01 17:48:30.036411+00:00,2025-03-02 09:32:50.854387+00:00
1015079,3331363,2025-03-01 17:48:30.036411+00:00,2025-03-02 09:32:50.854387+00:00
1015303,1780952,2025-03-01 17:48:30.036411+00:00,2025-03-02 09:32:50.854387+00:00
1015303,1742672,2025-03-01 17:48:30.036411+00:00,2025-03-02 09:32:50.854387+00:00
1015303,2425167,2025-03-01 17:48:30.036411+00:00,2025-03-02 09:32:50.854387+00:00
1015303,2537199,2025-03-01 17:48:30.036411+00:00,2025-03-02 09:32:50.854387+00:00
1015303,3671057,2025-03-01 17:48:30.036411+00:00,2025-03-02 09:32:50.854387+00:00
1015361,40325,2025-03-01 17:48:30.036411+00:00,2025-03-02 09:32:50.854387+00:00
1015361,81859,2025-03-01 17:48:30.036411+00:00,2025-03-02 09:32:50.854387+00:00
1015361,121628,2025-03-01 17:48:30.036411+00:00,2025-03-02 09:32:50.854387+00:00
1015361,65510,2025-03-01 17:48:30.036411+00:00,2025-03-02 09:32:50.854387+00:00
1015361,1681,2025-03-01 17:48:30.036411+00:00,2025-03-02 09:32:50.854387+00:00
1015464,136193,2025-03-01 17:48:30.036411+00:00,2025-03-02 09:32:50.854387+00:00
1015464,18056,2025-03-01 17:48:30.036411+00:00,2025-03-02 09:32:50.854387+00:00
1015464,3672524,2025-03-01 17:48:30.036411+00:00,2025-03-02 09:32:50.854387+00:00
1015464,1149341,2025-03-01 17:48:30.036411+00:00,2025-03-02 09:32:50.854387+00:00
1015464,3672526,2025-03-01 17:48:30.036411+00:00,2025-03-02 09:32:50.854387+00:00
1015623,69827,2025-03-01 17:48:30.036411+00:00,2025-03-02 09:32:50.854387+00:00
1015623,3353529,2025-03-01 17:48:30.036411+00:00,2025-03-02 09:32:50.854387+00:00
1015623,2836737,2025-03-01 17:48:30.036411+00:00,2025-03-02 09:32:50.854387+00:00
1015623,2409321,2025-03-01 17:48:30.036411+00:00,2025-03-02 09:32:50.854387+00:00
1015623,581857,2025-03-01 17:48:30.036411+00:00,2025-03-02 09:32:50.854387+00:00
1015936,3673989,2025-03-01 17:48:30.036411+00:00,2025-03-02 09:32:50.854387+00:00
1015936,1512920,2025-03-01 17:48:30.036411+00:00,2025-03-02 09:32:50.854387+00:00
1015936,1297930,2025-03-01 17:48:30.036411+00:00,2025-03-02 09:32:50.854387+00:00
1015936,1055225,2025-03-01 17:48:30.036411+00:00,2025-03-02 09:32:50.854387+00:00
1015936,2280178,2025-03-01 17:48:30.036411+00:00,2025-03-02 09:32:50.854387+00:00
1016392,1354895,2025-03-01 17:48:30.036411+00:00,2025-03-02 09:32:50.854387+00:00
1016392,1260978,2025-03-01 17:48:30.036411+00:00,2025-03-02 09:32:50.854387+00:00
1016392,127684,2025-03-01 17:48:30.036411+00:00,2025-03-02 09:32:50.854387+00:00
1016392,3675217,2025-03-01 17:48:30.036411+00:00,2025-03-02 09:32:50.854387+00:00
1016392,1012320,2025-03-01 17:48:30.036411+00:00,2025-03-02 09:32:50.854387+00:00
1017063,2186384,2025-03-01 17:48:30.036411+00:00,2025-03-02 09:32:50.854387+00:00
1017063,2909886,2025-03-01 17:48:30.036411+00:00,2025-03-02 09:32:50.854387+00:00
1017063,3677276,2025-03-01 17:48:30.036411+00:00,2025-03-02 09:32:50.854387+00:00
1017063,3677275,2025-03-01 17:48:30.036411+00:00,2025-03-02 09:32:50.854387+00:00
1017063,2546848,2025-03-01 17:48:30.036411+00:00,2025-03-02 09:32:50.854387+00:00
1017066,1545616,2025-03-01 17:48:30.036411+00:00,2025-03-02 09:32:50.854387+00:00
1017066,1564284,2025-03-01 17:48:30.036411+00:00,2025-03-02 09:32:50.854387+00:00
1017066,549372,2025-03-01 17:48:30.036411+00:00,2025-03-02 09:32:50.854387+00:00
1017066,133953,2025-03-01 17:48:30.036411+00:00,2025-03-02 09:32:50.854387+00:00
1017066,3090060,2025-03-01 17:48:30.036411+00:00,2025-03-02 09:32:50.854387+00:00
1017163,2480883,2025-03-01 17:48:30.036411+00:00,2025-03-02 09:32:50.854387+00:00
1017163,1024395,2025-03-01 17:48:30.036411+00:00,2025-03-02 09:32:50.854387+00:00
1017163,1418580,2025-03-01 17:48:30.036411+00:00,2025-03-02 09:32:50.854387+00:00
1017163,1078674,2025-03-01 17:48:30.036411+00:00,2025-03-02 09:32:50.854387+00:00
1017163,84788,2025-03-01 17:48:30.036411+00:00,2025-03-02 09:32:50.854387+00:00
1017441,552563,2025-03-01 17:48:30.036411+00:00,2025-03-02 09:32:50.854387+00:00
1017441,588403,2025-03-01 17:48:30.036411+00:00,2025-03-02 09:32:50.854387+00:00
1017441,1398752,2025-03-01 17:48:30.036411+00:00,2025-03-02 09:32:50.854387+00:00
1017441,2247093,2025-03-01 17:48:30.036411+00:00,2025-03-02 09:32:50.854387+00:00
1017441,1732483,2025-03-01 17:48:30.036411+00:00,2025-03-02 09:32:50.854387+00:00
1018518,3681843,2025-03-01 17:48:30.036411+00:00,2025-03-02 09:32:50.854387+00:00
1018518,3681838,2025-03-01 17:48:30.036411+00:00,2025-03-02 09:32:50.854387+00:00
1018518,1352168,2025-03-01 17:48:30.036411+00:00,2025-03-02 09:32:50.854387+00:00
1018518,1443667,2025-03-01 17:48:30.036411+00:00,2025-03-02 09:32:50.854387+00:00
1018518,3681831,2025-03-01 17:48:30.036411+00:00,2025-03-02 09:32:50.854387+00:00
1019421,2487461,2025-03-01 17:48:30.036411+00:00,2025-03-02 09:32:50.854387+00:00
1019421,83529,2025-03-01 17:48:30.036411+00:00,2025-03-02 09:32:50.854387+00:00
1019421,111691,2025-03-01 17:48:30.036411+00:00,2025-03-02 09:32:50.854387+00:00
1019421,58593,2025-03-01 17:48:30.036411+00:00,2025-03-02 09:32:50.854387+00:00
1019421,135374,2025-03-01 17:48:30.036411+00:00,2025-03-02 09:32:50.854387+00:00
1019619,1027318,2025-03-01 17:48:30.036411+00:00,2025-03-02 09:32:50.854387+00:00
1019619,2091052,2025-03-01 17:48:30.036411+00:00,2025-03-02 09:32:50.854387+00:00
1019619,2115520,2025-03-01 17:48:30.036411+00:00,2025-03-02 09:32:50.854387+00:00
1019619,3564490,2025-03-01 17:48:30.036411+00:00,2025-03-02 09:32:50.854387+00:00
1019619,1211897,2025-03-01 17:48:30.036411+00:00,2025-03-02 09:32:50.854387+00:00
1019661,91870,2025-03-01 17:48:30.036411+00:00,2025-03-02 09:32:50.854387+00:00
1019661,46363,2025-03-01 17:48:30.036411+00:00,2025-03-02 09:32:50.854387+00:00
1019661,234645,2025-03-01 17:48:30.036411+00:00,2025-03-02 09:32:50.854387+00:00
1019661,112861,2025-03-01 17:48:30.036411+00:00,2025-03-02 09:32:50.854387+00:00
1019661,1360026,2025-03-01 17:48:30.036411+00:00,2025-03-02 09:32:50.854387+00:00
1019828,228914,2025-03-01 17:48:30.036411+00:00,2025-03-02 09:32:50.854387+00:00
1019828,3616289,2025-03-01 17:48:30.036411+00:00,2025-03-02 09:32:50.854387+00:00
1019828,2843063,2025-03-01 17:48:30.036411+00:00,2025-03-02 09:32:50.854387+00:00
1019828,581855,2025-03-01 17:48:30.036411+00:00,2025-03-02 09:32:50.854387+00:00
1019828,1418977,2025-03-01 17:48:30.036411+00:00,2025-03-02 09:32:50.854387+00:00
1019939,1780725,2025-03-01 17:48:30.036411+00:00,2025-03-02 09:32:50.854387+00:00
1019939,2873741,2025-03-01 17:48:30.036411+00:00,2025-03-02 09:32:50.854387+00:00
1019939,2551737,2025-03-01 17:48:30.036411+00:00,2025-03-02 09:32:50.854387+00:00
1019939,3765261,2025-03-01 17:48:30.036411+00:00,2025-03-02 09:32:50.854387+00:00
1019939,4305260,2025-03-01 17:48:30.036411+00:00,2025-03-02 09:32:50.854387+00:00
1020006,107185,2025-03-01 17:48:30.036411+00:00,2025-03-02 09:32:50.854387+00:00
1020006,2034418,2025-03-01 17:48:30.036411+00:00,2025-03-02 09:32:50.854387+00:00
1020006,7009,2025-03-01 17:48:30.036411+00:00,2025-03-02 09:32:50.854387+00:00
1020006,1683343,2025-03-01 17:48:30.036411+00:00,2025-03-02 09:32:50.854387+00:00
1020006,52776,2025-03-01 17:48:30.036411+00:00,2025-03-02 09:32:50.854387+00:00
1020784,1173383,2025-03-01 17:48:30.036411+00:00,2025-03-02 09:32:50.854387+00:00
1020784,72040,2025-03-01 17:48:30.036411+00:00,2025-03-02 09:32:50.854387+00:00
1020784,127268,2025-03-01 17:48:30.036411+00:00,2025-03-02 09:32:50.854387+00:00
1020784,556829,2025-03-01 17:48:30.036411+00:00,2025-03-02 09:32:50.854387+00:00
1020784,72731,2025-03-01 17:48:30.036411+00:00,2025-03-02 09:32:50.854387+00:00
1021860,2633262,2025-03-01 17:48:30.036411+00:00,2025-03-02 09:32:50.854387+00:00
1021860,137028,2025-03-01 17:48:30.036411+00:00,2025-03-02 09:32:50.854387+00:00
1021860,1502230,2025-03-01 17:48:30.036411+00:00,2025-03-02 09:32:50.854387+00:00
1021860,1405981,2025-03-01 17:48:30.036411+00:00,2025-03-02 09:32:50.854387+00:00
1021860,1251764,2025-03-01 17:48:30.036411+00:00,2025-03-02 09:32:50.854387+00:00
1022108,2865949,2025-03-01 17:48:30.036411+00:00,2025-03-02 09:32:50.854387+00:00
1022108,1749592,2025-03-01 17:48:30.036411+00:00,2025-03-02 09:32:50.854387+00:00
1022108,3182431,2025-03-01 17:48:30.036411+00:00,2025-03-02 09:32:50.854387+00:00
1022108,1954176,2025-03-01 17:48:30.036411+00:00,2025-03-02 09:32:50.854387+00:00
1022108,3761376,2025-03-01 17:48:30.036411+00:00,2025-03-02 09:32:50.854387+00:00
1022789,1903874,2025-03-01 17:48:30.036411+00:00,2025-03-02 09:32:50.854387+00:00
1022789,51998,2025-03-01 17:48:30.036411+00:00,2025-03-02 09:32:50.854387+00:00
1022789,3020876,2025-03-01 17:48:30.036411+00:00,2025-03-02 09:32:50.854387+00:00
1022789,56322,2025-03-01 17:48:30.036411+00:00,2025-03-02 09:32:50.854387+00:00
1022789,25147,2025-03-01 17:48:30.036411+00:00,2025-03-02 09:32:50.854387+00:00
1022830,2070579,2025-03-01 17:48:30.036411+00:00,2025-03-02 09:32:50.854387+00:00
1022830,2280423,2025-03-01 17:48:30.036411+00:00,2025-03-02 09:32:50.854387+00:00
1022830,1723871,2025-03-01 17:48:30.036411+00:00,2025-03-02 09:32:50.854387+00:00
1022830,4199770,2025-03-01 17:48:30.036411+00:00,2025-03-02 09:32:50.854387+00:00
1022830,2341301,2025-03-01 17:48:30.036411+00:00,2025-03-02 09:32:50.854387+00:00
1022862,1255149,2025-03-01 17:48:30.036411+00:00,2025-03-02 09:32:50.854387+00:00
1022862,1834631,2025-03-01 17:48:30.036411+00:00,2025-03-02 09:32:50.854387+00:00
1022862,1609496,2025-03-01 17:48:30.036411+00:00,2025-03-02 09:32:50.854387+00:00
1022862,1737534,2025-03-01 17:48:30.036411+00:00,2025-03-02 09:32:50.854387+00:00
1022862,1970145,2025-03-01 17:48:30.036411+00:00,2025-03-02 09:32:50.854387+00:00
1023962,438290,2025-03-01 17:48:30.036411+00:00,2025-03-02 09:32:50.854387+00:00
1023962,223477,2025-03-01 17:48:30.036411+00:00,2025-03-02 09:32:50.854387+00:00
1023962,1129140,2025-03-01 17:48:30.036411+00:00,2025-03-02 09:32:50.854387+00:00
1023962,1285450,2025-03-01 17:48:30.036411+00:00,2025-03-02 09:32:50.854387+00:00
1023962,1435167,2025-03-01 17:48:30.036411+00:00,2025-03-02 09:32:50.854387+00:00
1024298,66153,2025-03-01 17:48:30.036411+00:00,2025-03-02 09:32:50.854387+00:00
1024298,79944,2025-03-01 17:48:30.036411+00:00,2025-03-02 09:32:50.854387+00:00
1024298,1032682,2025-03-01 17:48:30.036411+00:00,2025-03-02 09:32:50.854387+00:00
1024298,235233,2025-03-01 17:48:30.036411+00:00,2025-03-02 09:32:50.854387+00:00
1024298,111690,2025-03-01 17:48:30.036411+00:00,2025-03-02 09:32:50.854387+00:00
1024541,1171836,2025-03-01 17:48:30.036411+00:00,2025-03-02 09:32:50.854387+00:00
1024541,1425019,2025-03-01 17:48:30.036411+00:00,2025-03-02 09:32:50.854387+00:00
1024541,1436707,2025-03-01 17:48:30.036411+00:00,2025-03-02 09:32:50.854387+00:00
1024541,122461,2025-03-01 17:48:30.036411+00:00,2025-03-02 09:32:50.854387+00:00
1024541,1077953,2025-03-01 17:48:30.036411+00:00,2025-03-02 09:32:50.854387+00:00
1024546,117525,2025-03-01 17:48:30.036411+00:00,2025-03-02 09:32:50.854387+00:00
1024546,58058,2025-03-01 17:48:30.036411+00:00,2025-03-02 09:32:50.854387+00:00
1024546,62,2025-03-01 17:48:30.036411+00:00,2025-03-02 09:32:50.854387+00:00
1024546,77109,2025-03-01 17:48:30.036411+00:00,2025-03-02 09:32:50.854387+00:00
1024546,105762,2025-03-01 17:48:30.036411+00:00,2025-03-02 09:32:50.854387+00:00
1024773,77239,2025-03-01 17:48:30.036411+00:00,2025-03-02 09:32:50.854387+00:00
1024773,1660452,2025-03-01 17:48:30.036411+00:00,2025-03-02 09:32:50.854387+00:00
1024773,2073513,2025-03-01 17:48:30.036411+00:00,2025-03-02 09:32:50.854387+00:00
1024773,6623,2025-03-01 17:48:30.036411+00:00,2025-03-02 09:32:50.854387+00:00
1024773,1881789,2025-03-01 17:48:30.036411+00:00,2025-03-02 09:32:50.854387+00:00
1025086,2397971,2025-03-01 17:48:30.036411+00:00,2025-03-02 09:32:50.854387+00:00
1025086,131290,2025-03-01 17:48:30.036411+00:00,2025-03-02 09:32:50.854387+00:00
1025086,2874730,2025-03-01 17:48:30.036411+00:00,2025-03-02 09:32:50.854387+00:00
1025086,2547327,2025-03-01 17:48:30.036411+00:00,2025-03-02 09:32:50.854387+00:00
1025086,1587299,2025-03-01 17:48:30.036411+00:00,2025-03-02 09:32:50.854387+00:00
1025301,588403,2025-03-01 17:48:30.036411+00:00,2025-03-02 09:32:50.854387+00:00
1025301,230658,2025-03-01 17:48:30.036411+00:00,2025-03-02 09:32:50.854387+00:00
1025301,115700,2025-03-01 17:48:30.036411+00:00,2025-03-02 09:32:50.854387+00:00
1025301,1054260,2025-03-01 17:48:30.036411+00:00,2025-03-02 09:32:50.854387+00:00
1025301,1015822,2025-03-01 17:48:30.036411+00:00,2025-03-02 09:32:50.854387+00:00
1026227,2635684,2025-03-01 17:48:30.036411+00:00,2025-03-02 09:32:50.854387+00:00
1026227,128227,2025-03-01 17:48:30.036411+00:00,2025-03-02 09:32:50.854387+00:00
1026227,1689522,2025-03-01 17:48:30.036411+00:00,2025-03-02 09:32:50.854387+00:00
1026227,56843,2025-03-01 17:48:30.036411+00:00,2025-03-02 09:32:50.854387+00:00
1026227,133214,2025-03-01 17:48:30.036411+00:00,2025-03-02 09:32:50.854387+00:00
1026301,4258029,2025-03-01 17:48:30.036411+00:00,2025-03-02 09:32:50.854387+00:00
1026301,4006212,2025-03-01 17:48:30.036411+00:00,2025-03-02 09:32:50.854387+00:00
1026301,1254854,2025-03-01 17:48:30.036411+00:00,2025-03-02 09:32:50.854387+00:00
1026301,4258030,2025-03-01 17:48:30.036411+00:00,2025-03-02 09:32:50.854387+00:00
1026301,1187800,2025-03-01 17:48:30.036411+00:00,2025-03-02 09:32:50.854387+00:00
1026436,974169,2025-03-01 17:48:30.036411+00:00,2025-03-02 09:32:50.854387+00:00
1026436,1803286,2025-03-01 17:48:30.036411+00:00,2025-03-02 09:32:50.854387+00:00
1026436,7060,2025-03-01 17:48:30.036411+00:00,2025-03-02 09:32:50.854387+00:00
1026436,52776,2025-03-01 17:48:30.036411+00:00,2025-03-02 09:32:50.854387+00:00
1026436,1241330,2025-03-01 17:48:30.036411+00:00,2025-03-02 09:32:50.854387+00:00
1026559,112477,2025-03-01 17:48:30.036411+00:00,2025-03-02 09:32:50.854387+00:00
1026559,1630063,2025-03-01 17:48:30.036411+00:00,2025-03-02 09:32:50.854387+00:00
1026559,1347978,2025-03-01 17:48:30.036411+00:00,2025-03-02 09:32:50.854387+00:00
1026559,2768710,2025-03-01 17:48:30.036411+00:00,2025-03-02 09:32:50.854387+00:00
1026559,1559780,2025-03-01 17:48:30.036411+00:00,2025-03-02 09:32:50.854387+00:00
1026563,2545932,2025-03-01 17:48:30.036411+00:00,2025-03-02 09:32:50.854387+00:00
1026563,3781491,2025-03-01 17:48:30.036411+00:00,2025-03-02 09:32:50.854387+00:00
1026563,79288,2025-03-01 17:48:30.036411+00:00,2025-03-02 09:32:50.854387+00:00
1026563,105217,2025-03-01 17:48:30.036411+00:00,2025-03-02 09:32:50.854387+00:00
1026563,1760905,2025-03-01 17:48:30.036411+00:00,2025-03-02 09:32:50.854387+00:00
1027073,62105,2025-03-01 17:48:30.036411+00:00,2025-03-02 09:32:50.854387+00:00
1027073,8785,2025-03-01 17:48:30.036411+00:00,2025-03-02 09:32:50.854387+00:00
1027073,3896,2025-03-01 17:48:30.036411+00:00,2025-03-02 09:32:50.854387+00:00
1027073,489467,2025-03-01 17:48:30.036411+00:00,2025-03-02 09:32:50.854387+00:00
1027073,17782,2025-03-01 17:48:30.036411+00:00,2025-03-02 09:32:50.854387+00:00
1027273,1923037,2025-03-01 17:48:30.036411+00:00,2025-03-02 09:32:50.854387+00:00
1027273,1693,2025-03-01 17:48:30.036411+00:00,2025-03-02 09:32:50.854387+00:00
1027273,237168,2025-03-01 17:48:30.036411+00:00,2025-03-02 09:32:50.854387+00:00
1027273,930413,2025-03-01 17:48:30.036411+00:00,2025-03-02 09:32:50.854387+00:00
1027273,3077898,2025-03-01 17:48:30.036411+00:00,2025-03-02 09:32:50.854387+00:00
1027588,2316178,2025-03-01 17:48:30.036411+00:00,2025-03-02 09:32:50.854387+00:00
1027588,1630179,2025-03-01 17:48:30.036411+00:00,2025-03-02 09:32:50.854387+00:00
1027588,4788740,2025-03-01 17:48:30.036411+00:00,2025-03-02 09:32:50.854387+00:00
1027588,70706,2025-03-01 17:48:30.036411+00:00,2025-03-02 09:32:50.854387+00:00
1027588,4788739,2025-03-01 17:48:30.036411+00:00,2025-03-02 09:32:50.854387+00:00
1027944,4566291,2025-03-01 17:48:30.036411+00:00,2025-03-02 09:32:50.854387+00:00
1027944,1674433,2025-03-01 17:48:30.036411+00:00,2025-03-02 09:32:50.854387+00:00
1027944,3270592,2025-03-01 17:48:30.036411+00:00,2025-03-02 09:32:50.854387+00:00
1027944,1745006,2025-03-01 17:48:30.036411+00:00,2025-03-02 09:32:50.854387+00:00
1027944,86318,2025-03-01 17:48:30.036411+00:00,2025-03-02 09:32:50.854387+00:00
1027982,562217,2025-03-01 17:48:30.036411+00:00,2025-03-02 09:32:50.854387+00:00
1027982,2023016,2025-03-01 17:48:30.036411+00:00,2025-03-02 09:32:50.854387+00:00
1027982,1981305,2025-03-01 17:48:30.036411+00:00,2025-03-02 09:32:50.854387+00:00
1027982,4621425,2025-03-01 17:48:30.036411+00:00,2025-03-02 09:32:50.854387+00:00
1027982,1251223,2025-03-01 17:48:30.036411+00:00,2025-03-02 09:32:50.854387+00:00
1028684,2221392,2025-03-01 17:48:30.036411+00:00,2025-03-02 09:32:50.854387+00:00
1028684,3715923,2025-03-01 17:48:30.036411+00:00,2025-03-02 09:32:50.854387+00:00
1028684,150698,2025-03-01 17:48:30.036411+00:00,2025-03-02 09:32:50.854387+00:00
1028684,2956895,2025-03-01 17:48:30.036411+00:00,2025-03-02 09:32:50.854387+00:00
1028684,2298157,2025-03-01 17:48:30.036411+00:00,2025-03-02 09:32:50.854387+00:00
1029168,66717,2025-03-01 17:48:30.036411+00:00,2025-03-02 09:32:50.854387+00:00
1029168,4461013,2025-03-01 17:48:30.036411+00:00,2025-03-02 09:32:50.854387+00:00
1029168,3885183,2025-03-01 17:48:30.036411+00:00,2025-03-02 09:32:50.854387+00:00
1029168,3717584,2025-03-01 17:48:30.036411+00:00,2025-03-02 09:32:50.854387+00:00
1029168,232770,2025-03-01 17:48:30.036411+00:00,2025-03-02 09:32:50.854387+00:00
1029178,1900107,2025-03-01 17:48:30.036411+00:00,2025-03-02 09:32:50.854387+00:00
1029178,1833067,2025-03-01 17:48:30.036411+00:00,2025-03-02 09:32:50.854387+00:00
1029178,1694311,2025-03-01 17:48:30.036411+00:00,2025-03-02 09:32:50.854387+00:00
1029178,570522,2025-03-01 17:48:30.036411+00:00,2025-03-02 09:32:50.854387+00:00
1029178,1377817,2025-03-01 17:48:30.036411+00:00,2025-03-02 09:32:50.854387+00:00
1029244,1742837,2025-03-01 17:48:30.036411+00:00,2025-03-02 09:32:50.854387+00:00
1029244,4038375,2025-03-01 17:48:30.036411+00:00,2025-03-02 09:32:50.854387+00:00
1029244,2514716,2025-03-01 17:48:30.036411+00:00,2025-03-02 09:32:50.854387+00:00
1029244,1251223,2025-03-01 17:48:30.036411+00:00,2025-03-02 09:32:50.854387+00:00
1029244,2698694,2025-03-01 17:48:30.036411+00:00,2025-03-02 09:32:50.854387+00:00
1029475,4006243,2025-03-01 17:48:30.036411+00:00,2025-03-02 09:32:50.854387+00:00
1029475,124402,2025-03-01 17:48:30.036411+00:00,2025-03-02 09:32:50.854387+00:00
1029475,1960989,2025-03-01 17:48:30.036411+00:00,2025-03-02 09:32:50.854387+00:00
1029475,1671407,2025-03-01 17:48:30.036411+00:00,2025-03-02 09:32:50.854387+00:00
1029475,3558808,2025-03-01 17:48:30.036411+00:00,2025-03-02 09:32:50.854387+00:00
1029479,91869,2025-03-01 17:48:30.036411+00:00,2025-03-02 09:32:50.854387+00:00
1029479,55784,2025-03-01 17:48:30.036411+00:00,2025-03-02 09:32:50.854387+00:00
1029479,96477,2025-03-01 17:48:30.036411+00:00,2025-03-02 09:32:50.854387+00:00
1029479,229360,2025-03-01 17:48:30.036411+00:00,2025-03-02 09:32:50.854387+00:00
1029479,1454976,2025-03-01 17:48:30.036411+00:00,2025-03-02 09:32:50.854387+00:00
1029484,2773022,2025-03-01 17:48:30.036411+00:00,2025-03-02 09:32:50.854387+00:00
1029484,2162972,2025-03-01 17:48:30.036411+00:00,2025-03-02 09:32:50.854387+00:00
1029484,3060622,2025-03-01 17:48:30.036411+00:00,2025-03-02 09:32:50.854387+00:00
1029484,1477273,2025-03-01 17:48:30.036411+00:00,2025-03-02 09:32:50.854387+00:00
1029484,2636410,2025-03-01 17:48:30.036411+00:00,2025-03-02 09:32:50.854387+00:00
1029486,1062343,2025-03-01 17:48:30.036411+00:00,2025-03-02 09:32:50.854387+00:00
1029486,4990,2025-03-01 17:48:30.036411+00:00,2025-03-02 09:32:50.854387+00:00
1029486,57736,2025-03-01 17:48:30.036411+00:00,2025-03-02 09:32:50.854387+00:00
1029486,228072,2025-03-01 17:48:30.036411+00:00,2025-03-02 09:32:50.854387+00:00
1029486,105403,2025-03-01 17:48:30.036411+00:00,2025-03-02 09:32:50.854387+00:00
1029621,1054260,2025-03-01 17:48:30.036411+00:00,2025-03-02 09:32:50.854387+00:00
1029621,237363,2025-03-01 17:48:30.036411+00:00,2025-03-02 09:32:50.854387+00:00
1029621,1223088,2025-03-01 17:48:30.036411+00:00,2025-03-02 09:32:50.854387+00:00
1029621,2301723,2025-03-01 17:48:30.036411+00:00,2025-03-02 09:32:50.854387+00:00
1030205,120923,2025-03-01 17:48:30.036411+00:00,2025-03-02 09:32:50.854387+00:00
1030205,33515,2025-03-01 17:48:30.036411+00:00,2025-03-02 09:32:50.854387+00:00
1030205,1105808,2025-03-01 17:48:30.036411+00:00,2025-03-02 09:32:50.854387+00:00
1030205,1434084,2025-03-01 17:48:30.036411+00:00,2025-03-02 09:32:50.854387+00:00
1030205,107573,2025-03-01 17:48:30.036411+00:00,2025-03-02 09:32:50.854387+00:00
1030587,90567,2025-03-01 17:48:30.036411+00:00,2025-03-02 09:32:50.854387+00:00
1030587,1142780,2025-03-01 17:48:30.036411+00:00,2025-03-02 09:32:50.854387+00:00
1030587,9715,2025-03-01 17:48:30.036411+00:00,2025-03-02 09:32:50.854387+00:00
1030587,1241939,2025-03-01 17:48:30.036411+00:00,2025-03-02 09:32:50.854387+00:00
1030587,932986,2025-03-01 17:48:30.036411+00:00,2025-03-02 09:32:50.854387+00:00
1030987,2963,2025-03-01 17:48:30.036411+00:00,2025-03-02 09:32:50.854387+00:00
1030987,2050222,2025-03-01 17:48:30.036411+00:00,2025-03-02 09:32:50.854387+00:00
1030987,3724264,2025-03-01 17:48:30.036411+00:00,2025-03-02 09:32:50.854387+00:00
1030987,2178621,2025-03-01 17:48:30.036411+00:00,2025-03-02 09:32:50.854387+00:00
1030987,92404,2025-03-01 17:48:30.036411+00:00,2025-03-02 09:32:50.854387+00:00
1031050,3724466,2025-03-01 17:48:30.036411+00:00,2025-03-02 09:32:50.854387+00:00
1031388,1336819,2025-03-01 17:48:30.036411+00:00,2025-03-02 09:32:50.854387+00:00
1031388,1343666,2025-03-01 17:48:30.036411+00:00,2025-03-02 09:32:50.854387+00:00
1031388,2108778,2025-03-01 17:48:30.036411+00:00,2025-03-02 09:32:50.854387+00:00
1031388,3115096,2025-03-01 17:48:30.036411+00:00,2025-03-02 09:32:50.854387+00:00
1031388,2279092,2025-03-01 17:48:30.036411+00:00,2025-03-02 09:32:50.854387+00:00
1032330,2355524,2025-03-01 17:48:30.036411+00:00,2025-03-02 09:32:50.854387+00:00
1032330,3861870,2025-03-01 17:48:30.036411+00:00,2025-03-02 09:32:50.854387+00:00
1032767,227087,2025-03-01 17:48:30.036411+00:00,2025-03-02 09:32:50.854387+00:00
1032767,3730746,2025-03-01 17:48:30.036411+00:00,2025-03-02 09:32:50.854387+00:00
1032767,3730744,2025-03-01 17:48:30.036411+00:00,2025-03-02 09:32:50.854387+00:00
1032767,3695468,2025-03-01 17:48:30.036411+00:00,2025-03-02 09:32:50.854387+00:00
1032823,3014800,2025-03-01 17:48:30.036411+00:00,2025-03-02 09:32:50.854387+00:00
1032823,2299,2025-03-01 17:48:30.036411+00:00,2025-03-02 09:32:50.854387+00:00
1032823,36819,2025-03-01 17:48:30.036411+00:00,2025-03-02 09:32:50.854387+00:00
1032823,17486,2025-03-01 17:48:30.036411+00:00,2025-03-02 09:32:50.854387+00:00
1032823,4340759,2025-03-01 17:48:30.036411+00:00,2025-03-02 09:32:50.854387+00:00
1033176,1988887,2025-03-01 17:48:30.036411+00:00,2025-03-02 09:32:50.854387+00:00
1033176,54265,2025-03-01 17:48:30.036411+00:00,2025-03-02 09:32:50.854387+00:00
1033176,3112997,2025-03-01 17:48:30.036411+00:00,2025-03-02 09:32:50.854387+00:00
1033176,3733525,2025-03-01 17:48:30.036411+00:00,2025-03-02 09:32:50.854387+00:00
1033176,3732653,2025-03-01 17:48:30.036411+00:00,2025-03-02 09:32:50.854387+00:00
1034541,1882502,2025-03-01 17:48:30.036411+00:00,2025-03-02 09:32:50.854387+00:00
1034541,37405,2025-03-01 17:48:30.036411+00:00,2025-03-02 09:32:50.854387+00:00
1034541,1880016,2025-03-01 17:48:30.036411+00:00,2025-03-02 09:32:50.854387+00:00
1034541,1676771,2025-03-01 17:48:30.036411+00:00,2025-03-02 09:32:50.854387+00:00
1034541,2787720,2025-03-01 17:48:30.036411+00:00,2025-03-02 09:32:50.854387+00:00
1034660,2115306,2025-03-01 17:48:30.036411+00:00,2025-03-02 09:32:50.854387+00:00
1034660,1149341,2025-03-01 17:48:30.036411+00:00,2025-03-02 09:32:50.854387+00:00
1034660,117974,2025-03-01 17:48:30.036411+00:00,2025-03-02 09:32:50.854387+00:00
1034660,1062343,2025-03-01 17:48:30.036411+00:00,2025-03-02 09:32:50.854387+00:00
1034660,1255318,2025-03-01 17:48:30.036411+00:00,2025-03-02 09:32:50.854387+00:00
1035647,1828894,2025-03-01 17:48:30.036411+00:00,2025-03-02 09:32:50.854387+00:00
1035647,1780720,2025-03-01 17:48:30.036411+00:00,2025-03-02 09:32:50.854387+00:00
1035647,1395507,2025-03-01 17:48:30.036411+00:00,2025-03-02 09:32:50.854387+00:00
1035647,1872057,2025-03-01 17:48:30.036411+00:00,2025-03-02 09:32:50.854387+00:00
1035647,1605790,2025-03-01 17:48:30.036411+00:00,2025-03-02 09:32:50.854387+00:00
1035803,58058,2025-03-01 17:48:30.036411+00:00,2025-03-02 09:32:50.854387+00:00
1035803,73035,2025-03-01 17:48:30.036411+00:00,2025-03-02 09:32:50.854387+00:00
1035803,77109,2025-03-01 17:48:30.036411+00:00,2025-03-02 09:32:50.854387+00:00
1035803,62,2025-03-01 17:48:30.036411+00:00,2025-03-02 09:32:50.854387+00:00
1035803,117525,2025-03-01 17:48:30.036411+00:00,2025-03-02 09:32:50.854387+00:00
1035806,530025,2025-03-01 17:48:30.036411+00:00,2025-03-02 09:32:50.854387+00:00
1035806,1193604,2025-03-01 17:48:30.036411+00:00,2025-03-02 09:32:50.854387+00:00
1035806,105762,2025-03-01 17:48:30.036411+00:00,2025-03-02 09:32:50.854387+00:00
1035806,62,2025-03-01 17:48:30.036411+00:00,2025-03-02 09:32:50.854387+00:00
1035806,58058,2025-03-01 17:48:30.036411+00:00,2025-03-02 09:32:50.854387+00:00
1036397,1341458,2025-03-01 17:48:30.036411+00:00,2025-03-02 09:32:50.854387+00:00
1036397,1609470,2025-03-01 17:48:30.036411+00:00,2025-03-02 09:32:50.854387+00:00
1036397,3731453,2025-03-01 17:48:30.036411+00:00,2025-03-02 09:32:50.854387+00:00
1036397,1877470,2025-03-01 17:48:30.036411+00:00,2025-03-02 09:32:50.854387+00:00
1036397,3768566,2025-03-01 17:48:30.036411+00:00,2025-03-02 09:32:50.854387+00:00
1037348,1919754,2025-03-01 17:48:30.036411+00:00,2025-03-02 09:32:50.854387+00:00
1037348,3144130,2025-03-01 17:48:30.036411+00:00,2025-03-02 09:32:50.854387+00:00
1037348,2115306,2025-03-01 17:48:30.036411+00:00,2025-03-02 09:32:50.854387+00:00
1037348,2636409,2025-03-01 17:48:30.036411+00:00,2025-03-02 09:32:50.854387+00:00
1037348,3190917,2025-03-01 17:48:30.036411+00:00,2025-03-02 09:32:50.854387+00:00
1037696,1480297,2025-03-01 17:48:30.036411+00:00,2025-03-02 09:32:50.854387+00:00
1037696,3584218,2025-03-01 17:48:30.036411+00:00,2025-03-02 09:32:50.854387+00:00
1037696,990589,2025-03-01 17:48:30.036411+00:00,2025-03-02 09:32:50.854387+00:00
1037696,1081482,2025-03-01 17:48:30.036411+00:00,2025-03-02 09:32:50.854387+00:00
1037696,127220,2025-03-01 17:48:30.036411+00:00,2025-03-02 09:32:50.854387+00:00
1038198,2097346,2025-03-01 17:48:30.036411+00:00,2025-03-02 09:32:50.854387+00:00
1038198,2097348,2025-03-01 17:48:30.036411+00:00,2025-03-02 09:32:50.854387+00:00
1038198,2097347,2025-03-01 17:48:30.036411+00:00,2025-03-02 09:32:50.854387+00:00
1038198,2097334,2025-03-01 17:48:30.036411+00:00,2025-03-02 09:32:50.854387+00:00
1038198,2097350,2025-03-01 17:48:30.036411+00:00,2025-03-02 09:32:50.854387+00:00
1039769,2629589,2025-03-01 17:48:30.036411+00:00,2025-03-02 09:32:50.854387+00:00
1039769,3756674,2025-03-01 17:48:30.036411+00:00,2025-03-02 09:32:50.854387+00:00
1039769,3756673,2025-03-01 17:48:30.036411+00:00,2025-03-02 09:32:50.854387+00:00
1039769,4158354,2025-03-01 17:48:30.036411+00:00,2025-03-02 09:32:50.854387+00:00
1039769,5266791,2025-03-01 17:48:30.036411+00:00,2025-03-02 09:32:50.854387+00:00
1040148,1452046,2025-03-01 17:48:30.036411+00:00,2025-03-02 09:32:50.854387+00:00
1040148,1392140,2025-03-01 17:48:30.036411+00:00,2025-03-02 09:32:50.854387+00:00
1040148,3051,2025-03-01 17:48:30.036411+00:00,2025-03-02 09:32:50.854387+00:00
1040148,1700631,2025-03-01 17:48:30.036411+00:00,2025-03-02 09:32:50.854387+00:00
1040148,1429453,2025-03-01 17:48:30.036411+00:00,2025-03-02 09:32:50.854387+00:00
1040284,1347978,2025-03-01 17:48:30.036411+00:00,2025-03-02 09:32:50.854387+00:00
1040284,966327,2025-03-01 17:48:30.036411+00:00,2025-03-02 09:32:50.854387+00:00
1040284,1746243,2025-03-01 17:48:30.036411+00:00,2025-03-02 09:32:50.854387+00:00
1040284,2412089,2025-03-01 17:48:30.036411+00:00,2025-03-02 09:32:50.854387+00:00
1040284,2680261,2025-03-01 17:48:30.036411+00:00,2025-03-02 09:32:50.854387+00:00
1040496,1762668,2025-03-01 17:48:30.036411+00:00,2025-03-02 09:32:50.854387+00:00
1040496,2109323,2025-03-01 17:48:30.036411+00:00,2025-03-02 09:32:50.854387+00:00
1040496,2370987,2025-03-01 17:48:30.036411+00:00,2025-03-02 09:32:50.854387+00:00
1040496,1133061,2025-03-01 17:48:30.036411+00:00,2025-03-02 09:32:50.854387+00:00
1040496,3815878,2025-03-01 17:48:30.036411+00:00,2025-03-02 09:32:50.854387+00:00
1040892,2147509,2025-03-01 17:48:30.036411+00:00,2025-03-02 09:32:50.854387+00:00
1040892,3760212,2025-03-01 17:48:30.036411+00:00,2025-03-02 09:32:50.854387+00:00
1040892,2045545,2025-03-01 17:48:30.036411+00:00,2025-03-02 09:32:50.854387+00:00
1040892,2631321,2025-03-01 17:48:30.036411+00:00,2025-03-02 09:32:50.854387+00:00
1040892,1817397,2025-03-01 17:48:30.036411+00:00,2025-03-02 09:32:50.854387+00:00
1041613,115440,2025-03-01 17:48:30.036411+00:00,2025-03-02 09:32:50.854387+00:00
1041613,128227,2025-03-01 17:48:30.036411+00:00,2025-03-02 09:32:50.854387+00:00
1041613,1340020,2025-03-01 17:48:30.036411+00:00,2025-03-02 09:32:50.854387+00:00
1041613,1822392,2025-03-01 17:48:30.036411+00:00,2025-03-02 09:32:50.854387+00:00
1041613,1355967,2025-03-01 17:48:30.036411+00:00,2025-03-02 09:32:50.854387+00:00
1043565,1450287,2025-03-01 17:48:30.036411+00:00,2025-03-02 09:32:50.854387+00:00
1043565,6949,2025-03-01 17:48:30.036411+00:00,2025-03-02 09:32:50.854387+00:00
1043565,1006731,2025-03-01 17:48:30.036411+00:00,2025-03-02 09:32:50.854387+00:00
1043565,78029,2025-03-01 17:48:30.036411+00:00,2025-03-02 09:32:50.854387+00:00
1043565,955908,2025-03-01 17:48:30.036411+00:00,2025-03-02 09:32:50.854387+00:00
1043905,2135069,2025-03-01 17:48:30.036411+00:00,2025-03-02 09:32:50.854387+00:00
1043905,1552773,2025-03-01 17:48:30.036411+00:00,2025-03-02 09:32:50.854387+00:00
1043905,10912,2025-03-01 17:48:30.036411+00:00,2025-03-02 09:32:50.854387+00:00
1043905,2408703,2025-03-01 17:48:30.036411+00:00,2025-03-02 09:32:50.854387+00:00
1043905,1246972,2025-03-01 17:48:30.036411+00:00,2025-03-02 09:32:50.854387+00:00
1043997,239920,2025-03-01 17:48:30.036411+00:00,2025-03-02 09:32:50.854387+00:00
1043997,3058259,2025-03-01 17:48:30.036411+00:00,2025-03-02 09:32:50.854387+00:00
1043997,3225583,2025-03-01 17:48:30.036411+00:00,2025-03-02 09:32:50.854387+00:00
1043997,3769534,2025-03-01 17:48:30.036411+00:00,2025-03-02 09:32:50.854387+00:00
1043997,2094225,2025-03-01 17:48:30.036411+00:00,2025-03-02 09:32:50.854387+00:00
1044555,2357699,2025-03-01 17:48:30.036411+00:00,2025-03-02 09:32:50.854387+00:00
1044555,2293429,2025-03-01 17:48:30.036411+00:00,2025-03-02 09:32:50.854387+00:00
1044555,506447,2025-03-01 17:48:30.036411+00:00,2025-03-02 09:32:50.854387+00:00
1044555,1076363,2025-03-01 17:48:30.036411+00:00,2025-03-02 09:32:50.854387+00:00
1044555,1255182,2025-03-01 17:48:30.036411+00:00,2025-03-02 09:32:50.854387+00:00
1045770,129765,2025-03-01 17:48:30.036411+00:00,2025-03-02 09:32:50.854387+00:00
1045770,41035,2025-03-01 17:48:30.036411+00:00,2025-03-02 09:32:50.854387+00:00
1045770,146287,2025-03-01 17:48:30.036411+00:00,2025-03-02 09:32:50.854387+00:00
1045770,123989,2025-03-01 17:48:30.036411+00:00,2025-03-02 09:32:50.854387+00:00
1045770,54291,2025-03-01 17:48:30.036411+00:00,2025-03-02 09:32:50.854387+00:00
1046090,2155170,2025-03-01 17:48:30.036411+00:00,2025-03-02 09:32:50.854387+00:00
1046090,1063128,2025-03-01 17:48:30.036411+00:00,2025-03-02 09:32:50.854387+00:00
1046090,551605,2025-03-01 17:48:30.036411+00:00,2025-03-02 09:32:50.854387+00:00
1046090,2372082,2025-03-01 17:48:30.036411+00:00,2025-03-02 09:32:50.854387+00:00
1046090,2270252,2025-03-01 17:48:30.036411+00:00,2025-03-02 09:32:50.854387+00:00
1047003,1200922,2025-03-01 17:48:30.036411+00:00,2025-03-02 09:32:50.854387+00:00
1047003,1613131,2025-03-01 17:48:30.036411+00:00,2025-03-02 09:32:50.854387+00:00
1047003,2058775,2025-03-01 17:48:30.036411+00:00,2025-03-02 09:32:50.854387+00:00
1047003,1641182,2025-03-01 17:48:30.036411+00:00,2025-03-02 09:32:50.854387+00:00
1047003,993784,2025-03-01 17:48:30.036411+00:00,2025-03-02 09:32:50.854387+00:00
1048516,2118105,2025-03-01 17:48:30.036411+00:00,2025-03-02 09:32:50.854387+00:00
1048516,1113205,2025-03-01 17:48:30.036411+00:00,2025-03-02 09:32:50.854387+00:00
1048516,1636671,2025-03-01 17:48:30.036411+00:00,2025-03-02 09:32:50.854387+00:00
1048516,1138605,2025-03-01 17:48:30.036411+00:00,2025-03-02 09:32:50.854387+00:00
1048516,1737514,2025-03-01 17:48:30.036411+00:00,2025-03-02 09:32:50.854387+00:00
1050035,3661746,2025-03-01 17:48:30.036411+00:00,2025-03-02 09:32:50.854387+00:00
1050035,100766,2025-03-01 17:48:30.036411+00:00,2025-03-02 09:32:50.854387+00:00
1050035,3860313,2025-03-01 17:48:30.036411+00:00,2025-03-02 09:32:50.854387+00:00
1050035,20331,2025-03-01 17:48:30.036411+00:00,2025-03-02 09:32:50.854387+00:00
1050035,117975,2025-03-01 17:48:30.036411+00:00,2025-03-02 09:32:50.854387+00:00
1050491,1087690,2025-03-01 17:48:30.036411+00:00,2025-03-02 09:32:50.854387+00:00
1050491,65262,2025-03-01 17:48:30.036411+00:00,2025-03-02 09:32:50.854387+00:00
1050491,138574,2025-03-01 17:48:30.036411+00:00,2025-03-02 09:32:50.854387+00:00
1050491,96559,2025-03-01 17:48:30.036411+00:00,2025-03-02 09:32:50.854387+00:00
1050491,78429,2025-03-01 17:48:30.036411+00:00,2025-03-02 09:32:50.854387+00:00
1050665,555384,2025-03-01 17:48:30.036411+00:00,2025-03-02 09:32:50.854387+00:00
1050665,1240438,2025-03-01 17:48:30.036411+00:00,2025-03-02 09:32:50.854387+00:00
1050665,2211714,2025-03-01 17:48:30.036411+00:00,2025-03-02 09:32:50.854387+00:00
1050665,1522614,2025-03-01 17:48:30.036411+00:00,2025-03-02 09:32:50.854387+00:00
1050665,2040556,2025-03-01 17:48:30.036411+00:00,2025-03-02 09:32:50.854387+00:00
1050904,2247119,2025-03-01 17:48:30.036411+00:00,2025-03-02 09:32:50.854387+00:00
1050904,3266345,2025-03-01 17:48:30.036411+00:00,2025-03-02 09:32:50.854387+00:00
1050904,3477176,2025-03-01 17:48:30.036411+00:00,2025-03-02 09:32:50.854387+00:00
1050904,3488941,2025-03-01 17:48:30.036411+00:00,2025-03-02 09:32:50.854387+00:00
1050904,137691,2025-03-01 17:48:30.036411+00:00,2025-03-02 09:32:50.854387+00:00
1051896,2270402,2025-03-01 17:48:30.036411+00:00,2025-03-02 09:32:50.854387+00:00
1051896,1321622,2025-03-01 17:48:30.036411+00:00,2025-03-02 09:32:50.854387+00:00
1051896,2963,2025-03-01 17:48:30.036411+00:00,2025-03-02 09:32:50.854387+00:00
1051896,1810651,2025-03-01 17:48:30.036411+00:00,2025-03-02 09:32:50.854387+00:00
1051896,1274508,2025-03-01 17:48:30.036411+00:00,2025-03-02 09:32:50.854387+00:00
1052160,2595502,2025-03-01 17:48:30.036411+00:00,2025-03-02 09:32:50.854387+00:00
1052160,1331971,2025-03-01 17:48:30.036411+00:00,2025-03-02 09:32:50.854387+00:00
1052160,1135332,2025-03-01 17:48:30.036411+00:00,2025-03-02 09:32:50.854387+00:00
1052160,1259367,2025-03-01 17:48:30.036411+00:00,2025-03-02 09:32:50.854387+00:00
1052160,1651449,2025-03-01 17:48:30.036411+00:00,2025-03-02 09:32:50.854387+00:00
1052433,1257899,2025-03-01 17:48:30.036411+00:00,2025-03-02 09:32:50.854387+00:00
1052433,1311150,2025-03-01 17:48:30.036411+00:00,2025-03-02 09:32:50.854387+00:00
1052433,4181100,2025-03-01 17:48:30.036411+00:00,2025-03-02 09:32:50.854387+00:00
1052433,1252017,2025-03-01 17:48:30.036411+00:00,2025-03-02 09:32:50.854387+00:00
1052433,1294946,2025-03-01 17:48:30.036411+00:00,2025-03-02 09:32:50.854387+00:00
1053587,2214168,2025-03-01 17:48:30.036411+00:00,2025-03-02 09:32:50.854387+00:00
1053587,1063319,2025-03-01 17:48:30.036411+00:00,2025-03-02 09:32:50.854387+00:00
1053587,1162998,2025-03-01 17:48:30.036411+00:00,2025-03-02 09:32:50.854387+00:00
1053587,3623,2025-03-01 17:48:30.036411+00:00,2025-03-02 09:32:50.854387+00:00
1053587,16867,2025-03-01 17:48:30.036411+00:00,2025-03-02 09:32:50.854387+00:00
1053600,970990,2025-03-01 17:48:30.036411+00:00,2025-03-02 09:32:50.854387+00:00
1053600,3925017,2025-03-01 17:48:30.036411+00:00,2025-03-02 09:32:50.854387+00:00
1053600,1120111,2025-03-01 17:48:30.036411+00:00,2025-03-02 09:32:50.854387+00:00
1053600,985345,2025-03-01 17:48:30.036411+00:00,2025-03-02 09:32:50.854387+00:00
1053600,1603600,2025-03-01 17:48:30.036411+00:00,2025-03-02 09:32:50.854387+00:00
1054087,1017332,2025-03-01 17:48:30.036411+00:00,2025-03-02 09:32:50.854387+00:00
1054087,1591729,2025-03-01 17:48:30.036411+00:00,2025-03-02 09:32:50.854387+00:00
1054087,1981488,2025-03-01 17:48:30.036411+00:00,2025-03-02 09:32:50.854387+00:00
1054087,3804649,2025-03-01 17:48:30.036411+00:00,2025-03-02 09:32:50.854387+00:00
1054087,2341304,2025-03-01 17:48:30.036411+00:00,2025-03-02 09:32:50.854387+00:00
1056133,1680,2025-03-01 17:48:30.036411+00:00,2025-03-02 09:32:50.854387+00:00
1056133,121630,2025-03-01 17:48:30.036411+00:00,2025-03-02 09:32:50.854387+00:00
1056133,54690,2025-03-01 17:48:30.036411+00:00,2025-03-02 09:32:50.854387+00:00
1056133,1681,2025-03-01 17:48:30.036411+00:00,2025-03-02 09:32:50.854387+00:00
1056133,121628,2025-03-01 17:48:30.036411+00:00,2025-03-02 09:32:50.854387+00:00
1056803,1288294,2025-03-01 17:48:30.036411+00:00,2025-03-02 09:32:50.854387+00:00
1056803,1324666,2025-03-01 17:48:30.036411+00:00,2025-03-02 09:32:50.854387+00:00
1056803,1254672,2025-03-01 17:48:30.036411+00:00,2025-03-02 09:32:50.854387+00:00
1056803,1168909,2025-03-01 17:48:30.036411+00:00,2025-03-02 09:32:50.854387+00:00
1056803,1588597,2025-03-01 17:48:30.036411+00:00,2025-03-02 09:32:50.854387+00:00
1057001,1091050,2025-03-01 17:48:30.036411+00:00,2025-03-02 09:32:50.854387+00:00
1057001,84751,2025-03-01 17:48:30.036411+00:00,2025-03-02 09:32:50.854387+00:00
1057001,1863349,2025-03-01 17:48:30.036411+00:00,2025-03-02 09:32:50.854387+00:00
1057001,3053741,2025-03-01 17:48:30.036411+00:00,2025-03-02 09:32:50.854387+00:00
1057001,3595106,2025-03-01 17:48:30.036411+00:00,2025-03-02 09:32:50.854387+00:00
1057919,3677079,2025-03-01 17:48:30.036411+00:00,2025-03-02 09:32:50.854387+00:00
1057919,2957465,2025-03-01 17:48:30.036411+00:00,2025-03-02 09:32:50.854387+00:00
1057919,2040630,2025-03-01 17:48:30.036411+00:00,2025-03-02 09:32:50.854387+00:00
1057919,2413163,2025-03-01 17:48:30.036411+00:00,2025-03-02 09:32:50.854387+00:00
1057919,1259233,2025-03-01 17:48:30.036411+00:00,2025-03-02 09:32:50.854387+00:00
1058078,2269613,2025-03-01 17:48:30.036411+00:00,2025-03-02 09:32:50.854387+00:00
1058078,1866755,2025-03-01 17:48:30.036411+00:00,2025-03-02 09:32:50.854387+00:00
1058078,1959159,2025-03-01 17:48:30.036411+00:00,2025-03-02 09:32:50.854387+00:00
1058078,3355329,2025-03-01 17:48:30.036411+00:00,2025-03-02 09:32:50.854387+00:00
1058078,2837254,2025-03-01 17:48:30.036411+00:00,2025-03-02 09:32:50.854387+00:00
1058616,4590149,2025-03-01 17:48:30.036411+00:00,2025-03-02 09:32:50.854387+00:00
1058616,4590146,2025-03-01 17:48:30.036411+00:00,2025-03-02 09:32:50.854387+00:00
1058616,3820182,2025-03-01 17:48:30.036411+00:00,2025-03-02 09:32:50.854387+00:00
1058616,3895248,2025-03-01 17:48:30.036411+00:00,2025-03-02 09:32:50.854387+00:00
1058616,4590144,2025-03-01 17:48:30.036411+00:00,2025-03-02 09:32:50.854387+00:00
1058923,4588079,2025-03-01 17:48:30.036411+00:00,2025-03-02 09:32:50.854387+00:00
1058923,2413513,2025-03-01 17:48:30.036411+00:00,2025-03-02 09:32:50.854387+00:00
1058923,1396403,2025-03-01 17:48:30.036411+00:00,2025-03-02 09:32:50.854387+00:00
1059572,937252,2025-03-01 17:48:30.036411+00:00,2025-03-02 09:32:50.854387+00:00
1059572,217924,2025-03-01 17:48:30.036411+00:00,2025-03-02 09:32:50.854387+00:00
1059572,3232442,2025-03-01 17:48:30.036411+00:00,2025-03-02 09:32:50.854387+00:00
1059572,126485,2025-03-01 17:48:30.036411+00:00,2025-03-02 09:32:50.854387+00:00
1059572,9706,2025-03-01 17:48:30.036411+00:00,2025-03-02 09:32:50.854387+00:00
1061648,3831906,2025-03-01 17:48:30.036411+00:00,2025-03-02 09:32:50.854387+00:00
1061648,3831908,2025-03-01 17:48:30.036411+00:00,2025-03-02 09:32:50.854387+00:00
1061648,3831907,2025-03-01 17:48:30.036411+00:00,2025-03-02 09:32:50.854387+00:00
1061648,2553658,2025-03-01 17:48:30.036411+00:00,2025-03-02 09:32:50.854387+00:00
1061648,2623200,2025-03-01 17:48:30.036411+00:00,2025-03-02 09:32:50.854387+00:00
1061855,1952216,2025-03-01 17:48:30.036411+00:00,2025-03-02 09:32:50.854387+00:00
1061855,2131171,2025-03-01 17:48:30.036411+00:00,2025-03-02 09:32:50.854387+00:00
1061855,40676,2025-03-01 17:48:30.036411+00:00,2025-03-02 09:32:50.854387+00:00
1061855,1757035,2025-03-01 17:48:30.036411+00:00,2025-03-02 09:32:50.854387+00:00
1061855,142540,2025-03-01 17:48:30.036411+00:00,2025-03-02 09:32:50.854387+00:00
1062844,2109360,2025-03-01 17:48:30.036411+00:00,2025-03-02 09:32:50.854387+00:00
1062844,134829,2025-03-01 17:48:30.036411+00:00,2025-03-02 09:32:50.854387+00:00
1062844,3975569,2025-03-01 17:48:30.036411+00:00,2025-03-02 09:32:50.854387+00:00
1062844,18056,2025-03-01 17:48:30.036411+00:00,2025-03-02 09:32:50.854387+00:00
1062844,585211,2025-03-01 17:48:30.036411+00:00,2025-03-02 09:32:50.854387+00:00
1062910,1502230,2025-03-01 17:48:30.036411+00:00,2025-03-02 09:32:50.854387+00:00
1062910,120351,2025-03-01 17:48:30.036411+00:00,2025-03-02 09:32:50.854387+00:00
1062910,83528,2025-03-01 17:48:30.036411+00:00,2025-03-02 09:32:50.854387+00:00
1062910,1117063,2025-03-01 17:48:30.036411+00:00,2025-03-02 09:32:50.854387+00:00
1062910,553809,2025-03-01 17:48:30.036411+00:00,2025-03-02 09:32:50.854387+00:00
1063453,1544084,2025-03-01 17:48:30.036411+00:00,2025-03-02 09:32:50.854387+00:00
1063453,1544090,2025-03-01 17:48:30.036411+00:00,2025-03-02 09:32:50.854387+00:00
1063453,1544086,2025-03-01 17:48:30.036411+00:00,2025-03-02 09:32:50.854387+00:00
1063453,1544092,2025-03-01 17:48:30.036411+00:00,2025-03-02 09:32:50.854387+00:00
1063453,1544088,2025-03-01 17:48:30.036411+00:00,2025-03-02 09:32:50.854387+00:00
1063554,3838524,2025-03-01 17:48:30.036411+00:00,2025-03-02 09:32:50.854387+00:00
1063554,3838522,2025-03-01 17:48:30.036411+00:00,2025-03-02 09:32:50.854387+00:00
1063554,231723,2025-03-01 17:48:30.036411+00:00,2025-03-02 09:32:50.854387+00:00
1063554,26729,2025-03-01 17:48:30.036411+00:00,2025-03-02 09:32:50.854387+00:00
1063554,3439869,2025-03-01 17:48:30.036411+00:00,2025-03-02 09:32:50.854387+00:00
1063814,939135,2025-03-01 17:48:30.036411+00:00,2025-03-02 09:32:50.854387+00:00
1063814,1554866,2025-03-01 17:48:30.036411+00:00,2025-03-02 09:32:50.854387+00:00
1063814,560081,2025-03-01 17:48:30.036411+00:00,2025-03-02 09:32:50.854387+00:00
1063814,1547209,2025-03-01 17:48:30.036411+00:00,2025-03-02 09:32:50.854387+00:00
1063814,139493,2025-03-01 17:48:30.036411+00:00,2025-03-02 09:32:50.854387+00:00
1063863,3270592,2025-03-01 17:48:30.036411+00:00,2025-03-02 09:32:50.854387+00:00
1063863,1964896,2025-03-01 17:48:30.036411+00:00,2025-03-02 09:32:50.854387+00:00
1063863,83629,2025-03-01 17:48:30.036411+00:00,2025-03-02 09:32:50.854387+00:00
1063863,2959425,2025-03-01 17:48:30.036411+00:00,2025-03-02 09:32:50.854387+00:00
1063863,39126,2025-03-01 17:48:30.036411+00:00,2025-03-02 09:32:50.854387+00:00
1064028,19537,2025-03-01 17:48:30.036411+00:00,2025-03-02 09:32:50.854387+00:00
1064028,3844059,2025-03-01 17:48:30.036411+00:00,2025-03-02 09:32:50.854387+00:00
1064028,84613,2025-03-01 17:48:30.036411+00:00,2025-03-02 09:32:50.854387+00:00
1064028,1231852,2025-03-01 17:48:30.036411+00:00,2025-03-02 09:32:50.854387+00:00
1064028,2349355,2025-03-01 17:48:30.036411+00:00,2025-03-02 09:32:50.854387+00:00
1064213,1266686,2025-03-01 17:48:30.036411+00:00,2025-03-02 09:32:50.854387+00:00
1064213,4338956,2025-03-01 17:48:30.036411+00:00,2025-03-02 09:32:50.854387+00:00
1064213,3051936,2025-03-01 17:48:30.036411+00:00,2025-03-02 09:32:50.854387+00:00
1064213,1640439,2025-03-01 17:48:30.036411+00:00,2025-03-02 09:32:50.854387+00:00
1064213,966306,2025-03-01 17:48:30.036411+00:00,2025-03-02 09:32:50.854387+00:00
1064662,227087,2025-03-01 17:48:30.036411+00:00,2025-03-02 09:32:50.854387+00:00
1064662,3304720,2025-03-01 17:48:30.036411+00:00,2025-03-02 09:32:50.854387+00:00
1064662,1668193,2025-03-01 17:48:30.036411+00:00,2025-03-02 09:32:50.854387+00:00
1064662,86976,2025-03-01 17:48:30.036411+00:00,2025-03-02 09:32:50.854387+00:00
1064662,2051447,2025-03-01 17:48:30.036411+00:00,2025-03-02 09:32:50.854387+00:00
1064669,1480297,2025-03-01 17:48:30.036411+00:00,2025-03-02 09:32:50.854387+00:00
1064669,1564419,2025-03-01 17:48:30.036411+00:00,2025-03-02 09:32:50.854387+00:00
1064669,1575311,2025-03-01 17:48:30.036411+00:00,2025-03-02 09:32:50.854387+00:00
1064669,585211,2025-03-01 17:48:30.036411+00:00,2025-03-02 09:32:50.854387+00:00
1064669,58593,2025-03-01 17:48:30.036411+00:00,2025-03-02 09:32:50.854387+00:00
1064801,971606,2025-03-01 17:48:30.036411+00:00,2025-03-02 09:32:50.854387+00:00
1064801,1423493,2025-03-01 17:48:30.036411+00:00,2025-03-02 09:32:50.854387+00:00
1064801,1309014,2025-03-01 17:48:30.036411+00:00,2025-03-02 09:32:50.854387+00:00
1064801,1915026,2025-03-01 17:48:30.036411+00:00,2025-03-02 09:32:50.854387+00:00
1064801,571188,2025-03-01 17:48:30.036411+00:00,2025-03-02 09:32:50.854387+00:00
1064872,2125189,2025-03-01 17:48:30.036411+00:00,2025-03-02 09:32:50.854387+00:00
1064872,2151369,2025-03-01 17:48:30.036411+00:00,2025-03-02 09:32:50.854387+00:00
1064872,84725,2025-03-01 17:48:30.036411+00:00,2025-03-02 09:32:50.854387+00:00
1064872,120918,2025-03-01 17:48:30.036411+00:00,2025-03-02 09:32:50.854387+00:00
1064872,1398752,2025-03-01 17:48:30.036411+00:00,2025-03-02 09:32:50.854387+00:00
1067298,3850076,2025-03-01 17:48:30.036411+00:00,2025-03-02 09:32:50.854387+00:00
1067298,112862,2025-03-01 17:48:30.036411+00:00,2025-03-02 09:32:50.854387+00:00
1067298,3873634,2025-03-01 17:48:30.036411+00:00,2025-03-02 09:32:50.854387+00:00
1067298,1576235,2025-03-01 17:48:30.036411+00:00,2025-03-02 09:32:50.854387+00:00
1067298,2024067,2025-03-01 17:48:30.036411+00:00,2025-03-02 09:32:50.854387+00:00
1068602,1772522,2025-03-01 17:48:30.036411+00:00,2025-03-02 09:32:50.854387+00:00
1068602,1452028,2025-03-01 17:48:30.036411+00:00,2025-03-02 09:32:50.854387+00:00
1068602,1388751,2025-03-01 17:48:30.036411+00:00,2025-03-02 09:32:50.854387+00:00
1068602,122726,2025-03-01 17:48:30.036411+00:00,2025-03-02 09:32:50.854387+00:00
1068602,1647556,2025-03-01 17:48:30.036411+00:00,2025-03-02 09:32:50.854387+00:00
1069813,2636413,2025-03-01 17:48:30.036411+00:00,2025-03-02 09:32:50.854387+00:00
1069813,74862,2025-03-01 17:48:30.036411+00:00,2025-03-02 09:32:50.854387+00:00
1069813,87662,2025-03-01 17:48:30.036411+00:00,2025-03-02 09:32:50.854387+00:00
1069813,1255308,2025-03-01 17:48:30.036411+00:00,2025-03-02 09:32:50.854387+00:00
1069813,1309932,2025-03-01 17:48:30.036411+00:00,2025-03-02 09:32:50.854387+00:00
1070449,4256294,2025-03-01 17:48:30.036411+00:00,2025-03-02 09:32:50.854387+00:00
1070449,4256298,2025-03-01 17:48:30.036411+00:00,2025-03-02 09:32:50.854387+00:00
1070449,4256295,2025-03-01 17:48:30.036411+00:00,2025-03-02 09:32:50.854387+00:00
1070449,4256296,2025-03-01 17:48:30.036411+00:00,2025-03-02 09:32:50.854387+00:00
1070449,4256300,2025-03-01 17:48:30.036411+00:00,2025-03-02 09:32:50.854387+00:00
1070507,3843319,2025-03-01 17:48:30.036411+00:00,2025-03-02 09:32:50.854387+00:00
1070507,2542,2025-03-01 17:48:30.036411+00:00,2025-03-02 09:32:50.854387+00:00
1070507,1084911,2025-03-01 17:48:30.036411+00:00,2025-03-02 09:32:50.854387+00:00
1070507,1599983,2025-03-01 17:48:30.036411+00:00,2025-03-02 09:32:50.854387+00:00
1070507,1015727,2025-03-01 17:48:30.036411+00:00,2025-03-02 09:32:50.854387+00:00
1070535,3961183,2025-03-01 17:48:30.036411+00:00,2025-03-02 09:32:50.854387+00:00
1070535,1513855,2025-03-01 17:48:30.036411+00:00,2025-03-02 09:32:50.854387+00:00
1070535,1297930,2025-03-01 17:48:30.036411+00:00,2025-03-02 09:32:50.854387+00:00
1070535,225088,2025-03-01 17:48:30.036411+00:00,2025-03-02 09:32:50.854387+00:00
1070535,3985011,2025-03-01 17:48:30.036411+00:00,2025-03-02 09:32:50.854387+00:00
1071215,42711,2025-03-01 17:48:30.036411+00:00,2025-03-02 09:32:50.854387+00:00
1071215,11150,2025-03-01 17:48:30.036411+00:00,2025-03-02 09:32:50.854387+00:00
1071215,18352,2025-03-01 17:48:30.036411+00:00,2025-03-02 09:32:50.854387+00:00
1071215,2300122,2025-03-01 17:48:30.036411+00:00,2025-03-02 09:32:50.854387+00:00
1071215,2773990,2025-03-01 17:48:30.036411+00:00,2025-03-02 09:32:50.854387+00:00
1072269,1905279,2025-03-01 17:48:30.036411+00:00,2025-03-02 09:32:50.854387+00:00
1072269,71507,2025-03-01 17:48:30.036411+00:00,2025-03-02 09:32:50.854387+00:00
1072269,38529,2025-03-01 17:48:30.036411+00:00,2025-03-02 09:32:50.854387+00:00
1072269,559579,2025-03-01 17:48:30.036411+00:00,2025-03-02 09:32:50.854387+00:00
1072269,134210,2025-03-01 17:48:30.036411+00:00,2025-03-02 09:32:50.854387+00:00
1072493,931444,2025-03-01 17:48:30.036411+00:00,2025-03-02 09:32:50.854387+00:00
1072493,4775491,2025-03-01 17:48:30.036411+00:00,2025-03-02 09:32:50.854387+00:00
1072493,1342162,2025-03-01 17:48:30.036411+00:00,2025-03-02 09:32:50.854387+00:00
1072493,1809206,2025-03-01 17:48:30.036411+00:00,2025-03-02 09:32:50.854387+00:00
1072493,1026082,2025-03-01 17:48:30.036411+00:00,2025-03-02 09:32:50.854387+00:00
1072582,1339299,2025-03-01 17:48:30.036411+00:00,2025-03-02 09:32:50.854387+00:00
1072582,3481018,2025-03-01 17:48:30.036411+00:00,2025-03-02 09:32:50.854387+00:00
1072582,2856883,2025-03-01 17:48:30.036411+00:00,2025-03-02 09:32:50.854387+00:00
1072582,3287492,2025-03-01 17:48:30.036411+00:00,2025-03-02 09:32:50.854387+00:00
1072582,2100736,2025-03-01 17:48:30.036411+00:00,2025-03-02 09:32:50.854387+00:00
1072742,2787956,2025-03-01 17:48:30.036411+00:00,2025-03-02 09:32:50.854387+00:00
1072742,3868919,2025-03-01 17:48:30.036411+00:00,2025-03-02 09:32:50.854387+00:00
1072742,1822694,2025-03-01 17:48:30.036411+00:00,2025-03-02 09:32:50.854387+00:00
1072742,4689041,2025-03-01 17:48:30.036411+00:00,2025-03-02 09:32:50.854387+00:00
1072742,1696207,2025-03-01 17:48:30.036411+00:00,2025-03-02 09:32:50.854387+00:00
1072790,2728596,2025-03-01 17:48:30.036411+00:00,2025-03-02 09:32:50.854387+00:00
1072790,2495673,2025-03-01 17:48:30.036411+00:00,2025-03-02 09:32:50.854387+00:00
1072790,115440,2025-03-01 17:48:30.036411+00:00,2025-03-02 09:32:50.854387+00:00
1072790,83271,2025-03-01 17:48:30.036411+00:00,2025-03-02 09:32:50.854387+00:00
1072790,3085680,2025-03-01 17:48:30.036411+00:00,2025-03-02 09:32:50.854387+00:00
1073449,1260215,2025-03-01 17:48:30.036411+00:00,2025-03-02 09:32:50.854387+00:00
1073449,3129553,2025-03-01 17:48:30.036411+00:00,2025-03-02 09:32:50.854387+00:00
1073449,3081582,2025-03-01 17:48:30.036411+00:00,2025-03-02 09:32:50.854387+00:00
1073449,1259603,2025-03-01 17:48:30.036411+00:00,2025-03-02 09:32:50.854387+00:00
1073449,3896167,2025-03-01 17:48:30.036411+00:00,2025-03-02 09:32:50.854387+00:00
1074034,4738,2025-03-01 17:48:30.036411+00:00,2025-03-02 09:32:50.854387+00:00
1074034,1635137,2025-03-01 17:48:30.036411+00:00,2025-03-02 09:32:50.854387+00:00
1074034,6383,2025-03-01 17:48:30.036411+00:00,2025-03-02 09:32:50.854387+00:00
1074034,1244,2025-03-01 17:48:30.036411+00:00,2025-03-02 09:32:50.854387+00:00
1074034,1492692,2025-03-01 17:48:30.036411+00:00,2025-03-02 09:32:50.854387+00:00
1074174,4848502,2025-03-01 17:48:30.036411+00:00,2025-03-02 09:32:50.854387+00:00
1074174,1719357,2025-03-01 17:48:30.036411+00:00,2025-03-02 09:32:50.854387+00:00
1074174,2510305,2025-03-01 17:48:30.036411+00:00,2025-03-02 09:32:50.854387+00:00
1074174,3706606,2025-03-01 17:48:30.036411+00:00,2025-03-02 09:32:50.854387+00:00
1074174,1505062,2025-03-01 17:48:30.036411+00:00,2025-03-02 09:32:50.854387+00:00
1075010,1554519,2025-03-01 17:48:30.036411+00:00,2025-03-02 09:32:50.854387+00:00
1075010,3876846,2025-03-01 17:48:30.036411+00:00,2025-03-02 09:32:50.854387+00:00
1075010,187100,2025-03-01 17:48:30.036411+00:00,2025-03-02 09:32:50.854387+00:00
1075010,2052200,2025-03-01 17:48:30.036411+00:00,2025-03-02 09:32:50.854387+00:00
1075010,3876844,2025-03-01 17:48:30.036411+00:00,2025-03-02 09:32:50.854387+00:00
1075175,1269683,2025-03-01 17:48:30.036411+00:00,2025-03-02 09:32:50.854387+00:00
1075175,579295,2025-03-01 17:48:30.036411+00:00,2025-03-02 09:32:50.854387+00:00
1075175,4356302,2025-03-01 17:48:30.036411+00:00,2025-03-02 09:32:50.854387+00:00
1075175,1169853,2025-03-01 17:48:30.036411+00:00,2025-03-02 09:32:50.854387+00:00
1075175,113236,2025-03-01 17:48:30.036411+00:00,2025-03-02 09:32:50.854387+00:00
1075815,1235222,2025-03-01 17:48:30.036411+00:00,2025-03-02 09:32:50.854387+00:00
1075815,3574121,2025-03-01 17:48:30.036411+00:00,2025-03-02 09:32:50.854387+00:00
1075815,1487,2025-03-01 17:48:30.036411+00:00,2025-03-02 09:32:50.854387+00:00
1075815,1490,2025-03-01 17:48:30.036411+00:00,2025-03-02 09:32:50.854387+00:00
1076011,3030320,2025-03-01 17:48:30.036411+00:00,2025-03-02 09:32:50.854387+00:00
1076011,3029776,2025-03-01 17:48:30.036411+00:00,2025-03-02 09:32:50.854387+00:00
1076011,49610,2025-03-01 17:48:30.036411+00:00,2025-03-02 09:32:50.854387+00:00
1076011,3329513,2025-03-01 17:48:30.036411+00:00,2025-03-02 09:32:50.854387+00:00
1076011,3030319,2025-03-01 17:48:30.036411+00:00,2025-03-02 09:32:50.854387+00:00
1076443,1544095,2025-03-01 17:48:30.036411+00:00,2025-03-02 09:32:50.854387+00:00
1076443,1544088,2025-03-01 17:48:30.036411+00:00,2025-03-02 09:32:50.854387+00:00
1076443,1544090,2025-03-01 17:48:30.036411+00:00,2025-03-02 09:32:50.854387+00:00
1076443,1544084,2025-03-01 17:48:30.036411+00:00,2025-03-02 09:32:50.854387+00:00
1076443,1544092,2025-03-01 17:48:30.036411+00:00,2025-03-02 09:32:50.854387+00:00
1076535,1470127,2025-03-01 17:48:30.036411+00:00,2025-03-02 09:32:50.854387+00:00
1076535,3684229,2025-03-01 17:48:30.036411+00:00,2025-03-02 09:32:50.854387+00:00
1076535,130654,2025-03-01 17:48:30.036411+00:00,2025-03-02 09:32:50.854387+00:00
1076535,1343678,2025-03-01 17:48:30.036411+00:00,2025-03-02 09:32:50.854387+00:00
1076535,2053787,2025-03-01 17:48:30.036411+00:00,2025-03-02 09:32:50.854387+00:00
1077310,1623136,2025-03-01 17:48:30.036411+00:00,2025-03-02 09:32:50.854387+00:00
1077310,2140108,2025-03-01 17:48:30.036411+00:00,2025-03-02 09:32:50.854387+00:00
1077310,1922833,2025-03-01 17:48:30.036411+00:00,2025-03-02 09:32:50.854387+00:00
1077310,1868413,2025-03-01 17:48:30.036411+00:00,2025-03-02 09:32:50.854387+00:00
1077310,1794453,2025-03-01 17:48:30.036411+00:00,2025-03-02 09:32:50.854387+00:00
1077647,123664,2025-03-01 17:48:30.036411+00:00,2025-03-02 09:32:50.854387+00:00
1077647,4517634,2025-03-01 17:48:30.036411+00:00,2025-03-02 09:32:50.854387+00:00
1077647,3888432,2025-03-01 17:48:30.036411+00:00,2025-03-02 09:32:50.854387+00:00
1077647,2549743,2025-03-01 17:48:30.036411+00:00,2025-03-02 09:32:50.854387+00:00
1077647,2288848,2025-03-01 17:48:30.036411+00:00,2025-03-02 09:32:50.854387+00:00
1077684,3887366,2025-03-01 17:48:30.036411+00:00,2025-03-02 09:32:50.854387+00:00
1077684,3887365,2025-03-01 17:48:30.036411+00:00,2025-03-02 09:32:50.854387+00:00
1077684,3887361,2025-03-01 17:48:30.036411+00:00,2025-03-02 09:32:50.854387+00:00
1077684,3887362,2025-03-01 17:48:30.036411+00:00,2025-03-02 09:32:50.854387+00:00
1077684,3887364,2025-03-01 17:48:30.036411+00:00,2025-03-02 09:32:50.854387+00:00
1077693,544531,2025-03-01 17:48:30.036411+00:00,2025-03-02 09:32:50.854387+00:00
1077693,3887379,2025-03-01 17:48:30.036411+00:00,2025-03-02 09:32:50.854387+00:00
1077693,3887380,2025-03-01 17:48:30.036411+00:00,2025-03-02 09:32:50.854387+00:00
1077693,3887377,2025-03-01 17:48:30.036411+00:00,2025-03-02 09:32:50.854387+00:00
1077693,1605823,2025-03-01 17:48:30.036411+00:00,2025-03-02 09:32:50.854387+00:00
1078280,3890038,2025-03-01 17:48:30.036411+00:00,2025-03-02 09:32:50.854387+00:00
1078280,2258204,2025-03-01 17:48:30.036411+00:00,2025-03-02 09:32:50.854387+00:00
1078280,3081399,2025-03-01 17:48:30.036411+00:00,2025-03-02 09:32:50.854387+00:00
1078280,1488591,2025-03-01 17:48:30.036411+00:00,2025-03-02 09:32:50.854387+00:00
1078280,13256,2025-03-01 17:48:30.036411+00:00,2025-03-02 09:32:50.854387+00:00
1078374,2866582,2025-03-01 17:48:30.036411+00:00,2025-03-02 09:32:50.854387+00:00
1078374,2680261,2025-03-01 17:48:30.036411+00:00,2025-03-02 09:32:50.854387+00:00
1078374,3182431,2025-03-01 17:48:30.036411+00:00,2025-03-02 09:32:50.854387+00:00
1078374,1309285,2025-03-01 17:48:30.036411+00:00,2025-03-02 09:32:50.854387+00:00
1078374,1266721,2025-03-01 17:48:30.036411+00:00,2025-03-02 09:32:50.854387+00:00
1078810,4469041,2025-03-01 17:48:30.036411+00:00,2025-03-02 09:32:50.854387+00:00
1078810,36097,2025-03-01 17:48:30.036411+00:00,2025-03-02 09:32:50.854387+00:00
1078810,4469042,2025-03-01 17:48:30.036411+00:00,2025-03-02 09:32:50.854387+00:00
1078810,1730944,2025-03-01 17:48:30.036411+00:00,2025-03-02 09:32:50.854387+00:00
1078810,54948,2025-03-01 17:48:30.036411+00:00,2025-03-02 09:32:50.854387+00:00
1078920,1635854,2025-03-01 17:48:30.036411+00:00,2025-03-02 09:32:50.854387+00:00
1078920,1061583,2025-03-01 17:48:30.036411+00:00,2025-03-02 09:32:50.854387+00:00
1078920,226431,2025-03-01 17:48:30.036411+00:00,2025-03-02 09:32:50.854387+00:00
1078920,1788850,2025-03-01 17:48:30.036411+00:00,2025-03-02 09:32:50.854387+00:00
1078920,1209572,2025-03-01 17:48:30.036411+00:00,2025-03-02 09:32:50.854387+00:00
1079091,552252,2025-03-01 17:48:30.036411+00:00,2025-03-02 09:32:50.854387+00:00
1079091,88675,2025-03-01 17:48:30.036411+00:00,2025-03-02 09:32:50.854387+00:00
1079091,59175,2025-03-01 17:48:30.036411+00:00,2025-03-02 09:32:50.854387+00:00
1079091,213001,2025-03-01 17:48:30.036411+00:00,2025-03-02 09:32:50.854387+00:00
1079091,1855143,2025-03-01 17:48:30.036411+00:00,2025-03-02 09:32:50.854387+00:00
1079202,1155671,2025-03-01 17:48:30.036411+00:00,2025-03-02 09:32:50.854387+00:00
1079202,50093,2025-03-01 17:48:30.036411+00:00,2025-03-02 09:32:50.854387+00:00
1079202,2038235,2025-03-01 17:48:30.036411+00:00,2025-03-02 09:32:50.854387+00:00
1079202,1441487,2025-03-01 17:48:30.036411+00:00,2025-03-02 09:32:50.854387+00:00
1079202,6120,2025-03-01 17:48:30.036411+00:00,2025-03-02 09:32:50.854387+00:00
1079485,4429409,2025-03-01 17:48:30.036411+00:00,2025-03-02 09:32:50.854387+00:00
1079485,93492,2025-03-01 17:48:30.036411+00:00,2025-03-02 09:32:50.854387+00:00
1079485,1325532,2025-03-01 17:48:30.036411+00:00,2025-03-02 09:32:50.854387+00:00
1079485,1508760,2025-03-01 17:48:30.036411+00:00,2025-03-02 09:32:50.854387+00:00
1079485,1482026,2025-03-01 17:48:30.036411+00:00,2025-03-02 09:32:50.854387+00:00
1079810,1353826,2025-03-01 17:48:30.036411+00:00,2025-03-02 09:32:50.854387+00:00
1079810,1338902,2025-03-01 17:48:30.036411+00:00,2025-03-02 09:32:50.854387+00:00
1079810,11159,2025-03-01 17:48:30.036411+00:00,2025-03-02 09:32:50.854387+00:00
1079810,6065,2025-03-01 17:48:30.036411+00:00,2025-03-02 09:32:50.854387+00:00
1079810,19487,2025-03-01 17:48:30.036411+00:00,2025-03-02 09:32:50.854387+00:00
1080494,1708946,2025-03-01 17:48:30.036411+00:00,2025-03-02 09:32:50.854387+00:00
1080494,96907,2025-03-01 17:48:30.036411+00:00,2025-03-02 09:32:50.854387+00:00
1080494,126719,2025-03-01 17:48:30.036411+00:00,2025-03-02 09:32:50.854387+00:00
1080494,1017333,2025-03-01 17:48:30.036411+00:00,2025-03-02 09:32:50.854387+00:00
1080494,3898096,2025-03-01 17:48:30.036411+00:00,2025-03-02 09:32:50.854387+00:00
1081012,94797,2025-03-01 17:48:30.036411+00:00,2025-03-02 09:32:50.854387+00:00
1081012,4728,2025-03-01 17:48:30.036411+00:00,2025-03-02 09:32:50.854387+00:00
1081012,95686,2025-03-01 17:48:30.036411+00:00,2025-03-02 09:32:50.854387+00:00
1081012,2174509,2025-03-01 17:48:30.036411+00:00,2025-03-02 09:32:50.854387+00:00
1081012,2569318,2025-03-01 17:48:30.036411+00:00,2025-03-02 09:32:50.854387+00:00
1081640,122647,2025-03-01 17:48:30.036411+00:00,2025-03-02 09:32:50.854387+00:00
1081640,1324472,2025-03-01 17:48:30.036411+00:00,2025-03-02 09:32:50.854387+00:00
1081640,1613352,2025-03-01 17:48:30.036411+00:00,2025-03-02 09:32:50.854387+00:00
1081640,1647556,2025-03-01 17:48:30.036411+00:00,2025-03-02 09:32:50.854387+00:00
1081640,1252731,2025-03-01 17:48:30.036411+00:00,2025-03-02 09:32:50.854387+00:00
1081641,1388751,2025-03-01 17:48:30.036411+00:00,2025-03-02 09:32:50.854387+00:00
1081641,1324468,2025-03-01 17:48:30.036411+00:00,2025-03-02 09:32:50.854387+00:00
1081641,1246422,2025-03-01 17:48:30.036411+00:00,2025-03-02 09:32:50.854387+00:00
1081641,1252731,2025-03-01 17:48:30.036411+00:00,2025-03-02 09:32:50.854387+00:00
1081641,1613352,2025-03-01 17:48:30.036411+00:00,2025-03-02 09:32:50.854387+00:00
1083862,556275,2025-03-01 17:48:30.036411+00:00,2025-03-02 09:32:50.854387+00:00
1083862,91443,2025-03-01 17:48:30.036411+00:00,2025-03-02 09:32:50.854387+00:00
1083862,3015384,2025-03-01 17:48:30.036411+00:00,2025-03-02 09:32:50.854387+00:00
1083862,78044,2025-03-01 17:48:30.036411+00:00,2025-03-02 09:32:50.854387+00:00
1083862,1618860,2025-03-01 17:48:30.036411+00:00,2025-03-02 09:32:50.854387+00:00
1083971,1190970,2025-03-01 17:48:30.036411+00:00,2025-03-02 09:32:50.854387+00:00
1083971,1174366,2025-03-01 17:48:30.036411+00:00,2025-03-02 09:32:50.854387+00:00
1083971,65354,2025-03-01 17:48:30.036411+00:00,2025-03-02 09:32:50.854387+00:00
1083971,2298208,2025-03-01 17:48:30.036411+00:00,2025-03-02 09:32:50.854387+00:00
1083971,2624789,2025-03-01 17:48:30.036411+00:00,2025-03-02 09:32:50.854387+00:00
1084199,1030513,2025-03-01 17:48:30.036411+00:00,2025-03-02 09:32:50.854387+00:00
1084199,1371509,2025-03-01 17:48:30.036411+00:00,2025-03-02 09:32:50.854387+00:00
1084199,1981044,2025-03-01 17:48:30.036411+00:00,2025-03-02 09:32:50.854387+00:00
1084199,210172,2025-03-01 17:48:30.036411+00:00,2025-03-02 09:32:50.854387+00:00
1084199,2073513,2025-03-01 17:48:30.036411+00:00,2025-03-02 09:32:50.854387+00:00
1084740,4379557,2025-03-01 17:48:30.036411+00:00,2025-03-02 09:32:50.854387+00:00
1084740,1200923,2025-03-01 17:48:30.036411+00:00,2025-03-02 09:32:50.854387+00:00
1084740,65354,2025-03-01 17:48:30.036411+00:00,2025-03-02 09:32:50.854387+00:00
1084740,4287770,2025-03-01 17:48:30.036411+00:00,2025-03-02 09:32:50.854387+00:00
1084740,2865949,2025-03-01 17:48:30.036411+00:00,2025-03-02 09:32:50.854387+00:00
1084783,143036,2025-03-01 17:48:30.036411+00:00,2025-03-02 09:32:50.854387+00:00
1085218,234907,2025-03-01 17:48:30.036411+00:00,2025-03-02 09:32:50.854387+00:00
1085218,32682,2025-03-01 17:48:30.036411+00:00,2025-03-02 09:32:50.854387+00:00
1085218,90514,2025-03-01 17:48:30.036411+00:00,2025-03-02 09:32:50.854387+00:00
1085218,1178394,2025-03-01 17:48:30.036411+00:00,2025-03-02 09:32:50.854387+00:00
1085218,3236472,2025-03-01 17:48:30.036411+00:00,2025-03-02 09:32:50.854387+00:00
1085574,2984519,2025-03-01 17:48:30.036411+00:00,2025-03-02 09:32:50.854387+00:00
1085574,2351942,2025-03-01 17:48:30.036411+00:00,2025-03-02 09:32:50.854387+00:00
1085574,1948453,2025-03-01 17:48:30.036411+00:00,2025-03-02 09:32:50.854387+00:00
1085574,1833062,2025-03-01 17:48:30.036411+00:00,2025-03-02 09:32:50.854387+00:00
1085574,2698691,2025-03-01 17:48:30.036411+00:00,2025-03-02 09:32:50.854387+00:00
1086011,3140423,2025-03-01 17:48:30.036411+00:00,2025-03-02 09:32:50.854387+00:00
1086011,58611,2025-03-01 17:48:30.036411+00:00,2025-03-02 09:32:50.854387+00:00
1086011,1369100,2025-03-01 17:48:30.036411+00:00,2025-03-02 09:32:50.854387+00:00
1086011,1696207,2025-03-01 17:48:30.036411+00:00,2025-03-02 09:32:50.854387+00:00
1086011,1256882,2025-03-01 17:48:30.036411+00:00,2025-03-02 09:32:50.854387+00:00
1086591,1254672,2025-03-01 17:48:30.036411+00:00,2025-03-02 09:32:50.854387+00:00
1086591,1288294,2025-03-01 17:48:30.036411+00:00,2025-03-02 09:32:50.854387+00:00
1086591,1168909,2025-03-01 17:48:30.036411+00:00,2025-03-02 09:32:50.854387+00:00
1086591,1588597,2025-03-01 17:48:30.036411+00:00,2025-03-02 09:32:50.854387+00:00
1086591,1324666,2025-03-01 17:48:30.036411+00:00,2025-03-02 09:32:50.854387+00:00
1086747,933272,2025-03-01 17:48:30.036411+00:00,2025-03-02 09:32:50.854387+00:00
1086747,1335315,2025-03-01 17:48:30.036411+00:00,2025-03-02 09:32:50.854387+00:00
1086747,501,2025-03-01 17:48:30.036411+00:00,2025-03-02 09:32:50.854387+00:00
1086747,2710312,2025-03-01 17:48:30.036411+00:00,2025-03-02 09:32:50.854387+00:00
1086747,231666,2025-03-01 17:48:30.036411+00:00,2025-03-02 09:32:50.854387+00:00
1087388,1213279,2025-03-01 17:48:30.036411+00:00,2025-03-02 09:32:50.854387+00:00
1087388,37287,2025-03-01 17:48:30.036411+00:00,2025-03-02 09:32:50.854387+00:00
1087388,2431565,2025-03-01 17:48:30.036411+00:00,2025-03-02 09:32:50.854387+00:00
1087388,1146114,2025-03-01 17:48:30.036411+00:00,2025-03-02 09:32:50.854387+00:00
1087388,75893,2025-03-01 17:48:30.036411+00:00,2025-03-02 09:32:50.854387+00:00
1087822,1490856,2025-03-01 17:48:30.036411+00:00,2025-03-02 09:32:50.854387+00:00
1087822,1385813,2025-03-01 17:48:30.036411+00:00,2025-03-02 09:32:50.854387+00:00
1087822,2168270,2025-03-01 17:48:30.036411+00:00,2025-03-02 09:32:50.854387+00:00
1087822,1292258,2025-03-01 17:48:30.036411+00:00,2025-03-02 09:32:50.854387+00:00
1087822,1361520,2025-03-01 17:48:30.036411+00:00,2025-03-02 09:32:50.854387+00:00
1088428,2769638,2025-03-01 17:48:30.036411+00:00,2025-03-02 09:32:50.854387+00:00
1088428,2527506,2025-03-01 17:48:30.036411+00:00,2025-03-02 09:32:50.854387+00:00
1088428,4254604,2025-03-01 17:48:30.036411+00:00,2025-03-02 09:32:50.854387+00:00
1088428,4254607,2025-03-01 17:48:30.036411+00:00,2025-03-02 09:32:50.854387+00:00
1088428,126719,2025-03-01 17:48:30.036411+00:00,2025-03-02 09:32:50.854387+00:00
1088514,3063,2025-03-01 17:48:30.036411+00:00,2025-03-02 09:32:50.854387+00:00
1088514,36632,2025-03-01 17:48:30.036411+00:00,2025-03-02 09:32:50.854387+00:00
1088514,4941,2025-03-01 17:48:30.036411+00:00,2025-03-02 09:32:50.854387+00:00
1088514,1231,2025-03-01 17:48:30.036411+00:00,2025-03-02 09:32:50.854387+00:00
1088514,1241,2025-03-01 17:48:30.036411+00:00,2025-03-02 09:32:50.854387+00:00
1088851,1373422,2025-03-01 17:48:30.036411+00:00,2025-03-02 09:32:50.854387+00:00
1088851,2248423,2025-03-01 17:48:30.036411+00:00,2025-03-02 09:32:50.854387+00:00
1088851,87017,2025-03-01 17:48:30.036411+00:00,2025-03-02 09:32:50.854387+00:00
1088851,3512980,2025-03-01 17:48:30.036411+00:00,2025-03-02 09:32:50.854387+00:00
1088851,592475,2025-03-01 17:48:30.036411+00:00,2025-03-02 09:32:50.854387+00:00
1090024,1859256,2025-03-01 17:48:30.036411+00:00,2025-03-02 09:32:50.854387+00:00
1090024,3933237,2025-03-01 17:48:30.036411+00:00,2025-03-02 09:32:50.854387+00:00
1090024,1881471,2025-03-01 17:48:30.036411+00:00,2025-03-02 09:32:50.854387+00:00
1090024,2228194,2025-03-01 17:48:30.036411+00:00,2025-03-02 09:32:50.854387+00:00
1090024,3933236,2025-03-01 17:48:30.036411+00:00,2025-03-02 09:32:50.854387+00:00
1090031,3917908,2025-03-01 17:48:30.036411+00:00,2025-03-02 09:32:50.854387+00:00
1090031,4131510,2025-03-01 17:48:30.036411+00:00,2025-03-02 09:32:50.854387+00:00
1090031,2970107,2025-03-01 17:48:30.036411+00:00,2025-03-02 09:32:50.854387+00:00
1090031,4131509,2025-03-01 17:48:30.036411+00:00,2025-03-02 09:32:50.854387+00:00
1090031,4005024,2025-03-01 17:48:30.036411+00:00,2025-03-02 09:32:50.854387+00:00
1091044,1027740,2025-03-01 17:48:30.036411+00:00,2025-03-02 09:32:50.854387+00:00
1091044,31422,2025-03-01 17:48:30.036411+00:00,2025-03-02 09:32:50.854387+00:00
1091044,2017467,2025-03-01 17:48:30.036411+00:00,2025-03-02 09:32:50.854387+00:00
1091044,24895,2025-03-01 17:48:30.036411+00:00,2025-03-02 09:32:50.854387+00:00
1091044,26282,2025-03-01 17:48:30.036411+00:00,2025-03-02 09:32:50.854387+00:00
1091051,2176671,2025-03-01 17:48:30.036411+00:00,2025-03-02 09:32:50.854387+00:00
1091051,2273915,2025-03-01 17:48:30.036411+00:00,2025-03-02 09:32:50.854387+00:00
1091051,1413827,2025-03-01 17:48:30.036411+00:00,2025-03-02 09:32:50.854387+00:00
1091051,2838969,2025-03-01 17:48:30.036411+00:00,2025-03-02 09:32:50.854387+00:00
1091051,1834243,2025-03-01 17:48:30.036411+00:00,2025-03-02 09:32:50.854387+00:00
1091360,1804873,2025-03-01 17:48:30.036411+00:00,2025-03-02 09:32:50.854387+00:00
1091360,116488,2025-03-01 17:48:30.036411+00:00,2025-03-02 09:32:50.854387+00:00
1093215,2758431,2025-03-01 17:48:30.036411+00:00,2025-03-02 09:32:50.854387+00:00
1093215,4257604,2025-03-01 17:48:30.036411+00:00,2025-03-02 09:32:50.854387+00:00
1093215,1527048,2025-03-01 17:48:30.036411+00:00,2025-03-02 09:32:50.854387+00:00
1093215,3831527,2025-03-01 17:48:30.036411+00:00,2025-03-02 09:32:50.854387+00:00
1093215,3831524,2025-03-01 17:48:30.036411+00:00,2025-03-02 09:32:50.854387+00:00
1093453,2924196,2025-03-01 17:48:30.036411+00:00,2025-03-02 09:32:50.854387+00:00
1093453,3943861,2025-03-01 17:48:30.036411+00:00,2025-03-02 09:32:50.854387+00:00
1093453,3319980,2025-03-01 17:48:30.036411+00:00,2025-03-02 09:32:50.854387+00:00
1093453,3356314,2025-03-01 17:48:30.036411+00:00,2025-03-02 09:32:50.854387+00:00
1093453,3130857,2025-03-01 17:48:30.036411+00:00,2025-03-02 09:32:50.854387+00:00
1093485,940339,2025-03-01 17:48:30.036411+00:00,2025-03-02 09:32:50.854387+00:00
1093485,78875,2025-03-01 17:48:30.036411+00:00,2025-03-02 09:32:50.854387+00:00
1093485,1223043,2025-03-01 17:48:30.036411+00:00,2025-03-02 09:32:50.854387+00:00
1093485,21908,2025-03-01 17:48:30.036411+00:00,2025-03-02 09:32:50.854387+00:00
1093485,1276628,2025-03-01 17:48:30.036411+00:00,2025-03-02 09:32:50.854387+00:00
1094482,1287268,2025-03-01 17:48:30.036411+00:00,2025-03-02 09:32:50.854387+00:00
1094482,72932,2025-03-01 17:48:30.036411+00:00,2025-03-02 09:32:50.854387+00:00
1094482,545825,2025-03-01 17:48:30.036411+00:00,2025-03-02 09:32:50.854387+00:00
1094482,1401526,2025-03-01 17:48:30.036411+00:00,2025-03-02 09:32:50.854387+00:00
1094482,4652475,2025-03-01 17:48:30.036411+00:00,2025-03-02 09:32:50.854387+00:00
1095805,937493,2025-03-01 17:48:30.036411+00:00,2025-03-02 09:32:50.854387+00:00
1095805,2217481,2025-03-01 17:48:30.036411+00:00,2025-03-02 09:32:50.854387+00:00
1095805,65931,2025-03-01 17:48:30.036411+00:00,2025-03-02 09:32:50.854387+00:00
1095805,1529401,2025-03-01 17:48:30.036411+00:00,2025-03-02 09:32:50.854387+00:00
1095805,100585,2025-03-01 17:48:30.036411+00:00,2025-03-02 09:32:50.854387+00:00
1096018,3759554,2025-03-01 17:48:30.036411+00:00,2025-03-02 09:32:50.854387+00:00
1097549,3435887,2025-03-01 17:48:30.036411+00:00,2025-03-02 09:32:50.854387+00:00
1097549,1716493,2025-03-01 17:48:30.036411+00:00,2025-03-02 09:32:50.854387+00:00
1097549,2227,2025-03-01 17:48:30.036411+00:00,2025-03-02 09:32:50.854387+00:00
1097549,3131,2025-03-01 17:48:30.036411+00:00,2025-03-02 09:32:50.854387+00:00
1097549,3115932,2025-03-01 17:48:30.036411+00:00,2025-03-02 09:32:50.854387+00:00
1098275,4469726,2025-03-01 17:48:30.036411+00:00,2025-03-02 09:32:50.854387+00:00
1098275,4469724,2025-03-01 17:48:30.036411+00:00,2025-03-02 09:32:50.854387+00:00
1098275,4469723,2025-03-01 17:48:30.036411+00:00,2025-03-02 09:32:50.854387+00:00
1098275,4469727,2025-03-01 17:48:30.036411+00:00,2025-03-02 09:32:50.854387+00:00
1098275,4469721,2025-03-01 17:48:30.036411+00:00,2025-03-02 09:32:50.854387+00:00
1099217,552084,2025-03-01 17:48:30.036411+00:00,2025-03-02 09:32:50.854387+00:00
1099217,102883,2025-03-01 17:48:30.036411+00:00,2025-03-02 09:32:50.854387+00:00
1099217,1310288,2025-03-01 17:48:30.036411+00:00,2025-03-02 09:32:50.854387+00:00
1099217,65986,2025-03-01 17:48:30.036411+00:00,2025-03-02 09:32:50.854387+00:00
1099217,2067022,2025-03-01 17:48:30.036411+00:00,2025-03-02 09:32:50.854387+00:00
1100705,3897364,2025-03-01 17:48:30.036411+00:00,2025-03-02 09:32:50.854387+00:00
1100705,2420113,2025-03-01 17:48:30.036411+00:00,2025-03-02 09:32:50.854387+00:00
1100705,3185491,2025-03-01 17:48:30.036411+00:00,2025-03-02 09:32:50.854387+00:00
1100705,545200,2025-03-01 17:48:30.036411+00:00,2025-03-02 09:32:50.854387+00:00
1100782,1371509,2025-03-01 17:48:30.036411+00:00,2025-03-02 09:32:50.854387+00:00
1100782,240724,2025-03-01 17:48:30.036411+00:00,2025-03-02 09:32:50.854387+00:00
1100782,3535991,2025-03-01 17:48:30.036411+00:00,2025-03-02 09:32:50.854387+00:00
1100782,14892,2025-03-01 17:48:30.036411+00:00,2025-03-02 09:32:50.854387+00:00
1100782,31514,2025-03-01 17:48:30.036411+00:00,2025-03-02 09:32:50.854387+00:00
1100901,3074807,2025-03-01 17:48:30.036411+00:00,2025-03-02 09:32:50.854387+00:00
1100901,3454936,2025-03-01 17:48:30.036411+00:00,2025-03-02 09:32:50.854387+00:00
1100901,1529401,2025-03-01 17:48:30.036411+00:00,2025-03-02 09:32:50.854387+00:00
1100901,2557400,2025-03-01 17:48:30.036411+00:00,2025-03-02 09:32:50.854387+00:00
1100901,232770,2025-03-01 17:48:30.036411+00:00,2025-03-02 09:32:50.854387+00:00
1101181,91873,2025-03-01 17:48:30.036411+00:00,2025-03-02 09:32:50.854387+00:00
1101181,13283,2025-03-01 17:48:30.036411+00:00,2025-03-02 09:32:50.854387+00:00
1101181,1348015,2025-03-01 17:48:30.036411+00:00,2025-03-02 09:32:50.854387+00:00
1101181,2288018,2025-03-01 17:48:30.036411+00:00,2025-03-02 09:32:50.854387+00:00
1101181,1388624,2025-03-01 17:48:30.036411+00:00,2025-03-02 09:32:50.854387+00:00
1101256,5166336,2025-03-01 17:48:30.036411+00:00,2025-03-02 09:32:50.854387+00:00
1101256,5166337,2025-03-01 17:48:30.036411+00:00,2025-03-02 09:32:50.854387+00:00
1101256,5166335,2025-03-01 17:48:30.036411+00:00,2025-03-02 09:32:50.854387+00:00
1101256,5166333,2025-03-01 17:48:30.036411+00:00,2025-03-02 09:32:50.854387+00:00
1101256,5166334,2025-03-01 17:48:30.036411+00:00,2025-03-02 09:32:50.854387+00:00
1101734,1115068,2025-03-01 17:48:30.036411+00:00,2025-03-02 09:32:50.854387+00:00
1101734,25653,2025-03-01 17:48:30.036411+00:00,2025-03-02 09:32:50.854387+00:00
1101734,40450,2025-03-01 17:48:30.036411+00:00,2025-03-02 09:32:50.854387+00:00
1101734,1006012,2025-03-01 17:48:30.036411+00:00,2025-03-02 09:32:50.854387+00:00
1101734,3669107,2025-03-01 17:48:30.036411+00:00,2025-03-02 09:32:50.854387+00:00
1102510,1026380,2025-03-01 17:48:30.036411+00:00,2025-03-02 09:32:50.854387+00:00
1102510,4691805,2025-03-01 17:48:30.036411+00:00,2025-03-02 09:32:50.854387+00:00
1102510,2886522,2025-03-01 17:48:30.036411+00:00,2025-03-02 09:32:50.854387+00:00
1102510,4691803,2025-03-01 17:48:30.036411+00:00,2025-03-02 09:32:50.854387+00:00
1102510,1327163,2025-03-01 17:48:30.036411+00:00,2025-03-02 09:32:50.854387+00:00
1102857,131290,2025-03-01 17:48:30.036411+00:00,2025-03-02 09:32:50.854387+00:00
1102857,2406067,2025-03-01 17:48:30.036411+00:00,2025-03-02 09:32:50.854387+00:00
1102857,1418977,2025-03-01 17:48:30.036411+00:00,2025-03-02 09:32:50.854387+00:00
1102857,1748260,2025-03-01 17:48:30.036411+00:00,2025-03-02 09:32:50.854387+00:00
1102857,39126,2025-03-01 17:48:30.036411+00:00,2025-03-02 09:32:50.854387+00:00
1103621,555778,2025-03-01 17:48:30.036411+00:00,2025-03-02 09:32:50.854387+00:00
1103621,1270506,2025-03-01 17:48:30.036411+00:00,2025-03-02 09:32:50.854387+00:00
1103621,1659249,2025-03-01 17:48:30.036411+00:00,2025-03-02 09:32:50.854387+00:00
1103621,2729283,2025-03-01 17:48:30.036411+00:00,2025-03-02 09:32:50.854387+00:00
1103621,4544982,2025-03-01 17:48:30.036411+00:00,2025-03-02 09:32:50.854387+00:00
1104840,491,2025-03-01 17:48:30.036411+00:00,2025-03-02 09:32:50.854387+00:00
1104840,5805,2025-03-01 17:48:30.036411+00:00,2025-03-02 09:32:50.854387+00:00
1104840,1221217,2025-03-01 17:48:30.036411+00:00,2025-03-02 09:32:50.854387+00:00
1104840,1228056,2025-03-01 17:48:30.036411+00:00,2025-03-02 09:32:50.854387+00:00
1104840,142592,2025-03-01 17:48:30.036411+00:00,2025-03-02 09:32:50.854387+00:00
1104844,3195937,2025-03-01 17:48:30.036411+00:00,2025-03-02 09:32:50.854387+00:00
1104844,1210634,2025-03-01 17:48:30.036411+00:00,2025-03-02 09:32:50.854387+00:00
1104844,2534630,2025-03-01 17:48:30.036411+00:00,2025-03-02 09:32:50.854387+00:00
1104844,1492992,2025-03-01 17:48:30.036411+00:00,2025-03-02 09:32:50.854387+00:00
1104844,1254260,2025-03-01 17:48:30.036411+00:00,2025-03-02 09:32:50.854387+00:00
1106528,3155113,2025-03-01 17:48:30.036411+00:00,2025-03-02 09:32:50.854387+00:00
1106528,3289678,2025-03-01 17:48:30.036411+00:00,2025-03-02 09:32:50.854387+00:00
1106528,3610503,2025-03-01 17:48:30.036411+00:00,2025-03-02 09:32:50.854387+00:00
1106528,2453132,2025-03-01 17:48:30.036411+00:00,2025-03-02 09:32:50.854387+00:00
1106732,1101349,2025-03-01 17:48:30.036411+00:00,2025-03-02 09:32:50.854387+00:00
1106732,1252318,2025-03-01 17:48:30.036411+00:00,2025-03-02 09:32:50.854387+00:00
1106732,1544086,2025-03-01 17:48:30.036411+00:00,2025-03-02 09:32:50.854387+00:00
1106732,1997030,2025-03-01 17:48:30.036411+00:00,2025-03-02 09:32:50.854387+00:00
1106732,1708542,2025-03-01 17:48:30.036411+00:00,2025-03-02 09:32:50.854387+00:00
1106904,572020,2025-03-01 17:48:30.036411+00:00,2025-03-02 09:32:50.854387+00:00
1106904,4156800,2025-03-01 17:48:30.036411+00:00,2025-03-02 09:32:50.854387+00:00
1106904,18056,2025-03-01 17:48:30.036411+00:00,2025-03-02 09:32:50.854387+00:00
1106904,1815948,2025-03-01 17:48:30.036411+00:00,2025-03-02 09:32:50.854387+00:00
1106904,46364,2025-03-01 17:48:30.036411+00:00,2025-03-02 09:32:50.854387+00:00
1108211,2275811,2025-03-01 17:48:30.036411+00:00,2025-03-02 09:32:50.854387+00:00
1108211,1006864,2025-03-01 17:48:30.036411+00:00,2025-03-02 09:32:50.854387+00:00
1108211,1743471,2025-03-01 17:48:30.036411+00:00,2025-03-02 09:32:50.854387+00:00
1108211,78253,2025-03-01 17:48:30.036411+00:00,2025-03-02 09:32:50.854387+00:00
1108211,1576969,2025-03-01 17:48:30.036411+00:00,2025-03-02 09:32:50.854387+00:00
1108306,1522605,2025-03-01 17:48:30.036411+00:00,2025-03-02 09:32:50.854387+00:00
1108306,1256547,2025-03-01 17:48:30.036411+00:00,2025-03-02 09:32:50.854387+00:00
1108306,1339188,2025-03-01 17:48:30.036411+00:00,2025-03-02 09:32:50.854387+00:00
1108306,1309253,2025-03-01 17:48:30.036411+00:00,2025-03-02 09:32:50.854387+00:00
1108306,1324927,2025-03-01 17:48:30.036411+00:00,2025-03-02 09:32:50.854387+00:00
1108450,1444187,2025-03-01 17:48:30.036411+00:00,2025-03-02 09:32:50.854387+00:00
1108450,4467,2025-03-01 17:48:30.036411+00:00,2025-03-02 09:32:50.854387+00:00
1108450,142667,2025-03-01 17:48:30.036411+00:00,2025-03-02 09:32:50.854387+00:00
1108450,4458,2025-03-01 17:48:30.036411+00:00,2025-03-02 09:32:50.854387+00:00
1109237,4267737,2025-03-01 17:48:30.036411+00:00,2025-03-02 09:32:50.854387+00:00
1109237,3712941,2025-03-01 17:48:30.036411+00:00,2025-03-02 09:32:50.854387+00:00
1109237,2586040,2025-03-01 17:48:30.036411+00:00,2025-03-02 09:32:50.854387+00:00
1109237,3161782,2025-03-01 17:48:30.036411+00:00,2025-03-02 09:32:50.854387+00:00
1109237,4267741,2025-03-01 17:48:30.036411+00:00,2025-03-02 09:32:50.854387+00:00
1111750,981717,2025-03-01 17:48:30.036411+00:00,2025-03-02 09:32:50.854387+00:00
1111750,4004860,2025-03-01 17:48:30.036411+00:00,2025-03-02 09:32:50.854387+00:00
1111750,4004861,2025-03-01 17:48:30.036411+00:00,2025-03-02 09:32:50.854387+00:00
1111750,4004859,2025-03-01 17:48:30.036411+00:00,2025-03-02 09:32:50.854387+00:00
1111750,4104108,2025-03-01 17:48:30.036411+00:00,2025-03-02 09:32:50.854387+00:00
1111873,1373659,2025-03-01 17:48:30.036411+00:00,2025-03-02 09:32:50.854387+00:00
1111873,221018,2025-03-01 17:48:30.036411+00:00,2025-03-02 09:32:50.854387+00:00
1111873,1962720,2025-03-01 17:48:30.036411+00:00,2025-03-02 09:32:50.854387+00:00
1111873,221192,2025-03-01 17:48:30.036411+00:00,2025-03-02 09:32:50.854387+00:00
1111873,2442117,2025-03-01 17:48:30.036411+00:00,2025-03-02 09:32:50.854387+00:00
1112357,118331,2025-03-01 17:48:30.036411+00:00,2025-03-02 09:32:50.854387+00:00
1112357,143741,2025-03-01 17:48:30.036411+00:00,2025-03-02 09:32:50.854387+00:00
1112357,227084,2025-03-01 17:48:30.036411+00:00,2025-03-02 09:32:50.854387+00:00
1112357,3497513,2025-03-01 17:48:30.036411+00:00,2025-03-02 09:32:50.854387+00:00
1112357,1754218,2025-03-01 17:48:30.036411+00:00,2025-03-02 09:32:50.854387+00:00
1113071,1190450,2025-03-01 17:48:30.036411+00:00,2025-03-02 09:32:50.854387+00:00
1113071,1026331,2025-03-01 17:48:30.036411+00:00,2025-03-02 09:32:50.854387+00:00
1113071,1272465,2025-03-01 17:48:30.036411+00:00,2025-03-02 09:32:50.854387+00:00
1113071,1339328,2025-03-01 17:48:30.036411+00:00,2025-03-02 09:32:50.854387+00:00
1113071,2517746,2025-03-01 17:48:30.036411+00:00,2025-03-02 09:32:50.854387+00:00
1113085,4194613,2025-03-01 17:48:30.036411+00:00,2025-03-02 09:32:50.854387+00:00
1113085,2417467,2025-03-01 17:48:30.036411+00:00,2025-03-02 09:32:50.854387+00:00
1113085,3321239,2025-03-01 17:48:30.036411+00:00,2025-03-02 09:32:50.854387+00:00
1113085,1340824,2025-03-01 17:48:30.036411+00:00,2025-03-02 09:32:50.854387+00:00
1113085,1991010,2025-03-01 17:48:30.036411+00:00,2025-03-02 09:32:50.854387+00:00
1113119,1839889,2025-03-01 17:48:30.036411+00:00,2025-03-02 09:32:50.854387+00:00
1113119,4309726,2025-03-01 17:48:30.036411+00:00,2025-03-02 09:32:50.854387+00:00
1113119,4166261,2025-03-01 17:48:30.036411+00:00,2025-03-02 09:32:50.854387+00:00
1113119,3685470,2025-03-01 17:48:30.036411+00:00,2025-03-02 09:32:50.854387+00:00
1113119,1839886,2025-03-01 17:48:30.036411+00:00,2025-03-02 09:32:50.854387+00:00
1113142,3116307,2025-03-01 17:48:30.036411+00:00,2025-03-02 09:32:50.854387+00:00
1113142,4042893,2025-03-01 17:48:30.036411+00:00,2025-03-02 09:32:50.854387+00:00
1113142,4042892,2025-03-01 17:48:30.036411+00:00,2025-03-02 09:32:50.854387+00:00
1113142,4042895,2025-03-01 17:48:30.036411+00:00,2025-03-02 09:32:50.854387+00:00
1113142,3860801,2025-03-01 17:48:30.036411+00:00,2025-03-02 09:32:50.854387+00:00
1113278,74949,2025-03-01 17:48:30.036411+00:00,2025-03-02 09:32:50.854387+00:00
1113278,84466,2025-03-01 17:48:30.036411+00:00,2025-03-02 09:32:50.854387+00:00
1113278,12643,2025-03-01 17:48:30.036411+00:00,2025-03-02 09:32:50.854387+00:00
1113278,1569178,2025-03-01 17:48:30.036411+00:00,2025-03-02 09:32:50.854387+00:00
1113278,27136,2025-03-01 17:48:30.036411+00:00,2025-03-02 09:32:50.854387+00:00
1114205,1419894,2025-03-01 17:48:30.036411+00:00,2025-03-02 09:32:50.854387+00:00
1114205,115648,2025-03-01 17:48:30.036411+00:00,2025-03-02 09:32:50.854387+00:00
1114205,1784542,2025-03-01 17:48:30.036411+00:00,2025-03-02 09:32:50.854387+00:00
1114205,1257215,2025-03-01 17:48:30.036411+00:00,2025-03-02 09:32:50.854387+00:00
1114205,3640211,2025-03-01 17:48:30.036411+00:00,2025-03-02 09:32:50.854387+00:00
1114513,5530,2025-03-01 17:48:30.036411+00:00,2025-03-02 09:32:50.854387+00:00
1114513,59233,2025-03-01 17:48:30.036411+00:00,2025-03-02 09:32:50.854387+00:00
1114513,1323109,2025-03-01 17:48:30.036411+00:00,2025-03-02 09:32:50.854387+00:00
1114513,2556026,2025-03-01 17:48:30.036411+00:00,2025-03-02 09:32:50.854387+00:00
1114513,1110405,2025-03-01 17:48:30.036411+00:00,2025-03-02 09:32:50.854387+00:00
1114775,2973301,2025-03-01 17:48:30.036411+00:00,2025-03-02 09:32:50.854387+00:00
1114775,64454,2025-03-01 17:48:30.036411+00:00,2025-03-02 09:32:50.854387+00:00
1114775,123664,2025-03-01 17:48:30.036411+00:00,2025-03-02 09:32:50.854387+00:00
1114775,2549743,2025-03-01 17:48:30.036411+00:00,2025-03-02 09:32:50.854387+00:00
1114775,102269,2025-03-01 17:48:30.036411+00:00,2025-03-02 09:32:50.854387+00:00
1115167,2023708,2025-03-01 17:48:30.036411+00:00,2025-03-02 09:32:50.854387+00:00
1115167,842578,2025-03-01 17:48:30.036411+00:00,2025-03-02 09:32:50.854387+00:00
1115167,1078683,2025-03-01 17:48:30.036411+00:00,2025-03-02 09:32:50.854387+00:00
1115167,1084911,2025-03-01 17:48:30.036411+00:00,2025-03-02 09:32:50.854387+00:00
1115167,111639,2025-03-01 17:48:30.036411+00:00,2025-03-02 09:32:50.854387+00:00
1117166,3906144,2025-03-01 17:48:30.036411+00:00,2025-03-02 09:32:50.854387+00:00
1117166,2824501,2025-03-01 17:48:30.036411+00:00,2025-03-02 09:32:50.854387+00:00
1117291,1584816,2025-03-01 17:48:30.036411+00:00,2025-03-02 09:32:50.854387+00:00
1117291,1756186,2025-03-01 17:48:30.036411+00:00,2025-03-02 09:32:50.854387+00:00
1117291,4024068,2025-03-01 17:48:30.036411+00:00,2025-03-02 09:32:50.854387+00:00
1117291,4088702,2025-03-01 17:48:30.036411+00:00,2025-03-02 09:32:50.854387+00:00
1117291,4161155,2025-03-01 17:48:30.036411+00:00,2025-03-02 09:32:50.854387+00:00
1117609,1221143,2025-03-01 17:48:30.036411+00:00,2025-03-02 09:32:50.854387+00:00
1117609,1717121,2025-03-01 17:48:30.036411+00:00,2025-03-02 09:32:50.854387+00:00
1117609,1164931,2025-03-01 17:48:30.036411+00:00,2025-03-02 09:32:50.854387+00:00
1117609,2492164,2025-03-01 17:48:30.036411+00:00,2025-03-02 09:32:50.854387+00:00
1117609,1279666,2025-03-01 17:48:30.036411+00:00,2025-03-02 09:32:50.854387+00:00
1119114,124402,2025-03-01 17:48:30.036411+00:00,2025-03-02 09:32:50.854387+00:00
1119114,1105808,2025-03-01 17:48:30.036411+00:00,2025-03-02 09:32:50.854387+00:00
1119114,100766,2025-03-01 17:48:30.036411+00:00,2025-03-02 09:32:50.854387+00:00
1119114,1328328,2025-03-01 17:48:30.036411+00:00,2025-03-02 09:32:50.854387+00:00
1119114,25648,2025-03-01 17:48:30.036411+00:00,2025-03-02 09:32:50.854387+00:00
1119211,65438,2025-03-01 17:48:30.036411+00:00,2025-03-02 09:32:50.854387+00:00
1119211,1296667,2025-03-01 17:48:30.036411+00:00,2025-03-02 09:32:50.854387+00:00
1119211,221773,2025-03-01 17:48:30.036411+00:00,2025-03-02 09:32:50.854387+00:00
1119211,1065297,2025-03-01 17:48:30.036411+00:00,2025-03-02 09:32:50.854387+00:00
1119211,1253008,2025-03-01 17:48:30.036411+00:00,2025-03-02 09:32:50.854387+00:00
1120459,3436473,2025-03-01 17:48:30.036411+00:00,2025-03-02 09:32:50.854387+00:00
1120459,2627937,2025-03-01 17:48:30.036411+00:00,2025-03-02 09:32:50.854387+00:00
1120459,2209693,2025-03-01 17:48:30.036411+00:00,2025-03-02 09:32:50.854387+00:00
1120459,225532,2025-03-01 17:48:30.036411+00:00,2025-03-02 09:32:50.854387+00:00
1120459,1875752,2025-03-01 17:48:30.036411+00:00,2025-03-02 09:32:50.854387+00:00
1120846,1328328,2025-03-01 17:48:30.036411+00:00,2025-03-02 09:32:50.854387+00:00
1120846,230659,2025-03-01 17:48:30.036411+00:00,2025-03-02 09:32:50.854387+00:00
1120846,87637,2025-03-01 17:48:30.036411+00:00,2025-03-02 09:32:50.854387+00:00
1120846,1505062,2025-03-01 17:48:30.036411+00:00,2025-03-02 09:32:50.854387+00:00
1120846,2109360,2025-03-01 17:48:30.036411+00:00,2025-03-02 09:32:50.854387+00:00
1121326,4171892,2025-03-01 17:48:30.036411+00:00,2025-03-02 09:32:50.854387+00:00
1121326,1316420,2025-03-01 17:48:30.036411+00:00,2025-03-02 09:32:50.854387+00:00
1121326,2303387,2025-03-01 17:48:30.036411+00:00,2025-03-02 09:32:50.854387+00:00
1121326,38285,2025-03-01 17:48:30.036411+00:00,2025-03-02 09:32:50.854387+00:00
1121326,1260975,2025-03-01 17:48:30.036411+00:00,2025-03-02 09:32:50.854387+00:00
1121962,4010911,2025-03-01 17:48:30.036411+00:00,2025-03-02 09:32:50.854387+00:00
1121962,1983394,2025-03-01 17:48:30.036411+00:00,2025-03-02 09:32:50.854387+00:00
1121962,2273537,2025-03-01 17:48:30.036411+00:00,2025-03-02 09:32:50.854387+00:00
1122715,1234448,2025-03-01 17:48:30.036411+00:00,2025-03-02 09:32:50.854387+00:00
1122715,1234450,2025-03-01 17:48:30.036411+00:00,2025-03-02 09:32:50.854387+00:00
1122715,114304,2025-03-01 17:48:30.036411+00:00,2025-03-02 09:32:50.854387+00:00
1122715,4455258,2025-03-01 17:48:30.036411+00:00,2025-03-02 09:32:50.854387+00:00
1122715,1234451,2025-03-01 17:48:30.036411+00:00,2025-03-02 09:32:50.854387+00:00
1124341,1318732,2025-03-01 17:48:30.036411+00:00,2025-03-02 09:32:50.854387+00:00
1124341,129706,2025-03-01 17:48:30.036411+00:00,2025-03-02 09:32:50.854387+00:00
1124341,1446601,2025-03-01 17:48:30.036411+00:00,2025-03-02 09:32:50.854387+00:00
1124341,1229895,2025-03-01 17:48:30.036411+00:00,2025-03-02 09:32:50.854387+00:00
1124341,1458942,2025-03-01 17:48:30.036411+00:00,2025-03-02 09:32:50.854387+00:00
1125311,1819796,2025-03-01 17:48:30.036411+00:00,2025-03-02 09:32:50.854387+00:00
1125311,30319,2025-03-01 17:48:30.036411+00:00,2025-03-02 09:32:50.854387+00:00
1125311,2984010,2025-03-01 17:48:30.036411+00:00,2025-03-02 09:32:50.854387+00:00
1125311,206425,2025-03-01 17:48:30.036411+00:00,2025-03-02 09:32:50.854387+00:00
1125311,52462,2025-03-01 17:48:30.036411+00:00,2025-03-02 09:32:50.854387+00:00
1126128,2095812,2025-03-01 17:48:30.036411+00:00,2025-03-02 09:32:50.854387+00:00
1126128,1916568,2025-03-01 17:48:30.036411+00:00,2025-03-02 09:32:50.854387+00:00
1126128,2453005,2025-03-01 17:48:30.036411+00:00,2025-03-02 09:32:50.854387+00:00
1126128,1893305,2025-03-01 17:48:30.036411+00:00,2025-03-02 09:32:50.854387+00:00
1126128,1454161,2025-03-01 17:48:30.036411+00:00,2025-03-02 09:32:50.854387+00:00
1126361,3032547,2025-03-01 17:48:30.036411+00:00,2025-03-02 09:32:50.854387+00:00
1126361,1147137,2025-03-01 17:48:30.036411+00:00,2025-03-02 09:32:50.854387+00:00
1126361,2296920,2025-03-01 17:48:30.036411+00:00,2025-03-02 09:32:50.854387+00:00
1126361,1057923,2025-03-01 17:48:30.036411+00:00,2025-03-02 09:32:50.854387+00:00
1126361,1681939,2025-03-01 17:48:30.036411+00:00,2025-03-02 09:32:50.854387+00:00
1128001,1028517,2025-03-01 17:48:30.036411+00:00,2025-03-02 09:32:50.854387+00:00
1128001,229558,2025-03-01 17:48:30.036411+00:00,2025-03-02 09:32:50.854387+00:00
1128001,1272480,2025-03-01 17:48:30.036411+00:00,2025-03-02 09:32:50.854387+00:00
1128001,1956225,2025-03-01 17:48:30.036411+00:00,2025-03-02 09:32:50.854387+00:00
1128650,65966,2025-03-01 17:48:30.036411+00:00,2025-03-02 09:32:50.854387+00:00
1128650,1341,2025-03-01 17:48:30.036411+00:00,2025-03-02 09:32:50.854387+00:00
1128650,63584,2025-03-01 17:48:30.036411+00:00,2025-03-02 09:32:50.854387+00:00
1128650,144860,2025-03-01 17:48:30.036411+00:00,2025-03-02 09:32:50.854387+00:00
1128650,105940,2025-03-01 17:48:30.036411+00:00,2025-03-02 09:32:50.854387+00:00
1128936,2138500,2025-03-01 17:48:30.036411+00:00,2025-03-02 09:32:50.854387+00:00
1128936,2587281,2025-03-01 17:48:30.036411+00:00,2025-03-02 09:32:50.854387+00:00
1128936,1759885,2025-03-01 17:48:30.036411+00:00,2025-03-02 09:32:50.854387+00:00
1128936,1352056,2025-03-01 17:48:30.036411+00:00,2025-03-02 09:32:50.854387+00:00
1128936,1454161,2025-03-01 17:48:30.036411+00:00,2025-03-02 09:32:50.854387+00:00
1129610,1643476,2025-03-01 17:48:30.036411+00:00,2025-03-02 09:32:50.854387+00:00
1129610,3004070,2025-03-01 17:48:30.036411+00:00,2025-03-02 09:32:50.854387+00:00
1129610,1296667,2025-03-01 17:48:30.036411+00:00,2025-03-02 09:32:50.854387+00:00
1129610,2103077,2025-03-01 17:48:30.036411+00:00,2025-03-02 09:32:50.854387+00:00
1129610,2206133,2025-03-01 17:48:30.036411+00:00,2025-03-02 09:32:50.854387+00:00
1129646,2764823,2025-03-01 17:48:30.036411+00:00,2025-03-02 09:32:50.854387+00:00
1129646,4528715,2025-03-01 17:48:30.036411+00:00,2025-03-02 09:32:50.854387+00:00
1129646,123856,2025-03-01 17:48:30.036411+00:00,2025-03-02 09:32:50.854387+00:00
1129646,1762673,2025-03-01 17:48:30.036411+00:00,2025-03-02 09:32:50.854387+00:00
1129646,1488541,2025-03-01 17:48:30.036411+00:00,2025-03-02 09:32:50.854387+00:00
1130053,2698751,2025-03-01 17:48:30.036411+00:00,2025-03-02 09:32:50.854387+00:00
1130053,3254592,2025-03-01 17:48:30.036411+00:00,2025-03-02 09:32:50.854387+00:00
1130053,3323741,2025-03-01 17:48:30.036411+00:00,2025-03-02 09:32:50.854387+00:00
1130053,3122182,2025-03-01 17:48:30.036411+00:00,2025-03-02 09:32:50.854387+00:00
1130053,3629485,2025-03-01 17:48:30.036411+00:00,2025-03-02 09:32:50.854387+00:00
1130899,2839618,2025-03-01 17:48:30.036411+00:00,2025-03-02 09:32:50.854387+00:00
1130899,2285896,2025-03-01 17:48:30.036411+00:00,2025-03-02 09:32:50.854387+00:00
1130899,2054286,2025-03-01 17:48:30.036411+00:00,2025-03-02 09:32:50.854387+00:00
1130899,1847886,2025-03-01 17:48:30.036411+00:00,2025-03-02 09:32:50.854387+00:00
1130899,1735369,2025-03-01 17:48:30.036411+00:00,2025-03-02 09:32:50.854387+00:00
1134409,2858222,2025-03-01 17:48:30.036411+00:00,2025-03-02 09:32:50.854387+00:00
1134409,5213698,2025-03-01 17:48:30.036411+00:00,2025-03-02 09:32:50.854387+00:00
1134409,2265511,2025-03-01 17:48:30.036411+00:00,2025-03-02 09:32:50.854387+00:00
1134409,4090408,2025-03-01 17:48:30.036411+00:00,2025-03-02 09:32:50.854387+00:00
1134409,3202352,2025-03-01 17:48:30.036411+00:00,2025-03-02 09:32:50.854387+00:00
1134433,4338888,2025-03-01 17:48:30.036411+00:00,2025-03-02 09:32:50.854387+00:00
1134433,3415057,2025-03-01 17:48:30.036411+00:00,2025-03-02 09:32:50.854387+00:00
1134433,4338889,2025-03-01 17:48:30.036411+00:00,2025-03-02 09:32:50.854387+00:00
1134433,1197012,2025-03-01 17:48:30.036411+00:00,2025-03-02 09:32:50.854387+00:00
1134433,3947368,2025-03-01 17:48:30.036411+00:00,2025-03-02 09:32:50.854387+00:00
1136558,4904763,2025-03-01 17:48:30.036411+00:00,2025-03-02 09:32:50.854387+00:00
1136558,1599701,2025-03-01 17:48:30.036411+00:00,2025-03-02 09:32:50.854387+00:00
1136558,2187869,2025-03-01 17:48:30.036411+00:00,2025-03-02 09:32:50.854387+00:00
1136558,2373654,2025-03-01 17:48:30.036411+00:00,2025-03-02 09:32:50.854387+00:00
1136558,1697250,2025-03-01 17:48:30.036411+00:00,2025-03-02 09:32:50.854387+00:00
1136690,92824,2025-03-01 17:48:30.036411+00:00,2025-03-02 09:32:50.854387+00:00
1136690,4099179,2025-03-01 17:48:30.036411+00:00,2025-03-02 09:32:50.854387+00:00
1136690,88495,2025-03-01 17:48:30.036411+00:00,2025-03-02 09:32:50.854387+00:00
1136690,999460,2025-03-01 17:48:30.036411+00:00,2025-03-02 09:32:50.854387+00:00
1136690,78252,2025-03-01 17:48:30.036411+00:00,2025-03-02 09:32:50.854387+00:00
1137142,1018944,2025-03-01 17:48:30.036411+00:00,2025-03-02 09:32:50.854387+00:00
1137142,1257364,2025-03-01 17:48:30.036411+00:00,2025-03-02 09:32:50.854387+00:00
1137142,1186429,2025-03-01 17:48:30.036411+00:00,2025-03-02 09:32:50.854387+00:00
1137142,58611,2025-03-01 17:48:30.036411+00:00,2025-03-02 09:32:50.854387+00:00
1137142,1576235,2025-03-01 17:48:30.036411+00:00,2025-03-02 09:32:50.854387+00:00
1137172,1662816,2025-03-01 17:48:30.036411+00:00,2025-03-02 09:32:50.854387+00:00
1137172,2332076,2025-03-01 17:48:30.036411+00:00,2025-03-02 09:32:50.854387+00:00
1137172,1539326,2025-03-01 17:48:30.036411+00:00,2025-03-02 09:32:50.854387+00:00
1137172,1662817,2025-03-01 17:48:30.036411+00:00,2025-03-02 09:32:50.854387+00:00
1137196,72791,2025-03-01 17:48:30.036411+00:00,2025-03-02 09:32:50.854387+00:00
1137196,1268453,2025-03-01 17:48:30.036411+00:00,2025-03-02 09:32:50.854387+00:00
1137196,2041183,2025-03-01 17:48:30.036411+00:00,2025-03-02 09:32:50.854387+00:00
1137196,1903993,2025-03-01 17:48:30.036411+00:00,2025-03-02 09:32:50.854387+00:00
1137196,1458544,2025-03-01 17:48:30.036411+00:00,2025-03-02 09:32:50.854387+00:00
1138194,1512280,2025-03-01 17:48:30.036411+00:00,2025-03-02 09:32:50.854387+00:00
1138194,17052,2025-03-01 17:48:30.036411+00:00,2025-03-02 09:32:50.854387+00:00
1138194,1981044,2025-03-01 17:48:30.036411+00:00,2025-03-02 09:32:50.854387+00:00
1138194,3291,2025-03-01 17:48:30.036411+00:00,2025-03-02 09:32:50.854387+00:00
1138194,2019444,2025-03-01 17:48:30.036411+00:00,2025-03-02 09:32:50.854387+00:00
1140221,1130611,2025-03-01 17:48:30.036411+00:00,2025-03-02 09:32:50.854387+00:00
1140221,1087773,2025-03-01 17:48:30.036411+00:00,2025-03-02 09:32:50.854387+00:00
1140221,58662,2025-03-01 17:48:30.036411+00:00,2025-03-02 09:32:50.854387+00:00
1140221,114307,2025-03-01 17:48:30.036411+00:00,2025-03-02 09:32:50.854387+00:00
1140221,1116510,2025-03-01 17:48:30.036411+00:00,2025-03-02 09:32:50.854387+00:00
1140535,4416903,2025-03-01 17:48:30.036411+00:00,2025-03-02 09:32:50.854387+00:00
1140535,2371446,2025-03-01 17:48:30.036411+00:00,2025-03-02 09:32:50.854387+00:00
1140535,1293892,2025-03-01 17:48:30.036411+00:00,2025-03-02 09:32:50.854387+00:00
1140535,140,2025-03-01 17:48:30.036411+00:00,2025-03-02 09:32:50.854387+00:00
1140535,3775598,2025-03-01 17:48:30.036411+00:00,2025-03-02 09:32:50.854387+00:00
1143959,562217,2025-03-01 17:48:30.036411+00:00,2025-03-02 09:32:50.854387+00:00
1143959,3314760,2025-03-01 17:48:30.036411+00:00,2025-03-02 09:32:50.854387+00:00
1143959,81253,2025-03-01 17:48:30.036411+00:00,2025-03-02 09:32:50.854387+00:00
1143959,1279571,2025-03-01 17:48:30.036411+00:00,2025-03-02 09:32:50.854387+00:00
1143959,4157139,2025-03-01 17:48:30.036411+00:00,2025-03-02 09:32:50.854387+00:00
1145026,1018945,2025-03-01 17:48:30.036411+00:00,2025-03-02 09:32:50.854387+00:00
1145026,63694,2025-03-01 17:48:30.036411+00:00,2025-03-02 09:32:50.854387+00:00
1145026,1502230,2025-03-01 17:48:30.036411+00:00,2025-03-02 09:32:50.854387+00:00
1145026,72494,2025-03-01 17:48:30.036411+00:00,2025-03-02 09:32:50.854387+00:00
1145026,1393397,2025-03-01 17:48:30.036411+00:00,2025-03-02 09:32:50.854387+00:00
1146410,17882,2025-03-01 17:48:30.036411+00:00,2025-03-02 09:32:50.854387+00:00
1146410,588209,2025-03-01 17:48:30.036411+00:00,2025-03-02 09:32:50.854387+00:00
1146410,554945,2025-03-01 17:48:30.036411+00:00,2025-03-02 09:32:50.854387+00:00
1146410,1887586,2025-03-01 17:48:30.036411+00:00,2025-03-02 09:32:50.854387+00:00
1146410,2549743,2025-03-01 17:48:30.036411+00:00,2025-03-02 09:32:50.854387+00:00
1146972,9726,2025-03-01 17:48:30.036411+00:00,2025-03-02 09:32:50.854387+00:00
1146972,89879,2025-03-01 17:48:30.036411+00:00,2025-03-02 09:32:50.854387+00:00
1146972,1792563,2025-03-01 17:48:30.036411+00:00,2025-03-02 09:32:50.854387+00:00
1146972,89883,2025-03-01 17:48:30.036411+00:00,2025-03-02 09:32:50.854387+00:00
1146972,81244,2025-03-01 17:48:30.036411+00:00,2025-03-02 09:32:50.854387+00:00
1147689,2684219,2025-03-01 17:48:30.036411+00:00,2025-03-02 09:32:50.854387+00:00
1147689,65986,2025-03-01 17:48:30.036411+00:00,2025-03-02 09:32:50.854387+00:00
1147689,937493,2025-03-01 17:48:30.036411+00:00,2025-03-02 09:32:50.854387+00:00
1147689,3140190,2025-03-01 17:48:30.036411+00:00,2025-03-02 09:32:50.854387+00:00
1147689,3562054,2025-03-01 17:48:30.036411+00:00,2025-03-02 09:32:50.854387+00:00
1147710,1020859,2025-03-01 17:48:30.036411+00:00,2025-03-02 09:32:50.854387+00:00
1147710,1207629,2025-03-01 17:48:30.036411+00:00,2025-03-02 09:32:50.854387+00:00
1147710,1466233,2025-03-01 17:48:30.036411+00:00,2025-03-02 09:32:50.854387+00:00
1147710,75913,2025-03-01 17:48:30.036411+00:00,2025-03-02 09:32:50.854387+00:00
1147710,3003147,2025-03-01 17:48:30.036411+00:00,2025-03-02 09:32:50.854387+00:00
1148154,1557700,2025-03-01 17:48:30.036411+00:00,2025-03-02 09:32:50.854387+00:00
1148154,1547192,2025-03-01 17:48:30.036411+00:00,2025-03-02 09:32:50.854387+00:00
1148154,1620765,2025-03-01 17:48:30.036411+00:00,2025-03-02 09:32:50.854387+00:00
1148154,1620766,2025-03-01 17:48:30.036411+00:00,2025-03-02 09:32:50.854387+00:00
1148154,1256325,2025-03-01 17:48:30.036411+00:00,2025-03-02 09:32:50.854387+00:00
1148588,239857,2025-03-01 17:48:30.036411+00:00,2025-03-02 09:32:50.854387+00:00
1148677,1142780,2025-03-01 17:48:30.036411+00:00,2025-03-02 09:32:50.854387+00:00
1148677,1241939,2025-03-01 17:48:30.036411+00:00,2025-03-02 09:32:50.854387+00:00
1148677,9715,2025-03-01 17:48:30.036411+00:00,2025-03-02 09:32:50.854387+00:00
1148677,90567,2025-03-01 17:48:30.036411+00:00,2025-03-02 09:32:50.854387+00:00
1148677,932986,2025-03-01 17:48:30.036411+00:00,2025-03-02 09:32:50.854387+00:00
1148817,1983394,2025-03-01 17:48:30.036411+00:00,2025-03-02 09:32:50.854387+00:00
1148817,2124662,2025-03-01 17:48:30.036411+00:00,2025-03-02 09:32:50.854387+00:00
1148817,2273537,2025-03-01 17:48:30.036411+00:00,2025-03-02 09:32:50.854387+00:00
1148817,2290254,2025-03-01 17:48:30.036411+00:00,2025-03-02 09:32:50.854387+00:00
1148817,1088055,2025-03-01 17:48:30.036411+00:00,2025-03-02 09:32:50.854387+00:00
1149096,4150979,2025-03-01 17:48:30.036411+00:00,2025-03-02 09:32:50.854387+00:00
1149096,3783415,2025-03-01 17:48:30.036411+00:00,2025-03-02 09:32:50.854387+00:00
1149096,1190970,2025-03-01 17:48:30.036411+00:00,2025-03-02 09:32:50.854387+00:00
1152908,1872057,2025-03-01 17:48:30.036411+00:00,2025-03-02 09:32:50.854387+00:00
1152908,2398577,2025-03-01 17:48:30.036411+00:00,2025-03-02 09:32:50.854387+00:00
1152908,1241709,2025-03-01 17:48:30.036411+00:00,2025-03-02 09:32:50.854387+00:00
1152908,2143567,2025-03-01 17:48:30.036411+00:00,2025-03-02 09:32:50.854387+00:00
1152908,4167665,2025-03-01 17:48:30.036411+00:00,2025-03-02 09:32:50.854387+00:00
1153325,2151537,2025-03-01 17:48:30.036411+00:00,2025-03-02 09:32:50.854387+00:00
1153325,2010199,2025-03-01 17:48:30.036411+00:00,2025-03-02 09:32:50.854387+00:00
1153325,1423159,2025-03-01 17:48:30.036411+00:00,2025-03-02 09:32:50.854387+00:00
1153325,1735510,2025-03-01 17:48:30.036411+00:00,2025-03-02 09:32:50.854387+00:00
1153325,1709947,2025-03-01 17:48:30.036411+00:00,2025-03-02 09:32:50.854387+00:00
1154154,1067849,2025-03-01 17:48:30.036411+00:00,2025-03-02 09:32:50.854387+00:00
1154154,2175128,2025-03-01 17:48:30.036411+00:00,2025-03-02 09:32:50.854387+00:00
1154154,1926495,2025-03-01 17:48:30.036411+00:00,2025-03-02 09:32:50.854387+00:00
1154154,2158882,2025-03-01 17:48:30.036411+00:00,2025-03-02 09:32:50.854387+00:00
1154154,2850474,2025-03-01 17:48:30.036411+00:00,2025-03-02 09:32:50.854387+00:00
1155235,117975,2025-03-01 17:48:30.036411+00:00,2025-03-02 09:32:50.854387+00:00
1155235,116783,2025-03-01 17:48:30.036411+00:00,2025-03-02 09:32:50.854387+00:00
1155235,1185386,2025-03-01 17:48:30.036411+00:00,2025-03-02 09:32:50.854387+00:00
1155235,2038102,2025-03-01 17:48:30.036411+00:00,2025-03-02 09:32:50.854387+00:00
1155235,82540,2025-03-01 17:48:30.036411+00:00,2025-03-02 09:32:50.854387+00:00
1155257,1630178,2025-03-01 17:48:30.036411+00:00,2025-03-02 09:32:50.854387+00:00
1155257,1993057,2025-03-01 17:48:30.036411+00:00,2025-03-02 09:32:50.854387+00:00
1155257,84205,2025-03-01 17:48:30.036411+00:00,2025-03-02 09:32:50.854387+00:00
1155257,2749667,2025-03-01 17:48:30.036411+00:00,2025-03-02 09:32:50.854387+00:00
1155257,3421646,2025-03-01 17:48:30.036411+00:00,2025-03-02 09:32:50.854387+00:00
1155680,4177579,2025-03-01 17:48:30.036411+00:00,2025-03-02 09:32:50.854387+00:00
1155680,4177581,2025-03-01 17:48:30.036411+00:00,2025-03-02 09:32:50.854387+00:00
1155680,4177582,2025-03-01 17:48:30.036411+00:00,2025-03-02 09:32:50.854387+00:00
1155680,1630178,2025-03-01 17:48:30.036411+00:00,2025-03-02 09:32:50.854387+00:00
1155680,1833067,2025-03-01 17:48:30.036411+00:00,2025-03-02 09:32:50.854387+00:00
1156125,1669900,2025-03-01 17:48:30.036411+00:00,2025-03-02 09:32:50.854387+00:00
1156125,3389630,2025-03-01 17:48:30.036411+00:00,2025-03-02 09:32:50.854387+00:00
1156125,2975332,2025-03-01 17:48:30.036411+00:00,2025-03-02 09:32:50.854387+00:00
1156125,1618434,2025-03-01 17:48:30.036411+00:00,2025-03-02 09:32:50.854387+00:00
1156125,4353564,2025-03-01 17:48:30.036411+00:00,2025-03-02 09:32:50.854387+00:00
1156189,11382,2025-03-01 17:48:30.036411+00:00,2025-03-02 09:32:50.854387+00:00
1156255,131946,2025-03-01 17:48:30.036411+00:00,2025-03-02 09:32:50.854387+00:00
1156255,2055,2025-03-01 17:48:30.036411+00:00,2025-03-02 09:32:50.854387+00:00
1156255,1200545,2025-03-01 17:48:30.036411+00:00,2025-03-02 09:32:50.854387+00:00
1156255,46593,2025-03-01 17:48:30.036411+00:00,2025-03-02 09:32:50.854387+00:00
1156255,2755801,2025-03-01 17:48:30.036411+00:00,2025-03-02 09:32:50.854387+00:00
1156807,1886337,2025-03-01 17:48:30.036411+00:00,2025-03-02 09:32:50.854387+00:00
1157680,83629,2025-03-01 17:48:30.036411+00:00,2025-03-02 09:32:50.854387+00:00
1157680,3165946,2025-03-01 17:48:30.036411+00:00,2025-03-02 09:32:50.854387+00:00
1157680,1163181,2025-03-01 17:48:30.036411+00:00,2025-03-02 09:32:50.854387+00:00
1157680,239977,2025-03-01 17:48:30.036411+00:00,2025-03-02 09:32:50.854387+00:00
1157680,2829889,2025-03-01 17:48:30.036411+00:00,2025-03-02 09:32:50.854387+00:00
1160018,2368989,2025-03-01 17:48:30.036411+00:00,2025-03-02 09:32:50.854387+00:00
1160018,85684,2025-03-01 17:48:30.036411+00:00,2025-03-02 09:32:50.854387+00:00
1160018,1374676,2025-03-01 17:48:30.036411+00:00,2025-03-02 09:32:50.854387+00:00
1160018,2489738,2025-03-01 17:48:30.036411+00:00,2025-03-02 09:32:50.854387+00:00
1160018,2011444,2025-03-01 17:48:30.036411+00:00,2025-03-02 09:32:50.854387+00:00
1162322,4301918,2025-03-01 17:48:30.036411+00:00,2025-03-02 09:32:50.854387+00:00
1162322,2529385,2025-03-01 17:48:30.036411+00:00,2025-03-02 09:32:50.854387+00:00
1162322,4301916,2025-03-01 17:48:30.036411+00:00,2025-03-02 09:32:50.854387+00:00
1162322,3359403,2025-03-01 17:48:30.036411+00:00,2025-03-02 09:32:50.854387+00:00
1162322,4301915,2025-03-01 17:48:30.036411+00:00,2025-03-02 09:32:50.854387+00:00
1162931,1245709,2025-03-01 17:48:30.036411+00:00,2025-03-02 09:32:50.854387+00:00
1162931,1145385,2025-03-01 17:48:30.036411+00:00,2025-03-02 09:32:50.854387+00:00
1162931,1622,2025-03-01 17:48:30.036411+00:00,2025-03-02 09:32:50.854387+00:00
1162931,2386927,2025-03-01 17:48:30.036411+00:00,2025-03-02 09:32:50.854387+00:00
1162931,582557,2025-03-01 17:48:30.036411+00:00,2025-03-02 09:32:50.854387+00:00
1163269,228079,2025-03-01 17:48:30.036411+00:00,2025-03-02 09:32:50.854387+00:00
1163269,3703916,2025-03-01 17:48:30.036411+00:00,2025-03-02 09:32:50.854387+00:00
1163269,231364,2025-03-01 17:48:30.036411+00:00,2025-03-02 09:32:50.854387+00:00
1163269,1112526,2025-03-01 17:48:30.036411+00:00,2025-03-02 09:32:50.854387+00:00
1163269,4404866,2025-03-01 17:48:30.036411+00:00,2025-03-02 09:32:50.854387+00:00
1164355,3700455,2025-03-01 17:48:30.036411+00:00,2025-03-02 09:32:50.854387+00:00
1164355,1443671,2025-03-01 17:48:30.036411+00:00,2025-03-02 09:32:50.854387+00:00
1164355,2984549,2025-03-01 17:48:30.036411+00:00,2025-03-02 09:32:50.854387+00:00
1164355,2112788,2025-03-01 17:48:30.036411+00:00,2025-03-02 09:32:50.854387+00:00
1164355,1202392,2025-03-01 17:48:30.036411+00:00,2025-03-02 09:32:50.854387+00:00
1165466,3921565,2025-03-01 17:48:30.036411+00:00,2025-03-02 09:32:50.854387+00:00
1165466,1474032,2025-03-01 17:48:30.036411+00:00,2025-03-02 09:32:50.854387+00:00
1165466,4259994,2025-03-01 17:48:30.036411+00:00,2025-03-02 09:32:50.854387+00:00
1165466,4312759,2025-03-01 17:48:30.036411+00:00,2025-03-02 09:32:50.854387+00:00
1165466,2219112,2025-03-01 17:48:30.036411+00:00,2025-03-02 09:32:50.854387+00:00
1165736,4218342,2025-03-01 17:48:30.036411+00:00,2025-03-02 09:32:50.854387+00:00
1166073,2769638,2025-03-01 17:48:30.036411+00:00,2025-03-02 09:32:50.854387+00:00
1166073,1907471,2025-03-01 17:48:30.036411+00:00,2025-03-02 09:32:50.854387+00:00
1166073,1529401,2025-03-01 17:48:30.036411+00:00,2025-03-02 09:32:50.854387+00:00
1166073,1794453,2025-03-01 17:48:30.036411+00:00,2025-03-02 09:32:50.854387+00:00
1166073,64440,2025-03-01 17:48:30.036411+00:00,2025-03-02 09:32:50.854387+00:00
1166425,1718841,2025-03-01 17:48:30.036411+00:00,2025-03-02 09:32:50.854387+00:00
1166425,1499985,2025-03-01 17:48:30.036411+00:00,2025-03-02 09:32:50.854387+00:00
1166425,1757798,2025-03-01 17:48:30.036411+00:00,2025-03-02 09:32:50.854387+00:00
1166425,2158732,2025-03-01 17:48:30.036411+00:00,2025-03-02 09:32:50.854387+00:00
1167271,4849577,2025-03-01 17:48:30.036411+00:00,2025-03-02 09:32:50.854387+00:00
1167271,114019,2025-03-01 17:48:30.036411+00:00,2025-03-02 09:32:50.854387+00:00
1167271,85962,2025-03-01 17:48:30.036411+00:00,2025-03-02 09:32:50.854387+00:00
1167271,61697,2025-03-01 17:48:30.036411+00:00,2025-03-02 09:32:50.854387+00:00
1167271,1476142,2025-03-01 17:48:30.036411+00:00,2025-03-02 09:32:50.854387+00:00
1167366,2729190,2025-03-01 17:48:30.036411+00:00,2025-03-02 09:32:50.854387+00:00
1167366,4815163,2025-03-01 17:48:30.036411+00:00,2025-03-02 09:32:50.854387+00:00
1167366,1272413,2025-03-01 17:48:30.036411+00:00,2025-03-02 09:32:50.854387+00:00
1167366,3380426,2025-03-01 17:48:30.036411+00:00,2025-03-02 09:32:50.854387+00:00
1167366,2431035,2025-03-01 17:48:30.036411+00:00,2025-03-02 09:32:50.854387+00:00
1167863,5043111,2025-03-01 17:48:30.036411+00:00,2025-03-02 09:32:50.854387+00:00
1167863,3726228,2025-03-01 17:48:30.036411+00:00,2025-03-02 09:32:50.854387+00:00
1167863,5043110,2025-03-01 17:48:30.036411+00:00,2025-03-02 09:32:50.854387+00:00
1167863,136191,2025-03-01 17:48:30.036411+00:00,2025-03-02 09:32:50.854387+00:00
1167863,71171,2025-03-01 17:48:30.036411+00:00,2025-03-02 09:32:50.854387+00:00
1168166,126741,2025-03-01 17:48:30.036411+00:00,2025-03-02 09:32:50.854387+00:00
1168166,1576065,2025-03-01 17:48:30.036411+00:00,2025-03-02 09:32:50.854387+00:00
1168166,3610726,2025-03-01 17:48:30.036411+00:00,2025-03-02 09:32:50.854387+00:00
1168166,3610727,2025-03-01 17:48:30.036411+00:00,2025-03-02 09:32:50.854387+00:00
1168166,2864457,2025-03-01 17:48:30.036411+00:00,2025-03-02 09:32:50.854387+00:00
1168336,1316884,2025-03-01 17:48:30.036411+00:00,2025-03-02 09:32:50.854387+00:00
1168336,554984,2025-03-01 17:48:30.036411+00:00,2025-03-02 09:32:50.854387+00:00
1168336,143036,2025-03-01 17:48:30.036411+00:00,2025-03-02 09:32:50.854387+00:00
1168336,553116,2025-03-01 17:48:30.036411+00:00,2025-03-02 09:32:50.854387+00:00
1168336,131288,2025-03-01 17:48:30.036411+00:00,2025-03-02 09:32:50.854387+00:00
1169340,3999269,2025-03-01 17:48:30.036411+00:00,2025-03-02 09:32:50.854387+00:00
1169340,1978514,2025-03-01 17:48:30.036411+00:00,2025-03-02 09:32:50.854387+00:00
1169340,3038411,2025-03-01 17:48:30.036411+00:00,2025-03-02 09:32:50.854387+00:00
1169340,1254557,2025-03-01 17:48:30.036411+00:00,2025-03-02 09:32:50.854387+00:00
1170696,4238828,2025-03-01 17:48:30.036411+00:00,2025-03-02 09:32:50.854387+00:00
1170696,1057990,2025-03-01 17:48:30.036411+00:00,2025-03-02 09:32:50.854387+00:00
1170696,1645397,2025-03-01 17:48:30.036411+00:00,2025-03-02 09:32:50.854387+00:00
1170696,4238868,2025-03-01 17:48:30.036411+00:00,2025-03-02 09:32:50.854387+00:00
1170696,2583060,2025-03-01 17:48:30.036411+00:00,2025-03-02 09:32:50.854387+00:00
1172012,72732,2025-03-01 17:48:30.036411+00:00,2025-03-02 09:32:50.854387+00:00
1172012,938251,2025-03-01 17:48:30.036411+00:00,2025-03-02 09:32:50.854387+00:00
1172012,63584,2025-03-01 17:48:30.036411+00:00,2025-03-02 09:32:50.854387+00:00
1172012,1183233,2025-03-01 17:48:30.036411+00:00,2025-03-02 09:32:50.854387+00:00
1172012,2304947,2025-03-01 17:48:30.036411+00:00,2025-03-02 09:32:50.854387+00:00
1176166,3178662,2025-03-01 17:48:30.036411+00:00,2025-03-02 09:32:50.854387+00:00
1176166,2435471,2025-03-01 17:48:30.036411+00:00,2025-03-02 09:32:50.854387+00:00
1176166,1431490,2025-03-01 17:48:30.036411+00:00,2025-03-02 09:32:50.854387+00:00
1176166,2419617,2025-03-01 17:48:30.036411+00:00,2025-03-02 09:32:50.854387+00:00
1176166,1799660,2025-03-01 17:48:30.036411+00:00,2025-03-02 09:32:50.854387+00:00
1177518,64441,2025-03-01 17:48:30.036411+00:00,2025-03-02 09:32:50.854387+00:00
1177518,1976503,2025-03-01 17:48:30.036411+00:00,2025-03-02 09:32:50.854387+00:00
1177518,4099179,2025-03-01 17:48:30.036411+00:00,2025-03-02 09:32:50.854387+00:00
1177518,68561,2025-03-01 17:48:30.036411+00:00,2025-03-02 09:32:50.854387+00:00
1177518,1536913,2025-03-01 17:48:30.036411+00:00,2025-03-02 09:32:50.854387+00:00
1177667,2359929,2025-03-01 17:48:30.036411+00:00,2025-03-02 09:32:50.854387+00:00
1177667,1426906,2025-03-01 17:48:30.036411+00:00,2025-03-02 09:32:50.854387+00:00
1177667,2697042,2025-03-01 17:48:30.036411+00:00,2025-03-02 09:32:50.854387+00:00
1178574,940339,2025-03-01 17:48:30.036411+00:00,2025-03-02 09:32:50.854387+00:00
1178574,4997000,2025-03-01 17:48:30.036411+00:00,2025-03-02 09:32:50.854387+00:00
1178574,4996999,2025-03-01 17:48:30.036411+00:00,2025-03-02 09:32:50.854387+00:00
1178574,105421,2025-03-01 17:48:30.036411+00:00,2025-03-02 09:32:50.854387+00:00
1178574,3202177,2025-03-01 17:48:30.036411+00:00,2025-03-02 09:32:50.854387+00:00
1181642,1396636,2025-03-01 17:48:30.036411+00:00,2025-03-02 09:32:50.854387+00:00
1181642,2074441,2025-03-01 17:48:30.036411+00:00,2025-03-02 09:32:50.854387+00:00
1181642,2682419,2025-03-01 17:48:30.036411+00:00,2025-03-02 09:32:50.854387+00:00
1181642,4410190,2025-03-01 17:48:30.036411+00:00,2025-03-02 09:32:50.854387+00:00
1181642,1299592,2025-03-01 17:48:30.036411+00:00,2025-03-02 09:32:50.854387+00:00
1182047,185185,2025-03-01 17:48:30.036411+00:00,2025-03-02 09:32:50.854387+00:00
1182047,2408703,2025-03-01 17:48:30.036411+00:00,2025-03-02 09:32:50.854387+00:00
1182047,60898,2025-03-01 17:48:30.036411+00:00,2025-03-02 09:32:50.854387+00:00
1182047,42993,2025-03-01 17:48:30.036411+00:00,2025-03-02 09:32:50.854387+00:00
1182047,239271,2025-03-01 17:48:30.036411+00:00,2025-03-02 09:32:50.854387+00:00
1184505,1834631,2025-03-01 17:48:30.036411+00:00,2025-03-02 09:32:50.854387+00:00
1184505,551605,2025-03-01 17:48:30.036411+00:00,2025-03-02 09:32:50.854387+00:00
1184505,3165946,2025-03-01 17:48:30.036411+00:00,2025-03-02 09:32:50.854387+00:00
1184505,4203374,2025-03-01 17:48:30.036411+00:00,2025-03-02 09:32:50.854387+00:00
1184505,1278468,2025-03-01 17:48:30.036411+00:00,2025-03-02 09:32:50.854387+00:00
1184918,1253360,2025-03-01 17:48:30.036411+00:00,2025-03-02 09:32:50.854387+00:00
1184918,1267329,2025-03-01 17:48:30.036411+00:00,2025-03-02 09:32:50.854387+00:00
1184918,2440,2025-03-01 17:48:30.036411+00:00,2025-03-02 09:32:50.854387+00:00
1184918,1381186,2025-03-01 17:48:30.036411+00:00,2025-03-02 09:32:50.854387+00:00
1184918,1538851,2025-03-01 17:48:30.036411+00:00,2025-03-02 09:32:50.854387+00:00
1187970,2557400,2025-03-01 17:48:30.036411+00:00,2025-03-02 09:32:50.854387+00:00
1187970,78252,2025-03-01 17:48:30.036411+00:00,2025-03-02 09:32:50.854387+00:00
1187970,1202564,2025-03-01 17:48:30.036411+00:00,2025-03-02 09:32:50.854387+00:00
1187970,1286615,2025-03-01 17:48:30.036411+00:00,2025-03-02 09:32:50.854387+00:00
1187970,1776093,2025-03-01 17:48:30.036411+00:00,2025-03-02 09:32:50.854387+00:00
1188019,1988040,2025-03-01 17:48:30.036411+00:00,2025-03-02 09:32:50.854387+00:00
1188019,1087690,2025-03-01 17:48:30.036411+00:00,2025-03-02 09:32:50.854387+00:00
1188019,1241709,2025-03-01 17:48:30.036411+00:00,2025-03-02 09:32:50.854387+00:00
1188019,999725,2025-03-01 17:48:30.036411+00:00,2025-03-02 09:32:50.854387+00:00
1188019,111639,2025-03-01 17:48:30.036411+00:00,2025-03-02 09:32:50.854387+00:00
1188258,126717,2025-03-01 17:48:30.036411+00:00,2025-03-02 09:32:50.854387+00:00
1188258,1868413,2025-03-01 17:48:30.036411+00:00,2025-03-02 09:32:50.854387+00:00
1188258,1054260,2025-03-01 17:48:30.036411+00:00,2025-03-02 09:32:50.854387+00:00
1188258,2320112,2025-03-01 17:48:30.036411+00:00,2025-03-02 09:32:50.854387+00:00
1188258,1671407,2025-03-01 17:48:30.036411+00:00,2025-03-02 09:32:50.854387+00:00
1188456,133699,2025-03-01 17:48:30.036411+00:00,2025-03-02 09:32:50.854387+00:00
1188456,3304217,2025-03-01 17:48:30.036411+00:00,2025-03-02 09:32:50.854387+00:00
1188456,1255096,2025-03-01 17:48:30.036411+00:00,2025-03-02 09:32:50.854387+00:00
1188456,1623349,2025-03-01 17:48:30.036411+00:00,2025-03-02 09:32:50.854387+00:00
1188456,1565630,2025-03-01 17:48:30.036411+00:00,2025-03-02 09:32:50.854387+00:00
1189165,1272717,2025-03-01 17:48:30.036411+00:00,2025-03-02 09:32:50.854387+00:00
1189165,1272718,2025-03-01 17:48:30.036411+00:00,2025-03-02 09:32:50.854387+00:00
1189165,1272714,2025-03-01 17:48:30.036411+00:00,2025-03-02 09:32:50.854387+00:00
1189165,1577669,2025-03-01 17:48:30.036411+00:00,2025-03-02 09:32:50.854387+00:00
1189165,1577670,2025-03-01 17:48:30.036411+00:00,2025-03-02 09:32:50.854387+00:00
1200506,4356449,2025-03-01 17:48:30.036411+00:00,2025-03-02 09:32:50.854387+00:00
1201210,1018944,2025-03-01 17:48:30.036411+00:00,2025-03-02 09:32:50.854387+00:00
1201210,1310719,2025-03-01 17:48:30.036411+00:00,2025-03-02 09:32:50.854387+00:00
1201210,2301723,2025-03-01 17:48:30.036411+00:00,2025-03-02 09:32:50.854387+00:00
1201210,1177942,2025-03-01 17:48:30.036411+00:00,2025-03-02 09:32:50.854387+00:00
1201210,74862,2025-03-01 17:48:30.036411+00:00,2025-03-02 09:32:50.854387+00:00
1202618,2389302,2025-03-01 17:48:30.036411+00:00,2025-03-02 09:32:50.854387+00:00
1202618,2300044,2025-03-01 17:48:30.036411+00:00,2025-03-02 09:32:50.854387+00:00
1202618,3397341,2025-03-01 17:48:30.036411+00:00,2025-03-02 09:32:50.854387+00:00
1202618,3495086,2025-03-01 17:48:30.036411+00:00,2025-03-02 09:32:50.854387+00:00
1202618,1330250,2025-03-01 17:48:30.036411+00:00,2025-03-02 09:32:50.854387+00:00
1203439,4507655,2025-03-01 17:48:30.036411+00:00,2025-03-02 09:32:50.854387+00:00
1203439,4507651,2025-03-01 17:48:30.036411+00:00,2025-03-02 09:32:50.854387+00:00
1203439,4507650,2025-03-01 17:48:30.036411+00:00,2025-03-02 09:32:50.854387+00:00
1203439,4507653,2025-03-01 17:48:30.036411+00:00,2025-03-02 09:32:50.854387+00:00
1203439,4507654,2025-03-01 17:48:30.036411+00:00,2025-03-02 09:32:50.854387+00:00
1208994,5198495,2025-03-01 17:48:30.036411+00:00,2025-03-02 09:32:50.854387+00:00
1208994,5198482,2025-03-01 17:48:30.036411+00:00,2025-03-02 09:32:50.854387+00:00
1208994,5198494,2025-03-01 17:48:30.036411+00:00,2025-03-02 09:32:50.854387+00:00
1208994,5198484,2025-03-01 17:48:30.036411+00:00,2025-03-02 09:32:50.854387+00:00
1208994,5198496,2025-03-01 17:48:30.036411+00:00,2025-03-02 09:32:50.854387+00:00
1208997,1762692,2025-03-01 17:48:30.036411+00:00,2025-03-02 09:32:50.854387+00:00
1208997,63446,2025-03-01 17:48:30.036411+00:00,2025-03-02 09:32:50.854387+00:00
1208997,1856377,2025-03-01 17:48:30.036411+00:00,2025-03-02 09:32:50.854387+00:00
1208997,4393069,2025-03-01 17:48:30.036411+00:00,2025-03-02 09:32:50.854387+00:00
1210309,127891,2025-03-01 17:48:30.036411+00:00,2025-03-02 09:32:50.854387+00:00
1210309,3661746,2025-03-01 17:48:30.036411+00:00,2025-03-02 09:32:50.854387+00:00
1210973,2181417,2025-03-01 17:48:30.036411+00:00,2025-03-02 09:32:50.854387+00:00
1210973,2040628,2025-03-01 17:48:30.036411+00:00,2025-03-02 09:32:50.854387+00:00
1210973,4509805,2025-03-01 17:48:30.036411+00:00,2025-03-02 09:32:50.854387+00:00
1210973,1594385,2025-03-01 17:48:30.036411+00:00,2025-03-02 09:32:50.854387+00:00
1210973,2012866,2025-03-01 17:48:30.036411+00:00,2025-03-02 09:32:50.854387+00:00
1211650,1587124,2025-03-01 17:48:30.036411+00:00,2025-03-02 09:32:50.854387+00:00
1211650,1779027,2025-03-01 17:48:30.036411+00:00,2025-03-02 09:32:50.854387+00:00
1211650,89878,2025-03-01 17:48:30.036411+00:00,2025-03-02 09:32:50.854387+00:00
1211650,1429141,2025-03-01 17:48:30.036411+00:00,2025-03-02 09:32:50.854387+00:00
1211650,115301,2025-03-01 17:48:30.036411+00:00,2025-03-02 09:32:50.854387+00:00
1211716,1157126,2025-03-01 17:48:30.036411+00:00,2025-03-02 09:32:50.854387+00:00
1211716,2241366,2025-03-01 17:48:30.036411+00:00,2025-03-02 09:32:50.854387+00:00
1211716,81245,2025-03-01 17:48:30.036411+00:00,2025-03-02 09:32:50.854387+00:00
1211716,1116334,2025-03-01 17:48:30.036411+00:00,2025-03-02 09:32:50.854387+00:00
1211716,2786622,2025-03-01 17:48:30.036411+00:00,2025-03-02 09:32:50.854387+00:00
1211728,4404890,2025-03-01 17:48:30.036411+00:00,2025-03-02 09:32:50.854387+00:00
1211728,4404887,2025-03-01 17:48:30.036411+00:00,2025-03-02 09:32:50.854387+00:00
1211728,2555254,2025-03-01 17:48:30.036411+00:00,2025-03-02 09:32:50.854387+00:00
1211728,4404888,2025-03-01 17:48:30.036411+00:00,2025-03-02 09:32:50.854387+00:00
1211728,4404891,2025-03-01 17:48:30.036411+00:00,2025-03-02 09:32:50.854387+00:00
1212497,4691507,2025-03-01 17:48:30.036411+00:00,2025-03-02 09:32:50.854387+00:00
1212497,4408440,2025-03-01 17:48:30.036411+00:00,2025-03-02 09:32:50.854387+00:00
1212497,3170527,2025-03-01 17:48:30.036411+00:00,2025-03-02 09:32:50.854387+00:00
1212497,3843319,2025-03-01 17:48:30.036411+00:00,2025-03-02 09:32:50.854387+00:00
1212497,4408439,2025-03-01 17:48:30.036411+00:00,2025-03-02 09:32:50.854387+00:00
1214266,2062684,2025-03-01 17:48:30.036411+00:00,2025-03-02 09:32:50.854387+00:00
1214266,2143631,2025-03-01 17:48:30.036411+00:00,2025-03-02 09:32:50.854387+00:00
1214266,3682439,2025-03-01 17:48:30.036411+00:00,2025-03-02 09:32:50.854387+00:00
1214266,1990190,2025-03-01 17:48:30.036411+00:00,2025-03-02 09:32:50.854387+00:00
1214266,2217481,2025-03-01 17:48:30.036411+00:00,2025-03-02 09:32:50.854387+00:00
1214485,2898271,2025-03-01 17:48:30.036411+00:00,2025-03-02 09:32:50.854387+00:00
1214485,4425115,2025-03-01 17:48:30.036411+00:00,2025-03-02 09:32:50.854387+00:00
1214485,4425118,2025-03-01 17:48:30.036411+00:00,2025-03-02 09:32:50.854387+00:00
1214485,3368972,2025-03-01 17:48:30.036411+00:00,2025-03-02 09:32:50.854387+00:00
1214485,4425117,2025-03-01 17:48:30.036411+00:00,2025-03-02 09:32:50.854387+00:00
1214499,2009997,2025-03-01 17:48:30.036411+00:00,2025-03-02 09:32:50.854387+00:00
1214499,3554638,2025-03-01 17:48:30.036411+00:00,2025-03-02 09:32:50.854387+00:00
1214499,4502114,2025-03-01 17:48:30.036411+00:00,2025-03-02 09:32:50.854387+00:00
1215918,1203293,2025-03-01 17:48:30.036411+00:00,2025-03-02 09:32:50.854387+00:00
1215918,96625,2025-03-01 17:48:30.036411+00:00,2025-03-02 09:32:50.854387+00:00
1215918,11825,2025-03-01 17:48:30.036411+00:00,2025-03-02 09:32:50.854387+00:00
1215918,1762173,2025-03-01 17:48:30.036411+00:00,2025-03-02 09:32:50.854387+00:00
1215918,20212,2025-03-01 17:48:30.036411+00:00,2025-03-02 09:32:50.854387+00:00
1216443,120435,2025-03-01 17:48:30.036411+00:00,2025-03-02 09:32:50.854387+00:00
1216443,553328,2025-03-01 17:48:30.036411+00:00,2025-03-02 09:32:50.854387+00:00
1216443,1564000,2025-03-01 17:48:30.036411+00:00,2025-03-02 09:32:50.854387+00:00
1216443,1149341,2025-03-01 17:48:30.036411+00:00,2025-03-02 09:32:50.854387+00:00
1216443,3154911,2025-03-01 17:48:30.036411+00:00,2025-03-02 09:32:50.854387+00:00
1216452,1448396,2025-03-01 17:48:30.036411+00:00,2025-03-02 09:32:50.854387+00:00
1216452,130664,2025-03-01 17:48:30.036411+00:00,2025-03-02 09:32:50.854387+00:00
1216452,40883,2025-03-01 17:48:30.036411+00:00,2025-03-02 09:32:50.854387+00:00
1216452,2112198,2025-03-01 17:48:30.036411+00:00,2025-03-02 09:32:50.854387+00:00
1216452,544655,2025-03-01 17:48:30.036411+00:00,2025-03-02 09:32:50.854387+00:00
1216623,2956795,2025-03-01 17:48:30.036411+00:00,2025-03-02 09:32:50.854387+00:00
1216623,3514295,2025-03-01 17:48:30.036411+00:00,2025-03-02 09:32:50.854387+00:00
1216623,3980599,2025-03-01 17:48:30.036411+00:00,2025-03-02 09:32:50.854387+00:00
1216623,3143960,2025-03-01 17:48:30.036411+00:00,2025-03-02 09:32:50.854387+00:00
1216623,1452028,2025-03-01 17:48:30.036411+00:00,2025-03-02 09:32:50.854387+00:00
1219522,235147,2025-03-01 17:48:30.036411+00:00,2025-03-02 09:32:50.854387+00:00
1219522,1732840,2025-03-01 17:48:30.036411+00:00,2025-03-02 09:32:50.854387+00:00
1219522,1678180,2025-03-01 17:48:30.036411+00:00,2025-03-02 09:32:50.854387+00:00
1219522,1762312,2025-03-01 17:48:30.036411+00:00,2025-03-02 09:32:50.854387+00:00
1219522,1473742,2025-03-01 17:48:30.036411+00:00,2025-03-02 09:32:50.854387+00:00
1221404,937252,2025-03-01 17:48:30.036411+00:00,2025-03-02 09:32:50.854387+00:00
1221404,9706,2025-03-01 17:48:30.036411+00:00,2025-03-02 09:32:50.854387+00:00
1221404,217924,2025-03-01 17:48:30.036411+00:00,2025-03-02 09:32:50.854387+00:00
1221404,126485,2025-03-01 17:48:30.036411+00:00,2025-03-02 09:32:50.854387+00:00
1221404,1241880,2025-03-01 17:48:30.036411+00:00,2025-03-02 09:32:50.854387+00:00
1222274,1259233,2025-03-01 17:48:30.036411+00:00,2025-03-02 09:32:50.854387+00:00
1222274,4782390,2025-03-01 17:48:30.036411+00:00,2025-03-02 09:32:50.854387+00:00
1222274,3992344,2025-03-01 17:48:30.036411+00:00,2025-03-02 09:32:50.854387+00:00
1222274,1878200,2025-03-01 17:48:30.036411+00:00,2025-03-02 09:32:50.854387+00:00
1222274,2413141,2025-03-01 17:48:30.036411+00:00,2025-03-02 09:32:50.854387+00:00
1223178,4551940,2025-03-01 17:48:30.036411+00:00,2025-03-02 09:32:50.854387+00:00
1223178,3944990,2025-03-01 17:48:30.036411+00:00,2025-03-02 09:32:50.854387+00:00
1223178,1368254,2025-03-01 17:48:30.036411+00:00,2025-03-02 09:32:50.854387+00:00
1223178,4451016,2025-03-01 17:48:30.036411+00:00,2025-03-02 09:32:50.854387+00:00
1223178,1057990,2025-03-01 17:48:30.036411+00:00,2025-03-02 09:32:50.854387+00:00
1223386,4451881,2025-03-01 17:48:30.036411+00:00,2025-03-02 09:32:50.854387+00:00
1224589,2708679,2025-03-01 17:48:30.036411+00:00,2025-03-02 09:32:50.854387+00:00
1224589,3406038,2025-03-01 17:48:30.036411+00:00,2025-03-02 09:32:50.854387+00:00
1224589,1146452,2025-03-01 17:48:30.036411+00:00,2025-03-02 09:32:50.854387+00:00
1224589,2391712,2025-03-01 17:48:30.036411+00:00,2025-03-02 09:32:50.854387+00:00
1224589,1158289,2025-03-01 17:48:30.036411+00:00,2025-03-02 09:32:50.854387+00:00
1224993,2704194,2025-03-01 17:48:30.036411+00:00,2025-03-02 09:32:50.854387+00:00
1224993,83637,2025-03-01 17:48:30.036411+00:00,2025-03-02 09:32:50.854387+00:00
1224993,1299479,2025-03-01 17:48:30.036411+00:00,2025-03-02 09:32:50.854387+00:00
1224993,74421,2025-03-01 17:48:30.036411+00:00,2025-03-02 09:32:50.854387+00:00
1224993,2067860,2025-03-01 17:48:30.036411+00:00,2025-03-02 09:32:50.854387+00:00
1226141,110847,2025-03-01 17:48:30.036411+00:00,2025-03-02 09:32:50.854387+00:00
1226141,1561555,2025-03-01 17:48:30.036411+00:00,2025-03-02 09:32:50.854387+00:00
1226141,1005911,2025-03-01 17:48:30.036411+00:00,2025-03-02 09:32:50.854387+00:00
1226141,2684219,2025-03-01 17:48:30.036411+00:00,2025-03-02 09:32:50.854387+00:00
1226141,105940,2025-03-01 17:48:30.036411+00:00,2025-03-02 09:32:50.854387+00:00
1226170,1839889,2025-03-01 17:48:30.036411+00:00,2025-03-02 09:32:50.854387+00:00
1226170,4063764,2025-03-01 17:48:30.036411+00:00,2025-03-02 09:32:50.854387+00:00
1226170,1772988,2025-03-01 17:48:30.036411+00:00,2025-03-02 09:32:50.854387+00:00
1226170,3967524,2025-03-01 17:48:30.036411+00:00,2025-03-02 09:32:50.854387+00:00
1226170,4801811,2025-03-01 17:48:30.036411+00:00,2025-03-02 09:32:50.854387+00:00
1226406,690,2025-03-01 17:48:30.036411+00:00,2025-03-02 09:32:50.854387+00:00
1226406,64436,2025-03-01 17:48:30.036411+00:00,2025-03-02 09:32:50.854387+00:00
1226406,1437491,2025-03-01 17:48:30.036411+00:00,2025-03-02 09:32:50.854387+00:00
1226406,124644,2025-03-01 17:48:30.036411+00:00,2025-03-02 09:32:50.854387+00:00
1226406,62385,2025-03-01 17:48:30.036411+00:00,2025-03-02 09:32:50.854387+00:00
1226578,1840725,2025-03-01 17:48:30.036411+00:00,2025-03-02 09:32:50.854387+00:00
1226578,1094091,2025-03-01 17:48:30.036411+00:00,2025-03-02 09:32:50.854387+00:00
1226578,56871,2025-03-01 17:48:30.036411+00:00,2025-03-02 09:32:50.854387+00:00
1226578,2963,2025-03-01 17:48:30.036411+00:00,2025-03-02 09:32:50.854387+00:00
1226578,3128,2025-03-01 17:48:30.036411+00:00,2025-03-02 09:32:50.854387+00:00
1226599,1240438,2025-03-01 17:48:30.036411+00:00,2025-03-02 09:32:50.854387+00:00
1226599,555384,2025-03-01 17:48:30.036411+00:00,2025-03-02 09:32:50.854387+00:00
1226599,2687759,2025-03-01 17:48:30.036411+00:00,2025-03-02 09:32:50.854387+00:00
1226599,2211933,2025-03-01 17:48:30.036411+00:00,2025-03-02 09:32:50.854387+00:00
1226599,3345114,2025-03-01 17:48:30.036411+00:00,2025-03-02 09:32:50.854387+00:00
1229076,2301723,2025-03-01 17:48:30.036411+00:00,2025-03-02 09:32:50.854387+00:00
1229076,228072,2025-03-01 17:48:30.036411+00:00,2025-03-02 09:32:50.854387+00:00
1229076,108538,2025-03-01 17:48:30.036411+00:00,2025-03-02 09:32:50.854387+00:00
1229421,2919318,2025-03-01 17:48:30.036411+00:00,2025-03-02 09:32:50.854387+00:00
1229421,2919315,2025-03-01 17:48:30.036411+00:00,2025-03-02 09:32:50.854387+00:00
1229421,2919317,2025-03-01 17:48:30.036411+00:00,2025-03-02 09:32:50.854387+00:00
1229421,2919316,2025-03-01 17:48:30.036411+00:00,2025-03-02 09:32:50.854387+00:00
1231785,2054290,2025-03-01 17:48:30.036411+00:00,2025-03-02 09:32:50.854387+00:00
1231785,1373210,2025-03-01 17:48:30.036411+00:00,2025-03-02 09:32:50.854387+00:00
1231785,1741323,2025-03-01 17:48:30.036411+00:00,2025-03-02 09:32:50.854387+00:00
1231785,1177946,2025-03-01 17:48:30.036411+00:00,2025-03-02 09:32:50.854387+00:00
1231785,1419913,2025-03-01 17:48:30.036411+00:00,2025-03-02 09:32:50.854387+00:00
1233209,1746244,2025-03-01 17:48:30.036411+00:00,2025-03-02 09:32:50.854387+00:00
1233209,2692024,2025-03-01 17:48:30.036411+00:00,2025-03-02 09:32:50.854387+00:00
1233209,581845,2025-03-01 17:48:30.036411+00:00,2025-03-02 09:32:50.854387+00:00
1234114,3933497,2025-03-01 17:48:30.036411+00:00,2025-03-02 09:32:50.854387+00:00
1234114,1890307,2025-03-01 17:48:30.036411+00:00,2025-03-02 09:32:50.854387+00:00
1234114,2959215,2025-03-01 17:48:30.036411+00:00,2025-03-02 09:32:50.854387+00:00
1234591,5016396,2025-03-01 17:48:30.036411+00:00,2025-03-02 09:32:50.854387+00:00
1234591,2721785,2025-03-01 17:48:30.036411+00:00,2025-03-02 09:32:50.854387+00:00
1234591,2772014,2025-03-01 17:48:30.036411+00:00,2025-03-02 09:32:50.854387+00:00
1234591,5016394,2025-03-01 17:48:30.036411+00:00,2025-03-02 09:32:50.854387+00:00
1234591,5016391,2025-03-01 17:48:30.036411+00:00,2025-03-02 09:32:50.854387+00:00
1234593,1921704,2025-03-01 17:48:30.036411+00:00,2025-03-02 09:32:50.854387+00:00
1234593,4551365,2025-03-01 17:48:30.036411+00:00,2025-03-02 09:32:50.854387+00:00
1234593,4551370,2025-03-01 17:48:30.036411+00:00,2025-03-02 09:32:50.854387+00:00
1234593,1945900,2025-03-01 17:48:30.036411+00:00,2025-03-02 09:32:50.854387+00:00
1234593,2116932,2025-03-01 17:48:30.036411+00:00,2025-03-02 09:32:50.854387+00:00
1234779,1910646,2025-03-01 17:48:30.036411+00:00,2025-03-02 09:32:50.854387+00:00
1234779,2352918,2025-03-01 17:48:30.036411+00:00,2025-03-02 09:32:50.854387+00:00
1234779,2352919,2025-03-01 17:48:30.036411+00:00,2025-03-02 09:32:50.854387+00:00
1234779,4996207,2025-03-01 17:48:30.036411+00:00,2025-03-02 09:32:50.854387+00:00
1234779,1910645,2025-03-01 17:48:30.036411+00:00,2025-03-02 09:32:50.854387+00:00
1235022,4466557,2025-03-01 17:48:30.036411+00:00,2025-03-02 09:32:50.854387+00:00
1235022,4926200,2025-03-01 17:48:30.036411+00:00,2025-03-02 09:32:50.854387+00:00
1235022,2906878,2025-03-01 17:48:30.036411+00:00,2025-03-02 09:32:50.854387+00:00
1235022,2042179,2025-03-01 17:48:30.036411+00:00,2025-03-02 09:32:50.854387+00:00
1235022,3558401,2025-03-01 17:48:30.036411+00:00,2025-03-02 09:32:50.854387+00:00
1235424,40451,2025-03-01 17:48:30.036411+00:00,2025-03-02 09:32:50.854387+00:00
1235424,203268,2025-03-01 17:48:30.036411+00:00,2025-03-02 09:32:50.854387+00:00
1235424,1253780,2025-03-01 17:48:30.036411+00:00,2025-03-02 09:32:50.854387+00:00
1235431,2997056,2025-03-01 17:48:30.036411+00:00,2025-03-02 09:32:50.854387+00:00
1235431,2053787,2025-03-01 17:48:30.036411+00:00,2025-03-02 09:32:50.854387+00:00
1235431,1564419,2025-03-01 17:48:30.036411+00:00,2025-03-02 09:32:50.854387+00:00
1235431,3132499,2025-03-01 17:48:30.036411+00:00,2025-03-02 09:32:50.854387+00:00
1235431,2164392,2025-03-01 17:48:30.036411+00:00,2025-03-02 09:32:50.854387+00:00
1235926,3255180,2025-03-01 17:48:30.036411+00:00,2025-03-02 09:32:50.854387+00:00
1235926,2846747,2025-03-01 17:48:30.036411+00:00,2025-03-02 09:32:50.854387+00:00
1235926,3224245,2025-03-01 17:48:30.036411+00:00,2025-03-02 09:32:50.854387+00:00
1235926,3097677,2025-03-01 17:48:30.036411+00:00,2025-03-02 09:32:50.854387+00:00
1235926,96688,2025-03-01 17:48:30.036411+00:00,2025-03-02 09:32:50.854387+00:00
1238576,1000574,2025-03-01 17:48:30.036411+00:00,2025-03-02 09:32:50.854387+00:00
1238576,1237992,2025-03-01 17:48:30.036411+00:00,2025-03-02 09:32:50.854387+00:00
1238576,570506,2025-03-01 17:48:30.036411+00:00,2025-03-02 09:32:50.854387+00:00
1238576,225055,2025-03-01 17:48:30.036411+00:00,2025-03-02 09:32:50.854387+00:00
1238576,570522,2025-03-01 17:48:30.036411+00:00,2025-03-02 09:32:50.854387+00:00
1239035,4717769,2025-03-01 17:48:30.036411+00:00,2025-03-02 09:32:50.854387+00:00
1239035,4778290,2025-03-01 17:48:30.036411+00:00,2025-03-02 09:32:50.854387+00:00
1239035,3618405,2025-03-01 17:48:30.036411+00:00,2025-03-02 09:32:50.854387+00:00
1239035,4177586,2025-03-01 17:48:30.036411+00:00,2025-03-02 09:32:50.854387+00:00
1239035,1592021,2025-03-01 17:48:30.036411+00:00,2025-03-02 09:32:50.854387+00:00
1239038,1325547,2025-03-01 17:48:30.036411+00:00,2025-03-02 09:32:50.854387+00:00
1239038,2058777,2025-03-01 17:48:30.036411+00:00,2025-03-02 09:32:50.854387+00:00
1239038,3385857,2025-03-01 17:48:30.036411+00:00,2025-03-02 09:32:50.854387+00:00
1239038,1366128,2025-03-01 17:48:30.036411+00:00,2025-03-02 09:32:50.854387+00:00
1240834,1680187,2025-03-01 17:48:30.036411+00:00,2025-03-02 09:32:50.854387+00:00
1240834,3086952,2025-03-01 17:48:30.036411+00:00,2025-03-02 09:32:50.854387+00:00
1240834,3363274,2025-03-01 17:48:30.036411+00:00,2025-03-02 09:32:50.854387+00:00
1240834,1576052,2025-03-01 17:48:30.036411+00:00,2025-03-02 09:32:50.854387+00:00
1240834,227087,2025-03-01 17:48:30.036411+00:00,2025-03-02 09:32:50.854387+00:00
1241429,2178479,2025-03-01 17:48:30.036411+00:00,2025-03-02 09:32:50.854387+00:00
1241429,1279079,2025-03-01 17:48:30.036411+00:00,2025-03-02 09:32:50.854387+00:00
1241476,1185787,2025-03-01 17:48:30.036411+00:00,2025-03-02 09:32:50.854387+00:00
1241476,3216206,2025-03-01 17:48:30.036411+00:00,2025-03-02 09:32:50.854387+00:00
1241476,1376106,2025-03-01 17:48:30.036411+00:00,2025-03-02 09:32:50.854387+00:00
1241476,2323480,2025-03-01 17:48:30.036411+00:00,2025-03-02 09:32:50.854387+00:00
1241476,3896219,2025-03-01 17:48:30.036411+00:00,2025-03-02 09:32:50.854387+00:00
1241982,18918,2025-03-01 17:48:30.036411+00:00,2025-03-02 09:32:50.854387+00:00
1241982,1564846,2025-03-01 17:48:30.036411+00:00,2025-03-02 09:32:50.854387+00:00
1241982,4775908,2025-03-01 17:48:30.036411+00:00,2025-03-02 09:32:50.854387+00:00
1241982,1868823,2025-03-01 17:48:30.036411+00:00,2025-03-02 09:32:50.854387+00:00
1241982,55937,2025-03-01 17:48:30.036411+00:00,2025-03-02 09:32:50.854387+00:00
1244244,2187869,2025-03-01 17:48:30.036411+00:00,2025-03-02 09:32:50.854387+00:00
1244244,2619769,2025-03-01 17:48:30.036411+00:00,2025-03-02 09:32:50.854387+00:00
1244244,585211,2025-03-01 17:48:30.036411+00:00,2025-03-02 09:32:50.854387+00:00
1244244,1177946,2025-03-01 17:48:30.036411+00:00,2025-03-02 09:32:50.854387+00:00
1244244,79460,2025-03-01 17:48:30.036411+00:00,2025-03-02 09:32:50.854387+00:00
1244361,2279094,2025-03-01 17:48:30.036411+00:00,2025-03-02 09:32:50.854387+00:00
1244361,3036942,2025-03-01 17:48:30.036411+00:00,2025-03-02 09:32:50.854387+00:00
1244361,3186384,2025-03-01 17:48:30.036411+00:00,2025-03-02 09:32:50.854387+00:00
1244361,2478177,2025-03-01 17:48:30.036411+00:00,2025-03-02 09:32:50.854387+00:00
1244361,1353678,2025-03-01 17:48:30.036411+00:00,2025-03-02 09:32:50.854387+00:00
1244492,2762775,2025-03-01 17:48:30.036411+00:00,2025-03-02 09:32:50.854387+00:00
1244492,5012790,2025-03-01 17:48:30.036411+00:00,2025-03-02 09:32:50.854387+00:00
1244492,2797433,2025-03-01 17:48:30.036411+00:00,2025-03-02 09:32:50.854387+00:00
1244492,20708,2025-03-01 17:48:30.036411+00:00,2025-03-02 09:32:50.854387+00:00
1244492,4980600,2025-03-01 17:48:30.036411+00:00,2025-03-02 09:32:50.854387+00:00
1246014,4683401,2025-03-01 17:48:30.036411+00:00,2025-03-02 09:32:50.854387+00:00
1246014,5213821,2025-03-01 17:48:30.036411+00:00,2025-03-02 09:32:50.854387+00:00
1246014,4080144,2025-03-01 17:48:30.036411+00:00,2025-03-02 09:32:50.854387+00:00
1246014,1367704,2025-03-01 17:48:30.036411+00:00,2025-03-02 09:32:50.854387+00:00
1246014,4683403,2025-03-01 17:48:30.036411+00:00,2025-03-02 09:32:50.854387+00:00
1247019,3947368,2025-03-01 17:48:30.036411+00:00,2025-03-02 09:32:50.854387+00:00
1247019,1197012,2025-03-01 17:48:30.036411+00:00,2025-03-02 09:32:50.854387+00:00
1247019,1560844,2025-03-01 17:48:30.036411+00:00,2025-03-02 09:32:50.854387+00:00
1247019,4338889,2025-03-01 17:48:30.036411+00:00,2025-03-02 09:32:50.854387+00:00
1247019,3415057,2025-03-01 17:48:30.036411+00:00,2025-03-02 09:32:50.854387+00:00
1247973,3661040,2025-03-01 17:48:30.036411+00:00,2025-03-02 09:32:50.854387+00:00
1247973,4328380,2025-03-01 17:48:30.036411+00:00,2025-03-02 09:32:50.854387+00:00
1248407,4551120,2025-03-01 17:48:30.036411+00:00,2025-03-02 09:32:50.854387+00:00
1248407,4551116,2025-03-01 17:48:30.036411+00:00,2025-03-02 09:32:50.854387+00:00
1248407,1417221,2025-03-01 17:48:30.036411+00:00,2025-03-02 09:32:50.854387+00:00
1248407,2698865,2025-03-01 17:48:30.036411+00:00,2025-03-02 09:32:50.854387+00:00
1248407,3174322,2025-03-01 17:48:30.036411+00:00,2025-03-02 09:32:50.854387+00:00
1250407,4558210,2025-03-01 17:48:30.036411+00:00,2025-03-02 09:32:50.854387+00:00
1250407,4014724,2025-03-01 17:48:30.036411+00:00,2025-03-02 09:32:50.854387+00:00
1250407,4399650,2025-03-01 17:48:30.036411+00:00,2025-03-02 09:32:50.854387+00:00
1250407,4558215,2025-03-01 17:48:30.036411+00:00,2025-03-02 09:32:50.854387+00:00
1250407,4142265,2025-03-01 17:48:30.036411+00:00,2025-03-02 09:32:50.854387+00:00
1252163,1628228,2025-03-01 17:48:30.036411+00:00,2025-03-02 09:32:50.854387+00:00
1252163,1623685,2025-03-01 17:48:30.036411+00:00,2025-03-02 09:32:50.854387+00:00
1252163,1629195,2025-03-01 17:48:30.036411+00:00,2025-03-02 09:32:50.854387+00:00
1254532,2503609,2025-03-01 17:48:30.036411+00:00,2025-03-02 09:32:50.854387+00:00
1254532,2870994,2025-03-01 17:48:30.036411+00:00,2025-03-02 09:32:50.854387+00:00
1254532,1780720,2025-03-01 17:48:30.036411+00:00,2025-03-02 09:32:50.854387+00:00
1254532,550628,2025-03-01 17:48:30.036411+00:00,2025-03-02 09:32:50.854387+00:00
1254532,548133,2025-03-01 17:48:30.036411+00:00,2025-03-02 09:32:50.854387+00:00
1255316,132133,2025-03-01 17:48:30.036411+00:00,2025-03-02 09:32:50.854387+00:00
1255316,2092978,2025-03-01 17:48:30.036411+00:00,2025-03-02 09:32:50.854387+00:00
1255316,572020,2025-03-01 17:48:30.036411+00:00,2025-03-02 09:32:50.854387+00:00
1255316,86976,2025-03-01 17:48:30.036411+00:00,2025-03-02 09:32:50.854387+00:00
1255316,1290336,2025-03-01 17:48:30.036411+00:00,2025-03-02 09:32:50.854387+00:00
1255586,4722299,2025-03-01 17:48:30.036411+00:00,2025-03-02 09:32:50.854387+00:00
1255586,4577760,2025-03-01 17:48:30.036411+00:00,2025-03-02 09:32:50.854387+00:00
1255586,4722298,2025-03-01 17:48:30.036411+00:00,2025-03-02 09:32:50.854387+00:00
1257388,83165,2025-03-01 17:48:30.036411+00:00,2025-03-02 09:32:50.854387+00:00
1257388,2517750,2025-03-01 17:48:30.036411+00:00,2025-03-02 09:32:50.854387+00:00
1257388,1580996,2025-03-01 17:48:30.036411+00:00,2025-03-02 09:32:50.854387+00:00
1257388,4670939,2025-03-01 17:48:30.036411+00:00,2025-03-02 09:32:50.854387+00:00
1257388,2263768,2025-03-01 17:48:30.036411+00:00,2025-03-02 09:32:50.854387+00:00
1261250,3353541,2025-03-01 17:48:30.036411+00:00,2025-03-02 09:32:50.854387+00:00
1261250,1200922,2025-03-01 17:48:30.036411+00:00,2025-03-02 09:32:50.854387+00:00
1261250,2843063,2025-03-01 17:48:30.036411+00:00,2025-03-02 09:32:50.854387+00:00
1261250,2406067,2025-03-01 17:48:30.036411+00:00,2025-03-02 09:32:50.854387+00:00
1261250,1624255,2025-03-01 17:48:30.036411+00:00,2025-03-02 09:32:50.854387+00:00
1262209,2919318,2025-03-01 17:48:30.036411+00:00,2025-03-02 09:32:50.854387+00:00
1262209,2919316,2025-03-01 17:48:30.036411+00:00,2025-03-02 09:32:50.854387+00:00
1262209,2919315,2025-03-01 17:48:30.036411+00:00,2025-03-02 09:32:50.854387+00:00
1262209,2919317,2025-03-01 17:48:30.036411+00:00,2025-03-02 09:32:50.854387+00:00
1264429,1592070,2025-03-01 17:48:30.036411+00:00,2025-03-02 09:32:50.854387+00:00
1264429,2138500,2025-03-01 17:48:30.036411+00:00,2025-03-02 09:32:50.854387+00:00
1264429,1443671,2025-03-01 17:48:30.036411+00:00,2025-03-02 09:32:50.854387+00:00
1264429,1927247,2025-03-01 17:48:30.036411+00:00,2025-03-02 09:32:50.854387+00:00
1264429,1109060,2025-03-01 17:48:30.036411+00:00,2025-03-02 09:32:50.854387+00:00
1265800,103604,2025-03-01 17:48:30.036411+00:00,2025-03-02 09:32:50.854387+00:00
1265800,4142284,2025-03-01 17:48:30.036411+00:00,2025-03-02 09:32:50.854387+00:00
1265800,1732595,2025-03-01 17:48:30.036411+00:00,2025-03-02 09:32:50.854387+00:00
1265800,1058061,2025-03-01 17:48:30.036411+00:00,2025-03-02 09:32:50.854387+00:00
1265800,1185435,2025-03-01 17:48:30.036411+00:00,2025-03-02 09:32:50.854387+00:00
1267665,3193525,2025-03-01 17:48:30.036411+00:00,2025-03-02 09:32:50.854387+00:00
1267665,3260563,2025-03-01 17:48:30.036411+00:00,2025-03-02 09:32:50.854387+00:00
1267822,1116510,2025-03-01 17:48:30.036411+00:00,2025-03-02 09:32:50.854387+00:00
1267822,4645154,2025-03-01 17:48:30.036411+00:00,2025-03-02 09:32:50.854387+00:00
1267822,1063266,2025-03-01 17:48:30.036411+00:00,2025-03-02 09:32:50.854387+00:00
1267822,114307,2025-03-01 17:48:30.036411+00:00,2025-03-02 09:32:50.854387+00:00
1267822,4314663,2025-03-01 17:48:30.036411+00:00,2025-03-02 09:32:50.854387+00:00
1268198,2018504,2025-03-01 17:48:30.036411+00:00,2025-03-02 09:32:50.854387+00:00
1268198,2389740,2025-03-01 17:48:30.036411+00:00,2025-03-02 09:32:50.854387+00:00
1268198,1401338,2025-03-01 17:48:30.036411+00:00,2025-03-02 09:32:50.854387+00:00
1268198,1477273,2025-03-01 17:48:30.036411+00:00,2025-03-02 09:32:50.854387+00:00
1268198,2293954,2025-03-01 17:48:30.036411+00:00,2025-03-02 09:32:50.854387+00:00
1269108,1789946,2025-03-01 17:48:30.036411+00:00,2025-03-02 09:32:50.854387+00:00
1269108,1157417,2025-03-01 17:48:30.036411+00:00,2025-03-02 09:32:50.854387+00:00
1269108,4609472,2025-03-01 17:48:30.036411+00:00,2025-03-02 09:32:50.854387+00:00
1269108,1825362,2025-03-01 17:48:30.036411+00:00,2025-03-02 09:32:50.854387+00:00
1269108,1680930,2025-03-01 17:48:30.036411+00:00,2025-03-02 09:32:50.854387+00:00
1270769,4638307,2025-03-01 17:48:30.036411+00:00,2025-03-02 09:32:50.854387+00:00
1270769,2985261,2025-03-01 17:48:30.036411+00:00,2025-03-02 09:32:50.854387+00:00
1270769,1426906,2025-03-01 17:48:30.036411+00:00,2025-03-02 09:32:50.854387+00:00
1270769,4262579,2025-03-01 17:48:30.036411+00:00,2025-03-02 09:32:50.854387+00:00
1270769,4638294,2025-03-01 17:48:30.036411+00:00,2025-03-02 09:32:50.854387+00:00
1272149,3291,2025-03-01 17:48:30.036411+00:00,2025-03-02 09:32:50.854387+00:00
1272149,9137,2025-03-01 17:48:30.036411+00:00,2025-03-02 09:32:50.854387+00:00
1272149,5294,2025-03-01 17:48:30.036411+00:00,2025-03-02 09:32:50.854387+00:00
1272149,388,2025-03-01 17:48:30.036411+00:00,2025-03-02 09:32:50.854387+00:00
1272149,3477880,2025-03-01 17:48:30.036411+00:00,2025-03-02 09:32:50.854387+00:00
1273597,2301723,2025-03-01 17:48:30.036411+00:00,2025-03-02 09:32:50.854387+00:00
1273597,1195939,2025-03-01 17:48:30.036411+00:00,2025-03-02 09:32:50.854387+00:00
1273597,1153771,2025-03-01 17:48:30.036411+00:00,2025-03-02 09:32:50.854387+00:00
1273597,3139771,2025-03-01 17:48:30.036411+00:00,2025-03-02 09:32:50.854387+00:00
1273597,2193157,2025-03-01 17:48:30.036411+00:00,2025-03-02 09:32:50.854387+00:00
1274237,65301,2025-03-01 17:48:30.036411+00:00,2025-03-02 09:32:50.854387+00:00
1274237,108119,2025-03-01 17:48:30.036411+00:00,2025-03-02 09:32:50.854387+00:00
1274237,128963,2025-03-01 17:48:30.036411+00:00,2025-03-02 09:32:50.854387+00:00
1274237,64188,2025-03-01 17:48:30.036411+00:00,2025-03-02 09:32:50.854387+00:00
1274237,18080,2025-03-01 17:48:30.036411+00:00,2025-03-02 09:32:50.854387+00:00
1274238,108119,2025-03-01 17:48:30.036411+00:00,2025-03-02 09:32:50.854387+00:00
1274238,128963,2025-03-01 17:48:30.036411+00:00,2025-03-02 09:32:50.854387+00:00
1274238,18080,2025-03-01 17:48:30.036411+00:00,2025-03-02 09:32:50.854387+00:00
1274238,65301,2025-03-01 17:48:30.036411+00:00,2025-03-02 09:32:50.854387+00:00
1274238,64188,2025-03-01 17:48:30.036411+00:00,2025-03-02 09:32:50.854387+00:00
1275240,2797433,2025-03-01 17:48:30.036411+00:00,2025-03-02 09:32:50.854387+00:00
1275240,1762674,2025-03-01 17:48:30.036411+00:00,2025-03-02 09:32:50.854387+00:00
1275240,1893976,2025-03-01 17:48:30.036411+00:00,2025-03-02 09:32:50.854387+00:00
1275240,2848176,2025-03-01 17:48:30.036411+00:00,2025-03-02 09:32:50.854387+00:00
1275240,233523,2025-03-01 17:48:30.036411+00:00,2025-03-02 09:32:50.854387+00:00
1276108,72453,2025-03-01 17:48:30.036411+00:00,2025-03-02 09:32:50.854387+00:00
1276108,100765,2025-03-01 17:48:30.036411+00:00,2025-03-02 09:32:50.854387+00:00
1276108,91870,2025-03-01 17:48:30.036411+00:00,2025-03-02 09:32:50.854387+00:00
1276108,124402,2025-03-01 17:48:30.036411+00:00,2025-03-02 09:32:50.854387+00:00
1276108,1129267,2025-03-01 17:48:30.036411+00:00,2025-03-02 09:32:50.854387+00:00
1276210,2561607,2025-03-01 17:48:30.036411+00:00,2025-03-02 09:32:50.854387+00:00
1276210,1048495,2025-03-01 17:48:30.036411+00:00,2025-03-02 09:32:50.854387+00:00
1276210,3240522,2025-03-01 17:48:30.036411+00:00,2025-03-02 09:32:50.854387+00:00
1276210,3247405,2025-03-01 17:48:30.036411+00:00,2025-03-02 09:32:50.854387+00:00
1276210,19024,2025-03-01 17:48:30.036411+00:00,2025-03-02 09:32:50.854387+00:00
1276242,2115306,2025-03-01 17:48:30.036411+00:00,2025-03-02 09:32:50.854387+00:00
1276242,2031915,2025-03-01 17:48:30.036411+00:00,2025-03-02 09:32:50.854387+00:00
1276242,18056,2025-03-01 17:48:30.036411+00:00,2025-03-02 09:32:50.854387+00:00
1276242,999725,2025-03-01 17:48:30.036411+00:00,2025-03-02 09:32:50.854387+00:00
1276242,1076363,2025-03-01 17:48:30.036411+00:00,2025-03-02 09:32:50.854387+00:00
1276633,82875,2025-03-01 17:48:30.036411+00:00,2025-03-02 09:32:50.854387+00:00
1276633,1348015,2025-03-01 17:48:30.036411+00:00,2025-03-02 09:32:50.854387+00:00
1276633,553431,2025-03-01 17:48:30.036411+00:00,2025-03-02 09:32:50.854387+00:00
1276633,1668193,2025-03-01 17:48:30.036411+00:00,2025-03-02 09:32:50.854387+00:00
1276633,1039220,2025-03-01 17:48:30.036411+00:00,2025-03-02 09:32:50.854387+00:00
1276849,1112526,2025-03-01 17:48:30.036411+00:00,2025-03-02 09:32:50.854387+00:00
1276849,87637,2025-03-01 17:48:30.036411+00:00,2025-03-02 09:32:50.854387+00:00
1276849,35642,2025-03-01 17:48:30.036411+00:00,2025-03-02 09:32:50.854387+00:00
1276849,13250,2025-03-01 17:48:30.036411+00:00,2025-03-02 09:32:50.854387+00:00
1276849,1105808,2025-03-01 17:48:30.036411+00:00,2025-03-02 09:32:50.854387+00:00
1278652,3926440,2025-03-01 17:48:30.036411+00:00,2025-03-02 09:32:50.854387+00:00
1278652,2359929,2025-03-01 17:48:30.036411+00:00,2025-03-02 09:32:50.854387+00:00
1278652,3936302,2025-03-01 17:48:30.036411+00:00,2025-03-02 09:32:50.854387+00:00
1278652,3373856,2025-03-01 17:48:30.036411+00:00,2025-03-02 09:32:50.854387+00:00
1278652,4669868,2025-03-01 17:48:30.036411+00:00,2025-03-02 09:32:50.854387+00:00
1279788,68470,2025-03-01 17:48:30.036411+00:00,2025-03-02 09:32:50.854387+00:00
1279788,90571,2025-03-01 17:48:30.036411+00:00,2025-03-02 09:32:50.854387+00:00
1279788,65510,2025-03-01 17:48:30.036411+00:00,2025-03-02 09:32:50.854387+00:00
1279788,1513944,2025-03-01 17:48:30.036411+00:00,2025-03-02 09:32:50.854387+00:00
1279788,85289,2025-03-01 17:48:30.036411+00:00,2025-03-02 09:32:50.854387+00:00
1280832,3033369,2025-03-01 17:48:30.036411+00:00,2025-03-02 09:32:50.854387+00:00
1280832,4712869,2025-03-01 17:48:30.036411+00:00,2025-03-02 09:32:50.854387+00:00
1280832,141337,2025-03-01 17:48:30.036411+00:00,2025-03-02 09:32:50.854387+00:00
1280832,1179171,2025-03-01 17:48:30.036411+00:00,2025-03-02 09:32:50.854387+00:00
1280832,3057328,2025-03-01 17:48:30.036411+00:00,2025-03-02 09:32:50.854387+00:00
1283068,4342791,2025-03-01 17:48:30.036411+00:00,2025-03-02 09:32:50.854387+00:00
1283068,2058564,2025-03-01 17:48:30.036411+00:00,2025-03-02 09:32:50.854387+00:00
1283068,1479860,2025-03-01 17:48:30.036411+00:00,2025-03-02 09:32:50.854387+00:00
1283068,3566776,2025-03-01 17:48:30.036411+00:00,2025-03-02 09:32:50.854387+00:00
1283068,3161069,2025-03-01 17:48:30.036411+00:00,2025-03-02 09:32:50.854387+00:00
1283793,68704,2025-03-01 17:48:30.036411+00:00,2025-03-02 09:32:50.854387+00:00
1283793,1668610,2025-03-01 17:48:30.036411+00:00,2025-03-02 09:32:50.854387+00:00
1283793,1982635,2025-03-01 17:48:30.036411+00:00,2025-03-02 09:32:50.854387+00:00
1283793,1402805,2025-03-01 17:48:30.036411+00:00,2025-03-02 09:32:50.854387+00:00
1283793,1385839,2025-03-01 17:48:30.036411+00:00,2025-03-02 09:32:50.854387+00:00
1287250,1241128,2025-03-01 17:48:30.036411+00:00,2025-03-02 09:32:50.854387+00:00
1287250,225060,2025-03-01 17:48:30.036411+00:00,2025-03-02 09:32:50.854387+00:00
1287250,2151491,2025-03-01 17:48:30.036411+00:00,2025-03-02 09:32:50.854387+00:00
1287250,3672728,2025-03-01 17:48:30.036411+00:00,2025-03-02 09:32:50.854387+00:00
1287250,3672720,2025-03-01 17:48:30.036411+00:00,2025-03-02 09:32:50.854387+00:00
1287986,4704614,2025-03-01 17:48:30.036411+00:00,2025-03-02 09:32:50.854387+00:00
1287986,4704616,2025-03-01 17:48:30.036411+00:00,2025-03-02 09:32:50.854387+00:00
1287986,4704615,2025-03-01 17:48:30.036411+00:00,2025-03-02 09:32:50.854387+00:00
1288175,3380426,2025-03-01 17:48:30.036411+00:00,2025-03-02 09:32:50.854387+00:00
1288175,3278336,2025-03-01 17:48:30.036411+00:00,2025-03-02 09:32:50.854387+00:00
1288175,3591947,2025-03-01 17:48:30.036411+00:00,2025-03-02 09:32:50.854387+00:00
1288175,2326899,2025-03-01 17:48:30.036411+00:00,2025-03-02 09:32:50.854387+00:00
1288175,226564,2025-03-01 17:48:30.036411+00:00,2025-03-02 09:32:50.854387+00:00
1290206,4469535,2025-03-01 17:48:30.036411+00:00,2025-03-02 09:32:50.854387+00:00
1290206,3259638,2025-03-01 17:48:30.036411+00:00,2025-03-02 09:32:50.854387+00:00
1290206,4523961,2025-03-01 17:48:30.036411+00:00,2025-03-02 09:32:50.854387+00:00
1290206,3882129,2025-03-01 17:48:30.036411+00:00,2025-03-02 09:32:50.854387+00:00
1290206,2450028,2025-03-01 17:48:30.036411+00:00,2025-03-02 09:32:50.854387+00:00
1290213,1550737,2025-03-01 17:48:30.036411+00:00,2025-03-02 09:32:50.854387+00:00
1290213,111482,2025-03-01 17:48:30.036411+00:00,2025-03-02 09:32:50.854387+00:00
1290213,1261449,2025-03-01 17:48:30.036411+00:00,2025-03-02 09:32:50.854387+00:00
1290213,1272465,2025-03-01 17:48:30.036411+00:00,2025-03-02 09:32:50.854387+00:00
1290213,4179328,2025-03-01 17:48:30.036411+00:00,2025-03-02 09:32:50.854387+00:00
1290839,3080664,2025-03-01 17:48:30.036411+00:00,2025-03-02 09:32:50.854387+00:00
1290839,1303558,2025-03-01 17:48:30.036411+00:00,2025-03-02 09:32:50.854387+00:00
1290839,1137149,2025-03-01 17:48:30.036411+00:00,2025-03-02 09:32:50.854387+00:00
1290839,1622939,2025-03-01 17:48:30.036411+00:00,2025-03-02 09:32:50.854387+00:00
1290839,74196,2025-03-01 17:48:30.036411+00:00,2025-03-02 09:32:50.854387+00:00
1293338,2115306,2025-03-01 17:48:30.036411+00:00,2025-03-02 09:32:50.854387+00:00
1293338,227089,2025-03-01 17:48:30.036411+00:00,2025-03-02 09:32:50.854387+00:00
1293338,1241709,2025-03-01 17:48:30.036411+00:00,2025-03-02 09:32:50.854387+00:00
1297616,4744204,2025-03-01 17:48:30.036411+00:00,2025-03-02 09:32:50.854387+00:00
1297616,4744198,2025-03-01 17:48:30.036411+00:00,2025-03-02 09:32:50.854387+00:00
1297616,4744199,2025-03-01 17:48:30.036411+00:00,2025-03-02 09:32:50.854387+00:00
1297616,4744200,2025-03-01 17:48:30.036411+00:00,2025-03-02 09:32:50.854387+00:00
1297616,4744202,2025-03-01 17:48:30.036411+00:00,2025-03-02 09:32:50.854387+00:00
1300157,4060514,2025-03-01 17:48:30.036411+00:00,2025-03-02 09:32:50.854387+00:00
1300157,3887213,2025-03-01 17:48:30.036411+00:00,2025-03-02 09:32:50.854387+00:00
1300157,556435,2025-03-01 17:48:30.036411+00:00,2025-03-02 09:32:50.854387+00:00
1300157,1574622,2025-03-01 17:48:30.036411+00:00,2025-03-02 09:32:50.854387+00:00
1300157,138509,2025-03-01 17:48:30.036411+00:00,2025-03-02 09:32:50.854387+00:00
1301650,4534066,2025-03-01 17:48:30.036411+00:00,2025-03-02 09:32:50.854387+00:00
1301650,4934349,2025-03-01 17:48:30.036411+00:00,2025-03-02 09:32:50.854387+00:00
1301650,4497442,2025-03-01 17:48:30.036411+00:00,2025-03-02 09:32:50.854387+00:00
1302106,3119799,2025-03-01 17:48:30.036411+00:00,2025-03-02 09:32:50.854387+00:00
1302106,1822117,2025-03-01 17:48:30.036411+00:00,2025-03-02 09:32:50.854387+00:00
1302106,2222685,2025-03-01 17:48:30.036411+00:00,2025-03-02 09:32:50.854387+00:00
1302106,2619769,2025-03-01 17:48:30.036411+00:00,2025-03-02 09:32:50.854387+00:00
1302106,1076363,2025-03-01 17:48:30.036411+00:00,2025-03-02 09:32:50.854387+00:00
1303162,559416,2025-03-01 17:48:30.036411+00:00,2025-03-02 09:32:50.854387+00:00
1303162,133944,2025-03-01 17:48:30.036411+00:00,2025-03-02 09:32:50.854387+00:00
1303162,91870,2025-03-01 17:48:30.036411+00:00,2025-03-02 09:32:50.854387+00:00
1303162,230659,2025-03-01 17:48:30.036411+00:00,2025-03-02 09:32:50.854387+00:00
1303162,1115068,2025-03-01 17:48:30.036411+00:00,2025-03-02 09:32:50.854387+00:00
1304880,1561997,2025-03-01 17:48:30.036411+00:00,2025-03-02 09:32:50.854387+00:00
1304880,13283,2025-03-01 17:48:30.036411+00:00,2025-03-02 09:32:50.854387+00:00
1304880,1241568,2025-03-01 17:48:30.036411+00:00,2025-03-02 09:32:50.854387+00:00
1304880,1084911,2025-03-01 17:48:30.036411+00:00,2025-03-02 09:32:50.854387+00:00
1304880,1576235,2025-03-01 17:48:30.036411+00:00,2025-03-02 09:32:50.854387+00:00
1305515,581762,2025-03-01 17:48:30.036411+00:00,2025-03-02 09:32:50.854387+00:00
1305515,2386922,2025-03-01 17:48:30.036411+00:00,2025-03-02 09:32:50.854387+00:00
1305515,2918515,2025-03-01 17:48:30.036411+00:00,2025-03-02 09:32:50.854387+00:00
1306434,1919754,2025-03-01 17:48:30.036411+00:00,2025-03-02 09:32:50.854387+00:00
1306434,1253783,2025-03-01 17:48:30.036411+00:00,2025-03-02 09:32:50.854387+00:00
1306434,101367,2025-03-01 17:48:30.036411+00:00,2025-03-02 09:32:50.854387+00:00
1306434,52710,2025-03-01 17:48:30.036411+00:00,2025-03-02 09:32:50.854387+00:00
1306434,130656,2025-03-01 17:48:30.036411+00:00,2025-03-02 09:32:50.854387+00:00
1307028,1875842,2025-03-01 17:48:30.036411+00:00,2025-03-02 09:32:50.854387+00:00
1307028,1875840,2025-03-01 17:48:30.036411+00:00,2025-03-02 09:32:50.854387+00:00
1307028,1875841,2025-03-01 17:48:30.036411+00:00,2025-03-02 09:32:50.854387+00:00
1307028,1875844,2025-03-01 17:48:30.036411+00:00,2025-03-02 09:32:50.854387+00:00
1309123,1119530,2025-03-01 17:48:30.036411+00:00,2025-03-02 09:32:50.854387+00:00
1309123,1594383,2025-03-01 17:48:30.036411+00:00,2025-03-02 09:32:50.854387+00:00
1309123,2335256,2025-03-01 17:48:30.036411+00:00,2025-03-02 09:32:50.854387+00:00
1309123,4870215,2025-03-01 17:48:30.036411+00:00,2025-03-02 09:32:50.854387+00:00
1309123,1376753,2025-03-01 17:48:30.036411+00:00,2025-03-02 09:32:50.854387+00:00
1312989,999725,2025-03-01 17:48:30.036411+00:00,2025-03-02 09:32:50.854387+00:00
1312989,124402,2025-03-01 17:48:30.036411+00:00,2025-03-02 09:32:50.854387+00:00
1312989,2357699,2025-03-01 17:48:30.036411+00:00,2025-03-02 09:32:50.854387+00:00
1312989,1255096,2025-03-01 17:48:30.036411+00:00,2025-03-02 09:32:50.854387+00:00
1312989,1373212,2025-03-01 17:48:30.036411+00:00,2025-03-02 09:32:50.854387+00:00
1314446,123824,2025-03-01 17:48:30.036411+00:00,2025-03-02 09:32:50.854387+00:00
1314446,77180,2025-03-01 17:48:30.036411+00:00,2025-03-02 09:32:50.854387+00:00
1314446,5034304,2025-03-01 17:48:30.036411+00:00,2025-03-02 09:32:50.854387+00:00
1314446,4818791,2025-03-01 17:48:30.036411+00:00,2025-03-02 09:32:50.854387+00:00
1314450,4887370,2025-03-01 17:48:30.036411+00:00,2025-03-02 09:32:50.854387+00:00
1314450,4887381,2025-03-01 17:48:30.036411+00:00,2025-03-02 09:32:50.854387+00:00
1314450,4887372,2025-03-01 17:48:30.036411+00:00,2025-03-02 09:32:50.854387+00:00
1314450,4887378,2025-03-01 17:48:30.036411+00:00,2025-03-02 09:32:50.854387+00:00
1314450,4887374,2025-03-01 17:48:30.036411+00:00,2025-03-02 09:32:50.854387+00:00
1315707,3000374,2025-03-01 17:48:30.036411+00:00,2025-03-02 09:32:50.854387+00:00
1315707,1544093,2025-03-01 17:48:30.036411+00:00,2025-03-02 09:32:50.854387+00:00
1315707,1544092,2025-03-01 17:48:30.036411+00:00,2025-03-02 09:32:50.854387+00:00
1315707,1544095,2025-03-01 17:48:30.036411+00:00,2025-03-02 09:32:50.854387+00:00
1317874,1897256,2025-03-01 17:48:30.036411+00:00,2025-03-02 09:32:50.854387+00:00
1317874,1625880,2025-03-01 17:48:30.036411+00:00,2025-03-02 09:32:50.854387+00:00
1317874,1897257,2025-03-01 17:48:30.036411+00:00,2025-03-02 09:32:50.854387+00:00
1317874,1897260,2025-03-01 17:48:30.036411+00:00,2025-03-02 09:32:50.854387+00:00
1317874,1897258,2025-03-01 17:48:30.036411+00:00,2025-03-02 09:32:50.854387+00:00
1318638,4919981,2025-03-01 17:48:30.036411+00:00,2025-03-02 09:32:50.854387+00:00
1318638,4919978,2025-03-01 17:48:30.036411+00:00,2025-03-02 09:32:50.854387+00:00
1318638,4919980,2025-03-01 17:48:30.036411+00:00,2025-03-02 09:32:50.854387+00:00
1318638,4919979,2025-03-01 17:48:30.036411+00:00,2025-03-02 09:32:50.854387+00:00
1318638,4919982,2025-03-01 17:48:30.036411+00:00,2025-03-02 09:32:50.854387+00:00
1322616,3467565,2025-03-01 17:48:30.036411+00:00,2025-03-02 09:32:50.854387+00:00
1322616,3671162,2025-03-01 17:48:30.036411+00:00,2025-03-02 09:32:50.854387+00:00
1322616,2230932,2025-03-01 17:48:30.036411+00:00,2025-03-02 09:32:50.854387+00:00
1322616,3949610,2025-03-01 17:48:30.036411+00:00,2025-03-02 09:32:50.854387+00:00
1322616,2412023,2025-03-01 17:48:30.036411+00:00,2025-03-02 09:32:50.854387+00:00
1327383,1384863,2025-03-01 17:48:30.036411+00:00,2025-03-02 09:32:50.854387+00:00
1327383,2274392,2025-03-01 17:48:30.036411+00:00,2025-03-02 09:32:50.854387+00:00
1327383,483327,2025-03-01 17:48:30.036411+00:00,2025-03-02 09:32:50.854387+00:00
1327383,1649656,2025-03-01 17:48:30.036411+00:00,2025-03-02 09:32:50.854387+00:00
1327383,1209532,2025-03-01 17:48:30.036411+00:00,2025-03-02 09:32:50.854387+00:00
1331693,2325369,2025-03-01 17:48:30.036411+00:00,2025-03-02 09:32:50.854387+00:00
1331693,4450219,2025-03-01 17:48:30.036411+00:00,2025-03-02 09:32:50.854387+00:00
1333099,4891315,2025-03-01 17:48:30.036411+00:00,2025-03-02 09:32:50.854387+00:00
1333099,235128,2025-03-01 17:48:30.036411+00:00,2025-03-02 09:32:50.854387+00:00
1333099,4891317,2025-03-01 17:48:30.036411+00:00,2025-03-02 09:32:50.854387+00:00
1333099,4891316,2025-03-01 17:48:30.036411+00:00,2025-03-02 09:32:50.854387+00:00
1333100,93801,2025-03-01 17:48:30.036411+00:00,2025-03-02 09:32:50.854387+00:00
1333100,1253896,2025-03-01 17:48:30.036411+00:00,2025-03-02 09:32:50.854387+00:00
1333100,149894,2025-03-01 17:48:30.036411+00:00,2025-03-02 09:32:50.854387+00:00
1333100,1224288,2025-03-01 17:48:30.036411+00:00,2025-03-02 09:32:50.854387+00:00
1333100,90135,2025-03-01 17:48:30.036411+00:00,2025-03-02 09:32:50.854387+00:00
1338226,2097341,2025-03-01 17:48:30.036411+00:00,2025-03-02 09:32:50.854387+00:00
1357633,3279626,2025-03-01 17:48:30.036411+00:00,2025-03-02 09:32:50.854387+00:00
1357633,2784795,2025-03-01 17:48:30.036411+00:00,2025-03-02 09:32:50.854387+00:00
1357633,1096528,2025-03-01 17:48:30.036411+00:00,2025-03-02 09:32:50.854387+00:00
1357633,1452028,2025-03-01 17:48:30.036411+00:00,2025-03-02 09:32:50.854387+00:00
1357633,2106489,2025-03-01 17:48:30.036411+00:00,2025-03-02 09:32:50.854387+00:00
1357982,217240,2025-03-01 17:48:30.036411+00:00,2025-03-02 09:32:50.854387+00:00
1357982,4387692,2025-03-01 17:48:30.036411+00:00,2025-03-02 09:32:50.854387+00:00
1357982,1504346,2025-03-01 17:48:30.036411+00:00,2025-03-02 09:32:50.854387+00:00
1357982,4947769,2025-03-01 17:48:30.036411+00:00,2025-03-02 09:32:50.854387+00:00
1357982,1112259,2025-03-01 17:48:30.036411+00:00,2025-03-02 09:32:50.854387+00:00
1361488,3589007,2025-03-01 17:48:30.036411+00:00,2025-03-02 09:32:50.854387+00:00
1361488,2359954,2025-03-01 17:48:30.036411+00:00,2025-03-02 09:32:50.854387+00:00
1361488,3589006,2025-03-01 17:48:30.036411+00:00,2025-03-02 09:32:50.854387+00:00
1361488,3589008,2025-03-01 17:48:30.036411+00:00,2025-03-02 09:32:50.854387+00:00
1361488,2359942,2025-03-01 17:48:30.036411+00:00,2025-03-02 09:32:50.854387+00:00
1369566,1402693,2025-03-01 17:48:30.036411+00:00,2025-03-02 09:32:50.854387+00:00
1369566,1662810,2025-03-01 17:48:30.036411+00:00,2025-03-02 09:32:50.854387+00:00
1369566,1875669,2025-03-01 17:48:30.036411+00:00,2025-03-02 09:32:50.854387+00:00
1369566,1557700,2025-03-01 17:48:30.036411+00:00,2025-03-02 09:32:50.854387+00:00
1369566,2110161,2025-03-01 17:48:30.036411+00:00,2025-03-02 09:32:50.854387+00:00
1375053,1574598,2025-03-01 17:48:30.036411+00:00,2025-03-02 09:32:50.854387+00:00
1375774,4375664,2025-03-01 17:48:30.036411+00:00,2025-03-02 09:32:50.854387+00:00
1395259,1429696,2025-03-01 17:48:30.036411+00:00,2025-03-02 09:32:50.854387+00:00
