tw_id,tw_release_days,reference_year_amount,reference_year_tickets,reference_year,data_created_time,data_updated_time
tw21742,1,22170373,84108,2022-01-01 00:00:00,2025-03-05 04:20:32.913390+00:00,2025-03-05 04:20:38.948274+00:00
tw15965,1,3210,14,2022-01-01 00:00:00,2025-03-05 04:20:32.913390+00:00,2025-03-05 04:20:38.948274+00:00
tw23339,1,12770,58,2022-01-01 00:00:00,2025-03-05 04:20:32.913390+00:00,2025-03-05 04:20:38.948274+00:00
tw21087,1,32140,119,2022-01-01 00:00:00,2025-03-05 04:20:32.913390+00:00,2025-03-05 04:20:38.948274+00:00
tw12489,1,70200,260,2022-01-01 00:00:00,2025-03-05 04:20:32.913390+00:00,2025-03-05 04:20:38.948274+00:00
tw18755,1,12600,60,2022-01-01 00:00:00,2025-03-05 04:20:32.913390+00:00,2025-03-05 04:20:38.948274+00:00
tw18812,1,44000,200,2022-01-01 00:00:00,2025-03-05 04:20:32.913390+00:00,2025-03-05 04:20:38.948274+00:00
tw11227,1,800,4,2022-01-01 00:00:00,2025-03-05 04:20:32.913390+00:00,2025-03-05 04:20:38.948274+00:00
tw23463,1,2617138,7347,2022-01-01 00:00:00,2025-03-05 04:20:32.913390+00:00,2025-03-05 04:20:38.948274+00:00
tw19061,1,21560,98,2022-01-01 00:00:00,2025-03-05 04:20:32.913390+00:00,2025-03-05 04:20:38.948274+00:00
tw23014,1,114400,500,2022-01-01 00:00:00,2025-03-05 04:20:32.913390+00:00,2025-03-05 04:20:38.948274+00:00
tw11237,1,29850,117,2022-01-01 00:00:00,2025-03-05 04:20:32.913390+00:00,2025-03-05 04:20:38.948274+00:00
tw19064,1,0,0,2022-01-01 00:00:00,2025-03-05 04:20:32.913390+00:00,2025-03-05 04:20:38.948274+00:00
tw2224,1,16245,78,2022-01-01 00:00:00,2025-03-05 04:20:32.913390+00:00,2025-03-05 04:20:38.948274+00:00
tw14720,1,23940,133,2022-01-01 00:00:00,2025-03-05 04:20:32.913390+00:00,2025-03-05 04:20:38.948274+00:00
tw19624,1,300,1,2022-01-01 00:00:00,2025-03-05 04:20:32.913390+00:00,2025-03-05 04:20:38.948274+00:00
tw502,1,3020,30,2022-01-01 00:00:00,2025-03-05 04:20:32.913390+00:00,2025-03-05 04:20:38.948274+00:00
tw20052,1,67100,305,2022-01-01 00:00:00,2025-03-05 04:20:32.913390+00:00,2025-03-05 04:20:38.948274+00:00
tw13730,1,9600,48,2022-01-01 00:00:00,2025-03-05 04:20:32.913390+00:00,2025-03-05 04:20:38.948274+00:00
tw16476,1,22000,100,2022-01-01 00:00:00,2025-03-05 04:20:32.913390+00:00,2025-03-05 04:20:38.948274+00:00
tw18014,1,0,0,2022-01-01 00:00:00,2025-03-05 04:20:32.913390+00:00,2025-03-05 04:20:38.948274+00:00
tw15629,1,22950,85,2022-01-01 00:00:00,2025-03-05 04:20:32.913390+00:00,2025-03-05 04:20:38.948274+00:00
tw17499,1,0,0,2022-01-01 00:00:00,2025-03-05 04:20:32.913390+00:00,2025-03-05 04:20:38.948274+00:00
tw23394,1,43500,174,2022-01-01 00:00:00,2025-03-05 04:20:32.913390+00:00,2025-03-05 04:20:38.948274+00:00
tw18774,1,39600,180,2022-01-01 00:00:00,2025-03-05 04:20:32.913390+00:00,2025-03-05 04:20:38.948274+00:00
tw5511,1,4530,32,2022-01-01 00:00:00,2025-03-05 04:20:32.913390+00:00,2025-03-05 04:20:38.948274+00:00
tw20047,1,27500,125,2022-01-01 00:00:00,2025-03-05 04:20:32.913390+00:00,2025-03-05 04:20:38.948274+00:00
tw13292,1,0,0,2022-01-01 00:00:00,2025-03-05 04:20:32.913390+00:00,2025-03-05 04:20:38.948274+00:00
tw23290,1,12945,62,2022-01-01 00:00:00,2025-03-05 04:20:32.913390+00:00,2025-03-05 04:20:38.948274+00:00
tw22791,1,14300,65,2022-01-01 00:00:00,2025-03-05 04:20:32.913390+00:00,2025-03-05 04:20:38.948274+00:00
tw9977,1,28820,131,2022-01-01 00:00:00,2025-03-05 04:20:32.913390+00:00,2025-03-05 04:20:38.948274+00:00
tw14034,1,26400,120,2022-01-01 00:00:00,2025-03-05 04:20:32.913390+00:00,2025-03-05 04:20:38.948274+00:00
tw19400,1,38940,177,2022-01-01 00:00:00,2025-03-05 04:20:32.913390+00:00,2025-03-05 04:20:38.948274+00:00
tw23193,1,11115,55,2022-01-01 00:00:00,2025-03-05 04:20:32.913390+00:00,2025-03-05 04:20:38.948274+00:00
tw19811,1,15630,81,2022-01-01 00:00:00,2025-03-05 04:20:32.913390+00:00,2025-03-05 04:20:38.948274+00:00
tw938,1,17760,74,2022-01-01 00:00:00,2025-03-05 04:20:32.913390+00:00,2025-03-05 04:20:38.948274+00:00
tw22215,1,2790,23,2022-01-01 00:00:00,2025-03-05 04:20:32.913390+00:00,2025-03-05 04:20:38.948274+00:00
tw20533,1,38940,177,2022-01-01 00:00:00,2025-03-05 04:20:32.913390+00:00,2025-03-05 04:20:38.948274+00:00
tw2814,2,29150,136,2022-01-01 00:00:00,2025-03-05 04:20:32.913390+00:00,2025-03-05 04:20:38.948274+00:00
tw1586,2,7730,29,2022-01-01 00:00:00,2025-03-05 04:20:32.913390+00:00,2025-03-05 04:20:38.948274+00:00
tw1394,2,11590,62,2022-01-01 00:00:00,2025-03-05 04:20:32.913390+00:00,2025-03-05 04:20:38.948274+00:00
tw17254,2,28020,158,2022-01-01 00:00:00,2025-03-05 04:20:32.913390+00:00,2025-03-05 04:20:38.948274+00:00
tw21355,2,27300,158,2022-01-01 00:00:00,2025-03-05 04:20:32.913390+00:00,2025-03-05 04:20:38.948274+00:00
tw21943,2,12615,55,2022-01-01 00:00:00,2025-03-05 04:20:32.913390+00:00,2025-03-05 04:20:38.948274+00:00
tw17368,2,84460,187,2022-01-01 00:00:00,2025-03-05 04:20:32.913390+00:00,2025-03-05 04:20:38.948274+00:00
tw21887,2,10261,41,2022-01-01 00:00:00,2025-03-05 04:20:32.913390+00:00,2025-03-05 04:20:38.948274+00:00
tw22908,2,202500,915,2022-01-01 00:00:00,2025-03-05 04:20:32.913390+00:00,2025-03-05 04:20:38.948274+00:00
tw20726,2,95450,397,2022-01-01 00:00:00,2025-03-05 04:20:32.913390+00:00,2025-03-05 04:20:38.948274+00:00
tw22080,2,10931,43,2022-01-01 00:00:00,2025-03-05 04:20:32.913390+00:00,2025-03-05 04:20:38.948274+00:00
tw20262,2,10450,55,2022-01-01 00:00:00,2025-03-05 04:20:32.913390+00:00,2025-03-05 04:20:38.948274+00:00
tw21914,2,11840,52,2022-01-01 00:00:00,2025-03-05 04:20:32.913390+00:00,2025-03-05 04:20:38.948274+00:00
tw22448,2,149210,503,2022-01-01 00:00:00,2025-03-05 04:20:32.913390+00:00,2025-03-05 04:20:38.948274+00:00
tw18891,2,1210,11,2022-01-01 00:00:00,2025-03-05 04:20:32.913390+00:00,2025-03-05 04:20:38.948274+00:00
tw23349,2,16628,76,2022-01-01 00:00:00,2025-03-05 04:20:32.913390+00:00,2025-03-05 04:20:38.948274+00:00
tw21908,2,8445,36,2022-01-01 00:00:00,2025-03-05 04:20:32.913390+00:00,2025-03-05 04:20:38.948274+00:00
tw9051,2,21730,99,2022-01-01 00:00:00,2025-03-05 04:20:32.913390+00:00,2025-03-05 04:20:38.948274+00:00
tw23320,2,59369,273,2022-01-01 00:00:00,2025-03-05 04:20:32.913390+00:00,2025-03-05 04:20:38.948274+00:00
tw1608,2,2945,11,2022-01-01 00:00:00,2025-03-05 04:20:32.913390+00:00,2025-03-05 04:20:38.948274+00:00
tw20673,2,31480,159,2022-01-01 00:00:00,2025-03-05 04:20:32.913390+00:00,2025-03-05 04:20:38.948274+00:00
tw20675,2,16550,85,2022-01-01 00:00:00,2025-03-05 04:20:32.913390+00:00,2025-03-05 04:20:38.948274+00:00
tw23367,2,23461,103,2022-01-01 00:00:00,2025-03-05 04:20:32.913390+00:00,2025-03-05 04:20:38.948274+00:00
tw18705,2,2820,15,2022-01-01 00:00:00,2025-03-05 04:20:32.913390+00:00,2025-03-05 04:20:38.948274+00:00
tw18531,2,16580,64,2022-01-01 00:00:00,2025-03-05 04:20:32.913390+00:00,2025-03-05 04:20:38.948274+00:00
tw20186,2,11615,55,2022-01-01 00:00:00,2025-03-05 04:20:32.913390+00:00,2025-03-05 04:20:38.948274+00:00
tw23384,2,312036,1319,2022-01-01 00:00:00,2025-03-05 04:20:32.913390+00:00,2025-03-05 04:20:38.948274+00:00
tw2815,2,30620,143,2022-01-01 00:00:00,2025-03-05 04:20:32.913390+00:00,2025-03-05 04:20:38.948274+00:00
tw23287,2,540,6,2022-01-01 00:00:00,2025-03-05 04:20:32.913390+00:00,2025-03-05 04:20:38.948274+00:00
tw1593,2,11070,44,2022-01-01 00:00:00,2025-03-05 04:20:32.913390+00:00,2025-03-05 04:20:38.948274+00:00
tw22759,2,4830,38,2022-01-01 00:00:00,2025-03-05 04:20:32.913390+00:00,2025-03-05 04:20:38.948274+00:00
tw23222,2,32967,144,2022-01-01 00:00:00,2025-03-05 04:20:32.913390+00:00,2025-03-05 04:20:38.948274+00:00
tw2813,2,29215,135,2022-01-01 00:00:00,2025-03-05 04:20:32.913390+00:00,2025-03-05 04:20:38.948274+00:00
tw1585,2,20875,87,2022-01-01 00:00:00,2025-03-05 04:20:32.913390+00:00,2025-03-05 04:20:38.948274+00:00
tw18629,2,37300,165,2022-01-01 00:00:00,2025-03-05 04:20:32.913390+00:00,2025-03-05 04:20:38.948274+00:00
tw20727,2,86760,362,2022-01-01 00:00:00,2025-03-05 04:20:32.913390+00:00,2025-03-05 04:20:38.948274+00:00
tw10331,2,31480,158,2022-01-01 00:00:00,2025-03-05 04:20:32.913390+00:00,2025-03-05 04:20:38.948274+00:00
tw22179,2,8640,37,2022-01-01 00:00:00,2025-03-05 04:20:32.913390+00:00,2025-03-05 04:20:38.948274+00:00
tw18618,2,7535,42,2022-01-01 00:00:00,2025-03-05 04:20:32.913390+00:00,2025-03-05 04:20:38.948274+00:00
tw20674,2,20400,106,2022-01-01 00:00:00,2025-03-05 04:20:32.913390+00:00,2025-03-05 04:20:38.948274+00:00
tw1626,2,5140,22,2022-01-01 00:00:00,2025-03-05 04:20:32.913390+00:00,2025-03-05 04:20:38.948274+00:00
tw23401,2,254997,1116,2022-01-01 00:00:00,2025-03-05 04:20:32.913390+00:00,2025-03-05 04:20:38.948274+00:00
tw23375,2,89198,395,2022-01-01 00:00:00,2025-03-05 04:20:32.913390+00:00,2025-03-05 04:20:38.948274+00:00
tw23363,2,313569,1250,2022-01-01 00:00:00,2025-03-05 04:20:32.913390+00:00,2025-03-05 04:20:38.948274+00:00
tw6711,2,21280,104,2022-01-01 00:00:00,2025-03-05 04:20:32.913390+00:00,2025-03-05 04:20:38.948274+00:00
tw21356,2,26740,156,2022-01-01 00:00:00,2025-03-05 04:20:32.913390+00:00,2025-03-05 04:20:38.948274+00:00
tw22673,3,181490,665,2022-01-01 00:00:00,2025-03-05 04:20:32.913390+00:00,2025-03-05 04:20:38.948274+00:00
tw20672,3,43830,220,2022-01-01 00:00:00,2025-03-05 04:20:32.913390+00:00,2025-03-05 04:20:38.948274+00:00
tw5666,3,25200,124,2022-01-01 00:00:00,2025-03-05 04:20:32.913390+00:00,2025-03-05 04:20:38.948274+00:00
tw21360,3,39660,221,2022-01-01 00:00:00,2025-03-05 04:20:32.913390+00:00,2025-03-05 04:20:38.948274+00:00
tw23317,3,70614,291,2022-01-01 00:00:00,2025-03-05 04:20:32.913390+00:00,2025-03-05 04:20:38.948274+00:00
tw21357,3,41760,234,2022-01-01 00:00:00,2025-03-05 04:20:32.913390+00:00,2025-03-05 04:20:38.948274+00:00
tw23274,3,46280,229,2022-01-01 00:00:00,2025-03-05 04:20:32.913390+00:00,2025-03-05 04:20:38.948274+00:00
tw14480,3,1290,5,2022-01-01 00:00:00,2025-03-05 04:20:32.913390+00:00,2025-03-05 04:20:38.948274+00:00
tw20263,3,1710,10,2022-01-01 00:00:00,2025-03-05 04:20:32.913390+00:00,2025-03-05 04:20:38.948274+00:00
tw19991,3,47770,243,2022-01-01 00:00:00,2025-03-05 04:20:32.913390+00:00,2025-03-05 04:20:38.948274+00:00
tw21363,3,40860,232,2022-01-01 00:00:00,2025-03-05 04:20:32.913390+00:00,2025-03-05 04:20:38.948274+00:00
tw20270,3,1725,10,2022-01-01 00:00:00,2025-03-05 04:20:32.913390+00:00,2025-03-05 04:20:38.948274+00:00
tw22754,3,5970,47,2022-01-01 00:00:00,2025-03-05 04:20:32.913390+00:00,2025-03-05 04:20:38.948274+00:00
tw23416,3,54354,276,2022-01-01 00:00:00,2025-03-05 04:20:32.913390+00:00,2025-03-05 04:20:38.948274+00:00
tw23144,3,4158873,16872,2022-01-01 00:00:00,2025-03-05 04:20:32.913390+00:00,2025-03-05 04:20:38.948274+00:00
tw20671,3,44020,225,2022-01-01 00:00:00,2025-03-05 04:20:32.913390+00:00,2025-03-05 04:20:38.948274+00:00
tw20707,3,2595,15,2022-01-01 00:00:00,2025-03-05 04:20:32.913390+00:00,2025-03-05 04:20:38.948274+00:00
tw22758,3,22290,147,2022-01-01 00:00:00,2025-03-05 04:20:32.913390+00:00,2025-03-05 04:20:38.948274+00:00
tw21366,3,40700,234,2022-01-01 00:00:00,2025-03-05 04:20:32.913390+00:00,2025-03-05 04:20:38.948274+00:00
tw4469,3,46840,231,2022-01-01 00:00:00,2025-03-05 04:20:32.913390+00:00,2025-03-05 04:20:38.948274+00:00
tw6630,3,47800,236,2022-01-01 00:00:00,2025-03-05 04:20:32.913390+00:00,2025-03-05 04:20:38.948274+00:00
tw19224,3,46400,230,2022-01-01 00:00:00,2025-03-05 04:20:32.913390+00:00,2025-03-05 04:20:38.948274+00:00
tw14586,3,11130,78,2022-01-01 00:00:00,2025-03-05 04:20:32.913390+00:00,2025-03-05 04:20:38.948274+00:00
tw18796,3,38870,169,2022-01-01 00:00:00,2025-03-05 04:20:32.913390+00:00,2025-03-05 04:20:38.948274+00:00
tw21359,3,41100,231,2022-01-01 00:00:00,2025-03-05 04:20:32.913390+00:00,2025-03-05 04:20:38.948274+00:00
tw21358,3,41280,232,2022-01-01 00:00:00,2025-03-05 04:20:32.913390+00:00,2025-03-05 04:20:38.948274+00:00
tw22198,3,51530,220,2022-01-01 00:00:00,2025-03-05 04:20:32.913390+00:00,2025-03-05 04:20:38.948274+00:00
tw23386,3,46080,230,2022-01-01 00:00:00,2025-03-05 04:20:32.913390+00:00,2025-03-05 04:20:38.948274+00:00
tw21949,3,31930,122,2022-01-01 00:00:00,2025-03-05 04:20:32.913390+00:00,2025-03-05 04:20:38.948274+00:00
tw19731,3,5520,53,2022-01-01 00:00:00,2025-03-05 04:20:32.913390+00:00,2025-03-05 04:20:38.948274+00:00
tw21365,3,41460,232,2022-01-01 00:00:00,2025-03-05 04:20:32.913390+00:00,2025-03-05 04:20:38.948274+00:00
tw21364,3,41340,235,2022-01-01 00:00:00,2025-03-05 04:20:32.913390+00:00,2025-03-05 04:20:38.948274+00:00
tw23288,3,1000,9,2022-01-01 00:00:00,2025-03-05 04:20:32.913390+00:00,2025-03-05 04:20:38.948274+00:00
tw19954,3,4475,18,2022-01-01 00:00:00,2025-03-05 04:20:32.913390+00:00,2025-03-05 04:20:38.948274+00:00
tw5643,3,30570,153,2022-01-01 00:00:00,2025-03-05 04:20:32.913390+00:00,2025-03-05 04:20:38.948274+00:00
tw21362,3,41340,233,2022-01-01 00:00:00,2025-03-05 04:20:32.913390+00:00,2025-03-05 04:20:38.948274+00:00
tw22755,3,8760,65,2022-01-01 00:00:00,2025-03-05 04:20:32.913390+00:00,2025-03-05 04:20:38.948274+00:00
tw23275,3,47160,238,2022-01-01 00:00:00,2025-03-05 04:20:32.913390+00:00,2025-03-05 04:20:38.948274+00:00
tw21361,3,41860,238,2022-01-01 00:00:00,2025-03-05 04:20:32.913390+00:00,2025-03-05 04:20:38.948274+00:00
tw20853,4,9000,60,2022-01-01 00:00:00,2025-03-05 04:20:32.913390+00:00,2025-03-05 04:20:38.948274+00:00
tw20291,4,8730,44,2022-01-01 00:00:00,2025-03-05 04:20:32.913390+00:00,2025-03-05 04:20:38.948274+00:00
tw20293,4,8265,42,2022-01-01 00:00:00,2025-03-05 04:20:32.913390+00:00,2025-03-05 04:20:38.948274+00:00
tw23342,4,237720,329,2022-01-01 00:00:00,2025-03-05 04:20:32.913390+00:00,2025-03-05 04:20:38.948274+00:00
tw18319,4,6540,33,2022-01-01 00:00:00,2025-03-05 04:20:32.913390+00:00,2025-03-05 04:20:38.948274+00:00
tw18816,4,3850,35,2022-01-01 00:00:00,2025-03-05 04:20:32.913390+00:00,2025-03-05 04:20:38.948274+00:00
tw20192,4,4660,18,2022-01-01 00:00:00,2025-03-05 04:20:32.913390+00:00,2025-03-05 04:20:38.948274+00:00
tw21978,4,48220,209,2022-01-01 00:00:00,2025-03-05 04:20:32.913390+00:00,2025-03-05 04:20:38.948274+00:00
tw20292,4,7530,38,2022-01-01 00:00:00,2025-03-05 04:20:32.913390+00:00,2025-03-05 04:20:38.948274+00:00
tw18530,4,1160,6,2022-01-01 00:00:00,2025-03-05 04:20:32.913390+00:00,2025-03-05 04:20:38.948274+00:00
tw23139,4,288800,1169,2022-01-01 00:00:00,2025-03-05 04:20:32.913390+00:00,2025-03-05 04:20:38.948274+00:00
tw23391,4,170009,701,2022-01-01 00:00:00,2025-03-05 04:20:32.913390+00:00,2025-03-05 04:20:38.948274+00:00
tw4035,4,9900,66,2022-01-01 00:00:00,2025-03-05 04:20:32.913390+00:00,2025-03-05 04:20:38.948274+00:00
tw3401,4,9740,66,2022-01-01 00:00:00,2025-03-05 04:20:32.913390+00:00,2025-03-05 04:20:38.948274+00:00
tw20290,4,6695,34,2022-01-01 00:00:00,2025-03-05 04:20:32.913390+00:00,2025-03-05 04:20:38.948274+00:00
tw15103,4,3480,16,2022-01-01 00:00:00,2025-03-05 04:20:32.913390+00:00,2025-03-05 04:20:38.948274+00:00
tw21171,5,112879,401,2022-01-01 00:00:00,2025-03-05 04:20:32.913390+00:00,2025-03-05 04:20:38.948274+00:00
tw23321,5,1477019,6248,2022-01-01 00:00:00,2025-03-05 04:20:32.913390+00:00,2025-03-05 04:20:38.948274+00:00
tw23114,5,116370,214,2022-01-01 00:00:00,2025-03-05 04:20:32.913390+00:00,2025-03-05 04:20:38.948274+00:00
tw21155,5,4762,20,2022-01-01 00:00:00,2025-03-05 04:20:32.913390+00:00,2025-03-05 04:20:38.948274+00:00
tw22756,5,51280,291,2022-01-01 00:00:00,2025-03-05 04:20:32.913390+00:00,2025-03-05 04:20:38.948274+00:00
tw23190,6,3430,15,2022-01-01 00:00:00,2025-03-05 04:20:32.913390+00:00,2025-03-05 04:20:38.948274+00:00
tw19308,6,4310,83,2022-01-01 00:00:00,2025-03-05 04:20:32.913390+00:00,2025-03-05 04:20:38.948274+00:00
tw21041,6,6110,56,2022-01-01 00:00:00,2025-03-05 04:20:32.913390+00:00,2025-03-05 04:20:38.948274+00:00
tw20054,6,9710,42,2022-01-01 00:00:00,2025-03-05 04:20:32.913390+00:00,2025-03-05 04:20:38.948274+00:00
tw17831,6,410,2,2022-01-01 00:00:00,2025-03-05 04:20:32.913390+00:00,2025-03-05 04:20:38.948274+00:00
tw21036,6,4090,36,2022-01-01 00:00:00,2025-03-05 04:20:32.913390+00:00,2025-03-05 04:20:38.948274+00:00
tw23355,6,26462686,106226,2022-01-01 00:00:00,2025-03-05 04:20:32.913390+00:00,2025-03-05 04:20:38.948274+00:00
tw20193,6,24240,114,2022-01-01 00:00:00,2025-03-05 04:20:32.913390+00:00,2025-03-05 04:20:38.948274+00:00
tw18306,6,2345,10,2022-01-01 00:00:00,2025-03-05 04:20:32.913390+00:00,2025-03-05 04:20:38.948274+00:00
tw10963,6,19250,82,2022-01-01 00:00:00,2025-03-05 04:20:32.913390+00:00,2025-03-05 04:20:38.948274+00:00
tw21423,7,2470,11,2022-01-01 00:00:00,2025-03-05 04:20:32.913390+00:00,2025-03-05 04:20:38.948274+00:00
tw20941,7,13030,68,2022-01-01 00:00:00,2025-03-05 04:20:32.913390+00:00,2025-03-05 04:20:38.948274+00:00
tw18824,7,14680,162,2022-01-01 00:00:00,2025-03-05 04:20:32.913390+00:00,2025-03-05 04:20:38.948274+00:00
tw20125,7,9160,36,2022-01-01 00:00:00,2025-03-05 04:20:32.913390+00:00,2025-03-05 04:20:38.948274+00:00
tw23218,7,5625,27,2022-01-01 00:00:00,2025-03-05 04:20:32.913390+00:00,2025-03-05 04:20:38.948274+00:00
tw20410,7,5470,25,2022-01-01 00:00:00,2025-03-05 04:20:32.913390+00:00,2025-03-05 04:20:38.948274+00:00
tw19205,7,10560,66,2022-01-01 00:00:00,2025-03-05 04:20:32.913390+00:00,2025-03-05 04:20:38.948274+00:00
tw20803,7,31110,130,2022-01-01 00:00:00,2025-03-05 04:20:32.913390+00:00,2025-03-05 04:20:38.948274+00:00
tw20928,7,5085,22,2022-01-01 00:00:00,2025-03-05 04:20:32.913390+00:00,2025-03-05 04:20:38.948274+00:00
tw23262,8,71549,322,2022-01-01 00:00:00,2025-03-05 04:20:32.913390+00:00,2025-03-05 04:20:38.948274+00:00
tw19065,8,185140,827,2022-01-01 00:00:00,2025-03-05 04:20:32.913390+00:00,2025-03-05 04:20:38.948274+00:00
tw23192,9,208026,911,2022-01-01 00:00:00,2025-03-05 04:20:32.913390+00:00,2025-03-05 04:20:38.948274+00:00
tw23311,9,326448,1424,2022-01-01 00:00:00,2025-03-05 04:20:32.913390+00:00,2025-03-05 04:20:38.948274+00:00
tw23198,9,178610,745,2022-01-01 00:00:00,2025-03-05 04:20:32.913390+00:00,2025-03-05 04:20:38.948274+00:00
tw1691,9,44150,194,2022-01-01 00:00:00,2025-03-05 04:20:32.913390+00:00,2025-03-05 04:20:38.948274+00:00
tw23338,9,4649630,18857,2022-01-01 00:00:00,2025-03-05 04:20:32.913390+00:00,2025-03-05 04:20:38.948274+00:00
tw23264,9,141998,609,2022-01-01 00:00:00,2025-03-05 04:20:32.913390+00:00,2025-03-05 04:20:38.948274+00:00
tw23365,9,7372453,28973,2022-01-01 00:00:00,2025-03-05 04:20:32.913390+00:00,2025-03-05 04:20:38.948274+00:00
tw22475,9,268790,1263,2022-01-01 00:00:00,2025-03-05 04:20:32.913390+00:00,2025-03-05 04:20:38.948274+00:00
tw23390,9,487909,2093,2022-01-01 00:00:00,2025-03-05 04:20:32.913390+00:00,2025-03-05 04:20:38.948274+00:00
tw23362,9,1695300,7083,2022-01-01 00:00:00,2025-03-05 04:20:32.913390+00:00,2025-03-05 04:20:38.948274+00:00
tw23364,9,427653,1952,2022-01-01 00:00:00,2025-03-05 04:20:32.913390+00:00,2025-03-05 04:20:38.948274+00:00
tw21037,9,3595,37,2022-01-01 00:00:00,2025-03-05 04:20:32.913390+00:00,2025-03-05 04:20:38.948274+00:00
tw21039,10,13165,168,2022-01-01 00:00:00,2025-03-05 04:20:32.913390+00:00,2025-03-05 04:20:38.948274+00:00
tw21932,10,9760,40,2022-01-01 00:00:00,2025-03-05 04:20:32.913390+00:00,2025-03-05 04:20:38.948274+00:00
tw20714,10,19865,96,2022-01-01 00:00:00,2025-03-05 04:20:32.913390+00:00,2025-03-05 04:20:38.948274+00:00
tw20057,10,13230,55,2022-01-01 00:00:00,2025-03-05 04:20:32.913390+00:00,2025-03-05 04:20:38.948274+00:00
tw21200,10,360309,1618,2022-01-01 00:00:00,2025-03-05 04:20:32.913390+00:00,2025-03-05 04:20:38.948274+00:00
tw22876,10,1056777,4601,2022-01-01 00:00:00,2025-03-05 04:20:32.913390+00:00,2025-03-05 04:20:38.948274+00:00
tw20605,10,26510,123,2022-01-01 00:00:00,2025-03-05 04:20:32.913390+00:00,2025-03-05 04:20:38.948274+00:00
tw21040,10,16050,148,2022-01-01 00:00:00,2025-03-05 04:20:32.913390+00:00,2025-03-05 04:20:38.948274+00:00
tw9986,10,141135,626,2022-01-01 00:00:00,2025-03-05 04:20:32.913390+00:00,2025-03-05 04:20:38.948274+00:00
tw22901,11,30304,149,2022-01-01 00:00:00,2025-03-05 04:20:32.913390+00:00,2025-03-05 04:20:38.948274+00:00
tw4575,11,23365,114,2022-01-01 00:00:00,2025-03-05 04:20:32.913390+00:00,2025-03-05 04:20:38.948274+00:00
tw20609,11,61246,273,2022-01-01 00:00:00,2025-03-05 04:20:32.913390+00:00,2025-03-05 04:20:38.948274+00:00
tw19122,11,30245,138,2022-01-01 00:00:00,2025-03-05 04:20:32.913390+00:00,2025-03-05 04:20:38.948274+00:00
tw20952,11,40980,195,2022-01-01 00:00:00,2025-03-05 04:20:32.913390+00:00,2025-03-05 04:20:38.948274+00:00
tw20337,11,48400,71,2022-01-01 00:00:00,2025-03-05 04:20:32.913390+00:00,2025-03-05 04:20:38.948274+00:00
tw23154,11,55508,233,2022-01-01 00:00:00,2025-03-05 04:20:32.913390+00:00,2025-03-05 04:20:38.948274+00:00
tw22011,11,389100,1359,2022-01-01 00:00:00,2025-03-05 04:20:32.913390+00:00,2025-03-05 04:20:38.948274+00:00
tw21660,12,7780,39,2022-01-01 00:00:00,2025-03-05 04:20:32.913390+00:00,2025-03-05 04:20:38.948274+00:00
tw18817,12,46740,226,2022-01-01 00:00:00,2025-03-05 04:20:32.913390+00:00,2025-03-05 04:20:38.948274+00:00
tw21038,12,23590,216,2022-01-01 00:00:00,2025-03-05 04:20:32.913390+00:00,2025-03-05 04:20:38.948274+00:00
tw20418,12,83520,120,2022-01-01 00:00:00,2025-03-05 04:20:32.913390+00:00,2025-03-05 04:20:38.948274+00:00
tw21780,12,69579,306,2022-01-01 00:00:00,2025-03-05 04:20:32.913390+00:00,2025-03-05 04:20:38.948274+00:00
tw17975,12,11270,48,2022-01-01 00:00:00,2025-03-05 04:20:32.913390+00:00,2025-03-05 04:20:38.948274+00:00
tw23206,12,2304050,4848,2022-01-01 00:00:00,2025-03-05 04:20:32.913390+00:00,2025-03-05 04:20:38.948274+00:00
tw22926,13,56940,254,2022-01-01 00:00:00,2025-03-05 04:20:32.913390+00:00,2025-03-05 04:20:38.948274+00:00
tw20568,13,149808,656,2022-01-01 00:00:00,2025-03-05 04:20:32.913390+00:00,2025-03-05 04:20:38.948274+00:00
tw19857,13,445519,1902,2022-01-01 00:00:00,2025-03-05 04:20:32.913390+00:00,2025-03-05 04:20:38.948274+00:00
tw20229,13,21553,86,2022-01-01 00:00:00,2025-03-05 04:20:32.913390+00:00,2025-03-05 04:20:38.948274+00:00
tw19389,13,197710,425,2022-01-01 00:00:00,2025-03-05 04:20:32.913390+00:00,2025-03-05 04:20:38.948274+00:00
tw19895,13,14115,58,2022-01-01 00:00:00,2025-03-05 04:20:32.913390+00:00,2025-03-05 04:20:38.948274+00:00
tw3350,13,113191,458,2022-01-01 00:00:00,2025-03-05 04:20:32.913390+00:00,2025-03-05 04:20:38.948274+00:00
tw18866,13,19161,161,2022-01-01 00:00:00,2025-03-05 04:20:32.913390+00:00,2025-03-05 04:20:38.948274+00:00
tw20519,13,78330,118,2022-01-01 00:00:00,2025-03-05 04:20:32.913390+00:00,2025-03-05 04:20:38.948274+00:00
tw22110,14,107917,463,2022-01-01 00:00:00,2025-03-05 04:20:32.913390+00:00,2025-03-05 04:20:38.948274+00:00
tw20217,14,129734,563,2022-01-01 00:00:00,2025-03-05 04:20:32.913390+00:00,2025-03-05 04:20:38.948274+00:00
tw18291,14,51775,220,2022-01-01 00:00:00,2025-03-05 04:20:32.913390+00:00,2025-03-05 04:20:38.948274+00:00
tw23186,14,15630,69,2022-01-01 00:00:00,2025-03-05 04:20:32.913390+00:00,2025-03-05 04:20:38.948274+00:00
tw22432,14,169954,809,2022-01-01 00:00:00,2025-03-05 04:20:32.913390+00:00,2025-03-05 04:20:38.948274+00:00
tw20994,14,104313,426,2022-01-01 00:00:00,2025-03-05 04:20:32.913390+00:00,2025-03-05 04:20:38.948274+00:00
tw20867,14,39280,177,2022-01-01 00:00:00,2025-03-05 04:20:32.913390+00:00,2025-03-05 04:20:38.948274+00:00
tw21381,14,46884,232,2022-01-01 00:00:00,2025-03-05 04:20:32.913390+00:00,2025-03-05 04:20:38.948274+00:00
tw22085,14,67090,291,2022-01-01 00:00:00,2025-03-05 04:20:32.913390+00:00,2025-03-05 04:20:38.948274+00:00
tw22714,14,101413,453,2022-01-01 00:00:00,2025-03-05 04:20:32.913390+00:00,2025-03-05 04:20:38.948274+00:00
tw19764,14,71180,337,2022-01-01 00:00:00,2025-03-05 04:20:32.913390+00:00,2025-03-05 04:20:38.948274+00:00
tw21123,14,33942,148,2022-01-01 00:00:00,2025-03-05 04:20:32.913390+00:00,2025-03-05 04:20:38.948274+00:00
tw20154,14,43176,184,2022-01-01 00:00:00,2025-03-05 04:20:32.913390+00:00,2025-03-05 04:20:38.948274+00:00
tw18430,14,19840,124,2022-01-01 00:00:00,2025-03-05 04:20:32.913390+00:00,2025-03-05 04:20:38.948274+00:00
tw21810,14,220189,932,2022-01-01 00:00:00,2025-03-05 04:20:32.913390+00:00,2025-03-05 04:20:38.948274+00:00
tw20747,14,149712,645,2022-01-01 00:00:00,2025-03-05 04:20:32.913390+00:00,2025-03-05 04:20:38.948274+00:00
tw20530,14,398670,1763,2022-01-01 00:00:00,2025-03-05 04:20:32.913390+00:00,2025-03-05 04:20:38.948274+00:00
tw20736,14,226695,947,2022-01-01 00:00:00,2025-03-05 04:20:32.913390+00:00,2025-03-05 04:20:38.948274+00:00
tw20384,14,66947,288,2022-01-01 00:00:00,2025-03-05 04:20:32.913390+00:00,2025-03-05 04:20:38.948274+00:00
tw19272,14,25810,215,2022-01-01 00:00:00,2025-03-05 04:20:32.913390+00:00,2025-03-05 04:20:38.948274+00:00
tw19093,14,17760,111,2022-01-01 00:00:00,2025-03-05 04:20:32.913390+00:00,2025-03-05 04:20:38.948274+00:00
tw23289,14,556482,2321,2022-01-01 00:00:00,2025-03-05 04:20:32.913390+00:00,2025-03-05 04:20:38.948274+00:00
tw19896,14,12540,85,2022-01-01 00:00:00,2025-03-05 04:20:32.913390+00:00,2025-03-05 04:20:38.948274+00:00
tw21919,14,122233,418,2022-01-01 00:00:00,2025-03-05 04:20:32.913390+00:00,2025-03-05 04:20:38.948274+00:00
tw20527,14,70252,354,2022-01-01 00:00:00,2025-03-05 04:20:32.913390+00:00,2025-03-05 04:20:38.948274+00:00
tw20451,14,39114,175,2022-01-01 00:00:00,2025-03-05 04:20:32.913390+00:00,2025-03-05 04:20:38.948274+00:00
tw20696,14,188440,745,2022-01-01 00:00:00,2025-03-05 04:20:32.913390+00:00,2025-03-05 04:20:38.948274+00:00
tw20809,14,180390,802,2022-01-01 00:00:00,2025-03-05 04:20:32.913390+00:00,2025-03-05 04:20:38.948274+00:00
tw19092,14,17600,110,2022-01-01 00:00:00,2025-03-05 04:20:32.913390+00:00,2025-03-05 04:20:38.948274+00:00
tw22532,14,138359,644,2022-01-01 00:00:00,2025-03-05 04:20:32.913390+00:00,2025-03-05 04:20:38.948274+00:00
tw18759,14,13060,87,2022-01-01 00:00:00,2025-03-05 04:20:32.913390+00:00,2025-03-05 04:20:38.948274+00:00
tw21626,14,67853,328,2022-01-01 00:00:00,2025-03-05 04:20:32.913390+00:00,2025-03-05 04:20:38.948274+00:00
tw21731,14,217993,895,2022-01-01 00:00:00,2025-03-05 04:20:32.913390+00:00,2025-03-05 04:20:38.948274+00:00
tw22959,14,52980,244,2022-01-01 00:00:00,2025-03-05 04:20:32.913390+00:00,2025-03-05 04:20:38.948274+00:00
tw22421,14,106410,465,2022-01-01 00:00:00,2025-03-05 04:20:32.913390+00:00,2025-03-05 04:20:38.948274+00:00
tw19318,14,90972,460,2022-01-01 00:00:00,2025-03-05 04:20:32.913390+00:00,2025-03-05 04:20:38.948274+00:00
tw22434,14,69773,302,2022-01-01 00:00:00,2025-03-05 04:20:32.913390+00:00,2025-03-05 04:20:38.948274+00:00
tw18958,14,15960,104,2022-01-01 00:00:00,2025-03-05 04:20:32.913390+00:00,2025-03-05 04:20:38.948274+00:00
tw23217,14,125763,622,2022-01-01 00:00:00,2025-03-05 04:20:32.913390+00:00,2025-03-05 04:20:38.948274+00:00
tw20561,14,321906,1390,2022-01-01 00:00:00,2025-03-05 04:20:32.913390+00:00,2025-03-05 04:20:38.948274+00:00
tw21746,14,99238,452,2022-01-01 00:00:00,2025-03-05 04:20:32.913390+00:00,2025-03-05 04:20:38.948274+00:00
tw19908,15,51243,223,2022-01-01 00:00:00,2025-03-05 04:20:32.913390+00:00,2025-03-05 04:20:38.948274+00:00
tw20136,15,97015,456,2022-01-01 00:00:00,2025-03-05 04:20:32.913390+00:00,2025-03-05 04:20:38.948274+00:00
tw20930,15,192361,858,2022-01-01 00:00:00,2025-03-05 04:20:32.913390+00:00,2025-03-05 04:20:38.948274+00:00
tw19766,15,33450,418,2022-01-01 00:00:00,2025-03-05 04:20:32.913390+00:00,2025-03-05 04:20:38.948274+00:00
tw21035,15,34575,317,2022-01-01 00:00:00,2025-03-05 04:20:32.913390+00:00,2025-03-05 04:20:38.948274+00:00
tw21802,15,320209,1390,2022-01-01 00:00:00,2025-03-05 04:20:32.913390+00:00,2025-03-05 04:20:38.948274+00:00
tw19783,15,15002,56,2022-01-01 00:00:00,2025-03-05 04:20:32.913390+00:00,2025-03-05 04:20:38.948274+00:00
tw19952,15,266625,1235,2022-01-01 00:00:00,2025-03-05 04:20:32.913390+00:00,2025-03-05 04:20:38.948274+00:00
tw20134,15,115918,540,2022-01-01 00:00:00,2025-03-05 04:20:32.913390+00:00,2025-03-05 04:20:38.948274+00:00
tw23265,15,140970,687,2022-01-01 00:00:00,2025-03-05 04:20:32.913390+00:00,2025-03-05 04:20:38.948274+00:00
tw20659,15,1287057,5698,2022-01-01 00:00:00,2025-03-05 04:20:32.913390+00:00,2025-03-05 04:20:38.948274+00:00
tw22503,15,166983,791,2022-01-01 00:00:00,2025-03-05 04:20:32.913390+00:00,2025-03-05 04:20:38.948274+00:00
tw19161,15,10560,66,2022-01-01 00:00:00,2025-03-05 04:20:32.913390+00:00,2025-03-05 04:20:38.948274+00:00
tw22881,15,61243,284,2022-01-01 00:00:00,2025-03-05 04:20:32.913390+00:00,2025-03-05 04:20:38.948274+00:00
tw20801,15,52615,245,2022-01-01 00:00:00,2025-03-05 04:20:32.913390+00:00,2025-03-05 04:20:38.948274+00:00
tw19920,15,38930,183,2022-01-01 00:00:00,2025-03-05 04:20:32.913390+00:00,2025-03-05 04:20:38.948274+00:00
tw22231,16,80202,361,2022-01-01 00:00:00,2025-03-05 04:20:32.913390+00:00,2025-03-05 04:20:38.948274+00:00
tw22882,16,123991,534,2022-01-01 00:00:00,2025-03-05 04:20:32.913390+00:00,2025-03-05 04:20:38.948274+00:00
tw20761,16,120470,524,2022-01-01 00:00:00,2025-03-05 04:20:32.913390+00:00,2025-03-05 04:20:38.948274+00:00
tw18231,16,69206,283,2022-01-01 00:00:00,2025-03-05 04:20:32.913390+00:00,2025-03-05 04:20:38.948274+00:00
tw21690,16,209355,1321,2022-01-01 00:00:00,2025-03-05 04:20:32.913390+00:00,2025-03-05 04:20:38.948274+00:00
tw22877,16,81848,358,2022-01-01 00:00:00,2025-03-05 04:20:32.913390+00:00,2025-03-05 04:20:38.948274+00:00
tw22523,16,42997,207,2022-01-01 00:00:00,2025-03-05 04:20:32.913390+00:00,2025-03-05 04:20:38.948274+00:00
tw21393,16,169321,749,2022-01-01 00:00:00,2025-03-05 04:20:32.913390+00:00,2025-03-05 04:20:38.948274+00:00
tw21796,16,213731,915,2022-01-01 00:00:00,2025-03-05 04:20:32.913390+00:00,2025-03-05 04:20:38.948274+00:00
tw18228,16,84503,314,2022-01-01 00:00:00,2025-03-05 04:20:32.913390+00:00,2025-03-05 04:20:38.948274+00:00
tw23249,16,1174114,4717,2022-01-01 00:00:00,2025-03-05 04:20:32.913390+00:00,2025-03-05 04:20:38.948274+00:00
tw22423,16,64673,268,2022-01-01 00:00:00,2025-03-05 04:20:32.913390+00:00,2025-03-05 04:20:38.948274+00:00
tw22244,16,123814,540,2022-01-01 00:00:00,2025-03-05 04:20:32.913390+00:00,2025-03-05 04:20:38.948274+00:00
tw20824,17,61706,271,2022-01-01 00:00:00,2025-03-05 04:20:32.913390+00:00,2025-03-05 04:20:38.948274+00:00
tw20124,17,104758,456,2022-01-01 00:00:00,2025-03-05 04:20:32.913390+00:00,2025-03-05 04:20:38.948274+00:00
tw22111,17,79962,381,2022-01-01 00:00:00,2025-03-05 04:20:32.913390+00:00,2025-03-05 04:20:38.948274+00:00
tw21994,17,56520,298,2022-01-01 00:00:00,2025-03-05 04:20:32.913390+00:00,2025-03-05 04:20:38.948274+00:00
tw20778,17,347827,1532,2022-01-01 00:00:00,2025-03-05 04:20:32.913390+00:00,2025-03-05 04:20:38.948274+00:00
tw20386,17,64490,301,2022-01-01 00:00:00,2025-03-05 04:20:32.913390+00:00,2025-03-05 04:20:38.948274+00:00
tw22631,17,345803,1573,2022-01-01 00:00:00,2025-03-05 04:20:32.913390+00:00,2025-03-05 04:20:38.948274+00:00
tw21536,17,130153,586,2022-01-01 00:00:00,2025-03-05 04:20:32.913390+00:00,2025-03-05 04:20:38.948274+00:00
tw20992,17,129587,584,2022-01-01 00:00:00,2025-03-05 04:20:32.913390+00:00,2025-03-05 04:20:38.948274+00:00
tw22802,17,102390,491,2022-01-01 00:00:00,2025-03-05 04:20:32.913390+00:00,2025-03-05 04:20:38.948274+00:00
tw21707,18,430902,1822,2022-01-01 00:00:00,2025-03-05 04:20:32.913390+00:00,2025-03-05 04:20:38.948274+00:00
tw21812,18,99692,413,2022-01-01 00:00:00,2025-03-05 04:20:32.913390+00:00,2025-03-05 04:20:38.948274+00:00
tw21789,18,149164,696,2022-01-01 00:00:00,2025-03-05 04:20:32.913390+00:00,2025-03-05 04:20:38.948274+00:00
tw20169,18,106610,517,2022-01-01 00:00:00,2025-03-05 04:20:32.913390+00:00,2025-03-05 04:20:38.948274+00:00
tw20951,18,125959,611,2022-01-01 00:00:00,2025-03-05 04:20:32.913390+00:00,2025-03-05 04:20:38.948274+00:00
tw20699,18,113381,503,2022-01-01 00:00:00,2025-03-05 04:20:32.913390+00:00,2025-03-05 04:20:38.948274+00:00
tw20560,18,176815,739,2022-01-01 00:00:00,2025-03-05 04:20:32.913390+00:00,2025-03-05 04:20:38.948274+00:00
tw23286,18,459743,2001,2022-01-01 00:00:00,2025-03-05 04:20:32.913390+00:00,2025-03-05 04:20:38.948274+00:00
tw20486,18,91649,395,2022-01-01 00:00:00,2025-03-05 04:20:32.913390+00:00,2025-03-05 04:20:38.948274+00:00
tw21862,18,171559,737,2022-01-01 00:00:00,2025-03-05 04:20:32.913390+00:00,2025-03-05 04:20:38.948274+00:00
tw23322,18,426983292,1308325,2022-01-01 00:00:00,2025-03-05 04:20:32.913390+00:00,2025-03-05 04:20:38.948274+00:00
tw20827,18,101235,449,2022-01-01 00:00:00,2025-03-05 04:20:32.913390+00:00,2025-03-05 04:20:38.948274+00:00
tw18704,18,61463,263,2022-01-01 00:00:00,2025-03-05 04:20:32.913390+00:00,2025-03-05 04:20:38.948274+00:00
tw20554,18,654088,3108,2022-01-01 00:00:00,2025-03-05 04:20:32.913390+00:00,2025-03-05 04:20:38.948274+00:00
tw22265,18,246306,1031,2022-01-01 00:00:00,2025-03-05 04:20:32.913390+00:00,2025-03-05 04:20:38.948274+00:00
tw18761,18,53335,260,2022-01-01 00:00:00,2025-03-05 04:20:32.913390+00:00,2025-03-05 04:20:38.948274+00:00
tw14021,18,137605,621,2022-01-01 00:00:00,2025-03-05 04:20:32.913390+00:00,2025-03-05 04:20:38.948274+00:00
tw21514,18,388850,1646,2022-01-01 00:00:00,2025-03-05 04:20:32.913390+00:00,2025-03-05 04:20:38.948274+00:00
tw20556,19,236988,1084,2022-01-01 00:00:00,2025-03-05 04:20:32.913390+00:00,2025-03-05 04:20:38.948274+00:00
tw20865,19,151995,665,2022-01-01 00:00:00,2025-03-05 04:20:32.913390+00:00,2025-03-05 04:20:38.948274+00:00
tw20396,19,162103,728,2022-01-01 00:00:00,2025-03-05 04:20:32.913390+00:00,2025-03-05 04:20:38.948274+00:00
tw21515,19,202260,313,2022-01-01 00:00:00,2025-03-05 04:20:32.913390+00:00,2025-03-05 04:20:38.948274+00:00
tw21517,19,82398,354,2022-01-01 00:00:00,2025-03-05 04:20:32.913390+00:00,2025-03-05 04:20:38.948274+00:00
tw20712,19,73699,327,2022-01-01 00:00:00,2025-03-05 04:20:32.913390+00:00,2025-03-05 04:20:38.948274+00:00
tw22740,19,64785,277,2022-01-01 00:00:00,2025-03-05 04:20:32.913390+00:00,2025-03-05 04:20:38.948274+00:00
tw22435,19,46582,210,2022-01-01 00:00:00,2025-03-05 04:20:32.913390+00:00,2025-03-05 04:20:38.948274+00:00
tw20406,19,117089,539,2022-01-01 00:00:00,2025-03-05 04:20:32.913390+00:00,2025-03-05 04:20:38.948274+00:00
tw18469,19,81085,388,2022-01-01 00:00:00,2025-03-05 04:20:32.913390+00:00,2025-03-05 04:20:38.948274+00:00
tw21352,19,75097,316,2022-01-01 00:00:00,2025-03-05 04:20:32.913390+00:00,2025-03-05 04:20:38.948274+00:00
tw20103,20,52255,256,2022-01-01 00:00:00,2025-03-05 04:20:32.913390+00:00,2025-03-05 04:20:38.948274+00:00
tw21268,20,316200,471,2022-01-01 00:00:00,2025-03-05 04:20:32.913390+00:00,2025-03-05 04:20:38.948274+00:00
tw20872,20,201584,947,2022-01-01 00:00:00,2025-03-05 04:20:32.913390+00:00,2025-03-05 04:20:38.948274+00:00
tw18538,20,94052,444,2022-01-01 00:00:00,2025-03-05 04:20:32.913390+00:00,2025-03-05 04:20:38.948274+00:00
tw21163,20,166495,694,2022-01-01 00:00:00,2025-03-05 04:20:32.913390+00:00,2025-03-05 04:20:38.948274+00:00
tw19788,20,128472,540,2022-01-01 00:00:00,2025-03-05 04:20:32.913390+00:00,2025-03-05 04:20:38.948274+00:00
tw18737,20,71470,342,2022-01-01 00:00:00,2025-03-05 04:20:32.913390+00:00,2025-03-05 04:20:38.948274+00:00
tw23122,20,246877,1112,2022-01-01 00:00:00,2025-03-05 04:20:32.913390+00:00,2025-03-05 04:20:38.948274+00:00
tw18983,20,26400,528,2022-01-01 00:00:00,2025-03-05 04:20:32.913390+00:00,2025-03-05 04:20:38.948274+00:00
tw21824,20,181656,856,2022-01-01 00:00:00,2025-03-05 04:20:32.913390+00:00,2025-03-05 04:20:38.948274+00:00
tw22515,20,148507,696,2022-01-01 00:00:00,2025-03-05 04:20:32.913390+00:00,2025-03-05 04:20:38.948274+00:00
tw16758,20,208311,881,2022-01-01 00:00:00,2025-03-05 04:20:32.913390+00:00,2025-03-05 04:20:38.948274+00:00
tw19690,20,534950,2373,2022-01-01 00:00:00,2025-03-05 04:20:32.913390+00:00,2025-03-05 04:20:38.948274+00:00
tw22005,20,805215,3262,2022-01-01 00:00:00,2025-03-05 04:20:32.913390+00:00,2025-03-05 04:20:38.948274+00:00
tw20654,20,1320373,5653,2022-01-01 00:00:00,2025-03-05 04:20:32.913390+00:00,2025-03-05 04:20:38.948274+00:00
tw20692,20,1142788,5095,2022-01-01 00:00:00,2025-03-05 04:20:32.913390+00:00,2025-03-05 04:20:38.948274+00:00
tw22741,20,169241,797,2022-01-01 00:00:00,2025-03-05 04:20:32.913390+00:00,2025-03-05 04:20:38.948274+00:00
tw17487,20,453169,2043,2022-01-01 00:00:00,2025-03-05 04:20:32.913390+00:00,2025-03-05 04:20:38.948274+00:00
tw21354,21,193251,824,2022-01-01 00:00:00,2025-03-05 04:20:32.913390+00:00,2025-03-05 04:20:38.948274+00:00
tw22416,21,13708809,37664,2022-01-01 00:00:00,2025-03-05 04:20:32.913390+00:00,2025-03-05 04:20:38.948274+00:00
tw20552,21,321264,1347,2022-01-01 00:00:00,2025-03-05 04:20:32.913390+00:00,2025-03-05 04:20:38.948274+00:00
tw20395,21,130275,583,2022-01-01 00:00:00,2025-03-05 04:20:32.913390+00:00,2025-03-05 04:20:38.948274+00:00
tw22902,21,105727,447,2022-01-01 00:00:00,2025-03-05 04:20:32.913390+00:00,2025-03-05 04:20:38.948274+00:00
tw20693,21,575423,2567,2022-01-01 00:00:00,2025-03-05 04:20:32.913390+00:00,2025-03-05 04:20:38.948274+00:00
tw20472,21,636410,2853,2022-01-01 00:00:00,2025-03-05 04:20:32.913390+00:00,2025-03-05 04:20:38.948274+00:00
tw20211,21,380927,1716,2022-01-01 00:00:00,2025-03-05 04:20:32.913390+00:00,2025-03-05 04:20:38.948274+00:00
tw20454,21,379255,1759,2022-01-01 00:00:00,2025-03-05 04:20:32.913390+00:00,2025-03-05 04:20:38.948274+00:00
tw22895,21,88852,414,2022-01-01 00:00:00,2025-03-05 04:20:32.913390+00:00,2025-03-05 04:20:38.948274+00:00
tw20683,21,49128,213,2022-01-01 00:00:00,2025-03-05 04:20:32.913390+00:00,2025-03-05 04:20:38.948274+00:00
tw20759,21,87440,373,2022-01-01 00:00:00,2025-03-05 04:20:32.913390+00:00,2025-03-05 04:20:38.948274+00:00
tw20766,21,911465,4145,2022-01-01 00:00:00,2025-03-05 04:20:32.913390+00:00,2025-03-05 04:20:38.948274+00:00
tw18792,21,21760,142,2022-01-01 00:00:00,2025-03-05 04:20:32.913390+00:00,2025-03-05 04:20:38.948274+00:00
tw20191,21,43720,588,2022-01-01 00:00:00,2025-03-05 04:20:32.913390+00:00,2025-03-05 04:20:38.948274+00:00
tw22818,21,333872,1476,2022-01-01 00:00:00,2025-03-05 04:20:32.913390+00:00,2025-03-05 04:20:38.948274+00:00
tw20861,21,371355,1560,2022-01-01 00:00:00,2025-03-05 04:20:32.913390+00:00,2025-03-05 04:20:38.948274+00:00
tw20402,21,1627590,6888,2022-01-01 00:00:00,2025-03-05 04:20:32.913390+00:00,2025-03-05 04:20:38.948274+00:00
tw22221,21,1372877,5766,2022-01-01 00:00:00,2025-03-05 04:20:32.913390+00:00,2025-03-05 04:20:38.948274+00:00
tw20295,21,142711,647,2022-01-01 00:00:00,2025-03-05 04:20:32.913390+00:00,2025-03-05 04:20:38.948274+00:00
tw18794,21,96045,406,2022-01-01 00:00:00,2025-03-05 04:20:32.913390+00:00,2025-03-05 04:20:38.948274+00:00
tw21312,22,587880,847,2022-01-01 00:00:00,2025-03-05 04:20:32.913390+00:00,2025-03-05 04:20:38.948274+00:00
tw19627,22,244878,1105,2022-01-01 00:00:00,2025-03-05 04:20:32.913390+00:00,2025-03-05 04:20:38.948274+00:00
tw22524,22,150830,702,2022-01-01 00:00:00,2025-03-05 04:20:32.913390+00:00,2025-03-05 04:20:38.948274+00:00
tw23146,22,62440,252,2022-01-01 00:00:00,2025-03-05 04:20:32.913390+00:00,2025-03-05 04:20:38.948274+00:00
tw20363,22,915242,3989,2022-01-01 00:00:00,2025-03-05 04:20:32.913390+00:00,2025-03-05 04:20:38.948274+00:00
tw20711,22,1917168,9020,2022-01-01 00:00:00,2025-03-05 04:20:32.913390+00:00,2025-03-05 04:20:38.948274+00:00
tw22508,22,311449,1406,2022-01-01 00:00:00,2025-03-05 04:20:32.913390+00:00,2025-03-05 04:20:38.948274+00:00
tw9952,22,139673,594,2022-01-01 00:00:00,2025-03-05 04:20:32.913390+00:00,2025-03-05 04:20:38.948274+00:00
tw17110,22,46830,131,2022-01-01 00:00:00,2025-03-05 04:20:32.913390+00:00,2025-03-05 04:20:38.948274+00:00
tw21350,22,166077,678,2022-01-01 00:00:00,2025-03-05 04:20:32.913390+00:00,2025-03-05 04:20:38.948274+00:00
tw21801,22,261247,887,2022-01-01 00:00:00,2025-03-05 04:20:32.913390+00:00,2025-03-05 04:20:38.948274+00:00
tw22350,22,425987,1774,2022-01-01 00:00:00,2025-03-05 04:20:32.913390+00:00,2025-03-05 04:20:38.948274+00:00
tw20963,22,110909,456,2022-01-01 00:00:00,2025-03-05 04:20:32.913390+00:00,2025-03-05 04:20:38.948274+00:00
tw22893,23,167306,696,2022-01-01 00:00:00,2025-03-05 04:20:32.913390+00:00,2025-03-05 04:20:38.948274+00:00
tw19241,23,481770,2144,2022-01-01 00:00:00,2025-03-05 04:20:32.913390+00:00,2025-03-05 04:20:38.948274+00:00
tw22739,23,206312,972,2022-01-01 00:00:00,2025-03-05 04:20:32.913390+00:00,2025-03-05 04:20:38.948274+00:00
tw22880,23,28641,136,2022-01-01 00:00:00,2025-03-05 04:20:32.913390+00:00,2025-03-05 04:20:38.948274+00:00
tw21659,23,419234,1888,2022-01-01 00:00:00,2025-03-05 04:20:32.913390+00:00,2025-03-05 04:20:38.948274+00:00
tw21307,23,130877,623,2022-01-01 00:00:00,2025-03-05 04:20:32.913390+00:00,2025-03-05 04:20:38.948274+00:00
tw23214,23,1839041,7626,2022-01-01 00:00:00,2025-03-05 04:20:32.913390+00:00,2025-03-05 04:20:38.948274+00:00
tw23199,23,487290,2137,2022-01-01 00:00:00,2025-03-05 04:20:32.913390+00:00,2025-03-05 04:20:38.948274+00:00
tw23187,23,248533,1163,2022-01-01 00:00:00,2025-03-05 04:20:32.913390+00:00,2025-03-05 04:20:38.948274+00:00
tw20413,23,126806,563,2022-01-01 00:00:00,2025-03-05 04:20:32.913390+00:00,2025-03-05 04:20:38.948274+00:00
tw21869,23,50972,258,2022-01-01 00:00:00,2025-03-05 04:20:32.913390+00:00,2025-03-05 04:20:38.948274+00:00
tw21311,23,198253,974,2022-01-01 00:00:00,2025-03-05 04:20:32.913390+00:00,2025-03-05 04:20:38.948274+00:00
tw23248,23,2467555,10463,2022-01-01 00:00:00,2025-03-05 04:20:32.913390+00:00,2025-03-05 04:20:38.948274+00:00
tw23085,23,495989,2203,2022-01-01 00:00:00,2025-03-05 04:20:32.913390+00:00,2025-03-05 04:20:38.948274+00:00
tw18149,23,125985,555,2022-01-01 00:00:00,2025-03-05 04:20:32.913390+00:00,2025-03-05 04:20:38.948274+00:00
tw22309,23,168500,714,2022-01-01 00:00:00,2025-03-05 04:20:32.913390+00:00,2025-03-05 04:20:38.948274+00:00
tw20715,23,858838,3649,2022-01-01 00:00:00,2025-03-05 04:20:32.913390+00:00,2025-03-05 04:20:38.948274+00:00
tw21382,23,189169,800,2022-01-01 00:00:00,2025-03-05 04:20:32.913390+00:00,2025-03-05 04:20:38.948274+00:00
tw22525,24,2004686,8438,2022-01-01 00:00:00,2025-03-05 04:20:32.913390+00:00,2025-03-05 04:20:38.948274+00:00
tw21866,24,226883,1045,2022-01-01 00:00:00,2025-03-05 04:20:32.913390+00:00,2025-03-05 04:20:38.948274+00:00
tw21993,24,31479,159,2022-01-01 00:00:00,2025-03-05 04:20:32.913390+00:00,2025-03-05 04:20:38.948274+00:00
tw9993,24,226993,943,2022-01-01 00:00:00,2025-03-05 04:20:32.913390+00:00,2025-03-05 04:20:38.948274+00:00
tw21306,24,399338,1636,2022-01-01 00:00:00,2025-03-05 04:20:32.913390+00:00,2025-03-05 04:20:38.948274+00:00
tw23041,24,407943,1811,2022-01-01 00:00:00,2025-03-05 04:20:32.913390+00:00,2025-03-05 04:20:38.948274+00:00
tw20534,24,357999,1644,2022-01-01 00:00:00,2025-03-05 04:20:32.913390+00:00,2025-03-05 04:20:38.948274+00:00
tw20555,24,67159,327,2022-01-01 00:00:00,2025-03-05 04:20:32.913390+00:00,2025-03-05 04:20:38.948274+00:00
tw22961,24,322524,1270,2022-01-01 00:00:00,2025-03-05 04:20:32.913390+00:00,2025-03-05 04:20:38.948274+00:00
tw20489,24,614463,2672,2022-01-01 00:00:00,2025-03-05 04:20:32.913390+00:00,2025-03-05 04:20:38.948274+00:00
tw21033,24,825183,3348,2022-01-01 00:00:00,2025-03-05 04:20:32.913390+00:00,2025-03-05 04:20:38.948274+00:00
tw18685,24,114109,508,2022-01-01 00:00:00,2025-03-05 04:20:32.913390+00:00,2025-03-05 04:20:38.948274+00:00
tw23197,24,19300162,76712,2022-01-01 00:00:00,2025-03-05 04:20:32.913390+00:00,2025-03-05 04:20:38.948274+00:00
tw22611,25,494263,2089,2022-01-01 00:00:00,2025-03-05 04:20:32.913390+00:00,2025-03-05 04:20:38.948274+00:00
tw6252,25,230452,948,2022-01-01 00:00:00,2025-03-05 04:20:32.913390+00:00,2025-03-05 04:20:38.948274+00:00
tw20239,25,48345,239,2022-01-01 00:00:00,2025-03-05 04:20:32.913390+00:00,2025-03-05 04:20:38.948274+00:00
tw20903,25,124765,613,2022-01-01 00:00:00,2025-03-05 04:20:32.913390+00:00,2025-03-05 04:20:38.948274+00:00
tw21933,25,570570,2487,2022-01-01 00:00:00,2025-03-05 04:20:32.913390+00:00,2025-03-05 04:20:38.948274+00:00
tw22650,25,71704,347,2022-01-01 00:00:00,2025-03-05 04:20:32.913390+00:00,2025-03-05 04:20:38.948274+00:00
tw22651,26,1356110,5702,2022-01-01 00:00:00,2025-03-05 04:20:32.913390+00:00,2025-03-05 04:20:38.948274+00:00
tw20779,26,223321,965,2022-01-01 00:00:00,2025-03-05 04:20:32.913390+00:00,2025-03-05 04:20:38.948274+00:00
tw22349,26,843038,3515,2022-01-01 00:00:00,2025-03-05 04:20:32.913390+00:00,2025-03-05 04:20:38.948274+00:00
tw20652,26,306307,1250,2022-01-01 00:00:00,2025-03-05 04:20:32.913390+00:00,2025-03-05 04:20:38.948274+00:00
tw21664,26,373187,1722,2022-01-01 00:00:00,2025-03-05 04:20:32.913390+00:00,2025-03-05 04:20:38.948274+00:00
tw22260,26,201400,888,2022-01-01 00:00:00,2025-03-05 04:20:32.913390+00:00,2025-03-05 04:20:38.948274+00:00
tw22407,26,165972,710,2022-01-01 00:00:00,2025-03-05 04:20:32.913390+00:00,2025-03-05 04:20:38.948274+00:00
tw21164,26,707122,3034,2022-01-01 00:00:00,2025-03-05 04:20:32.913390+00:00,2025-03-05 04:20:38.948274+00:00
tw21823,26,2185586,9147,2022-01-01 00:00:00,2025-03-05 04:20:32.913390+00:00,2025-03-05 04:20:38.948274+00:00
tw20735,26,143340,636,2022-01-01 00:00:00,2025-03-05 04:20:32.913390+00:00,2025-03-05 04:20:38.948274+00:00
tw21589,26,434584,1831,2022-01-01 00:00:00,2025-03-05 04:20:32.913390+00:00,2025-03-05 04:20:38.948274+00:00
tw22738,26,92051,447,2022-01-01 00:00:00,2025-03-05 04:20:32.913390+00:00,2025-03-05 04:20:38.948274+00:00
tw19159,26,92025,886,2022-01-01 00:00:00,2025-03-05 04:20:32.913390+00:00,2025-03-05 04:20:38.948274+00:00
tw19372,26,11775,56,2022-01-01 00:00:00,2025-03-05 04:20:32.913390+00:00,2025-03-05 04:20:38.948274+00:00
tw20848,26,428306,1963,2022-01-01 00:00:00,2025-03-05 04:20:32.913390+00:00,2025-03-05 04:20:38.948274+00:00
tw20336,26,273749,1305,2022-01-01 00:00:00,2025-03-05 04:20:32.913390+00:00,2025-03-05 04:20:38.948274+00:00
tw20335,27,1157216,4835,2022-01-01 00:00:00,2025-03-05 04:20:32.913390+00:00,2025-03-05 04:20:38.948274+00:00
tw20170,27,71900,454,2022-01-01 00:00:00,2025-03-05 04:20:32.913390+00:00,2025-03-05 04:20:38.948274+00:00
tw22172,27,545017,2403,2022-01-01 00:00:00,2025-03-05 04:20:32.913390+00:00,2025-03-05 04:20:38.948274+00:00
tw22196,27,184539,885,2022-01-01 00:00:00,2025-03-05 04:20:32.913390+00:00,2025-03-05 04:20:38.948274+00:00
tw20374,27,618187,2720,2022-01-01 00:00:00,2025-03-05 04:20:32.913390+00:00,2025-03-05 04:20:38.948274+00:00
tw19852,27,920379,3819,2022-01-01 00:00:00,2025-03-05 04:20:32.913390+00:00,2025-03-05 04:20:38.948274+00:00
tw23084,27,1434575,6106,2022-01-01 00:00:00,2025-03-05 04:20:32.913390+00:00,2025-03-05 04:20:38.948274+00:00
tw23015,27,2859530,12369,2022-01-01 00:00:00,2025-03-05 04:20:32.913390+00:00,2025-03-05 04:20:38.948274+00:00
tw21047,27,303724,1288,2022-01-01 00:00:00,2025-03-05 04:20:32.913390+00:00,2025-03-05 04:20:38.948274+00:00
tw22229,27,835671,3324,2022-01-01 00:00:00,2025-03-05 04:20:32.913390+00:00,2025-03-05 04:20:38.948274+00:00
tw16420,27,435261,1819,2022-01-01 00:00:00,2025-03-05 04:20:32.913390+00:00,2025-03-05 04:20:38.948274+00:00
tw17129,27,14430,32,2022-01-01 00:00:00,2025-03-05 04:20:32.913390+00:00,2025-03-05 04:20:38.948274+00:00
tw20862,27,102502,487,2022-01-01 00:00:00,2025-03-05 04:20:32.913390+00:00,2025-03-05 04:20:38.948274+00:00
tw20076,27,82735,400,2022-01-01 00:00:00,2025-03-05 04:20:32.913390+00:00,2025-03-05 04:20:38.948274+00:00
tw22378,27,769183,3156,2022-01-01 00:00:00,2025-03-05 04:20:32.913390+00:00,2025-03-05 04:20:38.948274+00:00
tw20520,27,583511,2327,2022-01-01 00:00:00,2025-03-05 04:20:32.913390+00:00,2025-03-05 04:20:38.948274+00:00
tw19000,27,52355,114,2022-01-01 00:00:00,2025-03-05 04:20:32.913390+00:00,2025-03-05 04:20:38.948274+00:00
tw21974,27,378998,1645,2022-01-01 00:00:00,2025-03-05 04:20:32.913390+00:00,2025-03-05 04:20:38.948274+00:00
tw20697,27,287028,1226,2022-01-01 00:00:00,2025-03-05 04:20:32.913390+00:00,2025-03-05 04:20:38.948274+00:00
tw22679,27,921637,4146,2022-01-01 00:00:00,2025-03-05 04:20:32.913390+00:00,2025-03-05 04:20:38.948274+00:00
tw18749,27,47560,374,2022-01-01 00:00:00,2025-03-05 04:20:32.913390+00:00,2025-03-05 04:20:38.948274+00:00
tw21809,28,415965,1857,2022-01-01 00:00:00,2025-03-05 04:20:32.913390+00:00,2025-03-05 04:20:38.948274+00:00
tw22327,28,303680,1900,2022-01-01 00:00:00,2025-03-05 04:20:32.913390+00:00,2025-03-05 04:20:38.948274+00:00
tw21920,28,2444063,10331,2022-01-01 00:00:00,2025-03-05 04:20:32.913390+00:00,2025-03-05 04:20:38.948274+00:00
tw20101,28,27440,176,2022-01-01 00:00:00,2025-03-05 04:20:32.913390+00:00,2025-03-05 04:20:38.948274+00:00
tw22628,28,1154509,4881,2022-01-01 00:00:00,2025-03-05 04:20:32.913390+00:00,2025-03-05 04:20:38.948274+00:00
tw18984,28,26942,220,2022-01-01 00:00:00,2025-03-05 04:20:32.913390+00:00,2025-03-05 04:20:38.948274+00:00
tw21221,28,534074,2206,2022-01-01 00:00:00,2025-03-05 04:20:32.913390+00:00,2025-03-05 04:20:38.948274+00:00
tw21838,28,948838,4000,2022-01-01 00:00:00,2025-03-05 04:20:32.913390+00:00,2025-03-05 04:20:38.948274+00:00
tw22474,28,375585,1564,2022-01-01 00:00:00,2025-03-05 04:20:32.913390+00:00,2025-03-05 04:20:38.948274+00:00
tw21921,28,335120,2116,2022-01-01 00:00:00,2025-03-05 04:20:32.913390+00:00,2025-03-05 04:20:38.948274+00:00
tw21748,28,362030,2268,2022-01-01 00:00:00,2025-03-05 04:20:32.913390+00:00,2025-03-05 04:20:38.948274+00:00
tw21740,28,94855,440,2022-01-01 00:00:00,2025-03-05 04:20:32.913390+00:00,2025-03-05 04:20:38.948274+00:00
tw20110,28,40210,764,2022-01-01 00:00:00,2025-03-05 04:20:32.913390+00:00,2025-03-05 04:20:38.948274+00:00
tw22630,28,257968,1035,2022-01-01 00:00:00,2025-03-05 04:20:32.913390+00:00,2025-03-05 04:20:38.948274+00:00
tw18924,28,1209573,5290,2022-01-01 00:00:00,2025-03-05 04:20:32.913390+00:00,2025-03-05 04:20:38.948274+00:00
tw22174,28,714492,3038,2022-01-01 00:00:00,2025-03-05 04:20:32.913390+00:00,2025-03-05 04:20:38.948274+00:00
tw23128,28,711344,2972,2022-01-01 00:00:00,2025-03-05 04:20:32.913390+00:00,2025-03-05 04:20:38.948274+00:00
tw20632,28,215696,980,2022-01-01 00:00:00,2025-03-05 04:20:32.913390+00:00,2025-03-05 04:20:38.948274+00:00
tw22710,28,175962,848,2022-01-01 00:00:00,2025-03-05 04:20:32.913390+00:00,2025-03-05 04:20:38.948274+00:00
tw20981,28,3078150,5961,2022-01-01 00:00:00,2025-03-05 04:20:32.913390+00:00,2025-03-05 04:20:38.948274+00:00
tw20749,28,828666,3543,2022-01-01 00:00:00,2025-03-05 04:20:32.913390+00:00,2025-03-05 04:20:38.948274+00:00
tw20929,28,1087690,4541,2022-01-01 00:00:00,2025-03-05 04:20:32.913390+00:00,2025-03-05 04:20:38.948274+00:00
tw21032,28,194736,893,2022-01-01 00:00:00,2025-03-05 04:20:32.913390+00:00,2025-03-05 04:20:38.948274+00:00
tw19858,28,269112,1080,2022-01-01 00:00:00,2025-03-05 04:20:32.913390+00:00,2025-03-05 04:20:38.948274+00:00
tw19408,28,15345,279,2022-01-01 00:00:00,2025-03-05 04:20:32.913390+00:00,2025-03-05 04:20:38.948274+00:00
tw23188,28,1072209,3876,2022-01-01 00:00:00,2025-03-05 04:20:32.913390+00:00,2025-03-05 04:20:38.948274+00:00
tw20579,29,615697,2689,2022-01-01 00:00:00,2025-03-05 04:20:32.913390+00:00,2025-03-05 04:20:38.948274+00:00
tw20643,29,1473791,6528,2022-01-01 00:00:00,2025-03-05 04:20:32.913390+00:00,2025-03-05 04:20:38.948274+00:00
tw20300,29,276978,1255,2022-01-01 00:00:00,2025-03-05 04:20:32.913390+00:00,2025-03-05 04:20:38.948274+00:00
tw19921,29,209451,910,2022-01-01 00:00:00,2025-03-05 04:20:32.913390+00:00,2025-03-05 04:20:38.948274+00:00
tw21239,29,337310,2110,2022-01-01 00:00:00,2025-03-05 04:20:32.913390+00:00,2025-03-05 04:20:38.948274+00:00
tw19319,29,33280,215,2022-01-01 00:00:00,2025-03-05 04:20:32.913390+00:00,2025-03-05 04:20:38.948274+00:00
tw22173,29,52035,274,2022-01-01 00:00:00,2025-03-05 04:20:32.913390+00:00,2025-03-05 04:20:38.948274+00:00
tw22960,29,567908,2229,2022-01-01 00:00:00,2025-03-05 04:20:32.913390+00:00,2025-03-05 04:20:38.948274+00:00
tw23148,30,11745636,47342,2022-01-01 00:00:00,2025-03-05 04:20:32.913390+00:00,2025-03-05 04:20:38.948274+00:00
tw22114,30,1035351,4109,2022-01-01 00:00:00,2025-03-05 04:20:32.913390+00:00,2025-03-05 04:20:38.948274+00:00
tw23153,30,7091561,29294,2022-01-01 00:00:00,2025-03-05 04:20:32.913390+00:00,2025-03-05 04:20:38.948274+00:00
tw21384,30,96874,493,2022-01-01 00:00:00,2025-03-05 04:20:32.913390+00:00,2025-03-05 04:20:38.948274+00:00
tw20589,30,486654,2192,2022-01-01 00:00:00,2025-03-05 04:20:32.913390+00:00,2025-03-05 04:20:38.948274+00:00
tw21857,30,389055,1733,2022-01-01 00:00:00,2025-03-05 04:20:32.913390+00:00,2025-03-05 04:20:38.948274+00:00
tw20294,30,6978444,29045,2022-01-01 00:00:00,2025-03-05 04:20:32.913390+00:00,2025-03-05 04:20:38.948274+00:00
tw22167,30,1100049,4482,2022-01-01 00:00:00,2025-03-05 04:20:32.913390+00:00,2025-03-05 04:20:38.948274+00:00
tw20804,30,245143,1162,2022-01-01 00:00:00,2025-03-05 04:20:32.913390+00:00,2025-03-05 04:20:38.948274+00:00
tw19957,30,785267,3881,2022-01-01 00:00:00,2025-03-05 04:20:32.913390+00:00,2025-03-05 04:20:38.948274+00:00
tw22533,30,100527,452,2022-01-01 00:00:00,2025-03-05 04:20:32.913390+00:00,2025-03-05 04:20:38.948274+00:00
tw23216,30,2260326,9913,2022-01-01 00:00:00,2025-03-05 04:20:32.913390+00:00,2025-03-05 04:20:38.948274+00:00
tw22663,30,15257079,60336,2022-01-01 00:00:00,2025-03-05 04:20:32.913390+00:00,2025-03-05 04:20:38.948274+00:00
tw20460,30,1982619,8981,2022-01-01 00:00:00,2025-03-05 04:20:32.913390+00:00,2025-03-05 04:20:38.948274+00:00
tw21706,30,133062,636,2022-01-01 00:00:00,2025-03-05 04:20:32.913390+00:00,2025-03-05 04:20:38.948274+00:00
tw21624,31,116816,578,2022-01-01 00:00:00,2025-03-05 04:20:32.913390+00:00,2025-03-05 04:20:38.948274+00:00
tw23040,31,414940,1885,2022-01-01 00:00:00,2025-03-05 04:20:32.913390+00:00,2025-03-05 04:20:38.948274+00:00
tw20758,31,236773,1113,2022-01-01 00:00:00,2025-03-05 04:20:32.913390+00:00,2025-03-05 04:20:38.948274+00:00
tw21021,31,276866,1276,2022-01-01 00:00:00,2025-03-05 04:20:32.913390+00:00,2025-03-05 04:20:38.948274+00:00
tw22408,31,1141683,4482,2022-01-01 00:00:00,2025-03-05 04:20:32.913390+00:00,2025-03-05 04:20:38.948274+00:00
tw22431,31,415126,1830,2022-01-01 00:00:00,2025-03-05 04:20:32.913390+00:00,2025-03-05 04:20:38.948274+00:00
tw22963,31,832606,3636,2022-01-01 00:00:00,2025-03-05 04:20:32.913390+00:00,2025-03-05 04:20:38.948274+00:00
tw22801,31,416826,1788,2022-01-01 00:00:00,2025-03-05 04:20:32.913390+00:00,2025-03-05 04:20:38.948274+00:00
tw17116,31,1666470,7139,2022-01-01 00:00:00,2025-03-05 04:20:32.913390+00:00,2025-03-05 04:20:38.948274+00:00
tw20313,31,207999,991,2022-01-01 00:00:00,2025-03-05 04:20:32.913390+00:00,2025-03-05 04:20:38.948274+00:00
tw23155,32,8765220,36580,2022-01-01 00:00:00,2025-03-05 04:20:32.913390+00:00,2025-03-05 04:20:38.948274+00:00
tw20104,32,777013,1652,2022-01-01 00:00:00,2025-03-05 04:20:32.913390+00:00,2025-03-05 04:20:38.948274+00:00
tw22197,32,636686,2705,2022-01-01 00:00:00,2025-03-05 04:20:32.913390+00:00,2025-03-05 04:20:38.948274+00:00
tw21236,32,89968,471,2022-01-01 00:00:00,2025-03-05 04:20:32.913390+00:00,2025-03-05 04:20:38.948274+00:00
tw19320,32,1285544,5604,2022-01-01 00:00:00,2025-03-05 04:20:32.913390+00:00,2025-03-05 04:20:38.948274+00:00
tw18707,32,364889,1376,2022-01-01 00:00:00,2025-03-05 04:20:32.913390+00:00,2025-03-05 04:20:38.948274+00:00
tw21441,32,660354,2618,2022-01-01 00:00:00,2025-03-05 04:20:32.913390+00:00,2025-03-05 04:20:38.948274+00:00
tw20553,33,2697970,3489,2022-01-01 00:00:00,2025-03-05 04:20:32.913390+00:00,2025-03-05 04:20:38.948274+00:00
tw22003,33,1316875,5314,2022-01-01 00:00:00,2025-03-05 04:20:32.913390+00:00,2025-03-05 04:20:38.948274+00:00
tw19264,33,758265,3114,2022-01-01 00:00:00,2025-03-05 04:20:32.913390+00:00,2025-03-05 04:20:38.948274+00:00
tw22648,33,2273555,9864,2022-01-01 00:00:00,2025-03-05 04:20:32.913390+00:00,2025-03-05 04:20:38.948274+00:00
tw20975,34,1665825,7022,2022-01-01 00:00:00,2025-03-05 04:20:32.913390+00:00,2025-03-05 04:20:38.948274+00:00
tw20521,34,1437067,6212,2022-01-01 00:00:00,2025-03-05 04:20:32.913390+00:00,2025-03-05 04:20:38.948274+00:00
tw14496,34,318574,1323,2022-01-01 00:00:00,2025-03-05 04:20:32.913390+00:00,2025-03-05 04:20:38.948274+00:00
tw20728,34,316110,1494,2022-01-01 00:00:00,2025-03-05 04:20:32.913390+00:00,2025-03-05 04:20:38.948274+00:00
tw20744,34,1037543,4543,2022-01-01 00:00:00,2025-03-05 04:20:32.913390+00:00,2025-03-05 04:20:38.948274+00:00
tw20741,34,526532,2291,2022-01-01 00:00:00,2025-03-05 04:20:32.913390+00:00,2025-03-05 04:20:38.948274+00:00
tw21790,34,1367306,5535,2022-01-01 00:00:00,2025-03-05 04:20:32.913390+00:00,2025-03-05 04:20:38.948274+00:00
tw21627,34,575930,2474,2022-01-01 00:00:00,2025-03-05 04:20:32.913390+00:00,2025-03-05 04:20:38.948274+00:00
tw10916,34,489144,2082,2022-01-01 00:00:00,2025-03-05 04:20:32.913390+00:00,2025-03-05 04:20:38.948274+00:00
tw21237,34,1403868,5924,2022-01-01 00:00:00,2025-03-05 04:20:32.913390+00:00,2025-03-05 04:20:38.948274+00:00
tw20398,34,6374008,27087,2022-01-01 00:00:00,2025-03-05 04:20:32.913390+00:00,2025-03-05 04:20:38.948274+00:00
tw18735,34,590773,2414,2022-01-01 00:00:00,2025-03-05 04:20:32.913390+00:00,2025-03-05 04:20:38.948274+00:00
tw16508,34,459063,2481,2022-01-01 00:00:00,2025-03-05 04:20:32.913390+00:00,2025-03-05 04:20:38.948274+00:00
tw21929,34,466241,2156,2022-01-01 00:00:00,2025-03-05 04:20:32.913390+00:00,2025-03-05 04:20:38.948274+00:00
tw19601,34,31565,286,2022-01-01 00:00:00,2025-03-05 04:20:32.913390+00:00,2025-03-05 04:20:38.948274+00:00
tw20631,34,856896,3769,2022-01-01 00:00:00,2025-03-05 04:20:32.913390+00:00,2025-03-05 04:20:38.948274+00:00
tw21160,35,1286488,5428,2022-01-01 00:00:00,2025-03-05 04:20:32.913390+00:00,2025-03-05 04:20:38.948274+00:00
tw22397,35,1978031,8143,2022-01-01 00:00:00,2025-03-05 04:20:32.913390+00:00,2025-03-05 04:20:38.948274+00:00
tw19475,35,36710,348,2022-01-01 00:00:00,2025-03-05 04:20:32.913390+00:00,2025-03-05 04:20:38.948274+00:00
tw22222,35,1439492,5018,2022-01-01 00:00:00,2025-03-05 04:20:32.913390+00:00,2025-03-05 04:20:38.948274+00:00
tw20962,35,183693,855,2022-01-01 00:00:00,2025-03-05 04:20:32.913390+00:00,2025-03-05 04:20:38.948274+00:00
tw20005,35,998975,4751,2022-01-01 00:00:00,2025-03-05 04:20:32.913390+00:00,2025-03-05 04:20:38.948274+00:00
tw20319,35,980173,4096,2022-01-01 00:00:00,2025-03-05 04:20:32.913390+00:00,2025-03-05 04:20:38.948274+00:00
tw19657,35,45425,559,2022-01-01 00:00:00,2025-03-05 04:20:32.913390+00:00,2025-03-05 04:20:38.948274+00:00
tw22404,35,164744,824,2022-01-01 00:00:00,2025-03-05 04:20:32.913390+00:00,2025-03-05 04:20:38.948274+00:00
tw20922,35,302620,1893,2022-01-01 00:00:00,2025-03-05 04:20:32.913390+00:00,2025-03-05 04:20:38.948274+00:00
tw21779,35,2200799,8984,2022-01-01 00:00:00,2025-03-05 04:20:32.913390+00:00,2025-03-05 04:20:38.948274+00:00
tw22004,35,2632400,11104,2022-01-01 00:00:00,2025-03-05 04:20:32.913390+00:00,2025-03-05 04:20:38.948274+00:00
tw20986,35,570003,2447,2022-01-01 00:00:00,2025-03-05 04:20:32.913390+00:00,2025-03-05 04:20:38.948274+00:00
tw22473,35,8631370,36581,2022-01-01 00:00:00,2025-03-05 04:20:32.913390+00:00,2025-03-05 04:20:38.948274+00:00
tw20702,35,682100,2736,2022-01-01 00:00:00,2025-03-05 04:20:32.913390+00:00,2025-03-05 04:20:38.948274+00:00
tw21315,35,183929,930,2022-01-01 00:00:00,2025-03-05 04:20:32.913390+00:00,2025-03-05 04:20:38.948274+00:00
tw20051,35,1013475,4510,2022-01-01 00:00:00,2025-03-05 04:20:32.913390+00:00,2025-03-05 04:20:38.948274+00:00
tw7689,35,911526,3585,2022-01-01 00:00:00,2025-03-05 04:20:32.913390+00:00,2025-03-05 04:20:38.948274+00:00
tw22858,35,169870,798,2022-01-01 00:00:00,2025-03-05 04:20:32.913390+00:00,2025-03-05 04:20:38.948274+00:00
tw20415,35,2604189,11049,2022-01-01 00:00:00,2025-03-05 04:20:32.913390+00:00,2025-03-05 04:20:38.948274+00:00
tw22117,35,716392,3100,2022-01-01 00:00:00,2025-03-05 04:20:32.913390+00:00,2025-03-05 04:20:38.948274+00:00
tw21436,35,1525453,6292,2022-01-01 00:00:00,2025-03-05 04:20:32.913390+00:00,2025-03-05 04:20:38.948274+00:00
tw20314,36,308866,1332,2022-01-01 00:00:00,2025-03-05 04:20:32.913390+00:00,2025-03-05 04:20:38.948274+00:00
tw20780,36,1167619,4857,2022-01-01 00:00:00,2025-03-05 04:20:32.913390+00:00,2025-03-05 04:20:38.948274+00:00
tw20201,36,1045174,4587,2022-01-01 00:00:00,2025-03-05 04:20:32.913390+00:00,2025-03-05 04:20:38.948274+00:00
tw21066,36,410490,1600,2022-01-01 00:00:00,2025-03-05 04:20:32.913390+00:00,2025-03-05 04:20:38.948274+00:00
tw20993,36,703841,2991,2022-01-01 00:00:00,2025-03-05 04:20:32.913390+00:00,2025-03-05 04:20:38.948274+00:00
tw21045,36,286305,1235,2022-01-01 00:00:00,2025-03-05 04:20:32.913390+00:00,2025-03-05 04:20:38.948274+00:00
tw20669,36,1506461,6066,2022-01-01 00:00:00,2025-03-05 04:20:32.913390+00:00,2025-03-05 04:20:38.948274+00:00
tw20805,36,763901,3348,2022-01-01 00:00:00,2025-03-05 04:20:32.913390+00:00,2025-03-05 04:20:38.948274+00:00
tw20105,36,306795,1359,2022-01-01 00:00:00,2025-03-05 04:20:32.913390+00:00,2025-03-05 04:20:38.948274+00:00
tw20485,36,318617,1479,2022-01-01 00:00:00,2025-03-05 04:20:32.913390+00:00,2025-03-05 04:20:38.948274+00:00
tw21223,36,549075,2378,2022-01-01 00:00:00,2025-03-05 04:20:32.913390+00:00,2025-03-05 04:20:38.948274+00:00
tw21888,37,239756,1263,2022-01-01 00:00:00,2025-03-05 04:20:32.913390+00:00,2025-03-05 04:20:38.948274+00:00
tw22653,37,1487675,6367,2022-01-01 00:00:00,2025-03-05 04:20:32.913390+00:00,2025-03-05 04:20:38.948274+00:00
tw20356,37,1908583,8346,2022-01-01 00:00:00,2025-03-05 04:20:32.913390+00:00,2025-03-05 04:20:38.948274+00:00
tw21389,37,3332467,13867,2022-01-01 00:00:00,2025-03-05 04:20:32.913390+00:00,2025-03-05 04:20:38.948274+00:00
tw23147,37,18565875,78936,2022-01-01 00:00:00,2025-03-05 04:20:32.913390+00:00,2025-03-05 04:20:38.948274+00:00
tw23138,37,6387538,26922,2022-01-01 00:00:00,2025-03-05 04:20:32.913390+00:00,2025-03-05 04:20:38.948274+00:00
tw21214,37,366227,1663,2022-01-01 00:00:00,2025-03-05 04:20:32.913390+00:00,2025-03-05 04:20:38.948274+00:00
tw20762,37,1828627,7485,2022-01-01 00:00:00,2025-03-05 04:20:32.913390+00:00,2025-03-05 04:20:38.948274+00:00
tw20983,37,213748,1015,2022-01-01 00:00:00,2025-03-05 04:20:32.913390+00:00,2025-03-05 04:20:38.948274+00:00
tw22878,37,8802123,35219,2022-01-01 00:00:00,2025-03-05 04:20:32.913390+00:00,2025-03-05 04:20:38.948274+00:00
tw22228,37,399753,1783,2022-01-01 00:00:00,2025-03-05 04:20:32.913390+00:00,2025-03-05 04:20:38.948274+00:00
tw21115,38,1770800,7532,2022-01-01 00:00:00,2025-03-05 04:20:32.913390+00:00,2025-03-05 04:20:38.948274+00:00
tw20763,38,955175,4156,2022-01-01 00:00:00,2025-03-05 04:20:32.913390+00:00,2025-03-05 04:20:38.948274+00:00
tw22924,38,3991237,15734,2022-01-01 00:00:00,2025-03-05 04:20:32.913390+00:00,2025-03-05 04:20:38.948274+00:00
tw21906,38,364501,1502,2022-01-01 00:00:00,2025-03-05 04:20:32.913390+00:00,2025-03-05 04:20:38.948274+00:00
tw20531,38,1913309,8047,2022-01-01 00:00:00,2025-03-05 04:20:32.913390+00:00,2025-03-05 04:20:38.948274+00:00
tw22356,39,197370,935,2022-01-01 00:00:00,2025-03-05 04:20:32.913390+00:00,2025-03-05 04:20:38.948274+00:00
tw20918,39,391818,1755,2022-01-01 00:00:00,2025-03-05 04:20:32.913390+00:00,2025-03-05 04:20:38.948274+00:00
tw9023,39,1059994,4104,2022-01-01 00:00:00,2025-03-05 04:20:32.913390+00:00,2025-03-05 04:20:38.948274+00:00
tw21210,39,529394,2314,2022-01-01 00:00:00,2025-03-05 04:20:32.913390+00:00,2025-03-05 04:20:38.948274+00:00
tw18424,39,946200,4172,2022-01-01 00:00:00,2025-03-05 04:20:32.913390+00:00,2025-03-05 04:20:38.948274+00:00
tw18829,39,851816,3584,2022-01-01 00:00:00,2025-03-05 04:20:32.913390+00:00,2025-03-05 04:20:38.948274+00:00
tw22270,39,149154,785,2022-01-01 00:00:00,2025-03-05 04:20:32.913390+00:00,2025-03-05 04:20:38.948274+00:00
tw20823,39,82727,343,2022-01-01 00:00:00,2025-03-05 04:20:32.913390+00:00,2025-03-05 04:20:38.948274+00:00
tw19157,39,71390,280,2022-01-01 00:00:00,2025-03-05 04:20:32.913390+00:00,2025-03-05 04:20:38.948274+00:00
tw21179,40,518556,2272,2022-01-01 00:00:00,2025-03-05 04:20:32.913390+00:00,2025-03-05 04:20:38.948274+00:00
tw22788,40,3126373,14193,2022-01-01 00:00:00,2025-03-05 04:20:32.913390+00:00,2025-03-05 04:20:38.948274+00:00
tw22511,40,851769,3604,2022-01-01 00:00:00,2025-03-05 04:20:32.913390+00:00,2025-03-05 04:20:38.948274+00:00
tw22084,40,1062636,5253,2022-01-01 00:00:00,2025-03-05 04:20:32.913390+00:00,2025-03-05 04:20:38.948274+00:00
tw22925,40,6046995,25334,2022-01-01 00:00:00,2025-03-05 04:20:32.913390+00:00,2025-03-05 04:20:38.948274+00:00
tw22372,40,392656,1548,2022-01-01 00:00:00,2025-03-05 04:20:32.913390+00:00,2025-03-05 04:20:38.948274+00:00
tw19964,40,84525,931,2022-01-01 00:00:00,2025-03-05 04:20:32.913390+00:00,2025-03-05 04:20:38.948274+00:00
tw22530,41,5355551,20838,2022-01-01 00:00:00,2025-03-05 04:20:32.913390+00:00,2025-03-05 04:20:38.948274+00:00
tw21263,41,141789,811,2022-01-01 00:00:00,2025-03-05 04:20:32.913390+00:00,2025-03-05 04:20:38.948274+00:00
tw18925,41,101725,1539,2022-01-01 00:00:00,2025-03-05 04:20:32.913390+00:00,2025-03-05 04:20:38.948274+00:00
tw19383,41,37270,400,2022-01-01 00:00:00,2025-03-05 04:20:32.913390+00:00,2025-03-05 04:20:38.948274+00:00
tw19150,42,220252,2178,2022-01-01 00:00:00,2025-03-05 04:20:32.913390+00:00,2025-03-05 04:20:38.948274+00:00
tw20653,42,201486,810,2022-01-01 00:00:00,2025-03-05 04:20:32.913390+00:00,2025-03-05 04:20:38.948274+00:00
tw20936,42,174672,722,2022-01-01 00:00:00,2025-03-05 04:20:32.913390+00:00,2025-03-05 04:20:38.948274+00:00
tw20184,42,1256002,5366,2022-01-01 00:00:00,2025-03-05 04:20:32.913390+00:00,2025-03-05 04:20:38.948274+00:00
tw21386,42,195089,790,2022-01-01 00:00:00,2025-03-05 04:20:32.913390+00:00,2025-03-05 04:20:38.948274+00:00
tw21020,42,150809,622,2022-01-01 00:00:00,2025-03-05 04:20:32.913390+00:00,2025-03-05 04:20:38.948274+00:00
tw22307,42,1130682,4827,2022-01-01 00:00:00,2025-03-05 04:20:32.913390+00:00,2025-03-05 04:20:38.948274+00:00
tw22512,42,1537279,6174,2022-01-01 00:00:00,2025-03-05 04:20:32.913390+00:00,2025-03-05 04:20:38.948274+00:00
tw19984,42,164880,1953,2022-01-01 00:00:00,2025-03-05 04:20:32.913390+00:00,2025-03-05 04:20:38.948274+00:00
tw23107,42,242050,1081,2022-01-01 00:00:00,2025-03-05 04:20:32.913390+00:00,2025-03-05 04:20:38.948274+00:00
tw18846,43,42580,289,2022-01-01 00:00:00,2025-03-05 04:20:32.913390+00:00,2025-03-05 04:20:38.948274+00:00
tw22660,43,2913660,12792,2022-01-01 00:00:00,2025-03-05 04:20:32.913390+00:00,2025-03-05 04:20:38.948274+00:00
tw19639,43,202200,2918,2022-01-01 00:00:00,2025-03-05 04:20:32.913390+00:00,2025-03-05 04:20:38.948274+00:00
tw20457,43,683808,3090,2022-01-01 00:00:00,2025-03-05 04:20:32.913390+00:00,2025-03-05 04:20:38.948274+00:00
tw22476,43,3783932,15442,2022-01-01 00:00:00,2025-03-05 04:20:32.913390+00:00,2025-03-05 04:20:38.948274+00:00
tw20943,43,477658,2050,2022-01-01 00:00:00,2025-03-05 04:20:32.913390+00:00,2025-03-05 04:20:38.948274+00:00
tw21825,43,1328119,5765,2022-01-01 00:00:00,2025-03-05 04:20:32.913390+00:00,2025-03-05 04:20:38.948274+00:00
tw21180,43,164563,975,2022-01-01 00:00:00,2025-03-05 04:20:32.913390+00:00,2025-03-05 04:20:38.948274+00:00
tw22328,43,3472928,7741,2022-01-01 00:00:00,2025-03-05 04:20:32.913390+00:00,2025-03-05 04:20:38.948274+00:00
tw21786,44,369674,1641,2022-01-01 00:00:00,2025-03-05 04:20:32.913390+00:00,2025-03-05 04:20:38.948274+00:00
tw19468,44,372403,4745,2022-01-01 00:00:00,2025-03-05 04:20:32.913390+00:00,2025-03-05 04:20:38.948274+00:00
tw21265,44,889361,3166,2022-01-01 00:00:00,2025-03-05 04:20:32.913390+00:00,2025-03-05 04:20:38.948274+00:00
tw23115,44,2556505,10149,2022-01-01 00:00:00,2025-03-05 04:20:32.913390+00:00,2025-03-05 04:20:38.948274+00:00
tw21119,44,3878689,17849,2022-01-01 00:00:00,2025-03-05 04:20:32.913390+00:00,2025-03-05 04:20:38.948274+00:00
tw21065,44,2120777,8769,2022-01-01 00:00:00,2025-03-05 04:20:32.913390+00:00,2025-03-05 04:20:38.948274+00:00
tw22652,44,4218526,17089,2022-01-01 00:00:00,2025-03-05 04:20:32.913390+00:00,2025-03-05 04:20:38.948274+00:00
tw20364,44,290913,1421,2022-01-01 00:00:00,2025-03-05 04:20:32.913390+00:00,2025-03-05 04:20:38.948274+00:00
tw21080,44,720016,3310,2022-01-01 00:00:00,2025-03-05 04:20:32.913390+00:00,2025-03-05 04:20:38.948274+00:00
tw20661,45,286822,1327,2022-01-01 00:00:00,2025-03-05 04:20:32.913390+00:00,2025-03-05 04:20:38.948274+00:00
tw21930,45,2522604,10612,2022-01-01 00:00:00,2025-03-05 04:20:32.913390+00:00,2025-03-05 04:20:38.948274+00:00
tw21174,45,1351685,6716,2022-01-01 00:00:00,2025-03-05 04:20:32.913390+00:00,2025-03-05 04:20:38.948274+00:00
tw21537,45,779624,3013,2022-01-01 00:00:00,2025-03-05 04:20:32.913390+00:00,2025-03-05 04:20:38.948274+00:00
tw19922,46,88460,680,2022-01-01 00:00:00,2025-03-05 04:20:32.913390+00:00,2025-03-05 04:20:38.948274+00:00
tw20355,46,1859284,7476,2022-01-01 00:00:00,2025-03-05 04:20:32.913390+00:00,2025-03-05 04:20:38.948274+00:00
tw20264,46,4458051,18738,2022-01-01 00:00:00,2025-03-05 04:20:32.913390+00:00,2025-03-05 04:20:38.948274+00:00
tw21747,46,504321,2171,2022-01-01 00:00:00,2025-03-05 04:20:32.913390+00:00,2025-03-05 04:20:38.948274+00:00
tw19402,46,35253,327,2022-01-01 00:00:00,2025-03-05 04:20:32.913390+00:00,2025-03-05 04:20:38.948274+00:00
tw20541,46,809514,3568,2022-01-01 00:00:00,2025-03-05 04:20:32.913390+00:00,2025-03-05 04:20:38.948274+00:00
tw21165,47,4536398,19490,2022-01-01 00:00:00,2025-03-05 04:20:32.913390+00:00,2025-03-05 04:20:38.948274+00:00
tw18190,47,132440,1159,2022-01-01 00:00:00,2025-03-05 04:20:32.913390+00:00,2025-03-05 04:20:38.948274+00:00
tw21858,47,9396972,38589,2022-01-01 00:00:00,2025-03-05 04:20:32.913390+00:00,2025-03-05 04:20:38.948274+00:00
tw21758,47,421787,1708,2022-01-01 00:00:00,2025-03-05 04:20:32.913390+00:00,2025-03-05 04:20:38.948274+00:00
tw18813,47,97300,1319,2022-01-01 00:00:00,2025-03-05 04:20:32.913390+00:00,2025-03-05 04:20:38.948274+00:00
tw20529,47,330399,1411,2022-01-01 00:00:00,2025-03-05 04:20:32.913390+00:00,2025-03-05 04:20:38.948274+00:00
tw19859,47,75810,918,2022-01-01 00:00:00,2025-03-05 04:20:32.913390+00:00,2025-03-05 04:20:38.948274+00:00
tw22115,47,3909305,16100,2022-01-01 00:00:00,2025-03-05 04:20:32.913390+00:00,2025-03-05 04:20:38.948274+00:00
tw20565,47,972595,4386,2022-01-01 00:00:00,2025-03-05 04:20:32.913390+00:00,2025-03-05 04:20:38.948274+00:00
tw19919,48,79408,768,2022-01-01 00:00:00,2025-03-05 04:20:32.913390+00:00,2025-03-05 04:20:38.948274+00:00
tw18745,48,1408299,5895,2022-01-01 00:00:00,2025-03-05 04:20:32.913390+00:00,2025-03-05 04:20:38.948274+00:00
tw21233,48,2244623,10149,2022-01-01 00:00:00,2025-03-05 04:20:32.913390+00:00,2025-03-05 04:20:38.948274+00:00
tw22879,48,8210829,34070,2022-01-01 00:00:00,2025-03-05 04:20:32.913390+00:00,2025-03-05 04:20:38.948274+00:00
tw22337,49,9040655,36891,2022-01-01 00:00:00,2025-03-05 04:20:32.913390+00:00,2025-03-05 04:20:38.948274+00:00
tw20176,49,1695750,7284,2022-01-01 00:00:00,2025-03-05 04:20:32.913390+00:00,2025-03-05 04:20:38.948274+00:00
tw22108,49,1338652,6321,2022-01-01 00:00:00,2025-03-05 04:20:32.913390+00:00,2025-03-05 04:20:38.948274+00:00
tw17799,49,1358697,6137,2022-01-01 00:00:00,2025-03-05 04:20:32.913390+00:00,2025-03-05 04:20:38.948274+00:00
tw21388,49,391134,1850,2022-01-01 00:00:00,2025-03-05 04:20:32.913390+00:00,2025-03-05 04:20:38.948274+00:00
tw20528,49,772839,3425,2022-01-01 00:00:00,2025-03-05 04:20:32.913390+00:00,2025-03-05 04:20:38.948274+00:00
tw19722,49,1635607,3980,2022-01-01 00:00:00,2025-03-05 04:20:32.913390+00:00,2025-03-05 04:20:38.948274+00:00
tw21173,49,424760,1963,2022-01-01 00:00:00,2025-03-05 04:20:32.913390+00:00,2025-03-05 04:20:38.948274+00:00
tw22243,49,588892,2607,2022-01-01 00:00:00,2025-03-05 04:20:32.913390+00:00,2025-03-05 04:20:38.948274+00:00
tw20394,49,2007625,8205,2022-01-01 00:00:00,2025-03-05 04:20:32.913390+00:00,2025-03-05 04:20:38.948274+00:00
tw22420,49,1069383,4301,2022-01-01 00:00:00,2025-03-05 04:20:32.913390+00:00,2025-03-05 04:20:38.948274+00:00
tw20235,49,966813,4580,2022-01-01 00:00:00,2025-03-05 04:20:32.913390+00:00,2025-03-05 04:20:38.948274+00:00
tw21616,50,377940,1794,2022-01-01 00:00:00,2025-03-05 04:20:32.913390+00:00,2025-03-05 04:20:38.948274+00:00
tw21998,50,365064,2014,2022-01-01 00:00:00,2025-03-05 04:20:32.913390+00:00,2025-03-05 04:20:38.948274+00:00
tw21380,50,276983,1329,2022-01-01 00:00:00,2025-03-05 04:20:32.913390+00:00,2025-03-05 04:20:38.948274+00:00
tw19696,50,121703,1236,2022-01-01 00:00:00,2025-03-05 04:20:32.913390+00:00,2025-03-05 04:20:38.948274+00:00
tw21310,50,3643625,14772,2022-01-01 00:00:00,2025-03-05 04:20:32.913390+00:00,2025-03-05 04:20:38.948274+00:00
tw22962,51,6946254,27732,2022-01-01 00:00:00,2025-03-05 04:20:32.913390+00:00,2025-03-05 04:20:38.948274+00:00
tw21863,52,359178,1684,2022-01-01 00:00:00,2025-03-05 04:20:32.913390+00:00,2025-03-05 04:20:38.948274+00:00
tw20920,52,558070,2650,2022-01-01 00:00:00,2025-03-05 04:20:32.913390+00:00,2025-03-05 04:20:38.948274+00:00
tw16189,52,142225,592,2022-01-01 00:00:00,2025-03-05 04:20:32.913390+00:00,2025-03-05 04:20:38.948274+00:00
tw20535,53,2166882,8788,2022-01-01 00:00:00,2025-03-05 04:20:32.913390+00:00,2025-03-05 04:20:38.948274+00:00
tw23049,53,249328389,923471,2022-01-01 00:00:00,2025-03-05 04:20:32.913390+00:00,2025-03-05 04:20:38.948274+00:00
tw20265,53,1057813,4245,2022-01-01 00:00:00,2025-03-05 04:20:32.913390+00:00,2025-03-05 04:20:38.948274+00:00
tw21995,53,924281,4082,2022-01-01 00:00:00,2025-03-05 04:20:32.913390+00:00,2025-03-05 04:20:38.948274+00:00
tw21440,53,135375,889,2022-01-01 00:00:00,2025-03-05 04:20:32.913390+00:00,2025-03-05 04:20:38.948274+00:00
tw20919,54,205564,1085,2022-01-01 00:00:00,2025-03-05 04:20:32.913390+00:00,2025-03-05 04:20:38.948274+00:00
tw22308,54,1552761,6642,2022-01-01 00:00:00,2025-03-05 04:20:32.913390+00:00,2025-03-05 04:20:38.948274+00:00
tw20312,54,5469485,22388,2022-01-01 00:00:00,2025-03-05 04:20:32.913390+00:00,2025-03-05 04:20:38.948274+00:00
tw19894,55,934305,4426,2022-01-01 00:00:00,2025-03-05 04:20:32.913390+00:00,2025-03-05 04:20:38.948274+00:00
tw22504,55,413244,1678,2022-01-01 00:00:00,2025-03-05 04:20:32.913390+00:00,2025-03-05 04:20:38.948274+00:00
tw19786,55,196749,1438,2022-01-01 00:00:00,2025-03-05 04:20:32.913390+00:00,2025-03-05 04:20:38.948274+00:00
tw20301,55,430639,1938,2022-01-01 00:00:00,2025-03-05 04:20:32.913390+00:00,2025-03-05 04:20:38.948274+00:00
tw20053,55,473663,2211,2022-01-01 00:00:00,2025-03-05 04:20:32.913390+00:00,2025-03-05 04:20:38.948274+00:00
tw22479,55,18394205,75250,2022-01-01 00:00:00,2025-03-05 04:20:32.913390+00:00,2025-03-05 04:20:38.948274+00:00
tw20473,55,187511,839,2022-01-01 00:00:00,2025-03-05 04:20:32.913390+00:00,2025-03-05 04:20:38.948274+00:00
tw20177,56,97655,575,2022-01-01 00:00:00,2025-03-05 04:20:32.913390+00:00,2025-03-05 04:20:38.948274+00:00
tw20925,56,7777148,33119,2022-01-01 00:00:00,2025-03-05 04:20:32.913390+00:00,2025-03-05 04:20:38.948274+00:00
tw20770,56,1528691,7103,2022-01-01 00:00:00,2025-03-05 04:20:32.913390+00:00,2025-03-05 04:20:38.948274+00:00
tw21736,56,16890288,70736,2022-01-01 00:00:00,2025-03-05 04:20:32.913390+00:00,2025-03-05 04:20:38.948274+00:00
tw21058,56,812697,3361,2022-01-01 00:00:00,2025-03-05 04:20:32.913390+00:00,2025-03-05 04:20:38.948274+00:00
tw20729,56,1013756,4377,2022-01-01 00:00:00,2025-03-05 04:20:32.913390+00:00,2025-03-05 04:20:38.948274+00:00
tw21928,56,7366694,27614,2022-01-01 00:00:00,2025-03-05 04:20:32.913390+00:00,2025-03-05 04:20:38.948274+00:00
tw20458,56,259262,1247,2022-01-01 00:00:00,2025-03-05 04:20:32.913390+00:00,2025-03-05 04:20:38.948274+00:00
tw20873,56,472026,2300,2022-01-01 00:00:00,2025-03-05 04:20:32.913390+00:00,2025-03-05 04:20:38.948274+00:00
tw22241,57,19925286,82725,2022-01-01 00:00:00,2025-03-05 04:20:32.913390+00:00,2025-03-05 04:20:38.948274+00:00
tw19539,57,129901,1308,2022-01-01 00:00:00,2025-03-05 04:20:32.913390+00:00,2025-03-05 04:20:38.948274+00:00
tw21942,57,3494845,15327,2022-01-01 00:00:00,2025-03-05 04:20:32.913390+00:00,2025-03-05 04:20:38.948274+00:00
tw19136,57,898754,4034,2022-01-01 00:00:00,2025-03-05 04:20:32.913390+00:00,2025-03-05 04:20:38.948274+00:00
tw7858,59,674764,2581,2022-01-01 00:00:00,2025-03-05 04:20:32.913390+00:00,2025-03-05 04:20:38.948274+00:00
tw20610,59,16258900,65584,2022-01-01 00:00:00,2025-03-05 04:20:32.913390+00:00,2025-03-05 04:20:38.948274+00:00
tw20240,59,6357698,26770,2022-01-01 00:00:00,2025-03-05 04:20:32.913390+00:00,2025-03-05 04:20:38.948274+00:00
tw22751,59,33261962,129299,2022-01-01 00:00:00,2025-03-05 04:20:32.913390+00:00,2025-03-05 04:20:38.948274+00:00
tw22268,60,3999736,16782,2022-01-01 00:00:00,2025-03-05 04:20:32.913390+00:00,2025-03-05 04:20:38.948274+00:00
tw20942,60,729431,3464,2022-01-01 00:00:00,2025-03-05 04:20:32.913390+00:00,2025-03-05 04:20:38.948274+00:00
tw21625,60,10801444,45504,2022-01-01 00:00:00,2025-03-05 04:20:32.913390+00:00,2025-03-05 04:20:38.948274+00:00
tw21031,61,580693,2681,2022-01-01 00:00:00,2025-03-05 04:20:32.913390+00:00,2025-03-05 04:20:38.948274+00:00
tw19987,61,629323,2950,2022-01-01 00:00:00,2025-03-05 04:20:32.913390+00:00,2025-03-05 04:20:38.948274+00:00
tw21046,61,287634,1731,2022-01-01 00:00:00,2025-03-05 04:20:32.913390+00:00,2025-03-05 04:20:38.948274+00:00
tw22671,61,16397288,69700,2022-01-01 00:00:00,2025-03-05 04:20:32.913390+00:00,2025-03-05 04:20:38.948274+00:00
tw20414,62,450008,2086,2022-01-01 00:00:00,2025-03-05 04:20:32.913390+00:00,2025-03-05 04:20:38.948274+00:00
tw20596,62,591809,2567,2022-01-01 00:00:00,2025-03-05 04:20:32.913390+00:00,2025-03-05 04:20:38.948274+00:00
tw21615,63,14595323,59700,2022-01-01 00:00:00,2025-03-05 04:20:32.913390+00:00,2025-03-05 04:20:38.948274+00:00
tw21116,63,192439,1062,2022-01-01 00:00:00,2025-03-05 04:20:32.913390+00:00,2025-03-05 04:20:38.948274+00:00
tw22183,63,460111,2479,2022-01-01 00:00:00,2025-03-05 04:20:32.913390+00:00,2025-03-05 04:20:38.948274+00:00
tw22182,63,456510,1906,2022-01-01 00:00:00,2025-03-05 04:20:32.913390+00:00,2025-03-05 04:20:38.948274+00:00
tw21915,63,2505612,11429,2022-01-01 00:00:00,2025-03-05 04:20:32.913390+00:00,2025-03-05 04:20:38.948274+00:00
tw20343,63,939296,4577,2022-01-01 00:00:00,2025-03-05 04:20:32.913390+00:00,2025-03-05 04:20:38.948274+00:00
tw22116,64,2889454,12383,2022-01-01 00:00:00,2025-03-05 04:20:32.913390+00:00,2025-03-05 04:20:38.948274+00:00
tw21222,64,10985137,46397,2022-01-01 00:00:00,2025-03-05 04:20:32.913390+00:00,2025-03-05 04:20:38.948274+00:00
tw19817,64,122560,1672,2022-01-01 00:00:00,2025-03-05 04:20:32.913390+00:00,2025-03-05 04:20:38.948274+00:00
tw20375,64,60417,271,2022-01-01 00:00:00,2025-03-05 04:20:32.913390+00:00,2025-03-05 04:20:38.948274+00:00
tw22245,65,4388293,18509,2022-01-01 00:00:00,2025-03-05 04:20:32.913390+00:00,2025-03-05 04:20:38.948274+00:00
tw7331,65,3162382,12554,2022-01-01 00:00:00,2025-03-05 04:20:32.913390+00:00,2025-03-05 04:20:38.948274+00:00
tw21941,65,1395111,6348,2022-01-01 00:00:00,2025-03-05 04:20:32.913390+00:00,2025-03-05 04:20:38.948274+00:00
tw21732,65,3636734,14494,2022-01-01 00:00:00,2025-03-05 04:20:32.913390+00:00,2025-03-05 04:20:38.948274+00:00
tw22020,66,7627850,30072,2022-01-01 00:00:00,2025-03-05 04:20:32.913390+00:00,2025-03-05 04:20:38.948274+00:00
tw20289,66,518421,2388,2022-01-01 00:00:00,2025-03-05 04:20:32.913390+00:00,2025-03-05 04:20:38.948274+00:00
tw21867,66,5393035,22876,2022-01-01 00:00:00,2025-03-05 04:20:32.913390+00:00,2025-03-05 04:20:38.948274+00:00
tw20817,66,4834434,22026,2022-01-01 00:00:00,2025-03-05 04:20:32.913390+00:00,2025-03-05 04:20:38.948274+00:00
tw22380,67,6379782,25412,2022-01-01 00:00:00,2025-03-05 04:20:32.913390+00:00,2025-03-05 04:20:38.948274+00:00
tw19885,69,387467,4893,2022-01-01 00:00:00,2025-03-05 04:20:32.913390+00:00,2025-03-05 04:20:38.948274+00:00
tw22242,69,3669524,15045,2022-01-01 00:00:00,2025-03-05 04:20:32.913390+00:00,2025-03-05 04:20:38.948274+00:00
tw21763,69,7031402,28366,2022-01-01 00:00:00,2025-03-05 04:20:32.913390+00:00,2025-03-05 04:20:38.948274+00:00
tw21019,69,394890,1834,2022-01-01 00:00:00,2025-03-05 04:20:32.913390+00:00,2025-03-05 04:20:38.948274+00:00
tw20716,70,3036557,11386,2022-01-01 00:00:00,2025-03-05 04:20:32.913390+00:00,2025-03-05 04:20:38.948274+00:00
tw19183,70,506424,3244,2022-01-01 00:00:00,2025-03-05 04:20:32.913390+00:00,2025-03-05 04:20:38.948274+00:00
tw20633,70,377235,1675,2022-01-01 00:00:00,2025-03-05 04:20:32.913390+00:00,2025-03-05 04:20:38.948274+00:00
tw20223,70,162434,1060,2022-01-01 00:00:00,2025-03-05 04:20:32.913390+00:00,2025-03-05 04:20:38.948274+00:00
tw21717,70,397574,2141,2022-01-01 00:00:00,2025-03-05 04:20:32.913390+00:00,2025-03-05 04:20:38.948274+00:00
tw20802,70,755164,3587,2022-01-01 00:00:00,2025-03-05 04:20:32.913390+00:00,2025-03-05 04:20:38.948274+00:00
tw22230,70,2536636,10216,2022-01-01 00:00:00,2025-03-05 04:20:32.913390+00:00,2025-03-05 04:20:38.948274+00:00
tw19662,70,3234992,17644,2022-01-01 00:00:00,2025-03-05 04:20:32.913390+00:00,2025-03-05 04:20:38.948274+00:00
tw20681,70,362265,2046,2022-01-01 00:00:00,2025-03-05 04:20:32.913390+00:00,2025-03-05 04:20:38.948274+00:00
tw20362,71,3539338,14745,2022-01-01 00:00:00,2025-03-05 04:20:32.913390+00:00,2025-03-05 04:20:38.948274+00:00
tw20713,71,378003,2116,2022-01-01 00:00:00,2025-03-05 04:20:32.913390+00:00,2025-03-05 04:20:38.948274+00:00
tw21945,71,45065924,184178,2022-01-01 00:00:00,2025-03-05 04:20:32.913390+00:00,2025-03-05 04:20:38.948274+00:00
tw21172,71,117730,913,2022-01-01 00:00:00,2025-03-05 04:20:32.913390+00:00,2025-03-05 04:20:38.948274+00:00
tw22676,72,148174405,574003,2022-01-01 00:00:00,2025-03-05 04:20:32.913390+00:00,2025-03-05 04:20:38.948274+00:00
tw22531,72,37701451,166401,2022-01-01 00:00:00,2025-03-05 04:20:32.913390+00:00,2025-03-05 04:20:38.948274+00:00
tw22355,73,17123334,69407,2022-01-01 00:00:00,2025-03-05 04:20:32.913390+00:00,2025-03-05 04:20:38.948274+00:00
tw20921,73,9163289,37726,2022-01-01 00:00:00,2025-03-05 04:20:32.913390+00:00,2025-03-05 04:20:38.948274+00:00
tw20143,73,415119,1833,2022-01-01 00:00:00,2025-03-05 04:20:32.913390+00:00,2025-03-05 04:20:38.948274+00:00
tw21719,74,3428702,14890,2022-01-01 00:00:00,2025-03-05 04:20:32.913390+00:00,2025-03-05 04:20:38.948274+00:00
tw20137,74,3305591,14663,2022-01-01 00:00:00,2025-03-05 04:20:32.913390+00:00,2025-03-05 04:20:38.948274+00:00
tw20684,75,1036440,4799,2022-01-01 00:00:00,2025-03-05 04:20:32.913390+00:00,2025-03-05 04:20:38.948274+00:00
tw20982,76,4246625,19183,2022-01-01 00:00:00,2025-03-05 04:20:32.913390+00:00,2025-03-05 04:20:38.948274+00:00
tw20459,76,2923194,12444,2022-01-01 00:00:00,2025-03-05 04:20:32.913390+00:00,2025-03-05 04:20:38.948274+00:00
tw19729,76,3042926,13030,2022-01-01 00:00:00,2025-03-05 04:20:32.913390+00:00,2025-03-05 04:20:38.948274+00:00
tw20203,77,1266220,5449,2022-01-01 00:00:00,2025-03-05 04:20:32.913390+00:00,2025-03-05 04:20:38.948274+00:00
tw20580,77,20903211,85095,2022-01-01 00:00:00,2025-03-05 04:20:32.913390+00:00,2025-03-05 04:20:38.948274+00:00
tw20241,77,7987082,33050,2022-01-01 00:00:00,2025-03-05 04:20:32.913390+00:00,2025-03-05 04:20:38.948274+00:00
tw20660,77,1167839,5447,2022-01-01 00:00:00,2025-03-05 04:20:32.913390+00:00,2025-03-05 04:20:38.948274+00:00
tw19182,78,653116,3668,2022-01-01 00:00:00,2025-03-05 04:20:32.913390+00:00,2025-03-05 04:20:38.948274+00:00
tw21896,78,13276893,51401,2022-01-01 00:00:00,2025-03-05 04:20:32.913390+00:00,2025-03-05 04:20:38.948274+00:00
tw22659,79,15707206,67828,2022-01-01 00:00:00,2025-03-05 04:20:32.913390+00:00,2025-03-05 04:20:38.948274+00:00
tw20354,79,7591904,31799,2022-01-01 00:00:00,2025-03-05 04:20:32.913390+00:00,2025-03-05 04:20:38.948274+00:00
tw21837,79,12544161,53057,2022-01-01 00:00:00,2025-03-05 04:20:32.913390+00:00,2025-03-05 04:20:38.948274+00:00
tw21709,79,371605,2224,2022-01-01 00:00:00,2025-03-05 04:20:32.913390+00:00,2025-03-05 04:20:38.948274+00:00
tw19659,80,1379097,6170,2022-01-01 00:00:00,2025-03-05 04:20:32.913390+00:00,2025-03-05 04:20:38.948274+00:00
tw19955,80,8186436,36424,2022-01-01 00:00:00,2025-03-05 04:20:32.913390+00:00,2025-03-05 04:20:38.948274+00:00
tw22113,80,8274617,35097,2022-01-01 00:00:00,2025-03-05 04:20:32.913390+00:00,2025-03-05 04:20:38.948274+00:00
tw19787,80,356160,999,2022-01-01 00:00:00,2025-03-05 04:20:32.913390+00:00,2025-03-05 04:20:38.948274+00:00
tw20399,81,256407,1397,2022-01-01 00:00:00,2025-03-05 04:20:32.913390+00:00,2025-03-05 04:20:38.948274+00:00
tw19630,81,5507315,23664,2022-01-01 00:00:00,2025-03-05 04:20:32.913390+00:00,2025-03-05 04:20:38.948274+00:00
tw21785,82,13377446,60483,2022-01-01 00:00:00,2025-03-05 04:20:32.913390+00:00,2025-03-05 04:20:38.948274+00:00
tw22239,82,8129335,31630,2022-01-01 00:00:00,2025-03-05 04:20:32.913390+00:00,2025-03-05 04:20:38.948274+00:00
tw21017,83,911199,4588,2022-01-01 00:00:00,2025-03-05 04:20:32.913390+00:00,2025-03-05 04:20:38.948274+00:00
tw20484,84,51057582,201654,2022-01-01 00:00:00,2025-03-05 04:20:32.913390+00:00,2025-03-05 04:20:38.948274+00:00
tw22232,85,10096897,39402,2022-01-01 00:00:00,2025-03-05 04:20:32.913390+00:00,2025-03-05 04:20:38.948274+00:00
tw21710,85,493877,2249,2022-01-01 00:00:00,2025-03-05 04:20:32.913390+00:00,2025-03-05 04:20:38.948274+00:00
tw21973,85,7341179,29186,2022-01-01 00:00:00,2025-03-05 04:20:32.913390+00:00,2025-03-05 04:20:38.948274+00:00
tw18693,86,521145,3090,2022-01-01 00:00:00,2025-03-05 04:20:32.913390+00:00,2025-03-05 04:20:38.948274+00:00
tw20822,87,4410999,19846,2022-01-01 00:00:00,2025-03-05 04:20:32.913390+00:00,2025-03-05 04:20:38.948274+00:00
tw19357,87,2069031,9750,2022-01-01 00:00:00,2025-03-05 04:20:32.913390+00:00,2025-03-05 04:20:38.948274+00:00
tw20879,88,11235779,46609,2022-01-01 00:00:00,2025-03-05 04:20:32.913390+00:00,2025-03-05 04:20:38.948274+00:00
tw22194,89,11318159,42813,2022-01-01 00:00:00,2025-03-05 04:20:32.913390+00:00,2025-03-05 04:20:38.948274+00:00
tw22082,91,7857368,34115,2022-01-01 00:00:00,2025-03-05 04:20:32.913390+00:00,2025-03-05 04:20:38.948274+00:00
tw21385,92,18860482,75408,2022-01-01 00:00:00,2025-03-05 04:20:32.913390+00:00,2025-03-05 04:20:38.948274+00:00
tw22373,93,25190305,100738,2022-01-01 00:00:00,2025-03-05 04:20:32.913390+00:00,2025-03-05 04:20:38.948274+00:00
tw21528,93,1016821,4699,2022-01-01 00:00:00,2025-03-05 04:20:32.913390+00:00,2025-03-05 04:20:38.948274+00:00
tw20212,93,18423169,72540,2022-01-01 00:00:00,2025-03-05 04:20:32.913390+00:00,2025-03-05 04:20:38.948274+00:00
tw20582,93,8557235,37412,2022-01-01 00:00:00,2025-03-05 04:20:32.913390+00:00,2025-03-05 04:20:38.948274+00:00
tw21821,94,18770340,76126,2022-01-01 00:00:00,2025-03-05 04:20:32.913390+00:00,2025-03-05 04:20:38.948274+00:00
tw22195,94,4668546,19952,2022-01-01 00:00:00,2025-03-05 04:20:32.913390+00:00,2025-03-05 04:20:38.948274+00:00
tw10375,95,3065886,15266,2022-01-01 00:00:00,2025-03-05 04:20:32.913390+00:00,2025-03-05 04:20:38.948274+00:00
tw21822,95,29706996,121139,2022-01-01 00:00:00,2025-03-05 04:20:32.913390+00:00,2025-03-05 04:20:38.948274+00:00
tw20403,95,10420223,41801,2022-01-01 00:00:00,2025-03-05 04:20:32.913390+00:00,2025-03-05 04:20:38.948274+00:00
tw20740,96,4077883,18383,2022-01-01 00:00:00,2025-03-05 04:20:32.913390+00:00,2025-03-05 04:20:38.948274+00:00
tw20515,96,27719793,111265,2022-01-01 00:00:00,2025-03-05 04:20:32.913390+00:00,2025-03-05 04:20:38.948274+00:00
tw19608,96,3723457,17163,2022-01-01 00:00:00,2025-03-05 04:20:32.913390+00:00,2025-03-05 04:20:38.948274+00:00
tw20215,97,10754640,45360,2022-01-01 00:00:00,2025-03-05 04:20:32.913390+00:00,2025-03-05 04:20:38.948274+00:00
tw19688,98,1436873,6796,2022-01-01 00:00:00,2025-03-05 04:20:32.913390+00:00,2025-03-05 04:20:38.948274+00:00
tw20725,98,27732078,121166,2022-01-01 00:00:00,2025-03-05 04:20:32.913390+00:00,2025-03-05 04:20:38.948274+00:00
tw19687,101,888435,3733,2022-01-01 00:00:00,2025-03-05 04:20:32.913390+00:00,2025-03-05 04:20:38.948274+00:00
tw20539,102,75710509,307127,2022-01-01 00:00:00,2025-03-05 04:20:32.913390+00:00,2025-03-05 04:20:38.948274+00:00
tw20050,104,1230238,7781,2022-01-01 00:00:00,2025-03-05 04:20:32.913390+00:00,2025-03-05 04:20:38.948274+00:00
tw20748,104,23218083,96582,2022-01-01 00:00:00,2025-03-05 04:20:32.913390+00:00,2025-03-05 04:20:38.948274+00:00
tw21991,107,175286007,660332,2022-01-01 00:00:00,2025-03-05 04:20:32.913390+00:00,2025-03-05 04:20:38.948274+00:00
tw20210,107,24053615,101320,2022-01-01 00:00:00,2025-03-05 04:20:32.913390+00:00,2025-03-05 04:20:38.948274+00:00
tw21582,109,9848144,39374,2022-01-01 00:00:00,2025-03-05 04:20:32.913390+00:00,2025-03-05 04:20:38.948274+00:00
tw20820,109,15259948,65214,2022-01-01 00:00:00,2025-03-05 04:20:32.913390+00:00,2025-03-05 04:20:38.948274+00:00
tw20786,110,48157458,193421,2022-01-01 00:00:00,2025-03-05 04:20:32.913390+00:00,2025-03-05 04:20:38.948274+00:00
tw20279,111,9309011,36999,2022-01-01 00:00:00,2025-03-05 04:20:32.913390+00:00,2025-03-05 04:20:38.948274+00:00
tw20470,113,35388421,141914,2022-01-01 00:00:00,2025-03-05 04:20:32.913390+00:00,2025-03-05 04:20:38.948274+00:00
tw21741,114,225303582,862955,2022-01-01 00:00:00,2025-03-05 04:20:32.913390+00:00,2025-03-05 04:20:38.948274+00:00
tw20405,119,5946205,26151,2022-01-01 00:00:00,2025-03-05 04:20:32.913390+00:00,2025-03-05 04:20:38.948274+00:00
tw20646,120,171754843,721528,2022-01-01 00:00:00,2025-03-05 04:20:32.913390+00:00,2025-03-05 04:20:38.948274+00:00
tw21864,122,31937273,130371,2022-01-01 00:00:00,2025-03-05 04:20:32.913390+00:00,2025-03-05 04:20:38.948274+00:00
tw19269,125,28991006,121830,2022-01-01 00:00:00,2025-03-05 04:20:32.913390+00:00,2025-03-05 04:20:38.948274+00:00
tw20587,130,137431475,525133,2022-01-01 00:00:00,2025-03-05 04:20:32.913390+00:00,2025-03-05 04:20:38.948274+00:00
tw20365,130,6199335,25791,2022-01-01 00:00:00,2025-03-05 04:20:32.913390+00:00,2025-03-05 04:20:38.948274+00:00
tw20277,132,120566059,481083,2022-01-01 00:00:00,2025-03-05 04:20:32.913390+00:00,2025-03-05 04:20:38.948274+00:00
tw21422,133,42101042,170787,2022-01-01 00:00:00,2025-03-05 04:20:32.913390+00:00,2025-03-05 04:20:38.948274+00:00
tw20175,136,22614491,95158,2022-01-01 00:00:00,2025-03-05 04:20:32.913390+00:00,2025-03-05 04:20:38.948274+00:00
tw21161,136,334165457,1278551,2022-01-01 00:00:00,2025-03-05 04:20:32.913390+00:00,2025-03-05 04:20:38.948274+00:00
tw20863,136,124391432,478543,2022-01-01 00:00:00,2025-03-05 04:20:32.913390+00:00,2025-03-05 04:20:38.948274+00:00
tw20670,141,32553195,139178,2022-01-01 00:00:00,2025-03-05 04:20:32.913390+00:00,2025-03-05 04:20:38.948274+00:00
tw20828,142,67898723,275475,2022-01-01 00:00:00,2025-03-05 04:20:32.913390+00:00,2025-03-05 04:20:38.948274+00:00
tw21054,145,244509640,931021,2022-01-01 00:00:00,2025-03-05 04:20:32.913390+00:00,2025-03-05 04:20:38.948274+00:00
tw21777,147,117574496,455820,2022-01-01 00:00:00,2025-03-05 04:20:32.913390+00:00,2025-03-05 04:20:38.948274+00:00
tw20635,151,17550325,74275,2022-01-01 00:00:00,2025-03-05 04:20:32.913390+00:00,2025-03-05 04:20:38.948274+00:00
tw21718,151,15075451,61505,2022-01-01 00:00:00,2025-03-05 04:20:32.913390+00:00,2025-03-05 04:20:38.948274+00:00
tw20189,154,92888576,368737,2022-01-01 00:00:00,2025-03-05 04:20:32.913390+00:00,2025-03-05 04:20:38.948274+00:00
tw20810,165,147398447,598580,2022-01-01 00:00:00,2025-03-05 04:20:32.913390+00:00,2025-03-05 04:20:38.948274+00:00
tw20477,167,73937829,309340,2022-01-01 00:00:00,2025-03-05 04:20:32.913390+00:00,2025-03-05 04:20:38.948274+00:00
tw21383,185,121075840,482219,2022-01-01 00:00:00,2025-03-05 04:20:32.913390+00:00,2025-03-05 04:20:38.948274+00:00
tw20591,196,232320958,893940,2022-01-01 00:00:00,2025-03-05 04:20:32.913390+00:00,2025-03-05 04:20:38.948274+00:00
tw21117,222,734571164,2682750,2022-01-01 00:00:00,2025-03-05 04:20:32.913390+00:00,2025-03-05 04:20:38.948274+00:00
tw24754,1,6820,31,2023-01-01 00:00:00,2025-03-05 04:20:32.913390+00:00,2025-03-05 04:20:38.948274+00:00
tw21991,1,162330,391,2023-01-01 00:00:00,2025-03-05 04:20:32.913390+00:00,2025-03-05 04:20:38.948274+00:00
tw7310,1,4470,19,2023-01-01 00:00:00,2025-03-05 04:20:32.913390+00:00,2025-03-05 04:20:38.948274+00:00
tw21174,1,6000,30,2023-01-01 00:00:00,2025-03-05 04:20:32.913390+00:00,2025-03-05 04:20:38.948274+00:00
tw18297,1,11100,51,2023-01-01 00:00:00,2025-03-05 04:20:32.913390+00:00,2025-03-05 04:20:38.948274+00:00
tw21812,1,1020,5,2023-01-01 00:00:00,2025-03-05 04:20:32.913390+00:00,2025-03-05 04:20:38.948274+00:00
tw18785,1,3520,22,2023-01-01 00:00:00,2025-03-05 04:20:32.913390+00:00,2025-03-05 04:20:38.948274+00:00
tw20047,1,9600,48,2023-01-01 00:00:00,2025-03-05 04:20:32.913390+00:00,2025-03-05 04:20:38.948274+00:00
tw20176,1,13200,60,2023-01-01 00:00:00,2025-03-05 04:20:32.913390+00:00,2025-03-05 04:20:38.948274+00:00
tw26148,1,29260,133,2023-01-01 00:00:00,2025-03-05 04:20:32.913390+00:00,2025-03-05 04:20:38.948274+00:00
tw16420,1,19640,83,2023-01-01 00:00:00,2025-03-05 04:20:32.913390+00:00,2025-03-05 04:20:38.948274+00:00
tw12236,1,2340,11,2023-01-01 00:00:00,2025-03-05 04:20:32.913390+00:00,2025-03-05 04:20:38.948274+00:00
tw22710,1,32560,140,2023-01-01 00:00:00,2025-03-05 04:20:32.913390+00:00,2025-03-05 04:20:38.948274+00:00
tw14811,1,6820,31,2023-01-01 00:00:00,2025-03-05 04:20:32.913390+00:00,2025-03-05 04:20:38.948274+00:00
tw21790,1,1150,4,2023-01-01 00:00:00,2025-03-05 04:20:32.913390+00:00,2025-03-05 04:20:38.948274+00:00
tw15271,1,1215,7,2023-01-01 00:00:00,2025-03-05 04:20:32.913390+00:00,2025-03-05 04:20:38.948274+00:00
tw26492,1,38600,65,2023-01-01 00:00:00,2025-03-05 04:20:32.913390+00:00,2025-03-05 04:20:38.948274+00:00
tw23572,1,127675,272,2023-01-01 00:00:00,2025-03-05 04:20:32.913390+00:00,2025-03-05 04:20:38.948274+00:00
tw19242,1,6820,31,2023-01-01 00:00:00,2025-03-05 04:20:32.913390+00:00,2025-03-05 04:20:38.948274+00:00
tw24734,1,24655,107,2023-01-01 00:00:00,2025-03-05 04:20:32.913390+00:00,2025-03-05 04:20:38.948274+00:00
tw15876,1,19800,90,2023-01-01 00:00:00,2025-03-05 04:20:32.913390+00:00,2025-03-05 04:20:38.948274+00:00
tw23647,1,12956725,48717,2023-01-01 00:00:00,2025-03-05 04:20:32.913390+00:00,2025-03-05 04:20:38.948274+00:00
tw23342,1,153800,213,2023-01-01 00:00:00,2025-03-05 04:20:32.913390+00:00,2025-03-05 04:20:38.948274+00:00
tw20943,1,3845,20,2023-01-01 00:00:00,2025-03-05 04:20:32.913390+00:00,2025-03-05 04:20:38.948274+00:00
tw24752,1,30000,129,2023-01-01 00:00:00,2025-03-05 04:20:32.913390+00:00,2025-03-05 04:20:38.948274+00:00
tw11237,1,37420,146,2023-01-01 00:00:00,2025-03-05 04:20:32.913390+00:00,2025-03-05 04:20:38.948274+00:00
tw20921,1,7220,33,2023-01-01 00:00:00,2025-03-05 04:20:32.913390+00:00,2025-03-05 04:20:38.948274+00:00
tw25175,1,37210,131,2023-01-01 00:00:00,2025-03-05 04:20:32.913390+00:00,2025-03-05 04:20:38.948274+00:00
tw5183,1,37900,161,2023-01-01 00:00:00,2025-03-05 04:20:32.913390+00:00,2025-03-05 04:20:38.948274+00:00
tw16189,1,920,7,2023-01-01 00:00:00,2025-03-05 04:20:32.913390+00:00,2025-03-05 04:20:38.948274+00:00
tw17242,1,14000,80,2023-01-01 00:00:00,2025-03-05 04:20:32.913390+00:00,2025-03-05 04:20:38.948274+00:00
tw12575,1,2150,10,2023-01-01 00:00:00,2025-03-05 04:20:32.913390+00:00,2025-03-05 04:20:38.948274+00:00
tw26510,1,145965,300,2023-01-01 00:00:00,2025-03-05 04:20:32.913390+00:00,2025-03-05 04:20:38.948274+00:00
tw26515,1,226500,379,2023-01-01 00:00:00,2025-03-05 04:20:32.913390+00:00,2025-03-05 04:20:38.948274+00:00
tw7858,1,17215,73,2023-01-01 00:00:00,2025-03-05 04:20:32.913390+00:00,2025-03-05 04:20:38.948274+00:00
tw22408,1,1150,4,2023-01-01 00:00:00,2025-03-05 04:20:32.913390+00:00,2025-03-05 04:20:38.948274+00:00
tw20052,1,17160,78,2023-01-01 00:00:00,2025-03-05 04:20:32.913390+00:00,2025-03-05 04:20:38.948274+00:00
tw26545,1,38300,64,2023-01-01 00:00:00,2025-03-05 04:20:32.913390+00:00,2025-03-05 04:20:38.948274+00:00
tw22801,1,1840,8,2023-01-01 00:00:00,2025-03-05 04:20:32.913390+00:00,2025-03-05 04:20:38.948274+00:00
tw22167,1,1150,4,2023-01-01 00:00:00,2025-03-05 04:20:32.913390+00:00,2025-03-05 04:20:38.948274+00:00
tw17916,1,74880,246,2023-01-01 00:00:00,2025-03-05 04:20:32.913390+00:00,2025-03-05 04:20:38.948274+00:00
tw18637,1,6820,31,2023-01-01 00:00:00,2025-03-05 04:20:32.913390+00:00,2025-03-05 04:20:38.948274+00:00
tw24482,2,27410,156,2023-01-01 00:00:00,2025-03-05 04:20:32.913390+00:00,2025-03-05 04:20:38.948274+00:00
tw18815,2,930,4,2023-01-01 00:00:00,2025-03-05 04:20:32.913390+00:00,2025-03-05 04:20:38.948274+00:00
tw26265,2,82160,123,2023-01-01 00:00:00,2025-03-05 04:20:32.913390+00:00,2025-03-05 04:20:38.948274+00:00
tw15103,2,36930,154,2023-01-01 00:00:00,2025-03-05 04:20:32.913390+00:00,2025-03-05 04:20:38.948274+00:00
tw25268,2,164025,351,2023-01-01 00:00:00,2025-03-05 04:20:32.913390+00:00,2025-03-05 04:20:38.948274+00:00
tw20963,2,590,3,2023-01-01 00:00:00,2025-03-05 04:20:32.913390+00:00,2025-03-05 04:20:38.948274+00:00
tw18848,2,480,2,2023-01-01 00:00:00,2025-03-05 04:20:32.913390+00:00,2025-03-05 04:20:38.948274+00:00
tw19736,2,27340,160,2023-01-01 00:00:00,2025-03-05 04:20:32.913390+00:00,2025-03-05 04:20:38.948274+00:00
tw20716,2,6120,28,2023-01-01 00:00:00,2025-03-05 04:20:32.913390+00:00,2025-03-05 04:20:38.948274+00:00
tw16612,2,38920,162,2023-01-01 00:00:00,2025-03-05 04:20:32.913390+00:00,2025-03-05 04:20:38.948274+00:00
tw24484,2,26300,140,2023-01-01 00:00:00,2025-03-05 04:20:32.913390+00:00,2025-03-05 04:20:38.948274+00:00
tw23934,2,64900,295,2023-01-01 00:00:00,2025-03-05 04:20:32.913390+00:00,2025-03-05 04:20:38.948274+00:00
tw26471,2,9020977,35532,2023-01-01 00:00:00,2025-03-05 04:20:32.913390+00:00,2025-03-05 04:20:38.948274+00:00
tw20319,2,4104,14,2023-01-01 00:00:00,2025-03-05 04:20:32.913390+00:00,2025-03-05 04:20:38.948274+00:00
tw22613,2,13350,90,2023-01-01 00:00:00,2025-03-05 04:20:32.913390+00:00,2025-03-05 04:20:38.948274+00:00
tw26361,2,29600,150,2023-01-01 00:00:00,2025-03-05 04:20:32.913390+00:00,2025-03-05 04:20:38.948274+00:00
tw17412,2,870,4,2023-01-01 00:00:00,2025-03-05 04:20:32.913390+00:00,2025-03-05 04:20:38.948274+00:00
tw24485,2,26420,159,2023-01-01 00:00:00,2025-03-05 04:20:32.913390+00:00,2025-03-05 04:20:38.948274+00:00
tw16076,2,1000,5,2023-01-01 00:00:00,2025-03-05 04:20:32.913390+00:00,2025-03-05 04:20:38.948274+00:00
tw23602,2,120380,208,2023-01-01 00:00:00,2025-03-05 04:20:32.913390+00:00,2025-03-05 04:20:38.948274+00:00
tw6210,2,53560,227,2023-01-01 00:00:00,2025-03-05 04:20:32.913390+00:00,2025-03-05 04:20:38.948274+00:00
tw22615,2,14145,96,2023-01-01 00:00:00,2025-03-05 04:20:32.913390+00:00,2025-03-05 04:20:38.948274+00:00
tw20365,2,1900,9,2023-01-01 00:00:00,2025-03-05 04:20:32.913390+00:00,2025-03-05 04:20:38.948274+00:00
tw18107,2,3470,17,2023-01-01 00:00:00,2025-03-05 04:20:32.913390+00:00,2025-03-05 04:20:38.948274+00:00
tw20741,2,475,3,2023-01-01 00:00:00,2025-03-05 04:20:32.913390+00:00,2025-03-05 04:20:38.948274+00:00
tw24483,2,18360,108,2023-01-01 00:00:00,2025-03-05 04:20:32.913390+00:00,2025-03-05 04:20:38.948274+00:00
tw21974,2,410,2,2023-01-01 00:00:00,2025-03-05 04:20:32.913390+00:00,2025-03-05 04:20:38.948274+00:00
tw2815,2,280,1,2023-01-01 00:00:00,2025-03-05 04:20:32.913390+00:00,2025-03-05 04:20:38.948274+00:00
tw24480,2,28160,160,2023-01-01 00:00:00,2025-03-05 04:20:32.913390+00:00,2025-03-05 04:20:38.948274+00:00
tw18110,2,390,2,2023-01-01 00:00:00,2025-03-05 04:20:32.913390+00:00,2025-03-05 04:20:38.948274+00:00
tw21171,2,10220,40,2023-01-01 00:00:00,2025-03-05 04:20:32.913390+00:00,2025-03-05 04:20:38.948274+00:00
tw26362,2,12240,63,2023-01-01 00:00:00,2025-03-05 04:20:32.913390+00:00,2025-03-05 04:20:38.948274+00:00
tw18430,2,525,4,2023-01-01 00:00:00,2025-03-05 04:20:32.913390+00:00,2025-03-05 04:20:38.948274+00:00
tw21941,2,53550,223,2023-01-01 00:00:00,2025-03-05 04:20:32.913390+00:00,2025-03-05 04:20:38.948274+00:00
tw24481,2,27340,158,2023-01-01 00:00:00,2025-03-05 04:20:32.913390+00:00,2025-03-05 04:20:38.948274+00:00
tw25771,2,78320,347,2023-01-01 00:00:00,2025-03-05 04:20:32.913390+00:00,2025-03-05 04:20:38.948274+00:00
tw23114,2,61530,114,2023-01-01 00:00:00,2025-03-05 04:20:32.913390+00:00,2025-03-05 04:20:38.948274+00:00
tw26277,2,69960,106,2023-01-01 00:00:00,2025-03-05 04:20:32.913390+00:00,2025-03-05 04:20:38.948274+00:00
tw26389,2,18710,91,2023-01-01 00:00:00,2025-03-05 04:20:32.913390+00:00,2025-03-05 04:20:38.948274+00:00
tw26511,2,5645,28,2023-01-01 00:00:00,2025-03-05 04:20:32.913390+00:00,2025-03-05 04:20:38.948274+00:00
tw22687,2,10875,74,2023-01-01 00:00:00,2025-03-05 04:20:32.913390+00:00,2025-03-05 04:20:38.948274+00:00
tw18149,2,3940,18,2023-01-01 00:00:00,2025-03-05 04:20:32.913390+00:00,2025-03-05 04:20:38.948274+00:00
tw23957,2,7630,38,2023-01-01 00:00:00,2025-03-05 04:20:32.913390+00:00,2025-03-05 04:20:38.948274+00:00
tw22614,2,9385,64,2023-01-01 00:00:00,2025-03-05 04:20:32.913390+00:00,2025-03-05 04:20:38.948274+00:00
tw25894,2,50960,81,2023-01-01 00:00:00,2025-03-05 04:20:32.913390+00:00,2025-03-05 04:20:38.948274+00:00
tw21732,2,3445,16,2023-01-01 00:00:00,2025-03-05 04:20:32.913390+00:00,2025-03-05 04:20:38.948274+00:00
tw20702,2,2905,14,2023-01-01 00:00:00,2025-03-05 04:20:32.913390+00:00,2025-03-05 04:20:38.948274+00:00
tw25587,2,37600,140,2023-01-01 00:00:00,2025-03-05 04:20:32.913390+00:00,2025-03-05 04:20:38.948274+00:00
tw22511,2,575,3,2023-01-01 00:00:00,2025-03-05 04:20:32.913390+00:00,2025-03-05 04:20:38.948274+00:00
tw13290,2,460,2,2023-01-01 00:00:00,2025-03-05 04:20:32.913390+00:00,2025-03-05 04:20:38.948274+00:00
tw24474,2,27560,162,2023-01-01 00:00:00,2025-03-05 04:20:32.913390+00:00,2025-03-05 04:20:38.948274+00:00
tw16101,2,460,4,2023-01-01 00:00:00,2025-03-05 04:20:32.913390+00:00,2025-03-05 04:20:38.948274+00:00
tw14011,2,288544,1409,2023-01-01 00:00:00,2025-03-05 04:20:32.913390+00:00,2025-03-05 04:20:38.948274+00:00
tw24214,2,78430,341,2023-01-01 00:00:00,2025-03-05 04:20:32.913390+00:00,2025-03-05 04:20:38.948274+00:00
tw21919,2,1660,9,2023-01-01 00:00:00,2025-03-05 04:20:32.913390+00:00,2025-03-05 04:20:38.948274+00:00
tw24640,2,184200,399,2023-01-01 00:00:00,2025-03-05 04:20:32.913390+00:00,2025-03-05 04:20:38.948274+00:00
tw24639,2,274375,592,2023-01-01 00:00:00,2025-03-05 04:20:32.913390+00:00,2025-03-05 04:20:38.948274+00:00
tw20610,2,48160,198,2023-01-01 00:00:00,2025-03-05 04:20:32.913390+00:00,2025-03-05 04:20:38.948274+00:00
tw24477,2,19980,119,2023-01-01 00:00:00,2025-03-05 04:20:32.913390+00:00,2025-03-05 04:20:38.948274+00:00
tw21265,2,28110,113,2023-01-01 00:00:00,2025-03-05 04:20:32.913390+00:00,2025-03-05 04:20:38.948274+00:00
tw24478,2,23940,137,2023-01-01 00:00:00,2025-03-05 04:20:32.913390+00:00,2025-03-05 04:20:38.948274+00:00
tw26345,2,14680,73,2023-01-01 00:00:00,2025-03-05 04:20:32.913390+00:00,2025-03-05 04:20:38.948274+00:00
tw18814,2,1120,5,2023-01-01 00:00:00,2025-03-05 04:20:32.913390+00:00,2025-03-05 04:20:38.948274+00:00
tw20740,2,81600,390,2023-01-01 00:00:00,2025-03-05 04:20:32.913390+00:00,2025-03-05 04:20:38.948274+00:00
tw16264,2,5335,25,2023-01-01 00:00:00,2025-03-05 04:20:32.913390+00:00,2025-03-05 04:20:38.948274+00:00
tw24479,2,27460,160,2023-01-01 00:00:00,2025-03-05 04:20:32.913390+00:00,2025-03-05 04:20:38.948274+00:00
tw20204,2,27360,137,2023-01-01 00:00:00,2025-03-05 04:20:32.913390+00:00,2025-03-05 04:20:38.948274+00:00
tw18356,2,1570,7,2023-01-01 00:00:00,2025-03-05 04:20:32.913390+00:00,2025-03-05 04:20:38.948274+00:00
tw24486,2,25380,150,2023-01-01 00:00:00,2025-03-05 04:20:32.913390+00:00,2025-03-05 04:20:38.948274+00:00
tw21801,2,6415,33,2023-01-01 00:00:00,2025-03-05 04:20:32.913390+00:00,2025-03-05 04:20:38.948274+00:00
tw16906,2,1230,8,2023-01-01 00:00:00,2025-03-05 04:20:32.913390+00:00,2025-03-05 04:20:38.948274+00:00
tw21992,3,599405,1751,2023-01-01 00:00:00,2025-03-05 04:20:32.913390+00:00,2025-03-05 04:20:38.948274+00:00
tw18516,3,35605,144,2023-01-01 00:00:00,2025-03-05 04:20:32.913390+00:00,2025-03-05 04:20:38.948274+00:00
tw10916,3,3840,18,2023-01-01 00:00:00,2025-03-05 04:20:32.913390+00:00,2025-03-05 04:20:38.948274+00:00
tw24111,3,363875,627,2023-01-01 00:00:00,2025-03-05 04:20:32.913390+00:00,2025-03-05 04:20:38.948274+00:00
tw18826,3,2770,15,2023-01-01 00:00:00,2025-03-05 04:20:32.913390+00:00,2025-03-05 04:20:38.948274+00:00
tw26501,3,194022,802,2023-01-01 00:00:00,2025-03-05 04:20:32.913390+00:00,2025-03-05 04:20:38.948274+00:00
tw24491,3,41020,239,2023-01-01 00:00:00,2025-03-05 04:20:32.913390+00:00,2025-03-05 04:20:38.948274+00:00
tw26513,3,3278636,12703,2023-01-01 00:00:00,2025-03-05 04:20:32.913390+00:00,2025-03-05 04:20:38.948274+00:00
tw25773,3,133740,202,2023-01-01 00:00:00,2025-03-05 04:20:32.913390+00:00,2025-03-05 04:20:38.948274+00:00
tw26365,3,35280,172,2023-01-01 00:00:00,2025-03-05 04:20:32.913390+00:00,2025-03-05 04:20:38.948274+00:00
tw26359,3,46440,231,2023-01-01 00:00:00,2025-03-05 04:20:32.913390+00:00,2025-03-05 04:20:38.948274+00:00
tw23146,3,2220,9,2023-01-01 00:00:00,2025-03-05 04:20:32.913390+00:00,2025-03-05 04:20:38.948274+00:00
tw25342,3,28350,142,2023-01-01 00:00:00,2025-03-05 04:20:32.913390+00:00,2025-03-05 04:20:38.948274+00:00
tw2814,3,1186,6,2023-01-01 00:00:00,2025-03-05 04:20:32.913390+00:00,2025-03-05 04:20:38.948274+00:00
tw15218,3,4917,16,2023-01-01 00:00:00,2025-03-05 04:20:32.913390+00:00,2025-03-05 04:20:38.948274+00:00
tw2224,3,16960,78,2023-01-01 00:00:00,2025-03-05 04:20:32.913390+00:00,2025-03-05 04:20:38.948274+00:00
tw26366,3,26000,127,2023-01-01 00:00:00,2025-03-05 04:20:32.913390+00:00,2025-03-05 04:20:38.948274+00:00
tw17878,3,10865,36,2023-01-01 00:00:00,2025-03-05 04:20:32.913390+00:00,2025-03-05 04:20:38.948274+00:00
tw26367,3,18920,96,2023-01-01 00:00:00,2025-03-05 04:20:32.913390+00:00,2025-03-05 04:20:38.948274+00:00
tw24032,3,33520,165,2023-01-01 00:00:00,2025-03-05 04:20:32.913390+00:00,2025-03-05 04:20:38.948274+00:00
tw24995,3,31300,154,2023-01-01 00:00:00,2025-03-05 04:20:32.913390+00:00,2025-03-05 04:20:38.948274+00:00
tw13730,3,75860,334,2023-01-01 00:00:00,2025-03-05 04:20:32.913390+00:00,2025-03-05 04:20:38.948274+00:00
tw26363,3,29760,147,2023-01-01 00:00:00,2025-03-05 04:20:32.913390+00:00,2025-03-05 04:20:38.948274+00:00
tw14475,3,41730,240,2023-01-01 00:00:00,2025-03-05 04:20:32.913390+00:00,2025-03-05 04:20:38.948274+00:00
tw6252,3,83555,364,2023-01-01 00:00:00,2025-03-05 04:20:32.913390+00:00,2025-03-05 04:20:38.948274+00:00
tw26496,3,348279,1420,2023-01-01 00:00:00,2025-03-05 04:20:32.913390+00:00,2025-03-05 04:20:38.948274+00:00
tw8985,3,39600,197,2023-01-01 00:00:00,2025-03-05 04:20:32.913390+00:00,2025-03-05 04:20:38.948274+00:00
tw24996,3,31960,159,2023-01-01 00:00:00,2025-03-05 04:20:32.913390+00:00,2025-03-05 04:20:38.948274+00:00
tw5513,3,42120,239,2023-01-01 00:00:00,2025-03-05 04:20:32.913390+00:00,2025-03-05 04:20:38.948274+00:00
tw21032,3,670,3,2023-01-01 00:00:00,2025-03-05 04:20:32.913390+00:00,2025-03-05 04:20:38.948274+00:00
tw24490,3,28770,172,2023-01-01 00:00:00,2025-03-05 04:20:32.913390+00:00,2025-03-05 04:20:38.948274+00:00
tw26382,3,122779,529,2023-01-01 00:00:00,2025-03-05 04:20:32.913390+00:00,2025-03-05 04:20:38.948274+00:00
tw24488,3,32620,188,2023-01-01 00:00:00,2025-03-05 04:20:32.913390+00:00,2025-03-05 04:20:38.948274+00:00
tw20565,3,40580,241,2023-01-01 00:00:00,2025-03-05 04:20:32.913390+00:00,2025-03-05 04:20:38.948274+00:00
tw26364,3,36080,180,2023-01-01 00:00:00,2025-03-05 04:20:32.913390+00:00,2025-03-05 04:20:38.948274+00:00
tw26360,3,48040,239,2023-01-01 00:00:00,2025-03-05 04:20:32.913390+00:00,2025-03-05 04:20:38.948274+00:00
tw25244,3,35000,68,2023-01-01 00:00:00,2025-03-05 04:20:32.913390+00:00,2025-03-05 04:20:38.948274+00:00
tw26257,4,3049079,12027,2023-01-01 00:00:00,2025-03-05 04:20:32.913390+00:00,2025-03-05 04:20:38.948274+00:00
tw4395,4,47990,237,2023-01-01 00:00:00,2025-03-05 04:20:32.913390+00:00,2025-03-05 04:20:38.948274+00:00
tw16868,4,10176,35,2023-01-01 00:00:00,2025-03-05 04:20:32.913390+00:00,2025-03-05 04:20:38.948274+00:00
tw20728,4,1920,9,2023-01-01 00:00:00,2025-03-05 04:20:32.913390+00:00,2025-03-05 04:20:38.948274+00:00
tw7331,4,45365,190,2023-01-01 00:00:00,2025-03-05 04:20:32.913390+00:00,2025-03-05 04:20:38.948274+00:00
tw7634,4,42300,207,2023-01-01 00:00:00,2025-03-05 04:20:32.913390+00:00,2025-03-05 04:20:38.948274+00:00
tw8878,4,17280,76,2023-01-01 00:00:00,2025-03-05 04:20:32.913390+00:00,2025-03-05 04:20:38.948274+00:00
tw25343,4,36870,189,2023-01-01 00:00:00,2025-03-05 04:20:32.913390+00:00,2025-03-05 04:20:38.948274+00:00
tw25983,4,113468,488,2023-01-01 00:00:00,2025-03-05 04:20:32.913390+00:00,2025-03-05 04:20:38.948274+00:00
tw2813,4,1290,6,2023-01-01 00:00:00,2025-03-05 04:20:32.913390+00:00,2025-03-05 04:20:38.948274+00:00
tw7635,4,37780,189,2023-01-01 00:00:00,2025-03-05 04:20:32.913390+00:00,2025-03-05 04:20:38.948274+00:00
tw14021,4,16342,56,2023-01-01 00:00:00,2025-03-05 04:20:32.913390+00:00,2025-03-05 04:20:38.948274+00:00
tw26318,4,18879208,74077,2023-01-01 00:00:00,2025-03-05 04:20:32.913390+00:00,2025-03-05 04:20:38.948274+00:00
tw24240,4,156730,691,2023-01-01 00:00:00,2025-03-05 04:20:32.913390+00:00,2025-03-05 04:20:38.948274+00:00
tw20758,4,950,4,2023-01-01 00:00:00,2025-03-05 04:20:32.913390+00:00,2025-03-05 04:20:38.948274+00:00
tw8747,4,17210,77,2023-01-01 00:00:00,2025-03-05 04:20:32.913390+00:00,2025-03-05 04:20:38.948274+00:00
tw22475,4,79540,327,2023-01-01 00:00:00,2025-03-05 04:20:32.913390+00:00,2025-03-05 04:20:38.948274+00:00
tw21659,4,660,3,2023-01-01 00:00:00,2025-03-05 04:20:32.913390+00:00,2025-03-05 04:20:38.948274+00:00
tw21021,4,1330,6,2023-01-01 00:00:00,2025-03-05 04:20:32.913390+00:00,2025-03-05 04:20:38.948274+00:00
tw25777,4,85409,362,2023-01-01 00:00:00,2025-03-05 04:20:32.913390+00:00,2025-03-05 04:20:38.948274+00:00
tw20804,4,1340,6,2023-01-01 00:00:00,2025-03-05 04:20:32.913390+00:00,2025-03-05 04:20:38.948274+00:00
tw8873,4,10680,47,2023-01-01 00:00:00,2025-03-05 04:20:32.913390+00:00,2025-03-05 04:20:38.948274+00:00
tw23679,5,140000,560,2023-01-01 00:00:00,2025-03-05 04:20:32.913390+00:00,2025-03-05 04:20:38.948274+00:00
tw24991,5,45650,226,2023-01-01 00:00:00,2025-03-05 04:20:32.913390+00:00,2025-03-05 04:20:38.948274+00:00
tw20817,5,7470,31,2023-01-01 00:00:00,2025-03-05 04:20:32.913390+00:00,2025-03-05 04:20:38.948274+00:00
tw18751,5,1460,7,2023-01-01 00:00:00,2025-03-05 04:20:32.913390+00:00,2025-03-05 04:20:38.948274+00:00
tw21383,5,6380,116,2023-01-01 00:00:00,2025-03-05 04:20:32.913390+00:00,2025-03-05 04:20:38.948274+00:00
tw26220,5,656720,2804,2023-01-01 00:00:00,2025-03-05 04:20:32.913390+00:00,2025-03-05 04:20:38.948274+00:00
tw1691,5,28385,114,2023-01-01 00:00:00,2025-03-05 04:20:32.913390+00:00,2025-03-05 04:20:38.948274+00:00
tw23213,5,97840,468,2023-01-01 00:00:00,2025-03-05 04:20:32.913390+00:00,2025-03-05 04:20:38.948274+00:00
tw22631,5,18040,76,2023-01-01 00:00:00,2025-03-05 04:20:32.913390+00:00,2025-03-05 04:20:38.948274+00:00
tw15757,6,143320,221,2023-01-01 00:00:00,2025-03-05 04:20:32.913390+00:00,2025-03-05 04:20:38.948274+00:00
tw23623,6,197000,788,2023-01-01 00:00:00,2025-03-05 04:20:32.913390+00:00,2025-03-05 04:20:38.948274+00:00
tw25099,6,54400,270,2023-01-01 00:00:00,2025-03-05 04:20:32.913390+00:00,2025-03-05 04:20:38.948274+00:00
tw23216,6,4020,18,2023-01-01 00:00:00,2025-03-05 04:20:32.913390+00:00,2025-03-05 04:20:38.948274+00:00
tw26478,6,563229,2400,2023-01-01 00:00:00,2025-03-05 04:20:32.913390+00:00,2025-03-05 04:20:38.948274+00:00
tw25080,7,142520,219,2023-01-01 00:00:00,2025-03-05 04:20:32.913390+00:00,2025-03-05 04:20:38.948274+00:00
tw24993,7,66860,324,2023-01-01 00:00:00,2025-03-05 04:20:32.913390+00:00,2025-03-05 04:20:38.948274+00:00
tw24999,7,7536,34,2023-01-01 00:00:00,2025-03-05 04:20:32.913390+00:00,2025-03-05 04:20:38.948274+00:00
tw20903,7,2340,13,2023-01-01 00:00:00,2025-03-05 04:20:32.913390+00:00,2025-03-05 04:20:38.948274+00:00
tw25100,7,45595,225,2023-01-01 00:00:00,2025-03-05 04:20:32.913390+00:00,2025-03-05 04:20:38.948274+00:00
tw15653,7,127180,199,2023-01-01 00:00:00,2025-03-05 04:20:32.913390+00:00,2025-03-05 04:20:38.948274+00:00
tw25642,7,4090195,8606,2023-01-01 00:00:00,2025-03-05 04:20:32.913390+00:00,2025-03-05 04:20:38.948274+00:00
tw23630,7,18370,88,2023-01-01 00:00:00,2025-03-05 04:20:32.913390+00:00,2025-03-05 04:20:38.948274+00:00
tw23839,7,139400,210,2023-01-01 00:00:00,2025-03-05 04:20:32.913390+00:00,2025-03-05 04:20:38.948274+00:00
tw20457,8,1700,7,2023-01-01 00:00:00,2025-03-05 04:20:32.913390+00:00,2025-03-05 04:20:38.948274+00:00
tw21200,8,74985,330,2023-01-01 00:00:00,2025-03-05 04:20:32.913390+00:00,2025-03-05 04:20:38.948274+00:00
tw23392,8,81703,350,2023-01-01 00:00:00,2025-03-05 04:20:32.913390+00:00,2025-03-05 04:20:38.948274+00:00
tw22962,8,17779,75,2023-01-01 00:00:00,2025-03-05 04:20:32.913390+00:00,2025-03-05 04:20:38.948274+00:00
tw23797,8,87880,139,2023-01-01 00:00:00,2025-03-05 04:20:32.913390+00:00,2025-03-05 04:20:38.948274+00:00
tw26450,8,2086473,3950,2023-01-01 00:00:00,2025-03-05 04:20:32.913390+00:00,2025-03-05 04:20:38.948274+00:00
tw23207,8,185960,275,2023-01-01 00:00:00,2025-03-05 04:20:32.913390+00:00,2025-03-05 04:20:38.948274+00:00
tw24716,8,212600,325,2023-01-01 00:00:00,2025-03-05 04:20:32.913390+00:00,2025-03-05 04:20:38.948274+00:00
tw23123,8,78610,366,2023-01-01 00:00:00,2025-03-05 04:20:32.913390+00:00,2025-03-05 04:20:38.948274+00:00
tw23882,8,582900,1241,2023-01-01 00:00:00,2025-03-05 04:20:32.913390+00:00,2025-03-05 04:20:38.948274+00:00
tw23192,8,39465,167,2023-01-01 00:00:00,2025-03-05 04:20:32.913390+00:00,2025-03-05 04:20:38.948274+00:00
tw23489,9,33962,158,2023-01-01 00:00:00,2025-03-05 04:20:32.913390+00:00,2025-03-05 04:20:38.948274+00:00
tw23897,9,15800,84,2023-01-01 00:00:00,2025-03-05 04:20:32.913390+00:00,2025-03-05 04:20:38.948274+00:00
tw23604,9,28630,139,2023-01-01 00:00:00,2025-03-05 04:20:32.913390+00:00,2025-03-05 04:20:38.948274+00:00
tw25070,9,51774,238,2023-01-01 00:00:00,2025-03-05 04:20:32.913390+00:00,2025-03-05 04:20:38.948274+00:00
tw23234,9,139030,208,2023-01-01 00:00:00,2025-03-05 04:20:32.913390+00:00,2025-03-05 04:20:38.948274+00:00
tw24992,9,86835,413,2023-01-01 00:00:00,2025-03-05 04:20:32.913390+00:00,2025-03-05 04:20:38.948274+00:00
tw24132,9,10100,44,2023-01-01 00:00:00,2025-03-05 04:20:32.913390+00:00,2025-03-05 04:20:38.948274+00:00
tw24916,9,8690,36,2023-01-01 00:00:00,2025-03-05 04:20:32.913390+00:00,2025-03-05 04:20:38.948274+00:00
tw25745,10,100740,476,2023-01-01 00:00:00,2025-03-05 04:20:32.913390+00:00,2025-03-05 04:20:38.948274+00:00
tw26454,10,594479,2440,2023-01-01 00:00:00,2025-03-05 04:20:32.913390+00:00,2025-03-05 04:20:38.948274+00:00
tw26266,10,92555,420,2023-01-01 00:00:00,2025-03-05 04:20:32.913390+00:00,2025-03-05 04:20:38.948274+00:00
tw26339,10,673228,2944,2023-01-01 00:00:00,2025-03-05 04:20:32.913390+00:00,2025-03-05 04:20:38.948274+00:00
tw26441,10,3872713,15692,2023-01-01 00:00:00,2025-03-05 04:20:32.913390+00:00,2025-03-05 04:20:38.948274+00:00
tw26352,10,16318,80,2023-01-01 00:00:00,2025-03-05 04:20:32.913390+00:00,2025-03-05 04:20:38.948274+00:00
tw24871,10,50124,218,2023-01-01 00:00:00,2025-03-05 04:20:32.913390+00:00,2025-03-05 04:20:38.948274+00:00
tw21039,10,1675,20,2023-01-01 00:00:00,2025-03-05 04:20:32.913390+00:00,2025-03-05 04:20:38.948274+00:00
tw23041,10,62720,294,2023-01-01 00:00:00,2025-03-05 04:20:32.913390+00:00,2025-03-05 04:20:38.948274+00:00
tw13900,10,132740,573,2023-01-01 00:00:00,2025-03-05 04:20:32.913390+00:00,2025-03-05 04:20:38.948274+00:00
tw25630,10,20614,92,2023-01-01 00:00:00,2025-03-05 04:20:32.913390+00:00,2025-03-05 04:20:38.948274+00:00
tw26377,10,16125,72,2023-01-01 00:00:00,2025-03-05 04:20:32.913390+00:00,2025-03-05 04:20:38.948274+00:00
tw26398,10,264166,1113,2023-01-01 00:00:00,2025-03-05 04:20:32.913390+00:00,2025-03-05 04:20:38.948274+00:00
tw26397,10,11798,49,2023-01-01 00:00:00,2025-03-05 04:20:32.913390+00:00,2025-03-05 04:20:38.948274+00:00
tw26313,10,602588,2586,2023-01-01 00:00:00,2025-03-05 04:20:32.913390+00:00,2025-03-05 04:20:38.948274+00:00
tw26481,10,105813,435,2023-01-01 00:00:00,2025-03-05 04:20:32.913390+00:00,2025-03-05 04:20:38.948274+00:00
tw26127,10,77613,357,2023-01-01 00:00:00,2025-03-05 04:20:32.913390+00:00,2025-03-05 04:20:38.948274+00:00
tw23264,10,31935,146,2023-01-01 00:00:00,2025-03-05 04:20:32.913390+00:00,2025-03-05 04:20:38.948274+00:00
tw22239,10,153105,485,2023-01-01 00:00:00,2025-03-05 04:20:32.913390+00:00,2025-03-05 04:20:38.948274+00:00
tw23589,11,10012935,15553,2023-01-01 00:00:00,2025-03-05 04:20:32.913390+00:00,2025-03-05 04:20:38.948274+00:00
tw21582,11,33765,135,2023-01-01 00:00:00,2025-03-05 04:20:32.913390+00:00,2025-03-05 04:20:38.948274+00:00
tw25990,11,71604,308,2023-01-01 00:00:00,2025-03-05 04:20:32.913390+00:00,2025-03-05 04:20:38.948274+00:00
tw16901,11,43201,194,2023-01-01 00:00:00,2025-03-05 04:20:32.913390+00:00,2025-03-05 04:20:38.948274+00:00
tw26350,11,1676900,3207,2023-01-01 00:00:00,2025-03-05 04:20:32.913390+00:00,2025-03-05 04:20:38.948274+00:00
tw21036,11,2360,21,2023-01-01 00:00:00,2025-03-05 04:20:32.913390+00:00,2025-03-05 04:20:38.948274+00:00
tw21041,11,2280,20,2023-01-01 00:00:00,2025-03-05 04:20:32.913390+00:00,2025-03-05 04:20:38.948274+00:00
tw21037,11,1440,13,2023-01-01 00:00:00,2025-03-05 04:20:32.913390+00:00,2025-03-05 04:20:38.948274+00:00
tw23040,11,49670,237,2023-01-01 00:00:00,2025-03-05 04:20:32.913390+00:00,2025-03-05 04:20:38.948274+00:00
tw24994,11,62745,300,2023-01-01 00:00:00,2025-03-05 04:20:32.913390+00:00,2025-03-05 04:20:38.948274+00:00
tw21035,11,2680,22,2023-01-01 00:00:00,2025-03-05 04:20:32.913390+00:00,2025-03-05 04:20:38.948274+00:00
tw21040,12,3720,33,2023-01-01 00:00:00,2025-03-05 04:20:32.913390+00:00,2025-03-05 04:20:38.948274+00:00
tw22194,12,9440,79,2023-01-01 00:00:00,2025-03-05 04:20:32.913390+00:00,2025-03-05 04:20:38.948274+00:00
tw16091,12,743303,2093,2023-01-01 00:00:00,2025-03-05 04:20:32.913390+00:00,2025-03-05 04:20:38.948274+00:00
tw22751,12,249097,973,2023-01-01 00:00:00,2025-03-05 04:20:32.913390+00:00,2025-03-05 04:20:38.948274+00:00
tw24072,12,78577,364,2023-01-01 00:00:00,2025-03-05 04:20:32.913390+00:00,2025-03-05 04:20:38.948274+00:00
tw21837,12,7630,70,2023-01-01 00:00:00,2025-03-05 04:20:32.913390+00:00,2025-03-05 04:20:38.948274+00:00
tw16636,12,578250,1646,2023-01-01 00:00:00,2025-03-05 04:20:32.913390+00:00,2025-03-05 04:20:38.948274+00:00
tw26216,12,33410,146,2023-01-01 00:00:00,2025-03-05 04:20:32.913390+00:00,2025-03-05 04:20:38.948274+00:00
tw22373,12,5335,97,2023-01-01 00:00:00,2025-03-05 04:20:32.913390+00:00,2025-03-05 04:20:38.948274+00:00
tw22195,12,7267,63,2023-01-01 00:00:00,2025-03-05 04:20:32.913390+00:00,2025-03-05 04:20:38.948274+00:00
tw22380,12,15502,238,2023-01-01 00:00:00,2025-03-05 04:20:32.913390+00:00,2025-03-05 04:20:38.948274+00:00
tw26139,12,308660,1238,2023-01-01 00:00:00,2025-03-05 04:20:32.913390+00:00,2025-03-05 04:20:38.948274+00:00
tw22242,12,4340,37,2023-01-01 00:00:00,2025-03-05 04:20:32.913390+00:00,2025-03-05 04:20:38.948274+00:00
tw23262,12,20700,106,2023-01-01 00:00:00,2025-03-05 04:20:32.913390+00:00,2025-03-05 04:20:38.948274+00:00
tw26399,12,134225031,489208,2023-01-01 00:00:00,2025-03-05 04:20:32.913390+00:00,2025-03-05 04:20:38.948274+00:00
tw24859,12,58069,286,2023-01-01 00:00:00,2025-03-05 04:20:32.913390+00:00,2025-03-05 04:20:38.948274+00:00
tw23147,12,139042,598,2023-01-01 00:00:00,2025-03-05 04:20:32.913390+00:00,2025-03-05 04:20:38.948274+00:00
tw24432,12,51950,232,2023-01-01 00:00:00,2025-03-05 04:20:32.913390+00:00,2025-03-05 04:20:38.948274+00:00
tw25188,12,52890,264,2023-01-01 00:00:00,2025-03-05 04:20:32.913390+00:00,2025-03-05 04:20:38.948274+00:00
tw24940,13,58103,292,2023-01-01 00:00:00,2025-03-05 04:20:32.913390+00:00,2025-03-05 04:20:38.948274+00:00
tw25046,13,72265,333,2023-01-01 00:00:00,2025-03-05 04:20:32.913390+00:00,2025-03-05 04:20:38.948274+00:00
tw23367,13,81992,358,2023-01-01 00:00:00,2025-03-05 04:20:32.913390+00:00,2025-03-05 04:20:38.948274+00:00
tw23349,13,68526,305,2023-01-01 00:00:00,2025-03-05 04:20:32.913390+00:00,2025-03-05 04:20:38.948274+00:00
tw25893,13,46001,204,2023-01-01 00:00:00,2025-03-05 04:20:32.913390+00:00,2025-03-05 04:20:38.948274+00:00
tw23415,13,121219,528,2023-01-01 00:00:00,2025-03-05 04:20:32.913390+00:00,2025-03-05 04:20:38.948274+00:00
tw25043,13,218546,859,2023-01-01 00:00:00,2025-03-05 04:20:32.913390+00:00,2025-03-05 04:20:38.948274+00:00
tw24310,13,28366,126,2023-01-01 00:00:00,2025-03-05 04:20:32.913390+00:00,2025-03-05 04:20:38.948274+00:00
tw23235,13,95579,441,2023-01-01 00:00:00,2025-03-05 04:20:32.913390+00:00,2025-03-05 04:20:38.948274+00:00
tw21038,13,2640,21,2023-01-01 00:00:00,2025-03-05 04:20:32.913390+00:00,2025-03-05 04:20:38.948274+00:00
tw20445,13,235630,448,2023-01-01 00:00:00,2025-03-05 04:20:32.913390+00:00,2025-03-05 04:20:38.948274+00:00
tw25535,13,30906,144,2023-01-01 00:00:00,2025-03-05 04:20:32.913390+00:00,2025-03-05 04:20:38.948274+00:00
tw24312,13,58108,267,2023-01-01 00:00:00,2025-03-05 04:20:32.913390+00:00,2025-03-05 04:20:38.948274+00:00
tw24755,13,38610,165,2023-01-01 00:00:00,2025-03-05 04:20:32.913390+00:00,2025-03-05 04:20:38.948274+00:00
tw23825,13,129075,591,2023-01-01 00:00:00,2025-03-05 04:20:32.913390+00:00,2025-03-05 04:20:38.948274+00:00
tw23221,14,157636,735,2023-01-01 00:00:00,2025-03-05 04:20:32.913390+00:00,2025-03-05 04:20:38.948274+00:00
tw24786,14,52101,213,2023-01-01 00:00:00,2025-03-05 04:20:32.913390+00:00,2025-03-05 04:20:38.948274+00:00
tw18705,14,93480,410,2023-01-01 00:00:00,2025-03-05 04:20:32.913390+00:00,2025-03-05 04:20:38.948274+00:00
tw25011,14,169777,681,2023-01-01 00:00:00,2025-03-05 04:20:32.913390+00:00,2025-03-05 04:20:38.948274+00:00
tw24972,14,275068,1080,2023-01-01 00:00:00,2025-03-05 04:20:32.913390+00:00,2025-03-05 04:20:38.948274+00:00
tw25176,14,82592,344,2023-01-01 00:00:00,2025-03-05 04:20:32.913390+00:00,2025-03-05 04:20:38.948274+00:00
tw23892,14,47981,205,2023-01-01 00:00:00,2025-03-05 04:20:32.913390+00:00,2025-03-05 04:20:38.948274+00:00
tw25592,14,51682,220,2023-01-01 00:00:00,2025-03-05 04:20:32.913390+00:00,2025-03-05 04:20:38.948274+00:00
tw23641,14,9588418,26190,2023-01-01 00:00:00,2025-03-05 04:20:32.913390+00:00,2025-03-05 04:20:38.948274+00:00
tw23932,14,81517,379,2023-01-01 00:00:00,2025-03-05 04:20:32.913390+00:00,2025-03-05 04:20:38.948274+00:00
tw25360,14,37200,183,2023-01-01 00:00:00,2025-03-05 04:20:32.913390+00:00,2025-03-05 04:20:38.948274+00:00
tw21929,14,10274,87,2023-01-01 00:00:00,2025-03-05 04:20:32.913390+00:00,2025-03-05 04:20:38.948274+00:00
tw25041,14,164302,727,2023-01-01 00:00:00,2025-03-05 04:20:32.913390+00:00,2025-03-05 04:20:38.948274+00:00
tw24377,14,47782,219,2023-01-01 00:00:00,2025-03-05 04:20:32.913390+00:00,2025-03-05 04:20:38.948274+00:00
tw23946,14,77430,314,2023-01-01 00:00:00,2025-03-05 04:20:32.913390+00:00,2025-03-05 04:20:38.948274+00:00
tw25023,14,235727,899,2023-01-01 00:00:00,2025-03-05 04:20:32.913390+00:00,2025-03-05 04:20:38.948274+00:00
tw23474,14,53524,236,2023-01-01 00:00:00,2025-03-05 04:20:32.913390+00:00,2025-03-05 04:20:38.948274+00:00
tw23487,14,152548,709,2023-01-01 00:00:00,2025-03-05 04:20:32.913390+00:00,2025-03-05 04:20:38.948274+00:00
tw24309,14,102831,428,2023-01-01 00:00:00,2025-03-05 04:20:32.913390+00:00,2025-03-05 04:20:38.948274+00:00
tw23198,14,44448,203,2023-01-01 00:00:00,2025-03-05 04:20:32.913390+00:00,2025-03-05 04:20:38.948274+00:00
tw8749,14,33800,145,2023-01-01 00:00:00,2025-03-05 04:20:32.913390+00:00,2025-03-05 04:20:38.948274+00:00
tw24841,14,70826,340,2023-01-01 00:00:00,2025-03-05 04:20:32.913390+00:00,2025-03-05 04:20:38.948274+00:00
tw26034,14,43595,193,2023-01-01 00:00:00,2025-03-05 04:20:32.913390+00:00,2025-03-05 04:20:38.948274+00:00
tw23885,14,91539,401,2023-01-01 00:00:00,2025-03-05 04:20:32.913390+00:00,2025-03-05 04:20:38.948274+00:00
tw25062,14,186834,850,2023-01-01 00:00:00,2025-03-05 04:20:32.913390+00:00,2025-03-05 04:20:38.948274+00:00
tw24107,14,78358,329,2023-01-01 00:00:00,2025-03-05 04:20:32.913390+00:00,2025-03-05 04:20:38.948274+00:00
tw26208,14,83701,390,2023-01-01 00:00:00,2025-03-05 04:20:32.913390+00:00,2025-03-05 04:20:38.948274+00:00
tw25101,14,92552,380,2023-01-01 00:00:00,2025-03-05 04:20:32.913390+00:00,2025-03-05 04:20:38.948274+00:00
tw23560,14,48333,213,2023-01-01 00:00:00,2025-03-05 04:20:32.913390+00:00,2025-03-05 04:20:38.948274+00:00
tw21825,14,5640,48,2023-01-01 00:00:00,2025-03-05 04:20:32.913390+00:00,2025-03-05 04:20:38.948274+00:00
tw24256,14,78315,367,2023-01-01 00:00:00,2025-03-05 04:20:32.913390+00:00,2025-03-05 04:20:38.948274+00:00
tw18318,14,59635,253,2023-01-01 00:00:00,2025-03-05 04:20:32.913390+00:00,2025-03-05 04:20:38.948274+00:00
tw23835,14,422880,1852,2023-01-01 00:00:00,2025-03-05 04:20:32.913390+00:00,2025-03-05 04:20:38.948274+00:00
tw24789,14,440076,1814,2023-01-01 00:00:00,2025-03-05 04:20:32.913390+00:00,2025-03-05 04:20:38.948274+00:00
tw24834,14,115551,514,2023-01-01 00:00:00,2025-03-05 04:20:32.913390+00:00,2025-03-05 04:20:38.948274+00:00
tw23312,14,111808,489,2023-01-01 00:00:00,2025-03-05 04:20:32.913390+00:00,2025-03-05 04:20:38.948274+00:00
tw22268,14,8970,74,2023-01-01 00:00:00,2025-03-05 04:20:32.913390+00:00,2025-03-05 04:20:38.948274+00:00
tw23317,14,126382,553,2023-01-01 00:00:00,2025-03-05 04:20:32.913390+00:00,2025-03-05 04:20:38.948274+00:00
tw26193,14,54292,220,2023-01-01 00:00:00,2025-03-05 04:20:32.913390+00:00,2025-03-05 04:20:38.948274+00:00
tw26121,14,44447,218,2023-01-01 00:00:00,2025-03-05 04:20:32.913390+00:00,2025-03-05 04:20:38.948274+00:00
tw25078,14,251921,983,2023-01-01 00:00:00,2025-03-05 04:20:32.913390+00:00,2025-03-05 04:20:38.948274+00:00
tw23437,14,129485,619,2023-01-01 00:00:00,2025-03-05 04:20:32.913390+00:00,2025-03-05 04:20:38.948274+00:00
tw23366,14,164581,676,2023-01-01 00:00:00,2025-03-05 04:20:32.913390+00:00,2025-03-05 04:20:38.948274+00:00
tw26247,14,156968,686,2023-01-01 00:00:00,2025-03-05 04:20:32.913390+00:00,2025-03-05 04:20:38.948274+00:00
tw23121,14,59851,255,2023-01-01 00:00:00,2025-03-05 04:20:32.913390+00:00,2025-03-05 04:20:38.948274+00:00
tw25828,14,357516,1544,2023-01-01 00:00:00,2025-03-05 04:20:32.913390+00:00,2025-03-05 04:20:38.948274+00:00
tw23784,14,28852,125,2023-01-01 00:00:00,2025-03-05 04:20:32.913390+00:00,2025-03-05 04:20:38.948274+00:00
tw24061,14,240274,971,2023-01-01 00:00:00,2025-03-05 04:20:32.913390+00:00,2025-03-05 04:20:38.948274+00:00
tw25187,15,65903,285,2023-01-01 00:00:00,2025-03-05 04:20:32.913390+00:00,2025-03-05 04:20:38.948274+00:00
tw26213,15,118765,453,2023-01-01 00:00:00,2025-03-05 04:20:32.913390+00:00,2025-03-05 04:20:38.948274+00:00
tw23249,15,117892,488,2023-01-01 00:00:00,2025-03-05 04:20:32.913390+00:00,2025-03-05 04:20:38.948274+00:00
tw25737,15,119020,541,2023-01-01 00:00:00,2025-03-05 04:20:32.913390+00:00,2025-03-05 04:20:38.948274+00:00
tw24595,15,162178,679,2023-01-01 00:00:00,2025-03-05 04:20:32.913390+00:00,2025-03-05 04:20:38.948274+00:00
tw24951,15,104654,438,2023-01-01 00:00:00,2025-03-05 04:20:32.913390+00:00,2025-03-05 04:20:38.948274+00:00
tw24881,15,75576,354,2023-01-01 00:00:00,2025-03-05 04:20:32.913390+00:00,2025-03-05 04:20:38.948274+00:00
tw24728,15,216424,976,2023-01-01 00:00:00,2025-03-05 04:20:32.913390+00:00,2025-03-05 04:20:38.948274+00:00
tw23857,15,184785,834,2023-01-01 00:00:00,2025-03-05 04:20:32.913390+00:00,2025-03-05 04:20:38.948274+00:00
tw23652,15,46019,204,2023-01-01 00:00:00,2025-03-05 04:20:32.913390+00:00,2025-03-05 04:20:38.948274+00:00
tw23439,15,70487,320,2023-01-01 00:00:00,2025-03-05 04:20:32.913390+00:00,2025-03-05 04:20:38.948274+00:00
tw23554,15,132042,631,2023-01-01 00:00:00,2025-03-05 04:20:32.913390+00:00,2025-03-05 04:20:38.948274+00:00
tw24010,15,59486,272,2023-01-01 00:00:00,2025-03-05 04:20:32.913390+00:00,2025-03-05 04:20:38.948274+00:00
tw25537,15,95126,451,2023-01-01 00:00:00,2025-03-05 04:20:32.913390+00:00,2025-03-05 04:20:38.948274+00:00
tw26212,15,184362,827,2023-01-01 00:00:00,2025-03-05 04:20:32.913390+00:00,2025-03-05 04:20:38.948274+00:00
tw23248,15,56715,252,2023-01-01 00:00:00,2025-03-05 04:20:32.913390+00:00,2025-03-05 04:20:38.948274+00:00
tw20810,16,12360,114,2023-01-01 00:00:00,2025-03-05 04:20:32.913390+00:00,2025-03-05 04:20:38.948274+00:00
tw23288,16,5240,46,2023-01-01 00:00:00,2025-03-05 04:20:32.913390+00:00,2025-03-05 04:20:38.948274+00:00
tw24927,16,113996,551,2023-01-01 00:00:00,2025-03-05 04:20:32.913390+00:00,2025-03-05 04:20:38.948274+00:00
tw24418,16,51831,237,2023-01-01 00:00:00,2025-03-05 04:20:32.913390+00:00,2025-03-05 04:20:38.948274+00:00
tw25862,16,56044,272,2023-01-01 00:00:00,2025-03-05 04:20:32.913390+00:00,2025-03-05 04:20:38.948274+00:00
tw22715,16,113556,530,2023-01-01 00:00:00,2025-03-05 04:20:32.913390+00:00,2025-03-05 04:20:38.948274+00:00
tw22611,16,109524,471,2023-01-01 00:00:00,2025-03-05 04:20:32.913390+00:00,2025-03-05 04:20:38.948274+00:00
tw24088,16,73260,348,2023-01-01 00:00:00,2025-03-05 04:20:32.913390+00:00,2025-03-05 04:20:38.948274+00:00
tw24060,16,93734,427,2023-01-01 00:00:00,2025-03-05 04:20:32.913390+00:00,2025-03-05 04:20:38.948274+00:00
tw23352,16,92365,434,2023-01-01 00:00:00,2025-03-05 04:20:32.913390+00:00,2025-03-05 04:20:38.948274+00:00
tw18424,16,30561,193,2023-01-01 00:00:00,2025-03-05 04:20:32.913390+00:00,2025-03-05 04:20:38.948274+00:00
tw25359,16,121438,576,2023-01-01 00:00:00,2025-03-05 04:20:32.913390+00:00,2025-03-05 04:20:38.948274+00:00
tw26324,16,61721,263,2023-01-01 00:00:00,2025-03-05 04:20:32.913390+00:00,2025-03-05 04:20:38.948274+00:00
tw26381,17,2465643,9937,2023-01-01 00:00:00,2025-03-05 04:20:32.913390+00:00,2025-03-05 04:20:38.948274+00:00
tw23546,17,175261,831,2023-01-01 00:00:00,2025-03-05 04:20:32.913390+00:00,2025-03-05 04:20:38.948274+00:00
tw25243,17,154119,652,2023-01-01 00:00:00,2025-03-05 04:20:32.913390+00:00,2025-03-05 04:20:38.948274+00:00
tw26349,17,92290,613,2023-01-01 00:00:00,2025-03-05 04:20:32.913390+00:00,2025-03-05 04:20:38.948274+00:00
tw21763,17,106733,458,2023-01-01 00:00:00,2025-03-05 04:20:32.913390+00:00,2025-03-05 04:20:38.948274+00:00
tw25118,17,99248,415,2023-01-01 00:00:00,2025-03-05 04:20:32.913390+00:00,2025-03-05 04:20:38.948274+00:00
tw24883,17,215875,980,2023-01-01 00:00:00,2025-03-05 04:20:32.913390+00:00,2025-03-05 04:20:38.948274+00:00
tw25897,17,413650,1879,2023-01-01 00:00:00,2025-03-05 04:20:32.913390+00:00,2025-03-05 04:20:38.948274+00:00
tw25323,17,105429,496,2023-01-01 00:00:00,2025-03-05 04:20:32.913390+00:00,2025-03-05 04:20:38.948274+00:00
tw24840,17,227695,1024,2023-01-01 00:00:00,2025-03-05 04:20:32.913390+00:00,2025-03-05 04:20:38.948274+00:00
tw26368,17,202104,736,2023-01-01 00:00:00,2025-03-05 04:20:32.913390+00:00,2025-03-05 04:20:38.948274+00:00
tw24062,17,76834,367,2023-01-01 00:00:00,2025-03-05 04:20:32.913390+00:00,2025-03-05 04:20:38.948274+00:00
tw26405,17,5957840,23957,2023-01-01 00:00:00,2025-03-05 04:20:32.913390+00:00,2025-03-05 04:20:38.948274+00:00
tw26428,17,139758,606,2023-01-01 00:00:00,2025-03-05 04:20:32.913390+00:00,2025-03-05 04:20:38.948274+00:00
tw26383,17,7584023,26139,2023-01-01 00:00:00,2025-03-05 04:20:32.913390+00:00,2025-03-05 04:20:38.948274+00:00
tw23145,17,155288,641,2023-01-01 00:00:00,2025-03-05 04:20:32.913390+00:00,2025-03-05 04:20:38.948274+00:00
tw24514,17,137482,637,2023-01-01 00:00:00,2025-03-05 04:20:32.913390+00:00,2025-03-05 04:20:38.948274+00:00
tw26092,17,101777,478,2023-01-01 00:00:00,2025-03-05 04:20:32.913390+00:00,2025-03-05 04:20:38.948274+00:00
tw25285,17,126913,556,2023-01-01 00:00:00,2025-03-05 04:20:32.913390+00:00,2025-03-05 04:20:38.948274+00:00
tw24200,17,35883,166,2023-01-01 00:00:00,2025-03-05 04:20:32.913390+00:00,2025-03-05 04:20:38.948274+00:00
tw25177,17,155183,729,2023-01-01 00:00:00,2025-03-05 04:20:32.913390+00:00,2025-03-05 04:20:38.948274+00:00
tw24542,17,123098,573,2023-01-01 00:00:00,2025-03-05 04:20:32.913390+00:00,2025-03-05 04:20:38.948274+00:00
tw24253,17,148229,681,2023-01-01 00:00:00,2025-03-05 04:20:32.913390+00:00,2025-03-05 04:20:38.948274+00:00
tw25086,17,73302,307,2023-01-01 00:00:00,2025-03-05 04:20:32.913390+00:00,2025-03-05 04:20:38.948274+00:00
tw25895,18,5882489,22576,2023-01-01 00:00:00,2025-03-05 04:20:32.913390+00:00,2025-03-05 04:20:38.948274+00:00
tw23904,18,97009,472,2023-01-01 00:00:00,2025-03-05 04:20:32.913390+00:00,2025-03-05 04:20:38.948274+00:00
tw23771,18,515189,2162,2023-01-01 00:00:00,2025-03-05 04:20:32.913390+00:00,2025-03-05 04:20:38.948274+00:00
tw24213,18,72528,330,2023-01-01 00:00:00,2025-03-05 04:20:32.913390+00:00,2025-03-05 04:20:38.948274+00:00
tw23290,18,161127,745,2023-01-01 00:00:00,2025-03-05 04:20:32.913390+00:00,2025-03-05 04:20:38.948274+00:00
tw25763,18,39890,186,2023-01-01 00:00:00,2025-03-05 04:20:32.913390+00:00,2025-03-05 04:20:38.948274+00:00
tw25312,18,546226,2379,2023-01-01 00:00:00,2025-03-05 04:20:32.913390+00:00,2025-03-05 04:20:38.948274+00:00
tw24045,18,97454,447,2023-01-01 00:00:00,2025-03-05 04:20:32.913390+00:00,2025-03-05 04:20:38.948274+00:00
tw21373,18,442300,1939,2023-01-01 00:00:00,2025-03-05 04:20:32.913390+00:00,2025-03-05 04:20:38.948274+00:00
tw24551,18,636815,2603,2023-01-01 00:00:00,2025-03-05 04:20:32.913390+00:00,2025-03-05 04:20:38.948274+00:00
tw23320,18,214804,959,2023-01-01 00:00:00,2025-03-05 04:20:32.913390+00:00,2025-03-05 04:20:38.948274+00:00
tw24661,18,60951,262,2023-01-01 00:00:00,2025-03-05 04:20:32.913390+00:00,2025-03-05 04:20:38.948274+00:00
tw23385,18,152339,651,2023-01-01 00:00:00,2025-03-05 04:20:32.913390+00:00,2025-03-05 04:20:38.948274+00:00
tw25106,18,365601,1434,2023-01-01 00:00:00,2025-03-05 04:20:32.913390+00:00,2025-03-05 04:20:38.948274+00:00
tw23639,18,63966,308,2023-01-01 00:00:00,2025-03-05 04:20:32.913390+00:00,2025-03-05 04:20:38.948274+00:00
tw23586,19,874170,3698,2023-01-01 00:00:00,2025-03-05 04:20:32.913390+00:00,2025-03-05 04:20:38.948274+00:00
tw20138,19,59661,269,2023-01-01 00:00:00,2025-03-05 04:20:32.913390+00:00,2025-03-05 04:20:38.948274+00:00
tw22652,19,8745,159,2023-01-01 00:00:00,2025-03-05 04:20:32.913390+00:00,2025-03-05 04:20:38.948274+00:00
tw23856,19,975190,4179,2023-01-01 00:00:00,2025-03-05 04:20:32.913390+00:00,2025-03-05 04:20:38.948274+00:00
tw23493,19,129555,601,2023-01-01 00:00:00,2025-03-05 04:20:32.913390+00:00,2025-03-05 04:20:38.948274+00:00
tw23576,19,458246,1777,2023-01-01 00:00:00,2025-03-05 04:20:32.913390+00:00,2025-03-05 04:20:38.948274+00:00
tw24842,19,86847,390,2023-01-01 00:00:00,2025-03-05 04:20:32.913390+00:00,2025-03-05 04:20:38.948274+00:00
tw25317,19,292278,1332,2023-01-01 00:00:00,2025-03-05 04:20:32.913390+00:00,2025-03-05 04:20:38.948274+00:00
tw24090,19,54278,273,2023-01-01 00:00:00,2025-03-05 04:20:32.913390+00:00,2025-03-05 04:20:38.948274+00:00
tw24876,19,168001,699,2023-01-01 00:00:00,2025-03-05 04:20:32.913390+00:00,2025-03-05 04:20:38.948274+00:00
tw25313,19,136309,594,2023-01-01 00:00:00,2025-03-05 04:20:32.913390+00:00,2025-03-05 04:20:38.948274+00:00
tw22172,19,8030,146,2023-01-01 00:00:00,2025-03-05 04:20:32.913390+00:00,2025-03-05 04:20:38.948274+00:00
tw24212,19,543802,2333,2023-01-01 00:00:00,2025-03-05 04:20:32.913390+00:00,2025-03-05 04:20:38.948274+00:00
tw25993,19,130633,541,2023-01-01 00:00:00,2025-03-05 04:20:32.913390+00:00,2025-03-05 04:20:38.948274+00:00
tw22082,19,12225,175,2023-01-01 00:00:00,2025-03-05 04:20:32.913390+00:00,2025-03-05 04:20:38.948274+00:00
tw23362,19,325630,1372,2023-01-01 00:00:00,2025-03-05 04:20:32.913390+00:00,2025-03-05 04:20:38.948274+00:00
tw24050,19,407801,1728,2023-01-01 00:00:00,2025-03-05 04:20:32.913390+00:00,2025-03-05 04:20:38.948274+00:00
tw22270,19,8470,154,2023-01-01 00:00:00,2025-03-05 04:20:32.913390+00:00,2025-03-05 04:20:38.948274+00:00
tw23287,19,2595,30,2023-01-01 00:00:00,2025-03-05 04:20:32.913390+00:00,2025-03-05 04:20:38.948274+00:00
tw25241,19,135554,548,2023-01-01 00:00:00,2025-03-05 04:20:32.913390+00:00,2025-03-05 04:20:38.948274+00:00
tw23285,19,68284,281,2023-01-01 00:00:00,2025-03-05 04:20:32.913390+00:00,2025-03-05 04:20:38.948274+00:00
tw23364,19,116305,526,2023-01-01 00:00:00,2025-03-05 04:20:32.913390+00:00,2025-03-05 04:20:38.948274+00:00
tw23785,19,96847,469,2023-01-01 00:00:00,2025-03-05 04:20:32.913390+00:00,2025-03-05 04:20:38.948274+00:00
tw25397,20,259344,1192,2023-01-01 00:00:00,2025-03-05 04:20:32.913390+00:00,2025-03-05 04:20:38.948274+00:00
tw23661,20,309112,1307,2023-01-01 00:00:00,2025-03-05 04:20:32.913390+00:00,2025-03-05 04:20:38.948274+00:00
tw23721,20,1692718,6778,2023-01-01 00:00:00,2025-03-05 04:20:32.913390+00:00,2025-03-05 04:20:38.948274+00:00
tw23792,20,137147,660,2023-01-01 00:00:00,2025-03-05 04:20:32.913390+00:00,2025-03-05 04:20:38.948274+00:00
tw23651,20,1483770,6009,2023-01-01 00:00:00,2025-03-05 04:20:32.913390+00:00,2025-03-05 04:20:38.948274+00:00
tw23645,20,90232,409,2023-01-01 00:00:00,2025-03-05 04:20:32.913390+00:00,2025-03-05 04:20:38.948274+00:00
tw25631,20,197382,897,2023-01-01 00:00:00,2025-03-05 04:20:32.913390+00:00,2025-03-05 04:20:38.948274+00:00
tw24662,20,220551,954,2023-01-01 00:00:00,2025-03-05 04:20:32.913390+00:00,2025-03-05 04:20:38.948274+00:00
tw22476,20,22800,307,2023-01-01 00:00:00,2025-03-05 04:20:32.913390+00:00,2025-03-05 04:20:38.948274+00:00
tw23084,20,9845,179,2023-01-01 00:00:00,2025-03-05 04:20:32.913390+00:00,2025-03-05 04:20:38.948274+00:00
tw25729,20,87160,360,2023-01-01 00:00:00,2025-03-05 04:20:32.913390+00:00,2025-03-05 04:20:38.948274+00:00
tw25246,20,49536,230,2023-01-01 00:00:00,2025-03-05 04:20:32.913390+00:00,2025-03-05 04:20:38.948274+00:00
tw24051,20,68867,304,2023-01-01 00:00:00,2025-03-05 04:20:32.913390+00:00,2025-03-05 04:20:38.948274+00:00
tw23508,20,295198,1315,2023-01-01 00:00:00,2025-03-05 04:20:32.913390+00:00,2025-03-05 04:20:38.948274+00:00
tw23354,20,174409,848,2023-01-01 00:00:00,2025-03-05 04:20:32.913390+00:00,2025-03-05 04:20:38.948274+00:00
tw25167,20,113615,504,2023-01-01 00:00:00,2025-03-05 04:20:32.913390+00:00,2025-03-05 04:20:38.948274+00:00
tw24108,20,70347,304,2023-01-01 00:00:00,2025-03-05 04:20:32.913390+00:00,2025-03-05 04:20:38.948274+00:00
tw24970,20,1694840,7036,2023-01-01 00:00:00,2025-03-05 04:20:32.913390+00:00,2025-03-05 04:20:38.948274+00:00
tw23507,21,598525,2557,2023-01-01 00:00:00,2025-03-05 04:20:32.913390+00:00,2025-03-05 04:20:38.948274+00:00
tw24715,21,608772,2480,2023-01-01 00:00:00,2025-03-05 04:20:32.913390+00:00,2025-03-05 04:20:38.948274+00:00
tw25984,21,46092,175,2023-01-01 00:00:00,2025-03-05 04:20:32.913390+00:00,2025-03-05 04:20:38.948274+00:00
tw22678,21,298261,1350,2023-01-01 00:00:00,2025-03-05 04:20:32.913390+00:00,2025-03-05 04:20:38.948274+00:00
tw23420,21,229361,1010,2023-01-01 00:00:00,2025-03-05 04:20:32.913390+00:00,2025-03-05 04:20:38.948274+00:00
tw25761,21,660352,2687,2023-01-01 00:00:00,2025-03-05 04:20:32.913390+00:00,2025-03-05 04:20:38.948274+00:00
tw26253,21,536607,2089,2023-01-01 00:00:00,2025-03-05 04:20:32.913390+00:00,2025-03-05 04:20:38.948274+00:00
tw9159,21,121888,521,2023-01-01 00:00:00,2025-03-05 04:20:32.913390+00:00,2025-03-05 04:20:38.948274+00:00
tw25163,21,197492,972,2023-01-01 00:00:00,2025-03-05 04:20:32.913390+00:00,2025-03-05 04:20:38.948274+00:00
tw15965,21,164258,567,2023-01-01 00:00:00,2025-03-05 04:20:32.913390+00:00,2025-03-05 04:20:38.948274+00:00
tw25213,21,173425,642,2023-01-01 00:00:00,2025-03-05 04:20:32.913390+00:00,2025-03-05 04:20:38.948274+00:00
tw24515,21,98120,464,2023-01-01 00:00:00,2025-03-05 04:20:32.913390+00:00,2025-03-05 04:20:38.948274+00:00
tw25361,21,108025,469,2023-01-01 00:00:00,2025-03-05 04:20:32.913390+00:00,2025-03-05 04:20:38.948274+00:00
tw25637,21,186546,836,2023-01-01 00:00:00,2025-03-05 04:20:32.913390+00:00,2025-03-05 04:20:38.948274+00:00
tw24468,21,370832,1557,2023-01-01 00:00:00,2025-03-05 04:20:32.913390+00:00,2025-03-05 04:20:38.948274+00:00
tw24497,21,153413,711,2023-01-01 00:00:00,2025-03-05 04:20:32.913390+00:00,2025-03-05 04:20:38.948274+00:00
tw25414,21,92932,405,2023-01-01 00:00:00,2025-03-05 04:20:32.913390+00:00,2025-03-05 04:20:38.948274+00:00
tw25284,21,78062,358,2023-01-01 00:00:00,2025-03-05 04:20:32.913390+00:00,2025-03-05 04:20:38.948274+00:00
tw24257,21,668222,2854,2023-01-01 00:00:00,2025-03-05 04:20:32.913390+00:00,2025-03-05 04:20:38.948274+00:00
tw24498,21,704338,2833,2023-01-01 00:00:00,2025-03-05 04:20:32.913390+00:00,2025-03-05 04:20:38.948274+00:00
tw24492,21,71688,320,2023-01-01 00:00:00,2025-03-05 04:20:32.913390+00:00,2025-03-05 04:20:38.948274+00:00
tw24870,21,1786263,7104,2023-01-01 00:00:00,2025-03-05 04:20:32.913390+00:00,2025-03-05 04:20:38.948274+00:00
tw23699,21,166765,750,2023-01-01 00:00:00,2025-03-05 04:20:32.913390+00:00,2025-03-05 04:20:38.948274+00:00
tw23492,21,213260,865,2023-01-01 00:00:00,2025-03-05 04:20:32.913390+00:00,2025-03-05 04:20:38.948274+00:00
tw25127,21,193946,780,2023-01-01 00:00:00,2025-03-05 04:20:32.913390+00:00,2025-03-05 04:20:38.948274+00:00
tw25130,21,356760,1575,2023-01-01 00:00:00,2025-03-05 04:20:32.913390+00:00,2025-03-05 04:20:38.948274+00:00
tw21995,22,27264,176,2023-01-01 00:00:00,2025-03-05 04:20:32.913390+00:00,2025-03-05 04:20:38.948274+00:00
tw24573,22,152161,716,2023-01-01 00:00:00,2025-03-05 04:20:32.913390+00:00,2025-03-05 04:20:38.948274+00:00
tw23711,22,2201229,9735,2023-01-01 00:00:00,2025-03-05 04:20:32.913390+00:00,2025-03-05 04:20:38.948274+00:00
tw23887,22,355169,1642,2023-01-01 00:00:00,2025-03-05 04:20:32.913390+00:00,2025-03-05 04:20:38.948274+00:00
tw18319,22,74910,309,2023-01-01 00:00:00,2025-03-05 04:20:32.913390+00:00,2025-03-05 04:20:38.948274+00:00
tw23827,22,237766,1036,2023-01-01 00:00:00,2025-03-05 04:20:32.913390+00:00,2025-03-05 04:20:38.948274+00:00
tw25242,22,198152,888,2023-01-01 00:00:00,2025-03-05 04:20:32.913390+00:00,2025-03-05 04:20:38.948274+00:00
tw20374,22,82080,340,2023-01-01 00:00:00,2025-03-05 04:20:32.913390+00:00,2025-03-05 04:20:38.948274+00:00
tw25423,22,145742,667,2023-01-01 00:00:00,2025-03-05 04:20:32.913390+00:00,2025-03-05 04:20:38.948274+00:00
tw23660,22,168533,766,2023-01-01 00:00:00,2025-03-05 04:20:32.913390+00:00,2025-03-05 04:20:38.948274+00:00
tw23222,22,110687,523,2023-01-01 00:00:00,2025-03-05 04:20:32.913390+00:00,2025-03-05 04:20:38.948274+00:00
tw22707,22,235763,1076,2023-01-01 00:00:00,2025-03-05 04:20:32.913390+00:00,2025-03-05 04:20:38.948274+00:00
tw23640,22,311050,1508,2023-01-01 00:00:00,2025-03-05 04:20:32.913390+00:00,2025-03-05 04:20:38.948274+00:00
tw24013,22,343195,2348,2023-01-01 00:00:00,2025-03-05 04:20:32.913390+00:00,2025-03-05 04:20:38.948274+00:00
tw25318,22,102090,460,2023-01-01 00:00:00,2025-03-05 04:20:32.913390+00:00,2025-03-05 04:20:38.948274+00:00
tw24074,22,653753,2622,2023-01-01 00:00:00,2025-03-05 04:20:32.913390+00:00,2025-03-05 04:20:38.948274+00:00
tw25131,22,247388,1141,2023-01-01 00:00:00,2025-03-05 04:20:32.913390+00:00,2025-03-05 04:20:38.948274+00:00
tw25801,22,69172,288,2023-01-01 00:00:00,2025-03-05 04:20:32.913390+00:00,2025-03-05 04:20:38.948274+00:00
tw24313,22,91035,447,2023-01-01 00:00:00,2025-03-05 04:20:32.913390+00:00,2025-03-05 04:20:38.948274+00:00
tw21839,23,335766,1499,2023-01-01 00:00:00,2025-03-05 04:20:32.913390+00:00,2025-03-05 04:20:38.948274+00:00
tw24012,23,359215,2448,2023-01-01 00:00:00,2025-03-05 04:20:32.913390+00:00,2025-03-05 04:20:38.948274+00:00
tw24954,23,256868,1148,2023-01-01 00:00:00,2025-03-05 04:20:32.913390+00:00,2025-03-05 04:20:38.948274+00:00
tw23787,23,179200,750,2023-01-01 00:00:00,2025-03-05 04:20:32.913390+00:00,2025-03-05 04:20:38.948274+00:00
tw23199,23,16750,286,2023-01-01 00:00:00,2025-03-05 04:20:32.913390+00:00,2025-03-05 04:20:38.948274+00:00
tw24109,23,171322,784,2023-01-01 00:00:00,2025-03-05 04:20:32.913390+00:00,2025-03-05 04:20:38.948274+00:00
tw23214,23,57005,240,2023-01-01 00:00:00,2025-03-05 04:20:32.913390+00:00,2025-03-05 04:20:38.948274+00:00
tw26022,23,496907,2206,2023-01-01 00:00:00,2025-03-05 04:20:32.913390+00:00,2025-03-05 04:20:38.948274+00:00
tw23605,23,372810,1929,2023-01-01 00:00:00,2025-03-05 04:20:32.913390+00:00,2025-03-05 04:20:38.948274+00:00
tw24349,23,128132,565,2023-01-01 00:00:00,2025-03-05 04:20:32.913390+00:00,2025-03-05 04:20:38.948274+00:00
tw25415,23,164691,684,2023-01-01 00:00:00,2025-03-05 04:20:32.913390+00:00,2025-03-05 04:20:38.948274+00:00
tw8074,23,66964,291,2023-01-01 00:00:00,2025-03-05 04:20:32.913390+00:00,2025-03-05 04:20:38.948274+00:00
tw8693,23,161957,672,2023-01-01 00:00:00,2025-03-05 04:20:32.913390+00:00,2025-03-05 04:20:38.948274+00:00
tw24252,23,848374,3529,2023-01-01 00:00:00,2025-03-05 04:20:32.913390+00:00,2025-03-05 04:20:38.948274+00:00
tw25071,23,180715,812,2023-01-01 00:00:00,2025-03-05 04:20:32.913390+00:00,2025-03-05 04:20:38.948274+00:00
tw23754,23,315513,1527,2023-01-01 00:00:00,2025-03-05 04:20:32.913390+00:00,2025-03-05 04:20:38.948274+00:00
tw25393,24,1675820,7436,2023-01-01 00:00:00,2025-03-05 04:20:32.913390+00:00,2025-03-05 04:20:38.948274+00:00
tw26227,24,416240,1796,2023-01-01 00:00:00,2025-03-05 04:20:32.913390+00:00,2025-03-05 04:20:38.948274+00:00
tw23486,24,1814975,7673,2023-01-01 00:00:00,2025-03-05 04:20:32.913390+00:00,2025-03-05 04:20:38.948274+00:00
tw26226,24,401824,1734,2023-01-01 00:00:00,2025-03-05 04:20:32.913390+00:00,2025-03-05 04:20:38.948274+00:00
tw26214,24,277728,1218,2023-01-01 00:00:00,2025-03-05 04:20:32.913390+00:00,2025-03-05 04:20:38.948274+00:00
tw23713,24,210402,856,2023-01-01 00:00:00,2025-03-05 04:20:32.913390+00:00,2025-03-05 04:20:38.948274+00:00
tw26353,24,1717163,6939,2023-01-01 00:00:00,2025-03-05 04:20:32.913390+00:00,2025-03-05 04:20:38.948274+00:00
tw23550,24,604006,2529,2023-01-01 00:00:00,2025-03-05 04:20:32.913390+00:00,2025-03-05 04:20:38.948274+00:00
tw24384,24,79108,346,2023-01-01 00:00:00,2025-03-05 04:20:32.913390+00:00,2025-03-05 04:20:38.948274+00:00
tw24034,24,230224,933,2023-01-01 00:00:00,2025-03-05 04:20:32.913390+00:00,2025-03-05 04:20:38.948274+00:00
tw25042,24,224071,983,2023-01-01 00:00:00,2025-03-05 04:20:32.913390+00:00,2025-03-05 04:20:38.948274+00:00
tw25079,24,368106,1481,2023-01-01 00:00:00,2025-03-05 04:20:32.913390+00:00,2025-03-05 04:20:38.948274+00:00
tw23384,24,513765,2124,2023-01-01 00:00:00,2025-03-05 04:20:32.913390+00:00,2025-03-05 04:20:38.948274+00:00
tw25117,24,848428,3698,2023-01-01 00:00:00,2025-03-05 04:20:32.913390+00:00,2025-03-05 04:20:38.948274+00:00
tw25772,24,142656,645,2023-01-01 00:00:00,2025-03-05 04:20:32.913390+00:00,2025-03-05 04:20:38.948274+00:00
tw23826,24,220194,988,2023-01-01 00:00:00,2025-03-05 04:20:32.913390+00:00,2025-03-05 04:20:38.948274+00:00
tw24053,24,958177,4312,2023-01-01 00:00:00,2025-03-05 04:20:32.913390+00:00,2025-03-05 04:20:38.948274+00:00
tw22530,25,59512,648,2023-01-01 00:00:00,2025-03-05 04:20:32.913390+00:00,2025-03-05 04:20:38.948274+00:00
tw24044,25,342820,2344,2023-01-01 00:00:00,2025-03-05 04:20:32.913390+00:00,2025-03-05 04:20:38.948274+00:00
tw23700,25,369397,1543,2023-01-01 00:00:00,2025-03-05 04:20:32.913390+00:00,2025-03-05 04:20:38.948274+00:00
tw23712,25,359700,1225,2023-01-01 00:00:00,2025-03-05 04:20:32.913390+00:00,2025-03-05 04:20:38.948274+00:00
tw23933,25,330024,1569,2023-01-01 00:00:00,2025-03-05 04:20:32.913390+00:00,2025-03-05 04:20:38.948274+00:00
tw25072,25,654363,2788,2023-01-01 00:00:00,2025-03-05 04:20:32.913390+00:00,2025-03-05 04:20:38.948274+00:00
tw26305,25,2679846,10975,2023-01-01 00:00:00,2025-03-05 04:20:32.913390+00:00,2025-03-05 04:20:38.948274+00:00
tw25827,25,244591,1013,2023-01-01 00:00:00,2025-03-05 04:20:32.913390+00:00,2025-03-05 04:20:38.948274+00:00
tw23462,25,281075,1378,2023-01-01 00:00:00,2025-03-05 04:20:32.913390+00:00,2025-03-05 04:20:38.948274+00:00
tw24638,25,532518,2514,2023-01-01 00:00:00,2025-03-05 04:20:32.913390+00:00,2025-03-05 04:20:38.948274+00:00
tw23375,25,265791,1211,2023-01-01 00:00:00,2025-03-05 04:20:32.913390+00:00,2025-03-05 04:20:38.948274+00:00
tw24494,25,233822,1107,2023-01-01 00:00:00,2025-03-05 04:20:32.913390+00:00,2025-03-05 04:20:38.948274+00:00
tw23511,25,157060,748,2023-01-01 00:00:00,2025-03-05 04:20:32.913390+00:00,2025-03-05 04:20:38.948274+00:00
tw24073,25,882812,3814,2023-01-01 00:00:00,2025-03-05 04:20:32.913390+00:00,2025-03-05 04:20:38.948274+00:00
tw26242,25,2009659,7998,2023-01-01 00:00:00,2025-03-05 04:20:32.913390+00:00,2025-03-05 04:20:38.948274+00:00
tw24011,25,351720,2399,2023-01-01 00:00:00,2025-03-05 04:20:32.913390+00:00,2025-03-05 04:20:38.948274+00:00
tw24036,25,399180,2699,2023-01-01 00:00:00,2025-03-05 04:20:32.913390+00:00,2025-03-05 04:20:38.948274+00:00
tw25591,25,248866,1097,2023-01-01 00:00:00,2025-03-05 04:20:32.913390+00:00,2025-03-05 04:20:38.948274+00:00
tw23565,26,466616,2207,2023-01-01 00:00:00,2025-03-05 04:20:32.913390+00:00,2025-03-05 04:20:38.948274+00:00
tw24037,26,1065042,4683,2023-01-01 00:00:00,2025-03-05 04:20:32.913390+00:00,2025-03-05 04:20:38.948274+00:00
tw25413,26,319322,1476,2023-01-01 00:00:00,2025-03-05 04:20:32.913390+00:00,2025-03-05 04:20:38.948274+00:00
tw25352,26,189363,920,2023-01-01 00:00:00,2025-03-05 04:20:32.913390+00:00,2025-03-05 04:20:38.948274+00:00
tw23383,26,1918039,8064,2023-01-01 00:00:00,2025-03-05 04:20:32.913390+00:00,2025-03-05 04:20:38.948274+00:00
tw25129,26,214263,958,2023-01-01 00:00:00,2025-03-05 04:20:32.913390+00:00,2025-03-05 04:20:38.948274+00:00
tw23193,26,227262,1007,2023-01-01 00:00:00,2025-03-05 04:20:32.913390+00:00,2025-03-05 04:20:38.948274+00:00
tw24059,26,337620,2119,2023-01-01 00:00:00,2025-03-05 04:20:32.913390+00:00,2025-03-05 04:20:38.948274+00:00
tw24417,26,973022,3863,2023-01-01 00:00:00,2025-03-05 04:20:32.913390+00:00,2025-03-05 04:20:38.948274+00:00
tw25422,26,11060980,44992,2023-01-01 00:00:00,2025-03-05 04:20:32.913390+00:00,2025-03-05 04:20:38.948274+00:00
tw8031,26,91698,414,2023-01-01 00:00:00,2025-03-05 04:20:32.913390+00:00,2025-03-05 04:20:38.948274+00:00
tw23687,26,421806,1890,2023-01-01 00:00:00,2025-03-05 04:20:32.913390+00:00,2025-03-05 04:20:38.948274+00:00
tw25710,26,1106953,4565,2023-01-01 00:00:00,2025-03-05 04:20:32.913390+00:00,2025-03-05 04:20:38.948274+00:00
tw25105,27,1824350,7501,2023-01-01 00:00:00,2025-03-05 04:20:32.913390+00:00,2025-03-05 04:20:38.948274+00:00
tw24731,27,805950,3384,2023-01-01 00:00:00,2025-03-05 04:20:32.913390+00:00,2025-03-05 04:20:38.948274+00:00
tw24637,27,1018738,4475,2023-01-01 00:00:00,2025-03-05 04:20:32.913390+00:00,2025-03-05 04:20:38.948274+00:00
tw23549,27,1590120,2892,2023-01-01 00:00:00,2025-03-05 04:20:32.913390+00:00,2025-03-05 04:20:38.948274+00:00
tw24033,27,1016017,4501,2023-01-01 00:00:00,2025-03-05 04:20:32.913390+00:00,2025-03-05 04:20:38.948274+00:00
tw25985,27,983747,4304,2023-01-01 00:00:00,2025-03-05 04:20:32.913390+00:00,2025-03-05 04:20:38.948274+00:00
tw23224,27,388633,1831,2023-01-01 00:00:00,2025-03-05 04:20:32.913390+00:00,2025-03-05 04:20:38.948274+00:00
tw23666,27,194642,910,2023-01-01 00:00:00,2025-03-05 04:20:32.913390+00:00,2025-03-05 04:20:38.948274+00:00
tw26269,27,80905064,301326,2023-01-01 00:00:00,2025-03-05 04:20:32.913390+00:00,2025-03-05 04:20:38.948274+00:00
tw26267,27,946303,4134,2023-01-01 00:00:00,2025-03-05 04:20:32.913390+00:00,2025-03-05 04:20:38.948274+00:00
tw23615,27,6429930,27190,2023-01-01 00:00:00,2025-03-05 04:20:32.913390+00:00,2025-03-05 04:20:38.948274+00:00
tw26033,27,2415794,10074,2023-01-01 00:00:00,2025-03-05 04:20:32.913390+00:00,2025-03-05 04:20:38.948274+00:00
tw23947,27,294758,1317,2023-01-01 00:00:00,2025-03-05 04:20:32.913390+00:00,2025-03-05 04:20:38.948274+00:00
tw24350,27,315806,1454,2023-01-01 00:00:00,2025-03-05 04:20:32.913390+00:00,2025-03-05 04:20:38.948274+00:00
tw25800,27,2328879,9483,2023-01-01 00:00:00,2025-03-05 04:20:32.913390+00:00,2025-03-05 04:20:38.948274+00:00
tw25829,28,917284,3900,2023-01-01 00:00:00,2025-03-05 04:20:32.913390+00:00,2025-03-05 04:20:38.948274+00:00
tw25178,28,224694,913,2023-01-01 00:00:00,2025-03-05 04:20:32.913390+00:00,2025-03-05 04:20:38.948274+00:00
tw24189,28,2367420,10432,2023-01-01 00:00:00,2025-03-05 04:20:32.913390+00:00,2025-03-05 04:20:38.948274+00:00
tw23962,28,1244191,4987,2023-01-01 00:00:00,2025-03-05 04:20:32.913390+00:00,2025-03-05 04:20:38.948274+00:00
tw23872,28,213948,944,2023-01-01 00:00:00,2025-03-05 04:20:32.913390+00:00,2025-03-05 04:20:38.948274+00:00
tw24717,28,408100,1788,2023-01-01 00:00:00,2025-03-05 04:20:32.913390+00:00,2025-03-05 04:20:38.948274+00:00
tw25461,28,263531,1251,2023-01-01 00:00:00,2025-03-05 04:20:32.913390+00:00,2025-03-05 04:20:38.948274+00:00
tw25267,28,748402,3205,2023-01-01 00:00:00,2025-03-05 04:20:32.913390+00:00,2025-03-05 04:20:38.948274+00:00
tw25632,28,251270,1111,2023-01-01 00:00:00,2025-03-05 04:20:32.913390+00:00,2025-03-05 04:20:38.948274+00:00
tw25341,28,1775419,4688,2023-01-01 00:00:00,2025-03-05 04:20:32.913390+00:00,2025-03-05 04:20:38.948274+00:00
tw25351,28,2412650,5211,2023-01-01 00:00:00,2025-03-05 04:20:32.913390+00:00,2025-03-05 04:20:38.948274+00:00
tw3142,28,3866313,15680,2023-01-01 00:00:00,2025-03-05 04:20:32.913390+00:00,2025-03-05 04:20:38.948274+00:00
tw23796,28,2529756,10198,2023-01-01 00:00:00,2025-03-05 04:20:32.913390+00:00,2025-03-05 04:20:38.948274+00:00
tw23752,28,511363,2236,2023-01-01 00:00:00,2025-03-05 04:20:32.913390+00:00,2025-03-05 04:20:38.948274+00:00
tw25059,28,247115,1118,2023-01-01 00:00:00,2025-03-05 04:20:32.913390+00:00,2025-03-05 04:20:38.948274+00:00
tw24201,28,453930,1946,2023-01-01 00:00:00,2025-03-05 04:20:32.913390+00:00,2025-03-05 04:20:38.948274+00:00
tw24833,28,1030698,4192,2023-01-01 00:00:00,2025-03-05 04:20:32.913390+00:00,2025-03-05 04:20:38.948274+00:00
tw19240,28,244364,1001,2023-01-01 00:00:00,2025-03-05 04:20:32.913390+00:00,2025-03-05 04:20:38.948274+00:00
tw24341,29,561503,2421,2023-01-01 00:00:00,2025-03-05 04:20:32.913390+00:00,2025-03-05 04:20:38.948274+00:00
tw26038,29,412375,1795,2023-01-01 00:00:00,2025-03-05 04:20:32.913390+00:00,2025-03-05 04:20:38.948274+00:00
tw26278,29,5018429,21573,2023-01-01 00:00:00,2025-03-05 04:20:32.913390+00:00,2025-03-05 04:20:38.948274+00:00
tw23861,29,387720,1827,2023-01-01 00:00:00,2025-03-05 04:20:32.913390+00:00,2025-03-05 04:20:38.948274+00:00
tw25934,29,1289218,5014,2023-01-01 00:00:00,2025-03-05 04:20:32.913390+00:00,2025-03-05 04:20:38.948274+00:00
tw7777,29,110077,492,2023-01-01 00:00:00,2025-03-05 04:20:32.913390+00:00,2025-03-05 04:20:38.948274+00:00
tw24089,29,658101,2597,2023-01-01 00:00:00,2025-03-05 04:20:32.913390+00:00,2025-03-05 04:20:38.948274+00:00
tw22198,29,169593,1013,2023-01-01 00:00:00,2025-03-05 04:20:32.913390+00:00,2025-03-05 04:20:38.948274+00:00
tw16474,29,247393,891,2023-01-01 00:00:00,2025-03-05 04:20:32.913390+00:00,2025-03-05 04:20:38.948274+00:00
tw24277,29,839385,3515,2023-01-01 00:00:00,2025-03-05 04:20:32.913390+00:00,2025-03-05 04:20:38.948274+00:00
tw26076,29,7875245,33247,2023-01-01 00:00:00,2025-03-05 04:20:32.913390+00:00,2025-03-05 04:20:38.948274+00:00
tw24255,29,513492,2314,2023-01-01 00:00:00,2025-03-05 04:20:32.913390+00:00,2025-03-05 04:20:38.948274+00:00
tw22671,29,41594,545,2023-01-01 00:00:00,2025-03-05 04:20:32.913390+00:00,2025-03-05 04:20:38.948274+00:00
tw26077,30,531737,2325,2023-01-01 00:00:00,2025-03-05 04:20:32.913390+00:00,2025-03-05 04:20:38.948274+00:00
tw24552,30,504417,2202,2023-01-01 00:00:00,2025-03-05 04:20:32.913390+00:00,2025-03-05 04:20:38.948274+00:00
tw24733,30,2744233,10843,2023-01-01 00:00:00,2025-03-05 04:20:32.913390+00:00,2025-03-05 04:20:38.948274+00:00
tw24867,30,286660,1296,2023-01-01 00:00:00,2025-03-05 04:20:32.913390+00:00,2025-03-05 04:20:38.948274+00:00
tw23828,30,335456,1418,2023-01-01 00:00:00,2025-03-05 04:20:32.913390+00:00,2025-03-05 04:20:38.948274+00:00
tw24522,30,305589,1363,2023-01-01 00:00:00,2025-03-05 04:20:32.913390+00:00,2025-03-05 04:20:38.948274+00:00
tw24915,31,1511090,6204,2023-01-01 00:00:00,2025-03-05 04:20:32.913390+00:00,2025-03-05 04:20:38.948274+00:00
tw23838,31,747802,3562,2023-01-01 00:00:00,2025-03-05 04:20:32.913390+00:00,2025-03-05 04:20:38.948274+00:00
tw23426,31,3218465,13758,2023-01-01 00:00:00,2025-03-05 04:20:32.913390+00:00,2025-03-05 04:20:38.948274+00:00
tw23516,31,393197,1806,2023-01-01 00:00:00,2025-03-05 04:20:32.913390+00:00,2025-03-05 04:20:38.948274+00:00
tw24730,31,2367842,9839,2023-01-01 00:00:00,2025-03-05 04:20:32.913390+00:00,2025-03-05 04:20:38.948274+00:00
tw26279,31,296445,1304,2023-01-01 00:00:00,2025-03-05 04:20:32.913390+00:00,2025-03-05 04:20:38.948274+00:00
tw26260,31,1850710,7575,2023-01-01 00:00:00,2025-03-05 04:20:32.913390+00:00,2025-03-05 04:20:38.948274+00:00
tw23965,31,256711,1083,2023-01-01 00:00:00,2025-03-05 04:20:32.913390+00:00,2025-03-05 04:20:38.948274+00:00
tw24063,31,183432,842,2023-01-01 00:00:00,2025-03-05 04:20:32.913390+00:00,2025-03-05 04:20:38.948274+00:00
tw23416,31,194612,867,2023-01-01 00:00:00,2025-03-05 04:20:32.913390+00:00,2025-03-05 04:20:38.948274+00:00
tw18550,31,1789668,7969,2023-01-01 00:00:00,2025-03-05 04:20:32.913390+00:00,2025-03-05 04:20:38.948274+00:00
tw25245,31,789188,3171,2023-01-01 00:00:00,2025-03-05 04:20:32.913390+00:00,2025-03-05 04:20:38.948274+00:00
tw23935,32,1444853,6125,2023-01-01 00:00:00,2025-03-05 04:20:32.913390+00:00,2025-03-05 04:20:38.948274+00:00
tw25024,32,2261209,9390,2023-01-01 00:00:00,2025-03-05 04:20:32.913390+00:00,2025-03-05 04:20:38.948274+00:00
tw22355,32,52487,746,2023-01-01 00:00:00,2025-03-05 04:20:32.913390+00:00,2025-03-05 04:20:38.948274+00:00
tw23547,32,717105,3063,2023-01-01 00:00:00,2025-03-05 04:20:32.913390+00:00,2025-03-05 04:20:38.948274+00:00
tw25148,32,349112,1489,2023-01-01 00:00:00,2025-03-05 04:20:32.913390+00:00,2025-03-05 04:20:38.948274+00:00
tw23837,32,409399,1898,2023-01-01 00:00:00,2025-03-05 04:20:32.913390+00:00,2025-03-05 04:20:38.948274+00:00
tw23786,32,992165,4188,2023-01-01 00:00:00,2025-03-05 04:20:32.913390+00:00,2025-03-05 04:20:38.948274+00:00
tw23401,32,382620,1602,2023-01-01 00:00:00,2025-03-05 04:20:32.913390+00:00,2025-03-05 04:20:38.948274+00:00
tw24206,32,1529973,6480,2023-01-01 00:00:00,2025-03-05 04:20:32.913390+00:00,2025-03-05 04:20:38.948274+00:00
tw23873,32,191342,838,2023-01-01 00:00:00,2025-03-05 04:20:32.913390+00:00,2025-03-05 04:20:38.948274+00:00
tw26241,32,6457287,26636,2023-01-01 00:00:00,2025-03-05 04:20:32.913390+00:00,2025-03-05 04:20:38.948274+00:00
tw26150,32,8783295,35591,2023-01-01 00:00:00,2025-03-05 04:20:32.913390+00:00,2025-03-05 04:20:38.948274+00:00
tw22878,33,117844,391,2023-01-01 00:00:00,2025-03-05 04:20:32.913390+00:00,2025-03-05 04:20:38.948274+00:00
tw24351,33,2272395,9139,2023-01-01 00:00:00,2025-03-05 04:20:32.913390+00:00,2025-03-05 04:20:38.948274+00:00
tw24094,33,305966,1423,2023-01-01 00:00:00,2025-03-05 04:20:32.913390+00:00,2025-03-05 04:20:38.948274+00:00
tw23391,33,431362,1733,2023-01-01 00:00:00,2025-03-05 04:20:32.913390+00:00,2025-03-05 04:20:38.948274+00:00
tw24835,33,652290,2914,2023-01-01 00:00:00,2025-03-05 04:20:32.913390+00:00,2025-03-05 04:20:38.948274+00:00
tw25168,33,215092,1005,2023-01-01 00:00:00,2025-03-05 04:20:32.913390+00:00,2025-03-05 04:20:38.948274+00:00
tw23390,33,233347,1000,2023-01-01 00:00:00,2025-03-05 04:20:32.913390+00:00,2025-03-05 04:20:38.948274+00:00
tw22524,33,85188,712,2023-01-01 00:00:00,2025-03-05 04:20:32.913390+00:00,2025-03-05 04:20:38.948274+00:00
tw23945,33,219153,1009,2023-01-01 00:00:00,2025-03-05 04:20:32.913390+00:00,2025-03-05 04:20:38.948274+00:00
tw26140,34,87389802,345807,2023-01-01 00:00:00,2025-03-05 04:20:32.913390+00:00,2025-03-05 04:20:38.948274+00:00
tw23115,34,1162887,4147,2023-01-01 00:00:00,2025-03-05 04:20:32.913390+00:00,2025-03-05 04:20:38.948274+00:00
tw26192,34,1157213,4780,2023-01-01 00:00:00,2025-03-05 04:20:32.913390+00:00,2025-03-05 04:20:38.948274+00:00
tw24781,34,3126265,12002,2023-01-01 00:00:00,2025-03-05 04:20:32.913390+00:00,2025-03-05 04:20:38.948274+00:00
tw21785,34,49524,325,2023-01-01 00:00:00,2025-03-05 04:20:32.913390+00:00,2025-03-05 04:20:38.948274+00:00
tw21777,34,127830,1041,2023-01-01 00:00:00,2025-03-05 04:20:32.913390+00:00,2025-03-05 04:20:38.948274+00:00
tw21119,34,72960,605,2023-01-01 00:00:00,2025-03-05 04:20:32.913390+00:00,2025-03-05 04:20:38.948274+00:00
tw21165,34,502762,2100,2023-01-01 00:00:00,2025-03-05 04:20:32.913390+00:00,2025-03-05 04:20:38.948274+00:00
tw22876,34,215476,959,2023-01-01 00:00:00,2025-03-05 04:20:32.913390+00:00,2025-03-05 04:20:38.948274+00:00
tw24729,34,310709,1377,2023-01-01 00:00:00,2025-03-05 04:20:32.913390+00:00,2025-03-05 04:20:38.948274+00:00
tw23964,34,529322,2340,2023-01-01 00:00:00,2025-03-05 04:20:32.913390+00:00,2025-03-05 04:20:38.948274+00:00
tw23611,35,699601,2890,2023-01-01 00:00:00,2025-03-05 04:20:32.913390+00:00,2025-03-05 04:20:38.948274+00:00
tw26090,35,30198563,56504,2023-01-01 00:00:00,2025-03-05 04:20:32.913390+00:00,2025-03-05 04:20:38.948274+00:00
tw24496,35,3201144,13361,2023-01-01 00:00:00,2025-03-05 04:20:32.913390+00:00,2025-03-05 04:20:38.948274+00:00
tw25803,35,2252369,9523,2023-01-01 00:00:00,2025-03-05 04:20:32.913390+00:00,2025-03-05 04:20:38.948274+00:00
tw24753,35,175752,806,2023-01-01 00:00:00,2025-03-05 04:20:32.913390+00:00,2025-03-05 04:20:38.948274+00:00
tw23858,35,2271013,8996,2023-01-01 00:00:00,2025-03-05 04:20:32.913390+00:00,2025-03-05 04:20:38.948274+00:00
tw25322,35,2188721,9047,2023-01-01 00:00:00,2025-03-05 04:20:32.913390+00:00,2025-03-05 04:20:38.948274+00:00
tw25815,35,1611196,6521,2023-01-01 00:00:00,2025-03-05 04:20:32.913390+00:00,2025-03-05 04:20:38.948274+00:00
tw25933,35,9871026,41658,2023-01-01 00:00:00,2025-03-05 04:20:32.913390+00:00,2025-03-05 04:20:38.948274+00:00
tw24096,35,1645554,5955,2023-01-01 00:00:00,2025-03-05 04:20:32.913390+00:00,2025-03-05 04:20:38.948274+00:00
tw25340,35,770320,3187,2023-01-01 00:00:00,2025-03-05 04:20:32.913390+00:00,2025-03-05 04:20:38.948274+00:00
tw26026,35,2404910,10228,2023-01-01 00:00:00,2025-03-05 04:20:32.913390+00:00,2025-03-05 04:20:38.948274+00:00
tw24414,35,9363119,39945,2023-01-01 00:00:00,2025-03-05 04:20:32.913390+00:00,2025-03-05 04:20:38.948274+00:00
tw26219,36,2544103,10548,2023-01-01 00:00:00,2025-03-05 04:20:32.913390+00:00,2025-03-05 04:20:38.948274+00:00
tw25304,36,1708254,4498,2023-01-01 00:00:00,2025-03-05 04:20:32.913390+00:00,2025-03-05 04:20:38.948274+00:00
tw23341,36,702568,3193,2023-01-01 00:00:00,2025-03-05 04:20:32.913390+00:00,2025-03-05 04:20:38.948274+00:00
tw25588,36,2202138,9240,2023-01-01 00:00:00,2025-03-05 04:20:32.913390+00:00,2025-03-05 04:20:38.948274+00:00
tw23265,36,25230,249,2023-01-01 00:00:00,2025-03-05 04:20:32.913390+00:00,2025-03-05 04:20:38.948274+00:00
tw26045,36,6500095,13187,2023-01-01 00:00:00,2025-03-05 04:20:32.913390+00:00,2025-03-05 04:20:38.948274+00:00
tw23859,37,804070,3390,2023-01-01 00:00:00,2025-03-05 04:20:32.913390+00:00,2025-03-05 04:20:38.948274+00:00
tw26234,37,404499,1648,2023-01-01 00:00:00,2025-03-05 04:20:32.913390+00:00,2025-03-05 04:20:38.948274+00:00
tw25344,37,1131494,4723,2023-01-01 00:00:00,2025-03-05 04:20:32.913390+00:00,2025-03-05 04:20:38.948274+00:00
tw24086,37,398633,1651,2023-01-01 00:00:00,2025-03-05 04:20:32.913390+00:00,2025-03-05 04:20:38.948274+00:00
tw24009,37,1081289,4746,2023-01-01 00:00:00,2025-03-05 04:20:32.913390+00:00,2025-03-05 04:20:38.948274+00:00
tw25212,37,576007,2551,2023-01-01 00:00:00,2025-03-05 04:20:32.913390+00:00,2025-03-05 04:20:38.948274+00:00
tw25425,37,623739,2405,2023-01-01 00:00:00,2025-03-05 04:20:32.913390+00:00,2025-03-05 04:20:38.948274+00:00
tw24046,37,1653627,6186,2023-01-01 00:00:00,2025-03-05 04:20:32.913390+00:00,2025-03-05 04:20:38.948274+00:00
tw24913,37,519200,2267,2023-01-01 00:00:00,2025-03-05 04:20:32.913390+00:00,2025-03-05 04:20:38.948274+00:00
tw26210,38,43794020,155500,2023-01-01 00:00:00,2025-03-05 04:20:32.913390+00:00,2025-03-05 04:20:38.948274+00:00
tw22673,38,631274,2783,2023-01-01 00:00:00,2025-03-05 04:20:32.913390+00:00,2025-03-05 04:20:38.948274+00:00
tw23590,38,28590845,117237,2023-01-01 00:00:00,2025-03-05 04:20:32.913390+00:00,2025-03-05 04:20:38.948274+00:00
tw23139,38,860527,3698,2023-01-01 00:00:00,2025-03-05 04:20:32.913390+00:00,2025-03-05 04:20:38.948274+00:00
tw24880,38,2197414,9523,2023-01-01 00:00:00,2025-03-05 04:20:32.913390+00:00,2025-03-05 04:20:38.948274+00:00
tw26229,38,2728956,11358,2023-01-01 00:00:00,2025-03-05 04:20:32.913390+00:00,2025-03-05 04:20:38.948274+00:00
tw24348,39,354810,1613,2023-01-01 00:00:00,2025-03-05 04:20:32.913390+00:00,2025-03-05 04:20:38.948274+00:00
tw25102,39,1442697,6206,2023-01-01 00:00:00,2025-03-05 04:20:32.913390+00:00,2025-03-05 04:20:38.948274+00:00
tw25029,40,1608220,6540,2023-01-01 00:00:00,2025-03-05 04:20:32.913390+00:00,2025-03-05 04:20:38.948274+00:00
tw25638,40,2340275,9510,2023-01-01 00:00:00,2025-03-05 04:20:32.913390+00:00,2025-03-05 04:20:38.948274+00:00
tw24221,40,138288,850,2023-01-01 00:00:00,2025-03-05 04:20:32.913390+00:00,2025-03-05 04:20:38.948274+00:00
tw24260,40,2200671,9031,2023-01-01 00:00:00,2025-03-05 04:20:32.913390+00:00,2025-03-05 04:20:38.948274+00:00
tw23339,41,103859,455,2023-01-01 00:00:00,2025-03-05 04:20:32.913390+00:00,2025-03-05 04:20:38.948274+00:00
tw24317,41,1029700,4498,2023-01-01 00:00:00,2025-03-05 04:20:32.913390+00:00,2025-03-05 04:20:38.948274+00:00
tw25305,41,332902,1541,2023-01-01 00:00:00,2025-03-05 04:20:32.913390+00:00,2025-03-05 04:20:38.948274+00:00
tw23338,41,2671631,10942,2023-01-01 00:00:00,2025-03-05 04:20:32.913390+00:00,2025-03-05 04:20:38.948274+00:00
tw25211,41,1321079,4948,2023-01-01 00:00:00,2025-03-05 04:20:32.913390+00:00,2025-03-05 04:20:38.948274+00:00
tw25776,41,3401708,13792,2023-01-01 00:00:00,2025-03-05 04:20:32.913390+00:00,2025-03-05 04:20:38.948274+00:00
tw24286,41,10392161,43948,2023-01-01 00:00:00,2025-03-05 04:20:32.913390+00:00,2025-03-05 04:20:38.948274+00:00
tw25179,42,5329025,11106,2023-01-01 00:00:00,2025-03-05 04:20:32.913390+00:00,2025-03-05 04:20:38.948274+00:00
tw23284,42,667279,2871,2023-01-01 00:00:00,2025-03-05 04:20:32.913390+00:00,2025-03-05 04:20:38.948274+00:00
tw25407,42,3327444,13579,2023-01-01 00:00:00,2025-03-05 04:20:32.913390+00:00,2025-03-05 04:20:38.948274+00:00
tw23638,42,2878719,11514,2023-01-01 00:00:00,2025-03-05 04:20:32.913390+00:00,2025-03-05 04:20:38.948274+00:00
tw25150,42,517213,2481,2023-01-01 00:00:00,2025-03-05 04:20:32.913390+00:00,2025-03-05 04:20:38.948274+00:00
tw23927,42,493647,2216,2023-01-01 00:00:00,2025-03-05 04:20:32.913390+00:00,2025-03-05 04:20:38.948274+00:00
tw25324,42,2207010,8875,2023-01-01 00:00:00,2025-03-05 04:20:32.913390+00:00,2025-03-05 04:20:38.948274+00:00
tw23637,42,2725083,10871,2023-01-01 00:00:00,2025-03-05 04:20:32.913390+00:00,2025-03-05 04:20:38.948274+00:00
tw25349,42,895691,3700,2023-01-01 00:00:00,2025-03-05 04:20:32.913390+00:00,2025-03-05 04:20:38.948274+00:00
tw25736,42,2421497,9876,2023-01-01 00:00:00,2025-03-05 04:20:32.913390+00:00,2025-03-05 04:20:38.948274+00:00
tw23438,42,384313,1709,2023-01-01 00:00:00,2025-03-05 04:20:32.913390+00:00,2025-03-05 04:20:38.948274+00:00
tw22740,42,36199,550,2023-01-01 00:00:00,2025-03-05 04:20:32.913390+00:00,2025-03-05 04:20:38.948274+00:00
tw25141,42,1518954,6162,2023-01-01 00:00:00,2025-03-05 04:20:32.913390+00:00,2025-03-05 04:20:38.948274+00:00
tw26075,42,4446212,18139,2023-01-01 00:00:00,2025-03-05 04:20:32.913390+00:00,2025-03-05 04:20:38.948274+00:00
tw25494,42,1748526,6999,2023-01-01 00:00:00,2025-03-05 04:20:32.913390+00:00,2025-03-05 04:20:38.948274+00:00
tw25311,43,5892709,24078,2023-01-01 00:00:00,2025-03-05 04:20:32.913390+00:00,2025-03-05 04:20:38.948274+00:00
tw26126,43,1061471,4437,2023-01-01 00:00:00,2025-03-05 04:20:32.913390+00:00,2025-03-05 04:20:38.948274+00:00
tw25728,43,1144779,4707,2023-01-01 00:00:00,2025-03-05 04:20:32.913390+00:00,2025-03-05 04:20:38.948274+00:00
tw23153,43,124579,1093,2023-01-01 00:00:00,2025-03-05 04:20:32.913390+00:00,2025-03-05 04:20:38.948274+00:00
tw25818,43,1923931,8513,2023-01-01 00:00:00,2025-03-05 04:20:32.913390+00:00,2025-03-05 04:20:38.948274+00:00
tw23345,43,87685,448,2023-01-01 00:00:00,2025-03-05 04:20:32.913390+00:00,2025-03-05 04:20:38.948274+00:00
tw25764,43,820718,3525,2023-01-01 00:00:00,2025-03-05 04:20:32.913390+00:00,2025-03-05 04:20:38.948274+00:00
tw25398,43,1902501,7707,2023-01-01 00:00:00,2025-03-05 04:20:32.913390+00:00,2025-03-05 04:20:38.948274+00:00
tw23564,43,41669072,170208,2023-01-01 00:00:00,2025-03-05 04:20:32.913390+00:00,2025-03-05 04:20:38.948274+00:00
tw23831,43,3264579,14081,2023-01-01 00:00:00,2025-03-05 04:20:32.913390+00:00,2025-03-05 04:20:38.948274+00:00
tw24372,43,1081911,4505,2023-01-01 00:00:00,2025-03-05 04:20:32.913390+00:00,2025-03-05 04:20:38.948274+00:00
tw23465,44,416781,1798,2023-01-01 00:00:00,2025-03-05 04:20:32.913390+00:00,2025-03-05 04:20:38.948274+00:00
tw24239,44,1733633,6948,2023-01-01 00:00:00,2025-03-05 04:20:32.913390+00:00,2025-03-05 04:20:38.948274+00:00
tw25182,44,1416085,6027,2023-01-01 00:00:00,2025-03-05 04:20:32.913390+00:00,2025-03-05 04:20:38.948274+00:00
tw24138,45,896000,3924,2023-01-01 00:00:00,2025-03-05 04:20:32.913390+00:00,2025-03-05 04:20:38.948274+00:00
tw24703,45,964442,4314,2023-01-01 00:00:00,2025-03-05 04:20:32.913390+00:00,2025-03-05 04:20:38.948274+00:00
tw25103,45,803515,3816,2023-01-01 00:00:00,2025-03-05 04:20:32.913390+00:00,2025-03-05 04:20:38.948274+00:00
tw23148,45,806096,3256,2023-01-01 00:00:00,2025-03-05 04:20:32.913390+00:00,2025-03-05 04:20:38.948274+00:00
tw23566,45,933195,4293,2023-01-01 00:00:00,2025-03-05 04:20:32.913390+00:00,2025-03-05 04:20:38.948274+00:00
tw23363,45,1373000,5649,2023-01-01 00:00:00,2025-03-05 04:20:32.913390+00:00,2025-03-05 04:20:38.948274+00:00
tw25039,46,434759,1949,2023-01-01 00:00:00,2025-03-05 04:20:32.913390+00:00,2025-03-05 04:20:38.948274+00:00
tw23923,46,1920757,7028,2023-01-01 00:00:00,2025-03-05 04:20:32.913390+00:00,2025-03-05 04:20:38.948274+00:00
tw22659,46,40593,548,2023-01-01 00:00:00,2025-03-05 04:20:32.913390+00:00,2025-03-05 04:20:38.948274+00:00
tw25186,46,10233773,42228,2023-01-01 00:00:00,2025-03-05 04:20:32.913390+00:00,2025-03-05 04:20:38.948274+00:00
tw26218,46,65986984,234785,2023-01-01 00:00:00,2025-03-05 04:20:32.913390+00:00,2025-03-05 04:20:38.948274+00:00
tw23960,47,3052133,12410,2023-01-01 00:00:00,2025-03-05 04:20:32.913390+00:00,2025-03-05 04:20:38.948274+00:00
tw23888,47,647823,2919,2023-01-01 00:00:00,2025-03-05 04:20:32.913390+00:00,2025-03-05 04:20:38.948274+00:00
tw23394,47,7905840,32831,2023-01-01 00:00:00,2025-03-05 04:20:32.913390+00:00,2025-03-05 04:20:38.948274+00:00
tw23665,48,1454186,6150,2023-01-01 00:00:00,2025-03-05 04:20:32.913390+00:00,2025-03-05 04:20:38.948274+00:00
tw24431,48,6057416,22149,2023-01-01 00:00:00,2025-03-05 04:20:32.913390+00:00,2025-03-05 04:20:38.948274+00:00
tw24308,48,1265709,5258,2023-01-01 00:00:00,2025-03-05 04:20:32.913390+00:00,2025-03-05 04:20:38.948274+00:00
tw23886,48,252068,1455,2023-01-01 00:00:00,2025-03-05 04:20:32.913390+00:00,2025-03-05 04:20:38.948274+00:00
tw22676,49,313615,3663,2023-01-01 00:00:00,2025-03-05 04:20:32.913390+00:00,2025-03-05 04:20:38.948274+00:00
tw23603,49,380622,1710,2023-01-01 00:00:00,2025-03-05 04:20:32.913390+00:00,2025-03-05 04:20:38.948274+00:00
tw23588,49,3435888,14476,2023-01-01 00:00:00,2025-03-05 04:20:32.913390+00:00,2025-03-05 04:20:38.948274+00:00
tw25061,49,8697784,36142,2023-01-01 00:00:00,2025-03-05 04:20:32.913390+00:00,2025-03-05 04:20:38.948274+00:00
tw23376,49,996449,4281,2023-01-01 00:00:00,2025-03-05 04:20:32.913390+00:00,2025-03-05 04:20:38.948274+00:00
tw23488,50,260774,1752,2023-01-01 00:00:00,2025-03-05 04:20:32.913390+00:00,2025-03-05 04:20:38.948274+00:00
tw26122,51,3941026,15445,2023-01-01 00:00:00,2025-03-05 04:20:32.913390+00:00,2025-03-05 04:20:38.948274+00:00
tw23948,51,2757677,10975,2023-01-01 00:00:00,2025-03-05 04:20:32.913390+00:00,2025-03-05 04:20:38.948274+00:00
tw23926,51,12567621,53488,2023-01-01 00:00:00,2025-03-05 04:20:32.913390+00:00,2025-03-05 04:20:38.948274+00:00
tw24117,51,342246,1774,2023-01-01 00:00:00,2025-03-05 04:20:32.913390+00:00,2025-03-05 04:20:38.948274+00:00
tw24597,52,3734103,15065,2023-01-01 00:00:00,2025-03-05 04:20:32.913390+00:00,2025-03-05 04:20:38.948274+00:00
tw23663,52,1263047,5270,2023-01-01 00:00:00,2025-03-05 04:20:32.913390+00:00,2025-03-05 04:20:38.948274+00:00
tw24467,52,2287853,10103,2023-01-01 00:00:00,2025-03-05 04:20:32.913390+00:00,2025-03-05 04:20:38.948274+00:00
tw23197,52,2009704,7938,2023-01-01 00:00:00,2025-03-05 04:20:32.913390+00:00,2025-03-05 04:20:38.948274+00:00
tw23188,52,124456,1373,2023-01-01 00:00:00,2025-03-05 04:20:32.913390+00:00,2025-03-05 04:20:38.948274+00:00
tw22709,53,1034087,4998,2023-01-01 00:00:00,2025-03-05 04:20:32.913390+00:00,2025-03-05 04:20:38.948274+00:00
tw25160,53,7103028,27637,2023-01-01 00:00:00,2025-03-05 04:20:32.913390+00:00,2025-03-05 04:20:38.948274+00:00
tw23963,53,166248,980,2023-01-01 00:00:00,2025-03-05 04:20:32.913390+00:00,2025-03-05 04:20:38.948274+00:00
tw24714,53,7668235,31857,2023-01-01 00:00:00,2025-03-05 04:20:32.913390+00:00,2025-03-05 04:20:38.948274+00:00
tw23155,54,207931,2026,2023-01-01 00:00:00,2025-03-05 04:20:32.913390+00:00,2025-03-05 04:20:38.948274+00:00
tw23138,54,361857,2264,2023-01-01 00:00:00,2025-03-05 04:20:32.913390+00:00,2025-03-05 04:20:38.948274+00:00
tw25428,54,27851392,110907,2023-01-01 00:00:00,2025-03-05 04:20:32.913390+00:00,2025-03-05 04:20:38.948274+00:00
tw24575,54,2254493,8632,2023-01-01 00:00:00,2025-03-05 04:20:32.913390+00:00,2025-03-05 04:20:38.948274+00:00
tw26066,54,91487752,349622,2023-01-01 00:00:00,2025-03-05 04:20:32.913390+00:00,2025-03-05 04:20:38.948274+00:00
tw22924,55,127305,1102,2023-01-01 00:00:00,2025-03-05 04:20:32.913390+00:00,2025-03-05 04:20:38.948274+00:00
tw25063,55,13578533,56142,2023-01-01 00:00:00,2025-03-05 04:20:32.913390+00:00,2025-03-05 04:20:38.948274+00:00
tw25092,56,19631552,77891,2023-01-01 00:00:00,2025-03-05 04:20:32.913390+00:00,2025-03-05 04:20:38.948274+00:00
tw23727,56,1591869,6536,2023-01-01 00:00:00,2025-03-05 04:20:32.913390+00:00,2025-03-05 04:20:38.948274+00:00
tw23613,56,2571002,11420,2023-01-01 00:00:00,2025-03-05 04:20:32.913390+00:00,2025-03-05 04:20:38.948274+00:00
tw23783,56,4798895,19470,2023-01-01 00:00:00,2025-03-05 04:20:32.913390+00:00,2025-03-05 04:20:38.948274+00:00
tw24416,56,8808222,35439,2023-01-01 00:00:00,2025-03-05 04:20:32.913390+00:00,2025-03-05 04:20:38.948274+00:00
tw23014,57,7000018,29155,2023-01-01 00:00:00,2025-03-05 04:20:32.913390+00:00,2025-03-05 04:20:38.948274+00:00
tw25536,57,25657399,101214,2023-01-01 00:00:00,2025-03-05 04:20:32.913390+00:00,2025-03-05 04:20:38.948274+00:00
tw24969,57,9819440,33840,2023-01-01 00:00:00,2025-03-05 04:20:32.913390+00:00,2025-03-05 04:20:38.948274+00:00
tw25412,58,1220773,5125,2023-01-01 00:00:00,2025-03-05 04:20:32.913390+00:00,2025-03-05 04:20:38.948274+00:00
tw15447,58,1713104,7520,2023-01-01 00:00:00,2025-03-05 04:20:32.913390+00:00,2025-03-05 04:20:38.948274+00:00
tw25321,58,226218,1505,2023-01-01 00:00:00,2025-03-05 04:20:32.913390+00:00,2025-03-05 04:20:38.948274+00:00
tw23587,59,1578998,7095,2023-01-01 00:00:00,2025-03-05 04:20:32.913390+00:00,2025-03-05 04:20:38.948274+00:00
tw24516,59,23535997,97750,2023-01-01 00:00:00,2025-03-05 04:20:32.913390+00:00,2025-03-05 04:20:38.948274+00:00
tw23961,59,2832792,11622,2023-01-01 00:00:00,2025-03-05 04:20:32.913390+00:00,2025-03-05 04:20:38.948274+00:00
tw23795,59,2754388,13122,2023-01-01 00:00:00,2025-03-05 04:20:32.913390+00:00,2025-03-05 04:20:38.948274+00:00
tw24106,59,15740576,65367,2023-01-01 00:00:00,2025-03-05 04:20:32.913390+00:00,2025-03-05 04:20:38.948274+00:00
tw25709,59,14292313,55354,2023-01-01 00:00:00,2025-03-05 04:20:32.913390+00:00,2025-03-05 04:20:38.948274+00:00
tw26037,59,7731428,30682,2023-01-01 00:00:00,2025-03-05 04:20:32.913390+00:00,2025-03-05 04:20:38.948274+00:00
tw23408,59,14272252,59947,2023-01-01 00:00:00,2025-03-05 04:20:32.913390+00:00,2025-03-05 04:20:38.948274+00:00
tw22663,59,705076,3415,2023-01-01 00:00:00,2025-03-05 04:20:32.913390+00:00,2025-03-05 04:20:38.948274+00:00
tw22531,60,2379914,10774,2023-01-01 00:00:00,2025-03-05 04:20:32.913390+00:00,2025-03-05 04:20:38.948274+00:00
tw23794,61,6000513,24793,2023-01-01 00:00:00,2025-03-05 04:20:32.913390+00:00,2025-03-05 04:20:38.948274+00:00
tw23321,62,2367237,10778,2023-01-01 00:00:00,2025-03-05 04:20:32.913390+00:00,2025-03-05 04:20:38.948274+00:00
tw25334,62,1309263,5799,2023-01-01 00:00:00,2025-03-05 04:20:32.913390+00:00,2025-03-05 04:20:38.948274+00:00
tw23365,62,7072277,27373,2023-01-01 00:00:00,2025-03-05 04:20:32.913390+00:00,2025-03-05 04:20:38.948274+00:00
tw24914,62,3874984,15581,2023-01-01 00:00:00,2025-03-05 04:20:32.913390+00:00,2025-03-05 04:20:38.948274+00:00
tw24112,63,451060,2196,2023-01-01 00:00:00,2025-03-05 04:20:32.913390+00:00,2025-03-05 04:20:38.948274+00:00
tw25892,63,12069809,47624,2023-01-01 00:00:00,2025-03-05 04:20:32.913390+00:00,2025-03-05 04:20:38.948274+00:00
tw23536,63,1781034,7438,2023-01-01 00:00:00,2025-03-05 04:20:32.913390+00:00,2025-03-05 04:20:38.948274+00:00
tw25994,63,26035569,104690,2023-01-01 00:00:00,2025-03-05 04:20:32.913390+00:00,2025-03-05 04:20:38.948274+00:00
tw24335,64,1969703,6803,2023-01-01 00:00:00,2025-03-05 04:20:32.913390+00:00,2025-03-05 04:20:38.948274+00:00
tw23662,64,66576885,264961,2023-01-01 00:00:00,2025-03-05 04:20:32.913390+00:00,2025-03-05 04:20:38.948274+00:00
tw23704,64,2156432,9284,2023-01-01 00:00:00,2025-03-05 04:20:32.913390+00:00,2025-03-05 04:20:38.948274+00:00
tw24782,65,5205615,21598,2023-01-01 00:00:00,2025-03-05 04:20:32.913390+00:00,2025-03-05 04:20:38.948274+00:00
tw25524,67,34525987,127546,2023-01-01 00:00:00,2025-03-05 04:20:32.913390+00:00,2025-03-05 04:20:38.948274+00:00
tw25040,67,2676029,12081,2023-01-01 00:00:00,2025-03-05 04:20:32.913390+00:00,2025-03-05 04:20:38.948274+00:00
tw23705,67,5516345,22170,2023-01-01 00:00:00,2025-03-05 04:20:32.913390+00:00,2025-03-05 04:20:38.948274+00:00
tw21117,68,1108168,3264,2023-01-01 00:00:00,2025-03-05 04:20:32.913390+00:00,2025-03-05 04:20:38.948274+00:00
tw23473,68,9480164,26587,2023-01-01 00:00:00,2025-03-05 04:20:32.913390+00:00,2025-03-05 04:20:38.948274+00:00
tw23629,69,6712193,28225,2023-01-01 00:00:00,2025-03-05 04:20:32.913390+00:00,2025-03-05 04:20:38.948274+00:00
tw23729,69,1892752,8183,2023-01-01 00:00:00,2025-03-05 04:20:32.913390+00:00,2025-03-05 04:20:38.948274+00:00
tw25045,70,7147023,28669,2023-01-01 00:00:00,2025-03-05 04:20:32.913390+00:00,2025-03-05 04:20:38.948274+00:00
tw24095,70,466353,2162,2023-01-01 00:00:00,2025-03-05 04:20:32.913390+00:00,2025-03-05 04:20:38.948274+00:00
tw22649,70,3025647,13017,2023-01-01 00:00:00,2025-03-05 04:20:32.913390+00:00,2025-03-05 04:20:38.948274+00:00
tw25816,70,19322417,66369,2023-01-01 00:00:00,2025-03-05 04:20:32.913390+00:00,2025-03-05 04:20:38.948274+00:00
tw24087,71,3436014,13216,2023-01-01 00:00:00,2025-03-05 04:20:32.913390+00:00,2025-03-05 04:20:38.948274+00:00
tw25586,71,18574182,74828,2023-01-01 00:00:00,2025-03-05 04:20:32.913390+00:00,2025-03-05 04:20:38.948274+00:00
tw24064,71,17050768,68641,2023-01-01 00:00:00,2025-03-05 04:20:32.913390+00:00,2025-03-05 04:20:38.948274+00:00
tw23702,71,1903566,8291,2023-01-01 00:00:00,2025-03-05 04:20:32.913390+00:00,2025-03-05 04:20:38.948274+00:00
tw23440,71,6205454,26703,2023-01-01 00:00:00,2025-03-05 04:20:32.913390+00:00,2025-03-05 04:20:38.948274+00:00
tw24493,72,4710727,19087,2023-01-01 00:00:00,2025-03-05 04:20:32.913390+00:00,2025-03-05 04:20:38.948274+00:00
tw25493,72,3879335,16001,2023-01-01 00:00:00,2025-03-05 04:20:32.913390+00:00,2025-03-05 04:20:38.948274+00:00
tw24259,73,442112,2370,2023-01-01 00:00:00,2025-03-05 04:20:32.913390+00:00,2025-03-05 04:20:38.948274+00:00
tw25408,73,27236143,104850,2023-01-01 00:00:00,2025-03-05 04:20:32.913390+00:00,2025-03-05 04:20:38.948274+00:00
tw23688,73,3681196,16292,2023-01-01 00:00:00,2025-03-05 04:20:32.913390+00:00,2025-03-05 04:20:38.948274+00:00
tw24023,73,2693257,11832,2023-01-01 00:00:00,2025-03-05 04:20:32.913390+00:00,2025-03-05 04:20:38.948274+00:00
tw25044,73,8309019,33046,2023-01-01 00:00:00,2025-03-05 04:20:32.913390+00:00,2025-03-05 04:20:38.948274+00:00
tw25149,74,13382251,55296,2023-01-01 00:00:00,2025-03-05 04:20:32.913390+00:00,2025-03-05 04:20:38.948274+00:00
tw23311,75,357960,2040,2023-01-01 00:00:00,2025-03-05 04:20:32.913390+00:00,2025-03-05 04:20:38.948274+00:00
tw23772,77,31023318,122651,2023-01-01 00:00:00,2025-03-05 04:20:32.913390+00:00,2025-03-05 04:20:38.948274+00:00
tw24311,77,15051397,60472,2023-01-01 00:00:00,2025-03-05 04:20:32.913390+00:00,2025-03-05 04:20:38.948274+00:00
tw23393,77,44012812,175571,2023-01-01 00:00:00,2025-03-05 04:20:32.913390+00:00,2025-03-05 04:20:38.948274+00:00
tw25320,77,491000,2179,2023-01-01 00:00:00,2025-03-05 04:20:32.913390+00:00,2025-03-05 04:20:38.948274+00:00
tw22525,77,335955,1804,2023-01-01 00:00:00,2025-03-05 04:20:32.913390+00:00,2025-03-05 04:20:38.948274+00:00
tw25429,78,10128199,41637,2023-01-01 00:00:00,2025-03-05 04:20:32.913390+00:00,2025-03-05 04:20:38.948274+00:00
tw25278,78,54959680,207867,2023-01-01 00:00:00,2025-03-05 04:20:32.913390+00:00,2025-03-05 04:20:38.948274+00:00
tw20828,79,6869853,25008,2023-01-01 00:00:00,2025-03-05 04:20:32.913390+00:00,2025-03-05 04:20:38.948274+00:00
tw23400,79,3405866,14134,2023-01-01 00:00:00,2025-03-05 04:20:32.913390+00:00,2025-03-05 04:20:38.948274+00:00
tw23409,80,38852363,166144,2023-01-01 00:00:00,2025-03-05 04:20:32.913390+00:00,2025-03-05 04:20:38.948274+00:00
tw25335,80,6050062,25392,2023-01-01 00:00:00,2025-03-05 04:20:32.913390+00:00,2025-03-05 04:20:38.948274+00:00
tw24035,80,36238319,147587,2023-01-01 00:00:00,2025-03-05 04:20:32.913390+00:00,2025-03-05 04:20:38.948274+00:00
tw24105,81,918886,4771,2023-01-01 00:00:00,2025-03-05 04:20:32.913390+00:00,2025-03-05 04:20:38.948274+00:00
tw21690,81,31270,196,2023-01-01 00:00:00,2025-03-05 04:20:32.913390+00:00,2025-03-05 04:20:38.948274+00:00
tw24857,81,25069520,100640,2023-01-01 00:00:00,2025-03-05 04:20:32.913390+00:00,2025-03-05 04:20:38.948274+00:00
tw23537,81,15052564,62938,2023-01-01 00:00:00,2025-03-05 04:20:32.913390+00:00,2025-03-05 04:20:38.948274+00:00
tw23049,82,1588384,8945,2023-01-01 00:00:00,2025-03-05 04:20:32.913390+00:00,2025-03-05 04:20:38.948274+00:00
tw25306,83,41981342,166250,2023-01-01 00:00:00,2025-03-05 04:20:32.913390+00:00,2025-03-05 04:20:38.948274+00:00
tw24284,83,667730,3495,2023-01-01 00:00:00,2025-03-05 04:20:32.913390+00:00,2025-03-05 04:20:38.948274+00:00
tw25350,83,3634514,13643,2023-01-01 00:00:00,2025-03-05 04:20:32.913390+00:00,2025-03-05 04:20:38.948274+00:00
tw24054,84,2824196,11909,2023-01-01 00:00:00,2025-03-05 04:20:32.913390+00:00,2025-03-05 04:20:38.948274+00:00
tw25116,84,39064451,158410,2023-01-01 00:00:00,2025-03-05 04:20:32.913390+00:00,2025-03-05 04:20:38.948274+00:00
tw23548,84,5365709,22399,2023-01-01 00:00:00,2025-03-05 04:20:32.913390+00:00,2025-03-05 04:20:38.948274+00:00
tw25222,85,8686644,35721,2023-01-01 00:00:00,2025-03-05 04:20:32.913390+00:00,2025-03-05 04:20:38.948274+00:00
tw616,85,18688919,75880,2023-01-01 00:00:00,2025-03-05 04:20:32.913390+00:00,2025-03-05 04:20:38.948274+00:00
tw25400,86,4577705,16847,2023-01-01 00:00:00,2025-03-05 04:20:32.913390+00:00,2025-03-05 04:20:38.948274+00:00
tw23635,87,1450228,6208,2023-01-01 00:00:00,2025-03-05 04:20:32.913390+00:00,2025-03-05 04:20:38.948274+00:00
tw25730,87,180187978,692570,2023-01-01 00:00:00,2025-03-05 04:20:32.913390+00:00,2025-03-05 04:20:38.948274+00:00
tw25590,87,46646342,184472,2023-01-01 00:00:00,2025-03-05 04:20:32.913390+00:00,2025-03-05 04:20:38.948274+00:00
tw23506,87,24082922,102185,2023-01-01 00:00:00,2025-03-05 04:20:32.913390+00:00,2025-03-05 04:20:38.948274+00:00
tw24370,89,6585723,28039,2023-01-01 00:00:00,2025-03-05 04:20:32.913390+00:00,2025-03-05 04:20:38.948274+00:00
tw24981,89,7949663,32978,2023-01-01 00:00:00,2025-03-05 04:20:32.913390+00:00,2025-03-05 04:20:38.948274+00:00
tw23959,91,7452689,30665,2023-01-01 00:00:00,2025-03-05 04:20:32.913390+00:00,2025-03-05 04:20:38.948274+00:00
tw23894,91,227143631,849294,2023-01-01 00:00:00,2025-03-05 04:20:32.913390+00:00,2025-03-05 04:20:38.948274+00:00
tw24925,91,42284847,175629,2023-01-01 00:00:00,2025-03-05 04:20:32.913390+00:00,2025-03-05 04:20:38.948274+00:00
tw25060,92,11835385,47540,2023-01-01 00:00:00,2025-03-05 04:20:32.913390+00:00,2025-03-05 04:20:38.948274+00:00
tw14895,94,16514987,66381,2023-01-01 00:00:00,2025-03-05 04:20:32.913390+00:00,2025-03-05 04:20:38.948274+00:00
tw25460,94,48029806,197045,2023-01-01 00:00:00,2025-03-05 04:20:32.913390+00:00,2025-03-05 04:20:38.948274+00:00
tw23614,94,10699271,43096,2023-01-01 00:00:00,2025-03-05 04:20:32.913390+00:00,2025-03-05 04:20:38.948274+00:00
tw25279,95,65489599,256396,2023-01-01 00:00:00,2025-03-05 04:20:32.913390+00:00,2025-03-05 04:20:38.948274+00:00
tw23355,95,105751942,427787,2023-01-01 00:00:00,2025-03-05 04:20:32.913390+00:00,2025-03-05 04:20:38.948274+00:00
tw24663,96,16857980,68743,2023-01-01 00:00:00,2025-03-05 04:20:32.913390+00:00,2025-03-05 04:20:38.948274+00:00
tw23855,96,8921710,37854,2023-01-01 00:00:00,2025-03-05 04:20:32.913390+00:00,2025-03-05 04:20:38.948274+00:00
tw24097,96,11746811,48868,2023-01-01 00:00:00,2025-03-05 04:20:32.913390+00:00,2025-03-05 04:20:38.948274+00:00
tw24014,98,17328145,73320,2023-01-01 00:00:00,2025-03-05 04:20:32.913390+00:00,2025-03-05 04:20:38.948274+00:00
tw23836,98,14283171,57005,2023-01-01 00:00:00,2025-03-05 04:20:32.913390+00:00,2025-03-05 04:20:38.948274+00:00
tw23889,98,10924378,44358,2023-01-01 00:00:00,2025-03-05 04:20:32.913390+00:00,2025-03-05 04:20:38.948274+00:00
tw25090,101,32393156,126532,2023-01-01 00:00:00,2025-03-05 04:20:32.913390+00:00,2025-03-05 04:20:38.948274+00:00
tw23517,101,9657911,36725,2023-01-01 00:00:00,2025-03-05 04:20:32.913390+00:00,2025-03-05 04:20:38.948274+00:00
tw24998,109,58408460,214130,2023-01-01 00:00:00,2025-03-05 04:20:32.913390+00:00,2025-03-05 04:20:38.948274+00:00
tw23399,109,11308817,48123,2023-01-01 00:00:00,2025-03-05 04:20:32.913390+00:00,2025-03-05 04:20:38.948274+00:00
tw24866,109,9690917,39364,2023-01-01 00:00:00,2025-03-05 04:20:32.913390+00:00,2025-03-05 04:20:38.948274+00:00
tw21718,110,60655,233,2023-01-01 00:00:00,2025-03-05 04:20:32.913390+00:00,2025-03-05 04:20:38.948274+00:00
tw23956,111,24273333,96407,2023-01-01 00:00:00,2025-03-05 04:20:32.913390+00:00,2025-03-05 04:20:38.948274+00:00
tw24066,111,32416747,129740,2023-01-01 00:00:00,2025-03-05 04:20:32.913390+00:00,2025-03-05 04:20:38.948274+00:00
tw23144,113,18942498,79294,2023-01-01 00:00:00,2025-03-05 04:20:32.913390+00:00,2025-03-05 04:20:38.948274+00:00
tw25027,113,120816915,455573,2023-01-01 00:00:00,2025-03-05 04:20:32.913390+00:00,2025-03-05 04:20:38.948274+00:00
tw24540,113,135385600,512747,2023-01-01 00:00:00,2025-03-05 04:20:32.913390+00:00,2025-03-05 04:20:38.948274+00:00
tw24118,113,2277406,9164,2023-01-01 00:00:00,2025-03-05 04:20:32.913390+00:00,2025-03-05 04:20:38.948274+00:00
tw5887,115,49400294,197181,2023-01-01 00:00:00,2025-03-05 04:20:32.913390+00:00,2025-03-05 04:20:38.948274+00:00
tw25104,115,80854432,325936,2023-01-01 00:00:00,2025-03-05 04:20:32.913390+00:00,2025-03-05 04:20:38.948274+00:00
tw23419,117,13204559,58152,2023-01-01 00:00:00,2025-03-05 04:20:32.913390+00:00,2025-03-05 04:20:38.948274+00:00
tw23646,118,128296867,483047,2023-01-01 00:00:00,2025-03-05 04:20:32.913390+00:00,2025-03-05 04:20:38.948274+00:00
tw24787,120,48402769,177853,2023-01-01 00:00:00,2025-03-05 04:20:32.913390+00:00,2025-03-05 04:20:38.948274+00:00
tw23671,123,15465978,68609,2023-01-01 00:00:00,2025-03-05 04:20:32.913390+00:00,2025-03-05 04:20:38.948274+00:00
tw24939,124,52922781,212075,2023-01-01 00:00:00,2025-03-05 04:20:32.913390+00:00,2025-03-05 04:20:38.948274+00:00
tw24818,125,70644893,286867,2023-01-01 00:00:00,2025-03-05 04:20:32.913390+00:00,2025-03-05 04:20:38.948274+00:00
tw23843,126,39566545,169123,2023-01-01 00:00:00,2025-03-05 04:20:32.913390+00:00,2025-03-05 04:20:38.948274+00:00
tw24128,129,145357025,552729,2023-01-01 00:00:00,2025-03-05 04:20:32.913390+00:00,2025-03-05 04:20:38.948274+00:00
tw24544,130,16179333,62865,2023-01-01 00:00:00,2025-03-05 04:20:32.913390+00:00,2025-03-05 04:20:38.948274+00:00
tw24499,136,107572653,396587,2023-01-01 00:00:00,2025-03-05 04:20:32.913390+00:00,2025-03-05 04:20:38.948274+00:00
tw24532,136,150572665,577639,2023-01-01 00:00:00,2025-03-05 04:20:32.913390+00:00,2025-03-05 04:20:38.948274+00:00
tw23736,140,95188533,366815,2023-01-01 00:00:00,2025-03-05 04:20:32.913390+00:00,2025-03-05 04:20:38.948274+00:00
tw24917,143,223605638,714839,2023-01-01 00:00:00,2025-03-05 04:20:32.913390+00:00,2025-03-05 04:20:38.948274+00:00
tw24337,143,355167929,1336923,2023-01-01 00:00:00,2025-03-05 04:20:32.913390+00:00,2025-03-05 04:20:38.948274+00:00
tw24529,147,183723188,717580,2023-01-01 00:00:00,2025-03-05 04:20:32.913390+00:00,2025-03-05 04:20:38.948274+00:00
tw24868,155,436604877,1543936,2023-01-01 00:00:00,2025-03-05 04:20:32.913390+00:00,2025-03-05 04:20:38.948274+00:00
tw23924,160,295460684,1171686,2023-01-01 00:00:00,2025-03-05 04:20:32.913390+00:00,2025-03-05 04:20:38.948274+00:00
tw23322,160,320072117,930975,2023-01-01 00:00:00,2025-03-05 04:20:32.913390+00:00,2025-03-05 04:20:38.948274+00:00
tw24938,163,184069330,710825,2023-01-01 00:00:00,2025-03-05 04:20:32.913390+00:00,2025-03-05 04:20:38.948274+00:00
tw24784,165,100392930,404525,2023-01-01 00:00:00,2025-03-05 04:20:32.913390+00:00,2025-03-05 04:20:38.948274+00:00
tw23535,172,363843645,1474856,2023-01-01 00:00:00,2025-03-05 04:20:32.913390+00:00,2025-03-05 04:20:38.948274+00:00
tw23742,203,252513286,967571,2023-01-01 00:00:00,2025-03-05 04:20:32.913390+00:00,2025-03-05 04:20:38.948274+00:00
tw23353,234,4769583,19134,2023-01-01 00:00:00,2025-03-05 04:20:32.913390+00:00,2025-03-05 04:20:38.948274+00:00
tw23463,359,455688450,1792431,2023-01-01 00:00:00,2025-03-05 04:20:32.913390+00:00,2025-03-05 04:20:38.948274+00:00
tw18268,1,6110,30,2024-01-01 00:00:00,2025-03-05 04:20:32.913390+00:00,2025-03-05 04:20:38.948274+00:00
tw23872,1,3830,15,2024-01-01 00:00:00,2025-03-05 04:20:32.913390+00:00,2025-03-05 04:20:38.948274+00:00
tw25352,1,5600,35,2024-01-01 00:00:00,2025-03-05 04:20:32.913390+00:00,2025-03-05 04:20:38.948274+00:00
tw6308,1,12840,65,2024-01-01 00:00:00,2025-03-05 04:20:32.913390+00:00,2025-03-05 04:20:38.948274+00:00
tw24784,1,990,9,2024-01-01 00:00:00,2025-03-05 04:20:32.913390+00:00,2025-03-05 04:20:38.948274+00:00
tw21866,1,2475,11,2024-01-01 00:00:00,2025-03-05 04:20:32.913390+00:00,2025-03-05 04:20:38.948274+00:00
tw27553,1,13800,80,2024-01-01 00:00:00,2025-03-05 04:20:32.913390+00:00,2025-03-05 04:20:38.948274+00:00
tw23049,1,0,0,2024-01-01 00:00:00,2025-03-05 04:20:32.913390+00:00,2025-03-05 04:20:38.948274+00:00
tw28840,1,343415,1330,2024-01-01 00:00:00,2025-03-05 04:20:32.913390+00:00,2025-03-05 04:20:38.948274+00:00
tw23311,1,830,4,2024-01-01 00:00:00,2025-03-05 04:20:32.913390+00:00,2025-03-05 04:20:38.948274+00:00
tw14880,1,0,0,2024-01-01 00:00:00,2025-03-05 04:20:32.913390+00:00,2025-03-05 04:20:38.948274+00:00
tw20201,1,210,1,2024-01-01 00:00:00,2025-03-05 04:20:32.913390+00:00,2025-03-05 04:20:38.948274+00:00
tw27203,1,0,0,2024-01-01 00:00:00,2025-03-05 04:20:32.913390+00:00,2025-03-05 04:20:38.948274+00:00
tw14845,1,-1,-1,2024-01-01 00:00:00,2025-03-05 04:20:32.913390+00:00,2025-03-05 04:20:38.948274+00:00
tw23139,1,29000,116,2024-01-01 00:00:00,2025-03-05 04:20:32.913390+00:00,2025-03-05 04:20:38.948274+00:00
tw24638,1,570,3,2024-01-01 00:00:00,2025-03-05 04:20:32.913390+00:00,2025-03-05 04:20:38.948274+00:00
tw19640,1,560,2,2024-01-01 00:00:00,2025-03-05 04:20:32.913390+00:00,2025-03-05 04:20:38.948274+00:00
tw19510,1,30130,131,2024-01-01 00:00:00,2025-03-05 04:20:32.913390+00:00,2025-03-05 04:20:38.948274+00:00
tw20176,1,38280,159,2024-01-01 00:00:00,2025-03-05 04:20:32.913390+00:00,2025-03-05 04:20:38.948274+00:00
tw25245,1,74980,326,2024-01-01 00:00:00,2025-03-05 04:20:32.913390+00:00,2025-03-05 04:20:38.948274+00:00
tw27989,1,20230,106,2024-01-01 00:00:00,2025-03-05 04:20:32.913390+00:00,2025-03-05 04:20:38.948274+00:00
tw24094,1,21620,94,2024-01-01 00:00:00,2025-03-05 04:20:32.913390+00:00,2025-03-05 04:20:38.948274+00:00
tw24467,1,9600,48,2024-01-01 00:00:00,2025-03-05 04:20:32.913390+00:00,2025-03-05 04:20:38.948274+00:00
tw19608,1,16400,82,2024-01-01 00:00:00,2025-03-05 04:20:32.913390+00:00,2025-03-05 04:20:38.948274+00:00
tw20365,1,9370,40,2024-01-01 00:00:00,2025-03-05 04:20:32.913390+00:00,2025-03-05 04:20:38.948274+00:00
tw29622,1,12750,65,2024-01-01 00:00:00,2025-03-05 04:20:32.913390+00:00,2025-03-05 04:20:38.948274+00:00
tw23888,1,11135,47,2024-01-01 00:00:00,2025-03-05 04:20:32.913390+00:00,2025-03-05 04:20:38.948274+00:00
tw28242,1,37300,127,2024-01-01 00:00:00,2025-03-05 04:20:32.913390+00:00,2025-03-05 04:20:38.948274+00:00
tw25763,1,13640,62,2024-01-01 00:00:00,2025-03-05 04:20:32.913390+00:00,2025-03-05 04:20:38.948274+00:00
tw17496,1,36480,155,2024-01-01 00:00:00,2025-03-05 04:20:32.913390+00:00,2025-03-05 04:20:38.948274+00:00
tw12236,1,1100,5,2024-01-01 00:00:00,2025-03-05 04:20:32.913390+00:00,2025-03-05 04:20:38.948274+00:00
tw29672,1,50500,202,2024-01-01 00:00:00,2025-03-05 04:20:32.913390+00:00,2025-03-05 04:20:38.948274+00:00
tw25081,1,22205,117,2024-01-01 00:00:00,2025-03-05 04:20:32.913390+00:00,2025-03-05 04:20:38.948274+00:00
tw29250,1,11010,50,2024-01-01 00:00:00,2025-03-05 04:20:32.913390+00:00,2025-03-05 04:20:38.948274+00:00
tw18456,1,28600,130,2024-01-01 00:00:00,2025-03-05 04:20:32.913390+00:00,2025-03-05 04:20:38.948274+00:00
tw15719,1,37280,157,2024-01-01 00:00:00,2025-03-05 04:20:32.913390+00:00,2025-03-05 04:20:38.948274+00:00
tw27873,1,13640,62,2024-01-01 00:00:00,2025-03-05 04:20:32.913390+00:00,2025-03-05 04:20:38.948274+00:00
tw27546,1,555525,1328,2024-01-01 00:00:00,2025-03-05 04:20:32.913390+00:00,2025-03-05 04:20:38.948274+00:00
tw27120,1,83490,253,2024-01-01 00:00:00,2025-03-05 04:20:32.913390+00:00,2025-03-05 04:20:38.948274+00:00
tw23671,1,31440,125,2024-01-01 00:00:00,2025-03-05 04:20:32.913390+00:00,2025-03-05 04:20:38.948274+00:00
tw20486,1,6865,33,2024-01-01 00:00:00,2025-03-05 04:20:32.913390+00:00,2025-03-05 04:20:38.948274+00:00
tw12575,1,2065,9,2024-01-01 00:00:00,2025-03-05 04:20:32.913390+00:00,2025-03-05 04:20:38.948274+00:00
tw24254,1,230,1,2024-01-01 00:00:00,2025-03-05 04:20:32.913390+00:00,2025-03-05 04:20:38.948274+00:00
tw16356,1,37300,127,2024-01-01 00:00:00,2025-03-05 04:20:32.913390+00:00,2025-03-05 04:20:38.948274+00:00
tw22118,1,12905,58,2024-01-01 00:00:00,2025-03-05 04:20:32.913390+00:00,2025-03-05 04:20:38.948274+00:00
tw21995,1,3895,18,2024-01-01 00:00:00,2025-03-05 04:20:32.913390+00:00,2025-03-05 04:20:38.948274+00:00
tw29514,1,167480,700,2024-01-01 00:00:00,2025-03-05 04:20:32.913390+00:00,2025-03-05 04:20:38.948274+00:00
tw18053,1,4160,26,2024-01-01 00:00:00,2025-03-05 04:20:32.913390+00:00,2025-03-05 04:20:38.948274+00:00
tw21785,1,0,0,2024-01-01 00:00:00,2025-03-05 04:20:32.913390+00:00,2025-03-05 04:20:38.948274+00:00
tw25429,1,27300,130,2024-01-01 00:00:00,2025-03-05 04:20:32.913390+00:00,2025-03-05 04:20:38.948274+00:00
tw20265,1,19800,90,2024-01-01 00:00:00,2025-03-05 04:20:32.913390+00:00,2025-03-05 04:20:38.948274+00:00
tw23965,1,0,0,2024-01-01 00:00:00,2025-03-05 04:20:32.913390+00:00,2025-03-05 04:20:38.948274+00:00
tw23439,1,390,2,2024-01-01 00:00:00,2025-03-05 04:20:32.913390+00:00,2025-03-05 04:20:38.948274+00:00
tw9159,1,640,3,2024-01-01 00:00:00,2025-03-05 04:20:32.913390+00:00,2025-03-05 04:20:38.948274+00:00
tw17414,1,0,0,2024-01-01 00:00:00,2025-03-05 04:20:32.913390+00:00,2025-03-05 04:20:38.948274+00:00
tw20047,1,5970,27,2024-01-01 00:00:00,2025-03-05 04:20:32.913390+00:00,2025-03-05 04:20:38.948274+00:00
tw28241,1,39200,135,2024-01-01 00:00:00,2025-03-05 04:20:32.913390+00:00,2025-03-05 04:20:38.948274+00:00
tw29689,1,1020,2,2024-01-01 00:00:00,2025-03-05 04:20:32.913390+00:00,2025-03-05 04:20:38.948274+00:00
tw27558,1,13750,80,2024-01-01 00:00:00,2025-03-05 04:20:32.913390+00:00,2025-03-05 04:20:38.948274+00:00
tw29653,1,132940,391,2024-01-01 00:00:00,2025-03-05 04:20:32.913390+00:00,2025-03-05 04:20:38.948274+00:00
tw17486,1,27470,118,2024-01-01 00:00:00,2025-03-05 04:20:32.913390+00:00,2025-03-05 04:20:38.948274+00:00
tw29484,1,12090,51,2024-01-01 00:00:00,2025-03-05 04:20:32.913390+00:00,2025-03-05 04:20:38.948274+00:00
tw19894,1,4375,20,2024-01-01 00:00:00,2025-03-05 04:20:32.913390+00:00,2025-03-05 04:20:38.948274+00:00
tw23363,1,10920,41,2024-01-01 00:00:00,2025-03-05 04:20:32.913390+00:00,2025-03-05 04:20:38.948274+00:00
tw8878,1,14955,64,2024-01-01 00:00:00,2025-03-05 04:20:32.913390+00:00,2025-03-05 04:20:38.948274+00:00
tw20810,1,76820,334,2024-01-01 00:00:00,2025-03-05 04:20:32.913390+00:00,2025-03-05 04:20:38.948274+00:00
tw25397,1,18480,77,2024-01-01 00:00:00,2025-03-05 04:20:32.913390+00:00,2025-03-05 04:20:38.948274+00:00
tw25211,1,5360,24,2024-01-01 00:00:00,2025-03-05 04:20:32.913390+00:00,2025-03-05 04:20:38.948274+00:00
tw18774,1,28600,130,2024-01-01 00:00:00,2025-03-05 04:20:32.913390+00:00,2025-03-05 04:20:38.948274+00:00
tw29621,1,13430,68,2024-01-01 00:00:00,2025-03-05 04:20:32.913390+00:00,2025-03-05 04:20:38.948274+00:00
tw23635,1,0,0,2024-01-01 00:00:00,2025-03-05 04:20:32.913390+00:00,2025-03-05 04:20:38.948274+00:00
tw29481,1,7425,34,2024-01-01 00:00:00,2025-03-05 04:20:32.913390+00:00,2025-03-05 04:20:38.948274+00:00
tw24544,1,72840,168,2024-01-01 00:00:00,2025-03-05 04:20:32.913390+00:00,2025-03-05 04:20:38.948274+00:00
tw27556,1,13280,80,2024-01-01 00:00:00,2025-03-05 04:20:32.913390+00:00,2025-03-05 04:20:38.948274+00:00
tw25933,1,-1,-1,2024-01-01 00:00:00,2025-03-05 04:20:32.913390+00:00,2025-03-05 04:20:38.948274+00:00
tw28736,2,49250,99,2024-01-01 00:00:00,2025-03-05 04:20:32.913390+00:00,2025-03-05 04:20:38.948274+00:00
tw25062,2,6160,26,2024-01-01 00:00:00,2025-03-05 04:20:32.913390+00:00,2025-03-05 04:20:38.948274+00:00
tw21038,2,720,6,2024-01-01 00:00:00,2025-03-05 04:20:32.913390+00:00,2025-03-05 04:20:38.948274+00:00
tw21399,2,26060,155,2024-01-01 00:00:00,2025-03-05 04:20:32.913390+00:00,2025-03-05 04:20:38.948274+00:00
tw20535,2,1295,7,2024-01-01 00:00:00,2025-03-05 04:20:32.913390+00:00,2025-03-05 04:20:38.948274+00:00
tw21036,2,440,4,2024-01-01 00:00:00,2025-03-05 04:20:32.913390+00:00,2025-03-05 04:20:38.948274+00:00
tw25445,2,21710,109,2024-01-01 00:00:00,2025-03-05 04:20:32.913390+00:00,2025-03-05 04:20:38.948274+00:00
tw12431,2,19340,117,2024-01-01 00:00:00,2025-03-05 04:20:32.913390+00:00,2025-03-05 04:20:38.948274+00:00
tw22420,2,0,0,2024-01-01 00:00:00,2025-03-05 04:20:32.913390+00:00,2025-03-05 04:20:38.948274+00:00
tw27978,2,21390,116,2024-01-01 00:00:00,2025-03-05 04:20:32.913390+00:00,2025-03-05 04:20:38.948274+00:00
tw20279,2,530,2,2024-01-01 00:00:00,2025-03-05 04:20:32.913390+00:00,2025-03-05 04:20:38.948274+00:00
tw18764,2,19200,90,2024-01-01 00:00:00,2025-03-05 04:20:32.913390+00:00,2025-03-05 04:20:38.948274+00:00
tw24954,2,9090,39,2024-01-01 00:00:00,2025-03-05 04:20:32.913390+00:00,2025-03-05 04:20:38.948274+00:00
tw27555,2,27780,160,2024-01-01 00:00:00,2025-03-05 04:20:32.913390+00:00,2025-03-05 04:20:38.948274+00:00
tw23548,2,59505,247,2024-01-01 00:00:00,2025-03-05 04:20:32.913390+00:00,2025-03-05 04:20:38.948274+00:00
tw26882,2,9200,33,2024-01-01 00:00:00,2025-03-05 04:20:32.913390+00:00,2025-03-05 04:20:38.948274+00:00
tw25672,2,27380,139,2024-01-01 00:00:00,2025-03-05 04:20:32.913390+00:00,2025-03-05 04:20:38.948274+00:00
tw25679,2,20405,137,2024-01-01 00:00:00,2025-03-05 04:20:32.913390+00:00,2025-03-05 04:20:38.948274+00:00
tw16958,2,26910,160,2024-01-01 00:00:00,2025-03-05 04:20:32.913390+00:00,2025-03-05 04:20:38.948274+00:00
tw25141,2,815,4,2024-01-01 00:00:00,2025-03-05 04:20:32.913390+00:00,2025-03-05 04:20:38.948274+00:00
tw27557,2,26850,160,2024-01-01 00:00:00,2025-03-05 04:20:32.913390+00:00,2025-03-05 04:20:38.948274+00:00
tw18149,2,41975,177,2024-01-01 00:00:00,2025-03-05 04:20:32.913390+00:00,2025-03-05 04:20:38.948274+00:00
tw26324,2,1345,7,2024-01-01 00:00:00,2025-03-05 04:20:32.913390+00:00,2025-03-05 04:20:38.948274+00:00
tw29619,2,26830,132,2024-01-01 00:00:00,2025-03-05 04:20:32.913390+00:00,2025-03-05 04:20:38.948274+00:00
tw29440,2,34800,65,2024-01-01 00:00:00,2025-03-05 04:20:32.913390+00:00,2025-03-05 04:20:38.948274+00:00
tw27554,2,27670,160,2024-01-01 00:00:00,2025-03-05 04:20:32.913390+00:00,2025-03-05 04:20:38.948274+00:00
tw19243,2,1540,9,2024-01-01 00:00:00,2025-03-05 04:20:32.913390+00:00,2025-03-05 04:20:38.948274+00:00
tw25444,2,28240,145,2024-01-01 00:00:00,2025-03-05 04:20:32.913390+00:00,2025-03-05 04:20:38.948274+00:00
tw28385,2,20400,103,2024-01-01 00:00:00,2025-03-05 04:20:32.913390+00:00,2025-03-05 04:20:38.948274+00:00
tw27560,2,27800,160,2024-01-01 00:00:00,2025-03-05 04:20:32.913390+00:00,2025-03-05 04:20:38.948274+00:00
tw27986,2,21540,110,2024-01-01 00:00:00,2025-03-05 04:20:32.913390+00:00,2025-03-05 04:20:38.948274+00:00
tw19094,2,85860,354,2024-01-01 00:00:00,2025-03-05 04:20:32.913390+00:00,2025-03-05 04:20:38.948274+00:00
tw17581,2,31910,160,2024-01-01 00:00:00,2025-03-05 04:20:32.913390+00:00,2025-03-05 04:20:38.948274+00:00
tw27159,2,617389,625,2024-01-01 00:00:00,2025-03-05 04:20:32.913390+00:00,2025-03-05 04:20:38.948274+00:00
tw20729,2,1525,8,2024-01-01 00:00:00,2025-03-05 04:20:32.913390+00:00,2025-03-05 04:20:38.948274+00:00
tw26584,2,24265,164,2024-01-01 00:00:00,2025-03-05 04:20:32.913390+00:00,2025-03-05 04:20:38.948274+00:00
tw25651,2,21000,109,2024-01-01 00:00:00,2025-03-05 04:20:32.913390+00:00,2025-03-05 04:20:38.948274+00:00
tw24754,2,200,1,2024-01-01 00:00:00,2025-03-05 04:20:32.913390+00:00,2025-03-05 04:20:38.948274+00:00
tw16947,2,575,3,2024-01-01 00:00:00,2025-03-05 04:20:32.913390+00:00,2025-03-05 04:20:38.948274+00:00
tw16139,2,33765,147,2024-01-01 00:00:00,2025-03-05 04:20:32.913390+00:00,2025-03-05 04:20:38.948274+00:00
tw6091,2,17915,86,2024-01-01 00:00:00,2025-03-05 04:20:32.913390+00:00,2025-03-05 04:20:38.948274+00:00
tw18538,2,1080,5,2024-01-01 00:00:00,2025-03-05 04:20:32.913390+00:00,2025-03-05 04:20:38.948274+00:00
tw25681,2,18975,129,2024-01-01 00:00:00,2025-03-05 04:20:32.913390+00:00,2025-03-05 04:20:38.948274+00:00
tw27983,2,20970,107,2024-01-01 00:00:00,2025-03-05 04:20:32.913390+00:00,2025-03-05 04:20:38.948274+00:00
tw27982,2,15060,78,2024-01-01 00:00:00,2025-03-05 04:20:32.913390+00:00,2025-03-05 04:20:38.948274+00:00
tw25650,2,24120,123,2024-01-01 00:00:00,2025-03-05 04:20:32.913390+00:00,2025-03-05 04:20:38.948274+00:00
tw26122,2,3300,13,2024-01-01 00:00:00,2025-03-05 04:20:32.913390+00:00,2025-03-05 04:20:38.948274+00:00
tw21035,2,600,5,2024-01-01 00:00:00,2025-03-05 04:20:32.913390+00:00,2025-03-05 04:20:38.948274+00:00
tw24925,2,19140,66,2024-01-01 00:00:00,2025-03-05 04:20:32.913390+00:00,2025-03-05 04:20:38.948274+00:00
tw17126,2,17940,85,2024-01-01 00:00:00,2025-03-05 04:20:32.913390+00:00,2025-03-05 04:20:38.948274+00:00
tw25649,2,29930,156,2024-01-01 00:00:00,2025-03-05 04:20:32.913390+00:00,2025-03-05 04:20:38.948274+00:00
tw19986,2,345,2,2024-01-01 00:00:00,2025-03-05 04:20:32.913390+00:00,2025-03-05 04:20:38.948274+00:00
tw23262,2,8165,36,2024-01-01 00:00:00,2025-03-05 04:20:32.913390+00:00,2025-03-05 04:20:38.948274+00:00
tw20054,2,2300,10,2024-01-01 00:00:00,2025-03-05 04:20:32.913390+00:00,2025-03-05 04:20:38.948274+00:00
tw19204,2,19620,86,2024-01-01 00:00:00,2025-03-05 04:20:32.913390+00:00,2025-03-05 04:20:38.948274+00:00
tw23287,3,0,0,2024-01-01 00:00:00,2025-03-05 04:20:32.913390+00:00,2025-03-05 04:20:38.948274+00:00
tw18620,3,82595,335,2024-01-01 00:00:00,2025-03-05 04:20:32.913390+00:00,2025-03-05 04:20:38.948274+00:00
tw29617,3,28260,139,2024-01-01 00:00:00,2025-03-05 04:20:32.913390+00:00,2025-03-05 04:20:38.948274+00:00
tw25985,3,93070,377,2024-01-01 00:00:00,2025-03-05 04:20:32.913390+00:00,2025-03-05 04:20:38.948274+00:00
tw27551,3,18390,119,2024-01-01 00:00:00,2025-03-05 04:20:32.913390+00:00,2025-03-05 04:20:38.948274+00:00
tw18231,3,1358,6,2024-01-01 00:00:00,2025-03-05 04:20:32.913390+00:00,2025-03-05 04:20:38.948274+00:00
tw29620,3,28430,140,2024-01-01 00:00:00,2025-03-05 04:20:32.913390+00:00,2025-03-05 04:20:38.948274+00:00
tw20136,3,0,0,2024-01-01 00:00:00,2025-03-05 04:20:32.913390+00:00,2025-03-05 04:20:38.948274+00:00
tw25736,3,985,5,2024-01-01 00:00:00,2025-03-05 04:20:32.913390+00:00,2025-03-05 04:20:38.948274+00:00
tw27559,3,18740,114,2024-01-01 00:00:00,2025-03-05 04:20:32.913390+00:00,2025-03-05 04:20:38.948274+00:00
tw18040,3,7170,34,2024-01-01 00:00:00,2025-03-05 04:20:32.913390+00:00,2025-03-05 04:20:38.948274+00:00
tw20716,3,80525,336,2024-01-01 00:00:00,2025-03-05 04:20:32.913390+00:00,2025-03-05 04:20:38.948274+00:00
tw21039,3,390,4,2024-01-01 00:00:00,2025-03-05 04:20:32.913390+00:00,2025-03-05 04:20:38.948274+00:00
tw28880,3,1893170,3566,2024-01-01 00:00:00,2025-03-05 04:20:32.913390+00:00,2025-03-05 04:20:38.948274+00:00
tw15670,3,0,0,2024-01-01 00:00:00,2025-03-05 04:20:32.913390+00:00,2025-03-05 04:20:38.948274+00:00
tw25461,3,3865,20,2024-01-01 00:00:00,2025-03-05 04:20:32.913390+00:00,2025-03-05 04:20:38.948274+00:00
tw25059,3,6480,27,2024-01-01 00:00:00,2025-03-05 04:20:32.913390+00:00,2025-03-05 04:20:38.948274+00:00
tw29616,3,26490,123,2024-01-01 00:00:00,2025-03-05 04:20:32.913390+00:00,2025-03-05 04:20:38.948274+00:00
tw29574,3,148250,250,2024-01-01 00:00:00,2025-03-05 04:20:32.913390+00:00,2025-03-05 04:20:38.948274+00:00
tw25071,3,6760,29,2024-01-01 00:00:00,2025-03-05 04:20:32.913390+00:00,2025-03-05 04:20:38.948274+00:00
tw27550,3,20900,132,2024-01-01 00:00:00,2025-03-05 04:20:32.913390+00:00,2025-03-05 04:20:38.948274+00:00
tw29618,3,44860,222,2024-01-01 00:00:00,2025-03-05 04:20:32.913390+00:00,2025-03-05 04:20:38.948274+00:00
tw26939,3,36820,172,2024-01-01 00:00:00,2025-03-05 04:20:32.913390+00:00,2025-03-05 04:20:38.948274+00:00
tw13268,3,46270,238,2024-01-01 00:00:00,2025-03-05 04:20:32.913390+00:00,2025-03-05 04:20:38.948274+00:00
tw27552,3,35290,215,2024-01-01 00:00:00,2025-03-05 04:20:32.913390+00:00,2025-03-05 04:20:38.948274+00:00
tw21037,3,0,0,2024-01-01 00:00:00,2025-03-05 04:20:32.913390+00:00,2025-03-05 04:20:38.948274+00:00
tw27549,3,16420,109,2024-01-01 00:00:00,2025-03-05 04:20:32.913390+00:00,2025-03-05 04:20:38.948274+00:00
tw21040,3,480,6,2024-01-01 00:00:00,2025-03-05 04:20:32.913390+00:00,2025-03-05 04:20:38.948274+00:00
tw3955,3,57530,244,2024-01-01 00:00:00,2025-03-05 04:20:32.913390+00:00,2025-03-05 04:20:38.948274+00:00
tw21041,3,120,1,2024-01-01 00:00:00,2025-03-05 04:20:32.913390+00:00,2025-03-05 04:20:38.948274+00:00
tw18848,3,30240,145,2024-01-01 00:00:00,2025-03-05 04:20:32.913390+00:00,2025-03-05 04:20:38.948274+00:00
tw27548,3,34030,203,2024-01-01 00:00:00,2025-03-05 04:20:32.913390+00:00,2025-03-05 04:20:38.948274+00:00
tw6581,3,25860,133,2024-01-01 00:00:00,2025-03-05 04:20:32.913390+00:00,2025-03-05 04:20:38.948274+00:00
tw25129,3,5030,21,2024-01-01 00:00:00,2025-03-05 04:20:32.913390+00:00,2025-03-05 04:20:38.948274+00:00
tw23288,3,640,7,2024-01-01 00:00:00,2025-03-05 04:20:32.913390+00:00,2025-03-05 04:20:38.948274+00:00
tw24138,4,1190,5,2024-01-01 00:00:00,2025-03-05 04:20:32.913390+00:00,2025-03-05 04:20:38.948274+00:00
tw28671,4,33850,174,2024-01-01 00:00:00,2025-03-05 04:20:32.913390+00:00,2025-03-05 04:20:38.948274+00:00
tw23721,4,0,0,2024-01-01 00:00:00,2025-03-05 04:20:32.913390+00:00,2025-03-05 04:20:38.948274+00:00
tw15103,4,96025,405,2024-01-01 00:00:00,2025-03-05 04:20:32.913390+00:00,2025-03-05 04:20:38.948274+00:00
tw18815,4,32660,158,2024-01-01 00:00:00,2025-03-05 04:20:32.913390+00:00,2025-03-05 04:20:38.948274+00:00
tw24213,4,0,0,2024-01-01 00:00:00,2025-03-05 04:20:32.913390+00:00,2025-03-05 04:20:38.948274+00:00
tw17498,4,67987,250,2024-01-01 00:00:00,2025-03-05 04:20:32.913390+00:00,2025-03-05 04:20:38.948274+00:00
tw23338,4,2890,13,2024-01-01 00:00:00,2025-03-05 04:20:32.913390+00:00,2025-03-05 04:20:38.948274+00:00
tw18169,4,28765,137,2024-01-01 00:00:00,2025-03-05 04:20:32.913390+00:00,2025-03-05 04:20:38.948274+00:00
tw23115,4,422975,1349,2024-01-01 00:00:00,2025-03-05 04:20:32.913390+00:00,2025-03-05 04:20:38.948274+00:00
tw20314,4,33090,149,2024-01-01 00:00:00,2025-03-05 04:20:32.913390+00:00,2025-03-05 04:20:38.948274+00:00
tw28673,4,28520,145,2024-01-01 00:00:00,2025-03-05 04:20:32.913390+00:00,2025-03-05 04:20:38.948274+00:00
tw19687,4,1170,5,2024-01-01 00:00:00,2025-03-05 04:20:32.913390+00:00,2025-03-05 04:20:38.948274+00:00
tw16990,4,15050,74,2024-01-01 00:00:00,2025-03-05 04:20:32.913390+00:00,2025-03-05 04:20:38.948274+00:00
tw24835,4,2060,9,2024-01-01 00:00:00,2025-03-05 04:20:32.913390+00:00,2025-03-05 04:20:38.948274+00:00
tw28674,4,34930,176,2024-01-01 00:00:00,2025-03-05 04:20:32.913390+00:00,2025-03-05 04:20:38.948274+00:00
tw23290,4,0,0,2024-01-01 00:00:00,2025-03-05 04:20:32.913390+00:00,2025-03-05 04:20:38.948274+00:00
tw20170,4,67987,238,2024-01-01 00:00:00,2025-03-05 04:20:32.913390+00:00,2025-03-05 04:20:38.948274+00:00
tw18898,4,33845,163,2024-01-01 00:00:00,2025-03-05 04:20:32.913390+00:00,2025-03-05 04:20:38.948274+00:00
tw24913,4,636,3,2024-01-01 00:00:00,2025-03-05 04:20:32.913390+00:00,2025-03-05 04:20:38.948274+00:00
tw28669,4,29740,151,2024-01-01 00:00:00,2025-03-05 04:20:32.913390+00:00,2025-03-05 04:20:38.948274+00:00
tw18305,4,17850,85,2024-01-01 00:00:00,2025-03-05 04:20:32.913390+00:00,2025-03-05 04:20:38.948274+00:00
tw26428,4,235,1,2024-01-01 00:00:00,2025-03-05 04:20:32.913390+00:00,2025-03-05 04:20:38.948274+00:00
tw21943,4,13480,70,2024-01-01 00:00:00,2025-03-05 04:20:32.913390+00:00,2025-03-05 04:20:38.948274+00:00
tw24257,4,180350,737,2024-01-01 00:00:00,2025-03-05 04:20:32.913390+00:00,2025-03-05 04:20:38.948274+00:00
tw27029,4,33740,156,2024-01-01 00:00:00,2025-03-05 04:20:32.913390+00:00,2025-03-05 04:20:38.948274+00:00
tw29328,4,42440,207,2024-01-01 00:00:00,2025-03-05 04:20:32.913390+00:00,2025-03-05 04:20:38.948274+00:00
tw18110,4,1700,7,2024-01-01 00:00:00,2025-03-05 04:20:32.913390+00:00,2025-03-05 04:20:38.948274+00:00
tw18751,4,1560,6,2024-01-01 00:00:00,2025-03-05 04:20:32.913390+00:00,2025-03-05 04:20:38.948274+00:00
tw26349,4,2720,19,2024-01-01 00:00:00,2025-03-05 04:20:32.913390+00:00,2025-03-05 04:20:38.948274+00:00
tw29652,5,27354,129,2024-01-01 00:00:00,2025-03-05 04:20:32.913390+00:00,2025-03-05 04:20:38.948274+00:00
tw24351,5,1410,5,2024-01-01 00:00:00,2025-03-05 04:20:32.913390+00:00,2025-03-05 04:20:38.948274+00:00
tw24206,5,10665,49,2024-01-01 00:00:00,2025-03-05 04:20:32.913390+00:00,2025-03-05 04:20:38.948274+00:00
tw29718,5,2538547,10147,2024-01-01 00:00:00,2025-03-05 04:20:32.913390+00:00,2025-03-05 04:20:38.948274+00:00
tw29715,5,2930490,6011,2024-01-01 00:00:00,2025-03-05 04:20:32.913390+00:00,2025-03-05 04:20:38.948274+00:00
tw29633,5,10441992,39548,2024-01-01 00:00:00,2025-03-05 04:20:32.913390+00:00,2025-03-05 04:20:38.948274+00:00
tw28070,5,274540,1148,2024-01-01 00:00:00,2025-03-05 04:20:32.913390+00:00,2025-03-05 04:20:38.948274+00:00
tw18814,5,25760,121,2024-01-01 00:00:00,2025-03-05 04:20:32.913390+00:00,2025-03-05 04:20:38.948274+00:00
tw29717,5,1565411,6351,2024-01-01 00:00:00,2025-03-05 04:20:32.913390+00:00,2025-03-05 04:20:38.948274+00:00
tw18228,5,1960,7,2024-01-01 00:00:00,2025-03-05 04:20:32.913390+00:00,2025-03-05 04:20:38.948274+00:00
tw29656,5,45715,94,2024-01-01 00:00:00,2025-03-05 04:20:32.913390+00:00,2025-03-05 04:20:38.948274+00:00
tw29155,5,102280,462,2024-01-01 00:00:00,2025-03-05 04:20:32.913390+00:00,2025-03-05 04:20:38.948274+00:00
tw15447,5,148200,658,2024-01-01 00:00:00,2025-03-05 04:20:32.913390+00:00,2025-03-05 04:20:38.948274+00:00
tw23796,5,640,3,2024-01-01 00:00:00,2025-03-05 04:20:32.913390+00:00,2025-03-05 04:20:38.948274+00:00
tw28918,5,894535,1523,2024-01-01 00:00:00,2025-03-05 04:20:32.913390+00:00,2025-03-05 04:20:38.948274+00:00
tw26352,5,4370,22,2024-01-01 00:00:00,2025-03-05 04:20:32.913390+00:00,2025-03-05 04:20:38.948274+00:00
tw29465,5,508384,2007,2024-01-01 00:00:00,2025-03-05 04:20:32.913390+00:00,2025-03-05 04:20:38.948274+00:00
tw29372,5,265206,1213,2024-01-01 00:00:00,2025-03-05 04:20:32.913390+00:00,2025-03-05 04:20:38.948274+00:00
tw26278,6,1330,6,2024-01-01 00:00:00,2025-03-05 04:20:32.913390+00:00,2025-03-05 04:20:38.948274+00:00
tw29593,6,138917,630,2024-01-01 00:00:00,2025-03-05 04:20:32.913390+00:00,2025-03-05 04:20:38.948274+00:00
tw27028,6,6645,30,2024-01-01 00:00:00,2025-03-05 04:20:32.913390+00:00,2025-03-05 04:20:38.948274+00:00
tw25536,6,2620,12,2024-01-01 00:00:00,2025-03-05 04:20:32.913390+00:00,2025-03-05 04:20:38.948274+00:00
tw26260,6,5015,20,2024-01-01 00:00:00,2025-03-05 04:20:32.913390+00:00,2025-03-05 04:20:38.948274+00:00
tw27660,6,360620,1417,2024-01-01 00:00:00,2025-03-05 04:20:32.913390+00:00,2025-03-05 04:20:38.948274+00:00
tw27236,6,2283245,3853,2024-01-01 00:00:00,2025-03-05 04:20:32.913390+00:00,2025-03-05 04:20:38.948274+00:00
tw29608,6,1769870,2895,2024-01-01 00:00:00,2025-03-05 04:20:32.913390+00:00,2025-03-05 04:20:38.948274+00:00
tw19787,7,1111860,2185,2024-01-01 00:00:00,2025-03-05 04:20:32.913390+00:00,2025-03-05 04:20:38.948274+00:00
tw26265,7,236160,345,2024-01-01 00:00:00,2025-03-05 04:20:32.913390+00:00,2025-03-05 04:20:38.948274+00:00
tw24717,7,4055,15,2024-01-01 00:00:00,2025-03-05 04:20:32.913390+00:00,2025-03-05 04:20:38.948274+00:00
tw29052,7,489030,1626,2024-01-01 00:00:00,2025-03-05 04:20:32.913390+00:00,2025-03-05 04:20:38.948274+00:00
tw28200,7,1784900,4348,2024-01-01 00:00:00,2025-03-05 04:20:32.913390+00:00,2025-03-05 04:20:38.948274+00:00
tw16808,7,23465,112,2024-01-01 00:00:00,2025-03-05 04:20:32.913390+00:00,2025-03-05 04:20:38.948274+00:00
tw26277,7,219340,321,2024-01-01 00:00:00,2025-03-05 04:20:32.913390+00:00,2025-03-05 04:20:38.948274+00:00
tw26127,7,20355,91,2024-01-01 00:00:00,2025-03-05 04:20:32.913390+00:00,2025-03-05 04:20:38.948274+00:00
tw29526,7,3933367,14423,2024-01-01 00:00:00,2025-03-05 04:20:32.913390+00:00,2025-03-05 04:20:38.948274+00:00
tw25818,7,97860,412,2024-01-01 00:00:00,2025-03-05 04:20:32.913390+00:00,2025-03-05 04:20:38.948274+00:00
tw14082,7,699582,2004,2024-01-01 00:00:00,2025-03-05 04:20:32.913390+00:00,2025-03-05 04:20:38.948274+00:00
tw24499,7,114917,425,2024-01-01 00:00:00,2025-03-05 04:20:32.913390+00:00,2025-03-05 04:20:38.948274+00:00
tw20981,7,2057425,3443,2024-01-01 00:00:00,2025-03-05 04:20:32.913390+00:00,2025-03-05 04:20:38.948274+00:00
tw13730,7,397966,1460,2024-01-01 00:00:00,2025-03-05 04:20:32.913390+00:00,2025-03-05 04:20:38.948274+00:00
tw26514,8,139860,477,2024-01-01 00:00:00,2025-03-05 04:20:32.913390+00:00,2025-03-05 04:20:38.948274+00:00
tw28533,8,8441235,15784,2024-01-01 00:00:00,2025-03-05 04:20:32.913390+00:00,2025-03-05 04:20:38.948274+00:00
tw23787,8,2150,9,2024-01-01 00:00:00,2025-03-05 04:20:32.913390+00:00,2025-03-05 04:20:38.948274+00:00
tw27484,8,48795,231,2024-01-01 00:00:00,2025-03-05 04:20:32.913390+00:00,2025-03-05 04:20:38.948274+00:00
tw25773,8,210530,303,2024-01-01 00:00:00,2025-03-05 04:20:32.913390+00:00,2025-03-05 04:20:38.948274+00:00
tw19169,8,1530,7,2024-01-01 00:00:00,2025-03-05 04:20:32.913390+00:00,2025-03-05 04:20:38.948274+00:00
tw28890,8,38720,182,2024-01-01 00:00:00,2025-03-05 04:20:32.913390+00:00,2025-03-05 04:20:38.948274+00:00
tw19852,8,4310,19,2024-01-01 00:00:00,2025-03-05 04:20:32.913390+00:00,2025-03-05 04:20:38.948274+00:00
tw26448,8,225109,864,2024-01-01 00:00:00,2025-03-05 04:20:32.913390+00:00,2025-03-05 04:20:38.948274+00:00
tw27841,9,315040,446,2024-01-01 00:00:00,2025-03-05 04:20:32.913390+00:00,2025-03-05 04:20:38.948274+00:00
tw18137,9,3060,14,2024-01-01 00:00:00,2025-03-05 04:20:32.913390+00:00,2025-03-05 04:20:38.948274+00:00
tw26037,9,6106,25,2024-01-01 00:00:00,2025-03-05 04:20:32.913390+00:00,2025-03-05 04:20:38.948274+00:00
tw19182,9,2158501,5761,2024-01-01 00:00:00,2025-03-05 04:20:32.913390+00:00,2025-03-05 04:20:38.948274+00:00
tw26881,9,16923,62,2024-01-01 00:00:00,2025-03-05 04:20:32.913390+00:00,2025-03-05 04:20:38.948274+00:00
tw25894,9,148020,224,2024-01-01 00:00:00,2025-03-05 04:20:32.913390+00:00,2025-03-05 04:20:38.948274+00:00
tw29525,9,4470,22,2024-01-01 00:00:00,2025-03-05 04:20:32.913390+00:00,2025-03-05 04:20:38.948274+00:00
tw2858,9,171077,524,2024-01-01 00:00:00,2025-03-05 04:20:32.913390+00:00,2025-03-05 04:20:38.948274+00:00
tw25324,9,431460,1660,2024-01-01 00:00:00,2025-03-05 04:20:32.913390+00:00,2025-03-05 04:20:38.948274+00:00
tw27786,10,64326,294,2024-01-01 00:00:00,2025-03-05 04:20:32.913390+00:00,2025-03-05 04:20:38.948274+00:00
tw27382,10,8275,40,2024-01-01 00:00:00,2025-03-05 04:20:32.913390+00:00,2025-03-05 04:20:38.948274+00:00
tw25179,10,551970,1072,2024-01-01 00:00:00,2025-03-05 04:20:32.913390+00:00,2025-03-05 04:20:38.948274+00:00
tw29635,10,9800171,39468,2024-01-01 00:00:00,2025-03-05 04:20:32.913390+00:00,2025-03-05 04:20:38.948274+00:00
tw26780,10,4200,46,2024-01-01 00:00:00,2025-03-05 04:20:32.913390+00:00,2025-03-05 04:20:38.948274+00:00
tw26871,10,107865,450,2024-01-01 00:00:00,2025-03-05 04:20:32.913390+00:00,2025-03-05 04:20:38.948274+00:00
tw27500,10,10995,52,2024-01-01 00:00:00,2025-03-05 04:20:32.913390+00:00,2025-03-05 04:20:38.948274+00:00
tw27998,10,291600,413,2024-01-01 00:00:00,2025-03-05 04:20:32.913390+00:00,2025-03-05 04:20:38.948274+00:00
tw25709,11,4620,84,2024-01-01 00:00:00,2025-03-05 04:20:32.913390+00:00,2025-03-05 04:20:38.948274+00:00
tw25493,11,6105,111,2024-01-01 00:00:00,2025-03-05 04:20:32.913390+00:00,2025-03-05 04:20:38.948274+00:00
tw28411,11,57572,262,2024-01-01 00:00:00,2025-03-05 04:20:32.913390+00:00,2025-03-05 04:20:38.948274+00:00
tw26397,11,806,3,2024-01-01 00:00:00,2025-03-05 04:20:32.913390+00:00,2025-03-05 04:20:38.948274+00:00
tw22801,11,1540,6,2024-01-01 00:00:00,2025-03-05 04:20:32.913390+00:00,2025-03-05 04:20:38.948274+00:00
tw24734,11,94551,417,2024-01-01 00:00:00,2025-03-05 04:20:32.913390+00:00,2025-03-05 04:20:38.948274+00:00
tw26669,11,79967,341,2024-01-01 00:00:00,2025-03-05 04:20:32.913390+00:00,2025-03-05 04:20:38.948274+00:00
tw26266,11,16860,75,2024-01-01 00:00:00,2025-03-05 04:20:32.913390+00:00,2025-03-05 04:20:38.948274+00:00
tw22222,12,133310,366,2024-01-01 00:00:00,2025-03-05 04:20:32.913390+00:00,2025-03-05 04:20:38.948274+00:00
tw28760,12,529989,2121,2024-01-01 00:00:00,2025-03-05 04:20:32.913390+00:00,2025-03-05 04:20:38.948274+00:00
tw29605,12,528074,2214,2024-01-01 00:00:00,2025-03-05 04:20:32.913390+00:00,2025-03-05 04:20:38.948274+00:00
tw29611,12,2089591,8312,2024-01-01 00:00:00,2025-03-05 04:20:32.913390+00:00,2025-03-05 04:20:38.948274+00:00
tw28626,12,10870,51,2024-01-01 00:00:00,2025-03-05 04:20:32.913390+00:00,2025-03-05 04:20:38.948274+00:00
tw29502,12,619680,2315,2024-01-01 00:00:00,2025-03-05 04:20:32.913390+00:00,2025-03-05 04:20:38.948274+00:00
tw28112,12,16542684,27032,2024-01-01 00:00:00,2025-03-05 04:20:32.913390+00:00,2025-03-05 04:20:38.948274+00:00
tw29598,12,2346004,9317,2024-01-01 00:00:00,2025-03-05 04:20:32.913390+00:00,2025-03-05 04:20:38.948274+00:00
tw29430,12,534010,2230,2024-01-01 00:00:00,2025-03-05 04:20:32.913390+00:00,2025-03-05 04:20:38.948274+00:00
tw28639,12,273280,1032,2024-01-01 00:00:00,2025-03-05 04:20:32.913390+00:00,2025-03-05 04:20:38.948274+00:00
tw22797,12,82796,353,2024-01-01 00:00:00,2025-03-05 04:20:32.913390+00:00,2025-03-05 04:20:38.948274+00:00
tw3033,12,547960,2103,2024-01-01 00:00:00,2025-03-05 04:20:32.913390+00:00,2025-03-05 04:20:38.948274+00:00
tw28776,12,126883,548,2024-01-01 00:00:00,2025-03-05 04:20:32.913390+00:00,2025-03-05 04:20:38.948274+00:00
tw27651,12,448500,632,2024-01-01 00:00:00,2025-03-05 04:20:32.913390+00:00,2025-03-05 04:20:38.948274+00:00
tw24868,12,106160,281,2024-01-01 00:00:00,2025-03-05 04:20:32.913390+00:00,2025-03-05 04:20:38.948274+00:00
tw29645,12,7733353,30352,2024-01-01 00:00:00,2025-03-05 04:20:32.913390+00:00,2025-03-05 04:20:38.948274+00:00
tw28878,13,8260,38,2024-01-01 00:00:00,2025-03-05 04:20:32.913390+00:00,2025-03-05 04:20:38.948274+00:00
tw29516,13,437873,1667,2024-01-01 00:00:00,2025-03-05 04:20:32.913390+00:00,2025-03-05 04:20:38.948274+00:00
tw27951,13,241580,343,2024-01-01 00:00:00,2025-03-05 04:20:32.913390+00:00,2025-03-05 04:20:38.948274+00:00
tw29564,13,1196818,4354,2024-01-01 00:00:00,2025-03-05 04:20:32.913390+00:00,2025-03-05 04:20:38.948274+00:00
tw29594,13,48611184,172459,2024-01-01 00:00:00,2025-03-05 04:20:32.913390+00:00,2025-03-05 04:20:38.948274+00:00
tw25177,14,67800,564,2024-01-01 00:00:00,2025-03-05 04:20:32.913390+00:00,2025-03-05 04:20:38.948274+00:00
tw26803,14,97336,440,2024-01-01 00:00:00,2025-03-05 04:20:32.913390+00:00,2025-03-05 04:20:38.948274+00:00
tw26731,14,38835,184,2024-01-01 00:00:00,2025-03-05 04:20:32.913390+00:00,2025-03-05 04:20:38.948274+00:00
tw25101,14,12240,68,2024-01-01 00:00:00,2025-03-05 04:20:32.913390+00:00,2025-03-05 04:20:38.948274+00:00
tw28987,14,85801,341,2024-01-01 00:00:00,2025-03-05 04:20:32.913390+00:00,2025-03-05 04:20:38.948274+00:00
tw28507,14,59766,243,2024-01-01 00:00:00,2025-03-05 04:20:32.913390+00:00,2025-03-05 04:20:38.948274+00:00
tw23701,14,56153,236,2024-01-01 00:00:00,2025-03-05 04:20:32.913390+00:00,2025-03-05 04:20:38.948274+00:00
tw25104,14,13310,242,2024-01-01 00:00:00,2025-03-05 04:20:32.913390+00:00,2025-03-05 04:20:38.948274+00:00
tw27327,14,7560,35,2024-01-01 00:00:00,2025-03-05 04:20:32.913390+00:00,2025-03-05 04:20:38.948274+00:00
tw26566,14,18325,80,2024-01-01 00:00:00,2025-03-05 04:20:32.913390+00:00,2025-03-05 04:20:38.948274+00:00
tw27506,14,21256,82,2024-01-01 00:00:00,2025-03-05 04:20:32.913390+00:00,2025-03-05 04:20:38.948274+00:00
tw27436,14,93315,443,2024-01-01 00:00:00,2025-03-05 04:20:32.913390+00:00,2025-03-05 04:20:38.948274+00:00
tw27151,14,8565,39,2024-01-01 00:00:00,2025-03-05 04:20:32.913390+00:00,2025-03-05 04:20:38.948274+00:00
tw24493,14,7560,42,2024-01-01 00:00:00,2025-03-05 04:20:32.913390+00:00,2025-03-05 04:20:38.948274+00:00
tw26752,14,106497,433,2024-01-01 00:00:00,2025-03-05 04:20:32.913390+00:00,2025-03-05 04:20:38.948274+00:00
tw29086,14,215586,856,2024-01-01 00:00:00,2025-03-05 04:20:32.913390+00:00,2025-03-05 04:20:38.948274+00:00
tw29553,15,2279574,4170,2024-01-01 00:00:00,2025-03-05 04:20:32.913390+00:00,2025-03-05 04:20:38.948274+00:00
tw26618,15,27480,127,2024-01-01 00:00:00,2025-03-05 04:20:32.913390+00:00,2025-03-05 04:20:38.948274+00:00
tw28761,15,56486,259,2024-01-01 00:00:00,2025-03-05 04:20:32.913390+00:00,2025-03-05 04:20:38.948274+00:00
tw26317,15,46663,210,2024-01-01 00:00:00,2025-03-05 04:20:32.913390+00:00,2025-03-05 04:20:38.948274+00:00
tw24938,15,89823,374,2024-01-01 00:00:00,2025-03-05 04:20:32.913390+00:00,2025-03-05 04:20:38.948274+00:00
tw29157,15,150663,730,2024-01-01 00:00:00,2025-03-05 04:20:32.913390+00:00,2025-03-05 04:20:38.948274+00:00
tw28828,15,165273,686,2024-01-01 00:00:00,2025-03-05 04:20:32.913390+00:00,2025-03-05 04:20:38.948274+00:00
tw27643,15,156634,714,2024-01-01 00:00:00,2025-03-05 04:20:32.913390+00:00,2025-03-05 04:20:38.948274+00:00
tw29084,15,37756,160,2024-01-01 00:00:00,2025-03-05 04:20:32.913390+00:00,2025-03-05 04:20:38.948274+00:00
tw25631,15,9260,74,2024-01-01 00:00:00,2025-03-05 04:20:32.913390+00:00,2025-03-05 04:20:38.948274+00:00
tw26880,15,72100,311,2024-01-01 00:00:00,2025-03-05 04:20:32.913390+00:00,2025-03-05 04:20:38.948274+00:00
tw28532,15,104849,415,2024-01-01 00:00:00,2025-03-05 04:20:32.913390+00:00,2025-03-05 04:20:38.948274+00:00
tw26554,15,56390,241,2024-01-01 00:00:00,2025-03-05 04:20:32.913390+00:00,2025-03-05 04:20:38.948274+00:00
tw22878,15,193207,755,2024-01-01 00:00:00,2025-03-05 04:20:32.913390+00:00,2025-03-05 04:20:38.948274+00:00
tw26872,15,199748,855,2024-01-01 00:00:00,2025-03-05 04:20:32.913390+00:00,2025-03-05 04:20:38.948274+00:00
tw23783,15,125914,499,2024-01-01 00:00:00,2025-03-05 04:20:32.913390+00:00,2025-03-05 04:20:38.948274+00:00
tw26479,16,63872,262,2024-01-01 00:00:00,2025-03-05 04:20:32.913390+00:00,2025-03-05 04:20:38.948274+00:00
tw20610,16,277432,1010,2024-01-01 00:00:00,2025-03-05 04:20:32.913390+00:00,2025-03-05 04:20:38.948274+00:00
tw28611,16,59175,283,2024-01-01 00:00:00,2025-03-05 04:20:32.913390+00:00,2025-03-05 04:20:38.948274+00:00
tw28045,16,164932,794,2024-01-01 00:00:00,2025-03-05 04:20:32.913390+00:00,2025-03-05 04:20:38.948274+00:00
tw27785,16,217481,899,2024-01-01 00:00:00,2025-03-05 04:20:32.913390+00:00,2025-03-05 04:20:38.948274+00:00
tw26691,16,131897,604,2024-01-01 00:00:00,2025-03-05 04:20:32.913390+00:00,2025-03-05 04:20:38.948274+00:00
tw26777,16,55984,238,2024-01-01 00:00:00,2025-03-05 04:20:32.913390+00:00,2025-03-05 04:20:38.948274+00:00
tw27048,16,3716680,6487,2024-01-01 00:00:00,2025-03-05 04:20:32.913390+00:00,2025-03-05 04:20:38.948274+00:00
tw27179,16,50266,213,2024-01-01 00:00:00,2025-03-05 04:20:32.913390+00:00,2025-03-05 04:20:38.948274+00:00
tw26427,16,58269,273,2024-01-01 00:00:00,2025-03-05 04:20:32.913390+00:00,2025-03-05 04:20:38.948274+00:00
tw9977,16,191492,746,2024-01-01 00:00:00,2025-03-05 04:20:32.913390+00:00,2025-03-05 04:20:38.948274+00:00
tw26090,17,1312850,2603,2024-01-01 00:00:00,2025-03-05 04:20:32.913390+00:00,2025-03-05 04:20:38.948274+00:00
tw29085,17,92664,385,2024-01-01 00:00:00,2025-03-05 04:20:32.913390+00:00,2025-03-05 04:20:38.948274+00:00
tw29563,17,84665,413,2024-01-01 00:00:00,2025-03-05 04:20:32.913390+00:00,2025-03-05 04:20:38.948274+00:00
tw27463,17,101213,487,2024-01-01 00:00:00,2025-03-05 04:20:32.913390+00:00,2025-03-05 04:20:38.948274+00:00
tw26794,17,185440,851,2024-01-01 00:00:00,2025-03-05 04:20:32.913390+00:00,2025-03-05 04:20:38.948274+00:00
tw22894,17,193875,756,2024-01-01 00:00:00,2025-03-05 04:20:32.913390+00:00,2025-03-05 04:20:38.948274+00:00
tw27483,17,214661,1020,2024-01-01 00:00:00,2025-03-05 04:20:32.913390+00:00,2025-03-05 04:20:38.948274+00:00
tw28503,17,130683,604,2024-01-01 00:00:00,2025-03-05 04:20:32.913390+00:00,2025-03-05 04:20:38.948274+00:00
tw25321,17,20620,153,2024-01-01 00:00:00,2025-03-05 04:20:32.913390+00:00,2025-03-05 04:20:38.948274+00:00
tw27180,17,96578,446,2024-01-01 00:00:00,2025-03-05 04:20:32.913390+00:00,2025-03-05 04:20:38.948274+00:00
tw28829,17,88603,383,2024-01-01 00:00:00,2025-03-05 04:20:32.913390+00:00,2025-03-05 04:20:38.948274+00:00
tw26730,17,132700,575,2024-01-01 00:00:00,2025-03-05 04:20:32.913390+00:00,2025-03-05 04:20:38.948274+00:00
tw27949,18,137924,628,2024-01-01 00:00:00,2025-03-05 04:20:32.913390+00:00,2025-03-05 04:20:38.948274+00:00
tw29371,18,118614,525,2024-01-01 00:00:00,2025-03-05 04:20:32.913390+00:00,2025-03-05 04:20:38.948274+00:00
tw27735,18,214867,879,2024-01-01 00:00:00,2025-03-05 04:20:32.913390+00:00,2025-03-05 04:20:38.948274+00:00
tw26481,18,9894,41,2024-01-01 00:00:00,2025-03-05 04:20:32.913390+00:00,2025-03-05 04:20:38.948274+00:00
tw26353,18,13535,56,2024-01-01 00:00:00,2025-03-05 04:20:32.913390+00:00,2025-03-05 04:20:38.948274+00:00
tw26617,18,35772,176,2024-01-01 00:00:00,2025-03-05 04:20:32.913390+00:00,2025-03-05 04:20:38.948274+00:00
tw27046,18,130702,594,2024-01-01 00:00:00,2025-03-05 04:20:32.913390+00:00,2025-03-05 04:20:38.948274+00:00
tw26368,18,62660,212,2024-01-01 00:00:00,2025-03-05 04:20:32.913390+00:00,2025-03-05 04:20:38.948274+00:00
tw28552,18,300467,1348,2024-01-01 00:00:00,2025-03-05 04:20:32.913390+00:00,2025-03-05 04:20:38.948274+00:00
tw27784,19,1662576,6638,2024-01-01 00:00:00,2025-03-05 04:20:32.913390+00:00,2025-03-05 04:20:38.948274+00:00
tw26279,19,64790,271,2024-01-01 00:00:00,2025-03-05 04:20:32.913390+00:00,2025-03-05 04:20:38.948274+00:00
tw26501,19,317416,1362,2024-01-01 00:00:00,2025-03-05 04:20:32.913390+00:00,2025-03-05 04:20:38.948274+00:00
tw29573,19,184585,745,2024-01-01 00:00:00,2025-03-05 04:20:32.913390+00:00,2025-03-05 04:20:38.948274+00:00
tw29527,19,465589,1986,2024-01-01 00:00:00,2025-03-05 04:20:32.913390+00:00,2025-03-05 04:20:38.948274+00:00
tw29630,19,2009629,8009,2024-01-01 00:00:00,2025-03-05 04:20:32.913390+00:00,2025-03-05 04:20:38.948274+00:00
tw28506,19,1445399,5669,2024-01-01 00:00:00,2025-03-05 04:20:32.913390+00:00,2025-03-05 04:20:38.948274+00:00
tw29584,19,14461250,54377,2024-01-01 00:00:00,2025-03-05 04:20:32.913390+00:00,2025-03-05 04:20:38.948274+00:00
tw27156,19,18296,77,2024-01-01 00:00:00,2025-03-05 04:20:32.913390+00:00,2025-03-05 04:20:38.948274+00:00
tw29610,19,967784,3960,2024-01-01 00:00:00,2025-03-05 04:20:32.913390+00:00,2025-03-05 04:20:38.948274+00:00
tw29643,19,1066716,3733,2024-01-01 00:00:00,2025-03-05 04:20:32.913390+00:00,2025-03-05 04:20:38.948274+00:00
tw26911,19,257728,1037,2024-01-01 00:00:00,2025-03-05 04:20:32.913390+00:00,2025-03-05 04:20:38.948274+00:00
tw26305,19,63520,248,2024-01-01 00:00:00,2025-03-05 04:20:32.913390+00:00,2025-03-05 04:20:38.948274+00:00
tw28778,19,704285,2981,2024-01-01 00:00:00,2025-03-05 04:20:32.913390+00:00,2025-03-05 04:20:38.948274+00:00
tw24998,19,52465,381,2024-01-01 00:00:00,2025-03-05 04:20:32.913390+00:00,2025-03-05 04:20:38.948274+00:00
tw29466,19,173336,761,2024-01-01 00:00:00,2025-03-05 04:20:32.913390+00:00,2025-03-05 04:20:38.948274+00:00
tw27997,20,854685,3267,2024-01-01 00:00:00,2025-03-05 04:20:32.913390+00:00,2025-03-05 04:20:38.948274+00:00
tw28269,20,948310,3746,2024-01-01 00:00:00,2025-03-05 04:20:32.913390+00:00,2025-03-05 04:20:38.948274+00:00
tw26956,20,113817,527,2024-01-01 00:00:00,2025-03-05 04:20:32.913390+00:00,2025-03-05 04:20:38.948274+00:00
tw29592,20,6884860,24933,2024-01-01 00:00:00,2025-03-05 04:20:32.913390+00:00,2025-03-05 04:20:38.948274+00:00
tw28310,20,129075,613,2024-01-01 00:00:00,2025-03-05 04:20:32.913390+00:00,2025-03-05 04:20:38.948274+00:00
tw27891,20,112544,487,2024-01-01 00:00:00,2025-03-05 04:20:32.913390+00:00,2025-03-05 04:20:38.948274+00:00
tw28178,20,208972,937,2024-01-01 00:00:00,2025-03-05 04:20:32.913390+00:00,2025-03-05 04:20:38.948274+00:00
tw27964,20,262084,1256,2024-01-01 00:00:00,2025-03-05 04:20:32.913390+00:00,2025-03-05 04:20:38.948274+00:00
tw23926,20,72534,304,2024-01-01 00:00:00,2025-03-05 04:20:32.913390+00:00,2025-03-05 04:20:38.948274+00:00
tw28097,20,804921,3634,2024-01-01 00:00:00,2025-03-05 04:20:32.913390+00:00,2025-03-05 04:20:38.948274+00:00
tw28099,21,120133,738,2024-01-01 00:00:00,2025-03-05 04:20:32.913390+00:00,2025-03-05 04:20:38.948274+00:00
tw27810,21,1819003,7787,2024-01-01 00:00:00,2025-03-05 04:20:32.913390+00:00,2025-03-05 04:20:38.948274+00:00
tw26509,21,171443,670,2024-01-01 00:00:00,2025-03-05 04:20:32.913390+00:00,2025-03-05 04:20:38.948274+00:00
tw26614,21,138684,595,2024-01-01 00:00:00,2025-03-05 04:20:32.913390+00:00,2025-03-05 04:20:38.948274+00:00
tw28231,21,445932,1807,2024-01-01 00:00:00,2025-03-05 04:20:32.913390+00:00,2025-03-05 04:20:38.948274+00:00
tw26950,21,814643,3400,2024-01-01 00:00:00,2025-03-05 04:20:32.913390+00:00,2025-03-05 04:20:38.948274+00:00
tw27769,21,1387374,5403,2024-01-01 00:00:00,2025-03-05 04:20:32.913390+00:00,2025-03-05 04:20:38.948274+00:00
tw27763,21,160649,716,2024-01-01 00:00:00,2025-03-05 04:20:32.913390+00:00,2025-03-05 04:20:38.948274+00:00
tw26384,21,81260,368,2024-01-01 00:00:00,2025-03-05 04:20:32.913390+00:00,2025-03-05 04:20:38.948274+00:00
tw28490,21,866719,3549,2024-01-01 00:00:00,2025-03-05 04:20:32.913390+00:00,2025-03-05 04:20:38.948274+00:00
tw27446,21,789454,3012,2024-01-01 00:00:00,2025-03-05 04:20:32.913390+00:00,2025-03-05 04:20:38.948274+00:00
tw29237,21,166130,699,2024-01-01 00:00:00,2025-03-05 04:20:32.913390+00:00,2025-03-05 04:20:38.948274+00:00
tw28485,21,197219,729,2024-01-01 00:00:00,2025-03-05 04:20:32.913390+00:00,2025-03-05 04:20:38.948274+00:00
tw26873,21,98810,429,2024-01-01 00:00:00,2025-03-05 04:20:32.913390+00:00,2025-03-05 04:20:38.948274+00:00
tw25588,21,15840,88,2024-01-01 00:00:00,2025-03-05 04:20:32.913390+00:00,2025-03-05 04:20:38.948274+00:00
tw27283,21,308395,1179,2024-01-01 00:00:00,2025-03-05 04:20:32.913390+00:00,2025-03-05 04:20:38.948274+00:00
tw26149,21,241390,1007,2024-01-01 00:00:00,2025-03-05 04:20:32.913390+00:00,2025-03-05 04:20:38.948274+00:00
tw28086,21,493071,2041,2024-01-01 00:00:00,2025-03-05 04:20:32.913390+00:00,2025-03-05 04:20:38.948274+00:00
tw27992,21,87951,374,2024-01-01 00:00:00,2025-03-05 04:20:32.913390+00:00,2025-03-05 04:20:38.948274+00:00
tw28455,21,1175907,4840,2024-01-01 00:00:00,2025-03-05 04:20:32.913390+00:00,2025-03-05 04:20:38.948274+00:00
tw28410,21,122829,532,2024-01-01 00:00:00,2025-03-05 04:20:32.913390+00:00,2025-03-05 04:20:38.948274+00:00
tw26568,21,233650,1010,2024-01-01 00:00:00,2025-03-05 04:20:32.913390+00:00,2025-03-05 04:20:38.948274+00:00
tw27645,21,169483,743,2024-01-01 00:00:00,2025-03-05 04:20:32.913390+00:00,2025-03-05 04:20:38.948274+00:00
tw27447,21,1639339,7098,2024-01-01 00:00:00,2025-03-05 04:20:32.913390+00:00,2025-03-05 04:20:38.948274+00:00
tw27722,21,3281820,13630,2024-01-01 00:00:00,2025-03-05 04:20:32.913390+00:00,2025-03-05 04:20:38.948274+00:00
tw29064,21,188153,802,2024-01-01 00:00:00,2025-03-05 04:20:32.913390+00:00,2025-03-05 04:20:38.948274+00:00
tw28108,21,233927,1093,2024-01-01 00:00:00,2025-03-05 04:20:32.913390+00:00,2025-03-05 04:20:38.948274+00:00
tw27764,21,3146532,12949,2024-01-01 00:00:00,2025-03-05 04:20:32.913390+00:00,2025-03-05 04:20:38.948274+00:00
tw27812,21,876557,3482,2024-01-01 00:00:00,2025-03-05 04:20:32.913390+00:00,2025-03-05 04:20:38.948274+00:00
tw28928,21,346637,1351,2024-01-01 00:00:00,2025-03-05 04:20:32.913390+00:00,2025-03-05 04:20:38.948274+00:00
tw26763,21,321168,1359,2024-01-01 00:00:00,2025-03-05 04:20:32.913390+00:00,2025-03-05 04:20:38.948274+00:00
tw29389,22,178095,805,2024-01-01 00:00:00,2025-03-05 04:20:32.913390+00:00,2025-03-05 04:20:38.948274+00:00
tw26606,22,136298,613,2024-01-01 00:00:00,2025-03-05 04:20:32.913390+00:00,2025-03-05 04:20:38.948274+00:00
tw17129,22,1775688,3623,2024-01-01 00:00:00,2025-03-05 04:20:32.913390+00:00,2025-03-05 04:20:38.948274+00:00
tw25764,22,30937,206,2024-01-01 00:00:00,2025-03-05 04:20:32.913390+00:00,2025-03-05 04:20:38.948274+00:00
tw25323,22,68970,567,2024-01-01 00:00:00,2025-03-05 04:20:32.913390+00:00,2025-03-05 04:20:38.948274+00:00
tw25892,22,48634,554,2024-01-01 00:00:00,2025-03-05 04:20:32.913390+00:00,2025-03-05 04:20:38.948274+00:00
tw26648,22,224448,466,2024-01-01 00:00:00,2025-03-05 04:20:32.913390+00:00,2025-03-05 04:20:38.948274+00:00
tw28655,22,169785,799,2024-01-01 00:00:00,2025-03-05 04:20:32.913390+00:00,2025-03-05 04:20:38.948274+00:00
tw29166,22,362284,1487,2024-01-01 00:00:00,2025-03-05 04:20:32.913390+00:00,2025-03-05 04:20:38.948274+00:00
tw26932,22,107457,492,2024-01-01 00:00:00,2025-03-05 04:20:32.913390+00:00,2025-03-05 04:20:38.948274+00:00
tw27415,22,124395,576,2024-01-01 00:00:00,2025-03-05 04:20:32.913390+00:00,2025-03-05 04:20:38.948274+00:00
tw27417,22,401982,1814,2024-01-01 00:00:00,2025-03-05 04:20:32.913390+00:00,2025-03-05 04:20:38.948274+00:00
tw28551,22,814627,3338,2024-01-01 00:00:00,2025-03-05 04:20:32.913390+00:00,2025-03-05 04:20:38.948274+00:00
tw29427,22,143106,595,2024-01-01 00:00:00,2025-03-05 04:20:32.913390+00:00,2025-03-05 04:20:38.948274+00:00
tw26750,22,325502,1368,2024-01-01 00:00:00,2025-03-05 04:20:32.913390+00:00,2025-03-05 04:20:38.948274+00:00
tw28356,22,371614,1638,2024-01-01 00:00:00,2025-03-05 04:20:32.913390+00:00,2025-03-05 04:20:38.948274+00:00
tw28159,22,926630,3478,2024-01-01 00:00:00,2025-03-05 04:20:32.913390+00:00,2025-03-05 04:20:38.948274+00:00
tw26454,22,111961,455,2024-01-01 00:00:00,2025-03-05 04:20:32.913390+00:00,2025-03-05 04:20:38.948274+00:00
tw27876,22,1302026,5486,2024-01-01 00:00:00,2025-03-05 04:20:32.913390+00:00,2025-03-05 04:20:38.948274+00:00
tw26307,23,121400,509,2024-01-01 00:00:00,2025-03-05 04:20:32.913390+00:00,2025-03-05 04:20:38.948274+00:00
tw26148,23,286661,1311,2024-01-01 00:00:00,2025-03-05 04:20:32.913390+00:00,2025-03-05 04:20:38.948274+00:00
tw27944,23,301693,1429,2024-01-01 00:00:00,2025-03-05 04:20:32.913390+00:00,2025-03-05 04:20:38.948274+00:00
tw27228,23,488333,1861,2024-01-01 00:00:00,2025-03-05 04:20:32.913390+00:00,2025-03-05 04:20:38.948274+00:00
tw29189,23,106993,453,2024-01-01 00:00:00,2025-03-05 04:20:32.913390+00:00,2025-03-05 04:20:38.948274+00:00
tw25992,23,170294,812,2024-01-01 00:00:00,2025-03-05 04:20:32.913390+00:00,2025-03-05 04:20:38.948274+00:00
tw28047,23,830905,3344,2024-01-01 00:00:00,2025-03-05 04:20:32.913390+00:00,2025-03-05 04:20:38.948274+00:00
tw27820,23,512868,2031,2024-01-01 00:00:00,2025-03-05 04:20:32.913390+00:00,2025-03-05 04:20:38.948274+00:00
tw28504,23,287892,1258,2024-01-01 00:00:00,2025-03-05 04:20:32.913390+00:00,2025-03-05 04:20:38.948274+00:00
tw26843,23,221357,869,2024-01-01 00:00:00,2025-03-05 04:20:32.913390+00:00,2025-03-05 04:20:38.948274+00:00
tw27438,24,87015,422,2024-01-01 00:00:00,2025-03-05 04:20:32.913390+00:00,2025-03-05 04:20:38.948274+00:00
tw26893,24,387930,1625,2024-01-01 00:00:00,2025-03-05 04:20:32.913390+00:00,2025-03-05 04:20:38.948274+00:00
tw27734,24,3068476,10643,2024-01-01 00:00:00,2025-03-05 04:20:32.913390+00:00,2025-03-05 04:20:38.948274+00:00
tw27665,24,323762,1364,2024-01-01 00:00:00,2025-03-05 04:20:32.913390+00:00,2025-03-05 04:20:38.948274+00:00
tw28384,24,811860,1596,2024-01-01 00:00:00,2025-03-05 04:20:32.913390+00:00,2025-03-05 04:20:38.948274+00:00
tw26692,24,198594,916,2024-01-01 00:00:00,2025-03-05 04:20:32.913390+00:00,2025-03-05 04:20:38.948274+00:00
tw28069,24,431540,1890,2024-01-01 00:00:00,2025-03-05 04:20:32.913390+00:00,2025-03-05 04:20:38.948274+00:00
tw25990,24,44140,214,2024-01-01 00:00:00,2025-03-05 04:20:32.913390+00:00,2025-03-05 04:20:38.948274+00:00
tw27233,24,153850,701,2024-01-01 00:00:00,2025-03-05 04:20:32.913390+00:00,2025-03-05 04:20:38.948274+00:00
tw28167,24,1514225,5939,2024-01-01 00:00:00,2025-03-05 04:20:32.913390+00:00,2025-03-05 04:20:38.948274+00:00
tw26619,24,304485,1418,2024-01-01 00:00:00,2025-03-05 04:20:32.913390+00:00,2025-03-05 04:20:38.948274+00:00
tw28783,25,195330,819,2024-01-01 00:00:00,2025-03-05 04:20:32.913390+00:00,2025-03-05 04:20:38.948274+00:00
tw26381,25,170805,666,2024-01-01 00:00:00,2025-03-05 04:20:32.913390+00:00,2025-03-05 04:20:38.948274+00:00
tw26253,25,12512,84,2024-01-01 00:00:00,2025-03-05 04:20:32.913390+00:00,2025-03-05 04:20:38.948274+00:00
tw26388,25,232791,1046,2024-01-01 00:00:00,2025-03-05 04:20:32.913390+00:00,2025-03-05 04:20:38.948274+00:00
tw26314,25,167369,734,2024-01-01 00:00:00,2025-03-05 04:20:32.913390+00:00,2025-03-05 04:20:38.948274+00:00
tw26967,25,190753,905,2024-01-01 00:00:00,2025-03-05 04:20:32.913390+00:00,2025-03-05 04:20:38.948274+00:00
tw27108,25,281395,1131,2024-01-01 00:00:00,2025-03-05 04:20:32.913390+00:00,2025-03-05 04:20:38.948274+00:00
tw27445,25,414504,1894,2024-01-01 00:00:00,2025-03-05 04:20:32.913390+00:00,2025-03-05 04:20:38.948274+00:00
tw25279,25,55992,689,2024-01-01 00:00:00,2025-03-05 04:20:32.913390+00:00,2025-03-05 04:20:38.948274+00:00
tw28456,25,251719,1134,2024-01-01 00:00:00,2025-03-05 04:20:32.913390+00:00,2025-03-05 04:20:38.948274+00:00
tw26150,25,208892,827,2024-01-01 00:00:00,2025-03-05 04:20:32.913390+00:00,2025-03-05 04:20:38.948274+00:00
tw24239,25,26650,293,2024-01-01 00:00:00,2025-03-05 04:20:32.913390+00:00,2025-03-05 04:20:38.948274+00:00
tw26682,26,191893,844,2024-01-01 00:00:00,2025-03-05 04:20:32.913390+00:00,2025-03-05 04:20:38.948274+00:00
tw28747,26,119270,469,2024-01-01 00:00:00,2025-03-05 04:20:32.913390+00:00,2025-03-05 04:20:38.948274+00:00
tw27736,26,763048,3175,2024-01-01 00:00:00,2025-03-05 04:20:32.913390+00:00,2025-03-05 04:20:38.948274+00:00
tw26650,26,328312,1490,2024-01-01 00:00:00,2025-03-05 04:20:32.913390+00:00,2025-03-05 04:20:38.948274+00:00
tw28311,26,497605,2335,2024-01-01 00:00:00,2025-03-05 04:20:32.913390+00:00,2025-03-05 04:20:38.948274+00:00
tw29439,26,2931230,11094,2024-01-01 00:00:00,2025-03-05 04:20:32.913390+00:00,2025-03-05 04:20:38.948274+00:00
tw28166,26,236445,1035,2024-01-01 00:00:00,2025-03-05 04:20:32.913390+00:00,2025-03-05 04:20:38.948274+00:00
tw29082,26,1804849,7324,2024-01-01 00:00:00,2025-03-05 04:20:32.913390+00:00,2025-03-05 04:20:38.948274+00:00
tw29093,26,1135291,4744,2024-01-01 00:00:00,2025-03-05 04:20:32.913390+00:00,2025-03-05 04:20:38.948274+00:00
tw25222,26,21907,164,2024-01-01 00:00:00,2025-03-05 04:20:32.913390+00:00,2025-03-05 04:20:38.948274+00:00
tw25524,26,161125,1452,2024-01-01 00:00:00,2025-03-05 04:20:32.913390+00:00,2025-03-05 04:20:38.948274+00:00
tw26761,26,503861,2142,2024-01-01 00:00:00,2025-03-05 04:20:32.913390+00:00,2025-03-05 04:20:38.948274+00:00
tw26647,26,995634,4055,2024-01-01 00:00:00,2025-03-05 04:20:32.913390+00:00,2025-03-05 04:20:38.948274+00:00
tw26630,26,2508847,5551,2024-01-01 00:00:00,2025-03-05 04:20:32.913390+00:00,2025-03-05 04:20:38.948274+00:00
tw26805,26,564933,2354,2024-01-01 00:00:00,2025-03-05 04:20:32.913390+00:00,2025-03-05 04:20:38.948274+00:00
tw29099,26,820847,3355,2024-01-01 00:00:00,2025-03-05 04:20:32.913390+00:00,2025-03-05 04:20:38.948274+00:00
tw28484,26,274327,1220,2024-01-01 00:00:00,2025-03-05 04:20:32.913390+00:00,2025-03-05 04:20:38.948274+00:00
tw29390,26,933400,3735,2024-01-01 00:00:00,2025-03-05 04:20:32.913390+00:00,2025-03-05 04:20:38.948274+00:00
tw28435,26,239299,1020,2024-01-01 00:00:00,2025-03-05 04:20:32.913390+00:00,2025-03-05 04:20:38.948274+00:00
tw26320,26,224895,1031,2024-01-01 00:00:00,2025-03-05 04:20:32.913390+00:00,2025-03-05 04:20:38.948274+00:00
tw26645,27,86265,379,2024-01-01 00:00:00,2025-03-05 04:20:32.913390+00:00,2025-03-05 04:20:38.948274+00:00
tw28270,27,192267,762,2024-01-01 00:00:00,2025-03-05 04:20:32.913390+00:00,2025-03-05 04:20:38.948274+00:00
tw29187,27,521464,1971,2024-01-01 00:00:00,2025-03-05 04:20:32.913390+00:00,2025-03-05 04:20:38.948274+00:00
tw26596,27,1282539,5005,2024-01-01 00:00:00,2025-03-05 04:20:32.913390+00:00,2025-03-05 04:20:38.948274+00:00
tw28271,27,381382,1469,2024-01-01 00:00:00,2025-03-05 04:20:32.913390+00:00,2025-03-05 04:20:38.948274+00:00
tw29057,27,207331,915,2024-01-01 00:00:00,2025-03-05 04:20:32.913390+00:00,2025-03-05 04:20:38.948274+00:00
tw28479,27,3529376,13696,2024-01-01 00:00:00,2025-03-05 04:20:32.913390+00:00,2025-03-05 04:20:38.948274+00:00
tw28526,27,347519,1460,2024-01-01 00:00:00,2025-03-05 04:20:32.913390+00:00,2025-03-05 04:20:38.948274+00:00
tw26786,27,1467522,3077,2024-01-01 00:00:00,2025-03-05 04:20:32.913390+00:00,2025-03-05 04:20:38.948274+00:00
tw27435,27,164765,650,2024-01-01 00:00:00,2025-03-05 04:20:32.913390+00:00,2025-03-05 04:20:38.948274+00:00
tw27158,27,112101,500,2024-01-01 00:00:00,2025-03-05 04:20:32.913390+00:00,2025-03-05 04:20:38.948274+00:00
tw21117,27,797635,2072,2024-01-01 00:00:00,2025-03-05 04:20:32.913390+00:00,2025-03-05 04:20:38.948274+00:00
tw28638,27,658671,2600,2024-01-01 00:00:00,2025-03-05 04:20:32.913390+00:00,2025-03-05 04:20:38.948274+00:00
tw25393,27,382365,1710,2024-01-01 00:00:00,2025-03-05 04:20:32.913390+00:00,2025-03-05 04:20:38.948274+00:00
tw28782,27,2641648,10866,2024-01-01 00:00:00,2025-03-05 04:20:32.913390+00:00,2025-03-05 04:20:38.948274+00:00
tw29517,27,1093864,4547,2024-01-01 00:00:00,2025-03-05 04:20:32.913390+00:00,2025-03-05 04:20:38.948274+00:00
tw17104,27,38027989,99031,2024-01-01 00:00:00,2025-03-05 04:20:32.913390+00:00,2025-03-05 04:20:38.948274+00:00
tw28534,27,1607066,6602,2024-01-01 00:00:00,2025-03-05 04:20:32.913390+00:00,2025-03-05 04:20:38.948274+00:00
tw21732,28,341700,1450,2024-01-01 00:00:00,2025-03-05 04:20:32.913390+00:00,2025-03-05 04:20:38.948274+00:00
tw29470,28,2484470,10121,2024-01-01 00:00:00,2025-03-05 04:20:32.913390+00:00,2025-03-05 04:20:38.948274+00:00
tw26756,28,583323,2390,2024-01-01 00:00:00,2025-03-05 04:20:32.913390+00:00,2025-03-05 04:20:38.948274+00:00
tw28654,28,1425780,6083,2024-01-01 00:00:00,2025-03-05 04:20:32.913390+00:00,2025-03-05 04:20:38.948274+00:00
tw25777,28,70556,315,2024-01-01 00:00:00,2025-03-05 04:20:32.913390+00:00,2025-03-05 04:20:38.948274+00:00
tw26958,28,372035,1628,2024-01-01 00:00:00,2025-03-05 04:20:32.913390+00:00,2025-03-05 04:20:38.948274+00:00
tw28508,28,458841,1804,2024-01-01 00:00:00,2025-03-05 04:20:32.913390+00:00,2025-03-05 04:20:38.948274+00:00
tw26764,28,86327,374,2024-01-01 00:00:00,2025-03-05 04:20:32.913390+00:00,2025-03-05 04:20:38.948274+00:00
tw27492,28,208284,1067,2024-01-01 00:00:00,2025-03-05 04:20:32.913390+00:00,2025-03-05 04:20:38.948274+00:00
tw27933,28,2754000,11252,2024-01-01 00:00:00,2025-03-05 04:20:32.913390+00:00,2025-03-05 04:20:38.948274+00:00
tw28477,28,8413333,17967,2024-01-01 00:00:00,2025-03-05 04:20:32.913390+00:00,2025-03-05 04:20:38.948274+00:00
tw27070,28,5098398,21493,2024-01-01 00:00:00,2025-03-05 04:20:32.913390+00:00,2025-03-05 04:20:38.948274+00:00
tw27522,28,1467353,6174,2024-01-01 00:00:00,2025-03-05 04:20:32.913390+00:00,2025-03-05 04:20:38.948274+00:00
tw27340,28,896244,3645,2024-01-01 00:00:00,2025-03-05 04:20:32.913390+00:00,2025-03-05 04:20:38.948274+00:00
tw28501,28,273159,1118,2024-01-01 00:00:00,2025-03-05 04:20:32.913390+00:00,2025-03-05 04:20:38.948274+00:00
tw27603,28,373463,1679,2024-01-01 00:00:00,2025-03-05 04:20:32.913390+00:00,2025-03-05 04:20:38.948274+00:00
tw26242,28,119532,477,2024-01-01 00:00:00,2025-03-05 04:20:32.913390+00:00,2025-03-05 04:20:38.948274+00:00
tw28647,28,1064248,4287,2024-01-01 00:00:00,2025-03-05 04:20:32.913390+00:00,2025-03-05 04:20:38.948274+00:00
tw27414,28,286105,1204,2024-01-01 00:00:00,2025-03-05 04:20:32.913390+00:00,2025-03-05 04:20:38.948274+00:00
tw26845,28,147585,662,2024-01-01 00:00:00,2025-03-05 04:20:32.913390+00:00,2025-03-05 04:20:38.948274+00:00
tw25398,28,26690,163,2024-01-01 00:00:00,2025-03-05 04:20:32.913390+00:00,2025-03-05 04:20:38.948274+00:00
tw28212,28,306719,1386,2024-01-01 00:00:00,2025-03-05 04:20:32.913390+00:00,2025-03-05 04:20:38.948274+00:00
tw26990,28,2681889,10431,2024-01-01 00:00:00,2025-03-05 04:20:32.913390+00:00,2025-03-05 04:20:38.948274+00:00
tw29063,29,676051,2693,2024-01-01 00:00:00,2025-03-05 04:20:32.913390+00:00,2025-03-05 04:20:38.948274+00:00
tw26776,29,980493,4071,2024-01-01 00:00:00,2025-03-05 04:20:32.913390+00:00,2025-03-05 04:20:38.948274+00:00
tw29249,29,539463,2218,2024-01-01 00:00:00,2025-03-05 04:20:32.913390+00:00,2025-03-05 04:20:38.948274+00:00
tw27416,29,632490,2767,2024-01-01 00:00:00,2025-03-05 04:20:32.913390+00:00,2025-03-05 04:20:38.948274+00:00
tw25983,29,70797,307,2024-01-01 00:00:00,2025-03-05 04:20:32.913390+00:00,2025-03-05 04:20:38.948274+00:00
tw28917,29,260047,932,2024-01-01 00:00:00,2025-03-05 04:20:32.913390+00:00,2025-03-05 04:20:38.948274+00:00
tw28179,29,370868,1732,2024-01-01 00:00:00,2025-03-05 04:20:32.913390+00:00,2025-03-05 04:20:38.948274+00:00
tw28475,29,511992,2267,2024-01-01 00:00:00,2025-03-05 04:20:32.913390+00:00,2025-03-05 04:20:38.948274+00:00
tw27155,29,5014002,21348,2024-01-01 00:00:00,2025-03-05 04:20:32.913390+00:00,2025-03-05 04:20:38.948274+00:00
tw28839,29,3693833,14151,2024-01-01 00:00:00,2025-03-05 04:20:32.913390+00:00,2025-03-05 04:20:38.948274+00:00
tw28827,29,411653,1734,2024-01-01 00:00:00,2025-03-05 04:20:32.913390+00:00,2025-03-05 04:20:38.948274+00:00
tw29238,29,284246,1327,2024-01-01 00:00:00,2025-03-05 04:20:32.913390+00:00,2025-03-05 04:20:38.948274+00:00
tw27375,29,734428,2766,2024-01-01 00:00:00,2025-03-05 04:20:32.913390+00:00,2025-03-05 04:20:38.948274+00:00
tw27770,29,622893,2806,2024-01-01 00:00:00,2025-03-05 04:20:32.913390+00:00,2025-03-05 04:20:38.948274+00:00
tw26594,29,271130,1173,2024-01-01 00:00:00,2025-03-05 04:20:32.913390+00:00,2025-03-05 04:20:38.948274+00:00
tw28738,29,2282464,9249,2024-01-01 00:00:00,2025-03-05 04:20:32.913390+00:00,2025-03-05 04:20:38.948274+00:00
tw26690,30,237464,977,2024-01-01 00:00:00,2025-03-05 04:20:32.913390+00:00,2025-03-05 04:20:38.948274+00:00
tw26806,30,165814,720,2024-01-01 00:00:00,2025-03-05 04:20:32.913390+00:00,2025-03-05 04:20:38.948274+00:00
tw27172,30,1257722,5120,2024-01-01 00:00:00,2025-03-05 04:20:32.913390+00:00,2025-03-05 04:20:38.948274+00:00
tw26960,30,232973,1047,2024-01-01 00:00:00,2025-03-05 04:20:32.913390+00:00,2025-03-05 04:20:38.948274+00:00
tw29471,30,563254,2475,2024-01-01 00:00:00,2025-03-05 04:20:32.913390+00:00,2025-03-05 04:20:38.948274+00:00
tw29065,30,110891,468,2024-01-01 00:00:00,2025-03-05 04:20:32.913390+00:00,2025-03-05 04:20:38.948274+00:00
tw28279,30,2078675,8099,2024-01-01 00:00:00,2025-03-05 04:20:32.913390+00:00,2025-03-05 04:20:38.948274+00:00
tw26218,30,546033,1946,2024-01-01 00:00:00,2025-03-05 04:20:32.913390+00:00,2025-03-05 04:20:38.948274+00:00
tw29501,30,2345325,4856,2024-01-01 00:00:00,2025-03-05 04:20:32.913390+00:00,2025-03-05 04:20:38.948274+00:00
tw23377,31,641440,2748,2024-01-01 00:00:00,2025-03-05 04:20:32.913390+00:00,2025-03-05 04:20:38.948274+00:00
tw26382,31,232164,1048,2024-01-01 00:00:00,2025-03-05 04:20:32.913390+00:00,2025-03-05 04:20:38.948274+00:00
tw26147,31,139416,679,2024-01-01 00:00:00,2025-03-05 04:20:32.913390+00:00,2025-03-05 04:20:38.948274+00:00
tw27523,31,439076,2001,2024-01-01 00:00:00,2025-03-05 04:20:32.913390+00:00,2025-03-05 04:20:38.948274+00:00
tw28363,31,424559,1795,2024-01-01 00:00:00,2025-03-05 04:20:32.913390+00:00,2025-03-05 04:20:38.948274+00:00
tw27641,32,578475,2126,2024-01-01 00:00:00,2025-03-05 04:20:32.913390+00:00,2025-03-05 04:20:38.948274+00:00
tw25408,32,95082,1052,2024-01-01 00:00:00,2025-03-05 04:20:32.913390+00:00,2025-03-05 04:20:38.948274+00:00
tw26441,32,1206477,5084,2024-01-01 00:00:00,2025-03-05 04:20:32.913390+00:00,2025-03-05 04:20:38.948274+00:00
tw29379,32,4839349,19305,2024-01-01 00:00:00,2025-03-05 04:20:32.913390+00:00,2025-03-05 04:20:38.948274+00:00
tw26957,32,112584,551,2024-01-01 00:00:00,2025-03-05 04:20:32.913390+00:00,2025-03-05 04:20:38.948274+00:00
tw28752,32,4265619,11212,2024-01-01 00:00:00,2025-03-05 04:20:32.913390+00:00,2025-03-05 04:20:38.948274+00:00
tw27833,32,471261,2010,2024-01-01 00:00:00,2025-03-05 04:20:32.913390+00:00,2025-03-05 04:20:38.948274+00:00
tw26742,33,60504,392,2024-01-01 00:00:00,2025-03-05 04:20:32.913390+00:00,2025-03-05 04:20:38.948274+00:00
tw28198,33,5013413,20586,2024-01-01 00:00:00,2025-03-05 04:20:32.913390+00:00,2025-03-05 04:20:38.948274+00:00
tw28177,33,799977,3446,2024-01-01 00:00:00,2025-03-05 04:20:32.913390+00:00,2025-03-05 04:20:38.948274+00:00
tw29513,33,3952987,15656,2024-01-01 00:00:00,2025-03-05 04:20:32.913390+00:00,2025-03-05 04:20:38.948274+00:00
tw27811,33,588964,2373,2024-01-01 00:00:00,2025-03-05 04:20:32.913390+00:00,2025-03-05 04:20:38.948274+00:00
tw29087,33,5427054,21766,2024-01-01 00:00:00,2025-03-05 04:20:32.913390+00:00,2025-03-05 04:20:38.948274+00:00
tw26625,33,630041,2693,2024-01-01 00:00:00,2025-03-05 04:20:32.913390+00:00,2025-03-05 04:20:38.948274+00:00
tw29007,33,642920,2746,2024-01-01 00:00:00,2025-03-05 04:20:32.913390+00:00,2025-03-05 04:20:38.948274+00:00
tw27109,33,257454,1118,2024-01-01 00:00:00,2025-03-05 04:20:32.913390+00:00,2025-03-05 04:20:38.948274+00:00
tw28378,33,652797,2368,2024-01-01 00:00:00,2025-03-05 04:20:32.913390+00:00,2025-03-05 04:20:38.948274+00:00
tw26513,33,4164255,16432,2024-01-01 00:00:00,2025-03-05 04:20:32.913390+00:00,2025-03-05 04:20:38.948274+00:00
tw28745,34,366468,1518,2024-01-01 00:00:00,2025-03-05 04:20:32.913390+00:00,2025-03-05 04:20:38.948274+00:00
tw28777,34,2090680,8433,2024-01-01 00:00:00,2025-03-05 04:20:32.913390+00:00,2025-03-05 04:20:38.948274+00:00
tw26762,34,325716,1448,2024-01-01 00:00:00,2025-03-05 04:20:32.913390+00:00,2025-03-05 04:20:38.948274+00:00
tw28082,34,241739,1208,2024-01-01 00:00:00,2025-03-05 04:20:32.913390+00:00,2025-03-05 04:20:38.948274+00:00
tw26817,34,7582114,29905,2024-01-01 00:00:00,2025-03-05 04:20:32.913390+00:00,2025-03-05 04:20:38.948274+00:00
tw27666,34,737972,2970,2024-01-01 00:00:00,2025-03-05 04:20:32.913390+00:00,2025-03-05 04:20:38.948274+00:00
tw28826,34,2662453,9985,2024-01-01 00:00:00,2025-03-05 04:20:32.913390+00:00,2025-03-05 04:20:38.948274+00:00
tw28377,34,887957,3568,2024-01-01 00:00:00,2025-03-05 04:20:32.913390+00:00,2025-03-05 04:20:38.948274+00:00
tw26403,34,775309,3439,2024-01-01 00:00:00,2025-03-05 04:20:32.913390+00:00,2025-03-05 04:20:38.948274+00:00
tw25061,34,40675,519,2024-01-01 00:00:00,2025-03-05 04:20:32.913390+00:00,2025-03-05 04:20:38.948274+00:00
tw27491,34,625164,2706,2024-01-01 00:00:00,2025-03-05 04:20:32.913390+00:00,2025-03-05 04:20:38.948274+00:00
tw27222,35,2514659,10124,2024-01-01 00:00:00,2025-03-05 04:20:32.913390+00:00,2025-03-05 04:20:38.948274+00:00
tw29376,35,103382452,387625,2024-01-01 00:00:00,2025-03-05 04:20:32.913390+00:00,2025-03-05 04:20:38.948274+00:00
tw29012,35,1613444,6491,2024-01-01 00:00:00,2025-03-05 04:20:32.913390+00:00,2025-03-05 04:20:38.948274+00:00
tw26431,35,90488,406,2024-01-01 00:00:00,2025-03-05 04:20:32.913390+00:00,2025-03-05 04:20:38.948274+00:00
tw27372,35,2713192,10962,2024-01-01 00:00:00,2025-03-05 04:20:32.913390+00:00,2025-03-05 04:20:38.948274+00:00
tw27178,35,600672,2534,2024-01-01 00:00:00,2025-03-05 04:20:32.913390+00:00,2025-03-05 04:20:38.948274+00:00
tw28063,35,1480393,5821,2024-01-01 00:00:00,2025-03-05 04:20:32.913390+00:00,2025-03-05 04:20:38.948274+00:00
tw26885,35,348709,1484,2024-01-01 00:00:00,2025-03-05 04:20:32.913390+00:00,2025-03-05 04:20:38.948274+00:00
tw26959,35,5117637,20781,2024-01-01 00:00:00,2025-03-05 04:20:32.913390+00:00,2025-03-05 04:20:38.948274+00:00
tw27646,35,470465,2973,2024-01-01 00:00:00,2025-03-05 04:20:32.913390+00:00,2025-03-05 04:20:38.948274+00:00
tw27328,35,960300,4268,2024-01-01 00:00:00,2025-03-05 04:20:32.913390+00:00,2025-03-05 04:20:38.948274+00:00
tw28098,35,150245,699,2024-01-01 00:00:00,2025-03-05 04:20:32.913390+00:00,2025-03-05 04:20:38.948274+00:00
tw28493,35,434637,1730,2024-01-01 00:00:00,2025-03-05 04:20:32.913390+00:00,2025-03-05 04:20:38.948274+00:00
tw28214,35,324024,1378,2024-01-01 00:00:00,2025-03-05 04:20:32.913390+00:00,2025-03-05 04:20:38.948274+00:00
tw29188,35,847025,3590,2024-01-01 00:00:00,2025-03-05 04:20:32.913390+00:00,2025-03-05 04:20:38.948274+00:00
tw28000,35,1123759,4640,2024-01-01 00:00:00,2025-03-05 04:20:32.913390+00:00,2025-03-05 04:20:38.948274+00:00
tw27379,36,616325,2646,2024-01-01 00:00:00,2025-03-05 04:20:32.913390+00:00,2025-03-05 04:20:38.948274+00:00
tw25828,36,133855,1338,2024-01-01 00:00:00,2025-03-05 04:20:32.913390+00:00,2025-03-05 04:20:38.948274+00:00
tw26743,36,2078602,8216,2024-01-01 00:00:00,2025-03-05 04:20:32.913390+00:00,2025-03-05 04:20:38.948274+00:00
tw26949,36,554960,2372,2024-01-01 00:00:00,2025-03-05 04:20:32.913390+00:00,2025-03-05 04:20:38.948274+00:00
tw27961,36,1364582,5352,2024-01-01 00:00:00,2025-03-05 04:20:32.913390+00:00,2025-03-05 04:20:38.948274+00:00
tw26571,36,347769,1524,2024-01-01 00:00:00,2025-03-05 04:20:32.913390+00:00,2025-03-05 04:20:38.948274+00:00
tw26687,36,1296508,4651,2024-01-01 00:00:00,2025-03-05 04:20:32.913390+00:00,2025-03-05 04:20:38.948274+00:00
tw26697,36,2242547,6709,2024-01-01 00:00:00,2025-03-05 04:20:32.913390+00:00,2025-03-05 04:20:38.948274+00:00
tw27966,36,112012,682,2024-01-01 00:00:00,2025-03-05 04:20:32.913390+00:00,2025-03-05 04:20:38.948274+00:00
tw26560,36,2806279,11811,2024-01-01 00:00:00,2025-03-05 04:20:32.913390+00:00,2025-03-05 04:20:38.948274+00:00
tw26661,36,2432513,9933,2024-01-01 00:00:00,2025-03-05 04:20:32.913390+00:00,2025-03-05 04:20:38.948274+00:00
tw28403,36,5009124,21133,2024-01-01 00:00:00,2025-03-05 04:20:32.913390+00:00,2025-03-05 04:20:38.948274+00:00
tw26562,36,1942902,7943,2024-01-01 00:00:00,2025-03-05 04:20:32.913390+00:00,2025-03-05 04:20:38.948274+00:00
tw27001,37,283941,1236,2024-01-01 00:00:00,2025-03-05 04:20:32.913390+00:00,2025-03-05 04:20:38.948274+00:00
tw24531,37,164465,648,2024-01-01 00:00:00,2025-03-05 04:20:32.913390+00:00,2025-03-05 04:20:38.948274+00:00
tw27932,37,2869013,11610,2024-01-01 00:00:00,2025-03-05 04:20:32.913390+00:00,2025-03-05 04:20:38.948274+00:00
tw29428,37,1563157,6016,2024-01-01 00:00:00,2025-03-05 04:20:32.913390+00:00,2025-03-05 04:20:38.948274+00:00
tw27958,37,942810,3507,2024-01-01 00:00:00,2025-03-05 04:20:32.913390+00:00,2025-03-05 04:20:38.948274+00:00
tw27030,37,6773424,26925,2024-01-01 00:00:00,2025-03-05 04:20:32.913390+00:00,2025-03-05 04:20:38.948274+00:00
tw23519,37,1675709,6594,2024-01-01 00:00:00,2025-03-05 04:20:32.913390+00:00,2025-03-05 04:20:38.948274+00:00
tw27360,37,451113,2023,2024-01-01 00:00:00,2025-03-05 04:20:32.913390+00:00,2025-03-05 04:20:38.948274+00:00
tw28158,38,177672,827,2024-01-01 00:00:00,2025-03-05 04:20:32.913390+00:00,2025-03-05 04:20:38.948274+00:00
tw29011,38,615969,2819,2024-01-01 00:00:00,2025-03-05 04:20:32.913390+00:00,2025-03-05 04:20:38.948274+00:00
tw19000,38,2520665,5184,2024-01-01 00:00:00,2025-03-05 04:20:32.913390+00:00,2025-03-05 04:20:38.948274+00:00
tw28083,38,617006,2629,2024-01-01 00:00:00,2025-03-05 04:20:32.913390+00:00,2025-03-05 04:20:38.948274+00:00
tw26339,38,139031,599,2024-01-01 00:00:00,2025-03-05 04:20:32.913390+00:00,2025-03-05 04:20:38.948274+00:00
tw26398,38,143829,609,2024-01-01 00:00:00,2025-03-05 04:20:32.913390+00:00,2025-03-05 04:20:38.948274+00:00
tw28753,38,910475,3671,2024-01-01 00:00:00,2025-03-05 04:20:32.913390+00:00,2025-03-05 04:20:38.948274+00:00
tw27521,38,5279949,21162,2024-01-01 00:00:00,2025-03-05 04:20:32.913390+00:00,2025-03-05 04:20:38.948274+00:00
tw27512,39,957038,4140,2024-01-01 00:00:00,2025-03-05 04:20:32.913390+00:00,2025-03-05 04:20:38.948274+00:00
tw26351,39,150020,702,2024-01-01 00:00:00,2025-03-05 04:20:32.913390+00:00,2025-03-05 04:20:38.948274+00:00
tw29429,39,16382112,63132,2024-01-01 00:00:00,2025-03-05 04:20:32.913390+00:00,2025-03-05 04:20:38.948274+00:00
tw25312,39,43043,186,2024-01-01 00:00:00,2025-03-05 04:20:32.913390+00:00,2025-03-05 04:20:38.948274+00:00
tw25586,40,179165,1572,2024-01-01 00:00:00,2025-03-05 04:20:32.913390+00:00,2025-03-05 04:20:38.948274+00:00
tw27647,40,429724,1775,2024-01-01 00:00:00,2025-03-05 04:20:32.913390+00:00,2025-03-05 04:20:38.948274+00:00
tw27229,40,392099,1799,2024-01-01 00:00:00,2025-03-05 04:20:32.913390+00:00,2025-03-05 04:20:38.948274+00:00
tw26624,40,1289814,5523,2024-01-01 00:00:00,2025-03-05 04:20:32.913390+00:00,2025-03-05 04:20:38.948274+00:00
tw29406,40,2734786,5891,2024-01-01 00:00:00,2025-03-05 04:20:32.913390+00:00,2025-03-05 04:20:38.948274+00:00
tw26426,40,271969,1370,2024-01-01 00:00:00,2025-03-05 04:20:32.913390+00:00,2025-03-05 04:20:38.948274+00:00
tw28392,40,1907772,7502,2024-01-01 00:00:00,2025-03-05 04:20:32.913390+00:00,2025-03-05 04:20:38.948274+00:00
tw27623,40,3703245,14804,2024-01-01 00:00:00,2025-03-05 04:20:32.913390+00:00,2025-03-05 04:20:38.948274+00:00
tw26496,40,309775,1313,2024-01-01 00:00:00,2025-03-05 04:20:32.913390+00:00,2025-03-05 04:20:38.948274+00:00
tw26760,40,2042771,8037,2024-01-01 00:00:00,2025-03-05 04:20:32.913390+00:00,2025-03-05 04:20:38.948274+00:00
tw28309,40,33420810,53874,2024-01-01 00:00:00,2025-03-05 04:20:32.913390+00:00,2025-03-05 04:20:38.948274+00:00
tw29009,41,2209744,8819,2024-01-01 00:00:00,2025-03-05 04:20:32.913390+00:00,2025-03-05 04:20:38.948274+00:00
tw28570,41,873064,3502,2024-01-01 00:00:00,2025-03-05 04:20:32.913390+00:00,2025-03-05 04:20:38.948274+00:00
tw28088,41,1882267,7132,2024-01-01 00:00:00,2025-03-05 04:20:32.913390+00:00,2025-03-05 04:20:38.948274+00:00
tw16078,41,1376687,5561,2024-01-01 00:00:00,2025-03-05 04:20:32.913390+00:00,2025-03-05 04:20:38.948274+00:00
tw26075,41,32005,416,2024-01-01 00:00:00,2025-03-05 04:20:32.913390+00:00,2025-03-05 04:20:38.948274+00:00
tw27534,41,1473829,5851,2024-01-01 00:00:00,2025-03-05 04:20:32.913390+00:00,2025-03-05 04:20:38.948274+00:00
tw26241,41,150036,821,2024-01-01 00:00:00,2025-03-05 04:20:32.913390+00:00,2025-03-05 04:20:38.948274+00:00
tw24253,41,59734,480,2024-01-01 00:00:00,2025-03-05 04:20:32.913390+00:00,2025-03-05 04:20:38.948274+00:00
tw23961,41,39767,231,2024-01-01 00:00:00,2025-03-05 04:20:32.913390+00:00,2025-03-05 04:20:38.948274+00:00
tw26555,41,206044,886,2024-01-01 00:00:00,2025-03-05 04:20:32.913390+00:00,2025-03-05 04:20:38.948274+00:00
tw29401,41,53420378,176557,2024-01-01 00:00:00,2025-03-05 04:20:32.913390+00:00,2025-03-05 04:20:38.948274+00:00
tw27511,42,308241,1466,2024-01-01 00:00:00,2025-03-05 04:20:32.913390+00:00,2025-03-05 04:20:38.948274+00:00
tw28830,42,1932558,7916,2024-01-01 00:00:00,2025-03-05 04:20:32.913390+00:00,2025-03-05 04:20:38.948274+00:00
tw29083,42,4108961,16113,2024-01-01 00:00:00,2025-03-05 04:20:32.913390+00:00,2025-03-05 04:20:38.948274+00:00
tw25761,42,33795,419,2024-01-01 00:00:00,2025-03-05 04:20:32.913390+00:00,2025-03-05 04:20:38.948274+00:00
tw27606,42,2765555,11207,2024-01-01 00:00:00,2025-03-05 04:20:32.913390+00:00,2025-03-05 04:20:38.948274+00:00
tw27053,42,7408853,29806,2024-01-01 00:00:00,2025-03-05 04:20:32.913390+00:00,2025-03-05 04:20:38.948274+00:00
tw27437,42,666695,2797,2024-01-01 00:00:00,2025-03-05 04:20:32.913390+00:00,2025-03-05 04:20:38.948274+00:00
tw28637,42,2394280,9008,2024-01-01 00:00:00,2025-03-05 04:20:32.913390+00:00,2025-03-05 04:20:38.948274+00:00
tw28569,42,5793281,22585,2024-01-01 00:00:00,2025-03-05 04:20:32.913390+00:00,2025-03-05 04:20:38.948274+00:00
tw25861,42,388043,1759,2024-01-01 00:00:00,2025-03-05 04:20:32.913390+00:00,2025-03-05 04:20:38.948274+00:00
tw26077,42,42455,506,2024-01-01 00:00:00,2025-03-05 04:20:32.913390+00:00,2025-03-05 04:20:38.948274+00:00
tw25182,42,109785,953,2024-01-01 00:00:00,2025-03-05 04:20:32.913390+00:00,2025-03-05 04:20:38.948274+00:00
tw27501,43,1016082,3699,2024-01-01 00:00:00,2025-03-05 04:20:32.913390+00:00,2025-03-05 04:20:38.948274+00:00
tw28164,43,6383731,25206,2024-01-01 00:00:00,2025-03-05 04:20:32.913390+00:00,2025-03-05 04:20:38.948274+00:00
tw27836,43,5008699,20277,2024-01-01 00:00:00,2025-03-05 04:20:32.913390+00:00,2025-03-05 04:20:38.948274+00:00
tw27945,43,244026,1265,2024-01-01 00:00:00,2025-03-05 04:20:32.913390+00:00,2025-03-05 04:20:38.948274+00:00
tw26578,44,2138161,8642,2024-01-01 00:00:00,2025-03-05 04:20:32.913390+00:00,2025-03-05 04:20:38.948274+00:00
tw26926,44,5035146,20710,2024-01-01 00:00:00,2025-03-05 04:20:32.913390+00:00,2025-03-05 04:20:38.948274+00:00
tw26707,44,2035707,8484,2024-01-01 00:00:00,2025-03-05 04:20:32.913390+00:00,2025-03-05 04:20:38.948274+00:00
tw28838,44,2668145,10019,2024-01-01 00:00:00,2025-03-05 04:20:32.913390+00:00,2025-03-05 04:20:38.948274+00:00
tw27002,44,4436704,17777,2024-01-01 00:00:00,2025-03-05 04:20:32.913390+00:00,2025-03-05 04:20:38.948274+00:00
tw25522,44,2808422,11851,2024-01-01 00:00:00,2025-03-05 04:20:32.913390+00:00,2025-03-05 04:20:38.948274+00:00
tw27100,44,3869210,15968,2024-01-01 00:00:00,2025-03-05 04:20:32.913390+00:00,2025-03-05 04:20:38.948274+00:00
tw26696,44,5505827,22391,2024-01-01 00:00:00,2025-03-05 04:20:32.913390+00:00,2025-03-05 04:20:38.948274+00:00
tw26759,44,11644999,47720,2024-01-01 00:00:00,2025-03-05 04:20:32.913390+00:00,2025-03-05 04:20:38.948274+00:00
tw27768,44,7092408,28694,2024-01-01 00:00:00,2025-03-05 04:20:32.913390+00:00,2025-03-05 04:20:38.948274+00:00
tw26229,44,60426,714,2024-01-01 00:00:00,2025-03-05 04:20:32.913390+00:00,2025-03-05 04:20:38.948274+00:00
tw26716,44,2346674,9580,2024-01-01 00:00:00,2025-03-05 04:20:32.913390+00:00,2025-03-05 04:20:38.948274+00:00
tw28748,44,5890305,22577,2024-01-01 00:00:00,2025-03-05 04:20:32.913390+00:00,2025-03-05 04:20:38.948274+00:00
tw26656,45,1331631,5706,2024-01-01 00:00:00,2025-03-05 04:20:32.913390+00:00,2025-03-05 04:20:38.948274+00:00
tw27157,45,5706038,22751,2024-01-01 00:00:00,2025-03-05 04:20:32.913390+00:00,2025-03-05 04:20:38.948274+00:00
tw25278,45,59746,560,2024-01-01 00:00:00,2025-03-05 04:20:32.913390+00:00,2025-03-05 04:20:38.948274+00:00
tw26919,46,982652,3701,2024-01-01 00:00:00,2025-03-05 04:20:32.913390+00:00,2025-03-05 04:20:38.948274+00:00
tw26836,46,664693,3206,2024-01-01 00:00:00,2025-03-05 04:20:32.913390+00:00,2025-03-05 04:20:38.948274+00:00
tw23463,47,1279364,5088,2024-01-01 00:00:00,2025-03-05 04:20:32.913390+00:00,2025-03-05 04:20:38.948274+00:00
tw27938,48,1126822,4265,2024-01-01 00:00:00,2025-03-05 04:20:32.913390+00:00,2025-03-05 04:20:38.948274+00:00
tw27648,48,754668,3286,2024-01-01 00:00:00,2025-03-05 04:20:32.913390+00:00,2025-03-05 04:20:38.948274+00:00
tw27045,48,9555672,37924,2024-01-01 00:00:00,2025-03-05 04:20:32.913390+00:00,2025-03-05 04:20:38.948274+00:00
tw28010,48,12439948,49589,2024-01-01 00:00:00,2025-03-05 04:20:32.913390+00:00,2025-03-05 04:20:38.948274+00:00
tw28476,48,929405,4014,2024-01-01 00:00:00,2025-03-05 04:20:32.913390+00:00,2025-03-05 04:20:38.948274+00:00
tw27925,48,10891431,42679,2024-01-01 00:00:00,2025-03-05 04:20:32.913390+00:00,2025-03-05 04:20:38.948274+00:00
tw28892,49,11318711,42100,2024-01-01 00:00:00,2025-03-05 04:20:32.913390+00:00,2025-03-05 04:20:38.948274+00:00
tw29206,49,59953851,217890,2024-01-01 00:00:00,2025-03-05 04:20:32.913390+00:00,2025-03-05 04:20:38.948274+00:00
tw28111,49,3571301,14121,2024-01-01 00:00:00,2025-03-05 04:20:32.913390+00:00,2025-03-05 04:20:38.948274+00:00
tw27840,49,326069,1315,2024-01-01 00:00:00,2025-03-05 04:20:32.913390+00:00,2025-03-05 04:20:38.948274+00:00
tw28509,49,965873,4103,2024-01-01 00:00:00,2025-03-05 04:20:32.913390+00:00,2025-03-05 04:20:38.948274+00:00
tw26941,49,276695,1283,2024-01-01 00:00:00,2025-03-05 04:20:32.913390+00:00,2025-03-05 04:20:38.948274+00:00
tw25728,49,68132,661,2024-01-01 00:00:00,2025-03-05 04:20:32.913390+00:00,2025-03-05 04:20:38.948274+00:00
tw25991,49,1204682,4802,2024-01-01 00:00:00,2025-03-05 04:20:32.913390+00:00,2025-03-05 04:20:38.948274+00:00
tw29235,49,1509140,6016,2024-01-01 00:00:00,2025-03-05 04:20:32.913390+00:00,2025-03-05 04:20:38.948274+00:00
tw27485,49,308772,1399,2024-01-01 00:00:00,2025-03-05 04:20:32.913390+00:00,2025-03-05 04:20:38.948274+00:00
tw29111,49,9877786,42229,2024-01-01 00:00:00,2025-03-05 04:20:32.913390+00:00,2025-03-05 04:20:38.948274+00:00
tw28929,49,5012564,20987,2024-01-01 00:00:00,2025-03-05 04:20:32.913390+00:00,2025-03-05 04:20:38.948274+00:00
tw26579,50,568339,2400,2024-01-01 00:00:00,2025-03-05 04:20:32.913390+00:00,2025-03-05 04:20:38.948274+00:00
tw27017,50,1252358,5284,2024-01-01 00:00:00,2025-03-05 04:20:32.913390+00:00,2025-03-05 04:20:38.948274+00:00
tw27547,50,6807221,26652,2024-01-01 00:00:00,2025-03-05 04:20:32.913390+00:00,2025-03-05 04:20:38.948274+00:00
tw28176,50,2578563,10634,2024-01-01 00:00:00,2025-03-05 04:20:32.913390+00:00,2025-03-05 04:20:38.948274+00:00
tw28349,50,11942363,47924,2024-01-01 00:00:00,2025-03-05 04:20:32.913390+00:00,2025-03-05 04:20:38.948274+00:00
tw28461,50,10601784,41635,2024-01-01 00:00:00,2025-03-05 04:20:32.913390+00:00,2025-03-05 04:20:38.948274+00:00
tw27235,50,430298,2318,2024-01-01 00:00:00,2025-03-05 04:20:32.913390+00:00,2025-03-05 04:20:38.948274+00:00
tw27625,51,4503067,18119,2024-01-01 00:00:00,2025-03-05 04:20:32.913390+00:00,2025-03-05 04:20:38.948274+00:00
tw26917,51,577932,2797,2024-01-01 00:00:00,2025-03-05 04:20:32.913390+00:00,2025-03-05 04:20:38.948274+00:00
tw27946,52,659054,2781,2024-01-01 00:00:00,2025-03-05 04:20:32.913390+00:00,2025-03-05 04:20:38.948274+00:00
tw26515,52,2972079,11306,2024-01-01 00:00:00,2025-03-05 04:20:32.913390+00:00,2025-03-05 04:20:38.948274+00:00
tw26139,52,89425,524,2024-01-01 00:00:00,2025-03-05 04:20:32.913390+00:00,2025-03-05 04:20:38.948274+00:00
tw26405,53,778622,3150,2024-01-01 00:00:00,2025-03-05 04:20:32.913390+00:00,2025-03-05 04:20:38.948274+00:00
tw28564,53,4026254,15481,2024-01-01 00:00:00,2025-03-05 04:20:32.913390+00:00,2025-03-05 04:20:38.948274+00:00
tw28919,53,1329580,5419,2024-01-01 00:00:00,2025-03-05 04:20:32.913390+00:00,2025-03-05 04:20:38.948274+00:00
tw27495,53,6603291,26256,2024-01-01 00:00:00,2025-03-05 04:20:32.913390+00:00,2025-03-05 04:20:38.948274+00:00
tw28653,53,5717297,22649,2024-01-01 00:00:00,2025-03-05 04:20:32.913390+00:00,2025-03-05 04:20:38.948274+00:00
tw27667,53,3633392,14469,2024-01-01 00:00:00,2025-03-05 04:20:32.913390+00:00,2025-03-05 04:20:38.948274+00:00
tw25460,53,281110,1344,2024-01-01 00:00:00,2025-03-05 04:20:32.913390+00:00,2025-03-05 04:20:38.948274+00:00
tw27234,53,1371144,6050,2024-01-01 00:00:00,2025-03-05 04:20:32.913390+00:00,2025-03-05 04:20:38.948274+00:00
tw28527,54,538910,2271,2024-01-01 00:00:00,2025-03-05 04:20:32.913390+00:00,2025-03-05 04:20:38.948274+00:00
tw27443,54,1100649,4899,2024-01-01 00:00:00,2025-03-05 04:20:32.913390+00:00,2025-03-05 04:20:38.948274+00:00
tw28207,54,404524,1837,2024-01-01 00:00:00,2025-03-05 04:20:32.913390+00:00,2025-03-05 04:20:38.948274+00:00
tw29094,55,49097081,183637,2024-01-01 00:00:00,2025-03-05 04:20:32.913390+00:00,2025-03-05 04:20:38.948274+00:00
tw26884,55,193637,1158,2024-01-01 00:00:00,2025-03-05 04:20:32.913390+00:00,2025-03-05 04:20:38.948274+00:00
tw28302,56,2637841,10929,2024-01-01 00:00:00,2025-03-05 04:20:32.913390+00:00,2025-03-05 04:20:38.948274+00:00
tw29190,56,18415165,71900,2024-01-01 00:00:00,2025-03-05 04:20:32.913390+00:00,2025-03-05 04:20:38.948274+00:00
tw28087,56,7216381,21077,2024-01-01 00:00:00,2025-03-05 04:20:32.913390+00:00,2025-03-05 04:20:38.948274+00:00
tw28233,56,3056276,12722,2024-01-01 00:00:00,2025-03-05 04:20:32.913390+00:00,2025-03-05 04:20:38.948274+00:00
tw26552,56,1537011,6390,2024-01-01 00:00:00,2025-03-05 04:20:32.913390+00:00,2025-03-05 04:20:38.948274+00:00
tw26779,57,3187111,12622,2024-01-01 00:00:00,2025-03-05 04:20:32.913390+00:00,2025-03-05 04:20:38.948274+00:00
tw27114,57,1772623,7812,2024-01-01 00:00:00,2025-03-05 04:20:32.913390+00:00,2025-03-05 04:20:38.948274+00:00
tw26842,57,7280331,30281,2024-01-01 00:00:00,2025-03-05 04:20:32.913390+00:00,2025-03-05 04:20:38.948274+00:00
tw27047,57,1181873,5444,2024-01-01 00:00:00,2025-03-05 04:20:32.913390+00:00,2025-03-05 04:20:38.948274+00:00
tw26502,58,2517226,10397,2024-01-01 00:00:00,2025-03-05 04:20:32.913390+00:00,2025-03-05 04:20:38.948274+00:00
tw28735,58,5525703,20062,2024-01-01 00:00:00,2025-03-05 04:20:32.913390+00:00,2025-03-05 04:20:38.948274+00:00
tw26567,58,525736,2563,2024-01-01 00:00:00,2025-03-05 04:20:32.913390+00:00,2025-03-05 04:20:38.948274+00:00
tw24214,58,2193690,8966,2024-01-01 00:00:00,2025-03-05 04:20:32.913390+00:00,2025-03-05 04:20:38.948274+00:00
tw26383,58,2044004,7184,2024-01-01 00:00:00,2025-03-05 04:20:32.913390+00:00,2025-03-05 04:20:38.948274+00:00
tw27965,58,6643072,23749,2024-01-01 00:00:00,2025-03-05 04:20:32.913390+00:00,2025-03-05 04:20:38.948274+00:00
tw28160,59,4101454,16072,2024-01-01 00:00:00,2025-03-05 04:20:32.913390+00:00,2025-03-05 04:20:38.948274+00:00
tw27175,59,2039163,9342,2024-01-01 00:00:00,2025-03-05 04:20:32.913390+00:00,2025-03-05 04:20:38.948274+00:00
tw23714,59,10725810,43902,2024-01-01 00:00:00,2025-03-05 04:20:32.913390+00:00,2025-03-05 04:20:38.948274+00:00
tw26313,59,580382,2273,2024-01-01 00:00:00,2025-03-05 04:20:32.913390+00:00,2025-03-05 04:20:38.948274+00:00
tw29097,59,15940773,57037,2024-01-01 00:00:00,2025-03-05 04:20:32.913390+00:00,2025-03-05 04:20:38.948274+00:00
tw25350,59,1555087,5305,2024-01-01 00:00:00,2025-03-05 04:20:32.913390+00:00,2025-03-05 04:20:38.948274+00:00
tw25590,60,258769,2732,2024-01-01 00:00:00,2025-03-05 04:20:32.913390+00:00,2025-03-05 04:20:38.948274+00:00
tw26066,60,300529,3243,2024-01-01 00:00:00,2025-03-05 04:20:32.913390+00:00,2025-03-05 04:20:38.948274+00:00
tw27014,60,562589,2529,2024-01-01 00:00:00,2025-03-05 04:20:32.913390+00:00,2025-03-05 04:20:38.948274+00:00
tw26471,60,26153402,102202,2024-01-01 00:00:00,2025-03-05 04:20:32.913390+00:00,2025-03-05 04:20:38.948274+00:00
tw27821,61,542487,2687,2024-01-01 00:00:00,2025-03-05 04:20:32.913390+00:00,2025-03-05 04:20:38.948274+00:00
tw25400,62,1892341,6427,2024-01-01 00:00:00,2025-03-05 04:20:32.913390+00:00,2025-03-05 04:20:38.948274+00:00
tw29096,62,13334188,51803,2024-01-01 00:00:00,2025-03-05 04:20:32.913390+00:00,2025-03-05 04:20:38.948274+00:00
tw27644,62,3722806,14331,2024-01-01 00:00:00,2025-03-05 04:20:32.913390+00:00,2025-03-05 04:20:38.948274+00:00
tw26796,63,946349,4280,2024-01-01 00:00:00,2025-03-05 04:20:32.913390+00:00,2025-03-05 04:20:38.948274+00:00
tw25816,63,293605,2356,2024-01-01 00:00:00,2025-03-05 04:20:32.913390+00:00,2025-03-05 04:20:38.948274+00:00
tw27237,63,40263276,158538,2024-01-01 00:00:00,2025-03-05 04:20:32.913390+00:00,2025-03-05 04:20:38.948274+00:00
tw27813,63,437831,2291,2024-01-01 00:00:00,2025-03-05 04:20:32.913390+00:00,2025-03-05 04:20:38.948274+00:00
tw27952,64,11801688,44961,2024-01-01 00:00:00,2025-03-05 04:20:32.913390+00:00,2025-03-05 04:20:38.948274+00:00
tw26631,64,1444516,6068,2024-01-01 00:00:00,2025-03-05 04:20:32.913390+00:00,2025-03-05 04:20:38.948274+00:00
tw25424,64,11548869,45983,2024-01-01 00:00:00,2025-03-05 04:20:32.913390+00:00,2025-03-05 04:20:38.948274+00:00
tw26705,64,557794,2664,2024-01-01 00:00:00,2025-03-05 04:20:32.913390+00:00,2025-03-05 04:20:38.948274+00:00
tw28280,64,5312751,20181,2024-01-01 00:00:00,2025-03-05 04:20:32.913390+00:00,2025-03-05 04:20:38.948274+00:00
tw28301,64,1240051,5044,2024-01-01 00:00:00,2025-03-05 04:20:32.913390+00:00,2025-03-05 04:20:38.948274+00:00
tw26883,65,2317601,9557,2024-01-01 00:00:00,2025-03-05 04:20:32.913390+00:00,2025-03-05 04:20:38.948274+00:00
tw26804,65,417482,1987,2024-01-01 00:00:00,2025-03-05 04:20:32.913390+00:00,2025-03-05 04:20:38.948274+00:00
tw27343,65,22573750,87538,2024-01-01 00:00:00,2025-03-05 04:20:32.913390+00:00,2025-03-05 04:20:38.948274+00:00
tw25306,65,148297,947,2024-01-01 00:00:00,2025-03-05 04:20:32.913390+00:00,2025-03-05 04:20:38.948274+00:00
tw26477,66,364893,1714,2024-01-01 00:00:00,2025-03-05 04:20:32.913390+00:00,2025-03-05 04:20:38.948274+00:00
tw26927,67,9673074,36122,2024-01-01 00:00:00,2025-03-05 04:20:32.913390+00:00,2025-03-05 04:20:38.948274+00:00
tw27301,68,1366149,5866,2024-01-01 00:00:00,2025-03-05 04:20:32.913390+00:00,2025-03-05 04:20:38.948274+00:00
tw28894,68,282480,1175,2024-01-01 00:00:00,2025-03-05 04:20:32.913390+00:00,2025-03-05 04:20:38.948274+00:00
tw28213,68,1507138,6491,2024-01-01 00:00:00,2025-03-05 04:20:32.913390+00:00,2025-03-05 04:20:38.948274+00:00
tw27914,69,6165449,24451,2024-01-01 00:00:00,2025-03-05 04:20:32.913390+00:00,2025-03-05 04:20:38.948274+00:00
tw28404,69,45014156,169851,2024-01-01 00:00:00,2025-03-05 04:20:32.913390+00:00,2025-03-05 04:20:38.948274+00:00
tw28977,70,124042094,447819,2024-01-01 00:00:00,2025-03-05 04:20:32.913390+00:00,2025-03-05 04:20:38.948274+00:00
tw25737,70,478043,2066,2024-01-01 00:00:00,2025-03-05 04:20:32.913390+00:00,2025-03-05 04:20:38.948274+00:00
tw26741,71,4115958,10980,2024-01-01 00:00:00,2025-03-05 04:20:32.913390+00:00,2025-03-05 04:20:38.948274+00:00
tw26581,72,59578082,229374,2024-01-01 00:00:00,2025-03-05 04:20:32.913390+00:00,2025-03-05 04:20:38.948274+00:00
tw26387,72,385685,2170,2024-01-01 00:00:00,2025-03-05 04:20:32.913390+00:00,2025-03-05 04:20:38.948274+00:00
tw27054,73,30334425,95297,2024-01-01 00:00:00,2025-03-05 04:20:32.913390+00:00,2025-03-05 04:20:38.948274+00:00
tw27462,73,7015611,27018,2024-01-01 00:00:00,2025-03-05 04:20:32.913390+00:00,2025-03-05 04:20:38.948274+00:00
tw28877,73,22984537,85536,2024-01-01 00:00:00,2025-03-05 04:20:32.913390+00:00,2025-03-05 04:20:38.948274+00:00
tw28491,73,30252085,101254,2024-01-01 00:00:00,2025-03-05 04:20:32.913390+00:00,2025-03-05 04:20:38.948274+00:00
tw26210,73,653677,4533,2024-01-01 00:00:00,2025-03-05 04:20:32.913390+00:00,2025-03-05 04:20:38.948274+00:00
tw28197,73,3865511,15423,2024-01-01 00:00:00,2025-03-05 04:20:32.913390+00:00,2025-03-05 04:20:38.948274+00:00
tw26795,74,3116195,13973,2024-01-01 00:00:00,2025-03-05 04:20:32.913390+00:00,2025-03-05 04:20:38.948274+00:00
tw26778,74,1186240,5029,2024-01-01 00:00:00,2025-03-05 04:20:32.913390+00:00,2025-03-05 04:20:38.948274+00:00
tw28780,75,20167154,79427,2024-01-01 00:00:00,2025-03-05 04:20:32.913390+00:00,2025-03-05 04:20:38.948274+00:00
tw28478,75,18086922,68716,2024-01-01 00:00:00,2025-03-05 04:20:32.913390+00:00,2025-03-05 04:20:38.948274+00:00
tw28636,75,4696288,20825,2024-01-01 00:00:00,2025-03-05 04:20:32.913390+00:00,2025-03-05 04:20:38.948274+00:00
tw28390,76,12572466,45551,2024-01-01 00:00:00,2025-03-05 04:20:32.913390+00:00,2025-03-05 04:20:38.948274+00:00
tw27490,76,17384263,70067,2024-01-01 00:00:00,2025-03-05 04:20:32.913390+00:00,2025-03-05 04:20:38.948274+00:00
tw26076,76,3470669,14506,2024-01-01 00:00:00,2025-03-05 04:20:32.913390+00:00,2025-03-05 04:20:38.948274+00:00
tw28565,76,78583170,274995,2024-01-01 00:00:00,2025-03-05 04:20:32.913390+00:00,2025-03-05 04:20:38.948274+00:00
tw27633,77,1445616,6306,2024-01-01 00:00:00,2025-03-05 04:20:32.913390+00:00,2025-03-05 04:20:38.948274+00:00
tw26580,77,433431,1862,2024-01-01 00:00:00,2025-03-05 04:20:32.913390+00:00,2025-03-05 04:20:38.948274+00:00
tw27153,77,4679497,18662,2024-01-01 00:00:00,2025-03-05 04:20:32.913390+00:00,2025-03-05 04:20:38.948274+00:00
tw28784,77,28451179,109512,2024-01-01 00:00:00,2025-03-05 04:20:32.913390+00:00,2025-03-05 04:20:38.948274+00:00
tw26775,78,1653690,7564,2024-01-01 00:00:00,2025-03-05 04:20:32.913390+00:00,2025-03-05 04:20:38.948274+00:00
tw26565,79,5221181,21042,2024-01-01 00:00:00,2025-03-05 04:20:32.913390+00:00,2025-03-05 04:20:38.948274+00:00
tw27959,79,34780331,124914,2024-01-01 00:00:00,2025-03-05 04:20:32.913390+00:00,2025-03-05 04:20:38.948274+00:00
tw23934,79,786770,3237,2024-01-01 00:00:00,2025-03-05 04:20:32.913390+00:00,2025-03-05 04:20:38.948274+00:00
tw16420,79,10367220,37153,2024-01-01 00:00:00,2025-03-05 04:20:32.913390+00:00,2025-03-05 04:20:38.948274+00:00
tw26508,80,2689296,12528,2024-01-01 00:00:00,2025-03-05 04:20:32.913390+00:00,2025-03-05 04:20:38.948274+00:00
tw26140,80,13824056,54437,2024-01-01 00:00:00,2025-03-05 04:20:32.913390+00:00,2025-03-05 04:20:38.948274+00:00
tw27913,80,850896,4076,2024-01-01 00:00:00,2025-03-05 04:20:32.913390+00:00,2025-03-05 04:20:38.948274+00:00
tw26664,80,16673554,67144,2024-01-01 00:00:00,2025-03-05 04:20:32.913390+00:00,2025-03-05 04:20:38.948274+00:00
tw27723,81,10344781,39725,2024-01-01 00:00:00,2025-03-05 04:20:32.913390+00:00,2025-03-05 04:20:38.948274+00:00
tw27877,81,4322466,17776,2024-01-01 00:00:00,2025-03-05 04:20:32.913390+00:00,2025-03-05 04:20:38.948274+00:00
tw28395,81,16167136,66025,2024-01-01 00:00:00,2025-03-05 04:20:32.913390+00:00,2025-03-05 04:20:38.948274+00:00
tw28405,82,4196973,18761,2024-01-01 00:00:00,2025-03-05 04:20:32.913390+00:00,2025-03-05 04:20:38.948274+00:00
tw28528,83,53794767,205992,2024-01-01 00:00:00,2025-03-05 04:20:32.913390+00:00,2025-03-05 04:20:38.948274+00:00
tw27567,83,4932017,19664,2024-01-01 00:00:00,2025-03-05 04:20:32.913390+00:00,2025-03-05 04:20:38.948274+00:00
tw26940,83,10071783,41986,2024-01-01 00:00:00,2025-03-05 04:20:32.913390+00:00,2025-03-05 04:20:38.948274+00:00
tw27822,84,7290989,29497,2024-01-01 00:00:00,2025-03-05 04:20:32.913390+00:00,2025-03-05 04:20:38.948274+00:00
tw26668,84,48973878,185221,2024-01-01 00:00:00,2025-03-05 04:20:32.913390+00:00,2025-03-05 04:20:38.948274+00:00
tw27879,85,7260933,27680,2024-01-01 00:00:00,2025-03-05 04:20:32.913390+00:00,2025-03-05 04:20:38.948274+00:00
tw27387,85,11187977,44140,2024-01-01 00:00:00,2025-03-05 04:20:32.913390+00:00,2025-03-05 04:20:38.948274+00:00
tw26989,87,5232071,20984,2024-01-01 00:00:00,2025-03-05 04:20:32.913390+00:00,2025-03-05 04:20:38.948274+00:00
tw26033,88,508443,2196,2024-01-01 00:00:00,2025-03-05 04:20:32.913390+00:00,2025-03-05 04:20:38.948274+00:00
tw26918,89,30299998,118593,2024-01-01 00:00:00,2025-03-05 04:20:32.913390+00:00,2025-03-05 04:20:38.948274+00:00
tw25422,89,1091290,5295,2024-01-01 00:00:00,2025-03-05 04:20:32.913390+00:00,2025-03-05 04:20:38.948274+00:00
tw26478,89,8491319,35567,2024-01-01 00:00:00,2025-03-05 04:20:32.913390+00:00,2025-03-05 04:20:38.948274+00:00
tw24752,90,3349829,13384,2024-01-01 00:00:00,2025-03-05 04:20:32.913390+00:00,2025-03-05 04:20:38.948274+00:00
tw27173,92,3266941,13146,2024-01-01 00:00:00,2025-03-05 04:20:32.913390+00:00,2025-03-05 04:20:38.948274+00:00
tw27121,92,4923610,18681,2024-01-01 00:00:00,2025-03-05 04:20:32.913390+00:00,2025-03-05 04:20:38.948274+00:00
tw28109,93,12573735,48890,2024-01-01 00:00:00,2025-03-05 04:20:32.913390+00:00,2025-03-05 04:20:38.948274+00:00
tw26612,94,12547039,51785,2024-01-01 00:00:00,2025-03-05 04:20:32.913390+00:00,2025-03-05 04:20:38.948274+00:00
tw24917,94,1259835,4253,2024-01-01 00:00:00,2025-03-05 04:20:32.913390+00:00,2025-03-05 04:20:38.948274+00:00
tw28219,96,2224643,9386,2024-01-01 00:00:00,2025-03-05 04:20:32.913390+00:00,2025-03-05 04:20:38.948274+00:00
tw26635,97,41783006,164568,2024-01-01 00:00:00,2025-03-05 04:20:32.913390+00:00,2025-03-05 04:20:38.948274+00:00
tw28393,98,35333267,133487,2024-01-01 00:00:00,2025-03-05 04:20:32.913390+00:00,2025-03-05 04:20:38.948274+00:00
tw26678,99,44762553,167158,2024-01-01 00:00:00,2025-03-05 04:20:32.913390+00:00,2025-03-05 04:20:38.948274+00:00
tw27163,99,40287225,148289,2024-01-01 00:00:00,2025-03-05 04:20:32.913390+00:00,2025-03-05 04:20:38.948274+00:00
tw27870,100,54282044,197871,2024-01-01 00:00:00,2025-03-05 04:20:32.913390+00:00,2025-03-05 04:20:38.948274+00:00
tw26338,101,19747287,79489,2024-01-01 00:00:00,2025-03-05 04:20:32.913390+00:00,2025-03-05 04:20:38.948274+00:00
tw27809,104,16869399,68083,2024-01-01 00:00:00,2025-03-05 04:20:32.913390+00:00,2025-03-05 04:20:38.948274+00:00
tw26738,106,21057728,79882,2024-01-01 00:00:00,2025-03-05 04:20:32.913390+00:00,2025-03-05 04:20:38.948274+00:00
tw27481,107,54591514,192478,2024-01-01 00:00:00,2025-03-05 04:20:32.913390+00:00,2025-03-05 04:20:38.948274+00:00
tw26492,107,33372457,129355,2024-01-01 00:00:00,2025-03-05 04:20:32.913390+00:00,2025-03-05 04:20:38.948274+00:00
tw27607,109,80694101,297157,2024-01-01 00:00:00,2025-03-05 04:20:32.913390+00:00,2025-03-05 04:20:38.948274+00:00
tw26543,109,24867620,96334,2024-01-01 00:00:00,2025-03-05 04:20:32.913390+00:00,2025-03-05 04:20:38.948274+00:00
tw26257,110,4986401,20866,2024-01-01 00:00:00,2025-03-05 04:20:32.913390+00:00,2025-03-05 04:20:38.948274+00:00
tw28090,112,32903662,123584,2024-01-01 00:00:00,2025-03-05 04:20:32.913390+00:00,2025-03-05 04:20:38.948274+00:00
tw27950,112,43216872,175688,2024-01-01 00:00:00,2025-03-05 04:20:32.913390+00:00,2025-03-05 04:20:38.948274+00:00
tw27600,116,8436686,32495,2024-01-01 00:00:00,2025-03-05 04:20:32.913390+00:00,2025-03-05 04:20:38.948274+00:00
tw26788,119,2947261,13282,2024-01-01 00:00:00,2025-03-05 04:20:32.913390+00:00,2025-03-05 04:20:38.948274+00:00
tw28195,119,105960162,357287,2024-01-01 00:00:00,2025-03-05 04:20:32.913390+00:00,2025-03-05 04:20:38.948274+00:00
tw26572,120,123251287,473051,2024-01-01 00:00:00,2025-03-05 04:20:32.913390+00:00,2025-03-05 04:20:38.948274+00:00
tw28114,121,224747242,846787,2024-01-01 00:00:00,2025-03-05 04:20:32.913390+00:00,2025-03-05 04:20:38.948274+00:00
tw26856,122,112241985,430468,2024-01-01 00:00:00,2025-03-05 04:20:32.913390+00:00,2025-03-05 04:20:38.948274+00:00
tw26666,122,20040426,77277,2024-01-01 00:00:00,2025-03-05 04:20:32.913390+00:00,2025-03-05 04:20:38.948274+00:00
tw23602,123,25541901,99437,2024-01-01 00:00:00,2025-03-05 04:20:32.913390+00:00,2025-03-05 04:20:38.948274+00:00
tw25063,123,1628799,7541,2024-01-01 00:00:00,2025-03-05 04:20:32.913390+00:00,2025-03-05 04:20:38.948274+00:00
tw28240,125,69916042,277214,2024-01-01 00:00:00,2025-03-05 04:20:32.913390+00:00,2025-03-05 04:20:38.948274+00:00
tw27947,126,87544478,305702,2024-01-01 00:00:00,2025-03-05 04:20:32.913390+00:00,2025-03-05 04:20:38.948274+00:00
tw27384,131,99571012,372434,2024-01-01 00:00:00,2025-03-05 04:20:32.913390+00:00,2025-03-05 04:20:38.948274+00:00
tw26546,133,8855418,35948,2024-01-01 00:00:00,2025-03-05 04:20:32.913390+00:00,2025-03-05 04:20:38.948274+00:00
tw26686,133,5949489,23412,2024-01-01 00:00:00,2025-03-05 04:20:32.913390+00:00,2025-03-05 04:20:38.948274+00:00
tw27654,134,15423337,62345,2024-01-01 00:00:00,2025-03-05 04:20:32.913390+00:00,2025-03-05 04:20:38.948274+00:00
tw26399,135,65537284,246122,2024-01-01 00:00:00,2025-03-05 04:20:32.913390+00:00,2025-03-05 04:20:38.948274+00:00
tw26510,137,33203870,133990,2024-01-01 00:00:00,2025-03-05 04:20:32.913390+00:00,2025-03-05 04:20:38.948274+00:00
tw26553,137,7623684,29372,2024-01-01 00:00:00,2025-03-05 04:20:32.913390+00:00,2025-03-05 04:20:38.948274+00:00
tw26439,138,60996436,232730,2024-01-01 00:00:00,2025-03-05 04:20:32.913390+00:00,2025-03-05 04:20:38.948274+00:00
tw25730,138,2320492,8684,2024-01-01 00:00:00,2025-03-05 04:20:32.913390+00:00,2025-03-05 04:20:38.948274+00:00
tw27383,142,48412719,187503,2024-01-01 00:00:00,2025-03-05 04:20:32.913390+00:00,2025-03-05 04:20:38.948274+00:00
tw24718,144,15707080,61116,2024-01-01 00:00:00,2025-03-05 04:20:32.913390+00:00,2025-03-05 04:20:38.948274+00:00
tw26968,145,48360145,192678,2024-01-01 00:00:00,2025-03-05 04:20:32.913390+00:00,2025-03-05 04:20:38.948274+00:00
tw26269,146,21523820,84501,2024-01-01 00:00:00,2025-03-05 04:20:32.913390+00:00,2025-03-05 04:20:38.948274+00:00
tw28065,146,301308249,1061117,2024-01-01 00:00:00,2025-03-05 04:20:32.913390+00:00,2025-03-05 04:20:38.948274+00:00
tw27834,148,177602336,673636,2024-01-01 00:00:00,2025-03-05 04:20:32.913390+00:00,2025-03-05 04:20:38.948274+00:00
tw26318,153,32025544,130150,2024-01-01 00:00:00,2025-03-05 04:20:32.913390+00:00,2025-03-05 04:20:38.948274+00:00
tw28046,153,54354514,202405,2024-01-01 00:00:00,2025-03-05 04:20:32.913390+00:00,2025-03-05 04:20:38.948274+00:00
tw25771,154,10144183,41101,2024-01-01 00:00:00,2025-03-05 04:20:32.913390+00:00,2025-03-05 04:20:38.948274+00:00
tw27668,154,218901016,819606,2024-01-01 00:00:00,2025-03-05 04:20:32.913390+00:00,2025-03-05 04:20:38.948274+00:00
tw26945,162,246559764,883544,2024-01-01 00:00:00,2025-03-05 04:20:32.913390+00:00,2025-03-05 04:20:38.948274+00:00
tw26243,164,53031688,200598,2024-01-01 00:00:00,2025-03-05 04:20:32.913390+00:00,2025-03-05 04:20:38.948274+00:00
tw26768,173,234156556,724827,2024-01-01 00:00:00,2025-03-05 04:20:32.913390+00:00,2025-03-05 04:20:38.948274+00:00
tw27655,201,513568643,1925226,2024-01-01 00:00:00,2025-03-05 04:20:32.913390+00:00,2025-03-05 04:20:38.948274+00:00
tw27007,220,268488738,935923,2024-01-01 00:00:00,2025-03-05 04:20:32.913390+00:00,2025-03-05 04:20:38.948274+00:00
tw26751,225,75793338,294162,2024-01-01 00:00:00,2025-03-05 04:20:32.913390+00:00,2025-03-05 04:20:38.948274+00:00
tw25994,257,33042642,134038,2024-01-01 00:00:00,2025-03-05 04:20:32.913390+00:00,2025-03-05 04:20:38.948274+00:00
tw26430,312,16742228,66172,2024-01-01 00:00:00,2025-03-05 04:20:32.913390+00:00,2025-03-05 04:20:38.948274+00:00
tw25212,1,140,1,2025-01-01 00:00:00,2025-03-05 04:20:32.913390+00:00,2025-03-05 04:20:38.948274+00:00
tw25737,1,29210,127,2025-01-01 00:00:00,2025-03-05 04:20:32.913390+00:00,2025-03-05 04:20:38.948274+00:00
tw23614,1,10120,44,2025-01-01 00:00:00,2025-03-05 04:20:32.913390+00:00,2025-03-05 04:20:38.948274+00:00
tw24818,1,0,0,2025-01-01 00:00:00,2025-03-05 04:20:32.913390+00:00,2025-03-05 04:20:38.948274+00:00
tw28270,1,450,3,2025-01-01 00:00:00,2025-03-05 04:20:32.913390+00:00,2025-03-05 04:20:38.948274+00:00
tw28088,1,11040,48,2025-01-01 00:00:00,2025-03-05 04:20:32.913390+00:00,2025-03-05 04:20:38.948274+00:00
tw25141,1,0,0,2025-01-01 00:00:00,2025-03-05 04:20:32.913390+00:00,2025-03-05 04:20:38.948274+00:00
tw29157,1,2800,13,2025-01-01 00:00:00,2025-03-05 04:20:32.913390+00:00,2025-03-05 04:20:38.948274+00:00
tw23795,1,0,0,2025-01-01 00:00:00,2025-03-05 04:20:32.913390+00:00,2025-03-05 04:20:38.948274+00:00
tw24351,1,0,0,2025-01-01 00:00:00,2025-03-05 04:20:32.913390+00:00,2025-03-05 04:20:38.948274+00:00
tw24858,1,10560,44,2025-01-01 00:00:00,2025-03-05 04:20:32.913390+00:00,2025-03-05 04:20:38.948274+00:00
tw26546,1,0,0,2025-01-01 00:00:00,2025-03-05 04:20:32.913390+00:00,2025-03-05 04:20:38.948274+00:00
tw23924,1,0,0,2025-01-01 00:00:00,2025-03-05 04:20:32.913390+00:00,2025-03-05 04:20:38.948274+00:00
tw23548,1,34320,182,2025-01-01 00:00:00,2025-03-05 04:20:32.913390+00:00,2025-03-05 04:20:38.948274+00:00
tw28838,1,230,1,2025-01-01 00:00:00,2025-03-05 04:20:32.913390+00:00,2025-03-05 04:20:38.948274+00:00
tw15103,1,32605,179,2025-01-01 00:00:00,2025-03-05 04:20:32.913390+00:00,2025-03-05 04:20:38.948274+00:00
tw29501,1,2975,7,2025-01-01 00:00:00,2025-03-05 04:20:32.913390+00:00,2025-03-05 04:20:38.948274+00:00
tw18815,1,2915,13,2025-01-01 00:00:00,2025-03-05 04:20:32.913390+00:00,2025-03-05 04:20:38.948274+00:00
tw29466,1,500,2,2025-01-01 00:00:00,2025-03-05 04:20:32.913390+00:00,2025-03-05 04:20:38.948274+00:00
tw26776,1,720,3,2025-01-01 00:00:00,2025-03-05 04:20:32.913390+00:00,2025-03-05 04:20:38.948274+00:00
tw24337,1,12720,31,2025-01-01 00:00:00,2025-03-05 04:20:32.913390+00:00,2025-03-05 04:20:38.948274+00:00
tw28840,1,25300,110,2025-01-01 00:00:00,2025-03-05 04:20:32.913390+00:00,2025-03-05 04:20:38.948274+00:00
tw18848,1,2915,13,2025-01-01 00:00:00,2025-03-05 04:20:32.913390+00:00,2025-03-05 04:20:38.948274+00:00
tw28478,1,600,4,2025-01-01 00:00:00,2025-03-05 04:20:32.913390+00:00,2025-03-05 04:20:38.948274+00:00
tw8873,1,13545,91,2025-01-01 00:00:00,2025-03-05 04:20:32.913390+00:00,2025-03-05 04:20:38.948274+00:00
tw23671,1,0,0,2025-01-01 00:00:00,2025-03-05 04:20:32.913390+00:00,2025-03-05 04:20:38.948274+00:00
tw26515,1,108980,253,2025-01-01 00:00:00,2025-03-05 04:20:32.913390+00:00,2025-03-05 04:20:38.948274+00:00
tw25324,1,19800,90,2025-01-01 00:00:00,2025-03-05 04:20:32.913390+00:00,2025-03-05 04:20:38.948274+00:00
tw18847,1,0,0,2025-01-01 00:00:00,2025-03-05 04:20:32.913390+00:00,2025-03-05 04:20:38.948274+00:00
tw29371,1,8150,38,2025-01-01 00:00:00,2025-03-05 04:20:32.913390+00:00,2025-03-05 04:20:38.948274+00:00
tw26560,1,390,2,2025-01-01 00:00:00,2025-03-05 04:20:32.913390+00:00,2025-03-05 04:20:38.948274+00:00
tw28491,1,115510,268,2025-01-01 00:00:00,2025-03-05 04:20:32.913390+00:00,2025-03-05 04:20:38.948274+00:00
tw28405,1,17600,88,2025-01-01 00:00:00,2025-03-05 04:20:32.913390+00:00,2025-03-05 04:20:38.948274+00:00
tw24663,1,0,0,2025-01-01 00:00:00,2025-03-05 04:20:32.913390+00:00,2025-03-05 04:20:38.948274+00:00
tw29471,1,540,2,2025-01-01 00:00:00,2025-03-05 04:20:32.913390+00:00,2025-03-05 04:20:38.948274+00:00
tw18898,1,2930,13,2025-01-01 00:00:00,2025-03-05 04:20:32.913390+00:00,2025-03-05 04:20:38.948274+00:00
tw18686,1,700,3,2025-01-01 00:00:00,2025-03-05 04:20:32.913390+00:00,2025-03-05 04:20:38.948274+00:00
tw24370,1,0,0,2025-01-01 00:00:00,2025-03-05 04:20:32.913390+00:00,2025-03-05 04:20:38.948274+00:00
tw24531,1,210,1,2025-01-01 00:00:00,2025-03-05 04:20:32.913390+00:00,2025-03-05 04:20:38.948274+00:00
tw23787,2,0,0,2025-01-01 00:00:00,2025-03-05 04:20:32.913390+00:00,2025-03-05 04:20:38.948274+00:00
tw28626,2,1260,5,2025-01-01 00:00:00,2025-03-05 04:20:32.913390+00:00,2025-03-05 04:20:38.948274+00:00
tw26661,2,0,0,2025-01-01 00:00:00,2025-03-05 04:20:32.913390+00:00,2025-03-05 04:20:38.948274+00:00
tw28506,2,10642,42,2025-01-01 00:00:00,2025-03-05 04:20:32.913390+00:00,2025-03-05 04:20:38.948274+00:00
tw20457,2,2855,11,2025-01-01 00:00:00,2025-03-05 04:20:32.913390+00:00,2025-03-05 04:20:38.948274+00:00
tw29985,2,26175,179,2025-01-01 00:00:00,2025-03-05 04:20:32.913390+00:00,2025-03-05 04:20:38.948274+00:00
tw18246,2,140,1,2025-01-01 00:00:00,2025-03-05 04:20:32.913390+00:00,2025-03-05 04:20:38.948274+00:00
tw23721,2,0,0,2025-01-01 00:00:00,2025-03-05 04:20:32.913390+00:00,2025-03-05 04:20:38.948274+00:00
tw3033,2,82149,307,2025-01-01 00:00:00,2025-03-05 04:20:32.913390+00:00,2025-03-05 04:20:38.948274+00:00
tw28736,2,105250,211,2025-01-01 00:00:00,2025-03-05 04:20:32.913390+00:00,2025-03-05 04:20:38.948274+00:00
tw18391,2,750,3,2025-01-01 00:00:00,2025-03-05 04:20:32.913390+00:00,2025-03-05 04:20:38.948274+00:00
tw26305,2,690,3,2025-01-01 00:00:00,2025-03-05 04:20:32.913390+00:00,2025-03-05 04:20:38.948274+00:00
tw28611,2,21120,96,2025-01-01 00:00:00,2025-03-05 04:20:32.913390+00:00,2025-03-05 04:20:38.948274+00:00
tw27054,2,6273,17,2025-01-01 00:00:00,2025-03-05 04:20:32.913390+00:00,2025-03-05 04:20:38.948274+00:00
tw25350,2,68350,275,2025-01-01 00:00:00,2025-03-05 04:20:32.913390+00:00,2025-03-05 04:20:38.948274+00:00
tw24213,2,140,1,2025-01-01 00:00:00,2025-03-05 04:20:32.913390+00:00,2025-03-05 04:20:38.948274+00:00
tw29986,2,16425,113,2025-01-01 00:00:00,2025-03-05 04:20:32.913390+00:00,2025-03-05 04:20:38.948274+00:00
tw18888,2,250,1,2025-01-01 00:00:00,2025-03-05 04:20:32.913390+00:00,2025-03-05 04:20:38.948274+00:00
tw22797,2,5876,23,2025-01-01 00:00:00,2025-03-05 04:20:32.913390+00:00,2025-03-05 04:20:38.948274+00:00
tw25736,2,660,3,2025-01-01 00:00:00,2025-03-05 04:20:32.913390+00:00,2025-03-05 04:20:38.948274+00:00
tw19852,2,980,4,2025-01-01 00:00:00,2025-03-05 04:20:32.913390+00:00,2025-03-05 04:20:38.948274+00:00
tw18227,2,160,1,2025-01-01 00:00:00,2025-03-05 04:20:32.913390+00:00,2025-03-05 04:20:38.948274+00:00
tw18522,2,300,2,2025-01-01 00:00:00,2025-03-05 04:20:32.913390+00:00,2025-03-05 04:20:38.948274+00:00
tw18641,2,500,2,2025-01-01 00:00:00,2025-03-05 04:20:32.913390+00:00,2025-03-05 04:20:38.948274+00:00
tw18137,2,140,1,2025-01-01 00:00:00,2025-03-05 04:20:32.913390+00:00,2025-03-05 04:20:38.948274+00:00
tw18546,2,1460,6,2025-01-01 00:00:00,2025-03-05 04:20:32.913390+00:00,2025-03-05 04:20:38.948274+00:00
tw19640,2,200,1,2025-01-01 00:00:00,2025-03-05 04:20:32.913390+00:00,2025-03-05 04:20:38.948274+00:00
tw18293,2,0,0,2025-01-01 00:00:00,2025-03-05 04:20:32.913390+00:00,2025-03-05 04:20:38.948274+00:00
tw18814,2,5565,23,2025-01-01 00:00:00,2025-03-05 04:20:32.913390+00:00,2025-03-05 04:20:38.948274+00:00
tw27521,3,1030,5,2025-01-01 00:00:00,2025-03-05 04:20:32.913390+00:00,2025-03-05 04:20:38.948274+00:00
tw20963,3,480,2,2025-01-01 00:00:00,2025-03-05 04:20:32.913390+00:00,2025-03-05 04:20:38.948274+00:00
tw27959,3,6212,19,2025-01-01 00:00:00,2025-03-05 04:20:32.913390+00:00,2025-03-05 04:20:38.948274+00:00
tw26278,3,550,3,2025-01-01 00:00:00,2025-03-05 04:20:32.913390+00:00,2025-03-05 04:20:38.948274+00:00
tw19250,3,108550,489,2025-01-01 00:00:00,2025-03-05 04:20:32.913390+00:00,2025-03-05 04:20:38.948274+00:00
tw27668,3,39257,95,2025-01-01 00:00:00,2025-03-05 04:20:32.913390+00:00,2025-03-05 04:20:38.948274+00:00
tw23796,3,1810,8,2025-01-01 00:00:00,2025-03-05 04:20:32.913390+00:00,2025-03-05 04:20:38.948274+00:00
tw26260,3,1380,5,2025-01-01 00:00:00,2025-03-05 04:20:32.913390+00:00,2025-03-05 04:20:38.948274+00:00
tw28195,3,7930,61,2025-01-01 00:00:00,2025-03-05 04:20:32.913390+00:00,2025-03-05 04:20:38.948274+00:00
tw18353,3,320,2,2025-01-01 00:00:00,2025-03-05 04:20:32.913390+00:00,2025-03-05 04:20:38.948274+00:00
tw25400,3,79220,320,2025-01-01 00:00:00,2025-03-05 04:20:32.913390+00:00,2025-03-05 04:20:38.948274+00:00
tw24206,3,0,0,2025-01-01 00:00:00,2025-03-05 04:20:32.913390+00:00,2025-03-05 04:20:38.948274+00:00
tw18312,3,360,2,2025-01-01 00:00:00,2025-03-05 04:20:32.913390+00:00,2025-03-05 04:20:38.948274+00:00
tw18257,3,720,4,2025-01-01 00:00:00,2025-03-05 04:20:32.913390+00:00,2025-03-05 04:20:38.948274+00:00
tw29065,3,2010,8,2025-01-01 00:00:00,2025-03-05 04:20:32.913390+00:00,2025-03-05 04:20:38.948274+00:00
tw29963,3,29575,100,2025-01-01 00:00:00,2025-03-05 04:20:32.913390+00:00,2025-03-05 04:20:38.948274+00:00
tw25638,3,0,0,2025-01-01 00:00:00,2025-03-05 04:20:32.913390+00:00,2025-03-05 04:20:38.948274+00:00
tw22801,3,1110,5,2025-01-01 00:00:00,2025-03-05 04:20:32.913390+00:00,2025-03-05 04:20:38.948274+00:00
tw27547,3,2060,7,2025-01-01 00:00:00,2025-03-05 04:20:32.913390+00:00,2025-03-05 04:20:38.948274+00:00
tw26219,4,880,4,2025-01-01 00:00:00,2025-03-05 04:20:32.913390+00:00,2025-03-05 04:20:38.948274+00:00
tw29795,4,74359,260,2025-01-01 00:00:00,2025-03-05 04:20:32.913390+00:00,2025-03-05 04:20:38.948274+00:00
tw25536,4,680,3,2025-01-01 00:00:00,2025-03-05 04:20:32.913390+00:00,2025-03-05 04:20:38.948274+00:00
tw29238,4,2630,11,2025-01-01 00:00:00,2025-03-05 04:20:32.913390+00:00,2025-03-05 04:20:38.948274+00:00
tw18186,4,580,4,2025-01-01 00:00:00,2025-03-05 04:20:32.913390+00:00,2025-03-05 04:20:38.948274+00:00
tw29165,4,160395,688,2025-01-01 00:00:00,2025-03-05 04:20:32.913390+00:00,2025-03-05 04:20:38.948274+00:00
tw29428,4,3100,11,2025-01-01 00:00:00,2025-03-05 04:20:32.913390+00:00,2025-03-05 04:20:38.948274+00:00
tw27053,4,2300,10,2025-01-01 00:00:00,2025-03-05 04:20:32.913390+00:00,2025-03-05 04:20:38.948274+00:00
tw18180,4,740,5,2025-01-01 00:00:00,2025-03-05 04:20:32.913390+00:00,2025-03-05 04:20:38.948274+00:00
tw20410,4,580,4,2025-01-01 00:00:00,2025-03-05 04:20:32.913390+00:00,2025-03-05 04:20:38.948274+00:00
tw10771,4,91773,324,2025-01-01 00:00:00,2025-03-05 04:20:32.913390+00:00,2025-03-05 04:20:38.948274+00:00
tw21436,4,890,4,2025-01-01 00:00:00,2025-03-05 04:20:32.913390+00:00,2025-03-05 04:20:38.948274+00:00
tw23286,4,440,2,2025-01-01 00:00:00,2025-03-05 04:20:32.913390+00:00,2025-03-05 04:20:38.948274+00:00
tw29122,4,122657,425,2025-01-01 00:00:00,2025-03-05 04:20:32.913390+00:00,2025-03-05 04:20:38.948274+00:00
tw16421,4,86581,309,2025-01-01 00:00:00,2025-03-05 04:20:32.913390+00:00,2025-03-05 04:20:38.948274+00:00
tw21237,4,550,3,2025-01-01 00:00:00,2025-03-05 04:20:32.913390+00:00,2025-03-05 04:20:38.948274+00:00
tw25407,4,1680,8,2025-01-01 00:00:00,2025-03-05 04:20:32.913390+00:00,2025-03-05 04:20:38.948274+00:00
tw21616,4,57606,203,2025-01-01 00:00:00,2025-03-05 04:20:32.913390+00:00,2025-03-05 04:20:38.948274+00:00
tw23742,4,87593,223,2025-01-01 00:00:00,2025-03-05 04:20:32.913390+00:00,2025-03-05 04:20:38.948274+00:00
tw19169,5,710,3,2025-01-01 00:00:00,2025-03-05 04:20:32.913390+00:00,2025-03-05 04:20:38.948274+00:00
tw27836,5,640,3,2025-01-01 00:00:00,2025-03-05 04:20:32.913390+00:00,2025-03-05 04:20:38.948274+00:00
tw20778,5,1620,7,2025-01-01 00:00:00,2025-03-05 04:20:32.913390+00:00,2025-03-05 04:20:38.948274+00:00
tw23338,5,2130,9,2025-01-01 00:00:00,2025-03-05 04:20:32.913390+00:00,2025-03-05 04:20:38.948274+00:00
tw25800,5,0,0,2025-01-01 00:00:00,2025-03-05 04:20:32.913390+00:00,2025-03-05 04:20:38.948274+00:00
tw19270,5,760,3,2025-01-01 00:00:00,2025-03-05 04:20:32.913390+00:00,2025-03-05 04:20:38.948274+00:00
tw26926,5,2180,8,2025-01-01 00:00:00,2025-03-05 04:20:32.913390+00:00,2025-03-05 04:20:38.948274+00:00
tw27623,5,1560,7,2025-01-01 00:00:00,2025-03-05 04:20:32.913390+00:00,2025-03-05 04:20:38.948274+00:00
tw18191,5,2020,8,2025-01-01 00:00:00,2025-03-05 04:20:32.913390+00:00,2025-03-05 04:20:38.948274+00:00
tw27445,5,5350,27,2025-01-01 00:00:00,2025-03-05 04:20:32.913390+00:00,2025-03-05 04:20:38.948274+00:00
tw23362,5,1040,6,2025-01-01 00:00:00,2025-03-05 04:20:32.913390+00:00,2025-03-05 04:20:38.948274+00:00
tw21389,6,1820,7,2025-01-01 00:00:00,2025-03-05 04:20:32.913390+00:00,2025-03-05 04:20:38.948274+00:00
tw24498,6,920,4,2025-01-01 00:00:00,2025-03-05 04:20:32.913390+00:00,2025-03-05 04:20:38.948274+00:00
tw29527,6,1990,9,2025-01-01 00:00:00,2025-03-05 04:20:32.913390+00:00,2025-03-05 04:20:38.948274+00:00
tw19595,6,1940,10,2025-01-01 00:00:00,2025-03-05 04:20:32.913390+00:00,2025-03-05 04:20:38.948274+00:00
tw25994,6,146390,625,2025-01-01 00:00:00,2025-03-05 04:20:32.913390+00:00,2025-03-05 04:20:38.948274+00:00
tw23312,6,1520,7,2025-01-01 00:00:00,2025-03-05 04:20:32.913390+00:00,2025-03-05 04:20:38.948274+00:00
tw25311,6,2340,10,2025-01-01 00:00:00,2025-03-05 04:20:32.913390+00:00,2025-03-05 04:20:38.948274+00:00
tw26381,6,3020,13,2025-01-01 00:00:00,2025-03-05 04:20:32.913390+00:00,2025-03-05 04:20:38.948274+00:00
tw27952,6,3100,13,2025-01-01 00:00:00,2025-03-05 04:20:32.913390+00:00,2025-03-05 04:20:38.948274+00:00
tw23463,7,71358,229,2025-01-01 00:00:00,2025-03-05 04:20:32.913390+00:00,2025-03-05 04:20:38.948274+00:00
tw26405,7,1520,7,2025-01-01 00:00:00,2025-03-05 04:20:32.913390+00:00,2025-03-05 04:20:38.948274+00:00
tw26353,7,1680,7,2025-01-01 00:00:00,2025-03-05 04:20:32.913390+00:00,2025-03-05 04:20:38.948274+00:00
tw29994,7,3031915,11645,2025-01-01 00:00:00,2025-03-05 04:20:32.913390+00:00,2025-03-05 04:20:38.948274+00:00
tw29517,7,20360,84,2025-01-01 00:00:00,2025-03-05 04:20:32.913390+00:00,2025-03-05 04:20:38.948274+00:00
tw26037,7,2230,9,2025-01-01 00:00:00,2025-03-05 04:20:32.913390+00:00,2025-03-05 04:20:38.948274+00:00
tw28709,7,67905,325,2025-01-01 00:00:00,2025-03-05 04:20:32.913390+00:00,2025-03-05 04:20:38.948274+00:00
tw22228,7,20950,97,2025-01-01 00:00:00,2025-03-05 04:20:32.913390+00:00,2025-03-05 04:20:38.948274+00:00
tw29084,7,1240,6,2025-01-01 00:00:00,2025-03-05 04:20:32.913390+00:00,2025-03-05 04:20:38.948274+00:00
tw24917,7,35260,76,2025-01-01 00:00:00,2025-03-05 04:20:32.913390+00:00,2025-03-05 04:20:38.948274+00:00
tw27237,7,2650,12,2025-01-01 00:00:00,2025-03-05 04:20:32.913390+00:00,2025-03-05 04:20:38.948274+00:00
tw25494,7,3270,14,2025-01-01 00:00:00,2025-03-05 04:20:32.913390+00:00,2025-03-05 04:20:38.948274+00:00
tw29634,8,26691,117,2025-01-01 00:00:00,2025-03-05 04:20:32.913390+00:00,2025-03-05 04:20:38.948274+00:00
tw28776,8,12244,51,2025-01-01 00:00:00,2025-03-05 04:20:32.913390+00:00,2025-03-05 04:20:38.948274+00:00
tw26581,8,3320,14,2025-01-01 00:00:00,2025-03-05 04:20:32.913390+00:00,2025-03-05 04:20:38.948274+00:00
tw29652,9,17335,80,2025-01-01 00:00:00,2025-03-05 04:20:32.913390+00:00,2025-03-05 04:20:38.948274+00:00
tw26883,9,175140,739,2025-01-01 00:00:00,2025-03-05 04:20:32.913390+00:00,2025-03-05 04:20:38.948274+00:00
tw29656,9,34035,67,2025-01-01 00:00:00,2025-03-05 04:20:32.913390+00:00,2025-03-05 04:20:38.948274+00:00
tw25933,9,3670,17,2025-01-01 00:00:00,2025-03-05 04:20:32.913390+00:00,2025-03-05 04:20:38.948274+00:00
tw26553,9,94704,344,2025-01-01 00:00:00,2025-03-05 04:20:32.913390+00:00,2025-03-05 04:20:38.948274+00:00
tw28197,9,8340,70,2025-01-01 00:00:00,2025-03-05 04:20:32.913390+00:00,2025-03-05 04:20:38.948274+00:00
tw29390,9,2500,9,2025-01-01 00:00:00,2025-03-05 04:20:32.913390+00:00,2025-03-05 04:20:38.948274+00:00
tw29848,9,461399,1768,2025-01-01 00:00:00,2025-03-05 04:20:32.913390+00:00,2025-03-05 04:20:38.948274+00:00
tw28760,9,12080,48,2025-01-01 00:00:00,2025-03-05 04:20:32.913390+00:00,2025-03-05 04:20:38.948274+00:00
tw29081,9,732552,2407,2025-01-01 00:00:00,2025-03-05 04:20:32.913390+00:00,2025-03-05 04:20:38.948274+00:00
tw25771,9,103755,457,2025-01-01 00:00:00,2025-03-05 04:20:32.913390+00:00,2025-03-05 04:20:38.948274+00:00
tw29689,10,89760,169,2025-01-01 00:00:00,2025-03-05 04:20:32.913390+00:00,2025-03-05 04:20:38.948274+00:00
tw29827,10,495751,750,2025-01-01 00:00:00,2025-03-05 04:20:32.913390+00:00,2025-03-05 04:20:38.948274+00:00
tw21117,10,114898,302,2025-01-01 00:00:00,2025-03-05 04:20:32.913390+00:00,2025-03-05 04:20:38.948274+00:00
tw28082,10,16810,137,2025-01-01 00:00:00,2025-03-05 04:20:32.913390+00:00,2025-03-05 04:20:38.948274+00:00
tw28890,10,15253,69,2025-01-01 00:00:00,2025-03-05 04:20:32.913390+00:00,2025-03-05 04:20:38.948274+00:00
tw25044,10,4440,17,2025-01-01 00:00:00,2025-03-05 04:20:32.913390+00:00,2025-03-05 04:20:38.948274+00:00
tw29097,10,68000,300,2025-01-01 00:00:00,2025-03-05 04:20:32.913390+00:00,2025-03-05 04:20:38.948274+00:00
tw29440,11,93720,176,2025-01-01 00:00:00,2025-03-05 04:20:32.913390+00:00,2025-03-05 04:20:38.948274+00:00
tw27100,11,111570,471,2025-01-01 00:00:00,2025-03-05 04:20:32.913390+00:00,2025-03-05 04:20:38.948274+00:00
tw25424,11,26640,108,2025-01-01 00:00:00,2025-03-05 04:20:32.913390+00:00,2025-03-05 04:20:38.948274+00:00
tw26856,11,4930,18,2025-01-01 00:00:00,2025-03-05 04:20:32.913390+00:00,2025-03-05 04:20:38.948274+00:00
tw28097,11,118399,477,2025-01-01 00:00:00,2025-03-05 04:20:32.913390+00:00,2025-03-05 04:20:38.948274+00:00
tw24734,12,172235,764,2025-01-01 00:00:00,2025-03-05 04:20:32.913390+00:00,2025-03-05 04:20:38.948274+00:00
tw28505,12,5322295,20574,2025-01-01 00:00:00,2025-03-05 04:20:32.913390+00:00,2025-03-05 04:20:38.948274+00:00
tw27007,12,79438,250,2025-01-01 00:00:00,2025-03-05 04:20:32.913390+00:00,2025-03-05 04:20:38.948274+00:00
tw27511,12,35960,278,2025-01-01 00:00:00,2025-03-05 04:20:32.913390+00:00,2025-03-05 04:20:38.948274+00:00
tw21265,12,99575,461,2025-01-01 00:00:00,2025-03-05 04:20:32.913390+00:00,2025-03-05 04:20:38.948274+00:00
tw29923,13,993794,3966,2025-01-01 00:00:00,2025-03-05 04:20:32.913390+00:00,2025-03-05 04:20:38.948274+00:00
tw29643,13,48244,164,2025-01-01 00:00:00,2025-03-05 04:20:32.913390+00:00,2025-03-05 04:20:38.948274+00:00
tw14811,13,1627347,6205,2025-01-01 00:00:00,2025-03-05 04:20:32.913390+00:00,2025-03-05 04:20:38.948274+00:00
tw29957,13,2180441,8546,2025-01-01 00:00:00,2025-03-05 04:20:32.913390+00:00,2025-03-05 04:20:38.948274+00:00
tw29965,13,165070,794,2025-01-01 00:00:00,2025-03-05 04:20:32.913390+00:00,2025-03-05 04:20:38.948274+00:00
tw29805,13,232073,1031,2025-01-01 00:00:00,2025-03-05 04:20:32.913390+00:00,2025-03-05 04:20:38.948274+00:00
tw16414,13,218810,965,2025-01-01 00:00:00,2025-03-05 04:20:32.913390+00:00,2025-03-05 04:20:38.948274+00:00
tw29754,13,125657,345,2025-01-01 00:00:00,2025-03-05 04:20:32.913390+00:00,2025-03-05 04:20:38.948274+00:00
tw29604,13,2169812,8234,2025-01-01 00:00:00,2025-03-05 04:20:32.913390+00:00,2025-03-05 04:20:38.948274+00:00
tw29441,13,644954,2588,2025-01-01 00:00:00,2025-03-05 04:20:32.913390+00:00,2025-03-05 04:20:38.948274+00:00
tw29096,13,23300,90,2025-01-01 00:00:00,2025-03-05 04:20:32.913390+00:00,2025-03-05 04:20:38.948274+00:00
tw28527,14,7650,102,2025-01-01 00:00:00,2025-03-05 04:20:32.913390+00:00,2025-03-05 04:20:38.948274+00:00
tw29610,14,21960,84,2025-01-01 00:00:00,2025-03-05 04:20:32.913390+00:00,2025-03-05 04:20:38.948274+00:00
tw28000,14,9225,123,2025-01-01 00:00:00,2025-03-05 04:20:32.913390+00:00,2025-03-05 04:20:38.948274+00:00
tw29756,14,66200,308,2025-01-01 00:00:00,2025-03-05 04:20:32.913390+00:00,2025-03-05 04:20:38.948274+00:00
tw29764,14,53432,252,2025-01-01 00:00:00,2025-03-05 04:20:32.913390+00:00,2025-03-05 04:20:38.948274+00:00
tw29933,15,78737549,272222,2025-01-01 00:00:00,2025-03-05 04:20:32.913390+00:00,2025-03-05 04:20:38.948274+00:00
tw28240,15,29090,117,2025-01-01 00:00:00,2025-03-05 04:20:32.913390+00:00,2025-03-05 04:20:38.948274+00:00
tw25522,16,49960,200,2025-01-01 00:00:00,2025-03-05 04:20:32.913390+00:00,2025-03-05 04:20:38.948274+00:00
tw29769,16,30485,151,2025-01-01 00:00:00,2025-03-05 04:20:32.913390+00:00,2025-03-05 04:20:38.948274+00:00
tw28219,16,8625,115,2025-01-01 00:00:00,2025-03-05 04:20:32.913390+00:00,2025-03-05 04:20:38.948274+00:00
tw28780,16,41710,384,2025-01-01 00:00:00,2025-03-05 04:20:32.913390+00:00,2025-03-05 04:20:38.948274+00:00
tw29012,16,22718,81,2025-01-01 00:00:00,2025-03-05 04:20:32.913390+00:00,2025-03-05 04:20:38.948274+00:00
tw28919,16,71090,277,2025-01-01 00:00:00,2025-03-05 04:20:32.913390+00:00,2025-03-05 04:20:38.948274+00:00
tw25730,16,17634,62,2025-01-01 00:00:00,2025-03-05 04:20:32.913390+00:00,2025-03-05 04:20:38.948274+00:00
tw28639,16,27395,105,2025-01-01 00:00:00,2025-03-05 04:20:32.913390+00:00,2025-03-05 04:20:38.948274+00:00
tw29605,16,29960,121,2025-01-01 00:00:00,2025-03-05 04:20:32.913390+00:00,2025-03-05 04:20:38.948274+00:00
tw29513,16,23790,81,2025-01-01 00:00:00,2025-03-05 04:20:32.913390+00:00,2025-03-05 04:20:38.948274+00:00
tw29924,17,160781,691,2025-01-01 00:00:00,2025-03-05 04:20:32.913390+00:00,2025-03-05 04:20:38.948274+00:00
tw29786,17,151817,659,2025-01-01 00:00:00,2025-03-05 04:20:32.913390+00:00,2025-03-05 04:20:38.948274+00:00
tw29516,17,36000,136,2025-01-01 00:00:00,2025-03-05 04:20:32.913390+00:00,2025-03-05 04:20:38.948274+00:00
tw29842,18,79698,374,2025-01-01 00:00:00,2025-03-05 04:20:32.913390+00:00,2025-03-05 04:20:38.948274+00:00
tw29630,18,44383,175,2025-01-01 00:00:00,2025-03-05 04:20:32.913390+00:00,2025-03-05 04:20:38.948274+00:00
tw29767,19,225885,940,2025-01-01 00:00:00,2025-03-05 04:20:32.913390+00:00,2025-03-05 04:20:38.948274+00:00
tw29057,19,45420,348,2025-01-01 00:00:00,2025-03-05 04:20:32.913390+00:00,2025-03-05 04:20:38.948274+00:00
tw23727,19,83455,362,2025-01-01 00:00:00,2025-03-05 04:20:32.913390+00:00,2025-03-05 04:20:38.948274+00:00
tw29881,20,401360,1536,2025-01-01 00:00:00,2025-03-05 04:20:32.913390+00:00,2025-03-05 04:20:38.948274+00:00
tw24034,20,729843,2877,2025-01-01 00:00:00,2025-03-05 04:20:32.913390+00:00,2025-03-05 04:20:38.948274+00:00
tw29820,20,1594692,6249,2025-01-01 00:00:00,2025-03-05 04:20:32.913390+00:00,2025-03-05 04:20:38.948274+00:00
tw29812,20,2105139,8056,2025-01-01 00:00:00,2025-03-05 04:20:32.913390+00:00,2025-03-05 04:20:38.948274+00:00
tw29765,20,3060935,12120,2025-01-01 00:00:00,2025-03-05 04:20:32.913390+00:00,2025-03-05 04:20:38.948274+00:00
tw29886,20,382147,1559,2025-01-01 00:00:00,2025-03-05 04:20:32.913390+00:00,2025-03-05 04:20:38.948274+00:00
tw29895,21,25683290,40949,2025-01-01 00:00:00,2025-03-05 04:20:32.913390+00:00,2025-03-05 04:20:38.948274+00:00
tw28488,22,135307,595,2025-01-01 00:00:00,2025-03-05 04:20:32.913390+00:00,2025-03-05 04:20:38.948274+00:00
tw29916,22,14999095,23740,2025-01-01 00:00:00,2025-03-05 04:20:32.913390+00:00,2025-03-05 04:20:38.948274+00:00
tw28892,22,103780,932,2025-01-01 00:00:00,2025-03-05 04:20:32.913390+00:00,2025-03-05 04:20:38.948274+00:00
tw28778,23,151565,662,2025-01-01 00:00:00,2025-03-05 04:20:32.913390+00:00,2025-03-05 04:20:38.948274+00:00
tw27567,23,95560,561,2025-01-01 00:00:00,2025-03-05 04:20:32.913390+00:00,2025-03-05 04:20:38.948274+00:00
tw28065,23,12675,169,2025-01-01 00:00:00,2025-03-05 04:20:32.913390+00:00,2025-03-05 04:20:38.948274+00:00
tw28165,23,829996,3346,2025-01-01 00:00:00,2025-03-05 04:20:32.913390+00:00,2025-03-05 04:20:38.948274+00:00
tw29768,23,395010,1573,2025-01-01 00:00:00,2025-03-05 04:20:32.913390+00:00,2025-03-05 04:20:38.948274+00:00
tw28565,23,89160,774,2025-01-01 00:00:00,2025-03-05 04:20:32.913390+00:00,2025-03-05 04:20:38.948274+00:00
tw27462,23,29500,280,2025-01-01 00:00:00,2025-03-05 04:20:32.913390+00:00,2025-03-05 04:20:38.948274+00:00
tw29052,23,244471,1080,2025-01-01 00:00:00,2025-03-05 04:20:32.913390+00:00,2025-03-05 04:20:38.948274+00:00
tw29439,23,68027,256,2025-01-01 00:00:00,2025-03-05 04:20:32.913390+00:00,2025-03-05 04:20:38.948274+00:00
tw29707,23,2497302,6919,2025-01-01 00:00:00,2025-03-05 04:20:32.913390+00:00,2025-03-05 04:20:38.948274+00:00
tw28964,25,959642,4004,2025-01-01 00:00:00,2025-03-05 04:20:32.913390+00:00,2025-03-05 04:20:38.948274+00:00
tw28395,25,200555,1187,2025-01-01 00:00:00,2025-03-05 04:20:32.913390+00:00,2025-03-05 04:20:38.948274+00:00
tw29779,25,1715795,6630,2025-01-01 00:00:00,2025-03-05 04:20:32.913390+00:00,2025-03-05 04:20:38.948274+00:00
tw29400,26,221156,931,2025-01-01 00:00:00,2025-03-05 04:20:32.913390+00:00,2025-03-05 04:20:38.948274+00:00
tw29813,26,249765,1155,2025-01-01 00:00:00,2025-03-05 04:20:32.913390+00:00,2025-03-05 04:20:38.948274+00:00
tw29379,26,280693,1160,2025-01-01 00:00:00,2025-03-05 04:20:32.913390+00:00,2025-03-05 04:20:38.948274+00:00
tw29430,26,586069,2461,2025-01-01 00:00:00,2025-03-05 04:20:32.913390+00:00,2025-03-05 04:20:38.948274+00:00
tw28894,27,62980,262,2025-01-01 00:00:00,2025-03-05 04:20:32.913390+00:00,2025-03-05 04:20:38.948274+00:00
tw29099,27,33525,447,2025-01-01 00:00:00,2025-03-05 04:20:32.913390+00:00,2025-03-05 04:20:38.948274+00:00
tw29573,27,96044,362,2025-01-01 00:00:00,2025-03-05 04:20:32.913390+00:00,2025-03-05 04:20:38.948274+00:00
tw29843,28,2930446,11946,2025-01-01 00:00:00,2025-03-05 04:20:32.913390+00:00,2025-03-05 04:20:38.948274+00:00
tw29481,28,303729,1427,2025-01-01 00:00:00,2025-03-05 04:20:32.913390+00:00,2025-03-05 04:20:38.948274+00:00
tw28207,28,89034,386,2025-01-01 00:00:00,2025-03-05 04:20:32.913390+00:00,2025-03-05 04:20:38.948274+00:00
tw29885,28,951945,3971,2025-01-01 00:00:00,2025-03-05 04:20:32.913390+00:00,2025-03-05 04:20:38.948274+00:00
tw15169,28,356914,1471,2025-01-01 00:00:00,2025-03-05 04:20:32.913390+00:00,2025-03-05 04:20:38.948274+00:00
tw29841,29,6844743,27000,2025-01-01 00:00:00,2025-03-05 04:20:32.913390+00:00,2025-03-05 04:20:38.948274+00:00
tw29784,29,11438936,43357,2025-01-01 00:00:00,2025-03-05 04:20:32.913390+00:00,2025-03-05 04:20:38.948274+00:00
tw29884,29,7838528,23883,2025-01-01 00:00:00,2025-03-05 04:20:32.913390+00:00,2025-03-05 04:20:38.948274+00:00
tw29798,29,23118957,83437,2025-01-01 00:00:00,2025-03-05 04:20:32.913390+00:00,2025-03-05 04:20:38.948274+00:00
tw29791,29,175915,715,2025-01-01 00:00:00,2025-03-05 04:20:32.913390+00:00,2025-03-05 04:20:38.948274+00:00
tw29584,29,801346,3070,2025-01-01 00:00:00,2025-03-05 04:20:32.913390+00:00,2025-03-05 04:20:38.948274+00:00
tw29883,29,3120155,12709,2025-01-01 00:00:00,2025-03-05 04:20:32.913390+00:00,2025-03-05 04:20:38.948274+00:00
tw29483,30,279242,1206,2025-01-01 00:00:00,2025-03-05 04:20:32.913390+00:00,2025-03-05 04:20:38.948274+00:00
tw29783,30,5786039,21109,2025-01-01 00:00:00,2025-03-05 04:20:32.913390+00:00,2025-03-05 04:20:38.948274+00:00
tw29806,31,20753186,77256,2025-01-01 00:00:00,2025-03-05 04:20:32.913390+00:00,2025-03-05 04:20:38.948274+00:00
tw29755,32,5187383,20305,2025-01-01 00:00:00,2025-03-05 04:20:32.913390+00:00,2025-03-05 04:20:38.948274+00:00
tw29702,32,220457,961,2025-01-01 00:00:00,2025-03-05 04:20:32.913390+00:00,2025-03-05 04:20:38.948274+00:00
tw29733,33,6562374,23919,2025-01-01 00:00:00,2025-03-05 04:20:32.913390+00:00,2025-03-05 04:20:38.948274+00:00
tw29708,33,8925288,34893,2025-01-01 00:00:00,2025-03-05 04:20:32.913390+00:00,2025-03-05 04:20:38.948274+00:00
tw28636,33,481920,1839,2025-01-01 00:00:00,2025-03-05 04:20:32.913390+00:00,2025-03-05 04:20:38.948274+00:00
tw29514,33,499376,2190,2025-01-01 00:00:00,2025-03-05 04:20:32.913390+00:00,2025-03-05 04:20:38.948274+00:00
tw29787,34,925369,3767,2025-01-01 00:00:00,2025-03-05 04:20:32.913390+00:00,2025-03-05 04:20:38.948274+00:00
tw29857,34,15373341,57197,2025-01-01 00:00:00,2025-03-05 04:20:32.913390+00:00,2025-03-05 04:20:38.948274+00:00
tw29206,34,525983,2264,2025-01-01 00:00:00,2025-03-05 04:20:32.913390+00:00,2025-03-05 04:20:38.948274+00:00
tw29719,34,5386303,20401,2025-01-01 00:00:00,2025-03-05 04:20:32.913390+00:00,2025-03-05 04:20:38.948274+00:00
tw28393,35,118145,1196,2025-01-01 00:00:00,2025-03-05 04:20:32.913390+00:00,2025-03-05 04:20:38.948274+00:00
tw29736,35,1161112,4948,2025-01-01 00:00:00,2025-03-05 04:20:32.913390+00:00,2025-03-05 04:20:38.948274+00:00
tw26439,35,129760,1280,2025-01-01 00:00:00,2025-03-05 04:20:32.913390+00:00,2025-03-05 04:20:38.948274+00:00
tw29763,35,7398231,27898,2025-01-01 00:00:00,2025-03-05 04:20:32.913390+00:00,2025-03-05 04:20:38.948274+00:00
tw29672,35,1853760,7450,2025-01-01 00:00:00,2025-03-05 04:20:32.913390+00:00,2025-03-05 04:20:38.948274+00:00
tw29718,35,2640943,10467,2025-01-01 00:00:00,2025-03-05 04:20:32.913390+00:00,2025-03-05 04:20:38.948274+00:00
tw29564,36,564294,2154,2025-01-01 00:00:00,2025-03-05 04:20:32.913390+00:00,2025-03-05 04:20:38.948274+00:00
tw27655,36,37755,304,2025-01-01 00:00:00,2025-03-05 04:20:32.913390+00:00,2025-03-05 04:20:38.948274+00:00
tw29094,36,314542,2044,2025-01-01 00:00:00,2025-03-05 04:20:32.913390+00:00,2025-03-05 04:20:38.948274+00:00
tw27834,36,92063,762,2025-01-01 00:00:00,2025-03-05 04:20:32.913390+00:00,2025-03-05 04:20:38.948274+00:00
tw29372,37,319462,1459,2025-01-01 00:00:00,2025-03-05 04:20:32.913390+00:00,2025-03-05 04:20:38.948274+00:00
tw29714,37,181428,948,2025-01-01 00:00:00,2025-03-05 04:20:32.913390+00:00,2025-03-05 04:20:38.948274+00:00
tw29717,37,1868402,7598,2025-01-01 00:00:00,2025-03-05 04:20:32.913390+00:00,2025-03-05 04:20:38.948274+00:00
tw28239,37,2592089,7396,2025-01-01 00:00:00,2025-03-05 04:20:32.913390+00:00,2025-03-05 04:20:38.948274+00:00
tw29705,38,6168383,15754,2025-01-01 00:00:00,2025-03-05 04:20:32.913390+00:00,2025-03-05 04:20:38.948274+00:00
tw29706,38,1872359,5392,2025-01-01 00:00:00,2025-03-05 04:20:32.913390+00:00,2025-03-05 04:20:38.948274+00:00
tw29502,38,817356,3459,2025-01-01 00:00:00,2025-03-05 04:20:32.913390+00:00,2025-03-05 04:20:38.948274+00:00
tw29654,38,1889116,5685,2025-01-01 00:00:00,2025-03-05 04:20:32.913390+00:00,2025-03-05 04:20:38.948274+00:00
tw29526,39,1998391,7673,2025-01-01 00:00:00,2025-03-05 04:20:32.913390+00:00,2025-03-05 04:20:38.948274+00:00
tw29593,39,370063,1649,2025-01-01 00:00:00,2025-03-05 04:20:32.913390+00:00,2025-03-05 04:20:38.948274+00:00
tw29484,40,419761,1812,2025-01-01 00:00:00,2025-03-05 04:20:32.913390+00:00,2025-03-05 04:20:38.948274+00:00
tw29524,40,591941,2468,2025-01-01 00:00:00,2025-03-05 04:20:32.913390+00:00,2025-03-05 04:20:38.948274+00:00
tw29465,40,479053,1866,2025-01-01 00:00:00,2025-03-05 04:20:32.913390+00:00,2025-03-05 04:20:38.948274+00:00
tw29582,41,2237363,6576,2025-01-01 00:00:00,2025-03-05 04:20:32.913390+00:00,2025-03-05 04:20:38.948274+00:00
tw29758,41,2797413,10939,2025-01-01 00:00:00,2025-03-05 04:20:32.913390+00:00,2025-03-05 04:20:38.948274+00:00
tw29831,41,5207229,20419,2025-01-01 00:00:00,2025-03-05 04:20:32.913390+00:00,2025-03-05 04:20:38.948274+00:00
tw20104,41,2934633,8484,2025-01-01 00:00:00,2025-03-05 04:20:32.913390+00:00,2025-03-05 04:20:38.948274+00:00
tw28220,41,2040371,5756,2025-01-01 00:00:00,2025-03-05 04:20:32.913390+00:00,2025-03-05 04:20:38.948274+00:00
tw29583,41,1832084,5413,2025-01-01 00:00:00,2025-03-05 04:20:32.913390+00:00,2025-03-05 04:20:38.948274+00:00
tw29797,41,4357951,16324,2025-01-01 00:00:00,2025-03-05 04:20:32.913390+00:00,2025-03-05 04:20:38.948274+00:00
tw28877,41,725718,2645,2025-01-01 00:00:00,2025-03-05 04:20:32.913390+00:00,2025-03-05 04:20:38.948274+00:00
tw29190,42,102060,1297,2025-01-01 00:00:00,2025-03-05 04:20:32.913390+00:00,2025-03-05 04:20:38.948274+00:00
tw29669,42,2938763,11519,2025-01-01 00:00:00,2025-03-05 04:20:32.913390+00:00,2025-03-05 04:20:38.948274+00:00
tw29715,42,2864230,6193,2025-01-01 00:00:00,2025-03-05 04:20:32.913390+00:00,2025-03-05 04:20:38.948274+00:00
tw28114,43,1913214,7548,2025-01-01 00:00:00,2025-03-05 04:20:32.913390+00:00,2025-03-05 04:20:38.948274+00:00
tw29592,43,2284072,8242,2025-01-01 00:00:00,2025-03-05 04:20:32.913390+00:00,2025-03-05 04:20:38.948274+00:00
tw28977,43,365358,3012,2025-01-01 00:00:00,2025-03-05 04:20:32.913390+00:00,2025-03-05 04:20:38.948274+00:00
tw29623,44,241631,1178,2025-01-01 00:00:00,2025-03-05 04:20:32.913390+00:00,2025-03-05 04:20:38.948274+00:00
tw27633,45,335235,1508,2025-01-01 00:00:00,2025-03-05 04:20:32.913390+00:00,2025-03-05 04:20:38.948274+00:00
tw29716,46,3083267,12285,2025-01-01 00:00:00,2025-03-05 04:20:32.913390+00:00,2025-03-05 04:20:38.948274+00:00
tw28528,48,456866,3256,2025-01-01 00:00:00,2025-03-05 04:20:32.913390+00:00,2025-03-05 04:20:38.948274+00:00
tw29757,48,5374303,20989,2025-01-01 00:00:00,2025-03-05 04:20:32.913390+00:00,2025-03-05 04:20:38.948274+00:00
tw29082,52,501261,2017,2025-01-01 00:00:00,2025-03-05 04:20:32.913390+00:00,2025-03-05 04:20:38.948274+00:00
tw26430,53,131315,522,2025-01-01 00:00:00,2025-03-05 04:20:32.913390+00:00,2025-03-05 04:20:38.948274+00:00
tw29087,53,601681,2659,2025-01-01 00:00:00,2025-03-05 04:20:32.913390+00:00,2025-03-05 04:20:38.948274+00:00
tw29635,54,18180005,68864,2025-01-01 00:00:00,2025-03-05 04:20:32.913390+00:00,2025-03-05 04:20:38.948274+00:00
tw29653,55,110796947,396876,2025-01-01 00:00:00,2025-03-05 04:20:32.913390+00:00,2025-03-05 04:20:38.948274+00:00
tw29111,56,8938256,37827,2025-01-01 00:00:00,2025-03-05 04:20:32.913390+00:00,2025-03-05 04:20:38.948274+00:00
tw29401,57,8430802,27354,2025-01-01 00:00:00,2025-03-05 04:20:32.913390+00:00,2025-03-05 04:20:38.948274+00:00
tw29611,57,4291417,17218,2025-01-01 00:00:00,2025-03-05 04:20:32.913390+00:00,2025-03-05 04:20:38.948274+00:00
tw29633,57,20531757,78246,2025-01-01 00:00:00,2025-03-05 04:20:32.913390+00:00,2025-03-05 04:20:38.948274+00:00
tw28046,57,1623854,5442,2025-01-01 00:00:00,2025-03-05 04:20:32.913390+00:00,2025-03-05 04:20:38.948274+00:00
tw29645,57,3525464,13382,2025-01-01 00:00:00,2025-03-05 04:20:32.913390+00:00,2025-03-05 04:20:38.948274+00:00
tw17104,57,16805191,43752,2025-01-01 00:00:00,2025-03-05 04:20:32.913390+00:00,2025-03-05 04:20:38.948274+00:00
tw29594,57,36168614,133780,2025-01-01 00:00:00,2025-03-05 04:20:32.913390+00:00,2025-03-05 04:20:38.948274+00:00
tw29376,57,19516005,74521,2025-01-01 00:00:00,2025-03-05 04:20:32.913390+00:00,2025-03-05 04:20:38.948274+00:00
tw29598,57,1626422,6562,2025-01-01 00:00:00,2025-03-05 04:20:32.913390+00:00,2025-03-05 04:20:38.948274+00:00
tw29429,57,4821890,18413,2025-01-01 00:00:00,2025-03-05 04:20:32.913390+00:00,2025-03-05 04:20:38.948274+00:00
