tmdb_id,person_id,data_created_time,data_updated_time
787791,460,2025-03-02 02:38:38.591767+00:00,2025-03-02 09:32:14.316405+00:00
1396,8452,2025-03-02 02:38:38.591767+00:00,2025-03-02 09:32:14.316405+00:00
18311,12453,2025-03-02 02:38:38.591767+00:00,2025-03-02 09:32:14.316405+00:00
888768,21737,2025-03-02 02:38:38.591767+00:00,2025-03-02 09:32:14.316405+00:00
914203,56209,2025-03-02 02:38:38.591767+00:00,2025-03-02 09:32:14.316405+00:00
11830,69167,2025-03-02 02:38:38.591767+00:00,2025-03-02 09:32:14.316405+00:00
1000058,73654,2025-03-02 02:38:38.591767+00:00,2025-03-02 09:32:14.316405+00:00
916224,74091,2025-03-02 02:38:38.591767+00:00,2025-03-02 09:32:14.316405+00:00
546630,104243,2025-03-02 02:38:38.591767+00:00,2025-03-02 09:32:14.316405+00:00
1168166,112752,2025-03-02 02:38:38.591767+00:00,2025-03-02 09:32:14.316405+00:00
436792,118734,2025-03-02 02:38:38.591767+00:00,2025-03-02 09:32:14.316405+00:00
1168336,131288,2025-03-02 02:38:38.591767+00:00,2025-03-02 09:32:14.316405+00:00
693134,137427,2025-03-02 02:38:38.591767+00:00,2025-03-02 09:32:14.316405+00:00
46738,137427,2025-03-02 02:38:38.591767+00:00,2025-03-02 09:32:14.316405+00:00
782044,231866,2025-03-02 02:38:38.591767+00:00,2025-03-02 09:32:14.316405+00:00
833428,239637,2025-03-02 02:38:38.591767+00:00,2025-03-02 09:32:14.316405+00:00
1119114,999723,2025-03-02 02:38:38.591767+00:00,2025-03-02 09:32:14.316405+00:00
796151,1197916,2025-03-02 02:38:38.591767+00:00,2025-03-02 09:32:14.316405+00:00
818621,1204066,2025-03-02 02:38:38.591767+00:00,2025-03-02 09:32:14.316405+00:00
545611,1317730,2025-03-02 02:38:38.591767+00:00,2025-03-02 09:32:14.316405+00:00
827689,1326036,2025-03-02 02:38:38.591767+00:00,2025-03-02 09:32:14.316405+00:00
1120846,1498599,2025-03-02 02:38:38.591767+00:00,2025-03-02 09:32:14.316405+00:00
1083971,1523217,2025-03-02 02:38:38.591767+00:00,2025-03-02 09:32:14.316405+00:00
366672,1535020,2025-03-02 02:38:38.591767+00:00,2025-03-02 09:32:14.316405+00:00
588890,1664690,2025-03-02 02:38:38.591767+00:00,2025-03-02 09:32:14.316405+00:00
1130053,1673449,2025-03-02 02:38:38.591767+00:00,2025-03-02 09:32:14.316405+00:00
865910,1673495,2025-03-02 02:38:38.591767+00:00,2025-03-02 09:32:14.316405+00:00
1029179,1961109,2025-03-02 02:38:38.591767+00:00,2025-03-02 09:32:14.316405+00:00
1075010,2030740,2025-03-02 02:38:38.591767+00:00,2025-03-02 09:32:14.316405+00:00
882598,2218465,2025-03-02 02:38:38.591767+00:00,2025-03-02 09:32:14.316405+00:00
589759,2669990,2025-03-02 02:38:38.591767+00:00,2025-03-02 09:32:14.316405+00:00
1290206,2856873,2025-03-02 02:38:38.591767+00:00,2025-03-02 09:32:14.316405+00:00
824738,3074803,2025-03-02 02:38:38.591767+00:00,2025-03-02 09:32:14.316405+00:00
980078,3122176,2025-03-02 02:38:38.591767+00:00,2025-03-02 09:32:14.316405+00:00
918035,3353532,2025-03-02 02:38:38.591767+00:00,2025-03-02 09:32:14.316405+00:00
1100705,3473917,2025-03-02 02:38:38.591767+00:00,2025-03-02 09:32:14.316405+00:00
807172,64141,2025-03-02 09:32:14.316405+00:00,2025-03-02 09:32:14.316405+00:00
615656,137467,2025-03-02 09:32:14.316405+00:00,2025-03-02 09:32:14.316405+00:00
470,223,2025-03-02 02:38:38.591767+00:00,2025-03-02 09:32:14.316405+00:00
71,468,2025-03-02 02:38:38.591767+00:00,2025-03-02 09:32:14.316405+00:00
86829,1223,2025-03-02 02:38:38.591767+00:00,2025-03-02 09:32:14.316405+00:00
844,12453,2025-03-02 02:38:38.591767+00:00,2025-03-02 09:32:14.316405+00:00
283161,15812,2025-03-02 02:38:38.591767+00:00,2025-03-02 09:32:14.316405+00:00
1114205,20310,2025-03-02 02:38:38.591767+00:00,2025-03-02 09:32:14.316405+00:00
493529,52935,2025-03-02 02:38:38.591767+00:00,2025-03-02 09:32:14.316405+00:00
621587,55934,2025-03-02 02:38:38.591767+00:00,2025-03-02 09:32:14.316405+00:00
42190,63429,2025-03-02 02:38:38.591767+00:00,2025-03-02 09:32:14.316405+00:00
823598,66719,2025-03-02 02:38:38.591767+00:00,2025-03-02 09:32:14.316405+00:00
820517,150975,2025-03-02 02:38:38.591767+00:00,2025-03-02 09:32:14.316405+00:00
1238576,225055,2025-03-02 02:38:38.591767+00:00,2025-03-02 09:32:14.316405+00:00
1119211,233586,2025-03-02 02:38:38.591767+00:00,2025-03-02 09:32:14.316405+00:00
179890,239542,2025-03-02 02:38:38.591767+00:00,2025-03-02 09:32:14.316405+00:00
987573,572028,2025-03-02 02:38:38.591767+00:00,2025-03-02 09:32:14.316405+00:00
93013,996639,2025-03-02 02:38:38.591767+00:00,2025-03-02 09:32:14.316405+00:00
825808,1052055,2025-03-02 02:38:38.591767+00:00,2025-03-02 09:32:14.316405+00:00
200995,1134608,2025-03-02 02:38:38.591767+00:00,2025-03-02 09:32:14.316405+00:00
963131,1264467,2025-03-02 02:38:38.591767+00:00,2025-03-02 09:32:14.316405+00:00
977179,1272144,2025-03-02 02:38:38.591767+00:00,2025-03-02 09:32:14.316405+00:00
1311577,1333995,2025-03-02 02:38:38.591767+00:00,2025-03-02 09:32:14.316405+00:00
1006694,1475472,2025-03-02 02:38:38.591767+00:00,2025-03-02 09:32:14.316405+00:00
756198,1500346,2025-03-02 02:38:38.591767+00:00,2025-03-02 09:32:14.316405+00:00
813079,1720838,2025-03-02 02:38:38.591767+00:00,2025-03-02 09:32:14.316405+00:00
958186,2112566,2025-03-02 02:38:38.591767+00:00,2025-03-02 09:32:14.316405+00:00
998625,2276189,2025-03-02 02:38:38.591767+00:00,2025-03-02 09:32:14.316405+00:00
610150,2403335,2025-03-02 02:38:38.591767+00:00,2025-03-02 09:32:14.316405+00:00
762441,2580328,2025-03-02 02:38:38.591767+00:00,2025-03-02 09:32:14.316405+00:00
800151,2611395,2025-03-02 02:38:38.591767+00:00,2025-03-02 09:32:14.316405+00:00
1024546,2613318,2025-03-02 02:38:38.591767+00:00,2025-03-02 09:32:14.316405+00:00
1103621,2730142,2025-03-02 02:38:38.591767+00:00,2025-03-02 09:32:14.316405+00:00
778855,2905749,2025-03-02 02:38:38.591767+00:00,2025-03-02 09:32:14.316405+00:00
1086747,2957803,2025-03-02 02:38:38.591767+00:00,2025-03-02 09:32:14.316405+00:00
952476,3137399,2025-03-02 02:38:38.591767+00:00,2025-03-02 09:32:14.316405+00:00
942074,3438314,2025-03-02 02:38:38.591767+00:00,2025-03-02 09:32:14.316405+00:00
735726,4387,2025-03-02 02:38:38.591767+00:00,2025-03-02 09:32:14.316405+00:00
746,4956,2025-03-02 02:38:38.591767+00:00,2025-03-02 09:32:14.316405+00:00
453395,7623,2025-03-02 02:38:38.591767+00:00,2025-03-02 09:32:14.316405+00:00
671,10965,2025-03-02 02:38:38.591767+00:00,2025-03-02 09:32:14.316405+00:00
42035,14132,2025-03-02 02:38:38.591767+00:00,2025-03-02 09:32:14.316405+00:00
20342,17380,2025-03-02 02:38:38.591767+00:00,2025-03-02 09:32:14.316405+00:00
661231,18844,2025-03-02 02:38:38.591767+00:00,2025-03-02 09:32:14.316405+00:00
537761,26767,2025-03-02 02:38:38.591767+00:00,2025-03-02 09:32:14.316405+00:00
1064801,51896,2025-03-02 02:38:38.591767+00:00,2025-03-02 09:32:14.316405+00:00
396194,65314,2025-03-02 02:38:38.591767+00:00,2025-03-02 09:32:14.316405+00:00
511819,69759,2025-03-02 02:38:38.591767+00:00,2025-03-02 09:32:14.316405+00:00
1124341,78866,2025-03-02 02:38:38.591767+00:00,2025-03-02 09:32:14.316405+00:00
1244361,80733,2025-03-02 02:38:38.591767+00:00,2025-03-02 09:32:14.316405+00:00
990326,81224,2025-03-02 02:38:38.591767+00:00,2025-03-02 09:32:14.316405+00:00
989909,92831,2025-03-02 02:38:38.591767+00:00,2025-03-02 09:32:14.316405+00:00
553600,109191,2025-03-02 02:38:38.591767+00:00,2025-03-02 09:32:14.316405+00:00
748787,113500,2025-03-02 02:38:38.591767+00:00,2025-03-02 09:32:14.316405+00:00
933785,126714,2025-03-02 02:38:38.591767+00:00,2025-03-02 09:32:14.316405+00:00
519141,143593,2025-03-02 02:38:38.591767+00:00,2025-03-02 09:32:14.316405+00:00
787791,206161,2025-03-02 02:38:38.591767+00:00,2025-03-02 09:32:14.316405+00:00
588890,223657,2025-03-02 02:38:38.591767+00:00,2025-03-02 09:32:14.316405+00:00
644714,480529,2025-03-02 02:38:38.591767+00:00,2025-03-02 09:32:14.316405+00:00
628802,565392,2025-03-02 02:38:38.591767+00:00,2025-03-02 09:32:14.316405+00:00
1165466,585933,2025-03-02 02:38:38.591767+00:00,2025-03-02 09:32:14.316405+00:00
526811,1035304,2025-03-02 02:38:38.591767+00:00,2025-03-02 09:32:14.316405+00:00
1059572,1039349,2025-03-02 02:38:38.591767+00:00,2025-03-02 09:32:14.316405+00:00
635302,1283010,2025-03-02 02:38:38.591767+00:00,2025-03-02 09:32:14.316405+00:00
585216,1306608,2025-03-02 02:38:38.591767+00:00,2025-03-02 09:32:14.316405+00:00
782054,1327767,2025-03-02 02:38:38.591767+00:00,2025-03-02 09:32:14.316405+00:00
823219,1328012,2025-03-02 02:38:38.591767+00:00,2025-03-02 09:32:14.316405+00:00
1188456,1406559,2025-03-02 02:38:38.591767+00:00,2025-03-02 09:32:14.316405+00:00
876792,1654352,2025-03-02 02:38:38.591767+00:00,2025-03-02 09:32:14.316405+00:00
936243,1771406,2025-03-02 02:38:38.591767+00:00,2025-03-02 09:32:14.316405+00:00
1275240,1927823,2025-03-02 02:38:38.591767+00:00,2025-03-02 09:32:14.316405+00:00
764425,1966246,2025-03-02 02:38:38.591767+00:00,2025-03-02 09:32:14.316405+00:00
799668,2204473,2025-03-02 02:38:38.591767+00:00,2025-03-02 09:32:14.316405+00:00
1040284,2275274,2025-03-02 02:38:38.591767+00:00,2025-03-02 09:32:14.316405+00:00
1143959,2650341,2025-03-02 02:38:38.591767+00:00,2025-03-02 09:32:14.316405+00:00
838206,3118286,2025-03-02 02:38:38.591767+00:00,2025-03-02 09:32:14.316405+00:00
913820,3342366,2025-03-02 02:38:38.591767+00:00,2025-03-02 09:32:14.316405+00:00
947514,3467504,2025-03-02 02:38:38.591767+00:00,2025-03-02 09:32:14.316405+00:00
1235022,3927005,2025-03-02 02:38:38.591767+00:00,2025-03-02 09:32:14.316405+00:00
1181045,4280975,2025-03-02 02:38:38.591767+00:00,2025-03-02 09:32:14.316405+00:00
1401562,5116573,2025-03-02 02:38:38.591767+00:00,2025-03-02 09:32:14.316405+00:00
1106501,3985881,2025-03-02 09:32:14.316405+00:00,2025-03-02 09:32:14.316405+00:00
8222,309,2025-03-02 02:38:38.591767+00:00,2025-03-02 09:32:14.316405+00:00
365620,638,2025-03-02 02:38:38.591767+00:00,2025-03-02 09:32:14.316405+00:00
86829,1224,2025-03-02 02:38:38.591767+00:00,2025-03-02 09:32:14.316405+00:00
951491,2150,2025-03-02 02:38:38.591767+00:00,2025-03-02 09:32:14.316405+00:00
821494,7324,2025-03-02 02:38:38.591767+00:00,2025-03-02 09:32:14.316405+00:00
614479,17178,2025-03-02 02:38:38.591767+00:00,2025-03-02 09:32:14.316405+00:00
265712,43652,2025-03-02 02:38:38.591767+00:00,2025-03-02 09:32:14.316405+00:00
967874,50517,2025-03-02 02:38:38.591767+00:00,2025-03-02 09:32:14.316405+00:00
628922,56373,2025-03-02 02:38:38.591767+00:00,2025-03-02 09:32:14.316405+00:00
18860,67259,2025-03-02 02:38:38.591767+00:00,2025-03-02 09:32:14.316405+00:00
678512,72960,2025-03-02 02:38:38.591767+00:00,2025-03-02 09:32:14.316405+00:00
1276210,88084,2025-03-02 02:38:38.591767+00:00,2025-03-02 09:32:14.316405+00:00
1002470,150975,2025-03-02 02:38:38.591767+00:00,2025-03-02 09:32:14.316405+00:00
597859,230715,2025-03-02 02:38:38.591767+00:00,2025-03-02 09:32:14.316405+00:00
1176166,235432,2025-03-02 02:38:38.591767+00:00,2025-03-02 09:32:14.316405+00:00
1121962,235432,2025-03-02 02:38:38.591767+00:00,2025-03-02 09:32:14.316405+00:00
1072582,582595,2025-03-02 02:38:38.591767+00:00,2025-03-02 09:32:14.316405+00:00
844386,583175,2025-03-02 02:38:38.591767+00:00,2025-03-02 09:32:14.316405+00:00
131836,612897,2025-03-02 02:38:38.591767+00:00,2025-03-02 09:32:14.316405+00:00
958161,1079374,2025-03-02 02:38:38.591767+00:00,2025-03-02 09:32:14.316405+00:00
859798,1133053,2025-03-02 02:38:38.591767+00:00,2025-03-02 09:32:14.316405+00:00
973778,1210155,2025-03-02 02:38:38.591767+00:00,2025-03-02 09:32:14.316405+00:00
953233,1276911,2025-03-02 02:38:38.591767+00:00,2025-03-02 09:32:14.316405+00:00
899387,1333870,2025-03-02 02:38:38.591767+00:00,2025-03-02 09:32:14.316405+00:00
1226141,1356771,2025-03-02 02:38:38.591767+00:00,2025-03-02 09:32:14.316405+00:00
1241982,1513971,2025-03-02 02:38:38.591767+00:00,2025-03-02 09:32:14.316405+00:00
904759,1552712,2025-03-02 02:38:38.591767+00:00,2025-03-02 09:32:14.316405+00:00
1030587,1754133,2025-03-02 02:38:38.591767+00:00,2025-03-02 09:32:14.316405+00:00
773910,1764940,2025-03-02 02:38:38.591767+00:00,2025-03-02 09:32:14.316405+00:00
988900,1789105,2025-03-02 02:38:38.591767+00:00,2025-03-02 09:32:14.316405+00:00
1005409,1810345,2025-03-02 02:38:38.591767+00:00,2025-03-02 09:32:14.316405+00:00
1008042,2070452,2025-03-02 02:38:38.591767+00:00,2025-03-02 09:32:14.316405+00:00
1061648,2146603,2025-03-02 02:38:38.591767+00:00,2025-03-02 09:32:14.316405+00:00
640092,2434741,2025-03-02 02:38:38.591767+00:00,2025-03-02 09:32:14.316405+00:00
817485,3048836,2025-03-02 02:38:38.591767+00:00,2025-03-02 09:32:14.316405+00:00
1063814,3137399,2025-03-02 02:38:38.591767+00:00,2025-03-02 09:32:14.316405+00:00
891566,3289267,2025-03-02 02:38:38.591767+00:00,2025-03-02 09:32:14.316405+00:00
955644,3483989,2025-03-02 02:38:38.591767+00:00,2025-03-02 09:32:14.316405+00:00
640146,59026,2025-03-02 09:32:14.316405+00:00,2025-03-02 09:32:14.316405+00:00
819876,224,2025-03-02 02:38:38.591767+00:00,2025-03-02 09:32:14.316405+00:00
147,1650,2025-03-02 02:38:38.591767+00:00,2025-03-02 09:32:14.316405+00:00
37335,16862,2025-03-02 02:38:38.591767+00:00,2025-03-02 09:32:14.316405+00:00
5492,41355,2025-03-02 02:38:38.591767+00:00,2025-03-02 09:32:14.316405+00:00
961418,43652,2025-03-02 02:38:38.591767+00:00,2025-03-02 09:32:14.316405+00:00
676710,57917,2025-03-02 02:38:38.591767+00:00,2025-03-02 09:32:14.316405+00:00
749004,68813,2025-03-02 02:38:38.591767+00:00,2025-03-02 09:32:14.316405+00:00
256106,71056,2025-03-02 02:38:38.591767+00:00,2025-03-02 09:32:14.316405+00:00
27101,96956,2025-03-02 02:38:38.591767+00:00,2025-03-02 09:32:14.316405+00:00
460458,100734,2025-03-02 02:38:38.591767+00:00,2025-03-02 09:32:14.316405+00:00
1026301,134812,2025-03-02 02:38:38.591767+00:00,2025-03-02 09:32:14.316405+00:00
849786,142670,2025-03-02 02:38:38.591767+00:00,2025-03-02 09:32:14.316405+00:00
1201210,234646,2025-03-02 02:38:38.591767+00:00,2025-03-02 09:32:14.316405+00:00
1048516,1107609,2025-03-02 02:38:38.591767+00:00,2025-03-02 09:32:14.316405+00:00
1224589,1146452,2025-03-02 02:38:38.591767+00:00,2025-03-02 09:32:14.316405+00:00
272122,1158867,2025-03-02 02:38:38.591767+00:00,2025-03-02 09:32:14.316405+00:00
1091044,1184109,2025-03-02 02:38:38.591767+00:00,2025-03-02 09:32:14.316405+00:00
674813,1277754,2025-03-02 02:38:38.591767+00:00,2025-03-02 09:32:14.316405+00:00
681260,1304466,2025-03-02 02:38:38.591767+00:00,2025-03-02 09:32:14.316405+00:00
1012201,1325228,2025-03-02 02:38:38.591767+00:00,2025-03-02 09:32:14.316405+00:00
1165466,1397786,2025-03-02 02:38:38.591767+00:00,2025-03-02 09:32:14.316405+00:00
1050491,1400678,2025-03-02 02:38:38.591767+00:00,2025-03-02 09:32:14.316405+00:00
816344,1405878,2025-03-02 02:38:38.591767+00:00,2025-03-02 09:32:14.316405+00:00
1024541,1428801,2025-03-02 02:38:38.591767+00:00,2025-03-02 09:32:14.316405+00:00
818415,1491551,2025-03-02 02:38:38.591767+00:00,2025-03-02 09:32:14.316405+00:00
939939,1576769,2025-03-02 02:38:38.591767+00:00,2025-03-02 09:32:14.316405+00:00
860887,1580569,2025-03-02 02:38:38.591767+00:00,2025-03-02 09:32:14.316405+00:00
853821,1748363,2025-03-02 02:38:38.591767+00:00,2025-03-02 09:32:14.316405+00:00
1234591,1901973,2025-03-02 02:38:38.591767+00:00,2025-03-02 09:32:14.316405+00:00
1026436,1940991,2025-03-02 02:38:38.591767+00:00,2025-03-02 09:32:14.316405+00:00
1274238,2026329,2025-03-02 02:38:38.591767+00:00,2025-03-02 09:32:14.316405+00:00
1024773,2421793,2025-03-02 02:38:38.591767+00:00,2025-03-02 09:32:14.316405+00:00
1246014,2664359,2025-03-02 02:38:38.591767+00:00,2025-03-02 09:32:14.316405+00:00
824742,2726421,2025-03-02 02:38:38.591767+00:00,2025-03-02 09:32:14.316405+00:00
996871,2838953,2025-03-02 02:38:38.591767+00:00,2025-03-02 09:32:14.316405+00:00
1375053,3140690,2025-03-02 02:38:38.591767+00:00,2025-03-02 09:32:14.316405+00:00
846517,3142687,2025-03-02 02:38:38.591767+00:00,2025-03-02 09:32:14.316405+00:00
940247,3431876,2025-03-02 02:38:38.591767+00:00,2025-03-02 09:32:14.316405+00:00
993885,3457652,2025-03-02 02:38:38.591767+00:00,2025-03-02 09:32:14.316405+00:00
1067298,3850107,2025-03-02 02:38:38.591767+00:00,2025-03-02 09:32:14.316405+00:00
10515,608,2025-03-02 02:38:38.591767+00:00,2025-03-02 09:32:14.316405+00:00
646207,876,2025-03-02 02:38:38.591767+00:00,2025-03-02 09:32:14.316405+00:00
580489,1333,2025-03-02 02:38:38.591767+00:00,2025-03-02 09:32:14.316405+00:00
245,3288,2025-03-02 02:38:38.591767+00:00,2025-03-02 09:32:14.316405+00:00
765,7623,2025-03-02 02:38:38.591767+00:00,2025-03-02 09:32:14.316405+00:00
695721,10943,2025-03-02 02:38:38.591767+00:00,2025-03-02 09:32:14.316405+00:00
672,10965,2025-03-02 02:38:38.591767+00:00,2025-03-02 09:32:14.316405+00:00
907,12238,2025-03-02 02:38:38.591767+00:00,2025-03-02 09:32:14.316405+00:00
850028,19774,2025-03-02 02:38:38.591767+00:00,2025-03-02 09:32:14.316405+00:00
940721,43652,2025-03-02 02:38:38.591767+00:00,2025-03-02 09:32:14.316405+00:00
830784,60923,2025-03-02 02:38:38.591767+00:00,2025-03-02 09:32:14.316405+00:00
11599,71056,2025-03-02 02:38:38.591767+00:00,2025-03-02 09:32:14.316405+00:00
662400,71174,2025-03-02 02:38:38.591767+00:00,2025-03-02 09:32:14.316405+00:00
38142,74091,2025-03-02 02:38:38.591767+00:00,2025-03-02 09:32:14.316405+00:00
918044,76910,2025-03-02 02:38:38.591767+00:00,2025-03-02 09:32:14.316405+00:00
1079202,77530,2025-03-02 02:38:38.591767+00:00,2025-03-02 09:32:14.316405+00:00
255856,96856,2025-03-02 02:38:38.591767+00:00,2025-03-02 09:32:14.316405+00:00
1154154,125426,2025-03-02 02:38:38.591767+00:00,2025-03-02 09:32:14.316405+00:00
522931,143059,2025-03-02 02:38:38.591767+00:00,2025-03-02 09:32:14.316405+00:00
795797,150975,2025-03-02 02:38:38.591767+00:00,2025-03-02 09:32:14.316405+00:00
630217,230360,2025-03-02 02:38:38.591767+00:00,2025-03-02 09:32:14.316405+00:00
999056,1002598,2025-03-02 02:38:38.591767+00:00,2025-03-02 09:32:14.316405+00:00
664561,1047497,2025-03-02 02:38:38.591767+00:00,2025-03-02 09:32:14.316405+00:00
660360,1049134,2025-03-02 02:38:38.591767+00:00,2025-03-02 09:32:14.316405+00:00
1231785,1117043,2025-03-02 02:38:38.591767+00:00,2025-03-02 09:32:14.316405+00:00
809695,1139402,2025-03-02 02:38:38.591767+00:00,2025-03-02 09:32:14.316405+00:00
987419,1155290,2025-03-02 02:38:38.591767+00:00,2025-03-02 09:32:14.316405+00:00
1226170,1188818,2025-03-02 02:38:38.591767+00:00,2025-03-02 09:32:14.316405+00:00
947890,1264876,2025-03-02 02:38:38.591767+00:00,2025-03-02 09:32:14.316405+00:00
923579,1265147,2025-03-02 02:38:38.591767+00:00,2025-03-02 09:32:14.316405+00:00
925341,1276771,2025-03-02 02:38:38.591767+00:00,2025-03-02 09:32:14.316405+00:00
1235431,1285657,2025-03-02 02:38:38.591767+00:00,2025-03-02 09:32:14.316405+00:00
842942,1297488,2025-03-02 02:38:38.591767+00:00,2025-03-02 09:32:14.316405+00:00
758323,1299642,2025-03-02 02:38:38.591767+00:00,2025-03-02 09:32:14.316405+00:00
864116,1374429,2025-03-02 02:38:38.591767+00:00,2025-03-02 09:32:14.316405+00:00
900843,1387205,2025-03-02 02:38:38.591767+00:00,2025-03-02 09:32:14.316405+00:00
77248,1456632,2025-03-02 02:38:38.591767+00:00,2025-03-02 09:32:14.316405+00:00
874743,1558201,2025-03-02 02:38:38.591767+00:00,2025-03-02 09:32:14.316405+00:00
1019939,1689814,2025-03-02 02:38:38.591767+00:00,2025-03-02 09:32:14.316405+00:00
899464,1705284,2025-03-02 02:38:38.591767+00:00,2025-03-02 09:32:14.316405+00:00
507089,2103746,2025-03-02 02:38:38.591767+00:00,2025-03-02 09:32:14.316405+00:00
848198,2189115,2025-03-02 02:38:38.591767+00:00,2025-03-02 09:32:14.316405+00:00
987538,3607916,2025-03-02 02:38:38.591767+00:00,2025-03-02 09:32:14.316405+00:00
1076011,3891119,2025-03-02 02:38:38.591767+00:00,2025-03-02 09:32:14.316405+00:00
1108371,3992665,2025-03-02 02:38:38.591767+00:00,2025-03-02 09:32:14.316405+00:00
884,224,2025-03-02 02:38:38.591767+00:00,2025-03-02 09:32:14.316405+00:00
267,309,2025-03-02 02:38:38.591767+00:00,2025-03-02 09:32:14.316405+00:00
129,608,2025-03-02 02:38:38.591767+00:00,2025-03-02 09:32:14.316405+00:00
149871,628,2025-03-02 02:38:38.591767+00:00,2025-03-02 09:32:14.316405+00:00
799583,956,2025-03-02 02:38:38.591767+00:00,2025-03-02 09:32:14.316405+00:00
253235,3026,2025-03-02 02:38:38.591767+00:00,2025-03-02 09:32:14.316405+00:00
624860,9340,2025-03-02 02:38:38.591767+00:00,2025-03-02 09:32:14.316405+00:00
726894,52909,2025-03-02 02:38:38.591767+00:00,2025-03-02 09:32:14.316405+00:00
582881,54675,2025-03-02 02:38:38.591767+00:00,2025-03-02 09:32:14.316405+00:00
996871,65261,2025-03-02 02:38:38.591767+00:00,2025-03-02 09:32:14.316405+00:00
878607,71056,2025-03-02 02:38:38.591767+00:00,2025-03-02 09:32:14.316405+00:00
698687,84496,2025-03-02 02:38:38.591767+00:00,2025-03-02 09:32:14.316405+00:00
569094,89596,2025-03-02 02:38:38.591767+00:00,2025-03-02 09:32:14.316405+00:00
787699,101666,2025-03-02 02:38:38.591767+00:00,2025-03-02 09:32:14.316405+00:00
1287986,115309,2025-03-02 02:38:38.591767+00:00,2025-03-02 09:32:14.316405+00:00
1098275,123199,2025-03-02 02:38:38.591767+00:00,2025-03-02 09:32:14.316405+00:00
725133,138797,2025-03-02 02:38:38.591767+00:00,2025-03-02 09:32:14.316405+00:00
752623,174313,2025-03-02 02:38:38.591767+00:00,2025-03-02 09:32:14.316405+00:00
117129,225738,2025-03-02 02:38:38.591767+00:00,2025-03-02 09:32:14.316405+00:00
579831,230445,2025-03-02 02:38:38.591767+00:00,2025-03-02 09:32:14.316405+00:00
1005979,984416,2025-03-02 02:38:38.591767+00:00,2025-03-02 09:32:14.316405+00:00
661681,994253,2025-03-02 02:38:38.591767+00:00,2025-03-02 09:32:14.316405+00:00
882580,1072375,2025-03-02 02:38:38.591767+00:00,2025-03-02 09:32:14.316405+00:00
120811,1072778,2025-03-02 02:38:38.591767+00:00,2025-03-02 09:32:14.316405+00:00
517815,1145841,2025-03-02 02:38:38.591767+00:00,2025-03-02 09:32:14.316405+00:00
818621,1204065,2025-03-02 02:38:38.591767+00:00,2025-03-02 09:32:14.316405+00:00
1164355,1260451,2025-03-02 02:38:38.591767+00:00,2025-03-02 09:32:14.316405+00:00
1090031,1299703,2025-03-02 02:38:38.591767+00:00,2025-03-02 09:32:14.316405+00:00
646541,1336006,2025-03-02 02:38:38.591767+00:00,2025-03-02 09:32:14.316405+00:00
1100901,1376363,2025-03-02 02:38:38.591767+00:00,2025-03-02 09:32:14.316405+00:00
630240,1392433,2025-03-02 02:38:38.591767+00:00,2025-03-02 09:32:14.316405+00:00
829051,1405645,2025-03-02 02:38:38.591767+00:00,2025-03-02 09:32:14.316405+00:00
863857,1421873,2025-03-02 02:38:38.591767+00:00,2025-03-02 09:32:14.316405+00:00
1015936,1451375,2025-03-02 02:38:38.591767+00:00,2025-03-02 09:32:14.316405+00:00
1079810,1636905,2025-03-02 02:38:38.591767+00:00,2025-03-02 09:32:14.316405+00:00
516729,1717526,2025-03-02 02:38:38.591767+00:00,2025-03-02 09:32:14.316405+00:00
766475,1814510,2025-03-02 02:38:38.591767+00:00,2025-03-02 09:32:14.316405+00:00
1033176,1988887,2025-03-02 02:38:38.591767+00:00,2025-03-02 09:32:14.316405+00:00
893366,2181532,2025-03-02 02:38:38.591767+00:00,2025-03-02 09:32:14.316405+00:00
795254,2927206,2025-03-02 02:38:38.591767+00:00,2025-03-02 09:32:14.316405+00:00
893030,3293749,2025-03-02 02:38:38.591767+00:00,2025-03-02 09:32:14.316405+00:00
991898,3601140,2025-03-02 02:38:38.591767+00:00,2025-03-02 09:32:14.316405+00:00
1083971,3910970,2025-03-02 02:38:38.591767+00:00,2025-03-02 09:32:14.316405+00:00
1314446,4818790,2025-03-02 02:38:38.591767+00:00,2025-03-02 09:32:14.316405+00:00
814757,39,2025-03-02 02:38:38.591767+00:00,2025-03-02 09:32:14.316405+00:00
62,240,2025-03-02 02:38:38.591767+00:00,2025-03-02 09:32:14.316405+00:00
558449,578,2025-03-02 02:38:38.591767+00:00,2025-03-02 09:32:14.316405+00:00
8392,608,2025-03-02 02:38:38.591767+00:00,2025-03-02 09:32:14.316405+00:00
744,893,2025-03-02 02:38:38.591767+00:00,2025-03-02 09:32:14.316405+00:00
581,1269,2025-03-02 02:38:38.591767+00:00,2025-03-02 09:32:14.316405+00:00
840430,13235,2025-03-02 02:38:38.591767+00:00,2025-03-02 09:32:14.316405+00:00
740937,16919,2025-03-02 02:38:38.591767+00:00,2025-03-02 09:32:14.316405+00:00
25050,25645,2025-03-02 02:38:38.591767+00:00,2025-03-02 09:32:14.316405+00:00
897087,35453,2025-03-02 02:38:38.591767+00:00,2025-03-02 09:32:14.316405+00:00
603692,40644,2025-03-02 02:38:38.591767+00:00,2025-03-02 09:32:14.316405+00:00
1070449,41788,2025-03-02 02:38:38.591767+00:00,2025-03-02 09:32:14.316405+00:00
845781,51851,2025-03-02 02:38:38.591767+00:00,2025-03-02 09:32:14.316405+00:00
614939,52934,2025-03-02 02:38:38.591767+00:00,2025-03-02 09:32:14.316405+00:00
853387,62768,2025-03-02 02:38:38.591767+00:00,2025-03-02 09:32:14.316405+00:00
821661,63429,2025-03-02 02:38:38.591767+00:00,2025-03-02 09:32:14.316405+00:00
49982,64992,2025-03-02 02:38:38.591767+00:00,2025-03-02 09:32:14.316405+00:00
41962,69167,2025-03-02 02:38:38.591767+00:00,2025-03-02 09:32:14.316405+00:00
38368,69759,2025-03-02 02:38:38.591767+00:00,2025-03-02 09:32:14.316405+00:00
283566,77923,2025-03-02 02:38:38.591767+00:00,2025-03-02 09:32:14.316405+00:00
628914,95575,2025-03-02 02:38:38.591767+00:00,2025-03-02 09:32:14.316405+00:00
792307,122423,2025-03-02 02:38:38.591767+00:00,2025-03-02 09:32:14.316405+00:00
995387,128476,2025-03-02 02:38:38.591767+00:00,2025-03-02 09:32:14.316405+00:00
1004663,220691,2025-03-02 02:38:38.591767+00:00,2025-03-02 09:32:14.316405+00:00
637920,230767,2025-03-02 02:38:38.591767+00:00,2025-03-02 09:32:14.316405+00:00
831480,571162,2025-03-02 02:38:38.591767+00:00,2025-03-02 09:32:14.316405+00:00
589759,582504,2025-03-02 02:38:38.591767+00:00,2025-03-02 09:32:14.316405+00:00
1078280,1148984,2025-03-02 02:38:38.591767+00:00,2025-03-02 09:32:14.316405+00:00
1017066,1192152,2025-03-02 02:38:38.591767+00:00,2025-03-02 09:32:14.316405+00:00
978796,1231927,2025-03-02 02:38:38.591767+00:00,2025-03-02 09:32:14.316405+00:00
874745,1250472,2025-03-02 02:38:38.591767+00:00,2025-03-02 09:32:14.316405+00:00
799766,1276373,2025-03-02 02:38:38.591767+00:00,2025-03-02 09:32:14.316405+00:00
649394,1279519,2025-03-02 02:38:38.591767+00:00,2025-03-02 09:32:14.316405+00:00
934207,1455815,2025-03-02 02:38:38.591767+00:00,2025-03-02 09:32:14.316405+00:00
859933,1515263,2025-03-02 02:38:38.591767+00:00,2025-03-02 09:32:14.316405+00:00
962489,1619433,2025-03-02 02:38:38.591767+00:00,2025-03-02 09:32:14.316405+00:00
1293338,1644823,2025-03-02 02:38:38.591767+00:00,2025-03-02 09:32:14.316405+00:00
660355,1678527,2025-03-02 02:38:38.591767+00:00,2025-03-02 09:32:14.316405+00:00
830788,1709460,2025-03-02 02:38:38.591767+00:00,2025-03-02 09:32:14.316405+00:00
1395259,2064257,2025-03-02 02:38:38.591767+00:00,2025-03-02 09:32:14.316405+00:00
582881,2244653,2025-03-02 02:38:38.591767+00:00,2025-03-02 09:32:14.316405+00:00
1005251,3639307,2025-03-02 02:38:38.591767+00:00,2025-03-02 09:32:14.316405+00:00
972614,2232,2025-03-02 02:38:38.591767+00:00,2025-03-02 09:32:14.316405+00:00
10435,4786,2025-03-02 02:38:38.591767+00:00,2025-03-02 09:32:14.316405+00:00
817758,5010,2025-03-02 02:38:38.591767+00:00,2025-03-02 09:32:14.316405+00:00
166271,5877,2025-03-02 02:38:38.591767+00:00,2025-03-02 09:32:14.316405+00:00
406759,6046,2025-03-02 02:38:38.591767+00:00,2025-03-02 09:32:14.316405+00:00
664469,17883,2025-03-02 02:38:38.591767+00:00,2025-03-02 09:32:14.316405+00:00
459151,18864,2025-03-02 02:38:38.591767+00:00,2025-03-02 09:32:14.316405+00:00
87953,64992,2025-03-02 02:38:38.591767+00:00,2025-03-02 09:32:14.316405+00:00
14310,65994,2025-03-02 02:38:38.591767+00:00,2025-03-02 09:32:14.316405+00:00
901121,69081,2025-03-02 02:38:38.591767+00:00,2025-03-02 09:32:14.316405+00:00
1226578,90609,2025-03-02 02:38:38.591767+00:00,2025-03-02 09:32:14.316405+00:00
955666,125385,2025-03-02 02:38:38.591767+00:00,2025-03-02 09:32:14.316405+00:00
743814,548666,2025-03-02 02:38:38.591767+00:00,2025-03-02 09:32:14.316405+00:00
821153,552154,2025-03-02 02:38:38.591767+00:00,2025-03-02 09:32:14.316405+00:00
961267,999723,2025-03-02 02:38:38.591767+00:00,2025-03-02 09:32:14.316405+00:00
849242,1152047,2025-03-02 02:38:38.591767+00:00,2025-03-02 09:32:14.316405+00:00
1099217,1278466,2025-03-02 02:38:38.591767+00:00,2025-03-02 09:32:14.316405+00:00
872976,1373229,2025-03-02 02:38:38.591767+00:00,2025-03-02 09:32:14.316405+00:00
1255316,1421871,2025-03-02 02:38:38.591767+00:00,2025-03-02 09:32:14.316405+00:00
820530,1481756,2025-03-02 02:38:38.591767+00:00,2025-03-02 09:32:14.316405+00:00
896499,1693097,2025-03-02 02:38:38.591767+00:00,2025-03-02 09:32:14.316405+00:00
997659,2003026,2025-03-02 02:38:38.591767+00:00,2025-03-02 09:32:14.316405+00:00
1214266,2039034,2025-03-02 02:38:38.591767+00:00,2025-03-02 09:32:14.316405+00:00
1007980,2299025,2025-03-02 02:38:38.591767+00:00,2025-03-02 09:32:14.316405+00:00
1008742,3652399,2025-03-02 02:38:38.591767+00:00,2025-03-02 09:32:14.316405+00:00
1020784,3689144,2025-03-02 02:38:38.591767+00:00,2025-03-02 09:32:14.316405+00:00
1022830,3695242,2025-03-02 02:38:38.591767+00:00,2025-03-02 09:32:14.316405+00:00
1038198,3815825,2025-03-02 02:38:38.591767+00:00,2025-03-02 09:32:14.316405+00:00
944401,59,2025-03-02 02:38:38.591767+00:00,2025-03-02 09:32:14.316405+00:00
155,525,2025-03-02 02:38:38.591767+00:00,2025-03-02 09:32:14.316405+00:00
644495,578,2025-03-02 02:38:38.591767+00:00,2025-03-02 09:32:14.316405+00:00
4710,3776,2025-03-02 02:38:38.591767+00:00,2025-03-02 09:32:14.316405+00:00
2143,15488,2025-03-02 02:38:38.591767+00:00,2025-03-02 09:32:14.316405+00:00
674324,54472,2025-03-02 02:38:38.591767+00:00,2025-03-02 09:32:14.316405+00:00
604685,54868,2025-03-02 02:38:38.591767+00:00,2025-03-02 09:32:14.316405+00:00
436270,59521,2025-03-02 02:38:38.591767+00:00,2025-03-02 09:32:14.316405+00:00
1011985,64151,2025-03-02 02:38:38.591767+00:00,2025-03-02 09:32:14.316405+00:00
608980,69488,2025-03-02 02:38:38.591767+00:00,2025-03-02 09:32:14.316405+00:00
750253,70221,2025-03-02 02:38:38.591767+00:00,2025-03-02 09:32:14.316405+00:00
762509,92784,2025-03-02 02:38:38.591767+00:00,2025-03-02 09:32:14.316405+00:00
925492,101915,2025-03-02 02:38:38.591767+00:00,2025-03-02 09:32:14.316405+00:00
801112,105866,2025-03-02 02:38:38.591767+00:00,2025-03-02 09:32:14.316405+00:00
853731,131374,2025-03-02 02:38:38.591767+00:00,2025-03-02 09:32:14.316405+00:00
803700,239672,2025-03-02 02:38:38.591767+00:00,2025-03-02 09:32:14.316405+00:00
1002780,1107015,2025-03-02 02:38:38.591767+00:00,2025-03-02 09:32:14.316405+00:00
892530,1171316,2025-03-02 02:38:38.591767+00:00,2025-03-02 09:32:14.316405+00:00
610251,1292897,2025-03-02 02:38:38.591767+00:00,2025-03-02 09:32:14.316405+00:00
594767,1302082,2025-03-02 02:38:38.591767+00:00,2025-03-02 09:32:14.316405+00:00
623184,1303917,2025-03-02 02:38:38.591767+00:00,2025-03-02 09:32:14.316405+00:00
575088,1311031,2025-03-02 02:38:38.591767+00:00,2025-03-02 09:32:14.316405+00:00
1007976,1354728,2025-03-02 02:38:38.591767+00:00,2025-03-02 09:32:14.316405+00:00
573435,1399842,2025-03-02 02:38:38.591767+00:00,2025-03-02 09:32:14.316405+00:00
1155680,1630178,2025-03-02 02:38:38.591767+00:00,2025-03-02 09:32:14.316405+00:00
926889,1806870,2025-03-02 02:38:38.591767+00:00,2025-03-02 09:32:14.316405+00:00
496404,1953918,2025-03-02 02:38:38.591767+00:00,2025-03-02 09:32:14.316405+00:00
1274237,2026329,2025-03-02 02:38:38.591767+00:00,2025-03-02 09:32:14.316405+00:00
1160018,2119237,2025-03-02 02:38:38.591767+00:00,2025-03-02 09:32:14.316405+00:00
1241429,2178483,2025-03-02 02:38:38.591767+00:00,2025-03-02 09:32:14.316405+00:00
1095805,2774515,2025-03-02 02:38:38.591767+00:00,2025-03-02 09:32:14.316405+00:00
868682,3216204,2025-03-02 02:38:38.591767+00:00,2025-03-02 09:32:14.316405+00:00
1006683,3643739,2025-03-02 02:38:38.591767+00:00,2025-03-02 09:32:14.316405+00:00
828948,3736997,2025-03-02 02:38:38.591767+00:00,2025-03-02 09:32:14.316405+00:00
1270769,4240243,2025-03-02 02:38:38.591767+00:00,2025-03-02 09:32:14.316405+00:00
1267665,4385502,2025-03-02 02:38:38.591767+00:00,2025-03-02 09:32:14.316405+00:00
1246014,4683398,2025-03-02 02:38:38.591767+00:00,2025-03-02 09:32:14.316405+00:00
1303236,2640695,2025-03-02 09:32:14.316405+00:00,2025-03-02 09:32:14.316405+00:00
185,240,2025-03-02 02:38:38.591767+00:00,2025-03-02 09:32:14.316405+00:00
681349,3872,2025-03-02 02:38:38.591767+00:00,2025-03-02 09:32:14.316405+00:00
580175,4453,2025-03-02 02:38:38.591767+00:00,2025-03-02 09:32:14.316405+00:00
9343,6818,2025-03-02 02:38:38.591767+00:00,2025-03-02 09:32:14.316405+00:00
11416,8965,2025-03-02 02:38:38.591767+00:00,2025-03-02 09:32:14.316405+00:00
10802,10491,2025-03-02 02:38:38.591767+00:00,2025-03-02 09:32:14.316405+00:00
454527,10491,2025-03-02 02:38:38.591767+00:00,2025-03-02 09:32:14.316405+00:00
101299,10943,2025-03-02 02:38:38.591767+00:00,2025-03-02 09:32:14.316405+00:00
1137142,17282,2025-03-02 02:38:38.591767+00:00,2025-03-02 09:32:14.316405+00:00
537761,18899,2025-03-02 02:38:38.591767+00:00,2025-03-02 09:32:14.316405+00:00
556694,20629,2025-03-02 02:38:38.591767+00:00,2025-03-02 09:32:14.316405+00:00
46992,26481,2025-03-02 02:38:38.591767+00:00,2025-03-02 09:32:14.316405+00:00
633844,40336,2025-03-02 02:38:38.591767+00:00,2025-03-02 09:32:14.316405+00:00
746036,40684,2025-03-02 02:38:38.591767+00:00,2025-03-02 09:32:14.316405+00:00
871530,46680,2025-03-02 02:38:38.591767+00:00,2025-03-02 09:32:14.316405+00:00
302528,56205,2025-03-02 02:38:38.591767+00:00,2025-03-02 09:32:14.316405+00:00
978592,59265,2025-03-02 02:38:38.591767+00:00,2025-03-02 09:32:14.316405+00:00
937287,78160,2025-03-02 02:38:38.591767+00:00,2025-03-02 09:32:14.316405+00:00
783110,86325,2025-03-02 02:38:38.591767+00:00,2025-03-02 09:32:14.316405+00:00
491584,96657,2025-03-02 02:38:38.591767+00:00,2025-03-02 09:32:14.316405+00:00
1019421,105400,2025-03-02 02:38:38.591767+00:00,2025-03-02 09:32:14.316405+00:00
1030205,106549,2025-03-02 02:38:38.591767+00:00,2025-03-02 09:32:14.316405+00:00
47104,119294,2025-03-02 02:38:38.591767+00:00,2025-03-02 09:32:14.316405+00:00
42341,127890,2025-03-02 02:38:38.591767+00:00,2025-03-02 09:32:14.316405+00:00
778810,142982,2025-03-02 02:38:38.591767+00:00,2025-03-02 09:32:14.316405+00:00
477044,222686,2025-03-02 02:38:38.591767+00:00,2025-03-02 09:32:14.316405+00:00
1276849,236470,2025-03-02 02:38:38.591767+00:00,2025-03-02 09:32:14.316405+00:00
1254532,554487,2025-03-02 02:38:38.591767+00:00,2025-03-02 09:32:14.316405+00:00
37797,555254,2025-03-02 02:38:38.591767+00:00,2025-03-02 09:32:14.316405+00:00
1029475,583881,2025-03-02 02:38:38.591767+00:00,2025-03-02 09:32:14.316405+00:00
718821,931952,2025-03-02 02:38:38.591767+00:00,2025-03-02 09:32:14.316405+00:00
848788,1144405,2025-03-02 02:38:38.591767+00:00,2025-03-02 09:32:14.316405+00:00
356701,1158889,2025-03-02 02:38:38.591767+00:00,2025-03-02 09:32:14.316405+00:00
577721,1178371,2025-03-02 02:38:38.591767+00:00,2025-03-02 09:32:14.316405+00:00
242452,1285352,2025-03-02 02:38:38.591767+00:00,2025-03-02 09:32:14.316405+00:00
1106904,1350920,2025-03-02 02:38:38.591767+00:00,2025-03-02 09:32:14.316405+00:00
931102,1452270,2025-03-02 02:38:38.591767+00:00,2025-03-02 09:32:14.316405+00:00
889699,1574550,2025-03-02 02:38:38.591767+00:00,2025-03-02 09:32:14.316405+00:00
1057919,1593452,2025-03-02 02:38:38.591767+00:00,2025-03-02 09:32:14.316405+00:00
1091051,1731913,2025-03-02 02:38:38.591767+00:00,2025-03-02 09:32:14.316405+00:00
1104844,1885025,2025-03-02 02:38:38.591767+00:00,2025-03-02 09:32:14.316405+00:00
797838,1943403,2025-03-02 02:38:38.591767+00:00,2025-03-02 09:32:14.316405+00:00
682109,2233732,2025-03-02 02:38:38.591767+00:00,2025-03-02 09:32:14.316405+00:00
971602,2237138,2025-03-02 02:38:38.591767+00:00,2025-03-02 09:32:14.316405+00:00
1072493,2388399,2025-03-02 02:38:38.591767+00:00,2025-03-02 09:32:14.316405+00:00
817485,2402788,2025-03-02 02:38:38.591767+00:00,2025-03-02 09:32:14.316405+00:00
930478,2428652,2025-03-02 02:38:38.591767+00:00,2025-03-02 09:32:14.316405+00:00
994128,2596472,2025-03-02 02:38:38.591767+00:00,2025-03-02 09:32:14.316405+00:00
810406,2770699,2025-03-02 02:38:38.591767+00:00,2025-03-02 09:32:14.316405+00:00
976581,2818891,2025-03-02 02:38:38.591767+00:00,2025-03-02 09:32:14.316405+00:00
1248407,2836884,2025-03-02 02:38:38.591767+00:00,2025-03-02 09:32:14.316405+00:00
1009995,3072794,2025-03-02 02:38:38.591767+00:00,2025-03-02 09:32:14.316405+00:00
1027982,3713658,2025-03-02 02:38:38.591767+00:00,2025-03-02 09:32:14.316405+00:00
1283068,4700752,2025-03-02 02:38:38.591767+00:00,2025-03-02 09:32:14.316405+00:00
1307028,4804724,2025-03-02 02:38:38.591767+00:00,2025-03-02 09:32:14.316405+00:00
1303236,1475472,2025-03-02 09:32:14.316405+00:00,2025-03-02 09:32:14.316405+00:00
888003,201,2025-03-02 02:38:38.591767+00:00,2025-03-02 09:32:14.316405+00:00
694,240,2025-03-02 02:38:38.591767+00:00,2025-03-02 09:32:14.316405+00:00
804095,488,2025-03-02 02:38:38.591767+00:00,2025-03-02 09:32:14.316405+00:00
710295,2128,2025-03-02 02:38:38.591767+00:00,2025-03-02 09:32:14.316405+00:00
655,2303,2025-03-02 02:38:38.591767+00:00,2025-03-02 09:32:14.316405+00:00
11012,15389,2025-03-02 02:38:38.591767+00:00,2025-03-02 09:32:14.316405+00:00
927107,16938,2025-03-02 02:38:38.591767+00:00,2025-03-02 09:32:14.316405+00:00
976573,21198,2025-03-02 02:38:38.591767+00:00,2025-03-02 09:32:14.316405+00:00
567927,28523,2025-03-02 02:38:38.591767+00:00,2025-03-02 09:32:14.316405+00:00
774343,38883,2025-03-02 02:38:38.591767+00:00,2025-03-02 09:32:14.316405+00:00
995808,42741,2025-03-02 02:38:38.591767+00:00,2025-03-02 09:32:14.316405+00:00
7859,53068,2025-03-02 02:38:38.591767+00:00,2025-03-02 09:32:14.316405+00:00
475557,57130,2025-03-02 02:38:38.591767+00:00,2025-03-02 09:32:14.316405+00:00
676685,73098,2025-03-02 02:38:38.591767+00:00,2025-03-02 09:32:14.316405+00:00
496331,87378,2025-03-02 02:38:38.591767+00:00,2025-03-02 09:32:14.316405+00:00
923667,93991,2025-03-02 02:38:38.591767+00:00,2025-03-02 09:32:14.316405+00:00
25656,94050,2025-03-02 02:38:38.591767+00:00,2025-03-02 09:32:14.316405+00:00
838240,95528,2025-03-02 02:38:38.591767+00:00,2025-03-02 09:32:14.316405+00:00
736500,113610,2025-03-02 02:38:38.591767+00:00,2025-03-02 09:32:14.316405+00:00
716612,225009,2025-03-02 02:38:38.591767+00:00,2025-03-02 09:32:14.316405+00:00
77248,557936,2025-03-02 02:38:38.591767+00:00,2025-03-02 09:32:14.316405+00:00
890771,589402,2025-03-02 02:38:38.591767+00:00,2025-03-02 09:32:14.316405+00:00
835362,592312,2025-03-02 02:38:38.591767+00:00,2025-03-02 09:32:14.316405+00:00
1074174,1130942,2025-03-02 02:38:38.591767+00:00,2025-03-02 09:32:14.316405+00:00
971968,1170459,2025-03-02 02:38:38.591767+00:00,2025-03-02 09:32:14.316405+00:00
633844,1187141,2025-03-02 02:38:38.591767+00:00,2025-03-02 09:32:14.316405+00:00
714651,1294643,2025-03-02 02:38:38.591767+00:00,2025-03-02 09:32:14.316405+00:00
1024298,1355412,2025-03-02 02:38:38.591767+00:00,2025-03-02 09:32:14.316405+00:00
1087388,1361546,2025-03-02 02:38:38.591767+00:00,2025-03-02 09:32:14.316405+00:00
802219,1415665,2025-03-02 02:38:38.591767+00:00,2025-03-02 09:32:14.316405+00:00
821427,1437193,2025-03-02 02:38:38.591767+00:00,2025-03-02 09:32:14.316405+00:00
1031050,1678577,2025-03-02 02:38:38.591767+00:00,2025-03-02 09:32:14.316405+00:00
978039,1695439,2025-03-02 02:38:38.591767+00:00,2025-03-02 09:32:14.316405+00:00
984997,1966252,2025-03-02 02:38:38.591767+00:00,2025-03-02 09:32:14.316405+00:00
1283793,2230559,2025-03-02 02:38:38.591767+00:00,2025-03-02 09:32:14.316405+00:00
1064028,2263272,2025-03-02 02:38:38.591767+00:00,2025-03-02 09:32:14.316405+00:00
1068602,2383310,2025-03-02 02:38:38.591767+00:00,2025-03-02 09:32:14.316405+00:00
1007944,2421086,2025-03-02 02:38:38.591767+00:00,2025-03-02 09:32:14.316405+00:00
1283068,2542760,2025-03-02 02:38:38.591767+00:00,2025-03-02 09:32:14.316405+00:00
1153325,2608194,2025-03-02 02:38:38.591767+00:00,2025-03-02 09:32:14.316405+00:00
838876,3120334,2025-03-02 02:38:38.591767+00:00,2025-03-02 09:32:14.316405+00:00
1219522,4436675,2025-03-02 02:38:38.591767+00:00,2025-03-02 09:32:14.316405+00:00
952083,2843338,2025-03-02 09:32:14.316405+00:00,2025-03-02 09:32:14.316405+00:00
4203,309,2025-03-02 02:38:38.591767+00:00,2025-03-02 09:32:14.316405+00:00
76,564,2025-03-02 02:38:38.591767+00:00,2025-03-02 09:32:14.316405+00:00
624793,975,2025-03-02 02:38:38.591767+00:00,2025-03-02 09:32:14.316405+00:00
1628,1650,2025-03-02 02:38:38.591767+00:00,2025-03-02 09:32:14.316405+00:00
15383,3831,2025-03-02 02:38:38.591767+00:00,2025-03-02 09:32:14.316405+00:00
1933,19840,2025-03-02 02:38:38.591767+00:00,2025-03-02 09:32:14.316405+00:00
1130899,20310,2025-03-02 02:38:38.591767+00:00,2025-03-02 09:32:14.316405+00:00
10997,20640,2025-03-02 02:38:38.591767+00:00,2025-03-02 09:32:14.316405+00:00
919570,20657,2025-03-02 02:38:38.591767+00:00,2025-03-02 09:32:14.316405+00:00
1043565,21701,2025-03-02 02:38:38.591767+00:00,2025-03-02 09:32:14.316405+00:00
537761,25236,2025-03-02 02:38:38.591767+00:00,2025-03-02 09:32:14.316405+00:00
809488,32226,2025-03-02 02:38:38.591767+00:00,2025-03-02 09:32:14.316405+00:00
38405,58608,2025-03-02 02:38:38.591767+00:00,2025-03-02 09:32:14.316405+00:00
1114513,63306,2025-03-02 02:38:38.591767+00:00,2025-03-02 09:32:14.316405+00:00
45935,64992,2025-03-02 02:38:38.591767+00:00,2025-03-02 09:32:14.316405+00:00
42011,69167,2025-03-02 02:38:38.591767+00:00,2025-03-02 09:32:14.316405+00:00
47060,71174,2025-03-02 02:38:38.591767+00:00,2025-03-02 09:32:14.316405+00:00
809733,77131,2025-03-02 02:38:38.591767+00:00,2025-03-02 09:32:14.316405+00:00
514880,77679,2025-03-02 02:38:38.591767+00:00,2025-03-02 09:32:14.316405+00:00
788977,119293,2025-03-02 02:38:38.591767+00:00,2025-03-02 09:32:14.316405+00:00
1062844,126784,2025-03-02 02:38:38.591767+00:00,2025-03-02 09:32:14.316405+00:00
1005555,129264,2025-03-02 02:38:38.591767+00:00,2025-03-02 09:32:14.316405+00:00
824202,144412,2025-03-02 02:38:38.591767+00:00,2025-03-02 09:32:14.316405+00:00
823625,206574,2025-03-02 02:38:38.591767+00:00,2025-03-02 09:32:14.316405+00:00
612491,225160,2025-03-02 02:38:38.591767+00:00,2025-03-02 09:32:14.316405+00:00
299054,293911,2025-03-02 02:38:38.591767+00:00,2025-03-02 09:32:14.316405+00:00
734732,557290,2025-03-02 02:38:38.591767+00:00,2025-03-02 09:32:14.316405+00:00
1017441,579313,2025-03-02 02:38:38.591767+00:00,2025-03-02 09:32:14.316405+00:00
969441,933484,2025-03-02 02:38:38.591767+00:00,2025-03-02 09:32:14.316405+00:00
478860,1051327,2025-03-02 02:38:38.591767+00:00,2025-03-02 09:32:14.316405+00:00
1115167,1061130,2025-03-02 02:38:38.591767+00:00,2025-03-02 09:32:14.316405+00:00
1178574,1194706,2025-03-02 02:38:38.591767+00:00,2025-03-02 09:32:14.316405+00:00
782936,1284692,2025-03-02 02:38:38.591767+00:00,2025-03-02 09:32:14.316405+00:00
594634,1291492,2025-03-02 02:38:38.591767+00:00,2025-03-02 09:32:14.316405+00:00
265712,1311591,2025-03-02 02:38:38.591767+00:00,2025-03-02 09:32:14.316405+00:00
461078,1321076,2025-03-02 02:38:38.591767+00:00,2025-03-02 09:32:14.316405+00:00
1148817,1322339,2025-03-02 02:38:38.591767+00:00,2025-03-02 09:32:14.316405+00:00
1088851,1384823,2025-03-02 02:38:38.591767+00:00,2025-03-02 09:32:14.316405+00:00
1085574,1497813,2025-03-02 02:38:38.591767+00:00,2025-03-02 09:32:14.316405+00:00
1058923,1556959,2025-03-02 02:38:38.591767+00:00,2025-03-02 09:32:14.316405+00:00
912480,1575183,2025-03-02 02:38:38.591767+00:00,2025-03-02 09:32:14.316405+00:00
423108,1607672,2025-03-02 02:38:38.591767+00:00,2025-03-02 09:32:14.316405+00:00
758891,1627287,2025-03-02 02:38:38.591767+00:00,2025-03-02 09:32:14.316405+00:00
922378,1678442,2025-03-02 02:38:38.591767+00:00,2025-03-02 09:32:14.316405+00:00
989232,1728172,2025-03-02 02:38:38.591767+00:00,2025-03-02 09:32:14.316405+00:00
872556,1735836,2025-03-02 02:38:38.591767+00:00,2025-03-02 09:32:14.316405+00:00
575072,1992194,2025-03-02 02:38:38.591767+00:00,2025-03-02 09:32:14.316405+00:00
931885,2000530,2025-03-02 02:38:38.591767+00:00,2025-03-02 09:32:14.316405+00:00
517815,2021634,2025-03-02 02:38:38.591767+00:00,2025-03-02 09:32:14.316405+00:00
1211728,2409498,2025-03-02 02:38:38.591767+00:00,2025-03-02 09:32:14.316405+00:00
1025309,3674697,2025-03-02 02:38:38.591767+00:00,2025-03-02 09:32:14.316405+00:00
1229421,4533607,2025-03-02 02:38:38.591767+00:00,2025-03-02 09:32:14.316405+00:00
1287324,1495399,2025-03-02 09:32:14.316405+00:00,2025-03-02 09:32:14.316405+00:00
617653,578,2025-03-02 02:38:38.591767+00:00,2025-03-02 09:32:14.316405+00:00
900379,2332,2025-03-02 02:38:38.591767+00:00,2025-03-02 09:32:14.316405+00:00
22536,10099,2025-03-02 02:38:38.591767+00:00,2025-03-02 09:32:14.316405+00:00
670,10099,2025-03-02 02:38:38.591767+00:00,2025-03-02 09:32:14.316405+00:00
47795,10316,2025-03-02 02:38:38.591767+00:00,2025-03-02 09:32:14.316405+00:00
764835,13015,2025-03-02 02:38:38.591767+00:00,2025-03-02 09:32:14.316405+00:00
1087822,20192,2025-03-02 02:38:38.591767+00:00,2025-03-02 09:32:14.316405+00:00
926393,20907,2025-03-02 02:38:38.591767+00:00,2025-03-02 09:32:14.316405+00:00
1172012,21905,2025-03-02 02:38:38.591767+00:00,2025-03-02 09:32:14.316405+00:00
795813,22686,2025-03-02 02:38:38.591767+00:00,2025-03-02 09:32:14.316405+00:00
22970,47506,2025-03-02 02:38:38.591767+00:00,2025-03-02 09:32:14.316405+00:00
47002,55785,2025-03-02 02:38:38.591767+00:00,2025-03-02 09:32:14.316405+00:00
983866,63689,2025-03-02 02:38:38.591767+00:00,2025-03-02 09:32:14.316405+00:00
778855,76100,2025-03-02 02:38:38.591767+00:00,2025-03-02 09:32:14.316405+00:00
899112,76927,2025-03-02 02:38:38.591767+00:00,2025-03-02 09:32:14.316405+00:00
735409,81355,2025-03-02 02:38:38.591767+00:00,2025-03-02 09:32:14.316405+00:00
1054087,85337,2025-03-02 02:38:38.591767+00:00,2025-03-02 09:32:14.316405+00:00
1103432,90502,2025-03-02 02:38:38.591767+00:00,2025-03-02 09:32:14.316405+00:00
31512,131186,2025-03-02 02:38:38.591767+00:00,2025-03-02 09:32:14.316405+00:00
1128936,146014,2025-03-02 02:38:38.591767+00:00,2025-03-02 09:32:14.316405+00:00
501657,225738,2025-03-02 02:38:38.591767+00:00,2025-03-02 09:32:14.316405+00:00
68606,225738,2025-03-02 02:38:38.591767+00:00,2025-03-02 09:32:14.316405+00:00
1029244,581943,2025-03-02 02:38:38.591767+00:00,2025-03-02 09:32:14.316405+00:00
1165466,585934,2025-03-02 02:38:38.591767+00:00,2025-03-02 09:32:14.316405+00:00
438030,1093930,2025-03-02 02:38:38.591767+00:00,2025-03-02 09:32:14.316405+00:00
1126361,1130942,2025-03-02 02:38:38.591767+00:00,2025-03-02 09:32:14.316405+00:00
1108306,1247708,2025-03-02 02:38:38.591767+00:00,2025-03-02 09:32:14.316405+00:00
808667,1310363,2025-03-02 02:38:38.591767+00:00,2025-03-02 09:32:14.316405+00:00
713704,1398631,2025-03-02 02:38:38.591767+00:00,2025-03-02 09:32:14.316405+00:00
1234593,1548330,2025-03-02 02:38:38.591767+00:00,2025-03-02 09:32:14.316405+00:00
946267,1580826,2025-03-02 02:38:38.591767+00:00,2025-03-02 09:32:14.316405+00:00
1064662,1785807,2025-03-02 02:38:38.591767+00:00,2025-03-02 09:32:14.316405+00:00
1078810,1822767,2025-03-02 02:38:38.591767+00:00,2025-03-02 09:32:14.316405+00:00
1234591,1901974,2025-03-02 02:38:38.591767+00:00,2025-03-02 09:32:14.316405+00:00
948184,2090986,2025-03-02 02:38:38.591767+00:00,2025-03-02 09:32:14.316405+00:00
1088428,2299049,2025-03-02 02:38:38.591767+00:00,2025-03-02 09:32:14.316405+00:00
949000,2518693,2025-03-02 02:38:38.591767+00:00,2025-03-02 09:32:14.316405+00:00
1017063,2850054,2025-03-02 02:38:38.591767+00:00,2025-03-02 09:32:14.316405+00:00
793392,3239003,2025-03-02 02:38:38.591767+00:00,2025-03-02 09:32:14.316405+00:00
1009977,3655548,2025-03-02 02:38:38.591767+00:00,2025-03-02 09:32:14.316405+00:00
1102510,3970672,2025-03-02 02:38:38.591767+00:00,2025-03-02 09:32:14.316405+00:00
615904,59218,2025-03-02 09:32:14.316405+00:00,2025-03-02 09:32:14.316405+00:00
753342,578,2025-03-02 02:38:38.591767+00:00,2025-03-02 09:32:14.316405+00:00
16859,608,2025-03-02 02:38:38.591767+00:00,2025-03-02 09:32:14.316405+00:00
921,6159,2025-03-02 02:38:38.591767+00:00,2025-03-02 09:32:14.316405+00:00
896639,7017,2025-03-02 02:38:38.591767+00:00,2025-03-02 09:32:14.316405+00:00
705996,10099,2025-03-02 02:38:38.591767+00:00,2025-03-02 09:32:14.316405+00:00
767,11343,2025-03-02 02:38:38.591767+00:00,2025-03-02 09:32:14.316405+00:00
5544,11983,2025-03-02 02:38:38.591767+00:00,2025-03-02 09:32:14.316405+00:00
937278,12995,2025-03-02 02:38:38.591767+00:00,2025-03-02 09:32:14.316405+00:00
1089,14392,2025-03-02 02:38:38.591767+00:00,2025-03-02 09:32:14.316405+00:00
550988,17825,2025-03-02 02:38:38.591767+00:00,2025-03-02 09:32:14.316405+00:00
582886,19937,2025-03-02 02:38:38.591767+00:00,2025-03-02 09:32:14.316405+00:00
840705,37153,2025-03-02 02:38:38.591767+00:00,2025-03-02 09:32:14.316405+00:00
1162931,56379,2025-03-02 02:38:38.591767+00:00,2025-03-02 09:32:14.316405+00:00
81296,69167,2025-03-02 02:38:38.591767+00:00,2025-03-02 09:32:14.316405+00:00
961257,78268,2025-03-02 02:38:38.591767+00:00,2025-03-02 09:32:14.316405+00:00
675353,93364,2025-03-02 02:38:38.591767+00:00,2025-03-02 09:32:14.316405+00:00
616020,96856,2025-03-02 02:38:38.591767+00:00,2025-03-02 09:32:14.316405+00:00
49964,119294,2025-03-02 02:38:38.591767+00:00,2025-03-02 09:32:14.316405+00:00
517731,120229,2025-03-02 02:38:38.591767+00:00,2025-03-02 09:32:14.316405+00:00
1029484,123885,2025-03-02 02:38:38.591767+00:00,2025-03-02 09:32:14.316405+00:00
1156255,131946,2025-03-02 02:38:38.591767+00:00,2025-03-02 09:32:14.316405+00:00
883502,139558,2025-03-02 02:38:38.591767+00:00,2025-03-02 09:32:14.316405+00:00
901410,207718,2025-03-02 02:38:38.591767+00:00,2025-03-02 09:32:14.316405+00:00
760875,999812,2025-03-02 02:38:38.591767+00:00,2025-03-02 09:32:14.316405+00:00
626735,1074867,2025-03-02 02:38:38.591767+00:00,2025-03-02 09:32:14.316405+00:00
675445,1098477,2025-03-02 02:38:38.591767+00:00,2025-03-02 09:32:14.316405+00:00
536554,1288796,2025-03-02 02:38:38.591767+00:00,2025-03-02 09:32:14.316405+00:00
573787,1293686,2025-03-02 02:38:38.591767+00:00,2025-03-02 09:32:14.316405+00:00
789171,1480711,2025-03-02 02:38:38.591767+00:00,2025-03-02 09:32:14.316405+00:00
1276633,1498597,2025-03-02 02:38:38.591767+00:00,2025-03-02 09:32:14.316405+00:00
1276108,1561992,2025-03-02 02:38:38.591767+00:00,2025-03-02 09:32:14.316405+00:00
1268198,1735355,2025-03-02 02:38:38.591767+00:00,2025-03-02 09:32:14.316405+00:00
577205,2085263,2025-03-02 02:38:38.591767+00:00,2025-03-02 09:32:14.316405+00:00
964592,2919106,2025-03-02 02:38:38.591767+00:00,2025-03-02 09:32:14.316405+00:00
796155,2981642,2025-03-02 02:38:38.591767+00:00,2025-03-02 09:32:14.316405+00:00
1317874,3140690,2025-03-02 02:38:38.591767+00:00,2025-03-02 09:32:14.316405+00:00
1219522,3199051,2025-03-02 02:38:38.591767+00:00,2025-03-02 09:32:14.316405+00:00
949697,3466273,2025-03-02 02:38:38.591767+00:00,2025-03-02 09:32:14.316405+00:00
1149096,4150980,2025-03-02 02:38:38.591767+00:00,2025-03-02 09:32:14.316405+00:00
1177667,4269119,2025-03-02 02:38:38.591767+00:00,2025-03-02 09:32:14.316405+00:00
1223386,4451878,2025-03-02 02:38:38.591767+00:00,2025-03-02 09:32:14.316405+00:00
1229421,4533606,2025-03-02 02:38:38.591767+00:00,2025-03-02 09:32:14.316405+00:00
438148,8023,2025-03-02 09:32:14.316405+00:00,2025-03-02 09:32:14.316405+00:00
1130659,139156,2025-03-02 09:32:14.316405+00:00,2025-03-02 09:32:14.316405+00:00
1130659,139153,2025-03-02 09:32:14.316405+00:00,2025-03-02 09:32:14.316405+00:00
194,2419,2025-03-02 02:38:38.591767+00:00,2025-03-02 09:32:14.316405+00:00
1027073,4746,2025-03-02 02:38:38.591767+00:00,2025-03-02 09:32:14.316405+00:00
913991,6521,2025-03-02 02:38:38.591767+00:00,2025-03-02 09:32:14.316405+00:00
1653,8574,2025-03-02 02:38:38.591767+00:00,2025-03-02 09:32:14.316405+00:00
804435,21792,2025-03-02 02:38:38.591767+00:00,2025-03-02 09:32:14.316405+00:00
261832,28489,2025-03-02 02:38:38.591767+00:00,2025-03-02 09:32:14.316405+00:00
4348,36588,2025-03-02 02:38:38.591767+00:00,2025-03-02 09:32:14.316405+00:00
588921,57810,2025-03-02 02:38:38.591767+00:00,2025-03-02 09:32:14.316405+00:00
83205,69167,2025-03-02 02:38:38.591767+00:00,2025-03-02 09:32:14.316405+00:00
816752,69831,2025-03-02 02:38:38.591767+00:00,2025-03-02 09:32:14.316405+00:00
37585,73121,2025-03-02 02:38:38.591767+00:00,2025-03-02 09:32:14.316405+00:00
727340,73249,2025-03-02 02:38:38.591767+00:00,2025-03-02 09:32:14.316405+00:00
568124,76595,2025-03-02 02:38:38.591767+00:00,2025-03-02 09:32:14.316405+00:00
655302,87322,2025-03-02 02:38:38.591767+00:00,2025-03-02 09:32:14.316405+00:00
902533,92831,2025-03-02 02:38:38.591767+00:00,2025-03-02 09:32:14.316405+00:00
939243,93364,2025-03-02 02:38:38.591767+00:00,2025-03-02 09:32:14.316405+00:00
41245,96657,2025-03-02 02:38:38.591767+00:00,2025-03-02 09:32:14.316405+00:00
1015464,126784,2025-03-02 02:38:38.591767+00:00,2025-03-02 09:32:14.316405+00:00
831920,128476,2025-03-02 02:38:38.591767+00:00,2025-03-02 09:32:14.316405+00:00
1045770,133398,2025-03-02 02:38:38.591767+00:00,2025-03-02 09:32:14.316405+00:00
928713,150975,2025-03-02 02:38:38.591767+00:00,2025-03-02 09:32:14.316405+00:00
1000862,228186,2025-03-02 02:38:38.591767+00:00,2025-03-02 09:32:14.316405+00:00
956450,238727,2025-03-02 02:38:38.591767+00:00,2025-03-02 09:32:14.316405+00:00
1145026,509442,2025-03-02 02:38:38.591767+00:00,2025-03-02 09:32:14.316405+00:00
1233209,586423,2025-03-02 02:38:38.591767+00:00,2025-03-02 09:32:14.316405+00:00
734002,1003237,2025-03-02 02:38:38.591767+00:00,2025-03-02 09:32:14.316405+00:00
1111873,1039527,2025-03-02 02:38:38.591767+00:00,2025-03-02 09:32:14.316405+00:00
996499,1051851,2025-03-02 02:38:38.591767+00:00,2025-03-02 09:32:14.316405+00:00
683363,1064049,2025-03-02 02:38:38.591767+00:00,2025-03-02 09:32:14.316405+00:00
493529,1236679,2025-03-02 02:38:38.591767+00:00,2025-03-02 09:32:14.316405+00:00
850884,1277754,2025-03-02 02:38:38.591767+00:00,2025-03-02 09:32:14.316405+00:00
659988,1364039,2025-03-02 02:38:38.591767+00:00,2025-03-02 09:32:14.316405+00:00
1027273,1462262,2025-03-02 02:38:38.591767+00:00,2025-03-02 09:32:14.316405+00:00
838209,1544991,2025-03-02 02:38:38.591767+00:00,2025-03-02 09:32:14.316405+00:00
1155257,1698170,2025-03-02 02:38:38.591767+00:00,2025-03-02 09:32:14.316405+00:00
1241476,1954827,2025-03-02 02:38:38.591767+00:00,2025-03-02 09:32:14.316405+00:00
1315707,2042738,2025-03-02 02:38:38.591767+00:00,2025-03-02 09:32:14.316405+00:00
845875,2055172,2025-03-02 02:38:38.591767+00:00,2025-03-02 09:32:14.316405+00:00
740467,2081251,2025-03-02 02:38:38.591767+00:00,2025-03-02 09:32:14.316405+00:00
969784,2290150,2025-03-02 02:38:38.591767+00:00,2025-03-02 09:32:14.316405+00:00
926188,2652899,2025-03-02 02:38:38.591767+00:00,2025-03-02 09:32:14.316405+00:00
1156807,3460618,2025-03-02 02:38:38.591767+00:00,2025-03-02 09:32:14.316405+00:00
1148588,3462075,2025-03-02 02:38:38.591767+00:00,2025-03-02 09:32:14.316405+00:00
1369566,4993347,2025-03-02 02:38:38.591767+00:00,2025-03-02 09:32:14.316405+00:00
335977,366,2025-03-02 02:38:38.591767+00:00,2025-03-02 09:32:14.316405+00:00
87827,1614,2025-03-02 02:38:38.591767+00:00,2025-03-02 09:32:14.316405+00:00
1140535,1884,2025-03-02 02:38:38.591767+00:00,2025-03-02 09:32:14.316405+00:00
976893,2303,2025-03-02 02:38:38.591767+00:00,2025-03-02 09:32:14.316405+00:00
522016,11092,2025-03-02 02:38:38.591767+00:00,2025-03-02 09:32:14.316405+00:00
11902,15254,2025-03-02 02:38:38.591767+00:00,2025-03-02 09:32:14.316405+00:00
845611,17282,2025-03-02 02:38:38.591767+00:00,2025-03-02 09:32:14.316405+00:00
925102,18175,2025-03-02 02:38:38.591767+00:00,2025-03-02 09:32:14.316405+00:00
77248,56341,2025-03-02 02:38:38.591767+00:00,2025-03-02 09:32:14.316405+00:00
996108,69841,2025-03-02 02:38:38.591767+00:00,2025-03-02 09:32:14.316405+00:00
76025,72757,2025-03-02 02:38:38.591767+00:00,2025-03-02 09:32:14.316405+00:00
560016,76788,2025-03-02 02:38:38.591767+00:00,2025-03-02 09:32:14.316405+00:00
15859,78866,2025-03-02 02:38:38.591767+00:00,2025-03-02 09:32:14.316405+00:00
913673,109017,2025-03-02 02:38:38.591767+00:00,2025-03-02 09:32:14.316405+00:00
526896,125738,2025-03-02 02:38:38.591767+00:00,2025-03-02 09:32:14.316405+00:00
767246,131295,2025-03-02 02:38:38.591767+00:00,2025-03-02 09:32:14.316405+00:00
961410,133251,2025-03-02 02:38:38.591767+00:00,2025-03-02 09:32:14.316405+00:00
881693,143389,2025-03-02 02:38:38.591767+00:00,2025-03-02 09:32:14.316405+00:00
610321,145376,2025-03-02 02:38:38.591767+00:00,2025-03-02 09:32:14.316405+00:00
508444,168330,2025-03-02 02:38:38.591767+00:00,2025-03-02 09:32:14.316405+00:00
366672,173394,2025-03-02 02:38:38.591767+00:00,2025-03-02 09:32:14.316405+00:00
57118,225554,2025-03-02 02:38:38.591767+00:00,2025-03-02 09:32:14.316405+00:00
672208,229931,2025-03-02 02:38:38.591767+00:00,2025-03-02 09:32:14.316405+00:00
1005533,557415,2025-03-02 02:38:38.591767+00:00,2025-03-02 09:32:14.316405+00:00
837335,931211,2025-03-02 02:38:38.591767+00:00,2025-03-02 09:32:14.316405+00:00
589713,1066215,2025-03-02 02:38:38.591767+00:00,2025-03-02 09:32:14.316405+00:00
811592,1088096,2025-03-02 02:38:38.591767+00:00,2025-03-02 09:32:14.316405+00:00
1064669,1098264,2025-03-02 02:38:38.591767+00:00,2025-03-02 09:32:14.316405+00:00
1236428,1128533,2025-03-02 02:38:38.591767+00:00,2025-03-02 09:32:14.316405+00:00
1078810,1134670,2025-03-02 02:38:38.591767+00:00,2025-03-02 09:32:14.316405+00:00
887870,1144885,2025-03-02 02:38:38.591767+00:00,2025-03-02 09:32:14.316405+00:00
629542,1261455,2025-03-02 02:38:38.591767+00:00,2025-03-02 09:32:14.316405+00:00
941045,1294510,2025-03-02 02:38:38.591767+00:00,2025-03-02 09:32:14.316405+00:00
484574,1333863,2025-03-02 02:38:38.591767+00:00,2025-03-02 09:32:14.316405+00:00
990140,1415282,2025-03-02 02:38:38.591767+00:00,2025-03-02 09:32:14.316405+00:00
804616,1428907,2025-03-02 02:38:38.591767+00:00,2025-03-02 09:32:14.316405+00:00
971699,1674275,2025-03-02 02:38:38.591767+00:00,2025-03-02 09:32:14.316405+00:00
994128,1679853,2025-03-02 02:38:38.591767+00:00,2025-03-02 09:32:14.316405+00:00
799710,1762319,2025-03-02 02:38:38.591767+00:00,2025-03-02 09:32:14.316405+00:00
965150,1904110,2025-03-02 02:38:38.591767+00:00,2025-03-02 09:32:14.316405+00:00
678299,2080659,2025-03-02 02:38:38.591767+00:00,2025-03-02 09:32:14.316405+00:00
537867,2091938,2025-03-02 02:38:38.591767+00:00,2025-03-02 09:32:14.316405+00:00
1052160,2214726,2025-03-02 02:38:38.591767+00:00,2025-03-02 09:32:14.316405+00:00
962571,2261501,2025-03-02 02:38:38.591767+00:00,2025-03-02 09:32:14.316405+00:00
1166073,2360732,2025-03-02 02:38:38.591767+00:00,2025-03-02 09:32:14.316405+00:00
1261250,2441491,2025-03-02 02:38:38.591767+00:00,2025-03-02 09:32:14.316405+00:00
1030991,2452110,2025-03-02 02:38:38.591767+00:00,2025-03-02 09:32:14.316405+00:00
1117166,2560733,2025-03-02 02:38:38.591767+00:00,2025-03-02 09:32:14.316405+00:00
1040892,2840507,2025-03-02 02:38:38.591767+00:00,2025-03-02 09:32:14.316405+00:00
960450,2922825,2025-03-02 02:38:38.591767+00:00,2025-03-02 09:32:14.316405+00:00
946615,3140690,2025-03-02 02:38:38.591767+00:00,2025-03-02 09:32:14.316405+00:00
876127,3240769,2025-03-02 02:38:38.591767+00:00,2025-03-02 09:32:14.316405+00:00
985569,3334153,2025-03-02 02:38:38.591767+00:00,2025-03-02 09:32:14.316405+00:00
936286,3418133,2025-03-02 02:38:38.591767+00:00,2025-03-02 09:32:14.316405+00:00
975575,3548890,2025-03-02 02:38:38.591767+00:00,2025-03-02 09:32:14.316405+00:00
1357982,3811675,2025-03-02 02:38:38.591767+00:00,2025-03-02 09:32:14.316405+00:00
345,240,2025-03-02 02:38:38.591767+00:00,2025-03-02 09:32:14.316405+00:00
872585,525,2025-03-02 02:38:38.591767+00:00,2025-03-02 09:32:14.316405+00:00
659959,4387,2025-03-02 02:38:38.591767+00:00,2025-03-02 09:32:14.316405+00:00
11298,4600,2025-03-02 02:38:38.591767+00:00,2025-03-02 09:32:14.316405+00:00
664506,7288,2025-03-02 02:38:38.591767+00:00,2025-03-02 09:32:14.316405+00:00
18329,12453,2025-03-02 02:38:38.591767+00:00,2025-03-02 09:32:14.316405+00:00
757341,35530,2025-03-02 02:38:38.591767+00:00,2025-03-02 09:32:14.316405+00:00
616037,55934,2025-03-02 02:38:38.591767+00:00,2025-03-02 09:32:14.316405+00:00
665733,56214,2025-03-02 02:38:38.591767+00:00,2025-03-02 09:32:14.316405+00:00
967847,57193,2025-03-02 02:38:38.591767+00:00,2025-03-02 09:32:14.316405+00:00
10775,66718,2025-03-02 02:38:38.591767+00:00,2025-03-02 09:32:14.316405+00:00
75233,71609,2025-03-02 02:38:38.591767+00:00,2025-03-02 09:32:14.316405+00:00
645985,84998,2025-03-02 02:38:38.591767+00:00,2025-03-02 09:32:14.316405+00:00
1058078,111389,2025-03-02 02:38:38.591767+00:00,2025-03-02 09:32:14.316405+00:00
974521,120229,2025-03-02 02:38:38.591767+00:00,2025-03-02 09:32:14.316405+00:00
1167366,226514,2025-03-02 02:38:38.591767+00:00,2025-03-02 09:32:14.316405+00:00
795276,240016,2025-03-02 02:38:38.591767+00:00,2025-03-02 09:32:14.316405+00:00
942171,999463,2025-03-02 02:38:38.591767+00:00,2025-03-02 09:32:14.316405+00:00
1008043,1005696,2025-03-02 02:38:38.591767+00:00,2025-03-02 09:32:14.316405+00:00
793998,1017274,2025-03-02 02:38:38.591767+00:00,2025-03-02 09:32:14.316405+00:00
921436,1075354,2025-03-02 02:38:38.591767+00:00,2025-03-02 09:32:14.316405+00:00
532408,1129908,2025-03-02 02:38:38.591767+00:00,2025-03-02 09:32:14.316405+00:00
847335,1131417,2025-03-02 02:38:38.591767+00:00,2025-03-02 09:32:14.316405+00:00
566525,1144604,2025-03-02 02:38:38.591767+00:00,2025-03-02 09:32:14.316405+00:00
607442,1270757,2025-03-02 02:38:38.591767+00:00,2025-03-02 09:32:14.316405+00:00
949697,1286081,2025-03-02 02:38:38.591767+00:00,2025-03-02 09:32:14.316405+00:00
1078374,1333856,2025-03-02 02:38:38.591767+00:00,2025-03-02 09:32:14.316405+00:00
817557,1334911,2025-03-02 02:38:38.591767+00:00,2025-03-02 09:32:14.316405+00:00
1007127,1489282,2025-03-02 02:38:38.591767+00:00,2025-03-02 09:32:14.316405+00:00
1006664,1544817,2025-03-02 02:38:38.591767+00:00,2025-03-02 09:32:14.316405+00:00
950019,1615891,2025-03-02 02:38:38.591767+00:00,2025-03-02 09:32:14.316405+00:00
712178,1846754,2025-03-02 02:38:38.591767+00:00,2025-03-02 09:32:14.316405+00:00
669401,1901974,2025-03-02 02:38:38.591767+00:00,2025-03-02 09:32:14.316405+00:00
636283,2085263,2025-03-02 02:38:38.591767+00:00,2025-03-02 09:32:14.316405+00:00
768362,2093041,2025-03-02 02:38:38.591767+00:00,2025-03-02 09:32:14.316405+00:00
916405,2294822,2025-03-02 02:38:38.591767+00:00,2025-03-02 09:32:14.316405+00:00
993234,2383553,2025-03-02 02:38:38.591767+00:00,2025-03-02 09:32:14.316405+00:00
968146,2688922,2025-03-02 02:38:38.591767+00:00,2025-03-02 09:32:14.316405+00:00
797787,2836746,2025-03-02 02:38:38.591767+00:00,2025-03-02 09:32:14.316405+00:00
970867,2894608,2025-03-02 02:38:38.591767+00:00,2025-03-02 09:32:14.316405+00:00
1022830,2962359,2025-03-02 02:38:38.591767+00:00,2025-03-02 09:32:14.316405+00:00
1093215,3943045,2025-03-02 02:38:38.591767+00:00,2025-03-02 09:32:14.316405+00:00
823464,98631,2025-03-02 09:32:14.316405+00:00,2025-03-02 09:32:14.316405+00:00
654344,2166,2025-03-02 02:38:38.591767+00:00,2025-03-02 09:32:14.316405+00:00
245891,40644,2025-03-02 02:38:38.591767+00:00,2025-03-02 09:32:14.316405+00:00
283566,56341,2025-03-02 02:38:38.591767+00:00,2025-03-02 09:32:14.316405+00:00
1184918,66193,2025-03-02 02:38:38.591767+00:00,2025-03-02 09:32:14.316405+00:00
1101734,72496,2025-03-02 02:38:38.591767+00:00,2025-03-02 09:32:14.316405+00:00
1188019,80107,2025-03-02 02:38:38.591767+00:00,2025-03-02 09:32:14.316405+00:00
689700,87494,2025-03-02 02:38:38.591767+00:00,2025-03-02 09:32:14.316405+00:00
969050,93991,2025-03-02 02:38:38.591767+00:00,2025-03-02 09:32:14.316405+00:00
989473,107794,2025-03-02 02:38:38.591767+00:00,2025-03-02 09:32:14.316405+00:00
955569,108552,2025-03-02 02:38:38.591767+00:00,2025-03-02 09:32:14.316405+00:00
589985,114953,2025-03-02 02:38:38.591767+00:00,2025-03-02 09:32:14.316405+00:00
714650,125074,2025-03-02 02:38:38.591767+00:00,2025-03-02 09:32:14.316405+00:00
615173,557736,2025-03-02 02:38:38.591767+00:00,2025-03-02 09:32:14.316405+00:00
901358,557984,2025-03-02 02:38:38.591767+00:00,2025-03-02 09:32:14.316405+00:00
615643,931952,2025-03-02 02:38:38.591767+00:00,2025-03-02 09:32:14.316405+00:00
1341782,1081062,2025-03-02 02:38:38.591767+00:00,2025-03-02 09:32:14.316405+00:00
298618,1113116,2025-03-02 02:38:38.591767+00:00,2025-03-02 09:32:14.316405+00:00
798286,1145520,2025-03-02 02:38:38.591767+00:00,2025-03-02 09:32:14.316405+00:00
977013,1167470,2025-03-02 02:38:38.591767+00:00,2025-03-02 09:32:14.316405+00:00
695089,1175622,2025-03-02 02:38:38.591767+00:00,2025-03-02 09:32:14.316405+00:00
956288,1266722,2025-03-02 02:38:38.591767+00:00,2025-03-02 09:32:14.316405+00:00
844225,1279429,2025-03-02 02:38:38.591767+00:00,2025-03-02 09:32:14.316405+00:00
464768,1285000,2025-03-02 02:38:38.591767+00:00,2025-03-02 09:32:14.316405+00:00
316569,1333863,2025-03-02 02:38:38.591767+00:00,2025-03-02 09:32:14.316405+00:00
838119,1393213,2025-03-02 02:38:38.591767+00:00,2025-03-02 09:32:14.316405+00:00
993156,1417213,2025-03-02 02:38:38.591767+00:00,2025-03-02 09:32:14.316405+00:00
795815,1427205,2025-03-02 02:38:38.591767+00:00,2025-03-02 09:32:14.316405+00:00
1015303,1521437,2025-03-02 02:38:38.591767+00:00,2025-03-02 09:32:14.316405+00:00
633374,1565972,2025-03-02 02:38:38.591767+00:00,2025-03-02 09:32:14.316405+00:00
659384,1695602,2025-03-02 02:38:38.591767+00:00,2025-03-02 09:32:14.316405+00:00
1088709,1844023,2025-03-02 02:38:38.591767+00:00,2025-03-02 09:32:14.316405+00:00
795564,1937966,2025-03-02 02:38:38.591767+00:00,2025-03-02 09:32:14.316405+00:00
601434,2323529,2025-03-02 02:38:38.591767+00:00,2025-03-02 09:32:14.316405+00:00
955555,2376041,2025-03-02 02:38:38.591767+00:00,2025-03-02 09:32:14.316405+00:00
1226170,2721534,2025-03-02 02:38:38.591767+00:00,2025-03-02 09:32:14.316405+00:00
973587,2838953,2025-03-02 02:38:38.591767+00:00,2025-03-02 09:32:14.316405+00:00
1017163,2879867,2025-03-02 02:38:38.591767+00:00,2025-03-02 09:32:14.316405+00:00
939879,3452577,2025-03-02 02:38:38.591767+00:00,2025-03-02 09:32:14.316405+00:00
1255586,4577760,2025-03-02 02:38:38.591767+00:00,2025-03-02 09:32:14.316405+00:00
128,608,2025-03-02 02:38:38.591767+00:00,2025-03-02 09:32:14.316405+00:00
131634,10943,2025-03-02 02:38:38.591767+00:00,2025-03-02 09:32:14.316405+00:00
839033,16137,2025-03-02 02:38:38.591767+00:00,2025-03-02 09:32:14.316405+00:00
961295,26875,2025-03-02 02:38:38.591767+00:00,2025-03-02 09:32:14.316405+00:00
937746,63973,2025-03-02 02:38:38.591767+00:00,2025-03-02 09:32:14.316405+00:00
581394,64883,2025-03-02 02:38:38.591767+00:00,2025-03-02 09:32:14.316405+00:00
1008409,71872,2025-03-02 02:38:38.591767+00:00,2025-03-02 09:32:14.316405+00:00
717930,76422,2025-03-02 02:38:38.591767+00:00,2025-03-02 09:32:14.316405+00:00
985939,90812,2025-03-02 02:38:38.591767+00:00,2025-03-02 09:32:14.316405+00:00
24614,92071,2025-03-02 02:38:38.591767+00:00,2025-03-02 09:32:14.316405+00:00
27062,96861,2025-03-02 02:38:38.591767+00:00,2025-03-02 09:32:14.316405+00:00
901362,118489,2025-03-02 02:38:38.591767+00:00,2025-03-02 09:32:14.316405+00:00
1210309,127891,2025-03-02 02:38:38.591767+00:00,2025-03-02 09:32:14.316405+00:00
615777,136495,2025-03-02 02:38:38.591767+00:00,2025-03-02 09:32:14.316405+00:00
877269,227439,2025-03-02 02:38:38.591767+00:00,2025-03-02 09:32:14.316405+00:00
952438,1050610,2025-03-02 02:38:38.591767+00:00,2025-03-02 09:32:14.316405+00:00
1022108,1106982,2025-03-02 02:38:38.591767+00:00,2025-03-02 09:32:14.316405+00:00
881764,1107609,2025-03-02 02:38:38.591767+00:00,2025-03-02 09:32:14.316405+00:00
958017,1204797,2025-03-02 02:38:38.591767+00:00,2025-03-02 09:32:14.316405+00:00
714675,1226684,2025-03-02 02:38:38.591767+00:00,2025-03-02 09:32:14.316405+00:00
754067,1366309,2025-03-02 02:38:38.591767+00:00,2025-03-02 09:32:14.316405+00:00
655082,1422940,2025-03-02 02:38:38.591767+00:00,2025-03-02 09:32:14.316405+00:00
1078920,1485998,2025-03-02 02:38:38.591767+00:00,2025-03-02 09:32:14.316405+00:00
609681,1795072,2025-03-02 02:38:38.591767+00:00,2025-03-02 09:32:14.316405+00:00
1117291,1852026,2025-03-02 02:38:38.591767+00:00,2025-03-02 09:32:14.316405+00:00
824362,1880399,2025-03-02 02:38:38.591767+00:00,2025-03-02 09:32:14.316405+00:00
998137,1985636,2025-03-02 02:38:38.591767+00:00,2025-03-02 09:32:14.316405+00:00
666277,2518227,2025-03-02 02:38:38.591767+00:00,2025-03-02 09:32:14.316405+00:00
1069813,2762873,2025-03-02 02:38:38.591767+00:00,2025-03-02 09:32:14.316405+00:00
816344,3044062,2025-03-02 02:38:38.591767+00:00,2025-03-02 09:32:14.316405+00:00
1307028,3140690,2025-03-02 02:38:38.591767+00:00,2025-03-02 09:32:14.316405+00:00
876189,3246960,2025-03-02 02:38:38.591767+00:00,2025-03-02 09:32:14.316405+00:00
1226170,3298119,2025-03-02 02:38:38.591767+00:00,2025-03-02 09:32:14.316405+00:00
137686,3634452,2025-03-02 02:38:38.591767+00:00,2025-03-02 09:32:14.316405+00:00
1211728,3702907,2025-03-02 02:38:38.591767+00:00,2025-03-02 09:32:14.316405+00:00
1039769,3756671,2025-03-02 02:38:38.591767+00:00,2025-03-02 09:32:14.316405+00:00
1096018,3951358,2025-03-02 02:38:38.591767+00:00,2025-03-02 09:32:14.316405+00:00
476669,957,2025-03-02 02:38:38.591767+00:00,2025-03-02 09:32:14.316405+00:00
542178,5655,2025-03-02 02:38:38.591767+00:00,2025-03-02 09:32:14.316405+00:00
582,8193,2025-03-02 02:38:38.591767+00:00,2025-03-02 09:32:14.316405+00:00
634,9158,2025-03-02 02:38:38.591767+00:00,2025-03-02 09:32:14.316405+00:00
777270,11181,2025-03-02 02:38:38.591767+00:00,2025-03-02 09:32:14.316405+00:00
18872,25645,2025-03-02 02:38:38.591767+00:00,2025-03-02 09:32:14.316405+00:00
5879,46230,2025-03-02 02:38:38.591767+00:00,2025-03-02 09:32:14.316405+00:00
792293,50767,2025-03-02 02:38:38.591767+00:00,2025-03-02 09:32:14.316405+00:00
646389,58324,2025-03-02 02:38:38.591767+00:00,2025-03-02 09:32:14.316405+00:00
33431,58608,2025-03-02 02:38:38.591767+00:00,2025-03-02 09:32:14.316405+00:00
801271,59231,2025-03-02 02:38:38.591767+00:00,2025-03-02 09:32:14.316405+00:00
11647,66718,2025-03-02 02:38:38.591767+00:00,2025-03-02 09:32:14.316405+00:00
83183,69167,2025-03-02 02:38:38.591767+00:00,2025-03-02 09:32:14.316405+00:00
1304880,94050,2025-03-02 02:38:38.591767+00:00,2025-03-02 09:32:14.316405+00:00
1006012,127926,2025-03-02 02:38:38.591767+00:00,2025-03-02 09:32:14.316405+00:00
763539,146922,2025-03-02 02:38:38.591767+00:00,2025-03-02 09:32:14.316405+00:00
843093,150390,2025-03-02 02:38:38.591767+00:00,2025-03-02 09:32:14.316405+00:00
895659,931581,2025-03-02 02:38:38.591767+00:00,2025-03-02 09:32:14.316405+00:00
663712,933176,2025-03-02 02:38:38.591767+00:00,2025-03-02 09:32:14.316405+00:00
698215,1034272,2025-03-02 02:38:38.591767+00:00,2025-03-02 09:32:14.316405+00:00
1084199,1087245,2025-03-02 02:38:38.591767+00:00,2025-03-02 09:32:14.316405+00:00
571468,1130801,2025-03-02 02:38:38.591767+00:00,2025-03-02 09:32:14.316405+00:00
1029479,1160535,2025-03-02 02:38:38.591767+00:00,2025-03-02 09:32:14.316405+00:00
1075815,1248157,2025-03-02 02:38:38.591767+00:00,2025-03-02 09:32:14.316405+00:00
1163269,1301811,2025-03-02 02:38:38.591767+00:00,2025-03-02 09:32:14.316405+00:00
1076011,1338664,2025-03-02 02:38:38.591767+00:00,2025-03-02 09:32:14.316405+00:00
315162,1450348,2025-03-02 02:38:38.591767+00:00,2025-03-02 09:32:14.316405+00:00
1241982,1461394,2025-03-02 02:38:38.591767+00:00,2025-03-02 09:32:14.316405+00:00
522241,1539858,2025-03-02 02:38:38.591767+00:00,2025-03-02 09:32:14.316405+00:00
1210973,1594385,2025-03-02 02:38:38.591767+00:00,2025-03-02 09:32:14.316405+00:00
958291,1605622,2025-03-02 02:38:38.591767+00:00,2025-03-02 09:32:14.316405+00:00
437342,1706480,2025-03-02 02:38:38.591767+00:00,2025-03-02 09:32:14.316405+00:00
1234779,1716600,2025-03-02 02:38:38.591767+00:00,2025-03-02 09:32:14.316405+00:00
712164,2021340,2025-03-02 02:38:38.591767+00:00,2025-03-02 09:32:14.316405+00:00
636283,2085264,2025-03-02 02:38:38.591767+00:00,2025-03-02 09:32:14.316405+00:00
938008,2204473,2025-03-02 02:38:38.591767+00:00,2025-03-02 09:32:14.316405+00:00
569094,2451598,2025-03-02 02:38:38.591767+00:00,2025-03-02 09:32:14.316405+00:00
991193,2972234,2025-03-02 02:38:38.591767+00:00,2025-03-02 09:32:14.316405+00:00
1129646,3082128,2025-03-02 02:38:38.591767+00:00,2025-03-02 09:32:14.316405+00:00
987538,3607914,2025-03-02 02:38:38.591767+00:00,2025-03-02 09:32:14.316405+00:00
1264429,3613598,2025-03-02 02:38:38.591767+00:00,2025-03-02 09:32:14.316405+00:00
8088,309,2025-03-02 02:38:38.591767+00:00,2025-03-02 09:32:14.316405+00:00
76406,2303,2025-03-02 02:38:38.591767+00:00,2025-03-02 09:32:14.316405+00:00
811596,2352,2025-03-02 02:38:38.591767+00:00,2025-03-02 09:32:14.316405+00:00
785084,6431,2025-03-02 02:38:38.591767+00:00,2025-03-02 09:32:14.316405+00:00
4689,10099,2025-03-02 02:38:38.591767+00:00,2025-03-02 09:32:14.316405+00:00
4550,10099,2025-03-02 02:38:38.591767+00:00,2025-03-02 09:32:14.316405+00:00
11471,11401,2025-03-02 02:38:38.591767+00:00,2025-03-02 09:32:14.316405+00:00
365177,16847,2025-03-02 02:38:38.591767+00:00,2025-03-02 09:32:14.316405+00:00
938250,19896,2025-03-02 02:38:38.591767+00:00,2025-03-02 09:32:14.316405+00:00
960275,20085,2025-03-02 02:38:38.591767+00:00,2025-03-02 09:32:14.316405+00:00
3427,20789,2025-03-02 02:38:38.591767+00:00,2025-03-02 09:32:14.316405+00:00
1081012,27226,2025-03-02 02:38:38.591767+00:00,2025-03-02 09:32:14.316405+00:00
11553,64992,2025-03-02 02:38:38.591767+00:00,2025-03-02 09:32:14.316405+00:00
601188,81118,2025-03-02 02:38:38.591767+00:00,2025-03-02 09:32:14.316405+00:00
749927,94050,2025-03-02 02:38:38.591767+00:00,2025-03-02 09:32:14.316405+00:00
836723,94815,2025-03-02 02:38:38.591767+00:00,2025-03-02 09:32:14.316405+00:00
1074034,101488,2025-03-02 02:38:38.591767+00:00,2025-03-02 09:32:14.316405+00:00
794721,106549,2025-03-02 02:38:38.591767+00:00,2025-03-02 09:32:14.316405+00:00
1108450,114540,2025-03-02 02:38:38.591767+00:00,2025-03-02 09:32:14.316405+00:00
1023962,128745,2025-03-02 02:38:38.591767+00:00,2025-03-02 09:32:14.316405+00:00
1101256,136168,2025-03-02 02:38:38.591767+00:00,2025-03-02 09:32:14.316405+00:00
603661,232002,2025-03-02 02:38:38.591767+00:00,2025-03-02 09:32:14.316405+00:00
112903,236470,2025-03-02 02:38:38.591767+00:00,2025-03-02 09:32:14.316405+00:00
783111,566365,2025-03-02 02:38:38.591767+00:00,2025-03-02 09:32:14.316405+00:00
1113278,1070338,2025-03-02 02:38:38.591767+00:00,2025-03-02 09:32:14.316405+00:00
872667,1159523,2025-03-02 02:38:38.591767+00:00,2025-03-02 09:32:14.316405+00:00
993782,1195583,2025-03-02 02:38:38.591767+00:00,2025-03-02 09:32:14.316405+00:00
882059,1275319,2025-03-02 02:38:38.591767+00:00,2025-03-02 09:32:14.316405+00:00
795564,1456779,2025-03-02 02:38:38.591767+00:00,2025-03-02 09:32:14.316405+00:00
576925,1628967,2025-03-02 02:38:38.591767+00:00,2025-03-02 09:32:14.316405+00:00
1235424,2132649,2025-03-02 02:38:38.591767+00:00,2025-03-02 09:32:14.316405+00:00
1177518,2221769,2025-03-02 02:38:38.591767+00:00,2025-03-02 09:32:14.316405+00:00
1269108,2411247,2025-03-02 02:38:38.591767+00:00,2025-03-02 09:32:14.316405+00:00
842033,2423925,2025-03-02 02:38:38.591767+00:00,2025-03-02 09:32:14.316405+00:00
810406,3028833,2025-03-02 02:38:38.591767+00:00,2025-03-02 09:32:14.316405+00:00
1108211,3070248,2025-03-02 02:38:38.591767+00:00,2025-03-02 09:32:14.316405+00:00
1040496,3078780,2025-03-02 02:38:38.591767+00:00,2025-03-02 09:32:14.316405+00:00
939879,3452586,2025-03-02 02:38:38.591767+00:00,2025-03-02 09:32:14.316405+00:00
947049,3466273,2025-03-02 02:38:38.591767+00:00,2025-03-02 09:32:14.316405+00:00
975810,3549559,2025-03-02 02:38:38.591767+00:00,2025-03-02 09:32:14.316405+00:00
1005259,3639307,2025-03-02 02:38:38.591767+00:00,2025-03-02 09:32:14.316405+00:00
1226170,3644234,2025-03-02 02:38:38.591767+00:00,2025-03-02 09:32:14.316405+00:00
1009987,3655587,2025-03-02 02:38:38.591767+00:00,2025-03-02 09:32:14.316405+00:00
1189165,4312690,2025-03-02 02:38:38.591767+00:00,2025-03-02 09:32:14.316405+00:00
1200506,4356449,2025-03-02 02:38:38.591767+00:00,2025-03-02 09:32:14.316405+00:00
1306218,4782087,2025-03-02 02:38:38.591767+00:00,2025-03-02 09:32:14.316405+00:00
361743,86270,2025-03-02 09:32:14.316405+00:00,2025-03-02 09:32:14.316405+00:00
12155,510,2025-03-02 02:38:38.591767+00:00,2025-03-02 09:32:14.316405+00:00
1716,1650,2025-03-02 02:38:38.591767+00:00,2025-03-02 09:32:14.316405+00:00
14553,4956,2025-03-02 02:38:38.591767+00:00,2025-03-02 09:32:14.316405+00:00
9769,7270,2025-03-02 02:38:38.591767+00:00,2025-03-02 09:32:14.316405+00:00
804150,9281,2025-03-02 02:38:38.591767+00:00,2025-03-02 09:32:14.316405+00:00
736732,25645,2025-03-02 02:38:38.591767+00:00,2025-03-02 09:32:14.316405+00:00
626735,38673,2025-03-02 02:38:38.591767+00:00,2025-03-02 09:32:14.316405+00:00
762433,39104,2025-03-02 02:38:38.591767+00:00,2025-03-02 09:32:14.316405+00:00
958179,46295,2025-03-02 02:38:38.591767+00:00,2025-03-02 09:32:14.316405+00:00
852355,56379,2025-03-02 02:38:38.591767+00:00,2025-03-02 09:32:14.316405+00:00
975056,72960,2025-03-02 02:38:38.591767+00:00,2025-03-02 09:32:14.316405+00:00
642538,93107,2025-03-02 02:38:38.591767+00:00,2025-03-02 09:32:14.316405+00:00
497698,93286,2025-03-02 02:38:38.591767+00:00,2025-03-02 09:32:14.316405+00:00
64015,103602,2025-03-02 02:38:38.591767+00:00,2025-03-02 09:32:14.316405+00:00
1157680,109606,2025-03-02 02:38:38.591767+00:00,2025-03-02 09:32:14.316405+00:00
660942,444892,2025-03-02 02:38:38.591767+00:00,2025-03-02 09:32:14.316405+00:00
545237,527607,2025-03-02 02:38:38.591767+00:00,2025-03-02 09:32:14.316405+00:00
1083862,589915,2025-03-02 02:38:38.591767+00:00,2025-03-02 09:32:14.316405+00:00
741329,1012320,2025-03-02 02:38:38.591767+00:00,2025-03-02 09:32:14.316405+00:00
482373,1046225,2025-03-02 02:38:38.591767+00:00,2025-03-02 09:32:14.316405+00:00
1240834,1080183,2025-03-02 02:38:38.591767+00:00,2025-03-02 09:32:14.316405+00:00
899524,1119247,2025-03-02 02:38:38.591767+00:00,2025-03-02 09:32:14.316405+00:00
795564,1175046,2025-03-02 02:38:38.591767+00:00,2025-03-02 09:32:14.316405+00:00
648579,1211000,2025-03-02 02:38:38.591767+00:00,2025-03-02 09:32:14.316405+00:00
888195,1211636,2025-03-02 02:38:38.591767+00:00,2025-03-02 09:32:14.316405+00:00
959439,1265162,2025-03-02 02:38:38.591767+00:00,2025-03-02 09:32:14.316405+00:00
960206,1292227,2025-03-02 02:38:38.591767+00:00,2025-03-02 09:32:14.316405+00:00
718289,1294510,2025-03-02 02:38:38.591767+00:00,2025-03-02 09:32:14.316405+00:00
269509,1318897,2025-03-02 02:38:38.591767+00:00,2025-03-02 09:32:14.316405+00:00
1068602,1515341,2025-03-02 02:38:38.591767+00:00,2025-03-02 09:32:14.316405+00:00
1037348,1561992,2025-03-02 02:38:38.591767+00:00,2025-03-02 09:32:14.316405+00:00
977155,1632457,2025-03-02 02:38:38.591767+00:00,2025-03-02 09:32:14.316405+00:00
616670,1707304,2025-03-02 02:38:38.591767+00:00,2025-03-02 09:32:14.316405+00:00
502356,1719706,2025-03-02 02:38:38.591767+00:00,2025-03-02 09:32:14.316405+00:00
833417,1721013,2025-03-02 02:38:38.591767+00:00,2025-03-02 09:32:14.316405+00:00
778810,1777884,2025-03-02 02:38:38.591767+00:00,2025-03-02 09:32:14.316405+00:00
566466,1919984,2025-03-02 02:38:38.591767+00:00,2025-03-02 09:32:14.316405+00:00
898230,2182238,2025-03-02 02:38:38.591767+00:00,2025-03-02 09:32:14.316405+00:00
937356,2196924,2025-03-02 02:38:38.591767+00:00,2025-03-02 09:32:14.316405+00:00
1017441,2230559,2025-03-02 02:38:38.591767+00:00,2025-03-02 09:32:14.316405+00:00
1009082,2422854,2025-03-02 02:38:38.591767+00:00,2025-03-02 09:32:14.316405+00:00
876189,2566143,2025-03-02 02:38:38.591767+00:00,2025-03-02 09:32:14.316405+00:00
804593,3006076,2025-03-02 02:38:38.591767+00:00,2025-03-02 09:32:14.316405+00:00
1147710,3084810,2025-03-02 02:38:38.591767+00:00,2025-03-02 09:32:14.316405+00:00
638483,3460618,2025-03-02 02:38:38.591767+00:00,2025-03-02 09:32:14.316405+00:00
9613,224,2025-03-02 02:38:38.591767+00:00,2025-03-02 09:32:14.316405+00:00
963765,309,2025-03-02 02:38:38.591767+00:00,2025-03-02 09:32:14.316405+00:00
763285,865,2025-03-02 02:38:38.591767+00:00,2025-03-02 09:32:14.316405+00:00
1128650,1341,2025-03-02 02:38:38.591767+00:00,2025-03-02 09:32:14.316405+00:00
390,2303,2025-03-02 02:38:38.591767+00:00,2025-03-02 09:32:14.316405+00:00
423,3556,2025-03-02 02:38:38.591767+00:00,2025-03-02 09:32:14.316405+00:00
656156,17120,2025-03-02 02:38:38.591767+00:00,2025-03-02 09:32:14.316405+00:00
854006,20310,2025-03-02 02:38:38.591767+00:00,2025-03-02 09:32:14.316405+00:00
589978,35968,2025-03-02 02:38:38.591767+00:00,2025-03-02 09:32:14.316405+00:00
1097549,39847,2025-03-02 02:38:38.591767+00:00,2025-03-02 09:32:14.316405+00:00
889737,57130,2025-03-02 02:38:38.591767+00:00,2025-03-02 09:32:14.316405+00:00
814889,59291,2025-03-02 02:38:38.591767+00:00,2025-03-02 09:32:14.316405+00:00
852438,67717,2025-03-02 02:38:38.591767+00:00,2025-03-02 09:32:14.316405+00:00
628914,95573,2025-03-02 02:38:38.591767+00:00,2025-03-02 09:32:14.316405+00:00
30020,119294,2025-03-02 02:38:38.591767+00:00,2025-03-02 09:32:14.316405+00:00
601796,119337,2025-03-02 02:38:38.591767+00:00,2025-03-02 09:32:14.316405+00:00
1046090,119410,2025-03-02 02:38:38.591767+00:00,2025-03-02 09:32:14.316405+00:00
660002,123199,2025-03-02 02:38:38.591767+00:00,2025-03-02 09:32:14.316405+00:00
1037696,233694,2025-03-02 02:38:38.591767+00:00,2025-03-02 09:32:14.316405+00:00
989496,439442,2025-03-02 02:38:38.591767+00:00,2025-03-02 09:32:14.316405+00:00
960312,572028,2025-03-02 02:38:38.591767+00:00,2025-03-02 09:32:14.316405+00:00
617882,587672,2025-03-02 02:38:38.591767+00:00,2025-03-02 09:32:14.316405+00:00
966709,934830,2025-03-02 02:38:38.591767+00:00,2025-03-02 09:32:14.316405+00:00
912649,940376,2025-03-02 02:38:38.591767+00:00,2025-03-02 09:32:14.316405+00:00
941132,1135709,2025-03-02 02:38:38.591767+00:00,2025-03-02 09:32:14.316405+00:00
912908,1152054,2025-03-02 02:38:38.591767+00:00,2025-03-02 09:32:14.316405+00:00
1030987,1200541,2025-03-02 02:38:38.591767+00:00,2025-03-02 09:32:14.316405+00:00
1146972,1241824,2025-03-02 02:38:38.591767+00:00,2025-03-02 09:32:14.316405+00:00
1112357,1265147,2025-03-02 02:38:38.591767+00:00,2025-03-02 09:32:14.316405+00:00
709631,1364891,2025-03-02 02:38:38.591767+00:00,2025-03-02 09:32:14.316405+00:00
977337,1477086,2025-03-02 02:38:38.591767+00:00,2025-03-02 09:32:14.316405+00:00
888602,1661499,2025-03-02 02:38:38.591767+00:00,2025-03-02 09:32:14.316405+00:00
740963,1866491,2025-03-02 02:38:38.591767+00:00,2025-03-02 09:32:14.316405+00:00
1077693,1899637,2025-03-02 02:38:38.591767+00:00,2025-03-02 09:32:14.316405+00:00
899460,2036987,2025-03-02 02:38:38.591767+00:00,2025-03-02 09:32:14.316405+00:00
1280832,2199869,2025-03-02 02:38:38.591767+00:00,2025-03-02 09:32:14.316405+00:00
965094,2230914,2025-03-02 02:38:38.591767+00:00,2025-03-02 09:32:14.316405+00:00
1208997,2421796,2025-03-02 02:38:38.591767+00:00,2025-03-02 09:32:14.316405+00:00
789910,2446058,2025-03-02 02:38:38.591767+00:00,2025-03-02 09:32:14.316405+00:00
1167792,2974363,2025-03-02 02:38:38.591767+00:00,2025-03-02 09:32:14.316405+00:00
1159247,3140690,2025-03-02 02:38:38.591767+00:00,2025-03-02 09:32:14.316405+00:00
1214485,3186341,2025-03-02 02:38:38.591767+00:00,2025-03-02 09:32:14.316405+00:00
1214499,3554638,2025-03-02 02:38:38.591767+00:00,2025-03-02 09:32:14.316405+00:00
1301650,4934349,2025-03-02 02:38:38.591767+00:00,2025-03-02 09:32:14.316405+00:00
1033667,1287923,2025-03-02 09:32:14.316405+00:00,2025-03-02 09:32:14.316405+00:00
80,564,2025-03-02 02:38:38.591767+00:00,2025-03-02 09:32:14.316405+00:00
9746,1032,2025-03-02 02:38:38.591767+00:00,2025-03-02 09:32:14.316405+00:00
108,1126,2025-03-02 02:38:38.591767+00:00,2025-03-02 09:32:14.316405+00:00
1626,3776,2025-03-02 02:38:38.591767+00:00,2025-03-02 09:32:14.316405+00:00
12652,20789,2025-03-02 02:38:38.591767+00:00,2025-03-02 09:32:14.316405+00:00
594691,24485,2025-03-02 02:38:38.591767+00:00,2025-03-02 09:32:14.316405+00:00
641960,77162,2025-03-02 02:38:38.591767+00:00,2025-03-02 09:32:14.316405+00:00
997777,141388,2025-03-02 02:38:38.591767+00:00,2025-03-02 09:32:14.316405+00:00
807196,191750,2025-03-02 02:38:38.591767+00:00,2025-03-02 09:32:14.316405+00:00
742396,585208,2025-03-02 02:38:38.591767+00:00,2025-03-02 09:32:14.316405+00:00
1016392,1012319,2025-03-02 02:38:38.591767+00:00,2025-03-02 09:32:14.316405+00:00
1015079,1062447,2025-03-02 02:38:38.591767+00:00,2025-03-02 09:32:14.316405+00:00
1305515,1083227,2025-03-02 02:38:38.591767+00:00,2025-03-02 09:32:14.316405+00:00
726139,1135344,2025-03-02 02:38:38.591767+00:00,2025-03-02 09:32:14.316405+00:00
876648,1136125,2025-03-02 02:38:38.591767+00:00,2025-03-02 09:32:14.316405+00:00
680813,1148927,2025-03-02 02:38:38.591767+00:00,2025-03-02 09:32:14.316405+00:00
1090024,1289315,2025-03-02 02:38:38.591767+00:00,2025-03-02 09:32:14.316405+00:00
614917,1415665,2025-03-02 02:38:38.591767+00:00,2025-03-02 09:32:14.316405+00:00
870360,1486487,2025-03-02 02:38:38.591767+00:00,2025-03-02 09:32:14.316405+00:00
795811,1487492,2025-03-02 02:38:38.591767+00:00,2025-03-02 09:32:14.316405+00:00
1061855,1488942,2025-03-02 02:38:38.591767+00:00,2025-03-02 09:32:14.316405+00:00
893366,1587696,2025-03-02 02:38:38.591767+00:00,2025-03-02 09:32:14.316405+00:00
682507,1668008,2025-03-02 02:38:38.591767+00:00,2025-03-02 09:32:14.316405+00:00
283566,1999367,2025-03-02 02:38:38.591767+00:00,2025-03-02 09:32:14.316405+00:00
900062,2086014,2025-03-02 02:38:38.591767+00:00,2025-03-02 09:32:14.316405+00:00
1168166,2545616,2025-03-02 02:38:38.591767+00:00,2025-03-02 09:32:14.316405+00:00
996871,2559079,2025-03-02 02:38:38.591767+00:00,2025-03-02 09:32:14.316405+00:00
840528,2648776,2025-03-02 02:38:38.591767+00:00,2025-03-02 09:32:14.316405+00:00
717908,2687337,2025-03-02 02:38:38.591767+00:00,2025-03-02 09:32:14.316405+00:00
743815,2781342,2025-03-02 02:38:38.591767+00:00,2025-03-02 09:32:14.316405+00:00
1021860,3692006,2025-03-02 02:38:38.591767+00:00,2025-03-02 09:32:14.316405+00:00
1028684,3715927,2025-03-02 02:38:38.591767+00:00,2025-03-02 09:32:14.316405+00:00
1181642,3964369,2025-03-02 02:38:38.591767+00:00,2025-03-02 09:32:14.316405+00:00
1162322,4204183,2025-03-02 02:38:38.591767+00:00,2025-03-02 09:32:14.316405+00:00
1352548,4924871,2025-03-02 02:38:38.591767+00:00,2025-03-02 09:32:14.316405+00:00
626,793,2025-03-02 02:38:38.591767+00:00,2025-03-02 09:32:14.316405+00:00
1629,3776,2025-03-02 02:38:38.591767+00:00,2025-03-02 09:32:14.316405+00:00
598,8557,2025-03-02 02:38:38.591767+00:00,2025-03-02 09:32:14.316405+00:00
673,11218,2025-03-02 02:38:38.591767+00:00,2025-03-02 09:32:14.316405+00:00
1010600,16938,2025-03-02 02:38:38.591767+00:00,2025-03-02 09:32:14.316405+00:00
42454,20789,2025-03-02 02:38:38.591767+00:00,2025-03-02 09:32:14.316405+00:00
11948,46230,2025-03-02 02:38:38.591767+00:00,2025-03-02 09:32:14.316405+00:00
423333,51533,2025-03-02 02:38:38.591767+00:00,2025-03-02 09:32:14.316405+00:00
1167271,57028,2025-03-02 02:38:38.591767+00:00,2025-03-02 09:32:14.316405+00:00
923387,82423,2025-03-02 02:38:38.591767+00:00,2025-03-02 09:32:14.316405+00:00
726657,88784,2025-03-02 02:38:38.591767+00:00,2025-03-02 09:32:14.316405+00:00
537761,123199,2025-03-02 02:38:38.591767+00:00,2025-03-02 09:32:14.316405+00:00
1029486,144412,2025-03-02 02:38:38.591767+00:00,2025-03-02 09:32:14.316405+00:00
995408,145117,2025-03-02 02:38:38.591767+00:00,2025-03-02 09:32:14.316405+00:00
655738,224591,2025-03-02 02:38:38.591767+00:00,2025-03-02 09:32:14.316405+00:00
46361,236470,2025-03-02 02:38:38.591767+00:00,2025-03-02 09:32:14.316405+00:00
1250407,583881,2025-03-02 02:38:38.591767+00:00,2025-03-02 09:32:14.316405+00:00
605886,591600,2025-03-02 02:38:38.591767+00:00,2025-03-02 09:32:14.316405+00:00
876969,928490,2025-03-02 02:38:38.591767+00:00,2025-03-02 09:32:14.316405+00:00
655363,930499,2025-03-02 02:38:38.591767+00:00,2025-03-02 09:32:14.316405+00:00
1279788,937799,2025-03-02 02:38:38.591767+00:00,2025-03-02 09:32:14.316405+00:00
1122715,1045564,2025-03-02 02:38:38.591767+00:00,2025-03-02 09:32:14.316405+00:00
256133,1092244,2025-03-02 02:38:38.591767+00:00,2025-03-02 09:32:14.316405+00:00
893723,1098477,2025-03-02 02:38:38.591767+00:00,2025-03-02 09:32:14.316405+00:00
1032767,1130942,2025-03-02 02:38:38.591767+00:00,2025-03-02 09:32:14.316405+00:00
584242,1170106,2025-03-02 02:38:38.591767+00:00,2025-03-02 09:32:14.316405+00:00
898009,1376363,2025-03-02 02:38:38.591767+00:00,2025-03-02 09:32:14.316405+00:00
734002,1466181,2025-03-02 02:38:38.591767+00:00,2025-03-02 09:32:14.316405+00:00
958487,1494690,2025-03-02 02:38:38.591767+00:00,2025-03-02 09:32:14.316405+00:00
915403,1515341,2025-03-02 02:38:38.591767+00:00,2025-03-02 09:32:14.316405+00:00
957861,1553944,2025-03-02 02:38:38.591767+00:00,2025-03-02 09:32:14.316405+00:00
937743,1651297,2025-03-02 02:38:38.591767+00:00,2025-03-02 09:32:14.316405+00:00
986088,1955091,2025-03-02 02:38:38.591767+00:00,2025-03-02 09:32:14.316405+00:00
1081640,1969266,2025-03-02 02:38:38.591767+00:00,2025-03-02 09:32:14.316405+00:00
851800,2067023,2025-03-02 02:38:38.591767+00:00,2025-03-02 09:32:14.316405+00:00
798544,2388945,2025-03-02 02:38:38.591767+00:00,2025-03-02 09:32:14.316405+00:00
827887,2830542,2025-03-02 02:38:38.591767+00:00,2025-03-02 09:32:14.316405+00:00
1338226,3140690,2025-03-02 02:38:38.591767+00:00,2025-03-02 09:32:14.316405+00:00
903125,3322564,2025-03-02 02:38:38.591767+00:00,2025-03-02 09:32:14.316405+00:00
923192,3369910,2025-03-02 02:38:38.591767+00:00,2025-03-02 09:32:14.316405+00:00
589026,2266962,2025-03-02 09:32:14.316405+00:00,2025-03-02 09:32:14.316405+00:00
48231,224,2025-03-02 02:38:38.591767+00:00,2025-03-02 09:32:14.316405+00:00
1088514,309,2025-03-02 02:38:38.591767+00:00,2025-03-02 09:32:14.316405+00:00
1398,8452,2025-03-02 02:38:38.591767+00:00,2025-03-02 09:32:14.316405+00:00
1244244,26882,2025-03-02 02:38:38.591767+00:00,2025-03-02 09:32:14.316405+00:00
676727,32535,2025-03-02 02:38:38.591767+00:00,2025-03-02 09:32:14.316405+00:00
696157,51864,2025-03-02 02:38:38.591767+00:00,2025-03-02 09:32:14.316405+00:00
1075010,58401,2025-03-02 02:38:38.591767+00:00,2025-03-02 09:32:14.316405+00:00
261124,65986,2025-03-02 02:38:38.591767+00:00,2025-03-02 09:32:14.316405+00:00
1104840,69346,2025-03-02 02:38:38.591767+00:00,2025-03-02 09:32:14.316405+00:00
537761,71063,2025-03-02 02:38:38.591767+00:00,2025-03-02 09:32:14.316405+00:00
813477,77921,2025-03-02 02:38:38.591767+00:00,2025-03-02 09:32:14.316405+00:00
1076535,78905,2025-03-02 02:38:38.591767+00:00,2025-03-02 09:32:14.316405+00:00
646683,93151,2025-03-02 02:38:38.591767+00:00,2025-03-02 09:32:14.316405+00:00
995808,144791,2025-03-02 02:38:38.591767+00:00,2025-03-02 09:32:14.316405+00:00
575764,285104,2025-03-02 02:38:38.591767+00:00,2025-03-02 09:32:14.316405+00:00
586352,582232,2025-03-02 02:38:38.591767+00:00,2025-03-02 09:32:14.316405+00:00
1216443,587651,2025-03-02 02:38:38.591767+00:00,2025-03-02 09:32:14.316405+00:00
482150,1072778,2025-03-02 02:38:38.591767+00:00,2025-03-02 09:32:14.316405+00:00
951048,1139619,2025-03-02 02:38:38.591767+00:00,2025-03-02 09:32:14.316405+00:00
429191,1142171,2025-03-02 02:38:38.591767+00:00,2025-03-02 09:32:14.316405+00:00
915295,1210994,2025-03-02 02:38:38.591767+00:00,2025-03-02 09:32:14.316405+00:00
375281,1307164,2025-03-02 02:38:38.591767+00:00,2025-03-02 09:32:14.316405+00:00
604605,1362698,2025-03-02 02:38:38.591767+00:00,2025-03-02 09:32:14.316405+00:00
1272149,1366450,2025-03-02 02:38:38.591767+00:00,2025-03-02 09:32:14.316405+00:00
988402,1453110,2025-03-02 02:38:38.591767+00:00,2025-03-02 09:32:14.316405+00:00
1018518,1565080,2025-03-02 02:38:38.591767+00:00,2025-03-02 09:32:14.316405+00:00
1153794,1580826,2025-03-02 02:38:38.591767+00:00,2025-03-02 09:32:14.316405+00:00
760758,1730920,2025-03-02 02:38:38.591767+00:00,2025-03-02 09:32:14.316405+00:00
640327,1910480,2025-03-02 02:38:38.591767+00:00,2025-03-02 09:32:14.316405+00:00
810587,1919583,2025-03-02 02:38:38.591767+00:00,2025-03-02 09:32:14.316405+00:00
499556,1962993,2025-03-02 02:38:38.591767+00:00,2025-03-02 09:32:14.316405+00:00
996871,1985636,2025-03-02 02:38:38.591767+00:00,2025-03-02 09:32:14.316405+00:00
739323,1992140,2025-03-02 02:38:38.591767+00:00,2025-03-02 09:32:14.316405+00:00
1309123,2053029,2025-03-02 02:38:38.591767+00:00,2025-03-02 09:32:14.316405+00:00
879008,2242054,2025-03-02 02:38:38.591767+00:00,2025-03-02 09:32:14.316405+00:00
986855,2252779,2025-03-02 02:38:38.591767+00:00,2025-03-02 09:32:14.316405+00:00
954748,2269274,2025-03-02 02:38:38.591767+00:00,2025-03-02 09:32:14.316405+00:00
619803,2376041,2025-03-02 02:38:38.591767+00:00,2025-03-02 09:32:14.316405+00:00
769850,2874455,2025-03-02 02:38:38.591767+00:00,2025-03-02 09:32:14.316405+00:00
1234114,3276452,2025-03-02 02:38:38.591767+00:00,2025-03-02 09:32:14.316405+00:00
917717,3362045,2025-03-02 02:38:38.591767+00:00,2025-03-02 09:32:14.316405+00:00
987446,3447341,2025-03-02 02:38:38.591767+00:00,2025-03-02 09:32:14.316405+00:00
1093453,3943862,2025-03-02 02:38:38.591767+00:00,2025-03-02 09:32:14.316405+00:00
2742,224,2025-03-02 02:38:38.591767+00:00,2025-03-02 09:32:14.316405+00:00
4043,309,2025-03-02 02:38:38.591767+00:00,2025-03-02 09:32:14.316405+00:00
824016,3556,2025-03-02 02:38:38.591767+00:00,2025-03-02 09:32:14.316405+00:00
818397,10702,2025-03-02 02:38:38.591767+00:00,2025-03-02 09:32:14.316405+00:00
996871,17460,2025-03-02 02:38:38.591767+00:00,2025-03-02 09:32:14.316405+00:00
533535,17825,2025-03-02 02:38:38.591767+00:00,2025-03-02 09:32:14.316405+00:00
70160,23964,2025-03-02 02:38:38.591767+00:00,2025-03-02 09:32:14.316405+00:00
85927,29905,2025-03-02 02:38:38.591767+00:00,2025-03-02 09:32:14.316405+00:00
760161,62768,2025-03-02 02:38:38.591767+00:00,2025-03-02 09:32:14.316405+00:00
12924,74091,2025-03-02 02:38:38.591767+00:00,2025-03-02 09:32:14.316405+00:00
539681,89027,2025-03-02 02:38:38.591767+00:00,2025-03-02 09:32:14.316405+00:00
662402,118772,2025-03-02 02:38:38.591767+00:00,2025-03-02 09:32:14.316405+00:00
695932,130646,2025-03-02 02:38:38.591767+00:00,2025-03-02 09:32:14.316405+00:00
78450,143035,2025-03-02 02:38:38.591767+00:00,2025-03-02 09:32:14.316405+00:00
130023,236470,2025-03-02 02:38:38.591767+00:00,2025-03-02 09:32:14.316405+00:00
803694,236889,2025-03-02 02:38:38.591767+00:00,2025-03-02 09:32:14.316405+00:00
1057001,557736,2025-03-02 02:38:38.591767+00:00,2025-03-02 09:32:14.316405+00:00
760873,568692,2025-03-02 02:38:38.591767+00:00,2025-03-02 09:32:14.316405+00:00
1064872,572028,2025-03-02 02:38:38.591767+00:00,2025-03-02 09:32:14.316405+00:00
262828,1158889,2025-03-02 02:38:38.591767+00:00,2025-03-02 09:32:14.316405+00:00
864168,1215038,2025-03-02 02:38:38.591767+00:00,2025-03-02 09:32:14.316405+00:00
823482,1280021,2025-03-02 02:38:38.591767+00:00,2025-03-02 09:32:14.316405+00:00
261832,1287083,2025-03-02 02:38:38.591767+00:00,2025-03-02 09:32:14.316405+00:00
487850,1487492,2025-03-02 02:38:38.591767+00:00,2025-03-02 09:32:14.316405+00:00
818192,1504645,2025-03-02 02:38:38.591767+00:00,2025-03-02 09:32:14.316405+00:00
952127,1563787,2025-03-02 02:38:38.591767+00:00,2025-03-02 09:32:14.316405+00:00
1056133,1726802,2025-03-02 02:38:38.591767+00:00,2025-03-02 09:32:14.316405+00:00
1075815,1751861,2025-03-02 02:38:38.591767+00:00,2025-03-02 09:32:14.316405+00:00
951051,1775995,2025-03-02 02:38:38.591767+00:00,2025-03-02 09:32:14.316405+00:00
669401,1901973,2025-03-02 02:38:38.591767+00:00,2025-03-02 09:32:14.316405+00:00
1267822,2121864,2025-03-02 02:38:38.591767+00:00,2025-03-02 09:32:14.316405+00:00
1168166,2312405,2025-03-02 02:38:38.591767+00:00,2025-03-02 09:32:14.316405+00:00
1211728,2430413,2025-03-02 02:38:38.591767+00:00,2025-03-02 09:32:14.316405+00:00
893252,2470685,2025-03-02 02:38:38.591767+00:00,2025-03-02 09:32:14.316405+00:00
1169340,2668778,2025-03-02 02:38:38.591767+00:00,2025-03-02 09:32:14.316405+00:00
1017006,3677076,2025-03-02 02:38:38.591767+00:00,2025-03-02 09:32:14.316405+00:00
1121326,4186217,2025-03-02 02:38:38.591767+00:00,2025-03-02 09:32:14.316405+00:00
619778,2127,2025-03-02 02:38:38.591767+00:00,2025-03-02 09:32:14.316405+00:00
454,6201,2025-03-02 02:38:38.591767+00:00,2025-03-02 09:32:14.316405+00:00
641,6431,2025-03-02 02:38:38.591767+00:00,2025-03-02 09:32:14.316405+00:00
785980,24891,2025-03-02 02:38:38.591767+00:00,2025-03-02 09:32:14.316405+00:00
925714,54222,2025-03-02 02:38:38.591767+00:00,2025-03-02 09:32:14.316405+00:00
830784,60922,2025-03-02 02:38:38.591767+00:00,2025-03-02 09:32:14.316405+00:00
661935,65569,2025-03-02 02:38:38.591767+00:00,2025-03-02 09:32:14.316405+00:00
68477,67316,2025-03-02 02:38:38.591767+00:00,2025-03-02 09:32:14.316405+00:00
497834,71056,2025-03-02 02:38:38.591767+00:00,2025-03-02 09:32:14.316405+00:00
103875,71056,2025-03-02 02:38:38.591767+00:00,2025-03-02 09:32:14.316405+00:00
791177,78160,2025-03-02 02:38:38.591767+00:00,2025-03-02 09:32:14.316405+00:00
826218,79002,2025-03-02 02:38:38.591767+00:00,2025-03-02 09:32:14.316405+00:00
980489,82194,2025-03-02 02:38:38.591767+00:00,2025-03-02 09:32:14.316405+00:00
884605,84416,2025-03-02 02:38:38.591767+00:00,2025-03-02 09:32:14.316405+00:00
1091360,90139,2025-03-02 02:38:38.591767+00:00,2025-03-02 09:32:14.316405+00:00
794719,106549,2025-03-02 02:38:38.591767+00:00,2025-03-02 09:32:14.316405+00:00
606400,120643,2025-03-02 02:38:38.591767+00:00,2025-03-02 09:32:14.316405+00:00
204702,127890,2025-03-02 02:38:38.591767+00:00,2025-03-02 09:32:14.316405+00:00
618588,144798,2025-03-02 02:38:38.591767+00:00,2025-03-02 09:32:14.316405+00:00
961266,237465,2025-03-02 02:38:38.591767+00:00,2025-03-02 09:32:14.316405+00:00
1041613,856440,2025-03-02 02:38:38.591767+00:00,2025-03-02 09:32:14.316405+00:00
716855,1044881,2025-03-02 02:38:38.591767+00:00,2025-03-02 09:32:14.316405+00:00
18860,1045535,2025-03-02 02:38:38.591767+00:00,2025-03-02 09:32:14.316405+00:00
262831,1158889,2025-03-02 02:38:38.591767+00:00,2025-03-02 09:32:14.316405+00:00
836225,1190581,2025-03-02 02:38:38.591767+00:00,2025-03-02 09:32:14.316405+00:00
974250,1191094,2025-03-02 02:38:38.591767+00:00,2025-03-02 09:32:14.316405+00:00
1138194,1317686,2025-03-02 02:38:38.591767+00:00,2025-03-02 09:32:14.316405+00:00
877246,1384389,2025-03-02 02:38:38.591767+00:00,2025-03-02 09:32:14.316405+00:00
1302106,1406559,2025-03-02 02:38:38.591767+00:00,2025-03-02 09:32:14.316405+00:00
796155,1505811,2025-03-02 02:38:38.591767+00:00,2025-03-02 09:32:14.316405+00:00
804251,1748697,2025-03-02 02:38:38.591767+00:00,2025-03-02 09:32:14.316405+00:00
601635,1758663,2025-03-02 02:38:38.591767+00:00,2025-03-02 09:32:14.316405+00:00
1300157,1766964,2025-03-02 02:38:38.591767+00:00,2025-03-02 09:32:14.316405+00:00
1073449,2034461,2025-03-02 02:38:38.591767+00:00,2025-03-02 09:32:14.316405+00:00
1265692,2148238,2025-03-02 02:38:38.591767+00:00,2025-03-02 09:32:14.316405+00:00
917007,2198345,2025-03-02 02:38:38.591767+00:00,2025-03-02 09:32:14.316405+00:00
1007962,2684402,2025-03-02 02:38:38.591767+00:00,2025-03-02 09:32:14.316405+00:00
1081641,2936479,2025-03-02 02:38:38.591767+00:00,2025-03-02 09:32:14.316405+00:00
1222274,4447177,2025-03-02 02:38:38.591767+00:00,2025-03-02 09:32:14.316405+00:00
149,185,2025-03-02 02:38:38.591767+00:00,2025-03-02 09:32:14.316405+00:00
600,240,2025-03-02 02:38:38.591767+00:00,2025-03-02 09:32:14.316405+00:00
1050035,25645,2025-03-02 02:38:38.591767+00:00,2025-03-02 09:32:14.316405+00:00
1137196,46199,2025-03-02 02:38:38.591767+00:00,2025-03-02 09:32:14.316405+00:00
20539,55476,2025-03-02 02:38:38.591767+00:00,2025-03-02 09:32:14.316405+00:00
543504,58052,2025-03-02 02:38:38.591767+00:00,2025-03-02 09:32:14.316405+00:00
610253,64141,2025-03-02 02:38:38.591767+00:00,2025-03-02 09:32:14.316405+00:00
717728,66212,2025-03-02 02:38:38.591767+00:00,2025-03-02 09:32:14.316405+00:00
934433,66681,2025-03-02 02:38:38.591767+00:00,2025-03-02 09:32:14.316405+00:00
198375,74091,2025-03-02 02:38:38.591767+00:00,2025-03-02 09:32:14.316405+00:00
398818,78160,2025-03-02 02:38:38.591767+00:00,2025-03-02 09:32:14.316405+00:00
774021,82194,2025-03-02 02:38:38.591767+00:00,2025-03-02 09:32:14.316405+00:00
1062910,94050,2025-03-02 02:38:38.591767+00:00,2025-03-02 09:32:14.316405+00:00
925786,121798,2025-03-02 02:38:38.591767+00:00,2025-03-02 09:32:14.316405+00:00
608232,124856,2025-03-02 02:38:38.591767+00:00,2025-03-02 09:32:14.316405+00:00
969492,125324,2025-03-02 02:38:38.591767+00:00,2025-03-02 09:32:14.316405+00:00
956564,127890,2025-03-02 02:38:38.591767+00:00,2025-03-02 09:32:14.316405+00:00
1134433,146515,2025-03-02 02:38:38.591767+00:00,2025-03-02 09:32:14.316405+00:00
634492,223551,2025-03-02 02:38:38.591767+00:00,2025-03-02 09:32:14.316405+00:00
934506,231431,2025-03-02 02:38:38.591767+00:00,2025-03-02 09:32:14.316405+00:00
1229076,583881,2025-03-02 02:38:38.591767+00:00,2025-03-02 09:32:14.316405+00:00
877840,992866,2025-03-02 02:38:38.591767+00:00,2025-03-02 09:32:14.316405+00:00
1113071,1026325,2025-03-02 02:38:38.591767+00:00,2025-03-02 09:32:14.316405+00:00
988900,1143699,2025-03-02 02:38:38.591767+00:00,2025-03-02 09:32:14.316405+00:00
764810,1271172,2025-03-02 02:38:38.591767+00:00,2025-03-02 09:32:14.316405+00:00
1235926,1300690,2025-03-02 02:38:38.591767+00:00,2025-03-02 09:32:14.316405+00:00
943134,1320870,2025-03-02 02:38:38.591767+00:00,2025-03-02 09:32:14.316405+00:00
845140,1402420,2025-03-02 02:38:38.591767+00:00,2025-03-02 09:32:14.316405+00:00
610249,1410322,2025-03-02 02:38:38.591767+00:00,2025-03-02 09:32:14.316405+00:00
848145,1717032,2025-03-02 02:38:38.591767+00:00,2025-03-02 09:32:14.316405+00:00
989232,1728174,2025-03-02 02:38:38.591767+00:00,2025-03-02 09:32:14.316405+00:00
866611,1734045,2025-03-02 02:38:38.591767+00:00,2025-03-02 09:32:14.316405+00:00
781453,1784936,2025-03-02 02:38:38.591767+00:00,2025-03-02 09:32:14.316405+00:00
795564,1845070,2025-03-02 02:38:38.591767+00:00,2025-03-02 09:32:14.316405+00:00
831031,3095085,2025-03-02 02:38:38.591767+00:00,2025-03-02 09:32:14.316405+00:00
1262209,4192996,2025-03-02 02:38:38.591767+00:00,2025-03-02 09:32:14.316405+00:00
762504,291263,2025-03-02 09:32:14.316405+00:00,2025-03-02 09:32:14.316405+00:00
917496,510,2025-03-02 02:38:38.591767+00:00,2025-03-02 09:32:14.316405+00:00
16198,628,2025-03-02 02:38:38.591767+00:00,2025-03-02 09:32:14.316405+00:00
1043905,10702,2025-03-02 02:38:38.591767+00:00,2025-03-02 09:32:14.316405+00:00
447365,15218,2025-03-02 02:38:38.591767+00:00,2025-03-02 09:32:14.316405+00:00
13689,56349,2025-03-02 02:38:38.591767+00:00,2025-03-02 09:32:14.316405+00:00
37910,74091,2025-03-02 02:38:38.591767+00:00,2025-03-02 09:32:14.316405+00:00
1002535,78268,2025-03-02 02:38:38.591767+00:00,2025-03-02 09:32:14.316405+00:00
965791,84425,2025-03-02 02:38:38.591767+00:00,2025-03-02 09:32:14.316405+00:00
634595,84749,2025-03-02 02:38:38.591767+00:00,2025-03-02 09:32:14.316405+00:00
977177,111481,2025-03-02 02:38:38.591767+00:00,2025-03-02 09:32:14.316405+00:00
245842,129952,2025-03-02 02:38:38.591767+00:00,2025-03-02 09:32:14.316405+00:00
1077647,150975,2025-03-02 02:38:38.591767+00:00,2025-03-02 09:32:14.316405+00:00
957452,228134,2025-03-02 02:38:38.591767+00:00,2025-03-02 09:32:14.316405+00:00
1050904,580824,2025-03-02 02:38:38.591767+00:00,2025-03-02 09:32:14.316405+00:00
668640,584191,2025-03-02 02:38:38.591767+00:00,2025-03-02 09:32:14.316405+00:00
698201,585208,2025-03-02 02:38:38.591767+00:00,2025-03-02 09:32:14.316405+00:00
783740,1012319,2025-03-02 02:38:38.591767+00:00,2025-03-02 09:32:14.316405+00:00
1327383,1038736,2025-03-02 02:38:38.591767+00:00,2025-03-02 09:32:14.316405+00:00
913760,1040793,2025-03-02 02:38:38.591767+00:00,2025-03-02 09:32:14.316405+00:00
927594,1046090,2025-03-02 02:38:38.591767+00:00,2025-03-02 09:32:14.316405+00:00
1134409,1119393,2025-03-02 02:38:38.591767+00:00,2025-03-02 09:32:14.316405+00:00
1056803,1145368,2025-03-02 02:38:38.591767+00:00,2025-03-02 09:32:14.316405+00:00
1085218,1183636,2025-03-02 02:38:38.591767+00:00,2025-03-02 09:32:14.316405+00:00
826749,1211636,2025-03-02 02:38:38.591767+00:00,2025-03-02 09:32:14.316405+00:00
946706,1263877,2025-03-02 02:38:38.591767+00:00,2025-03-02 09:32:14.316405+00:00
799379,1294527,2025-03-02 02:38:38.591767+00:00,2025-03-02 09:32:14.316405+00:00
1264344,1322394,2025-03-02 02:38:38.591767+00:00,2025-03-02 09:32:14.316405+00:00
1006724,1485160,2025-03-02 02:38:38.591767+00:00,2025-03-02 09:32:14.316405+00:00
820067,1495399,2025-03-02 02:38:38.591767+00:00,2025-03-02 09:32:14.316405+00:00
720321,2036105,2025-03-02 02:38:38.591767+00:00,2025-03-02 09:32:14.316405+00:00
964681,2052319,2025-03-02 02:38:38.591767+00:00,2025-03-02 09:32:14.316405+00:00
629028,2405028,2025-03-02 02:38:38.591767+00:00,2025-03-02 09:32:14.316405+00:00
1027588,2411583,2025-03-02 02:38:38.591767+00:00,2025-03-02 09:32:14.316405+00:00
1262209,3140690,2025-03-02 02:38:38.591767+00:00,2025-03-02 09:32:14.316405+00:00
1121326,4171891,2025-03-02 02:38:38.591767+00:00,2025-03-02 09:32:14.316405+00:00
1239038,4511967,2025-03-02 02:38:38.591767+00:00,2025-03-02 09:32:14.316405+00:00
1361488,4564849,2025-03-02 02:38:38.591767+00:00,2025-03-02 09:32:14.316405+00:00
766798,309,2025-03-02 02:38:38.591767+00:00,2025-03-02 09:32:14.316405+00:00
661539,366,2025-03-02 02:38:38.591767+00:00,2025-03-02 09:32:14.316405+00:00
331986,2880,2025-03-02 02:38:38.591767+00:00,2025-03-02 09:32:14.316405+00:00
59468,2880,2025-03-02 02:38:38.591767+00:00,2025-03-02 09:32:14.316405+00:00
536396,7017,2025-03-02 02:38:38.591767+00:00,2025-03-02 09:32:14.316405+00:00
798362,17329,2025-03-02 02:38:38.591767+00:00,2025-03-02 09:32:14.316405+00:00
30018,21684,2025-03-02 02:38:38.591767+00:00,2025-03-02 09:32:14.316405+00:00
3176,31074,2025-03-02 02:38:38.591767+00:00,2025-03-02 09:32:14.316405+00:00
914203,45138,2025-03-02 02:38:38.591767+00:00,2025-03-02 09:32:14.316405+00:00
346698,45400,2025-03-02 02:38:38.591767+00:00,2025-03-02 09:32:14.316405+00:00
10376,65314,2025-03-02 02:38:38.591767+00:00,2025-03-02 09:32:14.316405+00:00
553147,95101,2025-03-02 02:38:38.591767+00:00,2025-03-02 09:32:14.316405+00:00
660000,113855,2025-03-02 02:38:38.591767+00:00,2025-03-02 09:32:14.316405+00:00
51550,144412,2025-03-02 02:38:38.591767+00:00,2025-03-02 09:32:14.316405+00:00
1184505,146083,2025-03-02 02:38:38.591767+00:00,2025-03-02 09:32:14.316405+00:00
54201,150122,2025-03-02 02:38:38.591767+00:00,2025-03-02 09:32:14.316405+00:00
663260,225407,2025-03-02 02:38:38.591767+00:00,2025-03-02 09:32:14.316405+00:00
894169,583932,2025-03-02 02:38:38.591767+00:00,2025-03-02 09:32:14.316405+00:00
752623,931525,2025-03-02 02:38:38.591767+00:00,2025-03-02 09:32:14.316405+00:00
1113142,990964,2025-03-02 02:38:38.591767+00:00,2025-03-02 09:32:14.316405+00:00
814174,1006872,2025-03-02 02:38:38.591767+00:00,2025-03-02 09:32:14.316405+00:00
682152,1109366,2025-03-02 02:38:38.591767+00:00,2025-03-02 09:32:14.316405+00:00
952701,1124422,2025-03-02 02:38:38.591767+00:00,2025-03-02 09:32:14.316405+00:00
660955,1171420,2025-03-02 02:38:38.591767+00:00,2025-03-02 09:32:14.316405+00:00
1211728,1314916,2025-03-02 02:38:38.591767+00:00,2025-03-02 09:32:14.316405+00:00
354759,1487492,2025-03-02 02:38:38.591767+00:00,2025-03-02 09:32:14.316405+00:00
975812,1588223,2025-03-02 02:38:38.591767+00:00,2025-03-02 09:32:14.316405+00:00
962543,1625850,2025-03-02 02:38:38.591767+00:00,2025-03-02 09:32:14.316405+00:00
760765,1735200,2025-03-02 02:38:38.591767+00:00,2025-03-02 09:32:14.316405+00:00
1006732,1850683,2025-03-02 02:38:38.591767+00:00,2025-03-02 09:32:14.316405+00:00
1072742,2441846,2025-03-02 02:38:38.591767+00:00,2025-03-02 09:32:14.316405+00:00
999087,2552254,2025-03-02 02:38:38.591767+00:00,2025-03-02 09:32:14.316405+00:00
709056,2654953,2025-03-02 02:38:38.591767+00:00,2025-03-02 09:32:14.316405+00:00
890538,3286349,2025-03-02 02:38:38.591767+00:00,2025-03-02 09:32:14.316405+00:00
975817,3549570,2025-03-02 02:38:38.591767+00:00,2025-03-02 09:32:14.316405+00:00
12429,608,2025-03-02 02:38:38.591767+00:00,2025-03-02 09:32:14.316405+00:00
466420,1032,2025-03-02 02:38:38.591767+00:00,2025-03-02 09:32:14.316405+00:00
571,2636,2025-03-02 02:38:38.591767+00:00,2025-03-02 09:32:14.316405+00:00
747188,5655,2025-03-02 02:38:38.591767+00:00,2025-03-02 09:32:14.316405+00:00
1032823,11614,2025-03-02 02:38:38.591767+00:00,2025-03-02 09:32:14.316405+00:00
537761,26760,2025-03-02 02:38:38.591767+00:00,2025-03-02 09:32:14.316405+00:00
11889,36693,2025-03-02 02:38:38.591767+00:00,2025-03-02 09:32:14.316405+00:00
402431,54507,2025-03-02 02:38:38.591767+00:00,2025-03-02 09:32:14.316405+00:00
593643,57199,2025-03-02 02:38:38.591767+00:00,2025-03-02 09:32:14.316405+00:00
888321,65062,2025-03-02 02:38:38.591767+00:00,2025-03-02 09:32:14.316405+00:00
454161,71056,2025-03-02 02:38:38.591767+00:00,2025-03-02 09:32:14.316405+00:00
586813,74008,2025-03-02 02:38:38.591767+00:00,2025-03-02 09:32:14.316405+00:00
745881,81251,2025-03-02 02:38:38.591767+00:00,2025-03-02 09:32:14.316405+00:00
171372,83281,2025-03-02 02:38:38.591767+00:00,2025-03-02 09:32:14.316405+00:00
925725,92071,2025-03-02 02:38:38.591767+00:00,2025-03-02 09:32:14.316405+00:00
1019661,116787,2025-03-02 02:38:38.591767+00:00,2025-03-02 09:32:14.316405+00:00
76826,130459,2025-03-02 02:38:38.591767+00:00,2025-03-02 09:32:14.316405+00:00
741335,131564,2025-03-02 02:38:38.591767+00:00,2025-03-02 09:32:14.316405+00:00
296271,131668,2025-03-02 02:38:38.591767+00:00,2025-03-02 09:32:14.316405+00:00
438631,137427,2025-03-02 02:38:38.591767+00:00,2025-03-02 09:32:14.316405+00:00
1019619,240150,2025-03-02 02:38:38.591767+00:00,2025-03-02 09:32:14.316405+00:00
225728,549310,2025-03-02 02:38:38.591767+00:00,2025-03-02 09:32:14.316405+00:00
1008038,1085618,2025-03-02 02:38:38.591767+00:00,2025-03-02 09:32:14.316405+00:00
957996,1093930,2025-03-02 02:38:38.591767+00:00,2025-03-02 09:32:14.316405+00:00
786977,1100038,2025-03-02 02:38:38.591767+00:00,2025-03-02 09:32:14.316405+00:00
1077684,1221292,2025-03-02 02:38:38.591767+00:00,2025-03-02 09:32:14.316405+00:00
746349,1293617,2025-03-02 02:38:38.591767+00:00,2025-03-02 09:32:14.316405+00:00
700391,1317685,2025-03-02 02:38:38.591767+00:00,2025-03-02 09:32:14.316405+00:00
823147,1366450,2025-03-02 02:38:38.591767+00:00,2025-03-02 09:32:14.316405+00:00
719463,1366957,2025-03-02 02:38:38.591767+00:00,2025-03-02 09:32:14.316405+00:00
654074,1421849,2025-03-02 02:38:38.591767+00:00,2025-03-02 09:32:14.316405+00:00
1375774,1556959,2025-03-02 02:38:38.591767+00:00,2025-03-02 09:32:14.316405+00:00
729854,1576066,2025-03-02 02:38:38.591767+00:00,2025-03-02 09:32:14.316405+00:00
1357633,1627340,2025-03-02 02:38:38.591767+00:00,2025-03-02 09:32:14.316405+00:00
794234,1667540,2025-03-02 02:38:38.591767+00:00,2025-03-02 09:32:14.316405+00:00
1113119,2326894,2025-03-02 02:38:38.591767+00:00,2025-03-02 09:32:14.316405+00:00
879689,2392557,2025-03-02 02:38:38.591767+00:00,2025-03-02 09:32:14.316405+00:00
960139,2434376,2025-03-02 02:38:38.591767+00:00,2025-03-02 09:32:14.316405+00:00
806128,3001949,2025-03-02 02:38:38.591767+00:00,2025-03-02 09:32:14.316405+00:00
1136558,3152597,2025-03-02 02:38:38.591767+00:00,2025-03-02 09:32:14.316405+00:00
1029168,3459039,2025-03-02 02:38:38.591767+00:00,2025-03-02 09:32:14.316405+00:00
1057919,3677079,2025-03-02 02:38:38.591767+00:00,2025-03-02 09:32:14.316405+00:00
1058616,3820182,2025-03-02 02:38:38.591767+00:00,2025-03-02 09:32:14.316405+00:00
1159247,4192996,2025-03-02 02:38:38.591767+00:00,2025-03-02 09:32:14.316405+00:00
1226599,4465111,2025-03-02 02:38:38.591767+00:00,2025-03-02 09:32:14.316405+00:00
935,240,2025-03-02 02:38:38.591767+00:00,2025-03-02 09:32:14.316405+00:00
4935,608,2025-03-02 02:38:38.591767+00:00,2025-03-02 09:32:14.316405+00:00
643532,1035,2025-03-02 02:38:38.591767+00:00,2025-03-02 09:32:14.316405+00:00
1004685,1152,2025-03-02 02:38:38.591767+00:00,2025-03-02 09:32:14.316405+00:00
40650,3831,2025-03-02 02:38:38.591767+00:00,2025-03-02 09:32:14.316405+00:00
575264,9033,2025-03-02 02:38:38.591767+00:00,2025-03-02 09:32:14.316405+00:00
338953,11343,2025-03-02 02:38:38.591767+00:00,2025-03-02 09:32:14.316405+00:00
837881,22686,2025-03-02 02:38:38.591767+00:00,2025-03-02 09:32:14.316405+00:00
620498,32958,2025-03-02 02:38:38.591767+00:00,2025-03-02 09:32:14.316405+00:00
785398,43553,2025-03-02 02:38:38.591767+00:00,2025-03-02 09:32:14.316405+00:00
842424,62872,2025-03-02 02:38:38.591767+00:00,2025-03-02 09:32:14.316405+00:00
980026,74752,2025-03-02 02:38:38.591767+00:00,2025-03-02 09:32:14.316405+00:00
1009447,78268,2025-03-02 02:38:38.591767+00:00,2025-03-02 09:32:14.316405+00:00
943737,81174,2025-03-02 02:38:38.591767+00:00,2025-03-02 09:32:14.316405+00:00
978202,83030,2025-03-02 02:38:38.591767+00:00,2025-03-02 09:32:14.316405+00:00
68837,83642,2025-03-02 02:38:38.591767+00:00,2025-03-02 09:32:14.316405+00:00
1093485,92831,2025-03-02 02:38:38.591767+00:00,2025-03-02 09:32:14.316405+00:00
1215918,93922,2025-03-02 02:38:38.591767+00:00,2025-03-02 09:32:14.316405+00:00
591222,93991,2025-03-02 02:38:38.591767+00:00,2025-03-02 09:32:14.316405+00:00
18148,95501,2025-03-02 02:38:38.591767+00:00,2025-03-02 09:32:14.316405+00:00
1168166,111411,2025-03-02 02:38:38.591767+00:00,2025-03-02 09:32:14.316405+00:00
502356,113901,2025-03-02 02:38:38.591767+00:00,2025-03-02 09:32:14.316405+00:00
657198,149880,2025-03-02 02:38:38.591767+00:00,2025-03-02 09:32:14.316405+00:00
482321,208113,2025-03-02 02:38:38.591767+00:00,2025-03-02 09:32:14.316405+00:00
794246,236865,2025-03-02 02:38:38.591767+00:00,2025-03-02 09:32:14.316405+00:00
1102857,557290,2025-03-02 02:38:38.591767+00:00,2025-03-02 09:32:14.316405+00:00
952127,962478,2025-03-02 02:38:38.591767+00:00,2025-03-02 09:32:14.316405+00:00
788734,1280021,2025-03-02 02:38:38.591767+00:00,2025-03-02 09:32:14.316405+00:00
898230,1404563,2025-03-02 02:38:38.591767+00:00,2025-03-02 09:32:14.316405+00:00
478376,1477234,2025-03-02 02:38:38.591767+00:00,2025-03-02 09:32:14.316405+00:00
927480,1985836,2025-03-02 02:38:38.591767+00:00,2025-03-02 09:32:14.316405+00:00
1076443,2042738,2025-03-02 02:38:38.591767+00:00,2025-03-02 09:32:14.316405+00:00
1148154,2212385,2025-03-02 02:38:38.591767+00:00,2025-03-02 09:32:14.316405+00:00
1109237,2399109,2025-03-02 02:38:38.591767+00:00,2025-03-02 09:32:14.316405+00:00
1006739,2399774,2025-03-02 02:38:38.591767+00:00,2025-03-02 09:32:14.316405+00:00
975762,3195061,2025-03-02 02:38:38.591767+00:00,2025-03-02 09:32:14.316405+00:00
1236428,3655587,2025-03-02 02:38:38.591767+00:00,2025-03-02 09:32:14.316405+00:00
1168337,4228634,2025-03-02 02:38:38.591767+00:00,2025-03-02 09:32:14.316405+00:00
1216452,4424686,2025-03-02 02:38:38.591767+00:00,2025-03-02 09:32:14.316405+00:00
1318638,4837694,2025-03-02 02:38:38.591767+00:00,2025-03-02 09:32:14.316405+00:00
822119,1301933,2025-03-02 09:32:14.316405+00:00,2025-03-02 09:32:14.316405+00:00
4593,793,2025-03-02 02:38:38.591767+00:00,2025-03-02 09:32:14.316405+00:00
29264,793,2025-03-02 02:38:38.591767+00:00,2025-03-02 09:32:14.316405+00:00
634528,4746,2025-03-02 02:38:38.591767+00:00,2025-03-02 09:32:14.316405+00:00
152584,17458,2025-03-02 02:38:38.591767+00:00,2025-03-02 09:32:14.316405+00:00
800939,17510,2025-03-02 02:38:38.591767+00:00,2025-03-02 09:32:14.316405+00:00
639720,17697,2025-03-02 02:38:38.591767+00:00,2025-03-02 09:32:14.316405+00:00
366672,18898,2025-03-02 02:38:38.591767+00:00,2025-03-02 09:32:14.316405+00:00
949709,31033,2025-03-02 02:38:38.591767+00:00,2025-03-02 09:32:14.316405+00:00
910365,37538,2025-03-02 02:38:38.591767+00:00,2025-03-02 09:32:14.316405+00:00
745608,54170,2025-03-02 02:38:38.591767+00:00,2025-03-02 09:32:14.316405+00:00
45996,64992,2025-03-02 02:38:38.591767+00:00,2025-03-02 09:32:14.316405+00:00
955644,116736,2025-03-02 02:38:38.591767+00:00,2025-03-02 09:32:14.316405+00:00
560144,128636,2025-03-02 02:38:38.591767+00:00,2025-03-02 09:32:14.316405+00:00
991197,138500,2025-03-02 02:38:38.591767+00:00,2025-03-02 09:32:14.316405+00:00
602295,548652,2025-03-02 02:38:38.591767+00:00,2025-03-02 09:32:14.316405+00:00
1036397,565896,2025-03-02 02:38:38.591767+00:00,2025-03-02 09:32:14.316405+00:00
945961,932248,2025-03-02 02:38:38.591767+00:00,2025-03-02 09:32:14.316405+00:00
1106528,1057492,2025-03-02 02:38:38.591767+00:00,2025-03-02 09:32:14.316405+00:00
744714,1115707,2025-03-02 02:38:38.591767+00:00,2025-03-02 09:32:14.316405+00:00
957996,1130924,2025-03-02 02:38:38.591767+00:00,2025-03-02 09:32:14.316405+00:00
890526,1289548,2025-03-02 02:38:38.591767+00:00,2025-03-02 09:32:14.316405+00:00
715253,1293710,2025-03-02 02:38:38.591767+00:00,2025-03-02 09:32:14.316405+00:00
876797,1360022,2025-03-02 02:38:38.591767+00:00,2025-03-02 09:32:14.316405+00:00
482321,1454692,2025-03-02 02:38:38.591767+00:00,2025-03-02 09:32:14.316405+00:00
810677,1494070,2025-03-02 02:38:38.591767+00:00,2025-03-02 09:32:14.316405+00:00
1019828,1578124,2025-03-02 02:38:38.591767+00:00,2025-03-02 09:32:14.316405+00:00
1032330,1580826,2025-03-02 02:38:38.591767+00:00,2025-03-02 09:32:14.316405+00:00
968051,1607672,2025-03-02 02:38:38.591767+00:00,2025-03-02 09:32:14.316405+00:00
958279,1680263,2025-03-02 02:38:38.591767+00:00,2025-03-02 09:32:14.316405+00:00
634120,1752066,2025-03-02 02:38:38.591767+00:00,2025-03-02 09:32:14.316405+00:00
772148,2002122,2025-03-02 02:38:38.591767+00:00,2025-03-02 09:32:14.316405+00:00
1156189,2010321,2025-03-02 02:38:38.591767+00:00,2025-03-02 09:32:14.316405+00:00
934957,2240093,2025-03-02 02:38:38.591767+00:00,2025-03-02 09:32:14.316405+00:00
627087,2399109,2025-03-02 02:38:38.591767+00:00,2025-03-02 09:32:14.316405+00:00
931894,2404505,2025-03-02 02:38:38.591767+00:00,2025-03-02 09:32:14.316405+00:00
848123,2410737,2025-03-02 02:38:38.591767+00:00,2025-03-02 09:32:14.316405+00:00
970867,2894609,2025-03-02 02:38:38.591767+00:00,2025-03-02 09:32:14.316405+00:00
1063453,3140690,2025-03-02 02:38:38.591767+00:00,2025-03-02 09:32:14.316405+00:00
956759,3422997,2025-03-02 02:38:38.591767+00:00,2025-03-02 09:32:14.316405+00:00
979688,3593579,2025-03-02 02:38:38.591767+00:00,2025-03-02 09:32:14.316405+00:00
1125053,3674698,2025-03-02 02:38:38.591767+00:00,2025-03-02 09:32:14.316405+00:00
996871,3683235,2025-03-02 02:38:38.591767+00:00,2025-03-02 09:32:14.316405+00:00
1130343,4075962,2025-03-02 02:38:38.591767+00:00,2025-03-02 09:32:14.316405+00:00
987422,4271605,2025-03-02 02:38:38.591767+00:00,2025-03-02 09:32:14.316405+00:00
12445,11343,2025-03-02 09:32:14.316405+00:00,2025-03-02 09:32:14.316405+00:00
5558,793,2025-03-02 02:38:38.591767+00:00,2025-03-02 09:32:14.316405+00:00
1020006,1769,2025-03-02 02:38:38.591767+00:00,2025-03-02 09:32:14.316405+00:00
812037,6295,2025-03-02 02:38:38.591767+00:00,2025-03-02 09:32:14.316405+00:00
718789,7929,2025-03-02 02:38:38.591767+00:00,2025-03-02 09:32:14.316405+00:00
505026,11181,2025-03-02 02:38:38.591767+00:00,2025-03-02 09:32:14.316405+00:00
846716,12453,2025-03-02 02:38:38.591767+00:00,2025-03-02 09:32:14.316405+00:00
11010,28898,2025-03-02 02:38:38.591767+00:00,2025-03-02 09:32:14.316405+00:00
978580,39298,2025-03-02 02:38:38.591767+00:00,2025-03-02 09:32:14.316405+00:00
762430,41671,2025-03-02 02:38:38.591767+00:00,2025-03-02 09:32:14.316405+00:00
994741,46366,2025-03-02 02:38:38.591767+00:00,2025-03-02 09:32:14.316405+00:00
1226406,55081,2025-03-02 02:38:38.591767+00:00,2025-03-02 09:32:14.316405+00:00
848685,96690,2025-03-02 02:38:38.591767+00:00,2025-03-02 09:32:14.316405+00:00
43423,119294,2025-03-02 02:38:38.591767+00:00,2025-03-02 09:32:14.316405+00:00
54186,131186,2025-03-02 02:38:38.591767+00:00,2025-03-02 09:32:14.316405+00:00
1034660,133704,2025-03-02 02:38:38.591767+00:00,2025-03-02 09:32:14.316405+00:00
930432,135208,2025-03-02 02:38:38.591767+00:00,2025-03-02 09:32:14.316405+00:00
25538,143035,2025-03-02 02:38:38.591767+00:00,2025-03-02 09:32:14.316405+00:00
589761,562730,2025-03-02 02:38:38.591767+00:00,2025-03-02 09:32:14.316405+00:00
961381,579313,2025-03-02 02:38:38.591767+00:00,2025-03-02 09:32:14.316405+00:00
420634,933176,2025-03-02 02:38:38.591767+00:00,2025-03-02 09:32:14.316405+00:00
976576,1017274,2025-03-02 02:38:38.591767+00:00,2025-03-02 09:32:14.316405+00:00
646385,1039527,2025-03-02 02:38:38.591767+00:00,2025-03-02 09:32:14.316405+00:00
1333099,1063331,2025-03-02 02:38:38.591767+00:00,2025-03-02 09:32:14.316405+00:00
915935,1175620,2025-03-02 02:38:38.591767+00:00,2025-03-02 09:32:14.316405+00:00
896689,1332321,2025-03-02 02:38:38.591767+00:00,2025-03-02 09:32:14.316405+00:00
995746,1605612,2025-03-02 02:38:38.591767+00:00,2025-03-02 09:32:14.316405+00:00
962543,1625851,2025-03-02 02:38:38.591767+00:00,2025-03-02 09:32:14.316405+00:00
957112,2094726,2025-03-02 02:38:38.591767+00:00,2025-03-02 09:32:14.316405+00:00
934207,2101968,2025-03-02 02:38:38.591767+00:00,2025-03-02 09:32:14.316405+00:00
1050665,2632628,2025-03-02 02:38:38.591767+00:00,2025-03-02 09:32:14.316405+00:00
1235431,2661472,2025-03-02 02:38:38.591767+00:00,2025-03-02 09:32:14.316405+00:00
717712,2686610,2025-03-02 02:38:38.591767+00:00,2025-03-02 09:32:14.316405+00:00
1015623,2882166,2025-03-02 02:38:38.591767+00:00,2025-03-02 09:32:14.316405+00:00
785429,2933907,2025-03-02 02:38:38.591767+00:00,2025-03-02 09:32:14.316405+00:00
792775,2961971,2025-03-02 02:38:38.591767+00:00,2025-03-02 09:32:14.316405+00:00
1147689,2972234,2025-03-02 02:38:38.591767+00:00,2025-03-02 09:32:14.316405+00:00
760522,3126678,2025-03-02 02:38:38.591767+00:00,2025-03-02 09:32:14.316405+00:00
874781,3236477,2025-03-02 02:38:38.591767+00:00,2025-03-02 09:32:14.316405+00:00
964681,3513797,2025-03-02 02:38:38.591767+00:00,2025-03-02 09:32:14.316405+00:00
1063863,3839629,2025-03-02 02:38:38.591767+00:00,2025-03-02 09:32:14.316405+00:00
1162322,4204184,2025-03-02 02:38:38.591767+00:00,2025-03-02 09:32:14.316405+00:00
1004682,224452,2025-03-02 09:32:14.316405+00:00,2025-03-02 09:32:14.316405+00:00
109,1126,2025-03-02 02:38:38.591767+00:00,2025-03-02 09:32:14.316405+00:00
24858,10316,2025-03-02 02:38:38.591767+00:00,2025-03-02 09:32:14.316405+00:00
1989,12453,2025-03-02 02:38:38.591767+00:00,2025-03-02 09:32:14.316405+00:00
117646,71056,2025-03-02 02:38:38.591767+00:00,2025-03-02 09:32:14.316405+00:00
581577,78118,2025-03-02 02:38:38.591767+00:00,2025-03-02 09:32:14.316405+00:00
942881,81495,2025-03-02 02:38:38.591767+00:00,2025-03-02 09:32:14.316405+00:00
641668,83858,2025-03-02 02:38:38.591767+00:00,2025-03-02 09:32:14.316405+00:00
970398,106697,2025-03-02 02:38:38.591767+00:00,2025-03-02 09:32:14.316405+00:00
676547,120245,2025-03-02 02:38:38.591767+00:00,2025-03-02 09:32:14.316405+00:00
519182,124748,2025-03-02 02:38:38.591767+00:00,2025-03-02 09:32:14.316405+00:00
1101181,133691,2025-03-02 02:38:38.591767+00:00,2025-03-02 09:32:14.316405+00:00
644714,480530,2025-03-02 02:38:38.591767+00:00,2025-03-02 09:32:14.316405+00:00
128246,1086497,2025-03-02 02:38:38.591767+00:00,2025-03-02 09:32:14.316405+00:00
477018,1105712,2025-03-02 02:38:38.591767+00:00,2025-03-02 09:32:14.316405+00:00
653346,1179066,2025-03-02 02:38:38.591767+00:00,2025-03-02 09:32:14.316405+00:00
755437,1200444,2025-03-02 02:38:38.591767+00:00,2025-03-02 09:32:14.316405+00:00
846993,1324582,2025-03-02 02:38:38.591767+00:00,2025-03-02 09:32:14.316405+00:00
977209,1375107,2025-03-02 02:38:38.591767+00:00,2025-03-02 09:32:14.316405+00:00
524434,1395183,2025-03-02 02:38:38.591767+00:00,2025-03-02 09:32:14.316405+00:00
850099,1409624,2025-03-02 02:38:38.591767+00:00,2025-03-02 09:32:14.316405+00:00
810674,1422573,2025-03-02 02:38:38.591767+00:00,2025-03-02 09:32:14.316405+00:00
1244492,1456621,2025-03-02 02:38:38.591767+00:00,2025-03-02 09:32:14.316405+00:00
758866,1487492,2025-03-02 02:38:38.591767+00:00,2025-03-02 09:32:14.316405+00:00
853084,1543246,2025-03-02 02:38:38.591767+00:00,2025-03-02 09:32:14.316405+00:00
1124911,1554171,2025-03-02 02:38:38.591767+00:00,2025-03-02 09:32:14.316405+00:00
1031388,1651297,2025-03-02 02:38:38.591767+00:00,2025-03-02 09:32:14.316405+00:00
1377013,1954075,2025-03-02 02:38:38.591767+00:00,2025-03-02 09:32:14.316405+00:00
1063554,2054461,2025-03-02 02:38:38.591767+00:00,2025-03-02 09:32:14.316405+00:00
1008042,2070453,2025-03-02 02:38:38.591767+00:00,2025-03-02 09:32:14.316405+00:00
862855,2409117,2025-03-02 02:38:38.591767+00:00,2025-03-02 09:32:14.316405+00:00
743475,2441844,2025-03-02 02:38:38.591767+00:00,2025-03-02 09:32:14.316405+00:00
877260,2504743,2025-03-02 02:38:38.591767+00:00,2025-03-02 09:32:14.316405+00:00
733317,2742953,2025-03-02 02:38:38.591767+00:00,2025-03-02 09:32:14.316405+00:00
987540,3081451,2025-03-02 02:38:38.591767+00:00,2025-03-02 09:32:14.316405+00:00
1016255,3674861,2025-03-02 02:38:38.591767+00:00,2025-03-02 09:32:14.316405+00:00
848958,5077,2025-03-02 02:38:38.591767+00:00,2025-03-02 09:32:14.316405+00:00
1018,5602,2025-03-02 02:38:38.591767+00:00,2025-03-02 09:32:14.316405+00:00
628878,20193,2025-03-02 02:38:38.591767+00:00,2025-03-02 09:32:14.316405+00:00
730047,36588,2025-03-02 02:38:38.591767+00:00,2025-03-02 09:32:14.316405+00:00
756999,55499,2025-03-02 02:38:38.591767+00:00,2025-03-02 09:32:14.316405+00:00
497828,56370,2025-03-02 02:38:38.591767+00:00,2025-03-02 09:32:14.316405+00:00
676685,57810,2025-03-02 02:38:38.591767+00:00,2025-03-02 09:32:14.316405+00:00
85032,58608,2025-03-02 02:38:38.591767+00:00,2025-03-02 09:32:14.316405+00:00
844409,67570,2025-03-02 02:38:38.591767+00:00,2025-03-02 09:32:14.316405+00:00
1276242,70103,2025-03-02 02:38:38.591767+00:00,2025-03-02 09:32:14.316405+00:00
79707,74091,2025-03-02 02:38:38.591767+00:00,2025-03-02 09:32:14.316405+00:00
18860,83698,2025-03-02 02:38:38.591767+00:00,2025-03-02 09:32:14.316405+00:00
335787,91268,2025-03-02 02:38:38.591767+00:00,2025-03-02 09:32:14.316405+00:00
961082,96627,2025-03-02 02:38:38.591767+00:00,2025-03-02 09:32:14.316405+00:00
880156,103649,2025-03-02 02:38:38.591767+00:00,2025-03-02 09:32:14.316405+00:00
864101,107720,2025-03-02 02:38:38.591767+00:00,2025-03-02 09:32:14.316405+00:00
18860,130367,2025-03-02 02:38:38.591767+00:00,2025-03-02 09:32:14.316405+00:00
936490,237364,2025-03-02 02:38:38.591767+00:00,2025-03-02 09:32:14.316405+00:00
1113085,565827,2025-03-02 02:38:38.591767+00:00,2025-03-02 09:32:14.316405+00:00
1168166,580244,2025-03-02 02:38:38.591767+00:00,2025-03-02 09:32:14.316405+00:00
1084740,932689,2025-03-02 02:38:38.591767+00:00,2025-03-02 09:32:14.316405+00:00
606403,1023610,2025-03-02 02:38:38.591767+00:00,2025-03-02 09:32:14.316405+00:00
934433,1039527,2025-03-02 02:38:38.591767+00:00,2025-03-02 09:32:14.316405+00:00
927263,1046739,2025-03-02 02:38:38.591767+00:00,2025-03-02 09:32:14.316405+00:00
1155235,1053307,2025-03-02 02:38:38.591767+00:00,2025-03-02 09:32:14.316405+00:00
473888,1087779,2025-03-02 02:38:38.591767+00:00,2025-03-02 09:32:14.316405+00:00
890326,1134988,2025-03-02 02:38:38.591767+00:00,2025-03-02 09:32:14.316405+00:00
1288175,1267628,2025-03-02 02:38:38.591767+00:00,2025-03-02 09:32:14.316405+00:00
989589,1481876,2025-03-02 02:38:38.591767+00:00,2025-03-02 09:32:14.316405+00:00
1156125,1487492,2025-03-02 02:38:38.591767+00:00,2025-03-02 09:32:14.316405+00:00
1035647,1498600,2025-03-02 02:38:38.591767+00:00,2025-03-02 09:32:14.316405+00:00
667538,1551545,2025-03-02 02:38:38.591767+00:00,2025-03-02 09:32:14.316405+00:00
915939,1619897,2025-03-02 02:38:38.591767+00:00,2025-03-02 09:32:14.316405+00:00
928730,2223841,2025-03-02 02:38:38.591767+00:00,2025-03-02 09:32:14.316405+00:00
874476,2230559,2025-03-02 02:38:38.591767+00:00,2025-03-02 09:32:14.316405+00:00
1211650,2382146,2025-03-02 02:38:38.591767+00:00,2025-03-02 09:32:14.316405+00:00
804868,2593321,2025-03-02 02:38:38.591767+00:00,2025-03-02 09:32:14.316405+00:00
576925,2669990,2025-03-02 02:38:38.591767+00:00,2025-03-02 09:32:14.316405+00:00
961256,2744791,2025-03-02 02:38:38.591767+00:00,2025-03-02 09:32:14.316405+00:00
769802,2883959,2025-03-02 02:38:38.591767+00:00,2025-03-02 09:32:14.316405+00:00
861947,3199825,2025-03-02 02:38:38.591767+00:00,2025-03-02 09:32:14.316405+00:00
5781,793,2025-03-02 02:38:38.591767+00:00,2025-03-02 09:32:14.316405+00:00
76600,2710,2025-03-02 02:38:38.591767+00:00,2025-03-02 09:32:14.316405+00:00
945729,11181,2025-03-02 02:38:38.591767+00:00,2025-03-02 09:32:14.316405+00:00
639721,12080,2025-03-02 02:38:38.591767+00:00,2025-03-02 09:32:14.316405+00:00
42726,16862,2025-03-02 02:38:38.591767+00:00,2025-03-02 09:32:14.316405+00:00
800301,37630,2025-03-02 02:38:38.591767+00:00,2025-03-02 09:32:14.316405+00:00
1128001,53583,2025-03-02 02:38:38.591767+00:00,2025-03-02 09:32:14.316405+00:00
898673,53708,2025-03-02 02:38:38.591767+00:00,2025-03-02 09:32:14.316405+00:00
28468,58021,2025-03-02 02:38:38.591767+00:00,2025-03-02 09:32:14.316405+00:00
1111873,66681,2025-03-02 02:38:38.591767+00:00,2025-03-02 09:32:14.316405+00:00
531428,68813,2025-03-02 02:38:38.591767+00:00,2025-03-02 09:32:14.316405+00:00
18860,123199,2025-03-02 02:38:38.591767+00:00,2025-03-02 09:32:14.316405+00:00
814785,141503,2025-03-02 02:38:38.591767+00:00,2025-03-02 09:32:14.316405+00:00
914206,146438,2025-03-02 02:38:38.591767+00:00,2025-03-02 09:32:14.316405+00:00
1114775,150975,2025-03-02 02:38:38.591767+00:00,2025-03-02 09:32:14.316405+00:00
560008,166995,2025-03-02 02:38:38.591767+00:00,2025-03-02 09:32:14.316405+00:00
74107,254937,2025-03-02 02:38:38.591767+00:00,2025-03-02 09:32:14.316405+00:00
1140221,509442,2025-03-02 02:38:38.591767+00:00,2025-03-02 09:32:14.316405+00:00
1003706,895706,2025-03-02 02:38:38.591767+00:00,2025-03-02 09:32:14.316405+00:00
768726,1045394,2025-03-02 02:38:38.591767+00:00,2025-03-02 09:32:14.316405+00:00
844176,1061561,2025-03-02 02:38:38.591767+00:00,2025-03-02 09:32:14.316405+00:00
522406,1097098,2025-03-02 02:38:38.591767+00:00,2025-03-02 09:32:14.316405+00:00
746257,1139814,2025-03-02 02:38:38.591767+00:00,2025-03-02 09:32:14.316405+00:00
438210,1158861,2025-03-02 02:38:38.591767+00:00,2025-03-02 09:32:14.316405+00:00
864370,1309565,2025-03-02 02:38:38.591767+00:00,2025-03-02 09:32:14.316405+00:00
1216452,1364491,2025-03-02 02:38:38.591767+00:00,2025-03-02 09:32:14.316405+00:00
1152908,1406394,2025-03-02 02:38:38.591767+00:00,2025-03-02 09:32:14.316405+00:00
1211716,1481756,2025-03-02 02:38:38.591767+00:00,2025-03-02 09:32:14.316405+00:00
653851,1485406,2025-03-02 02:38:38.591767+00:00,2025-03-02 09:32:14.316405+00:00
829920,1530279,2025-03-02 02:38:38.591767+00:00,2025-03-02 09:32:14.316405+00:00
983883,1576757,2025-03-02 02:38:38.591767+00:00,2025-03-02 09:32:14.316405+00:00
611489,1679765,2025-03-02 02:38:38.591767+00:00,2025-03-02 09:32:14.316405+00:00
1084783,1966252,2025-03-02 02:38:38.591767+00:00,2025-03-02 09:32:14.316405+00:00
1106732,2042738,2025-03-02 02:38:38.591767+00:00,2025-03-02 09:32:14.316405+00:00
741602,2434741,2025-03-02 02:38:38.591767+00:00,2025-03-02 09:32:14.316405+00:00
916738,2540727,2025-03-02 02:38:38.591767+00:00,2025-03-02 09:32:14.316405+00:00
1331693,2606257,2025-03-02 02:38:38.591767+00:00,2025-03-02 09:32:14.316405+00:00
763164,2613318,2025-03-02 02:38:38.591767+00:00,2025-03-02 09:32:14.316405+00:00
916821,2613318,2025-03-02 02:38:38.591767+00:00,2025-03-02 09:32:14.316405+00:00
851798,3162624,2025-03-02 02:38:38.591767+00:00,2025-03-02 09:32:14.316405+00:00
1165736,3674697,2025-03-02 02:38:38.591767+00:00,2025-03-02 09:32:14.316405+00:00
1080494,3898092,2025-03-02 02:38:38.591767+00:00,2025-03-02 09:32:14.316405+00:00
1117283,4025999,2025-03-02 02:38:38.591767+00:00,2025-03-02 09:32:14.316405+00:00
1137172,4100888,2025-03-02 02:38:38.591767+00:00,2025-03-02 09:32:14.316405+00:00
1311577,4203491,2025-03-02 02:38:38.591767+00:00,2025-03-02 09:32:14.316405+00:00
1016737,2535263,2025-03-02 09:32:14.316405+00:00,2025-03-02 09:32:14.316405+00:00
176,2127,2025-03-02 02:38:38.591767+00:00,2025-03-02 09:32:14.316405+00:00
269,3776,2025-03-02 02:38:38.591767+00:00,2025-03-02 09:32:14.316405+00:00
912726,5125,2025-03-02 02:38:38.591767+00:00,2025-03-02 09:32:14.316405+00:00
852432,17623,2025-03-02 02:38:38.591767+00:00,2025-03-02 09:32:14.316405+00:00
84892,19311,2025-03-02 02:38:38.591767+00:00,2025-03-02 09:32:14.316405+00:00
928709,33040,2025-03-02 02:38:38.591767+00:00,2025-03-02 09:32:14.316405+00:00
10775,65994,2025-03-02 02:38:38.591767+00:00,2025-03-02 09:32:14.316405+00:00
85033,69371,2025-03-02 02:38:38.591767+00:00,2025-03-02 09:32:14.316405+00:00
848298,78268,2025-03-02 02:38:38.591767+00:00,2025-03-02 09:32:14.316405+00:00
1072790,82511,2025-03-02 02:38:38.591767+00:00,2025-03-02 09:32:14.316405+00:00
25657,94050,2025-03-02 02:38:38.591767+00:00,2025-03-02 09:32:14.316405+00:00
68004,96861,2025-03-02 02:38:38.591767+00:00,2025-03-02 09:32:14.316405+00:00
820099,137141,2025-03-02 02:38:38.591767+00:00,2025-03-02 09:32:14.316405+00:00
649609,144816,2025-03-02 02:38:38.591767+00:00,2025-03-02 09:32:14.316405+00:00
165213,557736,2025-03-02 02:38:38.591767+00:00,2025-03-02 09:32:14.316405+00:00
357405,571991,2025-03-02 02:38:38.591767+00:00,2025-03-02 09:32:14.316405+00:00
668640,584193,2025-03-02 02:38:38.591767+00:00,2025-03-02 09:32:14.316405+00:00
579496,1034086,2025-03-02 02:38:38.591767+00:00,2025-03-02 09:32:14.316405+00:00
1136690,1174080,2025-03-02 02:38:38.591767+00:00,2025-03-02 09:32:14.316405+00:00
776542,1185850,2025-03-02 02:38:38.591767+00:00,2025-03-02 09:32:14.316405+00:00
634649,1293994,2025-03-02 02:38:38.591767+00:00,2025-03-02 09:32:14.316405+00:00
1053600,1294751,2025-03-02 02:38:38.591767+00:00,2025-03-02 09:32:14.316405+00:00
565770,1500758,2025-03-02 02:38:38.591767+00:00,2025-03-02 09:32:14.316405+00:00
1021768,1542793,2025-03-02 02:38:38.591767+00:00,2025-03-02 09:32:14.316405+00:00
810693,2264366,2025-03-02 02:38:38.591767+00:00,2025-03-02 09:32:14.316405+00:00
792678,2430932,2025-03-02 02:38:38.591767+00:00,2025-03-02 09:32:14.316405+00:00
626129,2448983,2025-03-02 02:38:38.591767+00:00,2025-03-02 09:32:14.316405+00:00
1035806,2613318,2025-03-02 02:38:38.591767+00:00,2025-03-02 09:32:14.316405+00:00
1068607,2649234,2025-03-02 02:38:38.591767+00:00,2025-03-02 09:32:14.316405+00:00
757999,2832609,2025-03-02 02:38:38.591767+00:00,2025-03-02 09:32:14.316405+00:00
996871,3614587,2025-03-02 02:38:38.591767+00:00,2025-03-02 09:32:14.316405+00:00
1051896,3879718,2025-03-02 02:38:38.591767+00:00,2025-03-02 09:32:14.316405+00:00
1322616,4639382,2025-03-02 02:38:38.591767+00:00,2025-03-02 09:32:14.316405+00:00
1330874,4889323,2025-03-02 02:38:38.591767+00:00,2025-03-02 09:32:14.316405+00:00
64,309,2025-03-02 02:38:38.591767+00:00,2025-03-02 09:32:14.316405+00:00
782648,357,2025-03-02 02:38:38.591767+00:00,2025-03-02 09:32:14.316405+00:00
974635,564,2025-03-02 02:38:38.591767+00:00,2025-03-02 09:32:14.316405+00:00
81,608,2025-03-02 02:38:38.591767+00:00,2025-03-02 09:32:14.316405+00:00
1072269,19077,2025-03-02 02:38:38.591767+00:00,2025-03-02 09:32:14.316405+00:00
997294,37833,2025-03-02 02:38:38.591767+00:00,2025-03-02 09:32:14.316405+00:00
520023,39847,2025-03-02 02:38:38.591767+00:00,2025-03-02 09:32:14.316405+00:00
772450,46085,2025-03-02 02:38:38.591767+00:00,2025-03-02 09:32:14.316405+00:00
638032,56739,2025-03-02 02:38:38.591767+00:00,2025-03-02 09:32:14.316405+00:00
537761,62410,2025-03-02 02:38:38.591767+00:00,2025-03-02 09:32:14.316405+00:00
921452,64210,2025-03-02 02:38:38.591767+00:00,2025-03-02 09:32:14.316405+00:00
11647,65994,2025-03-02 02:38:38.591767+00:00,2025-03-02 09:32:14.316405+00:00
1020784,81220,2025-03-02 02:38:38.591767+00:00,2025-03-02 09:32:14.316405+00:00
17111,81251,2025-03-02 02:38:38.591767+00:00,2025-03-02 09:32:14.316405+00:00
17111,81252,2025-03-02 02:38:38.591767+00:00,2025-03-02 09:32:14.316405+00:00
995926,86325,2025-03-02 02:38:38.591767+00:00,2025-03-02 09:32:14.316405+00:00
1056133,102033,2025-03-02 02:38:38.591767+00:00,2025-03-02 09:32:14.316405+00:00
964960,107730,2025-03-02 02:38:38.591767+00:00,2025-03-02 09:32:14.316405+00:00
1265800,124640,2025-03-02 02:38:38.591767+00:00,2025-03-02 09:32:14.316405+00:00
1303162,127440,2025-03-02 02:38:38.591767+00:00,2025-03-02 09:32:14.316405+00:00
639721,142587,2025-03-02 02:38:38.591767+00:00,2025-03-02 09:32:14.316405+00:00
542917,212687,2025-03-02 02:38:38.591767+00:00,2025-03-02 09:32:14.316405+00:00
700819,225160,2025-03-02 02:38:38.591767+00:00,2025-03-02 09:32:14.316405+00:00
110852,225738,2025-03-02 02:38:38.591767+00:00,2025-03-02 09:32:14.316405+00:00
749107,445843,2025-03-02 02:38:38.591767+00:00,2025-03-02 09:32:14.316405+00:00
1034541,933176,2025-03-02 02:38:38.591767+00:00,2025-03-02 09:32:14.316405+00:00
1239035,1006872,2025-03-02 02:38:38.591767+00:00,2025-03-02 09:32:14.316405+00:00
676727,1044850,2025-03-02 02:38:38.591767+00:00,2025-03-02 09:32:14.316405+00:00
616747,1059571,2025-03-02 02:38:38.591767+00:00,2025-03-02 09:32:14.316405+00:00
937855,1149204,2025-03-02 02:38:38.591767+00:00,2025-03-02 09:32:14.316405+00:00
600354,1150548,2025-03-02 02:38:38.591767+00:00,2025-03-02 09:32:14.316405+00:00
901563,1274468,2025-03-02 02:38:38.591767+00:00,2025-03-02 09:32:14.316405+00:00
803688,1312056,2025-03-02 02:38:38.591767+00:00,2025-03-02 09:32:14.316405+00:00
1188258,1360022,2025-03-02 02:38:38.591767+00:00,2025-03-02 09:32:14.316405+00:00
1077310,1411529,2025-03-02 02:38:38.591767+00:00,2025-03-02 09:32:14.316405+00:00
1053587,1430334,2025-03-02 02:38:38.591767+00:00,2025-03-02 09:32:14.316405+00:00
1182047,1574550,2025-03-02 02:38:38.591767+00:00,2025-03-02 09:32:14.316405+00:00
1214485,1814824,2025-03-02 02:38:38.591767+00:00,2025-03-02 09:32:14.316405+00:00
1009087,2422854,2025-03-02 02:38:38.591767+00:00,2025-03-02 09:32:14.316405+00:00
1026563,2562314,2025-03-02 02:38:38.591767+00:00,2025-03-02 09:32:14.316405+00:00
1035803,2613318,2025-03-02 02:38:38.591767+00:00,2025-03-02 09:32:14.316405+00:00
817480,3312260,2025-03-02 02:38:38.591767+00:00,2025-03-02 09:32:14.316405+00:00
987538,3607923,2025-03-02 02:38:38.591767+00:00,2025-03-02 09:32:14.316405+00:00
1108371,3992668,2025-03-02 02:38:38.591767+00:00,2025-03-02 09:32:14.316405+00:00
15080,628,2025-03-02 02:38:38.591767+00:00,2025-03-02 09:32:14.316405+00:00
110,1126,2025-03-02 02:38:38.591767+00:00,2025-03-02 09:32:14.316405+00:00
990140,1341,2025-03-02 02:38:38.591767+00:00,2025-03-02 09:32:14.316405+00:00
929590,2036,2025-03-02 02:38:38.591767+00:00,2025-03-02 09:32:14.316405+00:00
8072,3776,2025-03-02 02:38:38.591767+00:00,2025-03-02 09:32:14.316405+00:00
11104,12453,2025-03-02 02:38:38.591767+00:00,2025-03-02 09:32:14.316405+00:00
786892,20629,2025-03-02 02:38:38.591767+00:00,2025-03-02 09:32:14.316405+00:00
414906,32278,2025-03-02 02:38:38.591767+00:00,2025-03-02 09:32:14.316405+00:00
549509,55493,2025-03-02 02:38:38.591767+00:00,2025-03-02 09:32:14.316405+00:00
42095,69167,2025-03-02 02:38:38.591767+00:00,2025-03-02 09:32:14.316405+00:00
205464,74026,2025-03-02 02:38:38.591767+00:00,2025-03-02 09:32:14.316405+00:00
1079091,88675,2025-03-02 02:38:38.591767+00:00,2025-03-02 09:32:14.316405+00:00
670292,129894,2025-03-02 02:38:38.591767+00:00,2025-03-02 09:32:14.316405+00:00
1022789,182001,2025-03-02 02:38:38.591767+00:00,2025-03-02 09:32:14.316405+00:00
774548,548068,2025-03-02 02:38:38.591767+00:00,2025-03-02 09:32:14.316405+00:00
940417,564910,2025-03-02 02:38:38.591767+00:00,2025-03-02 09:32:14.316405+00:00
892515,932524,2025-03-02 02:38:38.591767+00:00,2025-03-02 09:32:14.316405+00:00
438030,1130924,2025-03-02 02:38:38.591767+00:00,2025-03-02 09:32:14.316405+00:00
572154,1145368,2025-03-02 02:38:38.591767+00:00,2025-03-02 09:32:14.316405+00:00
937753,1284545,2025-03-02 02:38:38.591767+00:00,2025-03-02 09:32:14.316405+00:00
936245,1296327,2025-03-02 02:38:38.591767+00:00,2025-03-02 09:32:14.316405+00:00
991190,1324085,2025-03-02 02:38:38.591767+00:00,2025-03-02 09:32:14.316405+00:00
1000780,1498538,2025-03-02 02:38:38.591767+00:00,2025-03-02 09:32:14.316405+00:00
1247973,1576754,2025-03-02 02:38:38.591767+00:00,2025-03-02 09:32:14.316405+00:00
962558,1600064,2025-03-02 02:38:38.591767+00:00,2025-03-02 09:32:14.316405+00:00
989238,1622992,2025-03-02 02:38:38.591767+00:00,2025-03-02 09:32:14.316405+00:00
820697,1702466,2025-03-02 02:38:38.591767+00:00,2025-03-02 09:32:14.316405+00:00
717088,1731913,2025-03-02 02:38:38.591767+00:00,2025-03-02 09:32:14.316405+00:00
935906,1736559,2025-03-02 02:38:38.591767+00:00,2025-03-02 09:32:14.316405+00:00
937101,1912833,2025-03-02 02:38:38.591767+00:00,2025-03-02 09:32:14.316405+00:00
508947,2009739,2025-03-02 02:38:38.591767+00:00,2025-03-02 09:32:14.316405+00:00
993092,2224432,2025-03-02 02:38:38.591767+00:00,2025-03-02 09:32:14.316405+00:00
588921,2267529,2025-03-02 02:38:38.591767+00:00,2025-03-02 09:32:14.316405+00:00
1005141,2338840,2025-03-02 02:38:38.591767+00:00,2025-03-02 09:32:14.316405+00:00
958937,2523822,2025-03-02 02:38:38.591767+00:00,2025-03-02 09:32:14.316405+00:00
1223178,2887522,2025-03-02 02:38:38.591767+00:00,2025-03-02 09:32:14.316405+00:00
839294,2888800,2025-03-02 02:38:38.591767+00:00,2025-03-02 09:32:14.316405+00:00
1297616,3475655,2025-03-02 02:38:38.591767+00:00,2025-03-02 09:32:14.316405+00:00
1208994,3743348,2025-03-02 02:38:38.591767+00:00,2025-03-02 09:32:14.316405+00:00
1241982,4524084,2025-03-02 02:38:38.591767+00:00,2025-03-02 09:32:14.316405+00:00
12444,11343,2025-03-02 09:32:14.316405+00:00,2025-03-02 09:32:14.316405+00:00
1027867,150166,2025-03-02 09:32:14.316405+00:00,2025-03-02 09:32:14.316405+00:00
1074049,563824,2025-03-02 09:32:14.316405+00:00,2025-03-02 09:32:14.316405+00:00
99,309,2025-03-02 02:38:38.591767+00:00,2025-03-02 09:32:14.316405+00:00
511809,488,2025-03-02 02:38:38.591767+00:00,2025-03-02 09:32:14.316405+00:00
15283,628,2025-03-02 02:38:38.591767+00:00,2025-03-02 09:32:14.316405+00:00
649,793,2025-03-02 02:38:38.591767+00:00,2025-03-02 09:32:14.316405+00:00
1443,1769,2025-03-02 02:38:38.591767+00:00,2025-03-02 09:32:14.316405+00:00
919207,17119,2025-03-02 02:38:38.591767+00:00,2025-03-02 09:32:14.316405+00:00
438695,52842,2025-03-02 02:38:38.591767+00:00,2025-03-02 09:32:14.316405+00:00
892527,56735,2025-03-02 02:38:38.591767+00:00,2025-03-02 09:32:14.316405+00:00
646385,66681,2025-03-02 02:38:38.591767+00:00,2025-03-02 09:32:14.316405+00:00
56616,71174,2025-03-02 02:38:38.591767+00:00,2025-03-02 09:32:14.316405+00:00
146126,96956,2025-03-02 02:38:38.591767+00:00,2025-03-02 09:32:14.316405+00:00
1026227,133214,2025-03-02 02:38:38.591767+00:00,2025-03-02 09:32:14.316405+00:00
912520,143595,2025-03-02 02:38:38.591767+00:00,2025-03-02 09:32:14.316405+00:00
747779,222686,2025-03-02 02:38:38.591767+00:00,2025-03-02 09:32:14.316405+00:00
924482,572295,2025-03-02 02:38:38.591767+00:00,2025-03-02 09:32:14.316405+00:00
1029621,592488,2025-03-02 02:38:38.591767+00:00,2025-03-02 09:32:14.316405+00:00
1004555,935042,2025-03-02 02:38:38.591767+00:00,2025-03-02 09:32:14.316405+00:00
611854,1068350,2025-03-02 02:38:38.591767+00:00,2025-03-02 09:32:14.316405+00:00
1211728,1128799,2025-03-02 02:38:38.591767+00:00,2025-03-02 09:32:14.316405+00:00
531379,1194706,2025-03-02 02:38:38.591767+00:00,2025-03-02 09:32:14.316405+00:00
592695,1202063,2025-03-02 02:38:38.591767+00:00,2025-03-02 09:32:14.316405+00:00
1148677,1297518,2025-03-02 02:38:38.591767+00:00,2025-03-02 09:32:14.316405+00:00
278445,1333863,2025-03-02 02:38:38.591767+00:00,2025-03-02 09:32:14.316405+00:00
573435,1399841,2025-03-02 02:38:38.591767+00:00,2025-03-02 09:32:14.316405+00:00
958161,1410261,2025-03-02 02:38:38.591767+00:00,2025-03-02 09:32:14.316405+00:00
1211728,1566167,2025-03-02 02:38:38.591767+00:00,2025-03-02 09:32:14.316405+00:00
998022,1584382,2025-03-02 02:38:38.591767+00:00,2025-03-02 09:32:14.316405+00:00
804032,1776727,2025-03-02 02:38:38.591767+00:00,2025-03-02 09:32:14.316405+00:00
1306434,1809892,2025-03-02 02:38:38.591767+00:00,2025-03-02 09:32:14.316405+00:00
976125,1862367,2025-03-02 02:38:38.591767+00:00,2025-03-02 09:32:14.316405+00:00
783675,1898633,2025-03-02 02:38:38.591767+00:00,2025-03-02 09:32:14.316405+00:00
632632,2564771,2025-03-02 02:38:38.591767+00:00,2025-03-02 09:32:14.316405+00:00
759524,2838953,2025-03-02 02:38:38.591767+00:00,2025-03-02 09:32:14.316405+00:00
976125,3028833,2025-03-02 02:38:38.591767+00:00,2025-03-02 09:32:14.316405+00:00
1079485,3122176,2025-03-02 02:38:38.591767+00:00,2025-03-02 09:32:14.316405+00:00
1290213,3317265,2025-03-02 02:38:38.591767+00:00,2025-03-02 09:32:14.316405+00:00
975681,3549247,2025-03-02 02:38:38.591767+00:00,2025-03-02 09:32:14.316405+00:00
1008393,3650167,2025-03-02 02:38:38.591767+00:00,2025-03-02 09:32:14.316405+00:00
1093453,3943861,2025-03-02 02:38:38.591767+00:00,2025-03-02 09:32:14.316405+00:00
1308707,4793414,2025-03-02 02:38:38.591767+00:00,2025-03-02 09:32:14.316405+00:00
508883,608,2025-03-02 02:38:38.591767+00:00,2025-03-02 09:32:14.316405+00:00
675,11343,2025-03-02 02:38:38.591767+00:00,2025-03-02 09:32:14.316405+00:00
970348,15488,2025-03-02 02:38:38.591767+00:00,2025-03-02 09:32:14.316405+00:00
839369,16863,2025-03-02 02:38:38.591767+00:00,2025-03-02 09:32:14.316405+00:00
771077,17520,2025-03-02 02:38:38.591767+00:00,2025-03-02 09:32:14.316405+00:00
447277,17633,2025-03-02 02:38:38.591767+00:00,2025-03-02 09:32:14.316405+00:00
385687,18865,2025-03-02 02:38:38.591767+00:00,2025-03-02 09:32:14.316405+00:00
619730,59315,2025-03-02 02:38:38.591767+00:00,2025-03-02 09:32:14.316405+00:00
110283,69167,2025-03-02 02:38:38.591767+00:00,2025-03-02 09:32:14.316405+00:00
956842,88967,2025-03-02 02:38:38.591767+00:00,2025-03-02 09:32:14.316405+00:00
1026559,126775,2025-03-02 02:38:38.591767+00:00,2025-03-02 09:32:14.316405+00:00
581390,126809,2025-03-02 02:38:38.591767+00:00,2025-03-02 09:32:14.316405+00:00
1025301,135208,2025-03-02 02:38:38.591767+00:00,2025-03-02 09:32:14.316405+00:00
982202,210550,2025-03-02 02:38:38.591767+00:00,2025-03-02 09:32:14.316405+00:00
852457,1119419,2025-03-02 02:38:38.591767+00:00,2025-03-02 09:32:14.316405+00:00
717694,1180660,2025-03-02 02:38:38.591767+00:00,2025-03-02 09:32:14.316405+00:00
264718,1310153,2025-03-02 02:38:38.591767+00:00,2025-03-02 09:32:14.316405+00:00
923344,1312149,2025-03-02 02:38:38.591767+00:00,2025-03-02 09:32:14.316405+00:00
810020,1355012,2025-03-02 02:38:38.591767+00:00,2025-03-02 09:32:14.316405+00:00
696047,1701953,2025-03-02 02:38:38.591767+00:00,2025-03-02 09:32:14.316405+00:00
612696,1716600,2025-03-02 02:38:38.591767+00:00,2025-03-02 09:32:14.316405+00:00
1111750,1745962,2025-03-02 02:38:38.591767+00:00,2025-03-02 09:32:14.316405+00:00
1006024,2298206,2025-03-02 02:38:38.591767+00:00,2025-03-02 09:32:14.316405+00:00
804725,2373899,2025-03-02 02:38:38.591767+00:00,2025-03-02 09:32:14.316405+00:00
1017063,2466702,2025-03-02 02:38:38.591767+00:00,2025-03-02 09:32:14.316405+00:00
766907,2613318,2025-03-02 02:38:38.591767+00:00,2025-03-02 09:32:14.316405+00:00
1025086,2683751,2025-03-02 02:38:38.591767+00:00,2025-03-02 09:32:14.316405+00:00
938133,2752335,2025-03-02 02:38:38.591767+00:00,2025-03-02 09:32:14.316405+00:00
736720,2755355,2025-03-02 02:38:38.591767+00:00,2025-03-02 09:32:14.316405+00:00
1278652,2868035,2025-03-02 02:38:38.591767+00:00,2025-03-02 09:32:14.316405+00:00
942953,3441610,2025-03-02 02:38:38.591767+00:00,2025-03-02 09:32:14.316405+00:00
981715,3569329,2025-03-02 02:38:38.591767+00:00,2025-03-02 09:32:14.316405+00:00
1102510,3970671,2025-03-02 02:38:38.591767+00:00,2025-03-02 09:32:14.316405+00:00
1108211,3992160,2025-03-02 02:38:38.591767+00:00,2025-03-02 09:32:14.316405+00:00
1375053,4192996,2025-03-02 02:38:38.591767+00:00,2025-03-02 09:32:14.316405+00:00
977156,3606469,2025-03-02 09:32:14.316405+00:00,2025-03-02 09:32:14.316405+00:00
157336,525,2025-03-02 02:38:38.591767+00:00,2025-03-02 09:32:14.316405+00:00
739405,956,2025-03-02 02:38:38.591767+00:00,2025-03-02 09:32:14.316405+00:00
882569,956,2025-03-02 02:38:38.591767+00:00,2025-03-02 09:32:14.316405+00:00
68924,1614,2025-03-02 02:38:38.591767+00:00,2025-03-02 09:32:14.316405+00:00
245,3289,2025-03-02 02:38:38.591767+00:00,2025-03-02 09:32:14.316405+00:00
3635,16785,2025-03-02 02:38:38.591767+00:00,2025-03-02 09:32:14.316405+00:00
496243,21684,2025-03-02 02:38:38.591767+00:00,2025-03-02 09:32:14.316405+00:00
1061855,22496,2025-03-02 02:38:38.591767+00:00,2025-03-02 09:32:14.316405+00:00
693349,25819,2025-03-02 02:38:38.591767+00:00,2025-03-02 09:32:14.316405+00:00
567811,58421,2025-03-02 02:38:38.591767+00:00,2025-03-02 09:32:14.316405+00:00
283566,77921,2025-03-02 02:38:38.591767+00:00,2025-03-02 09:32:14.316405+00:00
783121,92831,2025-03-02 02:38:38.591767+00:00,2025-03-02 09:32:14.316405+00:00
68883,96861,2025-03-02 02:38:38.591767+00:00,2025-03-02 09:32:14.316405+00:00
954094,97359,2025-03-02 02:38:38.591767+00:00,2025-03-02 09:32:14.316405+00:00
83761,119294,2025-03-02 02:38:38.591767+00:00,2025-03-02 09:32:14.316405+00:00
72445,123199,2025-03-02 02:38:38.591767+00:00,2025-03-02 09:32:14.316405+00:00
996666,127218,2025-03-02 02:38:38.591767+00:00,2025-03-02 09:32:14.316405+00:00
762079,145678,2025-03-02 02:38:38.591767+00:00,2025-03-02 09:32:14.316405+00:00
1247019,146515,2025-03-02 02:38:38.591767+00:00,2025-03-02 09:32:14.316405+00:00
1146410,150975,2025-03-02 02:38:38.591767+00:00,2025-03-02 09:32:14.316405+00:00
1170696,222332,2025-03-02 02:38:38.591767+00:00,2025-03-02 09:32:14.316405+00:00
655917,582255,2025-03-02 02:38:38.591767+00:00,2025-03-02 09:32:14.316405+00:00
508943,930567,2025-03-02 02:38:38.591767+00:00,2025-03-02 09:32:14.316405+00:00
160642,932980,2025-03-02 02:38:38.591767+00:00,2025-03-02 09:32:14.316405+00:00
617762,939337,2025-03-02 02:38:38.591767+00:00,2025-03-02 09:32:14.316405+00:00
256930,1017332,2025-03-02 02:38:38.591767+00:00,2025-03-02 09:32:14.316405+00:00
588108,1049134,2025-03-02 02:38:38.591767+00:00,2025-03-02 09:32:14.316405+00:00
1005299,1240285,2025-03-02 02:38:38.591767+00:00,2025-03-02 09:32:14.316405+00:00
977179,1272145,2025-03-02 02:38:38.591767+00:00,2025-03-02 09:32:14.316405+00:00
788030,1331401,2025-03-02 02:38:38.591767+00:00,2025-03-02 09:32:14.316405+00:00
916192,1373229,2025-03-02 02:38:38.591767+00:00,2025-03-02 09:32:14.316405+00:00
936117,1628010,2025-03-02 02:38:38.591767+00:00,2025-03-02 09:32:14.316405+00:00
924120,1730474,2025-03-02 02:38:38.591767+00:00,2025-03-02 09:32:14.316405+00:00
1120459,1785807,2025-03-02 02:38:38.591767+00:00,2025-03-02 09:32:14.316405+00:00
749136,1855522,2025-03-02 02:38:38.591767+00:00,2025-03-02 09:32:14.316405+00:00
1015361,2000640,2025-03-02 02:38:38.591767+00:00,2025-03-02 09:32:14.316405+00:00
730256,2686827,2025-03-02 02:38:38.591767+00:00,2025-03-02 09:32:14.316405+00:00
1212497,3097336,2025-03-02 02:38:38.591767+00:00,2025-03-02 09:32:14.316405+00:00
947514,3467507,2025-03-02 02:38:38.591767+00:00,2025-03-02 09:32:14.316405+00:00
987538,3607922,2025-03-02 02:38:38.591767+00:00,2025-03-02 09:32:14.316405+00:00
1005996,3641331,2025-03-02 02:38:38.591767+00:00,2025-03-02 09:32:14.316405+00:00
589026,1459972,2025-03-02 09:32:14.316405+00:00,2025-03-02 09:32:14.316405+00:00
950282,1160535,2025-03-02 09:32:14.316405+00:00,2025-03-02 09:32:14.316405+00:00
572802,2127,2025-03-02 02:38:38.591767+00:00,2025-03-02 09:32:14.316405+00:00
5279,9789,2025-03-02 02:38:38.591767+00:00,2025-03-02 09:32:14.316405+00:00
11220,12453,2025-03-02 02:38:38.591767+00:00,2025-03-02 09:32:14.316405+00:00
1071215,16847,2025-03-02 02:38:38.591767+00:00,2025-03-02 09:32:14.316405+00:00
866398,19769,2025-03-02 02:38:38.591767+00:00,2025-03-02 09:32:14.316405+00:00
757999,41029,2025-03-02 02:38:38.591767+00:00,2025-03-02 09:32:14.316405+00:00
164207,69167,2025-03-02 02:38:38.591767+00:00,2025-03-02 09:32:14.316405+00:00
513692,70109,2025-03-02 02:38:38.591767+00:00,2025-03-02 09:32:14.316405+00:00
15370,78173,2025-03-02 02:38:38.591767+00:00,2025-03-02 09:32:14.316405+00:00
753091,84969,2025-03-02 02:38:38.591767+00:00,2025-03-02 09:32:14.316405+00:00
27060,96856,2025-03-02 02:38:38.591767+00:00,2025-03-02 09:32:14.316405+00:00
202885,119493,2025-03-02 02:38:38.591767+00:00,2025-03-02 09:32:14.316405+00:00
977871,133251,2025-03-02 02:38:38.591767+00:00,2025-03-02 09:32:14.316405+00:00
1224993,146865,2025-03-02 02:38:38.591767+00:00,2025-03-02 09:32:14.316405+00:00
1117609,582611,2025-03-02 02:38:38.591767+00:00,2025-03-02 09:32:14.316405+00:00
803700,939150,2025-03-02 02:38:38.591767+00:00,2025-03-02 09:32:14.316405+00:00
569094,1046497,2025-03-02 02:38:38.591767+00:00,2025-03-02 09:32:14.316405+00:00
505642,1056121,2025-03-02 02:38:38.591767+00:00,2025-03-02 09:32:14.316405+00:00
940551,1092607,2025-03-02 02:38:38.591767+00:00,2025-03-02 09:32:14.316405+00:00
781816,1117479,2025-03-02 02:38:38.591767+00:00,2025-03-02 09:32:14.316405+00:00
1211728,1129914,2025-03-02 02:38:38.591767+00:00,2025-03-02 09:32:14.316405+00:00
477462,1168608,2025-03-02 02:38:38.591767+00:00,2025-03-02 09:32:14.316405+00:00
959558,1280765,2025-03-02 02:38:38.591767+00:00,2025-03-02 09:32:14.316405+00:00
62439,1296107,2025-03-02 02:38:38.591767+00:00,2025-03-02 09:32:14.316405+00:00
1167863,1305933,2025-03-02 02:38:38.591767+00:00,2025-03-02 09:32:14.316405+00:00
545611,1383612,2025-03-02 02:38:38.591767+00:00,2025-03-02 09:32:14.316405+00:00
1273597,1505545,2025-03-02 02:38:38.591767+00:00,2025-03-02 09:32:14.316405+00:00
944306,1558103,2025-03-02 02:38:38.591767+00:00,2025-03-02 09:32:14.316405+00:00
979924,1564258,2025-03-02 02:38:38.591767+00:00,2025-03-02 09:32:14.316405+00:00
1221404,1845819,2025-03-02 02:38:38.591767+00:00,2025-03-02 09:32:14.316405+00:00
995063,1883920,2025-03-02 02:38:38.591767+00:00,2025-03-02 09:32:14.316405+00:00
1211728,1923093,2025-03-02 02:38:38.591767+00:00,2025-03-02 09:32:14.316405+00:00
1187970,2067023,2025-03-02 02:38:38.591767+00:00,2025-03-02 09:32:14.316405+00:00
810406,2451192,2025-03-02 02:38:38.591767+00:00,2025-03-02 09:32:14.316405+00:00
996871,2836746,2025-03-02 02:38:38.591767+00:00,2025-03-02 09:32:14.316405+00:00
976581,3004520,2025-03-02 02:38:38.591767+00:00,2025-03-02 09:32:14.316405+00:00
829584,3129641,2025-03-02 02:38:38.591767+00:00,2025-03-02 09:32:14.316405+00:00
979688,3593576,2025-03-02 02:38:38.591767+00:00,2025-03-02 09:32:14.316405+00:00
1004840,3638178,2025-03-02 02:38:38.591767+00:00,2025-03-02 09:32:14.316405+00:00
1012267,3724575,2025-03-02 02:38:38.591767+00:00,2025-03-02 09:32:14.316405+00:00
848538,957,2025-03-02 09:32:14.316405+00:00,2025-03-02 09:32:14.316405+00:00
554761,110,2025-03-02 02:38:38.591767+00:00,2025-03-02 09:32:14.316405+00:00
38,201,2025-03-02 02:38:38.591767+00:00,2025-03-02 09:32:14.316405+00:00
536437,2294,2025-03-02 02:38:38.591767+00:00,2025-03-02 09:32:14.316405+00:00
19995,2710,2025-03-02 02:38:38.591767+00:00,2025-03-02 09:32:14.316405+00:00
485162,7288,2025-03-02 02:38:38.591767+00:00,2025-03-02 09:32:14.316405+00:00
51735,10316,2025-03-02 02:38:38.591767+00:00,2025-03-02 09:32:14.316405+00:00
674,10723,2025-03-02 02:38:38.591767+00:00,2025-03-02 09:32:14.316405+00:00
791570,20310,2025-03-02 02:38:38.591767+00:00,2025-03-02 09:32:14.316405+00:00
718930,40684,2025-03-02 02:38:38.591767+00:00,2025-03-02 09:32:14.316405+00:00
1125311,55075,2025-03-02 02:38:38.591767+00:00,2025-03-02 09:32:14.316405+00:00
944194,56710,2025-03-02 02:38:38.591767+00:00,2025-03-02 09:32:14.316405+00:00
14310,66718,2025-03-02 02:38:38.591767+00:00,2025-03-02 09:32:14.316405+00:00
585245,68573,2025-03-02 02:38:38.591767+00:00,2025-03-02 09:32:14.316405+00:00
889507,96449,2025-03-02 02:38:38.591767+00:00,2025-03-02 09:32:14.316405+00:00
77248,240777,2025-03-02 02:38:38.591767+00:00,2025-03-02 09:32:14.316405+00:00
942199,545330,2025-03-02 02:38:38.591767+00:00,2025-03-02 09:32:14.316405+00:00
1043997,555526,2025-03-02 02:38:38.591767+00:00,2025-03-02 09:32:14.316405+00:00
568124,1318201,2025-03-02 02:38:38.591767+00:00,2025-03-02 09:32:14.316405+00:00
819163,1477234,2025-03-02 02:38:38.591767+00:00,2025-03-02 09:32:14.316405+00:00
348869,1487492,2025-03-02 02:38:38.591767+00:00,2025-03-02 09:32:14.316405+00:00
667717,1490566,2025-03-02 02:38:38.591767+00:00,2025-03-02 09:32:14.316405+00:00
1075175,1504740,2025-03-02 02:38:38.591767+00:00,2025-03-02 09:32:14.316405+00:00
852758,1563462,2025-03-02 02:38:38.591767+00:00,2025-03-02 09:32:14.316405+00:00
988900,1571470,2025-03-02 02:38:38.591767+00:00,2025-03-02 09:32:14.316405+00:00
869886,1670127,2025-03-02 02:38:38.591767+00:00,2025-03-02 09:32:14.316405+00:00
957863,1879401,2025-03-02 02:38:38.591767+00:00,2025-03-02 09:32:14.316405+00:00
1047003,1934679,2025-03-02 02:38:38.591767+00:00,2025-03-02 09:32:14.316405+00:00
1052433,2097690,2025-03-02 02:38:38.591767+00:00,2025-03-02 09:32:14.316405+00:00
717090,2132020,2025-03-02 02:38:38.591767+00:00,2025-03-02 09:32:14.316405+00:00
1202618,2428652,2025-03-02 02:38:38.591767+00:00,2025-03-02 09:32:14.316405+00:00
712134,2664731,2025-03-02 02:38:38.591767+00:00,2025-03-02 09:32:14.316405+00:00
1166425,4100924,2025-03-02 02:38:38.591767+00:00,2025-03-02 09:32:14.316405+00:00
939287,4454857,2025-03-02 02:38:38.591767+00:00,2025-03-02 09:32:14.316405+00:00
631842,11614,2025-03-02 02:38:38.591767+00:00,2025-03-02 09:32:14.316405+00:00
3423,20789,2025-03-02 02:38:38.591767+00:00,2025-03-02 09:32:14.316405+00:00
10452,23724,2025-03-02 02:38:38.591767+00:00,2025-03-02 09:32:14.316405+00:00
2517,25645,2025-03-02 02:38:38.591767+00:00,2025-03-02 09:32:14.316405+00:00
660001,31083,2025-03-02 02:38:38.591767+00:00,2025-03-02 09:32:14.316405+00:00
748783,61411,2025-03-02 02:38:38.591767+00:00,2025-03-02 09:32:14.316405+00:00
467244,66728,2025-03-02 02:38:38.591767+00:00,2025-03-02 09:32:14.316405+00:00
965791,84426,2025-03-02 02:38:38.591767+00:00,2025-03-02 09:32:14.316405+00:00
844398,88084,2025-03-02 02:38:38.591767+00:00,2025-03-02 09:32:14.316405+00:00
628900,119293,2025-03-02 02:38:38.591767+00:00,2025-03-02 09:32:14.316405+00:00
626412,119337,2025-03-02 02:38:38.591767+00:00,2025-03-02 09:32:14.316405+00:00
45043,145623,2025-03-02 02:38:38.591767+00:00,2025-03-02 09:32:14.316405+00:00
758009,168667,2025-03-02 02:38:38.591767+00:00,2025-03-02 09:32:14.316405+00:00
118785,225738,2025-03-02 02:38:38.591767+00:00,2025-03-02 09:32:14.316405+00:00
1044555,579313,2025-03-02 02:38:38.591767+00:00,2025-03-02 09:32:14.316405+00:00
718949,583932,2025-03-02 02:38:38.591767+00:00,2025-03-02 09:32:14.316405+00:00
736820,980218,2025-03-02 02:38:38.591767+00:00,2025-03-02 09:32:14.316405+00:00
806368,1150548,2025-03-02 02:38:38.591767+00:00,2025-03-02 09:32:14.316405+00:00
731684,1265918,2025-03-02 02:38:38.591767+00:00,2025-03-02 09:32:14.316405+00:00
232468,1267724,2025-03-02 02:38:38.591767+00:00,2025-03-02 09:32:14.316405+00:00
1068607,1515341,2025-03-02 02:38:38.591767+00:00,2025-03-02 09:32:14.316405+00:00
1186850,1573201,2025-03-02 02:38:38.591767+00:00,2025-03-02 09:32:14.316405+00:00
1203439,1624654,2025-03-02 02:38:38.591767+00:00,2025-03-02 09:32:14.316405+00:00
786064,1697401,2025-03-02 02:38:38.591767+00:00,2025-03-02 09:32:14.316405+00:00
712128,1713223,2025-03-02 02:38:38.591767+00:00,2025-03-02 09:32:14.316405+00:00
899743,2130029,2025-03-02 02:38:38.591767+00:00,2025-03-02 09:32:14.316405+00:00
712178,2195612,2025-03-02 02:38:38.591767+00:00,2025-03-02 09:32:14.316405+00:00
1086011,2223841,2025-03-02 02:38:38.591767+00:00,2025-03-02 09:32:14.316405+00:00
996871,2399109,2025-03-02 02:38:38.591767+00:00,2025-03-02 09:32:14.316405+00:00
939879,2415585,2025-03-02 02:38:38.591767+00:00,2025-03-02 09:32:14.316405+00:00
1129610,2574299,2025-03-02 02:38:38.591767+00:00,2025-03-02 09:32:14.316405+00:00
1017063,2852400,2025-03-02 02:38:38.591767+00:00,2025-03-02 09:32:14.316405+00:00
1314450,4818835,2025-03-02 02:38:38.591767+00:00,2025-03-02 09:32:14.316405+00:00
1084742,133057,2025-03-02 09:32:14.316405+00:00,2025-03-02 09:32:14.316405+00:00
104,1071,2025-03-02 02:38:38.591767+00:00,2025-03-02 09:32:14.316405+00:00
925,5281,2025-03-02 02:38:38.591767+00:00,2025-03-02 09:32:14.316405+00:00
47792,10316,2025-03-02 02:38:38.591767+00:00,2025-03-02 09:32:14.316405+00:00
576845,11090,2025-03-02 02:38:38.591767+00:00,2025-03-02 09:32:14.316405+00:00
958219,17460,2025-03-02 02:38:38.591767+00:00,2025-03-02 09:32:14.316405+00:00
18860,26760,2025-03-02 02:38:38.591767+00:00,2025-03-02 09:32:14.316405+00:00
45464,46325,2025-03-02 02:38:38.591767+00:00,2025-03-02 09:32:14.316405+00:00
616820,64141,2025-03-02 02:38:38.591767+00:00,2025-03-02 09:32:14.316405+00:00
1040148,71267,2025-03-02 02:38:38.591767+00:00,2025-03-02 09:32:14.316405+00:00
40167,123802,2025-03-02 02:38:38.591767+00:00,2025-03-02 09:32:14.316405+00:00
1002318,134851,2025-03-02 02:38:38.591767+00:00,2025-03-02 09:32:14.316405+00:00
1287250,225055,2025-03-02 02:38:38.591767+00:00,2025-03-02 09:32:14.316405+00:00
743173,225880,2025-03-02 02:38:38.591767+00:00,2025-03-02 09:32:14.316405+00:00
539972,556172,2025-03-02 02:38:38.591767+00:00,2025-03-02 09:32:14.316405+00:00
626872,1059129,2025-03-02 02:38:38.591767+00:00,2025-03-02 09:32:14.316405+00:00
960258,1088096,2025-03-02 02:38:38.591767+00:00,2025-03-02 09:32:14.316405+00:00
835975,1091974,2025-03-02 02:38:38.591767+00:00,2025-03-02 09:32:14.316405+00:00
912632,1138579,2025-03-02 02:38:38.591767+00:00,2025-03-02 09:32:14.316405+00:00
960033,1145355,2025-03-02 02:38:38.591767+00:00,2025-03-02 09:32:14.316405+00:00
1086591,1145368,2025-03-02 02:38:38.591767+00:00,2025-03-02 09:32:14.316405+00:00
1126128,1302682,2025-03-02 02:38:38.591767+00:00,2025-03-02 09:32:14.316405+00:00
1006763,1333855,2025-03-02 02:38:38.591767+00:00,2025-03-02 09:32:14.316405+00:00
842607,1572524,2025-03-02 02:38:38.591767+00:00,2025-03-02 09:32:14.316405+00:00
933260,1607016,2025-03-02 02:38:38.591767+00:00,2025-03-02 09:32:14.316405+00:00
1216623,1627346,2025-03-02 02:38:38.591767+00:00,2025-03-02 09:32:14.316405+00:00
925943,1648265,2025-03-02 02:38:38.591767+00:00,2025-03-02 09:32:14.316405+00:00
1075815,1751860,2025-03-02 02:38:38.591767+00:00,2025-03-02 09:32:14.316405+00:00
878987,2053569,2025-03-02 02:38:38.591767+00:00,2025-03-02 09:32:14.316405+00:00
577205,2085264,2025-03-02 02:38:38.591767+00:00,2025-03-02 09:32:14.316405+00:00
768362,2093036,2025-03-02 02:38:38.591767+00:00,2025-03-02 09:32:14.316405+00:00
957154,2774483,2025-03-02 02:38:38.591767+00:00,2025-03-02 09:32:14.316405+00:00
752616,2812831,2025-03-02 02:38:38.591767+00:00,2025-03-02 09:32:14.316405+00:00
1070535,2813236,2025-03-02 02:38:38.591767+00:00,2025-03-02 09:32:14.316405+00:00
1189165,3593576,2025-03-02 02:38:38.591767+00:00,2025-03-02 09:32:14.316405+00:00
987538,3607917,2025-03-02 02:38:38.591767+00:00,2025-03-02 09:32:14.316405+00:00
987538,3607919,2025-03-02 02:38:38.591767+00:00,2025-03-02 09:32:14.316405+00:00
947049,3631267,2025-03-02 02:38:38.591767+00:00,2025-03-02 09:32:14.316405+00:00
1029178,3645700,2025-03-02 02:38:38.591767+00:00,2025-03-02 09:32:14.316405+00:00
1076011,3961076,2025-03-02 02:38:38.591767+00:00,2025-03-02 09:32:14.316405+00:00
1108371,3992663,2025-03-02 02:38:38.591767+00:00,2025-03-02 09:32:14.316405+00:00
1185957,4299859,2025-03-02 02:38:38.591767+00:00,2025-03-02 09:32:14.316405+00:00
1209560,4402982,2025-03-02 02:38:38.591767+00:00,2025-03-02 09:32:14.316405+00:00
1314450,4818837,2025-03-02 02:38:38.591767+00:00,2025-03-02 09:32:14.316405+00:00
77248,183,2025-03-02 02:38:38.591767+00:00,2025-03-02 09:32:14.316405+00:00
219,309,2025-03-02 02:38:38.591767+00:00,2025-03-02 09:32:14.316405+00:00
11621,608,2025-03-02 02:38:38.591767+00:00,2025-03-02 09:32:14.316405+00:00
1600,1126,2025-03-02 02:38:38.591767+00:00,2025-03-02 09:32:14.316405+00:00
10995,2352,2025-03-02 02:38:38.591767+00:00,2025-03-02 09:32:14.316405+00:00
89455,8557,2025-03-02 02:38:38.591767+00:00,2025-03-02 09:32:14.316405+00:00
891699,11401,2025-03-02 02:38:38.591767+00:00,2025-03-02 09:32:14.316405+00:00
865498,35959,2025-03-02 02:38:38.591767+00:00,2025-03-02 09:32:14.316405+00:00
516329,65167,2025-03-02 02:38:38.591767+00:00,2025-03-02 09:32:14.316405+00:00
12254,71950,2025-03-02 02:38:38.591767+00:00,2025-03-02 09:32:14.316405+00:00
1008005,74661,2025-03-02 02:38:38.591767+00:00,2025-03-02 09:32:14.316405+00:00
21712,93107,2025-03-02 02:38:38.591767+00:00,2025-03-02 09:32:14.316405+00:00
973628,96631,2025-03-02 02:38:38.591767+00:00,2025-03-02 09:32:14.316405+00:00
958234,102890,2025-03-02 02:38:38.591767+00:00,2025-03-02 09:32:14.316405+00:00
913673,109016,2025-03-02 02:38:38.591767+00:00,2025-03-02 09:32:14.316405+00:00
925459,113736,2025-03-02 02:38:38.591767+00:00,2025-03-02 09:32:14.316405+00:00
1064213,118415,2025-03-02 02:38:38.591767+00:00,2025-03-02 09:32:14.316405+00:00
41531,126775,2025-03-02 02:38:38.591767+00:00,2025-03-02 09:32:14.316405+00:00
1002317,134851,2025-03-02 02:38:38.591767+00:00,2025-03-02 09:32:14.316405+00:00
1257388,259989,2025-03-02 02:38:38.591767+00:00,2025-03-02 09:32:14.316405+00:00
1022862,565893,2025-03-02 02:38:38.591767+00:00,2025-03-02 09:32:14.316405+00:00
1070507,583881,2025-03-02 02:38:38.591767+00:00,2025-03-02 09:32:14.316405+00:00
574078,1059880,2025-03-02 02:38:38.591767+00:00,2025-03-02 09:32:14.316405+00:00
581395,1135240,2025-03-02 02:38:38.591767+00:00,2025-03-02 09:32:14.316405+00:00
746333,1186076,2025-03-02 02:38:38.591767+00:00,2025-03-02 09:32:14.316405+00:00
1138194,1317685,2025-03-02 02:38:38.591767+00:00,2025-03-02 09:32:14.316405+00:00
700391,1317686,2025-03-02 02:38:38.591767+00:00,2025-03-02 09:32:14.316405+00:00
950863,1324587,2025-03-02 02:38:38.591767+00:00,2025-03-02 09:32:14.316405+00:00
927547,1467320,2025-03-02 02:38:38.591767+00:00,2025-03-02 09:32:14.316405+00:00
1333100,1553591,2025-03-02 02:38:38.591767+00:00,2025-03-02 09:32:14.316405+00:00
614930,1578590,2025-03-02 02:38:38.591767+00:00,2025-03-02 09:32:14.316405+00:00
609768,1756398,2025-03-02 02:38:38.591767+00:00,2025-03-02 09:32:14.316405+00:00
681260,1779883,2025-03-02 02:38:38.591767+00:00,2025-03-02 09:32:14.316405+00:00
1153451,1966272,2025-03-02 02:38:38.591767+00:00,2025-03-02 09:32:14.316405+00:00
1094482,1973739,2025-03-02 02:38:38.591767+00:00,2025-03-02 09:32:14.316405+00:00
517302,2020204,2025-03-02 02:38:38.591767+00:00,2025-03-02 09:32:14.316405+00:00
1312989,2130029,2025-03-02 02:38:38.591767+00:00,2025-03-02 09:32:14.316405+00:00
1100782,2218465,2025-03-02 02:38:38.591767+00:00,2025-03-02 09:32:14.316405+00:00
740823,2276604,2025-03-02 02:38:38.591767+00:00,2025-03-02 09:32:14.316405+00:00
1095805,2774516,2025-03-02 02:38:38.591767+00:00,2025-03-02 09:32:14.316405+00:00
798092,2816828,2025-03-02 02:38:38.591767+00:00,2025-03-02 09:32:14.316405+00:00
1011873,3661196,2025-03-02 02:38:38.591767+00:00,2025-03-02 09:32:14.316405+00:00
1026182,3706994,2025-03-02 02:38:38.591767+00:00,2025-03-02 09:32:14.316405+00:00
1027944,3713690,2025-03-02 02:38:38.591767+00:00,2025-03-02 09:32:14.316405+00:00
1121017,4040818,2025-03-02 02:38:38.591767+00:00,2025-03-02 09:32:14.316405+00:00
1252163,4564849,2025-03-02 02:38:38.591767+00:00,2025-03-02 09:32:14.316405+00:00
507086,930707,2025-03-02 09:32:14.316405+00:00,2025-03-02 09:32:14.316405+00:00
