person_id,gender_id,person_name,person_original_name,known_for_department,data_created_time,data_updated_time
1260215,0,Quốc Huy,Quốc Huy,Acting,2025-03-02 01:14:54.379063+00:00,2025-03-04 07:00:03.914845+00:00
4393069,0,Lee Yong-kyu,Lee Yong-kyu,Acting,2025-03-02 01:14:54.379063+00:00,2025-03-04 07:00:03.914845+00:00
1945900,0,Thinley Lhamo,Thinley Lhamo,Acting,2025-03-02 01:14:54.379063+00:00,2025-03-04 07:00:03.914845+00:00
3622186,0,Omar Abu Amer,Omar Abu Amer,Acting,2025-03-02 01:14:54.379063+00:00,2025-03-04 07:00:03.914845+00:00
4891316,0,Mariana Correa,Mariana Correa,Acting,2025-03-02 01:14:54.379063+00:00,2025-03-04 07:00:03.914845+00:00
3549778,0,Camille Leban Martins,Camille Leban Martins,Acting,2025-03-02 01:14:54.379063+00:00,2025-03-04 07:00:03.914845+00:00
3199079,0,Nadia Kucher,Nadia Kucher,Acting,2025-03-02 01:14:54.379063+00:00,2025-03-04 07:00:03.914845+00:00
1729468,0,Hiftu Quasem,Hiftu Quasem,Acting,2025-03-02 01:14:54.379063+00:00,2025-03-04 07:00:03.914845+00:00
4131510,0,Anna Krekeler,Anna Krekeler,Acting,2025-03-02 01:14:54.379063+00:00,2025-03-04 07:00:03.914845+00:00
3497174,0,Joely Mbundu,Joely Mbundu,Acting,2025-03-02 01:14:54.379063+00:00,2025-03-04 07:00:03.914845+00:00
2615518,0,Molly Lynch,Molly Lynch,Acting,2025-03-02 01:14:54.379063+00:00,2025-03-04 07:00:03.914845+00:00
4305966,0,Doug Abrams,Doug Abrams,Acting,2025-03-02 01:14:54.379063+00:00,2025-03-04 07:00:03.914845+00:00
4416903,0,Eddy Maday,Eddy Maday,Acting,2025-03-02 01:14:54.379063+00:00,2025-03-04 07:00:03.914845+00:00
3606502,0,Isariya Chanopala,Isariya Chanopala,Acting,2025-03-02 01:14:54.379063+00:00,2025-03-04 07:00:03.914845+00:00
4507651,0,Ja-Shin Wu,Ja-Shin Wu,Acting,2025-03-02 01:14:54.379063+00:00,2025-03-04 07:00:03.914845+00:00
3155745,0,Buffy Anne Littaua,Buffy Anne Littaua,Acting,2025-03-02 01:14:54.379063+00:00,2025-03-04 07:00:03.914845+00:00
3749423,0,Huai-de Huang,Huai-de Huang,Acting,2025-03-02 01:14:54.379063+00:00,2025-03-04 07:00:03.914845+00:00
4467120,0,Má Thị La,Má Thị La,Acting,2025-03-02 01:14:54.379063+00:00,2025-03-04 07:00:03.914845+00:00
70688,1,Kim Hee-seon,김희선,Acting,2025-03-02 01:14:54.379063+00:00,2025-03-04 07:00:03.914845+00:00
9207,1,Theresa Russell,Theresa Russell,Acting,2025-03-02 01:14:54.379063+00:00,2025-03-04 07:00:03.914845+00:00
3481018,1,Parita Rirermkul,Parita Rirermkul,Acting,2025-03-02 01:14:54.379063+00:00,2025-03-04 07:00:03.914845+00:00
2274392,1,Gillian Vicencio,Gillian Vicencio,Acting,2025-03-02 01:14:54.379063+00:00,2025-03-04 07:00:03.914845+00:00
113236,1,Mia McKenna-Bruce,Mia McKenna-Bruce,Acting,2025-03-02 01:14:54.379063+00:00,2025-03-04 07:00:03.914845+00:00
3589008,1,LIZ,리즈,Acting,2025-03-02 01:14:54.379063+00:00,2025-03-04 07:00:03.914845+00:00
1452046,1,Lana Condor,Lana Condor,Acting,2025-03-02 01:14:54.379063+00:00,2025-03-04 07:00:03.914845+00:00
34200,1,Sakina Jaffrey,Sakina Jaffrey,Acting,2025-03-02 01:14:54.379063+00:00,2025-03-04 07:00:03.914845+00:00
4670939,1,Thatchaya Supathanyasatit,Thatchaya Supathanyasatit,Acting,2025-03-02 01:14:54.379063+00:00,2025-03-04 07:00:03.914845+00:00
216449,1,Junko Noda,野田順子,Acting,2025-03-02 01:14:54.379063+00:00,2025-03-04 07:00:03.914845+00:00
1677375,1,Mao Sasaki,Mao Sasaki,Acting,2025-03-02 01:14:54.379063+00:00,2025-03-04 07:00:03.914845+00:00
1253977,1,Bettina Lamprecht,Bettina Lamprecht,Acting,2025-03-02 01:14:54.379063+00:00,2025-03-04 07:00:03.914845+00:00
57451,1,Leslie Bibb,Leslie Bibb,Acting,2025-03-02 01:14:54.379063+00:00,2025-03-04 07:00:03.914845+00:00
1367720,1,Megan Northam,Megan Northam,Acting,2025-03-02 01:14:54.379063+00:00,2025-03-04 07:00:03.914845+00:00
1875840,1,JISOO,지수,Acting,2025-03-02 01:14:54.379063+00:00,2025-03-04 07:00:03.914845+00:00
15008,1,Ann Miller,Ann Miller,Acting,2025-03-02 01:14:54.379063+00:00,2025-03-04 07:00:03.914845+00:00
1139,1,Florence Pernel,Florence Pernel,Acting,2025-03-02 01:14:54.379063+00:00,2025-03-04 07:00:03.914845+00:00
1123145,1,Kim Jae-hwa,김재화,Acting,2025-03-02 01:14:54.379063+00:00,2025-03-04 07:00:03.914845+00:00
1512280,1,Chloe East,Chloe East,Acting,2025-03-02 01:14:54.379063+00:00,2025-03-04 07:00:03.914845+00:00
2238411,1,Chung Hsin-ling,鍾欣凌,Acting,2025-03-02 01:14:54.379063+00:00,2025-03-04 07:00:03.914845+00:00
560189,1,Kami Hiraiwa,平岩紙,Acting,2025-03-02 01:14:54.379063+00:00,2025-03-04 07:00:03.914845+00:00
230777,1,Jessica Hester Hsuan,Jessica Hester Hsuan,Acting,2025-03-02 01:14:54.379063+00:00,2025-03-04 07:00:03.914845+00:00
1819796,1,Taegen Burns,Taegen Burns,Acting,2025-03-02 01:14:54.379063+00:00,2025-03-04 07:00:03.914845+00:00
1283,1,Helena Bonham Carter,Helena Bonham Carter,Acting,2025-03-02 01:14:54.379063+00:00,2025-03-04 07:00:03.914845+00:00
58401,1,Joanne Samuel,Joanne Samuel,Acting,2025-03-02 01:14:54.379063+00:00,2025-03-04 07:00:03.914845+00:00
82104,1,Danai Gurira,Danai Gurira,Acting,2025-03-02 01:14:54.379063+00:00,2025-03-04 07:00:03.914845+00:00
1054260,1,Haru Kuroki,黒木華,Acting,2025-03-02 01:14:54.379063+00:00,2025-03-04 07:00:03.914845+00:00
1146114,1,Penelope Mitchell,Penelope Mitchell,Acting,2025-03-02 01:14:54.379063+00:00,2025-03-04 07:00:03.914845+00:00
1380452,1,Zhang Ruijia,Zhang Ruijia,Acting,2025-03-02 01:14:54.379063+00:00,2025-03-04 07:00:03.914845+00:00
3086952,1,Ai Mikami,見上愛,Acting,2025-03-02 01:14:54.379063+00:00,2025-03-04 07:00:03.914845+00:00
26513,1,Debra Winger,Debra Winger,Acting,2025-03-02 01:14:54.379063+00:00,2025-03-04 07:00:03.914845+00:00
1433802,1,Laura Basuki,Laura Basuki,Acting,2025-03-02 01:14:54.379063+00:00,2025-03-04 07:00:03.914845+00:00
240188,1,Fanny Fan Lai,范麗,Acting,2025-03-02 01:14:54.379063+00:00,2025-03-04 07:00:03.914845+00:00
239977,1,Maggie Li Lin-Lin,Maggie Li Lin-Lin,Acting,2025-03-02 01:14:54.379063+00:00,2025-03-04 07:00:03.914845+00:00
79087,1,Robin Weigert,Robin Weigert,Acting,2025-03-02 01:14:54.379063+00:00,2025-03-04 07:00:03.914845+00:00
187100,1,Carolyn Bock,Carolyn Bock,Acting,2025-03-02 01:14:54.379063+00:00,2025-03-04 07:00:03.914845+00:00
1214576,1,Rebecca Field,Rebecca Field,Acting,2025-03-02 01:14:54.379063+00:00,2025-03-04 07:00:03.914845+00:00
87017,1,Adriana Ozores,Adriana Ozores,Acting,2025-03-02 01:14:54.379063+00:00,2025-03-04 07:00:03.914845+00:00
1539326,1,Solar,솔라,Acting,2025-03-02 01:14:54.379063+00:00,2025-03-04 07:00:03.914845+00:00
50293,1,Henriette Confurius,Henriette Confurius,Acting,2025-03-02 01:14:54.379063+00:00,2025-03-04 07:00:03.914845+00:00
1546735,1,Cammy Chiang,江宜蓉,Acting,2025-03-02 01:14:54.379063+00:00,2025-03-04 07:00:03.914845+00:00
3287492,1,Kirana Pipityakorn,กิรณา พิพิธยากร,Acting,2025-03-02 01:14:54.379063+00:00,2025-03-04 07:00:03.914845+00:00
2453169,1,Lilly Krug,Lilly Krug,Acting,2025-03-02 01:14:54.379063+00:00,2025-03-04 07:00:03.914845+00:00
5077,1,Valeria Bruni Tedeschi,Valeria Bruni Tedeschi,Acting,2025-03-02 01:14:54.379063+00:00,2025-03-04 07:00:03.914845+00:00
25819,2,Michele Placido,Michele Placido,Acting,2025-03-02 01:14:54.379063+00:00,2025-03-04 07:00:03.914845+00:00
2140106,2,Cailun Huang,黄才伦,Acting,2025-03-02 01:14:54.379063+00:00,2025-03-04 07:00:03.914845+00:00
70131,2,Tatsuya Nakadai,仲代達矢,Acting,2025-03-02 01:14:54.379063+00:00,2025-03-04 07:00:03.914845+00:00
1318732,2,Mahiro Takasugi,高杉真宙,Acting,2025-03-02 01:14:54.379063+00:00,2025-03-04 07:00:03.914845+00:00
3058593,2,Gavin Che,Gavin Che,Acting,2025-03-02 01:14:54.379063+00:00,2025-03-04 07:00:03.914845+00:00
4996999,2,Dylan So Man-To,蘇文濤,Acting,2025-03-02 01:14:54.379063+00:00,2025-03-04 07:00:03.914845+00:00
61697,2,Sung Kang,Sung Kang,Acting,2025-03-02 01:14:54.379063+00:00,2025-03-04 07:00:03.914845+00:00
131215,2,Anger Zsolt,Anger Zsolt,Acting,2025-03-02 01:14:54.379063+00:00,2025-03-04 07:00:03.914845+00:00
233695,2,Toshiyuki Nishida,西田敏行,Acting,2025-03-02 01:14:54.379063+00:00,2025-03-04 07:00:03.914845+00:00
938824,2,Trevor Fox,Trevor Fox,Acting,2025-03-02 01:14:54.379063+00:00,2025-03-04 07:00:03.914845+00:00
137905,2,Bill Skarsgård,Bill Skarsgård,Acting,2025-03-02 01:14:54.379063+00:00,2025-03-04 07:00:03.914845+00:00
66459,2,Mirosław Baka,Mirosław Baka,Acting,2025-03-02 01:14:54.379063+00:00,2025-03-04 07:00:03.914845+00:00
1977956,2,Kairi Jo,城桧吏,Acting,2025-03-02 01:14:54.379063+00:00,2025-03-04 07:00:03.914845+00:00
16841,2,Brett Cullen,Brett Cullen,Acting,2025-03-02 01:14:54.379063+00:00,2025-03-04 07:00:03.914845+00:00
27811,2,Peter Weller,Peter Weller,Acting,2025-03-02 01:14:54.379063+00:00,2025-03-04 07:00:03.914845+00:00
41526,2,Patrick Timsit,Patrick Timsit,Acting,2025-03-02 01:14:54.379063+00:00,2025-03-04 07:00:03.914845+00:00
1272413,2,Amarin Nitipon,อัมรินทร์ นิติพน,Acting,2025-03-02 01:14:54.379063+00:00,2025-03-04 07:00:03.914845+00:00
1544095,2,Jung Kook,정국,Acting,2025-03-02 01:14:54.379063+00:00,2025-03-04 07:00:03.914845+00:00
3321239,2,Chawarin Perdpiriyawong,ชวรินทร์ เพริศพิริยะวงศ์,Acting,2025-03-02 01:14:54.379063+00:00,2025-03-04 07:00:03.914845+00:00
1138605,2,Piotr Głowacki,Piotr Głowacki,Acting,2025-03-02 01:14:54.379063+00:00,2025-03-04 07:00:03.914845+00:00
47820,2,Benoît Poelvoorde,Benoît Poelvoorde,Acting,2025-03-02 01:14:54.379063+00:00,2025-03-04 07:00:03.914845+00:00
2033784,2,Fu Meng-po,傅孟柏,Acting,2025-03-02 01:14:54.379063+00:00,2025-03-04 07:00:03.914845+00:00
21914,2,Alex Fong Chung-Sun,方中信,Acting,2025-03-02 01:14:54.379063+00:00,2025-03-04 07:00:03.914845+00:00
69830,2,Doze Niu Cheng-Tse,鈕承澤,Acting,2025-03-02 01:14:54.379063+00:00,2025-03-04 07:00:03.914845+00:00
60373,2,Antony Starr,Antony Starr,Acting,2025-03-02 01:14:54.379063+00:00,2025-03-04 07:00:03.914845+00:00
3639049,2,Amil Nasirov,Аміл Насіров,Acting,2025-03-02 01:14:54.379063+00:00,2025-03-04 07:00:03.914845+00:00
581762,2,Yu-Wei Hsieh,Yu-Wei Hsieh,Acting,2025-03-02 01:14:54.379063+00:00,2025-03-04 07:00:03.914845+00:00
65277,2,Zhang Fengyi,张丰毅,Acting,2025-03-02 01:14:54.379063+00:00,2025-03-04 07:00:03.914845+00:00
2842826,2,Nam Min-woo,Nam Min-woo,Acting,2025-03-02 01:14:54.379063+00:00,2025-03-04 07:00:03.914845+00:00
113331,2,Leonid Gromov,Леонид Громов,Acting,2025-03-02 01:14:54.379063+00:00,2025-03-04 07:00:03.914845+00:00
2921153,2,Pavel Osadchy,Pavel Osadchy,Acting,2025-03-02 01:14:54.379063+00:00,2025-03-04 07:00:03.914845+00:00
39995,2,Michael Cera,Michael Cera,Acting,2025-03-02 01:14:54.379063+00:00,2025-03-04 07:00:03.914845+00:00
2273915,2,Hyun Bong-sik,현봉식,Acting,2025-03-02 01:14:54.379063+00:00,2025-03-04 07:00:03.914845+00:00
74721,2,Arthur Berning,Arthur Berning,Acting,2025-03-02 01:14:54.379063+00:00,2025-03-04 07:00:03.914845+00:00
592709,2,Manolo Solo,Manolo Solo,Acting,2025-03-02 01:14:54.379063+00:00,2025-03-04 07:00:03.914845+00:00
9191,2,Timothy Spall,Timothy Spall,Acting,2025-03-02 01:14:54.379063+00:00,2025-03-04 07:00:03.914845+00:00
2519095,2,Park Seong-geun,박성근,Acting,2025-03-02 01:14:54.379063+00:00,2025-03-04 07:00:03.914845+00:00
3229192,2,Kang Hyung-suk,강형석,Acting,2025-03-02 01:14:54.379063+00:00,2025-03-04 07:00:03.914845+00:00
2450440,2,Marceau Ebersolt,Marceau Ebersolt,Acting,2025-03-02 01:14:54.379063+00:00,2025-03-04 07:00:03.914845+00:00
2340766,2,Benny Tai Yiu-ting,Benny Tai Yiu-ting,Acting,2025-03-02 01:14:54.379063+00:00,2025-03-04 07:00:03.914845+00:00
31514,2,Peter Jacobson,Peter Jacobson,Acting,2025-03-02 01:14:54.379063+00:00,2025-03-04 07:00:03.914845+00:00
3081029,2,Vent Teng,Vent Teng,Acting,2025-03-02 01:14:54.379063+00:00,2025-03-04 07:00:03.914845+00:00
54811,2,Joel Fry,Joel Fry,Acting,2025-03-02 01:14:54.379063+00:00,2025-03-04 07:00:03.914845+00:00
1442069,2,Finn Wolfhard,Finn Wolfhard,Acting,2025-03-02 01:14:54.379063+00:00,2025-03-04 07:00:03.914845+00:00
572225,2,Yoo Ah-in,유아인,Acting,2025-03-02 01:14:54.379063+00:00,2025-03-04 07:00:03.914845+00:00
1124542,2,Takeshi Maeda,前田剛,Acting,2025-03-02 01:14:54.379063+00:00,2025-03-04 07:00:03.914845+00:00
1416517,2,Ben Prendergast,Ben Prendergast,Acting,2025-03-02 01:14:54.379063+00:00,2025-03-04 07:00:03.914845+00:00
1010135,2,John Bradley,John Bradley,Acting,2025-03-02 01:14:54.379063+00:00,2025-03-04 07:00:03.914845+00:00
123724,2,Tim Draxl,Tim Draxl,Acting,2025-03-02 01:14:54.379063+00:00,2025-03-04 07:00:03.914845+00:00
126495,2,Cho Seung-woo,조승우,Acting,2025-03-02 01:14:54.379063+00:00,2025-03-04 07:00:03.914845+00:00
20335,2,Tetsu Watanabe,渡辺哲,Acting,2025-03-02 01:14:54.379063+00:00,2025-03-04 07:00:03.914845+00:00
1190970,2,Jieh-Wen King,金介文,Acting,2025-03-02 01:14:54.379063+00:00,2025-03-04 07:00:03.914845+00:00
1947592,2,Prokhor Chekhovskoy,Prokhor Chekhovskoy,Acting,2025-03-02 01:14:54.379063+00:00,2025-03-04 07:00:03.914845+00:00
1081,2,Herbert Knaup,Herbert Knaup,Acting,2025-03-02 01:14:54.379063+00:00,2025-03-04 07:00:03.914845+00:00
58942,2,Will Beinbrink,Will Beinbrink,Acting,2025-03-02 01:14:54.379063+00:00,2025-03-04 07:00:03.914845+00:00
143596,2,Niels Schneider,Niels Schneider,Acting,2025-03-02 01:14:54.379063+00:00,2025-03-04 07:00:03.914845+00:00
2094251,2,Bruno Di Chiara,Bruno Di Chiara,Acting,2025-03-02 01:14:54.379063+00:00,2025-03-04 07:00:03.914845+00:00
9452,2,Daniel Bernhardt,Daniel Bernhardt,Acting,2025-03-02 01:14:54.379063+00:00,2025-03-04 07:00:03.914845+00:00
1618112,2,Maxence Tual,Maxence Tual,Acting,2025-03-02 01:14:54.379063+00:00,2025-03-04 07:00:03.914845+00:00
1509675,2,Eiji Akaso,赤楚衛二,Acting,2025-03-02 01:14:54.379063+00:00,2025-03-04 07:00:03.914845+00:00
43661,2,Takeshi Kaneshiro,金城武,Acting,2025-03-02 01:14:54.379063+00:00,2025-03-04 07:00:03.914845+00:00
1798978,2,Chieh-Hui Hsu,許傑輝,Acting,2025-03-02 01:14:54.379063+00:00,2025-03-04 07:00:03.914845+00:00
71580,2,Benedict Cumberbatch,Benedict Cumberbatch,Acting,2025-03-02 01:14:54.379063+00:00,2025-03-04 07:00:03.914845+00:00
930345,2,Pistol Takehara,竹原ピストル,Acting,2025-03-02 01:14:54.379063+00:00,2025-03-04 07:00:03.914845+00:00
3978041,2,Bruce Yap,Bruce Yap,Acting,2025-03-02 01:14:54.379063+00:00,2025-03-04 07:00:03.914845+00:00
1504740,1,Molly Manning Walker,Molly Manning Walker,Camera,2025-03-02 01:14:54.379063+00:00,2025-03-04 07:00:03.914845+00:00
2086014,0,Wang Chun Hong,Wang Chun Hong,Directing,2025-03-02 01:14:54.379063+00:00,2025-03-04 07:00:03.914845+00:00
4204184,0,Chris Radtke,Chris Radtke,Directing,2025-03-02 01:14:54.379063+00:00,2025-03-04 07:00:03.914845+00:00
1300690,1,Laura Alvea,Laura Alvea,Directing,2025-03-02 01:14:54.379063+00:00,2025-03-04 07:00:03.914845+00:00
2009739,1,Domee Shi,Domee Shi,Directing,2025-03-02 01:14:54.379063+00:00,2025-03-04 07:00:03.914845+00:00
3475655,2,Chang-feng Fu,符昌鋒,Directing,2025-03-02 01:14:54.379063+00:00,2025-03-04 07:00:03.914845+00:00
18865,2,Louis Leterrier,Louis Leterrier,Directing,2025-03-02 01:14:54.379063+00:00,2025-03-04 07:00:03.914845+00:00
1231927,2,Colm McCarthy,Colm McCarthy,Directing,2025-03-02 01:14:54.379063+00:00,2025-03-04 07:00:03.914845+00:00
3441610,2,Deng Zhong Mou,Deng Zhong Mou,Directing,2025-03-02 01:14:54.379063+00:00,2025-03-04 07:00:03.914845+00:00
1204065,2,Alexey Chupov,Alexey Chupov,Directing,2025-03-02 01:14:54.379063+00:00,2025-03-04 07:00:03.914845+00:00
1730920,2,Shinya Kawatsura,川面真也,Directing,2025-03-02 01:14:54.379063+00:00,2025-03-04 07:00:03.914845+00:00
119493,2,Shinji Aoyama,青山真治,Directing,2025-03-02 01:14:54.379063+00:00,2025-03-04 07:00:03.914845+00:00
212687,2,Daniel Calparsoro,Daniel Calparsoro,Directing,2025-03-02 01:14:54.379063+00:00,2025-03-04 07:00:03.914845+00:00
1487492,2,Ryūsuke Hamaguchi,濱口竜介,Directing,2025-03-02 01:14:54.379063+00:00,2025-03-04 07:00:03.914845+00:00
23724,2,Patrice Chéreau,Patrice Chéreau,Directing,2025-03-02 01:14:54.379063+00:00,2025-03-04 07:00:03.914845+00:00
564910,2,Hisashi Kimura,木村ひさし,Directing,2025-03-02 01:14:54.379063+00:00,2025-03-04 07:00:03.914845+00:00
12180,2,Mamoru Oshii,押井守,Directing,2025-03-02 01:14:54.379063+00:00,2025-03-04 07:00:03.914845+00:00
3850107,2,Tetsuya Chihara,千原徹也,Directing,2025-03-02 01:14:54.379063+00:00,2025-03-04 07:00:03.914845+00:00
589915,2,Eiichirō Hasumi,羽住英一郎,Directing,2025-03-02 01:14:54.379063+00:00,2025-03-04 07:00:03.914845+00:00
1600064,2,Saeed Roustaee,سعید روستایی,Directing,2025-03-02 01:14:54.379063+00:00,2025-03-04 07:00:03.914845+00:00
2119237,2,Nikhil Nagesh Bhat,Nikhil Nagesh Bhat,Directing,2025-03-02 01:14:54.379063+00:00,2025-03-04 07:00:03.914845+00:00
4402982,2,Ming-Yuan Chiu,Ming-Yuan Chiu,Directing,2025-03-02 01:14:54.379063+00:00,2025-03-04 07:00:03.914845+00:00
582611,2,Yoshimi Itazu,板津匡覧,Directing,2025-03-02 01:14:54.379063+00:00,2025-03-04 07:00:03.914845+00:00
72960,2,Alejandro Monteverde,Alejandro Monteverde,Directing,2025-03-02 01:14:54.379063+00:00,2025-03-04 07:00:03.914845+00:00
555254,2,Yoshifumi Kondo,近藤喜文,Directing,2025-03-02 01:14:54.379063+00:00,2025-03-04 07:00:03.914845+00:00
1280021,2,Kristoffer Borgli,Kristoffer Borgli,Directing,2025-03-02 01:14:54.379063+00:00,2025-03-04 07:00:03.914845+00:00
1397786,2,Yoann-Karl Whissell,Yoann-Karl Whissell,Directing,2025-03-02 01:14:54.379063+00:00,2025-03-04 07:00:03.914845+00:00
1331401,2,Slony Sow,Slony Sow,Directing,2025-03-02 01:14:54.379063+00:00,2025-03-04 07:00:03.914845+00:00
566365,2,Choo Chang-min,추창민,Directing,2025-03-02 01:14:54.379063+00:00,2025-03-04 07:00:03.914845+00:00
2294,2,Robert Rodriguez,Robert Rodriguez,Directing,2025-03-02 01:14:54.379063+00:00,2025-03-04 07:00:03.914845+00:00
1171420,2,Antonin Peretjatko,Antonin Peretjatko,Directing,2025-03-02 01:14:54.379063+00:00,2025-03-04 07:00:03.914845+00:00
1144885,2,Yuzuru Tachikawa,立川譲,Directing,2025-03-02 01:14:54.379063+00:00,2025-03-04 07:00:03.914845+00:00
1644823,1,Naho Kamimura,上村奈帆,Production,2025-03-02 01:14:54.379063+00:00,2025-03-04 07:00:03.914845+00:00
77109,2,Corey Large,Corey Large,Production,2025-03-02 01:14:54.379063+00:00,2025-03-04 07:00:03.914845+00:00
225554,2,Michael Pavone,Michael Pavone,Production,2025-03-02 01:14:54.379063+00:00,2025-03-04 07:00:03.914845+00:00
3511048,2,Tomasz Organek,Tomasz Organek,Sound,2025-03-02 01:14:54.379063+00:00,2025-03-04 07:00:03.914845+00:00
1215038,1,Adele Lim,Adele Lim,Writing,2025-03-02 01:14:54.379063+00:00,2025-03-04 07:00:03.914845+00:00
1564258,2,Romuald Boulanger,Romuald Boulanger,Writing,2025-03-02 01:14:54.379063+00:00,2025-03-04 07:00:03.914845+00:00
4171891,2,Jun-Cheng Liu,Jun-Cheng Liu,Writing,2025-03-02 01:14:54.379063+00:00,2025-03-04 07:00:03.914845+00:00
2576659,0,Gaia Lo Vecchio,Gaia Lo Vecchio,Acting,2025-03-02 01:14:54.379063+00:00,2025-03-04 07:00:03.914845+00:00
58857,0,Tencho Gyalpo,Tencho Gyalpo,Acting,2025-03-02 01:14:54.379063+00:00,2025-03-04 07:00:03.914845+00:00
1592892,0,Shiao Tswe-fen,Shiao Tswe-fen,Acting,2025-03-02 01:14:54.379063+00:00,2025-03-04 07:00:03.914845+00:00
3389384,0,Jordi Pujol Dolcet,Jordi Pujol Dolcet,Acting,2025-03-02 01:14:54.379063+00:00,2025-03-04 07:00:03.914845+00:00
3887328,0,Naíma Sentíes,Naíma Sentíes,Acting,2025-03-02 01:14:54.379063+00:00,2025-03-04 07:00:03.914845+00:00
4082221,0,Banke Ichiro,Banke Ichiro,Acting,2025-03-02 01:14:54.379063+00:00,2025-03-04 07:00:03.914845+00:00
143038,0,Kelly Lee,Kelly Lee,Acting,2025-03-02 01:14:54.379063+00:00,2025-03-04 07:00:03.914845+00:00
1173379,0,So Ming-Ming,So Ming-Ming,Acting,2025-03-02 01:14:54.379063+00:00,2025-03-04 07:00:03.914845+00:00
3961183,0,Felicia Kartal,Felicia Kartal,Acting,2025-03-02 01:14:54.379063+00:00,2025-03-04 07:00:03.914845+00:00
3210021,0,Caleb Johnston-Miller,Caleb Johnston-Miller,Acting,2025-03-02 01:14:54.379063+00:00,2025-03-04 07:00:03.914845+00:00
3326960,0,Jeff Lai,Jeff Lai,Acting,2025-03-02 01:14:54.379063+00:00,2025-03-04 07:00:03.914845+00:00
4058440,0,Mélinée Leclerc,Mélinée Leclerc,Acting,2025-03-02 09:35:42.269341+00:00,2025-03-04 07:00:03.914845+00:00
4856396,0,Sariah Reyes-Themistocleous,Sariah Reyes-Themistocleous,Acting,2025-03-02 01:14:54.379063+00:00,2025-03-04 07:00:03.914845+00:00
2823834,0,Nasser Shariat,Nasser Shariat,Acting,2025-03-02 01:14:54.379063+00:00,2025-03-04 07:00:03.914845+00:00
2481242,0,Fruzsina Hais,Fruzsina Hais,Acting,2025-03-02 01:14:54.379063+00:00,2025-03-04 07:00:03.914845+00:00
2372932,0,Kelly Yao,Kelly Yao,Acting,2025-03-02 01:14:54.379063+00:00,2025-03-04 07:00:03.914845+00:00
1552828,1,Aviis Zhong,鍾瑤,Acting,2025-03-02 01:14:54.379063+00:00,2025-03-04 07:00:03.914845+00:00
127720,1,Jung Yu-mi,정유미,Acting,2025-03-02 01:14:54.379063+00:00,2025-03-04 07:00:03.914845+00:00
1900234,1,Margot Nuccetelli,Margot Nuccetelli,Acting,2025-03-02 01:14:54.379063+00:00,2025-03-04 07:00:03.914845+00:00
6553,1,Isabelle Adjani,Isabelle Adjani,Acting,2025-03-02 01:14:54.379063+00:00,2025-03-04 07:00:03.914845+00:00
932680,1,Karena Ng,Karena Ng,Acting,2025-03-02 01:14:54.379063+00:00,2025-03-04 07:00:03.914845+00:00
57736,1,Keiko Toda,戸田恵子,Acting,2025-03-02 01:14:54.379063+00:00,2025-03-04 07:00:03.914845+00:00
2301723,1,Nao,奈緒,Acting,2025-03-02 01:14:54.379063+00:00,2025-03-04 07:00:03.914845+00:00
1428070,1,Isabela Merced,Isabela Merced,Acting,2025-03-02 01:14:54.379063+00:00,2025-03-04 07:00:03.914845+00:00
2556026,1,Alix West Lefler,Alix West Lefler,Acting,2025-03-02 01:14:54.379063+00:00,2025-03-04 07:00:03.914845+00:00
130654,1,Mikako Ichikawa,市川実日子,Acting,2025-03-02 01:14:54.379063+00:00,2025-03-04 07:00:03.914845+00:00
1912381,1,Xochitl Gomez,Xochitl Gomez,Acting,2025-03-02 01:14:54.379063+00:00,2025-03-04 07:00:03.914845+00:00
1259493,1,Esther Supreeleela,Esther Supreeleela,Acting,2025-03-02 01:14:54.379063+00:00,2025-03-04 07:00:03.914845+00:00
21977,1,Oyanka Cabezas,Oyanka Cabezas,Acting,2025-03-02 01:14:54.379063+00:00,2025-03-04 07:00:03.914845+00:00
182327,1,Alice Lowe,Alice Lowe,Acting,2025-03-02 01:14:54.379063+00:00,2025-03-04 07:00:03.914845+00:00
2821454,1,Rola Baksmati,Rola Baksmati,Acting,2025-03-02 01:14:54.379063+00:00,2025-03-04 07:00:03.914845+00:00
4179715,1,Cathalina Geeraerts,Cathalina Geeraerts,Acting,2025-03-02 01:14:54.379063+00:00,2025-03-04 07:00:03.914845+00:00
399,1,Mariola Fuentes,Mariola Fuentes,Acting,2025-03-02 01:14:54.379063+00:00,2025-03-04 07:00:03.914845+00:00
1360307,1,Guslagie Malanda,Guslagie Malanda,Acting,2025-03-02 01:14:54.379063+00:00,2025-03-04 07:00:03.914845+00:00
93891,1,Maki Mizuno,水野真紀,Acting,2025-03-02 01:14:54.379063+00:00,2025-03-04 07:00:03.914845+00:00
150571,1,Tania Palaiologou,Τάνια Παλαιολόγου,Acting,2025-03-02 01:14:54.379063+00:00,2025-03-04 07:00:03.914845+00:00
186341,1,Miyuki Sawashiro,沢城みゆき,Acting,2025-03-02 01:14:54.379063+00:00,2025-03-04 07:00:03.914845+00:00
3268219,1,Kayije Kagame,Kayije Kagame,Acting,2025-03-02 01:14:54.379063+00:00,2025-03-04 07:00:03.914845+00:00
1179474,1,Nabila Huda,Nabila Huda,Acting,2025-03-02 01:14:54.379063+00:00,2025-03-04 07:00:03.914845+00:00
74688,1,Keke Palmer,Keke Palmer,Acting,2025-03-02 01:14:54.379063+00:00,2025-03-04 07:00:03.914845+00:00
134307,1,Chieko Higashiyama,東山千栄子,Acting,2025-03-02 01:14:54.379063+00:00,2025-03-04 07:00:03.914845+00:00
3704264,1,Sinclair Daniel,Sinclair Daniel,Acting,2025-03-02 01:14:54.379063+00:00,2025-03-04 07:00:03.914845+00:00
221809,1,Taylor Schilling,Taylor Schilling,Acting,2025-03-02 01:14:54.379063+00:00,2025-03-04 07:00:03.914845+00:00
613,1,Sumi Shimamoto,島本須美,Acting,2025-03-02 01:14:54.379063+00:00,2025-03-04 07:00:03.914845+00:00
14593,1,Ingeborga Dapkūnaitė,Ингеборга Дапкунайте,Acting,2025-03-02 01:14:54.379063+00:00,2025-03-04 07:00:03.914845+00:00
1164259,1,Kylie Rogers,Kylie Rogers,Acting,2025-03-02 01:14:54.379063+00:00,2025-03-04 07:00:03.914845+00:00
2569318,1,Megan Stott,Megan Stott,Acting,2025-03-02 01:14:54.379063+00:00,2025-03-04 07:00:03.914845+00:00
1109060,1,Jajang C. Noer,Jajang C. Noer,Acting,2025-03-02 01:14:54.379063+00:00,2025-03-04 07:00:03.914845+00:00
3192676,1,Oksana Cherkashyna,Oksana Cherkashyna,Acting,2025-03-02 01:14:54.379063+00:00,2025-03-04 07:00:03.914845+00:00
1715264,1,Fang Wen-Lin,方文琳,Acting,2025-03-02 01:14:54.379063+00:00,2025-03-04 07:00:03.914845+00:00
2843204,1,Chia-En Chen,陳加恩,Acting,2025-03-02 01:14:54.379063+00:00,2025-03-04 07:00:03.914845+00:00
1429696,1,Bowie Tsang,Bowie Tsang,Acting,2025-03-02 01:14:54.379063+00:00,2025-03-04 07:00:03.914845+00:00
63,1,Milla Jovovich,Milla Jovovich,Acting,2025-03-02 01:14:54.379063+00:00,2025-03-04 07:00:03.914845+00:00
146057,1,Miriam Stein,Miriam Stein,Acting,2025-03-02 01:14:54.379063+00:00,2025-03-04 07:00:03.914845+00:00
2791229,1,Park Hae-eun,박혜은,Acting,2025-03-02 01:14:54.379063+00:00,2025-03-04 07:00:03.914845+00:00
4432,1,Frances Conroy,Frances Conroy,Acting,2025-03-02 01:14:54.379063+00:00,2025-03-04 07:00:03.914845+00:00
932986,1,Megumi Oohara,大原めぐみ,Acting,2025-03-02 01:14:54.379063+00:00,2025-03-04 07:00:03.914845+00:00
1373210,1,Ayami Nakajo,中条あやみ,Acting,2025-03-02 01:14:54.379063+00:00,2025-03-04 07:00:03.914845+00:00
1102500,1,Dale Soules,Dale Soules,Acting,2025-03-02 01:14:54.379063+00:00,2025-03-04 07:00:03.914845+00:00
69638,1,Emily Chu Bo-Yee,朱寶意,Acting,2025-03-02 01:14:54.379063+00:00,2025-03-04 07:00:03.914845+00:00
206444,1,Constance Wu,Constance Wu,Acting,2025-03-02 01:14:54.379063+00:00,2025-03-04 07:00:03.914845+00:00
1850839,1,Alice May Feetham,Alice May Feetham,Acting,2025-03-02 01:14:54.379063+00:00,2025-03-04 07:00:03.914845+00:00
1452028,1,Reina Ueda,上田麗奈,Acting,2025-03-02 01:14:54.379063+00:00,2025-03-04 07:00:03.914845+00:00
1903993,1,Eli Skorcheva,Eli Skorcheva,Acting,2025-03-02 01:14:54.379063+00:00,2025-03-04 07:00:03.914845+00:00
89883,1,Rie Tanaka,田中理恵,Acting,2025-03-02 01:14:54.379063+00:00,2025-03-04 07:00:03.914845+00:00
1393772,1,Nana Seino,清野菜名,Acting,2025-03-02 01:14:54.379063+00:00,2025-03-04 07:00:03.914845+00:00
8231,1,Suzanne Pleshette,Suzanne Pleshette,Acting,2025-03-02 01:14:54.379063+00:00,2025-03-04 07:00:03.914845+00:00
121630,1,Yoko Asagami,麻上洋子,Acting,2025-03-02 01:14:54.379063+00:00,2025-03-04 07:00:03.914845+00:00
131607,1,Rebecca Marder,Rebecca Marder,Acting,2025-03-02 01:14:54.379063+00:00,2025-03-04 07:00:03.914845+00:00
125732,2,Lim Hyung-kook,임형국,Acting,2025-03-02 01:14:54.379063+00:00,2025-03-04 07:00:03.914845+00:00
1325532,2,Ryan Oliva,Ryan Oliva,Acting,2025-03-02 01:14:54.379063+00:00,2025-03-04 07:00:03.914845+00:00
73331,2,Alban Ukaj,Alban Ukaj,Acting,2025-03-02 01:14:54.379063+00:00,2025-03-04 07:00:03.914845+00:00
1212803,2,Joseph Marcell,Joseph Marcell,Acting,2025-03-02 01:14:54.379063+00:00,2025-03-04 07:00:03.914845+00:00
2204541,2,Danny Fehsenfeld,Danny Fehsenfeld,Acting,2025-03-02 01:14:54.379063+00:00,2025-03-04 07:00:03.914845+00:00
1528891,2,Mickaël Chirinian,Mickaël Chirinian,Acting,2025-03-02 01:14:54.379063+00:00,2025-03-04 07:00:03.914845+00:00
3549226,2,Erdil Yaşaroğlu,Erdil Yaşaroğlu,Acting,2025-03-02 01:14:54.379063+00:00,2025-03-04 07:00:03.914845+00:00
1101349,2,Steve Aoki,Steve Aoki,Acting,2025-03-02 01:14:54.379063+00:00,2025-03-04 07:00:03.914845+00:00
971606,2,Jorge Suquet,Jorge Suquet,Acting,2025-03-02 01:14:54.379063+00:00,2025-03-04 07:00:03.914845+00:00
1361520,2,Martin Bassindale,Martin Bassindale,Acting,2025-03-02 01:14:54.379063+00:00,2025-03-04 07:00:03.914845+00:00
62385,2,Mustafa Shakir,Mustafa Shakir,Acting,2025-03-02 01:14:54.379063+00:00,2025-03-04 07:00:03.914845+00:00
2088072,2,Kim Yong-jun,Kim Yong-jun,Acting,2025-03-02 01:14:54.379063+00:00,2025-03-04 07:00:03.914845+00:00
119501,2,Philippe Katerine,Philippe Katerine,Acting,2025-03-02 01:14:54.379063+00:00,2025-03-04 07:00:03.914845+00:00
2880,2,Emilio Estevez,Emilio Estevez,Acting,2025-03-02 01:14:54.379063+00:00,2025-03-04 07:00:03.914845+00:00
2943957,2,Kim Joon,Kim Joon,Acting,2025-03-02 01:14:54.379063+00:00,2025-03-04 07:00:03.914845+00:00
1071606,2,Pierre Deladonchamps,Pierre Deladonchamps,Acting,2025-03-02 01:14:54.379063+00:00,2025-03-04 07:00:03.914845+00:00
146785,2,Arata Furuta,古田新太,Acting,2025-03-02 01:14:54.379063+00:00,2025-03-04 07:00:03.914845+00:00
1305667,2,Dino Andrade,Dino Andrade,Acting,2025-03-02 01:14:54.379063+00:00,2025-03-04 07:00:03.914845+00:00
124963,2,Tsuyoshi Muro,ムロツヨシ,Acting,2025-03-02 01:14:54.379063+00:00,2025-03-04 07:00:03.914845+00:00
1580289,2,Cédric Appietto,Cédric Appietto,Acting,2025-03-02 01:14:54.379063+00:00,2025-03-04 07:00:03.914845+00:00
1928300,2,Yûsuke Fukuchi,Yûsuke Fukuchi,Acting,2025-03-02 01:14:54.379063+00:00,2025-03-04 07:00:03.914845+00:00
1494834,2,Tae In-ho,태인호,Acting,2025-03-02 01:14:54.379063+00:00,2025-03-04 07:00:03.914845+00:00
1800556,2,Zhou You,周遊,Acting,2025-03-02 01:14:54.379063+00:00,2025-03-04 07:00:03.914845+00:00
2406,2,Mathieu Kassovitz,Mathieu Kassovitz,Acting,2025-03-02 01:14:54.379063+00:00,2025-03-04 07:00:03.914845+00:00
1401526,2,Ainosuke Kataoka,六代目 片岡愛之助,Acting,2025-03-02 01:14:54.379063+00:00,2025-03-04 07:00:03.914845+00:00
58596,2,Shinichi Tsutsumi,堤真一,Acting,2025-03-02 01:14:54.379063+00:00,2025-03-04 07:00:03.914845+00:00
225532,2,Takafumi Imai,今井隆文,Acting,2025-03-02 01:14:54.379063+00:00,2025-03-04 07:00:03.914845+00:00
14887,2,Paddy Considine,Paddy Considine,Acting,2025-03-02 01:14:54.379063+00:00,2025-03-04 07:00:03.914845+00:00
572541,2,Caleb Landry Jones,Caleb Landry Jones,Acting,2025-03-02 01:14:54.379063+00:00,2025-03-04 07:00:03.914845+00:00
6949,2,John Malkovich,John Malkovich,Acting,2025-03-02 01:14:54.379063+00:00,2025-03-04 07:00:03.914845+00:00
1407750,2,Lee Tae-hwan,이태환,Acting,2025-03-02 01:14:54.379063+00:00,2025-03-04 07:00:03.914845+00:00
3627553,2,Achira Theriault,Achira Theriault,Acting,2025-03-02 01:14:54.379063+00:00,2025-03-04 07:00:03.914845+00:00
587506,2,Shameik Moore,Shameik Moore,Acting,2025-03-02 01:14:54.379063+00:00,2025-03-04 07:00:03.914845+00:00
1649152,2,Jacob Batalon,Jacob Batalon,Acting,2025-03-02 01:14:54.379063+00:00,2025-03-04 07:00:03.914845+00:00
1620766,2,Jonghyun,종현,Acting,2025-03-02 01:14:54.379063+00:00,2025-03-04 07:00:03.914845+00:00
3190917,2,Ren Meguro,目黒蓮,Acting,2025-03-02 01:14:54.379063+00:00,2025-03-04 07:00:03.914845+00:00
93151,2,Joshua John Miller,Joshua John Miller,Acting,2025-03-02 01:14:54.379063+00:00,2025-03-04 07:00:03.914845+00:00
1162998,2,Arón Piper,Arón Piper,Acting,2025-03-02 01:14:54.379063+00:00,2025-03-04 07:00:03.914845+00:00
4529554,2,Tito Trifol,Tito Trifol,Acting,2025-03-02 01:14:54.379063+00:00,2025-03-04 07:00:03.914845+00:00
2221769,2,Sunny Lau,Sunny Lau,Acting,2025-03-02 01:14:54.379063+00:00,2025-03-04 07:00:03.914845+00:00
1488591,2,Atomu Mizuishi,水石亜飛夢,Acting,2025-03-02 01:14:54.379063+00:00,2025-03-04 07:00:03.914845+00:00
123856,2,Shigeru Izumiya,泉谷しげる,Acting,2025-03-02 01:14:54.379063+00:00,2025-03-04 07:00:03.914845+00:00
1155298,2,Kwak Do-won,곽도원,Acting,2025-03-02 01:14:54.379063+00:00,2025-03-04 07:00:03.914845+00:00
586191,2,Philippe Rebbot,Philippe Rebbot,Acting,2025-03-02 01:14:54.379063+00:00,2025-03-04 07:00:03.914845+00:00
1345950,2,Mark Stanley,Mark Stanley,Acting,2025-03-02 01:14:54.379063+00:00,2025-03-04 07:00:03.914845+00:00
65966,2,Kent Cheng Jak-Si,鄭則仕,Acting,2025-03-02 01:14:54.379063+00:00,2025-03-04 07:00:03.914845+00:00
1231852,2,Andrew Whipp,Andrew Whipp,Acting,2025-03-02 01:14:54.379063+00:00,2025-03-04 07:00:03.914845+00:00
132712,2,Keir Gilchrist,Keir Gilchrist,Acting,2025-03-02 01:14:54.379063+00:00,2025-03-04 07:00:03.914845+00:00
1655,2,Albert Rémy,Albert Rémy,Acting,2025-03-02 01:14:54.379063+00:00,2025-03-04 07:00:03.914845+00:00
1128004,2,Yoo Seung-mok,유승목,Acting,2025-03-02 01:14:54.379063+00:00,2025-03-04 07:00:03.914845+00:00
53650,2,Anthony Mackie,Anthony Mackie,Acting,2025-03-02 01:14:54.379063+00:00,2025-03-04 07:00:03.914845+00:00
15482,2,Aurélien Recoing,Aurélien Recoing,Acting,2025-03-02 01:14:54.379063+00:00,2025-03-04 07:00:03.914845+00:00
130289,2,Yuya Matsuura,松浦祐也,Acting,2025-03-02 01:14:54.379063+00:00,2025-03-04 07:00:03.914845+00:00
2236358,2,Kanata Hosoda,細田佳央太,Acting,2025-03-02 01:14:54.379063+00:00,2025-03-04 07:00:03.914845+00:00
105940,2,Michael Hui,許冠文,Acting,2025-03-02 01:14:54.379063+00:00,2025-03-04 07:00:03.914845+00:00
25249,2,Waise Lee Chi-Hung,李子雄,Acting,2025-03-02 01:14:54.379063+00:00,2025-03-04 07:00:03.914845+00:00
1163030,2,Aras Bulut İynemli,Aras Bulut İynemli,Acting,2025-03-02 01:14:54.379063+00:00,2025-03-04 07:00:03.914845+00:00
78865,2,Baek Jong-hak,Baek Jong-hak,Acting,2025-03-02 01:14:54.379063+00:00,2025-03-04 07:00:03.914845+00:00
1488236,2,Matt Berry,Matt Berry,Acting,2025-03-02 01:14:54.379063+00:00,2025-03-04 07:00:03.914845+00:00
4606857,2,Jatin Malik,Jatin Malik,Acting,2025-03-02 01:14:54.379063+00:00,2025-03-04 07:00:03.914845+00:00
178634,2,Alex Hassell,Alex Hassell,Acting,2025-03-02 01:14:54.379063+00:00,2025-03-04 07:00:03.914845+00:00
1109288,2,Remy Ishak,Remy Ishak,Acting,2025-03-02 01:14:54.379063+00:00,2025-03-04 07:00:03.914845+00:00
1850402,2,Nikita Elenev,Никита Еленев,Acting,2025-03-02 01:14:54.379063+00:00,2025-03-04 07:00:03.914845+00:00
934159,2,Eric André,Eric André,Acting,2025-03-02 01:14:54.379063+00:00,2025-03-04 07:00:03.914845+00:00
2265511,3,Satsuki Nakayama,中山咲月,Acting,2025-03-02 01:14:54.379063+00:00,2025-03-04 07:00:03.914845+00:00
2562314,2,Jacobo Martínez,Jacobo Martínez,Camera,2025-03-02 01:14:54.379063+00:00,2025-03-04 07:00:03.914845+00:00
1667540,2,Roberto Zazzara,Roberto Zazzara,Camera,2025-03-02 01:14:54.379063+00:00,2025-03-04 07:00:03.914845+00:00
3661196,0,Takayuki Okutsu,Takayuki Okutsu,Directing,2025-03-02 01:14:54.379063+00:00,2025-03-04 07:00:03.914845+00:00
2668778,0,Han Dong-seok,Han Dong-seok,Directing,2025-03-02 01:14:54.379063+00:00,2025-03-04 07:00:03.914845+00:00
2540727,0,Amanda Kim,Amanda Kim,Directing,2025-03-02 01:14:54.379063+00:00,2025-03-04 07:00:03.914845+00:00
1184109,0,David Pujol,David Pujol,Directing,2025-03-02 01:14:54.379063+00:00,2025-03-04 07:00:03.914845+00:00
4424686,0,Romain Choay,Romain Choay,Directing,2025-03-02 01:14:54.379063+00:00,2025-03-04 07:00:03.914845+00:00
1272144,1,Wanweaw Hongvivatana,วรรณแวว หงษ์วิวัฒน์,Directing,2025-03-02 01:14:54.379063+00:00,2025-03-04 07:00:03.914845+00:00
107720,2,Dmitry Kiselev,Дмитрий Киселёв,Directing,2025-03-02 01:14:54.379063+00:00,2025-03-04 07:00:03.914845+00:00
1693097,2,Yoshihide Ibata,井端義秀,Directing,2025-03-02 01:14:54.379063+00:00,2025-03-04 07:00:03.914845+00:00
3385857,2,Rain Sun,Rain Sun,Directing,2025-03-02 01:14:54.379063+00:00,2025-03-04 07:00:03.914845+00:00
235432,2,Kimo Stamboel,Kimo Stamboel,Directing,2025-03-02 01:14:54.379063+00:00,2025-03-04 07:00:03.914845+00:00
1537551,2,Chan Kin-Long,陳健朗,Directing,2025-03-02 01:14:54.379063+00:00,2025-03-04 07:00:03.914845+00:00
78160,2,Luca Guadagnino,Luca Guadagnino,Directing,2025-03-02 01:14:54.379063+00:00,2025-03-04 07:00:03.914845+00:00
145376,2,Lee Kyu-man,Lee Kyu-man,Directing,2025-03-02 01:14:54.379063+00:00,2025-03-04 07:00:03.914845+00:00
53708,2,Ira Sachs,Ira Sachs,Directing,2025-03-02 01:14:54.379063+00:00,2025-03-04 07:00:03.914845+00:00
131374,2,Tetsu Maeda,前田哲,Directing,2025-03-02 01:14:54.379063+00:00,2025-03-04 07:00:03.914845+00:00
51851,2,Jake Kasdan,Jake Kasdan,Directing,2025-03-02 01:14:54.379063+00:00,2025-03-04 07:00:03.914845+00:00
2294822,2,Colm Bairéad,Colm Bairéad,Directing,2025-03-02 01:14:54.379063+00:00,2025-03-04 07:00:03.914845+00:00
1079374,2,Damien Ounouri,Damien Ounouri,Directing,2025-03-02 01:14:54.379063+00:00,2025-03-04 07:00:03.914845+00:00
63306,2,James Watkins,James Watkins,Directing,2025-03-02 01:14:54.379063+00:00,2025-03-04 07:00:03.914845+00:00
74661,2,Víctor García,Víctor García,Directing,2025-03-02 01:14:54.379063+00:00,2025-03-04 07:00:03.914845+00:00
999723,2,Nobuo Mizuta,水田伸生,Directing,2025-03-02 01:14:54.379063+00:00,2025-03-04 07:00:03.914845+00:00
58608,2,Shinya Tsukamoto,塚本晋也,Directing,2025-03-02 01:14:54.379063+00:00,2025-03-04 07:00:03.914845+00:00
1278466,2,Lawrence Kan,Lawrence Kan,Directing,2025-03-02 01:14:54.379063+00:00,2025-03-04 07:00:03.914845+00:00
229931,2,Asghar Farhadi,اصغر فرهادی,Directing,2025-03-02 01:14:54.379063+00:00,2025-03-04 07:00:03.914845+00:00
1183636,2,Fenar Ahmad,Fenar Ahmad,Directing,2025-03-02 01:14:54.379063+00:00,2025-03-04 07:00:03.914845+00:00
1366957,0,Sylvie Ohayon,Sylvie Ohayon,Writing,2025-03-02 01:14:54.379063+00:00,2025-03-04 07:00:03.914845+00:00
2984544,0,Ariel Bonilla,Ariel Bonilla,Acting,2025-03-02 01:14:54.379063+00:00,2025-03-04 07:00:03.914845+00:00
4695801,0,Silas Lekgoathi,Silas Lekgoathi,Acting,2025-03-02 01:14:54.379063+00:00,2025-03-04 07:00:03.914845+00:00
3887364,0,Simone Milavanh,Simone Milavanh,Acting,2025-03-02 01:14:54.379063+00:00,2025-03-04 07:00:03.914845+00:00
4148514,0,Ri Ri Yang,Ri Ri Yang,Acting,2025-03-02 01:14:54.379063+00:00,2025-03-04 07:00:03.914845+00:00
1873239,0,Nasar Anuz,Nasar Anuz,Acting,2025-03-02 01:14:54.379063+00:00,2025-03-04 07:00:03.914845+00:00
3008718,0,Keldon Lhamo Gurung,Keldon Lhamo Gurung,Acting,2025-03-02 01:14:54.379063+00:00,2025-03-04 07:00:03.914845+00:00
1752375,0,Ling Tang,Ling Tang,Acting,2025-03-02 01:14:54.379063+00:00,2025-03-04 07:00:03.914845+00:00
4704616,0,Sonam Pelden,Sonam Pelden,Acting,2025-03-02 01:14:54.379063+00:00,2025-03-04 07:00:03.914845+00:00
3113070,0,Anas Basbousi,Anas Basbousi,Acting,2025-03-02 01:14:54.379063+00:00,2025-03-04 07:00:03.914845+00:00
4467121,0,Má A Cớ,Má A Cớ,Acting,2025-03-02 01:14:54.379063+00:00,2025-03-04 07:00:03.914845+00:00
4309726,0,Archariya Sritha,Archariya Sritha,Acting,2025-03-02 01:14:54.379063+00:00,2025-03-04 07:00:03.914845+00:00
1918137,1,Billie Blain,Billie Blain,Acting,2025-03-02 01:14:54.379063+00:00,2025-03-04 07:00:03.914845+00:00
4340759,1,Saleka Night Shyamalan,Saleka Night Shyamalan,Acting,2025-03-02 01:14:54.379063+00:00,2025-03-04 07:00:03.914845+00:00
23524,1,Veronica Ferres,Veronica Ferres,Acting,2025-03-02 01:14:54.379063+00:00,2025-03-04 07:00:03.914845+00:00
935096,1,Esther Garrel,Esther Garrel,Acting,2025-03-02 01:14:54.379063+00:00,2025-03-04 07:00:03.914845+00:00
1155088,1,Eva Ugarte,Eva Ugarte,Acting,2025-03-02 01:14:54.379063+00:00,2025-03-04 07:00:03.914845+00:00
4683403,1,Yubin Shin,Yubin Shin,Acting,2025-03-02 01:14:54.379063+00:00,2025-03-04 07:00:03.914845+00:00
1180099,1,Da'Vine Joy Randolph,Da'Vine Joy Randolph,Acting,2025-03-02 01:14:54.379063+00:00,2025-03-04 07:00:03.914845+00:00
3105028,1,Maria Taylor,Maria Taylor,Acting,2025-03-02 01:14:54.379063+00:00,2025-03-04 07:00:03.914845+00:00
1255149,1,Sonia Sui,隋棠,Acting,2025-03-02 01:14:54.379063+00:00,2025-03-04 07:00:03.914845+00:00
1974998,1,Mariya Akhmetzyanova,Мария Ахметзянова,Acting,2025-03-02 01:14:54.379063+00:00,2025-03-04 07:00:03.914845+00:00
1873160,1,Sandra Drzymalska,Sandra Drzymalska,Acting,2025-03-02 01:14:54.379063+00:00,2025-03-04 07:00:03.914845+00:00
130761,1,Yeo Yann Yann,楊雁雁,Acting,2025-03-02 01:14:54.379063+00:00,2025-03-04 07:00:03.914845+00:00
3220932,1,Ana Esther Alborg,Ana Esther Alborg,Acting,2025-03-02 01:14:54.379063+00:00,2025-03-04 07:00:03.914845+00:00
1354321,1,Sutatta Udomsilp,สุทัตตา อุดมศิลป์,Acting,2025-03-02 01:14:54.379063+00:00,2025-03-04 07:00:03.914845+00:00
961,1,Antonia San Juan,Antonia San Juan,Acting,2025-03-02 01:14:54.379063+00:00,2025-03-04 07:00:03.914845+00:00
1394332,1,Shira Haas,שירה האס,Acting,2025-03-02 09:35:42.269341+00:00,2025-03-04 07:00:03.914845+00:00
1630056,1,Lu Hsueh-Feng,呂雪鳳,Acting,2025-03-02 01:14:54.379063+00:00,2025-03-04 07:00:03.914845+00:00
97032,1,Maria Bonnevie,Maria Bonnevie,Acting,2025-03-02 01:14:54.379063+00:00,2025-03-04 07:00:03.914845+00:00
52792,1,Maya Rudolph,Maya Rudolph,Acting,2025-03-02 01:14:54.379063+00:00,2025-03-04 07:00:03.914845+00:00
1161018,1,Qi Xi,齐溪,Acting,2025-03-02 01:14:54.379063+00:00,2025-03-04 07:00:03.914845+00:00
1847259,1,Amal Murkus,Amal Murkus,Acting,2025-03-02 01:14:54.379063+00:00,2025-03-04 07:00:03.914845+00:00
1837688,1,Nimisha Sajayan,Nimisha Sajayan,Acting,2025-03-02 01:14:54.379063+00:00,2025-03-04 07:00:03.914845+00:00
4274,1,Miou-Miou,Miou-Miou,Acting,2025-03-02 01:14:54.379063+00:00,2025-03-04 07:00:03.914845+00:00
1654001,1,Amber Midthunder,Amber Midthunder,Acting,2025-03-02 01:14:54.379063+00:00,2025-03-04 07:00:03.914845+00:00
78253,1,Janice Man,Janice Man,Acting,2025-03-02 01:14:54.379063+00:00,2025-03-04 07:00:03.914845+00:00
1206961,1,Bang Min-ah,방민아,Acting,2025-03-02 01:14:54.379063+00:00,2025-03-04 07:00:03.914845+00:00
116175,1,Shin Min-a,신민아,Acting,2025-03-02 01:14:54.379063+00:00,2025-03-04 07:00:03.914845+00:00
2551620,1,Devyn McDowell,Devyn McDowell,Acting,2025-03-02 01:14:54.379063+00:00,2025-03-04 07:00:03.914845+00:00
1072776,1,Ayana Taketatsu,竹達彩奈,Acting,2025-03-02 01:14:54.379063+00:00,2025-03-04 07:00:03.914845+00:00
538696,1,Linda Moretti,Linda Moretti,Acting,2025-03-02 01:14:54.379063+00:00,2025-03-04 07:00:03.914845+00:00
3862833,1,Sabrina Ng,Sabrina Ng,Acting,2025-03-02 01:14:54.379063+00:00,2025-03-04 07:00:03.914845+00:00
2595841,1,Renci Yeung,楊偲泳,Acting,2025-03-02 01:14:54.379063+00:00,2025-03-04 07:00:03.914845+00:00
1249,1,Penelope Wilton,Penelope Wilton,Acting,2025-03-02 01:14:54.379063+00:00,2025-03-04 07:00:03.914845+00:00
1744894,1,Alice Dufour,Alice Dufour,Acting,2025-03-02 01:14:54.379063+00:00,2025-03-04 07:00:03.914845+00:00
1029292,1,Catherine Salée,Catherine Salée,Acting,2025-03-02 01:14:54.379063+00:00,2025-03-04 07:00:03.914845+00:00
10981,1,Fiona Shaw,Fiona Shaw,Acting,2025-03-02 01:14:54.379063+00:00,2025-03-04 07:00:03.914845+00:00
205,1,Kirsten Dunst,Kirsten Dunst,Acting,2025-03-02 01:14:54.379063+00:00,2025-03-04 07:00:03.914845+00:00
2958297,1,Laura Marcus,Laura Marcus,Acting,2025-03-02 01:14:54.379063+00:00,2025-03-04 07:00:03.914845+00:00
44110,1,Adriana Asti,Adriana Asti,Acting,2025-03-02 01:14:54.379063+00:00,2025-03-04 07:00:03.914845+00:00
1776093,1,Lin Min-Chen,林明禎,Acting,2025-03-02 01:14:54.379063+00:00,2025-03-04 07:00:03.914845+00:00
44020,1,Stella Dassas,Stella Dassas,Acting,2025-03-02 01:14:54.379063+00:00,2025-03-04 07:00:03.914845+00:00
1156221,1,Alma Hasun,Alma Hasun,Acting,2025-03-02 01:14:54.379063+00:00,2025-03-04 07:00:03.914845+00:00
39187,1,Olivia Colman,Olivia Colman,Acting,2025-03-02 01:14:54.379063+00:00,2025-03-04 07:00:03.914845+00:00
1278487,1,Hannah Waddingham,Hannah Waddingham,Acting,2025-03-02 01:14:54.379063+00:00,2025-03-04 07:00:03.914845+00:00
2759,1,Lola Dueñas,Lola Dueñas,Acting,2025-03-02 01:14:54.379063+00:00,2025-03-04 07:00:03.914845+00:00
1704579,1,Shuya Sophia Cai,Shuya Sophia Cai,Acting,2025-03-02 09:35:42.269341+00:00,2025-03-04 07:00:03.914845+00:00
1257364,1,Nanao,菜々緒,Acting,2025-03-02 01:14:54.379063+00:00,2025-03-04 07:00:03.914845+00:00
70590,1,Teresa Mo Shun-Kwan,毛舜筠,Acting,2025-03-02 01:14:54.379063+00:00,2025-03-04 07:00:03.914845+00:00
114304,1,Yuria Haga,芳賀優里亜,Acting,2025-03-02 01:14:54.379063+00:00,2025-03-04 07:00:03.914845+00:00
1815172,1,Petra Kalkutschke,Petra Kalkutschke,Acting,2025-03-02 01:14:54.379063+00:00,2025-03-04 07:00:03.914845+00:00
1260975,1,Ying Tsai-Ling,應采靈,Acting,2025-03-02 01:14:54.379063+00:00,2025-03-04 07:00:03.914845+00:00
2935390,2,Na In-woo,나인우,Acting,2025-03-02 01:14:54.379063+00:00,2025-03-04 07:00:03.914845+00:00
3724576,2,E.SO,E.SO,Acting,2025-03-02 01:14:54.379063+00:00,2025-03-04 07:00:03.914845+00:00
1178394,2,Henrik Vestergård,Henrik Vestergård,Acting,2025-03-02 01:14:54.379063+00:00,2025-03-04 07:00:03.914845+00:00
61659,2,Chris Messina,Chris Messina,Acting,2025-03-02 01:14:54.379063+00:00,2025-03-04 07:00:03.914845+00:00
47822,2,Bouli Lanners,Bouli Lanners,Acting,2025-03-02 01:14:54.379063+00:00,2025-03-04 07:00:03.914845+00:00
120348,2,Hideo Murota,室田日出男,Acting,2025-03-02 01:14:54.379063+00:00,2025-03-04 07:00:03.914845+00:00
124748,2,Chris Renaud,Chris Renaud,Acting,2025-03-02 01:14:54.379063+00:00,2025-03-04 07:00:03.914845+00:00
1254854,2,Soran Tamoto,タモト清嵐,Acting,2025-03-02 01:14:54.379063+00:00,2025-03-04 07:00:03.914845+00:00
3232442,2,Suzuki Mogura,鈴木もぐら,Acting,2025-03-02 01:14:54.379063+00:00,2025-03-04 07:00:03.914845+00:00
1160724,2,Johannes Nussbaum,Johannes Nussbaum,Acting,2025-03-02 01:14:54.379063+00:00,2025-03-04 07:00:03.914845+00:00
1402693,2,Lee Sung-yeol,이성열,Acting,2025-03-02 01:14:54.379063+00:00,2025-03-04 07:00:03.914845+00:00
118331,2,Pavel Priluchnyy,Павел Прилучный,Acting,2025-03-02 01:14:54.379063+00:00,2025-03-04 07:00:03.914845+00:00
3491,2,Thomas Kretschmann,Thomas Kretschmann,Acting,2025-03-02 01:14:54.379063+00:00,2025-03-04 07:00:03.914845+00:00
18056,2,Koji Yakusho,役所広司,Acting,2025-03-02 01:14:54.379063+00:00,2025-03-04 07:00:03.914845+00:00
1447932,2,Winston Duke,Winston Duke,Acting,2025-03-02 01:14:54.379063+00:00,2025-03-04 07:00:03.914845+00:00
2341408,2,Lee Do-hyun,이도현,Acting,2025-03-02 01:14:54.379063+00:00,2025-03-04 07:00:03.914845+00:00
10501,2,Topol,Topol,Acting,2025-03-02 01:14:54.379063+00:00,2025-03-04 07:00:03.914845+00:00
2595500,2,Metawin Opas-iamkajorn,วิน เมธวิน โอภาสเอี่ยมขจร,Acting,2025-03-02 01:14:54.379063+00:00,2025-03-04 07:00:03.914845+00:00
4080144,2,Paing Takhon,Paing Takhon,Acting,2025-03-02 01:14:54.379063+00:00,2025-03-04 07:00:03.914845+00:00
3417,2,Tony Goldwyn,Tony Goldwyn,Acting,2025-03-02 01:14:54.379063+00:00,2025-03-04 07:00:03.914845+00:00
1441487,2,Thomas Hwan,Thomas Hwan,Acting,2025-03-02 01:14:54.379063+00:00,2025-03-04 07:00:03.914845+00:00
2702016,2,Denkhun Ngamnet,Denkhun Ngamnet,Acting,2025-03-02 01:14:54.379063+00:00,2025-03-04 07:00:03.914845+00:00
73968,2,Henry Cavill,Henry Cavill,Acting,2025-03-02 01:14:54.379063+00:00,2025-03-04 07:00:03.914845+00:00
239550,2,Mizuho Suzuki,鈴木瑞穂,Acting,2025-03-02 01:14:54.379063+00:00,2025-03-04 07:00:03.914845+00:00
17121,2,Ahn Sung-ki,안성기,Acting,2025-03-02 01:14:54.379063+00:00,2025-03-04 07:00:03.914845+00:00
1083,2,Armin Rohde,Armin Rohde,Acting,2025-03-02 01:14:54.379063+00:00,2025-03-04 07:00:03.914845+00:00
35968,2,Pierre-François Martin-Laval,Pierre-François Martin-Laval,Acting,2025-03-02 01:14:54.379063+00:00,2025-03-04 07:00:03.914845+00:00
8596,2,Leandro Firmino,Leandro Firmino,Acting,2025-03-02 01:14:54.379063+00:00,2025-03-04 07:00:03.914845+00:00
1294982,2,Paul Walter Hauser,Paul Walter Hauser,Acting,2025-03-02 01:14:54.379063+00:00,2025-03-04 07:00:03.914845+00:00
15531,2,Ossie Davis,Ossie Davis,Acting,2025-03-02 01:14:54.379063+00:00,2025-03-04 07:00:03.914845+00:00
2391356,2,Lee Seung-hee,Lee Seung-hee,Acting,2025-03-02 01:14:54.379063+00:00,2025-03-04 07:00:03.914845+00:00
1443667,2,Emir Mahira,Emir Mahira,Acting,2025-03-02 01:14:54.379063+00:00,2025-03-04 07:00:03.914845+00:00
8597,2,Phellipe Haagensen,Phellipe Haagensen,Acting,2025-03-02 01:14:54.379063+00:00,2025-03-04 07:00:03.914845+00:00
1628228,2,Mithra Jin,미쓰라,Acting,2025-03-02 01:14:54.379063+00:00,2025-03-04 07:00:03.914845+00:00
1742672,2,Nazariy Demkowicz,Nazariy Demkowicz,Acting,2025-03-02 01:14:54.379063+00:00,2025-03-04 07:00:03.914845+00:00
34689,2,Yūsaku Matsuda,松田優作,Acting,2025-03-02 01:14:54.379063+00:00,2025-03-04 07:00:03.914845+00:00
3505739,2,Alex Chiu,Alex Chiu,Acting,2025-03-02 01:14:54.379063+00:00,2025-03-04 07:00:03.914845+00:00
4919980,2,Samuel,周子翔,Acting,2025-03-02 01:14:54.379063+00:00,2025-03-04 07:00:03.914845+00:00
76477,2,Nophand Boonyai,นพพันธ์ บุญใหญ่,Acting,2025-03-02 01:14:54.379063+00:00,2025-03-04 07:00:03.914845+00:00
2244765,2,Bamar Kane,Bamar Kane,Acting,2025-03-02 01:14:54.379063+00:00,2025-03-04 07:00:03.914845+00:00
459980,2,André Holland,André Holland,Acting,2025-03-02 01:14:54.379063+00:00,2025-03-04 07:00:03.914845+00:00
185773,2,H. Jon Benjamin,H. Jon Benjamin,Acting,2025-03-02 01:14:54.379063+00:00,2025-03-04 07:00:03.914845+00:00
3841400,2,Samuel Kircher,Samuel Kircher,Acting,2025-03-02 01:14:54.379063+00:00,2025-03-04 07:00:03.914845+00:00
11159,2,Cheech Marin,Cheech Marin,Acting,2025-03-02 01:14:54.379063+00:00,2025-03-04 07:00:03.914845+00:00
33516,2,Tsuyoshi Ihara,伊原剛志,Acting,2025-03-02 01:14:54.379063+00:00,2025-03-04 07:00:03.914845+00:00
1257899,2,Kang Ha-neul,강하늘,Acting,2025-03-02 01:14:54.379063+00:00,2025-03-04 07:00:03.914845+00:00
70876,2,Slavko Štimac,Slavko Štimac,Acting,2025-03-02 01:14:54.379063+00:00,2025-03-04 07:00:03.914845+00:00
6304,2,Jean-François Stévenin,Jean-François Stévenin,Acting,2025-03-02 01:14:54.379063+00:00,2025-03-04 07:00:03.914845+00:00
1140282,2,Navid Mohammadzadeh,Navid Mohammadzadeh,Acting,2025-03-02 01:14:54.379063+00:00,2025-03-04 07:00:03.914845+00:00
26100,2,Melvil Poupaud,Melvil Poupaud,Acting,2025-03-02 01:14:54.379063+00:00,2025-03-04 07:00:03.914845+00:00
76858,2,François-Xavier Demaison,François-Xavier Demaison,Acting,2025-03-02 01:14:54.379063+00:00,2025-03-04 07:00:03.914845+00:00
1629195,2,DJ Tukutz,투컷,Acting,2025-03-02 01:14:54.379063+00:00,2025-03-04 07:00:03.914845+00:00
1016271,2,Kenji Kasai,河西健司,Acting,2025-03-02 01:14:54.379063+00:00,2025-03-04 07:00:03.914845+00:00
57381,2,Paul Hittscher,Paul Hittscher,Acting,2025-03-02 01:14:54.379063+00:00,2025-03-04 07:00:03.914845+00:00
70874,2,Lazar Ristovski,Lazar Ristovski,Acting,2025-03-02 01:14:54.379063+00:00,2025-03-04 07:00:03.914845+00:00
1252846,2,Mark Ryder,Mark Ryder,Acting,2025-03-02 01:14:54.379063+00:00,2025-03-04 07:00:03.914845+00:00
2440,2,Bill Nighy,Bill Nighy,Acting,2025-03-02 01:14:54.379063+00:00,2025-03-04 07:00:03.914845+00:00
1423520,2,Mike Faist,Mike Faist,Acting,2025-03-02 01:14:54.379063+00:00,2025-03-04 07:00:03.914845+00:00
2039,2,Brendan Gleeson,Brendan Gleeson,Acting,2025-03-02 01:14:54.379063+00:00,2025-03-04 07:00:03.914845+00:00
33134,2,Tomokazu Miura,三浦友和,Acting,2025-03-02 01:14:54.379063+00:00,2025-03-04 07:00:03.914845+00:00
1447086,2,Michael Huang,Michael Huang,Acting,2025-03-02 01:14:54.379063+00:00,2025-03-04 07:00:03.914845+00:00
1592018,2,Yen Tsao,Yen Tsao,Acting,2025-03-02 01:14:54.379063+00:00,2025-03-04 07:00:03.914845+00:00
2295868,2,Kin-ichi Motegi,Kin-ichi Motegi,Acting,2025-03-02 01:14:54.379063+00:00,2025-03-04 07:00:03.914845+00:00
1223088,2,Yuto Nakajima,中島裕翔,Acting,2025-03-02 01:14:54.379063+00:00,2025-03-04 07:00:03.914845+00:00
1429453,2,Sam Richardson,Sam Richardson,Acting,2025-03-02 01:14:54.379063+00:00,2025-03-04 07:00:03.914845+00:00
239830,2,Masahiro Itou,伊藤 暢達,Art,2025-03-02 01:14:54.379063+00:00,2025-03-04 07:00:03.914845+00:00
3895248,2,Evgeniy Maloletka,Evgeniy Maloletka,Crew,2025-03-02 01:14:54.379063+00:00,2025-03-04 07:00:03.914845+00:00
3199051,0,Sokyou Chea,Sokyou Chea,Directing,2025-03-02 01:14:54.379063+00:00,2025-03-04 07:00:03.914845+00:00
3549247,0,Yao Kuo Chen,Yao Kuo Chen,Directing,2025-03-02 01:14:54.379063+00:00,2025-03-04 07:00:03.914845+00:00
2428652,0,Trần Hữu Tấn,Trần Hữu Tấn,Directing,2025-03-02 01:14:54.379063+00:00,2025-03-04 07:00:03.914845+00:00
3992663,0,Ekiem Barbier,Ekiem Barbier,Directing,2025-03-02 01:14:54.379063+00:00,2025-03-04 07:00:03.914845+00:00
3142687,0,Harry Shuei,Harry Shuei,Directing,2025-03-02 01:14:54.379063+00:00,2025-03-04 07:00:03.914845+00:00
1301811,1,Natsuki Seta,瀬田なつき,Directing,2025-03-02 01:14:54.379063+00:00,2025-03-04 07:00:03.914845+00:00
1395183,1,Chloé Zhao,Chloé Zhao,Directing,2025-03-02 01:14:54.379063+00:00,2025-03-04 07:00:03.914845+00:00
2781342,1,Kim Se-hwi,김세휘,Directing,2025-03-02 01:14:54.379063+00:00,2025-03-04 07:00:03.914845+00:00
1605612,1,Stéphanie Di Giusto,Stéphanie Di Giusto,Directing,2025-03-02 01:14:54.379063+00:00,2025-03-04 07:00:03.914845+00:00
2090986,2,Yeo Siew Hua,Yeo Siew Hua,Directing,2025-03-02 01:14:54.379063+00:00,2025-03-04 07:00:03.914845+00:00
8452,2,Andrei Tarkovsky,Андрей Тарковский,Directing,2025-03-02 01:14:54.379063+00:00,2025-03-04 07:00:03.914845+00:00
999812,2,Bradley Parker,Bradley Parker,Directing,2025-03-02 01:14:54.379063+00:00,2025-03-04 07:00:03.914845+00:00
1766964,2,Choi Byeong-gil,Choi Byeong-gil,Directing,2025-03-02 01:14:54.379063+00:00,2025-03-04 07:00:03.914845+00:00
16847,2,Eli Roth,Eli Roth,Directing,2025-03-02 01:14:54.379063+00:00,2025-03-04 07:00:03.914845+00:00
2421796,2,Koh Hoon,Koh Hoon,Directing,2025-03-02 01:14:54.379063+00:00,2025-03-04 07:00:03.914845+00:00
5010,2,Todd Field,Todd Field,Directing,2025-03-02 01:14:54.379063+00:00,2025-03-04 07:00:03.914845+00:00
149880,2,Serge Bozon,Serge Bozon,Directing,2025-03-02 01:14:54.379063+00:00,2025-03-04 07:00:03.914845+00:00
2376041,2,Lee Sang-yong,이상용,Directing,2025-03-02 01:14:54.379063+00:00,2025-03-04 07:00:03.914845+00:00
41355,2,Dimitri Logothetis,Dimitri Logothetis,Directing,2025-03-02 01:14:54.379063+00:00,2025-03-04 07:00:03.914845+00:00
1129914,2,Andrés Borghi,Andrés Borghi,Directing,2025-03-02 01:14:54.379063+00:00,2025-03-04 07:00:03.914845+00:00
1758663,2,Advait Chandan,Advait Chandan,Directing,2025-03-02 01:14:54.379063+00:00,2025-03-04 07:00:03.914845+00:00
96627,2,André Téchiné,André Téchiné,Directing,2025-03-02 01:14:54.379063+00:00,2025-03-04 07:00:03.914845+00:00
1303917,2,Faraz Shariat,Faraz Shariat,Directing,2025-03-02 01:14:54.379063+00:00,2025-03-04 07:00:03.914845+00:00
129894,2,Gareth Edwards,Gareth Edwards,Directing,2025-03-02 01:14:54.379063+00:00,2025-03-04 07:00:03.914845+00:00
64992,2,Hou Hsiao-hsien,侯孝賢,Directing,2025-03-02 01:14:54.379063+00:00,2025-03-04 07:00:03.914845+00:00
1678577,0,Kristoffer Hegnsvad,Kristoffer Hegnsvad,Writing,2025-03-02 01:14:54.379063+00:00,2025-03-04 07:00:03.914845+00:00
2237138,2,Tomoki Kanazawa,金沢知樹,Writing,2025-03-02 01:14:54.379063+00:00,2025-03-04 07:00:03.914845+00:00
4148500,0,Livia Silvano,Livia Silvano,Acting,2025-03-02 01:14:54.379063+00:00,2025-03-04 07:00:03.914845+00:00
1618436,0,Sachie Tanaka,Sachie Tanaka,Acting,2025-03-02 01:14:54.379063+00:00,2025-03-04 07:00:03.914845+00:00
3008716,0,Sherab Dorji,Sherab Dorji,Acting,2025-03-02 01:14:54.379063+00:00,2025-03-04 07:00:03.914845+00:00
3479095,0,Asik Shaikh,Asik Shaikh,Acting,2025-03-02 01:14:54.379063+00:00,2025-03-04 07:00:03.914845+00:00
1923821,0,Roushan Karam Elmi,Roushan Karam Elmi,Acting,2025-03-02 01:14:54.379063+00:00,2025-03-04 07:00:03.914845+00:00
3781491,0,Pablo Revuelta,Pablo Revuelta,Acting,2025-03-02 01:14:54.379063+00:00,2025-03-04 07:00:03.914845+00:00
117531,0,Safar Ali Moradi,Safar Ali Moradi,Acting,2025-03-02 01:14:54.379063+00:00,2025-03-04 07:00:03.914845+00:00
1953930,0,Jamyang Choezom,Jamyang Choezom,Acting,2025-03-02 01:14:54.379063+00:00,2025-03-04 07:00:03.914845+00:00
1697250,0,Kazuo Hashimoto,Kazuo Hashimoto,Acting,2025-03-02 01:14:54.379063+00:00,2025-03-04 07:00:03.914845+00:00
1426807,0,Kwon Taek Han,Kwon Taek Han,Acting,2025-03-02 01:14:54.379063+00:00,2025-03-04 07:00:03.914845+00:00
2971578,0,Ludovica Mancini,Ludovica Mancini,Acting,2025-03-02 01:14:54.379063+00:00,2025-03-04 07:00:03.914845+00:00
1592893,0,Sharman Lanporan,Sharman Lanporan,Acting,2025-03-02 01:14:54.379063+00:00,2025-03-04 07:00:03.914845+00:00
3849698,0,Mariia Shustrova,Mariia Shustrova,Acting,2025-03-02 01:14:54.379063+00:00,2025-03-04 07:00:03.914845+00:00
2414914,1,Mina Katahira,片平美那,Acting,2025-03-02 01:14:54.379063+00:00,2025-03-04 07:00:03.914845+00:00
5470,1,Kristin Scott Thomas,Kristin Scott Thomas,Acting,2025-03-02 01:14:54.379063+00:00,2025-03-04 07:00:03.914845+00:00
1165384,1,Gaia Weiss,Gaia Weiss,Acting,2025-03-02 01:14:54.379063+00:00,2025-03-04 07:00:03.914845+00:00
1284772,1,Nadiya Nisaa,Nadiya Nisaa,Acting,2025-03-02 01:14:54.379063+00:00,2025-03-04 07:00:03.914845+00:00
2341304,1,Angela Lee,Angela Lee,Acting,2025-03-02 01:14:54.379063+00:00,2025-03-04 07:00:03.914845+00:00
2313632,1,Cristina Chiriac,Cristina Chiriac,Acting,2025-03-02 01:14:54.379063+00:00,2025-03-04 07:00:03.914845+00:00
552598,1,Mieko Nobusawa,信澤三惠子,Acting,2025-03-02 01:14:54.379063+00:00,2025-03-04 07:00:03.914845+00:00
3086230,1,Aoi Yamada,山田 葵,Acting,2025-03-02 01:14:54.379063+00:00,2025-03-04 07:00:03.914845+00:00
1568909,1,Paulina Gałązka,Paulina Gałązka,Acting,2025-03-02 01:14:54.379063+00:00,2025-03-04 07:00:03.914845+00:00
3127501,1,Lomane de Dietrich,Lomane de Dietrich,Acting,2025-03-02 01:14:54.379063+00:00,2025-03-04 07:00:03.914845+00:00
26739,1,Sylvia Chang,張艾嘉,Acting,2025-03-02 01:14:54.379063+00:00,2025-03-04 07:00:03.914845+00:00
2028132,1,Juliette Gariépy,Juliette Gariépy,Acting,2025-03-02 01:14:54.379063+00:00,2025-03-04 07:00:03.914845+00:00
543261,1,Karen Gillan,Karen Gillan,Acting,2025-03-02 01:14:54.379063+00:00,2025-03-04 07:00:03.914845+00:00
25702,1,Rhona Mitra,Rhona Mitra,Acting,2025-03-02 01:14:54.379063+00:00,2025-03-04 07:00:03.914845+00:00
1554866,1,Jung Yoo-jin,정유진,Acting,2025-03-02 01:14:54.379063+00:00,2025-03-04 07:00:03.914845+00:00
2386894,1,Meiyun-Tang,唐美雲,Acting,2025-03-02 01:14:54.379063+00:00,2025-03-04 07:00:03.914845+00:00
10409,1,Shelley Duvall,Shelley Duvall,Acting,2025-03-02 01:14:54.379063+00:00,2025-03-04 07:00:03.914845+00:00
204,1,Kate Winslet,Kate Winslet,Acting,2025-03-02 01:14:54.379063+00:00,2025-03-04 07:00:03.914845+00:00
1076049,1,Chen Shu,陳數,Acting,2025-03-02 01:14:54.379063+00:00,2025-03-04 07:00:03.914845+00:00
120802,1,Masako Araki,荒木雅子,Acting,2025-03-02 01:14:54.379063+00:00,2025-03-04 07:00:03.914845+00:00
3246083,1,Nattamon Chokejindachai,Nattamon Chokejindachai,Acting,2025-03-02 01:14:54.379063+00:00,2025-03-04 07:00:03.914845+00:00
1694311,1,Sheila Sim,Sheila Sim,Acting,2025-03-02 01:14:54.379063+00:00,2025-03-04 07:00:03.914845+00:00
61114,1,Kate Walsh,Kate Walsh,Acting,2025-03-02 01:14:54.379063+00:00,2025-03-04 07:00:03.914845+00:00
551669,1,Vicky Wei,魏筱惠,Acting,2025-03-02 01:14:54.379063+00:00,2025-03-04 07:00:03.914845+00:00
11749,1,Sarah Berry,Sarah Berry,Acting,2025-03-02 01:14:54.379063+00:00,2025-03-04 07:00:03.914845+00:00
2104287,1,Jeon So-nee,전소니,Acting,2025-03-02 01:14:54.379063+00:00,2025-03-04 07:00:03.914845+00:00
39459,1,Hayley Atwell,Hayley Atwell,Acting,2025-03-02 01:14:54.379063+00:00,2025-03-04 07:00:03.914845+00:00
239857,1,Manami Honjo,本上まなみ,Acting,2025-03-02 01:14:54.379063+00:00,2025-03-04 07:00:03.914845+00:00
932692,1,Janel Tsai,蔡淑臻,Acting,2025-03-02 01:14:54.379063+00:00,2025-03-04 07:00:03.914845+00:00
2063405,1,Ekaterina Tarasova,Ekaterina Tarasova,Acting,2025-03-02 01:14:54.379063+00:00,2025-03-04 07:00:03.914845+00:00
5081,1,Emily Blunt,Emily Blunt,Acting,2025-03-02 01:14:54.379063+00:00,2025-03-04 07:00:03.914845+00:00
24801,1,Chantal Goya,Chantal Goya,Acting,2025-03-02 01:14:54.379063+00:00,2025-03-04 07:00:03.914845+00:00
563065,1,Tone Beate Mostraum,Tone Beate Mostraum,Acting,2025-03-02 01:14:54.379063+00:00,2025-03-04 07:00:03.914845+00:00
3353540,1,Jean Ho,Jean Ho,Acting,2025-03-02 01:14:54.379063+00:00,2025-03-04 07:00:03.914845+00:00
592475,1,María Vázquez,María Vázquez,Acting,2025-03-02 01:14:54.379063+00:00,2025-03-04 07:00:03.914845+00:00
1310154,1,Sui Junbo,隋俊波,Acting,2025-03-02 01:14:54.379063+00:00,2025-03-04 07:00:03.914845+00:00
1700631,1,Liza Koshy,Liza Koshy,Acting,2025-03-02 01:14:54.379063+00:00,2025-03-04 07:00:03.914845+00:00
1417221,1,Jennifer Chan Ming-Chan,Jennifer Chan Ming-Chan,Acting,2025-03-02 01:14:54.379063+00:00,2025-03-04 07:00:03.914845+00:00
1972478,1,Ocean Navarro,Ocean Navarro,Acting,2025-03-02 01:14:54.379063+00:00,2025-03-04 07:00:03.914845+00:00
3420904,1,Yun-Chih Wang,Yun-Chih Wang,Acting,2025-03-02 01:14:54.379063+00:00,2025-03-04 07:00:03.914845+00:00
4068148,1,Madeleine Yuna Voyles,Madeleine Yuna Voyles,Acting,2025-03-02 01:14:54.379063+00:00,2025-03-04 07:00:03.914845+00:00
515,1,Glenn Close,Glenn Close,Acting,2025-03-02 01:14:54.379063+00:00,2025-03-04 07:00:03.914845+00:00
2460109,1,Misato Morita,森田望智,Acting,2025-03-02 01:14:54.379063+00:00,2025-03-04 07:00:03.914845+00:00
1236122,1,Zar Amir Ebrahimi,Zar Amir Ebrahimi,Acting,2025-03-02 01:14:54.379063+00:00,2025-03-04 07:00:03.914845+00:00
955,1,Penélope Cruz,Penélope Cruz,Acting,2025-03-02 01:14:54.379063+00:00,2025-03-04 07:00:03.914845+00:00
1115687,1,Aki Asakura,朝倉あき,Acting,2025-03-02 01:14:54.379063+00:00,2025-03-04 07:00:03.914845+00:00
1442583,1,Park So-dam,박소담,Acting,2025-03-02 01:14:54.379063+00:00,2025-03-04 07:00:03.914845+00:00
37405,1,Margaret Anne Florence,Margaret Anne Florence,Acting,2025-03-02 01:14:54.379063+00:00,2025-03-04 07:00:03.914845+00:00
1691461,1,Elaiza Ikeda,池田エライザ,Acting,2025-03-02 01:14:54.379063+00:00,2025-03-04 07:00:03.914845+00:00
931296,1,Frankie Wallach,Frankie Wallach,Acting,2025-03-02 01:14:54.379063+00:00,2025-03-04 07:00:03.914845+00:00
77517,1,Isabelle Fuhrman,Isabelle Fuhrman,Acting,2025-03-02 01:14:54.379063+00:00,2025-03-04 07:00:03.914845+00:00
2405532,1,Fox Lee,Fox Lee,Acting,2025-03-02 01:14:54.379063+00:00,2025-03-04 07:00:03.914845+00:00
93492,1,Tallulah Evans,Tallulah Evans,Acting,2025-03-02 01:14:54.379063+00:00,2025-03-04 07:00:03.914845+00:00
27778,1,Miki Nakatani,中谷美紀,Acting,2025-03-02 01:14:54.379063+00:00,2025-03-04 07:00:03.914845+00:00
1510022,1,Gong Seung-yeon,공승연,Acting,2025-03-02 01:14:54.379063+00:00,2025-03-04 07:00:03.914845+00:00
1939373,1,Calah Lane,Calah Lane,Acting,2025-03-02 01:14:54.379063+00:00,2025-03-04 07:00:03.914845+00:00
1953927,1,Tsering Choekyi,Tsering Choekyi,Acting,2025-03-02 01:14:54.379063+00:00,2025-03-04 07:00:03.914845+00:00
1840963,1,Silya Nymoen,Silya Nymoen,Acting,2025-03-02 01:14:54.379063+00:00,2025-03-04 07:00:03.914845+00:00
2633262,1,Moe Kamikokuryo,上國料萌衣,Acting,2025-03-02 01:14:54.379063+00:00,2025-03-04 07:00:03.914845+00:00
2019443,1,Nadia Tereszkiewicz,Nadia Tereszkiewicz,Acting,2025-03-02 01:14:54.379063+00:00,2025-03-04 07:00:03.914845+00:00
114463,1,Michelle Jenner,Michelle Jenner,Acting,2025-03-02 09:35:42.269341+00:00,2025-03-04 07:00:03.914845+00:00
139820,1,Pom Klementieff,Pom Klementieff,Acting,2025-03-02 01:14:54.379063+00:00,2025-03-04 07:00:03.914845+00:00
1276019,1,Markoesa Hamer,Markoesa Hamer,Acting,2025-03-02 01:14:54.379063+00:00,2025-03-04 07:00:03.914845+00:00
2262810,1,Phantira Pipityakorn,Phantira Pipityakorn,Acting,2025-03-02 01:14:54.379063+00:00,2025-03-04 07:00:03.914845+00:00
231723,1,Kay Tse,謝安琪,Acting,2025-03-02 01:14:54.379063+00:00,2025-03-04 07:00:03.914845+00:00
129706,2,Motoki Fukami,深水元基,Acting,2025-03-02 01:14:54.379063+00:00,2025-03-04 07:00:03.914845+00:00
17373,2,Jürgen Vogel,Jürgen Vogel,Acting,2025-03-02 01:14:54.379063+00:00,2025-03-04 07:00:03.914845+00:00
1459772,2,Nam Joo-hyuk,남주혁,Acting,2025-03-02 01:14:54.379063+00:00,2025-03-04 07:00:03.914845+00:00
20333,2,Masahiko Nishimura,西村雅彥,Acting,2025-03-02 01:14:54.379063+00:00,2025-03-04 07:00:03.914845+00:00
1860296,2,Arthur Lounsbery,ランズベリー・アーサー,Acting,2025-03-02 01:14:54.379063+00:00,2025-03-04 07:00:03.914845+00:00
2710312,2,Oliver Finnegan,Oliver Finnegan,Acting,2025-03-02 01:14:54.379063+00:00,2025-03-04 07:00:03.914845+00:00
55638,2,Kevin Hart,Kevin Hart,Acting,2025-03-02 01:14:54.379063+00:00,2025-03-04 07:00:03.914845+00:00
72453,2,Shōhei Hino,火野正平,Acting,2025-03-02 01:14:54.379063+00:00,2025-03-04 07:00:03.914845+00:00
2123570,2,Tang Joon-sang,탕준상,Acting,2025-03-02 01:14:54.379063+00:00,2025-03-04 07:00:03.914845+00:00
1991010,2,Krittanai Arsalprakit,Krittanai Arsalprakit,Acting,2025-03-02 01:14:54.379063+00:00,2025-03-04 07:00:03.914845+00:00
556113,2,İlker Aksum,İlker Aksum,Acting,2025-03-02 01:14:54.379063+00:00,2025-03-04 07:00:03.914845+00:00
932524,2,Nicolas Bedos,Nicolas Bedos,Acting,2025-03-02 01:14:54.379063+00:00,2025-03-04 07:00:03.914845+00:00
34546,2,Mark Gatiss,Mark Gatiss,Acting,2025-03-02 01:14:54.379063+00:00,2025-03-04 07:00:03.914845+00:00
232770,2,Endy Chow Kwok-Yin,Endy Chow,Acting,2025-03-02 01:14:54.379063+00:00,2025-03-04 07:00:03.914845+00:00
8171,2,Ludacris,Ludacris,Acting,2025-03-02 01:14:54.379063+00:00,2025-03-04 07:00:03.914845+00:00
4338956,2,Vache Tovmasyan,Vache Tovmasyan,Acting,2025-03-02 01:14:54.379063+00:00,2025-03-04 07:00:03.914845+00:00
135792,2,Michael Emil,Michael Emil,Acting,2025-03-02 01:14:54.379063+00:00,2025-03-04 07:00:03.914845+00:00
74192,2,Stephen Fung,馮德倫,Acting,2025-03-02 01:14:54.379063+00:00,2025-03-04 07:00:03.914845+00:00
38865,2,Salim Kéchiouche,Salim Kéchiouche,Acting,2025-03-02 01:14:54.379063+00:00,2025-03-04 07:00:03.914845+00:00
232034,2,Kim Young-ho,김영호,Acting,2025-03-02 01:14:54.379063+00:00,2025-03-04 07:00:03.914845+00:00
1400708,2,Leo Flanagan,Leo Flanagan,Acting,2025-03-02 01:14:54.379063+00:00,2025-03-04 07:00:03.914845+00:00
42993,2,Martin Donovan,Martin Donovan,Acting,2025-03-02 01:14:54.379063+00:00,2025-03-04 07:00:03.914845+00:00
109,2,Elijah Wood,Elijah Wood,Acting,2025-03-02 01:14:54.379063+00:00,2025-03-04 07:00:03.914845+00:00
3618,2,Darío Grandinetti,Darío Grandinetti,Acting,2025-03-02 01:14:54.379063+00:00,2025-03-04 07:00:03.914845+00:00
3860801,2,Nattapon Raiyawong,Nattapon Raiyawong,Acting,2025-03-02 01:14:54.379063+00:00,2025-03-04 07:00:03.914845+00:00
1575311,2,Kouhei Matsushita,松下洸平,Acting,2025-03-02 01:14:54.379063+00:00,2025-03-04 07:00:03.914845+00:00
1747835,2,Orli Shuka,Orli Shuka,Acting,2025-03-02 01:14:54.379063+00:00,2025-03-02 07:00:02.661153+00:00
64454,2,Gi Ju-bong,기주봉,Acting,2025-03-02 01:14:54.379063+00:00,2025-03-04 07:00:03.914845+00:00
308445,2,Mansaku Fuwa,不破万作,Acting,2025-03-02 01:14:54.379063+00:00,2025-03-04 07:00:03.914845+00:00
231457,2,Kacey Mottet Klein,Kacey Mottet Klein,Acting,2025-03-02 01:14:54.379063+00:00,2025-03-04 07:00:03.914845+00:00
147041,2,Raphaël Personnaz,Raphaël Personnaz,Acting,2025-03-02 01:14:54.379063+00:00,2025-03-04 07:00:03.914845+00:00
52710,2,Masanobu Katsumura,勝村政信,Acting,2025-03-02 01:14:54.379063+00:00,2025-03-04 07:00:03.914845+00:00
1473841,2,Jinyoung,진영,Acting,2025-03-02 01:14:54.379063+00:00,2025-03-04 07:00:03.914845+00:00
3270592,2,Sean Wong Tsz-Lok,Sean Wong Tsz-lok,Acting,2025-03-02 01:14:54.379063+00:00,2025-03-04 07:00:03.914845+00:00
1762674,2,Daichi Kaneko,Daichi Kaneko,Acting,2025-03-02 01:14:54.379063+00:00,2025-03-04 07:00:03.914845+00:00
1238531,2,Eduardo Jover,Eduardo Jover,Acting,2025-03-02 01:14:54.379063+00:00,2025-03-04 07:00:03.914845+00:00
19162,2,Jean-Pierre Cassel,Jean-Pierre Cassel,Acting,2025-03-02 01:14:54.379063+00:00,2025-03-04 07:00:03.914845+00:00
195675,2,Ricky Whittle,Ricky Whittle,Acting,2025-03-02 01:14:54.379063+00:00,2025-03-04 07:00:03.914845+00:00
150697,2,Ko Chang-seok,고창석,Acting,2025-03-02 01:14:54.379063+00:00,2025-03-04 07:00:03.914845+00:00
2193667,2,Erdem Şenocak,Erdem Şenocak,Acting,2025-03-02 01:14:54.379063+00:00,2025-03-04 07:00:03.914845+00:00
955908,2,Aiden Turner,Aiden Turner,Acting,2025-03-02 01:14:54.379063+00:00,2025-03-04 07:00:03.914845+00:00
1763709,2,Aaron Pierre,Aaron Pierre,Acting,2025-03-02 01:14:54.379063+00:00,2025-03-04 07:00:03.914845+00:00
4379557,2,Ki-pin Ng,黃奇斌,Acting,2025-03-02 01:14:54.379063+00:00,2025-03-04 07:00:03.914845+00:00
48791,2,Miki Manojlović,Miki Manojlović,Acting,2025-03-02 01:14:54.379063+00:00,2025-03-04 07:00:03.914845+00:00
2217915,2,Evgeny Egorov,Евгений Егоров,Acting,2025-03-02 01:14:54.379063+00:00,2025-03-04 07:00:03.914845+00:00
1883920,2,Park Sung-kwang,박성광,Acting,2025-03-02 01:14:54.379063+00:00,2025-03-04 07:00:03.914845+00:00
940339,2,Sean Lau Ching-Wan,劉青雲,Acting,2025-03-02 01:14:54.379063+00:00,2025-03-04 07:00:03.914845+00:00
1833062,2,Edison Song,Edison Song,Acting,2025-03-02 01:14:54.379063+00:00,2025-03-04 07:00:03.914845+00:00
935344,2,Mesut Akusta,Mesut Akusta,Acting,2025-03-02 01:14:54.379063+00:00,2025-03-04 07:00:03.914845+00:00
1228056,2,Roger Federer,Roger Federer,Acting,2025-03-02 01:14:54.379063+00:00,2025-03-04 07:00:03.914845+00:00
1630178,2,Lee Hong Chi,Lee Hong Chi,Acting,2025-03-02 01:14:54.379063+00:00,2025-03-04 07:00:03.914845+00:00
1119730,2,Hoshi Ishida,石田法嗣,Acting,2025-03-02 01:14:54.379063+00:00,2025-03-04 07:00:03.914845+00:00
1893,2,Casey Affleck,Casey Affleck,Acting,2025-03-02 01:14:54.379063+00:00,2025-03-04 07:00:03.914845+00:00
1098600,2,Hiroki Hasegawa,長谷川博己,Acting,2025-03-02 01:14:54.379063+00:00,2025-03-04 07:00:03.914845+00:00
166995,2,Andrew Levitas,Andrew Levitas,Acting,2025-03-02 01:14:54.379063+00:00,2025-03-04 07:00:03.914845+00:00
1200864,2,LaKeith Stanfield,LaKeith Stanfield,Acting,2025-03-02 01:14:54.379063+00:00,2025-03-04 07:00:03.914845+00:00
1522429,2,Shih Chin-Hang,Shih Chin-Hang,Acting,2025-03-02 01:14:54.379063+00:00,2025-03-04 07:00:03.914845+00:00
1328328,2,Taiga Nakano,仲野太賀,Acting,2025-03-02 01:14:54.379063+00:00,2025-03-04 07:00:03.914845+00:00
1289315,0,Dario Germani,Dario Germani,Camera,2025-03-02 01:14:54.379063+00:00,2025-03-04 07:00:03.914845+00:00
128745,0,Giorgio Diritti,Giorgio Diritti,Directing,2025-03-02 01:14:54.379063+00:00,2025-03-04 07:00:03.914845+00:00
1197916,1,Tan Chui Mui,Tan Chui Mui,Directing,2025-03-02 01:14:54.379063+00:00,2025-03-04 07:00:03.914845+00:00
4577760,1,Lo Yi-shan,羅苡珊,Directing,2025-03-02 01:14:54.379063+00:00,2025-03-04 07:00:03.914845+00:00
125738,2,Daniel Espinosa,Daniel Espinosa,Directing,2025-03-02 01:14:54.379063+00:00,2025-03-04 07:00:03.914845+00:00
980218,2,Lee Suk-hoon,이석훈,Directing,2025-03-02 01:14:54.379063+00:00,2025-03-04 07:00:03.914845+00:00
227439,2,Don Hall,Don Hall,Directing,2025-03-02 01:14:54.379063+00:00,2025-03-04 07:00:03.914845+00:00
59521,2,Jaume Collet-Serra,Jaume Collet-Serra,Directing,2025-03-02 01:14:54.379063+00:00,2025-03-04 07:00:03.914845+00:00
1302682,2,Angga Dwimas Sasongko,Angga Dwimas Sasongko,Directing,2025-03-02 01:14:54.379063+00:00,2025-03-04 07:00:03.914845+00:00
3607916,2,Wally Seo,Wally Seo,Directing,2025-03-02 01:14:54.379063+00:00,2025-03-04 07:00:03.914845+00:00
137141,2,Derek Kwok Chi-Kin,郭子健,Directing,2025-03-02 01:14:54.379063+00:00,2025-03-04 07:00:03.914845+00:00
509442,2,Yuya Ishii,石井裕也,Directing,2025-03-02 01:14:54.379063+00:00,2025-03-04 07:00:03.914845+00:00
1145368,2,Soichi Masui,増井壮一,Directing,2025-03-02 01:14:54.379063+00:00,2025-03-04 07:00:03.914845+00:00
54222,2,Jean-Paul Salomé,Jean-Paul Salomé,Directing,2025-03-02 01:14:54.379063+00:00,2025-03-04 07:00:03.914845+00:00
238727,2,Kensaku Watanabe,渡辺謙作,Directing,2025-03-02 01:14:54.379063+00:00,2025-03-04 07:00:03.914845+00:00
80733,2,Kongkiat Khomsiri,ก้องเกียรติ โขมศิริ,Directing,2025-03-02 01:14:54.379063+00:00,2025-03-04 07:00:03.914845+00:00
1286081,2,Pakphum Wongjinda,ภาคภูมิ วงษ์จินดา,Directing,2025-03-02 01:14:54.379063+00:00,2025-03-04 07:00:03.914845+00:00
76422,2,Ric Roman Waugh,Ric Roman Waugh,Directing,2025-03-02 01:14:54.379063+00:00,2025-03-04 07:00:03.914845+00:00
126714,2,Arvin Chen,陳駿霖,Directing,2025-03-02 01:14:54.379063+00:00,2025-03-04 07:00:03.914845+00:00
88967,2,Greg Berlanti,Greg Berlanti,Production,2025-03-02 01:14:54.379063+00:00,2025-03-04 07:00:03.914845+00:00
3422997,0,Lee Soon-sung,Lee Soon-sung,Sound,2025-03-02 01:14:54.379063+00:00,2025-03-04 07:00:03.914845+00:00
30657,2,Alessandro Alessandroni,Alessandro Alessandroni,Sound,2025-03-02 01:14:54.379063+00:00,2025-03-04 07:00:03.914845+00:00
1316884,2,Tu Duu-Chih,杜篤之,Sound,2025-03-02 01:14:54.379063+00:00,2025-03-04 07:00:03.914845+00:00
1017274,1,Audrey Diwan,Audrey Diwan,Writing,2025-03-02 01:14:54.379063+00:00,2025-03-04 07:00:03.914845+00:00
87661,2,Kankuro Kudo,宮藤官九郎,Writing,2025-03-02 01:14:54.379063+00:00,2025-03-04 07:00:03.914845+00:00
18175,2,Dominik Moll,Dominik Moll,Writing,2025-03-02 01:14:54.379063+00:00,2025-03-04 07:00:03.914845+00:00
1618435,0,Maiko Mihara,Maiko Mihara,Acting,2025-03-02 01:14:54.379063+00:00,2025-03-04 07:00:03.914845+00:00
2452432,0,Jordan Tartakow,Jordan Tartakow,Acting,2025-03-02 01:14:54.379063+00:00,2025-03-04 07:00:03.914845+00:00
1458544,0,Rozalia Abgarian,Rozalia Abgarian,Acting,2025-03-02 01:14:54.379063+00:00,2025-03-04 07:00:03.914845+00:00
3389387,0,Albert Bosch,Albert Bosch,Acting,2025-03-02 01:14:54.379063+00:00,2025-03-04 07:00:03.914845+00:00
4744198,0,楊英風,楊英風,Acting,2025-03-02 01:14:54.379063+00:00,2025-03-04 07:00:03.914845+00:00
3730449,0,Wes Zheng,Wes Zheng,Acting,2025-03-02 01:14:54.379063+00:00,2025-03-04 07:00:03.914845+00:00
3761493,0,Huei-ling Jan,Huei-ling Jan,Acting,2025-03-02 01:14:54.379063+00:00,2025-03-04 07:00:03.914845+00:00
1923828,0,Farzad Sohrabi,Farzad Sohrabi,Acting,2025-03-02 01:14:54.379063+00:00,2025-03-04 07:00:03.914845+00:00
120803,0,Naomi Uno,宇野なおみ,Acting,2025-03-02 01:14:54.379063+00:00,2025-03-04 07:00:03.914845+00:00
4590928,1,Yuki Masuda,Yuki Masuda,Acting,2025-03-02 01:14:54.379063+00:00,2025-03-04 07:00:03.914845+00:00
1310288,1,Mimi Kung,龔慈恩,Acting,2025-03-02 01:14:54.379063+00:00,2025-03-04 07:00:03.914845+00:00
2168270,1,Adeline Rudolph,Adeline Rudolph,Acting,2025-03-02 01:14:54.379063+00:00,2025-03-04 07:00:03.914845+00:00
1028517,1,Cristina Banegas,Cristina Banegas,Acting,2025-03-02 01:14:54.379063+00:00,2025-03-04 07:00:03.914845+00:00
2787956,1,Oto Abe,安倍乙,Acting,2025-03-02 01:14:54.379063+00:00,2025-03-04 07:00:03.914845+00:00
2151547,1,Seina Nakata,中田青渚,Acting,2025-03-02 01:14:54.379063+00:00,2025-03-04 07:00:03.914845+00:00
1809206,1,Chutimon Chuengcharoensukying,ชุติมณฑน์ จึงเจริญสุขยิ่ง,Acting,2025-03-02 01:14:54.379063+00:00,2025-03-04 07:00:03.914845+00:00
136806,1,Jana Plodková,Jana Plodková,Acting,2025-03-02 01:14:54.379063+00:00,2025-03-04 07:00:03.914845+00:00
3278336,1,Duangjai Hiransri,ดวงใจ หิรัญศรี,Acting,2025-03-02 01:14:54.379063+00:00,2025-03-04 07:00:03.914845+00:00
126741,1,Kim Ho-jung,김호정,Acting,2025-03-02 01:14:54.379063+00:00,2025-03-04 07:00:03.914845+00:00
1240487,1,Kate McKinnon,Kate McKinnon,Acting,2025-03-02 01:14:54.379063+00:00,2025-03-04 07:00:03.914845+00:00
1396124,1,Sosie Bacon,Sosie Bacon,Acting,2025-03-02 01:14:54.379063+00:00,2025-03-04 07:00:03.914845+00:00
1043245,1,Yang Hui-shan,Yang Hui-shan,Acting,2025-03-02 01:14:54.379063+00:00,2025-03-04 07:00:03.914845+00:00
3293,1,Rachel Weisz,Rachel Weisz,Acting,2025-03-02 01:14:54.379063+00:00,2025-03-04 07:00:03.914845+00:00
2796444,1,Ling-Wei Lee,Ling-Wei Lee,Acting,2025-03-02 01:14:54.379063+00:00,2025-03-04 07:00:03.914845+00:00
9190,1,Koyuki,小雪,Acting,2025-03-02 01:14:54.379063+00:00,2025-03-04 07:00:03.914845+00:00
1432841,1,Lee Young-lan,이영란,Acting,2025-03-02 01:14:54.379063+00:00,2025-03-04 07:00:03.914845+00:00
938251,1,Myolie Wu Hang-Yee,胡杏兒,Acting,2025-03-02 01:14:54.379063+00:00,2025-03-04 07:00:03.914845+00:00
63522,1,Sofía Vergara,Sofía Vergara,Acting,2025-03-02 01:14:54.379063+00:00,2025-03-04 07:00:03.914845+00:00
1565358,1,Yumiri Hanamori,花守ゆみり,Acting,2025-03-02 01:14:54.379063+00:00,2025-03-04 07:00:03.914845+00:00
111981,1,Supakson Ruengsomboon,ภักษร ไชยมงคล,Acting,2025-03-02 01:14:54.379063+00:00,2025-03-04 07:00:03.914845+00:00
502397,1,Aylin Tezel,Aylin Tezel,Acting,2025-03-02 01:14:54.379063+00:00,2025-03-04 07:00:03.914845+00:00
125830,1,Hélène Florent,Hélène Florent,Acting,2025-03-02 01:14:54.379063+00:00,2025-03-04 07:00:03.914845+00:00
1055235,1,Quvenzhané Wallis,Quvenzhané Wallis,Acting,2025-03-02 01:14:54.379063+00:00,2025-03-04 07:00:03.914845+00:00
126345,1,Karena Lam Kar-Yan,Karena Lam Kar-Yan,Acting,2025-03-02 01:14:54.379063+00:00,2025-03-04 07:00:03.914845+00:00
1324927,1,Chika Anzai,安済知佳,Acting,2025-03-02 01:14:54.379063+00:00,2025-03-04 07:00:03.914845+00:00
96625,1,Minka Kelly,Minka Kelly,Acting,2025-03-02 01:14:54.379063+00:00,2025-03-04 07:00:03.914845+00:00
55662,1,Noriko Hidaka,日髙のり子,Acting,2025-03-02 01:14:54.379063+00:00,2025-03-04 07:00:03.914845+00:00
1351055,1,Ye Su-jeong,예수정,Acting,2025-03-02 01:14:54.379063+00:00,2025-03-04 07:00:03.914845+00:00
127220,1,Rei Dan,檀れい,Acting,2025-03-02 01:14:54.379063+00:00,2025-03-04 07:00:03.914845+00:00
1425274,1,Moon Sook,문숙,Acting,2025-03-02 01:14:54.379063+00:00,2025-03-04 07:00:03.914845+00:00
2332076,1,Hwasa,화사,Acting,2025-03-02 01:14:54.379063+00:00,2025-03-04 07:00:03.914845+00:00
2283930,1,Piper Rubio,Piper Rubio,Acting,2025-03-02 01:14:54.379063+00:00,2025-03-04 07:00:03.914845+00:00
2424471,1,Sawanee Utoomma,สวนีย์ อุทุมมา,Acting,2025-03-02 01:14:54.379063+00:00,2025-03-04 07:00:03.914845+00:00
3481,1,Yohana Cobo,Yohana Cobo,Acting,2025-03-02 01:14:54.379063+00:00,2025-03-04 07:00:03.914845+00:00
145326,1,Alessandra Mastronardi,Alessandra Mastronardi,Acting,2025-03-02 01:14:54.379063+00:00,2025-03-04 07:00:03.914845+00:00
2043430,1,Jenna Davis,Jenna Davis,Acting,2025-03-02 01:14:54.379063+00:00,2025-03-04 07:00:03.914845+00:00
1397017,1,Liu Yase,劉雅瑟,Acting,2025-03-02 01:14:54.379063+00:00,2025-03-04 07:00:03.914845+00:00
148287,1,Tomoyo Harada,原田知世,Acting,2025-03-02 01:14:54.379063+00:00,2025-03-04 07:00:03.914845+00:00
6250,1,Romy Schneider,Romy Schneider,Acting,2025-03-02 01:14:54.379063+00:00,2025-03-04 07:00:03.914845+00:00
239610,1,Bunjaku Han,范文雀,Acting,2025-03-02 01:14:54.379063+00:00,2025-03-04 07:00:03.914845+00:00
2584574,1,Emilie Kroyer Koppel,Emilie Kroyer Koppel,Acting,2025-03-02 01:14:54.379063+00:00,2025-03-04 07:00:03.914845+00:00
1471864,1,Haruka Kudo,工藤遥,Acting,2025-03-02 01:14:54.379063+00:00,2025-03-04 07:00:03.914845+00:00
1368507,1,Elizabeth Lail,Elizabeth Lail,Acting,2025-03-02 01:14:54.379063+00:00,2025-03-04 07:00:03.914845+00:00
1411561,1,Sasha Luss,Sasha Luss,Acting,2025-03-02 01:14:54.379063+00:00,2025-03-04 07:00:03.914845+00:00
4691805,1,Mew Sadanan Thipchan,Sadanan Thipchan,Acting,2025-03-02 01:14:54.379063+00:00,2025-03-04 07:00:03.914845+00:00
118545,1,Dakota Johnson,Dakota Johnson,Acting,2025-03-02 01:14:54.379063+00:00,2025-03-04 07:00:03.914845+00:00
1408809,1,Hannah John-Kamen,Hannah John-Kamen,Acting,2025-03-02 01:14:54.379063+00:00,2025-03-04 07:00:03.914845+00:00
1078979,1,Danica Ćurčić,Danica Ćurčić,Acting,2025-03-02 01:14:54.379063+00:00,2025-03-04 07:00:03.914845+00:00
4980600,1,Kureha Maki,牧紅葉,Acting,2025-03-02 01:14:54.379063+00:00,2025-03-04 07:00:03.914845+00:00
1247111,1,Cheryl Yang,楊謹華,Acting,2025-03-02 01:14:54.379063+00:00,2025-03-04 07:00:03.914845+00:00
2973301,1,Park Mi-so,박미소,Acting,2025-03-02 01:14:54.379063+00:00,2025-03-04 07:00:03.914845+00:00
3809,1,Francesca Neri,Francesca Neri,Acting,2025-03-02 01:14:54.379063+00:00,2025-03-04 07:00:03.914845+00:00
2648396,1,Rosy McEwen,Rosy McEwen,Acting,2025-03-02 01:14:54.379063+00:00,2025-03-04 07:00:03.914845+00:00
21658,1,Ryoko Hirosue,広末涼子,Acting,2025-03-02 01:14:54.379063+00:00,2025-03-04 07:00:03.914845+00:00
2644771,1,Park So-yi,박소이,Acting,2025-03-02 01:14:54.379063+00:00,2025-03-04 07:00:03.914845+00:00
4919981,2,Tin,黃文廷,Acting,2025-03-02 01:14:54.379063+00:00,2025-03-04 07:00:03.914845+00:00
3736013,2,Wilang Lalin,Wilang Lalin,Acting,2025-03-02 01:14:54.379063+00:00,2025-03-04 07:00:03.914845+00:00
109436,2,Ying Da,Ying Da,Acting,2025-03-02 01:14:54.379063+00:00,2025-03-04 07:00:03.914845+00:00
1366985,2,Michael Klammer,Michael Klammer,Acting,2025-03-02 01:14:54.379063+00:00,2025-03-04 07:00:03.914845+00:00
3438780,2,Jeremy Lau Ying-Ting,柳應廷,Acting,2025-03-02 01:14:54.379063+00:00,2025-03-04 07:00:03.914845+00:00
1296101,2,Lee Moon-Su,Lee Moon-Su,Acting,2025-03-02 01:14:54.379063+00:00,2025-03-04 07:00:03.914845+00:00
2106489,2,Taito Ban,坂泰斗,Acting,2025-03-02 01:14:54.379063+00:00,2025-03-04 07:00:03.914845+00:00
11357,2,Bruce Campbell,Bruce Campbell,Acting,2025-03-02 01:14:54.379063+00:00,2025-03-04 07:00:03.914845+00:00
135200,2,Ikuji Nakamura,中村育二,Acting,2025-03-02 01:14:54.379063+00:00,2025-03-04 07:00:03.914845+00:00
18999,2,J.K. Simmons,J.K. Simmons,Acting,2025-03-02 01:14:54.379063+00:00,2025-03-04 07:00:03.914845+00:00
588175,2,Lars Ranthe,Lars Ranthe,Acting,2025-03-02 01:14:54.379063+00:00,2025-03-04 07:00:03.914845+00:00
45152,2,Olivier Gourmet,Olivier Gourmet,Acting,2025-03-02 01:14:54.379063+00:00,2025-03-04 07:00:03.914845+00:00
60719,2,Hiro Kanagawa,Hiro Kanagawa,Acting,2025-03-02 01:14:54.379063+00:00,2025-03-04 07:00:03.914845+00:00
589351,2,Marcin Bosak,Marcin Bosak,Acting,2025-03-02 01:14:54.379063+00:00,2025-03-04 07:00:03.914845+00:00
1894422,2,Victor Belmondo,Victor Belmondo,Acting,2025-03-02 01:14:54.379063+00:00,2025-03-04 07:00:03.914845+00:00
963911,2,Nicolás Saavedra,Nicolás Saavedra,Acting,2025-03-02 01:14:54.379063+00:00,2025-03-04 07:00:03.914845+00:00
1745006,2,Alan Luk,陸駿光,Acting,2025-03-02 01:14:54.379063+00:00,2025-03-04 07:00:03.914845+00:00
72466,2,Colin Farrell,Colin Farrell,Acting,2025-03-02 01:14:54.379063+00:00,2025-03-04 07:00:03.914845+00:00
93803,2,Mamoru Miyano,宮野真守,Acting,2025-03-02 01:14:54.379063+00:00,2025-03-04 07:00:03.914845+00:00
213596,2,Clemens Schick,Clemens Schick,Acting,2025-03-02 01:14:54.379063+00:00,2025-03-04 07:00:03.914845+00:00
2267,2,Michael Bates,Michael Bates,Acting,2025-03-02 01:14:54.379063+00:00,2025-03-04 07:00:03.914845+00:00
2721785,2,Esmaeel Mehrabi,اسماعیل محرابی,Acting,2025-03-02 01:14:54.379063+00:00,2025-03-04 07:00:03.914845+00:00
116321,2,Masato Hagiwara,萩原聖人,Acting,2025-03-02 01:14:54.379063+00:00,2025-03-04 07:00:03.914845+00:00
127684,2,Wei-min Ying,Wei-min Ying,Acting,2025-03-02 01:14:54.379063+00:00,2025-03-04 07:00:03.914845+00:00
2636410,2,Kyohei Takahashi,Kyohei Takahashi,Acting,2025-03-02 01:14:54.379063+00:00,2025-03-04 07:00:03.914845+00:00
2239782,2,Ryu Kyung-soo,류경수,Acting,2025-03-02 01:14:54.379063+00:00,2025-03-04 07:00:03.914845+00:00
2370779,2,Um Mun-suk,음문석,Acting,2025-03-02 01:14:54.379063+00:00,2025-03-04 07:00:03.914845+00:00
15757,2,Ray Romano,Ray Romano,Acting,2025-03-02 01:14:54.379063+00:00,2025-03-04 07:00:03.914845+00:00
8196,2,Ulrich Mühe,Ulrich Mühe,Acting,2025-03-02 01:14:54.379063+00:00,2025-03-04 07:00:03.914845+00:00
1272480,2,Raphael Grosz-Harvey,Raphael Grosz-Harvey,Acting,2025-03-02 01:14:54.379063+00:00,2025-03-04 07:00:03.914845+00:00
121530,2,Grégoire Leprince-Ringuet,Grégoire Leprince-Ringuet,Acting,2025-03-02 01:14:54.379063+00:00,2025-03-04 07:00:03.914845+00:00
1597840,2,Enno Trebs,Enno Trebs,Acting,2025-03-02 01:14:54.379063+00:00,2025-03-04 07:00:03.914845+00:00
20053,2,Eric Sykes,Eric Sykes,Acting,2025-03-02 01:14:54.379063+00:00,2025-03-04 07:00:03.914845+00:00
70132,2,Akira Terao,寺尾聰,Acting,2025-03-02 01:14:54.379063+00:00,2025-03-04 07:00:03.914845+00:00
234365,2,Shirō Itō,伊東四朗,Acting,2025-03-02 01:14:54.379063+00:00,2025-03-04 07:00:03.914845+00:00
2489738,2,Abhishek Chauhan,Abhishek Chauhan,Acting,2025-03-02 01:14:54.379063+00:00,2025-03-04 07:00:03.914845+00:00
3784,2,Michel Piccoli,Michel Piccoli,Acting,2025-03-02 01:14:54.379063+00:00,2025-03-04 07:00:03.914845+00:00
17342,2,Paul Adelstein,Paul Adelstein,Acting,2025-03-02 01:14:54.379063+00:00,2025-03-04 07:00:03.914845+00:00
24421,2,Jean Rochefort,Jean Rochefort,Acting,2025-03-02 01:14:54.379063+00:00,2025-03-04 07:00:03.914845+00:00
66155,2,Hiroshi Abe,阿部寛,Acting,2025-03-02 01:14:54.379063+00:00,2025-03-04 07:00:03.914845+00:00
1564005,2,Atom Sunada,砂田アトム,Acting,2025-03-02 01:14:54.379063+00:00,2025-03-04 07:00:03.914845+00:00
203637,2,Benjamin Arthur,Benjamin Arthur,Acting,2025-03-02 01:14:54.379063+00:00,2025-03-04 07:00:03.914845+00:00
138758,2,Daniel Aráoz,Daniel Aráoz,Acting,2025-03-02 01:14:54.379063+00:00,2025-03-04 07:00:03.914845+00:00
3731453,2,Yi-tai Chiu,邱以太,Acting,2025-03-02 01:14:54.379063+00:00,2025-03-04 07:00:03.914845+00:00
47827,2,Luca Bizzarri,Luca Bizzarri,Acting,2025-03-02 01:14:54.379063+00:00,2025-03-04 07:00:03.914845+00:00
2106235,2,Francis-William Rhéaume,Francis-William Rhéaume,Acting,2025-03-02 01:14:54.379063+00:00,2025-03-04 07:00:03.914845+00:00
581855,2,Jag Huang,黃健瑋,Acting,2025-03-02 01:14:54.379063+00:00,2025-03-04 07:00:03.914845+00:00
1890584,2,Jeremy T. Thomas,Jeremy T. Thomas,Acting,2025-03-02 01:14:54.379063+00:00,2025-03-04 07:00:03.914845+00:00
121800,2,Takamasa Suga,須賀貴匡,Acting,2025-03-02 01:14:54.379063+00:00,2025-03-04 07:00:03.914845+00:00
2369,2,Michael Lonsdale,Michael Lonsdale,Acting,2025-03-02 01:14:54.379063+00:00,2025-03-04 07:00:03.914845+00:00
158097,2,Tom Ohmer,Tom Ohmer,Acting,2025-03-02 01:14:54.379063+00:00,2025-03-04 07:00:03.914845+00:00
1575923,2,Grzegorz Małecki,Grzegorz Małecki,Acting,2025-03-02 01:14:54.379063+00:00,2025-03-04 07:00:03.914845+00:00
17782,2,Colm Meaney,Colm Meaney,Acting,2025-03-02 01:14:54.379063+00:00,2025-03-04 07:00:03.914845+00:00
552084,2,Bowie Lam,林保怡,Acting,2025-03-02 01:14:54.379063+00:00,2025-03-04 07:00:03.914845+00:00
115301,2,Jun Fukushima,福島潤,Acting,2025-03-02 01:14:54.379063+00:00,2025-03-04 07:00:03.914845+00:00
1303037,2,Taron Egerton,Taron Egerton,Acting,2025-03-02 01:14:54.379063+00:00,2025-03-04 07:00:03.914845+00:00
2380397,2,Micheal Ward,Micheal Ward,Acting,2025-03-02 01:14:54.379063+00:00,2025-03-04 07:00:03.914845+00:00
3421219,2,DeeGor Ho,DeeGor Ho,Acting,2025-03-02 01:14:54.379063+00:00,2025-03-04 07:00:03.914845+00:00
544107,2,Hyun Bin,현빈,Acting,2025-03-02 01:14:54.379063+00:00,2025-03-04 07:00:03.914845+00:00
20508,2,Iain Glen,Iain Glen,Acting,2025-03-02 01:14:54.379063+00:00,2025-03-04 07:00:03.914845+00:00
2934453,2,Laïs Salameh,Laïs Salameh,Acting,2025-03-02 01:14:54.379063+00:00,2025-03-04 07:00:03.914845+00:00
1562140,2,Kengo Takanashi,高梨謙吾,Acting,2025-03-02 01:14:54.379063+00:00,2025-03-04 07:00:03.914845+00:00
96958,2,Tony Yang,楊祐寧,Acting,2025-03-02 01:14:54.379063+00:00,2025-03-04 07:00:03.914845+00:00
1347175,2,Kim Eui-sung,김의성,Acting,2025-03-02 01:14:54.379063+00:00,2025-03-04 07:00:03.914845+00:00
1624255,2,Kuang-Yao Fan,樊光耀,Acting,2025-03-02 01:14:54.379063+00:00,2025-03-04 07:00:03.914845+00:00
1352056,2,Yama Carlos,Yama Carlos,Acting,2025-03-02 01:14:54.379063+00:00,2025-03-04 07:00:03.914845+00:00
1155290,1,Gina S. Noer,Gina S. Noer,Directing,2025-03-02 01:14:54.379063+00:00,2025-03-04 07:00:03.914845+00:00
120643,1,Yim Soon-rye,임순례,Directing,2025-03-02 01:14:54.379063+00:00,2025-03-04 07:00:03.914845+00:00
2441846,1,Yuho Ishibashi,Yuho Ishibashi,Directing,2025-03-02 01:14:54.379063+00:00,2025-03-04 07:00:03.914845+00:00
2744791,1,Aya Matsuki,松木彩,Directing,2025-03-02 01:14:54.379063+00:00,2025-03-04 07:00:03.914845+00:00
1275319,2,Moritz Mohr,Moritz Mohr,Directing,2025-03-02 01:14:54.379063+00:00,2025-03-04 07:00:03.914845+00:00
2196924,2,Elvis Lu,盧盈良,Directing,2025-03-02 01:14:54.379063+00:00,2025-03-04 07:00:03.914845+00:00
2421793,2,Bishal Dutta,Bishal Dutta,Directing,2025-03-02 01:14:54.379063+00:00,2025-03-04 07:00:03.914845+00:00
239672,2,Felix van Groeningen,Felix van Groeningen,Directing,2025-03-02 01:14:54.379063+00:00,2025-03-04 07:00:03.914845+00:00
69759,2,Apichatpong Weerasethakul,Apichatpong Weerasethakul,Directing,2025-03-02 01:14:54.379063+00:00,2025-03-04 07:00:03.914845+00:00
2856873,2,Naruebet Kuno,นฤเบศ กูโน,Directing,2025-03-02 01:14:54.379063+00:00,2025-03-04 07:00:03.914845+00:00
557984,2,Kirill Serebrennikov,Kirill Serebrennikov,Directing,2025-03-02 01:14:54.379063+00:00,2025-03-04 07:00:03.914845+00:00
2686610,2,Choi Yun-ho,Choi Yun-ho,Directing,2025-03-02 01:14:54.379063+00:00,2025-03-04 07:00:03.914845+00:00
2836746,2,Chen-Hao Yin,Chen-Hao Yin,Directing,2025-03-02 01:14:54.379063+00:00,2025-03-04 07:00:03.914845+00:00
74026,2,Hsu Hsiao-Ming,Hsu Hsiao-Ming,Directing,2025-03-02 01:14:54.379063+00:00,2025-03-04 07:00:03.914845+00:00
2451598,2,Kemp Powers,Kemp Powers,Directing,2025-03-02 01:14:54.379063+00:00,2025-03-04 07:00:03.914845+00:00
6521,2,Alberto Rodríguez,Alberto Rodríguez,Directing,2025-03-02 01:14:54.379063+00:00,2025-03-04 07:00:03.914845+00:00
92831,2,Herman Yau,邱禮濤,Directing,2025-03-02 01:14:54.379063+00:00,2025-03-04 07:00:03.914845+00:00
1081062,2,Chen Hwai-En,Chen Hwai-En,Directing,2025-03-02 01:14:54.379063+00:00,2025-03-04 07:00:03.914845+00:00
1399841,2,Adil El Arbi,Adil El Arbi,Directing,2025-03-02 01:14:54.379063+00:00,2025-03-04 07:00:03.914845+00:00
32226,2,Pascal-Alex Vincent,Pascal-Alex Vincent,Directing,2025-03-02 01:14:54.379063+00:00,2025-03-04 07:00:03.914845+00:00
2352,2,Jean-Jacques Annaud,Jean-Jacques Annaud,Directing,2025-03-02 01:14:54.379063+00:00,2025-03-04 07:00:03.914845+00:00
93364,2,Jeff Fowler,Jeff Fowler,Directing,2025-03-02 01:14:54.379063+00:00,2025-03-04 07:00:03.914845+00:00
285104,2,Nabil Ayouch,Nabil Ayouch,Directing,2025-03-02 01:14:54.379063+00:00,2025-03-04 07:00:03.914845+00:00
1276373,2,Michael Gracey,Michael Gracey,Directing,2025-03-02 01:14:54.379063+00:00,2025-03-04 07:00:03.914845+00:00
3927005,2,Han-Ting Yu,Han-Ting Yu,Directing,2025-03-02 01:14:54.379063+00:00,2025-03-04 07:00:03.914845+00:00
1124422,2,Davy Chou,Davy Chou,Directing,2025-03-02 01:14:54.379063+00:00,2025-03-04 07:00:03.914845+00:00
77162,2,Rodrigo García,Rodrigo García,Directing,2025-03-02 01:14:54.379063+00:00,2025-03-04 07:00:03.914845+00:00
962478,2,Kongdej Jaturanrasmee,Kongdej Jaturanrasmee,Directing,2025-03-02 01:14:54.379063+00:00,2025-03-04 07:00:03.914845+00:00
146515,2,Taweewat Wantha,Taweewat Wantha,Directing,2025-03-02 01:14:54.379063+00:00,2025-03-04 07:00:03.914845+00:00
3056,2,Jeremy Thomas,Jeremy Thomas,Production,2025-03-02 01:14:54.379063+00:00,2025-03-04 07:00:03.914845+00:00
1488942,1,Mette Tange,Mette Tange,Visual Effects,2025-03-02 01:14:54.379063+00:00,2025-03-04 07:00:03.914845+00:00
1312056,0,Marie Amachoukeli,Marie Amachoukeli,Writing,2025-03-02 01:14:54.379063+00:00,2025-03-04 07:00:03.914845+00:00
1136125,1,Fu-wha Jan,Fu-wha Jan,Writing,2025-03-02 01:14:54.379063+00:00,2025-03-04 07:00:03.914845+00:00
3268863,0,Daniel Karimyar,Daniel Karimyar,Acting,2025-03-02 01:14:54.379063+00:00,2025-03-04 07:00:03.914845+00:00
1187800,0,Satoko Iwasaki,Satoko Iwasaki,Acting,2025-03-02 01:14:54.379063+00:00,2025-03-04 07:00:03.914845+00:00
2646484,0,Park Jae-han,Park Jae-han,Acting,2025-03-02 01:14:54.379063+00:00,2025-03-04 07:00:03.914845+00:00
4200087,0,Michael Kleeman,Michael Kleeman,Acting,2025-03-02 01:14:54.379063+00:00,2025-03-04 07:00:03.914845+00:00
4947769,0,Sjaid Foncé,Sjaid Foncé,Acting,2025-03-02 01:14:54.379063+00:00,2025-03-04 07:00:03.914845+00:00
1816413,0,Tahereh Ladanian,Tahereh Ladanian,Acting,2025-03-02 01:14:54.379063+00:00,2025-03-04 07:00:03.914845+00:00
4744200,0,釋寬謙,釋寬謙,Acting,2025-03-02 01:14:54.379063+00:00,2025-03-04 07:00:03.914845+00:00
3525701,0,Juan Acedo,Juan Acedo,Acting,2025-03-02 01:14:54.379063+00:00,2025-03-04 07:00:03.914845+00:00
3359403,0,Kate Duffy,Kate Duffy,Acting,2025-03-02 01:14:54.379063+00:00,2025-03-04 07:00:03.914845+00:00
3558808,0,Shohei Shofukutei,Shohei Shofukutei,Acting,2025-03-02 01:14:54.379063+00:00,2025-03-04 07:00:03.914845+00:00
3119799,0,Murakami Maito Raul,Murakami Maito Raul,Acting,2025-03-02 01:14:54.379063+00:00,2025-03-04 07:00:03.914845+00:00
2997171,0,Miguel Ángel Pérez,Miguel Ángel Pérez,Acting,2025-03-02 01:14:54.379063+00:00,2025-03-04 07:00:03.914845+00:00
117532,0,Mir Hossein Noori,Mir Hossein Noori,Acting,2025-03-02 01:14:54.379063+00:00,2025-03-04 07:00:03.914845+00:00
1257215,1,Mizuki Yamamoto,山本美月,Acting,2025-03-02 01:14:54.379063+00:00,2025-03-04 07:00:03.914845+00:00
53429,1,Clotilde Hesme,Clotilde Hesme,Acting,2025-03-02 09:35:42.269341+00:00,2025-03-04 07:00:03.914845+00:00
3791484,1,Li Tavor,Li Tavor,Acting,2025-03-02 01:14:54.379063+00:00,2025-03-04 07:00:03.914845+00:00
1502396,1,Misuzu Kanno,神野三鈴,Acting,2025-03-02 01:14:54.379063+00:00,2025-03-04 07:00:03.914845+00:00
2424462,1,Panisara Rikulsurakan,ปาณิสรา ริกุลสุรกาน,Acting,2025-03-02 01:14:54.379063+00:00,2025-03-04 07:00:03.914845+00:00
6831,1,Claire Pakis,Claire Pakis,Acting,2025-03-02 01:14:54.379063+00:00,2025-03-04 07:00:03.914845+00:00
85174,1,Song Ji-hyo,송지효,Acting,2025-03-02 01:14:54.379063+00:00,2025-03-04 07:00:03.914845+00:00
1878202,1,Diệu Nhi,Diệu Nhi,Acting,2025-03-02 01:14:54.379063+00:00,2025-03-04 07:00:03.914845+00:00
2260343,1,Mina Kavani,Mina Kavani,Acting,2025-03-02 01:14:54.379063+00:00,2025-03-04 07:00:03.914845+00:00
1339188,1,Moe Toyota,豊田萌絵,Acting,2025-03-02 01:14:54.379063+00:00,2025-03-04 07:00:03.914845+00:00
118178,1,Virginie Efira,Virginie Efira,Acting,2025-03-02 01:14:54.379063+00:00,2025-03-04 07:00:03.914845+00:00
2799693,1,Felizia Trube,Felizia Trube,Acting,2025-03-02 01:14:54.379063+00:00,2025-03-04 07:00:03.914845+00:00
1200923,1,Hsia Yu-chiao,夏于喬,Acting,2025-03-02 01:14:54.379063+00:00,2025-03-04 07:00:03.914845+00:00
3376219,1,Nonna Cardoner,Nonna Cardoner,Acting,2025-03-02 01:14:54.379063+00:00,2025-03-04 07:00:03.914845+00:00
2408703,1,Maria Bakalova,Maria Bakalova,Acting,2025-03-02 01:14:54.379063+00:00,2025-03-04 07:00:03.914845+00:00
21577,1,Julie-Anne Roth,Julie-Anne Roth,Acting,2025-03-02 01:14:54.379063+00:00,2025-03-04 07:00:03.914845+00:00
2329587,1,Aamu Milonoff,Aamu Milonoff,Acting,2025-03-02 01:14:54.379063+00:00,2025-03-04 07:00:03.914845+00:00
71057,1,Zhou Xun,周迅,Acting,2025-03-02 01:14:54.379063+00:00,2025-03-04 07:00:03.914845+00:00
2300122,1,Nell Verlaque,Nell Verlaque,Acting,2025-03-02 01:14:54.379063+00:00,2025-03-04 07:00:03.914845+00:00
38809,1,Camilla Rutherford,Camilla Rutherford,Acting,2025-03-02 01:14:54.379063+00:00,2025-03-04 07:00:03.914845+00:00
70706,1,Vivian Hsu,徐若瑄,Acting,2025-03-02 01:14:54.379063+00:00,2025-03-04 07:00:03.914845+00:00
2908299,1,Vicky Tseng,曾莞婷,Acting,2025-03-02 01:14:54.379063+00:00,2025-03-04 07:00:03.914845+00:00
1281010,1,Jojo Goh,Jojo Goh,Acting,2025-03-02 01:14:54.379063+00:00,2025-03-04 07:00:03.914845+00:00
984711,1,Kate Drummond,Kate Drummond,Acting,2025-03-02 01:14:54.379063+00:00,2025-03-04 07:00:03.914845+00:00
164094,1,Marin Ireland,Marin Ireland,Acting,2025-03-02 01:14:54.379063+00:00,2025-03-04 07:00:03.914845+00:00
1681939,1,Tomo Kasajima,Tomo Kasajima,Acting,2025-03-02 01:14:54.379063+00:00,2025-03-04 07:00:03.914845+00:00
1061583,1,Greta Fernández,Greta Fernández,Acting,2025-03-02 01:14:54.379063+00:00,2025-03-04 07:00:03.914845+00:00
624,1,Yoshiko Sakakibara,榊原良子,Acting,2025-03-02 01:14:54.379063+00:00,2025-03-04 07:00:03.914845+00:00
63234,1,Wendi McLendon-Covey,Wendi McLendon-Covey,Acting,2025-03-02 01:14:54.379063+00:00,2025-03-04 07:00:03.914845+00:00
2937356,1,Ajitha V M,Ajitha V M,Acting,2025-03-02 01:14:54.379063+00:00,2025-03-04 07:00:03.914845+00:00
1338902,1,Jaina Lee Ortiz,Jaina Lee Ortiz,Acting,2025-03-02 01:14:54.379063+00:00,2025-03-04 07:00:03.914845+00:00
129960,1,Fumi Hirano,平野文,Acting,2025-03-02 01:14:54.379063+00:00,2025-03-04 07:00:03.914845+00:00
118034,1,Zawe Ashton,Zawe Ashton,Acting,2025-03-02 01:14:54.379063+00:00,2025-03-04 07:00:03.914845+00:00
1399177,1,Kani Kusruti,Kani Kusruti,Acting,2025-03-02 01:14:54.379063+00:00,2025-03-04 07:00:03.914845+00:00
36594,1,Juno Temple,Juno Temple,Acting,2025-03-02 01:14:54.379063+00:00,2025-03-04 07:00:03.914845+00:00
1256098,1,Ikumi Nakagami,中上育実,Acting,2025-03-02 01:14:54.379063+00:00,2025-03-04 07:00:03.914845+00:00
440414,1,Amy Schumer,Amy Schumer,Acting,2025-03-02 01:14:54.379063+00:00,2025-03-04 07:00:03.914845+00:00
1388593,1,Jodie Comer,Jodie Comer,Acting,2025-03-02 01:14:54.379063+00:00,2025-03-04 07:00:03.914845+00:00
228079,1,Kaho,夏帆,Acting,2025-03-02 01:14:54.379063+00:00,2025-03-04 07:00:03.914845+00:00
105421,1,Jo Kok Cho-lam,谷祖琳,Acting,2025-03-02 01:14:54.379063+00:00,2025-03-04 07:00:03.914845+00:00
2263768,1,Maylada Susri,เมลดา สุศรี,Acting,2025-03-02 01:14:54.379063+00:00,2025-03-04 07:00:03.914845+00:00
68816,1,Adèle Haenel,Adèle Haenel,Acting,2025-03-02 01:14:54.379063+00:00,2025-03-04 07:00:03.914845+00:00
1000574,1,Patricia Mok,Patricia Mok,Acting,2025-03-02 01:14:54.379063+00:00,2025-03-04 07:00:03.914845+00:00
1172108,1,Mckenna Grace,Mckenna Grace,Acting,2025-03-02 01:14:54.379063+00:00,2025-03-04 07:00:03.914845+00:00
156237,1,Kim Zimmer,Kim Zimmer,Acting,2025-03-02 01:14:54.379063+00:00,2025-03-04 07:00:03.914845+00:00
1530921,1,Miku Ito,伊藤美来,Acting,2025-03-02 01:14:54.379063+00:00,2025-03-04 07:00:03.914845+00:00
131246,1,Huang Lu,Huang Lu,Acting,2025-03-02 01:14:54.379063+00:00,2025-03-04 07:00:03.914845+00:00
40676,1,Dulcie Smart,Dulcie Smart,Acting,2025-03-02 01:14:54.379063+00:00,2025-03-04 07:00:03.914845+00:00
4156800,1,Liliana Ohno,大野りりあな,Acting,2025-03-02 01:14:54.379063+00:00,2025-03-04 07:00:03.914845+00:00
3790695,1,Kailey Hyman,Kailey Hyman,Acting,2025-03-02 01:14:54.379063+00:00,2025-03-04 07:00:03.914845+00:00
62547,1,Susanna Thompson,Susanna Thompson,Acting,2025-03-02 01:14:54.379063+00:00,2025-03-04 07:00:03.914845+00:00
5699,1,Patti LuPone,Patti LuPone,Acting,2025-03-02 01:14:54.379063+00:00,2025-03-04 07:00:03.914845+00:00
2052200,1,Juliet Doherty,Juliet Doherty,Acting,2025-03-02 01:14:54.379063+00:00,2025-03-04 07:00:03.914845+00:00
2946556,2,Sam Ashraf,Sam Ashraf,Acting,2025-03-02 01:14:54.379063+00:00,2025-03-04 07:00:03.914845+00:00
2797317,2,Mack Bayda,Mack Bayda,Acting,2025-03-02 01:14:54.379063+00:00,2025-03-04 07:00:03.914845+00:00
3796440,2,Cameron Nicoll,Cameron Nicoll,Acting,2025-03-02 01:14:54.379063+00:00,2025-03-04 07:00:03.914845+00:00
4194613,2,Napatsakorn Pingmuang,นภัสกร ปิงเมือง,Acting,2025-03-02 01:14:54.379063+00:00,2025-03-04 07:00:03.914845+00:00
1630180,2,Shang-Ho Huang,黃尚禾,Acting,2025-03-02 01:14:54.379063+00:00,2025-03-04 07:00:03.914845+00:00
1132643,2,Justin Cheung Kin-Sing,張建聲,Acting,2025-03-02 01:14:54.379063+00:00,2025-03-04 07:00:03.914845+00:00
144860,2,Julian Cheung Chi-Lam,張智霖,Acting,2025-03-02 01:14:54.379063+00:00,2025-03-04 07:00:03.914845+00:00
1133846,2,Gautam Belur,Gautam Belur,Acting,2025-03-02 01:14:54.379063+00:00,2025-03-04 07:00:03.914845+00:00
1129267,2,Dean Fujioka,ディーン・フジオカ,Acting,2025-03-02 01:14:54.379063+00:00,2025-03-04 07:00:03.914845+00:00
1384549,2,Takanori Iwata,岩田剛典,Acting,2025-03-02 01:14:54.379063+00:00,2025-03-04 07:00:03.914845+00:00
6614,2,Cole Hauser,Cole Hauser,Acting,2025-03-02 01:14:54.379063+00:00,2025-03-04 07:00:03.914845+00:00
2410,2,Serge Merlin,Serge Merlin,Acting,2025-03-02 01:14:54.379063+00:00,2025-03-04 07:00:03.914845+00:00
72732,2,Eddie Cheung Siu-Fai,張兆輝,Acting,2025-03-02 01:14:54.379063+00:00,2025-03-04 07:00:03.914845+00:00
1454804,2,Cha Sun-woo,차선우,Acting,2025-03-02 01:14:54.379063+00:00,2025-03-04 07:00:03.914845+00:00
2047,2,Danny Glover,Danny Glover,Acting,2025-03-02 01:14:54.379063+00:00,2025-03-04 07:00:03.914845+00:00
7853,2,Rodney A. Grant,Rodney A. Grant,Acting,2025-03-02 01:14:54.379063+00:00,2025-03-04 07:00:03.914845+00:00
1312061,2,Samuel Theis,Samuel Theis,Acting,2025-03-02 01:14:54.379063+00:00,2025-03-04 07:00:03.914845+00:00
2959215,2,Won Tae-min,Won Tae-min,Acting,2025-03-02 01:14:54.379063+00:00,2025-03-04 07:00:03.914845+00:00
1499833,2,Jonno Davies,Jonno Davies,Acting,2025-03-02 01:14:54.379063+00:00,2025-03-04 07:00:03.914845+00:00
1576969,2,Du Jiang,Du Jiang,Acting,2025-03-02 01:14:54.379063+00:00,2025-03-04 07:00:03.914845+00:00
2749667,2,Eason Hung,洪浚嘉,Acting,2025-03-02 01:14:54.379063+00:00,2025-03-04 07:00:03.914845+00:00
2352692,2,Hatik,Hatik,Acting,2025-03-02 01:14:54.379063+00:00,2025-03-04 07:00:03.914845+00:00
221611,2,Jonathan Groff,Jonathan Groff,Acting,2025-03-02 01:14:54.379063+00:00,2025-03-04 07:00:03.914845+00:00
2889663,2,Tzu-Chiang Wang,Tzu-Chiang Wang,Acting,2025-03-02 01:14:54.379063+00:00,2025-03-04 07:00:03.914845+00:00
2692286,2,Peter Ondrejička,Peter Ondrejička,Acting,2025-03-02 01:14:54.379063+00:00,2025-03-04 07:00:03.914845+00:00
586677,2,Florian Teichtmeister,Florian Teichtmeister,Acting,2025-03-02 01:14:54.379063+00:00,2025-03-04 07:00:03.914845+00:00
136888,2,Chien-wen Wang,Chien-wen Wang,Acting,2025-03-02 01:14:54.379063+00:00,2025-03-04 07:00:03.914845+00:00
246,2,Gary Lockwood,Gary Lockwood,Acting,2025-03-02 01:14:54.379063+00:00,2025-03-04 07:00:03.914845+00:00
69899,2,Zachary Levi,Zachary Levi,Acting,2025-03-02 01:14:54.379063+00:00,2025-03-04 07:00:03.914845+00:00
1079780,2,Daniel Martin Berkey,Daniel Martin Berkey,Acting,2025-03-02 01:14:54.379063+00:00,2025-03-04 07:00:03.914845+00:00
13324,2,Paul Scofield,Paul Scofield,Acting,2025-03-02 01:14:54.379063+00:00,2025-03-04 07:00:03.914845+00:00
1907750,2,Yosuke Sugino,杉野遥亮,Acting,2025-03-02 01:14:54.379063+00:00,2025-03-04 07:00:03.914845+00:00
2159489,2,Christian Charisiou,Christian Charisiou,Acting,2025-03-02 01:14:54.379063+00:00,2025-03-04 07:00:03.914845+00:00
570506,2,Henry Thia,Henry Thia,Acting,2025-03-02 01:14:54.379063+00:00,2025-03-04 07:00:03.914845+00:00
79072,2,Kevin Durand,Kevin Durand,Acting,2025-03-02 01:14:54.379063+00:00,2025-03-04 07:00:03.914845+00:00
53577,2,Maxwell McCabe-Lokos,Maxwell McCabe-Lokos,Acting,2025-03-02 01:14:54.379063+00:00,2025-03-04 07:00:03.914845+00:00
1122960,2,Nicolas Wanczycki,Nicolas Wanczycki,Acting,2025-03-02 01:14:54.379063+00:00,2025-03-04 07:00:03.914845+00:00
88853,2,Jarkko Niemi,Jarkko Niemi,Acting,2025-03-02 01:14:54.379063+00:00,2025-03-04 07:00:03.914845+00:00
1937442,2,Jamil McCraven,Jamil McCraven,Acting,2025-03-02 01:14:54.379063+00:00,2025-03-04 07:00:03.914845+00:00
1299516,2,Song Sae-byuk,송새벽,Acting,2025-03-02 01:14:54.379063+00:00,2025-03-04 07:00:03.914845+00:00
1724242,2,Dmitry Vlaskin,Дмитрий Власкин,Acting,2025-03-02 01:14:54.379063+00:00,2025-03-04 07:00:03.914845+00:00
1515488,2,Mikołaj Roznerski,Mikołaj Roznerski,Acting,2025-03-02 01:14:54.379063+00:00,2025-03-04 07:00:03.914845+00:00
1251764,2,Shintaro Morimoto,森本慎太郎,Acting,2025-03-02 01:14:54.379063+00:00,2025-03-04 07:00:03.914845+00:00
14692,2,Nick Castle,Nick Castle,Acting,2025-03-02 01:14:54.379063+00:00,2025-03-04 07:00:03.914845+00:00
227638,2,Ryu Seung-ryong,류승룡,Acting,2025-03-02 01:14:54.379063+00:00,2025-03-04 07:00:03.914845+00:00
2836726,2,Devin Pan,潘綱大,Acting,2025-03-02 01:14:54.379063+00:00,2025-03-04 07:00:03.914845+00:00
9642,2,Jude Law,Jude Law,Acting,2025-03-02 01:14:54.379063+00:00,2025-03-04 07:00:03.914845+00:00
64751,2,Mathieu Demy,Mathieu Demy,Acting,2025-03-02 01:14:54.379063+00:00,2025-03-04 07:00:03.914845+00:00
388,2,Jim Broadbent,Jim Broadbent,Acting,2025-03-02 01:14:54.379063+00:00,2025-03-04 07:00:03.914845+00:00
39905,2,Josef Hader,Josef Hader,Acting,2025-03-02 01:14:54.379063+00:00,2025-03-04 07:00:03.914845+00:00
1246422,2,Tarusuke Shingaki,新垣樽助,Acting,2025-03-02 01:14:54.379063+00:00,2025-03-04 07:00:03.914845+00:00
3477880,2,Leo Woodall,Leo Woodall,Acting,2025-03-02 01:14:54.379063+00:00,2025-03-04 07:00:03.914845+00:00
995518,2,Andrew Bennett,Andrew Bennett,Acting,2025-03-02 01:14:54.379063+00:00,2025-03-04 07:00:03.914845+00:00
54690,2,Akira Kamiya,神谷明,Acting,2025-03-02 01:14:54.379063+00:00,2025-03-04 07:00:03.914845+00:00
1520280,2,Seong Yu-bin,성유빈,Acting,2025-03-02 01:14:54.379063+00:00,2025-03-04 07:00:03.914845+00:00
2353469,2,Shin Seung-ho,신승호,Acting,2025-03-02 01:14:54.379063+00:00,2025-03-04 07:00:03.914845+00:00
3549561,2,Wilang Noming,Wilang Noming,Acting,2025-03-02 01:14:54.379063+00:00,2025-03-04 07:00:03.914845+00:00
17498,2,Niels Arestrup,Niels Arestrup,Acting,2025-03-02 01:14:54.379063+00:00,2025-03-04 07:00:03.914845+00:00
175980,2,Enrique Rambal,Enrique Rambal,Acting,2025-03-02 01:14:54.379063+00:00,2025-03-04 07:00:03.914845+00:00
2176671,2,Lee Jung-ha,이정하,Acting,2025-03-02 01:14:54.379063+00:00,2025-03-04 07:00:03.914845+00:00
1010189,2,Adan Canto,Adan Canto,Acting,2025-03-02 01:14:54.379063+00:00,2025-03-04 07:00:03.914845+00:00
3418133,0,Chen Yen-Kuang,Chen Yen-Kuang,Directing,2025-03-02 01:14:54.379063+00:00,2025-03-04 07:00:03.914845+00:00
3452586,0,Jatuphong Rungrueangdechaphat,Jatuphong Rungrueangdechaphat,Directing,2025-03-02 01:14:54.379063+00:00,2025-03-04 07:00:03.914845+00:00
586423,1,Ming-Hsia Wang,Ming-Hsia Wang,Directing,2025-03-02 01:14:54.379063+00:00,2025-03-04 07:00:03.914845+00:00
223551,1,S.J. Clarkson,S.J. Clarkson,Directing,2025-03-02 01:14:54.379063+00:00,2025-03-04 07:00:03.914845+00:00
3317265,2,Pichaya Jarusboonpracha,พิชย จรัสบุญประชา,Directing,2025-03-02 01:14:54.379063+00:00,2025-03-04 07:00:03.914845+00:00
2132649,2,Mankyu,まんきゅう,Directing,2025-03-02 01:14:54.379063+00:00,2025-03-04 07:00:03.914845+00:00
120229,2,Jafar Panahi,Jafar Panahi,Directing,2025-03-02 01:14:54.379063+00:00,2025-03-04 07:00:03.914845+00:00
564,2,Richard Linklater,Richard Linklater,Directing,2025-03-02 01:14:54.379063+00:00,2025-03-04 07:00:03.914845+00:00
1321076,2,Naoyuki Ito,伊藤尚往,Directing,2025-03-02 01:14:54.379063+00:00,2025-03-04 07:00:03.914845+00:00
1485406,2,J.D. Dillard,J.D. Dillard,Directing,2025-03-02 01:14:54.379063+00:00,2025-03-04 07:00:03.914845+00:00
2608194,2,Youichi Narita,Youichi Narita,Directing,2025-03-02 01:14:54.379063+00:00,2025-03-04 07:00:03.914845+00:00
4280975,2,Walongkorn Jadjai,Walongkorn Jubjai,Directing,2025-03-02 01:14:54.379063+00:00,2025-03-04 07:00:03.914845+00:00
1264467,2,Shunsuke Kariyama,狩山俊輔,Directing,2025-03-02 01:14:54.379063+00:00,2025-03-04 07:00:03.914845+00:00
1489282,2,Ahn Gooc-jin,안국진,Directing,2025-03-02 01:14:54.379063+00:00,2025-03-04 07:00:03.914845+00:00
92784,2,Barry Jenkins,Barry Jenkins,Directing,2025-03-02 01:14:54.379063+00:00,2025-03-04 07:00:03.914845+00:00
56370,2,Ruben Östlund,Ruben Östlund,Directing,2025-03-02 01:14:54.379063+00:00,2025-03-04 07:00:03.914845+00:00
1374429,2,Wes Miller,Wes Miller,Directing,2025-03-02 01:14:54.379063+00:00,2025-03-04 07:00:03.914845+00:00
2411583,2,Po-Hao Hung,Po-Hao Hung,Directing,2025-03-02 01:14:54.379063+00:00,2025-03-04 07:00:03.914845+00:00
1285000,2,Takahide Hori,堀貴秀,Directing,2025-03-02 01:14:54.379063+00:00,2025-03-04 07:00:03.914845+00:00
2532755,0,Eiichi Takahashi,Eiichi Takahashi,Production,2025-03-02 01:14:54.379063+00:00,2025-03-04 07:00:03.914845+00:00
4100924,0,Jeong Chi-yeong,Jeong Chi-yeong,Production,2025-03-02 01:14:54.379063+00:00,2025-03-04 07:00:03.914845+00:00
69831,1,Chu Tien-wen,朱天文,Writing,2025-03-02 01:14:54.379063+00:00,2025-03-04 07:00:03.914845+00:00
2470685,1,So-ching Ko,So-ching Ko,Writing,2025-03-02 01:14:54.379063+00:00,2025-03-04 07:00:03.914845+00:00
52934,2,Nicholas Stoller,Nicholas Stoller,Writing,2025-03-02 01:14:54.379063+00:00,2025-03-04 07:00:03.914845+00:00
2978945,0,Xuân Hiệp,Xuân Hiệp,Acting,2025-03-02 01:14:54.379063+00:00,2025-03-04 07:00:03.914845+00:00
2453439,0,Miriam Galanti,Miriam Galanti,Acting,2025-03-02 01:14:54.379063+00:00,2025-03-04 07:00:03.914845+00:00
4744202,0,蕭瓊瑞,蕭瓊瑞,Acting,2025-03-02 01:14:54.379063+00:00,2025-03-04 07:00:03.914845+00:00
3514166,0,Forouzan Jamshidnejad,Forouzan Jamshidnejad,Acting,2025-03-02 01:14:54.379063+00:00,2025-03-04 07:00:03.914845+00:00
3199080,0,Gal Ben Amra,Gal Ben Amra,Acting,2025-03-02 01:14:54.379063+00:00,2025-03-04 07:00:03.914845+00:00
3791490,0,Hélio Thiémard,Hélio Thiémard,Acting,2025-03-02 01:14:54.379063+00:00,2025-03-04 07:00:03.914845+00:00
3917908,0,Abbie Vandivere,Abbie Vandivere,Acting,2025-03-02 01:14:54.379063+00:00,2025-03-04 07:00:03.914845+00:00
49610,1,Ornanong Panyawong,Ornanong Panyawong,Acting,2025-03-02 01:14:54.379063+00:00,2025-03-04 07:00:03.914845+00:00
112862,1,Marika Matsumoto,松本まりか,Acting,2025-03-02 01:14:54.379063+00:00,2025-03-04 07:00:03.914845+00:00
2143522,1,Pavlína Balner,Pavlína Skružná,Acting,2025-03-02 01:14:54.379063+00:00,2025-03-04 07:00:03.914845+00:00
1253896,1,Yu Shimamura,嶋村侑,Acting,2025-03-02 01:14:54.379063+00:00,2025-03-04 07:00:03.914845+00:00
2879089,1,Marion Barbeau,Marion Barbeau,Acting,2025-03-02 01:14:54.379063+00:00,2025-03-04 07:00:03.914845+00:00
1348474,1,Camille Cottin,Camille Cottin,Acting,2025-03-02 01:14:54.379063+00:00,2025-03-04 07:00:03.914845+00:00
582285,1,Steinunn Ólína Þorsteinsdóttir,Steinunn Ólína Þorsteinsdóttir,Acting,2025-03-02 01:14:54.379063+00:00,2025-03-04 07:00:03.914845+00:00
2852052,1,Eleonoora Kauhanen,Eleonoora Kauhanen,Acting,2025-03-02 01:14:54.379063+00:00,2025-03-04 07:00:03.914845+00:00
3999269,1,Song Yi-jae,Song Yi-jae,Acting,2025-03-02 01:14:54.379063+00:00,2025-03-04 07:00:03.914845+00:00
40462,1,Kristen Bell,Kristen Bell,Acting,2025-03-02 01:14:54.379063+00:00,2025-03-04 07:00:03.914845+00:00
267962,1,Emmanuelle Riva,Emmanuelle Riva,Acting,2025-03-02 01:14:54.379063+00:00,2025-03-04 07:00:03.914845+00:00
2442117,1,Alisha Weir,Alisha Weir,Acting,2025-03-02 01:14:54.379063+00:00,2025-03-04 07:00:03.914845+00:00
994248,1,Jeon Mi-seon,전미선,Acting,2025-03-02 01:14:54.379063+00:00,2025-03-04 07:00:03.914845+00:00
1016168,1,Lily James,Lily James,Acting,2025-03-02 01:14:54.379063+00:00,2025-03-04 07:00:03.914845+00:00
225060,1,Selena Tan,Selena Tan,Acting,2025-03-02 01:14:54.379063+00:00,2025-03-04 07:00:03.914845+00:00
4451016,1,Yuri Fujimoto,藤本侑里,Acting,2025-03-02 01:14:54.379063+00:00,2025-03-04 07:00:03.914845+00:00
3644975,1,Hsiu-Ling Lin,Hsiu-Ling Lin,Acting,2025-03-02 01:14:54.379063+00:00,2025-03-04 07:00:03.914845+00:00
1654414,1,Lee Soo-min,이수민,Acting,2025-03-02 01:14:54.379063+00:00,2025-03-04 07:00:03.914845+00:00
1700138,1,Aoi Ito,伊東蒼,Acting,2025-03-02 01:14:54.379063+00:00,2025-03-04 07:00:03.914845+00:00
1006864,1,Ni Ni,倪妮,Acting,2025-03-02 01:14:54.379063+00:00,2025-03-04 07:00:03.914845+00:00
70047,1,Tokiko Kato,加藤登紀子,Acting,2025-03-02 01:14:54.379063+00:00,2025-03-04 07:00:03.914845+00:00
2414908,1,Hitomi Suzuki,鈴木陽斗実,Acting,2025-03-02 01:14:54.379063+00:00,2025-03-04 07:00:03.914845+00:00
67323,1,Margherita Buy,Margherita Buy,Acting,2025-03-02 01:14:54.379063+00:00,2025-03-04 07:00:03.914845+00:00
1034643,1,Fereshteh Sadr Orafaee,Fereshteh Sadr Orafaee,Acting,2025-03-02 01:14:54.379063+00:00,2025-03-04 07:00:03.914845+00:00
96908,1,Megan Lai,賴雅妍,Acting,2025-03-02 01:14:54.379063+00:00,2025-03-04 07:00:03.914845+00:00
2566616,1,Honorine Magnier,Honorine Magnier,Acting,2025-03-02 01:14:54.379063+00:00,2025-03-04 07:00:03.914845+00:00
77310,1,Florence Loiret Caille,Florence Loiret Caille,Acting,2025-03-02 01:14:54.379063+00:00,2025-03-04 07:00:03.914845+00:00
26998,1,Suzy Nakamura,Suzy Nakamura,Acting,2025-03-02 01:14:54.379063+00:00,2025-03-04 07:00:03.914845+00:00
1241880,1,Mari Mashiba,真柴摩利,Acting,2025-03-02 01:14:54.379063+00:00,2025-03-04 07:00:03.914845+00:00
3319869,1,Avan Jamal,Avan Jamal,Acting,2025-03-02 01:14:54.379063+00:00,2025-03-04 07:00:03.914845+00:00
3440172,1,Sasha Lemaître Cremaschi,Sasha Lemaître Cremaschi,Acting,2025-03-02 01:14:54.379063+00:00,2025-03-04 07:00:03.914845+00:00
2053795,1,Riko Fukumoto,福本莉子,Acting,2025-03-02 01:14:54.379063+00:00,2025-03-04 07:00:03.914845+00:00
553968,1,Mitsuko Ishii,石井苗子,Acting,2025-03-02 01:14:54.379063+00:00,2025-03-04 07:00:03.914845+00:00
84205,1,Kara Wai Ying-Hung,惠英紅,Acting,2025-03-02 01:14:54.379063+00:00,2025-03-04 07:00:03.914845+00:00
398,1,Rosario Flores,Rosario Flores,Acting,2025-03-02 01:14:54.379063+00:00,2025-03-04 07:00:03.914845+00:00
3429282,1,Crystal Yen,Crystal Yen,Acting,2025-03-02 01:14:54.379063+00:00,2025-03-04 07:00:03.914845+00:00
2542319,1,Sasha Calle,Sasha Calle,Acting,2025-03-02 01:14:54.379063+00:00,2025-03-04 07:00:03.914845+00:00
3639051,1,Liudmyla Sachenko,Liudmyla Sachenko,Acting,2025-03-02 01:14:54.379063+00:00,2025-03-04 07:00:03.914845+00:00
100766,1,Sakura Ando,安藤サクラ,Acting,2025-03-02 01:14:54.379063+00:00,2025-03-04 07:00:03.914845+00:00
3652266,1,Marina Arisato,Marina Arisato,Acting,2025-03-02 01:14:54.379063+00:00,2025-03-04 07:00:03.914845+00:00
2493473,1,Marisol Gasé,Marisol Gasé,Acting,2025-03-02 01:14:54.379063+00:00,2025-03-04 07:00:03.914845+00:00
1476142,1,Pernell Walker,Pernell Walker,Acting,2025-03-02 01:14:54.379063+00:00,2025-03-04 07:00:03.914845+00:00
1466336,1,Chika Uchida,内田慈,Acting,2025-03-02 01:14:54.379063+00:00,2025-03-04 07:00:03.914845+00:00
1419361,1,Anna Harr,Anna Harr,Acting,2025-03-02 01:14:54.379063+00:00,2025-03-04 07:00:03.914845+00:00
545200,1,Intira Jaroenpura,อินทิรา เจริญปุระ,Acting,2025-03-02 01:14:54.379063+00:00,2025-03-04 07:00:03.914845+00:00
10262,1,Andréa Ferréol,Andréa Ferréol,Acting,2025-03-02 01:14:54.379063+00:00,2025-03-04 07:00:03.914845+00:00
87637,1,Masami Nagasawa,長澤まさみ,Acting,2025-03-02 01:14:54.379063+00:00,2025-03-04 07:00:03.914845+00:00
8776,1,Claudia Gerini,Claudia Gerini,Acting,2025-03-02 01:14:54.379063+00:00,2025-03-04 07:00:03.914845+00:00
38334,1,Jennifer Coolidge,Jennifer Coolidge,Acting,2025-03-02 01:14:54.379063+00:00,2025-03-04 07:00:03.914845+00:00
587677,1,Kim Joo-ryoung,김주령,Acting,2025-03-02 09:35:42.269341+00:00,2025-03-04 07:00:03.914845+00:00
51988,1,Lizzy Caplan,Lizzy Caplan,Acting,2025-03-02 01:14:54.379063+00:00,2025-03-04 07:00:03.914845+00:00
2270402,1,Sadie Soverall,Sadie Soverall,Acting,2025-03-02 01:14:54.379063+00:00,2025-03-04 07:00:03.914845+00:00
1309253,1,Tomoyo Kurosawa,黒沢ともよ,Acting,2025-03-02 01:14:54.379063+00:00,2025-03-04 07:00:03.914845+00:00
72482,1,Krista Kosonen,Krista Kosonen,Acting,2025-03-02 01:14:54.379063+00:00,2025-03-04 07:00:03.914845+00:00
3669107,1,Moe Edamoto,枝元萌,Acting,2025-03-02 01:14:54.379063+00:00,2025-03-04 07:00:03.914845+00:00
1200922,1,Lin Mei-Shiu,林美秀,Acting,2025-03-02 01:14:54.379063+00:00,2025-03-04 07:00:03.914845+00:00
21908,2,Aaron Kwok Fu-Shing,郭富城,Acting,2025-03-02 01:14:54.379063+00:00,2025-03-04 07:00:03.914845+00:00
2449974,2,Markjan Winnick,Markjan Winnick,Acting,2025-03-02 01:14:54.379063+00:00,2025-03-04 07:00:03.914845+00:00
1367226,2,Sho Aoyagi,青柳翔,Acting,2025-03-02 01:14:54.379063+00:00,2025-03-04 07:00:03.914845+00:00
9706,2,Toshiyuki Morikawa,森川智之,Acting,2025-03-02 01:14:54.379063+00:00,2025-03-04 07:00:03.914845+00:00
2060364,2,Andrew Bushell,Andrew Bushell,Acting,2025-03-02 01:14:54.379063+00:00,2025-03-04 07:00:03.914845+00:00
1287084,2,Jack Farthing,Jack Farthing,Acting,2025-03-02 01:14:54.379063+00:00,2025-03-04 07:00:03.914845+00:00
1672687,2,Michael Ajao,Michael Ajao,Acting,2025-03-02 01:14:54.379063+00:00,2025-03-04 07:00:03.914845+00:00
1591370,2,Seo Hyun-woo,서현우,Acting,2025-03-02 01:14:54.379063+00:00,2025-03-04 07:00:03.914845+00:00
2984591,2,Liu Yang,Liu Yang,Acting,2025-03-02 01:14:54.379063+00:00,2025-03-04 07:00:03.914845+00:00
980177,2,Tomasz Schuchardt,Tomasz Schuchardt,Acting,2025-03-02 01:14:54.379063+00:00,2025-03-04 07:00:03.914845+00:00
1336819,2,Kunatip Pinpradub,คุณาธิป ปิ่นประดับ,Acting,2025-03-02 01:14:54.379063+00:00,2025-03-04 07:00:03.914845+00:00
17772,2,Jesse Bradford,Jesse Bradford,Acting,2025-03-02 01:14:54.379063+00:00,2025-03-04 07:00:03.914845+00:00
11856,2,Daniel Day-Lewis,Daniel Day-Lewis,Acting,2025-03-02 01:14:54.379063+00:00,2025-03-04 07:00:03.914845+00:00
1977515,2,Liang-Tso Liu,劉亮佐,Acting,2025-03-02 01:14:54.379063+00:00,2025-03-04 07:00:03.914845+00:00
2461,2,Mel Gibson,Mel Gibson,Acting,2025-03-02 01:14:54.379063+00:00,2025-03-04 07:00:03.914845+00:00
137108,2,Johnny Flynn,Johnny Flynn,Acting,2025-03-02 01:14:54.379063+00:00,2025-03-04 07:00:03.914845+00:00
1337780,2,Byun Yo-han,변요한,Acting,2025-03-02 01:14:54.379063+00:00,2025-03-04 07:00:03.914845+00:00
4523961,2,Harit Buayoi,หฤษฎ์ บัวย้อย,Acting,2025-03-02 01:14:54.379063+00:00,2025-03-04 07:00:03.914845+00:00
3659736,2,Gaku Sou,莊岳,Acting,2025-03-02 01:14:54.379063+00:00,2025-03-04 07:00:03.914845+00:00
555190,2,Kyōzō Nagatsuka,長塚京三,Acting,2025-03-02 01:14:54.379063+00:00,2025-03-04 07:00:03.914845+00:00
78124,2,François Civil,François Civil,Acting,2025-03-02 01:14:54.379063+00:00,2025-03-04 07:00:03.914845+00:00
2685340,2,Troy Liu,Troy Liu,Acting,2025-03-02 01:14:54.379063+00:00,2025-03-04 07:00:03.914845+00:00
1113248,2,Auðunn Blöndal,Auðunn Blöndal,Acting,2025-03-02 01:14:54.379063+00:00,2025-03-04 07:00:03.914845+00:00
1892,2,Matt Damon,Matt Damon,Acting,2025-03-02 01:14:54.379063+00:00,2025-03-04 07:00:03.914845+00:00
2774992,2,Ha Do-kwon,하도권,Acting,2025-03-02 01:14:54.379063+00:00,2025-03-04 07:00:03.914845+00:00
80753,2,Tsuyoshi Kusanagi,草彅剛,Acting,2025-03-02 01:14:54.379063+00:00,2025-03-04 07:00:03.914845+00:00
93540,2,Anatoliy Belyy,Анатолий Белый,Acting,2025-03-02 01:14:54.379063+00:00,2025-03-04 07:00:03.914845+00:00
3075925,2,Shawn Hu,Shawn Hu,Acting,2025-03-02 01:14:54.379063+00:00,2025-03-04 07:00:03.914845+00:00
2524,2,Tom Hardy,Tom Hardy,Acting,2025-03-02 01:14:54.379063+00:00,2025-03-04 07:00:03.914845+00:00
1743150,2,Bamboo Chen,陳竹昇,Acting,2025-03-02 01:14:54.379063+00:00,2025-03-04 07:00:03.914845+00:00
81859,2,Tomomichi Nishimura,西村知道,Acting,2025-03-02 01:14:54.379063+00:00,2025-03-04 07:00:03.914845+00:00
581897,2,Roy Chang,Roy Chang,Acting,2025-03-02 01:14:54.379063+00:00,2025-03-04 07:00:03.914845+00:00
126988,2,Sergio Albelli,Sergio Albelli,Acting,2025-03-02 01:14:54.379063+00:00,2025-03-04 07:00:03.914845+00:00
2271017,2,Minazur Rahaman,Minazur Rahaman,Acting,2025-03-02 01:14:54.379063+00:00,2025-03-04 07:00:03.914845+00:00
4338889,2,Peerakrit Phacharaboonyakiat,พีระกฤตย์ พชรบุณยเกียรติ,Acting,2025-03-02 01:14:54.379063+00:00,2025-03-04 07:00:03.914845+00:00
883,2,Will Patton,Will Patton,Acting,2025-03-02 01:14:54.379063+00:00,2025-03-04 07:00:03.914845+00:00
2320112,2,Shunsuke Michieda,道枝駿佑,Acting,2025-03-02 01:14:54.379063+00:00,2025-03-04 07:00:03.914845+00:00
1234451,2,Kento Handa,半田健人,Acting,2025-03-02 01:14:54.379063+00:00,2025-03-04 07:00:03.914845+00:00
3810,2,Javier Bardem,Javier Bardem,Acting,2025-03-02 01:14:54.379063+00:00,2025-03-04 07:00:03.914845+00:00
87662,2,Issey Takahashi,高橋一生,Acting,2025-03-02 01:14:54.379063+00:00,2025-03-04 07:00:03.914845+00:00
3914149,2,Bahk Woo-young,Bahk Woo-young,Acting,2025-03-02 01:14:54.379063+00:00,2025-03-04 07:00:03.914845+00:00
2729283,2,Putthipong Assaratanakul,พุฒิพงศ์ อัสสรัตนกุล,Acting,2025-03-02 01:14:54.379063+00:00,2025-03-04 07:00:03.914845+00:00
4167665,2,Riku Aoyama,Riku Aoyama,Acting,2025-03-02 01:14:54.379063+00:00,2025-03-04 07:00:03.914845+00:00
147333,2,Carlos Alcántara,Carlos Alcántara,Acting,2025-03-02 01:14:54.379063+00:00,2025-03-04 07:00:03.914845+00:00
26852,2,Joshua Leonard,Joshua Leonard,Acting,2025-03-02 01:14:54.379063+00:00,2025-03-04 07:00:03.914845+00:00
3103358,2,Sam Asghari,Sam Asghari,Acting,2025-03-02 01:14:54.379063+00:00,2025-03-04 07:00:03.914845+00:00
585492,2,Jonas Nay,Jonas Nay,Acting,2025-03-02 01:14:54.379063+00:00,2025-03-04 07:00:03.914845+00:00
71507,2,Marc-André Grondin,Marc-André Grondin,Acting,2025-03-02 01:14:54.379063+00:00,2025-03-04 07:00:03.914845+00:00
2876,2,Matt Dillon,Matt Dillon,Acting,2025-03-02 01:14:54.379063+00:00,2025-03-04 07:00:03.914845+00:00
70124,2,Ikki Sawamura,沢村一樹,Acting,2025-03-02 01:14:54.379063+00:00,2025-03-04 07:00:03.914845+00:00
1174338,2,Patrick d'Assumçao,Patrick d'Assumçao,Acting,2025-03-02 01:14:54.379063+00:00,2025-03-04 07:00:03.914845+00:00
1795152,2,Antoine Reinartz,Antoine Reinartz,Acting,2025-03-02 01:14:54.379063+00:00,2025-03-04 07:00:03.914845+00:00
225163,2,Pitobash,Pitobash,Acting,2025-03-02 01:14:54.379063+00:00,2025-03-04 07:00:03.914845+00:00
244518,2,Antoine Sire,Antoine Sire,Acting,2025-03-02 01:14:54.379063+00:00,2025-03-04 07:00:03.914845+00:00
1092245,2,Ko I-chen,柯一正,Acting,2025-03-02 01:14:54.379063+00:00,2025-03-04 07:00:03.914845+00:00
191750,2,Philip Barantini,Philip Barantini,Acting,2025-03-02 01:14:54.379063+00:00,2025-03-04 07:00:03.914845+00:00
126830,2,Chin Han,Chin Han,Acting,2025-03-02 01:14:54.379063+00:00,2025-03-04 07:00:03.914845+00:00
1349366,2,Kim Jeong-hyeon,김정현,Acting,2025-03-02 01:14:54.379063+00:00,2025-03-04 07:00:03.914845+00:00
3498314,2,Jack Trueman,Jack Trueman,Acting,2025-03-02 01:14:54.379063+00:00,2025-03-04 07:00:03.914845+00:00
3487349,2,Oleh Shevchuk,Oleh Shevchuk,Acting,2025-03-02 01:14:54.379063+00:00,2025-03-04 07:00:03.914845+00:00
1527048,2,Ingkarat Damrongsakkul,อิงครัต ดำรงค์ศักดิ์กุล,Acting,2025-03-02 01:14:54.379063+00:00,2025-03-04 07:00:03.914845+00:00
1751860,0,Miri Navasky,Miri Navasky,Directing,2025-03-02 01:14:54.379063+00:00,2025-03-04 07:00:03.914845+00:00
4040818,0,Lee Kang-ling,Lee Kang-ling,Directing,2025-03-02 01:14:54.379063+00:00,2025-03-04 07:00:03.914845+00:00
1785807,1,Mai Sakai,酒井麻衣,Directing,2025-03-02 01:14:54.379063+00:00,2025-03-04 07:00:03.914845+00:00
76100,2,Ben Stassen,Ben Stassen,Directing,2025-03-02 01:14:54.379063+00:00,2025-03-04 07:00:03.914845+00:00
77923,2,Kazuya Tsurumaki,鶴巻和哉,Directing,2025-03-02 01:14:54.379063+00:00,2025-03-04 07:00:03.914845+00:00
1139814,2,Mitsutoshi Tanaka,田中光敏,Directing,2025-03-02 01:14:54.379063+00:00,2025-03-04 07:00:03.914845+00:00
1717032,2,Jiuliang Wang,Jiuliang Wang,Directing,2025-03-02 01:14:54.379063+00:00,2025-03-04 07:00:03.914845+00:00
141388,2,Dieter Berner,Dieter Berner,Directing,2025-03-02 01:14:54.379063+00:00,2025-03-04 07:00:03.914845+00:00
2919106,2,Jason Yu,유재선,Directing,2025-03-02 01:14:54.379063+00:00,2025-03-04 07:00:03.914845+00:00
1267628,2,Nitivat Cholvanichsiri,Nitivat Cholvanichsiri,Directing,2025-03-02 01:14:54.379063+00:00,2025-03-04 07:00:03.914845+00:00
1119247,2,Guy Nattiv,Guy Nattiv,Directing,2025-03-02 01:14:54.379063+00:00,2025-03-04 07:00:03.914845+00:00
1810345,2,Cyril Leuthy,Cyril Leuthy,Directing,2025-03-02 01:14:54.379063+00:00,2025-03-04 07:00:03.914845+00:00
28489,2,Ross MacGibbon,Ross MacGibbon,Directing,2025-03-02 01:14:54.379063+00:00,2025-03-04 07:00:03.914845+00:00
1855522,2,Cyril Schäublin,Cyril Schäublin,Directing,2025-03-02 01:14:54.379063+00:00,2025-03-04 07:00:03.914845+00:00
10723,2,Mike Newell,Mike Newell,Directing,2025-03-02 01:14:54.379063+00:00,2025-03-04 07:00:03.914845+00:00
1302082,2,David F. Sandberg,David F. Sandberg,Directing,2025-03-02 01:14:54.379063+00:00,2025-03-04 07:00:03.914845+00:00
1735200,2,Shinya Watada,綿田慎也,Directing,2025-03-02 01:14:54.379063+00:00,2025-03-04 07:00:03.914845+00:00
2661472,2,Smith,スミス,Directing,2025-03-02 01:14:54.379063+00:00,2025-03-04 07:00:03.914845+00:00
1263877,2,Jorge Dorado,Jorge Dorado,Directing,2025-03-02 01:14:54.379063+00:00,2025-03-04 07:00:03.914845+00:00
54607,2,Bahman Ghobadi,Bahman Ghobadi,Directing,2025-03-02 01:14:54.379063+00:00,2025-03-04 07:00:03.914845+00:00
1398631,2,Lee Cronin,Lee Cronin,Directing,2025-03-02 01:14:54.379063+00:00,2025-03-04 07:00:03.914845+00:00
3601140,2,Johnny Chiang,Johnny Chiang,Directing,2025-03-02 01:14:54.379063+00:00,2025-03-04 07:00:03.914845+00:00
4453,2,Thomas Vinterberg,Thomas Vinterberg,Directing,2025-03-02 01:14:54.379063+00:00,2025-03-04 07:00:03.914845+00:00
10702,2,Martin Campbell,Martin Campbell,Directing,2025-03-02 01:14:54.379063+00:00,2025-03-04 07:00:03.914845+00:00
11092,2,Simon Kinberg,Simon Kinberg,Production,2025-03-02 01:14:54.379063+00:00,2025-03-04 07:00:03.914845+00:00
1619897,0,Eva Vitija,Eva Vitija,Writing,2025-03-02 01:14:54.379063+00:00,2025-03-04 07:00:03.914845+00:00
1417213,2,Lee Po-Cheung,Lee Po-Cheung,Writing,2025-03-02 01:14:54.379063+00:00,2025-03-04 07:00:03.914845+00:00
84416,2,Gene Stupnitsky,Gene Stupnitsky,Writing,2025-03-02 01:14:54.379063+00:00,2025-03-04 07:00:03.914845+00:00
1268453,0,Stefan Denolyubov,Stefan Denolyubov,Acting,2025-03-02 01:14:54.379063+00:00,2025-03-04 07:00:03.914845+00:00
3304907,0,Peter Mares,Peter Mares,Acting,2025-03-02 01:14:54.379063+00:00,2025-03-04 07:00:03.914845+00:00
4558215,0,Sumire Hanaoka,花岡すみれ,Acting,2025-03-02 01:14:54.379063+00:00,2025-03-04 07:00:03.914845+00:00
2720366,0,Taka Takao,Taka Takao,Acting,2025-03-02 01:14:54.379063+00:00,2025-03-04 07:00:03.914845+00:00
1671142,0,Pauline Tan,Pauline Tan,Acting,2025-03-02 01:14:54.379063+00:00,2025-03-04 07:00:03.914845+00:00
2842928,0,Mai Bích Trâm,Mai Bích Trâm,Acting,2025-03-02 01:14:54.379063+00:00,2025-03-04 07:00:03.914845+00:00
4613607,0,Huang Zifan,Huang Zifan,Acting,2025-03-02 01:14:54.379063+00:00,2025-03-04 07:00:03.914845+00:00
4256294,0,Mamadi Barri,Mamadi Barri,Acting,2025-03-02 01:14:54.379063+00:00,2025-03-04 07:00:03.914845+00:00
4842678,0,Park Hyuk Kwon,Park Hyuk Kwon,Acting,2025-03-02 01:14:54.379063+00:00,2025-03-04 07:00:03.914845+00:00
1259603,0,Nhật Kim Anh,Nhật Kim Anh,Acting,2025-03-02 01:14:54.379063+00:00,2025-03-04 07:00:03.914845+00:00
502,1,Miranda Otto,Miranda Otto,Acting,2025-03-02 01:14:54.379063+00:00,2025-03-04 07:00:03.914845+00:00
589923,1,Nana Eikura,榮倉奈々,Acting,2025-03-02 01:14:54.379063+00:00,2025-03-04 07:00:03.914845+00:00
1244822,1,Lee Jung-hyun,이정현,Acting,2025-03-02 01:14:54.379063+00:00,2025-03-04 07:00:03.914845+00:00
83122,1,Moon So-ri,문소리,Acting,2025-03-02 01:14:54.379063+00:00,2025-03-04 07:00:03.914845+00:00
1947579,1,Laura Sépul,Laura Sépul,Acting,2025-03-02 01:14:54.379063+00:00,2025-03-04 07:00:03.914845+00:00
1791771,1,Els Deceukelier,Els Deceukelier,Acting,2025-03-02 01:14:54.379063+00:00,2025-03-04 07:00:03.914845+00:00
2038235,1,Sofie Torp,Sofie Torp,Acting,2025-03-02 01:14:54.379063+00:00,2025-03-04 07:00:03.914845+00:00
83878,1,Barbora Hrzánová,Barbora Hrzánová,Acting,2025-03-02 01:14:54.379063+00:00,2025-03-04 07:00:03.914845+00:00
2371446,1,Julia Fox,Julia Fox,Acting,2025-03-02 01:14:54.379063+00:00,2025-03-04 07:00:03.914845+00:00
2545932,1,María Romanillos,María Romanillos,Acting,2025-03-02 01:14:54.379063+00:00,2025-03-04 07:00:03.914845+00:00
226825,1,Asuka Kurosawa,黒沢あすか,Acting,2025-03-02 01:14:54.379063+00:00,2025-03-04 07:00:03.914845+00:00
3949610,1,Pantipha Arunwattanachai,Pantipha Arunwattanachai,Acting,2025-03-02 01:14:54.379063+00:00,2025-03-04 07:00:03.914845+00:00
40582,1,Frédérique Meininger,Frédérique Meininger,Acting,2025-03-02 01:14:54.379063+00:00,2025-03-04 07:00:03.914845+00:00
78354,1,Tokie Hidari,左時枝,Acting,2025-03-02 01:14:54.379063+00:00,2025-03-04 07:00:03.914845+00:00
1251240,1,Haruna Kawaguchi,川口春奈,Acting,2025-03-02 09:35:42.269341+00:00,2025-03-04 07:00:03.914845+00:00
1984373,1,Jo Yoon-seo,조윤서,Acting,2025-03-02 01:14:54.379063+00:00,2025-03-04 07:00:03.914845+00:00
1401338,1,Hiyori Sakurada,桜田ひより,Acting,2025-03-02 01:14:54.379063+00:00,2025-03-04 07:00:03.914845+00:00
1488085,1,Momoka Ayukawa,Momoka Ayukawa,Acting,2025-03-02 01:14:54.379063+00:00,2025-03-04 07:00:03.914845+00:00
1734929,1,Lidya Jewett,Lidya Jewett,Acting,2025-03-02 09:35:42.269341+00:00,2025-03-04 07:00:03.914845+00:00
2621979,1,Han Chae-kyung,Han Chae-kyung,Acting,2025-03-02 01:14:54.379063+00:00,2025-03-04 07:00:03.914845+00:00
52848,1,Isla Fisher,Isla Fisher,Acting,2025-03-02 01:14:54.379063+00:00,2025-03-04 07:00:03.914845+00:00
496937,1,Kim Yeong-ae,김영애,Acting,2025-03-02 01:14:54.379063+00:00,2025-03-04 07:00:03.914845+00:00
1480403,1,Salomé Dewaels,Salomé Dewaels,Acting,2025-03-02 01:14:54.379063+00:00,2025-03-04 07:00:03.914845+00:00
18050,1,Elle Fanning,Elle Fanning,Acting,2025-03-02 01:14:54.379063+00:00,2025-03-04 07:00:03.914845+00:00
5916,1,Rosario Dawson,Rosario Dawson,Acting,2025-03-02 01:14:54.379063+00:00,2025-03-04 07:00:03.914845+00:00
3129624,1,Nguyen Thu Hang,Nguyen Thu Hang,Acting,2025-03-02 01:14:54.379063+00:00,2025-03-04 07:00:03.914845+00:00
1595665,1,Thi Kieu Trinh Nguyen,Thi Kieu Trinh Nguyen,Acting,2025-03-02 01:14:54.379063+00:00,2025-03-04 07:00:03.914845+00:00
133953,1,Magdalena Boczarska,Magdalena Boczarska,Acting,2025-03-02 01:14:54.379063+00:00,2025-03-04 07:00:03.914845+00:00
1964896,1,Helen Tam Yuk-Ying,Helen Tam Yuk-Ying,Acting,2025-03-02 01:14:54.379063+00:00,2025-03-04 07:00:03.914845+00:00
1203789,1,Danielle Macdonald,Danielle Macdonald,Acting,2025-03-02 01:14:54.379063+00:00,2025-03-04 07:00:03.914845+00:00
1547747,1,Moka Kamishiraishi,上白石萌歌,Acting,2025-03-02 01:14:54.379063+00:00,2025-03-04 07:00:03.914845+00:00
1689522,1,Emanuela Fanelli,Emanuela Fanelli,Acting,2025-03-02 01:14:54.379063+00:00,2025-03-04 07:00:03.914845+00:00
61178,1,Alia Shawkat,Alia Shawkat,Acting,2025-03-02 01:14:54.379063+00:00,2025-03-04 07:00:03.914845+00:00
1324449,1,Hyunri,玄理,Acting,2025-03-02 01:14:54.379063+00:00,2025-03-04 07:00:03.914845+00:00
1519027,1,Ma Li,Ma Li,Acting,2025-03-02 01:14:54.379063+00:00,2025-03-04 07:00:03.914845+00:00
4158354,1,Ciou-Ye Chen,陳秋燁,Acting,2025-03-02 01:14:54.379063+00:00,2025-03-04 07:00:03.914845+00:00
3830,1,Jean Seberg,Jean Seberg,Acting,2025-03-02 01:14:54.379063+00:00,2025-03-04 07:00:03.914845+00:00
1375776,1,Ding Ning,丁寧,Acting,2025-03-02 01:14:54.379063+00:00,2025-03-04 07:00:03.914845+00:00
101367,1,Yuki Uchida,内田有紀,Acting,2025-03-02 01:14:54.379063+00:00,2025-03-04 07:00:03.914845+00:00
1401531,1,Claudia Kim,수현,Acting,2025-03-02 01:14:54.379063+00:00,2025-03-04 07:00:03.914845+00:00
1241611,1,Satomi Sato,佐藤聡美,Acting,2025-03-02 01:14:54.379063+00:00,2025-03-04 07:00:03.914845+00:00
17495,1,Martha Plimpton,Martha Plimpton,Acting,2025-03-02 01:14:54.379063+00:00,2025-03-04 07:00:03.914845+00:00
1369100,1,Mone Kamishiraishi,上白石萌音,Acting,2025-03-02 01:14:54.379063+00:00,2025-03-04 07:00:03.914845+00:00
1590230,1,Edie Inksetter,Edie Inksetter,Acting,2025-03-02 01:14:54.379063+00:00,2025-03-04 07:00:03.914845+00:00
1179908,1,Caroline Anglade,Caroline Anglade,Acting,2025-03-02 01:14:54.379063+00:00,2025-03-04 07:00:03.914845+00:00
1259193,1,Unique Priscilla,Unique Priscilla,Acting,2025-03-02 01:14:54.379063+00:00,2025-03-04 07:00:03.914845+00:00
1641182,1,Ivy Shao,邵雨薇,Acting,2025-03-02 01:14:54.379063+00:00,2025-03-04 07:00:03.914845+00:00
559416,1,Mana Ashida,芦田愛菜,Acting,2025-03-02 01:14:54.379063+00:00,2025-03-04 07:00:03.914845+00:00
1369336,1,Amy Forsyth,Amy Forsyth,Acting,2025-03-02 01:14:54.379063+00:00,2025-03-04 07:00:03.914845+00:00
4458,1,Paprika Steen,Paprika Steen,Acting,2025-03-02 01:14:54.379063+00:00,2025-03-04 07:00:03.914845+00:00
1026380,1,Anchalee Saisoontorn,Anchalee Saisoontorn,Acting,2025-03-02 01:14:54.379063+00:00,2025-03-04 07:00:03.914845+00:00
3421869,1,Catherine Clinch,Catherine Clinch,Acting,2025-03-02 01:14:54.379063+00:00,2025-03-04 07:00:03.914845+00:00
938138,1,Huang Peijia,黃姵嘉,Acting,2025-03-02 09:35:42.269341+00:00,2025-03-04 07:00:03.914845+00:00
203459,1,Barbara Marten,Barbara Marten,Acting,2025-03-02 01:14:54.379063+00:00,2025-03-04 07:00:03.914845+00:00
3229052,1,Lucia,陸夏,Acting,2025-03-02 01:14:54.379063+00:00,2025-03-04 07:00:03.914845+00:00
2275122,1,Chen Yuu,陳妤,Acting,2025-03-02 01:14:54.379063+00:00,2025-03-04 07:00:03.914845+00:00
119077,1,Mika Shinohara,Mika Shinohara,Acting,2025-03-02 01:14:54.379063+00:00,2025-03-04 07:00:03.914845+00:00
3589007,1,GAEUL,가을,Acting,2025-03-02 01:14:54.379063+00:00,2025-03-04 07:00:03.914845+00:00
1255096,1,Rina Kawaei,川栄 李奈,Acting,2025-03-02 01:14:54.379063+00:00,2025-03-04 07:00:03.914845+00:00
2434251,2,Dino Kelly,Dino Kelly,Acting,2025-03-02 01:14:54.379063+00:00,2025-03-04 07:00:03.914845+00:00
86857,2,Makoto Nonomura,野々村真,Acting,2025-03-02 01:14:54.379063+00:00,2025-03-04 07:00:03.914845+00:00
14277,2,Klaus Kinski,Klaus Kinski,Acting,2025-03-02 01:14:54.379063+00:00,2025-03-04 07:00:03.914845+00:00
2244312,2,Gaki Baunky,Gaki Baunky,Acting,2025-03-02 01:14:54.379063+00:00,2025-03-04 07:00:03.914845+00:00
2500933,2,Park Sang-gyu,Park Sang-gyu,Acting,2025-03-02 01:14:54.379063+00:00,2025-03-04 07:00:03.914845+00:00
231666,2,Alistair Brammer,Alistair Brammer,Acting,2025-03-02 01:14:54.379063+00:00,2025-03-04 07:00:03.914845+00:00
36018,2,Claude Mann,Claude Mann,Acting,2025-03-02 01:14:54.379063+00:00,2025-03-04 07:00:03.914845+00:00
63697,2,Takeshi Masu,升毅,Acting,2025-03-02 01:14:54.379063+00:00,2025-03-04 07:00:03.914845+00:00
1988887,2,Amarsaikhan Baljinnyam,Балжиннямын Амарсайхан,Acting,2025-03-02 01:14:54.379063+00:00,2025-03-04 07:00:03.914845+00:00
3497513,2,Aleksandr Gavrilin,Александр Гаврилин,Acting,2025-03-02 01:14:54.379063+00:00,2025-03-04 07:00:03.914845+00:00
2168,2,Jean Bouise,Jean Bouise,Acting,2025-03-02 01:14:54.379063+00:00,2025-03-04 07:00:03.914845+00:00
937493,2,Lam Yiu-Sing,林耀聲,Acting,2025-03-02 01:14:54.379063+00:00,2025-03-04 07:00:03.914845+00:00
40633,2,Jamie Parker,Jamie Parker,Acting,2025-03-02 01:14:54.379063+00:00,2025-03-04 07:00:03.914845+00:00
1880940,2,Shaïn Boumedine,Shaïn Boumedine,Acting,2025-03-02 01:14:54.379063+00:00,2025-03-04 07:00:03.914845+00:00
2097275,2,Jung Ji-hoon,정지훈,Acting,2025-03-02 01:14:54.379063+00:00,2025-03-04 07:00:03.914845+00:00
3457656,2,Kim Won-gi,Kim Won-gi,Acting,2025-03-02 01:14:54.379063+00:00,2025-03-04 07:00:03.914845+00:00
2296920,2,Shintaro Yuya,遊屋 慎太郎,Acting,2025-03-02 01:14:54.379063+00:00,2025-03-04 07:00:03.914845+00:00
1251567,2,Drew Van Acker,Drew Van Acker,Acting,2025-03-02 01:14:54.379063+00:00,2025-03-04 07:00:03.914845+00:00
1405927,2,SWAY,SWAY,Acting,2025-03-02 01:14:54.379063+00:00,2025-03-04 07:00:03.914845+00:00
131006,2,Sam Trammell,Sam Trammell,Acting,2025-03-02 01:14:54.379063+00:00,2025-03-04 07:00:03.914845+00:00
558823,2,Alan Tang Kwong-wing,鄧光榮,Acting,2025-03-02 01:14:54.379063+00:00,2025-03-04 07:00:03.914845+00:00
2561794,2,Brayden Koh,Brayden Koh,Acting,2025-03-02 01:14:54.379063+00:00,2025-03-04 07:00:03.914845+00:00
19274,2,Seth Rogen,Seth Rogen,Acting,2025-03-02 01:14:54.379063+00:00,2025-03-04 07:00:03.914845+00:00
76788,2,Dev Patel,Dev Patel,Acting,2025-03-02 01:14:54.379063+00:00,2025-03-04 07:00:03.914845+00:00
1586516,2,Adonis He,Adonis He,Acting,2025-03-02 01:14:54.379063+00:00,2025-03-04 07:00:03.914845+00:00
1343178,2,Pichaya Nitipaisalkul,พิชญะ นิธิไพศาลกุล,Acting,2025-03-02 01:14:54.379063+00:00,2025-03-04 07:00:03.914845+00:00
1737534,2,Tai Chih-yuan,邰智源,Acting,2025-03-02 01:14:54.379063+00:00,2025-03-04 07:00:03.914845+00:00
2619769,2,Daiken Okudaira,奥平大兼,Acting,2025-03-02 01:14:54.379063+00:00,2025-03-04 07:00:03.914845+00:00
97085,2,Stéphane De Groodt,Stéphane De Groodt,Acting,2025-03-02 01:14:54.379063+00:00,2025-03-04 07:00:03.914845+00:00
1256603,2,Natsuki Hanae,花江夏樹,Acting,2025-03-02 01:14:54.379063+00:00,2025-03-04 07:00:03.914845+00:00
3429280,2,Smith Shang,Smith Shang,Acting,2025-03-02 01:14:54.379063+00:00,2025-03-04 07:00:03.914845+00:00
26744,2,George Lam Tsz-Cheung,林子祥,Acting,2025-03-02 01:14:54.379063+00:00,2025-03-04 07:00:03.914845+00:00
120804,2,Toru Masuoka,益岡徹,Acting,2025-03-02 01:14:54.379063+00:00,2025-03-04 07:00:03.914845+00:00
1798797,2,Froy Gutierrez,Froy Gutierrez,Acting,2025-03-02 01:14:54.379063+00:00,2025-03-04 07:00:03.914845+00:00
1186076,2,Philippe Lacheau,Philippe Lacheau,Acting,2025-03-02 01:14:54.379063+00:00,2025-03-04 07:00:03.914845+00:00
239271,2,Jeremy Strong,Jeremy Strong,Acting,2025-03-02 01:14:54.379063+00:00,2025-03-04 07:00:03.914845+00:00
3227497,2,Kingsley Marshall,Kingsley Marshall,Acting,2025-03-02 01:14:54.379063+00:00,2025-03-04 07:00:03.914845+00:00
3895,2,Michael Caine,Michael Caine,Acting,2025-03-02 01:14:54.379063+00:00,2025-03-04 07:00:03.914845+00:00
544276,2,Martin Stránský,Martin Stránský,Acting,2025-03-02 01:14:54.379063+00:00,2025-03-04 07:00:03.914845+00:00
2110161,2,Ham Yon-ji,Ham Yon-ji,Acting,2025-03-02 01:14:54.379063+00:00,2025-03-04 07:00:03.914845+00:00
1375501,2,Bobby Naderi,Bobby Naderi,Acting,2025-03-02 01:14:54.379063+00:00,2025-03-04 07:00:03.914845+00:00
34551,2,Reece Shearsmith,Reece Shearsmith,Acting,2025-03-02 01:14:54.379063+00:00,2025-03-04 07:00:03.914845+00:00
87663,2,Sverrir Gudnason,Sverrir Gudnason,Acting,2025-03-02 01:14:54.379063+00:00,2025-03-04 07:00:03.914845+00:00
2029011,2,Wang Chengsi,Wang Chengsi,Acting,2025-03-02 01:14:54.379063+00:00,2025-03-04 07:00:03.914845+00:00
227071,2,Pedro Casablanc,Pedro Casablanc,Acting,2025-03-02 01:14:54.379063+00:00,2025-03-04 07:00:03.914845+00:00
114,2,Orlando Bloom,Orlando Bloom,Acting,2025-03-02 01:14:54.379063+00:00,2025-03-04 07:00:03.914845+00:00
1296713,2,Yim Si-wan,임시완,Acting,2025-03-02 01:14:54.379063+00:00,2025-03-04 07:00:03.914845+00:00
2413141,2,Ngô Quang Tuấn,Ngô Quang Tuấn,Acting,2025-03-02 01:14:54.379063+00:00,2025-03-04 07:00:03.914845+00:00
529,2,Guy Pearce,Guy Pearce,Acting,2025-03-02 01:14:54.379063+00:00,2025-03-04 07:00:03.914845+00:00
81174,2,Yen Cheng-kuo,顏正國,Acting,2025-03-02 01:14:54.379063+00:00,2025-03-04 07:00:03.914845+00:00
18177,2,André Dussollier,André Dussollier,Acting,2025-03-02 01:14:54.379063+00:00,2025-03-04 07:00:03.914845+00:00
1615891,2,Marc Ma,馬浴柯,Acting,2025-03-02 01:14:54.379063+00:00,2025-03-04 07:00:03.914845+00:00
2613084,2,Simon Lien,Simon Lien,Acting,2025-03-02 01:14:54.379063+00:00,2025-03-04 07:00:03.914845+00:00
31387,2,Yorick van Wageningen,Yorick van Wageningen,Acting,2025-03-02 01:14:54.379063+00:00,2025-03-04 07:00:03.914845+00:00
1719971,2,Lin Ju,林鉅,Acting,2025-03-02 01:14:54.379063+00:00,2025-03-04 07:00:03.914845+00:00
68561,2,Eric Kot Man-Fai,葛民輝,Acting,2025-03-02 01:14:54.379063+00:00,2025-03-04 07:00:03.914845+00:00
12688,2,Peter MacNicol,Peter MacNicol,Acting,2025-03-02 01:14:54.379063+00:00,2025-03-04 07:00:03.914845+00:00
1921704,2,Karma Shakya,Karma Shakya,Acting,2025-03-02 01:14:54.379063+00:00,2025-03-04 07:00:03.914845+00:00
1732595,2,Ryoka Minamide,南出凌嘉,Acting,2025-03-02 01:14:54.379063+00:00,2025-03-04 07:00:03.914845+00:00
1238592,2,Lee Dong-wook,이동욱,Acting,2025-03-02 01:14:54.379063+00:00,2025-03-04 07:00:03.914845+00:00
2611395,0,Yuki Teshima,Yuki Teshima,Crew,2025-03-02 01:14:54.379063+00:00,2025-03-04 07:00:03.914845+00:00
1290029,1,Celia Rowlson-Hall,Celia Rowlson-Hall,Crew,2025-03-02 01:14:54.379063+00:00,2025-03-04 07:00:03.914845+00:00
55081,2,Jonathan Eusebio,Jonathan Eusebio,Crew,2025-03-02 01:14:54.379063+00:00,2025-03-04 07:00:03.914845+00:00
2879867,2,Heo Myeong-haeng,허명행,Crew,2025-03-02 01:14:54.379063+00:00,2025-03-04 07:00:03.914845+00:00
2042738,0,Park Jun-soo,Park Jun-soo,Directing,2025-03-02 01:14:54.379063+00:00,2025-03-04 07:00:03.914845+00:00
1576754,0,Kek-huat Lau,Kek-huat Lau,Directing,2025-03-02 01:14:54.379063+00:00,2025-03-04 07:00:03.914845+00:00
1706480,1,Arkasha Stevenson,Arkasha Stevenson,Directing,2025-03-02 01:14:54.379063+00:00,2025-03-04 07:00:03.914845+00:00
2606257,1,Ching-Chu Hsu,徐慶珠,Directing,2025-03-02 01:14:54.379063+00:00,2025-03-04 07:00:03.914845+00:00
39847,1,Halina Reijn,Halina Reijn,Directing,2025-03-02 01:14:54.379063+00:00,2025-03-04 07:00:03.914845+00:00
2518227,1,Celine Song,Celine Song,Directing,2025-03-02 01:14:54.379063+00:00,2025-03-04 07:00:03.914845+00:00
3438314,1,Sasha Chuk Tsz-yin,祝紫嫣,Directing,2025-03-02 01:14:54.379063+00:00,2025-03-04 07:00:03.914845+00:00
1985636,1,Norris Wong Yee-Lam,黃綺琳,Directing,2025-03-02 01:14:54.379063+00:00,2025-03-04 07:00:03.914845+00:00
15254,2,Emir Kusturica,Emir Kusturica,Directing,2025-03-02 01:14:54.379063+00:00,2025-03-04 07:00:03.914845+00:00
1404563,2,Aleksey Tsitsilin,Aleksey Tsitsilin,Directing,2025-03-02 01:14:54.379063+00:00,2025-03-04 07:00:03.914845+00:00
3001949,2,An Tae-jin,An Tae-jin,Directing,2025-03-02 01:14:54.379063+00:00,2025-03-04 07:00:03.914845+00:00
1187141,2,Masayuki Miyaji,宮地昌幸,Directing,2025-03-02 01:14:54.379063+00:00,2025-03-04 07:00:03.914845+00:00
4956,2,Bernardo Bertolucci,Bernardo Bertolucci,Directing,2025-03-02 01:14:54.379063+00:00,2025-03-04 07:00:03.914845+00:00
1969266,2,Tomoaki Koshida,越田知明,Directing,2025-03-02 01:14:54.379063+00:00,2025-03-04 07:00:03.914845+00:00
239542,2,Kō Nakahira,中平康,Directing,2025-03-02 01:14:54.379063+00:00,2025-03-04 07:00:03.914845+00:00
1456621,2,Kiyotaka Oshiyama,押山清高,Directing,2025-03-02 01:14:54.379063+00:00,2025-03-04 07:00:03.914845+00:00
1053307,2,Tatsuya Mori,森達也,Directing,2025-03-02 01:14:54.379063+00:00,2025-03-04 07:00:03.914845+00:00
119337,2,Choi Dong-hoon,최동훈,Directing,2025-03-02 01:14:54.379063+00:00,2025-03-04 07:00:03.914845+00:00
17883,2,David O. Russell,David O. Russell,Directing,2025-03-02 01:14:54.379063+00:00,2025-03-04 07:00:03.914845+00:00
11983,2,Alain Resnais,Alain Resnais,Directing,2025-03-02 01:14:54.379063+00:00,2025-03-04 07:00:03.914845+00:00
1083227,2,Shen Ko-Shang,Shen Ko-Shang,Directing,2025-03-02 01:14:54.379063+00:00,2025-03-04 07:00:03.914845+00:00
1148984,2,Tsuyoshi Shôji,東海林毅,Directing,2025-03-02 01:14:54.379063+00:00,2025-03-04 07:00:03.914845+00:00
2649234,2,Yoshihiro Miyajima,宮島善博,Directing,2025-03-02 01:14:54.379063+00:00,2025-03-04 07:00:03.914845+00:00
1107015,2,Takayuki Shibasaki,柴崎貴行,Directing,2025-03-02 01:14:54.379063+00:00,2025-03-04 07:00:03.914845+00:00
230767,2,Mehmet Ada Öztekin,Mehmet Ada Öztekin,Directing,2025-03-02 01:14:54.379063+00:00,2025-03-04 07:00:03.914845+00:00
445843,1,Axelle Ropert,Axelle Ropert,Writing,2025-03-02 01:14:54.379063+00:00,2025-03-04 07:00:03.914845+00:00
1497813,2,Li Ding,Li Ding,Writing,2025-03-02 01:14:54.379063+00:00,2025-03-04 07:00:03.914845+00:00
1717583,2,Naoki Yamamoto,山本直樹,Writing,2025-03-02 01:14:54.379063+00:00,2025-03-04 07:00:03.914845+00:00
109016,2,Cary Solomon,Cary Solomon,Writing,2025-03-02 01:14:54.379063+00:00,2025-03-04 07:00:03.914845+00:00
1839886,0,Natthawut Saenyabut,Natthawut Saenyabut,Acting,2025-03-02 01:14:54.379063+00:00,2025-03-04 07:00:03.914845+00:00
2512682,0,Aran Bevan,Aran Bevan,Acting,2025-03-02 01:14:54.379063+00:00,2025-03-04 07:00:03.914845+00:00
1839889,0,Chatchai Chinsi,Chatchai Chinsi,Acting,2025-03-02 01:14:54.379063+00:00,2025-03-04 07:00:03.914845+00:00
4507650,0,Sen-Po Tung,Sen-Po Tung,Acting,2025-03-02 01:14:54.379063+00:00,2025-03-04 07:00:03.914845+00:00
3588053,0,Ming-Hsun Yang,Ming-Hsun Yang,Acting,2025-03-02 01:14:54.379063+00:00,2025-03-04 07:00:03.914845+00:00
4588079,0,Andrew Marshall,Andrew Marshall,Acting,2025-03-02 01:14:54.379063+00:00,2025-03-04 07:00:03.914845+00:00
3692084,0,Serdi Faki Alici,Serdi Faki Alici,Acting,2025-03-02 01:14:54.379063+00:00,2025-03-04 07:00:03.914845+00:00
4558210,0,Reia Nakayoshi,仲吉玲亜,Acting,2025-03-02 01:14:54.379063+00:00,2025-03-04 07:00:03.914845+00:00
3766768,0,Noemi Bonazzi,Noemi Bonazzi,Acting,2025-03-02 01:14:54.379063+00:00,2025-03-04 07:00:03.914845+00:00
3626193,0,Seydou Sarr,Seydou Sarr,Acting,2025-03-02 01:14:54.379063+00:00,2025-03-04 07:00:03.914845+00:00
2333292,0,Jung Gun-joo,정건주,Acting,2025-03-02 01:14:54.379063+00:00,2025-03-04 07:00:03.914845+00:00
3985011,0,William Wasberg,William Wasberg,Acting,2025-03-02 01:14:54.379063+00:00,2025-03-04 07:00:03.914845+00:00
3161782,0,Deki Lhamo,Deki Lhamo,Acting,2025-03-02 01:14:54.379063+00:00,2025-03-04 07:00:03.914845+00:00
2973329,1,Gabrielle Sanz,Gabrielle Sanz,Acting,2025-03-02 01:14:54.379063+00:00,2025-03-04 07:00:03.914845+00:00
7465,1,Carrie Preston,Carrie Preston,Acting,2025-03-02 01:14:54.379063+00:00,2025-03-04 07:00:03.914845+00:00
45400,1,Greta Gerwig,Greta Gerwig,Acting,2025-03-02 01:14:54.379063+00:00,2025-03-04 07:00:03.914845+00:00
2752568,1,Kim Jeong-yeon,Kim Jeong-yeon,Acting,2025-03-02 01:14:54.379063+00:00,2025-03-04 07:00:03.914845+00:00
1685330,1,Inanna Sarkis,Inanna Sarkis,Acting,2025-03-02 01:14:54.379063+00:00,2025-03-04 07:00:03.914845+00:00
2894606,1,Rahaf Ataya,Rahaf Ataya,Acting,2025-03-02 01:14:54.379063+00:00,2025-03-04 07:00:03.914845+00:00
120923,1,Keiko Kitagawa,北川景子,Acting,2025-03-02 01:14:54.379063+00:00,2025-03-04 07:00:03.914845+00:00
1801592,1,Yurisa,百合沙,Acting,2025-03-02 01:14:54.379063+00:00,2025-03-04 07:00:03.914845+00:00
3610726,1,Oh Seung-hee,Oh Seung-hee,Acting,2025-03-02 01:14:54.379063+00:00,2025-03-04 07:00:03.914845+00:00
33989,1,Katharina Lorenz,Katharina Lorenz,Acting,2025-03-02 01:14:54.379063+00:00,2025-03-04 07:00:03.914845+00:00
1135177,1,Loletta Lee Lai-Chun,李麗珍,Acting,2025-03-02 01:14:54.379063+00:00,2025-03-04 07:00:03.914845+00:00
1481238,1,Sophia Lillis,Sophia Lillis,Acting,2025-03-02 01:14:54.379063+00:00,2025-03-04 07:00:03.914845+00:00
2187869,1,Kotone Furukawa,古川琴音,Acting,2025-03-02 01:14:54.379063+00:00,2025-03-04 07:00:03.914845+00:00
3156344,1,Rosalie Chiang,Rosalie Chiang,Acting,2025-03-02 01:14:54.379063+00:00,2025-03-04 07:00:03.914845+00:00
6638,1,Maureen Lipman,Maureen Lipman,Acting,2025-03-02 01:14:54.379063+00:00,2025-03-04 07:00:03.914845+00:00
67599,1,Vanessa Hudgens,Vanessa Hudgens,Acting,2025-03-02 01:14:54.379063+00:00,2025-03-04 07:00:03.914845+00:00
1048658,1,Miwako Fujitani,藤谷美和子,Acting,2025-03-02 01:14:54.379063+00:00,2025-03-04 07:00:03.914845+00:00
2165,1,Rosanna Arquette,Rosanna Arquette,Acting,2025-03-02 01:14:54.379063+00:00,2025-03-04 07:00:03.914845+00:00
2956895,1,BIBI,비비,Acting,2025-03-02 01:14:54.379063+00:00,2025-03-04 07:00:03.914845+00:00
21679,1,Vinette Robinson,Vinette Robinson,Acting,2025-03-02 01:14:54.379063+00:00,2025-03-04 07:00:03.914845+00:00
3762395,1,Park Ye-ni,박예니,Acting,2025-03-02 01:14:54.379063+00:00,2025-03-04 07:00:03.914845+00:00
62336,1,Jin Hee-kyung,진희경,Acting,2025-03-02 01:14:54.379063+00:00,2025-03-04 07:00:03.914845+00:00
3015384,1,Stephanie Panisello,Stephanie Panisello,Acting,2025-03-02 01:14:54.379063+00:00,2025-03-04 07:00:03.914845+00:00
5376,1,Jean Smart,Jean Smart,Acting,2025-03-02 01:14:54.379063+00:00,2025-03-04 07:00:03.914845+00:00
1491913,1,Loubna Abidar,Loubna Abidar,Acting,2025-03-02 01:14:54.379063+00:00,2025-03-04 07:00:03.914845+00:00
1728196,1,Mikako Yoshida,Mikako Yoshida,Acting,2025-03-02 01:14:54.379063+00:00,2025-03-04 07:00:03.914845+00:00
1386418,1,Min Do-hee,민도희,Acting,2025-03-02 01:14:54.379063+00:00,2025-03-04 07:00:03.914845+00:00
123002,1,Yui Okada,岡田結実,Acting,2025-03-02 01:14:54.379063+00:00,2025-03-04 07:00:03.914845+00:00
3534903,1,Lola Campbell,Lola Campbell,Acting,2025-03-02 01:14:54.379063+00:00,2025-03-04 07:00:03.914845+00:00
25025,1,María Barranco,María Barranco,Acting,2025-03-02 01:14:54.379063+00:00,2025-03-04 07:00:03.914845+00:00
1157764,1,Natsuhi Ueno,上野なつひ,Acting,2025-03-02 01:14:54.379063+00:00,2025-03-04 07:00:03.914845+00:00
88495,1,Sandra Ng Kwan-Yue,吳君如,Acting,2025-03-02 01:14:54.379063+00:00,2025-03-04 07:00:03.914845+00:00
4181100,1,Hwang Se-in,Hwang Se-in,Acting,2025-03-02 01:14:54.379063+00:00,2025-03-04 07:00:03.914845+00:00
2918515,1,Julia Peng,Julia Peng,Acting,2025-03-02 01:14:54.379063+00:00,2025-03-04 07:00:03.914845+00:00
1637039,1,Magdalena Lamparska,Magdalena Lamparska,Acting,2025-03-02 01:14:54.379063+00:00,2025-03-04 07:00:03.914845+00:00
2895811,1,Ji Jing,Ji Jing,Acting,2025-03-02 01:14:54.379063+00:00,2025-03-04 07:00:03.914845+00:00
1474028,1,Sharon Rooney,Sharon Rooney,Acting,2025-03-02 01:14:54.379063+00:00,2025-03-04 07:00:03.914845+00:00
3015905,1,Cocomi,Cocomi,Acting,2025-03-02 01:14:54.379063+00:00,2025-03-04 07:00:03.914845+00:00
5198482,1,Maria Gros Vatne,Maria Gros Vatne,Acting,2025-03-02 01:14:54.379063+00:00,2025-03-04 07:00:03.914845+00:00
3347392,1,Evie Loiselle,Evie Loiselle,Acting,2025-03-02 01:14:54.379063+00:00,2025-03-04 07:00:03.914845+00:00
2973356,1,Ani Karseladze,Ani Karseladze,Acting,2025-03-02 01:14:54.379063+00:00,2025-03-04 07:00:03.914845+00:00
1643476,1,Yoshino Aoyama,青山吉能,Acting,2025-03-02 01:14:54.379063+00:00,2025-03-04 07:00:03.914845+00:00
119875,1,Valerie Chow Kar-Ling,周嘉玲,Acting,2025-03-02 01:14:54.379063+00:00,2025-03-04 07:00:03.914845+00:00
1834243,1,Park Se-wan,박세완,Acting,2025-03-02 01:14:54.379063+00:00,2025-03-04 07:00:03.914845+00:00
932889,1,Dora Volanaki,Ντόρα Βολανάκη,Acting,2025-03-02 01:14:54.379063+00:00,2025-03-04 07:00:03.914845+00:00
54633,1,Grace Caroline Currey,Grace Caroline Currey,Acting,2025-03-02 01:14:54.379063+00:00,2025-03-04 07:00:03.914845+00:00
2225985,1,Kelly Yu,于文文,Acting,2025-03-02 01:14:54.379063+00:00,2025-03-04 07:00:03.914845+00:00
19116,1,Aure Atika,Aure Atika,Acting,2025-03-02 01:14:54.379063+00:00,2025-03-04 07:00:03.914845+00:00
2003804,1,Kim Kuk-hee,김국희,Acting,2025-03-02 01:14:54.379063+00:00,2025-03-04 07:00:03.914845+00:00
3404656,1,Molly Chiang,Molly Chiang,Acting,2025-03-02 01:14:54.379063+00:00,2025-03-04 07:00:03.914845+00:00
931963,1,Blu Yoshimi,Blu Yoshimi,Acting,2025-03-02 01:14:54.379063+00:00,2025-03-04 07:00:03.914845+00:00
103390,1,Aisha Dee,Aisha Dee,Acting,2025-03-02 01:14:54.379063+00:00,2025-03-04 07:00:03.914845+00:00
3804649,1,Yu-Tung Hsia,Yu-Tung Hsia,Acting,2025-03-02 01:14:54.379063+00:00,2025-03-04 07:00:03.914845+00:00
60898,2,Sebastian Stan,Sebastian Stan,Acting,2025-03-02 01:14:54.379063+00:00,2025-03-04 07:00:03.914845+00:00
3483,2,Antonio de la Torre,Antonio de la Torre,Acting,2025-03-02 01:14:54.379063+00:00,2025-03-04 07:00:03.914845+00:00
1388365,2,Heo Sung-tae,허성태,Acting,2025-03-02 01:14:54.379063+00:00,2025-03-04 07:00:03.914845+00:00
1388624,2,Takumi Kitamura,北村匠海,Acting,2025-03-02 01:14:54.379063+00:00,2025-03-04 07:00:03.914845+00:00
3078341,2,Takuya Tasso,Takuya Tasso,Acting,2025-03-02 01:14:54.379063+00:00,2025-03-04 07:00:03.914845+00:00
77182,2,Kim Byeong-ok,김병옥,Acting,2025-03-02 01:14:54.379063+00:00,2025-03-04 07:00:03.914845+00:00
3477176,2,Kaarel Pogga,Kaarel Pogga,Acting,2025-03-02 01:14:54.379063+00:00,2025-03-04 07:00:03.914845+00:00
223323,2,Jang Jae-ho,장재호,Acting,2025-03-02 01:14:54.379063+00:00,2025-03-04 07:00:03.914845+00:00
3130857,2,Chrisfly Hu,Chrisfly Hu,Acting,2025-03-02 01:14:54.379063+00:00,2025-03-04 07:00:03.914845+00:00
79291,2,Luciano Cáceres,Luciano Cáceres,Acting,2025-03-02 01:14:54.379063+00:00,2025-03-04 07:00:03.914845+00:00
3764584,2,Anson Chan,陈毅燊,Acting,2025-03-02 01:14:54.379063+00:00,2025-03-04 07:00:03.914845+00:00
2931936,2,Moon Dong-hyeok,문동혁,Acting,2025-03-02 01:14:54.379063+00:00,2025-03-04 07:00:03.914845+00:00
55636,2,Donald Sutherland,Donald Sutherland,Acting,2025-03-02 01:14:54.379063+00:00,2025-03-04 07:00:03.914845+00:00
1519030,2,Yin Zheng,尹正,Acting,2025-03-02 01:14:54.379063+00:00,2025-03-04 07:00:03.914845+00:00
3538142,2,Ali Junejo,Ali Junejo,Acting,2025-03-02 01:14:54.379063+00:00,2025-03-04 07:00:03.914845+00:00
83860,2,Aldis Hodge,Aldis Hodge,Acting,2025-03-02 01:14:54.379063+00:00,2025-03-04 07:00:03.914845+00:00
16828,2,Chris Evans,Chris Evans,Acting,2025-03-02 01:14:54.379063+00:00,2025-03-04 07:00:03.914845+00:00
2362044,2,Izaac Wang,Izaac Wang,Acting,2025-03-02 01:14:54.379063+00:00,2025-03-04 07:00:03.914845+00:00
20239,2,Vincent Perez,Vincent Perez,Acting,2025-03-02 01:14:54.379063+00:00,2025-03-04 07:00:03.914845+00:00
76975,2,Rentaro Mikuni,三国連太郎,Acting,2025-03-02 01:14:54.379063+00:00,2025-03-04 07:00:03.914845+00:00
1041803,2,Piotr Cyrwus,Piotr Cyrwus,Acting,2025-03-02 01:14:54.379063+00:00,2025-03-04 07:00:03.914845+00:00
1115,2,Stephen Graham,Stephen Graham,Acting,2025-03-02 01:14:54.379063+00:00,2025-03-04 07:00:03.914845+00:00
1269,2,Kevin Costner,Kevin Costner,Acting,2025-03-02 01:14:54.379063+00:00,2025-03-04 07:00:03.914845+00:00
63694,2,Joe Odagiri,オダギリジョー,Acting,2025-03-02 01:14:54.379063+00:00,2025-03-04 07:00:03.914845+00:00
1945369,2,Woody Norman,Woody Norman,Acting,2025-03-02 01:14:54.379063+00:00,2025-03-04 07:00:03.914845+00:00
77180,2,Ji Dae-han,지대한,Acting,2025-03-02 01:14:54.379063+00:00,2025-03-04 07:00:03.914845+00:00
143389,2,Nicolas Giraud,Nicolas Giraud,Acting,2025-03-02 01:14:54.379063+00:00,2025-03-04 07:00:03.914845+00:00
2551737,2,Wes Tank,Wes Tank,Acting,2025-03-02 01:14:54.379063+00:00,2025-03-04 07:00:03.914845+00:00
96862,2,Hu Jun,胡军,Acting,2025-03-02 01:14:54.379063+00:00,2025-03-04 07:00:03.914845+00:00
78348,2,George Tokoro,所ジョージ,Acting,2025-03-02 01:14:54.379063+00:00,2025-03-04 07:00:03.914845+00:00
224870,2,Paco León,Paco León,Acting,2025-03-02 01:14:54.379063+00:00,2025-03-04 07:00:03.914845+00:00
88675,2,Justin Baldoni,Justin Baldoni,Acting,2025-03-02 01:14:54.379063+00:00,2025-03-04 07:00:03.914845+00:00
15319,2,Henry Czerny,Henry Czerny,Acting,2025-03-02 01:14:54.379063+00:00,2025-03-04 07:00:03.914845+00:00
151680,2,Jay Ellis,Jay Ellis,Acting,2025-03-02 09:35:42.269341+00:00,2025-03-04 07:00:03.914845+00:00
25650,2,Hiei Kimura,木村飛影,Acting,2025-03-02 01:14:54.379063+00:00,2025-03-04 07:00:03.914845+00:00
2104461,2,Peter Yu,Peter Yu,Acting,2025-03-02 01:14:54.379063+00:00,2025-03-04 07:00:03.914845+00:00
2269613,2,Omar Rudberg,Omar Rudberg,Acting,2025-03-02 01:14:54.379063+00:00,2025-03-04 07:00:03.914845+00:00
1325230,2,Ayumu Murase,村瀬歩,Acting,2025-03-02 01:14:54.379063+00:00,2025-03-04 07:00:03.914845+00:00
1226684,2,James Napier Robertson,James Napier Robertson,Acting,2025-03-02 01:14:54.379063+00:00,2025-03-04 07:00:03.914845+00:00
11006,2,James Marsden,James Marsden,Acting,2025-03-02 01:14:54.379063+00:00,2025-03-04 07:00:03.914845+00:00
67546,2,Wolfgang Stumph,Wolfgang Stumph,Acting,2025-03-02 01:14:54.379063+00:00,2025-03-04 07:00:03.914845+00:00
14821,2,Fernando Rey,Fernando Rey,Acting,2025-03-02 01:14:54.379063+00:00,2025-03-04 07:00:03.914845+00:00
127891,2,Masaharu Fukuyama,福山雅治,Acting,2025-03-02 01:14:54.379063+00:00,2025-03-04 07:00:03.914845+00:00
2298208,2,Lan Wei-Hua,Lan Wei-Hua,Acting,2025-03-02 01:14:54.379063+00:00,2025-03-04 07:00:03.914845+00:00
2351942,2,Hsia Teng Hung,夏騰宏,Acting,2025-03-02 01:14:54.379063+00:00,2025-03-04 07:00:03.914845+00:00
65727,2,Sam Jaeger,Sam Jaeger,Acting,2025-03-02 01:14:54.379063+00:00,2025-03-04 07:00:03.914845+00:00
29445,2,Ethan Phillips,Ethan Phillips,Acting,2025-03-02 01:14:54.379063+00:00,2025-03-04 07:00:03.914845+00:00
16808,2,Matthias Schweighöfer,Matthias Schweighöfer,Acting,2025-03-02 01:14:54.379063+00:00,2025-03-04 07:00:03.914845+00:00
2518136,2,Lorenzo Yearby,Lorenzo Yearby,Acting,2025-03-02 01:14:54.379063+00:00,2025-03-04 07:00:03.914845+00:00
1177942,2,Kento Yamazaki,山﨑賢人,Acting,2025-03-02 01:14:54.379063+00:00,2025-03-04 07:00:03.914845+00:00
2576635,2,Gianluca Colucci,Gianluca Colucci,Acting,2025-03-02 01:14:54.379063+00:00,2025-03-04 07:00:03.914845+00:00
196737,2,Allen Altman,Allen Altman,Acting,2025-03-02 01:14:54.379063+00:00,2025-03-04 07:00:03.914845+00:00
20372,2,Edison Chen,陳冠希,Acting,2025-03-02 01:14:54.379063+00:00,2025-03-04 07:00:03.914845+00:00
74023,2,Li Shuang,Li Shuang,Acting,2025-03-02 01:14:54.379063+00:00,2025-03-04 07:00:03.914845+00:00
1247109,2,James Wen,温昇豪,Acting,2025-03-02 01:14:54.379063+00:00,2025-03-04 07:00:03.914845+00:00
552538,2,Yuya Endo,遠藤雄弥,Acting,2025-03-02 01:14:54.379063+00:00,2025-03-04 07:00:03.914845+00:00
93532,2,Laurent Lafitte,Laurent Lafitte,Acting,2025-03-02 01:14:54.379063+00:00,2025-03-04 07:00:03.914845+00:00
96066,2,Liam Hemsworth,Liam Hemsworth,Acting,2025-03-02 01:14:54.379063+00:00,2025-03-04 07:00:03.914845+00:00
81685,2,Frank Grillo,Frank Grillo,Acting,2025-03-02 01:14:54.379063+00:00,2025-03-04 07:00:03.914845+00:00
28896,2,Jack Wouterse,Jack Wouterse,Acting,2025-03-02 01:14:54.379063+00:00,2025-03-04 07:00:03.914845+00:00
16962,2,Jang Dong-gun,장동건,Acting,2025-03-02 01:14:54.379063+00:00,2025-03-04 07:00:03.914845+00:00
64436,2,Daniel Wu,吳彥祖,Acting,2025-03-02 01:14:54.379063+00:00,2025-03-04 07:00:03.914845+00:00
52,2,David Morse,David Morse,Acting,2025-03-02 01:14:54.379063+00:00,2025-03-04 07:00:03.914845+00:00
127798,2,Choi Min-soo,최민수,Acting,2025-03-02 01:14:54.379063+00:00,2025-03-04 07:00:03.914845+00:00
1990192,2,Patrick Shih,施柏宇,Acting,2025-03-02 01:14:54.379063+00:00,2025-03-04 07:00:03.914845+00:00
2195612,0,Jérémy Trouilh,Jérémy Trouilh,Directing,2025-03-02 01:14:54.379063+00:00,2025-03-04 07:00:03.914845+00:00
3644234,0,Aussada Likitboonma,Aussada Likitboonma,Directing,2025-03-02 01:14:54.379063+00:00,2025-03-04 07:00:03.914845+00:00
2755355,0,Nam Dong-hyub,Nam Dong-hyub,Directing,2025-03-02 01:14:54.379063+00:00,2025-03-04 07:00:03.914845+00:00
2212385,0,Lee Hu-bin,Lee Hu-bin,Directing,2025-03-02 01:14:54.379063+00:00,2025-03-04 07:00:03.914845+00:00
1625851,0,Romane Gueret,Romane Gueret,Directing,2025-03-02 01:14:54.379063+00:00,2025-03-04 07:00:03.914845+00:00
3006076,0,Alex Berg,Alex Berg,Directing,2025-03-02 01:14:54.379063+00:00,2025-03-04 07:00:03.914845+00:00
2840507,0,Matthew Goodhue,Matthew Goodhue,Directing,2025-03-02 01:14:54.379063+00:00,2025-03-04 07:00:03.914845+00:00
3460618,0,Park Jae-seok,Park Jae-seok,Directing,2025-03-02 01:14:54.379063+00:00,2025-03-04 07:00:03.914845+00:00
3028833,1,Kanittha Kwanyu,Kanittha Kwanyu,Directing,2025-03-02 01:14:54.379063+00:00,2025-03-04 07:00:03.914845+00:00
1312149,1,July Jung,정주리,Directing,2025-03-02 01:14:54.379063+00:00,2025-03-04 07:00:03.914845+00:00
1175620,1,Justine Triet,Justine Triet,Directing,2025-03-02 01:14:54.379063+00:00,2025-03-04 07:00:03.914845+00:00
1498538,1,Emma Westenberg,Emma Westenberg,Directing,2025-03-02 01:14:54.379063+00:00,2025-03-04 07:00:03.914845+00:00
2957803,1,Ishana Night Shyamalan,Ishana Night Shyamalan,Directing,2025-03-02 01:14:54.379063+00:00,2025-03-04 07:00:03.914845+00:00
2360732,2,Wang Ding-Lin,Wang Ding-Lin,Directing,2025-03-02 01:14:54.379063+00:00,2025-03-04 07:00:03.914845+00:00
1279429,2,Hideta Takahata,タカハタ秀太,Directing,2025-03-02 01:14:54.379063+00:00,2025-03-04 07:00:03.914845+00:00
1371299,2,Cheng Yu-chieh,鄭有傑,Directing,2025-03-02 01:14:54.379063+00:00,2025-03-04 07:00:03.914845+00:00
1062447,2,Dain Said,Dain Said,Directing,2025-03-02 01:14:54.379063+00:00,2025-03-04 07:00:03.914845+00:00
57199,2,Mark Mylod,Mark Mylod,Directing,2025-03-02 01:14:54.379063+00:00,2025-03-04 07:00:03.914845+00:00
127890,2,Hiroshi Nishitani,西谷弘,Directing,2025-03-02 01:14:54.379063+00:00,2025-03-04 07:00:03.914845+00:00
81355,2,Yukihiko Tsutsumi,堤幸彦,Directing,2025-03-02 01:14:54.379063+00:00,2025-03-04 07:00:03.914845+00:00
60922,2,Josh Gordon,Josh Gordon,Directing,2025-03-02 01:14:54.379063+00:00,2025-03-04 07:00:03.914845+00:00
131295,2,Yee Chih-yen,Yee Chin-Yen,Directing,2025-03-02 01:14:54.379063+00:00,2025-03-04 07:00:03.914845+00:00
143035,2,Edward Yang,楊德昌,Directing,2025-03-02 01:14:54.379063+00:00,2025-03-04 07:00:03.914845+00:00
143593,2,Xavier Dolan,Xavier Dolan,Directing,2025-03-02 01:14:54.379063+00:00,2025-03-04 07:00:03.914845+00:00
2276189,2,Maxime Rappaz,Maxime Rappaz,Directing,2025-03-02 01:14:54.379063+00:00,2025-03-04 07:00:03.914845+00:00
52909,2,Masato Harada,原田眞人,Directing,2025-03-02 01:14:54.379063+00:00,2025-03-04 07:00:03.914845+00:00
20629,2,George Miller,George Miller,Directing,2025-03-02 01:14:54.379063+00:00,2025-03-04 07:00:03.914845+00:00
2927206,2,Gabriele Fabbro,Gabriele Fabbro,Directing,2025-03-02 01:14:54.379063+00:00,2025-03-04 07:00:03.914845+00:00
116736,2,Matthias Temmermans,Matthias Temmermans,Directing,2025-03-02 01:14:54.379063+00:00,2025-03-04 07:00:03.914845+00:00
2405028,2,Kim Hyung-joo,Kim Hyung-joo,Directing,2025-03-02 01:14:54.379063+00:00,2025-03-04 07:00:03.914845+00:00
1168608,2,Taneli Mustonen,Taneli Mustonen,Directing,2025-03-02 01:14:54.379063+00:00,2025-03-04 07:00:03.914845+00:00
237364,2,Genki Kawamura,川村元気,Production,2025-03-02 01:14:54.379063+00:00,2025-03-04 07:00:03.914845+00:00
2576886,2,Satoru Iguchi,井口理,Sound,2025-03-02 01:14:54.379063+00:00,2025-03-04 07:00:03.914845+00:00
1726802,2,Kazuyoshi Takeuchi,竹内一義,Visual Effects,2025-03-02 01:14:54.379063+00:00,2025-03-04 07:00:03.914845+00:00
2574299,2,Keiichiro Saito,斎藤圭一郎,Visual Effects,2025-03-02 01:14:54.379063+00:00,2025-03-04 07:00:03.914845+00:00
1625850,0,Lise Akoka,Lise Akoka,Writing,2025-03-02 01:14:54.379063+00:00,2025-03-04 07:00:03.914845+00:00
444892,2,Eskil Vogt,Eskil Vogt,Writing,2025-03-02 01:14:54.379063+00:00,2025-03-04 07:00:03.914845+00:00
57028,2,George Huang,George Huang,Writing,2025-03-02 01:14:54.379063+00:00,2025-03-04 07:00:03.914845+00:00
185,2,Katsuhiro Otomo,大友克洋,Writing,2025-03-02 01:14:54.379063+00:00,2025-03-04 07:00:03.914845+00:00
4404887,0,Nacho Francavilla,Nacho Francavilla,Acting,2025-03-02 01:14:54.379063+00:00,2025-03-04 07:00:03.914845+00:00
930120,0,Farhad Kheradmand,Farhad Kheradmand,Acting,2025-03-02 01:14:54.379063+00:00,2025-03-04 07:00:03.914845+00:00
3005719,0,Liqiao Xiao,Liqiao Xiao,Acting,2025-03-02 01:14:54.379063+00:00,2025-03-04 07:00:03.914845+00:00
1367704,0,Tharoth Sam,Tharoth Sam,Acting,2025-03-02 01:14:54.379063+00:00,2025-03-04 07:00:03.914845+00:00
4469727,0,Ma York,Ma York,Acting,2025-03-02 01:14:54.379063+00:00,2025-03-04 07:00:03.914845+00:00
3959136,0,Jaeden Paige Boadilla,Jaeden Paige Boadilla,Acting,2025-03-02 01:14:54.379063+00:00,2025-03-04 07:00:03.914845+00:00
557876,0,Natthakarn Aphaiwonk,Natthakarn Aphaiwonk,Acting,2025-03-02 01:14:54.379063+00:00,2025-03-04 07:00:03.914845+00:00
4425117,0,Bashir Nikzad,Bashir Nikzad,Acting,2025-03-02 01:14:54.379063+00:00,2025-03-04 07:00:03.914845+00:00
3695927,0,Farham Azizi,Farham Azizi,Acting,2025-03-02 01:14:54.379063+00:00,2025-03-04 07:00:03.914845+00:00
4258029,0,Futa Muraki,Futa Muraki,Acting,2025-03-02 01:14:54.379063+00:00,2025-03-04 07:00:03.914845+00:00
4410190,0,Tian Tan,Tian Tan,Acting,2025-03-02 01:14:54.379063+00:00,2025-03-04 07:00:03.914845+00:00
1872057,1,Moeka Hoshi,穂志もえか,Acting,2025-03-02 01:14:54.379063+00:00,2025-03-04 07:00:03.914845+00:00
1850235,1,Eugénie Derouand,Eugénie Derouand,Acting,2025-03-02 01:14:54.379063+00:00,2025-03-04 07:00:03.914845+00:00
18218,1,Marie Dubois,Marie Dubois,Acting,2025-03-02 01:14:54.379063+00:00,2025-03-04 07:00:03.914845+00:00
1638505,1,Fish Liew,Fish Liew,Acting,2025-03-02 01:14:54.379063+00:00,2025-03-04 07:00:03.914845+00:00
42930,1,Anna Brüggemann,Anna Brüggemann,Acting,2025-03-02 01:14:54.379063+00:00,2025-03-04 07:00:03.914845+00:00
19907,1,Belén Rueda,Belén Rueda,Acting,2025-03-02 01:14:54.379063+00:00,2025-03-04 07:00:03.914845+00:00
1662816,1,Moonbyul,문별,Acting,2025-03-02 01:14:54.379063+00:00,2025-03-04 07:00:03.914845+00:00
1261038,1,Francesca Kao,高慧君,Acting,2025-03-02 01:14:54.379063+00:00,2025-03-04 07:00:03.914845+00:00
1657720,1,Laurie Babin,Laurie Babin,Acting,2025-03-02 01:14:54.379063+00:00,2025-03-04 07:00:03.914845+00:00
111658,1,Lisa Palfrey,Lisa Palfrey,Acting,2025-03-02 01:14:54.379063+00:00,2025-03-04 07:00:03.914845+00:00
90133,1,Akemi Okamura,岡村明美,Acting,2025-03-02 01:14:54.379063+00:00,2025-03-04 07:00:03.914845+00:00
1308445,1,Carrie Coon,Carrie Coon,Acting,2025-03-02 01:14:54.379063+00:00,2025-03-04 07:00:03.914845+00:00
2606660,1,Sabrina Elba,Sabrina Elba,Acting,2025-03-02 01:14:54.379063+00:00,2025-03-04 07:00:03.914845+00:00
2236357,1,Nagisa Sekimizu,関水渚,Acting,2025-03-02 01:14:54.379063+00:00,2025-03-04 07:00:03.914845+00:00
18499,1,Mercedes Morán,Mercedes Morán,Acting,2025-03-02 01:14:54.379063+00:00,2025-03-04 07:00:03.914845+00:00
4885,1,Emmanuelle Béart,Emmanuelle Béart,Acting,2025-03-02 01:14:54.379063+00:00,2025-03-04 07:00:03.914845+00:00
1551424,1,Lee Min-ji,이민지,Acting,2025-03-02 01:14:54.379063+00:00,2025-03-04 07:00:03.914845+00:00
1329984,1,Lim Ji-yeon,임지연,Acting,2025-03-02 01:14:54.379063+00:00,2025-03-04 07:00:03.914845+00:00
17140,1,Abigail Breslin,Abigail Breslin,Acting,2025-03-02 01:14:54.379063+00:00,2025-03-04 07:00:03.914845+00:00
1669110,1,Aju Makita,蒔田彩珠,Acting,2025-03-02 01:14:54.379063+00:00,2025-03-04 07:00:03.914845+00:00
1742837,1,Yao Yi Ti,姚以緹,Acting,2025-03-02 01:14:54.379063+00:00,2025-03-04 07:00:03.914845+00:00
1716008,1,Lee Sun-bin,이선빈,Acting,2025-03-02 01:14:54.379063+00:00,2025-03-04 07:00:03.914845+00:00
1090062,1,Sarah-Sofie Boussnina,Sarah-Sofie Boussnina,Acting,2025-03-02 01:14:54.379063+00:00,2025-03-04 07:00:03.914845+00:00
64210,1,Maïwenn,Maïwenn,Acting,2025-03-02 01:14:54.379063+00:00,2025-03-04 07:00:03.914845+00:00
566544,1,Aura Garrido,Aura Garrido,Acting,2025-03-02 01:14:54.379063+00:00,2025-03-04 07:00:03.914845+00:00
1825907,1,Natalie Tannous,Natalie Tannous,Acting,2025-03-02 01:14:54.379063+00:00,2025-03-04 07:00:03.914845+00:00
4638294,1,Mavis,Mavis,Acting,2025-03-02 01:14:54.379063+00:00,2025-03-04 07:00:03.914845+00:00
1576701,1,Lou Lambrecht,Lou Lambrecht,Acting,2025-03-02 01:14:54.379063+00:00,2025-03-04 07:00:03.914845+00:00
1650581,1,Carol Ann Crawford,Carol Ann Crawford,Acting,2025-03-02 01:14:54.379063+00:00,2025-03-04 07:00:03.914845+00:00
4154,1,Brenda Blethyn,Brenda Blethyn,Acting,2025-03-02 01:14:54.379063+00:00,2025-03-04 07:00:03.914845+00:00
2476955,1,Tora Christine Dietrichson,Tora Christine Dietrichson,Acting,2025-03-02 01:14:54.379063+00:00,2025-03-04 07:00:03.914845+00:00
1010157,1,Diane Guerrero,Diane Guerrero,Acting,2025-03-02 01:14:54.379063+00:00,2025-03-04 07:00:03.914845+00:00
3391,1,Kathleen Turner,Kathleen Turner,Acting,2025-03-02 01:14:54.379063+00:00,2025-03-04 07:00:03.914845+00:00
119263,1,Yoko Honna,本名陽子,Acting,2025-03-02 01:14:54.379063+00:00,2025-03-04 07:00:03.914845+00:00
2681904,1,Hsu An-Chih,Hsu An-Chih,Acting,2025-03-02 09:35:42.269341+00:00,2025-03-04 07:00:03.914845+00:00
2381442,1,Belissa Escobedo,Belissa Escobedo,Acting,2025-03-02 01:14:54.379063+00:00,2025-03-04 07:00:03.914845+00:00
1294946,1,Cho Min-soo,조민수,Acting,2025-03-02 01:14:54.379063+00:00,2025-03-04 07:00:03.914845+00:00
1458942,1,Yuko Araki,新木優子,Acting,2025-03-02 01:14:54.379063+00:00,2025-03-04 07:00:03.914845+00:00
3286746,1,Capucine Sainson-Fabresse,Capucine Sainson-Fabresse,Acting,2025-03-02 01:14:54.379063+00:00,2025-03-04 07:00:03.914845+00:00
19646,1,Mylène Demongeot,Mylène Demongeot,Acting,2025-03-02 01:14:54.379063+00:00,2025-03-04 07:00:03.914845+00:00
52809,2,Itsuji Itao,板尾創路,Acting,2025-03-02 01:14:54.379063+00:00,2025-03-04 07:00:03.914845+00:00
228466,2,Goro Inagaki,稲垣吾郎,Acting,2025-03-02 01:14:54.379063+00:00,2025-03-04 07:00:03.914845+00:00
20052,2,James Bentley,James Bentley,Acting,2025-03-02 01:14:54.379063+00:00,2025-03-04 07:00:03.914845+00:00
1646,2,Udo Kier,Udo Kier,Acting,2025-03-02 01:14:54.379063+00:00,2025-03-04 07:00:03.914845+00:00
2283,2,Stanley Tucci,Stanley Tucci,Acting,2025-03-02 01:14:54.379063+00:00,2025-03-04 07:00:03.914845+00:00
1768966,2,Asher Angel,Asher Angel,Acting,2025-03-02 01:14:54.379063+00:00,2025-03-04 07:00:03.914845+00:00
13250,2,Hidetoshi Nishijima,西島秀俊,Acting,2025-03-02 01:14:54.379063+00:00,2025-03-04 07:00:03.914845+00:00
5004,2,Omar Sharif,Omar Sharif,Acting,2025-03-02 01:14:54.379063+00:00,2025-03-04 07:00:03.914845+00:00
2561607,2,David M. Santana,David M. Santana,Acting,2025-03-02 01:14:54.379063+00:00,2025-03-04 07:00:03.914845+00:00
2141745,2,Kardo Razzazi,Kardo Razzazi,Acting,2025-03-02 01:14:54.379063+00:00,2025-03-04 07:00:03.914845+00:00
1142,2,Philippe Volter,Philippe Volter,Acting,2025-03-02 01:14:54.379063+00:00,2025-03-04 07:00:03.914845+00:00
554984,2,Wu Bai,Wu Bai,Acting,2025-03-02 01:14:54.379063+00:00,2025-03-04 07:00:03.914845+00:00
2418942,2,Morteza Khanjani,Morteza Khanjani,Acting,2025-03-02 01:14:54.379063+00:00,2025-03-04 07:00:03.914845+00:00
1145,2,Zbigniew Zamachowski,Zbigniew Zamachowski,Acting,2025-03-02 01:14:54.379063+00:00,2025-03-04 07:00:03.914845+00:00
1827517,2,Sander Thomas,Sander Thomas,Acting,2025-03-02 01:14:54.379063+00:00,2025-03-04 07:00:03.914845+00:00
10182,2,Ving Rhames,Ving Rhames,Acting,2025-03-02 01:14:54.379063+00:00,2025-03-04 07:00:03.914845+00:00
2918039,2,Wanja Valentin Kube,Wanja Valentin Kube,Acting,2025-03-02 01:14:54.379063+00:00,2025-03-04 07:00:03.914845+00:00
52639,2,Tom Wlaschiha,Tom Wlaschiha,Acting,2025-03-02 01:14:54.379063+00:00,2025-03-04 07:00:03.914845+00:00
527393,2,Dylan O'Brien,Dylan O'Brien,Acting,2025-03-02 01:14:54.379063+00:00,2025-03-04 07:00:03.914845+00:00
10411,2,Barry Nelson,Barry Nelson,Acting,2025-03-02 01:14:54.379063+00:00,2025-03-04 07:00:03.914845+00:00
215055,2,Steven Yeun,Steven Yeun,Acting,2025-03-02 01:14:54.379063+00:00,2025-03-04 07:00:03.914845+00:00
7220,2,Mark Famiglietti,Mark Famiglietti,Acting,2025-03-02 01:14:54.379063+00:00,2025-03-04 07:00:03.914845+00:00
1629429,2,Rocci Williams,Rocci Williams,Acting,2025-03-02 01:14:54.379063+00:00,2025-03-04 07:00:03.914845+00:00
1910031,2,Kim Nam-woo,김남우,Acting,2025-03-02 01:14:54.379063+00:00,2025-03-04 07:00:03.914845+00:00
136532,2,Matt Smith,Matt Smith,Acting,2025-03-02 01:14:54.379063+00:00,2025-03-04 07:00:03.914845+00:00
1237405,2,Christian Navarro,Christian Navarro,Acting,2025-03-02 01:14:54.379063+00:00,2025-03-04 07:00:03.914845+00:00
3051936,2,Mark Eydelshteyn,Марк Эйдельштейн,Acting,2025-03-02 01:14:54.379063+00:00,2025-03-04 07:00:03.914845+00:00
16940,2,Jeremy Irons,Jeremy Irons,Acting,2025-03-02 01:14:54.379063+00:00,2025-03-04 07:00:03.914845+00:00
72731,2,Nick Cheung Ka-Fai,張家輝,Acting,2025-03-02 01:14:54.379063+00:00,2025-03-04 07:00:03.914845+00:00
55514,2,Ignat Daniltsev,Игнат Данильцев,Acting,2025-03-02 01:14:54.379063+00:00,2025-03-04 07:00:03.914845+00:00
35382,2,Matthias Brandt,Matthias Brandt,Acting,2025-03-02 01:14:54.379063+00:00,2025-03-04 07:00:03.914845+00:00
2886238,2,Kim Ah-seok,Kim Ah-seok,Acting,2025-03-02 01:14:54.379063+00:00,2025-03-04 07:00:03.914845+00:00
28511,2,Luis Zahera,Luis Zahera,Acting,2025-03-02 01:14:54.379063+00:00,2025-03-04 07:00:03.914845+00:00
1719168,2,Nader Khademi,Nader Khademi,Acting,2025-03-02 01:14:54.379063+00:00,2025-03-04 07:00:03.914845+00:00
1205318,2,Pablo Chiapella,Pablo Chiapella,Acting,2025-03-02 01:14:54.379063+00:00,2025-03-04 07:00:03.914845+00:00
10917,2,Simon Abkarian,Simon Abkarian,Acting,2025-03-02 01:14:54.379063+00:00,2025-03-04 07:00:03.914845+00:00
72932,2,Ryuhei Matsuda,松田龍平,Acting,2025-03-02 01:14:54.379063+00:00,2025-03-04 07:00:03.914845+00:00
3958646,2,Viktor Drapikovskyi,Viktor Drapikovskyi,Acting,2025-03-02 01:14:54.379063+00:00,2025-03-04 07:00:03.914845+00:00
1043834,2,David Knoll,David Knoll,Acting,2025-03-02 01:14:54.379063+00:00,2025-03-04 07:00:03.914845+00:00
92487,2,Tsuyoshi Abe,阿部力,Acting,2025-03-02 01:14:54.379063+00:00,2025-03-04 07:00:03.914845+00:00
3494273,2,Mehdi Bajestani,Mehdi Bajestani,Acting,2025-03-02 01:14:54.379063+00:00,2025-03-04 07:00:03.914845+00:00
4443,2,Christopher McDonald,Christopher McDonald,Acting,2025-03-02 01:14:54.379063+00:00,2025-03-04 07:00:03.914845+00:00
227629,2,Takeo Chii,地井武男,Acting,2025-03-02 01:14:54.379063+00:00,2025-03-04 07:00:03.914845+00:00
1968291,2,Kenzo Ryu,Kenzo Ryu,Acting,2025-03-02 01:14:54.379063+00:00,2025-03-04 07:00:03.914845+00:00
1247355,2,Matouš Ruml,Matouš Ruml,Acting,2025-03-02 01:14:54.379063+00:00,2025-03-04 07:00:03.914845+00:00
41419,2,Hugh Laurie,Hugh Laurie,Acting,2025-03-02 01:14:54.379063+00:00,2025-03-04 07:00:03.914845+00:00
1142780,2,Subaru Kimura,木村昴,Acting,2025-03-02 01:14:54.379063+00:00,2025-03-04 07:00:03.914845+00:00
1894615,2,Oleg Ivenko,Oleg Ivenko,Acting,2025-03-02 01:14:54.379063+00:00,2025-03-04 07:00:03.914845+00:00
1718841,2,Kim Jin-woo,김진우,Acting,2025-03-02 01:14:54.379063+00:00,2025-03-04 07:00:03.914845+00:00
1558012,2,Colton Gobbo,Colton Gobbo,Acting,2025-03-02 01:14:54.379063+00:00,2025-03-04 07:00:03.914845+00:00
2832328,2,René Escobar Jr.,René Escobar Jr.,Acting,2025-03-02 01:14:54.379063+00:00,2025-03-04 07:00:03.914845+00:00
562730,2,Danila Kozlovsky,Данила Козловский,Acting,2025-03-02 01:14:54.379063+00:00,2025-03-04 07:00:03.914845+00:00
3470410,2,Gabriele Cristini,Gabriele Cristini,Acting,2025-03-02 01:14:54.379063+00:00,2025-03-04 07:00:03.914845+00:00
1241,2,John Turturro,John Turturro,Acting,2025-03-02 01:14:54.379063+00:00,2025-03-04 07:00:03.914845+00:00
1231402,2,Mark Bonnar,Mark Bonnar,Acting,2025-03-02 01:14:54.379063+00:00,2025-03-04 07:00:03.914845+00:00
1347525,2,Park Seo-jun,박서준,Acting,2025-03-02 01:14:54.379063+00:00,2025-03-04 07:00:03.914845+00:00
58158,2,Tarō Ishida,石田太郎,Acting,2025-03-02 01:14:54.379063+00:00,2025-03-04 07:00:03.914845+00:00
1737514,2,Andrea Preti,Andrea Preti,Acting,2025-03-02 01:14:54.379063+00:00,2025-03-04 07:00:03.914845+00:00
552001,2,Yûharu Atsuta,厚田雄春,Camera,2025-03-02 01:14:54.379063+00:00,2025-03-04 07:00:03.914845+00:00
4804724,0,Min Geun,민근,Directing,2025-03-02 01:14:54.379063+00:00,2025-03-04 07:00:03.914845+00:00
1334911,0,Lee Yeon-woo,Lee Yeon-woo,Directing,2025-03-02 01:14:54.379063+00:00,2025-03-04 07:00:03.914845+00:00
1627346,0,Masahiro Shinohara,篠原正寛,Directing,2025-03-02 01:14:54.379063+00:00,2025-03-04 07:00:03.914845+00:00
3082128,0,Takayuki Kayano,Takayuki Kayano,Directing,2025-03-02 01:14:54.379063+00:00,2025-03-04 07:00:03.914845+00:00
1294510,0,Lee Seung-jun,Lee Seung-jun,Directing,2025-03-02 01:14:54.379063+00:00,2025-03-04 07:00:03.914845+00:00
2898271,0,Hajeer Moradi,Hajeer Moradi,Directing,2025-03-02 01:14:54.379063+00:00,2025-03-04 07:00:03.914845+00:00
1966246,0,Huang Chia-Chun,黃嘉俊,Directing,2025-03-02 01:14:54.379063+00:00,2025-03-04 07:00:03.914845+00:00
234646,1,Shimako Sato,佐藤嗣麻子,Directing,2025-03-02 01:14:54.379063+00:00,2025-03-04 07:00:03.914845+00:00
1294751,1,Estibaliz Urresola Solaguren,Estibaliz Urresola Solaguren,Directing,2025-03-02 01:14:54.379063+00:00,2025-03-04 07:00:03.914845+00:00
113610,2,Thomas Gilou,Thomas Gilou,Directing,2025-03-02 01:14:54.379063+00:00,2025-03-04 07:00:03.914845+00:00
1283010,2,Haruo Sotozaki,外崎春雄,Directing,2025-03-02 01:14:54.379063+00:00,2025-03-04 07:00:03.914845+00:00
4818835,2,Shim Hyung-jun,심형준,Directing,2025-03-02 01:14:54.379063+00:00,2025-03-04 07:00:03.914845+00:00
1360022,2,Michihito Fujii,藤井道人,Directing,2025-03-02 01:14:54.379063+00:00,2025-03-04 07:00:03.914845+00:00
2226,2,Sydney Pollack,Sydney Pollack,Directing,2025-03-02 01:14:54.379063+00:00,2025-03-04 07:00:03.914845+00:00
1158867,2,Wan Jen,Wan Jen,Directing,2025-03-02 01:14:54.379063+00:00,2025-03-04 07:00:03.914845+00:00
933176,2,Damien Leone,Damien Leone,Directing,2025-03-02 01:14:54.379063+00:00,2025-03-04 07:00:03.914845+00:00
1728172,2,Raphaël Balboni,Raphaël Balboni,Directing,2025-03-02 01:14:54.379063+00:00,2025-03-04 07:00:03.914845+00:00
1919984,2,Yoshiaki Kyougoku,京極義昭,Directing,2025-03-02 01:14:54.379063+00:00,2025-03-04 07:00:03.914845+00:00
56373,2,Jean-Stéphane Sauvaire,Jean-Stéphane Sauvaire,Directing,2025-03-02 01:14:54.379063+00:00,2025-03-04 07:00:03.914845+00:00
136495,2,Damien Chazelle,Damien Chazelle,Directing,2025-03-02 01:14:54.379063+00:00,2025-03-04 07:00:03.914845+00:00
231866,2,Emilis Vėlyvis,Emilis Vėlyvis,Directing,2025-03-02 01:14:54.379063+00:00,2025-03-04 07:00:03.914845+00:00
3831,2,Jean-Pierre Melville,Jean-Pierre Melville,Directing,2025-03-02 01:14:54.379063+00:00,2025-03-04 07:00:03.914845+00:00
1333856,2,Liao Ming-Yi,廖明毅,Directing,2025-03-02 01:14:54.379063+00:00,2025-03-04 07:00:03.914845+00:00
254937,2,Ken Harrison,Ken Harrison,Directing,2025-03-02 01:14:54.379063+00:00,2025-03-04 07:00:03.914845+00:00
2710,2,James Cameron,James Cameron,Directing,2025-03-02 01:14:54.379063+00:00,2025-03-04 07:00:03.914845+00:00
66193,2,Chris Sanders,Chris Sanders,Directing,2025-03-02 01:14:54.379063+00:00,2025-03-04 07:00:03.914845+00:00
1264876,2,Le Van Kiet,Le Van Kiet,Directing,2025-03-02 01:14:54.379063+00:00,2025-03-04 07:00:03.914845+00:00
82511,2,Will Gluck,Will Gluck,Directing,2025-03-02 01:14:54.379063+00:00,2025-03-04 07:00:03.914845+00:00
1689814,2,Mike Cheslik,Mike Cheslik,Directing,2025-03-02 01:14:54.379063+00:00,2025-03-04 07:00:03.914845+00:00
54472,2,Martin McDonagh,Martin McDonagh,Directing,2025-03-02 01:14:54.379063+00:00,2025-03-04 07:00:03.914845+00:00
17825,2,Shawn Levy,Shawn Levy,Directing,2025-03-02 01:14:54.379063+00:00,2025-03-04 07:00:03.914845+00:00
553116,2,Chen Ming-Chang,Chen Ming-Chang,Sound,2025-03-02 01:14:54.379063+00:00,2025-03-04 07:00:03.914845+00:00
4177586,0,Cheng-Hsun Lin,Cheng-Hsun Lin,Writing,2025-03-02 01:14:54.379063+00:00,2025-03-04 07:00:03.914845+00:00
78905,1,Chihiro Ito,伊藤ちひろ,Writing,2025-03-02 01:14:54.379063+00:00,2025-03-04 07:00:03.914845+00:00
1384823,1,Celia Rico Clavellino,Celia Rico Clavellino,Writing,2025-03-02 01:14:54.379063+00:00,2025-03-04 07:00:03.914845+00:00
15218,2,James Gunn,James Gunn,Writing,2025-03-02 01:14:54.379063+00:00,2025-03-04 07:00:03.914845+00:00
19311,2,Stephen Chbosky,Stephen Chbosky,Writing,2025-03-02 01:14:54.379063+00:00,2025-03-04 07:00:03.914845+00:00
236865,2,Stefano Sardo,Stefano Sardo,Writing,2025-03-02 01:14:54.379063+00:00,2025-03-04 07:00:03.914845+00:00
1563462,2,Donato Carrisi,Donato Carrisi,Writing,2025-03-02 01:14:54.379063+00:00,2025-03-04 07:00:03.914845+00:00
4259994,0,Jacqueline Moré,Jacqueline Moré,Acting,2025-03-02 01:14:54.379063+00:00,2025-03-04 07:00:03.914845+00:00
4719207,0,Polina Voytenko,Polina Voytenko,Acting,2025-03-02 01:14:54.379063+00:00,2025-03-04 07:00:03.914845+00:00
1881471,0,Beatrice Schiaffino,Beatrice Schiaffino,Acting,2025-03-02 01:14:54.379063+00:00,2025-03-04 07:00:03.914845+00:00
3007021,0,Sibylle Fehr-Borchardt,Sibylle Fehr-Borchardt,Acting,2025-03-02 01:14:54.379063+00:00,2025-03-04 07:00:03.914845+00:00
2050222,0,Cameron Lee Price,Cameron Lee Price,Acting,2025-03-02 01:14:54.379063+00:00,2025-03-04 07:00:03.914845+00:00
3326961,0,Ariel Ng,Ariel Ng,Acting,2025-03-02 01:14:54.379063+00:00,2025-03-04 07:00:03.914845+00:00
4461013,0,Kiranjeet Gill,Kiranjeet Gill,Acting,2025-03-02 01:14:54.379063+00:00,2025-03-04 07:00:03.914845+00:00
3390001,0,José Calcina,José Calcina,Acting,2025-03-02 01:14:54.379063+00:00,2025-03-04 07:00:03.914845+00:00
1589365,0,Vahid Aghapoor,Vahid Aghapoor,Acting,2025-03-02 01:14:54.379063+00:00,2025-03-04 07:00:03.914845+00:00
4408440,0,Sara Hayama,Sara Hayama,Acting,2025-03-02 01:14:54.379063+00:00,2025-03-04 07:00:03.914845+00:00
3617288,0,Mpho Tutu van Furth,Mpho Tutu van Furth,Acting,2025-03-02 01:14:54.379063+00:00,2025-03-04 07:00:03.914845+00:00
1897436,0,Hideki Nagai,Hideki Nagai,Acting,2025-03-02 01:14:54.379063+00:00,2025-03-04 07:00:03.914845+00:00
3627,1,Paz Vega,Paz Vega,Acting,2025-03-02 01:14:54.379063+00:00,2025-03-04 07:00:03.914845+00:00
1353827,1,Taylor Russell,Taylor Russell,Acting,2025-03-02 01:14:54.379063+00:00,2025-03-04 07:00:03.914845+00:00
3119545,1,Kali Reis,Kali Reis,Acting,2025-03-02 01:14:54.379063+00:00,2025-03-04 07:00:03.914845+00:00
1287711,1,Fuka Koshiba,小芝風花,Acting,2025-03-02 01:14:54.379063+00:00,2025-03-04 07:00:03.914845+00:00
171401,1,Hallie Foote,Hallie Foote,Acting,2025-03-02 01:14:54.379063+00:00,2025-03-04 07:00:03.914845+00:00
114916,1,Akiko Kikuchi,Akiko Kikuchi,Acting,2025-03-02 01:14:54.379063+00:00,2025-03-04 07:00:03.914845+00:00
992869,1,Ayane Sakura,佐倉綾音,Acting,2025-03-02 01:14:54.379063+00:00,2025-03-04 07:00:03.914845+00:00
224664,1,Satomi Ishihara,石原さとみ,Acting,2025-03-02 01:14:54.379063+00:00,2025-03-04 07:00:03.914845+00:00
151183,1,Ayako Kawasumi,川澄綾子,Acting,2025-03-02 01:14:54.379063+00:00,2025-03-04 07:00:03.914845+00:00
1764827,1,Marie Drucker,Marie Drucker,Acting,2025-03-02 01:14:54.379063+00:00,2025-03-04 07:00:03.914845+00:00
4171892,1,Fang Wu,Fang Wu,Acting,2025-03-02 01:14:54.379063+00:00,2025-03-04 07:00:03.914845+00:00
2489411,1,Jessica Darrow,Jessica Darrow,Acting,2025-03-02 01:14:54.379063+00:00,2025-03-04 07:00:03.914845+00:00
2264673,1,María Caballero,María Caballero,Acting,2025-03-02 01:14:54.379063+00:00,2025-03-04 07:00:03.914845+00:00
6720,1,Joan Chen,Joan Chen,Acting,2025-03-02 01:14:54.379063+00:00,2025-03-04 07:00:03.914845+00:00
2428704,1,Ruka Ishikawa,石川瑠華,Acting,2025-03-02 01:14:54.379063+00:00,2025-03-04 07:00:03.914845+00:00
20652,1,Cecilia Cheung,張柏芝,Acting,2025-03-02 01:14:54.379063+00:00,2025-03-04 07:00:03.914845+00:00
95504,1,Setsuko Hara,原節子,Acting,2025-03-02 01:14:54.379063+00:00,2025-03-04 07:00:03.914845+00:00
486603,1,Anna Hutchison,Anna Hutchison,Acting,2025-03-02 01:14:54.379063+00:00,2025-03-04 07:00:03.914845+00:00
70122,1,Manami Konishi,Manami Konishi,Acting,2025-03-02 01:14:54.379063+00:00,2025-03-04 07:00:03.914845+00:00
4568,1,Jayne Eastwood,Jayne Eastwood,Acting,2025-03-02 01:14:54.379063+00:00,2025-03-04 07:00:03.914845+00:00
93252,1,Kim Hae-sook,김해숙,Acting,2025-03-02 01:14:54.379063+00:00,2025-03-04 07:00:03.914845+00:00
53651,1,Monique Gabriela Curnen,Monique Gabriela Curnen,Acting,2025-03-02 01:14:54.379063+00:00,2025-03-04 07:00:03.914845+00:00
2680261,1,Chloe Xiang,項婕如,Acting,2025-03-02 01:14:54.379063+00:00,2025-03-04 07:00:03.914845+00:00
3897364,1,Praiya Padungsuk,Praiya Padungsuk,Acting,2025-03-02 01:14:54.379063+00:00,2025-03-04 07:00:03.914845+00:00
3410741,1,Choi Sun-ja,Choi Sun-ja,Acting,2025-03-02 01:14:54.379063+00:00,2025-03-04 07:00:03.914845+00:00
1166095,1,Max Eigenmann,Max Eigenmann,Acting,2025-03-02 01:14:54.379063+00:00,2025-03-04 07:00:03.914845+00:00
2492164,1,Natsumi Kawaida,川井田夏海,Acting,2025-03-02 01:14:54.379063+00:00,2025-03-04 07:00:03.914845+00:00
564849,1,Seo Young-hwa,서영화,Acting,2025-03-02 01:14:54.379063+00:00,2025-03-04 07:00:03.914845+00:00
1903886,1,Evelyn Claire,Evelyn Claire,Acting,2025-03-02 01:14:54.379063+00:00,2025-03-04 07:00:03.914845+00:00
19360,1,Léa Drucker,Léa Drucker,Acting,2025-03-02 01:14:54.379063+00:00,2025-03-04 07:00:03.914845+00:00
1253190,1,Bettina Kenney,Bettina Kenney,Acting,2025-03-02 01:14:54.379063+00:00,2025-03-04 07:00:03.914845+00:00
81042,1,Achita Sikamana,อชิตะ สิกขมานา,Acting,2025-03-02 01:14:54.379063+00:00,2025-03-04 07:00:03.914845+00:00
2217977,1,Rachel Zegler,Rachel Zegler,Acting,2025-03-02 01:14:54.379063+00:00,2025-03-04 07:00:03.914845+00:00
143741,1,Anna Starshenbaum,Анна Старшенбаум,Acting,2025-03-02 01:14:54.379063+00:00,2025-03-04 07:00:03.914845+00:00
4004859,1,Eiman Yousif,Eiman Yousif,Acting,2025-03-02 01:14:54.379063+00:00,2025-03-04 07:00:03.914845+00:00
1074676,1,Tiffany Boone,Tiffany Boone,Acting,2025-03-02 01:14:54.379063+00:00,2025-03-04 07:00:03.914845+00:00
25652,1,Hanae Kan,韓英恵,Acting,2025-03-02 01:14:54.379063+00:00,2025-03-04 07:00:03.914845+00:00
1185787,1,Liu Yan,柳岩,Acting,2025-03-02 01:14:54.379063+00:00,2025-03-04 07:00:03.914845+00:00
3684229,1,Isomura Ameri,磯村アメリ,Acting,2025-03-02 01:14:54.379063+00:00,2025-03-04 07:00:03.914845+00:00
1134684,1,Park Eun-bin,박은빈,Acting,2025-03-02 01:14:54.379063+00:00,2025-03-04 07:00:03.914845+00:00
2803035,1,Doroftei Anis,Doroftei Anis,Acting,2025-03-02 01:14:54.379063+00:00,2025-03-04 07:00:03.914845+00:00
544096,1,Sallie Harmsen,Sallie Harmsen,Acting,2025-03-02 01:14:54.379063+00:00,2025-03-04 07:00:03.914845+00:00
127897,1,Miki Maya,真矢ミキ,Acting,2025-03-02 01:14:54.379063+00:00,2025-03-04 07:00:03.914845+00:00
4024068,1,Song Ha-rim,송하림,Acting,2025-03-02 01:14:54.379063+00:00,2025-03-04 07:00:03.914845+00:00
2744,1,Carmen Maura,Carmen Maura,Acting,2025-03-02 01:14:54.379063+00:00,2025-03-04 07:00:03.914845+00:00
1696022,1,An Min-young,An Min-young,Acting,2025-03-02 01:14:54.379063+00:00,2025-03-04 07:00:03.914845+00:00
1951183,1,Juliette Gillis,Juliette Gillis,Acting,2025-03-02 01:14:54.379063+00:00,2025-03-04 07:00:03.914845+00:00
31079,1,Aki Maeda,前田亜季,Acting,2025-03-02 01:14:54.379063+00:00,2025-03-04 07:00:03.914845+00:00
1772988,1,Eisaya Hosuwan,อิษยา ฮอสุวรรณ,Acting,2025-03-02 01:14:54.379063+00:00,2025-03-04 07:00:03.914845+00:00
2209693,1,Yumena Yanai,箭内夢菜,Acting,2025-03-02 01:14:54.379063+00:00,2025-03-04 07:00:03.914845+00:00
5047,1,Veronica Cartwright,Veronica Cartwright,Acting,2025-03-02 01:14:54.379063+00:00,2025-03-04 07:00:03.914845+00:00
82809,1,Annabelle Wallis,Annabelle Wallis,Acting,2025-03-02 01:14:54.379063+00:00,2025-03-04 07:00:03.914845+00:00
133264,1,Monika Anna Wojtyllo,Monika Anna Wojtyllo,Acting,2025-03-02 01:14:54.379063+00:00,2025-03-04 07:00:03.914845+00:00
59373,1,Mélanie Thierry,Mélanie Thierry,Acting,2025-03-02 01:14:54.379063+00:00,2025-03-04 07:00:03.914845+00:00
3516395,1,Kim Si-eun,김시은,Acting,2025-03-02 01:14:54.379063+00:00,2025-03-04 07:00:03.914845+00:00
1831725,1,Yang Jeong-hwa,양정화,Acting,2025-03-02 01:14:54.379063+00:00,2025-03-04 07:00:03.914845+00:00
1676520,1,Dominique Fishback,Dominique Fishback,Acting,2025-03-02 01:14:54.379063+00:00,2025-03-04 07:00:03.914845+00:00
16288,1,Lee Mi-sook,이미숙,Acting,2025-03-02 01:14:54.379063+00:00,2025-03-04 07:00:03.914845+00:00
51072,1,Kate Mara,Kate Mara,Acting,2025-03-02 01:14:54.379063+00:00,2025-03-04 07:00:03.914845+00:00
36662,1,Carey Mulligan,Carey Mulligan,Acting,2025-03-02 01:14:54.379063+00:00,2025-03-04 07:00:03.914845+00:00
2990400,1,Emma Berman,Emma Berman,Acting,2025-03-02 01:14:54.379063+00:00,2025-03-04 07:00:03.914845+00:00
221980,2,Nathan Stewart-Jarrett,Nathan Stewart-Jarrett,Acting,2025-03-02 01:14:54.379063+00:00,2025-03-04 07:00:03.914845+00:00
1381949,2,Arswendy Bening Swara,Arswendy Bening Swara,Acting,2025-03-02 01:14:54.379063+00:00,2025-03-04 07:00:03.914845+00:00
258,2,Gael García Bernal,Gael García Bernal,Acting,2025-03-02 01:14:54.379063+00:00,2025-03-04 07:00:03.914845+00:00
1492992,2,Yuma Uchida,内田雄馬,Acting,2025-03-02 01:14:54.379063+00:00,2025-03-04 07:00:03.914845+00:00
932691,2,Lin Hui-Min,林暉閔,Acting,2025-03-02 01:14:54.379063+00:00,2025-03-04 07:00:03.914845+00:00
2011444,2,Lakshya Lalwani,Lakshya Lalwani,Acting,2025-03-02 01:14:54.379063+00:00,2025-03-04 07:00:03.914845+00:00
1007683,2,Jack Reynor,Jack Reynor,Acting,2025-03-02 01:14:54.379063+00:00,2025-03-04 07:00:03.914845+00:00
4728,2,Kevin Chapman,Kevin Chapman,Acting,2025-03-02 01:14:54.379063+00:00,2025-03-04 07:00:03.914845+00:00
1147420,2,Eugenio Mastrandrea,Eugenio Mastrandrea,Acting,2025-03-02 01:14:54.379063+00:00,2025-03-04 07:00:03.914845+00:00
3527074,2,Lupo Barbiero,Lupo Barbiero,Acting,2025-03-02 01:14:54.379063+00:00,2025-03-04 07:00:03.914845+00:00
2131171,2,Jonathan Failla,Jonathan Failla,Acting,2025-03-02 01:14:54.379063+00:00,2025-03-04 07:00:03.914845+00:00
4353564,2,Ryuji Kosaka,Ryuji Kosaka,Acting,2025-03-02 01:14:54.379063+00:00,2025-03-04 07:00:03.914845+00:00
3030320,2,Nattawin Wattanagitiphat,ณัฐวิญญ์ วัฒนกิติพัฒน์,Acting,2025-03-02 01:14:54.379063+00:00,2025-03-04 07:00:03.914845+00:00
18897,2,Jackie Chan,成龍,Acting,2025-03-02 01:14:54.379063+00:00,2025-03-04 07:00:03.914845+00:00
2197808,2,Johnny Kou Hsi-Shun,Johnny Kou Hsi-Shun,Acting,2025-03-02 01:14:54.379063+00:00,2025-03-04 07:00:03.914845+00:00
128227,2,Giorgio Colangeli,Giorgio Colangeli,Acting,2025-03-02 01:14:54.379063+00:00,2025-03-04 07:00:03.914845+00:00
108538,2,Yang Ik-june,양익준,Acting,2025-03-02 01:14:54.379063+00:00,2025-03-04 07:00:03.914845+00:00
6065,2,Dennis Quaid,Dennis Quaid,Acting,2025-03-02 01:14:54.379063+00:00,2025-03-04 07:00:03.914845+00:00
1953929,2,Samten Dhondup,Samten Dhondup,Acting,2025-03-02 01:14:54.379063+00:00,2025-03-04 07:00:03.914845+00:00
121732,2,Fabrizio Bentivoglio,Fabrizio Bentivoglio,Acting,2025-03-02 01:14:54.379063+00:00,2025-03-04 07:00:03.914845+00:00
16269,2,Louis Garrel,Louis Garrel,Acting,2025-03-02 01:14:54.379063+00:00,2025-03-04 07:00:03.914845+00:00
1274508,2,Jaeden Martell,Jaeden Martell,Acting,2025-03-02 01:14:54.379063+00:00,2025-03-04 07:00:03.914845+00:00
1343688,2,Yuki Morinaga,森永悠希,Acting,2025-03-02 01:14:54.379063+00:00,2025-03-04 07:00:03.914845+00:00
131946,2,Danny A. Abeckaser,Danny A. Abeckaser,Acting,2025-03-02 01:14:54.379063+00:00,2025-03-04 07:00:03.914845+00:00
222121,2,Ben Schwartz,Ben Schwartz,Acting,2025-03-02 01:14:54.379063+00:00,2025-03-04 07:00:03.914845+00:00
1096528,2,Daisuke Hirakawa,平川大輔,Acting,2025-03-02 01:14:54.379063+00:00,2025-03-04 07:00:03.914845+00:00
2279094,2,Awat Ratanapintha,อวัช รัตนปิณฑะ,Acting,2025-03-02 01:14:54.379063+00:00,2025-03-04 07:00:03.914845+00:00
58058,2,Lochlyn Munro,Lochlyn Munro,Acting,2025-03-02 01:14:54.379063+00:00,2025-03-04 07:00:03.914845+00:00
1253360,2,Pedro Pascal,Pedro Pascal,Acting,2025-03-02 01:14:54.379063+00:00,2025-03-04 07:00:03.914845+00:00
64441,2,Jim Chim Sui-Man,詹瑞文,Acting,2025-03-02 01:14:54.379063+00:00,2025-03-04 07:00:03.914845+00:00
25616,2,Edgar Ramírez,Edgar Ramírez,Acting,2025-03-02 01:14:54.379063+00:00,2025-03-04 07:00:03.914845+00:00
3104322,2,Bae In-hyuk,배인혁,Acting,2025-03-02 01:14:54.379063+00:00,2025-03-04 07:00:03.914845+00:00
2413,2,Dominique Pinon,Dominique Pinon,Acting,2025-03-02 01:14:54.379063+00:00,2025-03-04 07:00:03.914845+00:00
143154,2,Ahmed Ahmed Poor,Ahmed Ahmed Poor,Acting,2025-03-02 01:14:54.379063+00:00,2025-03-04 07:00:03.914845+00:00
1183237,2,Tan Kai,谭凯,Acting,2025-03-02 01:14:54.379063+00:00,2025-03-04 07:00:03.914845+00:00
1559780,2,Yu An-Shun,Yu An-Shun,Acting,2025-03-02 01:14:54.379063+00:00,2025-03-04 07:00:03.914845+00:00
479,2,Jamie Draven,Jamie Draven,Acting,2025-03-02 01:14:54.379063+00:00,2025-03-04 07:00:03.914845+00:00
587655,2,Tomoya Nakamura,中村倫也,Acting,2025-03-02 01:14:54.379063+00:00,2025-03-04 07:00:03.914845+00:00
1444816,2,Peter Macon,Peter Macon,Acting,2025-03-02 01:14:54.379063+00:00,2025-03-04 07:00:03.914845+00:00
3610503,2,Moon Ji-yong,Moon Ji-yong,Acting,2025-03-02 01:14:54.379063+00:00,2025-03-04 07:00:03.914845+00:00
75066,2,Tom Brooke,Tom Brooke,Acting,2025-03-02 01:14:54.379063+00:00,2025-03-04 07:00:03.914845+00:00
1696351,2,Nicolas Cantu,Nicolas Cantu,Acting,2025-03-02 01:14:54.379063+00:00,2025-03-04 07:00:03.914845+00:00
2158732,2,Lee Seung-hoon,이승훈,Acting,2025-03-02 01:14:54.379063+00:00,2025-03-04 07:00:03.914845+00:00
76595,2,Byron Howard,Byron Howard,Acting,2025-03-02 01:14:54.379063+00:00,2025-03-04 07:00:03.914845+00:00
4652475,2,Kataoka Sennosuke,Sennosuke.K,Acting,2025-03-02 01:14:54.379063+00:00,2025-03-04 07:00:03.914845+00:00
762,2,Ali Suliman,Ali Suliman,Acting,2025-03-02 01:14:54.379063+00:00,2025-03-04 07:00:03.914845+00:00
984629,2,Christopher Abbott,Christopher Abbott,Acting,2025-03-02 01:14:54.379063+00:00,2025-03-04 07:00:03.914845+00:00
77677,2,Hisashi Yoshizawa,吉沢悠,Acting,2025-03-02 01:14:54.379063+00:00,2025-03-04 07:00:03.914845+00:00
560079,2,Shin Un-seop,신운섭,Acting,2025-03-02 01:14:54.379063+00:00,2025-03-04 07:00:03.914845+00:00
1606164,2,Junya Enoki,榎木淳弥,Acting,2025-03-02 01:14:54.379063+00:00,2025-03-04 07:00:03.914845+00:00
999725,2,Seiyo Uchino,内野聖陽,Acting,2025-03-02 01:14:54.379063+00:00,2025-03-04 07:00:03.914845+00:00
565222,2,Matthew Kevin Anderson,Matthew Kevin Anderson,Acting,2025-03-02 01:14:54.379063+00:00,2025-03-04 07:00:03.914845+00:00
6804,2,Graham Greene,Graham Greene,Acting,2025-03-02 01:14:54.379063+00:00,2025-03-04 07:00:03.914845+00:00
1586047,2,Owen Teague,Owen Teague,Acting,2025-03-02 01:14:54.379063+00:00,2025-03-04 07:00:03.914845+00:00
1470127,2,Kentaro Sakaguchi,坂口健太郎,Acting,2025-03-02 01:14:54.379063+00:00,2025-03-04 07:00:03.914845+00:00
1579353,2,Naser Hashemi,Naser Hashemi,Acting,2025-03-02 01:14:54.379063+00:00,2025-03-04 07:00:03.914845+00:00
11085,2,Anthony Edwards,Anthony Edwards,Acting,2025-03-02 01:14:54.379063+00:00,2025-03-04 07:00:03.914845+00:00
1489211,2,Simu Liu,Simu Liu,Acting,2025-03-02 01:14:54.379063+00:00,2025-03-04 07:00:03.914845+00:00
577645,2,Sergei Polunin,Sergei Polunin,Acting,2025-03-02 01:14:54.379063+00:00,2025-03-04 07:00:03.914845+00:00
4566,2,Alan Rickman,Alan Rickman,Acting,2025-03-02 09:35:42.269341+00:00,2025-03-04 07:00:03.914845+00:00
1179321,2,Rokkaku Seiji,六角精児,Acting,2025-03-02 01:14:54.379063+00:00,2025-03-04 07:00:03.914845+00:00
1765534,2,Seo Hyun-chul,서현철,Acting,2025-03-02 01:14:54.379063+00:00,2025-03-04 07:00:03.914845+00:00
111526,2,Tom Wayland,Tom Wayland,Acting,2025-03-02 01:14:54.379063+00:00,2025-03-04 07:00:03.914845+00:00
2293954,2,Gordon Maeda,眞栄田郷敦,Acting,2025-03-02 01:14:54.379063+00:00,2025-03-04 07:00:03.914845+00:00
1872629,2,Park Ho-san,박호산,Acting,2025-03-02 01:14:54.379063+00:00,2025-03-04 07:00:03.914845+00:00
1087773,2,Masataka Kubota,窪田正孝,Acting,2025-03-02 01:14:54.379063+00:00,2025-03-04 07:00:03.914845+00:00
1496392,2,Joe Alwyn,Joe Alwyn,Acting,2025-03-02 01:14:54.379063+00:00,2025-03-04 07:00:03.914845+00:00
58665,2,Shingo Tsurumi,鶴見辰吾,Acting,2025-03-02 01:14:54.379063+00:00,2025-03-04 07:00:03.914845+00:00
3195061,0,Sébastien Tulard,Sébastien Tulard,Crew,2025-03-02 01:14:54.379063+00:00,2025-03-04 07:00:03.914845+00:00
131668,0,Nathan Frankowski,Nathan Frankowski,Directing,2025-03-02 01:14:54.379063+00:00,2025-03-04 07:00:03.914845+00:00
1587696,0,Benjamin Massoubre,Benjamin Massoubre,Directing,2025-03-02 01:14:54.379063+00:00,2025-03-04 07:00:03.914845+00:00
3607919,0,Lee Gwang-jin,Lee Gwang-jin,Directing,2025-03-02 01:14:54.379063+00:00,2025-03-04 07:00:03.914845+00:00
3706994,0,Juang Chia-shiou,Juang Chia-shiou,Directing,2025-03-02 01:14:54.379063+00:00,2025-03-04 07:00:03.914845+00:00
3692006,0,Masa Mori,Masa Mori,Directing,2025-03-02 01:14:54.379063+00:00,2025-03-04 07:00:03.914845+00:00
1498599,0,Tomokazu Yamada,山田智和,Directing,2025-03-02 01:14:54.379063+00:00,2025-03-04 07:00:03.914845+00:00
3674698,1,Michelle Chu,Michelle Chu,Directing,2025-03-02 01:14:54.379063+00:00,2025-03-04 07:00:03.914845+00:00
93286,1,Cate Shortland,Cate Shortland,Directing,2025-03-02 01:14:54.379063+00:00,2025-03-04 07:00:03.914845+00:00
1899637,1,Amanda Nell Eu,Amanda Nell Eu,Directing,2025-03-02 01:14:54.379063+00:00,2025-03-04 07:00:03.914845+00:00
935042,1,Elise Girard,Elise Girard,Directing,2025-03-02 01:14:54.379063+00:00,2025-03-04 07:00:03.914845+00:00
16863,2,Todd Haynes,Todd Haynes,Directing,2025-03-02 01:14:54.379063+00:00,2025-03-04 07:00:03.914845+00:00
77679,2,Renpei Tsukamoto,塚本連平,Directing,2025-03-02 01:14:54.379063+00:00,2025-03-04 07:00:03.914845+00:00
1194706,2,Philip Yung Chi-kwong,翁子光,Directing,2025-03-02 01:14:54.379063+00:00,2025-03-04 07:00:03.914845+00:00
1167470,2,Gary Shore,Gary Shore,Directing,2025-03-02 01:14:54.379063+00:00,2025-03-04 07:00:03.914845+00:00
71950,2,Diarmuid Lawrence,Diarmuid Lawrence,Directing,2025-03-02 01:14:54.379063+00:00,2025-03-04 07:00:03.914845+00:00
71056,2,Lou Ye,娄烨,Directing,2025-03-02 01:14:54.379063+00:00,2025-03-04 07:00:03.914845+00:00
1614,2,Ang Lee,李安,Directing,2025-03-02 01:14:54.379063+00:00,2025-03-04 07:00:03.914845+00:00
1430334,2,Juan Galiñanes,Juan Galiñanes,Directing,2025-03-02 01:14:54.379063+00:00,2025-03-04 07:00:03.914845+00:00
1126,2,Krzysztof Kieślowski,Krzysztof Kieślowski,Directing,2025-03-02 01:14:54.379063+00:00,2025-03-04 07:00:03.914845+00:00
1350920,2,Shinnosuke Yakuwa,八鍬新之介,Directing,2025-03-02 01:14:54.379063+00:00,2025-03-04 07:00:03.914845+00:00
994253,2,Yook Sang-hyo,육상효,Directing,2025-03-02 01:14:54.379063+00:00,2025-03-04 07:00:03.914845+00:00
107794,2,Stephen Shimek,Stephen Shimek,Directing,2025-03-02 01:14:54.379063+00:00,2025-03-04 07:00:03.914845+00:00
8557,2,Fernando Meirelles,Fernando Meirelles,Directing,2025-03-02 01:14:54.379063+00:00,2025-03-04 07:00:03.914845+00:00
1622992,2,Erwan Le Duc,Erwan Le Duc,Directing,2025-03-02 01:14:54.379063+00:00,2025-03-04 07:00:03.914845+00:00
9789,2,Robert Altman,Robert Altman,Directing,2025-03-02 01:14:54.379063+00:00,2025-03-04 07:00:03.914845+00:00
19769,2,David Ayer,David Ayer,Directing,2025-03-02 01:14:54.379063+00:00,2025-03-04 07:00:03.914845+00:00
57193,2,Gil Kenan,Gil Kenan,Directing,2025-03-02 01:14:54.379063+00:00,2025-03-04 07:00:03.914845+00:00
36693,2,Richard Eyre,Richard Eyre,Directing,2025-03-02 01:14:54.379063+00:00,2025-03-04 07:00:03.914845+00:00
2198345,0,Lori Evans Taylor,Lori Evans Taylor,Writing,2025-03-02 01:14:54.379063+00:00,2025-03-04 07:00:03.914845+00:00
2052319,1,Annie Ernaux,Annie Ernaux,Writing,2025-03-02 01:14:54.379063+00:00,2025-03-04 07:00:03.914845+00:00
1513971,1,Dana Ledoux Miller,Dana Ledoux Miller,Writing,2025-03-02 01:14:54.379063+00:00,2025-03-04 07:00:03.914845+00:00
1955091,2,James Mark,James Mark,Writing,2025-03-02 01:14:54.379063+00:00,2025-03-04 07:00:03.914845+00:00
3695468,0,Mine Gouichi,Mine Gouichi,Acting,2025-03-02 01:14:54.379063+00:00,2025-03-04 07:00:03.914845+00:00
3005720,0,Fang Yao,Fang Yao,Acting,2025-03-02 01:14:54.379063+00:00,2025-03-04 07:00:03.914845+00:00
4578660,0,Zijuan Chen,Zijuan Chen,Acting,2025-03-02 01:14:54.379063+00:00,2025-03-04 07:00:03.914845+00:00
3815878,0,Kotaro Yagi,Kotaro Yagi,Acting,2025-03-02 01:14:54.379063+00:00,2025-03-04 07:00:03.914845+00:00
3626204,0,Fredy Gomes Tavares,Fredy Gomes Tavares,Acting,2025-03-02 01:14:54.379063+00:00,2025-03-04 07:00:03.914845+00:00
3534904,0,Alin Uzun,Alin Uzun,Acting,2025-03-02 01:14:54.379063+00:00,2025-03-04 07:00:03.914845+00:00
1141817,0,Ashraf Farah,Ashraf Farah,Acting,2025-03-02 01:14:54.379063+00:00,2025-03-04 07:00:03.914845+00:00
3591947,0,Marut Chuenchomboon,Marut Chuenchomboon,Acting,2025-03-02 01:14:54.379063+00:00,2025-03-04 07:00:03.914845+00:00
3711004,0,Biljana Torić,Biljana Torić,Acting,2025-03-02 01:14:54.379063+00:00,2025-03-04 07:00:03.914845+00:00
4452138,0,Luis Noah Witte,Luis Noah Witte,Acting,2025-03-02 01:14:54.379063+00:00,2025-03-04 07:00:03.914845+00:00
4683401,0,Jenna Norodom,Jenna Norodom,Acting,2025-03-02 01:14:54.379063+00:00,2025-03-04 07:00:03.914845+00:00
3492164,0,Ayoub Messioui,Ayoub Messioui,Acting,2025-03-02 01:14:54.379063+00:00,2025-03-04 07:00:03.914845+00:00
3730443,0,Peace Chiang,Peace Chiang,Acting,2025-03-02 01:14:54.379063+00:00,2025-03-04 07:00:03.914845+00:00
4467117,0,Má Thị Di,Má Thị Di,Acting,2025-03-02 01:14:54.379063+00:00,2025-03-04 07:00:03.914845+00:00
3795638,0,John Charles Aguilar,John Charles Aguilar,Acting,2025-03-02 01:14:54.379063+00:00,2025-03-04 07:00:03.914845+00:00
1602451,1,Amanda Collin,Amanda Collin,Acting,2025-03-02 01:14:54.379063+00:00,2025-03-04 07:00:03.914845+00:00
1598161,1,Chi Pu,Chi Pu,Acting,2025-03-02 09:35:42.269341+00:00,2025-03-04 07:00:03.914845+00:00
1076363,1,Tao Tsuchiya,土屋太鳳,Acting,2025-03-02 01:14:54.379063+00:00,2025-03-04 07:00:03.914845+00:00
2280423,1,Zhou Yiran,周依然,Acting,2025-03-02 01:14:54.379063+00:00,2025-03-04 07:00:03.914845+00:00
1527148,1,Daphné Patakia,Daphné Patakia,Acting,2025-03-02 01:14:54.379063+00:00,2025-03-04 07:00:03.914845+00:00
1307846,1,Jenna Thiam,Jenna Thiam,Acting,2025-03-02 01:14:54.379063+00:00,2025-03-04 07:00:03.914845+00:00
3933236,1,Ilaria Loriga,Ilaria Loriga,Acting,2025-03-02 01:14:54.379063+00:00,2025-03-04 07:00:03.914845+00:00
11751,1,Kassie DePaiva,Kassie DePaiva,Acting,2025-03-02 01:14:54.379063+00:00,2025-03-04 07:00:03.914845+00:00
2529009,1,Natalie Mitson,Natalie Mitson,Acting,2025-03-02 01:14:54.379063+00:00,2025-03-04 07:00:03.914845+00:00
2919315,1,GISELLE,지젤,Acting,2025-03-02 01:14:54.379063+00:00,2025-03-04 07:00:03.914845+00:00
1876417,1,Lee Kyung-jin,이경진,Acting,2025-03-02 01:14:54.379063+00:00,2025-03-04 07:00:03.914845+00:00
2212256,1,Sari Awano,粟野咲莉,Acting,2025-03-02 01:14:54.379063+00:00,2025-03-04 07:00:03.914845+00:00
3533521,1,Ebla Mari,Ebla Mari,Acting,2025-03-02 01:14:54.379063+00:00,2025-03-04 07:00:03.914845+00:00
2047290,1,Ekaterina Ermishina,Ekaterina Ermishina,Acting,2025-03-02 01:14:54.379063+00:00,2025-03-04 07:00:03.914845+00:00
1592070,1,Karina Suwandi,Karina Suwandi,Acting,2025-03-02 01:14:54.379063+00:00,2025-03-04 07:00:03.914845+00:00
1011904,1,Gwendoline Christie,Gwendoline Christie,Acting,2025-03-02 01:14:54.379063+00:00,2025-03-04 07:00:03.914845+00:00
128748,1,Alba Rohrwacher,Alba Rohrwacher,Acting,2025-03-02 01:14:54.379063+00:00,2025-03-04 07:00:03.914845+00:00
2832611,1,La Castou,La Castou,Acting,2025-03-02 01:14:54.379063+00:00,2025-03-04 07:00:03.914845+00:00
1187068,1,Charlbi Dean,Charlbi Dean,Acting,2025-03-02 01:14:54.379063+00:00,2025-03-04 07:00:03.914845+00:00
2420169,1,Chase Sui Wonders,Chase Sui Wonders,Acting,2025-03-02 01:14:54.379063+00:00,2025-03-04 07:00:03.914845+00:00
1925752,1,Honoka Matsumoto,松本穂香,Acting,2025-03-02 01:14:54.379063+00:00,2025-03-04 07:00:03.914845+00:00
1554519,1,Lauren Esposito,Lauren Esposito,Acting,2025-03-02 01:14:54.379063+00:00,2025-03-04 07:00:03.914845+00:00
1169063,1,Mia Rose Frampton,Mia Rose Frampton,Acting,2025-03-02 01:14:54.379063+00:00,2025-03-04 07:00:03.914845+00:00
1325547,1,Chin Tzu-yen,Chin Tzu-yen,Acting,2025-03-02 01:14:54.379063+00:00,2025-03-04 07:00:03.914845+00:00
135025,1,Shigeru Muroi,室井滋,Acting,2025-03-02 01:14:54.379063+00:00,2025-03-04 07:00:03.914845+00:00
21911,1,Shu Qi,舒淇,Acting,2025-03-02 01:14:54.379063+00:00,2025-03-04 07:00:03.914845+00:00
9893,1,Aurore Clément,Aurore Clément,Acting,2025-03-02 01:14:54.379063+00:00,2025-03-04 07:00:03.914845+00:00
221192,1,Kathryn Newton,Kathryn Newton,Acting,2025-03-02 01:14:54.379063+00:00,2025-03-04 07:00:03.914845+00:00
1235222,1,Mimi Fariña,Mimi Fariña,Acting,2025-03-02 01:14:54.379063+00:00,2025-03-04 07:00:03.914845+00:00
2898403,1,Mouna Soualem,Mouna Soualem,Acting,2025-03-02 01:14:54.379063+00:00,2025-03-04 07:00:03.914845+00:00
110058,1,Eri Fukatsu,深津絵里,Acting,2025-03-02 01:14:54.379063+00:00,2025-03-04 07:00:03.914845+00:00
1790286,1,Rika Nagae,長江里加,Acting,2025-03-02 01:14:54.379063+00:00,2025-03-04 07:00:03.914845+00:00
1988040,1,Kana Kita,北香那,Acting,2025-03-02 01:14:54.379063+00:00,2025-03-04 07:00:03.914845+00:00
928906,1,Juliet Rylance,Juliet Rylance,Acting,2025-03-02 01:14:54.379063+00:00,2025-03-04 07:00:03.914845+00:00
3673989,1,Emelina Rosenstielke,Emelina Rosenstielke,Acting,2025-03-02 01:14:54.379063+00:00,2025-03-04 07:00:03.914845+00:00
3140423,1,Sawako Fujima,藤間爽子,Acting,2025-03-02 01:14:54.379063+00:00,2025-03-04 07:00:03.914845+00:00
27788,1,Kumiko Aso,麻生久美子,Acting,2025-03-02 01:14:54.379063+00:00,2025-03-04 07:00:03.914845+00:00
1122532,1,Han Seung-yeon,한승연,Acting,2025-03-02 01:14:54.379063+00:00,2025-03-04 07:00:03.914845+00:00
8443,1,Linda Bassett,Linda Bassett,Acting,2025-03-02 01:14:54.379063+00:00,2025-03-04 07:00:03.914845+00:00
14892,1,Rosemarie DeWitt,Rosemarie DeWitt,Acting,2025-03-02 01:14:54.379063+00:00,2025-03-04 07:00:03.914845+00:00
1659249,1,Sarinrat Thomas,สฤญรัตน์ โทมัส,Acting,2025-03-02 01:14:54.379063+00:00,2025-03-04 07:00:03.914845+00:00
142689,1,Suzanne Clément,Suzanne Clément,Acting,2025-03-02 01:14:54.379063+00:00,2025-03-04 07:00:03.914845+00:00
2862160,1,Ng Wing-Sze,伍詠詩,Acting,2025-03-02 01:14:54.379063+00:00,2025-03-04 07:00:03.914845+00:00
78191,1,Nicole Stéphane,Nicole Stéphane,Acting,2025-03-02 01:14:54.379063+00:00,2025-03-04 07:00:03.914845+00:00
2881864,1,Dilone,Dilone,Acting,2025-03-02 01:14:54.379063+00:00,2025-03-04 07:00:03.914845+00:00
51533,2,Fran Kranz,Fran Kranz,Acting,2025-03-02 01:14:54.379063+00:00,2025-03-04 07:00:03.914845+00:00
3081399,2,Takeshi Terayama,Takeshi Terayama,Acting,2025-03-02 01:14:54.379063+00:00,2025-03-04 07:00:03.914845+00:00
55665,2,Shigesato Itoi,糸井重里,Acting,2025-03-02 01:14:54.379063+00:00,2025-03-04 07:00:03.914845+00:00
1985025,2,Chang Yuan,常远,Acting,2025-03-02 01:14:54.379063+00:00,2025-03-04 07:00:03.914845+00:00
210172,2,Harvey Guillén,Harvey Guillén,Acting,2025-03-02 01:14:54.379063+00:00,2025-03-04 07:00:03.914845+00:00
1658,2,Georges Flamant,Georges Flamant,Acting,2025-03-02 01:14:54.379063+00:00,2025-03-04 07:00:03.914845+00:00
2181656,2,Su Xin,蘇鑫,Acting,2025-03-02 01:14:54.379063+00:00,2025-03-04 07:00:03.914845+00:00
543138,2,Mason Lee,Mason Lee,Acting,2025-03-02 01:14:54.379063+00:00,2025-03-04 07:00:03.914845+00:00
1717255,2,Chinaza Uche,Chinaza Uche,Acting,2025-03-02 01:14:54.379063+00:00,2025-03-04 07:00:03.914845+00:00
105738,2,Jean Pierre Noher,Jean Pierre Noher,Acting,2025-03-02 01:14:54.379063+00:00,2025-03-04 07:00:03.914845+00:00
887,2,Owen Wilson,Owen Wilson,Acting,2025-03-02 01:14:54.379063+00:00,2025-03-04 07:00:03.914845+00:00
2523915,2,Anong Houngheuangsy,Anong Houngheuangsy,Acting,2025-03-02 01:14:54.379063+00:00,2025-03-04 07:00:03.914845+00:00
67988,2,Bjørn Floberg,Bjørn Floberg,Acting,2025-03-02 01:14:54.379063+00:00,2025-03-04 07:00:03.914845+00:00
1594385,2,Trấn Thành,Trấn Thành,Acting,2025-03-02 01:14:54.379063+00:00,2025-03-04 07:00:03.914845+00:00
1203792,2,Jo Han-chul,조한철,Acting,2025-03-02 01:14:54.379063+00:00,2025-03-04 07:00:03.914845+00:00
96907,2,Van Fan,范逸臣,Acting,2025-03-02 01:14:54.379063+00:00,2025-03-04 07:00:03.914845+00:00
1436818,2,Julian Farhat,Julian Farhat,Acting,2025-03-02 01:14:54.379063+00:00,2025-03-04 07:00:03.914845+00:00
1988291,2,Ong Seong-wu,옹성우,Acting,2025-03-02 01:14:54.379063+00:00,2025-03-04 07:00:03.914845+00:00
150345,2,Miao Tian,Miao Tian,Acting,2025-03-02 01:14:54.379063+00:00,2025-03-04 07:00:03.914845+00:00
2373654,2,Koya Matsudai,Koya Matsudai,Acting,2025-03-02 01:14:54.379063+00:00,2025-03-04 07:00:03.914845+00:00
57755,2,Woody Harrelson,Woody Harrelson,Acting,2025-03-02 01:14:54.379063+00:00,2025-03-04 07:00:03.914845+00:00
1488541,2,Masayasu Kitayama,北山雅康,Acting,2025-03-02 01:14:54.379063+00:00,2025-03-04 07:00:03.914845+00:00
3036942,2,Thawatchanin Darayon,Thawatchanin Darayon,Acting,2025-03-02 01:14:54.379063+00:00,2025-03-04 07:00:03.914845+00:00
5365,2,Clifton Collins Jr.,Clifton Collins Jr.,Acting,2025-03-02 01:14:54.379063+00:00,2025-03-04 07:00:03.914845+00:00
136193,2,Takeo Nakahara,中原丈雄,Acting,2025-03-02 01:14:54.379063+00:00,2025-03-04 07:00:03.914845+00:00
227087,2,Motoki Ochiai,落合モトキ,Acting,2025-03-02 01:14:54.379063+00:00,2025-03-04 07:00:03.914845+00:00
58014,2,Rossif Sutherland,Rossif Sutherland,Acting,2025-03-02 01:14:54.379063+00:00,2025-03-04 07:00:03.914845+00:00
3681843,2,Andrew Barrett,Andrew Barrett,Acting,2025-03-02 01:14:54.379063+00:00,2025-03-04 07:00:03.914845+00:00
122726,2,Hikaru Midorikawa,緑川光,Acting,2025-03-02 01:14:54.379063+00:00,2025-03-04 07:00:03.914845+00:00
1174366,2,Jack Kao,高捷,Acting,2025-03-02 01:14:54.379063+00:00,2025-03-04 07:00:03.914845+00:00
3638262,2,Leonardo Maltese,Leonardo Maltese,Acting,2025-03-02 01:14:54.379063+00:00,2025-03-04 07:00:03.914845+00:00
2100736,2,Nat Kitcharit,ณัฏฐ์ กิจจริต,Acting,2025-03-02 01:14:54.379063+00:00,2025-03-04 07:00:03.914845+00:00
80535,2,Robbie Williams,Robbie Williams,Acting,2025-03-02 01:14:54.379063+00:00,2025-03-04 07:00:03.914845+00:00
564844,2,Park Byung-eun,박병은,Acting,2025-03-02 01:14:54.379063+00:00,2025-03-04 07:00:03.914845+00:00
3131,2,Antonio Banderas,Antonio Banderas,Acting,2025-03-02 01:14:54.379063+00:00,2025-03-04 07:00:03.914845+00:00
1561997,2,Win Morisaki,森崎ウィン,Acting,2025-03-02 01:14:54.379063+00:00,2025-03-04 07:00:03.914845+00:00
74862,2,Masanobu Ando,安藤政信,Acting,2025-03-02 01:14:54.379063+00:00,2025-03-04 07:00:03.914845+00:00
1285450,2,Franz Rogowski,Franz Rogowski,Acting,2025-03-02 01:14:54.379063+00:00,2025-03-04 07:00:03.914845+00:00
7009,2,Tim Post,Tim Post,Acting,2025-03-02 01:14:54.379063+00:00,2025-03-04 07:00:03.914845+00:00
1870120,2,Samuli Jaskio,Samuli Jaskio,Acting,2025-03-02 01:14:54.379063+00:00,2025-03-04 07:00:03.914845+00:00
544531,2,Shaheizy Sam,Shaheizy Sam,Acting,2025-03-02 01:14:54.379063+00:00,2025-03-04 07:00:03.914845+00:00
3202177,2,Yeung Wai-Lun,楊偉倫,Acting,2025-03-02 01:14:54.379063+00:00,2025-03-04 07:00:03.914845+00:00
1299351,2,Lee Min-ki,이민기,Acting,2025-03-02 01:14:54.379063+00:00,2025-03-04 07:00:03.914845+00:00
6193,2,Leonardo DiCaprio,Leonardo DiCaprio,Acting,2025-03-02 01:14:54.379063+00:00,2025-03-04 07:00:03.914845+00:00
233523,2,Keisuke Horibe,堀部圭亮,Acting,2025-03-02 01:14:54.379063+00:00,2025-03-04 07:00:03.914845+00:00
27972,2,Josh Hutcherson,Josh Hutcherson,Acting,2025-03-02 01:14:54.379063+00:00,2025-03-04 07:00:03.914845+00:00
1759490,2,Daniel Monks,Daniel Monks,Acting,2025-03-02 01:14:54.379063+00:00,2025-03-04 07:00:03.914845+00:00
25648,2,Yuya Yagira,柳楽優弥,Acting,2025-03-02 01:14:54.379063+00:00,2025-03-04 07:00:03.914845+00:00
3505738,2,Eddie Chen,陳楚扉,Acting,2025-03-02 01:14:54.379063+00:00,2025-03-04 07:00:03.914845+00:00
2684219,2,Tommy Chu Pak-Hong,朱栢康,Acting,2025-03-02 01:14:54.379063+00:00,2025-03-04 07:00:03.914845+00:00
238512,2,Morten Harket,Morten Harket,Acting,2025-03-02 01:14:54.379063+00:00,2025-03-04 07:00:03.914845+00:00
2836737,2,Huang Guan Zhi,黃冠智,Acting,2025-03-02 01:14:54.379063+00:00,2025-03-04 07:00:03.914845+00:00
1828041,2,Kento Hama,濱健人,Acting,2025-03-02 01:14:54.379063+00:00,2025-03-04 07:00:03.914845+00:00
6637,2,Frank Finlay,Frank Finlay,Acting,2025-03-02 01:14:54.379063+00:00,2025-03-04 07:00:03.914845+00:00
1164503,2,Sim Hee-seop,심희섭,Acting,2025-03-02 09:35:42.269341+00:00,2025-03-04 07:00:03.914845+00:00
10989,2,Rupert Grint,Rupert Grint,Acting,2025-03-02 01:14:54.379063+00:00,2025-03-04 07:00:03.914845+00:00
65404,2,Christopher Stone,Christopher Stone,Acting,2025-03-02 01:14:54.379063+00:00,2025-03-04 07:00:03.914845+00:00
219752,2,Hiroki Takahashi,高橋広樹,Acting,2025-03-02 01:14:54.379063+00:00,2025-03-04 07:00:03.914845+00:00
240150,2,Derek Yee Tung-Sing,爾冬陞,Acting,2025-03-02 01:14:54.379063+00:00,2025-03-04 07:00:03.914845+00:00
3218149,2,Serhii Shadrin,Serhii Shadrin,Acting,2025-03-02 01:14:54.379063+00:00,2025-03-04 07:00:03.914845+00:00
111389,0,Simon Sandquist,Simon Sandquist,Directing,2025-03-02 01:14:54.379063+00:00,2025-03-04 07:00:03.914845+00:00
4818837,0,Thomas Ko,Thomas Ko,Directing,2025-03-02 01:14:54.379063+00:00,2025-03-04 07:00:03.914845+00:00
3839629,0,Nate Tse Ka-ki,Nate Tse Ka-ki,Directing,2025-03-02 01:14:54.379063+00:00,2025-03-04 07:00:03.914845+00:00
90139,0,Erik Gandini,Erik Gandini,Directing,2025-03-02 01:14:54.379063+00:00,2025-03-04 07:00:03.914845+00:00
1934679,1,Sung Hsin-Yin,Sung Hsin-Yin,Directing,2025-03-02 01:14:54.379063+00:00,2025-03-04 07:00:03.914845+00:00
1521437,1,Rebekah McKendry,Rebekah McKendry,Directing,2025-03-02 01:14:54.379063+00:00,2025-03-04 07:00:03.914845+00:00
1904110,1,Charlotte Wells,Charlotte Wells,Directing,2025-03-02 01:14:54.379063+00:00,2025-03-04 07:00:03.914845+00:00
2843338,1,Yuriko Kado,Yuriko Kado,Directing,2025-03-02 09:35:42.269341+00:00,2025-03-04 07:00:03.914845+00:00
2399109,2,Pawo Choyning Dorji,Pawo Choyning Dorji,Directing,2025-03-02 01:14:54.379063+00:00,2025-03-04 07:00:03.914845+00:00
1310363,2,Akira Nagai,永井聡,Directing,2025-03-02 01:14:54.379063+00:00,2025-03-04 07:00:03.914845+00:00
18844,2,John Madden,John Madden,Directing,2025-03-02 01:14:54.379063+00:00,2025-03-04 07:00:03.914845+00:00
1046497,2,Justin K. Thompson,Justin K. Thompson,Directing,2025-03-02 01:14:54.379063+00:00,2025-03-04 07:00:03.914845+00:00
1406394,2,Ryutaro Nakagawa,中川龍太郎,Directing,2025-03-02 01:14:54.379063+00:00,2025-03-04 07:00:03.914845+00:00
1170106,2,Anthony Chen,Anthony Chen,Directing,2025-03-02 01:14:54.379063+00:00,2025-03-04 07:00:03.914845+00:00
3645700,2,Boi Kwong,Boi Kwong,Directing,2025-03-02 01:14:54.379063+00:00,2025-03-04 07:00:03.914845+00:00
1954827,2,Bowen Liu,Bowen Liu,Directing,2025-03-02 01:14:54.379063+00:00,2025-03-04 07:00:03.914845+00:00
2021340,2,Wei Shujun,Wei Shujun,Directing,2025-03-02 01:14:54.379063+00:00,2025-03-04 07:00:03.914845+00:00
2559079,2,Joseph Chen-Chieh Hsu,Joseph Chen-Chieh Hsu,Directing,2025-03-02 01:14:54.379063+00:00,2025-03-04 07:00:03.914845+00:00
3674697,2,Yuki Chu,朱詩鈺,Directing,2025-03-02 01:14:54.379063+00:00,2025-03-04 07:00:03.914845+00:00
90609,2,Osgood Perkins,Osgood Perkins,Directing,2025-03-02 01:14:54.379063+00:00,2025-03-04 07:00:03.914845+00:00
56739,2,Peter Ho-Sun Chan,Peter Chan,Directing,2025-03-02 01:14:54.379063+00:00,2025-03-04 07:00:03.914845+00:00
572028,2,Hideo Jojo,城定秀夫,Directing,2025-03-02 01:14:54.379063+00:00,2025-03-04 07:00:03.914845+00:00
793,2,Luis Buñuel,Luis Buñuel,Directing,2025-03-02 01:14:54.379063+00:00,2025-03-04 07:00:03.914845+00:00
1565972,2,Lee Il-hyung,Lee Il-hyung,Directing,2025-03-02 01:14:54.379063+00:00,2025-03-04 07:00:03.914845+00:00
46199,2,Stephan Komandarev,Stephan Komandarev,Directing,2025-03-02 01:14:54.379063+00:00,2025-03-04 07:00:03.914845+00:00
4269119,2,Vick Wang,Vick Wang,Directing,2025-03-02 01:14:54.379063+00:00,2025-03-04 07:00:03.914845+00:00
63973,2,Matteo Garrone,Matteo Garrone,Directing,2025-03-02 01:14:54.379063+00:00,2025-03-04 07:00:03.914845+00:00
1044881,2,Teemu Nikki,Teemu Nikki,Directing,2025-03-02 01:14:54.379063+00:00,2025-03-04 07:00:03.914845+00:00
2652899,2,Hsieh Chih Wen,Hsieh Chih Wen,Directing,2025-03-02 01:14:54.379063+00:00,2025-03-04 07:00:03.914845+00:00
96657,2,Lee Chang-dong,이창동,Directing,2025-03-02 01:14:54.379063+00:00,2025-03-04 07:00:03.914845+00:00
66718,2,Alan Mak Siu-Fai,麥兆輝,Directing,2025-03-02 01:14:54.379063+00:00,2025-03-04 07:00:03.914845+00:00
1400678,2,Shugo Fujii,藤井秀剛,Directing,2025-03-02 01:14:54.379063+00:00,2025-03-04 07:00:03.914845+00:00
1572524,2,Lee Thongkham,Lee Thongkham,Directing,2025-03-02 01:14:54.379063+00:00,2025-03-04 07:00:03.914845+00:00
930499,2,Péter Bergendy,Péter Bergendy,Directing,2025-03-02 01:14:54.379063+00:00,2025-03-04 07:00:03.914845+00:00
2593321,0,Hans Lukas Hansen,Hans Lukas Hansen,Production,2025-03-02 01:14:54.379063+00:00,2025-03-04 07:00:03.914845+00:00
1396403,2,FINNEAS,FINNEAS,Sound,2025-03-02 01:14:54.379063+00:00,2025-03-04 07:00:03.914845+00:00
1664690,2,Jan Bubeníček,Jan Bubeníček,Writing,2025-03-02 01:14:54.379063+00:00,2025-03-04 07:00:03.914845+00:00
1012319,2,Giddens Ko,九把刀,Writing,2025-03-02 01:14:54.379063+00:00,2025-03-04 07:00:03.914845+00:00
1035,2,Paul Schrader,Paul Schrader,Writing,2025-03-02 01:14:54.379063+00:00,2025-03-04 07:00:03.914845+00:00
113901,2,Michael Jelenic,Michael Jelenic,Writing,2025-03-02 01:14:54.379063+00:00,2025-03-04 07:00:03.914845+00:00
1284545,2,Adisorn Trisirikasem,อดิสรณ์ ตรีสิริเกษม,Writing,2025-03-02 01:14:54.379063+00:00,2025-03-04 07:00:03.914845+00:00
1995157,0,Moustapha Mbengue,Moustapha Mbengue,Acting,2025-03-02 01:14:54.379063+00:00,2025-03-04 07:00:03.914845+00:00
58859,0,Gyurme Tethong,Gyurme Tethong,Acting,2025-03-02 01:14:54.379063+00:00,2025-03-04 07:00:03.914845+00:00
1922168,0,Tung-Sheng Chang,Tung-Sheng Chang,Acting,2025-03-02 01:14:54.379063+00:00,2025-03-04 07:00:03.914845+00:00
1456986,0,Alassane Sy,Alassane Sy,Acting,2025-03-02 01:14:54.379063+00:00,2025-03-04 07:00:03.914845+00:00
217240,0,Rogier Schippers,Rogier Schippers,Acting,2025-03-02 01:14:54.379063+00:00,2025-03-04 07:00:03.914845+00:00
1868411,0,Prince Chiu,Prince Chiu,Acting,2025-03-02 01:14:54.379063+00:00,2025-03-04 07:00:03.914845+00:00
3984273,0,Cui Chu,Cui Chu,Acting,2025-03-02 01:14:54.379063+00:00,2025-03-04 07:00:03.914845+00:00
3463768,0,Zhang Zhongyu,Zhang Zhongyu,Acting,2025-03-02 01:14:54.379063+00:00,2025-03-04 07:00:03.914845+00:00
2992500,0,Giorgi Ambroladze,Giorgi Ambroladze,Acting,2025-03-02 01:14:54.379063+00:00,2025-03-04 07:00:03.914845+00:00
2850054,0,Daniel Lascar,Daniel Lascar,Acting,2025-03-02 01:14:54.379063+00:00,2025-03-04 07:00:03.914845+00:00
2419575,0,Jacob Perez,Jacob Perez,Acting,2025-03-02 01:14:54.379063+00:00,2025-03-04 07:00:03.914845+00:00
3631818,0,Tank Liu,Tank Liu,Acting,2025-03-02 01:14:54.379063+00:00,2025-03-04 07:00:03.914845+00:00
18277,1,Sandra Bullock,Sandra Bullock,Acting,2025-03-02 01:14:54.379063+00:00,2025-03-04 07:00:03.914845+00:00
70787,1,Kaniehtiio Horn,Kaniehtiio Horn,Acting,2025-03-02 01:14:54.379063+00:00,2025-03-04 07:00:03.914845+00:00
4469535,1,Seeda Puapimon,สีดา พัวพิมล,Acting,2025-03-02 01:14:54.379063+00:00,2025-03-04 07:00:03.914845+00:00
956987,1,Norma Martínez,Norma Martínez,Acting,2025-03-02 01:14:54.379063+00:00,2025-03-04 07:00:03.914845+00:00
1043250,1,Vân Trang,Vân Trang,Acting,2025-03-02 01:14:54.379063+00:00,2025-03-04 07:00:03.914845+00:00
115573,1,Glenda Jackson,Glenda Jackson,Acting,2025-03-02 01:14:54.379063+00:00,2025-03-04 07:00:03.914845+00:00
3730746,1,Tsumugi Hashimoto,Tsumugi Hashimoto,Acting,2025-03-02 01:14:54.379063+00:00,2025-03-04 07:00:03.914845+00:00
1072774,1,Yoko Hikasa,日笠陽子,Acting,2025-03-02 01:14:54.379063+00:00,2025-03-04 07:00:03.914845+00:00
1813,1,Anne Hathaway,Anne Hathaway,Acting,2025-03-02 01:14:54.379063+00:00,2025-03-04 07:00:03.914845+00:00
146245,1,Kim Hye-soo,김혜수,Acting,2025-03-02 01:14:54.379063+00:00,2025-03-04 07:00:03.914845+00:00
37153,1,Zoë Kravitz,Zoë Kravitz,Acting,2025-03-02 01:14:54.379063+00:00,2025-03-04 07:00:03.914845+00:00
2413529,1,Yuki Yagi,八木侑紀,Acting,2025-03-02 01:14:54.379063+00:00,2025-03-04 07:00:03.914845+00:00
572020,1,Anne Watanabe,杏,Acting,2025-03-02 01:14:54.379063+00:00,2025-03-04 07:00:03.914845+00:00
60073,1,Brie Larson,Brie Larson,Acting,2025-03-02 01:14:54.379063+00:00,2025-03-04 07:00:03.914845+00:00
935241,1,Alice Belaïdi,Alice Belaïdi,Acting,2025-03-02 01:14:54.379063+00:00,2025-03-04 07:00:03.914845+00:00
1282673,1,Toma Vaškevičiūtė,Toma Vaškevičiūtė,Acting,2025-03-02 01:14:54.379063+00:00,2025-03-04 07:00:03.914845+00:00
9015,1,Kelly Macdonald,Kelly Macdonald,Acting,2025-03-02 01:14:54.379063+00:00,2025-03-04 07:00:03.914845+00:00
1299317,1,Kang Hye-jung,강혜정,Acting,2025-03-02 01:14:54.379063+00:00,2025-03-04 07:00:03.914845+00:00
11902,1,Robin Bartlett,Robin Bartlett,Acting,2025-03-02 01:14:54.379063+00:00,2025-03-04 07:00:03.914845+00:00
17888,1,Halina Gryglaszewska,Halina Gryglaszewska,Acting,2025-03-02 01:14:54.379063+00:00,2025-03-04 07:00:03.914845+00:00
3748717,1,Park Ji-Min,Park Ji-Min,Acting,2025-03-02 01:14:54.379063+00:00,2025-03-04 07:00:03.914845+00:00
1491333,1,Sayuri Hara,原紗友里,Acting,2025-03-02 01:14:54.379063+00:00,2025-03-04 07:00:03.914845+00:00
4014724,1,Rina Miura,Rina Miura,Acting,2025-03-02 01:14:54.379063+00:00,2025-03-04 07:00:03.914845+00:00
1875669,1,Yoo Ji-ae,유지애,Acting,2025-03-02 01:14:54.379063+00:00,2025-03-04 07:00:03.914845+00:00
3758594,1,Ali Batu,Ali Batu,Acting,2025-03-02 01:14:54.379063+00:00,2025-03-04 07:00:03.914845+00:00
65510,1,Mayumi Tanaka,田中真弓,Acting,2025-03-02 01:14:54.379063+00:00,2025-03-04 07:00:03.914845+00:00
1083010,1,Letitia Wright,Letitia Wright,Acting,2025-03-02 01:14:54.379063+00:00,2025-03-04 07:00:03.914845+00:00
1870672,1,Hannamaija Nikander,Hannamaija Nikander,Acting,2025-03-02 01:14:54.379063+00:00,2025-03-04 07:00:03.914845+00:00
123664,1,Kim Min-hee,김민희,Acting,2025-03-02 01:14:54.379063+00:00,2025-03-04 07:00:03.914845+00:00
1589101,1,Matilda De Angelis,Matilda De Angelis,Acting,2025-03-02 01:14:54.379063+00:00,2025-03-04 07:00:03.914845+00:00
1130611,1,Mayu Matsuoka,松岡茉優,Acting,2025-03-02 01:14:54.379063+00:00,2025-03-04 07:00:03.914845+00:00
2053095,1,Jo Min-kyoung,Jo Min-kyoung,Acting,2025-03-02 01:14:54.379063+00:00,2025-03-04 07:00:03.914845+00:00
1353694,1,Jiao Junyan,Jiao Junyan,Acting,2025-03-02 01:14:54.379063+00:00,2025-03-04 07:00:03.914845+00:00
11484,1,Suzanne Shepherd,Suzanne Shepherd,Acting,2025-03-02 01:14:54.379063+00:00,2025-03-04 07:00:03.914845+00:00
227780,1,Irene Wan,溫碧霞,Acting,2025-03-02 01:14:54.379063+00:00,2025-03-04 07:00:03.914845+00:00
1013969,1,Joanna Haartti,Joanna Haartti,Acting,2025-03-02 01:14:54.379063+00:00,2025-03-04 07:00:03.914845+00:00
1091050,1,Go Ara,고아라,Acting,2025-03-02 01:14:54.379063+00:00,2025-03-04 07:00:03.914845+00:00
1680,1,Mami Koyama,小山茉美,Acting,2025-03-02 01:14:54.379063+00:00,2025-03-04 07:00:03.914845+00:00
3430335,1,Aileen Huang,黃琳媛,Acting,2025-03-02 01:14:54.379063+00:00,2025-03-04 07:00:03.914845+00:00
559579,1,Anne-Élisabeth Bossé,Anne-Élisabeth Bossé,Acting,2025-03-02 01:14:54.379063+00:00,2025-03-04 07:00:03.914845+00:00
2089967,1,Clara McGregor,Clara McGregor,Acting,2025-03-02 01:14:54.379063+00:00,2025-03-04 07:00:03.914845+00:00
1171510,1,Camélia Jordana,Camélia Jordana,Acting,2025-03-02 01:14:54.379063+00:00,2025-03-04 07:00:03.914845+00:00
3154127,1,Park Yu-rim,박유림,Acting,2025-03-02 01:14:54.379063+00:00,2025-03-04 07:00:03.914845+00:00
1812,1,Michelle Williams,Michelle Williams,Acting,2025-03-02 01:14:54.379063+00:00,2025-03-04 07:00:03.914845+00:00
3672720,1,Xixi Lim,Xixi Lim,Acting,2025-03-02 01:14:54.379063+00:00,2025-03-04 07:00:03.914845+00:00
1450858,1,Lam Thanh My,Lam Thanh My,Acting,2025-03-02 01:14:54.379063+00:00,2025-03-04 07:00:03.914845+00:00
121750,1,Reika Kirishima,霧島れいか,Acting,2025-03-02 01:14:54.379063+00:00,2025-03-04 07:00:03.914845+00:00
122647,2,Kohsuke Toriumi,鳥海浩輔,Acting,2025-03-02 01:14:54.379063+00:00,2025-03-04 07:00:03.914845+00:00
482503,2,Paolo Pierobon,Paolo Pierobon,Acting,2025-03-02 01:14:54.379063+00:00,2025-03-04 07:00:03.914845+00:00
141541,2,Yoon Je-moon,윤제문,Acting,2025-03-02 01:14:54.379063+00:00,2025-03-04 07:00:03.914845+00:00
2010199,2,Shusaku Kamikawa,上川周作,Acting,2025-03-02 01:14:54.379063+00:00,2025-03-04 07:00:03.914845+00:00
30719,2,Akim Tamiroff,Akim Tamiroff,Acting,2025-03-02 01:14:54.379063+00:00,2025-03-04 07:00:03.914845+00:00
1310719,2,Nijiro Murakami,村上虹郎,Acting,2025-03-02 01:14:54.379063+00:00,2025-03-04 07:00:03.914845+00:00
2463693,2,Yusuke Kondoh,近藤雄介,Acting,2025-03-02 01:14:54.379063+00:00,2025-03-04 07:00:03.914845+00:00
1168097,2,Manuel Garcia-Rulfo,Manuel Garcia-Rulfo,Acting,2025-03-02 01:14:54.379063+00:00,2025-03-04 07:00:03.914845+00:00
2398577,2,Hokuto Yoshino,吉野北人,Acting,2025-03-02 01:14:54.379063+00:00,2025-03-04 07:00:03.914845+00:00
27782,2,Yutaka Matsushige,松重豊,Acting,2025-03-02 01:14:54.379063+00:00,2025-03-04 07:00:03.914845+00:00
1191364,2,Na-Do,Na-Do,Acting,2025-03-02 01:14:54.379063+00:00,2025-03-04 07:00:03.914845+00:00
6164,2,Josh Lucas,Josh Lucas,Acting,2025-03-02 01:14:54.379063+00:00,2025-03-04 07:00:03.914845+00:00
2109323,2,Yugo Mikawa,三河悠冴,Acting,2025-03-02 01:14:54.379063+00:00,2025-03-04 07:00:03.914845+00:00
36422,2,Luke Wilson,Luke Wilson,Acting,2025-03-02 01:14:54.379063+00:00,2025-03-04 07:00:03.914845+00:00
1187399,2,Bobby Simha,Bobby Simha,Acting,2025-03-02 01:14:54.379063+00:00,2025-03-04 07:00:03.914845+00:00
133944,2,Koji Yamamoto,山本耕史,Acting,2025-03-02 01:14:54.379063+00:00,2025-03-04 07:00:03.914845+00:00
119145,2,Hiro Shimono,下野紘,Acting,2025-03-02 01:14:54.379063+00:00,2025-03-04 07:00:03.914845+00:00
68763,2,Dean Winters,Dean Winters,Acting,2025-03-02 01:14:54.379063+00:00,2025-03-04 07:00:03.914845+00:00
3216206,2,Liu Yang,Liu Yang,Acting,2025-03-02 01:14:54.379063+00:00,2025-03-04 07:00:03.914845+00:00
1976503,2,Ling Man-Lung,Ling Man-Lung,Acting,2025-03-02 01:14:54.379063+00:00,2025-03-04 07:00:03.914845+00:00
2453132,2,Kwon Hyuk,권혁,Acting,2025-03-02 01:14:54.379063+00:00,2025-03-04 07:00:03.914845+00:00
21748,2,Maximilian Brückner,Maximilian Brückner,Acting,2025-03-02 01:14:54.379063+00:00,2025-03-04 07:00:03.914845+00:00
1138,2,Benoît Régent,Benoît Régent,Acting,2025-03-02 01:14:54.379063+00:00,2025-03-04 07:00:03.914845+00:00
1040368,2,Giles Matthey,Giles Matthey,Acting,2025-03-02 01:14:54.379063+00:00,2025-03-04 07:00:03.914845+00:00
7060,2,Martin Freeman,Martin Freeman,Acting,2025-03-02 01:14:54.379063+00:00,2025-03-04 07:00:03.914845+00:00
1047642,2,Michael Moreland,Michael Moreland,Acting,2025-03-02 01:14:54.379063+00:00,2025-03-04 07:00:03.914845+00:00
4005024,2,Gregor J. M. Weber,Gregor J. M. Weber,Acting,2025-03-02 01:14:54.379063+00:00,2025-03-04 07:00:03.914845+00:00
17817,2,Merab Ninidze,Merab Ninidze,Acting,2025-03-02 01:14:54.379063+00:00,2025-03-04 07:00:03.914845+00:00
2054220,2,Kim Jun-han,김준한,Acting,2025-03-02 01:14:54.379063+00:00,2025-03-04 07:00:03.914845+00:00
16349,2,Robin Renucci,Robin Renucci,Acting,2025-03-02 01:14:54.379063+00:00,2025-03-04 07:00:03.914845+00:00
1488961,2,Lil Rel Howery,Lil Rel Howery,Acting,2025-03-02 01:14:54.379063+00:00,2025-03-04 07:00:03.914845+00:00
555384,2,Tang Tsung Sheng,Tang Tsung Sheng,Acting,2025-03-02 01:14:54.379063+00:00,2025-03-04 07:00:03.914845+00:00
2049991,2,Jason Koo,Jason Koo,Acting,2025-03-02 01:14:54.379063+00:00,2025-03-04 07:00:03.914845+00:00
1255138,2,Sunny Wang,王陽明,Acting,2025-03-02 01:14:54.379063+00:00,2025-03-04 07:00:03.914845+00:00
559566,2,Payman Maadi,پیمان معادی,Acting,2025-03-02 01:14:54.379063+00:00,2025-03-04 07:00:03.914845+00:00
1023139,2,Adam Driver,Adam Driver,Acting,2025-03-02 01:14:54.379063+00:00,2025-03-04 07:00:03.914845+00:00
4072267,2,Johann Karthaus,Johann Karthaus,Acting,2025-03-02 01:14:54.379063+00:00,2025-03-04 07:00:03.914845+00:00
120351,2,Ken Mitsuishi,光石研,Acting,2025-03-02 01:14:54.379063+00:00,2025-03-04 07:00:03.914845+00:00
71171,2,Lee Kang-sheng,Lee Kang-sheng,Acting,2025-03-02 01:14:54.379063+00:00,2025-03-04 07:00:03.914845+00:00
1247778,2,Shintaro Asanuma,浅沼晋太郎,Acting,2025-03-02 01:14:54.379063+00:00,2025-03-04 07:00:03.914845+00:00
7499,2,Jared Leto,Jared Leto,Acting,2025-03-02 01:14:54.379063+00:00,2025-03-04 07:00:03.914845+00:00
1161474,2,Yuki Yamada,山田裕貴,Acting,2025-03-02 01:14:54.379063+00:00,2025-03-04 07:00:03.914845+00:00
145678,2,Patrick Ridremont,Patrick Ridremont,Acting,2025-03-02 01:14:54.379063+00:00,2025-03-04 07:00:03.914845+00:00
70106,2,Nicholas Tse Ting-Fung,謝霆鋒,Acting,2025-03-02 01:14:54.379063+00:00,2025-03-04 07:00:03.914845+00:00
11769,2,Ted Raimi,Ted Raimi,Acting,2025-03-02 01:14:54.379063+00:00,2025-03-04 07:00:03.914845+00:00
163774,2,Reed Birney,Reed Birney,Acting,2025-03-02 01:14:54.379063+00:00,2025-03-04 07:00:03.914845+00:00
992623,2,Vincent Macaigne,Vincent Macaigne,Acting,2025-03-02 01:14:54.379063+00:00,2025-03-04 07:00:03.914845+00:00
2420113,2,Jarupong Kluaymaingam,Jarupong Kluaymaingam,Acting,2025-03-02 01:14:54.379063+00:00,2025-03-04 07:00:03.914845+00:00
3549591,2,Tung Liang-yu,Tung Liang-yu,Acting,2025-03-02 01:14:54.379063+00:00,2025-03-04 07:00:03.914845+00:00
1065761,2,Chen Sicheng,陈思诚,Acting,2025-03-02 01:14:54.379063+00:00,2025-03-04 07:00:03.914845+00:00
4772975,2,Xiao-Yuan Wang,釋小願,Acting,2025-03-02 01:14:54.379063+00:00,2025-03-04 07:00:03.914845+00:00
24366,2,Philippe Noiret,Philippe Noiret,Acting,2025-03-02 01:14:54.379063+00:00,2025-03-04 07:00:03.914845+00:00
1084,2,Joachim Król,Joachim Król,Acting,2025-03-02 01:14:54.379063+00:00,2025-03-04 07:00:03.914845+00:00
27105,2,Ed Helms,Ed Helms,Acting,2025-03-02 01:14:54.379063+00:00,2025-03-04 07:00:03.914845+00:00
1081482,2,Kanji Ishimaru,石丸幹二,Acting,2025-03-02 01:14:54.379063+00:00,2025-03-04 07:00:03.914845+00:00
131624,2,Vinicio Marchioni,Vinicio Marchioni,Acting,2025-03-02 01:14:54.379063+00:00,2025-03-04 07:00:03.914845+00:00
6012,2,Daniel Auteuil,Daniel Auteuil,Acting,2025-03-02 01:14:54.379063+00:00,2025-03-04 07:00:03.914845+00:00
11107,2,Ben Foster,Ben Foster,Acting,2025-03-02 01:14:54.379063+00:00,2025-03-04 07:00:03.914845+00:00
2391712,2,Pasakorn Sanrattana,Pasakorn Sanrattana,Acting,2025-03-02 01:14:54.379063+00:00,2025-03-04 07:00:03.914845+00:00
57012,2,Fares Fares,Fares Fares,Acting,2025-03-02 01:14:54.379063+00:00,2025-03-04 07:00:03.914845+00:00
76001,2,Tim DeKay,Tim DeKay,Acting,2025-03-02 01:14:54.379063+00:00,2025-03-04 07:00:03.914845+00:00
56804,2,Lau Siu-Ming,劉兆銘,Acting,2025-03-02 01:14:54.379063+00:00,2025-03-04 07:00:03.914845+00:00
96559,2,Kazuya Takahashi,高橋和也,Acting,2025-03-02 01:14:54.379063+00:00,2025-03-04 07:00:03.914845+00:00
3415057,2,Kajbhunditt Jaidee,กาจบัณฑิต ใจดี,Acting,2025-03-02 01:14:54.379063+00:00,2025-03-04 07:00:03.914845+00:00
2073909,2,Thanatsaran Samthonglai,ธนัตถ์ศรันย์ ซำทองไหล,Acting,2025-03-02 01:14:54.379063+00:00,2025-03-04 07:00:03.914845+00:00
150166,2,Danny Deng,Danny Deng,Acting,2025-03-02 09:35:42.269341+00:00,2025-03-04 07:00:03.914845+00:00
19487,2,Jay Hernandez,Jay Hernandez,Acting,2025-03-02 01:14:54.379063+00:00,2025-03-04 07:00:03.914845+00:00
1935253,2,Andranic Manet,Andranic Manet,Acting,2025-03-02 01:14:54.379063+00:00,2025-03-04 07:00:03.914845+00:00
12536,2,Jack Thompson,Jack Thompson,Acting,2025-03-02 01:14:54.379063+00:00,2025-03-04 07:00:03.914845+00:00
1635137,2,Patrick Walker,Patrick Walker,Acting,2025-03-02 01:14:54.379063+00:00,2025-03-04 07:00:03.914845+00:00
1622993,2,Christophe Montenez,Christophe Montenez,Acting,2025-03-02 01:14:54.379063+00:00,2025-03-04 07:00:03.914845+00:00
58662,2,Koichi Sato,佐藤浩市,Acting,2025-03-02 01:14:54.379063+00:00,2025-03-04 07:00:03.914845+00:00
3196478,2,Angus Yeung Tin-Yue,楊天宇,Acting,2025-03-02 01:14:54.379063+00:00,2025-03-04 07:00:03.914845+00:00
3090060,2,Simone Susinna,Simone Susinna,Acting,2025-03-02 01:14:54.379063+00:00,2025-03-04 07:00:03.914845+00:00
4738,2,Connor Paolo,Connor Paolo,Acting,2025-03-02 01:14:54.379063+00:00,2025-03-04 07:00:03.914845+00:00
86330,2,Lee Beom-soo,이범수,Acting,2025-03-02 01:14:54.379063+00:00,2025-03-04 07:00:03.914845+00:00
148899,2,George Shevtsov,George Shevtsov,Acting,2025-03-02 01:14:54.379063+00:00,2025-03-04 07:00:03.914845+00:00
42442,2,Saleh Bakri,Saleh Bakri,Acting,2025-03-02 01:14:54.379063+00:00,2025-03-04 07:00:03.914845+00:00
75912,2,Kim Yun-seok,김윤석,Acting,2025-03-02 01:14:54.379063+00:00,2025-03-04 07:00:03.914845+00:00
6283,2,Michael Nyqvist,Michael Nyqvist,Acting,2025-03-02 01:14:54.379063+00:00,2025-03-04 07:00:03.914845+00:00
1260451,2,Baim Wong,Baim Wong,Acting,2025-03-02 01:14:54.379063+00:00,2025-03-04 07:00:03.914845+00:00
229360,2,Aoi Nakamura,中村蒼,Acting,2025-03-02 01:14:54.379063+00:00,2025-03-04 07:00:03.914845+00:00
1563787,2,Rasiguet Sookkarn,Rasiguet Sookkarn,Art,2025-03-02 01:14:54.379063+00:00,2025-03-04 07:00:03.914845+00:00
990964,0,Jetniphat Sasing,Jetniphat Sasing,Directing,2025-03-02 01:14:54.379063+00:00,2025-03-04 07:00:03.914845+00:00
3607922,0,Jeon Byeong-deok,Jeon Byeong-deok,Directing,2025-03-02 01:14:54.379063+00:00,2025-03-04 07:00:03.914845+00:00
1762319,0,Kim Bong-han,Kim Bong-han,Directing,2025-03-02 01:14:54.379063+00:00,2025-03-04 07:00:03.914845+00:00
1271172,0,Sonia Liza Kenterman,Sonia Liza Kenterman,Directing,2025-03-02 01:14:54.379063+00:00,2025-03-04 07:00:03.914845+00:00
1134670,0,Daniel Hoesl,Daniel Hoesl,Directing,2025-03-02 01:14:54.379063+00:00,2025-03-04 07:00:03.914845+00:00
2434741,0,Hing Fan Wong,Hing Fan Wong,Directing,2025-03-02 01:14:54.379063+00:00,2025-03-04 07:00:03.914845+00:00
1267724,1,Siu-Di Wang,Siu-Di Wang,Directing,2025-03-02 01:14:54.379063+00:00,2025-03-04 07:00:03.914845+00:00
67570,1,Hettie Macdonald,Hettie Macdonald,Directing,2025-03-02 01:14:54.379063+00:00,2025-03-04 07:00:03.914845+00:00
3342366,2,Alejandro Loayza Grisi,Alejandro Loayza Grisi,Directing,2025-03-02 01:14:54.379063+00:00,2025-03-04 07:00:03.914845+00:00
1023610,2,Park Dae-min,Park Dae-min,Directing,2025-03-02 01:14:54.379063+00:00,2025-03-04 07:00:03.914845+00:00
5125,2,Fatih Akin,Fatih Akin,Directing,2025-03-02 01:14:54.379063+00:00,2025-03-04 07:00:03.914845+00:00
20907,2,Antoine Fuqua,Antoine Fuqua,Directing,2025-03-02 01:14:54.379063+00:00,2025-03-04 07:00:03.914845+00:00
934830,2,Daisuke Hiramaki,平牧大輔,Directing,2025-03-02 01:14:54.379063+00:00,2025-03-04 07:00:03.914845+00:00
224591,2,Thomas Robsahm,Thomas Robsahm,Directing,2025-03-02 01:14:54.379063+00:00,2025-03-04 07:00:03.914845+00:00
4451878,2,Li-Kui Wang,Li-Kui Wang,Directing,2025-03-02 01:14:54.379063+00:00,2025-03-04 07:00:03.914845+00:00
1498597,2,Hiroto Hara,原廣利,Directing,2025-03-02 01:14:54.379063+00:00,2025-03-04 07:00:03.914845+00:00
118415,2,Sean Baker,Sean Baker,Directing,2025-03-02 01:14:54.379063+00:00,2025-03-04 07:00:03.914845+00:00
5116573,2,Ping-Hai Wu,吳平海,Directing,2025-03-02 01:14:54.379063+00:00,2025-03-04 07:00:03.914845+00:00
125074,2,Shin Yeon-shick,신연식,Directing,2025-03-02 01:14:54.379063+00:00,2025-03-04 07:00:03.914845+00:00
1754133,2,Takumi Doyama,堂山卓見,Directing,2025-03-02 01:14:54.379063+00:00,2025-03-04 07:00:03.914845+00:00
1045535,2,Andrew Kam,Andrew Kam,Directing,2025-03-02 01:14:54.379063+00:00,2025-03-04 07:00:03.914845+00:00
2233732,2,Lee Jong-eun,이종은,Directing,2025-03-02 01:14:54.379063+00:00,2025-03-04 07:00:03.914845+00:00
1495399,2,Masato Jimbo,神保昌登,Directing,2025-03-02 01:14:54.379063+00:00,2025-03-04 07:00:03.914845+00:00
6159,2,Ron Howard,Ron Howard,Directing,2025-03-02 01:14:54.379063+00:00,2025-03-04 07:00:03.914845+00:00
3362045,2,Chih-Hsiung Liu,Chih-Hsiung Liu,Directing,2025-03-02 01:14:54.379063+00:00,2025-03-04 07:00:03.914845+00:00
1624654,2,S. Leo Chiang,S. Leo Chiang,Directing,2025-03-02 01:14:54.379063+00:00,2025-03-04 07:00:03.914845+00:00
2648776,2,Lee Moon-young,Lee Moon-young,Directing,2025-03-02 01:14:54.379063+00:00,2025-03-04 07:00:03.914845+00:00
1284692,2,Lorcan Finnegan,Lorcan Finnegan,Directing,2025-03-02 01:14:54.379063+00:00,2025-03-04 07:00:03.914845+00:00
106549,2,Takahisa Zeze,瀬々敬久,Directing,2025-03-02 01:14:54.379063+00:00,2025-03-04 07:00:03.914845+00:00
96369,2,Carlos Saura,Carlos Saura,Directing,2025-03-02 01:14:54.379063+00:00,2025-03-04 07:00:03.914845+00:00
142670,2,Lee Sang-il,李相日,Directing,2025-03-02 01:14:54.379063+00:00,2025-03-04 07:00:03.914845+00:00
98631,2,Adam Wingard,Adam Wingard,Directing,2025-03-02 09:35:42.269341+00:00,2025-03-04 07:00:03.914845+00:00
1650,2,François Truffaut,François Truffaut,Directing,2025-03-02 01:14:54.379063+00:00,2025-03-04 07:00:03.914845+00:00
78118,2,Vadim Perelman,Вадим Перельман,Directing,2025-03-02 01:14:54.379063+00:00,2025-03-04 07:00:03.914845+00:00
2413513,1,Billie Eilish,Billie Eilish,Sound,2025-03-02 01:14:54.379063+00:00,2025-03-04 07:00:03.914845+00:00
2721534,0,Sorawit Meungkeaw,Sorawit Meungkeaw,Writing,2025-03-02 01:14:54.379063+00:00,2025-03-04 07:00:03.914845+00:00
17510,2,Ol Parker,Ol Parker,Writing,2025-03-02 01:14:54.379063+00:00,2025-03-04 07:00:03.914845+00:00
1097098,2,Christopher MacBride,Christopher MacBride,Writing,2025-03-02 01:14:54.379063+00:00,2025-03-04 07:00:03.914845+00:00
228186,2,Teddy Lussi-Modeste,Teddy Lussi-Modeste,Writing,2025-03-02 01:14:54.379063+00:00,2025-03-04 07:00:03.914845+00:00
1317686,2,Bryan Woods,Bryan Woods,Writing,2025-03-02 01:14:54.379063+00:00,2025-03-04 07:00:03.914845+00:00
39067,0,Michel Debord,Michel Debord,Acting,2025-03-02 01:14:54.379063+00:00,2025-03-04 07:00:03.914845+00:00
2203295,0,Ainis Storpirštis,Ainis Storpirštis,Acting,2025-03-02 01:14:54.379063+00:00,2025-03-04 07:00:03.914845+00:00
3368972,0,Mohammad Hosseini,Mohammad Hosseini,Acting,2025-03-02 01:14:54.379063+00:00,2025-03-04 07:00:03.914845+00:00
2504488,0,Hongbing Huan,Hongbing Huan,Acting,2025-03-02 01:14:54.379063+00:00,2025-03-04 07:00:03.914845+00:00
2214572,0,Ismaeel Pourreza,Ismaeel Pourreza,Acting,2025-03-02 01:14:54.379063+00:00,2025-03-04 07:00:03.914845+00:00
1881789,0,Mohana Krishnan,Mohana Krishnan,Acting,2025-03-02 01:14:54.379063+00:00,2025-03-04 07:00:03.914845+00:00
3006821,0,María Ramos Mouhoub,María Ramos Mouhoub,Acting,2025-03-02 09:35:42.269341+00:00,2025-03-04 07:00:03.914845+00:00
4793662,0,Wei Hern Teoh,Wei Hern Teoh,Acting,2025-03-02 01:14:54.379063+00:00,2025-03-04 07:00:03.914845+00:00
338123,0,L.T. Felty,L.T. Felty,Acting,2025-03-02 01:14:54.379063+00:00,2025-03-04 07:00:03.914845+00:00
4256298,0,Romain Bernardin,Romain Bernardin,Acting,2025-03-02 01:14:54.379063+00:00,2025-03-04 07:00:03.914845+00:00
1293282,0,Khawlah Hag-Debsy,Khawlah Hag-Debsy,Acting,2025-03-02 01:14:54.379063+00:00,2025-03-04 07:00:03.914845+00:00
4996207,0,Qing Wang,Qing Wang,Acting,2025-03-02 01:14:54.379063+00:00,2025-03-04 07:00:03.914845+00:00
3064448,0,Dipen Raval,Dipen Raval,Acting,2025-03-02 01:14:54.379063+00:00,2025-03-04 07:00:03.914845+00:00
1443671,1,Yasamin Jasem,Yasamin Jasem,Acting,2025-03-02 01:14:54.379063+00:00,2025-03-04 07:00:03.914845+00:00
1395507,1,Rena Matsui,松井玲奈,Acting,2025-03-02 01:14:54.379063+00:00,2025-03-04 07:00:03.914845+00:00
268708,1,Teresa Mak Ka-Kei,麥家琪,Acting,2025-03-02 01:14:54.379063+00:00,2025-03-04 07:00:03.914845+00:00
1455336,1,Issa Rae,Issa Rae,Acting,2025-03-02 01:14:54.379063+00:00,2025-03-04 07:00:03.914845+00:00
51864,1,Kasi Lemmons,Kasi Lemmons,Acting,2025-03-02 01:14:54.379063+00:00,2025-03-04 07:00:03.914845+00:00
588159,1,Blanche Gardin,Blanche Gardin,Acting,2025-03-02 01:14:54.379063+00:00,2025-03-04 07:00:03.914845+00:00
1782648,1,Elten Ting,Elten Ting,Acting,2025-03-02 01:14:54.379063+00:00,2025-03-04 07:00:03.914845+00:00
1373659,1,Melissa Barrera,Melissa Barrera,Acting,2025-03-02 01:14:54.379063+00:00,2025-03-04 07:00:03.914845+00:00
2214168,1,María Luisa Mayol,María Luisa Mayol,Acting,2025-03-02 01:14:54.379063+00:00,2025-03-04 07:00:03.914845+00:00
3435887,1,Esther-Rose McGregor,Esther-Rose McGregor,Acting,2025-03-02 01:14:54.379063+00:00,2025-03-04 07:00:03.914845+00:00
558240,1,Elizabeth II of the United Kingdom,Elizabeth II of the United Kingdom,Acting,2025-03-02 01:14:54.379063+00:00,2025-03-04 07:00:03.914845+00:00
1535059,1,Alia Seror-O'Neill,Alia Seror-O'Neill,Acting,2025-03-02 01:14:54.379063+00:00,2025-03-04 07:00:03.914845+00:00
2837254,1,Amanda Lindh,Amanda Lindh,Acting,2025-03-02 01:14:54.379063+00:00,2025-03-04 07:00:03.914845+00:00
2633250,1,Park Ju-hyun,박주현,Acting,2025-03-02 01:14:54.379063+00:00,2025-03-04 07:00:03.914845+00:00
229400,1,Gina Stiebitz,Gina Stiebitz,Acting,2025-03-02 01:14:54.379063+00:00,2025-03-04 07:00:03.914845+00:00
1498158,1,Jessie Buckley,Jessie Buckley,Acting,2025-03-02 01:14:54.379063+00:00,2025-03-04 07:00:03.914845+00:00
1418977,1,Ivy Yin,尹馨,Acting,2025-03-02 01:14:54.379063+00:00,2025-03-04 07:00:03.914845+00:00
1605790,1,Ami Tomite,冨手麻妙,Acting,2025-03-02 01:14:54.379063+00:00,2025-03-04 07:00:03.914845+00:00
1304595,1,Kim Hee-ae,김희애,Acting,2025-03-02 01:14:54.379063+00:00,2025-03-04 07:00:03.914845+00:00
1874,1,Katja Riemann,Katja Riemann,Acting,2025-03-02 01:14:54.379063+00:00,2025-03-04 07:00:03.914845+00:00
27779,1,Yuko Takeuchi,竹内結子,Acting,2025-03-02 01:14:54.379063+00:00,2025-03-04 07:00:03.914845+00:00
12110,1,Amy Sedaris,Amy Sedaris,Acting,2025-03-02 01:14:54.379063+00:00,2025-03-04 07:00:03.914845+00:00
1276628,1,Yang Caiyu,楊采鈺,Acting,2025-03-02 01:14:54.379063+00:00,2025-03-04 07:00:03.914845+00:00
18022,1,Gina McKee,Gina McKee,Acting,2025-03-02 01:14:54.379063+00:00,2025-03-04 07:00:03.914845+00:00
464228,1,Aoba Kawai,河井青葉,Acting,2025-03-02 01:14:54.379063+00:00,2025-03-04 07:00:03.914845+00:00
1029718,1,Yuko Oshima,大島優子,Acting,2025-03-02 01:14:54.379063+00:00,2025-03-04 07:00:03.914845+00:00
2238406,1,Berry Wen-i Kuo,Berry Wen-i Kuo,Acting,2025-03-02 01:14:54.379063+00:00,2025-03-04 07:00:03.914845+00:00
2073564,1,Shila Ommi,Shila Ommi,Acting,2025-03-02 01:14:54.379063+00:00,2025-03-04 07:00:03.914845+00:00
1409121,1,Fumika Baba,馬場ふみか,Acting,2025-03-02 01:14:54.379063+00:00,2025-03-04 07:00:03.914845+00:00
10777,1,Maria Grazia Cucinotta,Maria Grazia Cucinotta,Acting,2025-03-02 01:14:54.379063+00:00,2025-03-04 07:00:03.914845+00:00
1344344,1,Storm Reid,Storm Reid,Acting,2025-03-02 01:14:54.379063+00:00,2025-03-04 07:00:03.914845+00:00
46363,1,Aya Ueto,上戸彩,Acting,2025-03-02 01:14:54.379063+00:00,2025-03-04 07:00:03.914845+00:00
3407602,1,Emily De Margheriti,Emily De Margheriti,Acting,2025-03-02 01:14:54.379063+00:00,2025-03-04 07:00:03.914845+00:00
1645574,1,Lee Soo-bin,이수빈,Acting,2025-03-02 01:14:54.379063+00:00,2025-03-04 07:00:03.914845+00:00
2043861,1,Harumi Shuhama,しゅはまはるみ,Acting,2025-03-02 01:14:54.379063+00:00,2025-03-04 07:00:03.914845+00:00
235338,1,Kang Ye-won,강예원,Acting,2025-03-02 01:14:54.379063+00:00,2025-03-04 07:00:03.914845+00:00
3768566,1,Charlize Lamb,Charlize Lamb,Acting,2025-03-02 01:14:54.379063+00:00,2025-03-04 07:00:03.914845+00:00
7280,1,Geneviève Mnich,Geneviève Mnich,Acting,2025-03-02 01:14:54.379063+00:00,2025-03-04 07:00:03.914845+00:00
3013258,1,Manami Usamaru,Manami Usamaru,Acting,2025-03-02 01:14:54.379063+00:00,2025-03-04 07:00:03.914845+00:00
1259233,1,Kim Xuân,Kim Xuân,Acting,2025-03-02 01:14:54.379063+00:00,2025-03-04 07:00:03.914845+00:00
90496,1,Masako Nozawa,野沢雅子,Acting,2025-03-02 01:14:54.379063+00:00,2025-03-04 07:00:03.914845+00:00
2040628,1,Phương Anh Đào,Phương Anh Đào,Acting,2025-03-02 01:14:54.379063+00:00,2025-03-04 07:00:03.914845+00:00
2984549,1,Anna Jobling,Anna Jobling,Acting,2025-03-02 01:14:54.379063+00:00,2025-03-04 07:00:03.914845+00:00
1181331,1,Sufe Bradshaw,Sufe Bradshaw,Acting,2025-03-02 01:14:54.379063+00:00,2025-03-04 07:00:03.914845+00:00
1569934,1,Xin Zhilei,辛芷蕾,Acting,2025-03-02 01:14:54.379063+00:00,2025-03-04 07:00:03.914845+00:00
2270672,1,Shim Dal-gi,심달기,Acting,2025-03-02 01:14:54.379063+00:00,2025-03-04 07:00:03.914845+00:00
545488,1,Masako Motai,もたいまさこ,Acting,2025-03-02 01:14:54.379063+00:00,2025-03-04 07:00:03.914845+00:00
2698751,1,Lauren Budd,Lauren Budd,Acting,2025-03-02 01:14:54.379063+00:00,2025-03-04 07:00:03.914845+00:00
87722,1,Noomi Rapace,Noomi Rapace,Acting,2025-03-02 01:14:54.379063+00:00,2025-03-04 07:00:03.914845+00:00
2131391,1,Violet McGraw,Violet McGraw,Acting,2025-03-02 01:14:54.379063+00:00,2025-03-04 07:00:03.914845+00:00
36926,1,Frances Sternhagen,Frances Sternhagen,Acting,2025-03-02 01:14:54.379063+00:00,2025-03-04 07:00:03.914845+00:00
1257661,1,Lee El,이엘,Acting,2025-03-02 01:14:54.379063+00:00,2025-03-04 07:00:03.914845+00:00
11825,1,Maggie Grace,Maggie Grace,Acting,2025-03-02 01:14:54.379063+00:00,2025-03-04 07:00:03.914845+00:00
56322,1,Amy Poehler,Amy Poehler,Acting,2025-03-02 01:14:54.379063+00:00,2025-03-04 07:00:03.914845+00:00
2063213,1,Lauren Lyle,Lauren Lyle,Acting,2025-03-02 01:14:54.379063+00:00,2025-03-04 07:00:03.914845+00:00
2711790,1,Giordana Faggiano,Giordana Faggiano,Acting,2025-03-02 01:14:54.379063+00:00,2025-03-04 07:00:03.914845+00:00
1095435,2,Stathis Stamoulakatos,Στάθης Σταμουλακάτος,Acting,2025-03-02 01:14:54.379063+00:00,2025-03-04 07:00:03.914845+00:00
1735369,2,Alan Shirahama,白濱亜嵐,Acting,2025-03-02 01:14:54.379063+00:00,2025-03-04 07:00:03.914845+00:00
2362790,2,Maluma,Maluma,Acting,2025-03-02 09:35:42.269341+00:00,2025-03-04 07:00:03.914845+00:00
3047804,2,Joe Bird,Joe Bird,Acting,2025-03-02 01:14:54.379063+00:00,2025-03-04 07:00:03.914845+00:00
1254260,2,Kazuyuki Okitsu,興津和幸,Acting,2025-03-02 01:14:54.379063+00:00,2025-03-04 07:00:03.914845+00:00
1149700,2,Simon Morzé,Simon Morzé,Acting,2025-03-02 01:14:54.379063+00:00,2025-03-04 07:00:03.914845+00:00
228,2,Ed Harris,Ed Harris,Acting,2025-03-02 01:14:54.379063+00:00,2025-03-04 07:00:03.914845+00:00
235717,2,Toshio Shiba,柴俊夫,Acting,2025-03-02 01:14:54.379063+00:00,2025-03-04 07:00:03.914845+00:00
1940747,2,Dali Benssalah,Dali Benssalah,Acting,2025-03-02 01:14:54.379063+00:00,2025-03-04 07:00:03.914845+00:00
2517750,2,Sutthirak Subvijitra,สุทธิรักษ์ ทรัพย์วิจิตร,Acting,2025-03-02 01:14:54.379063+00:00,2025-03-04 07:00:03.914845+00:00
1173597,2,William So Wing-Hong,蘇永康,Acting,2025-03-02 01:14:54.379063+00:00,2025-03-04 07:00:03.914845+00:00
1690917,2,Vincent Wong Ho-Shun,王浩信,Acting,2025-03-02 01:14:54.379063+00:00,2025-03-04 07:00:03.914845+00:00
224197,2,Brett Gelman,Brett Gelman,Acting,2025-03-02 01:14:54.379063+00:00,2025-03-04 07:00:03.914845+00:00
62831,2,Will Forte,Will Forte,Acting,2025-03-02 01:14:54.379063+00:00,2025-03-04 07:00:03.914845+00:00
64188,2,Damon Albarn,Damon Albarn,Acting,2025-03-02 01:14:54.379063+00:00,2025-03-04 07:00:03.914845+00:00
143157,2,Ait Ansari,Ait Ansari,Acting,2025-03-02 01:14:54.379063+00:00,2025-03-04 07:00:03.914845+00:00
1287909,2,Kim Hong-pa,김홍파,Acting,2025-03-02 01:14:54.379063+00:00,2025-03-04 07:00:03.914845+00:00
1041440,2,Emory Cohen,Emory Cohen,Acting,2025-03-02 01:14:54.379063+00:00,2025-03-04 07:00:03.914845+00:00
1505062,2,Ayumu Nakajima,中島歩,Acting,2025-03-02 01:14:54.379063+00:00,2025-03-04 07:00:03.914845+00:00
1413390,2,Diego Calva,Diego Calva,Acting,2025-03-02 01:14:54.379063+00:00,2025-03-04 07:00:03.914845+00:00
3292,2,Nicholas Hoult,Nicholas Hoult,Acting,2025-03-02 01:14:54.379063+00:00,2025-03-04 07:00:03.914845+00:00
1221114,2,Yuichi Nakamura,中村悠一,Acting,2025-03-02 01:14:54.379063+00:00,2025-03-04 07:00:03.914845+00:00
32747,2,Stephen Lang,Stephen Lang,Acting,2025-03-02 01:14:54.379063+00:00,2025-03-04 07:00:03.914845+00:00
1029288,2,Yao Anlian,Yao Anlian,Acting,2025-03-02 01:14:54.379063+00:00,2025-03-04 07:00:03.914845+00:00
6534,2,Jesús Carroza,Jesús Carroza,Acting,2025-03-02 01:14:54.379063+00:00,2025-03-04 07:00:03.914845+00:00
1603,2,Daniel Giménez Cacho,Daniel Giménez Cacho,Acting,2025-03-02 01:14:54.379063+00:00,2025-03-04 07:00:03.914845+00:00
3143960,2,Syoya Kimata,Syoya Kimata,Acting,2025-03-02 01:14:54.379063+00:00,2025-03-04 07:00:03.914845+00:00
1810651,2,Maxwell Jenkins,Maxwell Jenkins,Acting,2025-03-02 01:14:54.379063+00:00,2025-03-04 07:00:03.914845+00:00
4919982,2,Rex,林煥鈞,Acting,2025-03-02 01:14:54.379063+00:00,2025-03-04 07:00:03.914845+00:00
1345428,2,Tomasz Ziętek,Tomasz Ziętek,Acting,2025-03-02 01:14:54.379063+00:00,2025-03-04 07:00:03.914845+00:00
17276,2,Gerard Butler,Gerard Butler,Acting,2025-03-02 01:14:54.379063+00:00,2025-03-04 07:00:03.914845+00:00
39520,2,Garret Dillahunt,Garret Dillahunt,Acting,2025-03-02 01:14:54.379063+00:00,2025-03-04 07:00:03.914845+00:00
2462807,2,Lee Chang-hoon,이창훈,Acting,2025-03-02 01:14:54.379063+00:00,2025-03-04 07:00:03.914845+00:00
143037,2,Issey Ogata,イッセー尾形,Acting,2025-03-02 01:14:54.379063+00:00,2025-03-04 07:00:03.914845+00:00
2097347,2,Jeno,제노,Acting,2025-03-02 01:14:54.379063+00:00,2025-03-04 07:00:03.914845+00:00
49859,2,Stéphane Rideau,Stéphane Rideau,Acting,2025-03-02 01:14:54.379063+00:00,2025-03-04 07:00:03.914845+00:00
15137,2,Serge Reggiani,Serge Reggiani,Acting,2025-03-02 01:14:54.379063+00:00,2025-03-04 07:00:03.914845+00:00
2537199,2,Alec Carlos,Alec Carlos,Acting,2025-03-02 01:14:54.379063+00:00,2025-03-04 07:00:03.914845+00:00
14253,2,Slim Pickens,Slim Pickens,Acting,2025-03-02 01:14:54.379063+00:00,2025-03-04 07:00:03.914845+00:00
85221,2,Oleg Vasilkov,Олег Васильков,Acting,2025-03-02 01:14:54.379063+00:00,2025-03-04 07:00:03.914845+00:00
83560,2,Anthony Chan Yau,陳友,Acting,2025-03-02 01:14:54.379063+00:00,2025-03-04 07:00:03.914845+00:00
7447,2,Alec Baldwin,Alec Baldwin,Acting,2025-03-02 01:14:54.379063+00:00,2025-03-04 07:00:03.914845+00:00
11885,2,John C. McGinley,John C. McGinley,Acting,2025-03-02 01:14:54.379063+00:00,2025-03-04 07:00:03.914845+00:00
15576,2,Matthew Macfadyen,Matthew Macfadyen,Acting,2025-03-02 01:14:54.379063+00:00,2025-03-04 07:00:03.914845+00:00
230659,2,Takeru Satoh,佐藤健,Acting,2025-03-02 01:14:54.379063+00:00,2025-03-04 07:00:03.914845+00:00
1975740,2,Sebastian Billingsley-Rodriguez,Sebastian Billingsley-Rodriguez,Acting,2025-03-02 01:14:54.379063+00:00,2025-03-04 07:00:03.914845+00:00
69829,2,Jun Takeuchi,Jun Takeuchi,Acting,2025-03-02 01:14:54.379063+00:00,2025-03-04 07:00:03.914845+00:00
51995,2,Theo Rossi,Theo Rossi,Acting,2025-03-02 01:14:54.379063+00:00,2025-03-04 07:00:03.914845+00:00
34,2,Mykelti Williamson,Mykelti Williamson,Acting,2025-03-02 01:14:54.379063+00:00,2025-03-04 07:00:03.914845+00:00
239996,2,Benjamin Walker,Benjamin Walker,Acting,2025-03-02 01:14:54.379063+00:00,2025-03-04 07:00:03.914845+00:00
1385839,2,Tomomitsu Adachi,足立智充,Acting,2025-03-02 01:14:54.379063+00:00,2025-03-04 07:00:03.914845+00:00
221772,2,Wataru Hatano,羽多野渉,Acting,2025-03-02 01:14:54.379063+00:00,2025-03-04 07:00:03.914845+00:00
2524909,2,Oiva Ollila,Oiva Ollila,Acting,2025-03-02 01:14:54.379063+00:00,2025-03-04 07:00:03.914845+00:00
148886,2,Alex Man Chi-Leung,萬梓良,Acting,2025-03-02 01:14:54.379063+00:00,2025-03-04 07:00:03.914845+00:00
1654631,2,Song Young-gyu,송영규,Acting,2025-03-02 01:14:54.379063+00:00,2025-03-04 07:00:03.914845+00:00
9192,2,Togo Igawa,Togo Igawa,Acting,2025-03-02 01:14:54.379063+00:00,2025-03-04 07:00:03.914845+00:00
1051833,2,David Asavanond,David Asavanond,Acting,2025-03-02 01:14:54.379063+00:00,2025-03-04 07:00:03.914845+00:00
1393397,2,Hirota Otsuka,大塚ヒロタ,Acting,2025-03-02 01:14:54.379063+00:00,2025-03-04 07:00:03.914845+00:00
3914126,2,Kang Hyun-oh,Kang Hyun-oh,Acting,2025-03-02 01:14:54.379063+00:00,2025-03-04 07:00:03.914845+00:00
2298157,2,Jeong Jae-kwang,정재광,Acting,2025-03-02 01:14:54.379063+00:00,2025-03-04 07:00:03.914845+00:00
1027740,2,Paco Tous,Paco Tous,Acting,2025-03-02 01:14:54.379063+00:00,2025-03-04 07:00:03.914845+00:00
1254614,2,Leslie Odom Jr.,Leslie Odom Jr.,Acting,2025-03-02 09:35:42.269341+00:00,2025-03-04 07:00:03.914845+00:00
1244,2,Jonathan Rhys Meyers,Jonathan Rhys Meyers,Acting,2025-03-02 01:14:54.379063+00:00,2025-03-04 07:00:03.914845+00:00
83356,2,Jamie Campbell Bower,Jamie Campbell Bower,Acting,2025-03-02 01:14:54.379063+00:00,2025-03-04 07:00:03.914845+00:00
1113060,2,Lee Seung-joon,이승준,Acting,2025-03-02 01:14:54.379063+00:00,2025-03-04 07:00:03.914845+00:00
1165008,2,Kev Adams,Kev Adams,Acting,2025-03-02 01:14:54.379063+00:00,2025-03-04 07:00:03.914845+00:00
1604,2,Lluís Homar,Lluís Homar,Acting,2025-03-02 01:14:54.379063+00:00,2025-03-04 07:00:03.914845+00:00
2601334,0,Filippo Prandi,Filippo Prandi,Directing,2025-03-02 01:14:54.379063+00:00,2025-03-04 07:00:03.914845+00:00
563824,0,Álvaro Fernández Armero,Álvaro Fernández Armero,Directing,2025-03-02 09:35:42.269341+00:00,2025-03-04 07:00:03.914845+00:00
4924871,0,Zoë Morgan Chiswick,Zoë Morgan Chiswick,Directing,2025-03-02 01:14:54.379063+00:00,2025-03-04 07:00:03.914845+00:00
4564849,0,Jo Yoon-soo,조윤수,Directing,2025-03-02 01:14:54.379063+00:00,2025-03-04 07:00:03.914845+00:00
3312260,0,이상헌,이상헌,Directing,2025-03-02 01:14:54.379063+00:00,2025-03-04 07:00:03.914845+00:00
1852026,1,Han Ji-won,Han Ji-won,Directing,2025-03-02 01:14:54.379063+00:00,2025-03-04 07:00:03.914845+00:00
2402806,1,Hsu Li-Wen,徐麗雯,Directing,2025-03-02 01:14:54.379063+00:00,2025-03-04 07:00:03.914845+00:00
2224432,1,Pei-Ju Hsieh,謝沛如,Directing,2025-03-02 01:14:54.379063+00:00,2025-03-04 07:00:03.914845+00:00
69346,1,Sigrid Faltin,Sigrid Faltin,Directing,2025-03-02 01:14:54.379063+00:00,2025-03-04 07:00:03.914845+00:00
1088096,2,James Nunn,James Nunn,Directing,2025-03-02 01:14:54.379063+00:00,2025-03-04 07:00:03.914845+00:00
1745962,2,Mohamed Kordofani,Mohamed Kordofani,Directing,2025-03-02 01:14:54.379063+00:00,2025-03-04 07:00:03.914845+00:00
93922,2,Jeff Celentano,Jeff Celentano,Directing,2025-03-02 01:14:54.379063+00:00,2025-03-04 07:00:03.914845+00:00
468,2,Stephen Daldry,Stephen Daldry,Directing,2025-03-02 01:14:54.379063+00:00,2025-03-04 07:00:03.914845+00:00
119293,2,Tarik Saleh,Tarik Saleh,Directing,2025-03-02 01:14:54.379063+00:00,2025-03-04 07:00:03.914845+00:00
57130,2,Todd Phillips,Todd Phillips,Directing,2025-03-02 01:14:54.379063+00:00,2025-03-04 07:00:03.914845+00:00
131186,2,Tetsuya Nakashima,中島哲也,Directing,2025-03-02 01:14:54.379063+00:00,2025-03-04 07:00:03.914845+00:00
3992160,2,Rui Cui,Rui Cui,Directing,2025-03-02 01:14:54.379063+00:00,2025-03-04 07:00:03.914845+00:00
96631,2,Hur Jin-ho,허진호,Directing,2025-03-02 01:14:54.379063+00:00,2025-03-04 07:00:03.914845+00:00
168330,2,Ben Lewin,Ben Lewin,Directing,2025-03-02 01:14:54.379063+00:00,2025-03-04 07:00:03.914845+00:00
131288,2,Lin Cheng-sheng,Lin Cheng-sheng,Directing,2025-03-02 01:14:54.379063+00:00,2025-03-04 07:00:03.914845+00:00
1632457,2,Yun Jun-hyung,Yun Jun-hyung,Directing,2025-03-02 01:14:54.379063+00:00,2025-03-04 07:00:03.914845+00:00
1297518,2,Kazuaki Imai,今井一暁,Directing,2025-03-02 01:14:54.379063+00:00,2025-03-04 07:00:03.914845+00:00
31033,2,Oxide Pang Shun,彭順,Directing,2025-03-02 01:14:54.379063+00:00,2025-03-04 07:00:03.914845+00:00
1075354,2,Lee Jong-pil,이종필,Directing,2025-03-02 01:14:54.379063+00:00,2025-03-04 07:00:03.914845+00:00
1002674,2,Silvano Agosti,Silvano Agosti,Directing,2025-03-02 01:14:54.379063+00:00,2025-03-04 07:00:03.914845+00:00
113500,2,Philipp Stölzl,Philipp Stölzl,Directing,2025-03-02 01:14:54.379063+00:00,2025-03-04 07:00:03.914845+00:00
491,2,John Williams,John Williams,Sound,2025-03-02 01:14:54.379063+00:00,2025-03-04 07:00:03.914845+00:00
1364891,0,Samuel Bodin,Samuel Bodin,Writing,2025-03-02 01:14:54.379063+00:00,2025-03-04 07:00:03.914845+00:00
1265147,2,Vasiliy Rovenskiy,Vasiliy Rovenskiy,Writing,2025-03-02 01:14:54.379063+00:00,2025-03-04 07:00:03.914845+00:00
4148513,0,Abel Navarro,Abel Navarro,Acting,2025-03-02 01:14:54.379063+00:00,2025-03-04 07:00:03.914845+00:00
2525655,0,Eliza Chadwick,Eliza Chadwick,Acting,2025-03-02 01:14:54.379063+00:00,2025-03-04 07:00:03.914845+00:00
5043110,0,Fukuyo,Fukuyo,Acting,2025-03-02 01:14:54.379063+00:00,2025-03-04 07:00:03.914845+00:00
3891330,0,Toscane Duquesne,Toscane Duquesne,Acting,2025-03-02 01:14:54.379063+00:00,2025-03-04 07:00:03.914845+00:00
3325085,0,Shut Tiu,Shut Tiu,Acting,2025-03-02 01:14:54.379063+00:00,2025-03-04 07:00:03.914845+00:00
1618430,0,Hiromi Demura,Hiromi Demura,Acting,2025-03-02 01:14:54.379063+00:00,2025-03-04 07:00:03.914845+00:00
3436473,0,Ruki Shiroiwa,Ruki Shiroiwa,Acting,2025-03-02 01:14:54.379063+00:00,2025-03-04 07:00:03.914845+00:00
4782390,0,Mie,Mie,Acting,2025-03-02 01:14:54.379063+00:00,2025-03-04 07:00:03.914845+00:00
4404888,0,Josefina Inés Fariña,Josefina Inés Fariña,Acting,2025-03-02 01:14:54.379063+00:00,2025-03-04 07:00:03.914845+00:00
1564000,0,Akiko Oshidari,Akiko Oshidari,Acting,2025-03-02 01:14:54.379063+00:00,2025-03-04 07:00:03.914845+00:00
5198496,0,Falk Vatne Payne,Falk Vatne Payne,Acting,2025-03-02 01:14:54.379063+00:00,2025-03-04 07:00:03.914845+00:00
3861870,0,Albert Liu,Albert Liu,Acting,2025-03-02 01:14:54.379063+00:00,2025-03-04 07:00:03.914845+00:00
2957465,0,Hữu Tài,Hữu Tài,Acting,2025-03-02 01:14:54.379063+00:00,2025-03-04 07:00:03.914845+00:00
1696207,1,Haruka Imou,芋生悠,Acting,2025-03-02 01:14:54.379063+00:00,2025-03-04 07:00:03.914845+00:00
1530558,1,Madeleine McGraw,Madeleine McGraw,Acting,2025-03-02 01:14:54.379063+00:00,2025-03-04 07:00:03.914845+00:00
83966,1,Pascale Arbillot,Pascale Arbillot,Acting,2025-03-02 01:14:54.379063+00:00,2025-03-04 07:00:03.914845+00:00
1158144,1,Happy Salma,Happy Salma,Acting,2025-03-02 01:14:54.379063+00:00,2025-03-04 07:00:03.914845+00:00
75914,1,Seo Young-hee,서영희,Acting,2025-03-02 01:14:54.379063+00:00,2025-03-04 07:00:03.914845+00:00
2085448,1,Yukee Chen,Yukee Chen,Acting,2025-03-02 01:14:54.379063+00:00,2025-03-04 07:00:03.914845+00:00
1576052,1,Reika Oozeki,Reika Oozeki,Acting,2025-03-02 01:14:54.379063+00:00,2025-03-04 07:00:03.914845+00:00
1115068,1,Mei Nagano,永野芽郁,Acting,2025-03-02 01:14:54.379063+00:00,2025-03-04 07:00:03.914845+00:00
2091052,1,Ma Su,马苏,Acting,2025-03-02 01:14:54.379063+00:00,2025-03-04 07:00:03.914845+00:00
2906878,1,Mimi Shao,Mimi Shao,Acting,2025-03-02 01:14:54.379063+00:00,2025-03-04 07:00:03.914845+00:00
3020876,1,Kensington Tallman,Kensington Tallman,Acting,2025-03-02 01:14:54.379063+00:00,2025-03-04 07:00:03.914845+00:00
59175,1,Blake Lively,Blake Lively,Acting,2025-03-02 01:14:54.379063+00:00,2025-03-04 07:00:03.914845+00:00
22123,1,Jordana Brewster,Jordana Brewster,Acting,2025-03-02 01:14:54.379063+00:00,2025-03-04 07:00:03.914845+00:00
125025,1,Joey King,Joey King,Acting,2025-03-02 01:14:54.379063+00:00,2025-03-04 07:00:03.914845+00:00
2256610,1,Miyuri Shimabukuro,島袋美由利,Acting,2025-03-02 01:14:54.379063+00:00,2025-03-04 07:00:03.914845+00:00
53923,1,Aunjanue Ellis-Taylor,Aunjanue Ellis-Taylor,Acting,2025-03-02 01:14:54.379063+00:00,2025-03-04 07:00:03.914845+00:00
1190708,1,Irina Savina,Ирина Савина,Acting,2025-03-02 01:14:54.379063+00:00,2025-03-04 07:00:03.914845+00:00
16980,1,Elena Irureta,Elena Irureta,Acting,2025-03-02 09:35:42.269341+00:00,2025-03-04 07:00:03.914845+00:00
127691,1,Pei Hsiao-lan,Pei Hsiao-lan,Acting,2025-03-02 01:14:54.379063+00:00,2025-03-04 07:00:03.914845+00:00
1396636,1,Ma Yinyin,Ma Yinyin,Acting,2025-03-02 01:14:54.379063+00:00,2025-03-04 07:00:03.914845+00:00
109895,1,Marjaana Maijala,Marjaana Maijala,Acting,2025-03-02 01:14:54.379063+00:00,2025-03-04 07:00:03.914845+00:00
2576415,1,Zhang Shangmingzhu,Zhang Shangmingzhu,Acting,2025-03-02 01:14:54.379063+00:00,2025-03-04 07:00:03.914845+00:00
1309285,1,Nikki Hsieh,謝欣穎,Acting,2025-03-02 01:14:54.379063+00:00,2025-03-04 07:00:03.914845+00:00
557975,1,Sophie Cadieux,Sophie Cadieux,Acting,2025-03-02 01:14:54.379063+00:00,2025-03-04 07:00:03.914845+00:00
1018709,1,Qin Lan,秦嵐,Acting,2025-03-02 01:14:54.379063+00:00,2025-03-04 07:00:03.914845+00:00
221981,1,Antonia Thomas,Antonia Thomas,Acting,2025-03-02 01:14:54.379063+00:00,2025-03-04 07:00:03.914845+00:00
3652269,1,Riona Furuse,Riona Furuse,Acting,2025-03-02 01:14:54.379063+00:00,2025-03-04 07:00:03.914845+00:00
1187034,1,Armande Boulanger,Armande Boulanger,Acting,2025-03-02 01:14:54.379063+00:00,2025-03-04 07:00:03.914845+00:00
1330250,1,Chiều Xuân,Chiều Xuân,Acting,2025-03-02 01:14:54.379063+00:00,2025-03-04 07:00:03.914845+00:00
2309873,1,Moon Seung-ah,문승아,Acting,2025-03-02 01:14:54.379063+00:00,2025-03-04 07:00:03.914845+00:00
56830,1,Brigitte Lin Ching-Hsia,林青霞,Acting,2025-03-02 01:14:54.379063+00:00,2025-03-04 07:00:03.914845+00:00
1079533,1,Maisa Abd Elhadi,Maisa Abd Elhadi,Acting,2025-03-02 01:14:54.379063+00:00,2025-03-04 07:00:03.914845+00:00
3508,1,Delphine Seyrig,Delphine Seyrig,Acting,2025-03-02 01:14:54.379063+00:00,2025-03-04 07:00:03.914845+00:00
1505440,1,Neda Jebraeili,Neda Jebraeili,Acting,2025-03-02 01:14:54.379063+00:00,2025-03-04 07:00:03.914845+00:00
59807,1,Élodie Bouchez,Élodie Bouchez,Acting,2025-03-02 01:14:54.379063+00:00,2025-03-04 07:00:03.914845+00:00
101130,1,Barbara Cupisti,Barbara Cupisti,Acting,2025-03-02 01:14:54.379063+00:00,2025-03-04 07:00:03.914845+00:00
1513304,1,Dolly de Leon,Dolly de Leon,Acting,2025-03-02 01:14:54.379063+00:00,2025-03-04 07:00:03.914845+00:00
3128782,1,Nell Fisher,Nell Fisher,Acting,2025-03-02 01:14:54.379063+00:00,2025-03-04 07:00:03.914845+00:00
52462,1,Betty Buckley,Betty Buckley,Acting,2025-03-02 01:14:54.379063+00:00,2025-03-04 07:00:03.914845+00:00
1146,1,Julie Delpy,Julie Delpy,Acting,2025-03-02 01:14:54.379063+00:00,2025-03-04 07:00:03.914845+00:00
1005911,1,Michelle Wai Si-Nga,衛詩雅,Acting,2025-03-02 01:14:54.379063+00:00,2025-03-04 07:00:03.914845+00:00
1803286,1,Gideon Adlon,Gideon Adlon,Acting,2025-03-02 01:14:54.379063+00:00,2025-03-04 07:00:03.914845+00:00
1562219,1,Fong Fei-fei,鳳飛飛,Acting,2025-03-02 01:14:54.379063+00:00,2025-03-04 07:00:03.914845+00:00
1356718,1,Ko Chia-yen,柯佳嬿,Acting,2025-03-02 01:14:54.379063+00:00,2025-03-04 07:00:03.914845+00:00
25837,1,Elisha Cuthbert,Elisha Cuthbert,Acting,2025-03-02 01:14:54.379063+00:00,2025-03-04 07:00:03.914845+00:00
2207740,1,Linnea Leino,Linnea Leino,Acting,2025-03-02 01:14:54.379063+00:00,2025-03-04 07:00:03.914845+00:00
259737,1,Ewa Kasprzyk,Ewa Kasprzyk,Acting,2025-03-02 01:14:54.379063+00:00,2025-03-04 07:00:03.914845+00:00
101,1,Leonor Watling,Leonor Watling,Acting,2025-03-02 01:14:54.379063+00:00,2025-03-04 07:00:03.914845+00:00
3319303,1,Nana Nakahara,Nana Nakahara,Acting,2025-03-02 01:14:54.379063+00:00,2025-03-04 07:00:03.914845+00:00
2894607,1,Elza Mardirossian,Elza Mardirossian,Acting,2025-03-02 01:14:54.379063+00:00,2025-03-04 07:00:03.914845+00:00
1993057,1,Zhang Xiaofei,张小斐,Acting,2025-03-02 01:14:54.379063+00:00,2025-03-04 07:00:03.914845+00:00
2117890,2,Byeon Woo-seok,변우석,Acting,2025-03-02 01:14:54.379063+00:00,2025-03-04 07:00:03.914845+00:00
26729,2,Teddy Robin,泰迪羅賓,Acting,2025-03-02 01:14:54.379063+00:00,2025-03-04 07:00:03.914845+00:00
1402818,2,Yi-Fan Hsu,Yi-Fan Hsu,Acting,2025-03-02 01:14:54.379063+00:00,2025-03-04 07:00:03.914845+00:00
77335,2,Ben Mendelsohn,Ben Mendelsohn,Acting,2025-03-02 01:14:54.379063+00:00,2025-03-04 07:00:03.914845+00:00
2430105,2,Sadanont Durongkhaweroj,ศดานนท์ ดุรงคเวโรจน์,Acting,2025-03-02 01:14:54.379063+00:00,2025-03-04 07:00:03.914845+00:00
1134685,2,Son Ho-jun,손호준,Acting,2025-03-02 01:14:54.379063+00:00,2025-03-04 07:00:03.914845+00:00
467645,2,Boyd Holbrook,Boyd Holbrook,Acting,2025-03-02 01:14:54.379063+00:00,2025-03-04 07:00:03.914845+00:00
1185386,2,Masahiro Higashide,東出昌大,Acting,2025-03-02 01:14:54.379063+00:00,2025-03-04 07:00:03.914845+00:00
1900107,2,Steven Woon,Steven Woon,Acting,2025-03-02 01:14:54.379063+00:00,2025-03-04 07:00:03.914845+00:00
1866221,2,Nathan Welsh,Nathan Welsh,Acting,2025-03-02 01:14:54.379063+00:00,2025-03-04 07:00:03.914845+00:00
8994,2,Robert Hommet,Robert Hommet,Acting,2025-03-02 01:14:54.379063+00:00,2025-03-04 07:00:03.914845+00:00
2478177,2,Thanadol Auepong,ธนดล เอื้อพงษ์,Acting,2025-03-02 01:14:54.379063+00:00,2025-03-04 07:00:03.914845+00:00
2692024,2,Xavier Lin,林志謙,Acting,2025-03-02 01:14:54.379063+00:00,2025-03-04 07:00:03.914845+00:00
1637129,2,Charlie Shotwell,Charlie Shotwell,Acting,2025-03-02 01:14:54.379063+00:00,2025-03-04 07:00:03.914845+00:00
2485848,2,Choi Gwang-il,최광일,Acting,2025-03-02 01:14:54.379063+00:00,2025-03-04 07:00:03.914845+00:00
2193164,2,Ukisho Hidaka,浮所飛貴,Acting,2025-03-02 01:14:54.379063+00:00,2025-03-04 07:00:03.914845+00:00
1428295,2,Gustav Lindh,Gustav Lindh,Acting,2025-03-02 01:14:54.379063+00:00,2025-03-04 07:00:03.914845+00:00
3065215,2,Himi Sato,佐藤緋美,Acting,2025-03-02 01:14:54.379063+00:00,2025-03-04 07:00:03.914845+00:00
70048,2,Bunshi Katsura VI,Bunshi Katsura Vi,Acting,2025-03-02 01:14:54.379063+00:00,2025-03-04 07:00:03.914845+00:00
1303558,2,Bao Bei Er,包贝尔,Acting,2025-03-02 01:14:54.379063+00:00,2025-03-04 07:00:03.914845+00:00
1173231,2,Ben Lamb,Ben Lamb,Acting,2025-03-02 01:14:54.379063+00:00,2025-03-04 07:00:03.914845+00:00
149894,2,Yuki Kaji,梶裕貴,Acting,2025-03-02 01:14:54.379063+00:00,2025-03-04 07:00:03.914845+00:00
1254390,2,Ryu Soo-young,류수영,Acting,2025-03-02 01:14:54.379063+00:00,2025-03-04 07:00:03.914845+00:00
62,2,Bruce Willis,Bruce Willis,Acting,2025-03-02 01:14:54.379063+00:00,2025-03-04 07:00:03.914845+00:00
3259638,2,Pongsakorn Mettarikanon,พงศกร เมตตาริกานนท์,Acting,2025-03-02 01:14:54.379063+00:00,2025-03-04 07:00:03.914845+00:00
552072,2,Jeong Gyu-su,정규수,Acting,2025-03-02 01:14:54.379063+00:00,2025-03-04 07:00:03.914845+00:00
72791,2,Ivan Barnev,Ivan Barnev,Acting,2025-03-02 01:14:54.379063+00:00,2025-03-04 07:00:03.914845+00:00
10885,2,Kenneth Tsang,曾江,Acting,2025-03-02 01:14:54.379063+00:00,2025-03-04 07:00:03.914845+00:00
290,2,Christopher Plummer,Christopher Plummer,Acting,2025-03-02 01:14:54.379063+00:00,2025-03-04 07:00:03.914845+00:00
2042179,2,Joseph Huang,Joseph Huang,Acting,2025-03-02 01:14:54.379063+00:00,2025-03-04 07:00:03.914845+00:00
932886,2,Manos Katrakis,Μάνος Κατράκης,Acting,2025-03-02 01:14:54.379063+00:00,2025-03-04 07:00:03.914845+00:00
1874693,2,Saverio Raimondo,Saverio Raimondo,Acting,2025-03-02 01:14:54.379063+00:00,2025-03-04 07:00:03.914845+00:00
5443,2,Vincent Lindon,Vincent Lindon,Acting,2025-03-02 01:14:54.379063+00:00,2025-03-04 07:00:03.914845+00:00
910944,2,Bastien Bouillon,Bastien Bouillon,Acting,2025-03-02 01:14:54.379063+00:00,2025-03-04 07:00:03.914845+00:00
4406357,2,Alex Wu,吳宗修,Acting,2025-03-02 01:14:54.379063+00:00,2025-03-04 07:00:03.914845+00:00
53,2,Peter Stormare,Peter Stormare,Acting,2025-03-02 01:14:54.379063+00:00,2025-03-04 07:00:03.914845+00:00
4150979,2,Kenneth Lin,林子璿,Acting,2025-03-02 01:14:54.379063+00:00,2025-03-04 07:00:03.914845+00:00
1145385,2,Mo Tzu-Yi,莫子儀,Acting,2025-03-02 01:14:54.379063+00:00,2025-03-04 07:00:03.914845+00:00
73427,2,Ken Takakura,高倉健,Acting,2025-03-02 01:14:54.379063+00:00,2025-03-04 07:00:03.914845+00:00
3467560,2,Witthawat Rattanaboonbaramee,Witthawat Rattanaboonbaramee,Acting,2025-03-02 01:14:54.379063+00:00,2025-03-04 07:00:03.914845+00:00
2981292,2,Oleg Zagorodnii,Олег Загородній,Acting,2025-03-02 01:14:54.379063+00:00,2025-03-04 07:00:03.914845+00:00
240081,2,Choi Moo-seong,최무성,Acting,2025-03-02 01:14:54.379063+00:00,2025-03-04 07:00:03.914845+00:00
198150,2,Ike Barinholtz,Ike Barinholtz,Acting,2025-03-02 01:14:54.379063+00:00,2025-03-04 07:00:03.914845+00:00
1157417,2,Christian Sugiono,Christian Sugiono,Acting,2025-03-02 01:14:54.379063+00:00,2025-03-04 07:00:03.914845+00:00
970993,2,Zorion Eguileor,Zorion Eguileor,Acting,2025-03-02 01:14:54.379063+00:00,2025-03-04 07:00:03.914845+00:00
7077,2,Scatman Crothers,Scatman Crothers,Acting,2025-03-02 01:14:54.379063+00:00,2025-03-04 07:00:03.914845+00:00
3918497,2,Dominic Sessa,Dominic Sessa,Acting,2025-03-02 01:14:54.379063+00:00,2025-03-04 07:00:03.914845+00:00
3439869,2,Manson Cheung,Manson Cheung,Acting,2025-03-02 01:14:54.379063+00:00,2025-03-04 07:00:03.914845+00:00
110129,2,Jose Coronado,Jose Coronado,Acting,2025-03-02 01:14:54.379063+00:00,2025-03-04 07:00:03.914845+00:00
1366128,2,Tou Tsung-Hua,庹宗華,Acting,2025-03-02 01:14:54.379063+00:00,2025-03-04 07:00:03.914845+00:00
1508677,2,Léo Lorléac'h,Léo Lorléac'h,Acting,2025-03-02 01:14:54.379063+00:00,2025-03-04 07:00:03.914845+00:00
38459,2,Karl Markovics,Karl Markovics,Acting,2025-03-02 01:14:54.379063+00:00,2025-03-04 07:00:03.914845+00:00
67765,2,Lü Qi,陸奇,Acting,2025-03-02 01:14:54.379063+00:00,2025-03-04 07:00:03.914845+00:00
76913,2,Ge You,葛优,Acting,2025-03-02 01:14:54.379063+00:00,2025-03-04 07:00:03.914845+00:00
128963,2,Dave Rowntree,Dave Rowntree,Acting,2025-03-02 01:14:54.379063+00:00,2025-03-04 07:00:03.914845+00:00
3425159,2,Jarreau Benjamin,Jarreau Benjamin,Acting,2025-03-02 01:14:54.379063+00:00,2025-03-04 07:00:03.914845+00:00
1398032,2,Jin Xin,Xin Jin,Acting,2025-03-02 01:14:54.379063+00:00,2025-03-04 07:00:03.914845+00:00
12267,2,Paul Meurisse,Paul Meurisse,Acting,2025-03-02 01:14:54.379063+00:00,2025-03-04 07:00:03.914845+00:00
1206337,2,Hugh Skinner,Hugh Skinner,Acting,2025-03-02 01:14:54.379063+00:00,2025-03-04 07:00:03.914845+00:00
3879333,2,Kenzy Chou,小春,Acting,2025-03-02 01:14:54.379063+00:00,2025-03-04 07:00:03.914845+00:00
1653,2,Jean-Pierre Léaud,Jean-Pierre Léaud,Acting,2025-03-02 01:14:54.379063+00:00,2025-03-04 07:00:03.914845+00:00
3483786,2,Yann Mendy,Yann Mendy,Acting,2025-03-02 01:14:54.379063+00:00,2025-03-04 07:00:03.914845+00:00
225996,2,Hiroyuki Yoshino,吉野裕行,Acting,2025-03-02 01:14:54.379063+00:00,2025-03-04 07:00:03.914845+00:00
118350,2,Cheung Tat-Ming,張達明,Acting,2025-03-02 01:14:54.379063+00:00,2025-03-04 07:00:03.914845+00:00
1247874,2,Ryosuke Yamada,山田涼介,Acting,2025-03-02 01:14:54.379063+00:00,2025-03-04 07:00:03.914845+00:00
40535,2,Philippe de Chérisey,Philippe de Chérisey,Acting,2025-03-02 01:14:54.379063+00:00,2025-03-04 07:00:03.914845+00:00
81144,2,Micha Lescot,Micha Lescot,Acting,2025-03-02 01:14:54.379063+00:00,2025-03-04 07:00:03.914845+00:00
80365,2,Paul Rhys,Paul Rhys,Acting,2025-03-02 01:14:54.379063+00:00,2025-03-04 07:00:03.914845+00:00
1437659,2,Bahador Foladi,Bahador Foladi,Acting,2025-03-02 01:14:54.379063+00:00,2025-03-04 07:00:03.914845+00:00
227,2,William Hurt,William Hurt,Acting,2025-03-02 01:14:54.379063+00:00,2025-03-04 07:00:03.914845+00:00
2779025,2,Vincent Huang,黃文擇,Creator,2025-03-02 01:14:54.379063+00:00,2025-03-04 07:00:03.914845+00:00
3162624,0,Coba Cheng,Coba Cheng,Directing,2025-03-02 01:14:54.379063+00:00,2025-03-04 07:00:03.914845+00:00
2654953,0,Kim Hyun-tak,Kim Hyun-tak,Directing,2025-03-02 01:14:54.379063+00:00,2025-03-04 07:00:03.914845+00:00
4203491,0,Chen Yao-Hsing,Chen Yao-Hsing,Directing,2025-03-02 01:14:54.379063+00:00,2025-03-04 07:00:03.914845+00:00
1392433,1,Julia Ducournau,Julia Ducournau,Directing,2025-03-02 01:14:54.379063+00:00,2025-03-04 07:00:03.914845+00:00
1272145,1,Weawwan Hongvivatana,แวววรรณ หงษ์วิวัฒน์,Directing,2025-03-02 01:14:54.379063+00:00,2025-03-04 07:00:03.914845+00:00
1040793,1,Maryna Er Gorbach,Maryna Er Gorbach,Directing,2025-03-02 01:14:54.379063+00:00,2025-03-04 07:00:03.914845+00:00
1092607,2,Benjamin Renner,Benjamin Renner,Directing,2025-03-02 01:14:54.379063+00:00,2025-03-04 07:00:03.914845+00:00
3070248,2,Xiang Liu,Xiang Liu,Directing,2025-03-02 01:14:54.379063+00:00,2025-03-04 07:00:03.914845+00:00
1145841,2,Ramon Zürcher,Ramon Zürcher,Directing,2025-03-02 01:14:54.379063+00:00,2025-03-04 07:00:03.914845+00:00
1427205,2,Alexandre Koberidze,Alexandre Koberidze,Directing,2025-03-02 01:14:54.379063+00:00,2025-03-04 07:00:03.914845+00:00
96690,2,Rodrigo Sorogoyen,Rodrigo Sorogoyen,Directing,2025-03-02 01:14:54.379063+00:00,2025-03-04 07:00:03.914845+00:00
3695242,2,Jia-kai Wu,Jia-kai Wu,Directing,2025-03-02 01:14:54.379063+00:00,2025-03-04 07:00:03.914845+00:00
1129908,2,Rob Savage,Rob Savage,Directing,2025-03-02 01:14:54.379063+00:00,2025-03-04 07:00:03.914845+00:00
95501,2,Yasujirō Ozu,小津安二郎,Directing,2025-03-02 01:14:54.379063+00:00,2025-03-04 07:00:03.914845+00:00
1966272,2,Lin Hao-shen,Lin Hao-shen,Directing,2025-03-02 01:14:54.379063+00:00,2025-03-04 07:00:03.914845+00:00
25645,2,Hirokazu Kore-eda,是枝裕和,Directing,2025-03-02 01:14:54.379063+00:00,2025-03-04 07:00:03.914845+00:00
126784,2,Izuru Narushima,成島出,Directing,2025-03-02 01:14:54.379063+00:00,2025-03-04 07:00:03.914845+00:00
130367,2,Raymond Lee Wai-Man,李惠民,Directing,2025-03-02 01:14:54.379063+00:00,2025-03-04 07:00:03.914845+00:00
92071,2,Chris Huang,黃強華,Directing,2025-03-02 01:14:54.379063+00:00,2025-03-04 07:00:03.914845+00:00
1309565,2,Kevin Ko,Kevin Ko,Directing,2025-03-02 01:14:54.379063+00:00,2025-03-04 07:00:03.914845+00:00
20640,2,Chen Kaige,陈凯歌,Directing,2025-03-02 01:14:54.379063+00:00,2025-03-04 07:00:03.914845+00:00
114540,2,Martin Zandvliet,Martin Zandvliet,Directing,2025-03-02 01:14:54.379063+00:00,2025-03-04 07:00:03.914845+00:00
1247708,2,Tatsuya Ishihara,石原立也,Directing,2025-03-02 01:14:54.379063+00:00,2025-03-04 07:00:03.914845+00:00
1306608,2,Adam Robitel,Adam Robitel,Directing,2025-03-02 01:14:54.379063+00:00,2025-03-04 07:00:03.914845+00:00
2045568,2,Olivier Lemaire,Olivier Lemaire,Directing,2025-03-02 01:14:54.379063+00:00,2025-03-04 07:00:03.914845+00:00
1006872,2,Chang Tso-chi,Chang Tso-chi,Directing,2025-03-02 01:14:54.379063+00:00,2025-03-04 07:00:03.914845+00:00
366,2,James Mangold,James Mangold,Directing,2025-03-02 01:14:54.379063+00:00,2025-03-04 07:00:03.914845+00:00
146865,2,Kwon Hyeok-jae,권혁재,Directing,2025-03-02 01:14:54.379063+00:00,2025-03-04 07:00:03.914845+00:00
582504,2,Georgy Gitis,Georgy Gitis,Directing,2025-03-02 01:14:54.379063+00:00,2025-03-04 07:00:03.914845+00:00
2276604,2,Kethsvin Chee,Kethsvin Chee,Directing,2025-03-02 01:14:54.379063+00:00,2025-03-04 07:00:03.914845+00:00
2430413,0,Ryan Graff,Ryan Graff,Sound,2025-03-02 01:14:54.379063+00:00,2025-03-04 07:00:03.914845+00:00
11382,2,Ryuichi Sakamoto,坂本龍一,Sound,2025-03-02 01:14:54.379063+00:00,2025-03-04 07:00:03.914845+00:00
3593579,0,Kang Seung-hun,Kang Seung-hun,Visual Effects,2025-03-02 01:14:54.379063+00:00,2025-03-04 07:00:03.914845+00:00
1833672,2,Milan Uhde,Milan Uhde,Writing,2025-03-02 01:14:54.379063+00:00,2025-03-04 07:00:03.914845+00:00
1697401,2,Jeo Baby,Jeo Baby,Writing,2025-03-02 01:14:54.379063+00:00,2025-03-04 07:00:03.914845+00:00
4042892,0,Chutiya Jiarakul,Chutiya Jiarakul,Acting,2025-03-02 01:14:54.379063+00:00,2025-03-04 07:00:03.914845+00:00
3131643,0,Sirani Yankittikan,ศิราณี ญาณกิตติกานต์,Acting,2025-03-02 01:14:54.379063+00:00,2025-03-04 07:00:03.914845+00:00
150570,0,Michalis Zeke,Michalis Zeke,Acting,2025-03-02 01:14:54.379063+00:00,2025-03-04 07:00:03.914845+00:00
3984266,0,Huang Xiaoxiong,Huang Xiaoxiong,Acting,2025-03-02 01:14:54.379063+00:00,2025-03-04 07:00:03.914845+00:00
3887380,0,Deena Ezral,Deena Ezral,Acting,2025-03-02 01:14:54.379063+00:00,2025-03-04 07:00:03.914845+00:00
3252055,0,Avin Poor Raoufi,Avin Poor Raoufi,Acting,2025-03-02 01:14:54.379063+00:00,2025-03-04 07:00:03.914845+00:00
5166334,0,Parfait Vaiayinon,Parfait Vaiayinon,Acting,2025-03-02 01:14:54.379063+00:00,2025-03-04 07:00:03.914845+00:00
2552367,0,Richa Meena,Richa Meena,Acting,2025-03-02 01:14:54.379063+00:00,2025-03-04 07:00:03.914845+00:00
17486,1,Alison Pill,Alison Pill,Acting,2025-03-02 01:14:54.379063+00:00,2025-03-04 07:00:03.914845+00:00
1127076,1,Rio Yamashita,山下リオ,Acting,2025-03-02 01:14:54.379063+00:00,2025-03-04 07:00:03.914845+00:00
3888432,1,Kim Seung-yun,김승윤,Acting,2025-03-02 01:14:54.379063+00:00,2025-03-04 07:00:03.914845+00:00
3536817,1,Lucy Halliday,Lucy Halliday,Acting,2025-03-02 01:14:54.379063+00:00,2025-03-04 07:00:03.914845+00:00
2848176,1,Yuzumi Shintani,新谷ゆづみ,Acting,2025-03-02 01:14:54.379063+00:00,2025-03-04 07:00:03.914845+00:00
1724253,1,Diana Pozharskaya,Диана Пожарская,Acting,2025-03-02 01:14:54.379063+00:00,2025-03-04 07:00:03.914845+00:00
1676771,1,Samantha Scaffidi,Samantha Scaffidi,Acting,2025-03-02 01:14:54.379063+00:00,2025-03-04 07:00:03.914845+00:00
11084,1,Kelly McGillis,Kelly McGillis,Acting,2025-03-02 01:14:54.379063+00:00,2025-03-04 07:00:03.914845+00:00
1545693,1,Zazie Beetz,Zazie Beetz,Acting,2025-03-02 01:14:54.379063+00:00,2025-03-04 07:00:03.914845+00:00
72605,1,Mitsuko Baisho,倍賞美津子,Acting,2025-03-02 01:14:54.379063+00:00,2025-03-04 07:00:03.914845+00:00
4287,1,Aurélia Petit,Aurélia Petit,Acting,2025-03-02 01:14:54.379063+00:00,2025-03-04 07:00:03.914845+00:00
1256560,1,Joanne Tseng,曾之喬,Acting,2025-03-02 01:14:54.379063+00:00,2025-03-04 07:00:03.914845+00:00
3363274,1,Tamao Hirai,Tamao Hirai,Acting,2025-03-02 01:14:54.379063+00:00,2025-03-04 07:00:03.914845+00:00
1448396,1,Louise Coldefy,Louise Coldefy,Acting,2025-03-02 01:14:54.379063+00:00,2025-03-04 07:00:03.914845+00:00
1135332,1,Pornchita Na Songkhla,พรชิตา ณ สงขลา,Acting,2025-03-02 01:14:54.379063+00:00,2025-03-04 07:00:03.914845+00:00
54154,1,Anna Lizaran,Anna Lizaran,Acting,2025-03-02 01:14:54.379063+00:00,2025-03-04 07:00:03.914845+00:00
3515419,1,Frankie Corio,Frankie Corio,Acting,2025-03-02 01:14:54.379063+00:00,2025-03-04 07:00:03.914845+00:00
2042978,1,Lee Joo-young,이주영,Acting,2025-03-02 01:14:54.379063+00:00,2025-03-04 07:00:03.914845+00:00
1822117,1,Hikaru Takahashi,髙橋ひかる,Acting,2025-03-02 01:14:54.379063+00:00,2025-03-04 07:00:03.914845+00:00
18200,1,Guylaine Schlumberger,Guylaine Schlumberger,Acting,2025-03-02 01:14:54.379063+00:00,2025-03-04 07:00:03.914845+00:00
4615239,1,Namisa Mdalose,Namisa Mdalose,Acting,2025-03-02 01:14:54.379063+00:00,2025-03-04 07:00:03.914845+00:00
584544,1,Valérie Dréville,Valérie Dréville,Acting,2025-03-02 01:14:54.379063+00:00,2025-03-04 07:00:03.914845+00:00
3577758,1,Hong Ye-ji,Hong Ye-ji,Acting,2025-03-02 01:14:54.379063+00:00,2025-03-04 07:00:03.914845+00:00
2521631,1,María Cecilia Botero,María Cecilia Botero,Acting,2025-03-02 01:14:54.379063+00:00,2025-03-04 07:00:03.914845+00:00
932887,1,Mairi Hronopoulou,Μαίρη Χρονοπούλου,Acting,2025-03-02 01:14:54.379063+00:00,2025-03-04 07:00:03.914845+00:00
5588,1,Alicia Silverstone,Alicia Silverstone,Acting,2025-03-02 01:14:54.379063+00:00,2025-03-04 07:00:03.914845+00:00
35028,1,Zoe Kazan,Zoe Kazan,Acting,2025-03-02 01:14:54.379063+00:00,2025-03-04 07:00:03.914845+00:00
3046087,1,Meru Nukumi,生見愛瑠,Acting,2025-03-02 01:14:54.379063+00:00,2025-03-04 07:00:03.914845+00:00
1314561,1,Snježana Sinovčić,Snježana Sinovčić,Acting,2025-03-02 01:14:54.379063+00:00,2025-03-04 07:00:03.914845+00:00
229606,1,Monica Dolan,Monica Dolan,Acting,2025-03-02 01:14:54.379063+00:00,2025-03-04 07:00:03.914845+00:00
2447100,1,Alicia Hava,Alicia Hava,Acting,2025-03-02 01:14:54.379063+00:00,2025-03-04 07:00:03.914845+00:00
236639,1,Françoise Lebrun,Françoise Lebrun,Acting,2025-03-02 01:14:54.379063+00:00,2025-03-04 07:00:03.914845+00:00
19,1,Allison Janney,Allison Janney,Acting,2025-03-02 01:14:54.379063+00:00,2025-03-04 07:00:03.914845+00:00
6161,1,Jennifer Connelly,Jennifer Connelly,Acting,2025-03-02 01:14:54.379063+00:00,2025-03-04 07:00:03.914845+00:00
2131509,1,Cherprang Areekul,เฌอปราง อารีย์กุล,Acting,2025-03-02 01:14:54.379063+00:00,2025-03-04 07:00:03.914845+00:00
2326723,1,Oona Roche,Oona Roche,Acting,2025-03-02 01:14:54.379063+00:00,2025-03-04 07:00:03.914845+00:00
5034304,1,Son Eun-ho,손은호,Acting,2025-03-02 01:14:54.379063+00:00,2025-03-04 07:00:03.914845+00:00
2817795,1,Shanna Keil,Shanna Keil,Acting,2025-03-02 01:14:54.379063+00:00,2025-03-04 07:00:03.914845+00:00
16173,1,Belinda Balaski,Belinda Balaski,Acting,2025-03-02 01:14:54.379063+00:00,2025-03-04 07:00:03.914845+00:00
2328786,1,Sara Ciocca,Sara Ciocca,Acting,2025-03-02 01:14:54.379063+00:00,2025-03-04 07:00:03.914845+00:00
9711,1,Maaya Sakamoto,坂本真綾,Acting,2025-03-02 01:14:54.379063+00:00,2025-03-04 07:00:03.914845+00:00
1247771,1,Yuka Terasaki,寺崎裕香,Acting,2025-03-02 01:14:54.379063+00:00,2025-03-04 07:00:03.914845+00:00
2230932,1,Passaranan Ussadamongkol,ภัสรนันท์ อัษฎมงคล,Acting,2025-03-02 01:14:54.379063+00:00,2025-03-04 07:00:03.914845+00:00
1330917,1,Krystal Jung,정수정,Acting,2025-03-02 01:14:54.379063+00:00,2025-03-04 07:00:03.914845+00:00
3279626,1,Haruna Mikawa,三川華月,Acting,2025-03-02 01:14:54.379063+00:00,2025-03-04 07:00:03.914845+00:00
114254,1,Verónica Echegui,Verónica Echegui,Acting,2025-03-02 01:14:54.379063+00:00,2025-03-04 07:00:03.914845+00:00
1376104,1,Chen Xiaoyi,陳小藝,Acting,2025-03-02 01:14:54.379063+00:00,2025-03-04 07:00:03.914845+00:00
102222,1,Carmen Machi,Carmen Machi,Acting,2025-03-02 01:14:54.379063+00:00,2025-03-04 07:00:03.914845+00:00
2010193,1,Tomoko Ikuta,生田智子,Acting,2025-03-02 01:14:54.379063+00:00,2025-03-04 07:00:03.914845+00:00
2866582,1,DaYuan Lin,林艾璇,Acting,2025-03-02 01:14:54.379063+00:00,2025-03-04 07:00:03.914845+00:00
3144130,1,Akari Takaishi,髙石あかり,Acting,2025-03-02 01:14:54.379063+00:00,2025-03-04 07:00:03.914845+00:00
586757,1,Adèle Exarchopoulos,Adèle Exarchopoulos,Acting,2025-03-02 01:14:54.379063+00:00,2025-03-04 07:00:03.914845+00:00
2201315,1,Emma Mackey,Emma Mackey,Acting,2025-03-02 01:14:54.379063+00:00,2025-03-04 07:00:03.914845+00:00
3944990,1,Yui Tsukada,塚田悠衣,Acting,2025-03-02 01:14:54.379063+00:00,2025-03-04 07:00:03.914845+00:00
74421,1,Song Hye-kyo,송혜교,Acting,2025-03-02 01:14:54.379063+00:00,2025-03-04 07:00:03.914845+00:00
2051447,1,Nimura Sawa,仁村紗和,Acting,2025-03-02 01:14:54.379063+00:00,2025-03-04 07:00:03.914845+00:00
3322369,1,Sophie Kauer,Sophie Kauer,Acting,2025-03-02 01:14:54.379063+00:00,2025-03-04 07:00:03.914845+00:00
1221217,1,Anne-Sophie Mutter,Anne-Sophie Mutter,Acting,2025-03-02 01:14:54.379063+00:00,2025-03-04 07:00:03.914845+00:00
2405,1,Audrey Tautou,Audrey Tautou,Acting,2025-03-02 01:14:54.379063+00:00,2025-03-04 07:00:03.914845+00:00
145245,1,Caitlin Stasey,Caitlin Stasey,Acting,2025-03-02 01:14:54.379063+00:00,2025-03-04 07:00:03.914845+00:00
1697975,1,Christina Mok,Christina Mok,Acting,2025-03-02 01:14:54.379063+00:00,2025-03-04 07:00:03.914845+00:00
1756186,1,Yoon Ah-young,윤아영,Acting,2025-03-02 01:14:54.379063+00:00,2025-03-04 07:00:03.914845+00:00
2791233,1,Go Youn-jung,고윤정,Acting,2025-03-02 01:14:54.379063+00:00,2025-03-04 07:00:03.914845+00:00
1683343,1,Cailee Spaeny,Cailee Spaeny,Acting,2025-03-02 01:14:54.379063+00:00,2025-03-04 07:00:03.914845+00:00
119592,1,Aubrey Plaza,Aubrey Plaza,Acting,2025-03-02 01:14:54.379063+00:00,2025-03-04 07:00:03.914845+00:00
291263,2,Jordan Peele,Jordan Peele,Acting,2025-03-02 09:35:42.269341+00:00,2025-03-04 07:00:03.914845+00:00
148370,2,Reino Nordin,Reino Nordin,Acting,2025-03-02 01:14:54.379063+00:00,2025-03-04 07:00:03.914845+00:00
4324062,2,José Luis Mediavilla,José Luis Mediavilla,Acting,2025-03-02 01:14:54.379063+00:00,2025-03-04 07:00:03.914845+00:00
2174509,2,Mason Gooding,Mason Gooding,Acting,2025-03-02 01:14:54.379063+00:00,2025-03-04 07:00:03.914845+00:00
973651,2,Billy Eichner,Billy Eichner,Acting,2025-03-02 01:14:54.379063+00:00,2025-03-04 07:00:03.914845+00:00
233590,2,Yoshitsugu Matsuoka,松岡禎丞,Acting,2025-03-02 01:14:54.379063+00:00,2025-03-04 07:00:03.914845+00:00
1959159,2,Emil Algpeus,Emil Algpeus,Acting,2025-03-02 01:14:54.379063+00:00,2025-03-04 07:00:03.914845+00:00
52374,2,Bruce Davison,Bruce Davison,Acting,2025-03-02 01:14:54.379063+00:00,2025-03-04 07:00:03.914845+00:00
1868413,2,Greg Hsu,許光漢,Acting,2025-03-02 01:14:54.379063+00:00,2025-03-04 07:00:03.914845+00:00
1897260,2,Hoshi,호시,Acting,2025-03-02 01:14:54.379063+00:00,2025-03-04 07:00:03.914845+00:00
3898096,2,Hong-Chih Kuo,郭泓志,Acting,2025-03-02 01:14:54.379063+00:00,2025-03-04 07:00:03.914845+00:00
3663044,2,Fio Wang,Fio Wang,Acting,2025-03-02 01:14:54.379063+00:00,2025-03-04 07:00:03.914845+00:00
36632,2,Juan Diego Botto,Juan Diego Botto,Acting,2025-03-02 01:14:54.379063+00:00,2025-03-04 07:00:03.914845+00:00
2167715,2,Zhenghui Ling,Zhenghui Ling,Acting,2025-03-02 01:14:54.379063+00:00,2025-03-04 07:00:03.914845+00:00
128075,2,Armando Marra,Armando Marra,Acting,2025-03-02 01:14:54.379063+00:00,2025-03-04 07:00:03.914845+00:00
1024395,2,Don Lee,마동석,Acting,2025-03-02 01:14:54.379063+00:00,2025-03-04 07:00:03.914845+00:00
2865949,2,Sam Tseng,曾國城,Acting,2025-03-02 01:14:54.379063+00:00,2025-03-04 07:00:03.914845+00:00
1167055,2,Makita Samba,Makita Samba,Acting,2025-03-02 01:14:54.379063+00:00,2025-03-04 07:00:03.914845+00:00
1136406,2,Tom Holland,Tom Holland,Acting,2025-03-02 01:14:54.379063+00:00,2025-03-04 07:00:03.914845+00:00
9705,2,Takahiro Sakurai,櫻井孝宏,Acting,2025-03-02 01:14:54.379063+00:00,2025-03-04 07:00:03.914845+00:00
13242,2,Paul Giamatti,Paul Giamatti,Acting,2025-03-02 01:14:54.379063+00:00,2025-03-04 07:00:03.914845+00:00
90161,2,Tomomitsu Yamaguchi,山口智充,Acting,2025-03-02 01:14:54.379063+00:00,2025-03-04 07:00:03.914845+00:00
58873,2,Dan Fogler,Dan Fogler,Acting,2025-03-02 01:14:54.379063+00:00,2025-03-04 07:00:03.914845+00:00
3003147,2,Moon You-kang,문유강,Acting,2025-03-02 01:14:54.379063+00:00,2025-03-04 07:00:03.914845+00:00
2167981,2,Ryota Bando,坂東龍汰,Acting,2025-03-02 01:14:54.379063+00:00,2025-03-04 07:00:03.914845+00:00
6807,2,Sam Rockwell,Sam Rockwell,Acting,2025-03-02 01:14:54.379063+00:00,2025-03-04 07:00:03.914845+00:00
1760946,2,Ryusei Fujii,藤井流星,Acting,2025-03-02 01:14:54.379063+00:00,2025-03-04 07:00:03.914845+00:00
2240033,2,Im Sung-jae,임성재,Acting,2025-03-02 01:14:54.379063+00:00,2025-03-04 07:00:03.914845+00:00
13548,2,James Spader,James Spader,Acting,2025-03-02 01:14:54.379063+00:00,2025-03-04 07:00:03.914845+00:00
2886522,2,Jatuporn Dangurai,Jay Jatuporn Dangurai,Acting,2025-03-02 01:14:54.379063+00:00,2025-03-04 07:00:03.914845+00:00
112477,2,Christopher Lee Ming-Shun,李銘順,Acting,2025-03-02 01:14:54.379063+00:00,2025-03-04 07:00:03.914845+00:00
862,2,George C. Scott,George C. Scott,Acting,2025-03-02 01:14:54.379063+00:00,2025-03-04 07:00:03.914845+00:00
25147,2,Tony Hale,Tony Hale,Acting,2025-03-02 01:14:54.379063+00:00,2025-03-04 07:00:03.914845+00:00
3653832,2,Hideyoshi Kan,簡秀吉,Acting,2025-03-02 01:14:54.379063+00:00,2025-03-04 07:00:03.914845+00:00
3351429,2,Luke Busey,Luke Busey,Acting,2025-03-02 01:14:54.379063+00:00,2025-03-04 07:00:03.914845+00:00
558003,2,András Hatházi,András Hatházi,Acting,2025-03-02 01:14:54.379063+00:00,2025-03-04 07:00:03.914845+00:00
3033369,2,Damien Teo,Damien Teo,Acting,2025-03-02 01:14:54.379063+00:00,2025-03-04 07:00:03.914845+00:00
3896219,2,Dong Baoshi,Dong BaoShi,Acting,2025-03-02 01:14:54.379063+00:00,2025-03-04 07:00:03.914845+00:00
3933497,2,Han Do-woo,한도우,Acting,2025-03-02 01:14:54.379063+00:00,2025-03-04 07:00:03.914845+00:00
1333031,2,Gong Myeong,공명,Acting,2025-03-02 01:14:54.379063+00:00,2025-03-04 07:00:03.914845+00:00
68562,2,Jan Lam Hoi-Fung,Jan Lam Hoi-Fung,Acting,2025-03-02 01:14:54.379063+00:00,2025-03-04 07:00:03.914845+00:00
2095812,2,Muhammad Khan,Muhammad Khan,Acting,2025-03-02 01:14:54.379063+00:00,2025-03-04 07:00:03.914845+00:00
2318361,2,Takuya Matsunaga,Takuya Matsunaga,Acting,2025-03-02 01:14:54.379063+00:00,2025-03-04 07:00:03.914845+00:00
20442,2,Roschdy Zem,Roschdy Zem,Acting,2025-03-02 01:14:54.379063+00:00,2025-03-04 07:00:03.914845+00:00
1341458,2,Zhan Huai-yun,詹懷雲,Acting,2025-03-02 01:14:54.379063+00:00,2025-03-04 07:00:03.914845+00:00
129419,2,Richard Zeman,Richard Zeman,Acting,2025-03-02 01:14:54.379063+00:00,2025-03-04 07:00:03.914845+00:00
1254583,2,Jamie Dornan,Jamie Dornan,Acting,2025-03-02 01:14:54.379063+00:00,2025-03-04 07:00:03.914845+00:00
7830,2,Heiner Lauterbach,Heiner Lauterbach,Acting,2025-03-02 01:14:54.379063+00:00,2025-03-04 07:00:03.914845+00:00
572182,2,Jeon No-min,전노민,Acting,2025-03-02 01:14:54.379063+00:00,2025-03-04 07:00:03.914845+00:00
1152019,2,Ashton Sanders,Ashton Sanders,Acting,2025-03-02 01:14:54.379063+00:00,2025-03-04 07:00:03.914845+00:00
3663046,2,Angus Hsieh,Angus Hsieh,Acting,2025-03-02 01:14:54.379063+00:00,2025-03-04 07:00:03.914845+00:00
584143,2,Yukiyoshi Ozawa,小澤征悦,Acting,2025-03-02 01:14:54.379063+00:00,2025-03-04 07:00:03.914845+00:00
2326151,2,Paul Mescal,Paul Mescal,Acting,2025-03-02 01:14:54.379063+00:00,2025-03-04 07:00:03.914845+00:00
20654,2,Liu Ye,刘烨,Acting,2025-03-02 01:14:54.379063+00:00,2025-03-04 07:00:03.914845+00:00
3843319,2,Jun Saitō,齋藤潤,Acting,2025-03-02 01:14:54.379063+00:00,2025-03-04 07:00:03.914845+00:00
17497,2,Romain Duris,Romain Duris,Acting,2025-03-02 01:14:54.379063+00:00,2025-03-04 07:00:03.914845+00:00
2955382,2,Hsiu-Fu Liu,Hsiu-Fu Liu,Acting,2025-03-02 01:14:54.379063+00:00,2025-03-04 07:00:03.914845+00:00
1554174,2,Tan Chih-Kang,譚至剛,Acting,2025-03-02 01:14:54.379063+00:00,2025-03-04 07:00:03.914845+00:00
2532098,2,Javon Walton,Javon Walton,Acting,2025-03-02 01:14:54.379063+00:00,2025-03-04 07:00:03.914845+00:00
21246,2,Corbin Bernsen,Corbin Bernsen,Acting,2025-03-02 01:14:54.379063+00:00,2025-03-04 07:00:03.914845+00:00
65986,2,David Chiang Da-Wei,姜大衛,Acting,2025-03-02 01:14:54.379063+00:00,2025-03-04 07:00:03.914845+00:00
1127066,2,Mantaro Koichi,小市慢太郎,Acting,2025-03-02 01:14:54.379063+00:00,2025-03-04 07:00:03.914845+00:00
1779883,0,Noel Cleary,Noel Cleary,Crew,2025-03-02 01:14:54.379063+00:00,2025-03-04 07:00:03.914845+00:00
2860036,0,Ray Chin,Ray Chin,Crew,2025-03-02 01:14:54.379063+00:00,2025-03-04 07:00:03.914845+00:00
1149204,0,Jasmine Ching-Hui Lee,Jasmine Ching-Hui Lee,Directing,2025-03-02 01:14:54.379063+00:00,2025-03-04 07:00:03.914845+00:00
2132020,0,Im Jin-soon,Im Jin-soon,Directing,2025-03-02 01:14:54.379063+00:00,2025-03-04 07:00:03.914845+00:00
2000530,0,Che-Hsien Su,Che-Hsien Su,Directing,2025-03-02 01:14:54.379063+00:00,2025-03-04 07:00:03.914845+00:00
222686,1,Mia Hansen-Løve,Mia Hansen-Løve,Directing,2025-03-02 01:14:54.379063+00:00,2025-03-04 07:00:03.914845+00:00
2240093,1,Lok Kwan Woo,Lok Kwan Woo,Directing,2025-03-02 01:14:54.379063+00:00,2025-03-04 07:00:03.914845+00:00
1674275,1,Georgia Oakley,Georgia Oakley,Directing,2025-03-02 01:14:54.379063+00:00,2025-03-04 07:00:03.914845+00:00
6295,1,Catherine Breillat,Catherine Breillat,Directing,2025-03-02 01:14:54.379063+00:00,2025-03-04 07:00:03.914845+00:00
1680263,1,Maryam Touzani,Maryam Touzani,Directing,2025-03-02 01:14:54.379063+00:00,2025-03-04 07:00:03.914845+00:00
95575,1,Gita Pullapilly,Gita Pullapilly,Directing,2025-03-02 01:14:54.379063+00:00,2025-03-04 07:00:03.914845+00:00
231431,2,Thomas Lilti,Thomas Lilti,Directing,2025-03-02 01:14:54.379063+00:00,2025-03-04 07:00:03.914845+00:00
1293710,2,Lee Hae-young,이해영,Directing,2025-03-02 01:14:54.379063+00:00,2025-03-04 07:00:03.914845+00:00
225160,2,Paolo Genovese,Paolo Genovese,Directing,2025-03-02 01:14:54.379063+00:00,2025-03-04 07:00:03.914845+00:00
17282,2,Takashi Miike,三池崇史,Directing,2025-03-02 01:14:54.379063+00:00,2025-03-04 07:00:03.914845+00:00
109191,2,Hiroyuki Imaishi,今石洋之,Directing,2025-03-02 01:14:54.379063+00:00,2025-03-04 07:00:03.914845+00:00
4436675,2,Inrasothythep Neth,Inrasothythep Neth,Directing,2025-03-02 01:14:54.379063+00:00,2025-03-04 07:00:03.914845+00:00
1285153,2,Welket Bungué,Welket Bungué,Directing,2025-03-02 01:14:54.379063+00:00,2025-03-04 07:00:03.914845+00:00
141503,2,David Lam Tak-Luk,林德禄,Directing,2025-03-02 01:14:54.379063+00:00,2025-03-04 07:00:03.914845+00:00
37538,2,Matti Geschonneck,Matti Geschonneck,Directing,2025-03-02 01:14:54.379063+00:00,2025-03-04 07:00:03.914845+00:00
565827,2,Bhandit Thongdee,Bhandit Thongdee,Directing,2025-03-02 01:14:54.379063+00:00,2025-03-04 07:00:03.914845+00:00
240777,2,Tatsuyuki Tanaka,田中達之,Directing,2025-03-02 01:14:54.379063+00:00,2025-03-04 07:00:03.914845+00:00
2189115,2,Kim Kyoung-won,Kim Kyoung-won,Directing,2025-03-02 01:14:54.379063+00:00,2025-03-04 07:00:03.914845+00:00
66212,2,Timo Vuorensola,Timo Vuorensola,Directing,2025-03-02 01:14:54.379063+00:00,2025-03-04 07:00:03.914845+00:00
84998,2,Kwak Kyung-taek,곽경택,Directing,2025-03-02 01:14:54.379063+00:00,2025-03-04 07:00:03.914845+00:00
127926,2,Hsiao Ya-chuan,蕭雅全,Directing,2025-03-02 01:14:54.379063+00:00,2025-03-04 07:00:03.914845+00:00
1139619,2,Eduardo Williams,Eduardo Williams,Directing,2025-03-02 01:14:54.379063+00:00,2025-03-04 07:00:03.914845+00:00
16137,2,Kenji Kamiyama,神山健治,Directing,2025-03-02 01:14:54.379063+00:00,2025-03-04 07:00:03.914845+00:00
96861,2,Stanley Kwan Kam-Pang,關錦鵬,Directing,2025-03-02 01:14:54.379063+00:00,2025-03-04 07:00:03.914845+00:00
357,2,Hany Abu-Assad,Hany Abu-Assad,Directing,2025-03-02 01:14:54.379063+00:00,2025-03-04 07:00:03.914845+00:00
3756671,2,Hsin-Che Cheng,Hsin-Che Cheng,Directing,2025-03-02 01:14:54.379063+00:00,2025-03-04 07:00:03.914845+00:00
1530279,2,Toshifumi Akai,赤井俊文,Visual Effects,2025-03-02 01:14:54.379063+00:00,2025-03-04 07:00:03.914845+00:00
2409498,0,Guillermo Lockhart,Guillermo Lockhart,Writing,2025-03-02 01:14:54.379063+00:00,2025-03-04 07:00:03.914845+00:00
1906560,2,Raj B Shetty,Raj B Shetty,Writing,2025-03-02 01:14:54.379063+00:00,2025-03-04 07:00:03.914845+00:00
61411,2,Mark Dindal,Mark Dindal,Writing,2025-03-02 01:14:54.379063+00:00,2025-03-04 07:00:03.914845+00:00
225880,2,Paolo Costella,Paolo Costella,Writing,2025-03-02 01:14:54.379063+00:00,2025-03-04 07:00:03.914845+00:00
20789,2,Claude Sautet,Claude Sautet,Writing,2025-03-02 01:14:54.379063+00:00,2025-03-04 07:00:03.914845+00:00
3463767,0,Wang Jianmin,Wang Jianmin,Acting,2025-03-02 01:14:54.379063+00:00,2025-03-04 07:00:03.914845+00:00
3255180,0,Alicia Lobo,Alicia Lobo,Acting,2025-03-02 01:14:54.379063+00:00,2025-03-04 07:00:03.914845+00:00
3638179,0,Tatiana Eva-Marie,Tatiana Eva-Marie,Acting,2025-03-02 01:14:54.379063+00:00,2025-03-04 07:00:03.914845+00:00
2041126,0,Rima Thanh Vy,Rima Thanh Vy,Acting,2025-03-02 09:35:42.269341+00:00,2025-03-04 07:00:03.914845+00:00
1180477,0,Clémentine Baert,Clémentine Baert,Acting,2025-03-02 01:14:54.379063+00:00,2025-03-04 07:00:03.914845+00:00
3403884,0,Andy Gorostiaga,Andy Gorostiaga,Acting,2025-03-02 01:14:54.379063+00:00,2025-03-04 07:00:03.914845+00:00
3224245,0,Amanda Goldsmith,Amanda Goldsmith,Acting,2025-03-02 01:14:54.379063+00:00,2025-03-04 07:00:03.914845+00:00
4256296,0,Sabine Berlière,Sabine Berlière,Acting,2025-03-02 01:14:54.379063+00:00,2025-03-04 07:00:03.914845+00:00
46239,1,Eiko Matsuda,松田暎子,Acting,2025-03-02 01:14:54.379063+00:00,2025-03-04 07:00:03.914845+00:00
6885,1,Charlize Theron,Charlize Theron,Acting,2025-03-02 01:14:54.379063+00:00,2025-03-04 07:00:03.914845+00:00
1720041,1,Isabella Gómez,Isabella Gómez,Acting,2025-03-02 01:14:54.379063+00:00,2025-03-04 07:00:03.914845+00:00
939135,1,Park Hyo-ju,박효주,Acting,2025-03-02 01:14:54.379063+00:00,2025-03-04 07:00:03.914845+00:00
2859560,1,Annie Nguyen,Nguyễn Ngọc Anh,Acting,2025-03-02 01:14:54.379063+00:00,2025-03-04 07:00:03.914845+00:00
97192,1,Martha Issová,Martha Issová,Acting,2025-03-02 01:14:54.379063+00:00,2025-03-04 07:00:03.914845+00:00
228714,1,Ana Girardot,Ana Girardot,Acting,2025-03-02 01:14:54.379063+00:00,2025-03-04 07:00:03.914845+00:00
1686837,1,Lina El Arabi,Lina El Arabi,Acting,2025-03-02 01:14:54.379063+00:00,2025-03-04 07:00:03.914845+00:00
1128106,1,Kim Hyang-gi,김향기,Acting,2025-03-02 01:14:54.379063+00:00,2025-03-04 07:00:03.914845+00:00
2407989,1,Maria Sashide,指出毬亜,Acting,2025-03-02 01:14:54.379063+00:00,2025-03-04 07:00:03.914845+00:00
2984010,1,Pyper Braun,Pyper Braun,Acting,2025-03-02 01:14:54.379063+00:00,2025-03-04 07:00:03.914845+00:00
1296186,1,Carrie Crowley,Carrie Crowley,Acting,2025-03-02 01:14:54.379063+00:00,2025-03-04 07:00:03.914845+00:00
85672,1,Shabana Azmi,शबाना आज़मी,Acting,2025-03-02 01:14:54.379063+00:00,2025-03-04 07:00:03.914845+00:00
1905279,1,Laetitia Isambert,Laetitia Isambert,Acting,2025-03-02 01:14:54.379063+00:00,2025-03-04 07:00:03.914845+00:00
1369137,1,Mitsuki Takahata,高畑充希,Acting,2025-03-02 01:14:54.379063+00:00,2025-03-04 07:00:03.914845+00:00
4778290,1,Gong-Wei Chen,陳龔葳,Acting,2025-03-02 01:14:54.379063+00:00,2025-03-04 07:00:03.914845+00:00
90569,1,Yuko Minaguchi,皆口裕子,Acting,2025-03-02 01:14:54.379063+00:00,2025-03-04 07:00:03.914845+00:00
130640,1,Hailee Steinfeld,Hailee Steinfeld,Acting,2025-03-02 01:14:54.379063+00:00,2025-03-04 07:00:03.914845+00:00
1749240,1,Saya Chang,Saya Chang,Acting,2025-03-02 01:14:54.379063+00:00,2025-03-04 07:00:03.914845+00:00
238974,1,Lu Hsiao-Fen,Lu Hsiao-Fen,Acting,2025-03-02 01:14:54.379063+00:00,2025-03-04 07:00:03.914845+00:00
131343,1,Mei Ting,梅婷,Acting,2025-03-02 01:14:54.379063+00:00,2025-03-04 07:00:03.914845+00:00
3608812,1,Kazumi,Kazumi,Acting,2025-03-02 01:14:54.379063+00:00,2025-03-04 07:00:03.914845+00:00
1254671,1,Ai Kayano,茅野愛衣,Acting,2025-03-02 01:14:54.379063+00:00,2025-03-04 07:00:03.914845+00:00
82423,1,Veerle Baetens,Veerle Baetens,Acting,2025-03-02 01:14:54.379063+00:00,2025-03-04 07:00:03.914845+00:00
5016394,1,Soraya Orang,Soraya Orang,Acting,2025-03-02 01:14:54.379063+00:00,2025-03-04 07:00:03.914845+00:00
3171312,1,Kōki,"Kōki,",Acting,2025-03-02 01:14:54.379063+00:00,2025-03-04 07:00:03.914845+00:00
42601,1,Brid Brennan,Brid Brennan,Acting,2025-03-02 01:14:54.379063+00:00,2025-03-04 07:00:03.914845+00:00
86034,1,Julianne Nicholson,Julianne Nicholson,Acting,2025-03-02 01:14:54.379063+00:00,2025-03-04 07:00:03.914845+00:00
1256099,1,Ozaki Mami,尾崎真実,Acting,2025-03-02 01:14:54.379063+00:00,2025-03-04 07:00:03.914845+00:00
89822,1,Tuppence Middleton,Tuppence Middleton,Acting,2025-03-02 01:14:54.379063+00:00,2025-03-04 07:00:03.914845+00:00
1157126,1,Emiri Kato,加藤英美里,Acting,2025-03-02 01:14:54.379063+00:00,2025-03-04 07:00:03.914845+00:00
2973328,1,Joséphine Sanz,Joséphine Sanz,Acting,2025-03-02 01:14:54.379063+00:00,2025-03-04 07:00:03.914845+00:00
2125189,1,Nanami Hidaka,日高七海,Acting,2025-03-02 01:14:54.379063+00:00,2025-03-04 07:00:03.914845+00:00
1259381,1,Nittha Jirayungyurn,นิษฐา จิรยั่งยืน,Acting,2025-03-02 01:14:54.379063+00:00,2025-03-04 07:00:03.914845+00:00
1836704,1,Kate Nic Chonaonaigh,Kate Nic Chonaonaigh,Acting,2025-03-02 01:14:54.379063+00:00,2025-03-04 07:00:03.914845+00:00
25346,1,Éva Darlan,Éva Darlan,Acting,2025-03-02 01:14:54.379063+00:00,2025-03-04 07:00:03.914845+00:00
8332,1,Laurie Holden,Laurie Holden,Acting,2025-03-02 01:14:54.379063+00:00,2025-03-04 07:00:03.914845+00:00
25540,1,Sandra Oh,Sandra Oh,Acting,2025-03-02 01:14:54.379063+00:00,2025-03-04 07:00:03.914845+00:00
128224,1,Lidia Vitale,Lidia Vitale,Acting,2025-03-02 01:14:54.379063+00:00,2025-03-04 07:00:03.914845+00:00
79461,1,Shihori Kanjiya,貫地谷しほり,Acting,2025-03-02 01:14:54.379063+00:00,2025-03-04 07:00:03.914845+00:00
2664731,1,Suzanne Lindon,Suzanne Lindon,Acting,2025-03-02 01:14:54.379063+00:00,2025-03-04 07:00:03.914845+00:00
1916568,1,Lutesha,Lutesha,Acting,2025-03-02 01:14:54.379063+00:00,2025-03-04 07:00:03.914845+00:00
14061,1,Jacqueline Bisset,Jacqueline Bisset,Acting,2025-03-02 01:14:54.379063+00:00,2025-03-04 07:00:03.914845+00:00
6832,1,Melissa Leo,Melissa Leo,Acting,2025-03-02 01:14:54.379063+00:00,2025-03-04 07:00:03.914845+00:00
1168909,1,Nao Toyama,東山奈央,Acting,2025-03-02 01:14:54.379063+00:00,2025-03-04 07:00:03.914845+00:00
20234,1,Fanny Ardant,Fanny Ardant,Acting,2025-03-02 01:14:54.379063+00:00,2025-03-04 07:00:03.914845+00:00
2728596,1,Nat Buchanan,Nat Buchanan,Acting,2025-03-02 01:14:54.379063+00:00,2025-03-04 07:00:03.914845+00:00
1175258,1,Valérie Boisgel,Valérie Boisgel,Acting,2025-03-02 01:14:54.379063+00:00,2025-03-04 07:00:03.914845+00:00
18219,1,Sabine Haudepin,Sabine Haudepin,Acting,2025-03-02 01:14:54.379063+00:00,2025-03-04 07:00:03.914845+00:00
1695085,1,Hsiao-Fei Yeh,Hsiao-Fei Yeh,Acting,2025-03-02 01:14:54.379063+00:00,2025-03-04 07:00:03.914845+00:00
4142265,1,Mikuri Kiyoya,Mikuri Kiyota,Acting,2025-03-02 01:14:54.379063+00:00,2025-03-04 07:00:03.914845+00:00
81840,2,Adeel Akhtar,Adeel Akhtar,Acting,2025-03-02 01:14:54.379063+00:00,2025-03-04 07:00:03.914845+00:00
2112788,2,Arya Saloka,Arya Saloka,Acting,2025-03-02 01:14:54.379063+00:00,2025-03-04 07:00:03.914845+00:00
1070855,2,Peter Brooke,Peter Brooke,Acting,2025-03-02 01:14:54.379063+00:00,2025-03-04 07:00:03.914845+00:00
1622,2,Chang Chen,張震,Acting,2025-03-02 01:14:54.379063+00:00,2025-03-04 07:00:03.914845+00:00
118489,2,Walt Dohrn,Walt Dohrn,Acting,2025-03-02 01:14:54.379063+00:00,2025-03-04 07:00:03.914845+00:00
512991,2,Richard Madden,Richard Madden,Acting,2025-03-02 01:14:54.379063+00:00,2025-03-04 07:00:03.914845+00:00
57171,2,Jesse Metcalfe,Jesse Metcalfe,Acting,2025-03-02 01:14:54.379063+00:00,2025-03-04 07:00:03.914845+00:00
3882419,2,Kuixing Teng,Kuixing Teng,Acting,2025-03-02 01:14:54.379063+00:00,2025-03-04 07:00:03.914845+00:00
10727,2,John Hannah,John Hannah,Acting,2025-03-02 01:14:54.379063+00:00,2025-03-04 07:00:03.914845+00:00
554052,2,Ken Shimura,志村けん,Acting,2025-03-02 01:14:54.379063+00:00,2025-03-04 07:00:03.914845+00:00
9762,2,Jean Sorel,Jean Sorel,Acting,2025-03-02 01:14:54.379063+00:00,2025-03-04 07:00:03.914845+00:00
3353541,2,Shou Lou,婁峻碩,Acting,2025-03-02 01:14:54.379063+00:00,2025-03-04 07:00:03.914845+00:00
552563,2,Yukiya Kitamura,北村有起哉,Acting,2025-03-02 01:14:54.379063+00:00,2025-03-04 07:00:03.914845+00:00
3629486,2,Nikolai Leon,Nikolai Leon,Acting,2025-03-02 01:14:54.379063+00:00,2025-03-04 07:00:03.914845+00:00
1509834,2,Ryutaro Yamasaki,山崎竜太郎,Acting,2025-03-02 01:14:54.379063+00:00,2025-03-04 07:00:03.914845+00:00
141548,2,Lee Sung-min,이성민,Acting,2025-03-02 01:14:54.379063+00:00,2025-03-04 07:00:03.914845+00:00
3077898,2,Iori Wada,和田庵,Acting,2025-03-02 01:14:54.379063+00:00,2025-03-04 07:00:03.914845+00:00
25246,2,Andy Lau Tak-Wah,劉德華,Acting,2025-03-02 01:14:54.379063+00:00,2025-03-04 07:00:03.914845+00:00
1347519,2,Jeong Jin-woon,정진운,Acting,2025-03-02 01:14:54.379063+00:00,2025-03-04 07:00:03.914845+00:00
1639988,2,Stéphane Varupenne,Stéphane Varupenne,Acting,2025-03-02 01:14:54.379063+00:00,2025-03-04 07:00:03.914845+00:00
1668193,2,Riku Hagiwara,萩原利久,Acting,2025-03-02 01:14:54.379063+00:00,2025-03-04 07:00:03.914845+00:00
1125,2,Ewen Bremner,Ewen Bremner,Acting,2025-03-02 01:14:54.379063+00:00,2025-03-04 07:00:03.914845+00:00
2963,2,Nicolas Cage,Nicolas Cage,Acting,2025-03-02 01:14:54.379063+00:00,2025-03-04 07:00:03.914845+00:00
65262,2,Lawrence Chou Chun-Wai,周俊偉,Acting,2025-03-02 01:14:54.379063+00:00,2025-03-04 07:00:03.914845+00:00
17288,2,Michael Fassbender,Michael Fassbender,Acting,2025-03-02 01:14:54.379063+00:00,2025-03-04 07:00:03.914845+00:00
135524,2,Kenjiro Tsuda,津田健次郎,Acting,2025-03-02 01:14:54.379063+00:00,2025-03-04 07:00:03.914845+00:00
116088,2,Logan Miller,Logan Miller,Acting,2025-03-02 01:14:54.379063+00:00,2025-03-04 07:00:03.914845+00:00
111639,2,Tasuku Emoto,柄本佑,Acting,2025-03-02 01:14:54.379063+00:00,2025-03-04 07:00:03.914845+00:00
1553327,2,Igor van Dessel,Igor van Dessel,Acting,2025-03-02 01:14:54.379063+00:00,2025-03-04 07:00:03.914845+00:00
450,2,Mike Colter,Mike Colter,Acting,2025-03-02 01:14:54.379063+00:00,2025-03-04 07:00:03.914845+00:00
2143567,2,Kazuma Kawamura,川村壱馬,Acting,2025-03-02 01:14:54.379063+00:00,2025-03-04 07:00:03.914845+00:00
3661746,2,Hinata Hiiragi,柊木陽太,Acting,2025-03-02 01:14:54.379063+00:00,2025-03-04 07:00:03.914845+00:00
2419617,2,Jourdy Pranata,Jourdy Pranata,Acting,2025-03-02 01:14:54.379063+00:00,2025-03-04 07:00:03.914845+00:00
18778,2,Jean Poiret,Jean Poiret,Acting,2025-03-02 01:14:54.379063+00:00,2025-03-04 07:00:03.914845+00:00
492791,2,Ali Fazal,Ali Fazal,Acting,2025-03-02 01:14:54.379063+00:00,2025-03-04 07:00:03.914845+00:00
1798976,2,Matthew Yen-Shen Tsai,Masa Yen-Shen Tsai,Acting,2025-03-02 01:14:54.379063+00:00,2025-03-04 07:00:03.914845+00:00
2248423,2,Miguel Ángel González,Miguel Ángel González,Acting,2025-03-02 01:14:54.379063+00:00,2025-03-04 07:00:03.914845+00:00
1702761,2,Robert Gulaczyk,Robert Gulaczyk,Acting,2025-03-02 01:14:54.379063+00:00,2025-03-04 07:00:03.914845+00:00
64440,2,Chen Bolin,陳柏霖,Acting,2025-03-02 01:14:54.379063+00:00,2025-03-04 07:00:03.914845+00:00
65931,2,Stephen Tung Wai,董瑋,Acting,2025-03-02 01:14:54.379063+00:00,2025-03-04 07:00:03.914845+00:00
2992825,2,Malachi Pullar-Latchman,Malachi Pullar-Latchman,Acting,2025-03-02 01:14:54.379063+00:00,2025-03-04 07:00:03.914845+00:00
3975569,2,Yudai Toyoda,豊田裕大,Acting,2025-03-02 01:14:54.379063+00:00,2025-03-04 07:00:03.914845+00:00
3753,2,Giancarlo Giannini,Giancarlo Giannini,Acting,2025-03-02 01:14:54.379063+00:00,2025-03-04 07:00:03.914845+00:00
2412023,2,Jirakit Thawornwong,Jirakit Thawornwong,Acting,2025-03-02 01:14:54.379063+00:00,2025-03-04 07:00:03.914845+00:00
1018385,2,Vic Chou,周渝民,Acting,2025-03-02 01:14:54.379063+00:00,2025-03-04 07:00:03.914845+00:00
80589,2,Guido Caprino,Guido Caprino,Acting,2025-03-02 01:14:54.379063+00:00,2025-03-04 07:00:03.914845+00:00
1161019,2,Zu Feng,祖峰,Acting,2025-03-02 01:14:54.379063+00:00,2025-03-04 07:00:03.914845+00:00
56843,2,Valerio Mastandrea,Valerio Mastandrea,Acting,2025-03-02 01:14:54.379063+00:00,2025-03-04 07:00:03.914845+00:00
74568,2,Chris Hemsworth,Chris Hemsworth,Acting,2025-03-02 01:14:54.379063+00:00,2025-03-04 07:00:03.914845+00:00
3242463,2,Alex Chou,周予天,Acting,2025-03-02 01:14:54.379063+00:00,2025-03-04 07:00:03.914845+00:00
206,2,Jim Carrey,Jim Carrey,Acting,2025-03-02 01:14:54.379063+00:00,2025-03-04 07:00:03.914845+00:00
2720368,2,Ukon Onoe,Ukon Onoe,Acting,2025-03-02 01:14:54.379063+00:00,2025-03-04 07:00:03.914845+00:00
856126,2,Pete Teo,Pete Teo,Acting,2025-03-02 01:14:54.379063+00:00,2025-03-04 07:00:03.914845+00:00
1365981,2,Evan Dane Taylor,Evan Dane Taylor,Acting,2025-03-02 01:14:54.379063+00:00,2025-03-04 07:00:03.914845+00:00
1341,2,Donnie Yen Chi-Tan,甄子丹,Acting,2025-03-02 01:14:54.379063+00:00,2025-03-04 07:00:03.914845+00:00
3105281,2,Choi Woo-sung,최우성,Acting,2025-03-02 01:14:54.379063+00:00,2025-03-04 07:00:03.914845+00:00
1715,2,David Bailie,David Bailie,Acting,2025-03-02 01:14:54.379063+00:00,2025-03-04 07:00:03.914845+00:00
4825192,2,Lee Chang-won,Lee Chang-won,Acting,2025-03-02 01:14:54.379063+00:00,2025-03-04 07:00:03.914845+00:00
2039215,2,Tom Mercier,Tom Mercier,Acting,2025-03-02 01:14:54.379063+00:00,2025-03-04 07:00:03.914845+00:00
1081519,2,Chen Bo-zheng,陳博正,Acting,2025-03-02 01:14:54.379063+00:00,2025-03-04 07:00:03.914845+00:00
104243,2,Florian David Fitz,Florian David Fitz,Acting,2025-03-02 01:14:54.379063+00:00,2025-03-04 07:00:03.914845+00:00
1752096,2,Pawat Chittsawangdee,ภวัต จิตต์สว่างดี,Acting,2025-03-02 01:14:54.379063+00:00,2025-03-04 07:00:03.914845+00:00
89409,2,Raymond Lam Fung,林峯,Acting,2025-03-02 01:14:54.379063+00:00,2025-03-04 07:00:03.914845+00:00
4077171,2,Kelvin Clarke,Kelvin Clarke,Acting,2025-03-02 09:35:42.269341+00:00,2025-03-04 07:00:03.914845+00:00
1065297,2,Kensho Ono,小野賢章,Acting,2025-03-02 01:14:54.379063+00:00,2025-03-04 07:00:03.914845+00:00
2054286,2,Reo Sano,佐野玲於,Acting,2025-03-02 01:14:54.379063+00:00,2025-03-04 07:00:03.914845+00:00
4299859,0,Frankie Sin,洗澔楊,Directing,2025-03-02 01:14:54.379063+00:00,2025-03-04 07:00:03.914845+00:00
4683398,0,Diep Sela,Diep Sela,Directing,2025-03-02 01:14:54.379063+00:00,2025-03-04 07:00:03.914845+00:00
3199825,0,Yang Ming-hui,Yang Ming-hui,Directing,2025-03-02 01:14:54.379063+00:00,2025-03-04 07:00:03.914845+00:00
1405878,0,Adina Istrate,Adina Istrate,Directing,2025-03-02 01:14:54.379063+00:00,2025-03-04 07:00:03.914845+00:00
1795072,1,Nia DaCosta,Nia DaCosta,Directing,2025-03-02 01:14:54.379063+00:00,2025-03-04 07:00:03.914845+00:00
3607914,1,Kim Jang-mi,Kim Jang-mi,Directing,2025-03-02 01:14:54.379063+00:00,2025-03-04 07:00:03.914845+00:00
2545616,1,Yoon Eun-kyoung,윤은경,Directing,2025-03-02 01:14:54.379063+00:00,2025-03-04 07:00:03.914845+00:00
2103746,1,Emma Tammi,Emma Tammi,Directing,2025-03-02 01:14:54.379063+00:00,2025-03-04 07:00:03.914845+00:00
1809892,2,Naoki Tamura,Naoki Tamura,Directing,2025-03-02 01:14:54.379063+00:00,2025-03-04 07:00:03.914845+00:00
1678442,2,Prueksa Amaruji,Prueksa Amaruji,Directing,2025-03-02 01:14:54.379063+00:00,2025-03-04 07:00:03.914845+00:00
11218,2,Alfonso Cuarón,Alfonso Cuarón,Directing,2025-03-02 01:14:54.379063+00:00,2025-03-04 07:00:03.914845+00:00
1415665,2,Reinaldo Marcus Green,Reinaldo Marcus Green,Directing,2025-03-02 01:14:54.379063+00:00,2025-03-04 07:00:03.914845+00:00
1135344,2,Kim Tae-gon,Kim Tae-gon,Directing,2025-03-02 01:14:54.379063+00:00,2025-03-04 07:00:03.914845+00:00
5602,2,David Lynch,David Lynch,Directing,2025-03-02 01:14:54.379063+00:00,2025-03-04 07:00:03.914845+00:00
63429,2,Kwak Jae-yong,곽재용,Directing,2025-03-02 01:14:54.379063+00:00,2025-03-04 07:00:03.914845+00:00
22496,2,Benjamin Quabeck,Benjamin Quabeck,Directing,2025-03-02 01:14:54.379063+00:00,2025-03-04 07:00:03.914845+00:00
3120334,2,Davide Minnella,Davide Minnella,Directing,2025-03-02 01:14:54.379063+00:00,2025-03-04 07:00:03.914845+00:00
1317730,2,Daniel Scheinert,Daniel Scheinert,Directing,2025-03-02 01:14:54.379063+00:00,2025-03-04 07:00:03.914845+00:00
71063,2,Patrick Tam Kar-ming,Patrick Tam Kar-Ming,Directing,2025-03-02 01:14:54.379063+00:00,2025-03-04 07:00:03.914845+00:00
2036987,2,Ching-lin Chan,Ching-lin Chan,Directing,2025-03-02 01:14:54.379063+00:00,2025-03-04 07:00:03.914845+00:00
1294527,2,Kim Hong-sun,김홍선,Directing,2025-03-02 01:14:54.379063+00:00,2025-03-04 07:00:03.914845+00:00
1576769,2,Huang Hsin-Yao,Huang Hsin-Yao,Directing,2025-03-02 01:14:54.379063+00:00,2025-03-04 07:00:03.914845+00:00
1455815,2,Kane Senes,Kane Senes,Directing,2025-03-02 01:14:54.379063+00:00,2025-03-04 07:00:03.914845+00:00
9956,2,Chris Marker,Chris Marker,Directing,2025-03-02 01:14:54.379063+00:00,2025-03-04 07:00:03.914845+00:00
2762873,2,Kazutaka Watanabe,渡辺一貴,Directing,2025-03-02 01:14:54.379063+00:00,2025-03-04 07:00:03.914845+00:00
1320870,2,Thomas Cailley,Thomas Cailley,Directing,2025-03-02 01:14:54.379063+00:00,2025-03-04 07:00:03.914845+00:00
2373899,2,Huang Tien-jen,黄天仁,Directing,2025-03-02 01:14:54.379063+00:00,2025-03-04 07:00:03.914845+00:00
582595,2,Nareubadee Wetchakam,นฤบดี เวชกรรม,Directing,2025-03-02 01:14:54.379063+00:00,2025-03-04 07:00:03.914845+00:00
84969,2,Kim Yong-hwa,김용화,Directing,2025-03-02 01:14:54.379063+00:00,2025-03-04 07:00:03.914845+00:00
1032,2,Martin Scorsese,Martin Scorsese,Directing,2025-03-02 01:14:54.379063+00:00,2025-03-04 07:00:03.914845+00:00
56379,2,Chung Mong-Hong,Chung Mong-Hong,Directing,2025-03-02 01:14:54.379063+00:00,2025-03-04 07:00:03.914845+00:00
2640695,2,Jui-Chih Chiang,Jui-Chih Chiang,Directing,2025-03-02 09:35:42.269341+00:00,2025-03-04 07:00:03.914845+00:00
2518693,2,Jason Loftus,Jason Loftus,Directing,2025-03-02 01:14:54.379063+00:00,2025-03-04 07:00:03.914845+00:00
2030740,0,Jesse Ahern,Jesse Ahern,Production,2025-03-02 01:14:54.379063+00:00,2025-03-04 07:00:03.914845+00:00
3174052,3,Avu-chan,アヴちゃん,Sound,2025-03-02 01:14:54.379063+00:00,2025-03-04 07:00:03.914845+00:00
4385502,1,Tzu-Yung Hung,Tzu-Yung Hung,Writing,2025-03-02 01:14:54.379063+00:00,2025-03-04 07:00:03.914845+00:00
1150548,2,Florian Zeller,Florian Zeller,Writing,2025-03-02 01:14:54.379063+00:00,2025-03-04 07:00:03.914845+00:00
1477086,2,Guillaume Maidatchevsky,Guillaume Maidatchevsky,Writing,2025-03-02 01:14:54.379063+00:00,2025-03-04 07:00:03.914845+00:00
1757035,0,Erik Hansen,Erik Hansen,Acting,2025-03-02 01:14:54.379063+00:00,2025-03-04 07:00:03.914845+00:00
108552,0,Barthélémy Grossmann,Barthélémy Grossmann,Acting,2025-03-02 01:14:54.379063+00:00,2025-03-04 07:00:03.914845+00:00
3111695,0,Zhiny Ooi,Zhiny Ooi,Acting,2025-03-02 01:14:54.379063+00:00,2025-03-04 07:00:03.914845+00:00
3689742,0,Josep Abad,Josep Abad,Acting,2025-03-02 01:14:54.379063+00:00,2025-03-04 07:00:03.914845+00:00
4509805,0,Uyển Ân,Uyển Ân,Acting,2025-03-02 01:14:54.379063+00:00,2025-03-04 07:00:03.914845+00:00
3006074,0,Alex Berg,Alex Berg,Acting,2025-03-02 01:14:54.379063+00:00,2025-03-04 07:00:03.914845+00:00
1209532,0,Jess Mendoza,Jess Mendoza,Acting,2025-03-02 01:14:54.379063+00:00,2025-03-04 07:00:03.914845+00:00
4578665,0,Sophia Xueqin Huang,Sophia Xueqin Huang,Acting,2025-03-02 01:14:54.379063+00:00,2025-03-04 07:00:03.914845+00:00
4691507,0,Hanamaru Ichikawa,Hanamaru Ichikawa,Acting,2025-03-02 01:14:54.379063+00:00,2025-03-04 07:00:03.914845+00:00
4016178,0,Mercedes Dassy,Mercedes Dassy,Acting,2025-03-02 01:14:54.379063+00:00,2025-03-04 07:00:03.914845+00:00
557875,0,Thanapat Saisaymar,Thanapat Saisaymar,Acting,2025-03-02 01:14:54.379063+00:00,2025-03-04 07:00:03.914845+00:00
1937533,1,Jun Jong-seo,전종서,Acting,2025-03-02 01:14:54.379063+00:00,2025-03-04 07:00:03.914845+00:00
1212864,1,Colleen O'Shaughnessey,Colleen O'Shaughnessey,Acting,2025-03-02 01:14:54.379063+00:00,2025-03-04 07:00:03.914845+00:00
141610,1,Luna Lauren Velez,Luna Lauren Velez,Acting,2025-03-02 01:14:54.379063+00:00,2025-03-04 07:00:03.914845+00:00
2508555,1,Wanfang,Wanfang,Acting,2025-03-02 01:14:54.379063+00:00,2025-03-04 07:00:03.914845+00:00
1077269,1,Moon Jeong-hee,문정희,Acting,2025-03-02 01:14:54.379063+00:00,2025-03-04 07:00:03.914845+00:00
39831,1,Yu Feihong,俞飞鸿,Acting,2025-03-02 01:14:54.379063+00:00,2025-03-04 07:00:03.914845+00:00
2206,1,Samantha Morton,Samantha Morton,Acting,2025-03-02 01:14:54.379063+00:00,2025-03-04 07:00:03.914845+00:00
1355967,1,Simona Tabasco,Simona Tabasco,Acting,2025-03-02 01:14:54.379063+00:00,2025-03-04 07:00:03.914845+00:00
134991,1,Joey Yung Jo-Yee,容祖兒,Acting,2025-03-02 01:14:54.379063+00:00,2025-03-04 07:00:03.914845+00:00
8436,1,Miranda Richardson,Miranda Richardson,Acting,2025-03-02 01:14:54.379063+00:00,2025-03-04 07:00:03.914845+00:00
1309110,1,Nanna Blondell,Nanna Blondell,Acting,2025-03-02 01:14:54.379063+00:00,2025-03-04 07:00:03.914845+00:00
1392140,1,Annie Murphy,Annie Murphy,Acting,2025-03-02 01:14:54.379063+00:00,2025-03-04 07:00:03.914845+00:00
1203440,1,Mona Pirzad,Mona Pirzad,Acting,2025-03-02 01:14:54.379063+00:00,2025-03-04 07:00:03.914845+00:00
1183007,1,Annabelle Lengronne,Annabelle Lengronne,Acting,2025-03-02 01:14:54.379063+00:00,2025-03-04 07:00:03.914845+00:00
554413,1,Alejandra Gollas,Alejandra Gollas,Acting,2025-03-02 01:14:54.379063+00:00,2025-03-04 07:00:03.914845+00:00
66153,1,Naomi Nishida,西田尚美,Acting,2025-03-02 01:14:54.379063+00:00,2025-03-04 07:00:03.914845+00:00
1692997,1,Jang Yoon-ju,장윤주,Acting,2025-03-02 01:14:54.379063+00:00,2025-03-04 07:00:03.914845+00:00
1732473,1,Anna Yamada,山田杏奈,Acting,2025-03-02 01:14:54.379063+00:00,2025-03-04 07:00:03.914845+00:00
1356719,1,Chen-Ling Wen,温貞菱,Acting,2025-03-02 01:14:54.379063+00:00,2025-03-04 07:00:03.914845+00:00
1612456,1,Sonya Lindfors,Sonya Lindfors,Acting,2025-03-02 01:14:54.379063+00:00,2025-03-04 07:00:03.914845+00:00
1466233,1,Chae Soo-bin,채수빈,Acting,2025-03-02 01:14:54.379063+00:00,2025-03-04 07:00:03.914845+00:00
150127,1,Pang Eun-jin,방은진,Acting,2025-03-02 01:14:54.379063+00:00,2025-03-04 07:00:03.914845+00:00
1413835,1,Divya Prabha,Divya Prabha,Acting,2025-03-02 01:14:54.379063+00:00,2025-03-04 07:00:03.914845+00:00
5309,1,Judi Dench,Judi Dench,Acting,2025-03-02 01:14:54.379063+00:00,2025-03-04 07:00:03.914845+00:00
2216983,1,Glafira Golubeva,Glafira Golubeva,Acting,2025-03-02 01:14:54.379063+00:00,2025-03-04 07:00:03.914845+00:00
1436971,1,Daniela Vega,Daniela Vega,Acting,2025-03-02 01:14:54.379063+00:00,2025-03-04 07:00:03.914845+00:00
143803,1,Miho Nakayama,中山美穂,Acting,2025-03-02 01:14:54.379063+00:00,2025-03-04 07:00:03.914845+00:00
547988,1,Yoshie Shimamura,島村佳江,Acting,2025-03-02 01:14:54.379063+00:00,2025-03-04 07:00:03.914845+00:00
213001,1,Jenny Slate,Jenny Slate,Acting,2025-03-02 01:14:54.379063+00:00,2025-03-04 07:00:03.914845+00:00
1970003,1,Selina Jen Chia-hsüan,Selina Jen Chia-hsüan,Acting,2025-03-02 01:14:54.379063+00:00,2025-03-04 07:00:03.914845+00:00
146869,1,Eriko Sato,佐藤江梨子,Acting,2025-03-02 01:14:54.379063+00:00,2025-03-04 07:00:03.914845+00:00
13280,1,Yui Natsukawa,夏川結衣,Acting,2025-03-02 01:14:54.379063+00:00,2025-03-04 07:00:03.914845+00:00
122180,1,Yoshimi Kondou,Yoshimi Kondou,Acting,2025-03-02 01:14:54.379063+00:00,2025-03-04 07:00:03.914845+00:00
2084416,1,Yeom Hye-ran,염혜란,Acting,2025-03-02 01:14:54.379063+00:00,2025-03-04 07:00:03.914845+00:00
83528,1,Noriko Eguchi,江口のりこ,Acting,2025-03-02 01:14:54.379063+00:00,2025-03-04 07:00:03.914845+00:00
64439,1,Fan Bingbing,范冰冰,Acting,2025-03-02 01:14:54.379063+00:00,2025-03-04 07:00:03.914845+00:00
3564490,1,Aimee Xu,艾米,Acting,2025-03-02 01:14:54.379063+00:00,2025-03-04 07:00:03.914845+00:00
2372688,1,Sara Montpetit,Sara Montpetit,Acting,2025-03-02 01:14:54.379063+00:00,2025-03-04 07:00:03.914845+00:00
3672526,1,Fadile Waked,Fadile Waked,Acting,2025-03-02 01:14:54.379063+00:00,2025-03-04 07:00:03.914845+00:00
113605,1,Margot Abascal,Margot Abascal,Acting,2025-03-02 01:14:54.379063+00:00,2025-03-04 07:00:03.914845+00:00
2055629,1,Sabrina Pai,Sabrina Pai,Acting,2025-03-02 01:14:54.379063+00:00,2025-03-04 07:00:03.914845+00:00
73264,1,Claire Nadeau,Claire Nadeau,Acting,2025-03-02 01:14:54.379063+00:00,2025-03-04 07:00:03.914845+00:00
1117063,1,Mariko Tsutsui,筒井真理子,Acting,2025-03-02 01:14:54.379063+00:00,2025-03-04 07:00:03.914845+00:00
16866,1,Jennifer Lopez,Jennifer Lopez,Acting,2025-03-02 01:14:54.379063+00:00,2025-03-04 07:00:03.914845+00:00
1694291,1,Jeanne Werner,Jeanne Werner,Acting,2025-03-02 01:14:54.379063+00:00,2025-03-04 07:00:03.914845+00:00
1593716,1,Nika Savolainen,Nika Savolainen,Acting,2025-03-02 01:14:54.379063+00:00,2025-03-04 07:00:03.914845+00:00
7401,1,Lin Shaye,Lin Shaye,Acting,2025-03-02 01:14:54.379063+00:00,2025-03-04 07:00:03.914845+00:00
126735,1,René Liu,劉若英,Acting,2025-03-02 01:14:54.379063+00:00,2025-03-04 07:00:03.914845+00:00
2897837,1,Kylie Kuioka,Kylie Kuioka,Acting,2025-03-02 01:14:54.379063+00:00,2025-03-04 07:00:03.914845+00:00
44104,1,Milena Vukotić,Milena Vukotić,Acting,2025-03-02 01:14:54.379063+00:00,2025-03-04 07:00:03.914845+00:00
1182590,1,Yukino Kishii,岸井ゆきの,Acting,2025-03-02 01:14:54.379063+00:00,2025-03-04 07:00:03.914845+00:00
18197,1,Anna Karina,Anna Karina,Acting,2025-03-02 01:14:54.379063+00:00,2025-03-04 07:00:03.914845+00:00
2164392,1,Nagisa Saito,齊藤なぎさ,Acting,2025-03-02 01:14:54.379063+00:00,2025-03-04 07:00:03.914845+00:00
2526745,2,Lee Sin-young,이신영,Acting,2025-03-02 01:14:54.379063+00:00,2025-03-04 07:00:03.914845+00:00
1034699,2,Timofey Tribuntsev,Тимофей Трибунцев,Acting,2025-03-02 01:14:54.379063+00:00,2025-03-04 07:00:03.914845+00:00
2407367,2,Hung-Hsiu Wu,Hung-Hsiu Wu,Acting,2025-03-02 01:14:54.379063+00:00,2025-03-04 07:00:03.914845+00:00
110,2,Viggo Mortensen,Viggo Mortensen,Acting,2025-03-02 01:14:54.379063+00:00,2025-03-04 07:00:03.914845+00:00
2068598,2,Kurt Yue,Kurt Yue,Acting,2025-03-02 01:14:54.379063+00:00,2025-03-04 07:00:03.914845+00:00
2039476,2,Arthur Beschastny,Артур Бесчастный,Acting,2025-03-02 01:14:54.379063+00:00,2025-03-04 07:00:03.914845+00:00
177214,2,Page Kennedy,Page Kennedy,Acting,2025-03-02 09:35:42.269341+00:00,2025-03-04 07:00:03.914845+00:00
1956224,2,Julius Weckauf,Julius Weckauf,Acting,2025-03-02 01:14:54.379063+00:00,2025-03-04 07:00:03.914845+00:00
1034681,2,Tye Sheridan,Tye Sheridan,Acting,2025-03-02 01:14:54.379063+00:00,2025-03-04 07:00:03.914845+00:00
2888653,2,Jang Se-won,Jang Se-won,Acting,2025-03-02 01:14:54.379063+00:00,2025-03-04 07:00:03.914845+00:00
478,2,Jamie Bell,Jamie Bell,Acting,2025-03-02 01:14:54.379063+00:00,2025-03-04 07:00:03.914845+00:00
1822223,2,Otis Dhanji,Otis Dhanji,Acting,2025-03-02 01:14:54.379063+00:00,2025-03-04 07:00:03.914845+00:00
1281,2,Freddie Highmore,Freddie Highmore,Acting,2025-03-02 01:14:54.379063+00:00,2025-03-04 07:00:03.914845+00:00
83797,2,Vincent Lacoste,Vincent Lacoste,Acting,2025-03-02 01:14:54.379063+00:00,2025-03-04 07:00:03.914845+00:00
1978566,2,Dimitri Boetto,Dimitri Boetto,Acting,2025-03-02 01:14:54.379063+00:00,2025-03-04 07:00:03.914845+00:00
1424778,2,John Vamvas,John Vamvas,Acting,2025-03-02 01:14:54.379063+00:00,2025-03-04 07:00:03.914845+00:00
935612,2,Tomasz Sapryk,Tomasz Sapryk,Acting,2025-03-02 01:14:54.379063+00:00,2025-03-04 07:00:03.914845+00:00
1256882,2,Hokuto Matsumura,松村北斗,Acting,2025-03-02 01:14:54.379063+00:00,2025-03-04 07:00:03.914845+00:00
1947460,2,Alassane Diong,Alassane Diong,Acting,2025-03-02 01:14:54.379063+00:00,2025-03-04 07:00:03.914845+00:00
1893976,2,Kanichiro Sato,寛一郎,Acting,2025-03-02 01:14:54.379063+00:00,2025-03-04 07:00:03.914845+00:00
930731,2,Suraj Venjaramoodu,Suraj Venjaramoodu,Acting,2025-03-02 01:14:54.379063+00:00,2025-03-04 07:00:03.914845+00:00
17688,2,Raoul Max Trujillo,Raoul Max Trujillo,Acting,2025-03-02 01:14:54.379063+00:00,2025-03-04 07:00:03.914845+00:00
1897256,2,S.Coups,에스쿱스,Acting,2025-03-02 01:14:54.379063+00:00,2025-03-04 07:00:03.914845+00:00
130656,2,Kei Tanaka,田中圭,Acting,2025-03-02 01:14:54.379063+00:00,2025-03-04 07:00:03.914845+00:00
4756,2,Matthew Broderick,Matthew Broderick,Acting,2025-03-02 01:14:54.379063+00:00,2025-03-04 07:00:03.914845+00:00
40008,2,Ray McAnally,Ray McAnally,Acting,2025-03-02 01:14:54.379063+00:00,2025-03-04 07:00:03.914845+00:00
1026331,2,Noppadon Songsang,Noppadon Songsang,Acting,2025-03-02 01:14:54.379063+00:00,2025-03-04 07:00:03.914845+00:00
17835,2,Ricky Gervais,Ricky Gervais,Acting,2025-03-02 01:14:54.379063+00:00,2025-03-04 07:00:03.914845+00:00
19024,2,Javier Gutiérrez,Javier Gutiérrez,Acting,2025-03-02 01:14:54.379063+00:00,2025-03-04 07:00:03.914845+00:00
4654,2,Jeremy Davies,Jeremy Davies,Acting,2025-03-02 01:14:54.379063+00:00,2025-03-04 07:00:03.914845+00:00
103330,2,Navid Negahban,Navid Negahban,Acting,2025-03-02 01:14:54.379063+00:00,2025-03-04 07:00:03.914845+00:00
299743,2,Sebastian Maniscalco,Sebastian Maniscalco,Acting,2025-03-02 01:14:54.379063+00:00,2025-03-04 07:00:03.914845+00:00
79460,2,Yoshiyoshi Arakawa,荒川良々,Acting,2025-03-02 01:14:54.379063+00:00,2025-03-04 07:00:03.914845+00:00
2386955,2,Eidin Jalali,Eidin Jalali,Acting,2025-03-02 01:14:54.379063+00:00,2025-03-04 07:00:03.914845+00:00
2540925,2,Ahmed Abdel Laoui,Ahmed Abdel Laoui,Acting,2025-03-02 01:14:54.379063+00:00,2025-03-04 07:00:03.914845+00:00
57340,2,Steven Brand,Steven Brand,Acting,2025-03-02 01:14:54.379063+00:00,2025-03-04 07:00:03.914845+00:00
349,2,Scott Glenn,Scott Glenn,Acting,2025-03-02 01:14:54.379063+00:00,2025-03-04 07:00:03.914845+00:00
1016315,2,Qin Hao,秦昊,Acting,2025-03-02 01:14:54.379063+00:00,2025-03-04 07:00:03.914845+00:00
78871,2,Wu Jing,吴京,Acting,2025-03-02 01:14:54.379063+00:00,2025-03-04 07:00:03.914845+00:00
17178,2,Patrick Wilson,Patrick Wilson,Acting,2025-03-02 01:14:54.379063+00:00,2025-03-04 07:00:03.914845+00:00
212934,2,Avan Jogia,Avan Jogia,Acting,2025-03-02 01:14:54.379063+00:00,2025-03-04 07:00:03.914845+00:00
3483784,2,Mathieu Berger,Mathieu Berger,Acting,2025-03-02 01:14:54.379063+00:00,2025-03-04 07:00:03.914845+00:00
70851,2,Jack Black,Jack Black,Acting,2025-03-02 01:14:54.379063+00:00,2025-03-04 07:00:03.914845+00:00
145871,2,Benjamin Biolay,Benjamin Biolay,Acting,2025-03-02 01:14:54.379063+00:00,2025-03-04 07:00:03.914845+00:00
105870,2,Fausto Russo Alesi,Fausto Russo Alesi,Acting,2025-03-02 01:14:54.379063+00:00,2025-03-04 07:00:03.914845+00:00
2264,2,Patrick Magee,Patrick Magee,Acting,2025-03-02 01:14:54.379063+00:00,2025-03-04 07:00:03.914845+00:00
25004,2,Shin Ha-kyun,신하균,Acting,2025-03-02 01:14:54.379063+00:00,2025-03-04 07:00:03.914845+00:00
380,2,Robert De Niro,Robert De Niro,Acting,2025-03-02 01:14:54.379063+00:00,2025-03-04 07:00:03.914845+00:00
130598,2,Louis Fan Siu-Wong,Louis Fan Siu-Wong,Acting,2025-03-02 01:14:54.379063+00:00,2025-03-04 07:00:03.914845+00:00
147800,2,Dimitris Imellos,Δημήτρης Ήμελλος,Acting,2025-03-02 01:14:54.379063+00:00,2025-03-04 07:00:03.914845+00:00
1896053,2,Rhys Yates,Rhys Yates,Acting,2025-03-02 01:14:54.379063+00:00,2025-03-04 07:00:03.914845+00:00
2914688,2,Andrew Barth Feldman,Andrew Barth Feldman,Acting,2025-03-02 01:14:54.379063+00:00,2025-03-04 07:00:03.914845+00:00
2218708,2,Song Geon-hee,송건희,Acting,2025-03-02 01:14:54.379063+00:00,2025-03-04 07:00:03.914845+00:00
110847,2,Dayo Wong Chi-Wah,黃子華,Acting,2025-03-02 01:14:54.379063+00:00,2025-03-04 07:00:03.914845+00:00
120347,2,Masaki Kudou,工藤正貴,Acting,2025-03-02 01:14:54.379063+00:00,2025-03-04 07:00:03.914845+00:00
1587299,2,Zhang Ting Hu,張庭瑚,Acting,2025-03-02 01:14:54.379063+00:00,2025-03-04 07:00:03.914845+00:00
36925,3,Mathieu Carrière,Mathieu Carrière,Acting,2025-03-02 01:14:54.379063+00:00,2025-03-04 07:00:03.914845+00:00
4993347,0,Park Jong-kyun,Park Jong-kyun,Directing,2025-03-02 01:14:54.379063+00:00,2025-03-04 07:00:03.914845+00:00
2452110,0,Joseph Mangat,Joseph Mangat,Directing,2025-03-02 01:14:54.379063+00:00,2025-03-04 07:00:03.914845+00:00
2812831,0,Mattia Temponi,Mattia Temponi,Directing,2025-03-02 01:14:54.379063+00:00,2025-03-04 07:00:03.914845+00:00
3943861,0,Zong-Hua Hou,Zong-Hua Hou,Directing,2025-03-02 01:14:54.379063+00:00,2025-03-04 07:00:03.914845+00:00
1355012,0,Kuo Chen-ti,Kuo Chen-ti,Directing,2025-03-02 01:14:54.379063+00:00,2025-03-04 07:00:03.914845+00:00
3677076,0,Yang Wei-Hsin,Yang Wei-Hsin,Directing,2025-03-02 01:14:54.379063+00:00,2025-03-04 07:00:03.914845+00:00
1588223,1,Laha Mebow,Laha Mebow,Directing,2025-03-02 01:14:54.379063+00:00,2025-03-04 07:00:03.914845+00:00
2053569,1,Fiona Roan,阮鳳儀,Directing,2025-03-02 01:14:54.379063+00:00,2025-03-04 07:00:03.914845+00:00
2410737,1,Sophia Banks,Sophia Banks,Directing,2025-03-02 01:14:54.379063+00:00,2025-03-04 07:00:03.914845+00:00
2252779,1,Zoljargal Purevdash,Zoljargal Purevdash,Directing,2025-03-02 01:14:54.379063+00:00,2025-03-04 07:00:03.914845+00:00
2434376,1,Anissa Bonnefont,Anissa Bonnefont,Directing,2025-03-02 01:14:54.379063+00:00,2025-03-04 07:00:03.914845+00:00
2242054,1,Yuka Yasukawa,安川有果,Directing,2025-03-02 01:14:54.379063+00:00,2025-03-04 07:00:03.914845+00:00
1011135,2,Nadav Lapid,Nadav Lapid,Directing,2025-03-02 01:14:54.379063+00:00,2025-03-04 07:00:03.914845+00:00
1005696,2,Mani Haghighi,Mani Haghighi,Directing,2025-03-02 01:14:54.379063+00:00,2025-03-04 07:00:03.914845+00:00
557936,2,Kazuto Nakazawa,中澤一登,Directing,2025-03-02 01:14:54.379063+00:00,2025-03-04 07:00:03.914845+00:00
1272350,2,Boonsong Nakphoo,บุญส่ง นาคภู่,Directing,2025-03-02 01:14:54.379063+00:00,2025-03-04 07:00:03.914845+00:00
2596472,2,Raúl Cerezo,Raúl Cerezo,Directing,2025-03-02 01:14:54.379063+00:00,2025-03-04 07:00:03.914845+00:00
138797,2,F. A. Brabec,F. A. Brabec,Directing,2025-03-02 01:14:54.379063+00:00,2025-03-04 07:00:03.914845+00:00
71872,2,Jeff Nichols,Jeff Nichols,Directing,2025-03-02 01:14:54.379063+00:00,2025-03-04 07:00:03.914845+00:00
144816,2,Chris McKay,Chris McKay,Directing,2025-03-02 01:14:54.379063+00:00,2025-03-04 07:00:03.914845+00:00
2036105,2,Stefon Bristol,Stefon Bristol,Directing,2025-03-02 01:14:54.379063+00:00,2025-03-04 07:00:03.914845+00:00
2121864,2,Hiroshi Okuyama,奥山大史,Directing,2025-03-02 01:14:54.379063+00:00,2025-03-04 07:00:03.914845+00:00
25236,2,Johnnie To,杜琪峯,Directing,2025-03-02 01:14:54.379063+00:00,2025-03-04 07:00:03.914845+00:00
1087779,2,Stephen Nomura Schible,Stephen Nomura Schible,Directing,2025-03-02 01:14:54.379063+00:00,2025-03-04 07:00:03.914845+00:00
2770699,2,Weerachit Thongjila,Weerachit Thongjila,Directing,2025-03-02 01:14:54.379063+00:00,2025-03-04 07:00:03.914845+00:00
3081451,2,Kim Sun-ung,Kim Sun-ung,Directing,2025-03-02 01:14:54.379063+00:00,2025-03-04 07:00:03.914845+00:00
222332,2,Tetsuro Amino,アミノテツロー,Directing,2025-03-02 01:14:54.379063+00:00,2025-03-04 07:00:03.914845+00:00
1371289,2,Liang Ming,Liang Ming,Directing,2025-03-02 01:14:54.379063+00:00,2025-03-04 07:00:03.914845+00:00
6046,2,Roland Emmerich,Roland Emmerich,Directing,2025-03-02 01:14:54.379063+00:00,2025-03-04 07:00:03.914845+00:00
3447341,2,Terry Ng Ka-Wai,Terry Ng Ka-Wai,Directing,2025-03-02 01:14:54.379063+00:00,2025-03-04 07:00:03.914845+00:00
1211636,2,James Cullen Bressack,James Cullen Bressack,Directing,2025-03-02 01:14:54.379063+00:00,2025-03-04 07:00:03.914845+00:00
46325,2,Jingle Ma Choh-Sing,Jingle Ma Choh-Sing,Directing,2025-03-02 01:14:54.379063+00:00,2025-03-04 07:00:03.914845+00:00
4186217,2,Runcai Luo,Runcai Luo,Directing,2025-03-02 01:14:54.379063+00:00,2025-03-04 07:00:03.914845+00:00
1992194,2,Andrey Zagidullin,Andrey Zagidullin,Directing,2025-03-02 01:14:54.379063+00:00,2025-03-04 07:00:03.914845+00:00
2093041,2,Will Merrick,Will Merrick,Editing,2025-03-02 01:14:54.379063+00:00,2025-03-04 07:00:03.914845+00:00
2415585,0,Pattaraporn Werasakwong,Pattaraporn Werasakwong,Production,2025-03-02 01:14:54.379063+00:00,2025-03-04 07:00:03.914845+00:00
999463,1,Kearen Pang,Kearen Pang,Writing,2025-03-02 01:14:54.379063+00:00,2025-03-04 07:00:03.914845+00:00
1486487,2,Peter Browngardt,Peter Browngardt,Writing,2025-03-02 01:14:54.379063+00:00,2025-03-04 07:00:03.914845+00:00
21792,2,George Gallo,George Gallo,Writing,2025-03-02 01:14:54.379063+00:00,2025-03-04 07:00:03.914845+00:00
1311031,2,Svyatoslav Podgaevsky,Svyatoslav Podgaevsky,Writing,2025-03-02 01:14:54.379063+00:00,2025-03-04 07:00:03.914845+00:00
1578590,2,Jeff Rowe,Jeff Rowe,Writing,2025-03-02 01:14:54.379063+00:00,2025-03-04 07:00:03.914845+00:00
222666,0,Georges Patrix,Georges Patrix,Acting,2025-03-02 01:14:54.379063+00:00,2025-03-04 07:00:03.914845+00:00
2490189,0,Chen Chiu-Yen,Chen Chiu-Yen,Acting,2025-03-02 01:14:54.379063+00:00,2025-03-04 07:00:03.914845+00:00
1759885,0,Sahira Anjani,Sahira Anjani,Acting,2025-03-02 01:14:54.379063+00:00,2025-03-04 07:00:03.914845+00:00
4469042,0,Tamaki Uchida,Tamaki Uchida,Acting,2025-03-02 01:14:54.379063+00:00,2025-03-04 07:00:03.914845+00:00
4497442,0,Bazarragchaa Byambajav,Bazarragchaa Byambajav,Acting,2025-03-02 01:14:54.379063+00:00,2025-03-04 07:00:03.914845+00:00
3742856,0,Teng Chi-Long,Teng Chi-Long,Acting,2025-03-02 01:14:54.379063+00:00,2025-03-04 07:00:03.914845+00:00
4722299,0,Liu Chen-chun,Liu Chen-chun,Acting,2025-03-02 01:14:54.379063+00:00,2025-03-04 07:00:03.914845+00:00
3064452,0,Rahul Koli,Rahul Koli,Acting,2025-03-02 01:14:54.379063+00:00,2025-03-04 07:00:03.914845+00:00
3556073,0,Salima Maatoug,Salima Maatoug,Acting,2025-03-02 01:14:54.379063+00:00,2025-03-04 07:00:03.914845+00:00
4578664,0,Quanzhang Wang,Quanzhang Wang,Acting,2025-03-02 01:14:54.379063+00:00,2025-03-04 07:00:03.914845+00:00
2335256,0,Hoàng Mèo,Hoàng Mèo,Acting,2025-03-02 01:14:54.379063+00:00,2025-03-04 07:00:03.914845+00:00
3617287,0,Thupten Jinpa,Thupten Jinpa,Acting,2025-03-02 01:14:54.379063+00:00,2025-03-04 07:00:03.914845+00:00
2886237,0,Lee Bong-ha,Lee Bong-ha,Acting,2025-03-02 01:14:54.379063+00:00,2025-03-04 07:00:03.914845+00:00
574245,1,Ingrid Olava,Ingrid Olava,Acting,2025-03-02 01:14:54.379063+00:00,2025-03-04 07:00:03.914845+00:00
9137,1,Renée Zellweger,Renée Zellweger,Acting,2025-03-02 01:14:54.379063+00:00,2025-03-04 07:00:03.914845+00:00
1029275,1,Atsuko Maeda,前田敦子,Acting,2025-03-02 01:14:54.379063+00:00,2025-03-04 07:00:03.914845+00:00
1039305,1,Kasumi Arimura,有村架純,Acting,2025-03-02 01:14:54.379063+00:00,2025-03-04 07:00:03.914845+00:00
2062684,1,Rachel Kan,Rachel Kan,Acting,2025-03-02 01:14:54.379063+00:00,2025-03-04 07:00:03.914845+00:00
481,1,Jean Heywood,Jean Heywood,Acting,2025-03-02 01:14:54.379063+00:00,2025-03-04 07:00:03.914845+00:00
2043067,1,Kim Soo-kyung,김수경,Acting,2025-03-02 01:14:54.379063+00:00,2025-03-04 07:00:03.914845+00:00
1400939,1,Jacqueline Byers,Jacqueline Byers,Acting,2025-03-02 01:14:54.379063+00:00,2025-03-04 07:00:03.914845+00:00
3379638,1,Louise Pociecka,Louise Pociecka,Acting,2025-03-02 01:14:54.379063+00:00,2025-03-04 07:00:03.914845+00:00
1893351,1,Kate Katzman,Kate Katzman,Acting,2025-03-02 01:14:54.379063+00:00,2025-03-04 07:00:03.914845+00:00
94797,1,Dichen Lachman,Dichen Lachman,Acting,2025-03-02 01:14:54.379063+00:00,2025-03-04 07:00:03.914845+00:00
2635684,1,Romana Maggiora Vergano,Romana Maggiora Vergano,Acting,2025-03-02 01:14:54.379063+00:00,2025-03-04 07:00:03.914845+00:00
2632628,1,Chu Yen-Lan,Chu Yen-Lan,Acting,2025-03-02 01:14:54.379063+00:00,2025-03-04 07:00:03.914845+00:00
3402181,1,Agnes Mai,Agnes Mai,Acting,2025-03-02 01:14:54.379063+00:00,2025-03-04 07:00:03.914845+00:00
592810,1,Haruka,竹富聖花,Acting,2025-03-02 01:14:54.379063+00:00,2025-03-04 07:00:03.914845+00:00
6929,1,Tippi Hedren,Tippi Hedren,Acting,2025-03-02 01:14:54.379063+00:00,2025-03-04 07:00:03.914845+00:00
1626572,1,Nell Hudson,Nell Hudson,Acting,2025-03-02 01:14:54.379063+00:00,2025-03-04 07:00:03.914845+00:00
2786622,1,Reo Kurachi,倉知玲鳳,Acting,2025-03-02 01:14:54.379063+00:00,2025-03-04 07:00:03.914845+00:00
1407597,1,Sayaka Senbongi,千本木彩花,Acting,2025-03-02 01:14:54.379063+00:00,2025-03-04 07:00:03.914845+00:00
3507781,1,Macrina Bârlădeanu,Macrina Bârlădeanu,Acting,2025-03-02 01:14:54.379063+00:00,2025-03-04 07:00:03.914845+00:00
1087690,1,Kazuko Shirakawa,白川和子,Acting,2025-03-02 01:14:54.379063+00:00,2025-03-04 07:00:03.914845+00:00
2067860,1,Jeon Yeo-been,전여빈,Acting,2025-03-02 01:14:54.379063+00:00,2025-03-04 07:00:03.914845+00:00
3769534,1,Deva Cassel,Deva Cassel,Acting,2025-03-02 01:14:54.379063+00:00,2025-03-04 07:00:03.914845+00:00
19591,1,Yasuko Sawaguchi,沢口靖子,Acting,2025-03-02 01:14:54.379063+00:00,2025-03-04 07:00:03.914845+00:00
52404,1,Mae Whitman,Mae Whitman,Acting,2025-03-02 01:14:54.379063+00:00,2025-03-04 07:00:03.914845+00:00
1888550,1,Beata Ścibakówna,Beata Ścibakówna,Acting,2025-03-02 01:14:54.379063+00:00,2025-03-04 07:00:03.914845+00:00
2140,1,Monica Potter,Monica Potter,Acting,2025-03-02 01:14:54.379063+00:00,2025-03-04 07:00:03.914845+00:00
79457,1,Yumi Asou,麻生祐未,Acting,2025-03-02 01:14:54.379063+00:00,2025-03-04 07:00:03.914845+00:00
2368989,1,Tanya Maniktala,Tanya Maniktala,Acting,2025-03-02 01:14:54.379063+00:00,2025-03-04 07:00:03.914845+00:00
3958645,1,Nataliia Hnitii,Nataliia Hnitii,Acting,2025-03-02 01:14:54.379063+00:00,2025-03-04 07:00:03.914845+00:00
1286615,1,Ivana Wong Yuen-Chi,王菀之,Acting,2025-03-02 01:14:54.379063+00:00,2025-03-04 07:00:03.914845+00:00
127558,1,Andrea Riseborough,Andrea Riseborough,Acting,2025-03-02 01:14:54.379063+00:00,2025-03-04 07:00:03.914845+00:00
3282533,1,Caitlin Fang,Caitlin Fang,Acting,2025-03-02 01:14:54.379063+00:00,2025-03-04 07:00:03.914845+00:00
931999,1,Simone Spoladore,Simone Spoladore,Acting,2025-03-02 01:14:54.379063+00:00,2025-03-04 07:00:03.914845+00:00
1561555,1,Catherine Chau,周家怡,Acting,2025-03-02 01:14:54.379063+00:00,2025-03-04 07:00:03.914845+00:00
3610727,1,Chang Seung-yeon,Chang Seung-yeon,Acting,2025-03-02 01:14:54.379063+00:00,2025-03-04 07:00:03.914845+00:00
3967,1,Kate Beckinsale,Kate Beckinsale,Acting,2025-03-02 01:14:54.379063+00:00,2025-03-04 07:00:03.914845+00:00
550843,1,Elizabeth Olsen,Elizabeth Olsen,Acting,2025-03-02 01:14:54.379063+00:00,2025-03-04 07:00:03.914845+00:00
58593,1,Ko Shibasaki,柴咲コウ,Acting,2025-03-02 01:14:54.379063+00:00,2025-03-04 07:00:03.914845+00:00
2743704,1,Patty Lee,李霈瑜,Acting,2025-03-02 01:14:54.379063+00:00,2025-03-04 07:00:03.914845+00:00
559581,1,Magalie Lépine-Blondeau,Magalie Lépine-Blondeau,Acting,2025-03-02 01:14:54.379063+00:00,2025-03-04 07:00:03.914845+00:00
1204,1,Julia Roberts,Julia Roberts,Acting,2025-03-02 01:14:54.379063+00:00,2025-03-04 07:00:03.914845+00:00
81245,1,Chiwa Saito,斎藤千和,Acting,2025-03-02 01:14:54.379063+00:00,2025-03-04 07:00:03.914845+00:00
1659,2,Patrick Auffay,Patrick Auffay,Acting,2025-03-02 01:14:54.379063+00:00,2025-03-04 07:00:03.914845+00:00
10698,2,Tchéky Karyo,Tchéky Karyo,Acting,2025-03-02 01:14:54.379063+00:00,2025-03-04 07:00:03.914845+00:00
562217,2,Bront Palarae,Bront Palarae,Acting,2025-03-02 01:14:54.379063+00:00,2025-03-04 07:00:03.914845+00:00
990589,2,Hiromasa Taguchi,田口浩正,Acting,2025-03-02 01:14:54.379063+00:00,2025-03-04 07:00:03.914845+00:00
16867,2,Luis Tosar,Luis Tosar,Acting,2025-03-02 01:14:54.379063+00:00,2025-03-04 07:00:03.914845+00:00
3202180,2,Mak Pui-Tung,麥沛東,Acting,2025-03-02 01:14:54.379063+00:00,2025-03-04 07:00:03.914845+00:00
2704194,2,Moon Woo-jin,문우진,Acting,2025-03-02 01:14:54.379063+00:00,2025-03-04 07:00:03.914845+00:00
1886337,2,Kang Daniel,강다니엘,Acting,2025-03-02 01:14:54.379063+00:00,2025-03-04 07:00:03.914845+00:00
1029934,2,Justice Smith,Justice Smith,Acting,2025-03-02 01:14:54.379063+00:00,2025-03-04 07:00:03.914845+00:00
237076,2,Rikiya Koyama,小山力也,Acting,2025-03-02 01:14:54.379063+00:00,2025-03-04 07:00:03.914845+00:00
4314663,2,Keitatsu Koshiyama,Keitatsu Koshiyama,Acting,2025-03-02 01:14:54.379063+00:00,2025-03-04 07:00:03.914845+00:00
28463,2,Jean-Pierre Darroussin,Jean-Pierre Darroussin,Acting,2025-03-02 01:14:54.379063+00:00,2025-03-04 07:00:03.914845+00:00
110057,2,Shingo Katori,香取愼吾,Acting,2025-03-02 01:14:54.379063+00:00,2025-03-04 07:00:03.914845+00:00
5266791,2,You Su,蘇祐,Acting,2025-03-02 01:14:54.379063+00:00,2025-03-04 07:00:03.914845+00:00
226564,2,Mario Maurer,มาริโอ้ เมาเร่อ,Acting,2025-03-02 01:14:54.379063+00:00,2025-03-04 07:00:03.914845+00:00
1340,2,Chen Daoming,陈道明,Acting,2025-03-02 01:14:54.379063+00:00,2025-03-04 07:00:03.914845+00:00
70209,2,Yûsuke Iseya,伊勢谷友介,Acting,2025-03-02 01:14:54.379063+00:00,2025-03-04 07:00:03.914845+00:00
2204058,2,Giancarlo Martini,Giancarlo Martini,Acting,2025-03-02 01:14:54.379063+00:00,2025-03-04 07:00:03.914845+00:00
17120,2,Jung Woo-sung,정우성,Acting,2025-03-02 01:14:54.379063+00:00,2025-03-04 07:00:03.914845+00:00
1253008,2,Yoshimasa Hosoya,細谷佳正,Acting,2025-03-02 01:14:54.379063+00:00,2025-03-04 07:00:03.914845+00:00
23626,2,Liev Schreiber,Liev Schreiber,Acting,2025-03-02 01:14:54.379063+00:00,2025-03-04 07:00:03.914845+00:00
119241,2,Junichi Okada,岡田准一,Acting,2025-03-02 01:14:54.379063+00:00,2025-03-04 07:00:03.914845+00:00
12763,2,Joseph Fiennes,Joseph Fiennes,Acting,2025-03-02 01:14:54.379063+00:00,2025-03-04 07:00:03.914845+00:00
320709,2,Isao Bitō,尾藤イサオ,Acting,2025-03-02 01:14:54.379063+00:00,2025-03-04 07:00:03.914845+00:00
1361963,2,Tom Prior,Tom Prior,Acting,2025-03-02 01:14:54.379063+00:00,2025-03-04 07:00:03.914845+00:00
1738775,2,Chiba Tetsuya,千葉哲也,Acting,2025-03-02 01:14:54.379063+00:00,2025-03-04 07:00:03.914845+00:00
2045459,2,Huang Li Feng,黃禮豐,Acting,2025-03-02 01:14:54.379063+00:00,2025-03-04 07:00:03.914845+00:00
1613912,2,Lu Shih,Lu Shih,Acting,2025-03-02 01:14:54.379063+00:00,2025-03-04 07:00:03.914845+00:00
1277188,2,Jacob Tremblay,Jacob Tremblay,Acting,2025-03-02 01:14:54.379063+00:00,2025-03-04 07:00:03.914845+00:00
1599391,2,Jonah Hauer-King,Jonah Hauer-King,Acting,2025-03-02 01:14:54.379063+00:00,2025-03-04 07:00:03.914845+00:00
18616,2,David Morrissey,David Morrissey,Acting,2025-03-02 01:14:54.379063+00:00,2025-03-04 07:00:03.914845+00:00
2094225,2,Alessandro Piavani,Alessandro Piavani,Acting,2025-03-02 01:14:54.379063+00:00,2025-03-04 07:00:03.914845+00:00
1476330,2,Gabriel LaBelle,Gabriel LaBelle,Acting,2025-03-02 01:14:54.379063+00:00,2025-03-04 07:00:03.914845+00:00
2839,2,Brendan Sexton III,Brendan Sexton III,Acting,2025-03-02 01:14:54.379063+00:00,2025-03-04 07:00:03.914845+00:00
1209572,2,Pablo Molinero,Pablo Molinero,Acting,2025-03-02 01:14:54.379063+00:00,2025-03-04 07:00:03.914845+00:00
3781783,2,Shao-Hui Chen,Shao-Hui Chen,Acting,2025-03-02 01:14:54.379063+00:00,2025-03-04 07:00:03.914845+00:00
120560,2,Jim Piddock,Jim Piddock,Acting,2025-03-02 01:14:54.379063+00:00,2025-03-04 07:00:03.914845+00:00
1078674,2,Park Ji-hwan,박지환,Acting,2025-03-02 01:14:54.379063+00:00,2025-03-04 07:00:03.914845+00:00
24895,2,José Garcia,José Garcia,Acting,2025-03-02 01:14:54.379063+00:00,2025-03-04 07:00:03.914845+00:00
87944,2,Law Kar-Ying,羅家英,Acting,2025-03-02 01:14:54.379063+00:00,2025-03-04 07:00:03.914845+00:00
92824,2,Emotion Cheung Kam-Ching,張錦程,Acting,2025-03-02 01:14:54.379063+00:00,2025-03-04 07:00:03.914845+00:00
225603,2,Kenta Miyake,三宅健太,Acting,2025-03-02 01:14:54.379063+00:00,2025-03-04 07:00:03.914845+00:00
225655,2,Hidenobu Kiuchi,木内秀信,Acting,2025-03-02 01:14:54.379063+00:00,2025-03-04 07:00:03.914845+00:00
3663045,2,Josh Wu,Josh Wu,Acting,2025-03-02 01:14:54.379063+00:00,2025-03-04 07:00:03.914845+00:00
2858222,2,Rio Takahashi,高橋璃央,Acting,2025-03-02 01:14:54.379063+00:00,2025-03-04 07:00:03.914845+00:00
127248,2,Luis Gnecco,Luis Gnecco,Acting,2025-03-02 01:14:54.379063+00:00,2025-03-04 07:00:03.914845+00:00
1159982,2,Ansel Elgort,Ansel Elgort,Acting,2025-03-02 01:14:54.379063+00:00,2025-03-04 07:00:03.914845+00:00
3013234,2,Brady Hepner,Brady Hepner,Acting,2025-03-02 01:14:54.379063+00:00,2025-03-04 07:00:03.914845+00:00
920426,2,Mohammadali Keshavarz,محمدعلی کشاورز,Acting,2025-03-02 01:14:54.379063+00:00,2025-03-04 07:00:03.914845+00:00
68301,2,Will Sampson,Will Sampson,Acting,2025-03-02 01:14:54.379063+00:00,2025-03-04 07:00:03.914845+00:00
2219683,2,Maurice P. Kerry,Maurice P. Kerry,Acting,2025-03-02 01:14:54.379063+00:00,2025-03-04 07:00:03.914845+00:00
1192055,2,Aleksey Barabash,Алексей Барабаш,Acting,2025-03-02 01:14:54.379063+00:00,2025-03-04 07:00:03.914845+00:00
1629556,2,Felipe Rocha,Felipe Rocha,Acting,2025-03-02 01:14:54.379063+00:00,2025-03-04 07:00:03.914845+00:00
234907,2,Dar Salim,Dar Salim,Acting,2025-03-02 01:14:54.379063+00:00,2025-03-04 07:00:03.914845+00:00
66957,2,Nahuel Pérez Biscayart,Nahuel Pérez Biscayart,Acting,2025-03-02 01:14:54.379063+00:00,2025-03-04 07:00:03.914845+00:00
56286,2,Thibault Vinçon,Thibault Vinçon,Acting,2025-03-02 01:14:54.379063+00:00,2025-03-04 07:00:03.914845+00:00
86359,2,Rami Heuberger,Rami Heuberger,Acting,2025-03-02 01:14:54.379063+00:00,2025-03-04 07:00:03.914845+00:00
3291124,2,Jake Henderson,Jake Henderson,Acting,2025-03-02 01:14:54.379063+00:00,2025-03-04 07:00:03.914845+00:00
28514,2,Àlex Brendemühl,Àlex Brendemühl,Acting,2025-03-02 01:14:54.379063+00:00,2025-03-04 07:00:03.914845+00:00
1154300,2,Paul Haapaniemi,Paul Haapaniemi,Acting,2025-03-02 01:14:54.379063+00:00,2025-03-04 07:00:03.914845+00:00
573,2,Karl Bruckschwaiger,Karl Bruckschwaiger,Acting,2025-03-02 01:14:54.379063+00:00,2025-03-04 07:00:03.914845+00:00
1856377,2,Oh Dae-hwan,오대환,Acting,2025-03-02 01:14:54.379063+00:00,2025-03-04 07:00:03.914845+00:00
1929194,2,Hong Kyung,홍경,Acting,2025-03-02 01:14:54.379063+00:00,2025-03-04 07:00:03.914845+00:00
235233,2,Toshinori Omi,尾美としのり,Acting,2025-03-02 01:14:54.379063+00:00,2025-03-04 07:00:03.914845+00:00
2147509,2,Andrew Horton,Andrew Horton,Acting,2025-03-02 01:14:54.379063+00:00,2025-03-04 07:00:03.914845+00:00
25245,2,Jacky Cheung Hok-yau,張學友,Acting,2025-03-02 01:14:54.379063+00:00,2025-03-04 07:00:03.914845+00:00
2249745,2,Archie Madekwe,Archie Madekwe,Acting,2025-03-02 01:14:54.379063+00:00,2025-03-04 07:00:03.914845+00:00
58225,2,Zach Galifianakis,Zach Galifianakis,Acting,2025-03-02 01:14:54.379063+00:00,2025-03-04 07:00:03.914845+00:00
223477,2,Joel Basman,Joel Basman,Acting,2025-03-02 01:14:54.379063+00:00,2025-03-04 07:00:03.914845+00:00
2000335,2,Darren Barnet,Darren Barnet,Acting,2025-03-02 01:14:54.379063+00:00,2025-03-04 07:00:03.914845+00:00
1457004,2,Oscar Martínez,Oscar Martínez,Acting,2025-03-02 01:14:54.379063+00:00,2025-03-04 07:00:03.914845+00:00
16644,2,Dolph Lundgren,Dolph Lundgren,Acting,2025-03-02 01:14:54.379063+00:00,2025-03-04 07:00:03.914845+00:00
2343267,2,Micah Abbey,Micah Abbey,Acting,2025-03-02 01:14:54.379063+00:00,2025-03-04 07:00:03.914845+00:00
8349,2,Martin Sheen,Martin Sheen,Acting,2025-03-02 01:14:54.379063+00:00,2025-03-04 07:00:03.914845+00:00
1072267,2,Tu Man-Sheng,杜滿生,Acting,2025-03-02 01:14:54.379063+00:00,2025-03-04 07:00:03.914845+00:00
194,2,Richard Harris,Richard Harris,Acting,2025-03-02 01:14:54.379063+00:00,2025-03-04 07:00:03.914845+00:00
1093930,2,Ryuji Otsuka,Ryuji Otsuka,Camera,2025-03-02 01:14:54.379063+00:00,2025-03-04 07:00:03.914845+00:00
2146603,0,Amr Gamal,Amr Gamal,Directing,2025-03-02 01:14:54.379063+00:00,2025-03-04 07:00:03.914845+00:00
4150980,0,LIN Yu-wei,LIN Yu-wei,Directing,2025-03-02 01:14:54.379063+00:00,2025-03-04 07:00:03.914845+00:00
2085263,0,Choe Shin-gyu,최신규,Directing,2025-03-02 01:14:54.379063+00:00,2025-03-04 07:00:03.914845+00:00
571162,0,Kim Hong-ik,Kim Hong-ik,Directing,2025-03-02 01:14:54.379063+00:00,2025-03-04 07:00:03.914845+00:00
3240769,0,Kim Deok-min,Kim Deok-min,Directing,2025-03-02 01:14:54.379063+00:00,2025-03-04 07:00:03.914845+00:00
144791,1,Fiona Gordon,Fiona Gordon,Directing,2025-03-02 01:14:54.379063+00:00,2025-03-04 07:00:03.914845+00:00
1107609,1,Maria Sadowska,Maria Sadowska,Directing,2025-03-02 01:14:54.379063+00:00,2025-03-04 07:00:03.914845+00:00
3554638,1,Shiori Ito,伊藤詩織,Directing,2025-03-02 01:14:54.379063+00:00,2025-03-04 07:00:03.914845+00:00
137467,2,Ben Wheatley,Ben Wheatley,Directing,2025-03-02 09:35:42.269341+00:00,2025-03-04 07:00:03.914845+00:00
480529,2,Kim Gok,Kim Gok,Directing,2025-03-02 01:14:54.379063+00:00,2025-03-04 07:00:03.914845+00:00
1142171,2,Sebastián Lelio,Sebastián Lelio,Directing,2025-03-02 01:14:54.379063+00:00,2025-03-04 07:00:03.914845+00:00
1046090,2,Koji Fukada,深田晃司,Directing,2025-03-02 01:14:54.379063+00:00,2025-03-04 07:00:03.914845+00:00
488,2,Steven Spielberg,Steven Spielberg,Directing,2025-03-02 01:14:54.379063+00:00,2025-03-04 07:00:03.914845+00:00
83030,2,Lee Han,이한,Directing,2025-03-02 01:14:54.379063+00:00,2025-03-04 07:00:03.914845+00:00
3289,2,Paul Weitz,Paul Weitz,Directing,2025-03-02 01:14:54.379063+00:00,2025-03-04 07:00:03.914845+00:00
133691,2,Yoshihiro Fukagawa,深川栄洋,Directing,2025-03-02 01:14:54.379063+00:00,2025-03-04 07:00:03.914845+00:00
1293994,2,Jon Watts,Jon Watts,Directing,2025-03-02 01:14:54.379063+00:00,2025-03-04 07:00:03.914845+00:00
1884,2,Steven Soderbergh,Steven Soderbergh,Directing,2025-03-02 01:14:54.379063+00:00,2025-03-04 07:00:03.914845+00:00
41671,2,Nimród Antal,Nimród Antal,Directing,2025-03-02 01:14:54.379063+00:00,2025-03-04 07:00:03.914845+00:00
3891119,2,Krisda Witthayakhajorndet,กฤษดา วิทยาขจรเดช,Directing,2025-03-02 01:14:54.379063+00:00,2025-03-04 07:00:03.914845+00:00
65994,2,Andrew Lau Wai-Keung,劉偉強,Directing,2025-03-02 01:14:54.379063+00:00,2025-03-04 07:00:03.914845+00:00
86325,2,Ryoo Seung-wan,류승완,Directing,2025-03-02 01:14:54.379063+00:00,2025-03-04 07:00:03.914845+00:00
1191094,2,Potsy Ponciroli,Potsy Ponciroli,Directing,2025-03-02 01:14:54.379063+00:00,2025-03-04 07:00:03.914845+00:00
6431,2,Darren Aronofsky,Darren Aronofsky,Directing,2025-03-02 01:14:54.379063+00:00,2025-03-04 07:00:03.914845+00:00
10099,2,Park Chan-wook,박찬욱,Directing,2025-03-02 01:14:54.379063+00:00,2025-03-04 07:00:03.914845+00:00
65167,2,Scott Cooper,Scott Cooper,Directing,2025-03-02 01:14:54.379063+00:00,2025-03-04 07:00:03.914845+00:00
1072375,2,Kim Sung-soo,김성수,Directing,2025-03-02 01:14:54.379063+00:00,2025-03-04 07:00:03.914845+00:00
992866,2,Takahiro Omori,大森貴弘,Directing,2025-03-02 01:14:54.379063+00:00,2025-03-04 07:00:03.914845+00:00
1777187,0,Hakase-Sun,Hakase-Sun,Sound,2025-03-02 01:14:54.379063+00:00,2025-03-04 07:00:03.914845+00:00
7929,2,Angus MacLane,Angus MacLane,Visual Effects,2025-03-02 01:14:54.379063+00:00,2025-03-04 07:00:03.914845+00:00
1454692,0,Jean-Philippe Vine,Jean-Philippe Vine,Writing,2025-03-02 01:14:54.379063+00:00,2025-03-04 07:00:03.914845+00:00
1211000,2,Tom Gormican,Tom Gormican,Writing,2025-03-02 01:14:54.379063+00:00,2025-03-04 07:00:03.914845+00:00
71267,2,Kirk DeMicco,Kirk DeMicco,Writing,2025-03-02 01:14:54.379063+00:00,2025-03-04 07:00:03.914845+00:00
1318201,2,Jared Bush,Jared Bush,Writing,2025-03-02 01:14:54.379063+00:00,2025-03-04 07:00:03.914845+00:00
3354848,0,Anastasia Lin,Anastasia Lin,Acting,2025-03-02 01:14:54.379063+00:00,2025-03-04 07:00:03.914845+00:00
2447256,0,Dave Turner,Dave Turner,Acting,2025-03-02 01:14:54.379063+00:00,2025-03-04 07:00:03.914845+00:00
4552499,0,Romane Meunier,Romane Meunier,Acting,2025-03-02 01:14:54.379063+00:00,2025-03-04 07:00:03.914845+00:00
2104306,0,Naomi Watanabe,Naomi Watanabe,Acting,2025-03-02 01:14:54.379063+00:00,2025-03-04 07:00:03.914845+00:00
3354849,0,Ting Wu,Ting Wu,Acting,2025-03-02 01:14:54.379063+00:00,2025-03-04 07:00:03.914845+00:00
4891315,0,Gustavo Barrientos,Gustavo Barrientos,Acting,2025-03-02 01:14:54.379063+00:00,2025-03-04 07:00:03.914845+00:00
2455221,0,Ju Lin,Ju Lin,Acting,2025-03-02 01:14:54.379063+00:00,2025-03-04 07:00:03.914845+00:00
1859256,0,Luca Avallone,Luca Avallone,Acting,2025-03-02 01:14:54.379063+00:00,2025-03-04 07:00:03.914845+00:00
3370496,0,Amber Metdepenningen,Amber Metdepenningen,Acting,2025-03-02 01:14:54.379063+00:00,2025-03-04 07:00:03.914845+00:00
3040744,0,James Dyke,James Dyke,Acting,2025-03-02 01:14:54.379063+00:00,2025-03-04 07:00:03.914845+00:00
4153459,0,David Durst,David Durst,Acting,2025-03-02 01:14:54.379063+00:00,2025-03-04 07:00:03.914845+00:00
2555254,1,Magui Bravi,Magui Bravi,Acting,2025-03-02 01:14:54.379063+00:00,2025-03-04 07:00:03.914845+00:00
1464650,1,Dafne Keen,Dafne Keen,Acting,2025-03-02 01:14:54.379063+00:00,2025-03-04 07:00:03.914845+00:00
25651,1,Momoko Shimizu,清水萌々子,Acting,2025-03-02 01:14:54.379063+00:00,2025-03-04 07:00:03.914845+00:00
1985311,1,Nisa Sofiya Aksongur,Nisa Sofiya Aksongur,Acting,2025-03-02 01:14:54.379063+00:00,2025-03-04 07:00:03.914845+00:00
72129,1,Jennifer Lawrence,Jennifer Lawrence,Acting,2025-03-02 01:14:54.379063+00:00,2025-03-04 07:00:03.914845+00:00
1437491,1,Ariana DeBose,Ariana DeBose,Acting,2025-03-02 01:14:54.379063+00:00,2025-03-04 07:00:03.914845+00:00
18973,1,Mila Kunis,Mila Kunis,Acting,2025-03-02 01:14:54.379063+00:00,2025-03-04 07:00:03.914845+00:00
1546496,1,Jennifer Nettles,Jennifer Nettles,Acting,2025-03-02 09:35:42.269341+00:00,2025-03-04 07:00:03.914845+00:00
35137,1,Josiane Balasko,Josiane Balasko,Acting,2025-03-02 01:14:54.379063+00:00,2025-03-04 07:00:03.914845+00:00
107708,1,Hikari Ishida,石田ひかり,Acting,2025-03-02 01:14:54.379063+00:00,2025-03-04 07:00:03.914845+00:00
123805,1,Jeong Soo-young,정수영,Acting,2025-03-02 01:14:54.379063+00:00,2025-03-04 07:00:03.914845+00:00
1525617,1,Park So-jin,박소진,Acting,2025-03-02 01:14:54.379063+00:00,2025-03-04 07:00:03.914845+00:00
11701,1,Angelina Jolie,Angelina Jolie,Acting,2025-03-02 01:14:54.379063+00:00,2025-03-04 07:00:03.914845+00:00
11148,1,Joan Allen,Joan Allen,Acting,2025-03-02 01:14:54.379063+00:00,2025-03-04 07:00:03.914845+00:00
10990,1,Emma Watson,Emma Watson,Acting,2025-03-02 01:14:54.379063+00:00,2025-03-04 07:00:03.914845+00:00
3508929,1,Mallory Wanecque,Mallory Wanecque,Acting,2025-03-02 01:14:54.379063+00:00,2025-03-04 07:00:03.914845+00:00
1117876,1,Kwon Yea-young,Kwon Yea-young,Acting,2025-03-02 01:14:54.379063+00:00,2025-03-04 07:00:03.914845+00:00
3497796,1,Sin-Ting Huang,Sin-Ting Huang,Acting,2025-03-02 01:14:54.379063+00:00,2025-03-04 07:00:03.914845+00:00
3507185,1,Fanny Vaager,Fanny Vaager,Acting,2025-03-02 01:14:54.379063+00:00,2025-03-04 07:00:03.914845+00:00
1385600,1,Noémie Merlant,Noémie Merlant,Acting,2025-03-02 01:14:54.379063+00:00,2025-03-04 07:00:03.914845+00:00
2823699,1,Jessica Lee,Jessica Lee,Acting,2025-03-02 01:14:54.379063+00:00,2025-03-04 07:00:03.914845+00:00
1696017,1,Darby Camp,Darby Camp,Acting,2025-03-02 01:14:54.379063+00:00,2025-03-04 07:00:03.914845+00:00
72040,1,Isabella Leong Lok-Sze,梁洛施,Acting,2025-03-02 01:14:54.379063+00:00,2025-03-04 07:00:03.914845+00:00
1255182,1,Sei Matobu,真飛聖,Acting,2025-03-02 01:14:54.379063+00:00,2025-03-04 07:00:03.914845+00:00
222665,1,Amy Aaröe,Amy Aaröe,Acting,2025-03-02 01:14:54.379063+00:00,2025-03-04 07:00:03.914845+00:00
1384989,1,Tarja Markus,Tarja Markus,Acting,2025-03-02 01:14:54.379063+00:00,2025-03-04 07:00:03.914845+00:00
3562054,1,Summer Chan,Summer Chan,Acting,2025-03-02 01:14:54.379063+00:00,2025-03-04 07:00:03.914845+00:00
20577,1,Amira Casar,Amira Casar,Acting,2025-03-02 01:14:54.379063+00:00,2025-03-04 07:00:03.914845+00:00
2798462,1,Iman Vellani,Iman Vellani,Acting,2025-03-02 01:14:54.379063+00:00,2025-03-04 07:00:03.914845+00:00
1875841,1,JENNIE,제니,Acting,2025-03-02 01:14:54.379063+00:00,2025-03-04 07:00:03.914845+00:00
54948,1,Ursina Lardi,Ursina Lardi,Acting,2025-03-02 01:14:54.379063+00:00,2025-03-04 07:00:03.914845+00:00
2372082,1,Cherry Hsieh,謝瓊煖,Acting,2025-03-02 01:14:54.379063+00:00,2025-03-04 07:00:03.914845+00:00
2631321,1,Olivia Rouyre,Olivia Rouyre,Acting,2025-03-02 01:14:54.379063+00:00,2025-03-04 07:00:03.914845+00:00
1374555,1,Kim Sae-byuk,김새벽,Acting,2025-03-02 01:14:54.379063+00:00,2025-03-04 07:00:03.914845+00:00
35000,1,Marlène Jobert,Marlène Jobert,Acting,2025-03-02 01:14:54.379063+00:00,2025-03-04 07:00:03.914845+00:00
564846,1,Park Mi-hyun,박미현,Acting,2025-03-02 09:35:42.269341+00:00,2025-03-04 07:00:03.914845+00:00
516,1,Annette Bening,Annette Bening,Acting,2025-03-02 01:14:54.379063+00:00,2025-03-04 07:00:03.914845+00:00
679,1,Franka Potente,Franka Potente,Acting,2025-03-02 01:14:54.379063+00:00,2025-03-04 07:00:03.914845+00:00
44917,1,Anita Mui Yim-Fong,梅艷芳,Acting,2025-03-02 01:14:54.379063+00:00,2025-03-04 07:00:03.914845+00:00
5149,1,Bonnie Hunt,Bonnie Hunt,Acting,2025-03-02 01:14:54.379063+00:00,2025-03-04 07:00:03.914845+00:00
123807,1,Lee Da-hee,이다희,Acting,2025-03-02 01:14:54.379063+00:00,2025-03-04 07:00:03.914845+00:00
1903874,1,Maya Hawke,Maya Hawke,Acting,2025-03-02 01:14:54.379063+00:00,2025-03-04 07:00:03.914845+00:00
20330,1,Yuriko Ishida,石田ゆり子,Acting,2025-03-02 01:14:54.379063+00:00,2025-03-04 07:00:03.914845+00:00
1269294,1,Yuna Taira,平祐奈,Acting,2025-03-02 01:14:54.379063+00:00,2025-03-04 07:00:03.914845+00:00
2560224,1,Milena Smit,Milena Smit,Acting,2025-03-02 01:14:54.379063+00:00,2025-03-04 07:00:03.914845+00:00
86800,1,Chloe Bailey,Chloe Bailey,Acting,2025-03-02 01:14:54.379063+00:00,2025-03-04 07:00:03.914845+00:00
3088307,1,Mounia Lamkimel,Mounia Lamkimel,Acting,2025-03-02 01:14:54.379063+00:00,2025-03-04 07:00:03.914845+00:00
3850076,1,Utaha,詩羽,Acting,2025-03-02 01:14:54.379063+00:00,2025-03-04 07:00:03.914845+00:00
2409321,1,Jia-Yin Tsai,Jia-Yin Tsai,Acting,2025-03-02 01:14:54.379063+00:00,2025-03-04 07:00:03.914845+00:00
1284731,1,Karuna Looktumthong,Karuna Looktumthong,Acting,2025-03-02 01:14:54.379063+00:00,2025-03-04 07:00:03.914845+00:00
2463030,1,Iain Lu,Iain Lu,Acting,2025-03-02 01:14:54.379063+00:00,2025-03-04 07:00:03.914845+00:00
9827,1,Rose Byrne,Rose Byrne,Acting,2025-03-02 01:14:54.379063+00:00,2025-03-04 07:00:03.914845+00:00
1060565,1,Marina Abramović,Marina Abramović,Acting,2025-03-02 01:14:54.379063+00:00,2025-03-04 07:00:03.914845+00:00
147882,1,Maud Wyler,Maud Wyler,Acting,2025-03-02 01:14:54.379063+00:00,2025-03-04 07:00:03.914845+00:00
11281,1,Sinéad Cusack,Sinéad Cusack,Acting,2025-03-02 01:14:54.379063+00:00,2025-03-04 07:00:03.914845+00:00
2241366,1,Ayasa Ito,伊藤彩沙,Acting,2025-03-02 01:14:54.379063+00:00,2025-03-04 07:00:03.914845+00:00
3844059,1,Matilda Firth,Matilda Firth,Acting,2025-03-02 01:14:54.379063+00:00,2025-03-04 07:00:03.914845+00:00
2181417,1,Hồng Đào,Hồng Đào,Acting,2025-03-02 01:14:54.379063+00:00,2025-03-04 07:00:03.914845+00:00
3831524,1,Thitiya Jirapornsilp,ธิติยา จิระพรศิลป์,Acting,2025-03-02 01:14:54.379063+00:00,2025-03-04 07:00:03.914845+00:00
6859,1,Mía Maestro,Mía Maestro,Acting,2025-03-02 01:14:54.379063+00:00,2025-03-04 07:00:03.914845+00:00
1160181,2,Ser'Darius Blain,Ser'Darius Blain,Acting,2025-03-02 01:14:54.379063+00:00,2025-03-04 07:00:03.914845+00:00
1191895,2,Pongtap Anurat,พงศ์เทพ อนุรัตน์,Acting,2025-03-02 01:14:54.379063+00:00,2025-03-04 07:00:03.914845+00:00
18352,2,Patrick Dempsey,Patrick Dempsey,Acting,2025-03-02 01:14:54.379063+00:00,2025-03-04 07:00:03.914845+00:00
123820,2,Kim Sang-ho,김상호,Acting,2025-03-02 01:14:54.379063+00:00,2025-03-04 07:00:03.914845+00:00
3058259,2,Nicolas Maupas,Nicolas Maupas,Acting,2025-03-02 01:14:54.379063+00:00,2025-03-04 07:00:03.914845+00:00
3044930,2,Will Brisbin,Will Brisbin,Acting,2025-03-02 01:14:54.379063+00:00,2025-03-04 07:00:03.914845+00:00
70336,2,Won Bin,원빈,Acting,2025-03-02 01:14:54.379063+00:00,2025-03-04 07:00:03.914845+00:00
4502114,2,Noriyuki Yamaguchi,山口敬之,Acting,2025-03-02 01:14:54.379063+00:00,2025-03-04 07:00:03.914845+00:00
931398,2,Nicolas Bridet,Nicolas Bridet,Acting,2025-03-02 01:14:54.379063+00:00,2025-03-04 07:00:03.914845+00:00
1064143,2,Shinya Kote,小手伸也,Acting,2025-03-02 01:14:54.379063+00:00,2025-03-04 07:00:03.914845+00:00
1270506,2,Sanya Kunakorn,สัญญา คุณากร,Acting,2025-03-02 01:14:54.379063+00:00,2025-03-04 07:00:03.914845+00:00
1352168,2,Iszur Muchtar,Iszur Muchtar,Acting,2025-03-02 01:14:54.379063+00:00,2025-03-04 07:00:03.914845+00:00
2983,2,Mark Strong,Mark Strong,Acting,2025-03-02 01:14:54.379063+00:00,2025-03-04 07:00:03.914845+00:00
1781672,2,Masao Yoshii,好井まさお,Acting,2025-03-02 01:14:54.379063+00:00,2025-03-04 07:00:03.914845+00:00
8654,2,Matthew Modine,Matthew Modine,Acting,2025-03-02 01:14:54.379063+00:00,2025-03-04 07:00:03.914845+00:00
3044449,2,Park Ki-ryung,Park Ki-ryung,Acting,2025-03-02 01:14:54.379063+00:00,2025-03-04 07:00:03.914845+00:00
1613352,2,Toshiki Masuda,増田俊樹,Acting,2025-03-02 01:14:54.379063+00:00,2025-03-04 07:00:03.914845+00:00
586791,2,Oshirō Maeda,前田旺志郎,Acting,2025-03-02 01:14:54.379063+00:00,2025-03-04 07:00:03.914845+00:00
12670,2,Takuya Kimura,木村拓哉,Acting,2025-03-02 01:14:54.379063+00:00,2025-03-04 07:00:03.914845+00:00
15397,2,Lino Ventura,Lino Ventura,Acting,2025-03-02 01:14:54.379063+00:00,2025-03-04 07:00:03.914845+00:00
2304140,2,Spike Fearn,Spike Fearn,Acting,2025-03-02 01:14:54.379063+00:00,2025-03-04 07:00:03.914845+00:00
3901,2,Richard Brake,Richard Brake,Acting,2025-03-02 01:14:54.379063+00:00,2025-03-04 07:00:03.914845+00:00
1535053,2,Julian Maroun,Julian Maroun,Acting,2025-03-02 01:14:54.379063+00:00,2025-03-04 07:00:03.914845+00:00
2975332,2,Hitoshi Omika,Hitoshi Omika,Acting,2025-03-02 01:14:54.379063+00:00,2025-03-04 07:00:03.914845+00:00
74949,2,Joel McHale,Joel McHale,Acting,2025-03-02 01:14:54.379063+00:00,2025-03-04 07:00:03.914845+00:00
2357699,2,Takenori Goto,後藤剛範,Acting,2025-03-02 01:14:54.379063+00:00,2025-03-04 07:00:03.914845+00:00
1919397,2,Juan Pablo Urrego,Juan Pablo Urrego,Acting,2025-03-02 01:14:54.379063+00:00,2025-03-04 07:00:03.914845+00:00
2108778,2,Phuwin Tangsakyuen,ภูวินทร์ ตั้งศักดิ์ยืน,Acting,2025-03-02 01:14:54.379063+00:00,2025-03-04 07:00:03.914845+00:00
3217936,2,Wang Haojun,Wang Junhao,Acting,2025-03-02 01:14:54.379063+00:00,2025-03-04 07:00:03.914845+00:00
17577,2,Pierre Clémenti,Pierre Clémenti,Acting,2025-03-02 01:14:54.379063+00:00,2025-03-04 07:00:03.914845+00:00
87954,2,Scott Haze,Scott Haze,Acting,2025-03-02 01:14:54.379063+00:00,2025-03-04 07:00:03.914845+00:00
12111,2,Justin Timberlake,Justin Timberlake,Acting,2025-03-02 01:14:54.379063+00:00,2025-03-04 07:00:03.914845+00:00
4342791,2,Kurt Huang,黃宏軒,Acting,2025-03-02 01:14:54.379063+00:00,2025-03-04 07:00:03.914845+00:00
12974,2,Leon,Leon,Acting,2025-03-02 01:14:54.379063+00:00,2025-03-04 07:00:03.914845+00:00
1402805,2,Go Morita,森田剛,Acting,2025-03-02 01:14:54.379063+00:00,2025-03-04 07:00:03.914845+00:00
1303813,2,Erik Athavale,Erik Athavale,Acting,2025-03-02 01:14:54.379063+00:00,2025-03-04 07:00:03.914845+00:00
483327,2,Joem Bascon,Joem Bascon,Acting,2025-03-02 01:14:54.379063+00:00,2025-03-04 07:00:03.914845+00:00
27166,2,Umberto Orsini,Umberto Orsini,Acting,2025-03-02 01:14:54.379063+00:00,2025-03-04 07:00:03.914845+00:00
231476,2,Lee Kyung-young,이경영,Acting,2025-03-02 01:14:54.379063+00:00,2025-03-04 07:00:03.914845+00:00
578833,2,Chung Sung-hwa,정성화,Acting,2025-03-02 01:14:54.379063+00:00,2025-03-04 07:00:03.914845+00:00
49025,2,Samuel Le Bihan,Samuel Le Bihan,Acting,2025-03-02 01:14:54.379063+00:00,2025-03-04 07:00:03.914845+00:00
142425,2,Cha In-pyo,차인표,Acting,2025-03-02 01:14:54.379063+00:00,2025-03-04 07:00:03.914845+00:00
1332971,2,Dean-Charles Chapman,Dean-Charles Chapman,Acting,2025-03-02 01:14:54.379063+00:00,2025-03-04 07:00:03.914845+00:00
583722,2,Patrick Pineau,Patrick Pineau,Acting,2025-03-02 09:35:42.269341+00:00,2025-03-04 07:00:03.914845+00:00
74110,2,Antoine Duléry,Antoine Duléry,Acting,2025-03-02 01:14:54.379063+00:00,2025-03-04 07:00:03.914845+00:00
137354,2,Franco Branciaroli,Franco Branciaroli,Acting,2025-03-02 01:14:54.379063+00:00,2025-03-04 07:00:03.914845+00:00
97320,2,Takanori Jinnai,陣内孝則,Acting,2025-03-02 01:14:54.379063+00:00,2025-03-04 07:00:03.914845+00:00
1308875,2,Vytautas Kaniušonis,Vytautas Kaniušonis,Acting,2025-03-02 01:14:54.379063+00:00,2025-03-04 07:00:03.914845+00:00
111420,2,Lars Eidinger,Lars Eidinger,Acting,2025-03-02 01:14:54.379063+00:00,2025-03-04 07:00:03.914845+00:00
3783415,2,Ting-Hsuan Lin,Ting-Hsuan Lin,Acting,2025-03-02 01:14:54.379063+00:00,2025-03-04 07:00:03.914845+00:00
18080,2,Alex James,Alex James,Acting,2025-03-02 01:14:54.379063+00:00,2025-03-04 07:00:03.914845+00:00
509344,2,Luca Marinelli,Luca Marinelli,Acting,2025-03-02 01:14:54.379063+00:00,2025-03-04 07:00:03.914845+00:00
38529,2,Yves Jacques,Yves Jacques,Acting,2025-03-02 01:14:54.379063+00:00,2025-03-04 07:00:03.914845+00:00
1343666,2,Bhuripat Vejvongsatechavat,ภูริพรรธน์ เวชวงศาเตชาวัชร์,Acting,2025-03-02 01:14:54.379063+00:00,2025-03-04 07:00:03.914845+00:00
55584,2,Ingvar E. Sigurðsson,Ingvar E. Sigurðsson,Acting,2025-03-02 01:14:54.379063+00:00,2025-03-04 07:00:03.914845+00:00
3553983,2,Gustav De Waele,Gustav De Waele,Acting,2025-03-02 01:14:54.379063+00:00,2025-03-04 07:00:03.914845+00:00
133699,2,Jiro Sato,佐藤二朗,Acting,2025-03-02 01:14:54.379063+00:00,2025-03-04 07:00:03.914845+00:00
1728012,2,Hiroki Iijima,飯島寛騎,Acting,2025-03-02 01:14:54.379063+00:00,2025-03-04 07:00:03.914845+00:00
1299592,2,Sun Min,Sun Min,Acting,2025-03-02 01:14:54.379063+00:00,2025-03-04 07:00:03.914845+00:00
1241498,2,Daisuke Ono,小野大輔,Acting,2025-03-02 01:14:54.379063+00:00,2025-03-04 07:00:03.914845+00:00
555255,2,Takashi Tachibana,立花隆,Acting,2025-03-02 01:14:54.379063+00:00,2025-03-04 07:00:03.914845+00:00
102221,2,Rubén Ochandiano,Rubén Ochandiano,Acting,2025-03-02 01:14:54.379063+00:00,2025-03-04 07:00:03.914845+00:00
2352919,2,Xue Baohe,Xue Baohe,Acting,2025-03-02 01:14:54.379063+00:00,2025-03-04 07:00:03.914845+00:00
24422,2,Bernard Fresson,Bernard Fresson,Acting,2025-03-02 01:14:54.379063+00:00,2025-03-04 07:00:03.914845+00:00
30082,2,Benedict Wong,Benedict Wong,Acting,2025-03-02 01:14:54.379063+00:00,2025-03-04 07:00:03.914845+00:00
1248374,2,Takuya Eguchi,江口拓也,Acting,2025-03-02 01:14:54.379063+00:00,2025-03-04 07:00:03.914845+00:00
3302971,2,Milo Machado-Graner,Milo Machado-Graner,Acting,2025-03-02 01:14:54.379063+00:00,2025-03-04 07:00:03.914845+00:00
3089421,2,Endo Fumiya,Endo Fumiya,Acting,2025-03-02 01:14:54.379063+00:00,2025-03-04 07:00:03.914845+00:00
89599,2,Eric Bauza,Eric Bauza,Acting,2025-03-02 01:14:54.379063+00:00,2025-03-04 07:00:03.914845+00:00
933640,2,Angus Wright,Angus Wright,Acting,2025-03-02 01:14:54.379063+00:00,2025-03-04 07:00:03.914845+00:00
141337,2,Gurmit Singh,Gurmit Singh,Acting,2025-03-02 01:14:54.379063+00:00,2025-03-04 07:00:03.914845+00:00
1590758,3,Emily Carey,Emily Carey,Acting,2025-03-02 01:14:54.379063+00:00,2025-03-04 07:00:03.914845+00:00
69841,1,Huang Wen-Ying,黃文英,Art,2025-03-02 01:14:54.379063+00:00,2025-03-04 07:00:03.914845+00:00
3352136,2,Darnell Appling,Darnell Appling,Crew,2025-03-02 01:14:54.379063+00:00,2025-03-04 07:00:03.914845+00:00
2441491,0,Lai Meng-Chieh,Lai Meng-Chieh,Directing,2025-03-02 01:14:54.379063+00:00,2025-03-04 07:00:03.914845+00:00
3992668,0,Quentin L'helgoualc'h,Quentin L'helgoualc'h,Directing,2025-03-02 01:14:54.379063+00:00,2025-03-04 07:00:03.914845+00:00
4228634,0,YANG Shou-Yi,YANG Shou-Yi,Directing,2025-03-02 01:14:54.379063+00:00,2025-03-04 07:00:03.914845+00:00
1679853,0,Fernando González Gómez,Fernando González Gómez,Directing,2025-03-02 01:14:54.379063+00:00,2025-03-04 07:00:03.914845+00:00
2178483,0,Mate Yimsomboon,Mate Yimsomboon,Directing,2025-03-02 01:14:54.379063+00:00,2025-03-04 07:00:03.914845+00:00
3034407,0,Chris McCune,Chris McCune,Directing,2025-03-02 01:14:54.379063+00:00,2025-03-04 07:00:03.914845+00:00
2742953,0,Mark Toia,Mark Toia,Directing,2025-03-02 01:14:54.379063+00:00,2025-03-04 07:00:03.914845+00:00
2830542,0,Vanya Peirani-Vignes,Vanya Peirani-Vignes,Directing,2025-03-02 01:14:54.379063+00:00,2025-03-04 07:00:03.914845+00:00
96449,1,Clara Law,Clara Law,Directing,2025-03-02 01:14:54.379063+00:00,2025-03-04 07:00:03.914845+00:00
2936479,1,Sumie Noro,野呂純恵,Directing,2025-03-02 01:14:54.379063+00:00,2025-03-04 07:00:03.914845+00:00
2446058,1,Julia Shuvchinskaya,Julia Shuvchinskaya,Directing,2025-03-02 01:14:54.379063+00:00,2025-03-04 07:00:03.914845+00:00
46230,2,Nagisa Ōshima,大島渚,Directing,2025-03-02 01:14:54.379063+00:00,2025-03-04 07:00:03.914845+00:00
3004520,2,Ng Choon Ping,Ng Choon Ping,Directing,2025-03-02 01:14:54.379063+00:00,2025-03-04 07:00:03.914845+00:00
129825,2,Richard Jobson,Richard Jobson,Directing,2025-03-02 01:14:54.379063+00:00,2025-03-04 07:00:03.914845+00:00
1047497,2,Christian Bisceglia,Christian Bisceglia,Directing,2025-03-02 01:14:54.379063+00:00,2025-03-04 07:00:03.914845+00:00
3607923,2,Choe Won-kyung,Choe Won-kyung,Directing,2025-03-02 01:14:54.379063+00:00,2025-03-04 07:00:03.914845+00:00
225055,2,Jack Neo,Jack Neo,Directing,2025-03-02 01:14:54.379063+00:00,2025-03-04 07:00:03.914845+00:00
2085264,2,Kim Jin-cheol,Kim Jin-cheol,Directing,2025-03-02 01:14:54.379063+00:00,2025-03-04 07:00:03.914845+00:00
58021,2,Tinto Brass,Tinto Brass,Directing,2025-03-02 01:14:54.379063+00:00,2025-03-04 07:00:03.914845+00:00
1383612,2,Daniel Kwan,Daniel Kwan,Directing,2025-03-02 01:14:54.379063+00:00,2025-03-04 07:00:03.914845+00:00
2669990,2,Viktor Glukhushin,Виктор Глухушин,Directing,2025-03-02 01:14:54.379063+00:00,2025-03-04 07:00:03.914845+00:00
2868035,2,Leo Liu,Leo Liu,Directing,2025-03-02 01:14:54.379063+00:00,2025-03-04 07:00:03.914845+00:00
2382146,2,Shu Honma,本間修,Directing,2025-03-02 01:14:54.379063+00:00,2025-03-04 07:00:03.914845+00:00
46085,2,Luis Mandoki,Luis Mandoki,Directing,2025-03-02 01:14:54.379063+00:00,2025-03-04 07:00:03.914845+00:00
118772,2,Abderrahmane Sissako,Abderrahmane Sissako,Directing,2025-03-02 01:14:54.379063+00:00,2025-03-04 07:00:03.914845+00:00
1451375,2,Johannes Persson,Johannes Persson,Production,2025-03-02 01:14:54.379063+00:00,2025-03-04 07:00:03.914845+00:00
1038736,0,Alvin B. Yapan,Alvin B. Yapan,Writing,2025-03-02 01:14:54.379063+00:00,2025-03-04 07:00:03.914845+00:00
1719706,2,Aaron Horvath,Aaron Horvath,Writing,2025-03-02 01:14:54.379063+00:00,2025-03-04 07:00:03.914845+00:00
4016176,0,Mohammed Louridi,Mohammed Louridi,Acting,2025-03-02 01:14:54.379063+00:00,2025-03-04 07:00:03.914845+00:00
2316734,0,Marzia Pellegrino,Marzia Pellegrino,Acting,2025-03-02 01:14:54.379063+00:00,2025-03-04 07:00:03.914845+00:00
5166335,0,Didier Sedoha Nassangade,Didier Sedoha Nassangade,Acting,2025-03-02 01:14:54.379063+00:00,2025-03-04 07:00:03.914845+00:00
3516832,0,Tobias Resch,Tobias Resch,Acting,2025-03-02 01:14:54.379063+00:00,2025-03-04 07:00:03.914845+00:00
3838522,0,Anna hisbbuR,Anna hisbbuR,Acting,2025-03-02 01:14:54.379063+00:00,2025-03-04 07:00:03.914845+00:00
3665018,0,Judy Coates,Judy Coates,Acting,2025-03-02 01:14:54.379063+00:00,2025-03-04 07:00:03.914845+00:00
3304908,0,Ryan Robertson,Ryan Robertson,Acting,2025-03-02 01:14:54.379063+00:00,2025-03-04 07:00:03.914845+00:00
4289877,0,Maverick Chau Shing Mak,Maverick Chau Shing Mak,Acting,2025-03-02 01:14:54.379063+00:00,2025-03-04 07:00:03.914845+00:00
2619434,0,Iván Renedo,Iván Renedo,Acting,2025-03-02 01:14:54.379063+00:00,2025-03-04 07:00:03.914845+00:00
1503200,1,FKA twigs,FKA twigs,Acting,2025-03-02 01:14:54.379063+00:00,2025-03-04 07:00:03.914845+00:00
3706606,1,Hibiki Kitazawa,Hibiki Kitazawa,Acting,2025-03-02 01:14:54.379063+00:00,2025-03-04 07:00:03.914845+00:00
556356,1,Vanessa Kirby,Vanessa Kirby,Acting,2025-03-02 01:14:54.379063+00:00,2025-03-04 07:00:03.914845+00:00
1536086,1,Waruntorn Paonil,วรันธร เปานิล,Acting,2025-03-02 01:14:54.379063+00:00,2025-03-04 07:00:03.914845+00:00
8993,1,Simone Mareuil,Simone Mareuil,Acting,2025-03-02 01:14:54.379063+00:00,2025-03-04 07:00:03.914845+00:00
19163,1,Virginie Ledoyen,Virginie Ledoyen,Acting,2025-03-02 01:14:54.379063+00:00,2025-03-04 07:00:03.914845+00:00
1129140,1,Noemi Besedes,Noemi Besedes,Acting,2025-03-02 01:14:54.379063+00:00,2025-03-04 07:00:03.914845+00:00
149988,1,Nadège Beausson-Diagne,Nadège Beausson-Diagne,Acting,2025-03-02 01:14:54.379063+00:00,2025-03-04 07:00:03.914845+00:00
1568025,1,Venus Ariel,Venus Ariel,Acting,2025-03-02 01:14:54.379063+00:00,2025-03-04 07:00:03.914845+00:00
564891,1,Janine Chang Chun-Ning,張鈞甯,Acting,2025-03-02 01:14:54.379063+00:00,2025-03-04 07:00:03.914845+00:00
1260481,1,Greta Lee,Greta Lee,Acting,2025-03-02 01:14:54.379063+00:00,2025-03-04 07:00:03.914845+00:00
36819,1,Hayley Mills,Hayley Mills,Acting,2025-03-02 01:14:54.379063+00:00,2025-03-04 07:00:03.914845+00:00
1717121,1,Natsumi Fujiwara,藤原夏海,Acting,2025-03-02 01:14:54.379063+00:00,2025-03-04 07:00:03.914845+00:00
19189,1,Elizabeth Berkley,Elizabeth Berkley,Acting,2025-03-02 01:14:54.379063+00:00,2025-03-04 07:00:03.914845+00:00
1186659,1,Lily Sullivan,Lily Sullivan,Acting,2025-03-02 01:14:54.379063+00:00,2025-03-04 07:00:03.914845+00:00
1755036,1,Jin Seo-yeon,진서연,Acting,2025-03-02 01:14:54.379063+00:00,2025-03-04 07:00:03.914845+00:00
1195939,1,Ayaka Miyoshi,三吉彩花,Acting,2025-03-02 01:14:54.379063+00:00,2025-03-04 07:00:03.914845+00:00
32683,1,Sidse Babett Knudsen,Sidse Babett Knudsen,Acting,2025-03-02 01:14:54.379063+00:00,2025-03-04 07:00:03.914845+00:00
2349205,1,Yuki Katayama,片山友希,Acting,2025-03-02 01:14:54.379063+00:00,2025-03-04 07:00:03.914845+00:00
1431537,1,Charlotte De Bruyne,Charlotte De Bruyne,Acting,2025-03-02 01:14:54.379063+00:00,2025-03-04 07:00:03.914845+00:00
203268,1,Yukari Tamura,田村ゆかり,Acting,2025-03-02 01:14:54.379063+00:00,2025-03-04 07:00:03.914845+00:00
1561755,1,Svenja Jung,Svenja Jung,Acting,2025-03-02 01:14:54.379063+00:00,2025-03-04 07:00:03.914845+00:00
5887,1,Catalina Sandino Moreno,Catalina Sandino Moreno,Acting,2025-03-02 01:14:54.379063+00:00,2025-03-04 07:00:03.914845+00:00
2038,1,Naomie Harris,Naomie Harris,Acting,2025-03-02 01:14:54.379063+00:00,2025-03-04 07:00:03.914845+00:00
1150410,1,Pauline Serieys,Pauline Serieys,Acting,2025-03-02 01:14:54.379063+00:00,2025-03-04 07:00:03.914845+00:00
1266271,1,Yuki Mamiya,桝田幸希,Acting,2025-03-02 01:14:54.379063+00:00,2025-03-04 07:00:03.914845+00:00
1992420,1,Rachel Leung,Rachel Leung,Acting,2025-03-02 01:14:54.379063+00:00,2025-03-04 07:00:03.914845+00:00
1841831,1,Hồng Ánh,Hồng Ánh,Acting,2025-03-02 09:35:42.269341+00:00,2025-03-04 07:00:03.914845+00:00
54227,1,Marie Gillain,Marie Gillain,Acting,2025-03-02 01:14:54.379063+00:00,2025-03-04 07:00:03.914845+00:00
4404866,1,Hayase Ikoi,早瀬憩,Acting,2025-03-02 01:14:54.379063+00:00,2025-03-04 07:00:03.914845+00:00
1171836,1,Luisa Gavasa,Luisa Gavasa,Acting,2025-03-02 01:14:54.379063+00:00,2025-03-04 07:00:03.914845+00:00
3497348,1,Sonia Bonny,Sonia Bonny,Acting,2025-03-02 01:14:54.379063+00:00,2025-03-04 07:00:03.914845+00:00
1709047,1,Cailey Fleming,Cailey Fleming,Acting,2025-03-02 01:14:54.379063+00:00,2025-03-04 07:00:03.914845+00:00
351,1,Judy Davis,Judy Davis,Acting,2025-03-02 01:14:54.379063+00:00,2025-03-04 07:00:03.914845+00:00
1230868,1,Tiffany Haddish,Tiffany Haddish,Acting,2025-03-02 01:14:54.379063+00:00,2025-03-04 07:00:03.914845+00:00
1636737,1,Gaia Scodellaro,Gaia Scodellaro,Acting,2025-03-02 01:14:54.379063+00:00,2025-03-04 07:00:03.914845+00:00
115150,1,Kaya Scodelario,Kaya Scodelario,Acting,2025-03-02 01:14:54.379063+00:00,2025-03-04 07:00:03.914845+00:00
2838969,1,Jo A-ram,조아람,Acting,2025-03-02 01:14:54.379063+00:00,2025-03-04 07:00:03.914845+00:00
224928,1,Amanda Lee Wai-Man,李蕙敏,Acting,2025-03-02 01:14:54.379063+00:00,2025-03-04 07:00:03.914845+00:00
3243219,1,Janis Chan,Janis Chan,Acting,2025-03-02 01:14:54.379063+00:00,2025-03-04 07:00:03.914845+00:00
109301,1,Carrie Ng Ka-Lai,吳家麗,Acting,2025-03-02 01:14:54.379063+00:00,2025-03-04 07:00:03.914845+00:00
1762173,1,Natalie Simpson,Natalie Simpson,Acting,2025-03-02 01:14:54.379063+00:00,2025-03-04 07:00:03.914845+00:00
185185,1,Catherine McNally,Catherine McNally,Acting,2025-03-02 01:14:54.379063+00:00,2025-03-04 07:00:03.914845+00:00
1600083,1,Sofia Hublitz,Sofia Hublitz,Acting,2025-03-02 01:14:54.379063+00:00,2025-03-04 07:00:03.914845+00:00
1063266,1,Maho Yamada,山田真歩,Acting,2025-03-02 01:14:54.379063+00:00,2025-03-04 07:00:03.914845+00:00
1267329,1,Lupita Nyong'o,Lupita Nyong'o,Acting,2025-03-02 01:14:54.379063+00:00,2025-03-04 07:00:03.914845+00:00
3356313,1,Guan He,Guan He,Acting,2025-03-02 01:14:54.379063+00:00,2025-03-04 07:00:03.914845+00:00
76820,1,Marina Foïs,Marina Foïs,Acting,2025-03-02 01:14:54.379063+00:00,2025-03-04 07:00:03.914845+00:00
5698,1,Jessica Tandy,Jessica Tandy,Acting,2025-03-02 01:14:54.379063+00:00,2025-03-04 07:00:03.914845+00:00
3475893,1,Guka Han,Guka Han,Acting,2025-03-02 01:14:54.379063+00:00,2025-03-04 07:00:03.914845+00:00
7056,1,Emma Thompson,Emma Thompson,Acting,2025-03-02 01:14:54.379063+00:00,2025-03-04 07:00:03.914845+00:00
1231,1,Julianne Moore,Julianne Moore,Acting,2025-03-02 01:14:54.379063+00:00,2025-03-04 07:00:03.914845+00:00
1662817,1,Wheein,휘인,Acting,2025-03-02 01:14:54.379063+00:00,2025-03-04 07:00:03.914845+00:00
150242,1,Lee Min-jung,이민정,Acting,2025-03-02 01:14:54.379063+00:00,2025-03-04 07:00:03.914845+00:00
1492982,1,Rie Takahashi,高橋李依,Acting,2025-03-02 01:14:54.379063+00:00,2025-03-04 07:00:03.914845+00:00
4177579,1,Zheng Qing Yu,Zheng Qing Yu,Acting,2025-03-02 01:14:54.379063+00:00,2025-03-04 07:00:03.914845+00:00
37505,1,Silvia Pinal,Silvia Pinal,Acting,2025-03-02 01:14:54.379063+00:00,2025-03-04 07:00:03.914845+00:00
61510,2,Christopher Denham,Christopher Denham,Acting,2025-03-02 01:14:54.379063+00:00,2025-03-04 07:00:03.914845+00:00
1696029,2,Maximilien Seweryn,Maximilien Seweryn,Acting,2025-03-02 01:14:54.379063+00:00,2025-03-04 07:00:03.914845+00:00
89625,2,Hichem Yacoubi,Hichem Yacoubi,Acting,2025-03-02 01:14:54.379063+00:00,2025-03-04 07:00:03.914845+00:00
107633,2,Jan Englert,Jan Englert,Acting,2025-03-02 01:14:54.379063+00:00,2025-03-04 07:00:03.914845+00:00
2211933,2,Sakinu,Sakinu,Acting,2025-03-02 01:14:54.379063+00:00,2025-03-04 07:00:03.914845+00:00
1845477,2,Shunya Itabashi,板橋駿谷,Acting,2025-03-02 01:14:54.379063+00:00,2025-03-04 07:00:03.914845+00:00
1287199,2,Aleksey Chumakov,Алексей Чумаков,Acting,2025-03-02 01:14:54.379063+00:00,2025-03-04 07:00:03.914845+00:00
2924196,2,Ethan Wang,Ethan Wang,Acting,2025-03-02 01:14:54.379063+00:00,2025-03-04 07:00:03.914845+00:00
96049,2,Ichirôta Miyakawa,宮川一朗太,Acting,2025-03-02 01:14:54.379063+00:00,2025-03-04 07:00:03.914845+00:00
1346997,2,Bernardo de Paula,Bernardo de Paula,Acting,2025-03-02 01:14:54.379063+00:00,2025-03-04 07:00:03.914845+00:00
1295162,2,Earl Cave,Earl Cave,Acting,2025-03-02 01:14:54.379063+00:00,2025-03-04 07:00:03.914845+00:00
74861,2,Hideaki Ito,伊藤英明,Acting,2025-03-02 01:14:54.379063+00:00,2025-03-04 07:00:03.914845+00:00
1146050,2,Zayn Malik,Zayn Malik,Acting,2025-03-02 01:14:54.379063+00:00,2025-03-04 07:00:03.914845+00:00
2636409,2,Ryusei Onishi,大西流星,Acting,2025-03-02 01:14:54.379063+00:00,2025-03-04 07:00:03.914845+00:00
30319,2,Tom Payne,Tom Payne,Acting,2025-03-02 01:14:54.379063+00:00,2025-03-04 07:00:03.914845+00:00
19923,2,Hugh Bonneville,Hugh Bonneville,Acting,2025-03-02 01:14:54.379063+00:00,2025-03-04 07:00:03.914845+00:00
2738561,2,Imran Adams,Imran Adams,Acting,2025-03-02 01:14:54.379063+00:00,2025-03-04 07:00:03.914845+00:00
2074238,2,Olivier Richters,Olivier Richters,Acting,2025-03-02 01:14:54.379063+00:00,2025-03-04 07:00:03.914845+00:00
70626,2,Tsutomu Yamazaki,山崎努,Acting,2025-03-02 01:14:54.379063+00:00,2025-03-04 07:00:03.914845+00:00
1545616,2,Sebastian Fabijański,Sebastian Fabijański,Acting,2025-03-02 01:14:54.379063+00:00,2025-03-04 07:00:03.914845+00:00
15486,2,Peter Kurth,Peter Kurth,Acting,2025-03-02 01:14:54.379063+00:00,2025-03-04 07:00:03.914845+00:00
225,2,Ashton Holmes,Ashton Holmes,Acting,2025-03-02 01:14:54.379063+00:00,2025-03-04 07:00:03.914845+00:00
1197012,2,Nadech Kugimiya,ณเดชน์ คูกิมิยะ,Acting,2025-03-02 01:14:54.379063+00:00,2025-03-04 07:00:03.914845+00:00
2372,2,Ron Perlman,Ron Perlman,Acting,2025-03-02 01:14:54.379063+00:00,2025-03-04 07:00:03.914845+00:00
1018944,2,Shota Sometani,染谷将太,Acting,2025-03-02 01:14:54.379063+00:00,2025-03-04 07:00:03.914845+00:00
484359,2,Kid Cudi,Kid Cudi,Acting,2025-03-02 01:14:54.379063+00:00,2025-03-04 07:00:03.914845+00:00
222122,2,Gabriel Basso,Gabriel Basso,Acting,2025-03-02 01:14:54.379063+00:00,2025-03-04 07:00:03.914845+00:00
127268,2,William Chan Wai-Ting,陳偉霆,Acting,2025-03-02 01:14:54.379063+00:00,2025-03-04 07:00:03.914845+00:00
231259,2,Kingone Wang,王傳一,Acting,2025-03-02 01:14:54.379063+00:00,2025-03-04 07:00:03.914845+00:00
8197,2,Sebastian Koch,Sebastian Koch,Acting,2025-03-02 01:14:54.379063+00:00,2025-03-04 07:00:03.914845+00:00
1715383,2,Jung Sang-hoon,정상훈,Acting,2025-03-02 01:14:54.379063+00:00,2025-03-04 07:00:03.914845+00:00
128026,2,Huang Bo,黄渤,Acting,2025-03-02 01:14:54.379063+00:00,2025-03-04 07:00:03.914845+00:00
8785,2,Ciarán Hinds,Ciarán Hinds,Acting,2025-03-02 01:14:54.379063+00:00,2025-03-04 07:00:03.914845+00:00
24465,2,Eric Elmosnino,Eric Elmosnino,Acting,2025-03-02 01:14:54.379063+00:00,2025-03-04 07:00:03.914845+00:00
1118,2,Rade Šerbedžija,Rade Šerbedžija,Acting,2025-03-02 01:14:54.379063+00:00,2025-03-04 07:00:03.914845+00:00
1063128,2,Ethan Juan,阮經天,Acting,2025-03-02 01:14:54.379063+00:00,2025-03-04 07:00:03.914845+00:00
137028,2,Denden,緒方義博,Acting,2025-03-02 01:14:54.379063+00:00,2025-03-04 07:00:03.914845+00:00
3129,2,Tim Roth,Tim Roth,Acting,2025-03-02 01:14:54.379063+00:00,2025-03-04 07:00:03.914845+00:00
3765261,2,Doug Mancheski,Doug Mancheski,Acting,2025-03-02 01:14:54.379063+00:00,2025-03-04 07:00:03.914845+00:00
2156750,2,Yang Hyun-min,양현민,Acting,2025-03-02 01:14:54.379063+00:00,2025-03-04 07:00:03.914845+00:00
544682,2,William Lebghil,William Lebghil,Acting,2025-03-02 01:14:54.379063+00:00,2025-03-04 07:00:03.914845+00:00
522,2,Rod Steiger,Rod Steiger,Acting,2025-03-02 01:14:54.379063+00:00,2025-03-04 07:00:03.914845+00:00
3212104,2,Park Seo-ham,박서함,Acting,2025-03-02 01:14:54.379063+00:00,2025-03-04 07:00:03.914845+00:00
1255318,2,Taishi Nakagawa,中川大志,Acting,2025-03-02 01:14:54.379063+00:00,2025-03-04 07:00:03.914845+00:00
1582459,2,Cullen G. Chambers,Cullen G. Chambers,Acting,2025-03-02 01:14:54.379063+00:00,2025-03-04 07:00:03.914845+00:00
559411,2,Yukito Nishii,西井幸人,Acting,2025-03-02 01:14:54.379063+00:00,2025-03-04 07:00:03.914845+00:00
2216700,2,Oleg Chugunov,Олег Чугунов,Acting,2025-03-02 01:14:54.379063+00:00,2025-03-04 07:00:03.914845+00:00
544002,2,Giulio Berruti,Giulio Berruti,Acting,2025-03-02 01:14:54.379063+00:00,2025-03-04 07:00:03.914845+00:00
1729496,2,Thomas Doherty,Thomas Doherty,Acting,2025-03-02 01:14:54.379063+00:00,2025-03-04 07:00:03.914845+00:00
2195963,2,Ethan Hwang,Ethan Hwang,Acting,2025-03-02 01:14:54.379063+00:00,2025-03-04 07:00:03.914845+00:00
582232,2,Roman Artemyev,Роман Артемьев,Acting,2025-03-02 01:14:54.379063+00:00,2025-03-04 07:00:03.914845+00:00
56890,2,Malcolm McDowell,Malcolm McDowell,Acting,2025-03-02 01:14:54.379063+00:00,2025-03-04 07:00:03.914845+00:00
2956372,2,Sean Lin,Sean Lin,Acting,2025-03-02 01:14:54.379063+00:00,2025-03-04 07:00:03.914845+00:00
107185,2,Ari Cohen,Ari Cohen,Acting,2025-03-02 01:14:54.379063+00:00,2025-03-04 07:00:03.914845+00:00
551776,2,Masahiko Tsugawa,津川雅彦,Acting,2025-03-02 01:14:54.379063+00:00,2025-03-04 07:00:03.914845+00:00
1948853,2,Yıldıray Şahinler,Yıldıray Şahinler,Acting,2025-03-02 01:14:54.379063+00:00,2025-03-04 07:00:03.914845+00:00
15915,2,Sergio Rubini,Sergio Rubini,Acting,2025-03-02 01:14:54.379063+00:00,2025-03-04 07:00:03.914845+00:00
1245094,2,Nobuhiko Okamoto,岡本信彦,Acting,2025-03-02 01:14:54.379063+00:00,2025-03-04 07:00:03.914845+00:00
2758431,2,Pisitpon Ekpongpisit,พิสิฐพล เอกพงศ์พิสิฐ,Acting,2025-03-02 01:14:54.379063+00:00,2025-03-04 07:00:03.914845+00:00
3749495,2,Wei-han Wu,Wei-han Wu,Acting,2025-03-02 01:14:54.379063+00:00,2025-03-04 07:00:03.914845+00:00
1774648,2,Jacko Chiang,Jacko Chiang,Acting,2025-03-02 01:14:54.379063+00:00,2025-03-04 07:00:03.914845+00:00
6677,2,Kyle MacLachlan,Kyle MacLachlan,Acting,2025-03-02 01:14:54.379063+00:00,2025-03-04 07:00:03.914845+00:00
1748260,2,Bai Run-yin,Bai Run-yin,Acting,2025-03-02 01:14:54.379063+00:00,2025-03-04 07:00:03.914845+00:00
73035,2,Paul Johansson,Paul Johansson,Acting,2025-03-02 01:14:54.379063+00:00,2025-03-04 07:00:03.914845+00:00
521563,2,Anders Holm,Anders Holm,Acting,2025-03-02 01:14:54.379063+00:00,2025-03-04 07:00:03.914845+00:00
3832,2,Henri-Jacques Huet,Henri-Jacques Huet,Acting,2025-03-02 01:14:54.379063+00:00,2025-03-04 07:00:03.914845+00:00
70108,2,Kenny Wong Tak-Ban,黃德斌,Acting,2025-03-02 01:14:54.379063+00:00,2025-03-04 07:00:03.914845+00:00
1241330,2,Bashir Salahuddin,Bashir Salahuddin,Acting,2025-03-02 01:14:54.379063+00:00,2025-03-04 07:00:03.914845+00:00
2326899,2,Phuwanet Seechomphu,Phuwanet Seechomphu,Acting,2025-03-02 01:14:54.379063+00:00,2025-03-04 07:00:03.914845+00:00
1473879,2,Yoon Kyun-sang,윤균상,Acting,2025-03-02 01:14:54.379063+00:00,2025-03-04 07:00:03.914845+00:00
2042690,3,Quintessa Swindell,Quintessa Swindell,Acting,2025-03-02 01:14:54.379063+00:00,2025-03-04 07:00:03.914845+00:00
1236458,2,Ronnie del Carmen,Ronnie del Carmen,Art,2025-03-02 01:14:54.379063+00:00,2025-03-04 07:00:03.914845+00:00
2323529,0,Muh Chen,Muh Chen,Directing,2025-03-02 01:14:54.379063+00:00,2025-03-04 07:00:03.914845+00:00
3713690,0,Ka Sing-Fung,賈勝楓,Directing,2025-03-02 01:14:54.379063+00:00,2025-03-04 07:00:03.914845+00:00
1178371,0,Daniel Ferguson,Daniel Ferguson,Directing,2025-03-02 01:14:54.379063+00:00,2025-03-04 07:00:03.914845+00:00
3631267,0,Chittapol Ruengkulp,Chittapol Ruengkulp,Directing,2025-03-02 01:14:54.379063+00:00,2025-03-04 07:00:03.914845+00:00
4312690,0,Kim Sung-min,Kim Sung-min,Directing,2025-03-02 01:14:54.379063+00:00,2025-03-04 07:00:03.914845+00:00
3970671,0,Artistaya Arriyawongsa,Artistaya Arriyawongsa,Directing,2025-03-02 01:14:54.379063+00:00,2025-03-04 07:00:03.914845+00:00
2883959,1,CJ Wang,CJ Wang,Directing,2025-03-02 01:14:54.379063+00:00,2025-03-04 07:00:03.914845+00:00
3655587,1,Jen-hui Lien,Jen-hui Lien,Directing,2025-03-02 01:14:54.379063+00:00,2025-03-04 07:00:03.914845+00:00
1276911,1,Anna Wieczur,Anna Wieczur,Directing,2025-03-02 01:14:54.379063+00:00,2025-03-04 07:00:03.914845+00:00
2298206,1,I-Hsuan Su,I-Hsuan Su,Directing,2025-03-02 01:14:54.379063+00:00,2025-03-04 07:00:03.914845+00:00
2836884,2,Wislley Wang,Wislley Wang,Directing,2025-03-02 01:14:54.379063+00:00,2025-03-04 07:00:03.914845+00:00
1364039,2,Antoine Barraud,Antoine Barraud,Directing,2025-03-02 01:14:54.379063+00:00,2025-03-04 07:00:03.914845+00:00
46366,2,Shusuke Kaneko,金子修介,Directing,2025-03-02 01:14:54.379063+00:00,2025-03-04 07:00:03.914845+00:00
17119,2,Kim Sung-soo,김성수,Directing,2025-03-02 01:14:54.379063+00:00,2025-03-04 07:00:03.914845+00:00
930707,2,Colin Trevorrow,Colin Trevorrow,Directing,2025-03-02 09:35:42.269341+00:00,2025-03-04 07:00:03.914845+00:00
1158861,2,Lee Hsing,Lee Hsing,Directing,2025-03-02 01:14:54.379063+00:00,2025-03-04 07:00:03.914845+00:00
1707304,2,Choi Kook-hee,최국희,Directing,2025-03-02 01:14:54.379063+00:00,2025-03-04 07:00:03.914845+00:00
126809,2,Lee Joon-ik,이준익,Directing,2025-03-02 01:14:54.379063+00:00,2025-03-04 07:00:03.914845+00:00
1580826,2,Yang Li-Chou,楊力州,Directing,2025-03-02 01:14:54.379063+00:00,2025-03-04 07:00:03.914845+00:00
8023,2,Kyle Balda,Kyle Balda,Directing,2025-03-02 09:35:42.269341+00:00,2025-03-04 07:00:03.914845+00:00
16938,2,Renny Harlin,Renny Harlin,Directing,2025-03-02 01:14:54.379063+00:00,2025-03-04 07:00:03.914845+00:00
10965,2,Chris Columbus,Chris Columbus,Directing,2025-03-02 01:14:54.379063+00:00,2025-03-04 07:00:03.914845+00:00
2097690,2,Nam Dae-joong,Nam Dae-joong,Directing,2025-03-02 01:14:54.379063+00:00,2025-03-04 07:00:03.914845+00:00
43652,2,Takashi Yamazaki,山崎貴,Directing,2025-03-02 01:14:54.379063+00:00,2025-03-04 07:00:03.914845+00:00
93107,2,Masaaki Yuasa,湯浅政明,Directing,2025-03-02 01:14:54.379063+00:00,2025-03-04 07:00:03.914845+00:00
57917,2,Toby Genkel,Toby Genkel,Directing,2025-03-02 01:14:54.379063+00:00,2025-03-04 07:00:03.914845+00:00
3713658,2,Jin Ong,王礼霖,Directing,2025-03-02 01:14:54.379063+00:00,2025-03-04 07:00:03.914845+00:00
28898,2,Michael Radford,Michael Radford,Directing,2025-03-02 01:14:54.379063+00:00,2025-03-04 07:00:03.914845+00:00
1294643,2,Chung Ji-young,정지영,Directing,2025-03-02 01:14:54.379063+00:00,2025-03-04 07:00:03.914845+00:00
38883,2,Arnaud Desplechin,Arnaud Desplechin,Directing,2025-03-02 01:14:54.379063+00:00,2025-03-04 07:00:03.914845+00:00
1462262,2,Daishi Matsunaga,松永大司,Directing,2025-03-02 01:14:54.379063+00:00,2025-03-04 07:00:03.914845+00:00
26760,2,Tsui Hark,徐克,Directing,2025-03-02 01:14:54.379063+00:00,2025-03-04 07:00:03.914845+00:00
37630,2,Shekhar Kapur,Shekhar Kapur,Directing,2025-03-02 01:14:54.379063+00:00,2025-03-04 07:00:03.914845+00:00
1056121,2,Ryan Coogler,Ryan Coogler,Directing,2025-03-02 01:14:54.379063+00:00,2025-03-04 07:00:03.914845+00:00
1698170,1,Mo Zhang,Mo Zhang,Editing,2025-03-02 01:14:54.379063+00:00,2025-03-04 07:00:03.914845+00:00
1862367,2,Naphat Chitveerapat,Naphat Chitveerapat,Writing,2025-03-02 01:14:54.379063+00:00,2025-03-04 07:00:03.914845+00:00
128636,2,Liam O'Donnell,Liam O'Donnell,Writing,2025-03-02 01:14:54.379063+00:00,2025-03-04 07:00:03.914845+00:00
1204797,2,Sho Kataoka,片岡翔,Writing,2025-03-02 01:14:54.379063+00:00,2025-03-04 07:00:03.914845+00:00
548068,2,Hwang In-ho,황인호,Writing,2025-03-02 01:14:54.379063+00:00,2025-03-04 07:00:03.914845+00:00
3007025,0,Bojan Tomic,Bojan Tomic,Acting,2025-03-02 01:14:54.379063+00:00,2025-03-04 07:00:03.914845+00:00
3726228,0,Ryubun Sumori,Ryubun Sumori,Acting,2025-03-02 01:14:54.379063+00:00,2025-03-04 07:00:03.914845+00:00
2930301,0,Ibrahim El Kurdi,Ibrahim El Kurdi,Acting,2025-03-02 01:14:54.379063+00:00,2025-03-04 07:00:03.914845+00:00
3849701,0,Konstantin Panchenko,Konstantin Panchenko,Acting,2025-03-02 01:14:54.379063+00:00,2025-03-04 07:00:03.914845+00:00
937003,0,Philippe Martz,Philippe Martz,Acting,2025-03-02 01:14:54.379063+00:00,2025-03-04 07:00:03.914845+00:00
4590144,0,Liudmyla Amelkina,Liudmyla Amelkina,Acting,2025-03-02 01:14:54.379063+00:00,2025-03-04 07:00:03.914845+00:00
3113069,0,Abdelilah Basbousi,Abdelilah Basbousi,Acting,2025-03-02 01:14:54.379063+00:00,2025-03-04 07:00:03.914845+00:00
87287,1,Bonnie Aarons,Bonnie Aarons,Acting,2025-03-02 01:14:54.379063+00:00,2025-03-04 07:00:03.914845+00:00
1981044,1,Sophie Thatcher,Sophie Thatcher,Acting,2025-03-02 01:14:54.379063+00:00,2025-03-04 07:00:03.914845+00:00
2064272,1,Yamée Couture,Yamée Couture,Acting,2025-03-02 01:14:54.379063+00:00,2025-03-04 07:00:03.914845+00:00
114316,1,Sandrine Pinna,張榕容,Acting,2025-03-02 01:14:54.379063+00:00,2025-03-04 07:00:03.914845+00:00
6639,1,Emilia Fox,Emilia Fox,Acting,2025-03-02 01:14:54.379063+00:00,2025-03-04 07:00:03.914845+00:00
10330,1,Eva Kotamanidou,Εύα Κοταμανίδου,Acting,2025-03-02 01:14:54.379063+00:00,2025-03-04 07:00:03.914845+00:00
1350,1,Irène Jacob,Irène Jacob,Acting,2025-03-02 01:14:54.379063+00:00,2025-03-04 07:00:03.914845+00:00
142667,1,Sonja Oppenhagen,Sonja Oppenhagen,Acting,2025-03-02 01:14:54.379063+00:00,2025-03-04 07:00:03.914845+00:00
3115096,1,Thasorn Klinnium,ทสร กลิ่นเนียม,Acting,2025-03-02 01:14:54.379063+00:00,2025-03-04 07:00:03.914845+00:00
231477,1,Kim Ji-young,김지영,Acting,2025-03-02 01:14:54.379063+00:00,2025-03-04 07:00:03.914845+00:00
11616,1,Olivia Williams,Olivia Williams,Acting,2025-03-02 01:14:54.379063+00:00,2025-03-04 07:00:03.914845+00:00
579216,1,Fennie Yuen Kit-Ying,袁潔瑩,Acting,2025-03-02 01:14:54.379063+00:00,2025-03-04 07:00:03.914845+00:00
1885548,1,Petra-Maria Cammin,Petra-Maria Cammin,Acting,2025-03-02 01:14:54.379063+00:00,2025-03-04 07:00:03.914845+00:00
20089,1,Jena Malone,Jena Malone,Acting,2025-03-02 01:14:54.379063+00:00,2025-03-04 07:00:03.914845+00:00
9710,1,Megumi Toyoguchi,豊口めぐみ,Acting,2025-03-02 01:14:54.379063+00:00,2025-03-04 07:00:03.914845+00:00
1413827,1,Lee Hye-ri,이혜리,Acting,2025-03-02 01:14:54.379063+00:00,2025-03-04 07:00:03.914845+00:00
1399531,1,Billie Lourd,Billie Lourd,Acting,2025-03-02 01:14:54.379063+00:00,2025-03-04 07:00:03.914845+00:00
550949,1,Tien Hsin,天心,Acting,2025-03-02 01:14:54.379063+00:00,2025-03-04 07:00:03.914845+00:00
556829,1,Chrissie Chau Sau-Na,周秀娜,Acting,2025-03-02 01:14:54.379063+00:00,2025-03-04 07:00:03.914845+00:00
15735,1,Helen Mirren,Helen Mirren,Acting,2025-03-02 01:14:54.379063+00:00,2025-03-04 07:00:03.914845+00:00
2158882,1,Jang Hye-jin,장혜진,Acting,2025-03-02 01:14:54.379063+00:00,2025-03-04 07:00:03.914845+00:00
9599,1,Cloris Leachman,Cloris Leachman,Acting,2025-03-02 01:14:54.379063+00:00,2025-03-04 07:00:03.914845+00:00
566033,1,Season Ma,Season Ma,Acting,2025-03-02 01:14:54.379063+00:00,2025-03-04 07:00:03.914845+00:00
6194,1,Claire Danes,Claire Danes,Acting,2025-03-02 01:14:54.379063+00:00,2025-03-04 07:00:03.914845+00:00
2294554,1,Ída Mekkín Hlynsdóttir,Ída Mekkín Hlynsdóttir,Acting,2025-03-02 01:14:54.379063+00:00,2025-03-04 07:00:03.914845+00:00
1822694,1,Erika Karata,唐田えりか,Acting,2025-03-02 01:14:54.379063+00:00,2025-03-04 07:00:03.914845+00:00
3730744,1,Riho Satou,Riho Satou,Acting,2025-03-02 01:14:54.379063+00:00,2025-03-04 07:00:03.914845+00:00
1360317,1,Hong Chau,Hong Chau,Acting,2025-03-02 01:14:54.379063+00:00,2025-03-04 07:00:03.914845+00:00
533325,1,Chieko Baisho,倍賞千恵子,Acting,2025-03-02 01:14:54.379063+00:00,2025-03-04 07:00:03.914845+00:00
2359929,1,Vera Chen,Vera Chen,Acting,2025-03-02 01:14:54.379063+00:00,2025-03-04 07:00:03.914845+00:00
11356,1,Imelda Staunton,Imelda Staunton,Acting,2025-03-02 01:14:54.379063+00:00,2025-03-04 07:00:03.914845+00:00
134829,1,Maki Sakai,坂井真紀,Acting,2025-03-02 01:14:54.379063+00:00,2025-03-04 07:00:03.914845+00:00
3703916,1,Rina Komiyama,小宮山莉渚,Acting,2025-03-02 01:14:54.379063+00:00,2025-03-04 07:00:03.914845+00:00
1250086,1,Yuki Saori,由紀さおり,Acting,2025-03-02 01:14:54.379063+00:00,2025-03-04 07:00:03.914845+00:00
1443625,1,Jackie Cruz,Jackie Cruz,Acting,2025-03-02 01:14:54.379063+00:00,2025-03-04 07:00:03.914845+00:00
1732840,1,Sveng Socheata,Sveng Socheata,Acting,2025-03-02 01:14:54.379063+00:00,2025-03-04 07:00:03.914845+00:00
3629485,1,Natasha Tosini,Natasha Tosini,Acting,2025-03-02 01:14:54.379063+00:00,2025-03-04 07:00:03.914845+00:00
237405,1,Lady Gaga,Lady Gaga,Acting,2025-03-02 01:14:54.379063+00:00,2025-03-04 07:00:03.914845+00:00
6550,1,Anne Suarez,Anne Suarez,Acting,2025-03-02 01:14:54.379063+00:00,2025-03-04 07:00:03.914845+00:00
1746243,1,Hsieh Ying-shiuan,謝盈萱,Acting,2025-03-02 01:14:54.379063+00:00,2025-03-04 07:00:03.914845+00:00
37917,1,Kristen Stewart,Kristen Stewart,Acting,2025-03-02 01:14:54.379063+00:00,2025-03-04 07:00:03.914845+00:00
935,1,Connie Nielsen,Connie Nielsen,Acting,2025-03-02 01:14:54.379063+00:00,2025-03-04 07:00:03.914845+00:00
1294367,1,Wu Ke-Xi,吳可熙,Acting,2025-03-02 01:14:54.379063+00:00,2025-03-04 07:00:03.914845+00:00
1412420,1,Yuri Tsunematsu,恒松祐里,Acting,2025-03-02 01:14:54.379063+00:00,2025-03-04 07:00:03.914845+00:00
229558,1,Cristina Rosato,Cristina Rosato,Acting,2025-03-02 01:14:54.379063+00:00,2025-03-04 07:00:03.914845+00:00
3822,1,Ángela Molina,Ángela Molina,Acting,2025-03-02 01:14:54.379063+00:00,2025-03-04 07:00:03.914845+00:00
3444018,1,Amie Donald,Amie Donald,Acting,2025-03-02 01:14:54.379063+00:00,2025-03-04 07:00:03.914845+00:00
58604,2,Nao Ômori,大森南朋,Acting,2025-03-02 01:14:54.379063+00:00,2025-03-04 07:00:03.914845+00:00
1619,2,Chow Yun-Fat,周潤發,Acting,2025-03-02 01:14:54.379063+00:00,2025-03-04 07:00:03.914845+00:00
929511,2,Utkarsh Ambudkar,Utkarsh Ambudkar,Acting,2025-03-02 01:14:54.379063+00:00,2025-03-04 07:00:03.914845+00:00
11207,2,David Thewlis,David Thewlis,Acting,2025-03-02 01:14:54.379063+00:00,2025-03-04 07:00:03.914845+00:00
4783,2,Sam Neill,Sam Neill,Acting,2025-03-02 01:14:54.379063+00:00,2025-03-04 07:00:03.914845+00:00
938,2,Djimon Hounsou,Djimon Hounsou,Acting,2025-03-02 01:14:54.379063+00:00,2025-03-04 07:00:03.914845+00:00
63696,2,Kippei Shiina,椎名桔平,Acting,2025-03-02 01:14:54.379063+00:00,2025-03-04 07:00:03.914845+00:00
1290466,2,Barry Keoghan,Barry Keoghan,Acting,2025-03-02 01:14:54.379063+00:00,2025-03-04 07:00:03.914845+00:00
11044,2,Shanti Roney,Shanti Roney,Acting,2025-03-02 01:14:54.379063+00:00,2025-03-04 07:00:03.914845+00:00
120690,2,Kengo Kora,高良健吾,Acting,2025-03-02 01:14:54.379063+00:00,2025-03-04 07:00:03.914845+00:00
4775908,2,Hualālai Chung,Hualālai Chung,Acting,2025-03-02 01:14:54.379063+00:00,2025-03-04 07:00:03.914845+00:00
1251169,2,Saygın Soysal,Saygın Soysal,Acting,2025-03-02 01:14:54.379063+00:00,2025-03-04 07:00:03.914845+00:00
1834633,2,Tao Hsu,徐韜,Acting,2025-03-02 01:14:54.379063+00:00,2025-03-04 07:00:03.914845+00:00
72782,2,Toni Servillo,Toni Servillo,Acting,2025-03-02 01:14:54.379063+00:00,2025-03-04 07:00:03.914845+00:00
1266721,2,Austin Lin,林柏宏,Acting,2025-03-02 01:14:54.379063+00:00,2025-03-04 07:00:03.914845+00:00
1239245,2,Jeong Dong-hwan,정동환,Acting,2025-03-02 01:14:54.379063+00:00,2025-03-04 07:00:03.914845+00:00
3185491,2,Lee Long Shi,Lee Long Shi,Acting,2025-03-02 01:14:54.379063+00:00,2025-03-04 07:00:03.914845+00:00
1437681,2,Rod Paradot,Rod Paradot,Acting,2025-03-02 01:14:54.379063+00:00,2025-03-04 07:00:03.914845+00:00
2271016,2,Assad Ahmed,Assad Ahmed,Acting,2025-03-02 01:14:54.379063+00:00,2025-03-04 07:00:03.914845+00:00
976,2,Jason Statham,Jason Statham,Acting,2025-03-02 01:14:54.379063+00:00,2025-03-04 07:00:03.914845+00:00
57379,2,José Lewgoy,José Lewgoy,Acting,2025-03-02 01:14:54.379063+00:00,2025-03-04 07:00:03.914845+00:00
1700685,2,Lewis Pullman,Lewis Pullman,Acting,2025-03-02 09:35:42.269341+00:00,2025-03-04 07:00:03.914845+00:00
2245,2,Yvan Attal,Yvan Attal,Acting,2025-03-02 01:14:54.379063+00:00,2025-03-04 07:00:03.914845+00:00
1828894,2,Junpei Yasui,安井順平,Acting,2025-03-02 01:14:54.379063+00:00,2025-03-04 07:00:03.914845+00:00
2279092,2,Poompat Iam-samang,ภูมิพัฒน์ เอี่ยมสำอาง,Acting,2025-03-02 01:14:54.379063+00:00,2025-03-04 07:00:03.914845+00:00
79037,2,Kenichi Matsuyama,松山ケンイチ,Acting,2025-03-02 01:14:54.379063+00:00,2025-03-04 07:00:03.914845+00:00
240948,2,Moon Sung-keun,문성근,Acting,2025-03-02 01:14:54.379063+00:00,2025-03-04 07:00:03.914845+00:00
1111158,2,Albrecht Schuch,Albrecht Schuch,Acting,2025-03-02 01:14:54.379063+00:00,2025-03-04 07:00:03.914845+00:00
2223768,2,Adam Young,Adam Young,Acting,2025-03-02 01:14:54.379063+00:00,2025-03-04 07:00:03.914845+00:00
150165,2,Chen Yi-wen,陳以文,Acting,2025-03-02 01:14:54.379063+00:00,2025-03-04 07:00:03.914845+00:00
8930,2,John Cleese,John Cleese,Acting,2025-03-02 01:14:54.379063+00:00,2025-03-04 07:00:03.914845+00:00
1332481,2,Ahmed Sylla,Ahmed Sylla,Acting,2025-03-02 01:14:54.379063+00:00,2025-03-04 07:00:03.914845+00:00
2288018,2,Ren Nagase,永瀬廉,Acting,2025-03-02 01:14:54.379063+00:00,2025-03-04 07:00:03.914845+00:00
1378376,2,Nikita Kukushkin,Никита Кукушкин,Acting,2025-03-02 01:14:54.379063+00:00,2025-03-04 07:00:03.914845+00:00
149684,2,Joe Ochman,Joe Ochman,Acting,2025-03-02 01:14:54.379063+00:00,2025-03-04 07:00:03.914845+00:00
3535991,2,Miles Gutierrez-Riley,Miles Gutierrez-Riley,Acting,2025-03-02 01:14:54.379063+00:00,2025-03-04 07:00:03.914845+00:00
20332,2,Kaoru Kobayashi,小林薫,Acting,2025-03-02 01:14:54.379063+00:00,2025-03-04 07:00:03.914845+00:00
59231,2,Joel David Moore,Joel David Moore,Acting,2025-03-02 01:14:54.379063+00:00,2025-03-04 07:00:03.914845+00:00
11864,2,Ryan Phillippe,Ryan Phillippe,Acting,2025-03-02 01:14:54.379063+00:00,2025-03-04 07:00:03.914845+00:00
142592,2,Daniel Barenboim,Daniel Barenboim,Acting,2025-03-02 01:14:54.379063+00:00,2025-03-04 07:00:03.914845+00:00
2310,2,Bruno Ganz,Bruno Ganz,Acting,2025-03-02 01:14:54.379063+00:00,2025-03-04 07:00:03.914845+00:00
3319980,2,Paul Wang,Paul Wang,Acting,2025-03-02 01:14:54.379063+00:00,2025-03-04 07:00:03.914845+00:00
970216,2,Austin Stowell,Austin Stowell,Acting,2025-03-02 01:14:54.379063+00:00,2025-03-04 07:00:03.914845+00:00
1324472,2,Kengo Kawanishi,河西健吾,Acting,2025-03-02 01:14:54.379063+00:00,2025-03-04 07:00:03.914845+00:00
6413,2,Danny Huston,Danny Huston,Acting,2025-03-02 01:14:54.379063+00:00,2025-03-04 07:00:03.914845+00:00
19588,2,Miyu Irino,入野自由,Acting,2025-03-02 01:14:54.379063+00:00,2025-03-04 07:00:03.914845+00:00
209673,2,Charlie Carrick,Charlie Carrick,Acting,2025-03-02 01:14:54.379063+00:00,2025-03-04 07:00:03.914845+00:00
548133,2,Yasukaze Motomiya,本宮泰風,Acting,2025-03-02 01:14:54.379063+00:00,2025-03-04 07:00:03.914845+00:00
658,2,Alfred Molina,Alfred Molina,Acting,2025-03-02 01:14:54.379063+00:00,2025-03-04 07:00:03.914845+00:00
939337,2,Will Sharpe,Will Sharpe,Acting,2025-03-02 01:14:54.379063+00:00,2025-03-04 07:00:03.914845+00:00
2153405,2,Matyáš Řezníček,Matyáš Řezníček,Acting,2025-03-02 01:14:54.379063+00:00,2025-03-04 07:00:03.914845+00:00
4041888,2,Peter DeSouza-Feighoney,Peter DeSouza-Feighoney,Acting,2025-03-02 01:14:54.379063+00:00,2025-03-04 07:00:03.914845+00:00
517,2,Pierce Brosnan,Pierce Brosnan,Acting,2025-03-02 01:14:54.379063+00:00,2025-03-04 07:00:03.914845+00:00
11477,2,Ray Liotta,Ray Liotta,Acting,2025-03-02 01:14:54.379063+00:00,2025-03-04 07:00:03.914845+00:00
4179328,2,Pittaya Saechua,พิทยา แซ่ฉั่ว,Acting,2025-03-02 01:14:54.379063+00:00,2025-03-04 07:00:03.914845+00:00
61856,2,Mykel Shannon Jenkins,Mykel Shannon Jenkins,Acting,2025-03-02 01:14:54.379063+00:00,2025-03-04 07:00:03.914845+00:00
36634,2,Julio Cesar Cedillo,Julio Cesar Cedillo,Acting,2025-03-02 01:14:54.379063+00:00,2025-03-04 07:00:03.914845+00:00
3715923,2,Hong Xa-bin,홍사빈,Acting,2025-03-02 01:14:54.379063+00:00,2025-03-04 07:00:03.914845+00:00
1560244,2,Anthony Ramos,Anthony Ramos,Acting,2025-03-02 01:14:54.379063+00:00,2025-03-04 07:00:03.914845+00:00
6972,2,Ian McShane,Ian McShane,Acting,2025-03-02 01:14:54.379063+00:00,2025-03-04 07:00:03.914845+00:00
1048495,2,Albert Baró,Albert Baró,Acting,2025-03-02 01:14:54.379063+00:00,2025-03-04 07:00:03.914845+00:00
3310757,2,Erwan Kepoa Falé,Erwan Kepoa Falé,Acting,2025-03-02 01:14:54.379063+00:00,2025-03-04 07:00:03.914845+00:00
2697042,2,Dtwang,Dtwang,Acting,2025-03-02 01:14:54.379063+00:00,2025-03-04 07:00:03.914845+00:00
2647155,2,Yuki Kura,倉悠貴,Acting,2025-03-02 01:14:54.379063+00:00,2025-03-04 07:00:03.914845+00:00
1602972,2,Brandon Perea,Brandon Perea,Acting,2025-03-02 01:14:54.379063+00:00,2025-03-04 07:00:03.914845+00:00
1743471,2,Zhu Yilong,朱一龍,Acting,2025-03-02 01:14:54.379063+00:00,2025-03-04 07:00:03.914845+00:00
124747,2,Pierre Coffin,Pierre Coffin,Acting,2025-03-02 09:35:42.269341+00:00,2025-03-04 07:00:03.914845+00:00
1863349,2,Kim Seon-ho,김선호,Acting,2025-03-02 01:14:54.379063+00:00,2025-03-04 07:00:03.914845+00:00
1340020,2,Álvaro Morte,Álvaro Morte,Acting,2025-03-02 01:14:54.379063+00:00,2025-03-04 07:00:03.914845+00:00
80374,2,Patrick Tam Yiu-Man,譚耀文,Acting,2025-03-02 01:14:54.379063+00:00,2025-03-04 07:00:03.914845+00:00
41464,2,Scott Mechlowicz,Scott Mechlowicz,Acting,2025-03-02 01:14:54.379063+00:00,2025-03-04 07:00:03.914845+00:00
4082222,2,Konosuke Harada,Konosuke Harada,Acting,2025-03-02 01:14:54.379063+00:00,2025-03-04 07:00:03.914845+00:00
4004861,2,Nazar Gomaa,Nazar Gomaa,Acting,2025-03-02 01:14:54.379063+00:00,2025-03-04 07:00:03.914845+00:00
1998733,2,Jaboukie Young-White,Jaboukie Young-White,Acting,2025-03-02 01:14:54.379063+00:00,2025-03-04 07:00:03.914845+00:00
1513944,2,Toshimitsu Oda,小田敏充,Acting,2025-03-02 01:14:54.379063+00:00,2025-03-04 07:00:03.914845+00:00
111691,2,Hidetaka Yoshioka,吉岡秀隆,Acting,2025-03-02 01:14:54.379063+00:00,2025-03-04 07:00:03.914845+00:00
1428907,0,Hayley Easton Street,Hayley Easton Street,Art,2025-03-02 01:14:54.379063+00:00,2025-03-04 07:00:03.914845+00:00
1158889,2,Wang Tung,Wang Tung,Art,2025-03-02 01:14:54.379063+00:00,2025-03-04 07:00:03.914845+00:00
1128799,0,David Ferino,David Ferino,Directing,2025-03-02 01:14:54.379063+00:00,2025-03-04 07:00:03.914845+00:00
1307164,0,Teng Yung-Shing,Teng Yung-Shing,Directing,2025-03-02 01:14:54.379063+00:00,2025-03-04 07:00:03.914845+00:00
2290150,1,Naoko Nobutomo,Naoko Nobutomo,Directing,2025-03-02 01:14:54.379063+00:00,2025-03-04 07:00:03.914845+00:00
2244653,1,Eléa Gobbé-Mévellec,Eléa Gobbé-Mévellec,Directing,2025-03-02 01:14:54.379063+00:00,2025-03-04 07:00:03.914845+00:00
2399774,1,Ho Chao-ti,賀照緹,Directing,2025-03-02 01:14:54.379063+00:00,2025-03-04 07:00:03.914845+00:00
1736559,1,Charlotte Regan,Charlotte Regan,Directing,2025-03-02 01:14:54.379063+00:00,2025-03-04 07:00:03.914845+00:00
1428801,1,Patricia Font,Patricia Font,Directing,2025-03-02 01:14:54.379063+00:00,2025-03-04 07:00:03.914845+00:00
235772,1,Natalya Kudryashova,Наталья Кудряшова,Directing,2025-03-02 01:14:54.379063+00:00,2025-03-04 07:00:03.914845+00:00
9340,1,Lana Wachowski,Lana Wachowski,Directing,2025-03-02 01:14:54.379063+00:00,2025-03-04 07:00:03.914845+00:00
1299703,1,Suzanne Raes,Suzanne Raes,Directing,2025-03-02 01:14:54.379063+00:00,2025-03-04 07:00:03.914845+00:00
1285657,1,Hana Matsumoto,松本花奈,Directing,2025-03-02 01:14:54.379063+00:00,2025-03-04 07:00:03.914845+00:00
1072778,1,Naoko Yamada,山田尚子,Directing,2025-03-02 01:14:54.379063+00:00,2025-03-04 07:00:03.914845+00:00
6201,2,Baz Luhrmann,Baz Luhrmann,Directing,2025-03-02 01:14:54.379063+00:00,2025-03-04 07:00:03.914845+00:00
549310,2,Justin Kurzel,Justin Kurzel,Directing,2025-03-02 01:14:54.379063+00:00,2025-03-04 07:00:03.914845+00:00
69371,2,Jean-Marc Vallée,Jean-Marc Vallée,Directing,2025-03-02 01:14:54.379063+00:00,2025-03-04 07:00:03.914845+00:00
1050610,2,Shuichi Okita,沖田修一,Directing,2025-03-02 01:14:54.379063+00:00,2025-03-04 07:00:03.914845+00:00
1505545,2,Koichiro Miki,三木康一郎,Directing,2025-03-02 01:14:54.379063+00:00,2025-03-04 07:00:03.914845+00:00
16785,2,Peter Webber,Peter Webber,Directing,2025-03-02 01:14:54.379063+00:00,2025-03-04 07:00:03.914845+00:00
4511967,2,Ming-Chih Lin,Ming-Chih Lin,Directing,2025-03-02 01:14:54.379063+00:00,2025-03-04 07:00:03.914845+00:00
583881,2,Nobuhiro Yamashita,山下敦弘,Directing,2025-03-02 01:14:54.379063+00:00,2025-03-04 07:00:03.914845+00:00
143059,2,Patrick Hughes,Patrick Hughes,Directing,2025-03-02 01:14:54.379063+00:00,2025-03-04 07:00:03.914845+00:00
1814824,2,Alireza Ghasemi,Alireza Ghasemi,Directing,2025-03-02 01:14:54.379063+00:00,2025-03-04 07:00:03.914845+00:00
1265918,2,Cho Yong-sun,Cho Yong-sun,Directing,2025-03-02 01:14:54.379063+00:00,2025-03-04 07:00:03.914845+00:00
2026329,2,Toby L,Toby L,Directing,2025-03-02 01:14:54.379063+00:00,2025-03-04 07:00:03.914845+00:00
145117,2,Jean-Pierre Améris,Jean-Pierre Améris,Directing,2025-03-02 01:14:54.379063+00:00,2025-03-04 07:00:03.914845+00:00
525,2,Christopher Nolan,Christopher Nolan,Directing,2025-03-02 01:14:54.379063+00:00,2025-03-04 07:00:03.914845+00:00
55934,2,Taika Waititi,Taika Waititi,Directing,2025-03-02 01:14:54.379063+00:00,2025-03-04 07:00:03.914845+00:00
856440,2,Michael Mohan,Michael Mohan,Directing,2025-03-02 01:14:54.379063+00:00,2025-03-04 07:00:03.914845+00:00
1224,2,Ethan Coen,Ethan Coen,Directing,2025-03-02 01:14:54.379063+00:00,2025-03-04 07:00:03.914845+00:00
2130029,2,Shinichiro Ueda,上田慎一郎,Directing,2025-03-02 01:14:54.379063+00:00,2025-03-04 07:00:03.914845+00:00
10491,2,Paul Verhoeven,Paul Verhoeven,Directing,2025-03-02 01:14:54.379063+00:00,2025-03-04 07:00:03.914845+00:00
1223,2,Joel Coen,Joel Coen,Directing,2025-03-02 01:14:54.379063+00:00,2025-03-04 07:00:03.914845+00:00
1152054,2,Josh Greenbaum,Josh Greenbaum,Directing,2025-03-02 01:14:54.379063+00:00,2025-03-04 07:00:03.914845+00:00
69488,2,Nanni Moretti,Nanni Moretti,Directing,2025-03-02 01:14:54.379063+00:00,2025-03-04 07:00:03.914845+00:00
11401,2,John Woo,吴宇森,Directing,2025-03-02 01:14:54.379063+00:00,2025-03-04 07:00:03.914845+00:00
31074,2,Kinji Fukasaku,深作欣二,Directing,2025-03-02 01:14:54.379063+00:00,2025-03-04 07:00:03.914845+00:00
16919,2,Olivier Dahan,Olivier Dahan,Directing,2025-03-02 01:14:54.379063+00:00,2025-03-04 07:00:03.914845+00:00
1287083,2,Dominic Dromgoole,Dominic Dromgoole,Production,2025-03-02 01:14:54.379063+00:00,2025-03-04 07:00:03.914845+00:00
133704,2,Yuichi Fukuda,福田雄一,Writing,2025-03-02 01:14:54.379063+00:00,2025-03-04 07:00:03.914845+00:00
5166337,0,Dowoti Desir,Dowoti Desir,Acting,2025-03-02 01:14:54.379063+00:00,2025-03-04 07:00:03.914845+00:00
1618433,0,Rira Kawamura,Rira Kawamura,Acting,2025-03-02 01:14:54.379063+00:00,2025-03-04 07:00:03.914845+00:00
225233,0,Wolfgang Hübsch,Wolfgang Hübsch,Acting,2025-03-02 01:14:54.379063+00:00,2025-03-04 07:00:03.914845+00:00
4101453,0,Nomin-Erdene Ariunbyamba,Nomin-Erdene Ariunbyamba,Acting,2025-03-02 01:14:54.379063+00:00,2025-03-04 07:00:03.914845+00:00
4077172,0,Jilou,Jilou,Acting,2025-03-02 09:35:42.269341+00:00,2025-03-04 07:00:03.914845+00:00
3622141,0,Aseel Farhat,Aseel Farhat,Acting,2025-03-02 01:14:54.379063+00:00,2025-03-04 07:00:03.914845+00:00
2193157,0,Igari Soya,Igari Soya,Acting,2025-03-02 01:14:54.379063+00:00,2025-03-04 07:00:03.914845+00:00
2129564,0,Miss Lawrence,Miss Lawrence,Acting,2025-03-02 01:14:54.379063+00:00,2025-03-04 07:00:03.914845+00:00
1141,1,Hélène Vincent,Hélène Vincent,Acting,2025-03-02 01:14:54.379063+00:00,2025-03-04 07:00:03.914845+00:00
1689089,1,Andrea Bang,Andrea Bang,Acting,2025-03-02 01:14:54.379063+00:00,2025-03-04 07:00:03.914845+00:00
20118,1,Françoise Brion,Françoise Brion,Acting,2025-03-02 01:14:54.379063+00:00,2025-03-04 07:00:03.914845+00:00
107727,1,Ekaterina Vilkova,Екатерина Вилкова,Acting,2025-03-02 01:14:54.379063+00:00,2025-03-04 07:00:03.914845+00:00
1940991,1,Jade Halley Bartlett,Jade Halley Bartlett,Acting,2025-03-02 01:14:54.379063+00:00,2025-03-04 07:00:03.914845+00:00
2480883,1,Lee Ju-bin,이주빈,Acting,2025-03-02 01:14:54.379063+00:00,2025-03-04 07:00:03.914845+00:00
38285,1,Jacqueline Zhu Zhi-Ying,朱芷瑩,Acting,2025-03-02 01:14:54.379063+00:00,2025-03-04 07:00:03.914845+00:00
1309844,1,Mariana Treviño,Mariana Treviño,Acting,2025-03-02 01:14:54.379063+00:00,2025-03-04 07:00:03.914845+00:00
2214765,1,Demi Singleton,Demi Singleton,Acting,2025-03-02 01:14:54.379063+00:00,2025-03-04 07:00:03.914845+00:00
1580564,1,Lee Chien-Na,李千娜,Acting,2025-03-02 01:14:54.379063+00:00,2025-03-04 07:00:03.914845+00:00
2026050,1,Emmy Raver-Lampman,Emmy Raver-Lampman,Acting,2025-03-02 01:14:54.379063+00:00,2025-03-04 07:00:03.914845+00:00
4959,1,Claudia Cardinale,Claudia Cardinale,Acting,2025-03-02 01:14:54.379063+00:00,2025-03-04 07:00:03.914845+00:00
66762,1,Charlie Yeung Choi-Nei,杨采妮,Acting,2025-03-02 01:14:54.379063+00:00,2025-03-04 07:00:03.914845+00:00
1285023,1,Ashley Park,Ashley Park,Acting,2025-03-02 01:14:54.379063+00:00,2025-03-04 07:00:03.914845+00:00
20710,1,Chiara Mastroianni,Chiara Mastroianni,Acting,2025-03-02 01:14:54.379063+00:00,2025-03-04 07:00:03.914845+00:00
1515940,1,Sarwat Gilani,Sarwat Gilani,Acting,2025-03-02 01:14:54.379063+00:00,2025-03-04 07:00:03.914845+00:00
1836775,1,Wang Yuwen,王玉雯,Acting,2025-03-02 01:14:54.379063+00:00,2025-03-04 07:00:03.914845+00:00
1414400,1,Ji Sung-won,지성원,Acting,2025-03-02 01:14:54.379063+00:00,2025-03-04 07:00:03.914845+00:00
119143,1,Kana Hanazawa,花澤香菜,Acting,2025-03-02 01:14:54.379063+00:00,2025-03-04 07:00:03.914845+00:00
557188,1,Jessica Clement,Jessica Clement,Acting,2025-03-02 01:14:54.379063+00:00,2025-03-04 07:00:03.914845+00:00
23671,1,Émilie Dequenne,Émilie Dequenne,Acting,2025-03-02 01:14:54.379063+00:00,2025-03-04 07:00:03.914845+00:00
63359,1,Cathy Belton,Cathy Belton,Acting,2025-03-02 01:14:54.379063+00:00,2025-03-04 07:00:03.914845+00:00
41091,1,Kristen Wiig,Kristen Wiig,Acting,2025-03-02 01:14:54.379063+00:00,2025-03-04 07:00:03.914845+00:00
1183917,1,Lily Gladstone,Lily Gladstone,Acting,2025-03-02 01:14:54.379063+00:00,2025-03-04 07:00:03.914845+00:00
554421,1,Tamao Hayashi,林玉緒,Acting,2025-03-02 01:14:54.379063+00:00,2025-03-04 07:00:03.914845+00:00
17901,1,Chantal Neuwirth,Chantal Neuwirth,Acting,2025-03-02 01:14:54.379063+00:00,2025-03-04 07:00:03.914845+00:00
97193,1,Eva Holubová,Eva Holubová,Acting,2025-03-02 01:14:54.379063+00:00,2025-03-04 07:00:03.914845+00:00
1582100,1,Ha Yee-Chau,Ha Yee-Chau,Acting,2025-03-02 01:14:54.379063+00:00,2025-03-04 07:00:03.914845+00:00
3004070,1,Saku Mizuno,水野朔,Acting,2025-03-02 01:14:54.379063+00:00,2025-03-04 07:00:03.914845+00:00
28079,1,Alisa Freyndlikh,Алиса Фрейндлих,Acting,2025-03-02 01:14:54.379063+00:00,2025-03-04 07:00:03.914845+00:00
1110405,1,Mackenzie Davis,Mackenzie Davis,Acting,2025-03-02 01:14:54.379063+00:00,2025-03-04 07:00:03.914845+00:00
210824,1,Kristen Connolly,Kristen Connolly,Acting,2025-03-02 01:14:54.379063+00:00,2025-03-04 07:00:03.914845+00:00
78329,1,Lorraine Ashbourne,Lorraine Ashbourne,Acting,2025-03-02 01:14:54.379063+00:00,2025-03-04 07:00:03.914845+00:00
1354,1,Frédérique Feder,Frédérique Feder,Acting,2025-03-02 01:14:54.379063+00:00,2025-03-04 07:00:03.914845+00:00
553082,1,Tomoko Hoshino,星野知子,Acting,2025-03-02 01:14:54.379063+00:00,2025-03-04 07:00:03.914845+00:00
2598,1,Sophie Okonedo,Sophie Okonedo,Acting,2025-03-02 01:14:54.379063+00:00,2025-03-04 07:00:03.914845+00:00
45827,1,Ashley Greene,Ashley Greene,Acting,2025-03-02 01:14:54.379063+00:00,2025-03-04 07:00:03.914845+00:00
3289678,1,Baek Ji-hye,백지혜,Acting,2025-03-02 01:14:54.379063+00:00,2025-03-04 07:00:03.914845+00:00
2496534,1,Philippine Velge,Philippine Velge,Acting,2025-03-02 01:14:54.379063+00:00,2025-03-04 07:00:03.914845+00:00
400,1,Geraldine Chaplin,Geraldine Chaplin,Acting,2025-03-02 01:14:54.379063+00:00,2025-03-04 07:00:03.914845+00:00
4031156,1,Tresi Gazal,Tresi Gazal,Acting,2025-03-02 01:14:54.379063+00:00,2025-03-04 07:00:03.914845+00:00
8944,1,Jamie Lee Curtis,Jamie Lee Curtis,Acting,2025-03-02 01:14:54.379063+00:00,2025-03-04 07:00:03.914845+00:00
1743949,1,Bruna Cusí,Bruna Cusí,Acting,2025-03-02 01:14:54.379063+00:00,2025-03-04 07:00:03.914845+00:00
144763,1,Nina Meurisse,Nina Meurisse,Acting,2025-03-02 01:14:54.379063+00:00,2025-03-04 07:00:03.914845+00:00
1279571,1,Jennis Oprasert,เจนนิษฐ์ โอ่ประเสริฐ,Acting,2025-03-02 01:14:54.379063+00:00,2025-03-04 07:00:03.914845+00:00
4815163,1,Torfan Taweema,ทอฝัน ทวีมา,Acting,2025-03-02 01:14:54.379063+00:00,2025-03-04 07:00:03.914845+00:00
17743,1,Miranda Cosgrove,Miranda Cosgrove,Acting,2025-03-02 01:14:54.379063+00:00,2025-03-04 07:00:03.914845+00:00
651,1,Louise Lemoine Torrès,Louise Lemoine Torrès,Acting,2025-03-02 01:14:54.379063+00:00,2025-03-04 07:00:03.914845+00:00
142673,1,Eri Tokunaga,徳永えり,Acting,2025-03-02 01:14:54.379063+00:00,2025-03-04 07:00:03.914845+00:00
1813472,1,Vivien Lyra Blair,Vivien Lyra Blair,Acting,2025-03-02 01:14:54.379063+00:00,2025-03-04 07:00:03.914845+00:00
2425167,1,Verity Marks,Verity Marks,Acting,2025-03-02 01:14:54.379063+00:00,2025-03-04 07:00:03.914845+00:00
2864457,1,Jang Ye-eun,Jang Ye-eun,Acting,2025-03-02 01:14:54.379063+00:00,2025-03-04 07:00:03.914845+00:00
530025,1,Willow Shields,Willow Shields,Acting,2025-03-02 01:14:54.379063+00:00,2025-03-04 07:00:03.914845+00:00
98415,1,Nika King,Nika King,Acting,2025-03-02 01:14:54.379063+00:00,2025-03-04 07:00:03.914845+00:00
1280476,1,Doria Tillier,Doria Tillier,Acting,2025-03-02 01:14:54.379063+00:00,2025-03-04 07:00:03.914845+00:00
1997030,1,Halsey,Halsey,Acting,2025-03-02 01:14:54.379063+00:00,2025-03-04 07:00:03.914845+00:00
4004860,1,Siran Riak,Siran Riak,Acting,2025-03-02 01:14:54.379063+00:00,2025-03-04 07:00:03.914845+00:00
3947368,1,Denise Jelilcha Kapaun,Denise Jelilcha Kapaun,Acting,2025-03-02 01:14:54.379063+00:00,2025-03-04 07:00:03.914845+00:00
29369,1,Melanie Griffith,Melanie Griffith,Acting,2025-03-02 01:14:54.379063+00:00,2025-03-04 07:00:03.914845+00:00
1453008,2,Monster Wen,Monster Wen,Acting,2025-03-02 01:14:54.379063+00:00,2025-03-04 07:00:03.914845+00:00
96592,2,Manuel Tadros,Manuel Tadros,Acting,2025-03-02 01:14:54.379063+00:00,2025-03-04 07:00:03.914845+00:00
3928684,2,Jay Victor,Jay Victor,Acting,2025-03-02 01:14:54.379063+00:00,2025-03-04 07:00:03.914845+00:00
4757,2,Rupert Everett,Rupert Everett,Acting,2025-03-02 01:14:54.379063+00:00,2025-03-04 07:00:03.914845+00:00
3888559,2,Yim Seung-min,임승민,Acting,2025-03-02 01:14:54.379063+00:00,2025-03-04 07:00:03.914845+00:00
1297520,2,Wang Qingxiang,王庆祥,Acting,2025-03-02 01:14:54.379063+00:00,2025-03-04 07:00:03.914845+00:00
1387126,2,Teo Yoo,유태오,Acting,2025-03-02 01:14:54.379063+00:00,2025-03-04 07:00:03.914845+00:00
1247,2,Matthew Goode,Matthew Goode,Acting,2025-03-02 01:14:54.379063+00:00,2025-03-04 07:00:03.914845+00:00
8595,2,Alexandre Rodrigues,Alexandre Rodrigues,Acting,2025-03-02 01:14:54.379063+00:00,2025-03-04 07:00:03.914845+00:00
12270,2,Michel Serrault,Michel Serrault,Acting,2025-03-02 01:14:54.379063+00:00,2025-03-04 07:00:03.914845+00:00
2116932,2,Tenzing Dalha,Tenzing Dalha,Acting,2025-03-02 01:14:54.379063+00:00,2025-03-04 07:00:03.914845+00:00
3836,2,Roger Hanin,Roger Hanin,Acting,2025-03-02 01:14:54.379063+00:00,2025-03-04 07:00:03.914845+00:00
1118107,2,Pietro Castellitto,Pietro Castellitto,Acting,2025-03-02 01:14:54.379063+00:00,2025-03-04 07:00:03.914845+00:00
23789,2,Sebastian Roché,Sebastian Roché,Acting,2025-03-02 01:14:54.379063+00:00,2025-03-04 07:00:03.914845+00:00
1270438,2,Hero Tai,Hero Tai,Acting,2025-03-02 01:14:54.379063+00:00,2025-03-04 07:00:03.914845+00:00
23498,2,Alexander Ludwig,Alexander Ludwig,Acting,2025-03-02 01:14:54.379063+00:00,2025-03-04 07:00:03.914845+00:00
3005649,2,Jeong Jae-seong,정재성,Acting,2025-03-02 01:14:54.379063+00:00,2025-03-04 07:00:03.914845+00:00
62447,2,Samir Guesmi,Samir Guesmi,Acting,2025-03-02 01:14:54.379063+00:00,2025-03-04 07:00:03.914845+00:00
15455,2,Tate Donovan,Tate Donovan,Acting,2025-03-02 01:14:54.379063+00:00,2025-03-04 07:00:03.914845+00:00
1818017,2,Valentin Postlmayr,Valentin Postlmayr,Acting,2025-03-02 01:14:54.379063+00:00,2025-03-04 07:00:03.914845+00:00
1095818,2,Lee Jong-suk,이종석,Acting,2025-03-02 01:14:54.379063+00:00,2025-03-04 07:00:03.914845+00:00
4796,2,Alexander Beyer,Alexander Beyer,Acting,2025-03-02 01:14:54.379063+00:00,2025-03-04 07:00:03.914845+00:00
1338063,2,Huang Zhizhong,黄志忠,Acting,2025-03-02 01:14:54.379063+00:00,2025-03-04 07:00:03.914845+00:00
206919,2,Daniel Kaluuya,Daniel Kaluuya,Acting,2025-03-02 09:35:42.269341+00:00,2025-03-04 07:00:03.914845+00:00
29234,2,Joe Anderson,Joe Anderson,Acting,2025-03-02 01:14:54.379063+00:00,2025-03-04 07:00:03.914845+00:00
1085618,2,Anthony Shim,Anthony Shim,Acting,2025-03-02 01:14:54.379063+00:00,2025-03-04 07:00:03.914845+00:00
2563029,2,Matthew Finlan,Matthew Finlan,Acting,2025-03-02 01:14:54.379063+00:00,2025-03-04 07:00:03.914845+00:00
3582598,2,Marc Soler,Marc Soler Rull,Acting,2025-03-02 01:14:54.379063+00:00,2025-03-04 07:00:03.914845+00:00
74957,2,Andre Royo,Andre Royo,Acting,2025-03-02 01:14:54.379063+00:00,2025-03-04 07:00:03.914845+00:00
229752,2,Baek Yoon-sik,백윤식,Acting,2025-03-02 01:14:54.379063+00:00,2025-03-04 07:00:03.914845+00:00
3724264,2,Oliver McCallum,Oliver McCallum,Acting,2025-03-02 01:14:54.379063+00:00,2025-03-04 07:00:03.914845+00:00
20212,2,Dermot Mulroney,Dermot Mulroney,Acting,2025-03-02 01:14:54.379063+00:00,2025-03-04 07:00:03.914845+00:00
1151244,2,Anatoly Kot,Анатолий Кот,Acting,2025-03-02 01:14:54.379063+00:00,2025-03-04 07:00:03.914845+00:00
146817,2,Kento Hayashi,林遣都,Acting,2025-03-02 09:35:42.269341+00:00,2025-03-04 07:00:03.914845+00:00
17142,2,Paul Dano,Paul Dano,Acting,2025-03-02 01:14:54.379063+00:00,2025-03-04 07:00:03.914845+00:00
63442,2,Cha Tae-hyun,차태현,Acting,2025-03-02 01:14:54.379063+00:00,2025-03-04 07:00:03.914845+00:00
3186384,2,Guntapat Kasemsan Na Ayudhya,กันตพัฒน์ เกษมสันต์ ณ อยุธยา,Acting,2025-03-02 01:14:54.379063+00:00,2025-03-04 07:00:03.914845+00:00
1290336,2,Yoshi Sakō,酒向芳,Acting,2025-03-02 01:14:54.379063+00:00,2025-03-04 07:00:03.914845+00:00
1255141,2,Lo Pei-An,羅北安,Acting,2025-03-02 01:14:54.379063+00:00,2025-03-04 07:00:03.914845+00:00
7707,2,Libero De Rienzo,Libero De Rienzo,Acting,2025-03-02 01:14:54.379063+00:00,2025-03-04 07:00:03.914845+00:00
1624033,2,Bruce Khan,브루스 칸,Acting,2025-03-02 01:14:54.379063+00:00,2025-03-04 07:00:03.914845+00:00
528339,2,Oh Kwang-rok,오광록,Acting,2025-03-02 01:14:54.379063+00:00,2025-03-04 07:00:03.914845+00:00
3778996,2,Daniel Rived,Daniel Rived,Acting,2025-03-02 01:14:54.379063+00:00,2025-03-04 07:00:03.914845+00:00
1716493,2,Harris Dickinson,Harris Dickinson,Acting,2025-03-02 01:14:54.379063+00:00,2025-03-04 07:00:03.914845+00:00
253,2,Douglas Rain,Douglas Rain,Acting,2025-03-02 01:14:54.379063+00:00,2025-03-04 07:00:03.914845+00:00
1232442,2,Jouji Shibue,渋江譲二,Acting,2025-03-02 01:14:54.379063+00:00,2025-03-04 07:00:03.914845+00:00
11355,2,Jason Isaacs,Jason Isaacs,Acting,2025-03-02 01:14:54.379063+00:00,2025-03-04 07:00:03.914845+00:00
3672524,2,Lucas Sagae,Lucas Sagae,Acting,2025-03-02 01:14:54.379063+00:00,2025-03-04 07:00:03.914845+00:00
1730944,2,Dominik Warta,Dominik Warta,Acting,2025-03-02 01:14:54.379063+00:00,2025-03-04 07:00:03.914845+00:00
129215,2,Ernst Stötzner,Ernst Stötzner,Acting,2025-03-02 01:14:54.379063+00:00,2025-03-04 07:00:03.914845+00:00
1311150,2,Im Cheol-hyung,임철형,Acting,2025-03-02 01:14:54.379063+00:00,2025-03-04 07:00:03.914845+00:00
189720,2,Kevin Parent,Kevin Parent,Acting,2025-03-02 01:14:54.379063+00:00,2025-03-04 07:00:03.914845+00:00
27428,2,Aaron Taylor-Johnson,Aaron Taylor-Johnson,Acting,2025-03-02 01:14:54.379063+00:00,2025-03-04 07:00:03.914845+00:00
1364004,2,Tom Bateman,Tom Bateman,Acting,2025-03-02 01:14:54.379063+00:00,2025-03-04 07:00:03.914845+00:00
707,2,Dan Aykroyd,Dan Aykroyd,Acting,2025-03-02 01:14:54.379063+00:00,2025-03-04 07:00:03.914845+00:00
1260004,2,Tawfeek Barhom,Tawfeek Barhom,Acting,2025-03-02 01:14:54.379063+00:00,2025-03-04 07:00:03.914845+00:00
35027,3,Ryan Simpkins,Ryan Simpkins,Acting,2025-03-02 01:14:54.379063+00:00,2025-03-04 07:00:03.914845+00:00
4700752,0,Tsai Min-Hua,Tsai Min-Hua,Directing,2025-03-02 01:14:54.379063+00:00,2025-03-04 07:00:03.914845+00:00
3152597,0,Yuta Shimotsu,Yuta Shimotsu,Directing,2025-03-02 01:14:54.379063+00:00,2025-03-04 07:00:03.914845+00:00
3513797,0,David Ernaux-Briot,David Ernaux-Briot,Directing,2025-03-02 01:14:54.379063+00:00,2025-03-04 07:00:03.914845+00:00
4100888,0,Lim Jae-kyung,Lim Jae-kyung,Directing,2025-03-02 01:14:54.379063+00:00,2025-03-04 07:00:03.914845+00:00
3614587,0,Liu Chuan-hui,Liu Chuan-hui,Directing,2025-03-02 01:14:54.379063+00:00,2025-03-04 07:00:03.914845+00:00
1806870,1,Léonor Serraille,Léonor Serraille,Directing,2025-03-02 01:14:54.379063+00:00,2025-03-04 07:00:03.914845+00:00
1844023,1,Yen Lan-Chuan,Yen Lan-Chuan,Directing,2025-03-02 01:14:54.379063+00:00,2025-03-04 07:00:03.914845+00:00
5281,2,Spike Lee,Spike Lee,Directing,2025-03-02 01:14:54.379063+00:00,2025-03-04 07:00:03.914845+00:00
585933,2,François Simard,François Simard,Directing,2025-03-02 01:14:54.379063+00:00,2025-03-04 07:00:03.914845+00:00
14132,2,Nicolas Roeg,Nicolas Roeg,Directing,2025-03-02 01:14:54.379063+00:00,2025-03-04 07:00:03.914845+00:00
2021634,2,Silvan Zürcher,Silvan Zürcher,Directing,2025-03-02 01:14:54.379063+00:00,2025-03-04 07:00:03.914845+00:00
548652,2,Yoon Jae-geun,Yoon Jae-geun,Directing,2025-03-02 01:14:54.379063+00:00,2025-03-04 07:00:03.914845+00:00
1274468,2,Lukas Dhont,Lukas Dhont,Directing,2025-03-02 01:14:54.379063+00:00,2025-03-04 07:00:03.914845+00:00
3702907,2,Arie Socorro,Arie Socorro,Directing,2025-03-02 01:14:54.379063+00:00,2025-03-04 07:00:03.914845+00:00
66728,2,Jonathan Glazer,Jonathan Glazer,Directing,2025-03-02 01:14:54.379063+00:00,2025-03-04 07:00:03.914845+00:00
893,2,Tony Scott,Tony Scott,Directing,2025-03-02 01:14:54.379063+00:00,2025-03-04 07:00:03.914845+00:00
2214726,2,Waasuthep Ketpetch,Waasuthep Ketpetch,Directing,2025-03-02 01:14:54.379063+00:00,2025-03-04 07:00:03.914845+00:00
957,2,Matthew Vaughn,Matthew Vaughn,Directing,2025-03-02 01:14:54.379063+00:00,2025-03-04 07:00:03.914845+00:00
42741,2,Dominique Abel,Dominique Abel,Directing,2025-03-02 01:14:54.379063+00:00,2025-03-04 07:00:03.914845+00:00
183,2,Koji Morimoto,森本晃司,Directing,2025-03-02 01:14:54.379063+00:00,2025-03-04 07:00:03.914845+00:00
2423925,2,Jo Ba-reun,Jo Ba-reun,Directing,2025-03-02 01:14:54.379063+00:00,2025-03-04 07:00:03.914845+00:00
56349,2,Victor Salva,Victor Salva,Directing,2025-03-02 01:14:54.379063+00:00,2025-03-04 07:00:03.914845+00:00
31083,2,David Verbeek,David Verbeek,Directing,2025-03-02 01:14:54.379063+00:00,2025-03-04 07:00:03.914845+00:00
1195583,2,Keiichi Kobayashi,小林啓一,Directing,2025-03-02 01:14:54.379063+00:00,2025-03-04 07:00:03.914845+00:00
1751861,0,Maeve O'Boyle,Maeve O'Boyle,Editing,2025-03-02 01:14:54.379063+00:00,2025-03-04 07:00:03.914845+00:00
2535263,0,Hang Trinh,Hang Trinh,Production,2025-03-02 09:35:42.269341+00:00,2025-03-04 07:00:03.914845+00:00
2972234,2,Kelvin Shum,Kelvin Shum,Production,2025-03-02 01:14:54.379063+00:00,2025-03-04 07:00:03.914845+00:00
2388945,2,Loundraw,Loundraw,Visual Effects,2025-03-02 01:14:54.379063+00:00,2025-03-04 07:00:03.914845+00:00
58421,2,Christopher Jenkins,Christopher Jenkins,Writing,2025-03-02 01:14:54.379063+00:00,2025-03-04 07:00:03.914845+00:00
23964,2,Gary Ross,Gary Ross,Writing,2025-03-02 01:14:54.379063+00:00,2025-03-04 07:00:03.914845+00:00
2036,2,Alex Garland,Alex Garland,Writing,2025-03-02 01:14:54.379063+00:00,2025-03-04 07:00:03.914845+00:00
54868,2,Christian Gudegast,Christian Gudegast,Writing,2025-03-02 01:14:54.379063+00:00,2025-03-04 07:00:03.914845+00:00
143036,2,Wu Nien-jen,吳念真,Writing,2025-03-02 01:14:54.379063+00:00,2025-03-04 07:00:03.914845+00:00
3552511,0,Clara Bretheau,Clara Bretheau,Acting,2025-03-02 01:14:54.379063+00:00,2025-03-04 07:00:03.914845+00:00
1143687,0,Sammy Sum Chun-Hin,Sammy Sum Chun-Hin,Acting,2025-03-02 01:14:54.379063+00:00,2025-03-04 07:00:03.914845+00:00
4507654,0,Qiao-Ling Lin,Qiao-Ling Lin,Acting,2025-03-02 01:14:54.379063+00:00,2025-03-04 07:00:03.914845+00:00
2435329,0,Yuoko Hitomi,Yuoko Hitomi,Acting,2025-03-02 01:14:54.379063+00:00,2025-03-04 07:00:03.914845+00:00
3113066,0,Ismail Adouab,Ismail Adouab,Acting,2025-03-02 01:14:54.379063+00:00,2025-03-04 07:00:03.914845+00:00
3432303,0,Marko Kerezovic,Marko Kerezovic,Acting,2025-03-02 01:14:54.379063+00:00,2025-03-04 07:00:03.914845+00:00
1373422,0,Aimar Vega,Aimar Vega,Acting,2025-03-02 01:14:54.379063+00:00,2025-03-04 07:00:03.914845+00:00
4404891,0,Zhon Li,Zhon Li,Acting,2025-03-02 01:14:54.379063+00:00,2025-03-04 07:00:03.914845+00:00
4089684,0,Chow Kin-Kwan,Chow Kin-Kwan,Acting,2025-03-02 01:14:54.379063+00:00,2025-03-04 07:00:03.914845+00:00
3389379,0,Milan Herms,Milan Herms,Acting,2025-03-02 01:14:54.379063+00:00,2025-03-04 07:00:03.914845+00:00
4528715,0,Mac Sekioka,Mac Sekioka,Acting,2025-03-02 01:14:54.379063+00:00,2025-03-04 07:00:03.914845+00:00
3735681,0,Gwyneth Ho,Gwyneth Ho,Acting,2025-03-02 01:14:54.379063+00:00,2025-03-04 07:00:03.914845+00:00
2504490,0,Shi Naghua,Shi Naghua,Acting,2025-03-02 01:14:54.379063+00:00,2025-03-04 07:00:03.914845+00:00
1190554,1,Catherine Corcoran,Catherine Corcoran,Acting,2025-03-02 01:14:54.379063+00:00,2025-03-04 07:00:03.914845+00:00
1975222,1,Emiri Suyama,陶山恵実里,Acting,2025-03-02 01:14:54.379063+00:00,2025-03-04 07:00:03.914845+00:00
4273,1,Charlotte Gainsbourg,Charlotte Gainsbourg,Acting,2025-03-02 01:14:54.379063+00:00,2025-03-04 07:00:03.914845+00:00
1413811,1,Elena Radonicich,Elena Radonicich,Acting,2025-03-02 01:14:54.379063+00:00,2025-03-04 07:00:03.914845+00:00
1195944,1,Kasumi Yamaya,山谷花純,Acting,2025-03-02 01:14:54.379063+00:00,2025-03-04 07:00:03.914845+00:00
2414911,1,Misako Iino,飯野美紗子,Acting,2025-03-02 01:14:54.379063+00:00,2025-03-04 07:00:03.914845+00:00
1564284,1,Katarzyna Sawczuk,Katarzyna Sawczuk,Acting,2025-03-02 01:14:54.379063+00:00,2025-03-04 07:00:03.914845+00:00
2611199,1,Yerin Ha,Yerin Ha,Acting,2025-03-02 01:14:54.379063+00:00,2025-03-04 07:00:03.914845+00:00
97576,1,Gemma Chan,Gemma Chan,Acting,2025-03-02 01:14:54.379063+00:00,2025-03-04 07:00:03.914845+00:00
116783,1,Rena Tanaka,田中麗奈,Acting,2025-03-02 01:14:54.379063+00:00,2025-03-04 07:00:03.914845+00:00
1599983,1,Kyoko Yoshine,芳根京子,Acting,2025-03-02 01:14:54.379063+00:00,2025-03-04 07:00:03.914845+00:00
125882,1,Maggie Cheung Ho-Yee,張可頤,Acting,2025-03-02 01:14:54.379063+00:00,2025-03-04 07:00:03.914845+00:00
2608906,1,Kim Dan-mi,김단미,Acting,2025-03-02 01:14:54.379063+00:00,2025-03-04 07:00:03.914845+00:00
54675,1,Zabou Breitman,Zabou Breitman,Acting,2025-03-02 01:14:54.379063+00:00,2025-03-04 07:00:03.914845+00:00
11705,1,Michelle Monaghan,Michelle Monaghan,Acting,2025-03-02 01:14:54.379063+00:00,2025-03-04 07:00:03.914845+00:00
3039708,1,Mirei Suda,Mirei Suda,Acting,2025-03-02 01:14:54.379063+00:00,2025-03-04 07:00:03.914845+00:00
2162309,1,Praewa Suthamphong,แพรวา สุธรรมพงษ์,Acting,2025-03-02 01:14:54.379063+00:00,2025-03-04 07:00:03.914845+00:00
1784936,1,Charline Bourgeois-Tacquet,Charline Bourgeois-Tacquet,Acting,2025-03-02 01:14:54.379063+00:00,2025-03-04 07:00:03.914845+00:00
1670906,1,Élisabeth Locas,Élisabeth Locas,Acting,2025-03-02 01:14:54.379063+00:00,2025-03-04 07:00:03.914845+00:00
122468,1,Riisa Naka,仲里依紗,Acting,2025-03-02 01:14:54.379063+00:00,2025-03-04 07:00:03.914845+00:00
70904,1,Michelle Dockery,Michelle Dockery,Acting,2025-03-02 01:14:54.379063+00:00,2025-03-04 07:00:03.914845+00:00
1555914,1,Raquel Nave,Raquel Nave,Acting,2025-03-02 01:14:54.379063+00:00,2025-03-04 07:00:03.914845+00:00
1537686,1,Naomi Ackie,Naomi Ackie,Acting,2025-03-02 01:14:54.379063+00:00,2025-03-04 07:00:03.914845+00:00
50093,1,Lotte Andersen,Lotte Andersen,Acting,2025-03-02 01:14:54.379063+00:00,2025-03-04 07:00:03.914845+00:00
23902,1,Julie Lott,Julie Lott,Acting,2025-03-02 01:14:54.379063+00:00,2025-03-04 07:00:03.914845+00:00
505710,1,Zendaya,Zendaya,Acting,2025-03-02 01:14:54.379063+00:00,2025-03-04 07:00:03.914845+00:00
1277583,1,Bianca A. Santos,Bianca A. Santos,Acting,2025-03-02 01:14:54.379063+00:00,2025-03-04 07:00:03.914845+00:00
2112198,1,Pauline Clément,Pauline Clément,Acting,2025-03-02 01:14:54.379063+00:00,2025-03-04 07:00:03.914845+00:00
1335315,1,Georgina Campbell,Georgina Campbell,Acting,2025-03-02 01:14:54.379063+00:00,2025-03-04 07:00:03.914845+00:00
3376396,1,Aavi Haas,Aavi Haas,Acting,2025-03-02 01:14:54.379063+00:00,2025-03-04 07:00:03.914845+00:00
1640439,1,Mikey Madison,Mikey Madison,Acting,2025-03-02 01:14:54.379063+00:00,2025-03-04 07:00:03.914845+00:00
1258442,1,Puff Kuo,郭雪芙,Acting,2025-03-02 01:14:54.379063+00:00,2025-03-04 07:00:03.914845+00:00
1186305,1,Lee Lieh,Lee Lieh,Acting,2025-03-02 01:14:54.379063+00:00,2025-03-04 07:00:03.914845+00:00
110845,1,Carman Lee Yeuk-Tung,李若彤,Acting,2025-03-02 01:14:54.379063+00:00,2025-03-04 07:00:03.914845+00:00
1222992,1,Eiza González,Eiza González,Acting,2025-03-02 01:14:54.379063+00:00,2025-03-04 07:00:03.914845+00:00
1383391,1,Holly Earl,Holly Earl,Acting,2025-03-02 01:14:54.379063+00:00,2025-03-04 07:00:03.914845+00:00
3527073,1,Elisabetta Mazzullo,Elisabetta Mazzullo,Acting,2025-03-02 01:14:54.379063+00:00,2025-03-04 07:00:03.914845+00:00
1281498,1,Mikako Komatsu,小松未可子,Acting,2025-03-02 01:14:54.379063+00:00,2025-03-04 07:00:03.914845+00:00
1492474,1,Haruka Terui,照井春佳,Acting,2025-03-02 01:14:54.379063+00:00,2025-03-04 07:00:03.914845+00:00
119065,1,Leonie Benesch,Leonie Benesch,Acting,2025-03-02 01:14:54.379063+00:00,2025-03-04 07:00:03.914845+00:00
1078302,1,Eliška Křenková,Eliška Křenková,Acting,2025-03-02 01:14:54.379063+00:00,2025-03-04 07:00:03.914845+00:00
2079094,1,Wang Ting Wen,Wang Ting Wen,Acting,2025-03-02 01:14:54.379063+00:00,2025-03-04 07:00:03.914845+00:00
1241939,1,Wasabi Mizuta,水田わさび,Acting,2025-03-02 01:14:54.379063+00:00,2025-03-04 07:00:03.914845+00:00
3178662,1,Maudy Effrosina,Maudy Effrosina,Acting,2025-03-02 01:14:54.379063+00:00,2025-03-04 07:00:03.914845+00:00
1057068,1,Han Ye-ri,한예리,Acting,2025-03-02 01:14:54.379063+00:00,2025-03-04 07:00:03.914845+00:00
3345063,1,Anan Chang,Anan Chang,Acting,2025-03-02 01:14:54.379063+00:00,2025-03-04 07:00:03.914845+00:00
174708,1,Josette Simon,Josette Simon,Acting,2025-03-02 01:14:54.379063+00:00,2025-03-04 07:00:03.914845+00:00
4966,2,Keenan Wynn,Keenan Wynn,Acting,2025-03-02 01:14:54.379063+00:00,2025-03-04 07:00:03.914845+00:00
234029,2,Steve Laplante,Steve Laplante,Acting,2025-03-02 01:14:54.379063+00:00,2025-03-04 07:00:03.914845+00:00
1622939,2,Ba Duo,巴多,Acting,2025-03-02 01:14:54.379063+00:00,2025-03-04 07:00:03.914845+00:00
78994,2,Sergio Peris-Mencheta,Sergio Peris-Mencheta,Acting,2025-03-02 09:35:42.269341+00:00,2025-03-04 07:00:03.914845+00:00
2084179,2,Bruni Makaya,Bruni Makaya,Acting,2025-03-02 01:14:54.379063+00:00,2025-03-04 07:00:03.914845+00:00
1419890,2,Hikaru Iwamoto,岩本照,Acting,2025-03-02 01:14:54.379063+00:00,2025-03-04 07:00:03.914845+00:00
1723573,2,Alexander Babara,Alexander Babara,Acting,2025-03-02 01:14:54.379063+00:00,2025-03-04 07:00:03.914845+00:00
1062762,2,Rafael Stachowiak,Rafael Stachowiak,Acting,2025-03-02 01:14:54.379063+00:00,2025-03-04 07:00:03.914845+00:00
1333,2,Andy Serkis,Andy Serkis,Acting,2025-03-02 01:14:54.379063+00:00,2025-03-04 07:00:03.914845+00:00
1674539,2,Kim Kang-il,Kim Kang-il,Acting,2025-03-02 01:14:54.379063+00:00,2025-03-04 07:00:03.914845+00:00
19361,2,Thibault de Montalembert,Thibault de Montalembert,Acting,2025-03-02 01:14:54.379063+00:00,2025-03-04 07:00:03.914845+00:00
67940,2,Wayne Grayson,Wayne Grayson,Acting,2025-03-02 01:14:54.379063+00:00,2025-03-04 07:00:03.914845+00:00
974461,2,Chan Chung-Yung,陳松勇,Acting,2025-03-02 01:14:54.379063+00:00,2025-03-04 07:00:03.914845+00:00
54789,2,Sean Patrick Flanery,Sean Patrick Flanery,Acting,2025-03-02 01:14:54.379063+00:00,2025-03-04 07:00:03.914845+00:00
1041465,2,Kento Kaku,賀来賢人,Acting,2025-03-02 01:14:54.379063+00:00,2025-03-04 07:00:03.914845+00:00
129765,2,Jonathan Cohen,Jonathan Cohen,Acting,2025-03-02 01:14:54.379063+00:00,2025-03-04 07:00:03.914845+00:00
21503,2,Tatsuya Fuji,藤竜也,Acting,2025-03-02 01:14:54.379063+00:00,2025-03-04 07:00:03.914845+00:00
18478,2,Rodrigo de la Serna,Rodrigo de la Serna,Acting,2025-03-02 01:14:54.379063+00:00,2025-03-04 07:00:03.914845+00:00
1721268,2,Christian Convery,Christian Convery,Acting,2025-03-02 01:14:54.379063+00:00,2025-03-04 07:00:03.914845+00:00
559412,2,Kaoru Fujiwara,藤原薫,Acting,2025-03-02 01:14:54.379063+00:00,2025-03-04 07:00:03.914845+00:00
3057328,2,Zijie Zong,Zijie Zong,Acting,2025-03-02 01:14:54.379063+00:00,2025-03-04 07:00:03.914845+00:00
84751,2,Kim Kang-woo,김강우,Acting,2025-03-02 01:14:54.379063+00:00,2025-03-04 07:00:03.914845+00:00
2145148,2,Shinichiro Matsuura,Shinichiro Matsuura,Acting,2025-03-02 01:14:54.379063+00:00,2025-03-04 07:00:03.914845+00:00
3127719,2,Shamon Brown Jr.,Shamon Brown Jr.,Acting,2025-03-02 01:14:54.379063+00:00,2025-03-04 07:00:03.914845+00:00
1450287,2,Jacob Grodnik,Jacob Grodnik,Acting,2025-03-02 01:14:54.379063+00:00,2025-03-04 07:00:03.914845+00:00
76932,2,Yuji Miyake,三宅裕司,Acting,2025-03-02 01:14:54.379063+00:00,2025-03-04 07:00:03.914845+00:00
480,2,Gary Lewis,Gary Lewis,Acting,2025-03-02 01:14:54.379063+00:00,2025-03-04 07:00:03.914845+00:00
3675217,2,Hong Yu Hong,Hong Yu Hong,Acting,2025-03-02 01:14:54.379063+00:00,2025-03-04 07:00:03.914845+00:00
77908,2,Fabrice Adde,Fabrice Adde,Acting,2025-03-02 01:14:54.379063+00:00,2025-03-04 07:00:03.914845+00:00
136170,2,Grégoire Colin,Grégoire Colin,Acting,2025-03-02 01:14:54.379063+00:00,2025-03-04 07:00:03.914845+00:00
2714,2,Lance Henriksen,Lance Henriksen,Acting,2025-03-02 01:14:54.379063+00:00,2025-03-04 07:00:03.914845+00:00
3811,2,José Sancho,José Sancho,Acting,2025-03-02 01:14:54.379063+00:00,2025-03-04 07:00:03.914845+00:00
1440574,2,Charlie Plummer,Charlie Plummer,Acting,2025-03-02 01:14:54.379063+00:00,2025-03-04 07:00:03.914845+00:00
3035681,2,Johnny Hui,Johnny Hui,Acting,2025-03-02 01:14:54.379063+00:00,2025-03-04 07:00:03.914845+00:00
1102621,2,Vithaya Pansringarm,วิทยา ปานศรีงาม,Acting,2025-03-02 01:14:54.379063+00:00,2025-03-04 07:00:03.914845+00:00
79944,2,Kenji Sawada,沢田研二,Acting,2025-03-02 01:14:54.379063+00:00,2025-03-04 07:00:03.914845+00:00
6198,2,Vondie Curtis-Hall,Vondie Curtis-Hall,Acting,2025-03-02 01:14:54.379063+00:00,2025-03-04 07:00:03.914845+00:00
133830,2,Jorge Donn,Jorge Donn,Acting,2025-03-02 01:14:54.379063+00:00,2025-03-04 07:00:03.914845+00:00
1333030,2,Son Jong-hak,손종학,Acting,2025-03-02 01:14:54.379063+00:00,2025-03-04 07:00:03.914845+00:00
52891,2,Tom Burke,Tom Burke,Acting,2025-03-02 01:14:54.379063+00:00,2025-03-04 07:00:03.914845+00:00
432040,2,Luke Macfarlane,Luke Macfarlane,Acting,2025-03-02 01:14:54.379063+00:00,2025-03-04 07:00:03.914845+00:00
66589,2,Morio Kazama,風間 杜夫,Acting,2025-03-02 01:14:54.379063+00:00,2025-03-04 07:00:03.914845+00:00
136191,2,Min Tanaka,田中泯,Acting,2025-03-02 01:14:54.379063+00:00,2025-03-04 07:00:03.914845+00:00
109060,2,Kang Shin-il,강신일,Acting,2025-03-02 01:14:54.379063+00:00,2025-03-04 07:00:03.914845+00:00
1254579,2,Sung Joon,성준,Acting,2025-03-02 01:14:54.379063+00:00,2025-03-04 07:00:03.914845+00:00
128550,2,Desmond Tutu,Desmond Tutu,Acting,2025-03-02 01:14:54.379063+00:00,2025-03-04 07:00:03.914845+00:00
298410,2,Keegan-Michael Key,Keegan-Michael Key,Acting,2025-03-02 01:14:54.379063+00:00,2025-03-04 07:00:03.914845+00:00
142676,2,Hiroshi Okochi,大河内博,Acting,2025-03-02 01:14:54.379063+00:00,2025-03-04 07:00:03.914845+00:00
2595502,2,Vachirawit Chivaaree,วชิรวิชญ์ ชีวอารี,Acting,2025-03-02 01:14:54.379063+00:00,2025-03-04 07:00:03.914845+00:00
1014998,2,Masaki Miura,三浦誠己,Acting,2025-03-02 01:14:54.379063+00:00,2025-03-04 07:00:03.914845+00:00
137792,2,Margus Prangel,Margus Prangel,Acting,2025-03-02 01:14:54.379063+00:00,2025-03-04 07:00:03.914845+00:00
1675328,2,Robert Strange,Robert Strange,Acting,2025-03-02 01:14:54.379063+00:00,2025-03-04 07:00:03.914845+00:00
117528,2,Homayoun Ershadi,Homayoun Ershadi,Acting,2025-03-02 01:14:54.379063+00:00,2025-03-04 07:00:03.914845+00:00
5168,2,Gabriel Byrne,Gabriel Byrne,Acting,2025-03-02 01:14:54.379063+00:00,2025-03-04 07:00:03.914845+00:00
1330446,2,Lee Yi-kyung,이이경,Acting,2025-03-02 01:14:54.379063+00:00,2025-03-04 07:00:03.914845+00:00
146750,2,George MacKay,George MacKay,Acting,2025-03-02 01:14:54.379063+00:00,2025-03-04 07:00:03.914845+00:00
67315,2,Tenzin Gyatso,Tenzin Gyatso,Acting,2025-03-02 01:14:54.379063+00:00,2025-03-04 07:00:03.914845+00:00
14246,2,Robert Hossein,Robert Hossein,Acting,2025-03-02 01:14:54.379063+00:00,2025-03-04 07:00:03.914845+00:00
920,2,Jürgen Prochnow,Jürgen Prochnow,Acting,2025-03-02 01:14:54.379063+00:00,2025-03-04 07:00:03.914845+00:00
1149341,2,Ryo Yoshizawa,吉沢亮,Acting,2025-03-02 01:14:54.379063+00:00,2025-03-04 07:00:03.914845+00:00
764,2,Amer Hlehel,Amer Hlehel,Acting,2025-03-02 01:14:54.379063+00:00,2025-03-04 07:00:03.914845+00:00
570522,2,Mark Lee,Mark Lee,Acting,2025-03-02 01:14:54.379063+00:00,2025-03-04 07:00:03.914845+00:00
1547192,2,Taemin,태민,Acting,2025-03-02 01:14:54.379063+00:00,2025-03-04 07:00:03.914845+00:00
1299287,2,Jin Goo,진구,Acting,2025-03-02 01:14:54.379063+00:00,2025-03-04 07:00:03.914845+00:00
1491814,2,Maksim Emelyanov,Максим Емельянов,Acting,2025-03-02 01:14:54.379063+00:00,2025-03-04 07:00:03.914845+00:00
2487461,2,Kaito Takahashi,髙橋海人,Acting,2025-03-02 01:14:54.379063+00:00,2025-03-04 07:00:03.914845+00:00
1882895,2,Hunter Dillon,Hunter Dillon,Acting,2025-03-02 01:14:54.379063+00:00,2025-03-04 07:00:03.914845+00:00
1587614,2,Bình Minh,Bình Minh,Acting,2025-03-02 09:35:42.269341+00:00,2025-03-04 07:00:03.914845+00:00
11181,2,Kenneth Branagh,Kenneth Branagh,Acting,2025-03-02 01:14:54.379063+00:00,2025-03-04 07:00:03.914845+00:00
99687,2,Zhang Hanyu,Zhang Hanyu,Acting,2025-03-02 01:14:54.379063+00:00,2025-03-04 07:00:03.914845+00:00
2874454,2,Oli Higginson,Oli Higginson,Acting,2025-03-02 01:14:54.379063+00:00,2025-03-04 07:00:03.914845+00:00
3505950,2,Eden Dambrine,Eden Dambrine,Acting,2025-03-02 01:14:54.379063+00:00,2025-03-04 07:00:03.914845+00:00
60279,2,Fred Tatasciore,Fred Tatasciore,Acting,2025-03-02 01:14:54.379063+00:00,2025-03-04 07:00:03.914845+00:00
78173,2,Hiroyuki Morita,森田宏幸,Art,2025-03-02 01:14:54.379063+00:00,2025-03-04 07:00:03.914845+00:00
2404505,0,Bang-Yao Liu,Bang-Yao Liu,Directing,2025-03-02 01:14:54.379063+00:00,2025-03-04 07:00:03.914845+00:00
3154911,0,Akito Imai,Akito Imai,Directing,2025-03-02 01:14:54.379063+00:00,2025-03-04 07:00:03.914845+00:00
3964369,0,Feihuan Hao,Feihuan Hao,Directing,2025-03-02 01:14:54.379063+00:00,2025-03-04 07:00:03.914845+00:00
3044062,0,Giannina La Salvia,Giannina La Salvia,Directing,2025-03-02 01:14:54.379063+00:00,2025-03-04 07:00:03.914845+00:00
555526,1,Laura Luchetti,Laura Luchetti,Directing,2025-03-02 01:14:54.379063+00:00,2025-03-04 07:00:03.914845+00:00
1850683,1,Huang Xi,Huang Xi,Directing,2025-03-02 01:14:54.379063+00:00,2025-03-04 07:00:03.914845+00:00
2687337,2,Lee Han-jong,Lee Han-jong,Directing,2025-03-02 01:14:54.379063+00:00,2025-03-04 07:00:03.914845+00:00
2264366,2,Sunghoo Park,박성후,Directing,2025-03-02 01:14:54.379063+00:00,2025-03-04 07:00:03.914845+00:00
933484,2,Izuru Kumasaka,熊坂出,Directing,2025-03-02 01:14:54.379063+00:00,2025-03-04 07:00:03.914845+00:00
201,2,Michel Gondry,Michel Gondry,Directing,2025-03-02 01:14:54.379063+00:00,2025-03-04 07:00:03.914845+00:00
584191,2,Gastón Duprat,Gastón Duprat,Directing,2025-03-02 01:14:54.379063+00:00,2025-03-04 07:00:03.914845+00:00
1098264,2,Hiroaki Matsuyama,松山博昭,Directing,2025-03-02 01:14:54.379063+00:00,2025-03-04 07:00:03.914845+00:00
4465111,2,Julian Yuchiao Lee,Julian Yuchiao Lee,Directing,2025-03-02 01:14:54.379063+00:00,2025-03-04 07:00:03.914845+00:00
1086497,2,Jo Sung-hee,조성희,Directing,2025-03-02 01:14:54.379063+00:00,2025-03-04 07:00:03.914845+00:00
119294,2,Abbas Kiarostami,Abbas Kiarostami,Directing,2025-03-02 01:14:54.379063+00:00,2025-03-04 07:00:03.914845+00:00
50517,2,Mathieu Vadepied,Mathieu Vadepied,Directing,2025-03-02 01:14:54.379063+00:00,2025-03-04 07:00:03.914845+00:00
1553591,2,Yuichiro Hayashi,林祐一郎,Directing,2025-03-02 01:14:54.379063+00:00,2025-03-04 07:00:03.914845+00:00
565893,2,Tien-Lun Yeh,Tien-Lun Yeh,Directing,2025-03-02 01:14:54.379063+00:00,2025-03-04 07:00:03.914845+00:00
1814510,2,Tom George,Tom George,Directing,2025-03-02 01:14:54.379063+00:00,2025-03-04 07:00:03.914845+00:00
1241824,2,Mitsuo Fukuda,福田己津央,Directing,2025-03-02 01:14:54.379063+00:00,2025-03-04 07:00:03.914845+00:00
11343,2,David Yates,David Yates,Directing,2025-03-02 01:14:54.379063+00:00,2025-03-04 07:00:03.914845+00:00
76927,2,Tommy Wirkola,Tommy Wirkola,Directing,2025-03-02 01:14:54.379063+00:00,2025-03-04 07:00:03.914845+00:00
1355412,2,Yuji Nakae,中江裕司,Directing,2025-03-02 01:14:54.379063+00:00,2025-03-04 07:00:03.914845+00:00
85337,2,Wei Te-sheng,Wei Te-sheng,Writing,2025-03-02 01:14:54.379063+00:00,2025-03-04 07:00:03.914845+00:00
236470,2,Koki Mitani,三谷幸喜,Writing,2025-03-02 01:14:54.379063+00:00,2025-03-04 07:00:03.914845+00:00
59265,2,Adam Cooper,Adam Cooper,Writing,2025-03-02 01:14:54.379063+00:00,2025-03-04 07:00:03.914845+00:00
1046225,2,Rodo Sayagues,Rodo Sayagues,Writing,2025-03-02 01:14:54.379063+00:00,2025-03-04 07:00:03.914845+00:00
1105712,2,Régis Roinsard,Régis Roinsard,Writing,2025-03-02 01:14:54.379063+00:00,2025-03-04 07:00:03.914845+00:00
1490566,2,Xiaopeng Tian,田晓鹏,Writing,2025-03-02 01:14:54.379063+00:00,2025-03-04 07:00:03.914845+00:00
876,2,Jonathan Hensleigh,Jonathan Hensleigh,Writing,2025-03-02 01:14:54.379063+00:00,2025-03-04 07:00:03.914845+00:00
4148495,0,Meera Nadarasa,Meera Nadarasa,Acting,2025-03-02 01:14:54.379063+00:00,2025-03-04 07:00:03.914845+00:00
1724556,0,Rob Gough,Rob Gough,Acting,2025-03-02 01:14:54.379063+00:00,2025-03-04 07:00:03.914845+00:00
3502970,0,Fumika Yoshimura,Fumika Yoshimura,Acting,2025-03-02 01:14:54.379063+00:00,2025-03-04 07:00:03.914845+00:00
1504346,0,Mieneke Bakker,Mieneke Bakker,Acting,2025-03-02 01:14:54.379063+00:00,2025-03-04 07:00:03.914845+00:00
3552509,0,Sofiane Bennacer,Sofiane Bennacer,Acting,2025-03-02 01:14:54.379063+00:00,2025-03-04 07:00:03.914845+00:00
2504487,0,Gichi Huang,Gichi Huang,Acting,2025-03-02 01:14:54.379063+00:00,2025-03-04 07:00:03.914845+00:00
4200088,0,Nikki Aaron,Nikki Aaron,Acting,2025-03-02 01:14:54.379063+00:00,2025-03-04 07:00:03.914845+00:00
4469726,0,Huang Yun-ru,Huang Yun-ru,Acting,2025-03-02 01:14:54.379063+00:00,2025-03-04 07:00:03.914845+00:00
4056413,0,Nominjiguur Tsend,Nominjiguur Tsend,Acting,2025-03-02 01:14:54.379063+00:00,2025-03-04 07:00:03.914845+00:00
553119,0,Gohki Kashiyama,Gohki Kashiyama,Acting,2025-03-02 01:14:54.379063+00:00,2025-03-04 07:00:03.914845+00:00
3642004,0,Mahsa Hejazi,Mahsa Hejazi,Acting,2025-03-02 01:14:54.379063+00:00,2025-03-04 07:00:03.914845+00:00
3312256,0,장석현,장석현,Acting,2025-03-02 01:14:54.379063+00:00,2025-03-04 07:00:03.914845+00:00
939122,0,Marin Gerrier,Marin Gerrier,Acting,2025-03-02 01:14:54.379063+00:00,2025-03-04 07:00:03.914845+00:00
3165193,0,Angèle Mac,Angèle Mac,Acting,2025-03-02 01:14:54.379063+00:00,2025-03-04 07:00:03.914845+00:00
96857,0,Jason Tsang,Jason Tsang,Acting,2025-03-02 01:14:54.379063+00:00,2025-03-04 07:00:03.914845+00:00
3007017,0,Gaspar Borchardt,Gaspar Borchardt,Acting,2025-03-02 01:14:54.379063+00:00,2025-03-04 07:00:03.914845+00:00
1288047,1,Alice Isaaz,Alice Isaaz,Acting,2025-03-02 01:14:54.379063+00:00,2025-03-04 07:00:03.914845+00:00
3235103,1,Shoshana Wilder,Shoshana Wilder,Acting,2025-03-02 01:14:54.379063+00:00,2025-03-04 07:00:03.914845+00:00
3155113,1,Nam Kyu-hee,Nam Kyu-hee,Acting,2025-03-02 01:14:54.379063+00:00,2025-03-04 07:00:03.914845+00:00
55882,1,Jytte-Merle Böhrnsen,Jytte-Merle Böhrnsen,Acting,2025-03-02 01:14:54.379063+00:00,2025-03-04 07:00:03.914845+00:00
120349,1,Megumi Ueno,上野めぐみ,Acting,2025-03-02 01:14:54.379063+00:00,2025-03-04 07:00:03.914845+00:00
2208367,1,Kaori Maeda,前田佳織里,Acting,2025-03-02 01:14:54.379063+00:00,2025-03-04 07:00:03.914845+00:00
2414912,1,Mitsuho Kambe,神戸光歩,Acting,2025-03-02 01:14:54.379063+00:00,2025-03-04 07:00:03.914845+00:00
1708946,1,Eugenie Liu,劉奕兒,Acting,2025-03-02 01:14:54.379063+00:00,2025-03-04 07:00:03.914845+00:00
1257652,1,Esther Huang,小薰,Acting,2025-03-02 01:14:54.379063+00:00,2025-03-04 07:00:03.914845+00:00
3253029,1,Yamazaki Nanami,Yamazaki Nanami,Acting,2025-03-02 01:14:54.379063+00:00,2025-03-04 07:00:03.914845+00:00
1328488,1,Aenne Schwarz,Aenne Schwarz,Acting,2025-03-02 01:14:54.379063+00:00,2025-03-04 07:00:03.914845+00:00
23882,1,Amy Madigan,Amy Madigan,Acting,2025-03-02 01:14:54.379063+00:00,2025-03-04 07:00:03.914845+00:00
1272718,1,Lee Sun,이선,Acting,2025-03-02 01:14:54.379063+00:00,2025-03-04 07:00:03.914845+00:00
1340824,1,Anyarin Terathananpat,อัญรินทร์ ธีราธนันพัฒน์,Acting,2025-03-02 01:14:54.379063+00:00,2025-03-04 07:00:03.914845+00:00
1023483,1,Phoebe Waller-Bridge,Phoebe Waller-Bridge,Acting,2025-03-02 01:14:54.379063+00:00,2025-03-04 07:00:03.914845+00:00
2997056,1,Mizuki Kayashima,茅島みずき,Acting,2025-03-02 01:14:54.379063+00:00,2025-03-04 07:00:03.914845+00:00
100765,1,Hikari Mitsushima,満島ひかり,Acting,2025-03-02 01:14:54.379063+00:00,2025-03-04 07:00:03.914845+00:00
571,1,Andrea Eckert,Andrea Eckert,Acting,2025-03-02 01:14:54.379063+00:00,2025-03-04 07:00:03.914845+00:00
1467384,1,Lee Yul-eum,이열음,Acting,2025-03-02 01:14:54.379063+00:00,2025-03-04 07:00:03.914845+00:00
2412,1,Isabelle Nanty,Isabelle Nanty,Acting,2025-03-02 01:14:54.379063+00:00,2025-03-04 07:00:03.914845+00:00
1951647,1,Yui Kitamura,北村優衣,Acting,2025-03-02 01:14:54.379063+00:00,2025-03-04 07:00:03.914845+00:00
2517746,1,Ranchrawee Uakoolwarawat,Ranchrawee Uakoolwarawat,Acting,2025-03-02 01:14:54.379063+00:00,2025-03-04 07:00:03.914845+00:00
1295654,1,Rike Eckermann,Rike Eckermann,Acting,2025-03-02 01:14:54.379063+00:00,2025-03-04 07:00:03.914845+00:00
1256251,1,Kim Ye-won,김예원,Acting,2025-03-02 01:14:54.379063+00:00,2025-03-04 07:00:03.914845+00:00
2138,1,Shawnee Smith,Shawnee Smith,Acting,2025-03-02 01:14:54.379063+00:00,2025-03-04 07:00:03.914845+00:00
3096717,1,Kim No-jin,Kim No-jin,Acting,2025-03-02 01:14:54.379063+00:00,2025-03-04 07:00:03.914845+00:00
1108120,1,Alia Bhatt,Alia Bhatt,Acting,2025-03-02 01:14:54.379063+00:00,2025-03-04 07:00:03.914845+00:00
1323109,1,Aisling Franciosi,Aisling Franciosi,Acting,2025-03-02 01:14:54.379063+00:00,2025-03-04 07:00:03.914845+00:00
1088055,1,Lydia Kandou,Lydia Kandou,Acting,2025-03-02 01:14:54.379063+00:00,2025-03-04 07:00:03.914845+00:00
19492,1,Viola Davis,Viola Davis,Acting,2025-03-02 01:14:54.379063+00:00,2025-03-04 07:00:03.914845+00:00
3454936,1,Rosa Maria Velasco,Rosa Maria Velasco,Acting,2025-03-02 01:14:54.379063+00:00,2025-03-04 07:00:03.914845+00:00
4112537,1,Jeong Seo-ha,Jeong Seo-ha,Acting,2025-03-02 01:14:54.379063+00:00,2025-03-04 07:00:03.914845+00:00
517103,1,Noma Dumezweni,Noma Dumezweni,Acting,2025-03-02 01:14:54.379063+00:00,2025-03-04 07:00:03.914845+00:00
1200669,1,Katharine King So,Katharine King So,Acting,2025-03-02 01:14:54.379063+00:00,2025-03-04 07:00:03.914845+00:00
2682877,1,Liu Haocun,劉浩存,Acting,2025-03-02 01:14:54.379063+00:00,2025-03-04 07:00:03.914845+00:00
238498,1,Satomi Kobayashi,小林聡美,Acting,2025-03-02 01:14:54.379063+00:00,2025-03-04 07:00:03.914845+00:00
5529,1,Anna Popplewell,Anna Popplewell,Acting,2025-03-02 01:14:54.379063+00:00,2025-03-04 07:00:03.914845+00:00
1029157,1,Shin So-yul,신소율,Acting,2025-03-02 01:14:54.379063+00:00,2025-03-04 07:00:03.914845+00:00
1719810,1,Hsin Shu-Fen,Hsin Shu-Fen,Acting,2025-03-02 01:14:54.379063+00:00,2025-03-04 07:00:03.914845+00:00
58068,1,Fionnula Flanagan,Fionnula Flanagan,Acting,2025-03-02 01:14:54.379063+00:00,2025-03-04 07:00:03.914845+00:00
2103077,1,Ikumi Hasegawa,長谷川育美,Acting,2025-03-02 01:14:54.379063+00:00,2025-03-04 07:00:03.914845+00:00
3992344,1,Vân Dung,Vân Dung,Acting,2025-03-02 01:14:54.379063+00:00,2025-03-04 07:00:03.914845+00:00
1254672,1,Asami Seto,瀬戸麻沙美,Acting,2025-03-02 01:14:54.379063+00:00,2025-03-04 07:00:03.914845+00:00
1695492,1,Chloé Astor,Chloé Astor,Acting,2025-03-02 01:14:54.379063+00:00,2025-03-04 07:00:03.914845+00:00
115647,1,Juri Ueno,上野樹里,Acting,2025-03-02 09:35:42.269341+00:00,2025-03-04 07:00:03.914845+00:00
2860533,1,Ekaterina Baker,Ekaterina Baker,Acting,2025-03-02 01:14:54.379063+00:00,2025-03-04 07:00:03.914845+00:00
1822392,1,Benedetta Porcaroli,Benedetta Porcaroli,Acting,2025-03-02 01:14:54.379063+00:00,2025-03-04 07:00:03.914845+00:00
77304,1,Zhao Wei,Zhao Wei,Acting,2025-03-02 01:14:54.379063+00:00,2025-03-04 07:00:03.914845+00:00
1739471,2,Viktor Klem,Viktor Klem,Acting,2025-03-02 01:14:54.379063+00:00,2025-03-04 07:00:03.914845+00:00
124402,2,Masaki Okada,岡田将生,Acting,2025-03-02 01:14:54.379063+00:00,2025-03-04 07:00:03.914845+00:00
2144177,2,Kim Jae-hyun,Kim Jae-hyun,Acting,2025-03-02 01:14:54.379063+00:00,2025-03-04 07:00:03.914845+00:00
2021073,2,Artem Zhigulin,Артём Жигулин,Acting,2025-03-02 01:14:54.379063+00:00,2025-03-04 07:00:03.914845+00:00
4259,2,Kim Young-min,김영민,Acting,2025-03-02 01:14:54.379063+00:00,2025-03-04 07:00:03.914845+00:00
1616206,2,Simon Bennebjerg,Simon Bennebjerg,Acting,2025-03-02 01:14:54.379063+00:00,2025-03-04 07:00:03.914845+00:00
78110,2,Scott Adkins,Scott Adkins,Acting,2025-03-02 01:14:54.379063+00:00,2025-03-04 07:00:03.914845+00:00
134029,2,Fan Wei,范偉,Acting,2025-03-02 01:14:54.379063+00:00,2025-03-04 07:00:03.914845+00:00
1713025,2,Jang Dong-yoon,장동윤,Acting,2025-03-02 01:14:54.379063+00:00,2025-03-04 07:00:03.914845+00:00
2559837,2,Félix-Antoine Bénard,Félix-Antoine Bénard,Acting,2025-03-02 01:14:54.379063+00:00,2025-03-04 07:00:03.914845+00:00
91443,2,Kevin Dorman,Kevin Dorman,Acting,2025-03-02 01:14:54.379063+00:00,2025-03-04 07:00:03.914845+00:00
235147,2,Yoshihiko Hosoda,細田善彦,Acting,2025-03-02 01:14:54.379063+00:00,2025-03-04 07:00:03.914845+00:00
1222249,2,Ron Ng Cheuk-Hai,吳卓羲,Acting,2025-03-02 01:14:54.379063+00:00,2025-03-04 07:00:03.914845+00:00
582557,2,King Shih-Chieh,金士傑,Acting,2025-03-02 01:14:54.379063+00:00,2025-03-04 07:00:03.914845+00:00
1254630,2,Lee Jun-hyuk,이준혁,Acting,2025-03-02 01:14:54.379063+00:00,2025-03-04 07:00:03.914845+00:00
103,2,Mark Ruffalo,Mark Ruffalo,Acting,2025-03-02 01:14:54.379063+00:00,2025-03-04 07:00:03.914845+00:00
143039,2,Jonathan Chang,Jonathan Chang,Acting,2025-03-02 01:14:54.379063+00:00,2025-03-04 07:00:03.914845+00:00
18023,2,Robert Carlyle,Robert Carlyle,Acting,2025-03-02 01:14:54.379063+00:00,2025-03-04 07:00:03.914845+00:00
13240,2,Mark Wahlberg,Mark Wahlberg,Acting,2025-03-02 01:14:54.379063+00:00,2025-03-04 07:00:03.914845+00:00
18473,2,James Badge Dale,James Badge Dale,Acting,2025-03-02 01:14:54.379063+00:00,2025-03-04 07:00:03.914845+00:00
575866,2,Wang Yanhui,王砚辉,Acting,2025-03-02 01:14:54.379063+00:00,2025-03-04 07:00:03.914845+00:00
5266,2,Rüdiger Vogler,Rüdiger Vogler,Acting,2025-03-02 01:14:54.379063+00:00,2025-03-04 07:00:03.914845+00:00
12835,2,Vin Diesel,Vin Diesel,Acting,2025-03-02 01:14:54.379063+00:00,2025-03-04 07:00:03.914845+00:00
1164507,2,Ahn Jae-hong,안재홍,Acting,2025-03-02 01:14:54.379063+00:00,2025-03-04 07:00:03.914845+00:00
565896,2,Lan Cheng-lung,藍正龍,Acting,2025-03-02 01:14:54.379063+00:00,2025-03-04 07:00:03.914845+00:00
1470763,2,Jung Hae-in,정해인,Acting,2025-03-02 01:14:54.379063+00:00,2025-03-04 07:00:03.914845+00:00
1681,2,Tessyo Genda,玄田哲章,Acting,2025-03-02 01:14:54.379063+00:00,2025-03-04 07:00:03.914845+00:00
82870,2,Ryūnosuke Kaneda,金田龍之介,Acting,2025-03-02 01:14:54.379063+00:00,2025-03-04 07:00:03.914845+00:00
152820,2,Chris William Martin,Chris William Martin,Acting,2025-03-02 01:14:54.379063+00:00,2025-03-04 07:00:03.914845+00:00
966306,2,Karren Karagulian,Karren Karagulian,Acting,2025-03-02 01:14:54.379063+00:00,2025-03-04 07:00:03.914845+00:00
31960,2,Zlatko Burić,Zlatko Burić,Acting,2025-03-02 01:14:54.379063+00:00,2025-03-04 07:00:03.914845+00:00
107573,2,Kenta Kiritani,桐谷健太,Acting,2025-03-02 01:14:54.379063+00:00,2025-03-04 07:00:03.914845+00:00
208519,2,Nick Kroll,Nick Kroll,Acting,2025-03-02 01:14:54.379063+00:00,2025-03-04 07:00:03.914845+00:00
1890307,2,Gongchan,Gongchan,Acting,2025-03-02 01:14:54.379063+00:00,2025-03-04 07:00:03.914845+00:00
2478,2,Tommy Flanagan,Tommy Flanagan,Acting,2025-03-02 01:14:54.379063+00:00,2025-03-04 07:00:03.914845+00:00
130562,2,Andrew Lin Hoi,連凱,Acting,2025-03-02 01:14:54.379063+00:00,2025-03-04 07:00:03.914845+00:00
1159954,2,Benjamin Lavernhe,Benjamin Lavernhe,Acting,2025-03-02 01:14:54.379063+00:00,2025-03-04 07:00:03.914845+00:00
138336,2,Cho Jin-woong,조진웅,Acting,2025-03-02 01:14:54.379063+00:00,2025-03-04 07:00:03.914845+00:00
1138749,2,Alessandro Giallocosta,Alessandro Giallocosta,Acting,2025-03-02 01:14:54.379063+00:00,2025-03-04 07:00:03.914845+00:00
1385813,2,Jefferson White,Jefferson White,Acting,2025-03-02 01:14:54.379063+00:00,2025-03-04 07:00:03.914845+00:00
572,2,Hanno Pöschl,Hanno Pöschl,Acting,2025-03-02 01:14:54.379063+00:00,2025-03-04 07:00:03.914845+00:00
886,2,William Fichtner,William Fichtner,Acting,2025-03-02 01:14:54.379063+00:00,2025-03-04 07:00:03.914845+00:00
3963630,2,Andrew Bishop,Andrew Bishop,Acting,2025-03-02 01:14:54.379063+00:00,2025-03-04 07:00:03.914845+00:00
4887374,2,Le Bao,乐宝,Acting,2025-03-02 01:14:54.379063+00:00,2025-03-04 07:00:03.914845+00:00
1807132,2,Henry Golding,Henry Golding,Acting,2025-03-02 01:14:54.379063+00:00,2025-03-04 07:00:03.914845+00:00
991982,2,Pierre-Yves Cardinal,Pierre-Yves Cardinal,Acting,2025-03-02 01:14:54.379063+00:00,2025-03-04 07:00:03.914845+00:00
2297345,2,Aleksandr Gudkov,Александр Гудков,Acting,2025-03-02 01:14:54.379063+00:00,2025-03-04 07:00:03.914845+00:00
2152558,2,Kim Do-hoon,김도훈,Acting,2025-03-02 01:14:54.379063+00:00,2025-03-04 07:00:03.914845+00:00
1304662,2,Samuel Joslin,Samuel Joslin,Acting,2025-03-02 01:14:54.379063+00:00,2025-03-04 07:00:03.914845+00:00
6623,2,Vik Sahay,Vik Sahay,Acting,2025-03-02 01:14:54.379063+00:00,2025-03-04 07:00:03.914845+00:00
5292,2,Denzel Washington,Denzel Washington,Acting,2025-03-02 01:14:54.379063+00:00,2025-03-04 07:00:03.914845+00:00
1907002,2,Charles Melton,Charles Melton,Acting,2025-03-02 01:14:54.379063+00:00,2025-03-04 07:00:03.914845+00:00
544655,2,Fabrice Eboué,Fabrice Eboué,Acting,2025-03-02 01:14:54.379063+00:00,2025-03-04 07:00:03.914845+00:00
62410,2,Sammo Hung Kam-Bo,洪金寶,Acting,2025-03-02 01:14:54.379063+00:00,2025-03-04 07:00:03.914845+00:00
77069,2,Lenny Kravitz,Lenny Kravitz,Acting,2025-03-02 01:14:54.379063+00:00,2025-03-04 07:00:03.914845+00:00
1523259,2,Grégoire Montana-Haroche,Grégoire Montana-Haroche,Acting,2025-03-02 01:14:54.379063+00:00,2025-03-04 07:00:03.914845+00:00
88856,2,Jani Volanen,Jani Volanen,Acting,2025-03-02 01:14:54.379063+00:00,2025-03-04 07:00:03.914845+00:00
59233,2,Scoot McNairy,Scoot McNairy,Acting,2025-03-02 01:14:54.379063+00:00,2025-03-04 07:00:03.914845+00:00
1517883,2,Yoann Zimmer,Yoann Zimmer,Acting,2025-03-02 01:14:54.379063+00:00,2025-03-04 07:00:03.914845+00:00
65717,2,Jon Hamm,Jon Hamm,Acting,2025-03-02 01:14:54.379063+00:00,2025-03-04 07:00:03.914845+00:00
2463037,2,Dean Tong,Dean Tong,Acting,2025-03-02 01:14:54.379063+00:00,2025-03-04 07:00:03.914845+00:00
231749,2,Tender Huang,Tender Huang,Acting,2025-03-02 01:14:54.379063+00:00,2025-03-04 07:00:03.914845+00:00
3262411,2,Jack Nielen,Jack Nielen,Acting,2025-03-02 01:14:54.379063+00:00,2025-03-04 07:00:03.914845+00:00
2092052,2,Ryder McLaughlin,Ryder McLaughlin,Acting,2025-03-02 01:14:54.379063+00:00,2025-03-04 07:00:03.914845+00:00
2397971,2,Li Kuan-yi,李冠毅,Acting,2025-03-02 01:14:54.379063+00:00,2025-03-04 07:00:03.914845+00:00
1255413,2,Kim Young-kwang,김영광,Acting,2025-03-02 01:14:54.379063+00:00,2025-03-04 07:00:03.914845+00:00
1622199,2,George Young,George Young,Acting,2025-03-02 01:14:54.379063+00:00,2025-03-04 07:00:03.914845+00:00
4801811,0,Apirak Saennam,Jet Apirak Saennam,Crew,2025-03-02 01:14:54.379063+00:00,2025-03-04 07:00:03.914845+00:00
1953918,0,Tian Tsering,Tian Tsering,Directing,2025-03-02 01:14:54.379063+00:00,2025-03-04 07:00:03.914845+00:00
1333995,1,Huang Yu-Shan,Huang Yu-Shan,Directing,2025-03-02 01:14:54.379063+00:00,2025-03-04 07:00:03.914845+00:00
1130924,1,Huang Ji,Huang Ji,Directing,2025-03-02 01:14:54.379063+00:00,2025-03-04 07:00:03.914845+00:00
587651,1,Mipo O,呉美保,Directing,2025-03-02 01:14:54.379063+00:00,2025-03-04 07:00:03.914845+00:00
1619433,1,Seo Eun-young,Seo Eun-young,Directing,2025-03-02 01:14:54.379063+00:00,2025-03-04 07:00:03.914845+00:00
133057,2,Naoto Kumazawa,熊澤尚人,Directing,2025-03-02 09:35:42.269341+00:00,2025-03-04 07:00:03.914845+00:00
107730,2,Trần Anh Hùng,Trần Anh Hùng,Directing,2025-03-02 01:14:54.379063+00:00,2025-03-04 07:00:03.914845+00:00
1212871,2,Thomas M. Wright,Thomas M. Wright,Directing,2025-03-02 01:14:54.379063+00:00,2025-03-04 07:00:03.914845+00:00
2218465,2,Parker Finn,Parker Finn,Directing,2025-03-02 01:14:54.379063+00:00,2025-03-04 07:00:03.914845+00:00
1280765,2,Nico van den Brink,Nico van den Brink,Directing,2025-03-02 01:14:54.379063+00:00,2025-03-04 07:00:03.914845+00:00
2403335,2,Tetsuro Kodama,児玉徹郎,Directing,2025-03-02 01:14:54.379063+00:00,2025-03-04 07:00:03.914845+00:00
1146860,2,Alex Lutz,Alex Lutz,Directing,2025-03-02 01:14:54.379063+00:00,2025-03-04 07:00:03.914845+00:00
1544817,2,Jow Zhi Wei,姚志衞,Directing,2025-03-02 01:14:54.379063+00:00,2025-03-04 07:00:03.914845+00:00
52842,2,Garth Jennings,Garth Jennings,Directing,2025-03-02 01:14:54.379063+00:00,2025-03-04 07:00:03.914845+00:00
1066215,2,Kim Jong-kwan,김종관,Directing,2025-03-02 01:14:54.379063+00:00,2025-03-04 07:00:03.914845+00:00
2094726,2,Ching Shen Chuang,Ching Shen Chuang,Directing,2025-03-02 01:14:54.379063+00:00,2025-03-04 07:00:03.914845+00:00
19069,2,Claude Chabrol,Claude Chabrol,Directing,2025-03-02 01:14:54.379063+00:00,2025-03-04 07:00:03.914845+00:00
2299025,2,Lien Chien-Hung,練建宏,Directing,2025-03-02 01:14:54.379063+00:00,2025-03-04 07:00:03.914845+00:00
84496,2,Josh Cooley,Josh Cooley,Directing,2025-03-02 01:14:54.379063+00:00,2025-03-04 07:00:03.914845+00:00
13015,2,Phillip Noyce,Phillip Noyce,Directing,2025-03-02 01:14:54.379063+00:00,2025-03-04 07:00:03.914845+00:00
56214,2,Nuri Bilge Ceylan,Nuri Bilge Ceylan,Directing,2025-03-02 01:14:54.379063+00:00,2025-03-04 07:00:03.914845+00:00
15389,2,Louis Malle,Louis Malle,Directing,2025-03-02 01:14:54.379063+00:00,2025-03-04 07:00:03.914845+00:00
583932,2,Jared Cohn,Jared Cohn,Directing,2025-03-02 01:14:54.379063+00:00,2025-03-04 07:00:03.914845+00:00
1144405,2,Leung Lok-man,Leung Lok-man,Directing,2025-03-02 01:14:54.379063+00:00,2025-03-04 07:00:03.914845+00:00
1576066,2,Um Tae-hwa,엄태화,Directing,2025-03-02 01:14:54.379063+00:00,2025-03-04 07:00:03.914845+00:00
40644,2,Chad Stahelski,Chad Stahelski,Directing,2025-03-02 01:14:54.379063+00:00,2025-03-04 07:00:03.914845+00:00
2199869,1,Lim Suat Yen,Lim Suat Yen,Production,2025-03-02 01:14:54.379063+00:00,2025-03-04 07:00:03.914845+00:00
206574,2,Mark Williams,Mark Williams,Production,2025-03-02 01:14:54.379063+00:00,2025-03-04 07:00:03.914845+00:00
1090108,2,Li Congxi,Li Congxi,Production,2025-03-02 01:14:54.379063+00:00,2025-03-04 07:00:03.914845+00:00
1952216,0,Jeffrey Hylton,Jeffrey Hylton,Writing,2025-03-02 01:14:54.379063+00:00,2025-03-04 07:00:03.914845+00:00
4264688,0,Doodou Sagna,Doodou Sagna,Acting,2025-03-02 01:14:54.379063+00:00,2025-03-04 07:00:03.914845+00:00
2203003,0,Yoji Minagawa,Yoji Minagawa,Acting,2025-03-02 01:14:54.379063+00:00,2025-03-04 07:00:03.914845+00:00
4301918,0,Drew Neal Horton,Drew Neal Horton,Acting,2025-03-02 01:14:54.379063+00:00,2025-03-04 07:00:03.914845+00:00
3769810,0,Will Davis,Will Davis,Acting,2025-03-02 01:14:54.379063+00:00,2025-03-04 07:00:03.914845+00:00
2553658,0,Khaled Hamdan,Khaled Hamdan,Acting,2025-03-02 01:14:54.379063+00:00,2025-03-04 07:00:03.914845+00:00
3008717,0,Ugyen Norbu Lhendup,Ugyen Norbu Lhendup,Acting,2025-03-02 01:14:54.379063+00:00,2025-03-04 07:00:03.914845+00:00
3885183,0,Inderjeet Singh,Inderjeet Singh,Acting,2025-03-02 01:14:54.379063+00:00,2025-03-04 07:00:03.914845+00:00
3113068,0,Samah Baricou,Samah Baricou,Acting,2025-03-02 01:14:54.379063+00:00,2025-03-04 07:00:03.914845+00:00
4590149,0,Oleksandr Ivanov,Oleksandr Ivanov,Acting,2025-03-02 01:14:54.379063+00:00,2025-03-04 07:00:03.914845+00:00
4425115,0,Hamideh Jafari,Hamideh Jafari,Acting,2025-03-02 01:14:54.379063+00:00,2025-03-04 07:00:03.914845+00:00
2204511,0,Nessbeal,Nessbeal,Acting,2025-03-02 01:14:54.379063+00:00,2025-03-04 07:00:03.914845+00:00
1314446,0,Mounir Maasri,Mounir Maasri,Acting,2025-03-02 01:14:54.379063+00:00,2025-03-04 07:00:03.914845+00:00
2866812,0,Sophie Parel,Sophie Parel,Acting,2025-03-02 01:14:54.379063+00:00,2025-03-04 07:00:03.914845+00:00
2953585,0,Béatrice Facquer,Béatrice Facquer,Acting,2025-03-02 01:14:54.379063+00:00,2025-03-04 07:00:03.914845+00:00
3626194,0,Moustapha Fall,Moustapha Fall,Acting,2025-03-02 01:14:54.379063+00:00,2025-03-04 07:00:03.914845+00:00
3913341,0,Yuriy Romanov,Yuriy Romanov,Acting,2025-03-02 01:14:54.379063+00:00,2025-03-04 07:00:03.914845+00:00
3732653,0,Tenuun-Erdene Garamkhand,Tenuun-Erdene Garamkhand,Acting,2025-03-02 01:14:54.379063+00:00,2025-03-04 07:00:03.914845+00:00
3626206,0,Abnara Gomes Varela,Abnara Gomes Varela,Acting,2025-03-02 01:14:54.379063+00:00,2025-03-04 07:00:03.914845+00:00
4730762,0,Tomáš Kubíček,Tomáš Kubíček,Acting,2025-03-02 01:14:54.379063+00:00,2025-03-04 07:00:03.914845+00:00
1983394,0,Delia Husein,Delia Husein,Acting,2025-03-02 01:14:54.379063+00:00,2025-03-04 07:00:03.914845+00:00
78216,1,Louise Bourgoin,Louise Bourgoin,Acting,2025-03-02 01:14:54.379063+00:00,2025-03-04 07:00:03.914845+00:00
39199,1,Valérie Lagrange,Valérie Lagrange,Acting,2025-03-02 01:14:54.379063+00:00,2025-03-04 07:00:03.914845+00:00
3279380,1,Kim Hyun-ji,김현지,Acting,2025-03-02 01:14:54.379063+00:00,2025-03-04 07:00:03.914845+00:00
10375,1,Cookie Mueller,Cookie Mueller,Acting,2025-03-02 01:14:54.379063+00:00,2025-03-04 07:00:03.914845+00:00
20882,1,Lea Massari,Lea Massari,Acting,2025-03-02 01:14:54.379063+00:00,2025-03-04 07:00:03.914845+00:00
22686,1,Maria Schrader,Maria Schrader,Acting,2025-03-02 01:14:54.379063+00:00,2025-03-04 07:00:03.914845+00:00
2729031,1,Rachanun Mahawan,รชานันท์ มหาวรรณ์,Acting,2025-03-02 01:14:54.379063+00:00,2025-03-04 07:00:03.914845+00:00
1021689,1,Anamaria Vartolomei,Anamaria Vartolomei,Acting,2025-03-02 01:14:54.379063+00:00,2025-03-04 07:00:03.914845+00:00
1800818,1,Noée Abita,Noée Abita,Acting,2025-03-02 01:14:54.379063+00:00,2025-03-04 07:00:03.914845+00:00
2431035,1,Siriam Pakdeedumrongrit,Siriam Pakdeedumrongrit,Acting,2025-03-02 01:14:54.379063+00:00,2025-03-04 07:00:03.914845+00:00
4072446,1,Umi Myers,Umi Myers,Acting,2025-03-02 01:14:54.379063+00:00,2025-03-04 07:00:03.914845+00:00
1600497,1,Ambreen Razia,Ambreen Razia,Acting,2025-03-02 01:14:54.379063+00:00,2025-03-04 07:00:03.914845+00:00
1537768,1,Kim Tae-ri,김태리,Acting,2025-03-02 01:14:54.379063+00:00,2025-03-04 07:00:03.914845+00:00
3380426,1,Sarocha Chankimha,สโรชา จันทร์กิมฮะ,Acting,2025-03-02 01:14:54.379063+00:00,2025-03-04 07:00:03.914845+00:00
1405924,1,Non,のん,Acting,2025-03-02 01:14:54.379063+00:00,2025-03-04 07:00:03.914845+00:00
589722,1,Teresa Ruiz,Teresa Ruiz,Acting,2025-03-02 01:14:54.379063+00:00,2025-03-04 07:00:03.914845+00:00
3533302,1,Ping-Ya Tai,戴平雅,Acting,2025-03-02 01:14:54.379063+00:00,2025-03-04 07:00:03.914845+00:00
1529401,1,Cecilia Choi,Cecilia Choi,Acting,2025-03-02 01:14:54.379063+00:00,2025-03-04 07:00:03.914845+00:00
1116334,1,Rina Hidaka,日高里菜,Acting,2025-03-02 01:14:54.379063+00:00,2025-03-04 07:00:03.914845+00:00
77795,1,Katherine Waterston,Katherine Waterston,Acting,2025-03-02 01:14:54.379063+00:00,2025-03-04 07:00:03.914845+00:00
3343796,1,Shireen Lai,Shireen Lai,Acting,2025-03-02 01:14:54.379063+00:00,2025-03-04 07:00:03.914845+00:00
79288,1,Ruth Díaz,Ruth Díaz,Acting,2025-03-02 01:14:54.379063+00:00,2025-03-04 07:00:03.914845+00:00
1875752,1,Rinka Kumada,久間田琳加,Acting,2025-03-02 01:14:54.379063+00:00,2025-03-04 07:00:03.914845+00:00
2178479,1,Supawadee Kitisopaku,Supawadee Kitisopaku,Acting,2025-03-02 01:14:54.379063+00:00,2025-03-04 07:00:03.914845+00:00
1673497,1,Park Ji-young,박지영,Acting,2025-03-02 01:14:54.379063+00:00,2025-03-04 07:00:03.914845+00:00
1368254,1,Sumire Uesaka,上坂すみれ,Acting,2025-03-02 01:14:54.379063+00:00,2025-03-04 07:00:03.914845+00:00
217924,1,Satomi Korogi,こおろぎさとみ,Acting,2025-03-02 01:14:54.379063+00:00,2025-03-04 07:00:03.914845+00:00
1679770,1,Lindsay LaVanchy,Lindsay LaVanchy,Acting,2025-03-02 01:14:54.379063+00:00,2025-03-04 07:00:03.914845+00:00
19092,1,Stéphane Audran,Stéphane Audran,Acting,2025-03-02 01:14:54.379063+00:00,2025-03-04 07:00:03.914845+00:00
60034,1,Laura Benanti,Laura Benanti,Acting,2025-03-02 01:14:54.379063+00:00,2025-03-04 07:00:03.914845+00:00
2797433,1,Yuumi Kawai,河合優実,Acting,2025-03-02 01:14:54.379063+00:00,2025-03-04 07:00:03.914845+00:00
6588,1,Isabella Rossellini,Isabella Rossellini,Acting,2025-03-02 01:14:54.379063+00:00,2025-03-04 07:00:03.914845+00:00
90570,1,Atsuko Takahata,高畑淳子,Acting,2025-03-02 01:14:54.379063+00:00,2025-03-04 07:00:03.914845+00:00
72607,1,Mieko Harada,原田美枝子,Acting,2025-03-02 01:14:54.379063+00:00,2025-03-04 07:00:03.914845+00:00
3389630,1,Ryo Nishikawa,Ryo Nishikawa,Acting,2025-03-02 01:14:54.379063+00:00,2025-03-04 07:00:03.914845+00:00
3489,1,Naomi Watts,Naomi Watts,Acting,2025-03-02 01:14:54.379063+00:00,2025-03-04 07:00:03.914845+00:00
993774,1,Rachel Brosnahan,Rachel Brosnahan,Acting,2025-03-02 01:14:54.379063+00:00,2025-03-04 07:00:03.914845+00:00
2270252,1,Gingle Wang,王淨,Acting,2025-03-02 01:14:54.379063+00:00,2025-03-04 07:00:03.914845+00:00
1254942,1,Sajal Ali,Sajal Ali,Acting,2025-03-02 01:14:54.379063+00:00,2025-03-04 07:00:03.914845+00:00
7862,2,"Floyd ""Red Crow"" Westerman","Floyd ""Red Crow"" Westerman",Acting,2025-03-02 01:14:54.379063+00:00,2025-03-04 07:00:03.914845+00:00
11390,2,Peter O'Toole,Peter O'Toole,Acting,2025-03-02 01:14:54.379063+00:00,2025-03-04 07:00:03.914845+00:00
2894782,2,Ke-Shan Lo,Ke-Shan Lo,Acting,2025-03-02 01:14:54.379063+00:00,2025-03-04 07:00:03.914845+00:00
2628,2,Kiefer Sutherland,Kiefer Sutherland,Acting,2025-03-02 01:14:54.379063+00:00,2025-03-04 07:00:03.914845+00:00
1299479,2,Lee Jin-uk,이진욱,Acting,2025-03-02 01:14:54.379063+00:00,2025-03-04 07:00:03.914845+00:00
2768710,2,Alex Shu-Yuan Ko,柯叔元,Acting,2025-03-02 01:14:54.379063+00:00,2025-03-04 07:00:03.914845+00:00
1319469,2,Ronny Chieng,Ronny Chieng,Acting,2025-03-02 01:14:54.379063+00:00,2025-03-04 07:00:03.914845+00:00
1240427,2,Lucian Msamati,Lucian Msamati,Acting,2025-03-02 09:35:42.269341+00:00,2025-03-04 07:00:03.914845+00:00
549372,2,Janusz Chabior,Janusz Chabior,Acting,2025-03-02 01:14:54.379063+00:00,2025-03-04 07:00:03.914845+00:00
1426906,2,Hsu Hao-hsiang,Hao-Hsiang Hsu,Acting,2025-03-02 01:14:54.379063+00:00,2025-03-04 07:00:03.914845+00:00
1473995,2,Darren Wang,王大陸,Acting,2025-03-02 01:14:54.379063+00:00,2025-03-04 07:00:03.914845+00:00
1251928,2,Odin Lund Biron,Один Ланд Байрон,Acting,2025-03-02 01:14:54.379063+00:00,2025-03-04 07:00:03.914845+00:00
116488,2,Noam Chomsky,Noam Chomsky,Acting,2025-03-02 01:14:54.379063+00:00,2025-03-04 07:00:03.914845+00:00
3558401,2,Li Zhen Hao,Zhen Hao Li,Acting,2025-03-02 01:14:54.379063+00:00,2025-03-04 07:00:03.914845+00:00
83020,2,Song Seung-heon,송승헌,Acting,2025-03-02 01:14:54.379063+00:00,2025-03-04 07:00:03.914845+00:00
13256,2,Kanji Tsuda,津田寛治,Acting,2025-03-02 01:14:54.379063+00:00,2025-03-04 07:00:03.914845+00:00
2687759,2,Kai Hsu,Kai Hsu,Acting,2025-03-02 01:14:54.379063+00:00,2025-03-04 07:00:03.914845+00:00
121718,2,Bill Camp,Bill Camp,Acting,2025-03-02 01:14:54.379063+00:00,2025-03-04 07:00:03.914845+00:00
42668,2,Björn Hlynur Haraldsson,Björn Hlynur Haraldsson,Acting,2025-03-02 01:14:54.379063+00:00,2025-03-04 07:00:03.914845+00:00
87657,2,Mirai Moriyama,森山未來,Acting,2025-03-02 01:14:54.379063+00:00,2025-03-04 07:00:03.914845+00:00
2918872,2,Hridhu Haroon,Hridhu Haroon,Acting,2025-03-02 01:14:54.379063+00:00,2025-03-04 07:00:03.914845+00:00
76793,2,Irrfan Khan,Irrfan Khan,Acting,2025-03-02 01:14:54.379063+00:00,2025-03-04 07:00:03.914845+00:00
3488941,2,Ursel Tilk,Ursel Tilk,Acting,2025-03-02 01:14:54.379063+00:00,2025-03-04 07:00:03.914845+00:00
34715,2,James Nesbitt,James Nesbitt,Acting,2025-03-02 01:14:54.379063+00:00,2025-03-04 07:00:03.914845+00:00
2045567,2,David Rey,David Rey,Acting,2025-03-02 01:14:54.379063+00:00,2025-03-04 07:00:03.914845+00:00
19540,2,Peter Cullen,Peter Cullen,Acting,2025-03-02 01:14:54.379063+00:00,2025-03-04 07:00:03.914845+00:00
1762668,2,Kohki Osamura,長村航希,Acting,2025-03-02 01:14:54.379063+00:00,2025-03-04 07:00:03.914845+00:00
1739403,2,Amir El-Masry,Amir El-Masry,Acting,2025-03-02 01:14:54.379063+00:00,2025-03-04 07:00:03.914845+00:00
1526594,2,Lorenzo Zurzolo,Lorenzo Zurzolo,Acting,2025-03-02 01:14:54.379063+00:00,2025-03-04 07:00:03.914845+00:00
88592,2,Maxim Gaudette,Maxim Gaudette,Acting,2025-03-02 01:14:54.379063+00:00,2025-03-04 07:00:03.914845+00:00
1343865,2,Salvatore Esposito,Salvatore Esposito,Acting,2025-03-02 01:14:54.379063+00:00,2025-03-04 07:00:03.914845+00:00
2441,2,Tom Hollander,Tom Hollander,Acting,2025-03-02 01:14:54.379063+00:00,2025-03-04 07:00:03.914845+00:00
1646242,2,Terence Booth,Terence Booth,Acting,2025-03-02 01:14:54.379063+00:00,2025-03-04 07:00:03.914845+00:00
64880,2,Choi Min-sik,최민식,Acting,2025-03-02 01:14:54.379063+00:00,2025-03-04 07:00:03.914845+00:00
8199,2,Thomas Thieme,Thomas Thieme,Acting,2025-03-02 01:14:54.379063+00:00,2025-03-04 07:00:03.914845+00:00
1654963,2,Gabriel D'Almeida Freitas,Gabriel D'Almeida Freitas,Acting,2025-03-02 01:14:54.379063+00:00,2025-03-04 07:00:03.914845+00:00
122461,2,Ramon Agirre,Ramon Agirre,Acting,2025-03-02 01:14:54.379063+00:00,2025-03-04 07:00:03.914845+00:00
3255984,2,Darren Keilan,Darren Keilan,Acting,2025-03-02 01:14:54.379063+00:00,2025-03-04 07:00:03.914845+00:00
1502230,2,Hayato Isomura,磯村勇斗,Acting,2025-03-02 01:14:54.379063+00:00,2025-03-04 07:00:03.914845+00:00
229123,2,Sikandar Kher,Sikandar Kher,Acting,2025-03-02 01:14:54.379063+00:00,2025-03-04 07:00:03.914845+00:00
1724403,2,Lei Jiayin,雷佳音,Acting,2025-03-02 01:14:54.379063+00:00,2025-03-04 07:00:03.914845+00:00
5033809,2,Caréll Vincent Rhoden,Caréll Vincent Rhoden,Acting,2025-03-02 01:14:54.379063+00:00,2025-03-04 07:00:03.914845+00:00
1405981,2,Hiroya Shimizu,清水尋也,Acting,2025-03-02 01:14:54.379063+00:00,2025-03-04 07:00:03.914845+00:00
2064375,2,Wasir Chou,Wasir Chou,Acting,2025-03-02 01:14:54.379063+00:00,2025-03-04 07:00:03.914845+00:00
3406038,2,Siwat Chotchaicharin,Siwat Chotchaicharin,Acting,2025-03-02 01:14:54.379063+00:00,2025-03-04 07:00:03.914845+00:00
2683312,2,Petri Poikolainen,Petri Poikolainen,Acting,2025-03-02 01:14:54.379063+00:00,2025-03-04 07:00:03.914845+00:00
85286,2,Toshio Furukawa,古川登志夫,Acting,2025-03-02 01:14:54.379063+00:00,2025-03-04 07:00:03.914845+00:00
45999,2,Takao Osawa,大沢たかお,Acting,2025-03-02 01:14:54.379063+00:00,2025-03-04 07:00:03.914845+00:00
3593576,0,Yun Jae-wan,윤제완,Directing,2025-03-02 01:14:54.379063+00:00,2025-03-04 07:00:03.914845+00:00
3898092,0,Chang Yu-Min,Chang Yu-Min,Directing,2025-03-02 01:14:54.379063+00:00,2025-03-04 07:00:03.914845+00:00
3048836,0,Kwon Sung-mo,Kwon Sung-mo,Directing,2025-03-02 01:14:54.379063+00:00,2025-03-04 07:00:03.914845+00:00
3246960,0,Candy Ng Wing-Shan,Candy Ng Wing-Shan,Directing,2025-03-02 01:14:54.379063+00:00,2025-03-04 07:00:03.914845+00:00
14392,1,Kathryn Bigelow,Kathryn Bigelow,Directing,2025-03-02 01:14:54.379063+00:00,2025-03-04 07:00:03.914845+00:00
240016,1,Jang Yoo-jung,Jang Yoo-jung,Directing,2025-03-02 01:14:54.379063+00:00,2025-03-04 07:00:03.914845+00:00
1059880,1,Ildikó Enyedi,Ildikó Enyedi,Directing,2025-03-02 01:14:54.379063+00:00,2025-03-04 07:00:03.914845+00:00
67259,2,Tony Ching Siu-Tung,程小東,Directing,2025-03-02 01:14:54.379063+00:00,2025-03-04 07:00:03.914845+00:00
7623,2,Sam Raimi,Sam Raimi,Directing,2025-03-02 01:14:54.379063+00:00,2025-03-04 07:00:03.914845+00:00
4889323,2,I-Fang Chang,張逸方,Directing,2025-03-02 01:14:54.379063+00:00,2025-03-04 07:00:03.914845+00:00
1119419,2,Shawkat Amin Korki,Shawkat Amin Korki,Directing,2025-03-02 01:14:54.379063+00:00,2025-03-04 07:00:03.914845+00:00
2422854,2,Hiroki Inoue,Hiroki Inoue,Directing,2025-03-02 01:14:54.379063+00:00,2025-03-04 07:00:03.914845+00:00
81251,2,Banjong Pisanthanakun,บรรจง ปิสัญธนะกูล,Directing,2025-03-02 01:14:54.379063+00:00,2025-03-04 07:00:03.914845+00:00
1311591,2,Ryuichi Yagi,八木竜一,Directing,2025-03-02 01:14:54.379063+00:00,2025-03-04 07:00:03.914845+00:00
2730142,2,Pat Boonnitipat,พัฒน์ บุญนิธิพัฒน์,Directing,2025-03-02 01:14:54.379063+00:00,2025-03-04 07:00:03.914845+00:00
21684,2,Bong Joon Ho,봉준호,Directing,2025-03-02 01:14:54.379063+00:00,2025-03-04 07:00:03.914845+00:00
71174,2,Tsai Ming-liang,Tsai Ming-liang,Directing,2025-03-02 01:14:54.379063+00:00,2025-03-04 07:00:03.914845+00:00
240,2,Stanley Kubrick,Stanley Kubrick,Directing,2025-03-02 01:14:54.379063+00:00,2025-03-04 07:00:03.914845+00:00
1200444,2,Dani de la Orden,Dani de la Orden,Directing,2025-03-02 01:14:54.379063+00:00,2025-03-04 07:00:03.914845+00:00
1756398,2,John McPhail,John McPhail,Directing,2025-03-02 01:14:54.379063+00:00,2025-03-04 07:00:03.914845+00:00
17458,2,Abdellatif Kechiche,Abdellatif Kechiche,Directing,2025-03-02 01:14:54.379063+00:00,2025-03-04 07:00:03.914845+00:00
233586,2,Masayuki Yoshihara,吉原正行,Directing,2025-03-02 01:14:54.379063+00:00,2025-03-04 07:00:03.914845+00:00
3074803,2,Shipei Wen,Shipei Wen,Directing,2025-03-02 01:14:54.379063+00:00,2025-03-04 07:00:03.914845+00:00
1325228,2,Susumu Mitsunaka,満仲勧,Directing,2025-03-02 01:14:54.379063+00:00,2025-03-04 07:00:03.914845+00:00
1703282,2,Choi Seung-ho,최승호,Directing,2025-03-02 01:14:54.379063+00:00,2025-03-04 07:00:03.914845+00:00
137143,2,Law Wing-Cheong,羅永昌,Directing,2025-03-02 01:14:54.379063+00:00,2025-03-04 07:00:03.914845+00:00
1045564,2,Ryuta Tasaki,田崎竜太,Directing,2025-03-02 01:14:54.379063+00:00,2025-03-04 07:00:03.914845+00:00
1152047,2,Lotfy Nathan,Lotfy Nathan,Directing,2025-03-02 01:14:54.379063+00:00,2025-03-04 07:00:03.914845+00:00
2295116,2,Arash Ashtiani,Arash Ashtiani,Directing,2025-03-02 01:14:54.379063+00:00,2025-03-04 07:00:03.914845+00:00
2451192,2,Noppharnach Chaiyahwimhon,Noppharnach Chaiwimol,Directing,2025-03-02 01:14:54.379063+00:00,2025-03-04 07:00:03.914845+00:00
1912833,2,Yu-Lin Wang,Yu-Lin Wang,Directing,2025-03-02 01:14:54.379063+00:00,2025-03-04 07:00:03.914845+00:00
81252,2,Parkpoom Wongpoom,ภาคภูมิ วงศ์ภูมิ,Directing,2025-03-02 01:14:54.379063+00:00,2025-03-04 07:00:03.914845+00:00
59291,2,Alexandre Aja,Alexandre Aja,Directing,2025-03-02 01:14:54.379063+00:00,2025-03-04 07:00:03.914845+00:00
237465,2,Norihiro Koizumi,小泉徳宏,Directing,2025-03-02 01:14:54.379063+00:00,2025-03-04 07:00:03.914845+00:00
88784,2,Katsuyuki Motohiro,本広克行,Directing,2025-03-02 01:14:54.379063+00:00,2025-03-04 07:00:03.914845+00:00
612897,2,Henri Colpi,Henri Colpi,Directing,2025-03-02 01:14:54.379063+00:00,2025-03-04 07:00:03.914845+00:00
1702466,1,Léa Mysius,Léa Mysius,Writing,2025-03-02 01:14:54.379063+00:00,2025-03-04 07:00:03.914845+00:00
225407,2,Yann Gozlan,Yann Gozlan,Writing,2025-03-02 01:14:54.379063+00:00,2025-03-04 07:00:03.914845+00:00
32535,2,Jim Capobianco,Jim Capobianco,Writing,2025-03-02 01:14:54.379063+00:00,2025-03-04 07:00:03.914845+00:00
1661499,2,Leon Lee,Leon Lee,Writing,2025-03-02 01:14:54.379063+00:00,2025-03-04 07:00:03.914845+00:00
1384389,2,Chienn Hsiang,Chienn Hsiang,Writing,2025-03-02 01:14:54.379063+00:00,2025-03-04 07:00:03.914845+00:00
1558103,2,Quentin Reynaud,Quentin Reynaud,Writing,2025-03-02 01:14:54.379063+00:00,2025-03-04 07:00:03.914845+00:00
2267529,2,José Zelada,José Zelada,Writing,2025-03-02 01:14:54.379063+00:00,2025-03-04 07:00:03.914845+00:00
3112997,0,Davaasamba Sharav,Davaasamba Sharav,Acting,2025-03-02 01:14:54.379063+00:00,2025-03-04 07:00:03.914845+00:00
3314760,0,Firdaus Karim,Firdaus Karim,Acting,2025-03-02 01:14:54.379063+00:00,2025-03-04 07:00:03.914845+00:00
4774183,0,Charlotte Chastel-Rousseau,Charlotte Chastel-Rousseau,Acting,2025-03-02 01:14:54.379063+00:00,2025-03-04 07:00:03.914845+00:00
3928686,0,Lekheraj Sekhar,Lekheraj Sekhar,Acting,2025-03-02 01:14:54.379063+00:00,2025-03-04 07:00:03.914845+00:00
3670024,0,Valeria Santaella,Valeria Santaella,Acting,2025-03-02 01:14:54.379063+00:00,2025-03-04 07:00:03.914845+00:00
3390003,0,Luisa Quispe,Luisa Quispe,Acting,2025-03-02 01:14:54.379063+00:00,2025-03-04 07:00:03.914845+00:00
4387692,0,Daphne Agten,Daphne Agten,Acting,2025-03-02 01:14:54.379063+00:00,2025-03-04 07:00:03.914845+00:00
1975626,0,Clément Olivieri,Clément Olivieri,Acting,2025-03-02 01:14:54.379063+00:00,2025-03-04 07:00:03.914845+00:00
3008724,0,Pem Zam,Pem Zam,Acting,2025-03-02 01:14:54.379063+00:00,2025-03-04 07:00:03.914845+00:00
4818791,0,Hwang Seol-ah,Hwang Seol-ah,Acting,2025-03-02 01:14:54.379063+00:00,2025-03-04 07:00:03.914845+00:00
2059074,0,Marziyeh Rezaei,Marziyeh Rezaei,Acting,2025-03-02 01:14:54.379063+00:00,2025-03-04 07:00:03.914845+00:00
3361325,0,Hélène Lambert,Hélène Lambert,Acting,2025-03-02 01:14:54.379063+00:00,2025-03-04 07:00:03.914845+00:00
4380807,0,Ellouise Shakespeare-Hart,Ellouise Shakespeare-Hart,Acting,2025-03-02 01:14:54.379063+00:00,2025-03-04 07:00:03.914845+00:00
3677276,0,Chiara Casolari,Chiara Casolari,Acting,2025-03-02 01:14:54.379063+00:00,2025-03-04 07:00:03.914845+00:00
1720051,0,Hocine Rifahi,Hocine Rifahi,Acting,2025-03-02 01:14:54.379063+00:00,2025-03-04 07:00:03.914845+00:00
4301916,0,Doug Lito,Doug Lito,Acting,2025-03-02 01:14:54.379063+00:00,2025-03-04 07:00:03.914845+00:00
2281921,1,Sally Amaki,天城サリー,Acting,2025-03-02 01:14:54.379063+00:00,2025-03-04 07:00:03.914845+00:00
931611,1,Malin Crépin,Malin Crépin,Acting,2025-03-02 01:14:54.379063+00:00,2025-03-04 07:00:03.914845+00:00
3980599,1,Asaki Yuikawa,結川あさき,Acting,2025-03-02 01:14:54.379063+00:00,2025-03-04 07:00:03.914845+00:00
2529385,1,Koko Marshall,Koko Marshall,Acting,2025-03-02 01:14:54.379063+00:00,2025-03-04 07:00:03.914845+00:00
147056,1,Caitríona Balfe,Caitríona Balfe,Acting,2025-03-02 01:14:54.379063+00:00,2025-03-04 07:00:03.914845+00:00
1360281,1,Lashana Lynch,Lashana Lynch,Acting,2025-03-02 01:14:54.379063+00:00,2025-03-04 07:00:03.914845+00:00
2475545,1,Laura Quirós,Laura Quirós,Acting,2025-03-02 01:14:54.379063+00:00,2025-03-04 07:00:03.914845+00:00
1615061,1,Tina Tamashiro,玉城ティナ,Acting,2025-03-02 01:14:54.379063+00:00,2025-03-04 07:00:03.914845+00:00
71396,1,Pearlly Chua,Pearlly Chua,Acting,2025-03-02 01:14:54.379063+00:00,2025-03-04 07:00:03.914845+00:00
1920,1,Winona Ryder,Winona Ryder,Acting,2025-03-02 01:14:54.379063+00:00,2025-03-04 07:00:03.914845+00:00
1493394,1,Yuki Sakurai,桜井ユキ,Acting,2025-03-02 01:14:54.379063+00:00,2025-03-04 07:00:03.914845+00:00
3908563,1,Olivia O'Neill,Olivia O'Neill,Acting,2025-03-02 09:35:42.269341+00:00,2025-03-04 07:00:03.914845+00:00
1671558,1,Rieke Dyah Pitaloka,Rieke Dyah Pitaloka,Acting,2025-03-02 01:14:54.379063+00:00,2025-03-04 07:00:03.914845+00:00
32249,1,Natasha Alderslade,Natasha Alderslade,Acting,2025-03-02 01:14:54.379063+00:00,2025-03-04 07:00:03.914845+00:00
1915026,1,Chacha Huang,Chacha Huang,Acting,2025-03-02 01:14:54.379063+00:00,2025-03-04 07:00:03.914845+00:00
1532331,1,Nafessa Williams,Nafessa Williams,Acting,2025-03-02 01:14:54.379063+00:00,2025-03-04 07:00:03.914845+00:00
974169,1,Jenna Ortega,Jenna Ortega,Acting,2025-03-02 01:14:54.379063+00:00,2025-03-04 07:00:03.914845+00:00
2355138,1,Céleste Brunnquell,Céleste Brunnquell,Acting,2025-03-02 01:14:54.379063+00:00,2025-03-04 07:00:03.914845+00:00
41869,1,Irene Anula,Irene Anula,Acting,2025-03-02 01:14:54.379063+00:00,2025-03-04 07:00:03.914845+00:00
1252521,1,Hannah Walters,Hannah Walters,Acting,2025-03-02 01:14:54.379063+00:00,2025-03-04 07:00:03.914845+00:00
20750,1,Judy Greer,Judy Greer,Acting,2025-03-02 01:14:54.379063+00:00,2025-03-04 07:00:03.914845+00:00
548053,1,Helena Law Lan,羅蘭,Acting,2025-03-02 01:14:54.379063+00:00,2025-03-04 07:00:03.914845+00:00
83036,1,Park Bo-young,박보영,Acting,2025-03-02 01:14:54.379063+00:00,2025-03-04 07:00:03.914845+00:00
2124586,1,Caroline McQuade,Caroline McQuade,Acting,2025-03-02 01:14:54.379063+00:00,2025-03-04 07:00:03.914845+00:00
683,1,Jasmin Tabatabai,Jasmin Tabatabai,Acting,2025-03-02 01:14:54.379063+00:00,2025-03-04 07:00:03.914845+00:00
2190584,1,Adelle Leonce,Adelle Leonce,Acting,2025-03-02 01:14:54.379063+00:00,2025-03-04 07:00:03.914845+00:00
148351,1,Michiko Hada,羽田美智子,Acting,2025-03-02 01:14:54.379063+00:00,2025-03-04 07:00:03.914845+00:00
143541,1,Ryu Hyun-kyung,류현경,Acting,2025-03-02 01:14:54.379063+00:00,2025-03-04 07:00:03.914845+00:00
1283520,1,Hana Vagnerová,Hana Vagnerová,Acting,2025-03-02 01:14:54.379063+00:00,2025-03-04 07:00:03.914845+00:00
54155,1,Mayrata O'Wisiedo,Mayrata O'Wisiedo,Acting,2025-03-02 01:14:54.379063+00:00,2025-03-04 07:00:03.914845+00:00
1163789,1,Sophia Ali,Sophia Ali,Acting,2025-03-02 01:14:54.379063+00:00,2025-03-04 07:00:03.914845+00:00
3667088,1,Callie Ferreira-Goncalves,Callie Ferreira-Goncalves,Acting,2025-03-02 01:14:54.379063+00:00,2025-03-04 07:00:03.914845+00:00
2230991,1,Daisy Edgar-Jones,Daisy Edgar-Jones,Acting,2025-03-02 01:14:54.379063+00:00,2025-03-04 07:00:03.914845+00:00
1246183,1,Eugenia Suárez,Eugenia Suárez,Acting,2025-03-02 01:14:54.379063+00:00,2025-03-04 07:00:03.914845+00:00
144344,1,Emily Cox,Emily Cox,Acting,2025-03-02 01:14:54.379063+00:00,2025-03-04 07:00:03.914845+00:00
24976,1,Ana Torrent,Ana Torrent,Acting,2025-03-02 01:14:54.379063+00:00,2025-03-04 07:00:03.914845+00:00
1050186,1,Irán Castillo,Irán Castillo,Acting,2025-03-02 01:14:54.379063+00:00,2025-03-04 07:00:03.914845+00:00
1269683,1,Lara Peake,Lara Peake,Acting,2025-03-02 01:14:54.379063+00:00,2025-03-04 07:00:03.914845+00:00
3487031,1,Lily Bird,Lily Bird,Acting,2025-03-02 01:14:54.379063+00:00,2025-03-04 07:00:03.914845+00:00
1374543,1,Lee Sang-hee,이상희,Acting,2025-03-02 01:14:54.379063+00:00,2025-03-04 07:00:03.914845+00:00
54693,1,Emma Stone,Emma Stone,Acting,2025-03-02 01:14:54.379063+00:00,2025-03-04 07:00:03.914845+00:00
231364,1,Yui Aragaki,新垣結衣,Acting,2025-03-02 01:14:54.379063+00:00,2025-03-04 07:00:03.914845+00:00
77931,1,Kotono Mitsuishi,三石琴乃,Acting,2025-03-02 01:14:54.379063+00:00,2025-03-04 07:00:03.914845+00:00
19068,1,Dominique Blanc,Dominique Blanc,Acting,2025-03-02 01:14:54.379063+00:00,2025-03-04 07:00:03.914845+00:00
9560,1,Ellen Burstyn,Ellen Burstyn,Acting,2025-03-02 01:14:54.379063+00:00,2025-03-04 07:00:03.914845+00:00
12266,1,Simone Signoret,Simone Signoret,Acting,2025-03-02 01:14:54.379063+00:00,2025-03-04 07:00:03.914845+00:00
90160,1,Seiko Takuma,たくませいこ,Acting,2025-03-02 01:14:54.379063+00:00,2025-03-04 07:00:03.914845+00:00
17606,1,Imogen Poots,Imogen Poots,Acting,2025-03-02 01:14:54.379063+00:00,2025-03-04 07:00:03.914845+00:00
64154,1,Sasha Alexander,Sasha Alexander,Acting,2025-03-02 01:14:54.379063+00:00,2025-03-04 07:00:03.914845+00:00
1346848,2,Yeon Woo-jin,연우진,Acting,2025-03-02 01:14:54.379063+00:00,2025-03-04 07:00:03.914845+00:00
1174685,2,Zhou Yiwei,周一圍,Acting,2025-03-02 01:14:54.379063+00:00,2025-03-04 07:00:03.914845+00:00
1906684,2,Hikaru Tashiro,Hikaru Tashiro,Acting,2025-03-02 01:14:54.379063+00:00,2025-03-04 07:00:03.914845+00:00
573792,2,Kim Min-jae,김민재,Acting,2025-03-02 01:14:54.379063+00:00,2025-03-04 07:00:03.914845+00:00
2275811,2,Vincent Matile,Vincent Matile,Acting,2025-03-02 01:14:54.379063+00:00,2025-03-04 07:00:03.914845+00:00
18918,2,Dwayne Johnson,Dwayne Johnson,Acting,2025-03-02 01:14:54.379063+00:00,2025-03-04 07:00:03.914845+00:00
17419,2,Bryan Cranston,Bryan Cranston,Acting,2025-03-02 01:14:54.379063+00:00,2025-03-04 07:00:03.914845+00:00
2211714,2,Kurt Chou,周孝安,Acting,2025-03-02 01:14:54.379063+00:00,2025-03-04 07:00:03.914845+00:00
73457,2,Chris Pratt,Chris Pratt,Acting,2025-03-02 01:14:54.379063+00:00,2025-03-04 07:00:03.914845+00:00
2417487,2,Wilson Liu,Wilson Liu,Acting,2025-03-02 01:14:54.379063+00:00,2025-03-04 07:00:03.914845+00:00
1254052,2,Koki Uchiyama,内山昂輝,Acting,2025-03-02 01:14:54.379063+00:00,2025-03-04 07:00:03.914845+00:00
1213279,2,Ryan Corr,Ryan Corr,Acting,2025-03-02 01:14:54.379063+00:00,2025-03-04 07:00:03.914845+00:00
1605204,2,Clementino,Clementino,Acting,2025-03-02 01:14:54.379063+00:00,2025-03-04 07:00:03.914845+00:00
4099179,2,MC Cheung,MC Cheung,Acting,2025-03-02 01:14:54.379063+00:00,2025-03-04 07:00:03.914845+00:00
3887213,2,Dex,덱스,Acting,2025-03-02 01:14:54.379063+00:00,2025-03-04 07:00:03.914845+00:00
1354628,2,Damien Chapelle,Damien Chapelle,Acting,2025-03-02 01:14:54.379063+00:00,2025-03-04 07:00:03.914845+00:00
7497,2,Holt McCallany,Holt McCallany,Acting,2025-03-02 01:14:54.379063+00:00,2025-03-04 07:00:03.914845+00:00
1240285,2,Houman Seyyedi,Houman Seyyedi,Acting,2025-03-02 01:14:54.379063+00:00,2025-03-04 07:00:03.914845+00:00
78233,2,Andreas Lust,Andreas Lust,Acting,2025-03-02 01:14:54.379063+00:00,2025-03-04 07:00:03.914845+00:00
545195,2,Guy Burnet,Guy Burnet,Acting,2025-03-02 01:14:54.379063+00:00,2025-03-04 07:00:03.914845+00:00
3397341,2,Huỳnh Thanh Trực,Huỳnh Thanh Trực,Acting,2025-03-02 01:14:54.379063+00:00,2025-03-04 07:00:03.914845+00:00
945542,2,Jasper Cole,Jasper Cole,Acting,2025-03-02 01:14:54.379063+00:00,2025-03-04 07:00:03.914845+00:00
1648169,2,Kang Ki-young,강기영,Acting,2025-03-02 01:14:54.379063+00:00,2025-03-04 07:00:03.914845+00:00
2225865,2,David Alvarez,David Alvarez,Acting,2025-03-02 01:14:54.379063+00:00,2025-03-04 07:00:03.914845+00:00
1140044,2,Kevin Cheng Ka-Wing,鄭嘉穎,Acting,2025-03-02 01:14:54.379063+00:00,2025-03-04 07:00:03.914845+00:00
1134736,2,Billy Ching Sau-Yat,Billy Ching Sau-Yat,Acting,2025-03-02 01:14:54.379063+00:00,2025-03-04 07:00:03.914845+00:00
89878,2,Ryotaro Okiayu,置鮎龍太郎,Acting,2025-03-02 01:14:54.379063+00:00,2025-03-04 07:00:03.914845+00:00
142455,2,Fujio Tokita,常田富士男,Acting,2025-03-02 01:14:54.379063+00:00,2025-03-04 07:00:03.914845+00:00
4006212,2,Fūta Muraki,紫木風太,Acting,2025-03-02 01:14:54.379063+00:00,2025-03-04 07:00:03.914845+00:00
1418581,2,Choi Gwi-hwa,최귀화,Acting,2025-03-02 01:14:54.379063+00:00,2025-03-04 07:00:03.914845+00:00
1530733,2,Ryu Jun-yeol,류준열,Acting,2025-03-02 01:14:54.379063+00:00,2025-03-04 07:00:03.914845+00:00
224930,2,Danny Chan Bak-Keung,Danny Chan Bak-Keung,Acting,2025-03-02 01:14:54.379063+00:00,2025-03-04 07:00:03.914845+00:00
2478083,2,Chang Tsai-hsing,Tsai-Hsing Chang,Acting,2025-03-02 01:14:54.379063+00:00,2025-03-04 07:00:03.914845+00:00
1368268,2,Michael Patric,Michael Patric,Acting,2025-03-02 01:14:54.379063+00:00,2025-03-04 07:00:03.914845+00:00
1732294,2,Andres Dvinjaninov,Andres Dvinjaninov,Acting,2025-03-02 01:14:54.379063+00:00,2025-03-04 07:00:03.914845+00:00
244866,2,Jackie Chow,Jackie Chow,Acting,2025-03-02 01:14:54.379063+00:00,2025-03-04 07:00:03.914845+00:00
1102427,2,Steven Cree,Steven Cree,Acting,2025-03-02 01:14:54.379063+00:00,2025-03-04 07:00:03.914845+00:00
1630179,2,Rexen Cheng Jen-Shuo,鄭人碩,Acting,2025-03-02 01:14:54.379063+00:00,2025-03-04 07:00:03.914845+00:00
16501,2,Milo Ventimiglia,Milo Ventimiglia,Acting,2025-03-02 01:14:54.379063+00:00,2025-03-04 07:00:03.914845+00:00
553063,2,Wojciech Mecwaldowski,Wojciech Mecwaldowski,Acting,2025-03-02 01:14:54.379063+00:00,2025-03-04 07:00:03.914845+00:00
3,2,Harrison Ford,Harrison Ford,Acting,2025-03-02 01:14:54.379063+00:00,2025-03-04 07:00:03.914845+00:00
4238,2,Common,Common,Acting,2025-03-02 01:14:54.379063+00:00,2025-03-04 07:00:03.914845+00:00
126778,2,Eddie Peng Yu-Yan,彭于晏,Acting,2025-03-02 01:14:54.379063+00:00,2025-03-04 07:00:03.914845+00:00
4495,2,Steve Carell,Steve Carell,Acting,2025-03-02 01:14:54.379063+00:00,2025-03-04 07:00:03.914845+00:00
105762,2,Jimmy Jean-Louis,Jimmy Jean-Louis,Acting,2025-03-02 01:14:54.379063+00:00,2025-03-04 07:00:03.914845+00:00
944143,2,Jia Hongsheng,Jia Hongsheng,Acting,2025-03-02 01:14:54.379063+00:00,2025-03-04 07:00:03.914845+00:00
5530,2,James McAvoy,James McAvoy,Acting,2025-03-02 01:14:54.379063+00:00,2025-03-04 07:00:03.914845+00:00
238511,2,Magne Furuholmen,Magne Furuholmen,Acting,2025-03-02 01:14:54.379063+00:00,2025-03-04 07:00:03.914845+00:00
1496231,2,Asuka Kudo,工藤阿須加,Acting,2025-03-02 01:14:54.379063+00:00,2025-03-04 07:00:03.914845+00:00
2629589,2,Akihiro Kawai,Akihiro Kawai,Acting,2025-03-02 01:14:54.379063+00:00,2025-03-04 07:00:03.914845+00:00
9828,2,Garrett Hedlund,Garrett Hedlund,Acting,2025-03-02 01:14:54.379063+00:00,2025-03-04 07:00:03.914845+00:00
1654247,2,Antoine Pilon,Antoine Pilon,Acting,2025-03-02 01:14:54.379063+00:00,2025-03-04 07:00:03.914845+00:00
4786,2,Richard Attenborough,Richard Attenborough,Acting,2025-03-02 01:14:54.379063+00:00,2025-03-04 07:00:03.914845+00:00
3182431,2,YELLOW,黃宣,Acting,2025-03-02 01:14:54.379063+00:00,2025-03-04 07:00:03.914845+00:00
581857,2,Yao-Ren Kuo,Yao-Ren Kuo,Acting,2025-03-02 01:14:54.379063+00:00,2025-03-04 07:00:03.914845+00:00
79006,2,Kenji Mizuhashi,水橋研二,Acting,2025-03-02 01:14:54.379063+00:00,2025-03-04 07:00:03.914845+00:00
54676,2,Jannis Niewöhner,Jannis Niewöhner,Acting,2025-03-02 01:14:54.379063+00:00,2025-03-04 07:00:03.914845+00:00
1085680,2,Nathan Kehn,Nathan Kehn,Acting,2025-03-02 01:14:54.379063+00:00,2025-03-04 07:00:03.914845+00:00
58613,2,Suzuki Matsuo,松尾スズキ,Acting,2025-03-02 01:14:54.379063+00:00,2025-03-04 07:00:03.914845+00:00
1139045,2,Berg Ng Ting-Yip,吳廷燁,Acting,2025-03-02 01:14:54.379063+00:00,2025-03-04 07:00:03.914845+00:00
3173296,2,Kentaro Maeda,前田拳太郎,Acting,2025-03-02 01:14:54.379063+00:00,2025-03-04 07:00:03.914845+00:00
81125,2,Denis Ménochet,Denis Ménochet,Acting,2025-03-02 01:14:54.379063+00:00,2025-03-04 07:00:03.914845+00:00
4638307,2,Lee En-yo,李恩佑,Acting,2025-03-02 01:14:54.379063+00:00,2025-03-04 07:00:03.914845+00:00
2885448,2,Park Jae-chan,Park Jae-chan,Acting,2025-03-02 01:14:54.379063+00:00,2025-03-04 07:00:03.914845+00:00
3373856,2,Hu Jhih-ciang,胡智強,Acting,2025-03-02 01:14:54.379063+00:00,2025-03-04 07:00:03.914845+00:00
2803710,2,Mason Thames,Mason Thames,Acting,2025-03-02 01:14:54.379063+00:00,2025-03-04 07:00:03.914845+00:00
93536,2,Igor Petrenko,Игорь Петренко,Acting,2025-03-02 01:14:54.379063+00:00,2025-03-04 07:00:03.914845+00:00
562363,2,Javier Drolas,Javier Drolas,Acting,2025-03-02 01:14:54.379063+00:00,2025-03-04 07:00:03.914845+00:00
33517,2,Ryo Kase,加瀬亮,Acting,2025-03-02 01:14:54.379063+00:00,2025-03-04 07:00:03.914845+00:00
81051,2,Tahar Rahim,Tahar Rahim,Acting,2025-03-02 01:14:54.379063+00:00,2025-03-04 07:00:03.914845+00:00
86654,2,Austin Butler,Austin Butler,Acting,2025-03-02 01:14:54.379063+00:00,2025-03-04 07:00:03.914845+00:00
2719558,1,Hyein Park,Hyein Park,Art,2025-03-02 01:14:54.379063+00:00,2025-03-04 07:00:03.914845+00:00
1128533,0,Huang Ming Cheng,Huang Ming Cheng,Directing,2025-03-02 01:14:54.379063+00:00,2025-03-04 07:00:03.914845+00:00
1571470,0,Frank Hui,Frank Hui,Directing,2025-03-02 01:14:54.379063+00:00,2025-03-04 07:00:03.914845+00:00
2664359,0,Leak Lyda,Leak Lyda,Directing,2025-03-02 01:14:54.379063+00:00,2025-03-04 07:00:03.914845+00:00
73098,1,Karsten Kiilerich,Karsten Kiilerich,Directing,2025-03-02 01:14:54.379063+00:00,2025-03-04 07:00:03.914845+00:00
1573201,1,Ema Ryan Yamazaki,Ema Ryan Yamazaki,Directing,2025-03-02 01:14:54.379063+00:00,2025-03-04 07:00:03.914845+00:00
3674861,1,Hsiu-Yi Huang,Hsiu-Yi Huang,Directing,2025-03-02 01:14:54.379063+00:00,2025-03-04 07:00:03.914845+00:00
1554171,1,Angelika Wang,Angelika Wang,Directing,2025-03-02 01:14:54.379063+00:00,2025-03-04 07:00:03.914845+00:00
1607016,1,Coralie Fargeat,Coralie Fargeat,Directing,2025-03-02 01:14:54.379063+00:00,2025-03-04 07:00:03.914845+00:00
1266722,1,Fu Tien-Yu,Fu Tien-Yu,Directing,2025-03-02 01:14:54.379063+00:00,2025-03-04 07:00:03.914845+00:00
1668008,1,Olivia Newman,Olivia Newman,Directing,2025-03-02 01:14:54.379063+00:00,2025-03-04 07:00:03.914845+00:00
2813236,2,Oskar Mellander,Oskar Mellander,Directing,2025-03-02 01:14:54.379063+00:00,2025-03-04 07:00:03.914845+00:00
1039349,2,Hitoshi One,大根仁,Directing,2025-03-02 01:14:54.379063+00:00,2025-03-04 07:00:03.914845+00:00
1289548,2,Kazuya Shiraishi,白石和彌,Directing,2025-03-02 01:14:54.379063+00:00,2025-03-04 07:00:03.914845+00:00
59,2,Luc Besson,Luc Besson,Directing,2025-03-02 01:14:54.379063+00:00,2025-03-04 07:00:03.914845+00:00
1285352,2,Yang Woo-seok,양우석,Directing,2025-03-02 01:14:54.379063+00:00,2025-03-04 07:00:03.914845+00:00
1293686,2,Byun Sung-hyun,변성현,Directing,2025-03-02 01:14:54.379063+00:00,2025-03-04 07:00:03.914845+00:00
1051851,2,Shosuke Murakami,村上正典,Directing,2025-03-02 01:14:54.379063+00:00,2025-03-04 07:00:03.914845+00:00
4600,2,Joe Dante,Joe Dante,Directing,2025-03-02 01:14:54.379063+00:00,2025-03-04 07:00:03.914845+00:00
1091974,2,Sebastian Meise,Sebastian Meise,Directing,2025-03-02 01:14:54.379063+00:00,2025-03-04 07:00:03.914845+00:00
1421871,2,Kosai Sekine,関根光才,Directing,2025-03-02 01:14:54.379063+00:00,2025-03-04 07:00:03.914845+00:00
18199,2,André S. Labarthe,André S. Labarthe,Directing,2025-03-02 01:14:54.379063+00:00,2025-03-04 07:00:03.914845+00:00
2922825,2,Lee Chia-hua,Lee Chia-hua,Directing,2025-03-02 01:14:54.379063+00:00,2025-03-04 07:00:03.914845+00:00
26875,2,Hideo Nakata,中田秀夫,Directing,2025-03-02 01:14:54.379063+00:00,2025-03-04 07:00:03.914845+00:00
10316,2,Theo Angelopoulos,Θόδωρος Αγγελόπουλος,Directing,2025-03-02 01:14:54.379063+00:00,2025-03-04 07:00:03.914845+00:00
1288796,2,Gerard Johnstone,Gerard Johnstone,Directing,2025-03-02 01:14:54.379063+00:00,2025-03-04 07:00:03.914845+00:00
127440,2,Hideki Takeuchi,武内英樹,Directing,2025-03-02 01:14:54.379063+00:00,2025-03-04 07:00:03.914845+00:00
1135240,2,Kim Seong-hun,김성훈,Directing,2025-03-02 01:14:54.379063+00:00,2025-03-04 07:00:03.914845+00:00
18899,2,Yuen Woo-Ping,袁和平,Directing,2025-03-02 01:14:54.379063+00:00,2025-03-04 07:00:03.914845+00:00
35959,2,James Huth,James Huth,Directing,2025-03-02 01:14:54.379063+00:00,2025-03-04 07:00:03.914845+00:00
2981642,0,Chih Hsin Hu,Chih Hsin Hu,Production,2025-03-02 01:14:54.379063+00:00,2025-03-04 07:00:03.914845+00:00
1175046,2,Daiji Suzuki,鈴木大司,Visual Effects,2025-03-02 01:14:54.379063+00:00,2025-03-04 07:00:03.914845+00:00
1234090,1,Shimako Iwai,岩井志麻子,Writing,2025-03-02 01:14:54.379063+00:00,2025-03-04 07:00:03.914845+00:00
15812,2,Roger Allers,Roger Allers,Writing,2025-03-02 01:14:54.379063+00:00,2025-03-04 07:00:03.914845+00:00
19840,2,Alejandro Amenábar,Alejandro Amenábar,Writing,2025-03-02 01:14:54.379063+00:00,2025-03-04 07:00:03.914845+00:00
1762898,0,Motoya Izumi,Motoya Izumi,Acting,2025-03-02 01:14:54.379063+00:00,2025-03-04 07:00:03.914845+00:00
1332207,0,Egill Einarsson,Egill Einarsson,Acting,2025-03-02 01:14:54.379063+00:00,2025-03-04 07:00:03.914845+00:00
4704615,0,Prasanna B. Hambarde,Prasanna B. Hambarde,Acting,2025-03-02 01:14:54.379063+00:00,2025-03-04 07:00:03.914845+00:00
7608,0,Véronique Mermoud,Véronique Mermoud,Acting,2025-03-02 01:14:54.379063+00:00,2025-03-04 07:00:03.914845+00:00
3988623,0,Thanyaphat Mayuraleela,Thanyaphat Mayuraleela,Acting,2025-03-02 01:14:54.379063+00:00,2025-03-04 07:00:03.914845+00:00
4793661,0,Hong Herr Wong,Hong Herr Wong,Acting,2025-03-02 01:14:54.379063+00:00,2025-03-04 07:00:03.914845+00:00
3514167,0,Sina Parvaneh,Sina Parvaneh,Acting,2025-03-02 01:14:54.379063+00:00,2025-03-04 07:00:03.914845+00:00
1616031,0,Nissim Renard,Nissim Renard,Acting,2025-03-02 01:14:54.379063+00:00,2025-03-04 07:00:03.914845+00:00
4466557,0,Matt Kuo,Matt Kuo,Acting,2025-03-02 01:14:54.379063+00:00,2025-03-04 07:00:03.914845+00:00
3648364,0,Carlos Oviedo,Carlos Oviedo,Acting,2025-03-02 01:14:54.379063+00:00,2025-03-04 07:00:03.914845+00:00
1487499,0,Ryuta Okamoto,Ryuta Okamoto,Acting,2025-03-02 01:14:54.379063+00:00,2025-03-04 07:00:03.914845+00:00
84613,1,Madeline Zima,Madeline Zima,Acting,2025-03-02 01:14:54.379063+00:00,2025-03-04 07:00:03.914845+00:00
1080935,1,Youn Yuh-jung,윤여정,Acting,2025-03-02 01:14:54.379063+00:00,2025-03-04 07:00:03.914845+00:00
2185341,1,Cho Yi-hyun,조이현,Acting,2025-03-02 01:14:54.379063+00:00,2025-03-04 07:00:03.914845+00:00
1882502,1,Lauren LaVera,Lauren LaVera,Acting,2025-03-02 01:14:54.379063+00:00,2025-03-04 07:00:03.914845+00:00
1062343,1,Kanna Hashimoto,橋本環奈,Acting,2025-03-02 01:14:54.379063+00:00,2025-03-04 07:00:03.914845+00:00
8602,1,Alice Braga,Alice Braga,Acting,2025-03-02 01:14:54.379063+00:00,2025-03-04 07:00:03.914845+00:00
1601451,1,María Gabriela de Faría,María Gabriela de Faría,Acting,2025-03-02 01:14:54.379063+00:00,2025-03-04 07:00:03.914845+00:00
1435167,1,Valentina Bellè,Valentina Bellè,Acting,2025-03-02 01:14:54.379063+00:00,2025-03-04 07:00:03.914845+00:00
1423493,1,Belén Cuesta,Belén Cuesta,Acting,2025-03-02 01:14:54.379063+00:00,2025-03-04 07:00:03.914845+00:00
3193525,1,Rou-Ming Huang,黃柔閩,Acting,2025-03-02 01:14:54.379063+00:00,2025-03-04 07:00:03.914845+00:00
1784612,1,Daniela Melchior,Daniela Melchior,Acting,2025-03-02 01:14:54.379063+00:00,2025-03-04 07:00:03.914845+00:00
1793239,1,Kelly Lynn Reiter,Kelly Lynn Reiter,Acting,2025-03-02 01:14:54.379063+00:00,2025-03-04 07:00:03.914845+00:00
1033671,1,Corinne Masiero,Corinne Masiero,Acting,2025-03-02 01:14:54.379063+00:00,2025-03-04 07:00:03.914845+00:00
1153771,1,Momoko Tanabe,田辺桃子,Acting,2025-03-02 01:14:54.379063+00:00,2025-03-04 07:00:03.914845+00:00
82183,1,Olivia Ross,Olivia Ross,Acting,2025-03-02 01:14:54.379063+00:00,2025-03-04 07:00:03.914845+00:00
929122,1,Esom,이솜,Acting,2025-03-02 01:14:54.379063+00:00,2025-03-04 07:00:03.914845+00:00
1251069,1,Nathalie Emmanuel,Nathalie Emmanuel,Acting,2025-03-02 01:14:54.379063+00:00,2025-03-04 07:00:03.914845+00:00
3158635,1,Sahar Goldoost,Sahar Goldust,Acting,2025-03-02 01:14:54.379063+00:00,2025-03-04 07:00:03.914845+00:00
1372896,1,Lilith Stangenberg,Lilith Stangenberg,Acting,2025-03-02 01:14:54.379063+00:00,2025-03-04 07:00:03.914845+00:00
1563442,1,Akari Kito,鬼頭明里,Acting,2025-03-02 01:14:54.379063+00:00,2025-03-04 07:00:03.914845+00:00
8800,1,Birgit Minichmayr,Birgit Minichmayr,Acting,2025-03-02 01:14:54.379063+00:00,2025-03-04 07:00:03.914845+00:00
2763423,1,Chanya McClory,Chanya McClory,Acting,2025-03-02 01:14:54.379063+00:00,2025-03-04 07:00:03.914845+00:00
2359954,1,JANGWONYOUNG,장원영,Acting,2025-03-02 01:14:54.379063+00:00,2025-03-04 07:00:03.914845+00:00
1609496,1,Grace Chen Shu-Fang,陳淑芳,Acting,2025-03-02 01:14:54.379063+00:00,2025-03-04 07:00:03.914845+00:00
2886830,1,Shin Ji Won,Shin Ji Won,Acting,2025-03-02 01:14:54.379063+00:00,2025-03-04 07:00:03.914845+00:00
1514178,1,Sally Messham,Sally Messham,Acting,2025-03-02 01:14:54.379063+00:00,2025-03-04 07:00:03.914845+00:00
72764,1,Yoshino Kimura,木村佳乃,Acting,2025-03-02 01:14:54.379063+00:00,2025-03-04 07:00:03.914845+00:00
1677547,1,Marta Timofeeva,Марта Кесслер,Acting,2025-03-02 01:14:54.379063+00:00,2025-03-04 07:00:03.914845+00:00
588636,1,Marta Nieto,Marta Nieto,Acting,2025-03-02 01:14:54.379063+00:00,2025-03-04 07:00:03.914845+00:00
3628533,1,Liu Ming,劉明,Acting,2025-03-02 01:14:54.379063+00:00,2025-03-04 07:00:03.914845+00:00
1339199,1,Gaia Wise,Gaia Wise,Acting,2025-03-02 01:14:54.379063+00:00,2025-03-04 07:00:03.914845+00:00
2370987,1,Wan Marui,円井わん,Acting,2025-03-02 01:14:54.379063+00:00,2025-03-04 07:00:03.914845+00:00
2729190,1,Rebecca Patricia Armstrong,Becky Armstrong,Acting,2025-03-02 01:14:54.379063+00:00,2025-03-04 07:00:03.914845+00:00
2352340,1,Sakura Kiryu,吉柳咲良,Acting,2025-03-02 01:14:54.379063+00:00,2025-03-04 07:00:03.914845+00:00
131013,1,Haruko Sugimura,杉村春子,Acting,2025-03-02 01:14:54.379063+00:00,2025-03-04 07:00:03.914845+00:00
234352,1,Margot Robbie,Margot Robbie,Acting,2025-03-02 01:14:54.379063+00:00,2025-03-04 07:00:03.914845+00:00
83527,1,Shinobu Terajima,寺島しのぶ,Acting,2025-03-02 01:14:54.379063+00:00,2025-03-04 07:00:03.914845+00:00
2273537,1,Gisellma Firmansyah,Gisellma Firmansyah,Acting,2025-03-02 01:14:54.379063+00:00,2025-03-04 07:00:03.914845+00:00
2625507,1,Jung Seo-yeon,Jung Seo-yeon,Acting,2025-03-02 01:14:54.379063+00:00,2025-03-04 07:00:03.914845+00:00
2475409,1,Talia Ryder,Talia Ryder,Acting,2025-03-02 01:14:54.379063+00:00,2025-03-04 07:00:03.914845+00:00
43903,1,Carly Pope,Carly Pope,Acting,2025-03-02 01:14:54.379063+00:00,2025-03-04 07:00:03.914845+00:00
1276,1,Patricia Clarkson,Patricia Clarkson,Acting,2025-03-02 01:14:54.379063+00:00,2025-03-04 07:00:03.914845+00:00
235712,1,Darya Moroz,Дарья Мороз,Acting,2025-03-02 01:14:54.379063+00:00,2025-03-04 07:00:03.914845+00:00
1549531,1,Guo Yue,Guo Yue,Acting,2025-03-02 01:14:54.379063+00:00,2025-03-04 07:00:03.914845+00:00
4645154,1,Nakanishi Kiara,Nakanishi Kiara,Acting,2025-03-02 01:14:54.379063+00:00,2025-03-04 07:00:03.914845+00:00
40883,1,Anouk Grinberg,Anouk Grinberg,Acting,2025-03-02 01:14:54.379063+00:00,2025-03-04 07:00:03.914845+00:00
103598,1,Elaine Jin Yan-Ling,Elaine Jin,Acting,2025-03-02 01:14:54.379063+00:00,2025-03-04 07:00:03.914845+00:00
2330664,1,Ts Madison,Ts Madison,Acting,2025-03-02 01:14:54.379063+00:00,2025-03-04 07:00:03.914845+00:00
82638,1,Laura Aikman,Laura Aikman,Acting,2025-03-02 01:14:54.379063+00:00,2025-03-04 07:00:03.914845+00:00
2829889,1,Patra Au Ga-Man,Patra Au Ga-Man,Acting,2025-03-02 01:14:54.379063+00:00,2025-03-04 07:00:03.914845+00:00
1252045,1,Yoona,윤아,Acting,2025-03-02 01:14:54.379063+00:00,2025-03-04 07:00:03.914845+00:00
1852739,1,Natalie Palamides,Natalie Palamides,Acting,2025-03-02 01:14:54.379063+00:00,2025-03-04 07:00:03.914845+00:00
1295461,1,Park Jin-joo,박진주,Acting,2025-03-02 01:14:54.379063+00:00,2025-03-04 07:00:03.914845+00:00
77667,1,Oksana Akinshina,Оксана Акиньшина,Acting,2025-03-02 01:14:54.379063+00:00,2025-03-04 07:00:03.914845+00:00
1164931,1,Megumi Han,潘めぐみ,Acting,2025-03-02 01:14:54.379063+00:00,2025-03-04 07:00:03.914845+00:00
43286,1,Laura Vandervoort,Laura Vandervoort,Acting,2025-03-02 01:14:54.379063+00:00,2025-03-04 07:00:03.914845+00:00
70875,1,Mirjana Joković,Mirjana Joković,Acting,2025-03-02 01:14:54.379063+00:00,2025-03-04 07:00:03.914845+00:00
63446,2,Kim Jung-tae,김정태,Acting,2025-03-02 01:14:54.379063+00:00,2025-03-04 07:00:03.914845+00:00
2199863,2,Shane Pow,Shane Pow,Acting,2025-03-02 01:14:54.379063+00:00,2025-03-04 07:00:03.914845+00:00
1089570,2,Chang Han,Chang Han,Acting,2025-03-02 01:14:54.379063+00:00,2025-03-04 07:00:03.914845+00:00
1186075,2,Tarek Boudali,Tarek Boudali,Acting,2025-03-02 01:14:54.379063+00:00,2025-03-04 07:00:03.914845+00:00
17543,2,Fabian Busch,Fabian Busch,Acting,2025-03-02 01:14:54.379063+00:00,2025-03-04 07:00:03.914845+00:00
3899,2,Ken Watanabe,渡辺謙,Acting,2025-03-02 01:14:54.379063+00:00,2025-03-04 07:00:03.914845+00:00
2239159,2,Brady Noon,Brady Noon,Acting,2025-03-02 01:14:54.379063+00:00,2025-03-04 07:00:03.914845+00:00
588403,2,Yutaka Takenouchi,竹野内豊,Acting,2025-03-02 01:14:54.379063+00:00,2025-03-04 07:00:03.914845+00:00
552570,2,Kim Yoon-sung,Kim Yoon-sung,Acting,2025-03-02 01:14:54.379063+00:00,2025-03-04 07:00:03.914845+00:00
3029776,2,Thanayut Thakoonauttaya,ธนายุทธ ฐากูรอรรถยา,Acting,2025-03-02 01:14:54.379063+00:00,2025-03-04 07:00:03.914845+00:00
543889,2,Jan Kačer,Jan Kačer,Acting,2025-03-02 01:14:54.379063+00:00,2025-03-04 07:00:03.914845+00:00
934,2,Russell Crowe,Russell Crowe,Acting,2025-03-02 01:14:54.379063+00:00,2025-03-04 07:00:03.914845+00:00
2389302,2,Võ Điền Gia Huy,Võ Điền Gia Huy,Acting,2025-03-02 01:14:54.379063+00:00,2025-03-04 07:00:03.914845+00:00
2299,2,Josh Hartnett,Josh Hartnett,Acting,2025-03-02 01:14:54.379063+00:00,2025-03-04 07:00:03.914845+00:00
1312166,2,Dylan Llewellyn,Dylan Llewellyn,Acting,2025-03-02 01:14:54.379063+00:00,2025-03-04 07:00:03.914845+00:00
3594,2,Julien Bertheau,Julien Bertheau,Acting,2025-03-02 01:14:54.379063+00:00,2025-03-04 07:00:03.914845+00:00
10993,2,Tom Felton,Tom Felton,Acting,2025-03-02 01:14:54.379063+00:00,2025-03-04 07:00:03.914845+00:00
2627937,2,Oolongta Yoshida,吉田ウーロン太,Acting,2025-03-02 01:14:54.379063+00:00,2025-03-04 07:00:03.914845+00:00
571172,2,Park Jeong-min,박정민,Acting,2025-03-02 01:14:54.379063+00:00,2025-03-04 07:00:03.914845+00:00
1754218,2,Diomid Vinogradov,Диомид Виноградов,Acting,2025-03-02 01:14:54.379063+00:00,2025-03-04 07:00:03.914845+00:00
15277,2,Jon Favreau,Jon Favreau,Acting,2025-03-02 01:14:54.379063+00:00,2025-03-04 07:00:03.914845+00:00
146212,2,Grégoire Oestermann,Grégoire Oestermann,Acting,2025-03-02 01:14:54.379063+00:00,2025-03-04 07:00:03.914845+00:00
18992,2,Aidan Quinn,Aidan Quinn,Acting,2025-03-02 01:14:54.379063+00:00,2025-03-04 07:00:03.914845+00:00
1052109,2,Harry Styles,Harry Styles,Acting,2025-03-02 01:14:54.379063+00:00,2025-03-04 07:00:03.914845+00:00
3672728,2,Glenn Yong,Glenn Yong,Acting,2025-03-02 01:14:54.379063+00:00,2025-03-04 07:00:03.914845+00:00
1024396,2,Kim Sung-kyun,김성균,Acting,2025-03-02 01:14:54.379063+00:00,2025-03-04 07:00:03.914845+00:00
1299473,2,Lim Hyung-jun,임형준,Acting,2025-03-02 01:14:54.379063+00:00,2025-03-04 07:00:03.914845+00:00
1157588,2,Paul Spera,Paul Spera,Acting,2025-03-02 01:14:54.379063+00:00,2025-03-04 07:00:03.914845+00:00
1470509,2,Goran Marković,Goran Marković,Acting,2025-03-02 01:14:54.379063+00:00,2025-03-04 07:00:03.914845+00:00
1246618,2,Sterling Macer Jr.,Sterling Macer Jr.,Acting,2025-03-02 01:14:54.379063+00:00,2025-03-04 07:00:03.914845+00:00
2850474,2,Jung Whee,정휘,Acting,2025-03-02 01:14:54.379063+00:00,2025-03-04 07:00:03.914845+00:00
1863422,2,Kang Hong-suk,강홍석,Acting,2025-03-02 01:14:54.379063+00:00,2025-03-04 07:00:03.914845+00:00
2138302,2,Leonard Hädler Stirský,Leonard Hädler Stirský,Acting,2025-03-02 01:14:54.379063+00:00,2025-03-04 07:00:03.914845+00:00
3685470,2,Naruepol Yaiim,Naruepol Yaiim,Acting,2025-03-02 01:14:54.379063+00:00,2025-03-04 07:00:03.914845+00:00
85034,2,Ranbir Kapoor,Ranbir Kapoor,Acting,2025-03-02 01:14:54.379063+00:00,2025-03-04 07:00:03.914845+00:00
71377,2,Bruno Lochet,Bruno Lochet,Acting,2025-03-02 01:14:54.379063+00:00,2025-03-04 07:00:03.914845+00:00
1055225,2,Joel Lützow,Joel Lützow,Acting,2025-03-02 01:14:54.379063+00:00,2025-03-04 07:00:03.914845+00:00
2307963,2,Kim Jae-chul,김재철,Acting,2025-03-02 01:14:54.379063+00:00,2025-03-04 07:00:03.914845+00:00
1346897,2,Lee Moo-saeng,이무생,Acting,2025-03-02 01:14:54.379063+00:00,2025-03-04 07:00:03.914845+00:00
23388,2,Hippolyte Girardot,Hippolyte Girardot,Acting,2025-03-02 01:14:54.379063+00:00,2025-03-04 07:00:03.914845+00:00
65511,2,Minori Terada,寺田農,Acting,2025-03-02 01:14:54.379063+00:00,2025-03-04 07:00:03.914845+00:00
95101,2,Charlie Day,Charlie Day,Acting,2025-03-02 01:14:54.379063+00:00,2025-03-04 07:00:03.914845+00:00
2700258,2,Simon Faliu,Simon Faliu,Acting,2025-03-02 01:14:54.379063+00:00,2025-03-04 07:00:03.914845+00:00
71374,2,Christian Friedel,Christian Friedel,Acting,2025-03-02 01:14:54.379063+00:00,2025-03-04 07:00:03.914845+00:00
1799660,2,Ardit Erwandha,Ardit Erwandha,Acting,2025-03-02 01:14:54.379063+00:00,2025-03-04 07:00:03.914845+00:00
1331786,2,Filip Pławiak,Filip Pławiak,Acting,2025-03-02 01:14:54.379063+00:00,2025-03-04 07:00:03.914845+00:00
7026,2,Rhys Ifans,Rhys Ifans,Acting,2025-03-02 01:14:54.379063+00:00,2025-03-04 07:00:03.914845+00:00
3132499,2,Kaito Sakurai,櫻井海音,Acting,2025-03-02 01:14:54.379063+00:00,2025-03-04 07:00:03.914845+00:00
18198,2,Sady Rebbot,Sady Rebbot,Acting,2025-03-02 01:14:54.379063+00:00,2025-03-04 07:00:03.914845+00:00
4483,2,Dustin Hoffman,Dustin Hoffman,Acting,2025-03-02 01:14:54.379063+00:00,2025-03-04 07:00:03.914845+00:00
2221780,2,Ivan Batarev,Иван Батарев,Acting,2025-03-02 01:14:54.379063+00:00,2025-03-04 07:00:03.914845+00:00
1337,2,Tony Leung,梁朝偉,Acting,2025-03-02 01:14:54.379063+00:00,2025-03-04 07:00:03.914845+00:00
1384886,2,Estéban,Estéban,Acting,2025-03-02 01:14:54.379063+00:00,2025-03-04 07:00:03.914845+00:00
1954176,2,Crowd Lu,盧廣仲,Acting,2025-03-02 01:14:54.379063+00:00,2025-03-04 07:00:03.914845+00:00
923,2,Dean Stockwell,Dean Stockwell,Acting,2025-03-02 01:14:54.379063+00:00,2025-03-04 07:00:03.914845+00:00
96805,2,Sen Yano,矢野宣,Acting,2025-03-02 01:14:54.379063+00:00,2025-03-04 07:00:03.914845+00:00
1321982,2,Ryusei Yokohama,横浜流星,Acting,2025-03-02 01:14:54.379063+00:00,2025-03-04 07:00:03.914845+00:00
31422,2,Ivan Massagué,Ivan Massagué,Acting,2025-03-02 01:14:54.379063+00:00,2025-03-04 07:00:03.914845+00:00
133766,2,Hector Kotsifakis,Héctor Kotsifakis,Acting,2025-03-02 01:14:54.379063+00:00,2025-03-04 07:00:03.914845+00:00
1599701,2,Masashi Arifuku,有福正志,Acting,2025-03-02 01:14:54.379063+00:00,2025-03-04 07:00:03.914845+00:00
1825362,2,Ari Irham,Ari Irham,Acting,2025-03-02 01:14:54.379063+00:00,2025-03-04 07:00:03.914845+00:00
1234448,2,Mitsuru Karahashi,唐橋充,Acting,2025-03-02 01:14:54.379063+00:00,2025-03-04 07:00:03.914845+00:00
1574622,2,Go Gyu-pil,고규필,Acting,2025-03-02 01:14:54.379063+00:00,2025-03-04 07:00:03.914845+00:00
19536,2,Josh Duhamel,Josh Duhamel,Acting,2025-03-02 01:14:54.379063+00:00,2025-03-04 07:00:03.914845+00:00
2268,2,Warren Clarke,Warren Clarke,Acting,2025-03-02 01:14:54.379063+00:00,2025-03-04 07:00:03.914845+00:00
81391,2,J. D. Pardo,J. D. Pardo,Acting,2025-03-02 01:14:54.379063+00:00,2025-03-04 07:00:03.914845+00:00
1607522,2,Jovan Adepo,Jovan Adepo,Acting,2025-03-02 01:14:54.379063+00:00,2025-03-04 07:00:03.914845+00:00
1794453,2,Kent Tsai Fan-Hsi,蔡凡熙,Acting,2025-03-02 01:14:54.379063+00:00,2025-03-04 07:00:03.914845+00:00
124644,3,Lio Tipton,Lio Tipton,Acting,2025-03-02 01:14:54.379063+00:00,2025-03-04 07:00:03.914845+00:00
460,2,Tom Stern,Tom Stern,Camera,2025-03-02 01:14:54.379063+00:00,2025-03-04 07:00:03.914845+00:00
2054461,0,Mo Lai Yan Chi,Mo Lai Yan Chi,Directing,2025-03-02 01:14:54.379063+00:00,2025-03-04 07:00:03.914845+00:00
2392557,0,Paris Zarcilla,Paris Zarcilla,Directing,2025-03-02 01:14:54.379063+00:00,2025-03-04 07:00:03.914845+00:00
3943862,0,Yu-Yuan Hong,Yu-Yuan Hong,Directing,2025-03-02 01:14:54.379063+00:00,2025-03-04 07:00:03.914845+00:00
1679765,0,John Berardo,John Berardo,Directing,2025-03-02 01:14:54.379063+00:00,2025-03-04 07:00:03.914845+00:00
3431876,1,Nelicia Low,Nelicia Low,Directing,2025-03-02 01:14:54.379063+00:00,2025-03-04 07:00:03.914845+00:00
3549570,1,Yoko Chou,Yoko Chou,Directing,2025-03-02 01:14:54.379063+00:00,2025-03-04 07:00:03.914845+00:00
150122,1,Hong Ji-young,홍지영,Directing,2025-03-02 01:14:54.379063+00:00,2025-03-04 07:00:03.914845+00:00
1775995,1,Zhang Jialing,Zhang Jialing,Directing,2025-03-02 01:14:54.379063+00:00,2025-03-04 07:00:03.914845+00:00
150390,1,Emily Atef,Emily Atef,Directing,2025-03-02 01:14:54.379063+00:00,2025-03-04 07:00:03.914845+00:00
1565080,1,Ginanti Rona,Ginanti Rona Tembang Asri,Directing,2025-03-02 01:14:54.379063+00:00,2025-03-04 07:00:03.914845+00:00
956,2,Guy Ritchie,Guy Ritchie,Directing,2025-03-02 01:14:54.379063+00:00,2025-03-04 07:00:03.914845+00:00
142587,2,Greg Tiernan,Greg Tiernan,Directing,2025-03-02 01:14:54.379063+00:00,2025-03-04 07:00:03.914845+00:00
571991,2,Tsutomu Mizushima,水島努,Directing,2025-03-02 01:14:54.379063+00:00,2025-03-04 07:00:03.914845+00:00
1119393,2,Takeshi Yokoi,横井健司,Directing,2025-03-02 01:14:54.379063+00:00,2025-03-04 07:00:03.914845+00:00
1071,2,Tom Tykwer,Tom Tykwer,Directing,2025-03-02 01:14:54.379063+00:00,2025-03-04 07:00:03.914845+00:00
12453,2,Wong Kar-wai,王家衛,Directing,2025-03-02 01:14:54.379063+00:00,2025-03-04 07:00:03.914845+00:00
1553944,2,Lam Sum,Lam Sum,Directing,2025-03-02 01:14:54.379063+00:00,2025-03-04 07:00:03.914845+00:00
1322339,2,Anggy Umbara,Anggy Umbara,Directing,2025-03-02 01:14:54.379063+00:00,2025-03-04 07:00:03.914845+00:00
17329,2,Neil Burger,Neil Burger,Directing,2025-03-02 01:14:54.379063+00:00,2025-03-04 07:00:03.914845+00:00
7324,2,Pan Nalin,Pan Nalin,Directing,2025-03-02 01:14:54.379063+00:00,2025-03-04 07:00:03.914845+00:00
41788,2,Nicolas Philibert,Nicolas Philibert,Directing,2025-03-02 01:14:54.379063+00:00,2025-03-04 07:00:03.914845+00:00
2580328,2,Michael Sarnoski,Michael Sarnoski,Directing,2025-03-02 01:14:54.379063+00:00,2025-03-04 07:00:03.914845+00:00
1333855,2,Ying-Ting Tseng,曾英庭,Directing,2025-03-02 01:14:54.379063+00:00,2025-03-04 07:00:03.914845+00:00
95528,2,Pablo Berger,Pablo Berger,Directing,2025-03-02 01:14:54.379063+00:00,2025-03-04 07:00:03.914845+00:00
930567,2,Enrico Casarosa,Enrico Casarosa,Directing,2025-03-02 01:14:54.379063+00:00,2025-03-04 07:00:03.914845+00:00
223,2,Alejandro González Iñárritu,Alejandro González Iñárritu,Directing,2025-03-02 01:14:54.379063+00:00,2025-03-04 07:00:03.914845+00:00
592488,2,Kazuyoshi Kumakiri,熊切和嘉,Directing,2025-03-02 01:14:54.379063+00:00,2025-03-04 07:00:03.914845+00:00
259989,2,Khomkrit Treewimol,คมกฤษ ตรีวิมล,Directing,2025-03-02 01:14:54.379063+00:00,2025-03-04 07:00:03.914845+00:00
173394,2,Chris Bailey,Chris Bailey,Directing,2025-03-02 01:14:54.379063+00:00,2025-03-04 07:00:03.914845+00:00
19077,2,Xavier Legrand,Xavier Legrand,Directing,2025-03-02 01:14:54.379063+00:00,2025-03-04 07:00:03.914845+00:00
1362698,2,Tomohiko Ito,伊藤智彦,Directing,2025-03-02 01:14:54.379063+00:00,2025-03-04 07:00:03.914845+00:00
7017,2,Roger Michell,Roger Michell,Directing,2025-03-02 01:14:54.379063+00:00,2025-03-04 07:00:03.914845+00:00
1332321,0,Mye Hoang,Mye Hoang,Production,2025-03-02 01:14:54.379063+00:00,2025-03-04 07:00:03.914845+00:00
101488,0,Mark Burman,Mark Burman,Production,2025-03-02 01:14:54.379063+00:00,2025-03-04 07:00:03.914845+00:00
2067023,2,Sunny Chan Wing-Sun,Sunny Chan Wing-Sun,Writing,2025-03-02 01:14:54.379063+00:00,2025-03-04 07:00:03.914845+00:00
66719,2,Felix Chong Man-Keung,莊文強,Writing,2025-03-02 01:14:54.379063+00:00,2025-03-04 07:00:03.914845+00:00
2186384,0,Daniele De Martino,Daniele De Martino,Acting,2025-03-02 01:14:54.379063+00:00,2025-03-04 07:00:03.914845+00:00
3665015,0,Marijane Meaker,Marijane Meaker,Acting,2025-03-02 01:14:54.379063+00:00,2025-03-04 07:00:03.914845+00:00
4356449,0,萧菊贞,萧菊贞,Acting,2025-03-02 01:14:54.379063+00:00,2025-03-04 07:00:03.914845+00:00
4258030,0,Ria Maesako,Ria Maesako,Acting,2025-03-02 01:14:54.379063+00:00,2025-03-04 07:00:03.914845+00:00
3887377,0,Zafreen Zairizal,Zafreen Zairizal,Acting,2025-03-02 01:14:54.379063+00:00,2025-03-04 07:00:03.914845+00:00
3512980,0,Pep Muñoz,Pep Muñoz,Acting,2025-03-02 01:14:54.379063+00:00,2025-03-04 07:00:03.914845+00:00
4404890,0,Justina Ceballos,Justina Ceballos,Acting,2025-03-02 01:14:54.379063+00:00,2025-03-04 07:00:03.914845+00:00
2623200,0,Abeer Mohammed,Abeer Mohammed,Acting,2025-03-02 01:14:54.379063+00:00,2025-03-04 07:00:03.914845+00:00
4717769,0,Sheng-Feng Yu,Sheng-Feng Yu,Acting,2025-03-02 01:14:54.379063+00:00,2025-03-04 07:00:03.914845+00:00
3379641,0,Steve Papagiannis,Steve Papagiannis,Acting,2025-03-02 01:14:54.379063+00:00,2025-03-04 07:00:03.914845+00:00
2269559,0,Lou-Teymour Thion,Lou-Teymour Thion,Acting,2025-03-02 01:14:54.379063+00:00,2025-03-04 07:00:03.914845+00:00
2860039,0,Hung-Chi Liao,Hung-Chi Liao,Acting,2025-03-02 01:14:54.379063+00:00,2025-03-04 07:00:03.914845+00:00
1919754,1,Mio Imada,今田美桜,Acting,2025-03-02 01:14:54.379063+00:00,2025-03-04 07:00:03.914845+00:00
1699093,1,Shunori Ramanathan,Shunori Ramanathan,Acting,2025-03-02 01:14:54.379063+00:00,2025-03-04 07:00:03.914845+00:00
5198495,1,Freja Vatne Payne,Freja Vatne Payne,Acting,2025-03-02 01:14:54.379063+00:00,2025-03-04 07:00:03.914845+00:00
3489170,1,Noémie Zeitoun,Noémie Zeitoun,Acting,2025-03-02 01:14:54.379063+00:00,2025-03-04 07:00:03.914845+00:00
19161,1,Sandrine Bonnaire,Sandrine Bonnaire,Acting,2025-03-02 01:14:54.379063+00:00,2025-03-04 07:00:03.914845+00:00
553431,1,Tomoko Fujita,藤田朋子,Acting,2025-03-02 01:14:54.379063+00:00,2025-03-04 07:00:03.914845+00:00
1155085,1,Alicia Sanz,Alicia Sanz,Acting,2025-03-02 01:14:54.379063+00:00,2025-03-04 07:00:03.914845+00:00
4006243,1,Rion Fukumuro,福室莉音,Acting,2025-03-02 01:14:54.379063+00:00,2025-03-04 07:00:03.914845+00:00
80864,1,Kimiko Yo,余貴美子,Acting,2025-03-02 01:14:54.379063+00:00,2025-03-04 07:00:03.914845+00:00
1907472,1,Ning Chang,Ning Chang,Acting,2025-03-02 01:14:54.379063+00:00,2025-03-04 07:00:03.914845+00:00
1588597,1,Atsumi Tanezaki,種﨑敦美,Acting,2025-03-02 01:14:54.379063+00:00,2025-03-04 07:00:03.914845+00:00
1106129,1,Ye Ji-won,예지원,Acting,2025-03-02 01:14:54.379063+00:00,2025-03-04 07:00:03.914845+00:00
126777,1,Michelle Chen,陳妍希,Acting,2025-03-02 01:14:54.379063+00:00,2025-03-04 07:00:03.914845+00:00
217055,1,Cleopatra Coleman,Cleopatra Coleman,Acting,2025-03-02 01:14:54.379063+00:00,2025-03-04 07:00:03.914845+00:00
95257,1,Candi Milo,Candi Milo,Acting,2025-03-02 01:14:54.379063+00:00,2025-03-04 07:00:03.914845+00:00
59174,1,America Ferrera,America Ferrera,Acting,2025-03-02 01:14:54.379063+00:00,2025-03-04 07:00:03.914845+00:00
2017467,1,Varvara Borodina,Варвара Бородина,Acting,2025-03-02 01:14:54.379063+00:00,2025-03-04 07:00:03.914845+00:00
37233,1,Kareena Kapoor Khan,Kareena Kapoor Khan,Acting,2025-03-02 01:14:54.379063+00:00,2025-03-04 07:00:03.914845+00:00
2290254,1,Nayla D. Purnama,Nayla D. Purnama,Acting,2025-03-02 01:14:54.379063+00:00,2025-03-04 07:00:03.914845+00:00
7691,1,Caroline Ducey,Caroline Ducey,Acting,2025-03-02 01:14:54.379063+00:00,2025-03-04 07:00:03.914845+00:00
65509,1,Keiko Yokozawa,よこざわけい子,Acting,2025-03-02 01:14:54.379063+00:00,2025-03-04 07:00:03.914845+00:00
1327163,1,Latthgarmon Pinrojnkeerathi,Latkamon Pinrojkirati,Acting,2025-03-02 01:14:54.379063+00:00,2025-03-04 07:00:03.914845+00:00
544442,1,Paola Nuñez,Paola Nuñez,Acting,2025-03-02 01:14:54.379063+00:00,2025-03-04 07:00:03.914845+00:00
41779,1,Monica Vitti,Monica Vitti,Acting,2025-03-02 01:14:54.379063+00:00,2025-03-04 07:00:03.914845+00:00
102880,1,Cherie Chung Cho-Hung,鍾楚紅,Acting,2025-03-02 01:14:54.379063+00:00,2025-03-04 07:00:03.914845+00:00
3260563,1,Sherry Peng,彭若萱,Acting,2025-03-02 01:14:54.379063+00:00,2025-03-04 07:00:03.914845+00:00
240724,1,Naomi Scott,Naomi Scott,Acting,2025-03-02 01:14:54.379063+00:00,2025-03-04 07:00:03.914845+00:00
1366486,1,Nina Mélo,Nina Mélo,Acting,2025-03-02 01:14:54.379063+00:00,2025-03-04 07:00:03.914845+00:00
1010877,1,Han Ji-min,한지민,Acting,2025-03-02 01:14:54.379063+00:00,2025-03-04 07:00:03.914845+00:00
570299,1,Lee Sun-jin,Lee Sun-jin,Acting,2025-03-02 01:14:54.379063+00:00,2025-03-04 07:00:03.914845+00:00
1707552,1,Aurora Giovinazzo,Aurora Giovinazzo,Acting,2025-03-02 01:14:54.379063+00:00,2025-03-04 07:00:03.914845+00:00
1625558,1,Awkwafina,Awkwafina,Acting,2025-03-02 01:14:54.379063+00:00,2025-03-04 07:00:03.914845+00:00
1374141,1,Du Juan,Du Juan,Acting,2025-03-02 01:14:54.379063+00:00,2025-03-04 07:00:03.914845+00:00
1848369,1,Beatrice Fang,方志友,Acting,2025-03-02 01:14:54.379063+00:00,2025-03-04 07:00:03.914845+00:00
86859,1,Nijiko Kiyokawa,清川虹子,Acting,2025-03-02 01:14:54.379063+00:00,2025-03-04 07:00:03.914845+00:00
1246972,1,Ruby Rose,Ruby Rose,Acting,2025-03-02 01:14:54.379063+00:00,2025-03-04 07:00:03.914845+00:00
8471,1,Larisa Tarkovskaya,Лариса Тарковская,Acting,2025-03-02 01:14:54.379063+00:00,2025-03-04 07:00:03.914845+00:00
2058777,1,Winnie Chang,張詩盈,Acting,2025-03-02 01:14:54.379063+00:00,2025-03-04 07:00:03.914845+00:00
37946,1,Aitana Sánchez-Gijón,Aitana Sánchez-Gijón,Acting,2025-03-02 01:14:54.379063+00:00,2025-03-04 07:00:03.914845+00:00
55513,1,Alla Demidova,Алла Демидова,Acting,2025-03-02 01:14:54.379063+00:00,2025-03-04 07:00:03.914845+00:00
1046903,1,Caren Pistorius,Caren Pistorius,Acting,2025-03-02 01:14:54.379063+00:00,2025-03-04 07:00:03.914845+00:00
588209,1,Lee Hye-young,이혜영,Acting,2025-03-02 01:14:54.379063+00:00,2025-03-04 07:00:03.914845+00:00
4726,1,Marcia Gay Harden,Marcia Gay Harden,Acting,2025-03-02 01:14:54.379063+00:00,2025-03-04 07:00:03.914845+00:00
1352046,1,Louane Emera,Louane Emera,Acting,2025-03-02 01:14:54.379063+00:00,2025-03-04 07:00:03.914845+00:00
1223786,1,Emilia Clarke,Emilia Clarke,Acting,2025-03-02 01:14:54.379063+00:00,2025-03-04 07:00:03.914845+00:00
1299348,1,Go Seo-hee,고서희,Acting,2025-03-02 01:14:54.379063+00:00,2025-03-04 07:00:03.914845+00:00
1923199,1,Jessica Dinnage,Jessica Dinnage,Acting,2025-03-02 01:14:54.379063+00:00,2025-03-04 07:00:03.914845+00:00
83002,1,Jessica Chastain,Jessica Chastain,Acting,2025-03-02 01:14:54.379063+00:00,2025-03-04 07:00:03.914845+00:00
3128781,1,Gabrielle Echols,Gabrielle Echols,Acting,2025-03-02 01:14:54.379063+00:00,2025-03-04 07:00:03.914845+00:00
1251573,1,Paloma Guzmán,Paloma Guzmán,Acting,2025-03-02 01:14:54.379063+00:00,2025-03-04 07:00:03.914845+00:00
1577670,1,Chung Mi-sook,정미숙,Acting,2025-03-02 01:14:54.379063+00:00,2025-03-04 07:00:03.914845+00:00
1423159,1,Haruka Fukuhara,福原遥,Acting,2025-03-02 01:14:54.379063+00:00,2025-03-04 07:00:03.914845+00:00
3190733,1,Bella Wu,吳以涵,Acting,2025-03-02 01:14:54.379063+00:00,2025-03-04 07:00:03.914845+00:00
1332680,1,Uzo Aduba,Uzo Aduba,Acting,2025-03-02 01:14:54.379063+00:00,2025-03-04 07:00:03.914845+00:00
15556,1,Rebecca Hall,Rebecca Hall,Acting,2025-03-02 09:35:42.269341+00:00,2025-03-04 07:00:03.914845+00:00
1201637,1,Yuko Sanpei,三瓶由布子,Acting,2025-03-02 09:35:42.269341+00:00,2025-03-04 07:00:03.914845+00:00
3102289,1,Chung Suet-Ying,鍾雪瑩,Acting,2025-03-02 01:14:54.379063+00:00,2025-03-04 07:00:03.914845+00:00
2504721,1,Rio Aoki,Rio Aoki,Acting,2025-03-02 01:14:54.379063+00:00,2025-03-04 07:00:03.914845+00:00
1988490,2,Bae Yoo-ram,배유람,Acting,2025-03-02 01:14:54.379063+00:00,2025-03-04 07:00:03.914845+00:00
144080,2,Morgan Davies,Morgan Davies,Acting,2025-03-02 01:14:54.379063+00:00,2025-03-04 07:00:03.914845+00:00
108119,2,Graham Coxon,Graham Coxon,Acting,2025-03-02 01:14:54.379063+00:00,2025-03-04 07:00:03.914845+00:00
26282,2,Nicolas Cazalé,Nicolas Cazalé,Acting,2025-03-02 01:14:54.379063+00:00,2025-03-04 07:00:03.914845+00:00
1182564,2,Michael Devorzon,Michael Devorzon,Acting,2025-03-02 01:14:54.379063+00:00,2025-03-04 07:00:03.914845+00:00
8229,2,Rod Taylor,Rod Taylor,Acting,2025-03-02 01:14:54.379063+00:00,2025-03-04 07:00:03.914845+00:00
3280172,2,En Ko,柯恩,Acting,2025-03-02 01:14:54.379063+00:00,2025-03-04 07:00:03.914845+00:00
83854,2,David Dastmalchian,David Dastmalchian,Acting,2025-03-02 01:14:54.379063+00:00,2025-03-04 07:00:03.914845+00:00
3043697,2,He Huan,He Huan,Acting,2025-03-02 01:14:54.379063+00:00,2025-03-04 07:00:03.914845+00:00
1255801,2,Cho Dong-hyuk,조동혁,Acting,2025-03-02 01:14:54.379063+00:00,2025-03-04 07:00:03.914845+00:00
587675,2,Yoo Yeon-seok,유연석,Acting,2025-03-02 01:14:54.379063+00:00,2025-03-04 07:00:03.914845+00:00
1430283,2,Anders Heinrichsen,Anders Heinrichsen,Acting,2025-03-02 01:14:54.379063+00:00,2025-03-04 07:00:03.914845+00:00
1291810,2,Julien Arruti,Julien Arruti,Acting,2025-03-02 01:14:54.379063+00:00,2025-03-04 07:00:03.914845+00:00
2649281,2,Tomy Aguilera,Tomy Aguilera,Acting,2025-03-02 01:14:54.379063+00:00,2025-03-04 07:00:03.914845+00:00
17380,2,Jay Chou,周杰倫,Acting,2025-03-02 01:14:54.379063+00:00,2025-03-04 07:00:03.914845+00:00
1034362,2,Tatsuomi Hamada,濱田龍臣,Acting,2025-03-02 01:14:54.379063+00:00,2025-03-04 07:00:03.914845+00:00
8988,2,Salvador Dalí,Salvador Dalí,Acting,2025-03-02 01:14:54.379063+00:00,2025-03-04 07:00:03.914845+00:00
87265,2,Tenoch Huerta Mejía,Tenoch Huerta Mejía,Acting,2025-03-02 01:14:54.379063+00:00,2025-03-04 07:00:03.914845+00:00
2674888,2,Chanatip Potongkam,Chanatip Phothongka,Acting,2025-03-02 01:14:54.379063+00:00,2025-03-04 07:00:03.914845+00:00
1384646,2,Ryoma Takeuchi,竹内涼真,Acting,2025-03-02 01:14:54.379063+00:00,2025-03-04 07:00:03.914845+00:00
573794,2,Bae Sung-woo,배성우,Acting,2025-03-02 01:14:54.379063+00:00,2025-03-04 07:00:03.914845+00:00
3639050,2,Ramil Nasirov,Раміл Насіров,Acting,2025-03-02 01:14:54.379063+00:00,2025-03-04 07:00:03.914845+00:00
2887189,2,Lee Seung-cheol,Lee Seung-cheol,Acting,2025-03-02 01:14:54.379063+00:00,2025-03-04 07:00:03.914845+00:00
69636,2,Ti Lung,狄龍,Acting,2025-03-02 01:14:54.379063+00:00,2025-03-04 07:00:03.914845+00:00
3851351,2,Kang Joon-kyu,강준규,Acting,2025-03-02 01:14:54.379063+00:00,2025-03-04 07:00:03.914845+00:00
981717,2,Ger Duany,Ger Duany,Acting,2025-03-02 01:14:54.379063+00:00,2025-03-04 07:00:03.914845+00:00
1467219,2,Joe Keery,Joe Keery,Acting,2025-03-02 01:14:54.379063+00:00,2025-03-04 07:00:03.914845+00:00
62562,2,David Denman,David Denman,Acting,2025-03-02 01:14:54.379063+00:00,2025-03-04 07:00:03.914845+00:00
1477273,2,Rihito Itagaki,板垣李光人,Acting,2025-03-02 01:14:54.379063+00:00,2025-03-04 07:00:03.914845+00:00
3185076,2,Keung To,Keung To,Acting,2025-03-02 01:14:54.379063+00:00,2025-03-04 07:00:03.914845+00:00
1259384,2,Sukollawat Kanarot,ศุกลวัฒน์ คณารศ,Acting,2025-03-02 01:14:54.379063+00:00,2025-03-04 07:00:03.914845+00:00
3401898,2,Anthony B. Jenkins,Anthony B. Jenkins,Acting,2025-03-02 01:14:54.379063+00:00,2025-03-04 07:00:03.914845+00:00
740,2,Julian Glover,Julian Glover,Acting,2025-03-02 01:14:54.379063+00:00,2025-03-04 07:00:03.914845+00:00
35642,2,Ken'ichi Endô,遠藤憲一,Acting,2025-03-02 01:14:54.379063+00:00,2025-03-04 07:00:03.914845+00:00
26728,2,Sam Hui,許冠傑,Acting,2025-03-02 01:14:54.379063+00:00,2025-03-04 07:00:03.914845+00:00
83586,2,Ken Jeong,Ken Jeong,Acting,2025-03-02 01:14:54.379063+00:00,2025-03-04 07:00:03.914845+00:00
1487,2,Bob Dylan,Bob Dylan,Acting,2025-03-02 01:14:54.379063+00:00,2025-03-04 07:00:03.914845+00:00
2034418,2,Jacob Elordi,Jacob Elordi,Acting,2025-03-02 01:14:54.379063+00:00,2025-03-04 07:00:03.914845+00:00
1935849,2,Moe Bar-El,Moe Bar-El,Acting,2025-03-02 01:14:54.379063+00:00,2025-03-04 07:00:03.914845+00:00
1565630,2,Shotaro Mamiya,間宮祥太朗,Acting,2025-03-02 01:14:54.379063+00:00,2025-03-04 07:00:03.914845+00:00
5213698,2,Yusuke Hino,日野友輔,Acting,2025-03-02 01:14:54.379063+00:00,2025-03-04 07:00:03.914845+00:00
115742,2,Johan Heldenbergh,Johan Heldenbergh,Acting,2025-03-02 01:14:54.379063+00:00,2025-03-04 07:00:03.914845+00:00
1124535,2,Shunsuke Kazama,風間俊介,Acting,2025-03-02 01:14:54.379063+00:00,2025-03-04 07:00:03.914845+00:00
2204527,2,Lee Seo-hwan,이서환,Acting,2025-03-02 01:14:54.379063+00:00,2025-03-04 07:00:03.914845+00:00
3979702,2,Oh Jin-seok,오진석,Acting,2025-03-02 01:14:54.379063+00:00,2025-03-04 07:00:03.914845+00:00
145121,2,Pierre Niney,Pierre Niney,Acting,2025-03-02 01:14:54.379063+00:00,2025-03-04 07:00:03.914845+00:00
2942417,2,Ryota Miura,三浦獠太,Acting,2025-03-02 01:14:54.379063+00:00,2025-03-04 07:00:03.914845+00:00
213581,2,Oliver Masucci,Oliver Masucci,Acting,2025-03-02 01:14:54.379063+00:00,2025-03-04 07:00:03.914845+00:00
1086844,2,Wu Gang,吴刚,Acting,2025-03-02 01:14:54.379063+00:00,2025-03-04 07:00:03.914845+00:00
1342162,2,Pisanu Chutanimsakul,Pisanu Chutanimsakul,Acting,2025-03-02 01:14:54.379063+00:00,2025-03-04 07:00:03.914845+00:00
2804934,2,Jesse Noah Gruman,Jesse Noah Gruman,Acting,2025-03-02 01:14:54.379063+00:00,2025-03-04 07:00:03.914845+00:00
6197,2,Brian Dennehy,Brian Dennehy,Acting,2025-03-02 01:14:54.379063+00:00,2025-03-04 07:00:03.914845+00:00
1925,2,Vincent Cassel,Vincent Cassel,Acting,2025-03-02 01:14:54.379063+00:00,2025-03-04 07:00:03.914845+00:00
1298007,2,Saeed Poursamimi,Saeed Poursamimi,Acting,2025-03-02 01:14:54.379063+00:00,2025-03-04 07:00:03.914845+00:00
466505,2,Kumail Nanjiani,Kumail Nanjiani,Acting,2025-03-02 01:14:54.379063+00:00,2025-03-04 07:00:03.914845+00:00
2665051,2,Thomas Duplessie,Thomas Duplessie,Acting,2025-03-02 01:14:54.379063+00:00,2025-03-04 07:00:03.914845+00:00
554945,2,Kwon Hae-hyo,권해효,Acting,2025-03-02 01:14:54.379063+00:00,2025-03-04 07:00:03.914845+00:00
107390,2,Salmaan Peerzada,Salmaan Peerzada,Acting,2025-03-02 01:14:54.379063+00:00,2025-03-04 07:00:03.914845+00:00
1158289,2,Sonthaya Chitmanee,Sonthaya Chitmanee,Acting,2025-03-02 01:14:54.379063+00:00,2025-03-04 07:00:03.914845+00:00
2217481,2,Terrance Lau Chun-Him,劉俊謙,Acting,2025-03-02 01:14:54.379063+00:00,2025-03-04 07:00:03.914845+00:00
8789,2,Mathieu Amalric,Mathieu Amalric,Acting,2025-03-02 01:14:54.379063+00:00,2025-03-04 07:00:03.914845+00:00
146358,2,Mehdi Dehbi,Mehdi Dehbi,Acting,2025-03-02 01:14:54.379063+00:00,2025-03-04 07:00:03.914845+00:00
1613131,2,Mark Lee,Mark Lee,Acting,2025-03-02 01:14:54.379063+00:00,2025-03-04 07:00:03.914845+00:00
237157,2,Hideji Ōtaki,大滝秀治,Acting,2025-03-02 01:14:54.379063+00:00,2025-03-04 07:00:03.914845+00:00
3498318,2,Thomas Michael Flynn,Thomas Michael Flynn,Acting,2025-03-02 01:14:54.379063+00:00,2025-03-04 07:00:03.914845+00:00
35894,2,Julien Frison,Julien Frison,Acting,2025-03-02 01:14:54.379063+00:00,2025-03-04 07:00:03.914845+00:00
2324569,3,Emma Corrin,Emma Corrin,Acting,2025-03-02 01:14:54.379063+00:00,2025-03-04 07:00:03.914845+00:00
21701,2,Mauro Borrelli,Mauro Borrelli,Art,2025-03-02 01:14:54.379063+00:00,2025-03-04 07:00:03.914845+00:00
4793414,0,Liu Chen-En,Liu Chen-En,Directing,2025-03-02 01:14:54.379063+00:00,2025-03-04 07:00:03.914845+00:00
106697,0,José Luis López-Linares,José Luis López-Linares,Directing,2025-03-02 01:14:54.379063+00:00,2025-03-04 07:00:03.914845+00:00
439442,1,Fien Troch,Fien Troch,Directing,2025-03-02 01:14:54.379063+00:00,2025-03-04 07:00:03.914845+00:00
1270757,1,Marcela Lordy,Marcela Lordy,Directing,2025-03-02 01:14:54.379063+00:00,2025-03-04 07:00:03.914845+00:00
2101968,1,Hannah Barlow,Hannah Barlow,Directing,2025-03-02 01:14:54.379063+00:00,2025-03-04 07:00:03.914845+00:00
136168,1,Mati Diop,Mati Diop,Directing,2025-03-02 01:14:54.379063+00:00,2025-03-04 07:00:03.914845+00:00
1322394,1,Tan Pin Pin,Tan Pin Pin,Directing,2025-03-02 01:14:54.379063+00:00,2025-03-04 07:00:03.914845+00:00
67717,2,Michel Hazanavicius,Michel Hazanavicius,Directing,2025-03-02 01:14:54.379063+00:00,2025-03-04 07:00:03.914845+00:00
53068,2,Ryan Fleck,Ryan Fleck,Directing,2025-03-02 01:14:54.379063+00:00,2025-03-04 07:00:03.914845+00:00
1480711,2,Drew Mylrea,Drew Mylrea,Directing,2025-03-02 01:14:54.379063+00:00,2025-03-04 07:00:03.914845+00:00
1556959,2,Sam Wrench,Sam Wrench,Directing,2025-03-02 01:14:54.379063+00:00,2025-03-04 07:00:03.914845+00:00
2818891,2,Sam H. Freeman,Sam H. Freeman,Directing,2025-03-02 01:14:54.379063+00:00,2025-03-04 07:00:03.914845+00:00
2204473,2,Choi Jae-hoon,Choi Jae-hoon,Directing,2025-03-02 01:14:54.379063+00:00,2025-03-04 07:00:03.914845+00:00
8574,2,Walter Salles,Walter Salles,Directing,2025-03-02 01:14:54.379063+00:00,2025-03-04 07:00:03.914845+00:00
931952,2,Lee Isaac Chung,Lee Isaac Chung,Directing,2025-03-02 01:14:54.379063+00:00,2025-03-04 07:00:03.914845+00:00
15488,2,Ken Loach,Ken Loach,Directing,2025-03-02 01:14:54.379063+00:00,2025-03-04 07:00:03.914845+00:00
224,2,David Cronenberg,David Cronenberg,Directing,2025-03-02 01:14:54.379063+00:00,2025-03-04 07:00:03.914845+00:00
580244,2,Lim Dae-wung,Lim Dae-wung,Directing,2025-03-02 01:14:54.379063+00:00,2025-03-04 07:00:03.914845+00:00
1145520,2,Ari Aster,Ari Aster,Directing,2025-03-02 01:14:54.379063+00:00,2025-03-04 07:00:03.914845+00:00
2542760,2,Sean Hao-Hsiang Hu,Sean Hao-Hsiang Hu,Directing,2025-03-02 01:14:54.379063+00:00,2025-03-04 07:00:03.914845+00:00
3334153,2,Chine-Cheng Lee,Chine-Cheng Lee,Directing,2025-03-02 01:14:54.379063+00:00,2025-03-04 07:00:03.914845+00:00
83642,2,Yasuo Furuhata,降旗康男,Directing,2025-03-02 01:14:54.379063+00:00,2025-03-04 07:00:03.914845+00:00
84749,2,Yoon Jong-seok,Yoon Jong-seok,Directing,2025-03-02 01:14:54.379063+00:00,2025-03-04 07:00:03.914845+00:00
1919583,2,Takahiro Horie,堀江貴大,Directing,2025-03-02 01:14:54.379063+00:00,2025-03-04 07:00:03.914845+00:00
1179066,2,Wes Ball,Wes Ball,Directing,2025-03-02 01:14:54.379063+00:00,2025-03-04 07:00:03.914845+00:00
65314,2,Giuseppe Tornatore,Giuseppe Tornatore,Directing,2025-03-02 01:14:54.379063+00:00,2025-03-04 07:00:03.914845+00:00
1885025,2,Shunsuke Ishikawa,石川俊介,Directing,2025-03-02 01:14:54.379063+00:00,2025-03-04 07:00:03.914845+00:00
111481,2,Sophon Sakdaphisit,โสภณ ศักดาพิศิษฏ์,Directing,2025-03-02 01:14:54.379063+00:00,2025-03-04 07:00:03.914845+00:00
1734045,0,Orit Fouks Rotem,Orit Fouks Rotem,Production,2025-03-02 01:14:54.379063+00:00,2025-03-04 07:00:03.914845+00:00
3304217,2,DJ Matsunaga,DJ松永,Sound,2025-03-02 01:14:54.379063+00:00,2025-03-04 07:00:03.914845+00:00
1675334,0,Chu Hsi-ning,Chu Hsi-ning,Writing,2025-03-02 01:14:54.379063+00:00,2025-03-04 07:00:03.914845+00:00
940376,1,Kelly Marcel,Kelly Marcel,Writing,2025-03-02 01:14:54.379063+00:00,2025-03-04 07:00:03.914845+00:00
1898633,2,Takehiko Inoue,井上雄彦,Writing,2025-03-02 01:14:54.379063+00:00,2025-03-04 07:00:03.914845+00:00
1175622,2,Arthur Harari,Arthur Harari,Writing,2025-03-02 01:14:54.379063+00:00,2025-03-04 07:00:03.914845+00:00
20193,2,Mark Neveldine,Mark Neveldine,Writing,2025-03-02 01:14:54.379063+00:00,2025-03-04 07:00:03.914845+00:00
9033,2,Christopher McQuarrie,Christopher McQuarrie,Writing,2025-03-02 01:14:54.379063+00:00,2025-03-04 07:00:03.914845+00:00
128476,2,Satoshi Miki,三木聡,Writing,2025-03-02 01:14:54.379063+00:00,2025-03-04 07:00:03.914845+00:00
4063764,0,Anirut Kayensee,Anirut Kayensee,Acting,2025-03-02 01:14:54.379063+00:00,2025-03-04 07:00:03.914845+00:00
4566291,0,Matt Chui Kai-Lam,趙啟嵐,Acting,2025-03-02 01:14:54.379063+00:00,2025-03-04 07:00:03.914845+00:00
2873741,0,Luis Rico,Luis Rico,Acting,2025-03-02 01:14:54.379063+00:00,2025-03-04 07:00:03.914845+00:00
2216283,0,Romain Brau,Romain Brau,Acting,2025-03-02 01:14:54.379063+00:00,2025-03-04 07:00:03.914845+00:00
3062553,0,Bhavin Rabari,Bhavin Rabari,Acting,2025-03-02 01:14:54.379063+00:00,2025-03-04 07:00:03.914845+00:00
4507655,0,Ying-Lung Chiang,Ying-Lung Chiang,Acting,2025-03-02 01:14:54.379063+00:00,2025-03-04 07:00:03.914845+00:00
3642006,0,Navid Nosrati,Navid Nosrati,Acting,2025-03-02 01:14:54.379063+00:00,2025-03-04 07:00:03.914845+00:00
3849699,0,Irina Chumanteva,Irina Chumanteva,Acting,2025-03-02 01:14:54.379063+00:00,2025-03-04 07:00:03.914845+00:00
4469724,0,Deng Ah-Lam,Deng Ah-Lam,Acting,2025-03-02 01:14:54.379063+00:00,2025-03-04 07:00:03.914845+00:00
3060213,0,Quito Rayon Richter,Quito Rayon Richter,Acting,2025-03-02 01:14:54.379063+00:00,2025-03-04 07:00:03.914845+00:00
2012866,0,Tuấn Trần,Tuấn Trần,Acting,2025-03-02 01:14:54.379063+00:00,2025-03-04 07:00:03.914845+00:00
8691,1,Zoe Saldaña,Zoe Saldaña,Acting,2025-03-02 01:14:54.379063+00:00,2025-03-04 07:00:03.914845+00:00
2527506,1,Kris Kuan,Kris Kuan,Acting,2025-03-02 01:14:54.379063+00:00,2025-03-04 07:00:03.914845+00:00
19943,1,Dana Ivgy,Dana Ivgy,Acting,2025-03-02 01:14:54.379063+00:00,2025-03-04 07:00:03.914845+00:00
1879409,1,Hanna Chan,Hanna Chan,Acting,2025-03-02 01:14:54.379063+00:00,2025-03-04 07:00:03.914845+00:00
2946555,1,Alva Brynsmo Ramstad,Alva Brynsmo Ramstad,Acting,2025-03-02 01:14:54.379063+00:00,2025-03-04 07:00:03.914845+00:00
3417158,1,Song Ji-oh,Song Ji-oh,Acting,2025-03-02 01:14:54.379063+00:00,2025-03-04 07:00:03.914845+00:00
85976,1,Satomi Hanamura,花村怜美,Acting,2025-03-02 01:14:54.379063+00:00,2025-03-04 07:00:03.914845+00:00
1446601,1,Maika Yamamoto,山本舞香,Acting,2025-03-02 01:14:54.379063+00:00,2025-03-04 07:00:03.914845+00:00
3214177,1,Dhanantorn Neerasingh,Dhanantorn Neerasingh,Acting,2025-03-02 01:14:54.379063+00:00,2025-03-04 07:00:03.914845+00:00
47699,1,Alison Steadman,Alison Steadman,Acting,2025-03-02 01:14:54.379063+00:00,2025-03-04 07:00:03.914845+00:00
15309,1,Lori Petty,Lori Petty,Acting,2025-03-02 01:14:54.379063+00:00,2025-03-04 07:00:03.914845+00:00
2956795,1,Hina Youmiya,羊宮妃那,Acting,2025-03-02 01:14:54.379063+00:00,2025-03-04 07:00:03.914845+00:00
1556997,1,Lisa Oda,織田梨沙,Acting,2025-03-02 01:14:54.379063+00:00,2025-03-04 07:00:03.914845+00:00
51998,1,Liza Lapira,Liza Lapira,Acting,2025-03-02 01:14:54.379063+00:00,2025-03-04 07:00:03.914845+00:00
76070,1,Mia Wasikowska,Mia Wasikowska,Acting,2025-03-02 01:14:54.379063+00:00,2025-03-04 07:00:03.914845+00:00
1318905,1,Lyubov Aksyonova,Любовь Аксёнова,Acting,2025-03-02 01:14:54.379063+00:00,2025-03-04 07:00:03.914845+00:00
130664,1,Audrey Lamy,Audrey Lamy,Acting,2025-03-02 01:14:54.379063+00:00,2025-03-04 07:00:03.914845+00:00
78252,1,Stephy Tang Lai-Yan,鄧麗欣,Acting,2025-03-02 01:14:54.379063+00:00,2025-03-04 07:00:03.914845+00:00
3933237,1,Miriam Dossena,Miriam Dossena,Acting,2025-03-02 01:14:54.379063+00:00,2025-03-04 07:00:03.914845+00:00
4399650,1,Saki Hamao,濵尾咲綺,Acting,2025-03-02 01:14:54.379063+00:00,2025-03-04 07:00:03.914845+00:00
213371,1,Taraneh Alidoosti,Taraneh Alidoosti,Acting,2025-03-02 01:14:54.379063+00:00,2025-03-04 07:00:03.914845+00:00
477,1,Julie Walters,Julie Walters,Acting,2025-03-02 01:14:54.379063+00:00,2025-03-04 07:00:03.914845+00:00
1596074,1,Alika Del Sol,Alika Del Sol,Acting,2025-03-02 01:14:54.379063+00:00,2025-03-04 07:00:03.914845+00:00
17773,1,Gabrielle Union,Gabrielle Union,Acting,2025-03-02 01:14:54.379063+00:00,2025-03-04 07:00:03.914845+00:00
39195,1,Elsa Zylberstein,Elsa Zylberstein,Acting,2025-03-02 01:14:54.379063+00:00,2025-03-04 07:00:03.914845+00:00
1179570,1,Cho Soo-hyang,조수향,Acting,2025-03-02 01:14:54.379063+00:00,2025-03-04 07:00:03.914845+00:00
1265054,1,Martha Nowill,Martha Nowill,Acting,2025-03-02 01:14:54.379063+00:00,2025-03-04 07:00:03.914845+00:00
2053219,1,Kim Da-mi,김다미,Acting,2025-03-02 01:14:54.379063+00:00,2025-03-04 07:00:03.914845+00:00
980225,1,Ra Mi-ran,라미란,Acting,2025-03-02 01:14:54.379063+00:00,2025-03-04 07:00:03.914845+00:00
4081571,1,Claire Rodgerson,Claire Rodgerson,Acting,2025-03-02 01:14:54.379063+00:00,2025-03-04 07:00:03.914845+00:00
1364782,1,Alma Pöysti,Alma Pöysti,Acting,2025-03-02 01:14:54.379063+00:00,2025-03-04 07:00:03.914845+00:00
14812,1,Jeanne Moreau,Jeanne Moreau,Acting,2025-03-02 01:14:54.379063+00:00,2025-03-04 07:00:03.914845+00:00
121529,1,Léa Seydoux,Léa Seydoux,Acting,2025-03-02 01:14:54.379063+00:00,2025-03-04 07:00:03.914845+00:00
2644232,1,Alexandra Jensen,Alexandra Jensen,Acting,2025-03-02 01:14:54.379063+00:00,2025-03-04 07:00:03.914845+00:00
1550737,1,Kanyawee Songmuang,กัญญาวีร์ สองเมือง,Acting,2025-03-02 01:14:54.379063+00:00,2025-03-04 07:00:03.914845+00:00
3589006,1,REI,レイ,Acting,2025-03-02 01:14:54.379063+00:00,2025-03-04 07:00:03.914845+00:00
102890,1,Malou Reymann,Malou Reymann,Acting,2025-03-02 01:14:54.379063+00:00,2025-03-04 07:00:03.914845+00:00
83696,1,Cecilia Yip Tung,葉童,Acting,2025-03-02 01:14:54.379063+00:00,2025-03-04 07:00:03.914845+00:00
62001,1,Dee Wallace,Dee Wallace,Acting,2025-03-02 01:14:54.379063+00:00,2025-03-04 07:00:03.914845+00:00
1354895,1,Vivian Sung,宋芸樺,Acting,2025-03-02 01:14:54.379063+00:00,2025-03-04 07:00:03.914845+00:00
3063,1,Tilda Swinton,Tilda Swinton,Acting,2025-03-02 01:14:54.379063+00:00,2025-03-04 07:00:03.914845+00:00
1246598,1,Jane Wood,Jane Wood,Acting,2025-03-02 01:14:54.379063+00:00,2025-03-04 07:00:03.914845+00:00
120689,1,Yuriko Yoshitaka,吉高由里子,Acting,2025-03-02 01:14:54.379063+00:00,2025-03-04 07:00:03.914845+00:00
77440,1,Karen LeBlanc,Karen LeBlanc,Acting,2025-03-02 01:14:54.379063+00:00,2025-03-04 07:00:03.914845+00:00
3051,1,Toni Collette,Toni Collette,Acting,2025-03-02 01:14:54.379063+00:00,2025-03-04 07:00:03.914845+00:00
1490,1,Joan Baez,Joan Baez,Acting,2025-03-02 01:14:54.379063+00:00,2025-03-04 07:00:03.914845+00:00
2146942,1,Freya Allan,Freya Allan,Acting,2025-03-02 01:14:54.379063+00:00,2025-03-04 07:00:03.914845+00:00
2237405,2,Fedor Fedotov,Фёдор Федотов,Acting,2025-03-02 01:14:54.379063+00:00,2025-03-04 07:00:03.914845+00:00
82540,2,Arata Iura,井浦新,Acting,2025-03-02 01:14:54.379063+00:00,2025-03-04 07:00:03.914845+00:00
1897274,2,Peng Yuchang,彭昱畅,Acting,2025-03-02 01:14:54.379063+00:00,2025-03-04 07:00:03.914845+00:00
33235,2,Logan Lerman,Logan Lerman,Acting,2025-03-02 01:14:54.379063+00:00,2025-03-04 07:00:03.914845+00:00
1629433,2,Titikarn Tongprasearth,Titikarn Tongprasearth,Acting,2025-03-02 01:14:54.379063+00:00,2025-03-04 07:00:03.914845+00:00
842578,2,Mutsuo Yoshioka,吉岡睦雄,Acting,2025-03-02 01:14:54.379063+00:00,2025-03-04 07:00:03.914845+00:00
1901015,2,Pierre Gommé,Pierre Gommé,Acting,2025-03-02 01:14:54.379063+00:00,2025-03-04 07:00:03.914845+00:00
1482162,2,Mateusz Kościukiewicz,Mateusz Kościukiewicz,Acting,2025-03-02 01:14:54.379063+00:00,2025-03-04 07:00:03.914845+00:00
2374339,2,Kenneth Trujillo,Kenneth Trujillo,Acting,2025-03-02 01:14:54.379063+00:00,2025-03-04 07:00:03.914845+00:00
31415,2,Ivan Labanda,Ivan Labanda,Acting,2025-03-02 01:14:54.379063+00:00,2025-03-04 07:00:03.914845+00:00
58610,2,Yoshiki Arizono,有薗芳記,Acting,2025-03-02 01:14:54.379063+00:00,2025-03-04 07:00:03.914845+00:00
1895760,2,Jack Champion,Jack Champion,Acting,2025-03-02 01:14:54.379063+00:00,2025-03-04 07:00:03.914845+00:00
2232,2,Michael Keaton,Michael Keaton,Acting,2025-03-02 01:14:54.379063+00:00,2025-03-04 07:00:03.914845+00:00
9726,2,Kenichi Suzumura,鈴村健一,Acting,2025-03-02 01:14:54.379063+00:00,2025-03-04 07:00:03.914845+00:00
1561875,2,Thanasis Papageorgiou,Θανάσης Παπαγεωργίου,Acting,2025-03-02 01:14:54.379063+00:00,2025-03-04 07:00:03.914845+00:00
18201,2,Gérard Hoffmann,Gérard Hoffmann,Acting,2025-03-02 01:14:54.379063+00:00,2025-03-04 07:00:03.914845+00:00
2320395,2,Joe Doyle,Joe Doyle,Acting,2025-03-02 01:14:54.379063+00:00,2025-03-04 07:00:03.914845+00:00
969316,2,Ben Aldridge,Ben Aldridge,Acting,2025-03-02 01:14:54.379063+00:00,2025-03-04 07:00:03.914845+00:00
26457,2,Matthew Lillard,Matthew Lillard,Acting,2025-03-02 01:14:54.379063+00:00,2025-03-04 07:00:03.914845+00:00
71586,2,Alfie Allen,Alfie Allen,Acting,2025-03-02 01:14:54.379063+00:00,2025-03-04 07:00:03.914845+00:00
2412089,2,Tseng Jing-hua,曾敬驊,Acting,2025-03-02 01:14:54.379063+00:00,2025-03-04 07:00:03.914845+00:00
531736,2,Lee Je-hoon,이제훈,Acting,2025-03-02 01:14:54.379063+00:00,2025-03-04 07:00:03.914845+00:00
1552436,2,Austin Amelio,Austin Amelio,Acting,2025-03-02 01:14:54.379063+00:00,2025-03-04 07:00:03.914845+00:00
93801,2,Hiroshi Kamiya,神谷浩史,Acting,2025-03-02 01:14:54.379063+00:00,2025-03-04 07:00:03.914845+00:00
83682,2,Jung Jae-young,정재영,Acting,2025-03-02 01:14:54.379063+00:00,2025-03-04 07:00:03.914845+00:00
9562,2,Marlon Wayans,Marlon Wayans,Acting,2025-03-02 01:14:54.379063+00:00,2025-03-04 07:00:03.914845+00:00
12248,2,Alec Guinness,Alec Guinness,Acting,2025-03-02 01:14:54.379063+00:00,2025-03-04 07:00:03.914845+00:00
4512,2,James Woods,James Woods,Acting,2025-03-02 01:14:54.379063+00:00,2025-03-04 07:00:03.914845+00:00
52763,2,Aamir Khan,Aamir Khan,Acting,2025-03-02 01:14:54.379063+00:00,2025-03-04 07:00:03.914845+00:00
6355,2,Roy Scheider,Roy Scheider,Acting,2025-03-02 01:14:54.379063+00:00,2025-03-04 07:00:03.914845+00:00
40501,2,Mark Waschke,Mark Waschke,Acting,2025-03-02 01:14:54.379063+00:00,2025-03-04 07:00:03.914845+00:00
9005,2,Frédéric Pierrot,Frédéric Pierrot,Acting,2025-03-02 01:14:54.379063+00:00,2025-03-04 07:00:03.914845+00:00
4287770,2,I-Le Hsieh,謝以樂,Acting,2025-03-02 01:14:54.379063+00:00,2025-03-04 07:00:03.914845+00:00
50398,2,Devon Sawa,Devon Sawa,Acting,2025-03-02 01:14:54.379063+00:00,2025-03-04 07:00:03.914845+00:00
1541932,2,Jasper Liu,劉以豪,Acting,2025-03-02 01:14:54.379063+00:00,2025-03-04 07:00:03.914845+00:00
1735839,2,Kao Ming,Kao Ming,Acting,2025-03-02 01:14:54.379063+00:00,2025-03-04 07:00:03.914845+00:00
1202732,2,Chris Cock,Chris Cock,Acting,2025-03-02 01:14:54.379063+00:00,2025-03-04 07:00:03.914845+00:00
3868919,2,Kazuma Ishibashi,Kazuma Ishibashi,Acting,2025-03-02 01:14:54.379063+00:00,2025-03-04 07:00:03.914845+00:00
15009,2,Justin Theroux,Justin Theroux,Acting,2025-03-02 01:14:54.379063+00:00,2025-03-04 07:00:03.914845+00:00
1027318,2,Ayanga,Ayanga,Acting,2025-03-02 01:14:54.379063+00:00,2025-03-04 07:00:03.914845+00:00
19592,2,Tatsuya Gashûin,我修院達也,Acting,2025-03-02 01:14:54.379063+00:00,2025-03-04 07:00:03.914845+00:00
225011,2,Alfredo Castro,Alfredo Castro,Acting,2025-03-02 01:14:54.379063+00:00,2025-03-04 07:00:03.914845+00:00
20266,2,Michael Wittenborn,Michael Wittenborn,Acting,2025-03-02 01:14:54.379063+00:00,2025-03-04 07:00:03.914845+00:00
62644,2,50 Cent,50 Cent,Acting,2025-03-02 01:14:54.379063+00:00,2025-03-04 07:00:03.914845+00:00
1371398,2,O'Shea Jackson Jr.,O'Shea Jackson Jr.,Acting,2025-03-02 01:14:54.379063+00:00,2025-03-04 07:00:03.914845+00:00
11155,2,Thomas Jane,Thomas Jane,Acting,2025-03-02 01:14:54.379063+00:00,2025-03-04 07:00:03.914845+00:00
67792,2,Massimo Troisi,Massimo Troisi,Acting,2025-03-02 01:14:54.379063+00:00,2025-03-04 07:00:03.914845+00:00
17181,2,Ty Simpkins,Ty Simpkins,Acting,2025-03-02 01:14:54.379063+00:00,2025-03-04 07:00:03.914845+00:00
1172051,2,Shih Chun,Shih Chun,Acting,2025-03-02 01:14:54.379063+00:00,2025-03-04 07:00:03.914845+00:00
82857,2,Jasper Pääkkönen,Jasper Pääkkönen,Acting,2025-03-02 01:14:54.379063+00:00,2025-03-04 07:00:03.914845+00:00
1133061,2,Makita Sports,マキタスポーツ,Acting,2025-03-02 01:14:54.379063+00:00,2025-03-04 07:00:03.914845+00:00
1209579,2,Emilio Sakraya,Emilio Sakraya,Acting,2025-03-02 01:14:54.379063+00:00,2025-03-04 07:00:03.914845+00:00
5538,2,Ray Winstone,Ray Winstone,Acting,2025-03-02 01:14:54.379063+00:00,2025-03-04 07:00:03.914845+00:00
2014560,2,Fuju Kamio,神尾楓珠,Acting,2025-03-02 01:14:54.379063+00:00,2025-03-04 07:00:03.914845+00:00
1297558,2,Chris Lee,Chris Lee,Acting,2025-03-02 01:14:54.379063+00:00,2025-03-04 07:00:03.914845+00:00
116636,2,Guo Xiaodong,郭晓东,Acting,2025-03-02 01:14:54.379063+00:00,2025-03-04 07:00:03.914845+00:00
1547209,2,Kwak Si-yang,곽시양,Acting,2025-03-02 01:14:54.379063+00:00,2025-03-04 07:00:03.914845+00:00
1137263,2,Alain Chamfort,Alain Chamfort,Acting,2025-03-02 01:14:54.379063+00:00,2025-03-04 07:00:03.914845+00:00
1147,2,Janusz Gajos,Janusz Gajos,Acting,2025-03-02 01:14:54.379063+00:00,2025-03-04 07:00:03.914845+00:00
60416,2,Alex Ferns,Alex Ferns,Acting,2025-03-02 09:35:42.269341+00:00,2025-03-04 07:00:03.914845+00:00
11288,2,Robert Pattinson,Robert Pattinson,Acting,2025-03-02 01:14:54.379063+00:00,2025-03-04 07:00:03.914845+00:00
1193604,2,Jack Kilmer,Jack Kilmer,Acting,2025-03-02 01:14:54.379063+00:00,2025-03-04 07:00:03.914845+00:00
1133858,2,Leon Dai Li-Jen,戴立忍,Acting,2025-03-02 01:14:54.379063+00:00,2025-03-04 07:00:03.914845+00:00
2836728,2,Ye Ting Qi,Ye Ting Qi,Acting,2025-03-02 01:14:54.379063+00:00,2025-03-04 07:00:03.914845+00:00
1891332,2,Tijmen Govaerts,Tijmen Govaerts,Acting,2025-03-02 01:14:54.379063+00:00,2025-03-04 07:00:03.914845+00:00
138509,2,Lee Moon-sik,이문식,Acting,2025-03-02 01:14:54.379063+00:00,2025-03-04 07:00:03.914845+00:00
1832785,2,Phiravich Attachitsataporn,พีรวิชญ์ อรรถชิตสถาพร,Acting,2025-03-02 01:14:54.379063+00:00,2025-03-04 07:00:03.914845+00:00
932888,2,Dionysis Papagiannopoulos,Διονύσης Παπαγιαννόπουλος,Acting,2025-03-02 01:14:54.379063+00:00,2025-03-04 07:00:03.914845+00:00
21316,2,Nestor Carbonell,Nestor Carbonell,Acting,2025-03-02 01:14:54.379063+00:00,2025-03-04 07:00:03.914845+00:00
73421,2,Joaquin Phoenix,Joaquin Phoenix,Acting,2025-03-02 01:14:54.379063+00:00,2025-03-04 07:00:03.914845+00:00
2388399,0,Tanawat Aiemjinda,Tanawat Aiemjinda,Directing,2025-03-02 01:14:54.379063+00:00,2025-03-04 07:00:03.914845+00:00
1542793,0,Hsiao Chu-chen,Hsiao Chu-chen,Directing,2025-03-02 01:14:54.379063+00:00,2025-03-04 07:00:03.914845+00:00
3951358,0,Jerome Chan,Jerome Chan,Directing,2025-03-02 01:14:54.379063+00:00,2025-03-04 07:00:03.914845+00:00
2230914,1,Kim Han-kyul,김한결,Directing,2025-03-02 01:14:54.379063+00:00,2025-03-04 07:00:03.914845+00:00
89596,2,Joaquim Dos Santos,Joaquim Dos Santos,Directing,2025-03-02 01:14:54.379063+00:00,2025-03-04 07:00:03.914845+00:00
17623,2,Guillaume Nicloux,Guillaume Nicloux,Directing,2025-03-02 01:14:54.379063+00:00,2025-03-04 07:00:03.914845+00:00
1504645,2,John Swab,John Swab,Directing,2025-03-02 01:14:54.379063+00:00,2025-03-04 07:00:03.914845+00:00
13235,2,Alexander Payne,Alexander Payne,Directing,2025-03-02 01:14:54.379063+00:00,2025-03-04 07:00:03.914845+00:00
585208,2,Tsutomu Hanabusa,英勉,Directing,2025-03-02 01:14:54.379063+00:00,2025-03-04 07:00:03.914845+00:00
1477234,2,Junpei Matsumoto,松本准平,Directing,2025-03-02 01:14:54.379063+00:00,2025-03-04 07:00:03.914845+00:00
77921,2,Hideaki Anno,庵野秀明,Directing,2025-03-02 01:14:54.379063+00:00,2025-03-04 07:00:03.914845+00:00
109606,2,Ray Yeung,Ray Yeung,Directing,2025-03-02 01:14:54.379063+00:00,2025-03-04 07:00:03.914845+00:00
125324,2,William Eubank,William Eubank,Directing,2025-03-02 01:14:54.379063+00:00,2025-03-04 07:00:03.914845+00:00
2504743,2,Kang Dong-hun,Kang Dong-hun,Directing,2025-03-02 01:14:54.379063+00:00,2025-03-04 07:00:03.914845+00:00
40684,2,David Leitch,David Leitch,Directing,2025-03-02 01:14:54.379063+00:00,2025-03-04 07:00:03.914845+00:00
580824,2,Rainer Sarnet,Rainer Sarnet,Directing,2025-03-02 01:14:54.379063+00:00,2025-03-04 07:00:03.914845+00:00
4240243,2,DH Tseng,DH Tseng,Directing,2025-03-02 01:14:54.379063+00:00,2025-03-04 07:00:03.914845+00:00
90502,2,Goro Taniguchi,谷口悟朗,Directing,2025-03-02 01:14:54.379063+00:00,2025-03-04 07:00:03.914845+00:00
118734,2,Yang Shupeng,Yang Shupeng,Directing,2025-03-02 01:14:54.379063+00:00,2025-03-04 07:00:03.914845+00:00
232002,2,Peter Hutchings,Peter Hutchings,Directing,2025-03-02 01:14:54.379063+00:00,2025-03-04 07:00:03.914845+00:00
1461394,2,Jason Hand,Jason Hand,Directing,2025-03-02 01:14:54.379063+00:00,2025-03-04 07:00:03.914845+00:00
1185850,2,Ronny Trocker,Ronny Trocker,Directing,2025-03-02 01:14:54.379063+00:00,2025-03-04 07:00:03.914845+00:00
1777884,2,Theodore Anthony Lee Ty,Theodore Anthony Lee Ty,Visual Effects,2025-03-02 01:14:54.379063+00:00,2025-03-04 07:00:03.914845+00:00
1171316,0,Olivier Treiner,Olivier Treiner,Writing,2025-03-02 01:14:54.379063+00:00,2025-03-04 07:00:03.914845+00:00
142982,2,Laurent Zeitoun,Laurent Zeitoun,Writing,2025-03-02 01:14:54.379063+00:00,2025-03-04 07:00:03.914845+00:00
52935,2,John Francis Daley,John Francis Daley,Writing,2025-03-02 01:14:54.379063+00:00,2025-03-04 07:00:03.914845+00:00
84426,2,Olivier Nakache,Olivier Nakache,Writing,2025-03-02 01:14:54.379063+00:00,2025-03-04 07:00:03.914845+00:00
1720052,0,Ferhendeh Feydi,Ferkhondeh Feyzi,Acting,2025-03-02 01:14:54.379063+00:00,2025-03-04 07:00:03.914845+00:00
1909329,0,Akiko Suzuki,Akiko Suzuki,Acting,2025-03-02 01:14:54.379063+00:00,2025-03-04 07:00:03.914845+00:00
3967524,0,Naruemon Sittiwang,Naruemon Sittiwang,Acting,2025-03-02 01:14:54.379063+00:00,2025-03-04 07:00:03.914845+00:00
2215763,0,Percy Daggs IV,Percy Daggs IV,Acting,2025-03-02 01:14:54.379063+00:00,2025-03-04 07:00:03.914845+00:00
1357494,0,Alexandra Ladikou,Αλεξάνδρα Λαδικού,Acting,2025-03-02 01:14:54.379063+00:00,2025-03-04 07:00:03.914845+00:00
3671057,0,Liam Stewart-Kanigan,Liam Stewart-Kanigan,Acting,2025-03-02 01:14:54.379063+00:00,2025-03-04 07:00:03.914845+00:00
1410261,0,Adila Bendimerad,Adila Bendimerad,Acting,2025-03-02 01:14:54.379063+00:00,2025-03-04 07:00:03.914845+00:00
4177581,0,Lin Ke Ren,Lin Ke Ren,Acting,2025-03-02 01:14:54.379063+00:00,2025-03-04 07:00:03.914845+00:00
3479097,0,Jayati Chakraborty,Jayati Chakraborty,Acting,2025-03-02 01:14:54.379063+00:00,2025-03-04 07:00:03.914845+00:00
4156064,0,Aurora Catalano,Aurora Catalano,Acting,2025-03-02 01:14:54.379063+00:00,2025-03-04 07:00:03.914845+00:00
3268865,0,Milad Eskandari,Milad Eskandari,Acting,2025-03-02 01:14:54.379063+00:00,2025-03-04 07:00:03.914845+00:00
3062555,0,Bhavesh Shrimali,Bhavesh Shrimali,Acting,2025-03-02 01:14:54.379063+00:00,2025-03-04 07:00:03.914845+00:00
4469721,0,Huang Canran,Huang Canran,Acting,2025-03-02 01:14:54.379063+00:00,2025-03-04 07:00:03.914845+00:00
1147035,0,Valérie Bodson,Valérie Bodson,Acting,2025-03-02 01:14:54.379063+00:00,2025-03-04 07:00:03.914845+00:00
3502968,0,Sonny Mcclendon,Sonny Mcclendon,Acting,2025-03-02 01:14:54.379063+00:00,2025-03-04 07:00:03.914845+00:00
2059075,0,Maedeh Erteghaei,Maedeh Erteghaei,Acting,2025-03-02 01:14:54.379063+00:00,2025-03-04 07:00:03.914845+00:00
77191,1,Jeanne Balibar,Jeanne Balibar,Acting,2025-03-02 01:14:54.379063+00:00,2025-03-04 07:00:03.914845+00:00
3122182,1,Chrissie Wunna,Chrissie Wunna,Acting,2025-03-02 01:14:54.379063+00:00,2025-03-04 07:00:03.914845+00:00
6886,1,Christina Ricci,Christina Ricci,Acting,2025-03-02 01:14:54.379063+00:00,2025-03-04 07:00:03.914845+00:00
3491655,1,Lucie Fabry,Lucie Fabry,Acting,2025-03-02 01:14:54.379063+00:00,2025-03-04 07:00:03.914845+00:00
821,1,Beverly D'Angelo,Beverly D'Angelo,Acting,2025-03-02 01:14:54.379063+00:00,2025-03-04 07:00:03.914845+00:00
4551120,1,Amy Wang,Pei-Yu Wang,Acting,2025-03-02 01:14:54.379063+00:00,2025-03-04 07:00:03.914845+00:00
1370630,1,Leanne Best,Leanne Best,Acting,2025-03-02 01:14:54.379063+00:00,2025-03-04 07:00:03.914845+00:00
1847948,1,Eliane Umuhire,Eliane Umuhire,Acting,2025-03-02 01:14:54.379063+00:00,2025-03-04 07:00:03.914845+00:00
1161468,1,Arisa Komiya,小宮有紗,Acting,2025-03-02 01:14:54.379063+00:00,2025-03-04 07:00:03.914845+00:00
968367,1,Stephanie Beatriz,Stephanie Beatriz,Acting,2025-03-02 01:14:54.379063+00:00,2025-03-04 07:00:03.914845+00:00
1197948,1,Brittany Ashworth,Brittany Ashworth,Acting,2025-03-02 01:14:54.379063+00:00,2025-03-04 07:00:03.914845+00:00
2452392,1,Bang Eun-jeong,방은정,Acting,2025-03-02 01:14:54.379063+00:00,2025-03-04 07:00:03.914845+00:00
3775598,1,Callina Liang,Callina Liang,Acting,2025-03-02 01:14:54.379063+00:00,2025-03-04 07:00:03.914845+00:00
1345053,1,Sara Mortensen,Sara Mortensen,Acting,2025-03-02 01:14:54.379063+00:00,2025-03-04 07:00:03.914845+00:00
136891,1,Yang Li-Yin,楊麗音,Acting,2025-03-02 01:14:54.379063+00:00,2025-03-04 07:00:03.914845+00:00
3978054,1,Dreamya Tsai,Dreamya Tsai,Acting,2025-03-02 01:14:54.379063+00:00,2025-03-04 07:00:03.914845+00:00
955954,1,Fernanda Urrejola,Fernanda Urrejola,Acting,2025-03-02 01:14:54.379063+00:00,2025-03-04 07:00:03.914845+00:00
581886,1,Sara Yu,于子育,Acting,2025-03-02 01:14:54.379063+00:00,2025-03-04 07:00:03.914845+00:00
4784,1,Laura Dern,Laura Dern,Acting,2025-03-02 01:14:54.379063+00:00,2025-03-04 07:00:03.914845+00:00
1356758,1,Thomasin McKenzie,Thomasin McKenzie,Acting,2025-03-02 01:14:54.379063+00:00,2025-03-04 07:00:03.914845+00:00
28439,1,Victoria Mayer,Victoria Mayer,Acting,2025-03-02 01:14:54.379063+00:00,2025-03-04 07:00:03.914845+00:00
62561,1,Tessa Thompson,Tessa Thompson,Acting,2025-03-02 01:14:54.379063+00:00,2025-03-04 07:00:03.914845+00:00
1747960,1,Kazuha Komiya,Kazuha Komiya,Acting,2025-03-02 01:14:54.379063+00:00,2025-03-04 07:00:03.914845+00:00
461309,1,Evelyne Brochu,Evelyne Brochu,Acting,2025-03-02 01:14:54.379063+00:00,2025-03-04 07:00:03.914845+00:00
3681838,1,Angel Sianturi,Angel Sianturi,Acting,2025-03-02 01:14:54.379063+00:00,2025-03-04 07:00:03.914845+00:00
3168351,1,Paweenut Pangnakorn,ปวีณ์นุช แพ่งนคร,Acting,2025-03-02 01:14:54.379063+00:00,2025-03-04 07:00:03.914845+00:00
3164683,1,Louise Wong,Louise Wong,Acting,2025-03-02 01:14:54.379063+00:00,2025-03-04 07:00:03.914845+00:00
56863,1,Miriam Yeung Chin-Wah,楊千嬅,Acting,2025-03-02 01:14:54.379063+00:00,2025-03-04 07:00:03.914845+00:00
126509,1,Misa Shimizu,清水美沙,Acting,2025-03-02 01:14:54.379063+00:00,2025-03-04 07:00:03.914845+00:00
4587,1,Halle Berry,Halle Berry,Acting,2025-03-02 01:14:54.379063+00:00,2025-03-04 07:00:03.914845+00:00
501,1,Dakota Fanning,Dakota Fanning,Acting,2025-03-02 01:14:54.379063+00:00,2025-03-04 07:00:03.914845+00:00
2895589,1,Anna Cobb,Anna Cobb,Acting,2025-03-02 01:14:54.379063+00:00,2025-03-04 07:00:03.914845+00:00
16921,1,Clotilde Courau,Clotilde Courau,Acting,2025-03-02 01:14:54.379063+00:00,2025-03-04 07:00:03.914845+00:00
2964707,1,Deng Chiu Yun,鄧九雲,Acting,2025-03-02 01:14:54.379063+00:00,2025-03-04 07:00:03.914845+00:00
1309932,1,Marie Iitoyo,飯豊まりえ,Acting,2025-03-02 01:14:54.379063+00:00,2025-03-04 07:00:03.914845+00:00
1516266,1,Minami Hamabe,浜辺美波,Acting,2025-03-02 01:14:54.379063+00:00,2025-03-04 07:00:03.914845+00:00
2204537,1,Laila Berzins,Laila Berzins,Acting,2025-03-02 01:14:54.379063+00:00,2025-03-04 07:00:03.914845+00:00
71395,1,Chen Shiang-Chyi,Chen Shiang-Chyi,Acting,2025-03-02 01:14:54.379063+00:00,2025-03-04 07:00:03.914845+00:00
138574,1,Tomoka Kurokawa,黒川智花,Acting,2025-03-02 01:14:54.379063+00:00,2025-03-04 07:00:03.914845+00:00
2875335,1,Arawinda Kirana,Arawinda Kirana,Acting,2025-03-02 01:14:54.379063+00:00,2025-03-04 07:00:03.914845+00:00
86318,1,Sammi Cheng Sau-Man,鄭秀文,Acting,2025-03-02 01:14:54.379063+00:00,2025-03-04 07:00:03.914845+00:00
3312258,1,Lim Young-joo,Lim Young-joo,Acting,2025-03-02 01:14:54.379063+00:00,2025-03-04 07:00:03.914845+00:00
3631444,1,Tang Lai Ying,Tang Lai Ying,Acting,2025-03-02 01:14:54.379063+00:00,2025-03-04 07:00:03.914845+00:00
2204431,1,Cha Mi-kyeong,차미경,Acting,2025-03-02 01:14:54.379063+00:00,2025-03-04 07:00:03.914845+00:00
4142284,1,Hana Kondo,Hana Kondo,Acting,2025-03-02 01:14:54.379063+00:00,2025-03-04 07:00:03.914845+00:00
882,1,Liv Tyler,Liv Tyler,Acting,2025-03-02 01:14:54.379063+00:00,2025-03-04 07:00:03.914845+00:00
36592,1,Saoirse Ronan,Saoirse Ronan,Acting,2025-03-02 01:14:54.379063+00:00,2025-03-04 07:00:03.914845+00:00
1295417,2,Kim Jong-soo,김종수,Acting,2025-03-02 01:14:54.379063+00:00,2025-03-04 07:00:03.914845+00:00
2975,2,Laurence Fishburne,Laurence Fishburne,Acting,2025-03-02 01:14:54.379063+00:00,2025-03-04 07:00:03.914845+00:00
238513,2,Paul Waaktaar-Savoy,Paul Waaktaar-Savoy,Acting,2025-03-02 01:14:54.379063+00:00,2025-03-04 07:00:03.914845+00:00
7132,2,Vincent D'Onofrio,Vincent D'Onofrio,Acting,2025-03-02 01:14:54.379063+00:00,2025-03-04 07:00:03.914845+00:00
975,2,Nick Moran,Nick Moran,Acting,2025-03-02 01:14:54.379063+00:00,2025-03-04 07:00:03.914845+00:00
3643708,2,Edward Tan,陳嘉良,Acting,2025-03-02 01:14:54.379063+00:00,2025-03-04 07:00:03.914845+00:00
100,2,Scott Speedman,Scott Speedman,Acting,2025-03-02 01:14:54.379063+00:00,2025-03-04 07:00:03.914845+00:00
1169853,2,Shaun Thomas,Shaun Thomas,Acting,2025-03-02 01:14:54.379063+00:00,2025-03-04 07:00:03.914845+00:00
2386927,2,Liu Kuan-ting,劉冠廷,Acting,2025-03-02 01:14:54.379063+00:00,2025-03-04 07:00:03.914845+00:00
1387665,2,Luke Forbes,Luke Forbes,Acting,2025-03-02 01:14:54.379063+00:00,2025-03-04 07:00:03.914845+00:00
1266156,2,Sham Ka-Ki,岑珈其,Acting,2025-03-02 01:14:54.379063+00:00,2025-03-04 07:00:03.914845+00:00
1552773,2,Reza Brojerdi,Reza Brojerdi,Acting,2025-03-02 01:14:54.379063+00:00,2025-03-04 07:00:03.914845+00:00
3304720,2,Yusei Yagi,八木勇征,Acting,2025-03-02 01:14:54.379063+00:00,2025-03-04 07:00:03.914845+00:00
146507,2,Pierre Kiwitt,Pierre Kiwitt,Acting,2025-03-02 01:14:54.379063+00:00,2025-03-04 07:00:03.914845+00:00
11278,2,Rupert Graves,Rupert Graves,Acting,2025-03-02 01:14:54.379063+00:00,2025-03-04 07:00:03.914845+00:00
934281,2,Alex Wolff,Alex Wolff,Acting,2025-03-02 01:14:54.379063+00:00,2025-03-04 07:00:03.914845+00:00
2774516,2,Herbert Leung,Herbert Leung,Acting,2025-03-02 01:14:54.379063+00:00,2025-03-04 07:00:03.914845+00:00
5445,2,Zinedine Soualem,Zinedine Soualem,Acting,2025-03-02 01:14:54.379063+00:00,2025-03-04 07:00:03.914845+00:00
230776,2,Michael Chow Man-Kin,周文健,Acting,2025-03-02 01:14:54.379063+00:00,2025-03-04 07:00:03.914845+00:00
569,2,Ethan Hawke,Ethan Hawke,Acting,2025-03-02 01:14:54.379063+00:00,2025-03-04 07:00:03.914845+00:00
585494,2,Jannik Schümann,Jannik Schümann,Acting,2025-03-02 01:14:54.379063+00:00,2025-03-04 07:00:03.914845+00:00
1266686,2,Yura Borisov,Юра Борисов,Acting,2025-03-02 01:14:54.379063+00:00,2025-03-04 07:00:03.914845+00:00
1353826,2,Julian Works,Julian Works,Acting,2025-03-02 01:14:54.379063+00:00,2025-03-04 07:00:03.914845+00:00
78029,2,Martin Lawrence,Martin Lawrence,Acting,2025-03-02 01:14:54.379063+00:00,2025-03-04 07:00:03.914845+00:00
1362362,2,Yeon Je-wook,Yeon Je-wook,Acting,2025-03-02 01:14:54.379063+00:00,2025-03-04 07:00:03.914845+00:00
35530,2,Christopher Thompson,Christopher Thompson,Acting,2025-03-02 01:14:54.379063+00:00,2025-03-04 07:00:03.914845+00:00
5198484,2,Nikolaus Ithell Payne,Nikolaus Ithell Payne,Acting,2025-03-02 01:14:54.379063+00:00,2025-03-04 07:00:03.914845+00:00
560081,2,Yoon Kyung-ho,윤경호,Acting,2025-03-02 01:14:54.379063+00:00,2025-03-04 07:00:03.914845+00:00
81255,2,Unnop Chanpaibool,Unnop Chanpaibool,Acting,2025-03-02 01:14:54.379063+00:00,2025-03-04 07:00:03.914845+00:00
3860313,2,Soya Kurokawa,黒川想矢,Acting,2025-03-02 01:14:54.379063+00:00,2025-03-04 07:00:03.914845+00:00
12793,2,Matthew Marsden,Matthew Marsden,Acting,2025-03-02 01:14:54.379063+00:00,2025-03-04 07:00:03.914845+00:00
19498,2,Jon Bernthal,Jon Bernthal,Acting,2025-03-02 01:14:54.379063+00:00,2025-03-04 07:00:03.914845+00:00
63438,2,Jang Hyuk,장혁,Acting,2025-03-02 01:14:54.379063+00:00,2025-03-04 07:00:03.914845+00:00
2282,2,Ben Kingsley,Ben Kingsley,Acting,2025-03-02 01:14:54.379063+00:00,2025-03-04 07:00:03.914845+00:00
32203,2,Stephen Moyer,Stephen Moyer,Acting,2025-03-02 01:14:54.379063+00:00,2025-03-04 07:00:03.914845+00:00
1055514,2,Pier-Luc Funk,Pier-Luc Funk,Acting,2025-03-02 01:14:54.379063+00:00,2025-03-04 07:00:03.914845+00:00
24045,2,Joseph Gordon-Levitt,Joseph Gordon-Levitt,Acting,2025-03-02 01:14:54.379063+00:00,2025-03-04 07:00:03.914845+00:00
1158,2,Al Pacino,Al Pacino,Acting,2025-03-02 01:14:54.379063+00:00,2025-03-04 07:00:03.914845+00:00
1164934,2,Alexander Khuon,Alexander Khuon,Acting,2025-03-02 01:14:54.379063+00:00,2025-03-04 07:00:03.914845+00:00
1226767,2,Jack Campbell,Jack Campbell,Acting,2025-03-02 01:14:54.379063+00:00,2025-03-04 07:00:03.914845+00:00
1428896,2,Miguel Herrán,Miguel Herrán,Acting,2025-03-02 01:14:54.379063+00:00,2025-03-04 07:00:03.914845+00:00
112785,2,Jung Woong-in,정웅인,Acting,2025-03-02 01:14:54.379063+00:00,2025-03-04 07:00:03.914845+00:00
3507183,2,Eirik Sæther,Eirik Sæther,Acting,2025-03-02 01:14:54.379063+00:00,2025-03-04 07:00:03.914845+00:00
1960184,2,Billy Bob Thompson,Billy Bob Thompson,Acting,2025-03-02 01:14:54.379063+00:00,2025-03-04 07:00:03.914845+00:00
1027750,2,Paramej Noiam,ปรเมศร์ น้อยอ่ำ,Acting,2025-03-02 01:14:54.379063+00:00,2025-03-04 07:00:03.914845+00:00
1294450,2,Thomas Stecher,Thomas Stecher,Acting,2025-03-02 01:14:54.379063+00:00,2025-03-04 07:00:03.914845+00:00
68973,2,Masatoshi Nagase,永瀬正敏,Acting,2025-03-02 01:14:54.379063+00:00,2025-03-04 07:00:03.914845+00:00
80503,2,Gabriele Lavia,Gabriele Lavia,Acting,2025-03-02 01:14:54.379063+00:00,2025-03-04 07:00:03.914845+00:00
1187932,2,Hugo Ng Doi-Yung,吳岱融,Acting,2025-03-02 01:14:54.379063+00:00,2025-03-04 07:00:03.914845+00:00
13550,2,Elias Koteas,Elias Koteas,Acting,2025-03-02 01:14:54.379063+00:00,2025-03-04 07:00:03.914845+00:00
37632,2,Eddie Redmayne,Eddie Redmayne,Acting,2025-03-02 01:14:54.379063+00:00,2025-03-04 07:00:03.914845+00:00
1039220,2,Ken Yasuda,安田顕,Acting,2025-03-02 01:14:54.379063+00:00,2025-03-04 07:00:03.914845+00:00
2603716,2,Fuga Shibazaki,Fuga Shibazaki,Acting,2025-03-02 01:14:54.379063+00:00,2025-03-04 07:00:03.914845+00:00
20049,2,David Tennant,David Tennant,Acting,2025-03-02 01:14:54.379063+00:00,2025-03-04 07:00:03.914845+00:00
21175,2,Michel Blanc,Michel Blanc,Acting,2025-03-02 01:14:54.379063+00:00,2025-03-04 07:00:03.914845+00:00
35029,2,David Harbour,David Harbour,Acting,2025-03-02 01:14:54.379063+00:00,2025-03-04 07:00:03.914845+00:00
111482,2,Chantavit Dhanasevi,ฉันทวิชช์ ธนะเสวี,Acting,2025-03-02 01:14:54.379063+00:00,2025-03-04 07:00:03.914845+00:00
1427948,2,Pete Davidson,Pete Davidson,Acting,2025-03-02 01:14:54.379063+00:00,2025-03-04 07:00:03.914845+00:00
60650,2,Michael Paré,Michael Paré,Acting,2025-03-02 01:14:54.379063+00:00,2025-03-04 07:00:03.914845+00:00
146098,2,Zhang Yi,Zhang Yi,Acting,2025-03-02 01:14:54.379063+00:00,2025-03-04 07:00:03.914845+00:00
1398752,2,Shohei Uno,宇野祥平,Acting,2025-03-02 01:14:54.379063+00:00,2025-03-04 07:00:03.914845+00:00
2099497,2,Fred Hechinger,Fred Hechinger,Acting,2025-03-02 01:14:54.379063+00:00,2025-03-04 07:00:03.914845+00:00
1257601,2,Go Kyung-pyo,고경표,Acting,2025-03-02 01:14:54.379063+00:00,2025-03-04 07:00:03.914845+00:00
1286537,2,Cameron Britton,Cameron Britton,Acting,2025-03-02 01:14:54.379063+00:00,2025-03-04 07:00:03.914845+00:00
3216204,0,Martin Rustandi,Martin Rustandi,Directing,2025-03-02 01:14:54.379063+00:00,2025-03-04 07:00:03.914845+00:00
3072794,0,Chia-Hsuan Tsai,Chia-Hsuan Tsai,Directing,2025-03-02 01:14:54.379063+00:00,2025-03-04 07:00:03.914845+00:00
208113,1,Sarah Smith,Sarah Smith,Directing,2025-03-02 01:14:54.379063+00:00,2025-03-04 07:00:03.914845+00:00
1769,1,Sofia Coppola,Sofia Coppola,Directing,2025-03-02 01:14:54.379063+00:00,2025-03-04 07:00:03.914845+00:00
129266,1,Singing Chen,Singing Chen,Directing,2025-03-02 01:14:54.379063+00:00,2025-03-04 07:00:03.914845+00:00
65062,1,Marie Kreutzer,Marie Kreutzer,Directing,2025-03-02 01:14:54.379063+00:00,2025-03-04 07:00:03.914845+00:00
130646,2,Nobuhiro Doi,土井裕泰,Directing,2025-03-02 01:14:54.379063+00:00,2025-03-04 07:00:03.914845+00:00
1324587,2,Tomoyuki Kurokawa,黒川智之,Directing,2025-03-02 01:14:54.379063+00:00,2025-03-04 07:00:03.914845+00:00
557290,2,Joe Chien Jen-Hao,錢人豪,Directing,2025-03-02 01:14:54.379063+00:00,2025-03-04 07:00:03.914845+00:00
63689,2,Ten Shimoyama,下山天,Directing,2025-03-02 01:14:54.379063+00:00,2025-03-04 07:00:03.914845+00:00
1410322,2,Jason Kim,김주환,Directing,2025-03-02 01:14:54.379063+00:00,2025-03-04 07:00:03.914845+00:00
2275274,2,Lin Chun-yang,林君陽,Directing,2025-03-02 01:14:54.379063+00:00,2025-03-04 07:00:03.914845+00:00
56209,2,Jean-Pierre Dardenne,Jean-Pierre Dardenne,Directing,2025-03-02 01:14:54.379063+00:00,2025-03-04 07:00:03.914845+00:00
60923,2,Will Speck,Will Speck,Directing,2025-03-02 01:14:54.379063+00:00,2025-03-04 07:00:03.914845+00:00
1304466,2,Alexs Stadermann,Alexs Stadermann,Directing,2025-03-02 01:14:54.379063+00:00,2025-03-04 07:00:03.914845+00:00
3084810,2,Kim Sung-han,Kim Sung-han,Directing,2025-03-02 01:14:54.379063+00:00,2025-03-04 07:00:03.914845+00:00
210550,2,Kilian Riedhof,Kilian Riedhof,Directing,2025-03-02 01:14:54.379063+00:00,2025-03-04 07:00:03.914845+00:00
1287923,2,Liao Shih-Han,Liao Shih-Han,Directing,2025-03-02 09:35:42.269341+00:00,2025-03-04 07:00:03.914845+00:00
591600,2,Damián Szifron,Damián Szifron,Directing,2025-03-02 01:14:54.379063+00:00,2025-03-04 07:00:03.914845+00:00
67316,2,Masayuki Ochiai,落合正幸,Directing,2025-03-02 01:14:54.379063+00:00,2025-03-04 07:00:03.914845+00:00
125385,2,Masakazu Hashimoto,橋本昌和,Directing,2025-03-02 01:14:54.379063+00:00,2025-03-04 07:00:03.914845+00:00
2093036,2,Nicholas D. Johnson,Nicholas D. Johnson,Editing,2025-03-02 01:14:54.379063+00:00,2025-03-04 07:00:03.914845+00:00
1083316,0,Arnaud Rebotini,Arnaud Rebotini,Sound,2025-03-02 01:14:54.379063+00:00,2025-03-04 07:00:03.914845+00:00
2386922,2,Lin Sheng Xiang,Lin Sheng Xiang,Sound,2025-03-02 01:14:54.379063+00:00,2025-03-04 07:00:03.914845+00:00
1456779,2,Michio Mihara,三原三千夫,Visual Effects,2025-03-02 01:14:54.379063+00:00,2025-03-04 07:00:03.914845+00:00
1713223,0,Jimmy Keyrouz,Jimmy Keyrouz,Writing,2025-03-02 01:14:54.379063+00:00,2025-03-04 07:00:03.914845+00:00
1393213,1,Judy Chu,Judy Chu,Writing,2025-03-02 01:14:54.379063+00:00,2025-03-04 07:00:03.914845+00:00
89027,2,Jared Stern,Jared Stern,Writing,2025-03-02 01:14:54.379063+00:00,2025-03-04 07:00:03.914845+00:00
3281373,0,Cecilio Andresen,Cecilio Andresen,Acting,2025-03-02 01:14:54.379063+00:00,2025-03-04 07:00:03.914845+00:00
4529555,0,Rafa Calvo,Rafa Calvo,Acting,2025-03-02 01:14:54.379063+00:00,2025-03-04 07:00:03.914845+00:00
2157994,0,Taiyo Saito,Taiyo Saito,Acting,2025-03-02 01:14:54.379063+00:00,2025-03-04 07:00:03.914845+00:00
4425118,0,Marjan Khaleghi,Marjan Khaleghi,Acting,2025-03-02 01:14:54.379063+00:00,2025-03-04 07:00:03.914845+00:00
2546848,0,Rocco Marazzita,Rocco Marazzita,Acting,2025-03-02 01:14:54.379063+00:00,2025-03-04 07:00:03.914845+00:00
3984263,0,Liu Long,Liu Long,Acting,2025-03-02 01:14:54.379063+00:00,2025-03-04 07:00:03.914845+00:00
3553996,0,Sidy Fofana,Sidy Fofana,Acting,2025-03-02 01:14:54.379063+00:00,2025-03-04 07:00:03.914845+00:00
3574269,0,Hongkongers,Hongkongers,Acting,2025-03-02 01:14:54.379063+00:00,2025-03-04 07:00:03.914845+00:00
1330569,0,Vaidotas Martinaitis,Vaidotas Martinaitis,Acting,2025-03-02 01:14:54.379063+00:00,2025-03-04 07:00:03.914845+00:00
1984063,0,Imen Noel,Imen Noel,Acting,2025-03-02 01:14:54.379063+00:00,2025-03-04 07:00:03.914845+00:00
2586040,0,Tandin Sonam,Tandin Sonam,Acting,2025-03-02 01:14:54.379063+00:00,2025-03-04 07:00:03.914845+00:00
3397335,0,Mạc Can,Mạc Can,Acting,2025-03-02 01:14:54.379063+00:00,2025-03-04 07:00:03.914845+00:00
4619,1,Gabriela Maria Schmeide,Gabriela Maria Schmeide,Acting,2025-03-02 01:14:54.379063+00:00,2025-03-04 07:00:03.914845+00:00
1237992,1,Xiang Yun,Xiang Yun,Acting,2025-03-02 01:14:54.379063+00:00,2025-03-04 07:00:03.914845+00:00
1191711,1,Kil Hae-yeon,길해연,Acting,2025-03-02 09:35:42.269341+00:00,2025-03-04 07:00:03.914845+00:00
23383,1,Leïla Bekhti,Leïla Bekhti,Acting,2025-03-02 01:14:54.379063+00:00,2025-03-04 07:00:03.914845+00:00
69835,1,Mei Fang,梅芳,Acting,2025-03-02 01:14:54.379063+00:00,2025-03-04 07:00:03.914845+00:00
1563786,1,Sajee Apiwong,Sajee Apiwong,Acting,2025-03-02 01:14:54.379063+00:00,2025-03-04 07:00:03.914845+00:00
1160,1,Michelle Pfeiffer,Michelle Pfeiffer,Acting,2025-03-02 09:35:42.269341+00:00,2025-03-04 07:00:03.914845+00:00
1256547,1,Ayaka Ohashi,大橋彩香,Acting,2025-03-02 01:14:54.379063+00:00,2025-03-04 07:00:03.914845+00:00
75893,1,Robyn Nevin,Robyn Nevin,Acting,2025-03-02 01:14:54.379063+00:00,2025-03-04 07:00:03.914845+00:00
2118105,1,Helena Englert,Helena Englert,Acting,2025-03-02 01:14:54.379063+00:00,2025-03-04 07:00:03.914845+00:00
1179171,1,Shu-yao Kuo,郭書瑤,Acting,2025-03-02 01:14:54.379063+00:00,2025-03-04 07:00:03.914845+00:00
150474,1,Lin Kun-huei,Lin Kun-huei,Acting,2025-03-02 01:14:54.379063+00:00,2025-03-04 07:00:03.914845+00:00
109319,1,Nikki Amuka-Bird,Nikki Amuka-Bird,Acting,2025-03-02 01:14:54.379063+00:00,2025-03-04 07:00:03.914845+00:00
88029,1,Alison Brie,Alison Brie,Acting,2025-03-02 01:14:54.379063+00:00,2025-03-04 07:00:03.914845+00:00
1007679,1,Seána Kerslake,Seána Kerslake,Acting,2025-03-02 01:14:54.379063+00:00,2025-03-04 07:00:03.914845+00:00
77239,1,Neeru Bajwa,Neeru Bajwa,Acting,2025-03-02 01:14:54.379063+00:00,2025-03-04 07:00:03.914845+00:00
1829985,1,Lilly Aspell,Lilly Aspell,Acting,2025-03-02 01:14:54.379063+00:00,2025-03-04 07:00:03.914845+00:00
581845,1,Wu Yiting,Wu Yiting,Acting,2025-03-02 01:14:54.379063+00:00,2025-03-04 07:00:03.914845+00:00
1532312,1,Kirby Howell-Baptiste,Kirby Howell-Baptiste,Acting,2025-03-02 01:14:54.379063+00:00,2025-03-04 07:00:03.914845+00:00
3910,1,Frances McDormand,Frances McDormand,Acting,2025-03-02 01:14:54.379063+00:00,2025-03-04 07:00:03.914845+00:00
2280178,1,Sofia Kappel,Sofia Kappel,Acting,2025-03-02 01:14:54.379063+00:00,2025-03-04 07:00:03.914845+00:00
765,1,Hiam Abbass,Hiam Abbass,Acting,2025-03-02 01:14:54.379063+00:00,2025-03-04 07:00:03.914845+00:00
15480,1,Sabine Timoteo,Sabine Timoteo,Acting,2025-03-02 01:14:54.379063+00:00,2025-03-04 07:00:03.914845+00:00
38341,1,Bulle Ogier,Bulle Ogier,Acting,2025-03-02 01:14:54.379063+00:00,2025-03-04 07:00:03.914845+00:00
1654,1,Claire Maurier,Claire Maurier,Acting,2025-03-02 01:14:54.379063+00:00,2025-03-04 07:00:03.914845+00:00
4712869,1,Angel Lim,林汐,Acting,2025-03-02 01:14:54.379063+00:00,2025-03-04 07:00:03.914845+00:00
1147137,1,Mayu Sakuma,佐久間麻由,Acting,2025-03-02 01:14:54.379063+00:00,2025-03-04 07:00:03.914845+00:00
1701554,1,Florence Janas,Florence Janas,Acting,2025-03-02 01:14:54.379063+00:00,2025-03-04 07:00:03.914845+00:00
3665020,1,Courtney Coates Blackman,Courtney Coates Blackman,Acting,2025-03-02 01:14:54.379063+00:00,2025-03-04 07:00:03.914845+00:00
2223328,1,Jade Pedri,Jade Pedri,Acting,2025-03-02 01:14:54.379063+00:00,2025-03-04 07:00:03.914845+00:00
1817397,1,Sydney Craven,Sydney Craven,Acting,2025-03-02 01:14:54.379063+00:00,2025-03-04 07:00:03.914845+00:00
4460,1,Trine Dyrholm,Trine Dyrholm,Acting,2025-03-02 01:14:54.379063+00:00,2025-03-04 07:00:03.914845+00:00
2857603,1,Aissatou Diallo Sagna,Aissatou Diallo Sagna,Acting,2025-03-02 01:14:54.379063+00:00,2025-03-04 07:00:03.914845+00:00
1055230,1,Raffey Cassidy,Raffey Cassidy,Acting,2025-03-02 01:14:54.379063+00:00,2025-03-04 07:00:03.914845+00:00
1596218,1,Nora Hamzawi,Nora Hamzawi,Acting,2025-03-02 01:14:54.379063+00:00,2025-03-04 07:00:03.914845+00:00
1586518,1,Moe Chin,Moe Chin,Acting,2025-03-02 01:14:54.379063+00:00,2025-03-04 07:00:03.914845+00:00
2946557,1,Mina Yasmin Bremseth Asheim,Mina Yasmin Bremseth Asheim,Acting,2025-03-02 01:14:54.379063+00:00,2025-03-04 07:00:03.914845+00:00
3131511,1,Sharon Huang,Sharon Huang,Acting,2025-03-02 01:14:54.379063+00:00,2025-03-04 07:00:03.914845+00:00
2067022,1,Jennifer Yu,余香凝,Acting,2025-03-02 01:14:54.379063+00:00,2025-03-04 07:00:03.914845+00:00
1859,1,Christiane Paul,Christiane Paul,Acting,2025-03-02 01:14:54.379063+00:00,2025-03-04 07:00:03.914845+00:00
226431,1,Nora Navas,Nora Navas,Acting,2025-03-02 01:14:54.379063+00:00,2025-03-04 07:00:03.914845+00:00
127706,1,Kim Seo-hyung,김서형,Acting,2025-03-02 01:14:54.379063+00:00,2025-03-04 07:00:03.914845+00:00
1789946,1,Sandrinna Michelle,Sandrinna Michelle,Acting,2025-03-02 01:14:54.379063+00:00,2025-03-04 07:00:03.914845+00:00
21676,1,Sharon Horgan,Sharon Horgan,Acting,2025-03-02 01:14:54.379063+00:00,2025-03-04 07:00:03.914845+00:00
56242,1,Lolita Chammah,Lolita Chammah,Acting,2025-03-02 01:14:54.379063+00:00,2025-03-04 07:00:03.914845+00:00
933272,1,Olwen Fouéré,Olwen Fouéré,Acting,2025-03-02 01:14:54.379063+00:00,2025-03-04 07:00:03.914845+00:00
2739233,1,Mulligan Liu,Mulligan Liu,Acting,2025-03-02 01:14:54.379063+00:00,2025-03-04 07:00:03.914845+00:00
1419894,1,Rina Ikoma,生駒里奈,Acting,2025-03-02 01:14:54.379063+00:00,2025-03-04 07:00:03.914845+00:00
2265153,1,Angelica Alleruzzo,Angelica Alleruzzo,Acting,2025-03-02 01:14:54.379063+00:00,2025-03-04 07:00:03.914845+00:00
2125084,1,Park Ji-hu,박지후,Acting,2025-03-02 01:14:54.379063+00:00,2025-03-04 07:00:03.914845+00:00
2500600,1,Ploypailin Thangprapaporn,พลอยไพลิน ตั้งประภาพร,Acting,2025-03-02 01:14:54.379063+00:00,2025-03-04 07:00:03.914845+00:00
2162972,1,Mei Hata,畑芽育,Acting,2025-03-02 01:14:54.379063+00:00,2025-03-04 07:00:03.914845+00:00
4887372,1,Ai Bao,爱宝,Acting,2025-03-02 01:14:54.379063+00:00,2025-03-04 07:00:03.914845+00:00
3661040,2,Po-Yun Yu,尤柏耘,Acting,2025-03-02 01:14:54.379063+00:00,2025-03-04 07:00:03.914845+00:00
96477,2,Ryo Katsuji,勝地涼,Acting,2025-03-02 01:14:54.379063+00:00,2025-03-04 07:00:03.914845+00:00
55784,2,Yosuke Eguchi,江口洋介,Acting,2025-03-02 01:14:54.379063+00:00,2025-03-04 07:00:03.914845+00:00
1033691,2,Jason Wong,Jason Wong,Acting,2025-03-02 01:14:54.379063+00:00,2025-03-04 07:00:03.914845+00:00
40451,2,Akio Otsuka,大塚明夫,Acting,2025-03-02 01:14:54.379063+00:00,2025-03-04 07:00:03.914845+00:00
3528636,2,Timéo Mahaut,Timéo Mahaut,Acting,2025-03-02 01:14:54.379063+00:00,2025-03-04 07:00:03.914845+00:00
1190668,2,Timothée Chalamet,Timothée Chalamet,Acting,2025-03-02 01:14:54.379063+00:00,2025-03-04 07:00:03.914845+00:00
2306987,2,Jung Hyeon-jun,정현준,Acting,2025-03-02 01:14:54.379063+00:00,2025-03-04 07:00:03.914845+00:00
41035,2,Édouard Baer,Édouard Baer,Acting,2025-03-02 01:14:54.379063+00:00,2025-03-04 07:00:03.914845+00:00
2159394,2,Kim Sung-kyu,김성규,Acting,2025-03-02 01:14:54.379063+00:00,2025-03-04 07:00:03.914845+00:00
1186306,2,Huang Shao-Yang,黃劭揚,Acting,2025-03-02 01:14:54.379063+00:00,2025-03-04 07:00:03.914845+00:00
33515,2,Kazunari Ninomiya,二宮和也,Acting,2025-03-02 01:14:54.379063+00:00,2025-03-04 07:00:03.914845+00:00
4788739,2,Benjamin Peng,彭裕愷,Acting,2025-03-02 01:14:54.379063+00:00,2025-03-04 07:00:03.914845+00:00
1249235,2,Tomoaki Maeno,前野智昭,Acting,2025-03-02 01:14:54.379063+00:00,2025-03-04 07:00:03.914845+00:00
1780725,2,Ryland Brickson Cole Tews,Ryland Brickson Cole Tews,Acting,2025-03-02 01:14:54.379063+00:00,2025-03-04 07:00:03.914845+00:00
110424,2,Alberto Ammann,Alberto Ammann,Acting,2025-03-02 01:14:54.379063+00:00,2025-03-04 07:00:03.914845+00:00
38286,2,Ven Kao,高英軒,Acting,2025-03-02 01:14:54.379063+00:00,2025-03-04 07:00:03.914845+00:00
544973,2,Sverrir Þór Sverrisson,Sverrir Þór Sverrisson,Acting,2025-03-02 01:14:54.379063+00:00,2025-03-04 07:00:03.914845+00:00
1514559,2,Ming-shiou Tsai,Ming-shiou Tsai,Acting,2025-03-02 01:14:54.379063+00:00,2025-03-04 07:00:03.914845+00:00
35780,2,Amitabh Bachchan,Amitabh Bachchan,Acting,2025-03-02 01:14:54.379063+00:00,2025-03-04 07:00:03.914845+00:00
239793,2,Vladimir Burlakov,Vladimir Burlakov,Acting,2025-03-02 01:14:54.379063+00:00,2025-03-04 07:00:03.914845+00:00
1544090,2,j-hope,제이홉,Acting,2025-03-02 01:14:54.379063+00:00,2025-03-04 07:00:03.914845+00:00
95686,2,Dylan Sprouse,Dylan Sprouse,Acting,2025-03-02 01:14:54.379063+00:00,2025-03-04 07:00:03.914845+00:00
11702,2,Adam Brody,Adam Brody,Acting,2025-03-02 01:14:54.379063+00:00,2025-03-04 07:00:03.914845+00:00
1358185,2,Lukáš Hlavica,Lukáš Hlavica,Acting,2025-03-02 01:14:54.379063+00:00,2025-03-04 07:00:03.914845+00:00
1571552,2,Han Sang-hyuk,Han Sang-hyuk,Acting,2025-03-02 01:14:54.379063+00:00,2025-03-04 07:00:03.914845+00:00
2101538,2,Cha Soon-bae,차순배,Acting,2025-03-02 01:14:54.379063+00:00,2025-03-04 07:00:03.914845+00:00
67780,2,Arnaud Giovaninetti,Arnaud Giovaninetti,Acting,2025-03-02 01:14:54.379063+00:00,2025-03-04 07:00:03.914845+00:00
1316420,2,Paul Chiang,Paul Chiang,Acting,2025-03-02 01:14:54.379063+00:00,2025-03-04 07:00:03.914845+00:00
11064,2,David Strathairn,David Strathairn,Acting,2025-03-02 01:14:54.379063+00:00,2025-03-04 07:00:03.914845+00:00
1234450,2,Kohei Murakami,村上幸平,Acting,2025-03-02 01:14:54.379063+00:00,2025-03-04 07:00:03.914845+00:00
133825,2,Gregory Dayton,Gregory Dayton,Acting,2025-03-02 01:14:54.379063+00:00,2025-03-04 07:00:03.914845+00:00
1309014,2,Rainer Reiners,Rainer Reiners,Acting,2025-03-02 01:14:54.379063+00:00,2025-03-04 07:00:03.914845+00:00
3558395,2,Jyun Shen,Jyun Shen,Acting,2025-03-02 01:14:54.379063+00:00,2025-03-04 07:00:03.914845+00:00
2583060,2,Satoshi Shibasaki,柴崎哲志,Acting,2025-03-02 01:14:54.379063+00:00,2025-03-04 07:00:03.914845+00:00
1320679,2,Yuzu Aoki,青木柚,Acting,2025-03-02 01:14:54.379063+00:00,2025-03-04 07:00:03.914845+00:00
1910645,2,Xu Gang,徐刚,Acting,2025-03-02 01:14:54.379063+00:00,2025-03-04 07:00:03.914845+00:00
1981488,2,Max Kuo,Max Kuo,Acting,2025-03-02 01:14:54.379063+00:00,2025-03-04 07:00:03.914845+00:00
1088197,2,Alban Aumard,Alban Aumard,Acting,2025-03-02 01:14:54.379063+00:00,2025-03-04 07:00:03.914845+00:00
1927247,2,Bryan Domani,Bryan Domani,Acting,2025-03-02 01:14:54.379063+00:00,2025-03-04 07:00:03.914845+00:00
71375,2,Alden Ehrenreich,Alden Ehrenreich,Acting,2025-03-02 01:14:54.379063+00:00,2025-03-04 07:00:03.914845+00:00
677,2,Moritz Bleibtreu,Moritz Bleibtreu,Acting,2025-03-02 01:14:54.379063+00:00,2025-03-04 07:00:03.914845+00:00
213438,2,Kenny Bee,鍾鎮濤,Acting,2025-03-02 01:14:54.379063+00:00,2025-03-04 07:00:03.914845+00:00
1096458,2,Koo Kyo-hwan,구교환,Acting,2025-03-02 01:14:54.379063+00:00,2025-03-04 07:00:03.914845+00:00
2131,2,Ken Leung,Ken Leung,Acting,2025-03-02 01:14:54.379063+00:00,2025-03-04 07:00:03.914845+00:00
5723,2,John Leguizamo,John Leguizamo,Acting,2025-03-02 01:14:54.379063+00:00,2025-03-04 07:00:03.914845+00:00
25002,2,Lee Byung-hun,이병헌,Acting,2025-03-02 01:14:54.379063+00:00,2025-03-04 07:00:03.914845+00:00
1926495,2,Steve Sanghyun Noh,노상현,Acting,2025-03-02 01:14:54.379063+00:00,2025-03-04 07:00:03.914845+00:00
21912,2,Michael Tse Tin-Wah,謝天華,Acting,2025-03-02 01:14:54.379063+00:00,2025-03-04 07:00:03.914845+00:00
1639848,2,Mamoudou Athie,Mamoudou Athie,Acting,2025-03-02 01:14:54.379063+00:00,2025-03-04 07:00:03.914845+00:00
69758,2,Sakda Kaewbuadee,Sakda Kaewbuadee,Acting,2025-03-02 01:14:54.379063+00:00,2025-03-04 07:00:03.914845+00:00
2977,2,Jamey Sheridan,Jamey Sheridan,Acting,2025-03-02 01:14:54.379063+00:00,2025-03-04 07:00:03.914845+00:00
3838524,2,Rondi Chan,Rondi Chan,Acting,2025-03-02 01:14:54.379063+00:00,2025-03-04 07:00:03.914845+00:00
115290,2,Lee Sun-kyun,이선균,Acting,2025-03-02 01:14:54.379063+00:00,2025-03-04 07:00:03.914845+00:00
1371509,2,Lukas Gage,Lukas Gage,Acting,2025-03-02 01:14:54.379063+00:00,2025-03-04 07:00:03.914845+00:00
1044800,2,Jeong Man-sik,정만식,Acting,2025-03-02 01:14:54.379063+00:00,2025-03-04 07:00:03.914845+00:00
5275,2,Vasco Sequeira,Vasco Sequeira,Acting,2025-03-02 01:14:54.379063+00:00,2025-03-04 07:00:03.914845+00:00
1584240,2,Mohsen Tanabandeh,محسن تنابنده,Acting,2025-03-02 01:14:54.379063+00:00,2025-03-04 07:00:03.914845+00:00
34629,2,Eusebio Poncela,Eusebio Poncela,Acting,2025-03-02 01:14:54.379063+00:00,2025-03-04 07:00:03.914845+00:00
3467565,2,Atiwat Saengtien,Atiwat Saengtien,Acting,2025-03-02 01:14:54.379063+00:00,2025-03-04 07:00:03.914845+00:00
16851,2,Josh Brolin,Josh Brolin,Acting,2025-03-02 01:14:54.379063+00:00,2025-03-04 07:00:03.914845+00:00
23182,2,Volker Bruch,Volker Bruch,Acting,2025-03-02 01:14:54.379063+00:00,2025-03-04 07:00:03.914845+00:00
56285,2,Bruno Todeschini,Bruno Todeschini,Acting,2025-03-02 01:14:54.379063+00:00,2025-03-04 07:00:03.914845+00:00
1633865,2,Jules Houplain,Jules Houplain,Acting,2025-03-02 01:14:54.379063+00:00,2025-03-04 07:00:03.914845+00:00
3651,2,Fernando Guillén,Fernando Guillén,Acting,2025-03-02 01:14:54.379063+00:00,2025-03-04 07:00:03.914845+00:00
87409,2,Sergei Bezrukov,Сергей Безруков,Acting,2025-03-02 01:14:54.379063+00:00,2025-03-04 07:00:03.914845+00:00
121394,2,Tien Feng,田丰,Acting,2025-03-02 01:14:54.379063+00:00,2025-03-04 07:00:03.914845+00:00
28078,2,Aleksandr Kaydanovskiy,Александр Кайдановский,Acting,2025-03-02 01:14:54.379063+00:00,2025-03-04 07:00:03.914845+00:00
2504492,0,Hsien-chung Tseng,Hsien-chung Tseng,Camera,2025-03-02 01:14:54.379063+00:00,2025-03-04 07:00:03.914845+00:00
1002598,2,Jason Kwan,Jason Kwan,Camera,2025-03-02 01:14:54.379063+00:00,2025-03-04 07:00:03.914845+00:00
3466273,0,Chalit Krileadmongkon,Chalit Krileadmongkon,Directing,2025-03-02 01:14:54.379063+00:00,2025-03-04 07:00:03.914845+00:00
4533607,0,Jo Hyun-jung,조현정,Directing,2025-03-02 01:14:54.379063+00:00,2025-03-04 07:00:03.914845+00:00
1318897,0,Kim Burdon,Kim Burdon,Directing,2025-03-02 01:14:54.379063+00:00,2025-03-04 07:00:03.914845+00:00
1045394,0,Toni García,Toni García,Directing,2025-03-02 01:14:54.379063+00:00,2025-03-04 07:00:03.914845+00:00
1905812,0,Mao Xiaorui,Mao Xiaorui,Directing,2025-03-02 01:14:54.379063+00:00,2025-03-04 07:00:03.914845+00:00
1324582,1,Atsuko Ishizuka,いしづかあつこ,Directing,2025-03-02 01:14:54.379063+00:00,2025-03-04 07:00:03.914845+00:00
2266962,1,Chiara Malta,Chiara Malta,Directing,2025-03-02 09:35:42.269341+00:00,2025-03-04 07:00:03.914845+00:00
3683235,1,Remii Huang,Remii Huang,Directing,2025-03-02 01:14:54.379063+00:00,2025-03-04 07:00:03.914845+00:00
1035304,1,Danielle Arbid,Danielle Arbid,Directing,2025-03-02 01:14:54.379063+00:00,2025-03-04 07:00:03.914845+00:00
53583,1,Alison Murray,Alison Murray,Directing,2025-03-02 01:14:54.379063+00:00,2025-03-04 07:00:03.914845+00:00
1049134,2,Kim Han-min,김한민,Directing,2025-03-02 01:14:54.379063+00:00,2025-03-04 07:00:03.914845+00:00
105866,2,Marco Bellocchio,Marco Bellocchio,Directing,2025-03-02 01:14:54.379063+00:00,2025-03-04 07:00:03.914845+00:00
86270,2,Joseph Kosinski,Joseph Kosinski,Directing,2025-03-02 09:35:42.269341+00:00,2025-03-04 07:00:03.914845+00:00
168165,2,James Lee,James Lee,Directing,2025-03-02 01:14:54.379063+00:00,2025-03-04 07:00:03.914845+00:00
1265162,2,Jirô Nagae,永江二朗,Directing,2025-03-02 01:14:54.379063+00:00,2025-03-04 07:00:03.914845+00:00
81749,2,Manoel de Oliveira,Manoel de Oliveira,Directing,2025-03-02 01:14:54.379063+00:00,2025-03-04 07:00:03.914845+00:00
55785,2,Shunji Iwai,岩井俊二,Directing,2025-03-02 01:14:54.379063+00:00,2025-03-04 07:00:03.914845+00:00
2419,2,Jean-Pierre Jeunet,Jean-Pierre Jeunet,Directing,2025-03-02 01:14:54.379063+00:00,2025-03-04 07:00:03.914845+00:00
1034272,2,Hajime Hashimoto,橋本一,Directing,2025-03-02 01:14:54.379063+00:00,2025-03-04 07:00:03.914845+00:00
1361546,2,Kiah Roache-Turner,Kiah Roache-Turner,Directing,2025-03-02 01:14:54.379063+00:00,2025-03-04 07:00:03.914845+00:00
72496,2,Yoji Yamada,山田洋次,Directing,2025-03-02 01:14:54.379063+00:00,2025-03-04 07:00:03.914845+00:00
1059571,2,Justin Simien,Justin Simien,Directing,2025-03-02 01:14:54.379063+00:00,2025-03-04 07:00:03.914845+00:00
1039527,2,Tyler Gillett,Tyler Gillett,Directing,2025-03-02 01:14:54.379063+00:00,2025-03-04 07:00:03.914845+00:00
91268,2,Ruben Fleischer,Ruben Fleischer,Directing,2025-03-02 01:14:54.379063+00:00,2025-03-04 07:00:03.914845+00:00
3286349,2,Yang-Chung Fan,Yang-Chung Fan,Directing,2025-03-02 01:14:54.379063+00:00,2025-03-04 07:00:03.914845+00:00
557415,2,Lee Woo-chul,Lee Woo-chul,Directing,2025-03-02 01:14:54.379063+00:00,2025-03-04 07:00:03.914845+00:00
1651297,2,Phontharis Chotkijsadarsopon,Phontharis Chotkijsadarsopon,Directing,2025-03-02 01:14:54.379063+00:00,2025-03-04 07:00:03.914845+00:00
1415282,2,Kam Ka-Wai,闞家偉,Directing,2025-03-02 01:14:54.379063+00:00,2025-03-04 07:00:03.914845+00:00
70221,2,Christian Carion,Christian Carion,Directing,2025-03-02 01:14:54.379063+00:00,2025-03-04 07:00:03.914845+00:00
1544991,2,Jang Jae-hyun,장재현,Directing,2025-03-02 01:14:54.379063+00:00,2025-03-04 07:00:03.914845+00:00
8965,2,Roland Joffé,Roland Joffé,Directing,2025-03-02 01:14:54.379063+00:00,2025-03-04 07:00:03.914845+00:00
1152,2,Oliver Stone,Oliver Stone,Directing,2025-03-02 01:14:54.379063+00:00,2025-03-04 07:00:03.914845+00:00
1627340,2,Shunsuke Nakashige,中重俊祐,Directing,2025-03-02 01:14:54.379063+00:00,2025-03-04 07:00:03.914845+00:00
1354728,1,Sen-I Yu,Sen-I Yu,Editing,2025-03-02 01:14:54.379063+00:00,2025-03-04 07:00:03.914845+00:00
139558,0,Josh Sternfeld,Josh Sternfeld,Writing,2025-03-02 01:14:54.379063+00:00,2025-03-04 07:00:03.914845+00:00
46680,2,Florian Gallenberger,Florian Gallenberger,Writing,2025-03-02 01:14:54.379063+00:00,2025-03-04 07:00:03.914845+00:00
58858,0,Tsewang Migyur Khangsar,Tsewang Migyur Khangsar,Acting,2025-03-02 01:14:54.379063+00:00,2025-03-04 07:00:03.914845+00:00
4177582,0,Lee Yu Yao,Lee Yu Yao,Acting,2025-03-02 01:14:54.379063+00:00,2025-03-04 07:00:03.914845+00:00
4176630,0,Jordan Lide,Jordan Lide,Acting,2025-03-02 01:14:54.379063+00:00,2025-03-04 07:00:03.914845+00:00
1087115,0,Maurits Delchot,Maurits Delchot,Acting,2025-03-02 01:14:54.379063+00:00,2025-03-04 07:00:03.914845+00:00
2271444,0,Anat Hadid,Anat Hadid,Acting,2025-03-02 01:14:54.379063+00:00,2025-03-04 07:00:03.914845+00:00
2128414,0,Chan Chun-Luk,Chan Chun-Luk,Acting,2025-03-02 01:14:54.379063+00:00,2025-03-04 07:00:03.914845+00:00
3354850,0,He Tao,He Tao,Acting,2025-03-02 01:14:54.379063+00:00,2025-03-04 07:00:03.914845+00:00
4267737,0,Pema Zangmo Sherpa,Pema Zangmo Sherpa,Acting,2025-03-02 01:14:54.379063+00:00,2025-03-04 07:00:03.914845+00:00
3349428,0,Anna Louise Morse,Anna Louise Morse,Acting,2025-03-02 01:14:54.379063+00:00,2025-03-04 07:00:03.914845+00:00
3514295,1,Haruka Aikawa,相川遥花,Acting,2025-03-02 01:14:54.379063+00:00,2025-03-04 07:00:03.914845+00:00
93996,1,Jang Young-nam,장영남,Acting,2025-03-02 01:14:54.379063+00:00,2025-03-04 07:00:03.914845+00:00
72855,1,Felicity Jones,Felicity Jones,Acting,2025-03-02 01:14:54.379063+00:00,2025-03-04 07:00:03.914845+00:00
29791,1,Lynn Redgrave,Lynn Redgrave,Acting,2025-03-02 01:14:54.379063+00:00,2025-03-04 07:00:03.914845+00:00
227089,1,Kana Kurashina,倉科カナ,Acting,2025-03-02 01:14:54.379063+00:00,2025-03-04 07:00:03.914845+00:00
134210,1,Blandine Bury,Blandine Bury,Acting,2025-03-02 01:14:54.379063+00:00,2025-03-04 07:00:03.914845+00:00
20189,1,Amy Smart,Amy Smart,Acting,2025-03-02 01:14:54.379063+00:00,2025-03-04 07:00:03.914845+00:00
1988598,1,Park Ji-hyun,박지현,Acting,2025-03-02 01:14:54.379063+00:00,2025-03-04 07:00:03.914845+00:00
55803,1,Christine Citti,Christine Citti,Acting,2025-03-02 01:14:54.379063+00:00,2025-03-04 07:00:03.914845+00:00
72494,1,Rie Miyazawa,宮沢りえ,Acting,2025-03-02 01:14:54.379063+00:00,2025-03-04 07:00:03.914845+00:00
3085680,1,Mia Artemis,Mia Artemis,Acting,2025-03-02 01:14:54.379063+00:00,2025-03-04 07:00:03.914845+00:00
114953,1,Géraldine Nakache,Géraldine Nakache,Acting,2025-03-02 01:14:54.379063+00:00,2025-03-04 07:00:03.914845+00:00
3682439,1,Chan Tzu-hsuan,詹子萱,Acting,2025-03-02 01:14:54.379063+00:00,2025-03-04 07:00:03.914845+00:00
35159,1,Laraine Newman,Laraine Newman,Acting,2025-03-02 01:14:54.379063+00:00,2025-03-04 07:00:03.914845+00:00
10500,1,Carole Bouquet,Carole Bouquet,Acting,2025-03-02 01:14:54.379063+00:00,2025-03-04 07:00:03.914845+00:00
530,1,Carrie-Anne Moss,Carrie-Anne Moss,Acting,2025-03-02 01:14:54.379063+00:00,2025-03-04 07:00:03.914845+00:00
79692,1,Justine Clarke,Justine Clarke,Acting,2025-03-02 01:14:54.379063+00:00,2025-03-04 07:00:03.914845+00:00
3397342,1,Lê Bê La,Lê Bê La,Acting,2025-03-02 01:14:54.379063+00:00,2025-03-04 07:00:03.914845+00:00
3045939,1,Izumi Ishii,Izumi Ishii,Acting,2025-03-02 01:14:54.379063+00:00,2025-03-04 07:00:03.914845+00:00
210454,1,Alex Essoe,Alex Essoe,Acting,2025-03-02 01:14:54.379063+00:00,2025-03-04 07:00:03.914845+00:00
2587281,1,Hana Malasan,Hana Malasan,Acting,2025-03-02 01:14:54.379063+00:00,2025-03-04 07:00:03.914845+00:00
123884,1,Kate Mulvany,Kate Mulvany,Acting,2025-03-02 01:14:54.379063+00:00,2025-03-04 07:00:03.914845+00:00
39388,1,Amy Ryan,Amy Ryan,Acting,2025-03-02 01:14:54.379063+00:00,2025-03-04 07:00:03.914845+00:00
1373681,1,Ava Morse,Ava Morse,Acting,2025-03-02 01:14:54.379063+00:00,2025-03-04 07:00:03.914845+00:00
85963,1,Alice Tzeng,Alice Tzeng,Acting,2025-03-02 01:14:54.379063+00:00,2025-03-04 07:00:03.914845+00:00
1793346,1,Louise Orry-Diquéro,Louise Orry-Diquéro,Acting,2025-03-02 01:14:54.379063+00:00,2025-03-04 07:00:03.914845+00:00
69489,1,Jasmine Trinca,Jasmine Trinca,Acting,2025-03-02 01:14:54.379063+00:00,2025-03-04 07:00:03.914845+00:00
3300,1,Natalia Tena,Natalia Tena,Acting,2025-03-02 01:14:54.379063+00:00,2025-03-04 07:00:03.914845+00:00
1325961,1,Suki Waterhouse,Suki Waterhouse,Acting,2025-03-02 01:14:54.379063+00:00,2025-03-04 07:00:03.914845+00:00
550689,1,Hao Lei,Hao Lei,Acting,2025-03-02 01:14:54.379063+00:00,2025-03-04 07:00:03.914845+00:00
4887370,1,Fu Bao,福宝,Acting,2025-03-02 01:14:54.379063+00:00,2025-03-04 07:00:03.914845+00:00
2673750,1,Myha'la,Myha'la,Acting,2025-03-02 01:14:54.379063+00:00,2025-03-04 07:00:03.914845+00:00
15298,1,Rachel House,Rachel House,Acting,2025-03-02 01:14:54.379063+00:00,2025-03-04 07:00:03.914845+00:00
1381258,1,Asiye Dinçsoy,Asiye Dinçsoy,Acting,2025-03-02 01:14:54.379063+00:00,2025-03-04 07:00:03.914845+00:00
2630,1,Nastassja Kinski,Nastassja Kinski,Acting,2025-03-02 01:14:54.379063+00:00,2025-03-04 07:00:03.914845+00:00
3638804,1,Clara Gostynski,Clara Gostynski,Acting,2025-03-02 01:14:54.379063+00:00,2025-03-04 07:00:03.914845+00:00
235128,1,Agustina Gonzalez Cirulnik,Agustina Gonzalez Cirulnik,Acting,2025-03-02 01:14:54.379063+00:00,2025-03-04 07:00:03.914845+00:00
1163134,1,Sonia Mietielica,Sonia Mietielica,Acting,2025-03-02 01:14:54.379063+00:00,2025-03-04 07:00:03.914845+00:00
553328,1,Setsuko Karasuma,烏丸せつこ,Acting,2025-03-02 01:14:54.379063+00:00,2025-03-04 07:00:03.914845+00:00
979599,1,Pallavi Sharda,Pallavi Sharda,Acting,2025-03-02 01:14:54.379063+00:00,2025-03-04 07:00:03.914845+00:00
1094091,1,Maika Monroe,Maika Monroe,Acting,2025-03-02 01:14:54.379063+00:00,2025-03-04 07:00:03.914845+00:00
20051,1,Alakina Mann,Alakina Mann,Acting,2025-03-02 01:14:54.379063+00:00,2025-03-04 07:00:03.914845+00:00
58754,1,Haley Bennett,Haley Bennett,Acting,2025-03-02 01:14:54.379063+00:00,2025-03-04 07:00:03.914845+00:00
1222763,1,Louisa So Yuk-Wah,蘇玉華,Acting,2025-03-02 01:14:54.379063+00:00,2025-03-04 07:00:03.914845+00:00
3007680,1,So Cho-Yee,蘇祖兒,Acting,2025-03-02 01:14:54.379063+00:00,2025-03-04 07:00:03.914845+00:00
1522605,1,Ayaka Asai,朝井彩加,Acting,2025-03-02 01:14:54.379063+00:00,2025-03-04 07:00:03.914845+00:00
1678,2,Mitsuo Iwata,岩田光央,Acting,2025-03-02 01:14:54.379063+00:00,2025-03-04 07:00:03.914845+00:00
2750705,2,Janis Abrikh,Janis Abrikh,Acting,2025-03-02 01:14:54.379063+00:00,2025-03-04 07:00:03.914845+00:00
2019916,2,Masatomo Nakazawa,中澤まさとも,Acting,2025-03-02 01:14:54.379063+00:00,2025-03-04 07:00:03.914845+00:00
227849,2,Adil Hussain,Adil Hussain,Acting,2025-03-02 01:14:54.379063+00:00,2025-03-04 07:00:03.914845+00:00
2295865,2,Shinji Sato,Shinji Sato,Acting,2025-03-02 01:14:54.379063+00:00,2025-03-04 07:00:03.914845+00:00
1251835,2,Preston Nyman,Preston Nyman,Acting,2025-03-02 01:14:54.379063+00:00,2025-03-04 07:00:03.914845+00:00
2856883,2,Inthanon Seangsiripaisarn,Inthanon Seangsiripaisarn,Acting,2025-03-02 01:14:54.379063+00:00,2025-03-04 07:00:03.914845+00:00
1342694,2,Hidekazu Mashima,眞島秀和,Acting,2025-03-02 01:14:54.379063+00:00,2025-03-04 07:00:03.914845+00:00
1004,2,Danny Aiello,Danny Aiello,Acting,2025-03-02 01:14:54.379063+00:00,2025-03-04 07:00:03.914845+00:00
90155,2,Koji Imada,今田耕司,Acting,2025-03-02 01:14:54.379063+00:00,2025-03-04 07:00:03.914845+00:00
1735510,2,Hayato Onozuka,小野塚勇人,Acting,2025-03-02 01:14:54.379063+00:00,2025-03-04 07:00:03.914845+00:00
144675,2,Jordan Belfi,Jordan Belfi,Acting,2025-03-02 01:14:54.379063+00:00,2025-03-04 07:00:03.914845+00:00
82093,2,Daniel Henney,Daniel Henney,Acting,2025-03-02 01:14:54.379063+00:00,2025-03-04 07:00:03.914845+00:00
3872,2,Daniel Brühl,Daniel Brühl,Acting,2025-03-02 01:14:54.379063+00:00,2025-03-04 07:00:03.914845+00:00
1920627,2,Kenshin Endo,遠藤健慎,Acting,2025-03-02 01:14:54.379063+00:00,2025-03-04 07:00:03.914845+00:00
55493,2,Brady Corbet,Brady Corbet,Acting,2025-03-02 01:14:54.379063+00:00,2025-03-04 07:00:03.914845+00:00
35548,2,Simon Rex,Simon Rex,Acting,2025-03-02 01:14:54.379063+00:00,2025-03-04 07:00:03.914845+00:00
1411529,2,Tong Ka-Fai,Tong Ka-Fai,Acting,2025-03-02 01:14:54.379063+00:00,2025-03-04 07:00:03.914845+00:00
112861,2,Tetta Sugimoto,杉本哲太,Acting,2025-03-02 01:14:54.379063+00:00,2025-03-04 07:00:03.914845+00:00
1872288,2,Korapat Kirdpan,กรภัทร์ เกิดพันธุ์,Acting,2025-03-02 01:14:54.379063+00:00,2025-03-04 07:00:03.914845+00:00
6968,2,Hugh Jackman,Hugh Jackman,Acting,2025-03-02 01:14:54.379063+00:00,2025-03-04 07:00:03.914845+00:00
2774246,2,Zag Dorison,Zag Dorison,Acting,2025-03-02 01:14:54.379063+00:00,2025-03-04 07:00:03.914845+00:00
2879536,2,Supachai Suwanon,ศุภชัย สุวรรณอ่อน,Acting,2025-03-02 01:14:54.379063+00:00,2025-03-04 07:00:03.914845+00:00
1523704,2,Pope Francis,Pope Francis,Acting,2025-03-02 09:35:42.269341+00:00,2025-03-04 07:00:03.914845+00:00
2224,2,Christian Slater,Christian Slater,Acting,2025-03-02 01:14:54.379063+00:00,2025-03-04 07:00:03.914845+00:00
54291,2,Gilles Lellouche,Gilles Lellouche,Acting,2025-03-02 01:14:54.379063+00:00,2025-03-04 07:00:03.914845+00:00
118335,2,Aleksey Bardukov,Алексей Бардуков,Acting,2025-03-02 01:14:54.379063+00:00,2025-03-04 07:00:03.914845+00:00
2228,2,Sean Penn,Sean Penn,Acting,2025-03-02 01:14:54.379063+00:00,2025-03-04 07:00:03.914845+00:00
83529,2,Saburo Tokito,時任三郎,Acting,2025-03-02 01:14:54.379063+00:00,2025-03-04 07:00:03.914845+00:00
1907471,2,JC Lin,林哲熹,Acting,2025-03-02 01:14:54.379063+00:00,2025-03-04 07:00:03.914845+00:00
1222330,2,Kim Rae-won,김래원,Acting,2025-03-02 01:14:54.379063+00:00,2025-03-04 07:00:03.914845+00:00
1508760,2,Marcus Massey,Marcus Massey,Acting,2025-03-02 01:14:54.379063+00:00,2025-03-04 07:00:03.914845+00:00
3413896,2,Wen Ching-Yu,Wen Ching-Yu,Acting,2025-03-02 01:14:54.379063+00:00,2025-03-04 07:00:03.914845+00:00
93999,2,Park Hee-soon,박희순,Acting,2025-03-02 01:14:54.379063+00:00,2025-03-04 07:00:03.914845+00:00
5528,2,William Moseley,William Moseley,Acting,2025-03-02 01:14:54.379063+00:00,2025-03-04 07:00:03.914845+00:00
64295,2,Alan Ritchson,Alan Ritchson,Acting,2025-03-02 01:14:54.379063+00:00,2025-03-04 07:00:03.914845+00:00
17896,2,Guillaume de Tonquédec,Guillaume de Tonquédec,Acting,2025-03-02 01:14:54.379063+00:00,2025-03-04 07:00:03.914845+00:00
1480297,2,Keita Machida,町田啓太,Acting,2025-03-02 01:14:54.379063+00:00,2025-03-04 07:00:03.914845+00:00
933160,2,Suraj Sharma,Suraj Sharma,Acting,2025-03-02 01:14:54.379063+00:00,2025-03-04 07:00:03.914845+00:00
1170756,2,Jean-Paul Bordes,Jean-Paul Bordes,Acting,2025-03-02 01:14:54.379063+00:00,2025-03-04 07:00:03.914845+00:00
78869,2,Shawn Yue Man-Lok,余文樂,Acting,2025-03-02 01:14:54.379063+00:00,2025-03-04 07:00:03.914845+00:00
1804873,2,Yánis Varoufákis,Yánis Varoufákis,Acting,2025-03-02 01:14:54.379063+00:00,2025-03-04 07:00:03.914845+00:00
117974,2,Hiroshi Tamaki,玉木宏,Acting,2025-03-02 01:14:54.379063+00:00,2025-03-04 07:00:03.914845+00:00
1231717,2,Marc Maron,Marc Maron,Acting,2025-03-02 01:14:54.379063+00:00,2025-03-04 07:00:03.914845+00:00
3890899,2,Sanjay Rao,Sanjay Rao,Acting,2025-03-02 01:14:54.379063+00:00,2025-03-04 07:00:03.914845+00:00
1244787,2,Park Shin-yang,박신양,Acting,2025-03-02 01:14:54.379063+00:00,2025-03-04 07:00:03.914845+00:00
556275,2,Matthew Mercer,Matthew Mercer,Acting,2025-03-02 01:14:54.379063+00:00,2025-03-04 07:00:03.914845+00:00
71610,2,Anders Danielsen Lie,Anders Danielsen Lie,Acting,2025-03-02 01:14:54.379063+00:00,2025-03-04 07:00:03.914845+00:00
1206067,2,Samuel Gauthier,Samuel Gauthier,Acting,2025-03-02 01:14:54.379063+00:00,2025-03-04 07:00:03.914845+00:00
4238868,2,Chiang Tieh-Cheng,Chiang Tieh-Cheng,Acting,2025-03-02 01:14:54.379063+00:00,2025-03-04 07:00:03.914845+00:00
986480,2,Timmy Hung Tin-Ming,洪天明,Acting,2025-03-02 01:14:54.379063+00:00,2025-03-04 07:00:03.914845+00:00
228915,2,Ku Pao-Ming,顧寶明,Acting,2025-03-02 01:14:54.379063+00:00,2025-03-04 07:00:03.914845+00:00
64496,2,Richie Jen,任賢齊,Acting,2025-03-02 01:14:54.379063+00:00,2025-03-04 07:00:03.914845+00:00
133168,2,Haruma Miura,三浦春馬,Acting,2025-03-02 01:14:54.379063+00:00,2025-03-04 07:00:03.914845+00:00
2386954,2,Benjamin Radjaipour,Benjamin Radjaipour,Acting,2025-03-02 01:14:54.379063+00:00,2025-03-04 07:00:03.914845+00:00
1972881,3,Celeste O'Connor,Celeste O'Connor,Acting,2025-03-02 01:14:54.379063+00:00,2025-03-04 07:00:03.914845+00:00
1475472,2,Yao Hung-I,Yao Hung-I,Camera,2025-03-02 01:14:54.379063+00:00,2025-03-04 07:00:03.914845+00:00
3298119,0,Aroonakorn Pick,Aroonakorn Pick,Directing,2025-03-02 01:14:54.379063+00:00,2025-03-04 07:00:03.914845+00:00
3606469,0,Ku Born,Ku Born,Directing,2025-03-02 09:35:42.269341+00:00,2025-03-04 07:00:03.914845+00:00
2683751,0,Lin Jinhe,Lin Jinhe,Directing,2025-03-02 01:14:54.379063+00:00,2025-03-04 07:00:03.914845+00:00
1985836,0,Jay Chern,Jay Chern,Directing,2025-03-02 01:14:54.379063+00:00,2025-03-04 07:00:03.914845+00:00
4025999,1,Hsin-Yu Wu,伍心瑜,Directing,2025-03-02 01:14:54.379063+00:00,2025-03-04 07:00:03.914845+00:00
1170459,1,Jessica Palud,Jessica Palud,Directing,2025-03-02 01:14:54.379063+00:00,2025-03-04 07:00:03.914845+00:00
585934,1,Anouk Whissell,Anouk Whissell,Directing,2025-03-02 01:14:54.379063+00:00,2025-03-04 07:00:03.914845+00:00
1324085,1,Kotono Watanabe,渡邉こと乃,Directing,2025-03-02 01:14:54.379063+00:00,2025-03-04 07:00:03.914845+00:00
1709460,1,Jessica M. Thompson,Jessica M. Thompson,Directing,2025-03-02 01:14:54.379063+00:00,2025-03-04 07:00:03.914845+00:00
144412,2,Masayuki Suzuki,鈴木雅之,Directing,2025-03-02 01:14:54.379063+00:00,2025-03-04 07:00:03.914845+00:00
2523822,2,He Shuming,He Shuming,Directing,2025-03-02 01:14:54.379063+00:00,2025-03-04 07:00:03.914845+00:00
527607,2,Sean Durkin,Sean Durkin,Directing,2025-03-02 01:14:54.379063+00:00,2025-03-04 07:00:03.914845+00:00
3639307,2,Ho Cheuk-Tin,何爵天,Directing,2025-03-02 01:14:54.379063+00:00,2025-03-04 07:00:03.914845+00:00
579313,2,Eiji Uchida,内田英治,Directing,2025-03-02 01:14:54.379063+00:00,2025-03-04 07:00:03.914845+00:00
895706,2,Shinji Imaoka,今岡信治,Directing,2025-03-02 01:14:54.379063+00:00,2025-03-04 07:00:03.914845+00:00
1261455,2,Pierre Perifel,Pierre Perifel,Directing,2025-03-02 01:14:54.379063+00:00,2025-03-04 07:00:03.914845+00:00
1628967,2,Maksim Volkov,Maksim Volkov,Directing,2025-03-02 01:14:54.379063+00:00,2025-03-04 07:00:03.914845+00:00
139153,2,Max Giwa,Max Giwa,Directing,2025-03-02 09:35:42.269341+00:00,2025-03-04 07:00:03.914845+00:00
1057492,2,Kim-Jho Kwang-soo,김조광수,Directing,2025-03-02 01:14:54.379063+00:00,2025-03-04 07:00:03.914845+00:00
56710,2,Oliver Parker,Oliver Parker,Directing,2025-03-02 01:14:54.379063+00:00,2025-03-04 07:00:03.914845+00:00
583175,2,Jeong Yong-ki,정용기,Directing,2025-03-02 01:14:54.379063+00:00,2025-03-04 07:00:03.914845+00:00
1133053,2,Rikiya Imaizumi,今泉力哉,Directing,2025-03-02 01:14:54.379063+00:00,2025-03-04 07:00:03.914845+00:00
510,2,Tim Burton,Tim Burton,Directing,2025-03-02 01:14:54.379063+00:00,2025-03-04 07:00:03.914845+00:00
43553,2,Jerzy Skolimowski,Jerzy Skolimowski,Directing,2025-03-02 01:14:54.379063+00:00,2025-03-04 07:00:03.914845+00:00
931525,2,Aaron Nee,Aaron Nee,Directing,2025-03-02 01:14:54.379063+00:00,2025-03-04 07:00:03.914845+00:00
556172,2,J.C. Chandor,J.C. Chandor,Directing,2025-03-02 01:14:54.379063+00:00,2025-03-04 07:00:03.914845+00:00
1292897,2,Woo Min-ho,우민호,Directing,2025-03-02 01:14:54.379063+00:00,2025-03-04 07:00:03.914845+00:00
64151,2,Mike Mitchell,Mike Mitchell,Directing,2025-03-02 01:14:54.379063+00:00,2025-03-04 07:00:03.914845+00:00
548814,2,Jean-Louis Comolli,Jean-Louis Comolli,Directing,2025-03-02 01:14:54.379063+00:00,2025-03-04 07:00:03.914845+00:00
127218,2,Takashi Hirano,平野隆,Production,2025-03-02 01:14:54.379063+00:00,2025-03-04 07:00:03.914845+00:00
1566167,0,Maximilian Niemann,Maximilian Niemann,Writing,2025-03-02 01:14:54.379063+00:00,2025-03-04 07:00:03.914845+00:00
1326036,2,Han Han,韓寒,Writing,2025-03-02 01:14:54.379063+00:00,2025-03-04 07:00:03.914845+00:00
1636905,2,Julio Quintana,Julio Quintana,Writing,2025-03-02 01:14:54.379063+00:00,2025-03-04 07:00:03.914845+00:00
113736,2,Giordano Gederlini,Giordano Gederlini,Writing,2025-03-02 01:14:54.379063+00:00,2025-03-04 07:00:03.914845+00:00
59918,2,Rodney Rothman,Rodney Rothman,Writing,2025-03-02 01:14:54.379063+00:00,2025-03-04 07:00:03.914845+00:00
677707,0,Buba Bayour,Buba Bayour,Acting,2025-03-02 01:14:54.379063+00:00,2025-03-04 07:00:03.914845+00:00
3476977,0,Hushyar Nerwayi,Hushyar Nerwayi,Acting,2025-03-02 01:14:54.379063+00:00,2025-03-04 07:00:03.914845+00:00
2059076,0,Narges Del Aram,Narges Del Aram,Acting,2025-03-02 01:14:54.379063+00:00,2025-03-04 07:00:03.914845+00:00
3688718,0,Leo Danse Alos,Leo Danse Alos,Acting,2025-03-02 01:14:54.379063+00:00,2025-03-04 07:00:03.914845+00:00
3315989,0,Yi-ting Chen,Yi-ting Chen,Acting,2025-03-02 01:14:54.379063+00:00,2025-03-04 07:00:03.914845+00:00
3556072,0,Najib Allagui,Najib Allagui,Acting,2025-03-02 01:14:54.379063+00:00,2025-03-04 07:00:03.914845+00:00
930122,0,Zarifeh Shiva,Zarifeh Shiva,Acting,2025-03-02 01:14:54.379063+00:00,2025-03-04 07:00:03.914845+00:00
2971580,0,Marcello Mariani,Marcello Mariani,Acting,2025-03-02 01:14:54.379063+00:00,2025-03-04 07:00:03.914845+00:00
3698859,0,Marina Berio,Marina Berio,Acting,2025-03-02 01:14:54.379063+00:00,2025-03-04 07:00:03.914845+00:00
4131509,0,Jonathan Janson,Jonathan Janson,Acting,2025-03-02 01:14:54.379063+00:00,2025-03-04 07:00:03.914845+00:00
1605823,0,June Lojong,June Lojong,Acting,2025-03-02 01:14:54.379063+00:00,2025-03-04 07:00:03.914845+00:00
2963308,0,Cheng-en Philip Juan,Cheng-en Philip Juan,Acting,2025-03-02 01:14:54.379063+00:00,2025-03-04 07:00:03.914845+00:00
3677275,0,Penelope Sangiorgi,Penelope Sangiorgi,Acting,2025-03-02 01:14:54.379063+00:00,2025-03-04 07:00:03.914845+00:00
3635399,0,Brooklyn Toulson,Brooklyn Toulson,Acting,2025-03-02 01:14:54.379063+00:00,2025-03-04 07:00:03.914845+00:00
1473742,0,Thanet Thorn,Thanet Thorn,Acting,2025-03-02 01:14:54.379063+00:00,2025-03-04 07:00:03.914845+00:00
34027,1,Stefania Sandrelli,Stefania Sandrelli,Acting,2025-03-02 01:14:54.379063+00:00,2025-03-04 07:00:03.914845+00:00
229680,1,Ivana Chýlková,Ivana Chýlková,Acting,2025-03-02 01:14:54.379063+00:00,2025-03-04 07:00:03.914845+00:00
43716,1,Anneke Blok,Anneke Blok,Acting,2025-03-02 01:14:54.379063+00:00,2025-03-04 07:00:03.914845+00:00
124623,1,Carolina Crescentini,Carolina Crescentini,Acting,2025-03-02 01:14:54.379063+00:00,2025-03-04 07:00:03.914845+00:00
25257,1,Julieta Serrano,Julieta Serrano,Acting,2025-03-02 01:14:54.379063+00:00,2025-03-04 07:00:03.914845+00:00
5213821,1,Sahrah Pich Manika,Sahrah Pich Manika,Acting,2025-03-02 01:14:54.379063+00:00,2025-03-04 07:00:03.914845+00:00
219666,1,Madisen Beaty,Madisen Beaty,Acting,2025-03-02 01:14:54.379063+00:00,2025-03-04 07:00:03.914845+00:00
2351109,1,Alina Khan,Alina Khan,Acting,2025-03-02 01:14:54.379063+00:00,2025-03-04 07:00:03.914845+00:00
28080,1,Natalya Abramova,Наталья Абрамова,Acting,2025-03-02 01:14:54.379063+00:00,2025-03-04 07:00:03.914845+00:00
1185435,1,Fusako Urabe,占部房子,Acting,2025-03-02 01:14:54.379063+00:00,2025-03-04 07:00:03.914845+00:00
1390968,1,Selin Yeninci,Selin Yeninci,Acting,2025-03-02 01:14:54.379063+00:00,2025-03-04 07:00:03.914845+00:00
4305260,1,Olivia Graves,Olivia Graves,Acting,2025-03-02 01:14:54.379063+00:00,2025-03-04 07:00:03.914845+00:00
2183220,1,Kim Ji-hyun,김지현,Acting,2025-03-02 01:14:54.379063+00:00,2025-03-04 07:00:03.914845+00:00
1432056,1,Jule Hermann,Jule Hermann,Acting,2025-03-02 01:14:54.379063+00:00,2025-03-04 07:00:03.914845+00:00
39256,1,Im Ji-eun,임지은,Acting,2025-03-02 01:14:54.379063+00:00,2025-03-04 07:00:03.914845+00:00
1561072,1,Paula Gallego,Paula Gallego,Acting,2025-03-02 01:14:54.379063+00:00,2025-03-04 07:00:03.914845+00:00
1603600,1,Patricia López Arnaiz,Patricia López Arnaiz,Acting,2025-03-02 01:14:54.379063+00:00,2025-03-04 07:00:03.914845+00:00
59315,1,Olivia Wilde,Olivia Wilde,Acting,2025-03-02 01:14:54.379063+00:00,2025-03-04 07:00:03.914845+00:00
3136,1,Salma Hayek Pinault,Salma Hayek Pinault,Acting,2025-03-02 01:14:54.379063+00:00,2025-03-04 07:00:03.914845+00:00
1476994,1,Ma Sichun,马思纯,Acting,2025-03-02 01:14:54.379063+00:00,2025-03-04 07:00:03.914845+00:00
2227,1,Nicole Kidman,Nicole Kidman,Acting,2025-03-02 01:14:54.379063+00:00,2025-03-04 07:00:03.914845+00:00
3483785,1,Thalia Besson,Thalia Besson,Acting,2025-03-02 01:14:54.379063+00:00,2025-03-04 07:00:03.914845+00:00
94098,1,Gillian Jacobs,Gillian Jacobs,Acting,2025-03-02 01:14:54.379063+00:00,2025-03-04 07:00:03.914845+00:00
6830,1,Carly Nahon,Carly Nahon,Acting,2025-03-02 01:14:54.379063+00:00,2025-03-04 07:00:03.914845+00:00
678,1,Martina Gedeck,Martina Gedeck,Acting,2025-03-02 01:14:54.379063+00:00,2025-03-04 07:00:03.914845+00:00
47627,1,Janet McTeer,Janet McTeer,Acting,2025-03-02 01:14:54.379063+00:00,2025-03-04 07:00:03.914845+00:00
1234856,1,Nancy Wu Ting-Yan,胡定欣,Acting,2025-03-02 01:14:54.379063+00:00,2025-03-04 07:00:03.914845+00:00
997296,1,Sheren Tang Shui-Man,鄧萃雯,Acting,2025-03-02 01:14:54.379063+00:00,2025-03-04 07:00:03.914845+00:00
55512,1,Margarita Terekhova,Маргарита Терехова,Acting,2025-03-02 01:14:54.379063+00:00,2025-03-04 07:00:03.914845+00:00
1833067,1,Patricia Lin,Patricia Lin,Acting,2025-03-02 01:14:54.379063+00:00,2025-03-04 07:00:03.914845+00:00
1035980,1,Pau Hei-Ching,鮑起靜,Acting,2025-03-02 01:14:54.379063+00:00,2025-03-04 07:00:03.914845+00:00
1167459,1,Marine Vacth,Marine Vacth,Acting,2025-03-02 01:14:54.379063+00:00,2025-03-04 07:00:03.914845+00:00
1427680,1,Jessica Rothe,Jessica Rothe,Acting,2025-03-02 01:14:54.379063+00:00,2025-03-04 07:00:03.914845+00:00
2843063,1,Moon Lee,李沐,Acting,2025-03-02 01:14:54.379063+00:00,2025-03-04 07:00:03.914845+00:00
1303873,1,Jenna Kanell,Jenna Kanell,Acting,2025-03-02 01:14:54.379063+00:00,2025-03-04 07:00:03.914845+00:00
1815948,1,Karen Takizawa,滝沢カレン,Acting,2025-03-02 01:14:54.379063+00:00,2025-03-04 07:00:03.914845+00:00
3080664,1,Han Yunyun,Han Yunyun,Acting,2025-03-02 01:14:54.379063+00:00,2025-03-04 07:00:03.914845+00:00
71641,1,Hitomi Kuroki,黒木瞳,Acting,2025-03-02 01:14:54.379063+00:00,2025-03-04 07:00:03.914845+00:00
3339137,1,Sun Tsui Feng,Sun Tsui Feng,Acting,2025-03-02 01:14:54.379063+00:00,2025-03-04 07:00:03.914845+00:00
1564419,1,Nanoka Hara,原菜乃華,Acting,2025-03-02 01:14:54.379063+00:00,2025-03-04 07:00:03.914845+00:00
1982635,1,Eriko Nakamura,中村映里子,Acting,2025-03-02 01:14:54.379063+00:00,2025-03-04 07:00:03.914845+00:00
24485,1,Nicole Garcia,Nicole Garcia,Acting,2025-03-02 01:14:54.379063+00:00,2025-03-04 07:00:03.914845+00:00
143156,1,Iran Outari,Iran Outari,Acting,2025-03-02 01:14:54.379063+00:00,2025-03-04 07:00:03.914845+00:00
39257,1,Han Bo-bae,한보배,Acting,2025-03-02 01:14:54.379063+00:00,2025-03-04 07:00:03.914845+00:00
65426,1,Mayumi Izuka,飯塚雅弓,Acting,2025-03-02 01:14:54.379063+00:00,2025-03-04 07:00:03.914845+00:00
132999,1,Petra Martínez,Petra Martínez,Acting,2025-03-02 01:14:54.379063+00:00,2025-03-04 07:00:03.914845+00:00
3383606,1,Sarah Voigt,Sarah Voigt,Acting,2025-03-02 01:14:54.379063+00:00,2025-03-04 07:00:03.914845+00:00
5682,1,Anouk Aimée,Anouk Aimée,Acting,2025-03-02 01:14:54.379063+00:00,2025-03-04 07:00:03.914845+00:00
1587577,1,Bronwyn James,Bronwyn James,Acting,2025-03-02 01:14:54.379063+00:00,2025-03-04 07:00:03.914845+00:00
4088702,1,Jang Mi,장미,Acting,2025-03-02 01:14:54.379063+00:00,2025-03-04 07:00:03.914845+00:00
2247093,1,Shiori Kubo,久保史緒里,Acting,2025-03-02 01:14:54.379063+00:00,2025-03-04 07:00:03.914845+00:00
3882129,1,Engfa Waraha,อิงฟ้า วราหะ,Acting,2025-03-02 01:14:54.379063+00:00,2025-03-04 07:00:03.914845+00:00
1177257,1,Célia Pilastre,Célia Pilastre,Acting,2025-03-02 01:14:54.379063+00:00,2025-03-04 07:00:03.914845+00:00
7404,1,Sarah Silverman,Sarah Silverman,Acting,2025-03-02 09:35:42.269341+00:00,2025-03-04 07:00:03.914845+00:00
1538851,2,Kit Connor,Kit Connor,Acting,2025-03-02 01:14:54.379063+00:00,2025-03-04 07:00:03.914845+00:00
28485,2,Steve Pemberton,Steve Pemberton,Acting,2025-03-02 01:14:54.379063+00:00,2025-03-04 07:00:03.914845+00:00
3053741,2,Kang Tae-ju,강태주,Acting,2025-03-02 01:14:54.379063+00:00,2025-03-04 07:00:03.914845+00:00
1623685,2,Tablo,타블로,Acting,2025-03-02 01:14:54.379063+00:00,2025-03-04 07:00:03.914845+00:00
583853,2,Finnegan Oldfield,Finnegan Oldfield,Acting,2025-03-02 01:14:54.379063+00:00,2025-03-04 07:00:03.914845+00:00
4328380,2,Chao-Yang Wang,Chao-Yang Wang,Acting,2025-03-02 01:14:54.379063+00:00,2025-03-04 07:00:03.914845+00:00
8599,2,Jonathan Haagensen,Jonathan Haagensen,Acting,2025-03-02 01:14:54.379063+00:00,2025-03-04 07:00:03.914845+00:00
1084911,2,Go Ayano,綾野剛,Acting,2025-03-02 01:14:54.379063+00:00,2025-03-04 07:00:03.914845+00:00
2031915,2,Jin Suzuki,鈴木仁,Acting,2025-03-02 01:14:54.379063+00:00,2025-03-04 07:00:03.914845+00:00
11389,2,John Lone,John Lone,Acting,2025-03-02 01:14:54.379063+00:00,2025-03-04 07:00:03.914845+00:00
8475,2,Anatoliy Solonitsyn,Анатолий Солоницын,Acting,2025-03-02 01:14:54.379063+00:00,2025-03-04 07:00:03.914845+00:00
1639847,2,Yahya Abdul-Mateen II,Yahya Abdul-Mateen II,Acting,2025-03-02 01:14:54.379063+00:00,2025-03-04 07:00:03.914845+00:00
1241568,2,Tsuyoshi Domoto,堂本剛,Acting,2025-03-02 01:14:54.379063+00:00,2025-03-04 07:00:03.914845+00:00
1897258,2,Joshua,조슈아,Acting,2025-03-02 01:14:54.379063+00:00,2025-03-04 07:00:03.914845+00:00
226366,2,Brian Tyree Henry,Brian Tyree Henry,Acting,2025-03-02 01:14:54.379063+00:00,2025-03-04 07:00:03.914845+00:00
3618405,2,Hennymahamo,Hennymahamo,Acting,2025-03-02 01:14:54.379063+00:00,2025-03-04 07:00:03.914845+00:00
90567,2,Tomokazu Seki,関智一,Acting,2025-03-02 01:14:54.379063+00:00,2025-03-04 07:00:03.914845+00:00
20982,2,Marton Csokas,Marton Csokas,Acting,2025-03-02 01:14:54.379063+00:00,2025-03-04 07:00:03.914845+00:00
1834631,2,Edward Chen,陳昊森,Acting,2025-03-02 01:14:54.379063+00:00,2025-03-04 07:00:03.914845+00:00
102883,2,Woo Fung,胡楓,Acting,2025-03-02 01:14:54.379063+00:00,2025-03-04 07:00:03.914845+00:00
1871464,2,Benjamin Voisin,Benjamin Voisin,Acting,2025-03-02 01:14:54.379063+00:00,2025-03-04 07:00:03.914845+00:00
20021,2,Wilfried Hochholdinger,Wilfried Hochholdinger,Acting,2025-03-02 01:14:54.379063+00:00,2025-03-04 07:00:03.914845+00:00
18935,2,Matthias Bundschuh,Matthias Bundschuh,Acting,2025-03-02 01:14:54.379063+00:00,2025-03-04 07:00:03.914845+00:00
55174,2,Marcus Thomas,Marcus Thomas,Acting,2025-03-02 01:14:54.379063+00:00,2025-03-04 07:00:03.914845+00:00
66761,2,Leon Lai Ming,黎明,Acting,2025-03-02 01:14:54.379063+00:00,2025-03-04 07:00:03.914845+00:00
999460,2,Chan Fai-Hung,陳輝虹,Acting,2025-03-02 01:14:54.379063+00:00,2025-03-04 07:00:03.914845+00:00
1402803,2,Yoshihiko Inohara,井ノ原快彦,Acting,2025-03-02 01:14:54.379063+00:00,2025-03-04 07:00:03.914845+00:00
4148355,2,Tensei Okumura,Tensei Okumura,Acting,2025-03-02 01:14:54.379063+00:00,2025-03-04 07:00:03.914845+00:00
1660839,2,Anthony Bajon,Anthony Bajon,Acting,2025-03-02 01:14:54.379063+00:00,2025-03-04 07:00:03.914845+00:00
227084,2,Garik Kharlamov,Гарик Харламов,Acting,2025-03-02 01:14:54.379063+00:00,2025-03-04 07:00:03.914845+00:00
6163,2,Adam Goldberg,Adam Goldberg,Acting,2025-03-02 01:14:54.379063+00:00,2025-03-04 07:00:03.914845+00:00
89968,2,Kazuhiko Inoue,井上和彦,Acting,2025-03-02 01:14:54.379063+00:00,2025-03-04 07:00:03.914845+00:00
3174322,2,Hsin-Hao Huang,Hsin-Hao Huang,Acting,2025-03-02 01:14:54.379063+00:00,2025-03-04 07:00:03.914845+00:00
1336802,2,Lee Yoo-jun,이유준,Acting,2025-03-02 01:14:54.379063+00:00,2025-03-04 07:00:03.914845+00:00
1347978,2,Simon Hsueh,薛仕凌,Acting,2025-03-02 01:14:54.379063+00:00,2025-03-04 07:00:03.914845+00:00
5293,2,Willem Dafoe,Willem Dafoe,Acting,2025-03-02 01:14:54.379063+00:00,2025-03-04 07:00:03.914845+00:00
8169,2,Tyrese Gibson,Tyrese Gibson,Acting,2025-03-02 01:14:54.379063+00:00,2025-03-04 07:00:03.914845+00:00
932821,2,So Ji-sub,소지섭,Acting,2025-03-02 01:14:54.379063+00:00,2025-03-04 07:00:03.914845+00:00
24683,2,Jacques Weber,Jacques Weber,Acting,2025-03-02 01:14:54.379063+00:00,2025-03-04 07:00:03.914845+00:00
1477995,2,Jamie Paul,Jamie Paul,Acting,2025-03-02 01:14:54.379063+00:00,2025-03-04 07:00:03.914845+00:00
224378,2,Giorgio Tirabassi,Giorgio Tirabassi,Acting,2025-03-02 01:14:54.379063+00:00,2025-03-04 07:00:03.914845+00:00
141857,2,Choi Deok-moon,최덕문,Acting,2025-03-02 01:14:54.379063+00:00,2025-03-04 07:00:03.914845+00:00
239118,2,Guillaume Gouix,Guillaume Gouix,Acting,2025-03-02 01:14:54.379063+00:00,2025-03-04 07:00:03.914845+00:00
8198,2,Ulrich Tukur,Ulrich Tukur,Acting,2025-03-02 01:14:54.379063+00:00,2025-03-04 07:00:03.914845+00:00
192,2,Morgan Freeman,Morgan Freeman,Acting,2025-03-02 01:14:54.379063+00:00,2025-03-04 07:00:03.914845+00:00
2219112,2,Benny O. Arthur,Benny O. Arthur,Acting,2025-03-02 01:14:54.379063+00:00,2025-03-04 07:00:03.914845+00:00
96563,2,Yoshinori Okada,岡田義徳,Acting,2025-03-02 01:14:54.379063+00:00,2025-03-04 07:00:03.914845+00:00
76512,2,Jason Clarke,Jason Clarke,Acting,2025-03-02 01:14:54.379063+00:00,2025-03-04 07:00:03.914845+00:00
1207629,2,Yeo Jin-goo,여진구,Acting,2025-03-02 01:14:54.379063+00:00,2025-03-04 07:00:03.914845+00:00
80860,2,Jonathan Bailey,Jonathan Bailey,Acting,2025-03-02 01:14:54.379063+00:00,2025-03-04 07:00:03.914845+00:00
1112407,2,Tomu Miyazaki,宮崎吐夢,Acting,2025-03-02 01:14:54.379063+00:00,2025-03-04 07:00:03.914845+00:00
100585,2,Philip Ng Wan-Lung,伍允龍,Acting,2025-03-02 01:14:54.379063+00:00,2025-03-04 07:00:03.914845+00:00
1256325,2,Minho,민호,Acting,2025-03-02 01:14:54.379063+00:00,2025-03-04 07:00:03.914845+00:00
1544084,2,RM,RM,Acting,2025-03-02 01:14:54.379063+00:00,2025-03-04 07:00:03.914845+00:00
1079863,2,Tokuma Nishioka,西岡德馬,Acting,2025-03-02 01:14:54.379063+00:00,2025-03-04 07:00:03.914845+00:00
17064,2,Ben Whishaw,Ben Whishaw,Acting,2025-03-02 01:14:54.379063+00:00,2025-03-04 07:00:03.914845+00:00
69827,2,Duan Chun-hao,段鈞豪,Acting,2025-03-02 01:14:54.379063+00:00,2025-03-04 07:00:03.914845+00:00
1384277,2,Li Xian,李現,Acting,2025-03-02 01:14:54.379063+00:00,2025-03-04 07:00:03.914845+00:00
3142835,2,Will Fletcher,Will Fletcher,Acting,2025-03-02 01:14:54.379063+00:00,2025-03-04 07:00:03.914845+00:00
1248,2,Brian Cox,Brian Cox,Acting,2025-03-02 01:14:54.379063+00:00,2025-03-04 07:00:03.914845+00:00
1519685,2,Guy Branum,Guy Branum,Acting,2025-03-02 01:14:54.379063+00:00,2025-03-04 07:00:03.914845+00:00
69637,2,Leslie Cheung Kwok-Wing,張國榮,Acting,2025-03-02 01:14:54.379063+00:00,2025-03-04 07:00:03.914845+00:00
1379277,2,Alex Lawther,Alex Lawther,Acting,2025-03-02 01:14:54.379063+00:00,2025-03-04 07:00:03.914845+00:00
3577420,2,Josué Maychi,Josué Maychi,Acting,2025-03-02 01:14:54.379063+00:00,2025-03-04 07:00:03.914845+00:00
131290,2,Tsai Chen-Nan,蔡振南,Acting,2025-03-02 01:14:54.379063+00:00,2025-03-04 07:00:03.914845+00:00
548611,2,Takuji Suzuki,鈴木卓爾,Acting,2025-03-02 01:14:54.379063+00:00,2025-03-04 07:00:03.914845+00:00
247,2,William Sylvester,William Sylvester,Acting,2025-03-02 01:14:54.379063+00:00,2025-03-04 07:00:03.914845+00:00
1236,2,Mark Pellegrino,Mark Pellegrino,Acting,2025-03-02 01:14:54.379063+00:00,2025-03-04 07:00:03.914845+00:00
3677079,2,Phạm Minh Hữu Tiến,Phạm Minh Hữu Tiến,Acting,2025-03-02 01:14:54.379063+00:00,2025-03-04 07:00:03.914845+00:00
2684402,2,If Chen,陳奕甫,Creator,2025-03-02 01:14:54.379063+00:00,2025-03-04 07:00:03.914845+00:00
4454857,0,Tu Jung-Feng,Tu Jung-Feng,Directing,2025-03-02 01:14:54.379063+00:00,2025-03-04 07:00:03.914845+00:00
1063331,0,David Bisbano,David Bisbano,Directing,2025-03-02 01:14:54.379063+00:00,2025-03-04 07:00:03.914845+00:00
1593452,0,Nguyễn Minh Chung,Nguyễn Minh Chung,Directing,2025-03-02 01:14:54.379063+00:00,2025-03-04 07:00:03.914845+00:00
103602,1,Mabel Cheung Yuen-Ting,張婉婷,Directing,2025-03-02 01:14:54.379063+00:00,2025-03-04 07:00:03.914845+00:00
59218,1,Kat Coiro,Kat Coiro,Directing,2025-03-02 09:35:42.269341+00:00,2025-03-04 07:00:03.914845+00:00
29905,1,Marguerite Duras,Marguerite Duras,Directing,2025-03-02 01:14:54.379063+00:00,2025-03-04 07:00:03.914845+00:00
64883,2,Kang Je-kyu,강제규,Directing,2025-03-02 01:14:54.379063+00:00,2025-03-04 07:00:03.914845+00:00
1515341,2,Akira Amemiya,雨宮哲,Directing,2025-03-02 01:14:54.379063+00:00,2025-03-04 07:00:03.914845+00:00
1221292,2,Lois Patiño,Lois Patiño,Directing,2025-03-02 01:14:54.379063+00:00,2025-03-04 07:00:03.914845+00:00
932689,2,Tom Lin,Tom Lin,Directing,2025-03-02 01:14:54.379063+00:00,2025-03-04 07:00:03.914845+00:00
2383553,2,Tomasz Wiński,Tomasz Wiński,Directing,2025-03-02 01:14:54.379063+00:00,2025-03-04 07:00:03.914845+00:00
3776,2,Jean-Luc Godard,Jean-Luc Godard,Directing,2025-03-02 01:14:54.379063+00:00,2025-03-04 07:00:03.914845+00:00
62768,2,William Brent Bell,William Brent Bell,Directing,2025-03-02 01:14:54.379063+00:00,2025-03-04 07:00:03.914845+00:00
1375107,2,Wen-Han Shih,Wen-Han Shih,Directing,2025-03-02 01:14:54.379063+00:00,2025-03-04 07:00:03.914845+00:00
174313,2,Adam Nee,Adam Nee,Directing,2025-03-02 01:14:54.379063+00:00,2025-03-04 07:00:03.914845+00:00
1999367,2,Katsuichi Nakayama,中山勝一,Directing,2025-03-02 01:14:54.379063+00:00,2025-03-04 07:00:03.914845+00:00
26767,2,Ringo Lam Ling-Tung,林嶺東,Directing,2025-03-02 01:14:54.379063+00:00,2025-03-04 07:00:03.914845+00:00
2304947,2,Zhaoyan Guozhang,Zhaoyan Guozhang,Directing,2025-03-02 01:14:54.379063+00:00,2025-03-04 07:00:03.914845+00:00
1117043,2,Ken Iizuka,飯塚健,Directing,2025-03-02 01:14:54.379063+00:00,2025-03-04 07:00:03.914845+00:00
69167,2,Jūzō Itami,伊丹十三,Directing,2025-03-02 01:14:54.379063+00:00,2025-03-04 07:00:03.914845+00:00
928490,2,Camille Delamarre,Camille Delamarre,Editing,2025-03-02 01:14:54.379063+00:00,2025-03-04 07:00:03.914845+00:00
51896,1,Mar Targarona,Mar Targarona,Production,2025-03-02 01:14:54.379063+00:00,2025-03-04 07:00:03.914845+00:00
1466181,2,Hugh Welchman,Hugh Welchman,Production,2025-03-02 01:14:54.379063+00:00,2025-03-04 07:00:03.914845+00:00
1661161,0,Fausto Ancillai,Fausto Ancillai,Sound,2025-03-02 01:14:54.379063+00:00,2025-03-04 07:00:03.914845+00:00
44021,2,Pierre Barbaud,Pierre Barbaud,Sound,2025-03-02 01:14:54.379063+00:00,2025-03-04 07:00:03.914845+00:00
3896167,0,NGÔ PHẠM HẠNH THUÝ,NGÔ PHẠM HẠNH THUÝ,Writing,2025-03-02 01:14:54.379063+00:00,2025-03-04 07:00:03.914845+00:00
1051327,1,Alice Winocour,Alice Winocour,Writing,2025-03-02 01:14:54.379063+00:00,2025-03-04 07:00:03.914845+00:00
40333,2,Satoshi Kon,今敏,Writing,2025-03-02 01:14:54.379063+00:00,2025-03-04 07:00:03.914845+00:00
1356771,2,Anselm Chan,Anselm Chan,Writing,2025-03-02 01:14:54.379063+00:00,2025-03-04 07:00:03.914845+00:00
1377817,0,Shane Mardjuki,Shane Mardjuki,Acting,2025-03-02 01:14:54.379063+00:00,2025-03-04 07:00:03.914845+00:00
3153284,0,Hampus Nordenson,Hampus Nordenson,Acting,2025-03-02 01:14:54.379063+00:00,2025-03-04 07:00:03.914845+00:00
5166333,0,Lucrèce Hougbelo,Lucrèce Hougbelo,Acting,2025-03-02 01:14:54.379063+00:00,2025-03-04 07:00:03.914845+00:00
3760212,0,Bianca Beckles-Rose,Bianca Beckles-Rose,Acting,2025-03-02 01:14:54.379063+00:00,2025-03-04 07:00:03.914845+00:00
3463765,0,Jin Xuezhe,Jin Xuezhe,Acting,2025-03-02 01:14:54.379063+00:00,2025-03-04 07:00:03.914845+00:00
4469041,0,Kyra Kraus,Kyra Kraus,Acting,2025-03-02 01:14:54.379063+00:00,2025-03-04 07:00:03.914845+00:00
4042893,0,Ariya Buakong,Ariya Buakong,Acting,2025-03-02 01:14:54.379063+00:00,2025-03-04 07:00:03.914845+00:00
3463766,0,Lan Lihua,Lan Lihua,Acting,2025-03-02 01:14:54.379063+00:00,2025-03-04 07:00:03.914845+00:00
3887366,0,Juwairiya Idrisa Uwesu,Juwairiya Idrisa Uwesu,Acting,2025-03-02 01:14:54.379063+00:00,2025-03-04 07:00:03.914845+00:00
3229780,0,Atsuko Miyake,Atsuko Miyake,Acting,2025-03-02 01:14:54.379063+00:00,2025-03-04 07:00:03.914845+00:00
1592889,0,Wu Hong-ming,Wu Hong-ming,Acting,2025-03-02 01:14:54.379063+00:00,2025-03-04 07:00:03.914845+00:00
3681831,1,Zee Asadel,Zee JKT48,Acting,2025-03-02 01:14:54.379063+00:00,2025-03-04 07:00:03.914845+00:00
1120111,1,Ane Gabarain,Ane Gabarain,Acting,2025-03-02 01:14:54.379063+00:00,2025-03-04 07:00:03.914845+00:00
481337,1,Kaitlyn Dever,Kaitlyn Dever,Acting,2025-03-02 01:14:54.379063+00:00,2025-03-04 07:00:03.914845+00:00
210350,1,Mie Sonozaki,園崎未恵,Acting,2025-03-02 09:35:42.269341+00:00,2025-03-04 07:00:03.914845+00:00
221773,1,Saori Hayami,早見沙織,Acting,2025-03-02 01:14:54.379063+00:00,2025-03-04 07:00:03.914845+00:00
52776,1,Dagmara Dominczyk,Dagmara Dominczyk,Acting,2025-03-02 01:14:54.379063+00:00,2025-03-04 07:00:03.914845+00:00
68470,1,Minami Takayama,高山みなみ,Acting,2025-03-02 01:14:54.379063+00:00,2025-03-04 07:00:03.914845+00:00
136800,1,Tatiana Pauhofová,Tatiana Pauhofová,Acting,2025-03-02 01:14:54.379063+00:00,2025-03-04 07:00:03.914845+00:00
1335392,1,Mugi Kadowaki,門脇麦,Acting,2025-03-02 01:14:54.379063+00:00,2025-03-04 07:00:03.914845+00:00
1660452,1,Betty Gabriel,Betty Gabriel,Acting,2025-03-02 01:14:54.379063+00:00,2025-03-04 07:00:03.914845+00:00
2175208,1,Park You-na,박유나,Acting,2025-03-02 01:14:54.379063+00:00,2025-03-04 07:00:03.914845+00:00
79331,1,Ellen Dorrit Petersen,Ellen Dorrit Petersen,Acting,2025-03-02 01:14:54.379063+00:00,2025-03-04 07:00:03.914845+00:00
2106893,1,Ellen Wu,吳子霏,Acting,2025-03-02 01:14:54.379063+00:00,2025-03-04 07:00:03.914845+00:00
2745254,1,Kamila Urzędowska,Kamila Urzędowska,Acting,2025-03-02 01:14:54.379063+00:00,2025-03-04 07:00:03.914845+00:00
3356317,1,Alvin Lin,Alvin Lin,Acting,2025-03-02 01:14:54.379063+00:00,2025-03-04 07:00:03.914845+00:00
939150,1,Charlotte Vandermeersch,Charlotte Vandermeersch,Acting,2025-03-02 01:14:54.379063+00:00,2025-03-04 07:00:03.914845+00:00
3575134,1,Xi-Ti Cheng,Xi-Ti Cheng,Acting,2025-03-02 01:14:54.379063+00:00,2025-03-04 07:00:03.914845+00:00
18227,1,Anne Wiazemsky,Anne Wiazemsky,Acting,2025-03-02 01:14:54.379063+00:00,2025-03-04 07:00:03.914845+00:00
1451679,1,Kaori Ito,Kaori Ito,Acting,2025-03-02 01:14:54.379063+00:00,2025-03-04 07:00:03.914845+00:00
453272,1,Nora Arnezeder,Nora Arnezeder,Acting,2025-03-02 01:14:54.379063+00:00,2025-03-04 07:00:03.914845+00:00
2273501,1,Alexis Louder,Alexis Louder,Acting,2025-03-02 01:14:54.379063+00:00,2025-03-04 07:00:03.914845+00:00
1512920,1,Molly Nutley,Molly Nutley,Acting,2025-03-02 01:14:54.379063+00:00,2025-03-04 07:00:03.914845+00:00
592147,1,Yoko Maki,真木よう子,Acting,2025-03-02 09:35:42.269341+00:00,2025-03-04 07:00:03.914845+00:00
31895,1,Virna Lisi,Virna Lisi,Acting,2025-03-02 01:14:54.379063+00:00,2025-03-04 07:00:03.914845+00:00
5016391,1,Mansoureh Ilkhani,Mansoureh Ilkhani,Acting,2025-03-02 01:14:54.379063+00:00,2025-03-04 07:00:03.914845+00:00
2414436,1,Derya Pınar Ak,Derya Pınar Ak,Acting,2025-03-02 01:14:54.379063+00:00,2025-03-04 07:00:03.914845+00:00
1531318,1,Greet Verstraete,Greet Verstraete,Acting,2025-03-02 01:14:54.379063+00:00,2025-03-04 07:00:03.914845+00:00
1255540,1,Allison Williams,Allison Williams,Acting,2025-03-02 01:14:54.379063+00:00,2025-03-04 07:00:03.914845+00:00
3161069,1,Wei-Lun Xi,席惟倫,Acting,2025-03-02 01:14:54.379063+00:00,2025-03-04 07:00:03.914845+00:00
4887378,1,Rui Bao,睿宝,Acting,2025-03-02 01:14:54.379063+00:00,2025-03-04 07:00:03.914845+00:00
1496577,1,Bae Geu-rin,Bae Geu-rin,Acting,2025-03-02 01:14:54.379063+00:00,2025-03-04 07:00:03.914845+00:00
1254424,1,Kang Byul,강별,Acting,2025-03-02 01:14:54.379063+00:00,2025-03-04 07:00:03.914845+00:00
76170,1,Nahana,菜葉菜,Acting,2025-03-02 01:14:54.379063+00:00,2025-03-04 07:00:03.914845+00:00
11617,1,Mischa Barton,Mischa Barton,Acting,2025-03-02 01:14:54.379063+00:00,2025-03-04 07:00:03.914845+00:00
1338,1,Maggie Cheung Man-Yuk,張曼玉,Acting,2025-03-02 01:14:54.379063+00:00,2025-03-04 07:00:03.914845+00:00
54338,1,Hafsia Herzi,Hafsia Herzi,Acting,2025-03-02 01:14:54.379063+00:00,2025-03-04 07:00:03.914845+00:00
4060514,1,Jo Eun-sol,Jo Eun-sol,Acting,2025-03-02 01:14:54.379063+00:00,2025-03-04 07:00:03.914845+00:00
1349163,1,Oh Na-ra,오나라,Acting,2025-03-02 01:14:54.379063+00:00,2025-03-04 07:00:03.914845+00:00
93336,1,Evin Ahmad,Evin Ahmad,Acting,2025-03-02 01:14:54.379063+00:00,2025-03-04 07:00:03.914845+00:00
87582,1,Wakana Yamazaki,山崎和佳奈,Acting,2025-03-02 01:14:54.379063+00:00,2025-03-04 07:00:03.914845+00:00
32682,1,Stine Fischer Christensen,Stine Fischer Christensen,Acting,2025-03-02 01:14:54.379063+00:00,2025-03-04 07:00:03.914845+00:00
2195140,1,Ayo Edebiri,Ayo Edebiri,Acting,2025-03-02 01:14:54.379063+00:00,2025-03-04 07:00:03.914845+00:00
4067824,1,Ece Bağcı,Ece Bağcı,Acting,2025-03-02 01:14:54.379063+00:00,2025-03-04 07:00:03.914845+00:00
3723672,1,Seo Ji-yu,Seo Ji-yu,Acting,2025-03-02 01:14:54.379063+00:00,2025-03-04 07:00:03.914845+00:00
2762775,1,Mizuki Yoshida,吉田美月喜,Acting,2025-03-02 01:14:54.379063+00:00,2025-03-04 07:00:03.914845+00:00
1039343,1,Ryoko Shinohara,篠原涼子,Acting,2025-03-02 01:14:54.379063+00:00,2025-03-04 07:00:03.914845+00:00
1301834,1,Aoi Yoshikura,吉倉あおい,Acting,2025-03-02 01:14:54.379063+00:00,2025-03-04 07:00:03.914845+00:00
109646,1,Yoon Ji-hye,윤지혜,Acting,2025-03-02 01:14:54.379063+00:00,2025-03-04 07:00:03.914845+00:00
11150,1,Gina Gershon,Gina Gershon,Acting,2025-03-02 01:14:54.379063+00:00,2025-03-04 07:00:03.914845+00:00
4551940,1,Haruna Fukushima,福嶋晴菜,Acting,2025-03-02 01:14:54.379063+00:00,2025-03-04 07:00:03.914845+00:00
2784939,1,Anicca Panna,Anicca Panna,Acting,2025-03-02 01:14:54.379063+00:00,2025-03-04 07:00:03.914845+00:00
3128,1,Alicia Witt,Alicia Witt,Acting,2025-03-02 01:14:54.379063+00:00,2025-03-04 07:00:03.914845+00:00
2393014,1,Zélie Boulant-Lemesle,Zélie Boulant-Lemesle,Acting,2025-03-02 01:14:54.379063+00:00,2025-03-04 07:00:03.914845+00:00
1155671,1,Maria Rossing,Maria Rossing,Acting,2025-03-02 01:14:54.379063+00:00,2025-03-04 07:00:03.914845+00:00
19117,1,Emmanuelle Devos,Emmanuelle Devos,Acting,2025-03-02 01:14:54.379063+00:00,2025-03-04 07:00:03.914845+00:00
86858,2,Norihei Miki,三木のり平,Acting,2025-03-02 01:14:54.379063+00:00,2025-03-04 07:00:03.914845+00:00
14886,2,Craig Bierko,Craig Bierko,Acting,2025-03-02 01:14:54.379063+00:00,2025-03-04 07:00:03.914845+00:00
55663,2,Hitoshi Takagi,高木均,Acting,2025-03-02 01:14:54.379063+00:00,2025-03-04 07:00:03.914845+00:00
91870,2,Sadawo Abe,阿部隆史,Acting,2025-03-02 01:14:54.379063+00:00,2025-03-04 07:00:03.914845+00:00
4551116,2,Josh Huo,Cheng-chi Huo,Acting,2025-03-02 01:14:54.379063+00:00,2025-03-04 07:00:03.914845+00:00
1168934,2,Shuhei Nomura,野村周平,Acting,2025-03-02 01:14:54.379063+00:00,2025-03-04 07:00:03.914845+00:00
83172,2,Somchai Kemklad,สมชาย เข็มกลัด,Acting,2025-03-02 01:14:54.379063+00:00,2025-03-04 07:00:03.914845+00:00
2138500,2,Kiki Narendra,Kiki Narendra,Acting,2025-03-02 01:14:54.379063+00:00,2025-03-04 07:00:03.914845+00:00
3634452,2,Hua Tian-hao,Hua Tian-hao,Acting,2025-03-02 01:14:54.379063+00:00,2025-03-04 07:00:03.914845+00:00
120435,2,Yusuke Santamaria,中山裕介,Acting,2025-03-02 01:14:54.379063+00:00,2025-03-04 07:00:03.914845+00:00
2313835,2,Cha Rae-hyung,차래형,Acting,2025-03-02 01:14:54.379063+00:00,2025-03-04 07:00:03.914845+00:00
2725451,2,Trevor Gretzky,Trevor Gretzky,Acting,2025-03-02 01:14:54.379063+00:00,2025-03-04 07:00:03.914845+00:00
71930,2,Gustave Kervern,Gustave Kervern,Acting,2025-03-02 01:14:54.379063+00:00,2025-03-04 07:00:03.914845+00:00
1154449,2,Atsushi Abe,阿部敦,Acting,2025-03-02 01:14:54.379063+00:00,2025-03-04 07:00:03.914845+00:00
2175128,2,Oh Dong-min,오동민,Acting,2025-03-02 01:14:54.379063+00:00,2025-03-04 07:00:03.914845+00:00
3291,2,Hugh Grant,Hugh Grant,Acting,2025-03-02 01:14:54.379063+00:00,2025-03-04 07:00:03.914845+00:00
133190,2,Charles Blavette,Charles Blavette,Acting,2025-03-02 01:14:54.379063+00:00,2025-03-04 07:00:03.914845+00:00
2097341,2,Taeyong,태용,Acting,2025-03-02 01:14:54.379063+00:00,2025-03-04 07:00:03.914845+00:00
1566993,2,Lance A. Williams,Lance A. Williams,Acting,2025-03-02 01:14:54.379063+00:00,2025-03-04 07:00:03.914845+00:00
2110628,2,Diego Anido,Diego Anido,Acting,2025-03-02 01:14:54.379063+00:00,2025-03-04 07:00:03.914845+00:00
6861,2,Andre Braugher,Andre Braugher,Acting,2025-03-02 01:14:54.379063+00:00,2025-03-04 07:00:03.914845+00:00
3710822,2,Carlos Solórzano,Carlos Solórzano,Acting,2025-03-02 01:14:54.379063+00:00,2025-03-04 07:00:03.914845+00:00
22970,2,Peter Dinklage,Peter Dinklage,Acting,2025-03-02 01:14:54.379063+00:00,2025-03-04 07:00:03.914845+00:00
90159,2,Takashi Fujii,藤井隆,Acting,2025-03-02 01:14:54.379063+00:00,2025-03-04 07:00:03.914845+00:00
2143181,2,"Carlos Librado ""Nene""","Carlos Librado ""Nene""",Acting,2025-03-02 01:14:54.379063+00:00,2025-03-04 07:00:03.914845+00:00
65301,2,Phil Daniels,Phil Daniels,Acting,2025-03-02 01:14:54.379063+00:00,2025-03-04 07:00:03.914845+00:00
3199078,2,Asaf Jonas,Asaf Jonas,Acting,2025-03-02 01:14:54.379063+00:00,2025-03-04 07:00:03.914845+00:00
31712,2,William Converse-Roberts,William Converse-Roberts,Acting,2025-03-02 01:14:54.379063+00:00,2025-03-04 07:00:03.914845+00:00
72254,2,Éric Caravaca,Éric Caravaca,Acting,2025-03-02 01:14:54.379063+00:00,2025-03-04 07:00:03.914845+00:00
76298,2,Sebastien Dewaele,Sebastien Dewaele,Acting,2025-03-02 01:14:54.379063+00:00,2025-03-04 07:00:03.914845+00:00
2668035,2,Thamrong Cunpisut,Thamrong Cunpisut,Acting,2025-03-02 01:14:54.379063+00:00,2025-03-04 07:00:03.914845+00:00
234645,2,Toshiro Yanagiba,柳葉敏郎,Acting,2025-03-02 01:14:54.379063+00:00,2025-03-04 07:00:03.914845+00:00
4262579,2,Yi-Mo Yu,余奕墨,Acting,2025-03-02 01:14:54.379063+00:00,2025-03-04 07:00:03.914845+00:00
1344361,2,"Kelvin Harrison, Jr.","Kelvin Harrison, Jr.",Acting,2025-03-02 01:14:54.379063+00:00,2025-03-04 07:00:03.914845+00:00
3780833,2,Edmund Chen,Edmund Chen,Acting,2025-03-02 01:14:54.379063+00:00,2025-03-04 07:00:03.914845+00:00
65731,2,Sam Worthington,Sam Worthington,Acting,2025-03-02 01:14:54.379063+00:00,2025-03-04 07:00:03.914845+00:00
3365625,2,Rosen Tsai,Rosen Tsai,Acting,2025-03-02 01:14:54.379063+00:00,2025-03-04 07:00:03.914845+00:00
3131644,2,Yasaka Chaisorn,ยะสะกะ ไชยสร,Acting,2025-03-02 01:14:54.379063+00:00,2025-03-04 07:00:03.914845+00:00
1680187,2,Kanta Sato,佐藤寛太,Acting,2025-03-02 01:14:54.379063+00:00,2025-03-04 07:00:03.914845+00:00
1429141,2,Shoya Chiba,千葉翔也,Acting,2025-03-02 01:14:54.379063+00:00,2025-03-04 07:00:03.914845+00:00
1240438,2,Mario Pu,馬力歐,Acting,2025-03-02 01:14:54.379063+00:00,2025-03-04 07:00:03.914845+00:00
1762312,2,Katsuya Maiguma,毎熊克哉,Acting,2025-03-02 01:14:54.379063+00:00,2025-03-04 07:00:03.914845+00:00
1910646,2,Zhang Zhiyong,Zhang Zhiyong,Acting,2025-03-02 01:14:54.379063+00:00,2025-03-04 07:00:03.914845+00:00
2682419,2,Chubu Huajie,楚布花羯,Acting,2025-03-02 01:14:54.379063+00:00,2025-03-04 07:00:03.914845+00:00
1251223,2,Wu Kang-ren,吳慷仁,Acting,2025-03-02 01:14:54.379063+00:00,2025-03-04 07:00:03.914845+00:00
2097346,2,Haechan,해찬,Acting,2025-03-02 01:14:54.379063+00:00,2025-03-04 07:00:03.914845+00:00
3121495,2,Eric Chou,Eric Chou,Acting,2025-03-02 01:14:54.379063+00:00,2025-03-04 07:00:03.914845+00:00
1075029,2,Antonio Pagudo,Antonio Pagudo,Acting,2025-03-02 01:14:54.379063+00:00,2025-03-04 07:00:03.914845+00:00
1573819,2,Liu Haoran,刘昊然,Acting,2025-03-02 01:14:54.379063+00:00,2025-03-04 07:00:03.914845+00:00
230658,2,Osamu Mukai,向井理,Acting,2025-03-02 01:14:54.379063+00:00,2025-03-04 07:00:03.914845+00:00
30737,2,Bolek Polívka,Bolek Polívka,Acting,2025-03-02 01:14:54.379063+00:00,2025-03-04 07:00:03.914845+00:00
12074,2,John Lithgow,John Lithgow,Acting,2025-03-02 01:14:54.379063+00:00,2025-03-04 07:00:03.914845+00:00
24816,2,Pierre Arditi,Pierre Arditi,Acting,2025-03-02 01:14:54.379063+00:00,2025-03-04 07:00:03.914845+00:00
1544093,2,V,뷔,Acting,2025-03-02 01:14:54.379063+00:00,2025-03-04 07:00:03.914845+00:00
86976,2,Soko Wada,和田聰宏,Acting,2025-03-02 01:14:54.379063+00:00,2025-03-04 07:00:03.914845+00:00
941037,2,Katsuyuki Shinohara,篠原勝之,Acting,2025-03-02 01:14:54.379063+00:00,2025-03-04 07:00:03.914845+00:00
3186341,0,Raha Amirfazli,Raha Amirfazli,Directing,2025-03-02 01:14:54.379063+00:00,2025-03-04 07:00:03.914845+00:00
4818790,0,Lee Se-won,Lee Se-won,Directing,2025-03-02 01:14:54.379063+00:00,2025-03-04 07:00:03.914845+00:00
1789100,0,Martin Scali,Martin Scali,Directing,2025-03-02 01:14:54.379063+00:00,2025-03-04 07:00:03.914845+00:00
2020204,1,Hanna Bergholm,Hanna Bergholm,Directing,2025-03-02 01:14:54.379063+00:00,2025-03-04 07:00:03.914845+00:00
1210155,1,Mahalia Belo,Mahalia Belo,Directing,2025-03-02 01:14:54.379063+00:00,2025-03-04 07:00:03.914845+00:00
19774,1,Mary Nighy,Mary Nighy,Directing,2025-03-02 01:14:54.379063+00:00,2025-03-04 07:00:03.914845+00:00
1543246,1,Alisa Kovalenko,Alisa Kovalenko,Directing,2025-03-02 01:14:54.379063+00:00,2025-03-04 07:00:03.914845+00:00
1064049,1,Alli Haapasalo,Alli Haapasalo,Directing,2025-03-02 01:14:54.379063+00:00,2025-03-04 07:00:03.914845+00:00
1515263,1,Kamila Andini,Kamila Andini,Directing,2025-03-02 01:14:54.379063+00:00,2025-03-04 07:00:03.914845+00:00
2000640,2,Hiroshi Koujina,神志那弘志,Directing,2025-03-02 01:14:54.379063+00:00,2025-03-04 07:00:03.914845+00:00
21737,2,Marc Rothemund,Marc Rothemund,Directing,2025-03-02 01:14:54.379063+00:00,2025-03-04 07:00:03.914845+00:00
112752,2,Kim Yong-gyun,김용균,Directing,2025-03-02 01:14:54.379063+00:00,2025-03-04 07:00:03.914845+00:00
122423,2,Yorgos Lanthimos,Yorgos Lanthimos,Directing,2025-03-02 01:14:54.379063+00:00,2025-03-04 07:00:03.914845+00:00
2303,2,Wim Wenders,Wim Wenders,Directing,2025-03-02 01:14:54.379063+00:00,2025-03-04 07:00:03.914845+00:00
1500758,2,Ángel Manuel Soto,Ángel Manuel Soto,Directing,2025-03-02 01:14:54.379063+00:00,2025-03-04 07:00:03.914845+00:00
2127,2,James Wan,James Wan,Directing,2025-03-02 01:14:54.379063+00:00,2025-03-04 07:00:03.914845+00:00
35453,2,Pierre Morel,Pierre Morel,Directing,2025-03-02 01:14:54.379063+00:00,2025-03-04 07:00:03.914845+00:00
7288,2,Stéphane Brizé,Stéphane Brizé,Directing,2025-03-02 01:14:54.379063+00:00,2025-03-04 07:00:03.914845+00:00
3569329,2,Wu Yu,Wu Yu,Directing,2025-03-02 01:14:54.379063+00:00,2025-03-04 07:00:03.914845+00:00
5655,2,Wes Anderson,Wes Anderson,Directing,2025-03-02 01:14:54.379063+00:00,2025-03-04 07:00:03.914845+00:00
2003026,2,Juraj Lerotić,Juraj Lerotić,Directing,2025-03-02 01:14:54.379063+00:00,2025-03-04 07:00:03.914845+00:00
3353532,2,Shen Danguei,Shen Danguei,Directing,2025-03-02 01:14:54.379063+00:00,2025-03-04 07:00:03.914845+00:00
1115707,2,Daihachi Yoshida,吉田大八,Directing,2025-03-02 01:14:54.379063+00:00,2025-03-04 07:00:03.914845+00:00
74091,2,Makoto Shinkai,新海誠,Directing,2025-03-02 01:14:54.379063+00:00,2025-03-04 07:00:03.914845+00:00
1450348,2,Joel Crawford,Joel Crawford,Directing,2025-03-02 01:14:54.379063+00:00,2025-03-04 07:00:03.914845+00:00
1366450,2,Michael Morris,Michael Morris,Directing,2025-03-02 01:14:54.379063+00:00,2025-03-04 07:00:03.914845+00:00
20310,2,Takashi Shimizu,清水崇,Directing,2025-03-02 01:14:54.379063+00:00,2025-03-04 07:00:03.914845+00:00
146922,2,Ilya Maksimov,Ilya Maksimov,Directing,2025-03-02 01:14:54.379063+00:00,2025-03-04 07:00:03.914845+00:00
3879718,2,Benjamin Brewer,Benjamin Brewer,Directing,2025-03-02 01:14:54.379063+00:00,2025-03-04 07:00:03.914845+00:00
1879401,2,Nick Cheuk,Nick Cheuk,Writing,2025-03-02 01:14:54.379063+00:00,2025-03-04 07:00:03.914845+00:00
3379647,0,Jérémy Lechevallier,Jérémy Lechevallier,Acting,2025-03-02 01:14:54.379063+00:00,2025-03-04 07:00:03.914845+00:00
1878200,0,Nam Thư,Nam Thư,Acting,2025-03-02 01:14:54.379063+00:00,2025-03-04 07:00:03.914845+00:00
2593895,0,Gong Zihan,Gong Zihan,Acting,2025-03-02 01:14:54.379063+00:00,2025-03-04 07:00:03.914845+00:00
1492692,0,Mara Lane,Mara Lane,Acting,2025-03-02 01:14:54.379063+00:00,2025-03-04 07:00:03.914845+00:00
3556058,0,Samir Elias,Samir Elias,Acting,2025-03-02 01:14:54.379063+00:00,2025-03-04 07:00:03.914845+00:00
3008726,0,Chimi Dem,Chimi Dem,Acting,2025-03-02 01:14:54.379063+00:00,2025-03-04 07:00:03.914845+00:00
4056406,0,Battsooj Uurtsaikh,Battsooj Uurtsaikh,Acting,2025-03-02 01:14:54.379063+00:00,2025-03-04 07:00:03.914845+00:00
3268867,0,Belal Faiz,Belal Faiz,Acting,2025-03-02 01:14:54.379063+00:00,2025-03-04 07:00:03.914845+00:00
3319870,0,Vania Salar,Vania Salar,Acting,2025-03-02 01:14:54.379063+00:00,2025-03-04 07:00:03.914845+00:00
3202352,0,Daigo Kato,Daigo Kato,Acting,2025-03-02 01:14:54.379063+00:00,2025-03-04 07:00:03.914845+00:00
220620,1,Alyssa Sutherland,Alyssa Sutherland,Acting,2025-03-02 01:14:54.379063+00:00,2025-03-04 07:00:03.914845+00:00
1749592,1,Ina Tsai,蔡亘晏,Acting,2025-03-02 01:14:54.379063+00:00,2025-03-04 07:00:03.914845+00:00
1564846,1,Auliʻi Cravalho,Auliʻi Cravalho,Acting,2025-03-02 01:14:54.379063+00:00,2025-03-04 07:00:03.914845+00:00
4011271,1,Arisa Nakano,Arisa Nakano,Acting,2025-03-02 01:14:54.379063+00:00,2025-03-04 07:00:03.914845+00:00
1454976,1,Suzu Hirose,広瀬すず,Acting,2025-03-02 01:14:54.379063+00:00,2025-03-04 07:00:03.914845+00:00
55536,1,Melissa McCarthy,Melissa McCarthy,Acting,2025-03-02 01:14:54.379063+00:00,2025-03-04 07:00:03.914845+00:00
2773990,1,Addison Rae,Addison Rae,Acting,2025-03-02 01:14:54.379063+00:00,2025-03-04 07:00:03.914845+00:00
1200384,1,Kim Bo-ra,김보라,Acting,2025-03-02 01:14:54.379063+00:00,2025-03-04 07:00:03.914845+00:00
12672,1,Carina Lau Kar-Ling,劉嘉玲,Acting,2025-03-02 01:14:54.379063+00:00,2025-03-04 07:00:03.914845+00:00
25649,1,Ayu Kitaura,北浦愛,Acting,2025-03-02 01:14:54.379063+00:00,2025-03-04 07:00:03.914845+00:00
18997,1,Bryce Dallas Howard,Bryce Dallas Howard,Acting,2025-03-02 09:35:42.269341+00:00,2025-03-04 07:00:03.914845+00:00
8293,1,Marion Cotillard,Marion Cotillard,Acting,2025-03-02 01:14:54.379063+00:00,2025-03-04 07:00:03.914845+00:00
25256,1,Victoria Abril,Victoria Abril,Acting,2025-03-02 01:14:54.379063+00:00,2025-03-04 07:00:03.914845+00:00
1911673,1,Camila Cabello,Camila Cabello,Acting,2025-03-02 01:14:54.379063+00:00,2025-03-04 07:00:03.914845+00:00
1576065,1,Shin Eun-soo,신은수,Acting,2025-03-02 01:14:54.379063+00:00,2025-03-04 07:00:03.914845+00:00
2214888,1,Kim Hye-yoon,김혜윤,Acting,2025-03-02 01:14:54.379063+00:00,2025-03-04 07:00:03.914845+00:00
1263930,1,Chun Woo-hee,천우희,Acting,2025-03-02 01:14:54.379063+00:00,2025-03-04 07:00:03.914845+00:00
9138,1,Gemma Jones,Gemma Jones,Acting,2025-03-02 01:14:54.379063+00:00,2025-03-04 07:00:03.914845+00:00
56323,1,Tina Fey,Tina Fey,Acting,2025-03-02 01:14:54.379063+00:00,2025-03-04 07:00:03.914845+00:00
5683,1,Sandra Milo,Sandra Milo,Acting,2025-03-02 01:14:54.379063+00:00,2025-03-04 07:00:03.914845+00:00
1055172,1,Junko Hori,堀絢子,Acting,2025-03-02 01:14:54.379063+00:00,2025-03-04 07:00:03.914845+00:00
123808,1,Na Moon-hee,나문희,Acting,2025-03-02 01:14:54.379063+00:00,2025-03-04 07:00:03.914845+00:00
78350,1,Yuki Amami,天海祐希,Acting,2025-03-02 01:14:54.379063+00:00,2025-03-04 07:00:03.914845+00:00
3438358,1,Yoyo Tse Wing-yan,謝咏欣,Acting,2025-03-02 01:14:54.379063+00:00,2025-03-04 07:00:03.914845+00:00
2335631,1,Siiri Solalinna,Siiri Solalinna,Acting,2025-03-02 01:14:54.379063+00:00,2025-03-04 07:00:03.914845+00:00
43366,1,Ann Dowd,Ann Dowd,Acting,2025-03-02 01:14:54.379063+00:00,2025-03-04 07:00:03.914845+00:00
1977981,1,Athena Strates,Athena Strates,Acting,2025-03-02 01:14:54.379063+00:00,2025-03-04 07:00:03.914845+00:00
33040,1,Nicolette Krebitz,Nicolette Krebitz,Acting,2025-03-02 01:14:54.379063+00:00,2025-03-04 07:00:03.914845+00:00
2764823,1,Tomu Muto,Tomu Muto,Acting,2025-03-02 01:14:54.379063+00:00,2025-03-04 07:00:03.914845+00:00
62105,1,Kerry Condon,Kerry Condon,Acting,2025-03-02 01:14:54.379063+00:00,2025-03-04 07:00:03.914845+00:00
3514165,1,Pinthip Orachorn,Pinthip Orachorn,Acting,2025-03-02 01:14:54.379063+00:00,2025-03-04 07:00:03.914845+00:00
146114,1,Hong Huifang,Hong Huifang,Acting,2025-03-02 01:14:54.379063+00:00,2025-03-04 07:00:03.914845+00:00
2294255,1,Sophia Heikkilä,Sophia Heikkilä,Acting,2025-03-02 01:14:54.379063+00:00,2025-03-04 07:00:03.914845+00:00
3566776,1,Lin Ying-Tung,林映彤,Acting,2025-03-02 01:14:54.379063+00:00,2025-03-04 07:00:03.914845+00:00
1274229,1,Marthe Schneider,Marthe Schneider,Acting,2025-03-02 01:14:54.379063+00:00,2025-03-04 07:00:03.914845+00:00
1921268,1,Ema Horvath,Ema Horvath,Acting,2025-03-02 01:14:54.379063+00:00,2025-03-04 07:00:03.914845+00:00
4997601,1,Rion Takahashi,高橋里恩,Acting,2025-03-02 01:14:54.379063+00:00,2025-03-04 07:00:03.914845+00:00
129616,1,Anh Thư,Anh Thư,Acting,2025-03-02 09:35:42.269341+00:00,2025-03-04 07:00:03.914845+00:00
1150391,1,Ratu Felisha,Ratu Felisha,Acting,2025-03-02 01:14:54.379063+00:00,2025-03-04 07:00:03.914845+00:00
2331794,1,Suzy Bemba,Suzy Bemba,Acting,2025-03-02 01:14:54.379063+00:00,2025-03-04 07:00:03.914845+00:00
1251224,1,Mouni Roy,Mouni Roy,Acting,2025-03-02 01:14:54.379063+00:00,2025-03-04 07:00:03.914845+00:00
56816,1,Michelle Reis,李嘉欣,Acting,2025-03-02 01:14:54.379063+00:00,2025-03-04 07:00:03.914845+00:00
1239675,1,Hwang Bo-ra,황보라,Acting,2025-03-02 01:14:54.379063+00:00,2025-03-04 07:00:03.914845+00:00
83264,1,Katarzyna Figura,Katarzyna Figura,Acting,2025-03-02 01:14:54.379063+00:00,2025-03-04 07:00:03.914845+00:00
2414315,1,Akana Ikeda,池田朱那,Acting,2025-03-02 01:14:54.379063+00:00,2025-03-04 07:00:03.914845+00:00
3331363,2,Idan Aedan,Idan Aedan,Acting,2025-03-02 01:14:54.379063+00:00,2025-03-04 07:00:03.914845+00:00
52685,2,Makram J. Khoury,Makram J. Khoury,Acting,2025-03-02 01:14:54.379063+00:00,2025-03-04 07:00:03.914845+00:00
207,2,Tom Wilkinson,Tom Wilkinson,Acting,2025-03-02 01:14:54.379063+00:00,2025-03-04 07:00:03.914845+00:00
3168446,2,Benjamin Tsang,曾向鎮,Acting,2025-03-02 01:14:54.379063+00:00,2025-03-04 07:00:03.914845+00:00
3026,2,Rob Reiner,Rob Reiner,Acting,2025-03-02 01:14:54.379063+00:00,2025-03-04 07:00:03.914845+00:00
1233094,2,Kwon Sang-woo,권상우,Acting,2025-03-02 01:14:54.379063+00:00,2025-03-04 07:00:03.914845+00:00
10980,2,Daniel Radcliffe,Daniel Radcliffe,Acting,2025-03-02 01:14:54.379063+00:00,2025-03-04 07:00:03.914845+00:00
2115306,2,Keisuke Watanabe,渡邊圭祐,Acting,2025-03-02 01:14:54.379063+00:00,2025-03-04 07:00:03.914845+00:00
82875,2,Kosuke Toyohara,豊原功補,Acting,2025-03-02 01:14:54.379063+00:00,2025-03-04 07:00:03.914845+00:00
52583,2,Wagner Moura,Wagner Moura,Acting,2025-03-02 01:14:54.379063+00:00,2025-03-04 07:00:03.914845+00:00
3711189,2,Kuoshih Wen,Kuoshih Wen,Acting,2025-03-02 01:14:54.379063+00:00,2025-03-04 07:00:03.914845+00:00
57054,2,Winston Chao,Winston Chao,Acting,2025-03-02 01:14:54.379063+00:00,2025-03-04 07:00:03.914845+00:00
14639,2,Mel Brooks,Mel Brooks,Acting,2025-03-02 01:14:54.379063+00:00,2025-03-04 07:00:03.914845+00:00
84996,2,Yoo Hai-jin,유해진,Acting,2025-03-02 01:14:54.379063+00:00,2025-03-04 07:00:03.914845+00:00
1454163,2,Ibnu Jamil,Ibnu Jamil,Acting,2025-03-02 01:14:54.379063+00:00,2025-03-04 07:00:03.914845+00:00
2888,2,Will Smith,Will Smith,Acting,2025-03-02 01:14:54.379063+00:00,2025-03-04 07:00:03.914845+00:00
1261449,2,Supathat Opas,สุภทัต โอภาส,Acting,2025-03-02 01:14:54.379063+00:00,2025-03-04 07:00:03.914845+00:00
1107287,2,Fredrik Stenberg Ditlev-Simonsen,Fredrik Stenberg Ditlev-Simonsen,Acting,2025-03-02 01:14:54.379063+00:00,2025-03-04 07:00:03.914845+00:00
1610,2,Javier Cámara,Javier Cámara,Acting,2025-03-02 01:14:54.379063+00:00,2025-03-04 07:00:03.914845+00:00
1084912,2,Taketo Tanaka,田中偉登,Acting,2025-03-02 01:14:54.379063+00:00,2025-03-04 07:00:03.914845+00:00
20904,2,James Hong,James Hong,Acting,2025-03-02 01:14:54.379063+00:00,2025-03-04 07:00:03.914845+00:00
4919978,2,Summer,林佳辰,Acting,2025-03-02 01:14:54.379063+00:00,2025-03-04 07:00:03.914845+00:00
3195937,2,Tasuku Kaito,海渡翼,Acting,2025-03-02 01:14:54.379063+00:00,2025-03-04 07:00:03.914845+00:00
1179445,2,George Tchortov,George Tchortov,Acting,2025-03-02 01:14:54.379063+00:00,2025-03-04 07:00:03.914845+00:00
1252731,2,Mitsuhiro Ichiki,市来光弘,Acting,2025-03-02 01:14:54.379063+00:00,2025-03-04 07:00:03.914845+00:00
555778,2,Pongsatorn Jongwilas,พงศธร จงวิลาส,Acting,2025-03-02 01:14:54.379063+00:00,2025-03-04 07:00:03.914845+00:00
38609,2,Thomas Sarbacher,Thomas Sarbacher,Acting,2025-03-02 01:14:54.379063+00:00,2025-03-04 07:00:03.914845+00:00
22226,2,Paul Rudd,Paul Rudd,Acting,2025-03-02 01:14:54.379063+00:00,2025-03-04 07:00:03.914845+00:00
1450385,2,Brian Dare,Brian Dare,Acting,2025-03-02 01:14:54.379063+00:00,2025-03-04 07:00:03.914845+00:00
1784461,2,Thomas Prenn,Thomas Prenn,Acting,2025-03-02 01:14:54.379063+00:00,2025-03-04 07:00:03.914845+00:00
1423713,2,Grégory Montel,Grégory Montel,Acting,2025-03-02 01:14:54.379063+00:00,2025-03-04 07:00:03.914845+00:00
5012790,2,Kota Oka,岡幸太,Acting,2025-03-02 01:14:54.379063+00:00,2025-03-04 07:00:03.914845+00:00
21198,2,Peter Sohn,Peter Sohn,Acting,2025-03-02 01:14:54.379063+00:00,2025-03-04 07:00:03.914845+00:00
11750,2,Dan Hicks,Dan Hicks,Acting,2025-03-02 01:14:54.379063+00:00,2025-03-04 07:00:03.914845+00:00
5441,2,Édouard Montoute,Édouard Montoute,Acting,2025-03-02 01:14:54.379063+00:00,2025-03-04 07:00:03.914845+00:00
2636413,2,Kento Nagao,長尾謙杜,Acting,2025-03-02 01:14:54.379063+00:00,2025-03-04 07:00:03.914845+00:00
1063319,2,Álex García,Álex García,Acting,2025-03-02 01:14:54.379063+00:00,2025-03-04 07:00:03.914845+00:00
2007875,2,Lo Chun-Yip,盧鎮業,Acting,2025-03-02 01:14:54.379063+00:00,2025-03-04 07:00:03.914845+00:00
1207245,2,Leonard Scheicher,Leonard Scheicher,Acting,2025-03-02 01:14:54.379063+00:00,2025-03-04 07:00:03.914845+00:00
2381047,2,Kim Hyeon-mok,김현목,Acting,2025-03-02 01:14:54.379063+00:00,2025-03-04 07:00:03.914845+00:00
7107,2,Daniel Olbrychski,Daniel Olbrychski,Acting,2025-03-02 01:14:54.379063+00:00,2025-03-04 07:00:03.914845+00:00
68903,2,Hwang Jung-min,황정민,Acting,2025-03-02 01:14:54.379063+00:00,2025-03-04 07:00:03.914845+00:00
1292971,2,Park Hae-jun,박해준,Acting,2025-03-02 01:14:54.379063+00:00,2025-03-04 07:00:03.914845+00:00
1374676,2,Raghav Juyal,Raghav Juyal,Acting,2025-03-02 01:14:54.379063+00:00,2025-03-04 07:00:03.914845+00:00
543505,2,Jake Johnson,Jake Johnson,Acting,2025-03-02 01:14:54.379063+00:00,2025-03-04 07:00:03.914845+00:00
3487350,2,Artur Aramyan,Artur Aramyan,Acting,2025-03-02 01:14:54.379063+00:00,2025-03-04 07:00:03.914845+00:00
4324061,2,José García Tos,José García Tos,Acting,2025-03-02 01:14:54.379063+00:00,2025-03-04 07:00:03.914845+00:00
617,2,Ichiro Nagai,永井一郎,Acting,2025-03-02 01:14:54.379063+00:00,2025-03-04 07:00:03.914845+00:00
2674840,2,Paul Kircher,Paul Kircher,Acting,2025-03-02 01:14:54.379063+00:00,2025-03-04 07:00:03.914845+00:00
7277,2,Georges Wilson,Georges Wilson,Acting,2025-03-02 01:14:54.379063+00:00,2025-03-04 07:00:03.914845+00:00
1342161,2,Thanawat Wattanaputi,Thanawat Wattanaputi,Acting,2025-03-02 01:14:54.379063+00:00,2025-03-04 07:00:03.914845+00:00
71059,2,Zhongkai Hua,Zhongkai Hua,Acting,2025-03-02 01:14:54.379063+00:00,2025-03-04 07:00:03.914845+00:00
1138751,2,Gianni Capaldi,Gianni Capaldi,Acting,2025-03-02 01:14:54.379063+00:00,2025-03-04 07:00:03.914845+00:00
1360152,2,Tosin Cole,Tosin Cole,Acting,2025-03-02 01:14:54.379063+00:00,2025-03-04 07:00:03.914845+00:00
54170,2,Jérôme Commandeur,Jérôme Commandeur,Acting,2025-03-02 01:14:54.379063+00:00,2025-03-04 07:00:03.914845+00:00
2742965,2,Brett Tutor,Brett Tutor,Acting,2025-03-02 01:14:54.379063+00:00,2025-03-04 07:00:03.914845+00:00
146287,2,Pio Marmaï,Pio Marmaï,Acting,2025-03-02 01:14:54.379063+00:00,2025-03-04 07:00:03.914845+00:00
220232,2,Luke Pasqualino,Luke Pasqualino,Acting,2025-03-02 01:14:54.379063+00:00,2025-03-04 07:00:03.914845+00:00
140763,2,Manav Vij,Manav Vij,Acting,2025-03-02 01:14:54.379063+00:00,2025-03-04 07:00:03.914845+00:00
690,2,Ke Huy Quan,Ke Huy Quan,Acting,2025-03-02 01:14:54.379063+00:00,2025-03-04 07:00:03.914845+00:00
3894,2,Christian Bale,Christian Bale,Acting,2025-03-02 01:14:54.379063+00:00,2025-03-04 07:00:03.914845+00:00
3936302,2,Lin Tse-kai,林澤凱,Acting,2025-03-02 01:14:54.379063+00:00,2025-03-04 07:00:03.914845+00:00
1279249,2,Gijs Blom,Gijs Blom,Acting,2025-03-02 01:14:54.379063+00:00,2025-03-04 07:00:03.914845+00:00
1845819,0,Shinobu Sasaki,佐々木忍,Directing,2025-03-02 01:14:54.379063+00:00,2025-03-04 07:00:03.914845+00:00
3483989,0,Adam Gunn,Adam Gunn,Directing,2025-03-02 01:14:54.379063+00:00,2025-03-04 07:00:03.914845+00:00
2466702,0,Alessandro Antonaci,Alessandro Antonaci,Directing,2025-03-02 01:14:54.379063+00:00,2025-03-04 07:00:03.914845+00:00
2726421,1,Anastasia Tsang,Anastasia Tsang,Directing,2025-03-02 01:14:54.379063+00:00,2025-03-04 07:00:03.914845+00:00
3613598,1,Inarah Syarafina,Inarah Syarafina,Directing,2025-03-02 01:14:54.379063+00:00,2025-03-04 07:00:03.914845+00:00
1138579,1,Akiko Ohku,大九明子,Directing,2025-03-02 01:14:54.379063+00:00,2025-03-04 07:00:03.914845+00:00
545330,1,April Mullen,April Mullen,Directing,2025-03-02 01:14:54.379063+00:00,2025-03-04 07:00:03.914845+00:00
9158,1,Sharon Maguire,Sharon Maguire,Directing,2025-03-02 01:14:54.379063+00:00,2025-03-04 07:00:03.914845+00:00
68813,1,Céline Sciamma,Céline Sciamma,Directing,2025-03-02 01:14:54.379063+00:00,2025-03-04 07:00:03.914845+00:00
123199,1,Ann Hui,Ann Hui,Directing,2025-03-02 01:14:54.379063+00:00,2025-03-04 07:00:03.914845+00:00
1292227,2,Hlynur Pálmason,Hlynur Pálmason,Directing,2025-03-02 01:14:54.379063+00:00,2025-03-04 07:00:03.914845+00:00
1130801,2,Gabriele Mainetti,Gabriele Mainetti,Directing,2025-03-02 01:14:54.379063+00:00,2025-03-04 07:00:03.914845+00:00
608,2,Hayao Miyazaki,宮崎駿,Directing,2025-03-02 01:14:54.379063+00:00,2025-03-04 07:00:03.914845+00:00
1080183,2,Daigo Matsui,松居大悟,Directing,2025-03-02 01:14:54.379063+00:00,2025-03-04 07:00:03.914845+00:00
638,2,Michael Mann,Michael Mann,Directing,2025-03-02 01:14:54.379063+00:00,2025-03-04 07:00:03.914845+00:00
3322564,2,Gao Ke,Gao Ke,Directing,2025-03-02 01:14:54.379063+00:00,2025-03-04 07:00:03.914845+00:00
2838953,2,Keat Aun Chong,Keat Aun Chong,Directing,2025-03-02 01:14:54.379063+00:00,2025-03-04 07:00:03.914845+00:00
1061561,2,Mark Cousins,Mark Cousins,Directing,2025-03-02 01:14:54.379063+00:00,2025-03-04 07:00:03.914845+00:00
568692,2,Tim Fehlbaum,Tim Fehlbaum,Directing,2025-03-02 01:14:54.379063+00:00,2025-03-04 07:00:03.914845+00:00
1250472,2,Kenichi Kasai,カサヰケンイチ,Directing,2025-03-02 01:14:54.379063+00:00,2025-03-04 07:00:03.914845+00:00
239637,2,Jérôme Bonnell,Jérôme Bonnell,Directing,2025-03-02 01:14:54.379063+00:00,2025-03-04 07:00:03.914845+00:00
105400,2,Isamu Nakae,中江功,Directing,2025-03-02 01:14:54.379063+00:00,2025-03-04 07:00:03.914845+00:00
3556,2,Roman Polanski,Roman Polanski,Directing,2025-03-02 01:14:54.379063+00:00,2025-03-04 07:00:03.914845+00:00
12995,2,Marc Forster,Marc Forster,Directing,2025-03-02 01:14:54.379063+00:00,2025-03-04 07:00:03.914845+00:00
2064257,2,Ming-Chien Lin,林明謙,Directing,2025-03-02 01:14:54.379063+00:00,2025-03-04 07:00:03.914845+00:00
1695602,2,Alexandr Babaev,Alexandr Babaev,Directing,2025-03-02 01:14:54.379063+00:00,2025-03-04 07:00:03.914845+00:00
2070452,2,Michael Philippou,Michael Philippou,Directing,2025-03-02 01:14:54.379063+00:00,2025-03-04 07:00:03.914845+00:00
3436,2,Keiichi Suzuki,鈴木慶一,Sound,2025-03-02 01:14:54.379063+00:00,2025-03-04 07:00:03.914845+00:00
1190581,0,Alejandro Hidalgo,Alejandro Hidalgo,Writing,2025-03-02 01:14:54.379063+00:00,2025-03-04 07:00:03.914845+00:00
1174080,1,Ho Miu-Kei,Ho Miu-Kei,Writing,2025-03-02 01:14:54.379063+00:00,2025-03-04 07:00:03.914845+00:00
84425,2,Éric Toledano,Éric Toledano,Writing,2025-03-02 01:14:54.379063+00:00,2025-03-04 07:00:03.914845+00:00
1452270,2,Larry Yang,Larry Yang,Writing,2025-03-02 01:14:54.379063+00:00,2025-03-04 07:00:03.914845+00:00
54265,0,Tserendarizav Dashnyam,Tserendarizav Dashnyam,Acting,2025-03-02 01:14:54.379063+00:00,2025-03-04 07:00:03.914845+00:00
3831908,0,Shahd Algonfedy,Shahd Algonfedy,Acting,2025-03-02 01:14:54.379063+00:00,2025-03-04 07:00:03.914845+00:00
1913574,0,Orsolya Moldovan,Orsolya Moldovan,Acting,2025-03-02 01:14:54.379063+00:00,2025-03-04 07:00:03.914845+00:00
4551365,0,Sonam Topden,Sonam Topden,Acting,2025-03-02 01:14:54.379063+00:00,2025-03-04 07:00:03.914845+00:00
3508930,0,Loïc Pech,Loïc Pech,Acting,2025-03-02 01:14:54.379063+00:00,2025-03-04 07:00:03.914845+00:00
1953928,0,Pema Chokey,Pema Chokey,Acting,2025-03-02 01:14:54.379063+00:00,2025-03-04 07:00:03.914845+00:00
1187355,0,Annina Butterworth,Annina Butterworth,Acting,2025-03-02 01:14:54.379063+00:00,2025-03-04 07:00:03.914845+00:00
3155737,0,Nicole Schalmo,Nicole Schalmo,Acting,2025-03-02 01:14:54.379063+00:00,2025-03-04 07:00:03.914845+00:00
2646485,0,Kim Da-hee,Kim Da-hee,Acting,2025-03-02 01:14:54.379063+00:00,2025-03-04 07:00:03.914845+00:00
3120498,0,Bakary Kebe,Bakary Kebe,Acting,2025-03-02 01:14:54.379063+00:00,2025-03-04 07:00:03.914845+00:00
2406920,0,Alex Freeman,Alex Freeman,Acting,2025-03-02 01:14:54.379063+00:00,2025-03-04 07:00:03.914845+00:00
4590146,0,Zhanna Homa,Zhanna Homa,Acting,2025-03-02 01:14:54.379063+00:00,2025-03-04 07:00:03.914845+00:00
1123730,0,Tai-an Huang,Tai-an Huang,Acting,2025-03-02 01:14:54.379063+00:00,2025-03-04 07:00:03.914845+00:00
1488724,0,Giorgos Biniaris,Γιώργος Μπινιάρης,Acting,2025-03-02 01:14:54.379063+00:00,2025-03-04 07:00:03.914845+00:00
4534066,0,Purevjargal Erdenebileg,Purevjargal Erdenebileg,Acting,2025-03-02 01:14:54.379063+00:00,2025-03-04 07:00:03.914845+00:00
2300107,0,Pyotr Ivaschenko,Pyotr Ivaschenko,Acting,2025-03-02 01:14:54.379063+00:00,2025-03-04 07:00:03.914845+00:00
1442829,1,Breeda Wool,Breeda Wool,Acting,2025-03-02 01:14:54.379063+00:00,2025-03-04 07:00:03.914845+00:00
6019,1,Nathalie Richard,Nathalie Richard,Acting,2025-03-02 01:14:54.379063+00:00,2025-03-04 07:00:03.914845+00:00
291375,1,Florence Viala,Florence Viala,Acting,2025-03-02 01:14:54.379063+00:00,2025-03-04 07:00:03.914845+00:00
1536911,1,Cecilia So Lai-Shan,蘇麗珊,Acting,2025-03-02 01:14:54.379063+00:00,2025-03-04 07:00:03.914845+00:00
1287268,1,Nana Komatsu,小松菜奈,Acting,2025-03-02 01:14:54.379063+00:00,2025-03-04 07:00:03.914845+00:00
2946554,1,Rakel Lenora Fløttum,Rakel Lenora Fløttum,Acting,2025-03-02 01:14:54.379063+00:00,2025-03-04 07:00:03.914845+00:00
1627287,1,Jia Ling,贾玲,Acting,2025-03-02 01:14:54.379063+00:00,2025-03-04 07:00:03.914845+00:00
1417328,1,Junko Abe,阿部純子,Acting,2025-03-02 01:14:54.379063+00:00,2025-03-04 07:00:03.914845+00:00
20472,1,Norah Jones,Norah Jones,Acting,2025-03-02 01:14:54.379063+00:00,2025-03-04 07:00:03.914845+00:00
17522,1,Cécile de France,Cécile de France,Acting,2025-03-02 01:14:54.379063+00:00,2025-03-04 07:00:03.914845+00:00
130605,1,Sire Ma,Sire Ma,Acting,2025-03-02 01:14:54.379063+00:00,2025-03-04 07:00:03.914845+00:00
1145460,1,Vivian Chen,陳德容,Acting,2025-03-02 01:14:54.379063+00:00,2025-03-04 07:00:03.914845+00:00
1080195,1,Vicky Krieps,Vicky Krieps,Acting,2025-03-02 01:14:54.379063+00:00,2025-03-04 07:00:03.914845+00:00
1909697,1,Aurora Ribero,Aurora Ribero,Acting,2025-03-02 01:14:54.379063+00:00,2025-03-04 07:00:03.914845+00:00
1712994,1,Carla Campra,Carla Campra,Acting,2025-03-02 01:14:54.379063+00:00,2025-03-04 07:00:03.914845+00:00
125854,1,Amaia Salamanca,Amaia Salamanca,Acting,2025-03-02 01:14:54.379063+00:00,2025-03-04 07:00:03.914845+00:00
126716,1,Amber Kuo,郭采潔,Acting,2025-03-02 01:14:54.379063+00:00,2025-03-04 07:00:03.914845+00:00
1018399,1,Ella Chen Chia-hwa,陳嘉樺,Acting,2025-03-02 01:14:54.379063+00:00,2025-03-04 07:00:03.914845+00:00
1140,1,Charlotte Véry,Charlotte Véry,Acting,2025-03-02 01:14:54.379063+00:00,2025-03-04 07:00:03.914845+00:00
3417134,1,Elizabeth Yu,Elizabeth Yu,Acting,2025-03-02 01:14:54.379063+00:00,2025-03-04 07:00:03.914845+00:00
1875844,1,LISA,ลิซ่า,Acting,2025-03-02 01:14:54.379063+00:00,2025-03-04 07:00:03.914845+00:00
1059584,1,Kim Ok-vin,김옥빈,Acting,2025-03-02 01:14:54.379063+00:00,2025-03-04 07:00:03.914845+00:00
1723871,1,Wu Yanshu,吳彥姝,Acting,2025-03-02 01:14:54.379063+00:00,2025-03-04 07:00:03.914845+00:00
556435,1,Cho Yeo-jeong,조여정,Acting,2025-03-02 01:14:54.379063+00:00,2025-03-04 07:00:03.914845+00:00
1315036,1,Daisy Ridley,Daisy Ridley,Acting,2025-03-02 01:14:54.379063+00:00,2025-03-04 07:00:03.914845+00:00
368,1,Reese Witherspoon,Reese Witherspoon,Acting,2025-03-02 01:14:54.379063+00:00,2025-03-04 07:00:03.914845+00:00
1590797,1,Sadie Sink,Sadie Sink,Acting,2025-03-02 01:14:54.379063+00:00,2025-03-04 07:00:03.914845+00:00
2128873,1,Carol Duarte,Carol Duarte,Acting,2025-03-02 01:14:54.379063+00:00,2025-03-04 07:00:03.914845+00:00
1887586,1,Cho Yun-hee,조윤희,Acting,2025-03-02 01:14:54.379063+00:00,2025-03-04 07:00:03.914845+00:00
3124,1,Valeria Golino,Valeria Golino,Acting,2025-03-02 01:14:54.379063+00:00,2025-03-04 07:00:03.914845+00:00
15385,1,Alida Valli,Alida Valli,Acting,2025-03-02 01:14:54.379063+00:00,2025-03-04 07:00:03.914845+00:00
1259367,1,Urassaya Sperbund,อุรัสยา เสปอร์บันด์,Acting,2025-03-02 01:14:54.379063+00:00,2025-03-04 07:00:03.914845+00:00
262128,1,Cora Miao,Cora Miao,Acting,2025-03-02 01:14:54.379063+00:00,2025-03-04 07:00:03.914845+00:00
4375664,1,Laufey,Laufey,Acting,2025-03-02 01:14:54.379063+00:00,2025-03-04 07:00:03.914845+00:00
1772522,1,Yume Miyamoto,宮本侑芽,Acting,2025-03-02 01:14:54.379063+00:00,2025-03-04 07:00:03.914845+00:00
2300044,1,Lan Phương,Lan Phương,Acting,2025-03-02 01:14:54.379063+00:00,2025-03-04 07:00:03.914845+00:00
2053787,1,Asuka Saito,齋藤飛鳥,Acting,2025-03-02 01:14:54.379063+00:00,2025-03-04 07:00:03.914845+00:00
33448,1,Judy Parfitt,Judy Parfitt,Acting,2025-03-02 01:14:54.379063+00:00,2025-03-04 07:00:03.914845+00:00
2571053,1,Sarah Francesca Brænne,Sarah Francesca Brænne,Acting,2025-03-02 01:14:54.379063+00:00,2025-03-04 07:00:03.914845+00:00
1469675,1,Su Ming-ming,蘇明明,Acting,2025-03-02 01:14:54.379063+00:00,2025-03-04 07:00:03.914845+00:00
956385,1,Meadow Williams,Meadow Williams,Acting,2025-03-02 09:35:42.269341+00:00,2025-03-04 07:00:03.914845+00:00
2963385,1,Ramadevi Kannanchery,Ramadevi Kannanchery,Acting,2025-03-02 01:14:54.379063+00:00,2025-03-04 07:00:03.914845+00:00
1736342,1,Miu Tomita,富田望生,Acting,2025-03-02 01:14:54.379063+00:00,2025-03-04 07:00:03.914845+00:00
2079854,1,Kristine Kujath Thorp,Kristine Kujath Thorp,Acting,2025-03-02 01:14:54.379063+00:00,2025-03-04 07:00:03.914845+00:00
30083,1,Lindsay Duncan,Lindsay Duncan,Acting,2025-03-02 01:14:54.379063+00:00,2025-03-04 07:00:03.914845+00:00
490022,1,Ravshana Kurkova,Равшана Куркова,Acting,2025-03-02 01:14:54.379063+00:00,2025-03-04 07:00:03.914845+00:00
27396,1,Sônia Braga,Sônia Braga,Acting,2025-03-02 01:14:54.379063+00:00,2025-03-04 07:00:03.914845+00:00
110300,1,Kin Sugai,菅井きん,Acting,2025-03-02 01:14:54.379063+00:00,2025-03-04 07:00:03.914845+00:00
7152,1,Sandra Hüller,Sandra Hüller,Acting,2025-03-02 01:14:54.379063+00:00,2025-03-04 07:00:03.914845+00:00
643,1,Gong Li,巩俐,Acting,2025-03-02 01:14:54.379063+00:00,2025-03-04 07:00:03.914845+00:00
69698,1,Suh Jung,서정,Acting,2025-03-02 01:14:54.379063+00:00,2025-03-04 07:00:03.914845+00:00
1762667,1,Minori Hagiwara,萩原みのり,Acting,2025-03-02 01:14:54.379063+00:00,2025-03-04 07:00:03.914845+00:00
3155118,1,Lee Ju-myoung,이주명,Acting,2025-03-02 01:14:54.379063+00:00,2025-03-04 07:00:03.914845+00:00
131294,1,Tarcy Su,蘇慧倫,Acting,2025-03-02 01:14:54.379063+00:00,2025-03-04 07:00:03.914845+00:00
1414117,1,Anaïs Parello,Anaïs Parello,Acting,2025-03-02 01:14:54.379063+00:00,2025-03-04 07:00:03.914845+00:00
1070805,1,Ranee Campen,Ranee Campen,Acting,2025-03-02 01:14:54.379063+00:00,2025-03-04 07:00:03.914845+00:00
139573,1,Jacqueline Andere,Jacqueline Andere,Acting,2025-03-02 01:14:54.379063+00:00,2025-03-04 07:00:03.914845+00:00
31080,2,Taro Yamamoto,山本太郎,Acting,2025-03-02 01:14:54.379063+00:00,2025-03-04 07:00:03.914845+00:00
2380399,2,Sean Sagar,Sean Sagar,Acting,2025-03-02 01:14:54.379063+00:00,2025-03-04 07:00:03.914845+00:00
58611,2,Kiyohiko Shibukawa,渋川清彦,Acting,2025-03-02 01:14:54.379063+00:00,2025-03-04 07:00:03.914845+00:00
543530,2,Dave Bautista,Dave Bautista,Acting,2025-03-02 01:14:54.379063+00:00,2025-03-04 07:00:03.914845+00:00
3038411,2,Park Ji-hoon,Park Ji-hoon,Acting,2025-03-02 01:14:54.379063+00:00,2025-03-04 07:00:03.914845+00:00
1640,2,Stellan Skarsgård,Stellan Skarsgård,Acting,2025-03-02 01:14:54.379063+00:00,2025-03-04 07:00:03.914845+00:00
585211,2,Masaki Suda,菅田将暉,Acting,2025-03-02 01:14:54.379063+00:00,2025-03-04 07:00:03.914845+00:00
1348586,2,Lee Ho-won,이호원,Acting,2025-03-02 01:14:54.379063+00:00,2025-03-04 07:00:03.914845+00:00
1221143,2,Nobuo Tobita,飛田展男,Acting,2025-03-02 01:14:54.379063+00:00,2025-03-04 07:00:03.914845+00:00
17401,2,Stephen Root,Stephen Root,Acting,2025-03-02 01:14:54.379063+00:00,2025-03-04 07:00:03.914845+00:00
1561554,2,Leung Kin-Ping,Leung Kin-Ping,Acting,2025-03-02 01:14:54.379063+00:00,2025-03-04 07:00:03.914845+00:00
2192,2,Lambert Wilson,Lambert Wilson,Acting,2025-03-02 01:14:54.379063+00:00,2025-03-04 07:00:03.914845+00:00
2970107,2,Pieter Roelofs,Pieter Roelofs,Acting,2025-03-02 01:14:54.379063+00:00,2025-03-04 07:00:03.914845+00:00
1544092,2,Jimin,지민,Acting,2025-03-02 01:14:54.379063+00:00,2025-03-04 07:00:03.914845+00:00
96688,2,Javier Rey,Javier Rey,Acting,2025-03-02 01:14:54.379063+00:00,2025-03-04 07:00:03.914845+00:00
2503609,2,Hiroto Honda,本田広登,Acting,2025-03-02 01:14:54.379063+00:00,2025-03-04 07:00:03.914845+00:00
9195,2,Hiroyuki Sanada,真田広之,Acting,2025-03-02 01:14:54.379063+00:00,2025-03-04 07:00:03.914845+00:00
1544088,2,Jin,진,Acting,2025-03-02 01:14:54.379063+00:00,2025-03-04 07:00:03.914845+00:00
2774515,2,Albert Leung,Albert Leung,Acting,2025-03-02 01:14:54.379063+00:00,2025-03-04 07:00:03.914845+00:00
2839618,2,Komori Hayato,小森隼,Acting,2025-03-02 01:14:54.379063+00:00,2025-03-04 07:00:03.914845+00:00
202032,2,Ralph Ineson,Ralph Ineson,Acting,2025-03-02 01:14:54.379063+00:00,2025-03-04 07:00:03.914845+00:00
66717,2,Anthony Wong Chau-Sang,黃秋生,Acting,2025-03-02 01:14:54.379063+00:00,2025-03-04 07:00:03.914845+00:00
150572,2,Stratos Tzortzoglou,Στράτος Τζώρτζογλου,Acting,2025-03-02 01:14:54.379063+00:00,2025-03-04 07:00:03.914845+00:00
1733,2,Nick Nolte,Nick Nolte,Acting,2025-03-02 01:14:54.379063+00:00,2025-03-04 07:00:03.914845+00:00
2832609,2,Alexandre Jollien,Alexandre Jollien,Acting,2025-03-02 01:14:54.379063+00:00,2025-03-04 07:00:03.914845+00:00
96416,2,Xavier Maly,Xavier Maly,Acting,2025-03-02 01:14:54.379063+00:00,2025-03-04 07:00:03.914845+00:00
2126460,2,Harutomo Koyama,小山春朋,Acting,2025-03-02 01:14:54.379063+00:00,2025-03-04 07:00:03.914845+00:00
1989290,2,Jin Sun-kyu,진선규,Acting,2025-03-02 01:14:54.379063+00:00,2025-03-04 07:00:03.914845+00:00
22063,2,James Frain,James Frain,Acting,2025-03-02 01:14:54.379063+00:00,2025-03-04 07:00:03.914845+00:00
91873,2,Katsuhisa Namase,生瀬勝久,Acting,2025-03-02 01:14:54.379063+00:00,2025-03-04 07:00:03.914845+00:00
7824,2,Philipp Hochmair,Philipp Hochmair,Acting,2025-03-02 01:14:54.379063+00:00,2025-03-04 07:00:03.914845+00:00
123739,2,Lily Franky,中川雅也,Acting,2025-03-02 01:14:54.379063+00:00,2025-03-04 07:00:03.914845+00:00
1872292,2,Wachirawit Ruangwiwat,วชิรวิชญ์ เรืองวิวรรธน์,Acting,2025-03-02 01:14:54.379063+00:00,2025-03-04 07:00:03.914845+00:00
723,2,Patrick Swayze,Patrick Swayze,Acting,2025-03-02 01:14:54.379063+00:00,2025-03-04 07:00:03.914845+00:00
579295,2,Samuel Bottomley,Samuel Bottomley,Acting,2025-03-02 01:14:54.379063+00:00,2025-03-04 07:00:03.914845+00:00
123824,2,Kong Jeong-hwan,공정환,Acting,2025-03-02 01:14:54.379063+00:00,2025-03-04 07:00:03.914845+00:00
6020,2,Denis Podalydès,Denis Podalydès,Acting,2025-03-02 01:14:54.379063+00:00,2025-03-04 07:00:03.914845+00:00
1923,2,Robbie Coltrane,Robbie Coltrane,Acting,2025-03-02 01:14:54.379063+00:00,2025-03-04 07:00:03.914845+00:00
143996,2,Antoni Pawlicki,Antoni Pawlicki,Acting,2025-03-02 01:14:54.379063+00:00,2025-03-04 07:00:03.914845+00:00
3454929,2,Chu Pak-Him,Chu Pak-Him,Acting,2025-03-02 01:14:54.379063+00:00,2025-03-04 07:00:03.914845+00:00
17605,2,Idris Elba,Idris Elba,Acting,2025-03-02 01:14:54.379063+00:00,2025-03-04 07:00:03.914845+00:00
2893050,2,Jerónimo Barón,Jerónimo Barón,Acting,2025-03-02 01:14:54.379063+00:00,2025-03-04 07:00:03.914845+00:00
1137149,2,Ming Dao,Ming Dao,Acting,2025-03-02 01:14:54.379063+00:00,2025-03-04 07:00:03.914845+00:00
77928,2,Bruno Salomone,Bruno Salomone,Acting,2025-03-02 01:14:54.379063+00:00,2025-03-04 07:00:03.914845+00:00
2199023,2,Ashin,Ashin,Acting,2025-03-02 01:14:54.379063+00:00,2025-03-04 07:00:03.914845+00:00
2007924,2,Evgeny Romantsov,Евгений Романцов,Acting,2025-03-02 01:14:54.379063+00:00,2025-03-04 07:00:03.914845+00:00
1955049,2,Gabriel Stauffer,Gabriel Stauffer,Acting,2025-03-02 01:14:54.379063+00:00,2025-03-04 07:00:03.914845+00:00
1030512,2,Dayo Okeniyi,Dayo Okeniyi,Acting,2025-03-02 01:14:54.379063+00:00,2025-03-04 07:00:03.914845+00:00
1370832,2,Shazad Latif,Shazad Latif,Acting,2025-03-02 01:14:54.379063+00:00,2025-03-04 07:00:03.914845+00:00
1376106,2,Huang Xuan,黄轩,Acting,2025-03-02 01:14:54.379063+00:00,2025-03-04 07:00:03.914845+00:00
649,2,Vernon Dobtcheff,Vernon Dobtcheff,Acting,2025-03-02 01:14:54.379063+00:00,2025-03-04 07:00:03.914845+00:00
931254,2,Tse Kwan-Ho,謝君豪,Acting,2025-03-02 01:14:54.379063+00:00,2025-03-04 07:00:03.914845+00:00
5442,2,Benoît Magimel,Benoît Magimel,Acting,2025-03-02 01:14:54.379063+00:00,2025-03-04 07:00:03.914845+00:00
2417467,2,Pruk Panich,พฤกษ์ พานิช,Acting,2025-03-02 01:14:54.379063+00:00,2025-03-04 07:00:03.914845+00:00
212285,2,Jack Whitehall,Jack Whitehall,Acting,2025-03-02 01:14:54.379063+00:00,2025-03-04 07:00:03.914845+00:00
4275,2,Alain Chabat,Alain Chabat,Acting,2025-03-02 01:14:54.379063+00:00,2025-03-04 07:00:03.914845+00:00
2269274,0,Roberto Bueso,Roberto Bueso,Directing,2025-03-02 01:14:54.379063+00:00,2025-03-04 07:00:03.914845+00:00
3118286,0,Park Dong-hee,Park Dong-hee,Directing,2025-03-02 01:14:54.379063+00:00,2025-03-04 07:00:03.914845+00:00
3289267,0,賴麗君,賴麗君,Directing,2025-03-02 01:14:54.379063+00:00,2025-03-04 07:00:03.914845+00:00
220691,1,Laura Poitras,Laura Poitras,Directing,2025-03-02 01:14:54.379063+00:00,2025-03-04 07:00:03.914845+00:00
1728174,1,Ann Sirot,Ann Sirot,Directing,2025-03-02 01:14:54.379063+00:00,2025-03-04 07:00:03.914845+00:00
1204066,1,Natalya Merkulova,Natalya Merkulova,Directing,2025-03-02 01:14:54.379063+00:00,2025-03-04 07:00:03.914845+00:00
2752335,2,Yōsuke Gotō,後藤庸介,Directing,2025-03-02 01:14:54.379063+00:00,2025-03-04 07:00:03.914845+00:00
2055172,2,Maciej Barczewski,Maciej Barczewski,Directing,2025-03-02 01:14:54.379063+00:00,2025-03-04 07:00:03.914845+00:00
3317,2,Takeshi Kitano,ビートたけし,Directing,2025-03-02 01:14:54.379063+00:00,2025-03-04 07:00:03.914845+00:00
68573,2,Walt Becker,Walt Becker,Directing,2025-03-02 01:14:54.379063+00:00,2025-03-04 07:00:03.914845+00:00
581943,2,Yang Ya-che,楊雅喆,Directing,2025-03-02 01:14:54.379063+00:00,2025-03-04 07:00:03.914845+00:00
554487,2,Hiroyuki Tsuji,辻裕之,Directing,2025-03-02 01:14:54.379063+00:00,2025-03-04 07:00:03.914845+00:00
115309,2,Khyentse Norbu,Khyentse Norbu,Directing,2025-03-02 01:14:54.379063+00:00,2025-03-04 07:00:03.914845+00:00
1771406,2,Jang Hang-jun,장항준,Directing,2025-03-02 01:14:54.379063+00:00,2025-03-04 07:00:03.914845+00:00
557736,2,Park Hoon-jung,박훈정,Directing,2025-03-02 01:14:54.379063+00:00,2025-03-04 07:00:03.914845+00:00
3459039,2,Lau Kok-Rui,Lau Kok-Rui,Directing,2025-03-02 01:14:54.379063+00:00,2025-03-04 07:00:03.914845+00:00
17520,2,Cédric Klapisch,Cédric Klapisch,Directing,2025-03-02 01:14:54.379063+00:00,2025-03-04 07:00:03.914845+00:00
133251,2,Takahiro Miki,三木孝浩,Directing,2025-03-02 01:14:54.379063+00:00,2025-03-04 07:00:03.914845+00:00
592312,2,Miloslav Šmídmajer,Miloslav Šmídmajer,Directing,2025-03-02 01:14:54.379063+00:00,2025-03-04 07:00:03.914845+00:00
90812,2,Scott Mann,Scott Mann,Directing,2025-03-02 01:14:54.379063+00:00,2025-03-04 07:00:03.914845+00:00
582255,2,Kike Maíllo,Kike Maíllo,Directing,2025-03-02 01:14:54.379063+00:00,2025-03-04 07:00:03.914845+00:00
1333870,2,Kaidi Zhan,詹凱迪,Directing,2025-03-02 01:14:54.379063+00:00,2025-03-04 07:00:03.914845+00:00
1584382,2,İlker Çatak,İlker Çatak,Directing,2025-03-02 01:14:54.379063+00:00,2025-03-04 07:00:03.914845+00:00
55075,2,Jeff Wadlow,Jeff Wadlow,Directing,2025-03-02 01:14:54.379063+00:00,2025-03-04 07:00:03.914845+00:00
1236679,2,Jonathan Goldstein,Jonathan Goldstein,Directing,2025-03-02 01:14:54.379063+00:00,2025-03-04 07:00:03.914845+00:00
71060,1,Nai An,Nai An,Production,2025-03-02 01:14:54.379063+00:00,2025-03-04 07:00:03.914845+00:00
1764940,2,Ma Dae-yun,Ma Dae-yun,Writing,2025-03-02 01:14:54.379063+00:00,2025-03-04 07:00:03.914845+00:00
1098477,2,Cal Brunker,Cal Brunker,Writing,2025-03-02 01:14:54.379063+00:00,2025-03-04 07:00:03.914845+00:00
1131417,2,Edmund Yeo,Edmund Yeo,Writing,2025-03-02 01:14:54.379063+00:00,2025-03-04 07:00:03.914845+00:00
4081577,0,Chris McGlade,Chris McGlade,Acting,2025-03-02 01:14:54.379063+00:00,2025-03-04 07:00:03.914845+00:00
2051808,0,Ganzorig Tsetsgee,Ganzorig Tsetsgee,Acting,2025-03-02 01:14:54.379063+00:00,2025-03-04 07:00:03.914845+00:00
3225583,0,Adrien Dewitte,Adrien Dewitte,Acting,2025-03-02 01:14:54.379063+00:00,2025-03-04 07:00:03.914845+00:00
3116307,0,Nantapak Kraiha,Nantapak Kraiha,Acting,2025-03-02 01:14:54.379063+00:00,2025-03-04 07:00:03.914845+00:00
4455258,0,Rumika Fukuda,Rumika Fukuda,Acting,2025-03-02 01:14:54.379063+00:00,2025-03-04 07:00:03.914845+00:00
5166336,0,Sabine Badjogoumin,Sabine Badjogoumin,Acting,2025-03-02 01:14:54.379063+00:00,2025-03-04 07:00:03.914845+00:00
145624,0,Sang Hyun Lee,Sang Hyun Lee,Acting,2025-03-02 01:14:54.379063+00:00,2025-03-04 07:00:03.914845+00:00
3113067,0,Nouhaila Arif,Nouhaila Arif,Acting,2025-03-02 01:14:54.379063+00:00,2025-03-04 07:00:03.914845+00:00
4148497,0,Sharika Navamani,Sharika Navamani,Acting,2025-03-02 01:14:54.379063+00:00,2025-03-04 07:00:03.914845+00:00
4517634,0,Kim So-ryeong,Kim So-ryeong,Acting,2025-03-02 01:14:54.379063+00:00,2025-03-04 07:00:03.914845+00:00
10331,1,Aliki Georgouli,Αλίκη Γεωργούλη,Acting,2025-03-02 01:14:54.379063+00:00,2025-03-04 07:00:03.914845+00:00
2164904,1,Catalina Sopelana,Catalina Sopelana,Acting,2025-03-02 01:14:54.379063+00:00,2025-03-04 07:00:03.914845+00:00
97599,1,Nathalie Boltt,Nathalie Boltt,Acting,2025-03-02 01:14:54.379063+00:00,2025-03-04 07:00:03.914845+00:00
37287,1,Noni Hazlehurst,Noni Hazlehurst,Acting,2025-03-02 01:14:54.379063+00:00,2025-03-04 07:00:03.914845+00:00
1523043,1,Nana,나나,Acting,2025-03-02 01:14:54.379063+00:00,2025-03-04 07:00:03.914845+00:00
218144,1,Rei Sakuma,佐久間レイ,Acting,2025-03-02 01:14:54.379063+00:00,2025-03-04 07:00:03.914845+00:00
1299244,1,Lee Re,이레,Acting,2025-03-02 01:14:54.379063+00:00,2025-03-04 07:00:03.914845+00:00
1763211,1,Kim Chae-eun,김채은,Acting,2025-03-02 01:14:54.379063+00:00,2025-03-04 07:00:03.914845+00:00
84573,1,Mélissa Désormeaux-Poulin,Mélissa Désormeaux-Poulin,Acting,2025-03-02 01:14:54.379063+00:00,2025-03-04 07:00:03.914845+00:00
357551,1,Amy Landecker,Amy Landecker,Acting,2025-03-02 01:14:54.379063+00:00,2025-03-04 07:00:03.914845+00:00
34901,1,Joanna Lumley,Joanna Lumley,Acting,2025-03-02 01:14:54.379063+00:00,2025-03-04 07:00:03.914845+00:00
155483,1,Michelle Johnston,Michelle Johnston,Acting,2025-03-02 01:14:54.379063+00:00,2025-03-04 07:00:03.914845+00:00
1253783,1,Ryoko Yonekura,米倉涼子,Acting,2025-03-02 01:14:54.379063+00:00,2025-03-04 07:00:03.914845+00:00
1479860,1,Lotus Wang,王彩樺,Acting,2025-03-02 01:14:54.379063+00:00,2025-03-04 07:00:03.914845+00:00
126776,1,Ivy Chen,陳意涵,Acting,2025-03-02 01:14:54.379063+00:00,2025-03-04 07:00:03.914845+00:00
1221875,1,Ayaka Saito,齋藤彩夏,Acting,2025-03-02 09:35:42.269341+00:00,2025-03-04 07:00:03.914845+00:00
3032547,1,Kurumi Nakada,Kurumi Nakada,Acting,2025-03-02 01:14:54.379063+00:00,2025-03-04 07:00:03.914845+00:00
3092,1,Diane Keaton,Diane Keaton,Acting,2025-03-02 01:14:54.379063+00:00,2025-03-04 07:00:03.914845+00:00
164945,1,Sarah Shahi,Sarah Shahi,Acting,2025-03-02 01:14:54.379063+00:00,2025-03-04 07:00:03.914845+00:00
1278557,1,Sonya Cullingford,Sonya Cullingford,Acting,2025-03-02 01:14:54.379063+00:00,2025-03-04 07:00:03.914845+00:00
225088,1,Fanny Klefelt,Fanny Klefelt,Acting,2025-03-02 01:14:54.379063+00:00,2025-03-04 07:00:03.914845+00:00
2229,1,Catherine Keener,Catherine Keener,Acting,2025-03-02 01:14:54.379063+00:00,2025-03-04 07:00:03.914845+00:00
25181,1,Marthe Villalonga,Marthe Villalonga,Acting,2025-03-02 01:14:54.379063+00:00,2025-03-04 07:00:03.914845+00:00
1624469,1,Sheu Fang-Yi,Sheu Fang-Yi,Acting,2025-03-02 01:14:54.379063+00:00,2025-03-04 07:00:03.914845+00:00
3253118,1,Choo Ye-jin,Choo Ye-jin,Acting,2025-03-02 09:35:42.269341+00:00,2025-03-04 07:00:03.914845+00:00
1015038,1,Regina Tsang Hing-Yu,曾慶瑜,Acting,2025-03-02 01:14:54.379063+00:00,2025-03-04 07:00:03.914845+00:00
25653,1,YOU,YOU,Acting,2025-03-02 01:14:54.379063+00:00,2025-03-04 07:00:03.914845+00:00
3356314,1,Ning Chang,Ning Chang,Acting,2025-03-02 01:14:54.379063+00:00,2025-03-04 07:00:03.914845+00:00
41877,1,Muriel Robin,Muriel Robin,Acting,2025-03-02 01:14:54.379063+00:00,2025-03-04 07:00:03.914845+00:00
1082,1,Nina Petri,Nina Petri,Acting,2025-03-02 01:14:54.379063+00:00,2025-03-04 07:00:03.914845+00:00
1254557,1,Kim Yoon-hye,김윤혜,Acting,2025-03-02 01:14:54.379063+00:00,2025-03-04 07:00:03.914845+00:00
1499191,1,Andrea Ladányi,Andrea Ladányi,Acting,2025-03-02 01:14:54.379063+00:00,2025-03-04 07:00:03.914845+00:00
1384863,1,Kate Alejandrino,Kate Alejandrino,Acting,2025-03-02 01:14:54.379063+00:00,2025-03-04 07:00:03.914845+00:00
123862,1,Hairi Katagiri,片桐はいり,Acting,2025-03-02 01:14:54.379063+00:00,2025-03-04 07:00:03.914845+00:00
1255101,1,Rino Sashihara,指原莉乃,Acting,2025-03-02 01:14:54.379063+00:00,2025-03-04 07:00:03.914845+00:00
1981305,1,Serene Lim,Serene Lim,Acting,2025-03-02 01:14:54.379063+00:00,2025-03-04 07:00:03.914845+00:00
44079,1,Charlotte Rampling,Charlotte Rampling,Acting,2025-03-02 01:14:54.379063+00:00,2025-03-04 07:00:03.914845+00:00
1779027,1,Kaede Hondo,本渡楓,Acting,2025-03-02 01:14:54.379063+00:00,2025-03-04 07:00:03.914845+00:00
1339299,1,Nuttanicha Dungwattanawanich,ณัฏฐณิชา ดังวัธนาวณิชย์,Acting,2025-03-02 01:14:54.379063+00:00,2025-03-04 07:00:03.914845+00:00
135374,1,Nene Otsuka,大塚寧々,Acting,2025-03-02 01:14:54.379063+00:00,2025-03-04 07:00:03.914845+00:00
570323,1,Kerrie Hayes,Kerrie Hayes,Acting,2025-03-02 01:14:54.379063+00:00,2025-03-04 07:00:03.914845+00:00
2222684,1,Riko Nagase,永瀬莉子,Acting,2025-03-02 01:14:54.379063+00:00,2025-03-04 07:00:03.914845+00:00
78429,1,Josie Ho,何超儀,Acting,2025-03-02 01:14:54.379063+00:00,2025-03-04 07:00:03.914845+00:00
94185,1,Shailene Woodley,Shailene Woodley,Acting,2025-03-02 01:14:54.379063+00:00,2025-03-04 07:00:03.914845+00:00
43917,1,Margaret Tu Chuan,Margaret Tu Chuan,Acting,2025-03-02 01:14:54.379063+00:00,2025-03-04 07:00:03.914845+00:00
9281,1,Elizabeth Banks,Elizabeth Banks,Acting,2025-03-02 01:14:54.379063+00:00,2025-03-04 07:00:03.914845+00:00
936275,1,Aoi Yuki,悠木碧,Acting,2025-03-02 01:14:54.379063+00:00,2025-03-04 07:00:03.914845+00:00
3131371,1,Evie Templeton,Evie Templeton,Acting,2025-03-02 01:14:54.379063+00:00,2025-03-04 07:00:03.914845+00:00
52507,1,Kandyse McClure,Kandyse McClure,Acting,2025-03-02 01:14:54.379063+00:00,2025-03-04 07:00:03.914845+00:00
21978,1,Louise Goodall,Louise Goodall,Acting,2025-03-02 01:14:54.379063+00:00,2025-03-04 07:00:03.914845+00:00
1674433,1,Hedwig Tam,談善言,Acting,2025-03-02 01:14:54.379063+00:00,2025-03-04 07:00:03.914845+00:00
1182880,1,Sarah Houbolt,Sarah Houbolt,Acting,2025-03-02 01:14:54.379063+00:00,2025-03-04 07:00:03.914845+00:00
33533,2,David Rasche,David Rasche,Acting,2025-03-02 01:14:54.379063+00:00,2025-03-04 07:00:03.914845+00:00
109019,2,Nelson Lee,李志傑,Acting,2025-03-02 01:14:54.379063+00:00,2025-03-04 07:00:03.914845+00:00
1762673,2,Ryo Shinoda,篠田諒,Acting,2025-03-02 01:14:54.379063+00:00,2025-03-04 07:00:03.914845+00:00
2044566,2,Benjamín Westfall,Benjamín Westfall,Acting,2025-03-02 01:14:54.379063+00:00,2025-03-04 07:00:03.914845+00:00
1897257,2,Jeonghan,정한,Acting,2025-03-02 01:14:54.379063+00:00,2025-03-04 07:00:03.914845+00:00
25466,2,Eiji Okada,岡田英次,Acting,2025-03-02 01:14:54.379063+00:00,2025-03-04 07:00:03.914845+00:00
150698,2,Song Joong-ki,송중기,Acting,2025-03-02 01:14:54.379063+00:00,2025-03-04 07:00:03.914845+00:00
2234011,2,Soma Santoki,山時聡真,Acting,2025-03-02 01:14:54.379063+00:00,2025-03-04 07:00:03.914845+00:00
1253353,2,Noah Centineo,Noah Centineo,Acting,2025-03-02 01:14:54.379063+00:00,2025-03-04 07:00:03.914845+00:00
1017333,2,Cheng Chih-wei,鄭志偉,Acting,2025-03-02 01:14:54.379063+00:00,2025-03-04 07:00:03.914845+00:00
1313220,2,Israel Elejalde,Israel Elejalde,Acting,2025-03-02 01:14:54.379063+00:00,2025-03-04 07:00:03.914845+00:00
2870994,2,Yutaka Kyan,喜矢武豊,Acting,2025-03-02 01:14:54.379063+00:00,2025-03-04 07:00:03.914845+00:00
3574121,2,David Harris,David Harris,Acting,2025-03-02 01:14:54.379063+00:00,2025-03-04 07:00:03.914845+00:00
1418580,2,Lee Dong-hwi,이동휘,Acting,2025-03-02 01:14:54.379063+00:00,2025-03-04 07:00:03.914845+00:00
2203,2,Neal McDonough,Neal McDonough,Acting,2025-03-02 01:14:54.379063+00:00,2025-03-04 07:00:03.914845+00:00
103604,2,Kitaro,きたろう,Acting,2025-03-02 01:14:54.379063+00:00,2025-03-04 07:00:03.914845+00:00
117885,2,Gattlin Griffith,Gattlin Griffith,Acting,2025-03-02 01:14:54.379063+00:00,2025-03-04 07:00:03.914845+00:00
56650,2,Ray Fearon,Ray Fearon,Acting,2025-03-02 01:14:54.379063+00:00,2025-03-04 07:00:03.914845+00:00
85008,2,Sul Kyung-gu,설경구,Acting,2025-03-02 01:14:54.379063+00:00,2025-03-04 07:00:03.914845+00:00
58224,2,Jason Sudeikis,Jason Sudeikis,Acting,2025-03-02 01:14:54.379063+00:00,2025-03-04 07:00:03.914845+00:00
1187039,2,Samer Bisharat,Samer Bisharat,Acting,2025-03-02 01:14:54.379063+00:00,2025-03-04 07:00:03.914845+00:00
16790,2,Gaspard Ulliel,Gaspard Ulliel,Acting,2025-03-02 01:14:54.379063+00:00,2025-03-04 07:00:03.914845+00:00
1513855,2,Klas Wiljergård,Klas Wiljergård,Acting,2025-03-02 01:14:54.379063+00:00,2025-03-04 07:00:03.914845+00:00
1204053,2,David Ito,デビット伊東,Acting,2025-03-02 01:14:54.379063+00:00,2025-03-04 07:00:03.914845+00:00
42711,2,Ty Olsson,Ty Olsson,Acting,2025-03-02 01:14:54.379063+00:00,2025-03-04 07:00:03.914845+00:00
1240284,2,Farhad Aslani,فرهاد اصلانی,Acting,2025-03-02 01:14:54.379063+00:00,2025-03-04 07:00:03.914845+00:00
1352,2,Jean-Louis Trintignant,Jean-Louis Trintignant,Acting,2025-03-02 01:14:54.379063+00:00,2025-03-04 07:00:03.914845+00:00
1877470,2,Wu Chien-Ho,巫建和,Acting,2025-03-02 01:14:54.379063+00:00,2025-03-04 07:00:03.914845+00:00
2133918,2,Sean A. Rosales,Sean A. Rosales,Acting,2025-03-02 01:14:54.379063+00:00,2025-03-04 07:00:03.914845+00:00
1385609,2,Kwak Dong-yeon,곽동연,Acting,2025-03-02 01:14:54.379063+00:00,2025-03-04 07:00:03.914845+00:00
3545132,2,Vahid Mobaser,Vahid Mobaser,Acting,2025-03-02 01:14:54.379063+00:00,2025-03-04 07:00:03.914845+00:00
1748,2,William Shatner,William Shatner,Acting,2025-03-02 01:14:54.379063+00:00,2025-03-04 07:00:03.914845+00:00
4173,2,Anthony Hopkins,Anthony Hopkins,Acting,2025-03-02 01:14:54.379063+00:00,2025-03-04 07:00:03.914845+00:00
1117313,2,John David Washington,John David Washington,Acting,2025-03-02 01:14:54.379063+00:00,2025-03-04 07:00:03.914845+00:00
136879,2,Rikiya Yasuoka,安岡力也,Acting,2025-03-02 01:14:54.379063+00:00,2025-03-04 07:00:03.914845+00:00
230,2,Stephen McHattie,Stephen McHattie,Acting,2025-03-02 01:14:54.379063+00:00,2025-03-04 07:00:03.914845+00:00
2185015,2,Mo Gilligan,Mo Gilligan,Acting,2025-03-02 01:14:54.379063+00:00,2025-03-04 07:00:03.914845+00:00
2514716,2,Will Or,Will Or,Acting,2025-03-02 01:14:54.379063+00:00,2025-03-04 07:00:03.914845+00:00
126704,2,Tetsu Inada,稲田徹,Acting,2025-03-02 01:14:54.379063+00:00,2025-03-04 07:00:03.914845+00:00
42799,2,Son Byung-ho,손병호,Acting,2025-03-02 01:14:54.379063+00:00,2025-03-04 07:00:03.914845+00:00
1519031,2,Allen Ai Lun,艾伦,Acting,2025-03-02 01:14:54.379063+00:00,2025-03-04 07:00:03.914845+00:00
1773397,2,Danny Ramirez,Danny Ramirez,Acting,2025-03-02 09:35:42.269341+00:00,2025-03-04 07:00:03.914845+00:00
1618429,2,Jérémie Laheurte,Jérémie Laheurte,Acting,2025-03-02 01:14:54.379063+00:00,2025-03-04 07:00:03.914845+00:00
1177946,2,Amane Okayama,岡山天音,Acting,2025-03-02 01:14:54.379063+00:00,2025-03-04 07:00:03.914845+00:00
70046,2,Shūichirō Moriyama,森山周一郎,Acting,2025-03-02 01:14:54.379063+00:00,2025-03-04 07:00:03.914845+00:00
2097334,2,Mark Lee,마크,Acting,2025-03-02 01:14:54.379063+00:00,2025-03-04 07:00:03.914845+00:00
1343678,2,Kodai Asaka,浅香航大,Acting,2025-03-02 01:14:54.379063+00:00,2025-03-04 07:00:03.914845+00:00
1261061,2,Hsing-Wen Lee,Hsing-Wen Lee,Acting,2025-03-02 09:35:42.269341+00:00,2025-03-04 07:00:03.914845+00:00
4937,2,Vince Vaughn,Vince Vaughn,Acting,2025-03-02 01:14:54.379063+00:00,2025-03-04 07:00:03.914845+00:00
1300132,2,Joseph Hsia,夏靖庭,Acting,2025-03-02 01:14:54.379063+00:00,2025-03-04 07:00:03.914845+00:00
1190450,2,Chutavuth Pattarakampol,จุฑาวุฒิ ภัทรกำพล,Acting,2025-03-02 01:14:54.379063+00:00,2025-03-04 07:00:03.914845+00:00
1607301,2,Choi Byung-mo,최병모,Acting,2025-03-02 01:14:54.379063+00:00,2025-03-04 07:00:03.914845+00:00
2037,2,Cillian Murphy,Cillian Murphy,Acting,2025-03-02 01:14:54.379063+00:00,2025-03-04 07:00:03.914845+00:00
1507228,2,Tarek Yaacoub,Tarek Yaacoub,Acting,2025-03-02 01:14:54.379063+00:00,2025-03-04 07:00:03.914845+00:00
2844013,2,Jing Deng,Jing Deng,Acting,2025-03-02 01:14:54.379063+00:00,2025-03-04 07:00:03.914845+00:00
142504,2,Aleksandr Yatsenko,Александр Яценко,Acting,2025-03-02 01:14:54.379063+00:00,2025-03-04 07:00:03.914845+00:00
1255411,2,Seo In-guk,서인국,Acting,2025-03-02 01:14:54.379063+00:00,2025-03-04 07:00:03.914845+00:00
59219,2,Kyle Gallner,Kyle Gallner,Acting,2025-03-02 01:14:54.379063+00:00,2025-03-04 07:00:03.914845+00:00
1482026,2,Scott Chambers,Scott Chambers,Acting,2025-03-02 01:14:54.379063+00:00,2025-03-04 07:00:03.914845+00:00
2074441,2,Zhang Yu,章宇,Acting,2025-03-02 01:14:54.379063+00:00,2025-03-04 07:00:03.914845+00:00
2048,2,Gary Busey,Gary Busey,Acting,2025-03-02 01:14:54.379063+00:00,2025-03-04 07:00:03.914845+00:00
4689041,2,Yuto Nakayama,中山雄斗,Acting,2025-03-02 01:14:54.379063+00:00,2025-03-04 07:00:03.914845+00:00
1017332,2,Umin Boya,Umin Boya,Acting,2025-03-02 01:14:54.379063+00:00,2025-03-04 07:00:03.914845+00:00
3464327,2,Yuma Okura,Yuma Okura,Acting,2025-03-02 01:14:54.379063+00:00,2025-03-04 07:00:03.914845+00:00
3643833,2,Kim Taek,김택,Acting,2025-03-02 01:14:54.379063+00:00,2025-03-04 07:00:03.914845+00:00
3268493,2,Zhao Xiaodong,Zhao Xiaodong,Acting,2025-03-02 01:14:54.379063+00:00,2025-03-04 07:00:03.914845+00:00
1119530,2,Thành Lộc,Thành Lộc,Acting,2025-03-02 01:14:54.379063+00:00,2025-03-04 07:00:03.914845+00:00
230609,2,Fayssal Bazzi,Fayssal Bazzi,Acting,2025-03-02 01:14:54.379063+00:00,2025-03-04 07:00:03.914845+00:00
1378239,2,Phil Neilson,Phil Neilson,Crew,2025-03-02 01:14:54.379063+00:00,2025-03-04 07:00:03.914845+00:00
4075962,0,Howard Cheng,Howard Cheng,Directing,2025-03-02 01:14:54.379063+00:00,2025-03-04 07:00:03.914845+00:00
1561992,1,Ayuko Tsukahara,塚原あゆ子,Directing,2025-03-02 01:14:54.379063+00:00,2025-03-04 07:00:03.914845+00:00
1701953,1,Park Young-ju,Park Young-ju,Directing,2025-03-02 01:14:54.379063+00:00,2025-03-04 07:00:03.914845+00:00
39,2,Sam Mendes,Sam Mendes,Directing,2025-03-02 01:14:54.379063+00:00,2025-03-04 07:00:03.914845+00:00
2338840,2,Antonio Lukich,Antonio Lukich,Directing,2025-03-02 01:14:54.379063+00:00,2025-03-04 07:00:03.914845+00:00
11090,2,Edgar Wright,Edgar Wright,Directing,2025-03-02 01:14:54.379063+00:00,2025-03-04 07:00:03.914845+00:00
20192,2,Brian Taylor,Brian Taylor,Directing,2025-03-02 01:14:54.379063+00:00,2025-03-04 07:00:03.914845+00:00
138500,2,Albert Mak Kai-Kwong,Albert Mak Kai-Kwong,Directing,2025-03-02 01:14:54.379063+00:00,2025-03-04 07:00:03.914845+00:00
56341,2,Mahiro Maeda,前田真宏,Directing,2025-03-02 01:14:54.379063+00:00,2025-03-04 07:00:03.914845+00:00
1188304,2,Nam June Paik,Nam June Paik,Directing,2025-03-02 01:14:54.379063+00:00,2025-03-04 07:00:03.914845+00:00
3078780,2,Ryo Takebayashi,竹林亮,Directing,2025-03-02 01:14:54.379063+00:00,2025-03-04 07:00:03.914845+00:00
137427,2,Denis Villeneuve,Denis Villeneuve,Directing,2025-03-02 01:14:54.379063+00:00,2025-03-04 07:00:03.914845+00:00
1717526,2,Dougal Wilson,Dougal Wilson,Directing,2025-03-02 01:14:54.379063+00:00,2025-03-04 07:00:03.914845+00:00
129952,2,Sean McNamara,Sean McNamara,Directing,2025-03-02 01:14:54.379063+00:00,2025-03-04 07:00:03.914845+00:00
2299049,2,Hsu Li-da,許立達,Directing,2025-03-02 01:14:54.379063+00:00,2025-03-04 07:00:03.914845+00:00
1376363,2,Amos Why,Amos Why,Directing,2025-03-02 01:14:54.379063+00:00,2025-03-04 07:00:03.914845+00:00
1535020,2,Mark Koetsier,Mark Koetsier,Directing,2025-03-02 01:14:54.379063+00:00,2025-03-04 07:00:03.914845+00:00
1422573,2,Atsushi Ueda,ウエダアツシ,Directing,2025-03-02 01:14:54.379063+00:00,2025-03-04 07:00:03.914845+00:00
3140690,2,Oh Yoon-dong,오윤동,Directing,2025-03-02 01:14:54.379063+00:00,2025-03-04 07:00:03.914845+00:00
50767,2,Craig Gillespie,Craig Gillespie,Directing,2025-03-02 01:14:54.379063+00:00,2025-03-04 07:00:03.914845+00:00
82194,2,Neill Blomkamp,Neill Blomkamp,Directing,2025-03-02 01:14:54.379063+00:00,2025-03-04 07:00:03.914845+00:00
36588,2,Joe Wright,Joe Wright,Directing,2025-03-02 01:14:54.379063+00:00,2025-03-04 07:00:03.914845+00:00
12238,2,David Lean,David Lean,Directing,2025-03-02 01:14:54.379063+00:00,2025-03-04 07:00:03.914845+00:00
116787,2,Katsuhide Motoki,本木克英,Directing,2025-03-02 01:14:54.379063+00:00,2025-03-04 07:00:03.914845+00:00
2150,2,Kevin Greutert,Kevin Greutert,Editing,2025-03-02 01:14:54.379063+00:00,2025-03-04 07:00:03.914845+00:00
4746,2,Robert Lorenz,Robert Lorenz,Production,2025-03-02 01:14:54.379063+00:00,2025-03-04 07:00:03.914845+00:00
3288,2,Chris Weitz,Chris Weitz,Production,2025-03-02 01:14:54.379063+00:00,2025-03-04 07:00:03.914845+00:00
2182238,2,Andrey Korn,Andrey Korenkov,Writing,2025-03-02 01:14:54.379063+00:00,2025-03-04 07:00:03.914845+00:00
3122176,2,Rhys Frake-Waterfield,Rhys Frake-Waterfield,Writing,2025-03-02 01:14:54.379063+00:00,2025-03-04 07:00:03.914845+00:00
96962,0,Jimmy Yang,Jimmy Yang,Acting,2025-03-02 01:14:54.379063+00:00,2025-03-04 07:00:03.914845+00:00
3890038,0,Riku Tanaka,Riku Tanaka,Acting,2025-03-02 01:14:54.379063+00:00,2025-03-04 07:00:03.914845+00:00
3556071,0,Ikbal Harbi,Ikbal Harbi,Acting,2025-03-02 01:14:54.379063+00:00,2025-03-04 07:00:03.914845+00:00
2992499,0,Oliko Barbakadze,Oliko Barbakadze,Acting,2025-03-02 01:14:54.379063+00:00,2025-03-04 07:00:03.914845+00:00
3528638,0,Mélina Vanderplancke,Mélina Vanderplancke,Acting,2025-03-02 01:14:54.379063+00:00,2025-03-04 07:00:03.914845+00:00
4056409,0,Ganchimeg Sandagdorj,Ganchimeg Sandagdorj,Acting,2025-03-02 01:14:54.379063+00:00,2025-03-04 07:00:03.914845+00:00
5043111,0,Kei Takei,Kei Takei,Acting,2025-03-02 01:14:54.379063+00:00,2025-03-04 07:00:03.914845+00:00
2296513,0,Khả Như,Khả Như,Acting,2025-03-02 01:14:54.379063+00:00,2025-03-04 07:00:03.914845+00:00
3229781,0,Yuji Sugiyama,Yuji Sugiyama,Acting,2025-03-02 01:14:54.379063+00:00,2025-03-04 07:00:03.914845+00:00
3266345,0,Taimo Kõrvemaa,Taimo Kõrvemaa,Acting,2025-03-02 01:14:54.379063+00:00,2025-03-04 07:00:03.914845+00:00
3498317,1,Catherine Hannay,Catherine Hannay,Acting,2025-03-02 01:14:54.379063+00:00,2025-03-04 07:00:03.914845+00:00
49971,1,Jennifer Ehle,Jennifer Ehle,Acting,2025-03-02 01:14:54.379063+00:00,2025-03-04 07:00:03.914845+00:00
554337,1,Donna Burke,Donna Burke,Acting,2025-03-02 01:14:54.379063+00:00,2025-03-04 07:00:03.914845+00:00
1148626,1,Lindsey Morgan,Lindsey Morgan,Acting,2025-03-02 01:14:54.379063+00:00,2025-03-04 07:00:03.914845+00:00
4156831,1,Maria Smakhtina,Maria Smakhtina,Acting,2025-03-02 01:14:54.379063+00:00,2025-03-04 07:00:03.914845+00:00
2325369,1,Vivi Lee,李維維,Acting,2025-03-02 01:14:54.379063+00:00,2025-03-04 07:00:03.914845+00:00
1006012,1,Sayuri Yoshinaga,吉永小百合,Acting,2025-03-02 01:14:54.379063+00:00,2025-03-04 07:00:03.914845+00:00
115440,1,Sydney Sweeney,Sydney Sweeney,Acting,2025-03-02 01:14:54.379063+00:00,2025-03-04 07:00:03.914845+00:00
2988148,1,Aina Quiñones,Aina Quiñones,Acting,2025-03-02 01:14:54.379063+00:00,2025-03-04 07:00:03.914845+00:00
2607591,1,Billie Gadsdon,Billie Gadsdon,Acting,2025-03-02 01:14:54.379063+00:00,2025-03-04 07:00:03.914845+00:00
1304661,1,Madeleine Harris,Madeleine Harris,Acting,2025-03-02 01:14:54.379063+00:00,2025-03-04 07:00:03.914845+00:00
2359942,1,ANYUJIN,안유진,Acting,2025-03-02 01:14:54.379063+00:00,2025-03-04 07:00:03.914845+00:00
2280352,1,Aika Yukihira,行平あい佳,Acting,2025-03-02 01:14:54.379063+00:00,2025-03-04 07:00:03.914845+00:00
571526,1,Fang Ying,Fang Ying,Acting,2025-03-02 01:14:54.379063+00:00,2025-03-04 07:00:03.914845+00:00
85962,1,Gwei Lun-Mei,桂綸鎂,Acting,2025-03-02 01:14:54.379063+00:00,2025-03-04 07:00:03.914845+00:00
1922833,1,Aining Yao,姚愛寗,Acting,2025-03-02 01:14:54.379063+00:00,2025-03-04 07:00:03.914845+00:00
85289,1,Teiyu Ichiryusai,一龍斎貞友,Acting,2025-03-02 01:14:54.379063+00:00,2025-03-04 07:00:03.914845+00:00
13549,1,Deborah Kara Unger,Deborah Kara Unger,Acting,2025-03-02 01:14:54.379063+00:00,2025-03-04 07:00:03.914845+00:00
1067849,1,Kim Go-eun,김고은,Acting,2025-03-02 01:14:54.379063+00:00,2025-03-04 07:00:03.914845+00:00
1182773,1,Umeka Shouji,庄司宇芽香,Acting,2025-03-02 01:14:54.379063+00:00,2025-03-04 07:00:03.914845+00:00
1245,1,Scarlett Johansson,Scarlett Johansson,Acting,2025-03-02 01:14:54.379063+00:00,2025-03-04 07:00:03.914845+00:00
131191,1,Eiko Koike,小池栄子,Acting,2025-03-02 01:14:54.379063+00:00,2025-03-04 07:00:03.914845+00:00
16307,1,Maura Tierney,Maura Tierney,Acting,2025-03-02 01:14:54.379063+00:00,2025-03-04 07:00:03.914845+00:00
15007,1,Laura Harring,Laura Harring,Acting,2025-03-02 01:14:54.379063+00:00,2025-03-04 07:00:03.914845+00:00
554272,1,Sophie Langevin,Sophie Langevin,Acting,2025-03-02 01:14:54.379063+00:00,2025-03-04 07:00:03.914845+00:00
1322081,1,Luise Befort,Luise Befort,Acting,2025-03-02 01:14:54.379063+00:00,2025-03-04 07:00:03.914845+00:00
21817,1,Jane March,Jane March,Acting,2025-03-02 01:14:54.379063+00:00,2025-03-04 07:00:03.914845+00:00
2054290,1,Mayu Hotta,堀田真由,Acting,2025-03-02 01:14:54.379063+00:00,2025-03-04 07:00:03.914845+00:00
78044,1,Erin Cahill,Erin Cahill,Acting,2025-03-02 01:14:54.379063+00:00,2025-03-04 07:00:03.914845+00:00
1661094,1,Noémie O'Farrell,Noémie O'Farrell,Acting,2025-03-02 01:14:54.379063+00:00,2025-03-04 07:00:03.914845+00:00
206425,1,DeWanda Wise,DeWanda Wise,Acting,2025-03-02 01:14:54.379063+00:00,2025-03-04 07:00:03.914845+00:00
3595106,1,Jung Lael,정라엘,Acting,2025-03-02 01:14:54.379063+00:00,2025-03-04 07:00:03.914845+00:00
77927,1,Megumi Ogata,緒方恵美,Acting,2025-03-02 01:14:54.379063+00:00,2025-03-04 07:00:03.914845+00:00
4544982,1,Usha Seamkhum,Usha Seamkhum,Acting,2025-03-02 01:14:54.379063+00:00,2025-03-04 07:00:03.914845+00:00
116,1,Keira Knightley,Keira Knightley,Acting,2025-03-02 01:14:54.379063+00:00,2025-03-04 07:00:03.914845+00:00
2178621,1,Alexis Zollicoffer,Alexis Zollicoffer,Acting,2025-03-02 01:14:54.379063+00:00,2025-03-04 07:00:03.914845+00:00
112,1,Cate Blanchett,Cate Blanchett,Acting,2025-03-02 01:14:54.379063+00:00,2025-03-04 07:00:03.914845+00:00
10912,1,Eva Green,Eva Green,Acting,2025-03-02 01:14:54.379063+00:00,2025-03-04 07:00:03.914845+00:00
560247,1,Miren Ibarguren,Miren Ibarguren,Acting,2025-03-02 01:14:54.379063+00:00,2025-03-04 07:00:03.914845+00:00
2053430,1,Antonie Formanová,Antonie Formanová,Acting,2025-03-02 01:14:54.379063+00:00,2025-03-04 07:00:03.914845+00:00
2335805,1,Kwon Eun-bi,권은비,Acting,2025-03-02 01:14:54.379063+00:00,2025-03-04 07:00:03.914845+00:00
20705,1,Machiko Ono,尾野真千子,Acting,2025-03-02 01:14:54.379063+00:00,2025-03-04 07:00:03.914845+00:00
1296667,1,Maaya Uchida,内田真礼,Acting,2025-03-02 01:14:54.379063+00:00,2025-03-04 07:00:03.914845+00:00
234644,1,Josele Román,Josele Román,Acting,2025-03-02 01:14:54.379063+00:00,2025-03-04 07:00:03.914845+00:00
2215920,1,Bai Jing-yi,百白,Acting,2025-03-02 01:14:54.379063+00:00,2025-03-04 07:00:03.914845+00:00
20005,1,Moira Kelly,Moira Kelly,Acting,2025-03-02 01:14:54.379063+00:00,2025-03-04 07:00:03.914845+00:00
1224288,1,Yui Ishikawa,石川由依,Acting,2025-03-02 01:14:54.379063+00:00,2025-03-04 07:00:03.914845+00:00
1511997,1,Andi Matichak,Andi Matichak,Acting,2025-03-02 01:14:54.379063+00:00,2025-03-04 07:00:03.914845+00:00
64342,2,Craig Robinson,Craig Robinson,Acting,2025-03-02 01:14:54.379063+00:00,2025-03-04 07:00:03.914845+00:00
819,2,Edward Norton,Edward Norton,Acting,2025-03-02 01:14:54.379063+00:00,2025-03-04 07:00:03.914845+00:00
1256894,2,Shohei Miura,三浦翔平,Acting,2025-03-02 01:14:54.379063+00:00,2025-03-04 07:00:03.914845+00:00
937009,2,Juan Pablo Raba,Juan Pablo Raba,Acting,2025-03-02 01:14:54.379063+00:00,2025-03-04 07:00:03.914845+00:00
1077953,2,Milo Taboada,Milo Taboada,Acting,2025-03-02 01:14:54.379063+00:00,2025-03-04 07:00:03.914845+00:00
1916075,2,Lee Kyoo-hyung,이규형,Acting,2025-03-02 01:14:54.379063+00:00,2025-03-04 07:00:03.914845+00:00
1065763,2,Wu Wei,Wei Wu,Acting,2025-03-02 01:14:54.379063+00:00,2025-03-04 07:00:03.914845+00:00
1886169,2,Adam Bessa,Adam Bessa,Acting,2025-03-02 01:14:54.379063+00:00,2025-03-04 07:00:03.914845+00:00
83637,2,Huh Joon-ho,허준호,Acting,2025-03-02 01:14:54.379063+00:00,2025-03-04 07:00:03.914845+00:00
1170661,2,Geng Le,耿乐,Acting,2025-03-02 01:14:54.379063+00:00,2025-03-04 07:00:03.914845+00:00
237052,2,Naga Chaitanya Akkineni,Naga Chaitanya Akkineni,Acting,2025-03-02 01:14:54.379063+00:00,2025-03-04 07:00:03.914845+00:00
1305065,2,Shingo Mizusawa,水澤紳吾,Acting,2025-03-02 01:14:54.379063+00:00,2025-03-04 07:00:03.914845+00:00
72202,2,Shido Nakamura,中村獅童,Acting,2025-03-02 01:14:54.379063+00:00,2025-03-04 07:00:03.914845+00:00
4457,2,Thomas Bo Larsen,Thomas Bo Larsen,Acting,2025-03-02 01:14:54.379063+00:00,2025-03-04 07:00:03.914845+00:00
1557700,2,Onew,온유,Acting,2025-03-02 01:14:54.379063+00:00,2025-03-04 07:00:03.914845+00:00
1452018,2,Langston Uibel,Langston Uibel,Acting,2025-03-02 01:14:54.379063+00:00,2025-03-04 07:00:03.914845+00:00
3165946,2,Leung Chung-Hang,Leung Chung-Hang,Acting,2025-03-02 01:14:54.379063+00:00,2025-03-04 07:00:03.914845+00:00
616,2,Gorō Naya,納谷悟朗,Acting,2025-03-02 01:14:54.379063+00:00,2025-03-04 07:00:03.914845+00:00
126717,2,Joseph Chang,張孝全,Acting,2025-03-02 01:14:54.379063+00:00,2025-03-04 07:00:03.914845+00:00
3140190,2,Anson Lo,Anson Lo,Acting,2025-03-02 01:14:54.379063+00:00,2025-03-04 07:00:03.914845+00:00
1339328,2,Teeradetch Metawarayut,ธีรเดช เมธาวรายุทธ,Acting,2025-03-02 01:14:54.379063+00:00,2025-03-04 07:00:03.914845+00:00
34792,2,Miguel Molina,Miguel Molina,Acting,2025-03-02 01:14:54.379063+00:00,2025-03-04 07:00:03.914845+00:00
1253431,2,Takuya Sato,佐藤拓也,Acting,2025-03-02 01:14:54.379063+00:00,2025-03-04 07:00:03.914845+00:00
115421,2,Pit Bukowski,Pit Bukowski,Acting,2025-03-02 01:14:54.379063+00:00,2025-03-04 07:00:03.914845+00:00
2566143,2,Chiu Hoi Yeung,Chiu Hoi Yeung,Acting,2025-03-02 01:14:54.379063+00:00,2025-03-04 07:00:03.914845+00:00
11282,2,John Standing,John Standing,Acting,2025-03-02 01:14:54.379063+00:00,2025-03-04 07:00:03.914845+00:00
228914,2,Zhang Shi,Zhang Shi,Acting,2025-03-02 01:14:54.379063+00:00,2025-03-04 07:00:03.914845+00:00
2059,2,Adam Baldwin,Adam Baldwin,Acting,2025-03-02 01:14:54.379063+00:00,2025-03-04 07:00:03.914845+00:00
1395660,2,Alessandro Borghi,Alessandro Borghi,Acting,2025-03-02 01:14:54.379063+00:00,2025-03-04 07:00:03.914845+00:00
1202564,2,Louis Cheung,張繼聰,Acting,2025-03-02 01:14:54.379063+00:00,2025-03-04 07:00:03.914845+00:00
57738,2,Samuel Labarthe,Samuel Labarthe,Acting,2025-03-02 01:14:54.379063+00:00,2025-03-04 07:00:03.914845+00:00
15440,2,Jared Harris,Jared Harris,Acting,2025-03-02 01:14:54.379063+00:00,2025-03-04 07:00:03.914845+00:00
16927,2,Gérard Depardieu,Gérard Depardieu,Acting,2025-03-02 01:14:54.379063+00:00,2025-03-04 07:00:03.914845+00:00
5414,2,Colin Salmon,Colin Salmon,Acting,2025-03-02 01:14:54.379063+00:00,2025-03-04 07:00:03.914845+00:00
3140188,2,Edan Lui Cheuk-on,吕爵安,Acting,2025-03-02 01:14:54.379063+00:00,2025-03-04 07:00:03.914845+00:00
1026325,2,Jaturong Mokjok,จตุรงค์ พลบูรณ์,Acting,2025-03-02 01:14:54.379063+00:00,2025-03-04 07:00:03.914845+00:00
1783255,2,Richie Merritt,Richie Merritt,Acting,2025-03-02 01:14:54.379063+00:00,2025-03-04 07:00:03.914845+00:00
32322,2,Gérard Lartigau,Gérard Lartigau,Acting,2025-03-02 01:14:54.379063+00:00,2025-03-04 07:00:03.914845+00:00
17689,2,Gerardo Taracena,Gerardo Taracena,Acting,2025-03-02 01:14:54.379063+00:00,2025-03-04 07:00:03.914845+00:00
12642,2,John Neville,John Neville,Acting,2025-03-02 01:14:54.379063+00:00,2025-03-04 07:00:03.914845+00:00
2476742,2,Alan Kim,Alan Kim,Acting,2025-03-02 01:14:54.379063+00:00,2025-03-04 07:00:03.914845+00:00
1662729,2,Laka Umaw,Laka Umaw,Acting,2025-03-02 01:14:54.379063+00:00,2025-03-04 07:00:03.914845+00:00
1419913,2,Daiki Shigeoka,重岡大毅,Acting,2025-03-02 01:14:54.379063+00:00,2025-03-04 07:00:03.914845+00:00
70179,2,Pierre Barouh,Pierre Barouh,Acting,2025-03-02 01:14:54.379063+00:00,2025-03-04 07:00:03.914845+00:00
54153,2,Miguel Bosé,Miguel Bosé,Acting,2025-03-02 01:14:54.379063+00:00,2025-03-04 07:00:03.914845+00:00
5469,2,Ralph Fiennes,Ralph Fiennes,Acting,2025-03-02 01:14:54.379063+00:00,2025-03-04 07:00:03.914845+00:00
931444,2,Pachara Chirathivat,พชร จิราธิวัฒน์,Acting,2025-03-02 01:14:54.379063+00:00,2025-03-04 07:00:03.914845+00:00
1800792,2,Wu Yue,吴樾,Acting,2025-03-02 01:14:54.379063+00:00,2025-03-04 07:00:03.914845+00:00
137924,2,John Thaw,John Thaw,Acting,2025-03-02 01:14:54.379063+00:00,2025-03-04 07:00:03.914845+00:00
57207,2,Tony Jaa,Tony Jaa,Acting,2025-03-02 01:14:54.379063+00:00,2025-03-04 07:00:03.914845+00:00
5472,2,Colin Firth,Colin Firth,Acting,2025-03-02 01:14:54.379063+00:00,2025-03-04 07:00:03.914845+00:00
1085178,2,Matt Stokoe,Matt Stokoe,Acting,2025-03-02 01:14:54.379063+00:00,2025-03-04 07:00:03.914845+00:00
3479098,2,Anujoy Chattopadhyay,Anujoy Chattopadhyay,Acting,2025-03-02 01:14:54.379063+00:00,2025-03-04 07:00:03.914845+00:00
6091,2,August Diehl,August Diehl,Acting,2025-03-02 01:14:54.379063+00:00,2025-03-04 07:00:03.914845+00:00
2761814,2,Omer Perelman Striks,Omer Perelman Striks,Acting,2025-03-02 01:14:54.379063+00:00,2025-03-04 07:00:03.914845+00:00
1148,2,Jerzy Stuhr,Jerzy Stuhr,Acting,2025-03-02 01:14:54.379063+00:00,2025-03-04 07:00:03.914845+00:00
127685,2,Ma Nien-Hsien,馬念先,Acting,2025-03-02 01:14:54.379063+00:00,2025-03-04 07:00:03.914845+00:00
84788,2,Kim Moo-yul,김무열,Acting,2025-03-02 01:14:54.379063+00:00,2025-03-04 07:00:03.914845+00:00
38882,2,Emmanuel Salinger,Emmanuel Salinger,Acting,2025-03-02 01:14:54.379063+00:00,2025-03-04 07:00:03.914845+00:00
2407771,2,Berant Zhu,Berant Zhu,Acting,2025-03-02 01:14:54.379063+00:00,2025-03-04 07:00:03.914845+00:00
223657,1,Denisa Grimmová Abrhámová,Denisa Grimmová Abrhámová,Art,2025-03-02 01:14:54.379063+00:00,2025-03-04 07:00:03.914845+00:00
3970672,0,Theerakhaha Arriyawongsa,Theerakhaha Arriyawongsa,Directing,2025-03-02 01:14:54.379063+00:00,2025-03-04 07:00:03.914845+00:00
2933907,0,Tim Harper,Tim Harper,Directing,2025-03-02 01:14:54.379063+00:00,2025-03-04 07:00:03.914845+00:00
3467507,0,Wuttichai Wongnoppadon,Wuttichai Wongnoppadon,Directing,2025-03-02 01:14:54.379063+00:00,2025-03-04 07:00:03.914845+00:00
3992665,0,Guilhem Causse,Guilhem Causse,Directing,2025-03-02 01:14:54.379063+00:00,2025-03-04 07:00:03.914845+00:00
1523217,1,Ping-Wen Wang,Ping-Wen Wang,Directing,2025-03-02 01:14:54.379063+00:00,2025-03-04 07:00:03.914845+00:00
1113116,2,Andy Muschietti,Andy Muschietti,Directing,2025-03-02 01:14:54.379063+00:00,2025-03-04 07:00:03.914845+00:00
1134988,2,Toshio Lee,李闘士男,Directing,2025-03-02 01:14:54.379063+00:00,2025-03-04 07:00:03.914845+00:00
1373229,2,Tomohisa Taguchi,田口智久,Directing,2025-03-02 01:14:54.379063+00:00,2025-03-04 07:00:03.914845+00:00
931581,2,Mikhaël Hers,Mikhaël Hers,Directing,2025-03-02 01:14:54.379063+00:00,2025-03-04 07:00:03.914845+00:00
1491551,2,Igor Kopylov,Игорь Копылов,Directing,2025-03-02 01:14:54.379063+00:00,2025-03-04 07:00:03.914845+00:00
26882,2,Kiyoshi Kurosawa,黒沢清,Directing,2025-03-02 01:14:54.379063+00:00,2025-03-04 07:00:03.914845+00:00
589402,2,Adrian Grünberg,Adrian Grünberg,Directing,2025-03-02 01:14:54.379063+00:00,2025-03-04 07:00:03.914845+00:00
1109366,2,Emin Alper,Emin Alper,Directing,2025-03-02 01:14:54.379063+00:00,2025-03-04 07:00:03.914845+00:00
1937966,2,Wataru Takahashi,Wataru Takahashi,Directing,2025-03-02 01:14:54.379063+00:00,2025-03-04 07:00:03.914845+00:00
225738,2,Yoshimitsu Morita,Yoshimitsu Morita,Directing,2025-03-02 01:14:54.379063+00:00,2025-03-04 07:00:03.914845+00:00
96856,2,Yonfan,Yonfan,Directing,2025-03-02 01:14:54.379063+00:00,2025-03-04 07:00:03.914845+00:00
1327767,2,Susumu Yamaguchi,山口晋,Directing,2025-03-02 01:14:54.379063+00:00,2025-03-04 07:00:03.914845+00:00
1070338,2,Tyler MacIntyre,Tyler MacIntyre,Directing,2025-03-02 01:14:54.379063+00:00,2025-03-04 07:00:03.914845+00:00
1500346,2,Hayato Kawai,河合勇人,Directing,2025-03-02 01:14:54.379063+00:00,2025-03-04 07:00:03.914845+00:00
37833,2,Víctor Erice,Víctor Erice,Directing,2025-03-02 01:14:54.379063+00:00,2025-03-04 07:00:03.914845+00:00
1505811,2,Wi Ding Ho,Wi Ding Ho,Directing,2025-03-02 01:14:54.379063+00:00,2025-03-04 07:00:03.914845+00:00
1328012,2,Gints Zilbalodis,Gints Zilbalodis,Directing,2025-03-02 01:14:54.379063+00:00,2025-03-04 07:00:03.914845+00:00
1943403,2,Peeter Rebane,Peeter Rebane,Directing,2025-03-02 01:14:54.379063+00:00,2025-03-04 07:00:03.914845+00:00
2312405,2,Johnny Chae,채여준,Directing,2025-03-02 01:14:54.379063+00:00,2025-03-04 07:00:03.914845+00:00
18898,2,Rob Minkoff,Rob Minkoff,Directing,2025-03-02 01:14:54.379063+00:00,2025-03-04 07:00:03.914845+00:00
1964521,0,Valeria Correale,Valeria Correale,Production,2025-03-02 01:14:54.379063+00:00,2025-03-04 07:00:03.914845+00:00
1192152,2,Tomasz Mandes,Tomasz Mandes,Production,2025-03-02 01:14:54.379063+00:00,2025-03-04 07:00:03.914845+00:00
1074867,2,Reid Carolin,Reid Carolin,Production,2025-03-02 01:14:54.379063+00:00,2025-03-04 07:00:03.914845+00:00
4450219,1,Rey Rey Wang,Rey Rey Wang,Writing,2025-03-02 01:14:54.379063+00:00,2025-03-04 07:00:03.914845+00:00
126775,1,Cheng Fenfen,Cheng Fenfen,Writing,2025-03-02 01:14:54.379063+00:00,2025-03-04 07:00:03.914845+00:00
47506,2,Drew Goddard,Drew Goddard,Writing,2025-03-02 01:14:54.379063+00:00,2025-03-04 07:00:03.914845+00:00
552154,2,Park Gyu-tae,박규태,Writing,2025-03-02 01:14:54.379063+00:00,2025-03-04 07:00:03.914845+00:00
146083,2,Patrick Kong,葉念琛,Writing,2025-03-02 01:14:54.379063+00:00,2025-03-04 07:00:03.914845+00:00
9747,2,Jean-Claude Carrière,Jean-Claude Carrière,Writing,2025-03-02 01:14:54.379063+00:00,2025-03-04 07:00:03.914845+00:00
3170527,0,Hirona Murata,村田寛奈,Acting,2025-03-02 01:14:54.379063+00:00,2025-03-04 07:00:03.914845+00:00
3389386,0,Xenia Roset,Xenia Roset,Acting,2025-03-02 01:14:54.379063+00:00,2025-03-04 07:00:03.914845+00:00
3129553,0,Ngô Phạm Hạnh Thúy,Ngô Phạm Hạnh Thúy,Acting,2025-03-02 01:14:54.379063+00:00,2025-03-04 07:00:03.914845+00:00
18230,0,Lex De Bruijn,Lex De Bruijn,Acting,2025-03-02 01:14:54.379063+00:00,2025-03-04 07:00:03.914845+00:00
3925017,0,Sofía Otero,Sofía Otero,Acting,2025-03-02 01:14:54.379063+00:00,2025-03-04 07:00:03.914845+00:00
3479100,0,Swatilekha Kundu,Swatilekha Kundu,Acting,2025-03-02 01:14:54.379063+00:00,2025-03-04 07:00:03.914845+00:00
4157139,0,Han Zalini,Han Zalini,Acting,2025-03-02 01:14:54.379063+00:00,2025-03-04 07:00:03.914845+00:00
4774182,0,Luis Antonio González Marín,Luis Antonio González Marín,Acting,2025-03-02 01:14:54.379063+00:00,2025-03-04 07:00:03.914845+00:00
2124662,0,Pritt Timothy,Pritt Timothy,Acting,2025-03-02 01:14:54.379063+00:00,2025-03-04 07:00:03.914845+00:00
3851207,0,Masamoto Ueda,Masamoto Ueda,Acting,2025-03-02 01:14:54.379063+00:00,2025-03-04 07:00:03.914845+00:00
3353845,0,Camilo Arancibia,Camilo Arancibia,Acting,2025-03-02 01:14:54.379063+00:00,2025-03-04 07:00:03.914845+00:00
4891317,0,Andrés Burecovics,Andrés Burecovics,Acting,2025-03-02 01:14:54.379063+00:00,2025-03-04 07:00:03.914845+00:00
4179553,0,Tergel Bold-Erdene,Tergel Bold-Erdene,Acting,2025-03-02 01:14:54.379063+00:00,2025-03-04 07:00:03.914845+00:00
3602929,0,Taeko Ito,Taeko Ito,Acting,2025-03-02 01:14:54.379063+00:00,2025-03-04 07:00:03.914845+00:00
4380806,0,Nicole Rieko Setsuko,Nicole Rieko Setsuko,Acting,2025-03-02 01:14:54.379063+00:00,2025-03-04 07:00:03.914845+00:00
3556060,0,Cynthia Saleem,Cynthia Saleem,Acting,2025-03-02 01:14:54.379063+00:00,2025-03-04 07:00:03.914845+00:00
3721672,0,Kôhei Matsushita,Kôhei Matsushita,Acting,2025-03-02 01:14:54.379063+00:00,2025-03-04 07:00:03.914845+00:00
1222312,1,Ariel Lin,林依晨,Acting,2025-03-02 01:14:54.379063+00:00,2025-03-04 07:00:03.914845+00:00
681,1,Nina Hoss,Nina Hoss,Acting,2025-03-02 01:14:54.379063+00:00,2025-03-04 07:00:03.914845+00:00
1325949,1,Inori Minase,水瀬いのり,Acting,2025-03-02 01:14:54.379063+00:00,2025-03-04 07:00:03.914845+00:00
3060146,1,Sally Dramé,Sally Dramé,Acting,2025-03-02 01:14:54.379063+00:00,2025-03-04 07:00:03.914845+00:00
953,1,Cecilia Roth,Cecilia Roth,Acting,2025-03-02 01:14:54.379063+00:00,2025-03-04 07:00:03.914845+00:00
1087262,1,Leah Lewis,Leah Lewis,Acting,2025-03-02 01:14:54.379063+00:00,2025-03-04 07:00:03.914845+00:00
1502016,1,Luna Wedler,Luna Wedler,Acting,2025-03-02 01:14:54.379063+00:00,2025-03-04 07:00:03.914845+00:00
3389385,1,Anna Otin,Anna Otin,Acting,2025-03-02 01:14:54.379063+00:00,2025-03-04 07:00:03.914845+00:00
1594383,1,Việt Hương,Việt Hương,Acting,2025-03-02 01:14:54.379063+00:00,2025-03-04 07:00:03.914845+00:00
9715,1,Yumi Kakazu,かかずゆみ,Acting,2025-03-02 01:14:54.379063+00:00,2025-03-04 07:00:03.914845+00:00
3323741,1,Kelly Rian Sanson,Kelly Rian Sanson,Acting,2025-03-02 01:14:54.379063+00:00,2025-03-04 07:00:03.914845+00:00
1204168,1,Barbara Ronchi,Barbara Ronchi,Acting,2025-03-02 01:14:54.379063+00:00,2025-03-04 07:00:03.914845+00:00
2431565,1,Alyla Browne,Alyla Browne,Acting,2025-03-02 01:14:54.379063+00:00,2025-03-04 07:00:03.914845+00:00
3640211,1,Ami Touma,當真あみ,Acting,2025-03-02 01:14:54.379063+00:00,2025-03-04 07:00:03.914845+00:00
3247405,1,Natalia Azahara,Natalia Azahara,Acting,2025-03-02 01:14:54.379063+00:00,2025-03-04 07:00:03.914845+00:00
1897341,1,Jiang Peiyao,姜珮瑶,Acting,2025-03-02 01:14:54.379063+00:00,2025-03-04 07:00:03.914845+00:00
20331,1,Yuko Tanaka,田中裕子,Acting,2025-03-02 01:14:54.379063+00:00,2025-03-04 07:00:03.914845+00:00
11514,1,Catherine O'Hara,Catherine O'Hara,Acting,2025-03-02 01:14:54.379063+00:00,2025-03-04 07:00:03.914845+00:00
116322,1,Yuuka Nanri,南里侑香,Acting,2025-03-02 01:14:54.379063+00:00,2025-03-04 07:00:03.914845+00:00
122181,1,Ayaka Onoue,Ayaka Onoue,Acting,2025-03-02 01:14:54.379063+00:00,2025-03-04 07:00:03.914845+00:00
1662810,1,Sowon,김소원,Acting,2025-03-02 01:14:54.379063+00:00,2025-03-04 07:00:03.914845+00:00
230119,1,Mikako Tabe,多部未華子,Acting,2025-03-02 01:14:54.379063+00:00,2025-03-04 07:00:03.914845+00:00
7863,1,Tantoo Cardinal,Tantoo Cardinal,Acting,2025-03-02 01:14:54.379063+00:00,2025-03-04 07:00:03.914845+00:00
1525043,1,Monica Barbaro,Monica Barbaro,Acting,2025-03-02 01:14:54.379063+00:00,2025-03-04 07:00:03.914845+00:00
2409,1,Lorella Cravotta,Lorella Cravotta,Acting,2025-03-02 01:14:54.379063+00:00,2025-03-04 07:00:03.914845+00:00
134774,1,Wunmi Mosaku,Wunmi Mosaku,Acting,2025-03-02 01:14:54.379063+00:00,2025-03-04 07:00:03.914845+00:00
111690,1,Takako Matsu,松たか子,Acting,2025-03-02 01:14:54.379063+00:00,2025-03-04 07:00:03.914845+00:00
130651,1,Karen Miyama,美山加恋,Acting,2025-03-02 01:14:54.379063+00:00,2025-03-04 07:00:03.914845+00:00
1256326,1,Penpak Sirikul,เพ็ญพักตร์ ศิริกุล,Acting,2025-03-02 01:14:54.379063+00:00,2025-03-04 07:00:03.914845+00:00
3079321,1,Hitomi Wada,Hitomi Wada,Acting,2025-03-02 01:14:54.379063+00:00,2025-03-04 07:00:03.914845+00:00
205307,1,Lucy Hale,Lucy Hale,Acting,2025-03-02 01:14:54.379063+00:00,2025-03-04 07:00:03.914845+00:00
1957,1,Sophie Marceau,Sophie Marceau,Acting,2025-03-02 01:14:54.379063+00:00,2025-03-04 07:00:03.914845+00:00
1288294,1,Yurika Kubo,久保ユリカ,Acting,2025-03-02 01:14:54.379063+00:00,2025-03-04 07:00:03.914845+00:00
593202,1,Maddie Hasson,Maddie Hasson,Acting,2025-03-02 01:14:54.379063+00:00,2025-03-04 07:00:03.914845+00:00
1321622,1,Samantha Coughlan,Samantha Coughlan,Acting,2025-03-02 01:14:54.379063+00:00,2025-03-04 07:00:03.914845+00:00
1181354,1,Ilfenesh Hadera,Ilfenesh Hadera,Acting,2025-03-02 01:14:54.379063+00:00,2025-03-04 07:00:03.914845+00:00
1840725,1,Michelle Choi-Lee,Michelle Choi-Lee,Acting,2025-03-02 01:14:54.379063+00:00,2025-03-04 07:00:03.914845+00:00
19034,1,Evangeline Lilly,Evangeline Lilly,Acting,2025-03-02 09:35:42.269341+00:00,2025-03-04 07:00:03.914845+00:00
1523579,1,Shin Hye-sun,신혜선,Acting,2025-03-02 01:14:54.379063+00:00,2025-03-04 07:00:03.914845+00:00
19937,1,Valérie Donzelli,Valérie Donzelli,Acting,2025-03-02 01:14:54.379063+00:00,2025-03-04 07:00:03.914845+00:00
1956192,1,Gena Desouza,Gena Desouza,Acting,2025-03-02 01:14:54.379063+00:00,2025-03-04 07:00:03.914845+00:00
936970,1,Julia Garner,Julia Garner,Acting,2025-03-02 01:14:54.379063+00:00,2025-03-04 07:00:03.914845+00:00
2125273,1,Adithi Kalkunte,Adithi Kalkunte,Acting,2025-03-02 01:14:54.379063+00:00,2025-03-04 07:00:03.914845+00:00
894116,1,Paula Beer,Paula Beer,Acting,2025-03-02 01:14:54.379063+00:00,2025-03-04 07:00:03.914845+00:00
90157,1,Sayaka Maeda,Sayaka Maeda,Acting,2025-03-02 01:14:54.379063+00:00,2025-03-04 07:00:03.914845+00:00
1560588,1,Natalia Osipova,Natalia Osipova,Acting,2025-03-02 01:14:54.379063+00:00,2025-03-04 07:00:03.914845+00:00
1373737,1,Florence Pugh,Florence Pugh,Acting,2025-03-02 01:14:54.379063+00:00,2025-03-04 07:00:03.914845+00:00
1218218,2,Thomas Sadoski,Thomas Sadoski,Acting,2025-03-02 01:14:54.379063+00:00,2025-03-04 07:00:03.914845+00:00
91869,2,Sho Sakurai,櫻井翔,Acting,2025-03-02 01:14:54.379063+00:00,2025-03-04 07:00:03.914845+00:00
2445117,2,Yang Shi Bin,Yang Shi Bin,Acting,2025-03-02 01:14:54.379063+00:00,2025-03-04 07:00:03.914845+00:00
3896,2,Liam Neeson,Liam Neeson,Acting,2025-03-02 01:14:54.379063+00:00,2025-03-04 07:00:03.914845+00:00
2769638,2,Frederick Lee,Frederick Ming Zhong Lee,Acting,2025-03-02 01:14:54.379063+00:00,2025-03-04 07:00:03.914845+00:00
2068230,2,Si Pangoyod,Si Pangoyod,Acting,2025-03-02 01:14:54.379063+00:00,2025-03-04 07:00:03.914845+00:00
63584,2,Francis Ng Chun-Yu,吳鎮宇,Acting,2025-03-02 01:14:54.379063+00:00,2025-03-04 07:00:03.914845+00:00
15033,2,Justin Long,Justin Long,Acting,2025-03-02 01:14:54.379063+00:00,2025-03-04 07:00:03.914845+00:00
1405926,2,Toru Nomaguchi,野間口徹,Acting,2025-03-02 01:14:54.379063+00:00,2025-03-04 07:00:03.914845+00:00
71490,2,Yannick Renier,Yannick Renier,Acting,2025-03-02 01:14:54.379063+00:00,2025-03-04 07:00:03.914845+00:00
47337,2,Gérard Darmon,Gérard Darmon,Acting,2025-03-02 01:14:54.379063+00:00,2025-03-04 07:00:03.914845+00:00
1762692,2,Ji Seung-hyun,지승현,Acting,2025-03-02 01:14:54.379063+00:00,2025-03-04 07:00:03.914845+00:00
160822,2,Harry Chang,Harry Chang,Acting,2025-03-02 09:35:42.269341+00:00,2025-03-04 07:00:03.914845+00:00
2058564,2,Charles Tu,涂善存,Acting,2025-03-02 01:14:54.379063+00:00,2025-03-04 07:00:03.914845+00:00
2009997,2,Shinzo Abe,Shinzo Abe,Acting,2025-03-02 01:14:54.379063+00:00,2025-03-04 07:00:03.914845+00:00
532,2,Joe Pantoliano,Joe Pantoliano,Acting,2025-03-02 01:14:54.379063+00:00,2025-03-04 07:00:03.914845+00:00
935504,2,Ayush Tandon,Ayush Tandon,Acting,2025-03-02 01:14:54.379063+00:00,2025-03-04 07:00:03.914845+00:00
1436707,2,Enric Auquer,Enric Auquer,Acting,2025-03-02 01:14:54.379063+00:00,2025-03-04 07:00:03.914845+00:00
134708,2,Michael J Rogers,Michael J Rogers,Acting,2025-03-02 01:14:54.379063+00:00,2025-03-04 07:00:03.914845+00:00
1353678,2,Chanon Santinatornkul,ชานน สันตินธรกุล,Acting,2025-03-02 01:14:54.379063+00:00,2025-03-04 07:00:03.914845+00:00
1377670,2,Glenn Fleshler,Glenn Fleshler,Acting,2025-03-02 01:14:54.379063+00:00,2025-03-04 07:00:03.914845+00:00
1987385,2,Erkan Bektaş,Erkan Bektaş,Acting,2025-03-02 01:14:54.379063+00:00,2025-03-04 07:00:03.914845+00:00
2021538,2,Jacques Borderie,Jacques Borderie,Acting,2025-03-02 01:14:54.379063+00:00,2025-03-04 07:00:03.914845+00:00
467271,2,Jose Rosete,Jose Rosete,Acting,2025-03-02 01:14:54.379063+00:00,2025-03-04 07:00:03.914845+00:00
4941,2,Alessandro Nivola,Alessandro Nivola,Acting,2025-03-02 01:14:54.379063+00:00,2025-03-04 07:00:03.914845+00:00
1709947,2,Kentaro Ito,伊藤健太郎,Acting,2025-03-02 01:14:54.379063+00:00,2025-03-04 07:00:03.914845+00:00
11677,2,Terry Chen,Terry Chen,Acting,2025-03-02 01:14:54.379063+00:00,2025-03-04 07:00:03.914845+00:00
2233616,2,Artem Gubin,Артём Губин,Acting,2025-03-02 01:14:54.379063+00:00,2025-03-04 07:00:03.914845+00:00
12080,2,Conrad Vernon,Conrad Vernon,Acting,2025-03-02 01:14:54.379063+00:00,2025-03-04 07:00:03.914845+00:00
16702,2,Sean Harris,Sean Harris,Acting,2025-03-02 01:14:54.379063+00:00,2025-03-04 07:00:03.914845+00:00
506447,2,Nobuaki Kaneko,金子ノブアキ,Acting,2025-03-02 01:14:54.379063+00:00,2025-03-04 07:00:03.914845+00:00
1241128,2,Terence Cao,Terence Cao,Acting,2025-03-02 01:14:54.379063+00:00,2025-03-04 07:00:03.914845+00:00
1613304,2,Shawn Mendes,Shawn Mendes,Acting,2025-03-02 01:14:54.379063+00:00,2025-03-04 07:00:03.914845+00:00
245,2,Keir Dullea,Keir Dullea,Acting,2025-03-02 01:14:54.379063+00:00,2025-03-04 07:00:03.914845+00:00
46691,2,Teruyuki Kagawa,香川照之,Acting,2025-03-02 01:14:54.379063+00:00,2025-03-04 07:00:03.914845+00:00
3074807,2,Henick Chou,Henick Chou,Acting,2025-03-02 01:14:54.379063+00:00,2025-03-04 07:00:03.914845+00:00
17490,2,"Isiah Whitlock, Jr.","Isiah Whitlock, Jr.",Acting,2025-03-02 01:14:54.379063+00:00,2025-03-04 07:00:03.914845+00:00
1078683,2,Yohta Kawase,川瀬陽太,Acting,2025-03-02 01:14:54.379063+00:00,2025-03-04 07:00:03.914845+00:00
3421646,2,Boogie Wang,Boogie Wang,Acting,2025-03-02 01:14:54.379063+00:00,2025-03-04 07:00:03.914845+00:00
3767302,2,Jordan Worsley,Jordan Worsley,Acting,2025-03-02 01:14:54.379063+00:00,2025-03-04 07:00:03.914845+00:00
78423,2,Omar Sy,Omar Sy,Acting,2025-03-02 01:14:54.379063+00:00,2025-03-04 07:00:03.914845+00:00
1439969,2,Benson Jack Anthony,Benson Jack Anthony,Acting,2025-03-02 01:14:54.379063+00:00,2025-03-04 07:00:03.914845+00:00
25103,2,Jean-Claude Deret,Jean-Claude Deret,Acting,2025-03-02 01:14:54.379063+00:00,2025-03-04 07:00:03.914845+00:00
49021,2,Ronald Zehrfeld,Ronald Zehrfeld,Acting,2025-03-02 01:14:54.379063+00:00,2025-03-04 07:00:03.914845+00:00
1780720,2,Mario Kuroba,黒羽麻璃央,Acting,2025-03-02 01:14:54.379063+00:00,2025-03-04 07:00:03.914845+00:00
17124,2,Park Yong-woo,박용우,Acting,2025-03-02 01:14:54.379063+00:00,2025-03-04 07:00:03.914845+00:00
3756673,2,Chris Pan,Chris Pan,Acting,2025-03-02 01:14:54.379063+00:00,2025-03-04 07:00:03.914845+00:00
2557400,2,Peter Chan Charm-Man,Peter Chan Charm-man,Acting,2025-03-02 01:14:54.379063+00:00,2025-03-04 07:00:03.914845+00:00
19868,2,Paterson Joseph,Paterson Joseph,Acting,2025-03-02 01:14:54.379063+00:00,2025-03-04 07:00:03.914845+00:00
1256347,2,Kim Min-seok,김민석,Acting,2025-03-02 01:14:54.379063+00:00,2025-03-04 07:00:03.914845+00:00
2288848,2,Shin Seok-ho,신석호,Acting,2025-03-02 01:14:54.379063+00:00,2025-03-04 07:00:03.914845+00:00
96381,2,Ivan Trojan,Ivan Trojan,Acting,2025-03-02 01:14:54.379063+00:00,2025-03-04 07:00:03.914845+00:00
2549743,2,Ha Seong-guk,하성국,Acting,2025-03-02 01:14:54.379063+00:00,2025-03-04 07:00:03.914845+00:00
1139801,2,Théo Cholbi,Théo Cholbi,Acting,2025-03-02 01:14:54.379063+00:00,2025-03-04 07:00:03.914845+00:00
556787,2,Yousuke Saito,斉藤洋介,Acting,2025-03-02 01:14:54.379063+00:00,2025-03-04 07:00:03.914845+00:00
147852,2,Kim Eung-soo,김응수,Acting,2025-03-02 01:14:54.379063+00:00,2025-03-04 07:00:03.914845+00:00
1560844,2,Ongart Cheamcharoenpornkul,องอาจ เจียมเจริญพรกุล,Acting,2025-03-02 01:14:54.379063+00:00,2025-03-04 07:00:03.914845+00:00
93210,2,Domhnall Gleeson,Domhnall Gleeson,Acting,2025-03-02 01:14:54.379063+00:00,2025-03-04 07:00:03.914845+00:00
937120,2,Nigel Cooke,Nigel Cooke,Acting,2025-03-02 01:14:54.379063+00:00,2025-03-04 07:00:03.914845+00:00
10410,2,Danny Lloyd,Danny Lloyd,Acting,2025-03-02 01:14:54.379063+00:00,2025-03-04 07:00:03.914845+00:00
993784,2,Rhydian Vaughan,鳳小岳,Acting,2025-03-02 01:14:54.379063+00:00,2025-03-04 07:00:03.914845+00:00
68411,2,Sō Yamamura,山村聰,Acting,2025-03-02 01:14:54.379063+00:00,2025-03-04 07:00:03.914845+00:00
1517550,3,Skyler Davenport,Skyler Davenport,Acting,2025-03-02 01:14:54.379063+00:00,2025-03-04 07:00:03.914845+00:00
2985261,2,Jack Chu,儲榢逸,Costume & Make-Up,2025-03-02 01:14:54.379063+00:00,2025-03-04 07:00:03.914845+00:00
3641331,0,Chin Chia-hua,Chin Chia-hua,Directing,2025-03-02 01:14:54.379063+00:00,2025-03-04 07:00:03.914845+00:00
3652399,0,Miro Wang Yuk-Kei,Miro Wang Yuk-Kei,Directing,2025-03-02 01:14:54.379063+00:00,2025-03-04 07:00:03.914845+00:00
3655548,0,Jo Nung Lee,Jo Nung Lee,Directing,2025-03-02 01:14:54.379063+00:00,2025-03-04 07:00:03.914845+00:00
2560733,0,"Mike, Ao Ieong Weng Fong","Mike, Ao Ieong Weng Fong",Directing,2025-03-02 01:14:54.379063+00:00,2025-03-04 07:00:03.914845+00:00
2650341,0,Panu Aree,Panu Aree,Directing,2025-03-02 01:14:54.379063+00:00,2025-03-04 07:00:03.914845+00:00
2002122,0,Macarena Astorga,Macarena Astorga,Directing,2025-03-02 01:14:54.379063+00:00,2025-03-04 07:00:03.914845+00:00
3743348,0,Silje Evensmo Jacobsen,Silje Evensmo Jacobsen,Directing,2025-03-02 01:14:54.379063+00:00,2025-03-04 07:00:03.914845+00:00
2688922,0,Masaya Takahashi,高橋正弥,Directing,2025-03-02 01:14:54.379063+00:00,2025-03-04 07:00:03.914845+00:00
4271605,1,Hui-Lin Hsu,Hui-Lin Hsu,Directing,2025-03-02 01:14:54.379063+00:00,2025-03-04 07:00:03.914845+00:00
3985881,1,Bae Du-ri,Bae Du-ri,Directing,2025-03-02 09:35:42.269341+00:00,2025-03-04 07:00:03.914845+00:00
1605622,1,Maha Haj,Maha Haj,Directing,2025-03-02 01:14:54.379063+00:00,2025-03-04 07:00:03.914845+00:00
1720838,2,Park Hee-kon,박희곤,Directing,2025-03-02 01:14:54.379063+00:00,2025-03-04 07:00:03.914845+00:00
1678527,2,Hyun Moon-seop,Hyun Moon-seop,Directing,2025-03-02 01:14:54.379063+00:00,2025-03-04 07:00:03.914845+00:00
145623,2,Jang Sun-woo,장선우,Directing,2025-03-02 01:14:54.379063+00:00,2025-03-04 07:00:03.914845+00:00
1277754,2,Kiwi Chow,Kiwi Chow,Directing,2025-03-02 01:14:54.379063+00:00,2025-03-04 07:00:03.914845+00:00
97359,2,Hideyuki Hirayama,平山秀幸,Directing,2025-03-02 01:14:54.379063+00:00,2025-03-04 07:00:03.914845+00:00
17633,2,Rob Marshall,Rob Marshall,Directing,2025-03-02 01:14:54.379063+00:00,2025-03-04 07:00:03.914845+00:00
65569,2,Emmanuel Mouret,Emmanuel Mouret,Directing,2025-03-02 01:14:54.379063+00:00,2025-03-04 07:00:03.914845+00:00
134851,2,Scud,云翔,Directing,2025-03-02 01:14:54.379063+00:00,2025-03-04 07:00:03.914845+00:00
16862,2,Claude Lelouch,Claude Lelouch,Directing,2025-03-02 01:14:54.379063+00:00,2025-03-04 07:00:03.914845+00:00
55476,2,Nicholas Hytner,Nicholas Hytner,Directing,2025-03-02 01:14:54.379063+00:00,2025-03-04 07:00:03.914845+00:00
135208,2,Akira Tanaka,田中亮,Directing,2025-03-02 01:14:54.379063+00:00,2025-03-04 07:00:03.914845+00:00
100734,2,Johannes Roberts,Johannes Roberts,Directing,2025-03-02 01:14:54.379063+00:00,2025-03-04 07:00:03.914845+00:00
1117479,2,Ayumu Watanabe,渡辺歩,Directing,2025-03-02 01:14:54.379063+00:00,2025-03-04 07:00:03.914845+00:00
937799,2,Masaya Fujimori,藤森雅也,Directing,2025-03-02 01:14:54.379063+00:00,2025-03-04 07:00:03.914845+00:00
572295,2,Howard J. Ford,Howard J. Ford,Directing,2025-03-02 01:14:54.379063+00:00,2025-03-04 07:00:03.914845+00:00
2816828,1,Amy Ma,Amy Ma,Production,2025-03-02 01:14:54.379063+00:00,2025-03-04 07:00:03.914845+00:00
1297488,2,Allan Ungar,Allan Ungar,Production,2025-03-02 01:14:54.379063+00:00,2025-03-04 07:00:03.914845+00:00
109017,0,Chuck Konzelman,Chuck Konzelman,Writing,2025-03-02 01:14:54.379063+00:00,2025-03-04 07:00:03.914845+00:00
3638178,0,Gérome Barry,Gérome Barry,Acting,2025-03-02 01:14:54.379063+00:00,2025-03-04 07:00:03.914845+00:00
150568,0,Achileas Skevis,Αχιλλέας Σκέβης,Acting,2025-03-02 01:14:54.379063+00:00,2025-03-04 07:00:03.914845+00:00
3045536,0,Chu Tien-yi,Chu Tien-yi,Acting,2025-03-02 01:14:54.379063+00:00,2025-03-04 07:00:03.914845+00:00
1357167,0,Antonio Alveario,Antonio Alveario,Acting,2025-03-02 01:14:54.379063+00:00,2025-03-04 07:00:03.914845+00:00
142540,0,Mala Ghedia,Mala Ghedia,Acting,2025-03-02 01:14:54.379063+00:00,2025-03-04 07:00:03.914845+00:00
3887365,0,Mariam Vuaa Mtego,Mariam Vuaa Mtego,Acting,2025-03-02 01:14:54.379063+00:00,2025-03-04 07:00:03.914845+00:00
2363304,0,Alex Lam,Alex Lam,Acting,2025-03-02 01:14:54.379063+00:00,2025-03-04 07:00:03.914845+00:00
4775491,0,Papinee Yamnadda,Papinee Yamnadda,Acting,2025-03-02 01:14:54.379063+00:00,2025-03-04 07:00:03.914845+00:00
3479093,0,Arif Shaikh,Arif Shaikh,Acting,2025-03-02 01:14:54.379063+00:00,2025-03-04 07:00:03.914845+00:00
1995872,0,Damir Klemenić,Damir Klemenić,Acting,2025-03-02 01:14:54.379063+00:00,2025-03-04 07:00:03.914845+00:00
3549437,0,Alioune Sané,Alioune Sané,Acting,2025-03-02 01:14:54.379063+00:00,2025-03-04 07:00:03.914845+00:00
4609472,0,Agus Firmansyah,Agus Firmansyah,Acting,2025-03-02 01:14:54.379063+00:00,2025-03-04 07:00:03.914845+00:00
3180424,1,Kwak Ji-sook,Kwak Ji-sook,Acting,2025-03-02 01:14:54.379063+00:00,2025-03-04 07:00:03.914845+00:00
2206133,1,Sayumi Suzushiro,鈴代紗弓,Acting,2025-03-02 01:14:54.379063+00:00,2025-03-04 07:00:03.914845+00:00
1438688,1,Ella Rumpf,Ella Rumpf,Acting,2025-03-02 01:14:54.379063+00:00,2025-03-04 07:00:03.914845+00:00
2979464,1,Meng'er Zhang,张梦儿,Acting,2025-03-02 01:14:54.379063+00:00,2025-03-04 07:00:03.914845+00:00
1033625,1,Zita Hanrot,Zita Hanrot,Acting,2025-03-02 01:14:54.379063+00:00,2025-03-04 07:00:03.914845+00:00
954,1,Marisa Paredes,Marisa Paredes,Acting,2025-03-02 01:14:54.379063+00:00,2025-03-04 07:00:03.914845+00:00
2060773,1,Angel Lee,Angel Lee,Acting,2025-03-02 01:14:54.379063+00:00,2025-03-04 07:00:03.914845+00:00
1397027,1,Polina Maksimova,Полина Максимова,Acting,2025-03-02 01:14:54.379063+00:00,2025-03-04 07:00:03.914845+00:00
1272717,1,Lee Mi-ja,이미자,Acting,2025-03-02 01:14:54.379063+00:00,2025-03-04 07:00:03.914845+00:00
1578123,1,Oulaya Amamra,Oulaya Amamra,Acting,2025-03-02 01:14:54.379063+00:00,2025-03-04 07:00:03.914845+00:00
1835721,1,Manaka Iwami,石見舞菜香,Acting,2025-03-02 01:14:54.379063+00:00,2025-03-04 07:00:03.914845+00:00
1765068,1,Cynthia Erivo,Cynthia Erivo,Acting,2025-03-02 01:14:54.379063+00:00,2025-03-04 07:00:03.914845+00:00
2278760,1,Kim Bo-min,Kim Bo-min,Acting,2025-03-02 01:14:54.379063+00:00,2025-03-04 07:00:03.914845+00:00
119244,1,Jun Fubuki,風吹ジュン,Acting,2025-03-02 01:14:54.379063+00:00,2025-03-04 07:00:03.914845+00:00
65261,1,Angelica Lee Sin-Jie,李心潔,Acting,2025-03-02 01:14:54.379063+00:00,2025-03-04 07:00:03.914845+00:00
21688,1,Bae Doona,배두나,Acting,2025-03-02 01:14:54.379063+00:00,2025-03-04 07:00:03.914845+00:00
1171457,1,Sara Serraiocco,Sara Serraiocco,Acting,2025-03-02 01:14:54.379063+00:00,2025-03-04 07:00:03.914845+00:00
3480,1,Blanca Portillo,Blanca Portillo,Acting,2025-03-02 01:14:54.379063+00:00,2025-03-04 07:00:03.914845+00:00
1953860,1,Sara Shida,志田彩良,Acting,2025-03-02 01:14:54.379063+00:00,2025-03-04 07:00:03.914845+00:00
3961076,1,Bhanbhassa Dhubthien,Bhanbhassa Dhubthien,Acting,2025-03-02 01:14:54.379063+00:00,2025-03-04 07:00:03.914845+00:00
1908347,1,Zelda Morrison,Zelda Morrison,Acting,2025-03-02 01:14:54.379063+00:00,2025-03-04 07:00:03.914845+00:00
78346,1,Yuria Kozuki,神月柚莉愛,Acting,2025-03-02 01:14:54.379063+00:00,2025-03-04 07:00:03.914845+00:00
1901974,1,Maryam Moghaddam,Maryam Moghaddam,Acting,2025-03-02 01:14:54.379063+00:00,2025-03-04 07:00:03.914845+00:00
81472,1,Nuria González,Nuria González,Acting,2025-03-02 01:14:54.379063+00:00,2025-03-04 07:00:03.914845+00:00
559207,1,Synnøve Macody Lund,Synnøve Macody Lund,Acting,2025-03-02 01:14:54.379063+00:00,2025-03-04 07:00:03.914845+00:00
2247119,1,Ester Kuntu,Ester Kuntu,Acting,2025-03-02 01:14:54.379063+00:00,2025-03-04 07:00:03.914845+00:00
232427,1,Svetlana Ustinova,Светлана Устинова,Acting,2025-03-02 01:14:54.379063+00:00,2025-03-04 07:00:03.914845+00:00
5016396,1,Homa Mottahedin,Homa Mottahedin,Acting,2025-03-02 01:14:54.379063+00:00,2025-03-04 07:00:03.914845+00:00
1587124,1,Hibiku Yamamura,山村響,Acting,2025-03-02 01:14:54.379063+00:00,2025-03-04 07:00:03.914845+00:00
1490856,1,Leah McNamara,Leah McNamara,Acting,2025-03-02 01:14:54.379063+00:00,2025-03-04 07:00:03.914845+00:00
39126,1,Bai Ling,Bai Ling,Acting,2025-03-02 01:14:54.379063+00:00,2025-03-04 07:00:03.914845+00:00
2755801,1,Stefanie Yunger,Stefanie Yunger,Acting,2025-03-02 01:14:54.379063+00:00,2025-03-04 07:00:03.914845+00:00
1618434,1,Hazuki Kikuchi,Hazuki Kikuchi,Acting,2025-03-02 01:14:54.379063+00:00,2025-03-04 07:00:03.914845+00:00
1425019,1,Laia Costa,Laia Costa,Acting,2025-03-02 01:14:54.379063+00:00,2025-03-04 07:00:03.914845+00:00
267918,1,Nadia Kaci,Nadia Kaci,Acting,2025-03-02 01:14:54.379063+00:00,2025-03-04 07:00:03.914845+00:00
1464589,1,Matilda Lutz,Matilda Lutz,Acting,2025-03-02 01:14:54.379063+00:00,2025-03-04 07:00:03.914845+00:00
2017008,1,Bhargavi Narayan,Bhargavi Narayan,Acting,2025-03-02 01:14:54.379063+00:00,2025-03-04 07:00:03.914845+00:00
1064167,1,Merve Dizdar,Merve Dizdar,Acting,2025-03-02 01:14:54.379063+00:00,2025-03-04 07:00:03.914845+00:00
1141384,1,Lucy Walters,Lucy Walters,Acting,2025-03-02 01:14:54.379063+00:00,2025-03-04 07:00:03.914845+00:00
1258375,1,Annie Chen,陳庭妮,Acting,2025-03-02 01:14:54.379063+00:00,2025-03-04 07:00:03.914845+00:00
536271,1,Michole Briana White,Michole Briana White,Acting,2025-03-02 01:14:54.379063+00:00,2025-03-04 07:00:03.914845+00:00
1732483,1,Sairi Ito,伊藤沙莉,Acting,2025-03-02 01:14:54.379063+00:00,2025-03-04 07:00:03.914845+00:00
560070,1,Jin Kyung,진경,Acting,2025-03-02 01:14:54.379063+00:00,2025-03-04 07:00:03.914845+00:00
28662,1,Yunjin Kim,김윤진,Acting,2025-03-02 01:14:54.379063+00:00,2025-03-04 07:00:03.914845+00:00
2386956,1,Banafshe Hourmazdi,Banafshe Hourmazdi,Acting,2025-03-02 01:14:54.379063+00:00,2025-03-04 07:00:03.914845+00:00
527313,1,Taissa Farmiga,Taissa Farmiga,Acting,2025-03-02 01:14:54.379063+00:00,2025-03-04 07:00:03.914845+00:00
57831,1,Karen Mok Man-Wai,莫文蔚,Acting,2025-03-02 01:14:54.379063+00:00,2025-03-04 07:00:03.914845+00:00
1018945,1,Fumi Nikaido,二階堂ふみ,Acting,2025-03-02 01:14:54.379063+00:00,2025-03-04 07:00:03.914845+00:00
4161155,1,Lee Da-seul,이다슬,Acting,2025-03-02 01:14:54.379063+00:00,2025-03-04 07:00:03.914845+00:00
65938,1,Gigi Leung Wing-Kei,梁詠琪,Acting,2025-03-02 01:14:54.379063+00:00,2025-03-04 07:00:03.914845+00:00
90135,1,Marina Inoue,井上麻里奈,Acting,2025-03-02 01:14:54.379063+00:00,2025-03-04 07:00:03.914845+00:00
970990,1,Itziar Lazkano,Itziar Lazkano,Acting,2025-03-02 01:14:54.379063+00:00,2025-03-04 07:00:03.914845+00:00
5644,1,Alexandra Maria Lara,Alexandra Maria Lara,Acting,2025-03-02 01:14:54.379063+00:00,2025-03-04 07:00:03.914845+00:00
1348015,1,Hana Sugisaki,杉咲花,Acting,2025-03-02 01:14:54.379063+00:00,2025-03-04 07:00:03.914845+00:00
1362654,1,Shaohua Zhang,张少华,Acting,2025-03-02 01:14:54.379063+00:00,2025-03-04 07:00:03.914845+00:00
27136,1,Katharine Isabelle,Katharine Isabelle,Acting,2025-03-02 01:14:54.379063+00:00,2025-03-04 07:00:03.914845+00:00
3131642,1,Narilya Gulmongkolpech,นริลญา กุลมงคลเพชร,Acting,2025-03-02 01:14:54.379063+00:00,2025-03-04 07:00:03.914845+00:00
2773674,2,Jason Fernández,Jason Fernández,Acting,2025-03-02 01:14:54.379063+00:00,2025-03-04 07:00:03.914845+00:00
17494,2,Dennis Dugan,Dennis Dugan,Acting,2025-03-02 01:14:54.379063+00:00,2025-03-04 07:00:03.914845+00:00
553237,2,Park Keun-hyong,박근형,Acting,2025-03-02 01:14:54.379063+00:00,2025-03-04 07:00:03.914845+00:00
1758092,2,Kevin Dennis,Kevin Dennis,Acting,2025-03-02 01:14:54.379063+00:00,2025-03-04 07:00:03.914845+00:00
1565392,2,Kang Tae-oh,강태오,Acting,2025-03-02 01:14:54.379063+00:00,2025-03-04 07:00:03.914845+00:00
3262412,2,Freddie Spry,Freddie Spry,Acting,2025-03-02 01:14:54.379063+00:00,2025-03-04 07:00:03.914845+00:00
66152,2,Takehiro Murata,村田雄浩,Acting,2025-03-02 01:14:54.379063+00:00,2025-03-04 07:00:03.914845+00:00
1210634,2,Nobunaga Shimazaki,島﨑信長,Acting,2025-03-02 01:14:54.379063+00:00,2025-03-04 07:00:03.914845+00:00
238125,2,Sergey Gubanov,Сергей Губанов,Acting,2025-03-02 01:14:54.379063+00:00,2025-03-04 07:00:03.914845+00:00
68472,2,Kappei Yamaguchi,山口勝平,Acting,2025-03-02 01:14:54.379063+00:00,2025-03-04 07:00:03.914845+00:00
996701,2,Miles Teller,Miles Teller,Acting,2025-03-02 09:35:42.269341+00:00,2025-03-04 07:00:03.914845+00:00
84725,2,Keisuke Koide,小出恵介,Acting,2025-03-02 01:14:54.379063+00:00,2025-03-04 07:00:03.914845+00:00
18217,2,Henri Serre,Henri Serre,Acting,2025-03-02 01:14:54.379063+00:00,2025-03-04 07:00:03.914845+00:00
1474032,2,Turlough Convery,Turlough Convery,Acting,2025-03-02 01:14:54.379063+00:00,2025-03-04 07:00:03.914845+00:00
1353189,2,Joseph Mydell,Joseph Mydell,Acting,2025-03-02 01:14:54.379063+00:00,2025-03-04 07:00:03.914845+00:00
2133923,2,Lee Jung-ok,이중옥,Acting,2025-03-02 01:14:54.379063+00:00,2025-03-04 07:00:03.914845+00:00
8992,2,Pierre Batcheff,Pierre Batcheff,Acting,2025-03-02 01:14:54.379063+00:00,2025-03-04 07:00:03.914845+00:00
150125,2,Ju Ji-hoon,주지훈,Acting,2025-03-02 01:14:54.379063+00:00,2025-03-04 07:00:03.914845+00:00
1376105,2,Zhu Yawen,朱亚文,Acting,2025-03-02 01:14:54.379063+00:00,2025-03-04 07:00:03.914845+00:00
10112,2,Yoo Ji-tae,유지태,Acting,2025-03-02 01:14:54.379063+00:00,2025-03-04 07:00:03.914845+00:00
1064,2,Crispin Glover,Crispin Glover,Acting,2025-03-02 01:14:54.379063+00:00,2025-03-04 07:00:03.914845+00:00
1267684,2,James Jude Courtney,James Jude Courtney,Acting,2025-03-02 01:14:54.379063+00:00,2025-03-04 07:00:03.914845+00:00
1309252,2,Takuto Yoshinaga,吉永拓斗,Acting,2025-03-02 01:14:54.379063+00:00,2025-03-04 07:00:03.914845+00:00
1305610,2,Yoson An,Yoson An,Acting,2025-03-02 01:14:54.379063+00:00,2025-03-04 07:00:03.914845+00:00
1475555,2,Gabriel Leone,Gabriel Leone,Acting,2025-03-02 01:14:54.379063+00:00,2025-03-04 07:00:03.914845+00:00
17697,2,John Krasinski,John Krasinski,Acting,2025-03-02 01:14:54.379063+00:00,2025-03-04 07:00:03.914845+00:00
1867407,2,Shwan Attoof,Shwan Attoof,Acting,2025-03-02 01:14:54.379063+00:00,2025-03-04 07:00:03.914845+00:00
134,2,Jamie Foxx,Jamie Foxx,Acting,2025-03-02 01:14:54.379063+00:00,2025-03-04 07:00:03.914845+00:00
1962612,2,Michael Chang,張豐豪,Acting,2025-03-02 01:14:54.379063+00:00,2025-03-04 07:00:03.914845+00:00
68916,2,Unsho Ishizuka,石塚運昇,Acting,2025-03-02 01:14:54.379063+00:00,2025-03-04 07:00:03.914845+00:00
1030513,2,Jack Quaid,Jack Quaid,Acting,2025-03-02 01:14:54.379063+00:00,2025-03-04 07:00:03.914845+00:00
1760905,2,Urko Olazábal,Urko Olazábal,Acting,2025-03-02 01:14:54.379063+00:00,2025-03-04 07:00:03.914845+00:00
76294,2,Jan Hammenecker,Jan Hammenecker,Acting,2025-03-02 01:14:54.379063+00:00,2025-03-04 07:00:03.914845+00:00
1138501,2,Grzegorz Warchoł,Grzegorz Warchoł,Acting,2025-03-02 01:14:54.379063+00:00,2025-03-04 07:00:03.914845+00:00
64455,2,Jang Hyun-sung,장현성,Acting,2025-03-02 01:14:54.379063+00:00,2025-03-04 07:00:03.914845+00:00
76339,2,Claudio Santamaria,Claudio Santamaria,Acting,2025-03-02 01:14:54.379063+00:00,2025-03-04 07:00:03.914845+00:00
13696,2,Howard Vernon,Howard Vernon,Acting,2025-03-02 01:14:54.379063+00:00,2025-03-04 07:00:03.914845+00:00
2773022,2,Ryosuke Sota,曽田陵介,Acting,2025-03-02 01:14:54.379063+00:00,2025-03-04 07:00:03.914845+00:00
1678180,2,Rous Mony,Rous Mony,Acting,2025-03-02 01:14:54.379063+00:00,2025-03-04 07:00:03.914845+00:00
3756674,2,Zsolt Kormendy,Zsolt Kormendy,Acting,2025-03-02 01:14:54.379063+00:00,2025-03-04 07:00:03.914845+00:00
574243,2,Hans Olav Brenner,Hans Olav Brenner,Acting,2025-03-02 01:14:54.379063+00:00,2025-03-04 07:00:03.914845+00:00
1429670,2,Victor Dobronravov,Виктор Добронравов,Acting,2025-03-02 01:14:54.379063+00:00,2025-03-04 07:00:03.914845+00:00
5294,2,Chiwetel Ejiofor,Chiwetel Ejiofor,Acting,2025-03-02 01:14:54.379063+00:00,2025-03-04 07:00:03.914845+00:00
1627950,2,Hu Hsiang-Ping,Hu Hsiang-Ping,Acting,2025-03-02 01:14:54.379063+00:00,2025-03-04 07:00:03.914845+00:00
998412,2,Oh Jung-se,오정세,Acting,2025-03-02 01:14:54.379063+00:00,2025-03-04 07:00:03.914845+00:00
81683,2,Gbenga Akinnagbe,Gbenga Akinnagbe,Acting,2025-03-02 01:14:54.379063+00:00,2025-03-04 07:00:03.914845+00:00
139493,2,Park Sung-woong,박성웅,Acting,2025-03-02 01:14:54.379063+00:00,2025-03-04 07:00:03.914845+00:00
73475,2,Adriano Giannini,Adriano Giannini,Acting,2025-03-02 01:14:54.379063+00:00,2025-03-04 07:00:03.914845+00:00
2285896,2,Mandy Sekiguchi,関口メンディー,Acting,2025-03-02 01:14:54.379063+00:00,2025-03-04 07:00:03.914845+00:00
1297930,2,Vincent Grahl,Vincent Grahl,Acting,2025-03-02 01:14:54.379063+00:00,2025-03-04 07:00:03.914845+00:00
1780952,2,Gino Anania,Gino Anania,Acting,2025-03-02 01:14:54.379063+00:00,2025-03-04 07:00:03.914845+00:00
1519026,2,Shen Teng,沈腾,Acting,2025-03-02 01:14:54.379063+00:00,2025-03-04 07:00:03.914845+00:00
3545133,2,Bakhtiyar Panjeei,Bakhtiyar Panjeei,Acting,2025-03-02 01:14:54.379063+00:00,2025-03-04 07:00:03.914845+00:00
83271,2,Glen Powell,Glen Powell,Acting,2025-03-02 01:14:54.379063+00:00,2025-03-04 07:00:03.914845+00:00
1470219,2,Doh Kyung-soo,도경수,Acting,2025-03-02 01:14:54.379063+00:00,2025-03-04 07:00:03.914845+00:00
2290167,2,Selahattin Paşalı,Selahattin Paşalı,Acting,2025-03-02 01:14:54.379063+00:00,2025-03-04 07:00:03.914845+00:00
102374,2,Pascal Langdale,Pascal Langdale,Acting,2025-03-02 01:14:54.379063+00:00,2025-03-04 07:00:03.914845+00:00
180518,2,Jerry Biggs,Jerry Biggs,Acting,2025-03-02 01:14:54.379063+00:00,2025-03-04 07:00:03.914845+00:00
75913,2,Ha Jung-woo,하정우,Acting,2025-03-02 01:14:54.379063+00:00,2025-03-04 07:00:03.914845+00:00
78257,2,Ronald Cheng Chung-Kei,鄭中基,Acting,2025-03-02 01:14:54.379063+00:00,2025-03-04 07:00:03.914845+00:00
2313436,2,Edward Hamilton-Clark,Edward Hamilton-Clark,Acting,2025-03-02 01:14:54.379063+00:00,2025-03-04 07:00:03.914845+00:00
1719357,2,Kiyobumi Kaneko,Kiyobumi Kaneko,Acting,2025-03-02 01:14:54.379063+00:00,2025-03-04 07:00:03.914845+00:00
20338,2,Akihiro Miwa,美輪明宏,Acting,2025-03-02 01:14:54.379063+00:00,2025-03-04 07:00:03.914845+00:00
1693,2,Ryohei Suzuki,鈴木亮平,Acting,2025-03-02 01:14:54.379063+00:00,2025-03-04 07:00:03.914845+00:00
1461,2,George Clooney,George Clooney,Acting,2025-03-02 01:14:54.379063+00:00,2025-03-04 07:00:03.914845+00:00
1847886,2,Ryota Katayose,片寄涼太,Acting,2025-03-02 01:14:54.379063+00:00,2025-03-04 07:00:03.914845+00:00
1591729,2,Andrew Chau,Andrew Chau,Acting,2025-03-02 01:14:54.379063+00:00,2025-03-04 07:00:03.914845+00:00
2367270,2,Jerome Kurnia,Jerome Kurnia,Acting,2025-03-02 01:14:54.379063+00:00,2025-03-04 07:00:03.914845+00:00
586000,2,Tom Cullen,Tom Cullen,Acting,2025-03-02 01:14:54.379063+00:00,2025-03-04 07:00:03.914845+00:00
30614,2,Ryan Gosling,Ryan Gosling,Acting,2025-03-02 01:14:54.379063+00:00,2025-03-04 07:00:03.914845+00:00
1409624,0,Eddie Arya,Eddie Arya,Directing,2025-03-02 01:14:54.379063+00:00,2025-03-04 07:00:03.914845+00:00
2034461,0,Hoàng Tuấn Cường,Hoàng Tuấn Cường,Directing,2025-03-02 01:14:54.379063+00:00,2025-03-04 07:00:03.914845+00:00
144792,0,Bruno Romy,Bruno Romy,Directing,2025-03-02 01:14:54.379063+00:00,2025-03-04 07:00:03.914845+00:00
3724575,0,Jacky Ko,Jacky Ko,Directing,2025-03-02 01:14:54.379063+00:00,2025-03-04 07:00:03.914845+00:00
3239003,0,Yang Chih-lin,Yang Chih-lin,Directing,2025-03-02 01:14:54.379063+00:00,2025-03-04 07:00:03.914845+00:00
62872,1,Katja von Garnier,Katja von Garnier,Directing,2025-03-02 01:14:54.379063+00:00,2025-03-04 07:00:03.914845+00:00
1648265,1,Alice Diop,Alice Diop,Directing,2025-03-02 01:14:54.379063+00:00,2025-03-04 07:00:03.914845+00:00
1467320,1,Payal Kapadia,Payal Kapadia,Directing,2025-03-02 01:14:54.379063+00:00,2025-03-04 07:00:03.914845+00:00
96956,1,Yin-jung Chen,Yin-jung Chen,Directing,2025-03-02 01:14:54.379063+00:00,2025-03-04 07:00:03.914845+00:00
2112566,1,Lila Avilés,Lila Avilés,Directing,2025-03-02 01:14:54.379063+00:00,2025-03-04 07:00:03.914845+00:00
121798,2,Joko Anwar,Joko Anwar,Directing,2025-03-02 01:14:54.379063+00:00,2025-03-04 07:00:03.914845+00:00
88084,2,Luis Prieto,Luis Prieto,Directing,2025-03-02 01:14:54.379063+00:00,2025-03-04 07:00:03.914845+00:00
2636,2,Alfred Hitchcock,Alfred Hitchcock,Directing,2025-03-02 01:14:54.379063+00:00,2025-03-04 07:00:03.914845+00:00
2774483,2,Hong Won-ki,홍원기,Directing,2025-03-02 01:14:54.379063+00:00,2025-03-04 07:00:03.914845+00:00
87322,2,Aku Louhimies,Aku Louhimies,Directing,2025-03-02 01:14:54.379063+00:00,2025-03-04 07:00:03.914845+00:00
1607672,2,Michael Chaves,Michael Chaves,Directing,2025-03-02 01:14:54.379063+00:00,2025-03-04 07:00:03.914845+00:00
2091938,2,Qiu Sheng,Qiu Sheng,Directing,2025-03-02 01:14:54.379063+00:00,2025-03-04 07:00:03.914845+00:00
10943,2,Francis Lawrence,Francis Lawrence,Directing,2025-03-02 01:14:54.379063+00:00,2025-03-04 07:00:03.914845+00:00
1576757,2,Cheng Wei-hao,程偉豪,Directing,2025-03-02 01:14:54.379063+00:00,2025-03-04 07:00:03.914845+00:00
146014,2,Rizal Mantovani,Rizal Mantovani,Directing,2025-03-02 01:14:54.379063+00:00,2025-03-04 07:00:03.914845+00:00
1580569,2,Ta-Pu Chen,陳大璞,Directing,2025-03-02 01:14:54.379063+00:00,2025-03-04 07:00:03.914845+00:00
1299642,2,Julius Avery,Julius Avery,Directing,2025-03-02 01:14:54.379063+00:00,2025-03-04 07:00:03.914845+00:00
101915,2,Yasuichiro Yamamoto,山本泰一郎,Directing,2025-03-02 01:14:54.379063+00:00,2025-03-04 07:00:03.914845+00:00
168667,2,Jason Moore,Jason Moore,Directing,2025-03-02 01:14:54.379063+00:00,2025-03-04 07:00:03.914845+00:00
32278,2,Matt Reeves,Matt Reeves,Directing,2025-03-02 01:14:54.379063+00:00,2025-03-04 07:00:03.914845+00:00
309,2,Pedro Almodóvar,Pedro Almodóvar,Directing,2025-03-02 01:14:54.379063+00:00,2025-03-04 07:00:03.914845+00:00
1293617,2,Lee Won-suk,이원석,Directing,2025-03-02 01:14:54.379063+00:00,2025-03-04 07:00:03.914845+00:00
27226,2,Patrick Lussier,Patrick Lussier,Editing,2025-03-02 01:14:54.379063+00:00,2025-03-04 07:00:03.914845+00:00
46295,1,Marie-Castille Mention-Schaar,Marie-Castille Mention-Schaar,Production,2025-03-02 01:14:54.379063+00:00,2025-03-04 07:00:03.914845+00:00
1456632,2,Shinya Ohira,大平晋也,Visual Effects,2025-03-02 01:14:54.379063+00:00,2025-03-04 07:00:03.914845+00:00
2887522,2,Ken Yamamoto,山本健,Visual Effects,2025-03-02 01:14:54.379063+00:00,2025-03-04 07:00:03.914845+00:00
40336,2,Masashi Ando,安藤雅司,Visual Effects,2025-03-02 01:14:54.379063+00:00,2025-03-04 07:00:03.914845+00:00
2888800,2,Du Zheng-zhe,Du Zheng-zhe,Writing,2025-03-02 01:14:54.379063+00:00,2025-03-04 07:00:03.914845+00:00
230445,2,Vadim Shmelyov,Vadim Shmelyov,Writing,2025-03-02 01:14:54.379063+00:00,2025-03-04 07:00:03.914845+00:00
4848502,0,Mika,Mika,Acting,2025-03-02 01:14:54.379063+00:00,2025-03-04 07:00:03.914845+00:00
3597581,0,Natee Ngamneawprom,Natee Ngamneawprom,Acting,2025-03-02 01:14:54.379063+00:00,2025-03-04 07:00:03.914845+00:00
2909886,0,Lucia Caporaso,Lucia Caporaso,Acting,2025-03-02 01:14:54.379063+00:00,2025-03-04 07:00:03.914845+00:00
4828015,0,Mama Yang,Mama Yang,Acting,2025-03-02 01:14:54.379063+00:00,2025-03-04 07:00:03.914845+00:00
3117916,0,Season Chee,Season Chee,Acting,2025-03-02 01:14:54.379063+00:00,2025-03-04 07:00:03.914845+00:00
3712941,0,Tandin Wangchuk,Tandin Wangchuk,Acting,2025-03-02 01:14:54.379063+00:00,2025-03-04 07:00:03.914845+00:00
1719815,0,Kao Chung-Li,Kao Chung-Li,Acting,2025-03-02 01:14:54.379063+00:00,2025-03-04 07:00:03.914845+00:00
143152,0,Behzad Dorani,Behzad Dorani,Acting,2025-03-02 01:14:54.379063+00:00,2025-03-04 07:00:03.914845+00:00
3220933,0,Antonio Ramírez de Antón,Antonio Ramírez de Antón,Acting,2025-03-02 01:14:54.379063+00:00,2025-03-04 07:00:03.914845+00:00
1779682,0,Chou Wan-Sheng,周萬生 (三叔公),Acting,2025-03-02 01:14:54.379063+00:00,2025-03-04 07:00:03.914845+00:00
47720,1,Ruth Wilson,Ruth Wilson,Acting,2025-03-02 01:14:54.379063+00:00,2025-03-04 07:00:03.914845+00:00
203630,1,Alexia Fast,Alexia Fast,Acting,2025-03-02 01:14:54.379063+00:00,2025-03-04 07:00:03.914845+00:00
2224740,1,Gladys Li,Gladys Li,Acting,2025-03-02 01:14:54.379063+00:00,2025-03-04 07:00:03.914845+00:00
3033477,1,Alyona Doletskaya,Алёна Долецкая,Acting,2025-03-02 01:14:54.379063+00:00,2025-03-04 07:00:03.914845+00:00
1630063,1,Ke-Li Miao,苗可麗,Acting,2025-03-02 01:14:54.379063+00:00,2025-03-04 07:00:03.914845+00:00
1107182,1,Thony,Thony,Acting,2025-03-02 01:14:54.379063+00:00,2025-03-04 07:00:03.914845+00:00
13249,1,Miho Kanno,菅野美穂,Acting,2025-03-02 01:14:54.379063+00:00,2025-03-04 07:00:03.914845+00:00
2896274,1,Shin Si-a,신시아,Acting,2025-03-02 01:14:54.379063+00:00,2025-03-04 07:00:03.914845+00:00
1258626,1,Han Seon-hwa,한선화,Acting,2025-03-02 01:14:54.379063+00:00,2025-03-04 07:00:03.914845+00:00
38280,1,Tang Wei,湯唯,Acting,2025-03-02 01:14:54.379063+00:00,2025-03-04 07:00:03.914845+00:00
3873634,1,Kotona Minami,南琴奈,Acting,2025-03-02 01:14:54.379063+00:00,2025-03-04 07:00:03.914845+00:00
4038,1,Susan Sarandon,Susan Sarandon,Acting,2025-03-02 01:14:54.379063+00:00,2025-03-04 07:00:03.914845+00:00
87553,1,Kim Yeo-jin,김여진,Acting,2025-03-02 01:14:54.379063+00:00,2025-03-04 07:00:03.914845+00:00
5823,1,Julie Andrews,Julie Andrews,Acting,2025-03-02 01:14:54.379063+00:00,2025-03-04 07:00:03.914845+00:00
6857,1,Jacinda Barrett,Jacinda Barrett,Acting,2025-03-02 01:14:54.379063+00:00,2025-03-04 07:00:03.914845+00:00
2021536,1,Mélanie Rover,Mélanie Rover,Acting,2025-03-02 01:14:54.379063+00:00,2025-03-04 07:00:03.914845+00:00
3767212,1,Kana Osawa,Kana Osawa,Acting,2025-03-02 01:14:54.379063+00:00,2025-03-04 07:00:03.914845+00:00
1579,1,Maggie Gyllenhaal,Maggie Gyllenhaal,Acting,2025-03-02 01:14:54.379063+00:00,2025-03-04 07:00:03.914845+00:00
1442550,1,Luàna Bajrami,Luàna Bajrami,Acting,2025-03-02 01:14:54.379063+00:00,2025-03-04 07:00:03.914845+00:00
75318,1,Retta,Retta,Acting,2025-03-02 01:14:54.379063+00:00,2025-03-04 07:00:03.914845+00:00
1276842,1,Hirona Yamazaki,山崎紘菜,Acting,2025-03-02 01:14:54.379063+00:00,2025-03-04 07:00:03.914845+00:00
70083,1,Antonella Attili,Antonella Attili,Acting,2025-03-02 01:14:54.379063+00:00,2025-03-04 07:00:03.914845+00:00
2836867,1,Yi-Jung Wu,Yi-Jung Wu,Acting,2025-03-02 09:35:42.269341+00:00,2025-03-04 07:00:03.914845+00:00
1300649,1,Sara Mitich,Sara Mitich,Acting,2025-03-02 01:14:54.379063+00:00,2025-03-04 07:00:03.914845+00:00
11535,1,Paulette Dubost,Paulette Dubost,Acting,2025-03-02 01:14:54.379063+00:00,2025-03-04 07:00:03.914845+00:00
1509659,1,Toko Miura,三浦透子,Acting,2025-03-02 01:14:54.379063+00:00,2025-03-04 07:00:03.914845+00:00
3115932,1,Sophie Wilde,Sophie Wilde,Acting,2025-03-02 01:14:54.379063+00:00,2025-03-04 07:00:03.914845+00:00
4356302,1,Enva Lewis,Enva Lewis,Acting,2025-03-02 01:14:54.379063+00:00,2025-03-04 07:00:03.914845+00:00
2301772,1,Mai Cat Vi,Mai Cat Vi,Acting,2025-03-02 01:14:54.379063+00:00,2025-03-04 07:00:03.914845+00:00
1581,1,Mary McDonnell,Mary McDonnell,Acting,2025-03-02 01:14:54.379063+00:00,2025-03-04 07:00:03.914845+00:00
39068,1,Catherine-Isabelle Duport,Catherine-Isabelle Duport,Acting,2025-03-02 01:14:54.379063+00:00,2025-03-04 07:00:03.914845+00:00
3623,1,Elena Anaya,Elena Anaya,Acting,2025-03-02 01:14:54.379063+00:00,2025-03-04 07:00:03.914845+00:00
2126734,1,Agnes Brekke,Agnes Brekke,Acting,2025-03-02 01:14:54.379063+00:00,2025-03-04 07:00:03.914845+00:00
2919318,1,NINGNING,닝닝,Acting,2025-03-02 01:14:54.379063+00:00,2025-03-04 07:00:03.914845+00:00
1572354,1,Lee Jung-eun,이정은,Acting,2025-03-02 01:14:54.379063+00:00,2025-03-04 07:00:03.914845+00:00
1163181,1,Hui So-Ying,Hui So-Ying,Acting,2025-03-02 01:14:54.379063+00:00,2025-03-04 07:00:03.914845+00:00
1410968,1,Zhang Lei,张磊,Acting,2025-03-02 01:14:54.379063+00:00,2025-03-04 07:00:03.914845+00:00
2151369,1,Sakura Fujiwara,藤原さくら,Acting,2025-03-02 01:14:54.379063+00:00,2025-03-04 07:00:03.914845+00:00
2151491,1,Jae Liew,Jae Liew,Acting,2025-03-02 01:14:54.379063+00:00,2025-03-04 07:00:03.914845+00:00
1105143,1,Manal Awad,Manal Awad,Acting,2025-03-02 01:14:54.379063+00:00,2025-03-04 07:00:03.914845+00:00
4395650,1,Wang Linghua,Wang Linghua,Acting,2025-03-02 01:14:54.379063+00:00,2025-03-04 07:00:03.914845+00:00
40036,1,Taraji P. Henson,Taraji P. Henson,Acting,2025-03-02 01:14:54.379063+00:00,2025-03-04 07:00:03.914845+00:00
199486,1,Elyse Levesque,Elyse Levesque,Acting,2025-03-02 01:14:54.379063+00:00,2025-03-04 07:00:03.914845+00:00
2172400,1,Chandler DuPont,Chandler DuPont,Acting,2025-03-02 01:14:54.379063+00:00,2025-03-04 07:00:03.914845+00:00
26723,1,Katheryn Winnick,Katheryn Winnick,Acting,2025-03-02 01:14:54.379063+00:00,2025-03-04 07:00:03.914845+00:00
83768,1,Yuko Miyamura,宮村優子,Acting,2025-03-02 01:14:54.379063+00:00,2025-03-04 07:00:03.914845+00:00
2359896,1,Choi Ye-na,최예나,Acting,2025-03-02 01:14:54.379063+00:00,2025-03-04 07:00:03.914845+00:00
2418333,1,Agathe Rousselle,Agathe Rousselle,Acting,2025-03-02 01:14:54.379063+00:00,2025-03-04 07:00:03.914845+00:00
2070579,1,Carmen Tong,Carmen Tong,Acting,2025-03-02 01:14:54.379063+00:00,2025-03-04 07:00:03.914845+00:00
107529,2,Kagiso Lediga,Kagiso Lediga,Acting,2025-03-02 01:14:54.379063+00:00,2025-03-04 07:00:03.914845+00:00
7487,2,David Bowie,David Bowie,Acting,2025-03-02 01:14:54.379063+00:00,2025-03-04 07:00:03.914845+00:00
1202404,2,Nobuyuki Suzuki,鈴木伸之,Acting,2025-03-02 01:14:54.379063+00:00,2025-03-04 07:00:03.914845+00:00
552252,2,Hasan Minhaj,Hasan Minhaj,Acting,2025-03-02 01:14:54.379063+00:00,2025-03-04 07:00:03.914845+00:00
1623349,2,Seiya Osada,長田成哉,Acting,2025-03-02 01:14:54.379063+00:00,2025-03-04 07:00:03.914845+00:00
25072,2,Oscar Isaac,Oscar Isaac,Acting,2025-03-02 01:14:54.379063+00:00,2025-03-04 07:00:03.914845+00:00
1658375,2,Andrew Koji,Andrew Koji,Acting,2025-03-02 01:14:54.379063+00:00,2025-03-04 07:00:03.914845+00:00
1948453,2,Wang Ting Yun,Wang Ting Yun,Acting,2025-03-02 01:14:54.379063+00:00,2025-03-04 07:00:03.914845+00:00
69378,2,Kim Sang-kyung,김상경,Acting,2025-03-02 01:14:54.379063+00:00,2025-03-04 07:00:03.914845+00:00
57380,2,Miguel Ángel Fuentes,Miguel Ángel Fuentes,Acting,2025-03-02 01:14:54.379063+00:00,2025-03-04 07:00:03.914845+00:00
84755,2,Yosuke Kubozuka,窪塚洋介,Acting,2025-03-02 01:14:54.379063+00:00,2025-03-04 07:00:03.914845+00:00
54014,2,David Hayman,David Hayman,Acting,2025-03-02 01:14:54.379063+00:00,2025-03-04 07:00:03.914845+00:00
1227611,2,Ron Pardo,Ron Pardo,Acting,2025-03-02 01:14:54.379063+00:00,2025-03-04 07:00:03.914845+00:00
38526,2,Rémy Girard,Rémy Girard,Acting,2025-03-02 01:14:54.379063+00:00,2025-03-04 07:00:03.914845+00:00
196179,2,Stephen McKinley Henderson,Stephen McKinley Henderson,Acting,2025-03-02 01:14:54.379063+00:00,2025-03-04 07:00:03.914845+00:00
993943,2,Mark Chao,趙又廷,Acting,2025-03-02 01:14:54.379063+00:00,2025-03-04 07:00:03.914845+00:00
1574598,2,Baekhyun,백현,Acting,2025-03-02 01:14:54.379063+00:00,2025-03-04 07:00:03.914845+00:00
2097350,2,Renjun,런쥔,Acting,2025-03-02 01:14:54.379063+00:00,2025-03-04 07:00:03.914845+00:00
1564168,2,Kwon Yul,Kwon Yul,Acting,2025-03-02 01:14:54.379063+00:00,2025-03-04 07:00:03.914845+00:00
120918,2,Mitsuru Fukikoshi,吹越満,Acting,2025-03-02 01:14:54.379063+00:00,2025-03-04 07:00:03.914845+00:00
1253780,2,Masaki Aiba,相葉雅紀,Acting,2025-03-02 01:14:54.379063+00:00,2025-03-04 07:00:03.914845+00:00
20738,2,Song Kang-ho,송강호,Acting,2025-03-02 01:14:54.379063+00:00,2025-03-04 07:00:03.914845+00:00
1143741,2,David Wojnarowicz,David Wojnarowicz,Acting,2025-03-02 01:14:54.379063+00:00,2025-03-04 07:00:03.914845+00:00
1319218,2,Makoto Furukawa,古川慎,Acting,2025-03-02 01:14:54.379063+00:00,2025-03-04 07:00:03.914845+00:00
1462,2,Tim Blake Nelson,Tim Blake Nelson,Acting,2025-03-02 01:14:54.379063+00:00,2025-03-04 07:00:03.914845+00:00
2157589,2,Shogo Yano,矢野奨吾,Acting,2025-03-02 01:14:54.379063+00:00,2025-03-04 07:00:03.914845+00:00
78875,2,Louis Koo,古天樂,Acting,2025-03-02 01:14:54.379063+00:00,2025-03-04 07:00:03.914845+00:00
1324666,2,Kaito Ishikawa,石川界人,Acting,2025-03-02 01:14:54.379063+00:00,2025-03-04 07:00:03.914845+00:00
2352918,2,Liguo Yuan,Liguo Yuan,Acting,2025-03-02 01:14:54.379063+00:00,2025-03-04 07:00:03.914845+00:00
3232669,2,Jude Hill,Jude Hill,Acting,2025-03-02 01:14:54.379063+00:00,2025-03-04 07:00:03.914845+00:00
129973,2,Park Choong-seon,박충선,Acting,2025-03-02 01:14:54.379063+00:00,2025-03-04 07:00:03.914845+00:00
12446,2,Peter Sellers,Peter Sellers,Acting,2025-03-02 01:14:54.379063+00:00,2025-03-04 07:00:03.914845+00:00
4788740,2,Lucas Lee,李星緯,Acting,2025-03-02 01:14:54.379063+00:00,2025-03-04 07:00:03.914845+00:00
9892,2,Hunter Carson,Hunter Carson,Acting,2025-03-02 01:14:54.379063+00:00,2025-03-04 07:00:03.914845+00:00
18864,2,Tom McGrath,Tom McGrath,Acting,2025-03-02 01:14:54.379063+00:00,2025-03-04 07:00:03.914845+00:00
164,2,Lior Ashkenazi,ליאור אשכנזי,Acting,2025-03-02 01:14:54.379063+00:00,2025-03-04 07:00:03.914845+00:00
117642,2,Jason Momoa,Jason Momoa,Acting,2025-03-02 01:14:54.379063+00:00,2025-03-04 07:00:03.914845+00:00
93209,2,Gary Lydon,Gary Lydon,Acting,2025-03-02 01:14:54.379063+00:00,2025-03-04 07:00:03.914845+00:00
1172147,2,Daniel Zovatto,Daniel Zovatto,Acting,2025-03-02 01:14:54.379063+00:00,2025-03-04 07:00:03.914845+00:00
145120,2,Swann Arlaud,Swann Arlaud,Acting,2025-03-02 01:14:54.379063+00:00,2025-03-04 07:00:03.914845+00:00
94815,2,Louie Psihoyos,Louie Psihoyos,Acting,2025-03-02 01:14:54.379063+00:00,2025-03-04 07:00:03.914845+00:00
1566012,2,Jo Woo-jin,조우진,Acting,2025-03-02 01:14:54.379063+00:00,2025-03-04 07:00:03.914845+00:00
1279666,2,Takeo Otsuka,大塚剛央,Acting,2025-03-02 01:14:54.379063+00:00,2025-03-04 07:00:03.914845+00:00
18615,2,Akira Takarada,宝田明,Acting,2025-03-02 01:14:54.379063+00:00,2025-03-04 07:00:03.914845+00:00
2698865,2,Lei Hung,Lei Hung,Acting,2025-03-02 01:14:54.379063+00:00,2025-03-04 07:00:03.914845+00:00
1190992,2,Nikolay Grinko,Микола Гринько,Acting,2025-03-02 01:14:54.379063+00:00,2025-03-04 07:00:03.914845+00:00
2624789,2,Joe Chang,Joe Chang,Acting,2025-03-02 01:14:54.379063+00:00,2025-03-04 07:00:03.914845+00:00
2221392,2,You Seong-joo,유성주,Acting,2025-03-02 01:14:54.379063+00:00,2025-03-04 07:00:03.914845+00:00
1522614,2,Chang Fu-Chien,張復建,Acting,2025-03-02 01:14:54.379063+00:00,2025-03-04 07:00:03.914845+00:00
3000374,2,Jack Harlow,Jack Harlow,Acting,2025-03-02 01:14:54.379063+00:00,2025-03-04 07:00:03.914845+00:00
3216021,2,Ahn Hyun-bin,Seong Hyeok,Acting,2025-03-02 01:14:54.379063+00:00,2025-03-04 07:00:03.914845+00:00
2130,2,Cary Elwes,Cary Elwes,Acting,2025-03-02 01:14:54.379063+00:00,2025-03-04 07:00:03.914845+00:00
3065081,2,Lewis McAskie,Lewis McAskie,Acting,2025-03-02 01:14:54.379063+00:00,2025-03-04 07:00:03.914845+00:00
1360026,2,Yuta Tamamori,玉森裕太,Acting,2025-03-02 01:14:54.379063+00:00,2025-03-04 07:00:03.914845+00:00
2323525,2,Liu Kuan-Yu,Liu Kuan-Yu,Acting,2025-03-02 01:14:54.379063+00:00,2025-03-04 07:00:03.914845+00:00
2341301,2,Wu Nien-hsuan,Wu Nien-hsuan,Acting,2025-03-02 01:14:54.379063+00:00,2025-03-04 07:00:03.914845+00:00
1525270,2,Robert Lin,Robert Lin,Acting,2025-03-02 01:14:54.379063+00:00,2025-03-04 07:00:03.914845+00:00
216986,2,Luke Hemsworth,Luke Hemsworth,Acting,2025-03-02 01:14:54.379063+00:00,2025-03-04 07:00:03.914845+00:00
5274,2,Patrick Bauchau,Patrick Bauchau,Acting,2025-03-02 01:14:54.379063+00:00,2025-03-04 07:00:03.914845+00:00
2073908,2,Sattabut Laedeke,สัตบุตร แลดิกี,Acting,2025-03-02 01:14:54.379063+00:00,2025-03-04 07:00:03.914845+00:00
150574,2,Lukas Miko,Lukas Miko,Acting,2025-03-02 01:14:54.379063+00:00,2025-03-04 07:00:03.914845+00:00
2144,2,Tobin Bell,Tobin Bell,Acting,2025-03-02 01:14:54.379063+00:00,2025-03-04 07:00:03.914845+00:00
1020859,2,Sung Dong-il,성동일,Acting,2025-03-02 01:14:54.379063+00:00,2025-03-04 07:00:03.914845+00:00
17052,2,Topher Grace,Topher Grace,Acting,2025-03-02 01:14:54.379063+00:00,2025-03-04 07:00:03.914845+00:00
1923037,2,Hio Miyazawa,宮沢氷魚,Acting,2025-03-02 01:14:54.379063+00:00,2025-03-04 07:00:03.914845+00:00
1336804,2,Yoo Jae-myung,유재명,Acting,2025-03-02 01:14:54.379063+00:00,2025-03-04 07:00:03.914845+00:00
2365556,2,Timur Kerimov,Тимур Керимов,Acting,2025-03-02 01:14:54.379063+00:00,2025-03-04 07:00:03.914845+00:00
2389740,2,Fumiya Takahashi,高橋文哉,Acting,2025-03-02 01:14:54.379063+00:00,2025-03-04 07:00:03.914845+00:00
11275,2,Stephen Fry,Stephen Fry,Acting,2025-03-02 01:14:54.379063+00:00,2025-03-04 07:00:03.914845+00:00
1784542,2,Daigo Nishihata,西畑大吾,Acting,2025-03-02 01:14:54.379063+00:00,2025-03-04 07:00:03.914845+00:00
1450373,2,Michael Ning,白只,Acting,2025-03-02 01:14:54.379063+00:00,2025-03-04 07:00:03.914845+00:00
654,2,Rodolphe Pauly,Rodolphe Pauly,Acting,2025-03-02 01:14:54.379063+00:00,2025-03-04 07:00:03.914845+00:00
84466,3,Jess McLeod,Jess McLeod,Acting,2025-03-02 01:14:54.379063+00:00,2025-03-04 07:00:03.914845+00:00
1822767,0,Julia Niemann,Juliane Niemann,Directing,2025-03-02 01:14:54.379063+00:00,2025-03-04 07:00:03.914845+00:00
1552712,0,Gou Koga,Gou Koga,Directing,2025-03-02 01:14:54.379063+00:00,2025-03-04 07:00:03.914845+00:00
4447177,0,Lưu Thành Luân,Lưu Thành Luân,Directing,2025-03-02 01:14:54.379063+00:00,2025-03-04 07:00:03.914845+00:00
3811675,0,Tim Ewalts,Tim Ewalts,Directing,2025-03-02 01:14:54.379063+00:00,2025-03-04 07:00:03.914845+00:00
2894609,0,André Kadi,André Kadi,Directing,2025-03-02 01:14:54.379063+00:00,2025-03-04 07:00:03.914845+00:00
3467504,0,Lertsiri Boonmee,Lertsiri Boonmee,Directing,2025-03-02 01:14:54.379063+00:00,2025-03-04 07:00:03.914845+00:00
1498600,0,Kento Yamaguchi,Kento Yamaguchi,Directing,2025-03-02 01:14:54.379063+00:00,2025-03-04 07:00:03.914845+00:00
3276452,1,Yang Kyeong-hui,Yang Kyeong-hui,Directing,2025-03-02 01:14:54.379063+00:00,2025-03-04 07:00:03.914845+00:00
3548890,1,Lee Yi Fang,Lee Yi Fang,Directing,2025-03-02 01:14:54.379063+00:00,2025-03-04 07:00:03.914845+00:00
19896,1,Jessica Hausner,Jessica Hausner,Directing,2025-03-02 01:14:54.379063+00:00,2025-03-04 07:00:03.914845+00:00
1003237,1,DK Welchman,DK Welchman,Directing,2025-03-02 01:14:54.379063+00:00,2025-03-04 07:00:03.914845+00:00
2448983,1,Jeong Ji-yeon,Jeong Ji-yeon,Directing,2025-03-02 01:14:54.379063+00:00,2025-03-04 07:00:03.914845+00:00
3549559,2,Kanny Chang,Kanny Chang,Directing,2025-03-02 01:14:54.379063+00:00,2025-03-04 07:00:03.914845+00:00
72757,2,Steve McQueen,Steve McQueen,Directing,2025-03-02 01:14:54.379063+00:00,2025-03-04 07:00:03.914845+00:00
2010321,2,Neo Sora,空音央,Directing,2025-03-02 01:14:54.379063+00:00,2025-03-04 07:00:03.914845+00:00
1558201,2,Jun Matsumoto,松本淳,Directing,2025-03-02 01:14:54.379063+00:00,2025-03-04 07:00:03.914845+00:00
1200541,2,Yuval Adler,Yuval Adler,Directing,2025-03-02 01:14:54.379063+00:00,2025-03-04 07:00:03.914845+00:00
230715,2,Renat Davletyarov,Renat Davletyarov,Directing,2025-03-02 01:14:54.379063+00:00,2025-03-04 07:00:03.914845+00:00
1301933,2,Julius Onah,Julius Onah,Directing,2025-03-02 09:35:42.269341+00:00,2025-03-04 07:00:03.914845+00:00
1134608,2,Kwak Ji-kyoon,곽지균,Directing,2025-03-02 01:14:54.379063+00:00,2025-03-04 07:00:03.914845+00:00
56205,2,Atom Egoyan,Atom Egoyan,Directing,2025-03-02 01:14:54.379063+00:00,2025-03-04 07:00:03.914845+00:00
1421873,2,Yûichirô Sakashita,坂下雄一郎,Directing,2025-03-02 01:14:54.379063+00:00,2025-03-04 07:00:03.914845+00:00
1046739,2,Daniel Raim,Daniel Raim,Directing,2025-03-02 01:14:54.379063+00:00,2025-03-04 07:00:03.914845+00:00
111411,2,Ahn Sang-hoon,Ahn Sang-hoon,Directing,2025-03-02 01:14:54.379063+00:00,2025-03-04 07:00:03.914845+00:00
66681,2,Matt Bettinelli-Olpin,Matt Bettinelli-Olpin,Directing,2025-03-02 01:14:54.379063+00:00,2025-03-04 07:00:03.914845+00:00
1748363,2,Kōji Shintoku,神徳幸治,Directing,2025-03-02 01:14:54.379063+00:00,2025-03-04 07:00:03.914845+00:00
1716600,2,Jun Geng,耿軍,Directing,2025-03-02 01:14:54.379063+00:00,2025-03-04 07:00:03.914845+00:00
56735,2,David Moreau,David Moreau,Directing,2025-03-02 01:14:54.379063+00:00,2025-03-04 07:00:03.914845+00:00
95573,2,Aron Gaudet,Aron Gaudet,Directing,2025-03-02 01:14:54.379063+00:00,2025-03-04 07:00:03.914845+00:00
3689144,2,Tong Wai-Hon,唐唯瀚,Directing,2025-03-02 01:14:54.379063+00:00,2025-03-04 07:00:03.914845+00:00
2613318,2,Edward Drake,Edward Drake,Directing,2025-03-02 01:14:54.379063+00:00,2025-03-04 07:00:03.914845+00:00
1735355,2,Kentaro Hagiwara,萩原健太郎,Directing,2025-03-02 01:14:54.379063+00:00,2025-03-04 07:00:03.914845+00:00
1160535,2,Yu Irie,入江悠,Directing,2025-03-02 01:14:54.379063+00:00,2025-03-04 07:00:03.914845+00:00
1188818,2,Nontawat Numbenchapol,Nontawat Numbenchapol,Directing,2025-03-02 01:14:54.379063+00:00,2025-03-04 07:00:03.914845+00:00
132942,1,Cocco,Cocco,Sound,2025-03-02 01:14:54.379063+00:00,2025-03-04 07:00:03.914845+00:00
2080659,2,Pierre Földes,Pierre Földes,Sound,2025-03-02 01:14:54.379063+00:00,2025-03-04 07:00:03.914845+00:00
2894608,1,Marya Zarif,Marya Zarif,Writing,2025-03-02 01:14:54.379063+00:00,2025-03-04 07:00:03.914845+00:00
58052,2,Wai Ka-Fai,韋家輝,Writing,2025-03-02 01:14:54.379063+00:00,2025-03-04 07:00:03.914845+00:00
1061130,2,Haruhiko Arai,荒井晴彦,Writing,2025-03-02 01:14:54.379063+00:00,2025-03-04 07:00:03.914845+00:00
1296107,2,Kim Yeong-tak,Kim Yeong-tak,Writing,2025-03-02 01:14:54.379063+00:00,2025-03-04 07:00:03.914845+00:00
4256295,0,Walid Benziane,Walid Benziane,Acting,2025-03-02 01:14:54.379063+00:00,2025-03-04 07:00:03.914845+00:00
3565283,0,Khaled Brahem,Khaled Brahem,Acting,2025-03-02 01:14:54.379063+00:00,2025-03-04 07:00:03.914845+00:00
2897490,0,Igal Reznik,Igal Reznik,Acting,2025-03-02 01:14:54.379063+00:00,2025-03-04 07:00:03.914845+00:00
3954698,0,Yang Ting,Yang Ting,Acting,2025-03-02 01:14:54.379063+00:00,2025-03-04 07:00:03.914845+00:00
4199770,0,Weng Chu Han,Weng Chu Han,Acting,2025-03-02 01:14:54.379063+00:00,2025-03-04 07:00:03.914845+00:00
4467119,0,Má A Pho,Má A Pho,Acting,2025-03-02 01:14:54.379063+00:00,2025-03-04 07:00:03.914845+00:00
4056408,0,Tuguldur Batsaikhan,Tuguldur Batsaikhan,Acting,2025-03-02 01:14:54.379063+00:00,2025-03-04 07:00:03.914845+00:00
3648534,0,Dohyun Noel Hwang,Dohyun Noel Hwang,Acting,2025-03-02 01:14:54.379063+00:00,2025-03-04 07:00:03.914845+00:00
3101663,0,Ryoma Ichihara,Ryoma Ichihara,Acting,2025-03-02 01:14:54.379063+00:00,2025-03-04 07:00:03.914845+00:00
2251849,0,Esther Gohourou,Esther Gohourou,Acting,2025-03-02 01:14:54.379063+00:00,2025-03-04 07:00:03.914845+00:00
1150413,0,Kaori Nakahara,Kaori Nakahara,Acting,2025-03-02 01:14:54.379063+00:00,2025-03-04 07:00:03.914845+00:00
3791479,0,Alexei Evstratov,Alexei Evstratov,Acting,2025-03-02 01:14:54.379063+00:00,2025-03-04 07:00:03.914845+00:00
3497175,0,Pablo Schils,Pablo Schils,Acting,2025-03-02 01:14:54.379063+00:00,2025-03-04 07:00:03.914845+00:00
2664861,0,Lydia Page,Lydia Page,Acting,2025-03-02 01:14:54.379063+00:00,2025-03-04 07:00:03.914845+00:00
1649656,0,Kristof Garcia,Kristof Garcia,Acting,2025-03-02 01:14:54.379063+00:00,2025-03-04 07:00:03.914845+00:00
3733525,0,Damdin Sovd,Damdin Sovd,Acting,2025-03-02 01:14:54.379063+00:00,2025-03-04 07:00:03.914845+00:00
2512683,0,Alessio Bonaffini,Alessio Bonaffini,Acting,2025-03-02 01:14:54.379063+00:00,2025-03-04 07:00:03.914845+00:00
3831907,0,Awsam Abdulrahman,Awsam Abdulrahman,Acting,2025-03-02 01:14:54.379063+00:00,2025-03-04 07:00:03.914845+00:00
3192046,0,Maryam Shahdaie,Maryam Shahdaie,Acting,2025-03-02 01:14:54.379063+00:00,2025-03-04 07:00:03.914845+00:00
87845,1,Georgina Verbaan,Georgina Verbaan,Acting,2025-03-02 01:14:54.379063+00:00,2025-03-04 07:00:03.914845+00:00
1278555,1,Antonia Clarke,Antonia Clarke,Acting,2025-03-02 01:14:54.379063+00:00,2025-03-04 07:00:03.914845+00:00
1116333,1,Hisako Kanemoto,金元寿子,Acting,2025-03-02 01:14:54.379063+00:00,2025-03-04 07:00:03.914845+00:00
930413,1,Sawako Agawa,阿川佐和子,Acting,2025-03-02 01:14:54.379063+00:00,2025-03-04 07:00:03.914845+00:00
2340180,1,Hunter Schafer,Hunter Schafer,Acting,2025-03-02 01:14:54.379063+00:00,2025-03-04 07:00:03.914845+00:00
933238,1,Rebecca Ferguson,Rebecca Ferguson,Acting,2025-03-02 01:14:54.379063+00:00,2025-03-04 07:00:03.914845+00:00
1978514,1,Lee Sang-ah,이상아,Acting,2025-03-02 01:14:54.379063+00:00,2025-03-04 07:00:03.914845+00:00
587931,1,María León,María León,Acting,2025-03-02 01:14:54.379063+00:00,2025-03-04 07:00:03.914845+00:00
12041,1,Julia Stiles,Julia Stiles,Acting,2025-03-02 01:14:54.379063+00:00,2025-03-04 07:00:03.914845+00:00
1011654,1,Tian Yuan,Tian Yuan,Acting,2025-03-02 01:14:54.379063+00:00,2025-03-04 07:00:03.914845+00:00
2092978,1,Mai Kiryu,木竜麻生,Acting,2025-03-02 01:14:54.379063+00:00,2025-03-04 07:00:03.914845+00:00
27776,1,Nanako Matsushima,松嶋菜々子,Acting,2025-03-02 01:14:54.379063+00:00,2025-03-04 07:00:03.914845+00:00
1075020,1,Saskia Rosendahl,Saskia Rosendahl,Acting,2025-03-02 01:14:54.379063+00:00,2025-03-04 07:00:03.914845+00:00
2040556,1,Joanne Lien,Joanne Lien,Acting,2025-03-02 01:14:54.379063+00:00,2025-03-04 07:00:03.914845+00:00
41292,1,Keri Russell,Keri Russell,Acting,2025-03-02 01:14:54.379063+00:00,2025-03-04 07:00:03.914845+00:00
77498,1,Lubna Azabal,Lubna Azabal,Acting,2025-03-02 01:14:54.379063+00:00,2025-03-04 07:00:03.914845+00:00
1431490,1,Aulia Sarah,Aulia Sarah,Acting,2025-03-02 01:14:54.379063+00:00,2025-03-04 07:00:03.914845+00:00
3495086,1,Hoàng Hà,Hoàng Hà,Acting,2025-03-02 01:14:54.379063+00:00,2025-03-04 07:00:03.914845+00:00
1033745,1,Camille Rutherford,Camille Rutherford,Acting,2025-03-02 01:14:54.379063+00:00,2025-03-04 07:00:03.914845+00:00
20737,1,Jeon Do-yeon,전도연,Acting,2025-03-02 01:14:54.379063+00:00,2025-03-04 07:00:03.914845+00:00
1666,1,Julie Christie,Julie Christie,Acting,2025-03-02 01:14:54.379063+00:00,2025-03-04 07:00:03.914845+00:00
3652525,1,Miori Oda,Miori Oda,Acting,2025-03-02 01:14:54.379063+00:00,2025-03-04 07:00:03.914845+00:00
86889,1,Son Ye-jin,손예진,Acting,2025-03-02 01:14:54.379063+00:00,2025-03-04 07:00:03.914845+00:00
1800858,1,Sarah Bauerett,Sarah Bauerett,Acting,2025-03-02 01:14:54.379063+00:00,2025-03-04 07:00:03.914845+00:00
1366955,1,Soumaye Bocoum,Soumayé Bocoum,Acting,2025-03-02 01:14:54.379063+00:00,2025-03-04 07:00:03.914845+00:00
2772014,1,Lily Farhadpour,لیلی فرهادپور,Acting,2025-03-02 01:14:54.379063+00:00,2025-03-04 07:00:03.914845+00:00
1472584,1,Nell Tiger Free,Nell Tiger Free,Acting,2025-03-02 01:14:54.379063+00:00,2025-03-04 07:00:03.914845+00:00
3759554,1,Anpu,Anpu,Acting,2025-03-02 01:14:54.379063+00:00,2025-03-04 07:00:03.914845+00:00
1884703,1,KiKi Layne,KiKi Layne,Acting,2025-03-02 01:14:54.379063+00:00,2025-03-04 07:00:03.914845+00:00
2309880,1,Frances Berry,Frances Berry,Acting,2025-03-02 01:14:54.379063+00:00,2025-03-04 07:00:03.914845+00:00
1339289,1,Nan Goldin,Nan Goldin,Acting,2025-03-02 01:14:54.379063+00:00,2025-03-04 07:00:03.914845+00:00
2485582,1,Sarah Catherine Hook,Sarah Catherine Hook,Acting,2025-03-02 01:14:54.379063+00:00,2025-03-04 07:00:03.914845+00:00
4997000,1,Lainey Hung,熊諾頤,Acting,2025-03-02 01:14:54.379063+00:00,2025-03-04 07:00:03.914845+00:00
235262,1,Aki Toyosaki,豊崎愛生,Acting,2025-03-02 01:14:54.379063+00:00,2025-03-04 07:00:03.914845+00:00
4513323,1,Kristen Chau,Kristen Chau,Acting,2025-03-02 01:14:54.379063+00:00,2025-03-04 07:00:03.914845+00:00
2882651,1,Wang Yu-xuan,Wang Yu-xuan,Acting,2025-03-02 01:14:54.379063+00:00,2025-03-04 07:00:03.914845+00:00
2748110,1,Stefanie Arianne,Stefanie Arianne,Acting,2025-03-02 01:14:54.379063+00:00,2025-03-04 07:00:03.914845+00:00
553809,1,Tamae Ando,安藤玉恵,Acting,2025-03-02 01:14:54.379063+00:00,2025-03-04 07:00:03.914845+00:00
64434,1,Charlene Choi Cheuk-Yin,蔡卓妍,Acting,2025-03-02 01:14:54.379063+00:00,2025-03-04 07:00:03.914845+00:00
3584218,1,Maria Mori,Maria Mori,Acting,2025-03-02 01:14:54.379063+00:00,2025-03-04 07:00:03.914845+00:00
221581,1,Rebel Wilson,Rebel Wilson,Acting,2025-03-02 01:14:54.379063+00:00,2025-03-04 07:00:03.914845+00:00
1081494,1,Chen Yan-yan,Chen Yan-yan,Acting,2025-03-02 01:14:54.379063+00:00,2025-03-04 07:00:03.914845+00:00
1656869,1,Namfon Pakdee,น้ําฝน ภักดี,Acting,2025-03-02 01:14:54.379063+00:00,2025-03-04 07:00:03.914845+00:00
1467145,1,Alice Orr-Ewing,Alice Orr-Ewing,Acting,2025-03-02 01:14:54.379063+00:00,2025-03-04 07:00:03.914845+00:00
1879221,1,Cécile Orblin,Cécile Orblin,Acting,2025-03-02 01:14:54.379063+00:00,2025-03-04 07:00:03.914845+00:00
211540,1,Jessica Parker Kennedy,Jessica Parker Kennedy,Acting,2025-03-02 01:14:54.379063+00:00,2025-03-04 07:00:03.914845+00:00
1238521,1,Gloria Cámara,Gloria Cámara,Acting,2025-03-02 01:14:54.379063+00:00,2025-03-04 07:00:03.914845+00:00
4338888,1,Rattanawadee Wongtong,รัตนวดี วงศ์ทอง,Acting,2025-03-02 01:14:54.379063+00:00,2025-03-04 07:00:03.914845+00:00
2963307,1,Anechka Marchenko,Anechka Marchenko,Acting,2025-03-02 01:14:54.379063+00:00,2025-03-04 07:00:03.914845+00:00
82923,1,Bérénice Bejo,Bérénice Bejo,Acting,2025-03-02 01:14:54.379063+00:00,2025-03-04 07:00:03.914845+00:00
2708679,1,Ratchanok Suwanket,Ratchanok Suwanket,Acting,2025-03-02 01:14:54.379063+00:00,2025-03-04 07:00:03.914845+00:00
1137823,1,Stacy Martin,Stacy Martin,Acting,2025-03-02 01:14:54.379063+00:00,2025-03-04 07:00:03.914845+00:00
123989,1,Anaïs Demoustier,Anaïs Demoustier,Acting,2025-03-02 01:14:54.379063+00:00,2025-03-04 07:00:03.914845+00:00
1241709,1,Yumi Adachi,安達祐実,Acting,2025-03-02 01:14:54.379063+00:00,2025-03-04 07:00:03.914845+00:00
25001,1,Lee Young-ae,이영애,Acting,2025-03-02 01:14:54.379063+00:00,2025-03-04 07:00:03.914845+00:00
1249310,1,Minako Kotobuki,寿美菜子,Acting,2025-03-02 01:14:54.379063+00:00,2025-03-04 07:00:03.914845+00:00
10978,1,Maggie Smith,Maggie Smith,Acting,2025-03-02 01:14:54.379063+00:00,2025-03-04 07:00:03.914845+00:00
3299524,1,Audrey Lin,Audrey Lin,Acting,2025-03-02 01:14:54.379063+00:00,2025-03-04 07:00:03.914845+00:00
1745973,1,Ai Yoshikawa,吉川愛,Acting,2025-03-02 01:14:54.379063+00:00,2025-03-04 07:00:03.914845+00:00
2919316,1,WINTER,윈터,Acting,2025-03-02 01:14:54.379063+00:00,2025-03-04 07:00:03.914845+00:00
103648,1,Lu Yi-ching,陸弈靜,Acting,2025-03-02 01:14:54.379063+00:00,2025-03-04 07:00:03.914845+00:00
77530,1,Hella Joof,Hella Joof,Acting,2025-03-02 01:14:54.379063+00:00,2025-03-04 07:00:03.914845+00:00
9763,1,Geneviève Page,Geneviève Page,Acting,2025-03-02 01:14:54.379063+00:00,2025-03-04 07:00:03.914845+00:00
59620,1,Gemma Arterton,Gemma Arterton,Acting,2025-03-02 01:14:54.379063+00:00,2025-03-04 07:00:03.914845+00:00
1976054,1,Rachel Sennott,Rachel Sennott,Acting,2025-03-02 01:14:54.379063+00:00,2025-03-04 07:00:03.914845+00:00
83820,2,Gordon Lam Ka-Tung,林家棟,Acting,2025-03-02 01:14:54.379063+00:00,2025-03-04 07:00:03.914845+00:00
2653295,2,Chinnarat Siriphongchawalit,ชินรัฐ สิริพงษ์ชวลิต,Acting,2025-03-02 01:14:54.379063+00:00,2025-03-04 07:00:03.914845+00:00
1256915,2,Tasuku Hatanaka,畠中祐,Acting,2025-03-02 01:14:54.379063+00:00,2025-03-04 07:00:03.914845+00:00
89843,2,Oscar Kightley,Oscar Kightley,Acting,2025-03-02 01:14:54.379063+00:00,2025-03-04 07:00:03.914845+00:00
1350000,2,Seo Kang-joon,서강준,Acting,2025-03-02 01:14:54.379063+00:00,2025-03-04 07:00:03.914845+00:00
23301,2,Issaka Sawadogo,Issaka Sawadogo,Acting,2025-03-02 01:14:54.379063+00:00,2025-03-04 07:00:03.914845+00:00
12978,2,Peter Outerbridge,Peter Outerbridge,Acting,2025-03-02 01:14:54.379063+00:00,2025-03-04 07:00:03.914845+00:00
19794,2,Eddie Constantine,Eddie Constantine,Acting,2025-03-02 01:14:54.379063+00:00,2025-03-04 07:00:03.914845+00:00
80602,2,Tyler Perry,Tyler Perry,Acting,2025-03-02 01:14:54.379063+00:00,2025-03-04 07:00:03.914845+00:00
1499985,2,Kang Seung-yoon,강승윤,Acting,2025-03-02 01:14:54.379063+00:00,2025-03-04 07:00:03.914845+00:00
131,2,Jake Gyllenhaal,Jake Gyllenhaal,Acting,2025-03-02 01:14:54.379063+00:00,2025-03-04 07:00:03.914845+00:00
2258204,2,Taijirō Tamura,田村泰二郎,Acting,2025-03-02 01:14:54.379063+00:00,2025-03-04 07:00:03.914845+00:00
105130,2,Augusto Benedico,Augusto Benedico,Acting,2025-03-02 01:14:54.379063+00:00,2025-03-04 07:00:03.914845+00:00
1573859,2,Jacek Beler,Jacek Beler,Acting,2025-03-02 01:14:54.379063+00:00,2025-03-04 07:00:03.914845+00:00
83014,2,Gang Dong-won,강동원,Acting,2025-03-02 01:14:54.379063+00:00,2025-03-04 07:00:03.914845+00:00
54918,2,Vincent Elbaz,Vincent Elbaz,Acting,2025-03-02 01:14:54.379063+00:00,2025-03-04 07:00:03.914845+00:00
12643,2,William B. Davis,William B. Davis,Acting,2025-03-02 01:14:54.379063+00:00,2025-03-04 07:00:03.914845+00:00
2495673,2,GaTa,GaTa,Acting,2025-03-02 01:14:54.379063+00:00,2025-03-04 07:00:03.914845+00:00
1647556,2,Yuya Hirose,広瀬裕也,Acting,2025-03-02 01:14:54.379063+00:00,2025-03-04 07:00:03.914845+00:00
1140219,2,Satoshi Matsuda,松田悟志,Acting,2025-03-02 01:14:54.379063+00:00,2025-03-04 07:00:03.914845+00:00
2082186,2,Qu Chuxiao,屈楚萧,Acting,2025-03-02 01:14:54.379063+00:00,2025-03-04 07:00:03.914845+00:00
1434084,2,Kento Nakajima,中島健人,Acting,2025-03-02 01:14:54.379063+00:00,2025-03-04 07:00:03.914845+00:00
85977,2,Clive Standen,Clive Standen,Acting,2025-03-02 01:14:54.379063+00:00,2025-03-04 07:00:03.914845+00:00
1019,2,Mads Mikkelsen,Mads Mikkelsen,Acting,2025-03-02 01:14:54.379063+00:00,2025-03-04 07:00:03.914845+00:00
1674162,2,Jonathan Majors,Jonathan Majors,Acting,2025-03-02 01:14:54.379063+00:00,2025-03-04 07:00:03.914845+00:00
1544086,2,Suga,슈가,Acting,2025-03-02 01:14:54.379063+00:00,2025-03-04 07:00:03.914845+00:00
237455,2,Sam Claflin,Sam Claflin,Acting,2025-03-02 01:14:54.379063+00:00,2025-03-04 07:00:03.914845+00:00
53055,2,Jeff Lima,Jeff Lima,Acting,2025-03-02 01:14:54.379063+00:00,2025-03-04 07:00:03.914845+00:00
56861,2,Tony Leung Ka-Fai,梁家輝,Acting,2025-03-02 01:14:54.379063+00:00,2025-03-04 07:00:03.914845+00:00
1357455,2,Elliott Crosset Hove,Elliott Crosset Hove,Acting,2025-03-02 01:14:54.379063+00:00,2025-03-04 07:00:03.914845+00:00
43321,2,Fernando Tejero,Fernando Tejero,Acting,2025-03-02 01:14:54.379063+00:00,2025-03-04 07:00:03.914845+00:00
2323480,2,Zhang Zhehua,张哲华,Acting,2025-03-02 01:14:54.379063+00:00,2025-03-04 07:00:03.914845+00:00
5048,2,Harry Dean Stanton,Harry Dean Stanton,Acting,2025-03-02 01:14:54.379063+00:00,2025-03-04 07:00:03.914845+00:00
248,2,Daniel Richter,Daniel Richter,Acting,2025-03-02 01:14:54.379063+00:00,2025-03-04 07:00:03.914845+00:00
1255881,2,Choi Woo-shik,최우식,Acting,2025-03-02 01:14:54.379063+00:00,2025-03-04 07:00:03.914845+00:00
1142959,2,Marcin Czarnik,Marcin Czarnik,Acting,2025-03-02 01:14:54.379063+00:00,2025-03-04 07:00:03.914845+00:00
2406067,2,Tsao Yu-ning,曹佑寧,Acting,2025-03-02 01:14:54.379063+00:00,2025-03-04 07:00:03.914845+00:00
2864025,2,Lai Hao-Zhe,Lai Hao-Zhe,Acting,2025-03-02 01:14:54.379063+00:00,2025-03-04 07:00:03.914845+00:00
2541,2,Jun Kunimura,國村隼,Acting,2025-03-02 01:14:54.379063+00:00,2025-03-04 07:00:03.914845+00:00
545292,2,Lee Lichun,李立群,Acting,2025-03-02 01:14:54.379063+00:00,2025-03-04 07:00:03.914845+00:00
551171,2,Cho Seong-ha,조성하,Acting,2025-03-02 01:14:54.379063+00:00,2025-03-04 07:00:03.914845+00:00
1332468,2,Heo Dong-won,허동원,Acting,2025-03-02 01:14:54.379063+00:00,2025-03-04 07:00:03.914845+00:00
3201,2,Pruitt Taylor Vince,Pruitt Taylor Vince,Acting,2025-03-02 01:14:54.379063+00:00,2025-03-04 07:00:03.914845+00:00
1229895,2,Tomohisa Yamashita,山下 智久,Acting,2025-03-02 01:14:54.379063+00:00,2025-03-04 07:00:03.914845+00:00
1318257,2,Sébastien Pouderoux,Sébastien Pouderoux,Acting,2025-03-02 01:14:54.379063+00:00,2025-03-04 07:00:03.914845+00:00
25003,2,Kim Tae-woo,김태우,Acting,2025-03-02 01:14:54.379063+00:00,2025-03-04 07:00:03.914845+00:00
2295866,2,Yuzuru Kashiwabara,Yuzuru Kashiwabara,Acting,2025-03-02 01:14:54.379063+00:00,2025-03-04 07:00:03.914845+00:00
1990190,2,Fandy Fan,范少勳,Acting,2025-03-02 01:14:54.379063+00:00,2025-03-04 07:00:03.914845+00:00
1690348,2,Lee Ji-hoon,이지훈,Acting,2025-03-02 01:14:54.379063+00:00,2025-03-04 07:00:03.914845+00:00
993833,2,Alan Kuo,Alan Kuo,Acting,2025-03-02 01:14:54.379063+00:00,2025-03-04 07:00:03.914845+00:00
1583269,2,Flurin Giger,Flurin Giger,Acting,2025-03-02 01:14:54.379063+00:00,2025-03-04 07:00:03.914845+00:00
3831527,2,Anthony Buisseret,อันโทนี่ บุยเซอเรท์,Acting,2025-03-02 01:14:54.379063+00:00,2025-03-04 07:00:03.914845+00:00
47296,2,Jeffrey Dean Morgan,Jeffrey Dean Morgan,Acting,2025-03-02 01:14:54.379063+00:00,2025-03-04 07:00:03.914845+00:00
85559,2,Julián López,Julián López,Acting,2025-03-02 09:35:42.269341+00:00,2025-03-04 07:00:03.914845+00:00
124236,2,Jean-Marie Robain,Jean-Marie Robain,Acting,2025-03-02 01:14:54.379063+00:00,2025-03-04 07:00:03.914845+00:00
2693053,2,Nicholas Ralph,Nicholas Ralph,Acting,2025-03-02 01:14:54.379063+00:00,2025-03-04 07:00:03.914845+00:00
71597,2,Johannes Allmayer,Johannes Allmayer,Acting,2025-03-02 01:14:54.379063+00:00,2025-03-04 07:00:03.914845+00:00
4429409,2,Lewis Santer,Lewis Santer,Acting,2025-03-02 01:14:54.379063+00:00,2025-03-04 07:00:03.914845+00:00
1795151,2,Arnaud Valois,Arnaud Valois,Acting,2025-03-02 01:14:54.379063+00:00,2025-03-04 07:00:03.914845+00:00
3392,2,Michael Douglas,Michael Douglas,Acting,2025-03-02 01:14:54.379063+00:00,2025-03-04 07:00:03.914845+00:00
3309,2,Augustus Prew,Augustus Prew,Acting,2025-03-02 01:14:54.379063+00:00,2025-03-04 07:00:03.914845+00:00
38673,2,Channing Tatum,Channing Tatum,Acting,2025-03-02 01:14:54.379063+00:00,2025-03-04 07:00:03.914845+00:00
105217,2,José Sacristán,José Sacristán,Acting,2025-03-02 01:14:54.379063+00:00,2025-03-04 07:00:03.914845+00:00
1308133,2,Maxime Bouttier,Maxime Bouttier,Acting,2025-03-02 01:14:54.379063+00:00,2025-03-04 07:00:03.914845+00:00
2269331,2,Ouji Suzuka,鈴鹿央士,Acting,2025-03-02 01:14:54.379063+00:00,2025-03-04 07:00:03.914845+00:00
1668610,2,Ryo Narita,成田凌,Acting,2025-03-02 01:14:54.379063+00:00,2025-03-04 07:00:03.914845+00:00
3186387,2,Khunnapat Pichetworawut,Khunnapat Pichetworawut,Acting,2025-03-02 01:14:54.379063+00:00,2025-03-04 07:00:03.914845+00:00
1757798,2,Song Min-ho,송민호,Acting,2025-03-02 01:14:54.379063+00:00,2025-03-04 07:00:03.914845+00:00
27440,2,François Périer,François Périer,Acting,2025-03-02 01:14:54.379063+00:00,2025-03-04 07:00:03.914845+00:00
11394,2,Ruocheng Ying,Ruocheng Ying,Acting,2025-03-02 01:14:54.379063+00:00,2025-03-04 07:00:03.914845+00:00
1255409,2,Kim Si-hoo,김시후,Acting,2025-03-02 01:14:54.379063+00:00,2025-03-04 07:00:03.914845+00:00
2791224,2,Hyun Woo-seok,현우석,Acting,2025-03-02 09:35:42.269341+00:00,2025-03-04 07:00:03.914845+00:00
1421792,2,Noël Czuczor,Noël Czuczor,Acting,2025-03-02 01:14:54.379063+00:00,2025-03-04 07:00:03.914845+00:00
6384,2,Keanu Reeves,Keanu Reeves,Acting,2025-03-02 01:14:54.379063+00:00,2025-03-04 07:00:03.914845+00:00
1569178,3,Jane Widdop,Jane Widdop,Acting,2025-03-02 01:14:54.379063+00:00,2025-03-04 07:00:03.914845+00:00
3236477,0,Hui-Ling Chen,Hui-Ling Chen,Directing,2025-03-02 01:14:54.379063+00:00,2025-03-04 07:00:03.914845+00:00
4533606,0,Kim Ji-seon,김지선,Directing,2025-03-02 01:14:54.379063+00:00,2025-03-04 07:00:03.914845+00:00
1845070,1,Yō Miura,三浦陽,Directing,2025-03-02 01:14:54.379063+00:00,2025-03-04 07:00:03.914845+00:00
125426,1,E.oni,이언희,Directing,2025-03-02 01:14:54.379063+00:00,2025-03-04 07:00:03.914845+00:00
124856,1,Zaida Bergroth,Zaida Bergroth,Directing,2025-03-02 01:14:54.379063+00:00,2025-03-04 07:00:03.914845+00:00
2686827,1,Lkhagvadulam Purev-Ochir,Lkhagvadulam Purev-Ochir,Directing,2025-03-02 01:14:54.379063+00:00,2025-03-04 07:00:03.914845+00:00
2081251,2,Jun Li,Jun Li,Directing,2025-03-02 01:14:54.379063+00:00,2025-03-04 07:00:03.914845+00:00
102033,2,Kenji Kodama,こだま兼嗣,Directing,2025-03-02 01:14:54.379063+00:00,2025-03-04 07:00:03.914845+00:00
81718,2,Mamoru Hosoda,細田守,Directing,2025-03-02 01:14:54.379063+00:00,2025-03-04 07:00:03.914845+00:00
76910,2,Christophe Honoré,Christophe Honoré,Directing,2025-03-02 01:14:54.379063+00:00,2025-03-04 07:00:03.914845+00:00
1485998,2,Àlex Lora Cercos,Àlex Lora Cercos,Directing,2025-03-02 01:14:54.379063+00:00,2025-03-04 07:00:03.914845+00:00
2383310,2,Yoshiyuki Kaneko,金子祥之,Directing,2025-03-02 01:14:54.379063+00:00,2025-03-04 07:00:03.914845+00:00
150975,2,Hong Sang-soo,홍상수,Directing,2025-03-02 01:14:54.379063+00:00,2025-03-04 07:00:03.914845+00:00
1961109,2,Tsai Tsung-lung,Tsai Tsung-lung,Directing,2025-03-02 01:14:54.379063+00:00,2025-03-04 07:00:03.914845+00:00
1422940,2,Martin Bourboulon,Martin Bourboulon,Directing,2025-03-02 01:14:54.379063+00:00,2025-03-04 07:00:03.914845+00:00
79002,2,Nacho G. Velilla,Nacho G. Velilla,Directing,2025-03-02 01:14:54.379063+00:00,2025-03-04 07:00:03.914845+00:00
3095085,2,Huiwu Ma,Huiwu Ma,Directing,2025-03-02 01:14:54.379063+00:00,2025-03-04 07:00:03.914845+00:00
73121,2,Gisaburō Sugii,杉井ギサブロー,Directing,2025-03-02 01:14:54.379063+00:00,2025-03-04 07:00:03.914845+00:00
1406559,2,Junichi Ishikawa,石川淳一,Directing,2025-03-02 01:14:54.379063+00:00,2025-03-04 07:00:03.914845+00:00
1276771,2,Tobias Wiemann,Tobias Wiemann,Directing,2025-03-02 01:14:54.379063+00:00,2025-03-04 07:00:03.914845+00:00
2230559,2,Shinzo Katayama,片山慎三,Directing,2025-03-02 01:14:54.379063+00:00,2025-03-04 07:00:03.914845+00:00
1654352,2,Yasuhito Kikuchi,菊地康仁,Directing,2025-03-02 01:14:54.379063+00:00,2025-03-04 07:00:03.914845+00:00
1399842,2,Bilall Fallah,Bilall Fallah,Directing,2025-03-02 01:14:54.379063+00:00,2025-03-04 07:00:03.914845+00:00
55499,2,Scott Derrickson,Scott Derrickson,Directing,2025-03-02 01:14:54.379063+00:00,2025-03-04 07:00:03.914845+00:00
74008,2,Hans Steinbichler,Hans Steinbichler,Directing,2025-03-02 01:14:54.379063+00:00,2025-03-04 07:00:03.914845+00:00
5877,2,Vincenzo Natali,Vincenzo Natali,Directing,2025-03-02 01:14:54.379063+00:00,2025-03-04 07:00:03.914845+00:00
81495,2,Keiichi Hara,原恵一,Directing,2025-03-02 01:14:54.379063+00:00,2025-03-04 07:00:03.914845+00:00
1248157,0,Karen O'Connor,Karen O'Connor,Production,2025-03-02 01:14:54.379063+00:00,2025-03-04 07:00:03.914845+00:00
78866,2,John H. Lee,John H. Lee,Writing,2025-03-02 01:14:54.379063+00:00,2025-03-04 07:00:03.914845+00:00
3638184,0,Anna Bosc-Molinaro,Anna Bosc-Molinaro,Acting,2025-03-02 01:14:54.379063+00:00,2025-03-04 07:00:03.914845+00:00
4507653,0,Ya-Ping Hu,Ya-Ping Hu,Acting,2025-03-02 01:14:54.379063+00:00,2025-03-04 07:00:03.914845+00:00
4578662,0,Tutu,Tutu,Acting,2025-03-02 01:14:54.379063+00:00,2025-03-04 07:00:03.914845+00:00
1735836,0,Prasun Chatterjee,Prasun Chatterjee,Acting,2025-03-02 01:14:54.379063+00:00,2025-03-04 07:00:03.914845+00:00
1498159,0,Geerasak Kulhong,Geerasak Kulhong,Acting,2025-03-02 01:14:54.379063+00:00,2025-03-04 07:00:03.914845+00:00
4056397,0,Batmandakh Batchuluun,Batmandakh Batchuluun,Acting,2025-03-02 01:14:54.379063+00:00,2025-03-04 07:00:03.914845+00:00
3661194,0,mei yamagishi,mei yamagishi,Acting,2025-03-02 01:14:54.379063+00:00,2025-03-04 07:00:03.914845+00:00
3831906,0,Samah Alamrani,Samah Alamrani,Acting,2025-03-02 01:14:54.379063+00:00,2025-03-04 07:00:03.914845+00:00
3370495,0,Naomi Vellisariou,Naomi Vellisariou,Acting,2025-03-02 01:14:54.379063+00:00,2025-03-04 07:00:03.914845+00:00
3097677,0,Yaneli Hernández,Yaneli Hernández,Acting,2025-03-02 01:14:54.379063+00:00,2025-03-04 07:00:03.914845+00:00
3984269,0,Xiao Zilong,Xiao Zilong,Acting,2025-03-02 01:14:54.379063+00:00,2025-03-04 07:00:03.914845+00:00
3390004,0,Santos Choque,Santos Choque,Acting,2025-03-02 01:14:54.379063+00:00,2025-03-04 07:00:03.914845+00:00
21979,0,Salvador Espinoza,Salvador Espinoza,Acting,2025-03-02 01:14:54.379063+00:00,2025-03-04 07:00:03.914845+00:00
1454161,1,Putri Ayudya,Putri Ayudya,Acting,2025-03-02 01:14:54.379063+00:00,2025-03-04 07:00:03.914845+00:00
2602879,1,Maitreyi Ramakrishnan,Maitreyi Ramakrishnan,Acting,2025-03-02 01:14:54.379063+00:00,2025-03-04 07:00:03.914845+00:00
148285,1,Haruka Igawa,井川遥,Acting,2025-03-02 01:14:54.379063+00:00,2025-03-04 07:00:03.914845+00:00
11149,1,Dominique Swain,Dominique Swain,Acting,2025-03-02 01:14:54.379063+00:00,2025-03-04 07:00:03.914845+00:00
118752,1,Natalie Morales,Natalie Morales,Acting,2025-03-02 01:14:54.379063+00:00,2025-03-04 07:00:03.914845+00:00
1164460,1,Laetitia Dosch,Laetitia Dosch,Acting,2025-03-02 01:14:54.379063+00:00,2025-03-04 07:00:03.914845+00:00
2135069,1,Jojo T. Gibbs,Jojo T. Gibbs,Acting,2025-03-02 01:14:54.379063+00:00,2025-03-04 07:00:03.914845+00:00
116323,1,Risa Mizuno,水野理紗,Acting,2025-03-02 01:14:54.379063+00:00,2025-03-04 07:00:03.914845+00:00
190895,1,Sarah Gadon,Sarah Gadon,Acting,2025-03-02 01:14:54.379063+00:00,2025-03-04 07:00:03.914845+00:00
72946,1,Judith Chemla,Judith Chemla,Acting,2025-03-02 01:14:54.379063+00:00,2025-03-04 07:00:03.914845+00:00
136880,1,Yasuko Matsui,松井康子,Acting,2025-03-02 01:14:54.379063+00:00,2025-03-04 07:00:03.914845+00:00
2154533,1,Stephanie Sy,Stephanie Sy,Acting,2025-03-02 01:14:54.379063+00:00,2025-03-04 07:00:03.914845+00:00
1246941,1,Mandy Wei,魏蔓,Acting,2025-03-02 01:14:54.379063+00:00,2025-03-04 07:00:03.914845+00:00
2019444,1,Elle Young,Elle Young,Acting,2025-03-02 01:14:54.379063+00:00,2025-03-04 07:00:03.914845+00:00
2088734,1,Sherry Cola,Sherry Cola,Acting,2025-03-02 01:14:54.379063+00:00,2025-03-04 07:00:03.914845+00:00
1202689,1,Jessica Henwick,Jessica Henwick,Acting,2025-03-02 01:14:54.379063+00:00,2025-03-04 07:00:03.914845+00:00
1680930,1,Sara Wijayanto,Sara Wijayanto,Acting,2025-03-02 01:14:54.379063+00:00,2025-03-04 07:00:03.914845+00:00
1397778,1,Anya Taylor-Joy,Anya Taylor-Joy,Acting,2025-03-02 01:14:54.379063+00:00,2025-03-04 07:00:03.914845+00:00
1401654,1,Shuri,趣里,Acting,2025-03-02 01:14:54.379063+00:00,2025-03-04 07:00:03.914845+00:00
81821,1,Sandrine Kiberlain,Sandrine Kiberlain,Acting,2025-03-02 01:14:54.379063+00:00,2025-03-04 07:00:03.914845+00:00
19888,1,Géraldine Pailhas,Géraldine Pailhas,Acting,2025-03-02 01:14:54.379063+00:00,2025-03-04 07:00:03.914845+00:00
1428090,1,Chen Chen,Chen Chen,Acting,2025-03-02 01:14:54.379063+00:00,2025-03-04 07:00:03.914845+00:00
1057990,1,Yui Ogura,小倉唯,Acting,2025-03-02 01:14:54.379063+00:00,2025-03-04 07:00:03.914845+00:00
1246517,1,Lee You-young,이유영,Acting,2025-03-02 01:14:54.379063+00:00,2025-03-04 07:00:03.914845+00:00
208782,1,Holland Roden,Holland Roden,Acting,2025-03-02 01:14:54.379063+00:00,2025-03-04 07:00:03.914845+00:00
99711,1,Mona Singh,Mona Singh,Acting,2025-03-02 01:14:54.379063+00:00,2025-03-04 07:00:03.914845+00:00
3353529,1,Jean Kao,Jean Kao,Acting,2025-03-02 01:14:54.379063+00:00,2025-03-04 07:00:03.914845+00:00
1104911,1,Minami,美波,Acting,2025-03-02 01:14:54.379063+00:00,2025-03-04 07:00:03.914845+00:00
1381186,1,Stephanie Hsu,Stephanie Hsu,Acting,2025-03-02 01:14:54.379063+00:00,2025-03-04 07:00:03.914845+00:00
1026082,1,Sakuntala Teinpairoj,ศกุนตลา เทียนไพโรจน์,Acting,2025-03-02 01:14:54.379063+00:00,2025-03-04 07:00:03.914845+00:00
1272714,1,Ham Su-jung,함수정,Acting,2025-03-02 01:14:54.379063+00:00,2025-03-04 07:00:03.914845+00:00
3240522,1,Valèria Sorolla,Valèria Sorolla,Acting,2025-03-02 01:14:54.379063+00:00,2025-03-04 07:00:03.914845+00:00
1364528,1,Lee Ha-nee,이하늬,Acting,2025-03-02 01:14:54.379063+00:00,2025-03-04 07:00:03.914845+00:00
3276441,1,Rasti Farooq,Rasti Farooq,Acting,2025-03-02 01:14:54.379063+00:00,2025-03-04 07:00:03.914845+00:00
81242,1,Yukiji Asaoka,朝丘雪路,Acting,2025-03-02 01:14:54.379063+00:00,2025-03-04 07:00:03.914845+00:00
23988,1,Fumiko Orikasa,折笠富美子,Acting,2025-03-02 01:14:54.379063+00:00,2025-03-04 07:00:03.914845+00:00
1793110,1,Marie Colomb,Marie Colomb,Acting,2025-03-02 01:14:54.379063+00:00,2025-03-04 07:00:03.914845+00:00
146630,1,Élodie Fontan,Élodie Fontan,Acting,2025-03-02 01:14:54.379063+00:00,2025-03-04 07:00:03.914845+00:00
1970145,2,Chih-ju Lin,Chih-ju Lin,Acting,2025-03-02 01:14:54.379063+00:00,2025-03-04 07:00:03.914845+00:00
134845,2,Shima Onishi,大西信満,Acting,2025-03-02 01:14:54.379063+00:00,2025-03-04 07:00:03.914845+00:00
80754,2,Etsushi Toyokawa,豊川悦司,Acting,2025-03-02 01:14:54.379063+00:00,2025-03-04 07:00:03.914845+00:00
2369258,2,Shugo Nakamura,仲村宗悟,Acting,2025-03-02 01:14:54.379063+00:00,2025-03-04 07:00:03.914845+00:00
2564672,2,Hamza Zaidi,Hamza Zaidi,Acting,2025-03-02 09:35:42.269341+00:00,2025-03-04 07:00:03.914845+00:00
77188,2,Oh Dal-su,오달수,Acting,2025-03-02 01:14:54.379063+00:00,2025-03-04 07:00:03.914845+00:00
18216,2,Oskar Werner,Oskar Werner,Acting,2025-03-02 01:14:54.379063+00:00,2025-03-04 07:00:03.914845+00:00
1463931,2,Ekin Koç,Ekin Koç,Acting,2025-03-02 01:14:54.379063+00:00,2025-03-04 07:00:03.914845+00:00
1982329,2,Chiang Chang-Hui,Chiang Chang-Hui,Acting,2025-03-02 01:14:54.379063+00:00,2025-03-04 07:00:03.914845+00:00
41029,2,Bernard Campan,Bernard Campan,Acting,2025-03-02 01:14:54.379063+00:00,2025-03-04 07:00:03.914845+00:00
6383,2,Aaron Eckhart,Aaron Eckhart,Acting,2025-03-02 01:14:54.379063+00:00,2025-03-04 07:00:03.914845+00:00
2565,2,Yves Montand,Yves Montand,Acting,2025-03-02 01:14:54.379063+00:00,2025-03-04 07:00:03.914845+00:00
2115520,2,Wang Qiang,Wang Qiang,Acting,2025-03-02 01:14:54.379063+00:00,2025-03-04 07:00:03.914845+00:00
1580562,2,River Huang,黃河,Acting,2025-03-02 01:14:54.379063+00:00,2025-03-04 07:00:03.914845+00:00
3128905,2,Benjamin Wichert,Benjamin Wichert,Acting,2025-03-02 01:14:54.379063+00:00,2025-03-04 07:00:03.914845+00:00
11108,2,Simon Pegg,Simon Pegg,Acting,2025-03-02 01:14:54.379063+00:00,2025-03-04 07:00:03.914845+00:00
1855143,2,Brandon Sklenar,Brandon Sklenar,Acting,2025-03-02 01:14:54.379063+00:00,2025-03-04 07:00:03.914845+00:00
1292043,2,Mike Angelo,Mike Angelo,Acting,2025-03-02 01:14:54.379063+00:00,2025-03-04 07:00:03.914845+00:00
77700,2,Travis Fimmel,Travis Fimmel,Acting,2025-03-02 01:14:54.379063+00:00,2025-03-04 07:00:03.914845+00:00
1438708,2,Magnus Millang,Magnus Millang,Acting,2025-03-02 01:14:54.379063+00:00,2025-03-04 07:00:03.914845+00:00
24289,2,Mohammad Bakri,Mohammad Bakri,Acting,2025-03-02 01:14:54.379063+00:00,2025-03-04 07:00:03.914845+00:00
2877243,2,Chang-Ying Hsieh,謝章穎,Acting,2025-03-02 01:14:54.379063+00:00,2025-03-04 07:00:03.914845+00:00
31078,2,Tatsuya Fujiwara,藤原竜也,Acting,2025-03-02 01:14:54.379063+00:00,2025-03-04 07:00:03.914845+00:00
551605,2,Ben Yuen Foo-Wah,袁富華,Acting,2025-03-02 01:14:54.379063+00:00,2025-03-04 07:00:03.914845+00:00
3671162,2,Krittanun Aunchananun,ปิง กฤตนัน อัญชนานันท์,Acting,2025-03-02 01:14:54.379063+00:00,2025-03-04 07:00:03.914845+00:00
3412148,2,Li Guo-Zhen,Li Guo-Zhen,Acting,2025-03-02 01:14:54.379063+00:00,2025-03-04 07:00:03.914845+00:00
8924,2,Frank Langella,Frank Langella,Acting,2025-03-02 01:14:54.379063+00:00,2025-03-04 07:00:03.914845+00:00
2717685,2,Keegan Hedley,Keegan Hedley,Acting,2025-03-02 01:14:54.379063+00:00,2025-03-04 07:00:03.914845+00:00
1356,2,Jean-Pierre Lorit,Jean-Pierre Lorit,Acting,2025-03-02 01:14:54.379063+00:00,2025-03-04 07:00:03.914845+00:00
4218342,2,Si-Chen Lee,Si-Chen Lee,Acting,2025-03-02 01:14:54.379063+00:00,2025-03-04 07:00:03.914845+00:00
2683,2,Glenn Plummer,Glenn Plummer,Acting,2025-03-02 01:14:54.379063+00:00,2025-03-04 07:00:03.914845+00:00
1260978,2,Emerson Tsai,蔡昌憲,Acting,2025-03-02 01:14:54.379063+00:00,2025-03-04 07:00:03.914845+00:00
1057923,2,Nao Okabe,岡部尚,Acting,2025-03-02 01:14:54.379063+00:00,2025-03-04 07:00:03.914845+00:00
6396,2,Richard Edson,Richard Edson,Acting,2025-03-02 01:14:54.379063+00:00,2025-03-04 07:00:03.914845+00:00
2748780,2,Shinichiro Kamio,神尾晋一郎,Acting,2025-03-02 01:14:54.379063+00:00,2025-03-04 07:00:03.914845+00:00
73249,2,Lee Jung-jae,이정재,Acting,2025-03-02 01:14:54.379063+00:00,2025-03-04 07:00:03.914845+00:00
3179061,2,Raiga Terasaka,寺坂頼我,Acting,2025-03-02 01:14:54.379063+00:00,2025-03-04 07:00:03.914845+00:00
1625880,2,Jun,준,Acting,2025-03-02 01:14:54.379063+00:00,2025-03-04 07:00:03.914845+00:00
1681281,2,Marin Grigore,Marin Grigore,Acting,2025-03-02 01:14:54.379063+00:00,2025-03-04 07:00:03.914845+00:00
36097,2,Laurence Rupp,Laurence Rupp,Acting,2025-03-02 01:14:54.379063+00:00,2025-03-04 07:00:03.914845+00:00
2787720,2,Elliott Fullam,Elliott Fullam,Acting,2025-03-02 01:14:54.379063+00:00,2025-03-04 07:00:03.914845+00:00
161932,2,Jim Rash,Jim Rash,Acting,2025-03-02 01:14:54.379063+00:00,2025-03-04 07:00:03.914845+00:00
1400211,2,Wolfgang Cerny,Вольфганг Черни,Acting,2025-03-02 01:14:54.379063+00:00,2025-03-04 07:00:03.914845+00:00
1576708,2,Anton von Lucke,Anton von Lucke,Acting,2025-03-02 01:14:54.379063+00:00,2025-03-04 07:00:03.914845+00:00
1382987,2,Ramy Youssef,Ramy Youssef,Acting,2025-03-02 01:14:54.379063+00:00,2025-03-04 07:00:03.914845+00:00
1377715,2,Takeshi Tomizawa,富澤たけし,Acting,2025-03-02 01:14:54.379063+00:00,2025-03-04 07:00:03.914845+00:00
3490,2,Adrien Brody,Adrien Brody,Acting,2025-03-02 01:14:54.379063+00:00,2025-03-04 07:00:03.914845+00:00
1058061,2,Zen Kajihara,梶原善,Acting,2025-03-02 01:14:54.379063+00:00,2025-03-04 07:00:03.914845+00:00
2058775,2,Figaro Tseng,曾少宗,Acting,2025-03-02 01:14:54.379063+00:00,2025-03-04 07:00:03.914845+00:00
1694435,2,Park Myung-hoon,박명훈,Acting,2025-03-02 01:14:54.379063+00:00,2025-03-04 07:00:03.914845+00:00
1237,2,Flea,Flea,Acting,2025-03-02 01:14:54.379063+00:00,2025-03-04 07:00:03.914845+00:00
1112526,2,Koji Seto,瀬戸康史,Acting,2025-03-02 01:14:54.379063+00:00,2025-03-04 07:00:03.914845+00:00
2007861,2,Guo Qilin,郭麒麟,Acting,2025-03-02 01:14:54.379063+00:00,2025-03-04 07:00:03.914845+00:00
1708542,2,Anderson .Paak,Anderson .Paak,Acting,2025-03-02 01:14:54.379063+00:00,2025-03-04 07:00:03.914845+00:00
1664773,2,Emmanuel Imani,Emmanuel Imani,Acting,2025-03-02 01:14:54.379063+00:00,2025-03-04 07:00:03.914845+00:00
46593,2,Emile Hirsch,Emile Hirsch,Acting,2025-03-02 01:14:54.379063+00:00,2025-03-04 07:00:03.914845+00:00
4919979,2,Andrew,周祖安,Acting,2025-03-02 01:14:54.379063+00:00,2025-03-04 07:00:03.914845+00:00
4990,2,Susumu Terajima,寺島進,Acting,2025-03-02 01:14:54.379063+00:00,2025-03-04 07:00:03.914845+00:00
46364,2,Shun Oguri,小栗旬,Acting,2025-03-02 01:14:54.379063+00:00,2025-03-04 07:00:03.914845+00:00
1257671,2,Kim Woo-bin,김우빈,Acting,2025-03-02 01:14:54.379063+00:00,2025-03-04 07:00:03.914845+00:00
1736671,2,Caspar Jennings,Caspar Jennings,Acting,2025-03-02 01:14:54.379063+00:00,2025-03-04 07:00:03.914845+00:00
10565,2,Dick Cavett,Dick Cavett,Acting,2025-03-02 01:14:54.379063+00:00,2025-03-04 07:00:03.914845+00:00
3129979,2,Farid Ghobadi,Farid Ghobadi,Acting,2025-03-02 01:14:54.379063+00:00,2025-03-04 07:00:03.914845+00:00
1015822,2,Tokio Emoto,柄本時生,Acting,2025-03-02 01:14:54.379063+00:00,2025-03-04 07:00:03.914845+00:00
1233857,2,George Hu,胡宇威,Acting,2025-03-02 01:14:54.379063+00:00,2025-03-04 07:00:03.914845+00:00
77131,2,Pascal Elbé,Pascal Elbé,Acting,2025-03-02 01:14:54.379063+00:00,2025-03-04 07:00:03.914845+00:00
1762877,2,Giorgi Bochorishvili,Giorgi Bochorishvili,Acting,2025-03-02 01:14:54.379063+00:00,2025-03-04 07:00:03.914845+00:00
122818,2,Lawrence Ng Kai-Wah,吳啟華,Acting,2025-03-02 01:14:54.379063+00:00,2025-03-04 07:00:03.914845+00:00
1185997,2,Xolo Mariduena,Xolo Mariduena,Acting,2025-03-02 01:14:54.379063+00:00,2025-03-04 07:00:03.914845+00:00
3139771,2,Inoue Sora,井上想良,Acting,2025-03-02 01:14:54.379063+00:00,2025-03-04 07:00:03.914845+00:00
1866671,2,José Condessa,José Condessa,Acting,2025-03-02 01:14:54.379063+00:00,2025-03-04 07:00:03.914845+00:00
3663911,2,Nicolas Umbdenstock,Nicolas Umbdenstock,Acting,2025-03-02 01:14:54.379063+00:00,2025-03-04 07:00:03.914845+00:00
5482,2,Raymond Coulthard,Raymond Coulthard,Acting,2025-03-02 01:14:54.379063+00:00,2025-03-04 07:00:03.914845+00:00
26724,2,Eric Tsang Chi-Wai,曾志偉,Acting,2025-03-02 01:14:54.379063+00:00,2025-03-04 07:00:03.914845+00:00
33161,2,François Cluzet,François Cluzet,Acting,2025-03-02 01:14:54.379063+00:00,2025-03-04 07:00:03.914845+00:00
96569,2,Yoshihiko Hakamada,袴田吉彦,Acting,2025-03-02 01:14:54.379063+00:00,2025-03-04 07:00:03.914845+00:00
1384551,2,Taichi Saotome,早乙女太一,Acting,2025-03-02 01:14:54.379063+00:00,2025-03-04 07:00:03.914845+00:00
8945,2,Kevin Kline,Kevin Kline,Acting,2025-03-02 01:14:54.379063+00:00,2025-03-04 07:00:03.914845+00:00
240158,2,Lung Tien-Hsiang,Lung Tien-Hsiang,Acting,2025-03-02 09:35:42.269341+00:00,2025-03-04 07:00:03.914845+00:00
4934349,0,Bilguun Chuluundorj,Bilguun Chuluundorj,Directing,2025-03-02 01:14:54.379063+00:00,2025-03-04 07:00:03.914845+00:00
2053029,0,Nguyễn Hữu Hoàng,Nguyễn Hữu Hoàng,Directing,2025-03-02 01:14:54.379063+00:00,2025-03-04 07:00:03.914845+00:00
3126678,0,Peter Mourougaya,Peter Mourougaya,Directing,2025-03-02 01:14:54.379063+00:00,2025-03-04 07:00:03.914845+00:00
1846754,0,Fanny Liatard,Fanny Liatard,Directing,2025-03-02 01:14:54.379063+00:00,2025-03-04 07:00:03.914845+00:00
73654,1,Catherine Corsini,Catherine Corsini,Directing,2025-03-02 01:14:54.379063+00:00,2025-03-04 07:00:03.914845+00:00
1748697,1,Carla Simón,Carla Simón,Directing,2025-03-02 01:14:54.379063+00:00,2025-03-04 07:00:03.914845+00:00
931211,1,Alice Rohrwacher,Alice Rohrwacher,Directing,2025-03-02 01:14:54.379063+00:00,2025-03-04 07:00:03.914845+00:00
2564771,1,Hikaru Yamaguchi,Hikaru Yamaguchi,Directing,2025-03-02 01:14:54.379063+00:00,2025-03-04 07:00:03.914845+00:00
1494690,1,Chie Hayakawa,早川千絵,Directing,2025-03-02 01:14:54.379063+00:00,2025-03-04 07:00:03.914845+00:00
1421849,1,Yngvild Sve Flikke,Yngvild Sve Flikke,Directing,2025-03-02 01:14:54.379063+00:00,2025-03-04 07:00:03.914845+00:00
2441844,1,Lee Ran-hee,Lee Ran-hee,Directing,2025-03-02 01:14:54.379063+00:00,2025-03-04 07:00:03.914845+00:00
1673449,1,Louisa Warren,Louisa Warren,Directing,2025-03-02 01:14:54.379063+00:00,2025-03-04 07:00:03.914845+00:00
1310153,1,Li Hong,李虹,Directing,2025-03-02 01:14:54.379063+00:00,2025-03-04 07:00:03.914845+00:00
54507,2,Jon M. Chu,Jon M. Chu,Directing,2025-03-02 01:14:54.379063+00:00,2025-03-04 07:00:03.914845+00:00
3943045,2,Atta Hemwadee,Atta Hemwadee,Directing,2025-03-02 01:14:54.379063+00:00,2025-03-04 07:00:03.914845+00:00
69081,2,Kim Jee-woon,김지운,Directing,2025-03-02 01:14:54.379063+00:00,2025-03-04 07:00:03.914845+00:00
2070453,2,Danny Philippou,Danny Philippou,Directing,2025-03-02 01:14:54.379063+00:00,2025-03-04 07:00:03.914845+00:00
1364491,2,Maxime Govare,Maxime Govare,Directing,2025-03-02 01:14:54.379063+00:00,2025-03-04 07:00:03.914845+00:00
70109,2,Benny Chan Muk-Sing,陳木勝,Directing,2025-03-02 01:14:54.379063+00:00,2025-03-04 07:00:03.914845+00:00
20085,2,Bruno Chiche,Bruno Chiche,Directing,2025-03-02 01:14:54.379063+00:00,2025-03-04 07:00:03.914845+00:00
1866491,2,Phil Connell,Phil Connell,Directing,2025-03-02 01:14:54.379063+00:00,2025-03-04 07:00:03.914845+00:00
578,2,Ridley Scott,Ridley Scott,Directing,2025-03-02 01:14:54.379063+00:00,2025-03-04 07:00:03.914845+00:00
1333863,2,Ming-Chuan Huang,Ming-Chuan Huang,Directing,2025-03-02 01:14:54.379063+00:00,2025-03-04 07:00:03.914845+00:00
80107,2,Akihiko Shiota,塩田明彦,Directing,2025-03-02 01:14:54.379063+00:00,2025-03-04 07:00:03.914845+00:00
2402788,2,Lee Chang-won,Lee Chang-won,Directing,2025-03-02 01:14:54.379063+00:00,2025-03-04 07:00:03.914845+00:00
3736997,2,Yusuke Morii,Yusuke Morii,Directing,2025-03-02 01:14:54.379063+00:00,2025-03-04 07:00:03.914845+00:00
1628010,2,Adrian Goiginger,Adrian Goiginger,Directing,2025-03-02 01:14:54.379063+00:00,2025-03-04 07:00:03.914845+00:00
3097336,2,Naoya Fujita,藤田直哉,Directing,2025-03-02 01:14:54.379063+00:00,2025-03-04 07:00:03.914845+00:00
96295,1,Christel Baras,Christel Baras,Production,2025-03-02 01:14:54.379063+00:00,2025-03-04 07:00:03.914845+00:00
1247626,2,Takanori Nishikawa,西川貴教,Sound,2025-03-02 01:14:54.379063+00:00,2025-03-04 07:00:03.914845+00:00
81224,2,Jack Ng Wai-Lun,吳煒倫,Writing,2025-03-02 01:14:54.379063+00:00,2025-03-04 07:00:03.914845+00:00
3573,2,Daniel Boulanger,Daniel Boulanger,Writing,2025-03-02 01:14:54.379063+00:00,2025-03-04 07:00:03.914845+00:00
17460,2,Rachid Hami,Rachid Hami,Writing,2025-03-02 01:14:54.379063+00:00,2025-03-04 07:00:03.914845+00:00
3045534,0,Liu Mu-sha,Liu Mu-sha,Acting,2025-03-02 01:14:54.379063+00:00,2025-03-04 07:00:03.914845+00:00
4578663,0,Wenzu Li,Wenzu Li,Acting,2025-03-02 01:14:54.379063+00:00,2025-03-04 07:00:03.914845+00:00
3875705,0,Elham Imani,Elham Imani,Acting,2025-03-02 01:14:54.379063+00:00,2025-03-04 07:00:03.914845+00:00
3299569,0,Keetapat Pongruea,Keetapat Pongruea,Acting,2025-03-02 01:14:54.379063+00:00,2025-03-04 07:00:03.914845+00:00
4669868,0,Chiu Tzu-Ya,Chiu Tzu-Ya,Acting,2025-03-02 01:14:54.379063+00:00,2025-03-04 07:00:03.914845+00:00
2875267,0,Damon Daunno,Damon Daunno,Acting,2025-03-02 01:14:54.379063+00:00,2025-03-04 07:00:03.914845+00:00
2504489,0,Wenyi Lin,Wenyi Lin,Acting,2025-03-02 01:14:54.379063+00:00,2025-03-04 07:00:03.914845+00:00
4179716,0,Felix Heremans,Felix Heremans,Acting,2025-03-02 01:14:54.379063+00:00,2025-03-04 07:00:03.914845+00:00
2823832,0,Mashid Shariat,Mashid Shariat,Acting,2025-03-02 01:14:54.379063+00:00,2025-03-04 07:00:03.914845+00:00
4179555,0,Bulgan Chuluunbat,Bulgan Chuluunbat,Acting,2025-03-02 01:14:54.379063+00:00,2025-03-04 07:00:03.914845+00:00
3006073,0,Caleb Johnson,Caleb Johnson,Acting,2025-03-02 01:14:54.379063+00:00,2025-03-04 07:00:03.914845+00:00
3294023,0,Jade Springer,Jade Springer,Acting,2025-03-02 01:14:54.379063+00:00,2025-03-04 07:00:03.914845+00:00
4267741,0,Choeying Jatsho,Choeying Jatsho,Acting,2025-03-02 01:14:54.379063+00:00,2025-03-04 07:00:03.914845+00:00
4722298,0,Liang Sheng-yueh,Liang Sheng-yueh,Acting,2025-03-02 01:14:54.379063+00:00,2025-03-04 07:00:03.914845+00:00
3905469,0,Félix Ticona,Félix Ticona,Acting,2025-03-02 01:14:54.379063+00:00,2025-03-04 07:00:03.914845+00:00
145626,0,Hyun Joo Choi,Hyun Joo Choi,Acting,2025-03-02 01:14:54.379063+00:00,2025-03-04 07:00:03.914845+00:00
4904763,0,Yoshiko Inuyama,Yoshiko Inuyama,Acting,2025-03-02 01:14:54.379063+00:00,2025-03-04 07:00:03.914845+00:00
4166261,0,Sutida Buatig,Sutida Buatig,Acting,2025-03-02 01:14:54.379063+00:00,2025-03-04 07:00:03.914845+00:00
3921565,0,Kyle Scudder,Kyle Scudder,Acting,2025-03-02 01:14:54.379063+00:00,2025-03-04 07:00:03.914845+00:00
6120,1,Bodil Jørgensen,Bodil Jørgensen,Acting,2025-03-02 01:14:54.379063+00:00,2025-03-04 07:00:03.914845+00:00
1256488,1,Kwon Yu-ri,권유리,Acting,2025-03-02 09:35:42.269341+00:00,2025-03-04 07:00:03.914845+00:00
1735828,1,Halle Bailey,Halle Bailey,Acting,2025-03-02 01:14:54.379063+00:00,2025-03-04 07:00:03.914845+00:00
1531489,1,Helena Hsu,許乃涵,Acting,2025-03-02 01:14:54.379063+00:00,2025-03-04 07:00:03.914845+00:00
212154,1,Deborah Ann Woll,Deborah Ann Woll,Acting,2025-03-02 01:14:54.379063+00:00,2025-03-04 07:00:03.914845+00:00
67221,1,Sharla Cheung Man,張敏,Acting,2025-03-02 01:14:54.379063+00:00,2025-03-04 07:00:03.914845+00:00
3643746,1,Leaf Yeh,葉穎,Acting,2025-03-02 01:14:54.379063+00:00,2025-03-04 07:00:03.914845+00:00
65512,1,Kotoe Hatsui,初井言榮,Acting,2025-03-02 01:14:54.379063+00:00,2025-03-04 07:00:03.914845+00:00
3340013,1,DAOKO,DAOKO,Acting,2025-03-02 01:14:54.379063+00:00,2025-03-04 07:00:03.914845+00:00
19537,1,Megan Fox,Megan Fox,Acting,2025-03-02 01:14:54.379063+00:00,2025-03-04 07:00:03.914845+00:00
1137,1,Juliette Binoche,Juliette Binoche,Acting,2025-03-02 01:14:54.379063+00:00,2025-03-04 07:00:03.914845+00:00
4012753,1,Serena Hu,Serena Hu,Acting,2025-03-02 01:14:54.379063+00:00,2025-03-04 07:00:03.914845+00:00
938326,1,Tan Zhuo,Tan Zhuo,Acting,2025-03-02 01:14:54.379063+00:00,2025-03-04 07:00:03.914845+00:00
2940444,1,Yuki Watanabe,渡辺由紀,Acting,2025-03-02 01:14:54.379063+00:00,2025-03-04 07:00:03.914845+00:00
18686,1,Holly Hunter,Holly Hunter,Acting,2025-03-02 01:14:54.379063+00:00,2025-03-04 07:00:03.914845+00:00
15565,1,Jennifer Hudson,Jennifer Hudson,Acting,2025-03-02 01:14:54.379063+00:00,2025-03-04 07:00:03.914845+00:00
121628,1,Kazue Ikura,伊倉一恵,Acting,2025-03-02 01:14:54.379063+00:00,2025-03-04 07:00:03.914845+00:00
19587,1,Rumi Hiiragi,柊瑠美,Acting,2025-03-02 01:14:54.379063+00:00,2025-03-04 07:00:03.914845+00:00
7161,1,Eva Löbau,Eva Löbau,Acting,2025-03-02 01:14:54.379063+00:00,2025-03-04 07:00:03.914845+00:00
1173984,1,Olivia Cooke,Olivia Cooke,Acting,2025-03-02 01:14:54.379063+00:00,2025-03-04 07:00:03.914845+00:00
1006731,1,Melissa Roxburgh,Melissa Roxburgh,Acting,2025-03-02 01:14:54.379063+00:00,2025-03-04 07:00:03.914845+00:00
2143631,1,Allison Lin,林予晞,Acting,2025-03-02 01:14:54.379063+00:00,2025-03-04 07:00:03.914845+00:00
81254,1,Natthaweeranuch Thongmee,ณัฐฐาวีรนุช ทองมี,Acting,2025-03-02 01:14:54.379063+00:00,2025-03-04 07:00:03.914845+00:00
1775557,1,Yalitza Aparicio,Yalitza Aparicio,Acting,2025-03-02 01:14:54.379063+00:00,2025-03-04 07:00:03.914845+00:00
3791494,1,Monika Stalder,Monika Stalder,Acting,2025-03-02 01:14:54.379063+00:00,2025-03-04 07:00:03.914845+00:00
1812766,1,Mayu Yamaguchi,山口まゆ,Acting,2025-03-02 01:14:54.379063+00:00,2025-03-04 07:00:03.914845+00:00
3288923,1,Kwon Ah-reum,Kwon Ah-reum,Acting,2025-03-02 01:14:54.379063+00:00,2025-03-04 07:00:03.914845+00:00
232205,1,Eveline Hall,Eveline Hall,Acting,2025-03-02 01:14:54.379063+00:00,2025-03-04 07:00:03.914845+00:00
7827,1,Maren Eggert,Maren Eggert,Acting,2025-03-02 01:14:54.379063+00:00,2025-03-04 07:00:03.914845+00:00
237168,1,Yuko Nakamura,中村優子,Acting,2025-03-02 01:14:54.379063+00:00,2025-03-04 07:00:03.914845+00:00
1154466,1,Tara Basro,Tara Basro,Acting,2025-03-02 01:14:54.379063+00:00,2025-03-04 07:00:03.914845+00:00
1254059,1,Jo Yoon-hee,조윤희,Acting,2025-03-02 09:35:42.269341+00:00,2025-03-04 07:00:03.914845+00:00
1141086,1,Vic Carmen Sonne,Vic Carmen Sonne,Acting,2025-03-02 01:14:54.379063+00:00,2025-03-04 07:00:03.914845+00:00
145625,1,Kim Tae-yeon,Kim Tae-yeon,Acting,2025-03-02 01:14:54.379063+00:00,2025-03-04 07:00:03.914845+00:00
1252955,1,Kang Seung-hyun,강승현,Acting,2025-03-02 01:14:54.379063+00:00,2025-03-04 07:00:03.914845+00:00
587184,1,Alison Wheeler,Alison Wheeler,Acting,2025-03-02 01:14:54.379063+00:00,2025-03-04 07:00:03.914845+00:00
21657,1,Vera Farmiga,Vera Farmiga,Acting,2025-03-02 01:14:54.379063+00:00,2025-03-04 07:00:03.914845+00:00
2874730,1,Regina Lei,雷嘉汭,Acting,2025-03-02 01:14:54.379063+00:00,2025-03-04 07:00:03.914845+00:00
1882314,1,Seo Eun-soo,서은수,Acting,2025-03-02 01:14:54.379063+00:00,2025-03-04 07:00:03.914845+00:00
1928187,1,Paula Usero,Paula Usero,Acting,2025-03-02 01:14:54.379063+00:00,2025-03-04 07:00:03.914845+00:00
61084,1,Michael Hyatt,Michael Hyatt,Acting,2025-03-02 01:14:54.379063+00:00,2025-03-04 07:00:03.914845+00:00
14893,1,Linda Kash,Linda Kash,Acting,2025-03-02 01:14:54.379063+00:00,2025-03-04 07:00:03.914845+00:00
1717627,1,Dasha Nekrasova,Dasha Nekrasova,Acting,2025-03-02 01:14:54.379063+00:00,2025-03-04 07:00:03.914845+00:00
1218223,1,Kat Foster,Kat Foster,Acting,2025-03-02 01:14:54.379063+00:00,2025-03-04 07:00:03.914845+00:00
2218132,1,Veronika Ustimova,Вероника Устимова,Acting,2025-03-02 01:14:54.379063+00:00,2025-03-04 07:00:03.914845+00:00
90514,1,Birgitte Hjort Sørensen,Birgitte Hjort Sørensen,Acting,2025-03-02 01:14:54.379063+00:00,2025-03-04 07:00:03.914845+00:00
571188,1,Hildegard Schroedter,Hildegard Schroedter,Acting,2025-03-02 01:14:54.379063+00:00,2025-03-04 07:00:03.914845+00:00
1339,1,Zhang Ziyi,章子怡,Acting,2025-03-02 01:14:54.379063+00:00,2025-03-04 07:00:03.914845+00:00
2975325,1,Katsuki Mori,森郁月,Acting,2025-03-02 01:14:54.379063+00:00,2025-03-04 07:00:03.914845+00:00
1362651,1,Fang Lu,Fang Lu,Acting,2025-03-02 01:14:54.379063+00:00,2025-03-04 07:00:03.914845+00:00
72730,1,Kelly Chen,陈慧琳,Acting,2025-03-02 01:14:54.379063+00:00,2025-03-04 07:00:03.914845+00:00
119199,1,Claude Perron,Claude Perron,Acting,2025-03-02 01:14:54.379063+00:00,2025-03-04 07:00:03.914845+00:00
1508653,1,Jasmin Savoy Brown,Jasmin Savoy Brown,Acting,2025-03-02 01:14:54.379063+00:00,2025-03-04 07:00:03.914845+00:00
1960989,1,Matsumoto Kiyo,松本妃代,Acting,2025-03-02 01:14:54.379063+00:00,2025-03-04 07:00:03.914845+00:00
2432301,1,Choi Seung-yoon,최승윤,Acting,2025-03-02 01:14:54.379063+00:00,2025-03-04 07:00:03.914845+00:00
132133,1,Aimi Satsukawa,佐津川愛美,Acting,2025-03-02 01:14:54.379063+00:00,2025-03-04 07:00:03.914845+00:00
1696016,1,Chloe Coleman,Chloe Coleman,Acting,2025-03-02 01:14:54.379063+00:00,2025-03-04 07:00:03.914845+00:00
1875842,1,ROSÉ,로제,Acting,2025-03-02 01:14:54.379063+00:00,2025-03-04 07:00:03.914845+00:00
3535280,1,Olimpia Roch,Olimpia Roch,Acting,2025-03-02 01:14:54.379063+00:00,2025-03-04 07:00:03.914845+00:00
1956225,2,Heinz K. Krattiger,Heinz K. Krattiger,Acting,2025-03-02 01:14:54.379063+00:00,2025-03-04 07:00:03.914845+00:00
3379775,2,Masha Pan,潘君侖,Acting,2025-03-02 01:14:54.379063+00:00,2025-03-04 07:00:03.914845+00:00
1566805,2,Mackenyu,新田真剣佑,Acting,2025-03-02 01:14:54.379063+00:00,2025-03-04 07:00:03.914845+00:00
2215967,2,Zakaria Atifi,Zakaria Atifi,Acting,2025-03-02 01:14:54.379063+00:00,2025-03-04 07:00:03.914845+00:00
145587,2,Gijs Naber,Gijs Naber,Acting,2025-03-02 01:14:54.379063+00:00,2025-03-04 07:00:03.914845+00:00
37118,2,Jacques Harden,Jacques Harden,Acting,2025-03-02 01:14:54.379063+00:00,2025-03-04 07:00:03.914845+00:00
4156830,2,Stephen Peter Krisel,Stephen Peter Krisel,Acting,2025-03-02 01:14:54.379063+00:00,2025-03-04 07:00:03.914845+00:00
684,2,Tom Schilling,Tom Schilling,Acting,2025-03-02 01:14:54.379063+00:00,2025-03-04 07:00:03.914845+00:00
1397016,2,Chen He,Chen He,Acting,2025-03-02 01:14:54.379063+00:00,2025-03-04 07:00:03.914845+00:00
973,2,Jason Flemyng,Jason Flemyng,Acting,2025-03-02 01:14:54.379063+00:00,2025-03-04 07:00:03.914845+00:00
81316,2,Reid Scott,Reid Scott,Acting,2025-03-02 01:14:54.379063+00:00,2025-03-04 07:00:03.914845+00:00
1543689,2,Amir Jadidi,Amir Jadidi,Acting,2025-03-02 01:14:54.379063+00:00,2025-03-04 07:00:03.914845+00:00
9671,2,Jun Murakami,村上淳,Acting,2025-03-02 01:14:54.379063+00:00,2025-03-04 07:00:03.914845+00:00
1635854,2,Eudald Font,Eudald Font,Acting,2025-03-02 01:14:54.379063+00:00,2025-03-04 07:00:03.914845+00:00
62064,2,Chris Pine,Chris Pine,Acting,2025-03-02 01:14:54.379063+00:00,2025-03-04 07:00:03.914845+00:00
1613059,2,Jan Szydłowski,Jan Szydłowski,Acting,2025-03-02 01:14:54.379063+00:00,2025-03-04 07:00:03.914845+00:00
2959425,2,Anson Kong,Anson Kong,Acting,2025-03-02 01:14:54.379063+00:00,2025-03-04 07:00:03.914845+00:00
56446,2,John Cena,John Cena,Acting,2025-03-02 01:14:54.379063+00:00,2025-03-04 07:00:03.914845+00:00
79578,2,Jung Kyung-ho,정경호,Acting,2025-03-02 01:14:54.379063+00:00,2025-03-04 07:00:03.914845+00:00
24891,2,Clovis Cornillac,Clovis Cornillac,Acting,2025-03-02 01:14:54.379063+00:00,2025-03-04 07:00:03.914845+00:00
24684,2,Paul Frankeur,Paul Frankeur,Acting,2025-03-02 01:14:54.379063+00:00,2025-03-04 07:00:03.914845+00:00
34018,2,Quim Gutiérrez,Quim Gutiérrez,Acting,2025-03-02 01:14:54.379063+00:00,2025-03-04 07:00:03.914845+00:00
20708,2,Yoichiro Saito,斉藤陽一郎,Acting,2025-03-02 01:14:54.379063+00:00,2025-03-04 07:00:03.914845+00:00
2503100,2,Tristan Ruggeri,Tristan Ruggeri,Acting,2025-03-02 01:14:54.379063+00:00,2025-03-04 07:00:03.914845+00:00
2247745,2,Paris Intarakomalyasut,พาริส อินทรโกมาลย์สุต,Acting,2025-03-02 01:14:54.379063+00:00,2025-03-04 07:00:03.914845+00:00
96960,2,King Chin,King Chin,Acting,2025-03-02 01:14:54.379063+00:00,2025-03-04 07:00:03.914845+00:00
233694,2,Yutaka Mizutani,水谷豊,Acting,2025-03-02 01:14:54.379063+00:00,2025-03-04 07:00:03.914845+00:00
1624799,2,Oleh Scherbyna,Oleh Scherbyna,Acting,2025-03-02 01:14:54.379063+00:00,2025-03-04 07:00:03.914845+00:00
17881,2,Jason Schwartzman,Jason Schwartzman,Acting,2025-03-02 01:14:54.379063+00:00,2025-03-04 07:00:03.914845+00:00
140652,2,Tomasz Kot,Tomasz Kot,Acting,2025-03-02 01:14:54.379063+00:00,2025-03-04 07:00:03.914845+00:00
1286655,2,Zen McGrath,Zen McGrath,Acting,2025-03-02 01:14:54.379063+00:00,2025-03-04 07:00:03.914845+00:00
10071,2,Tetsuro Tamba,丹波哲郎,Acting,2025-03-02 01:14:54.379063+00:00,2025-03-04 07:00:03.914845+00:00
1186919,2,Koh Jia Ler,Koh Jia Ler,Acting,2025-03-02 01:14:54.379063+00:00,2025-03-04 07:00:03.914845+00:00
1020867,2,Park Sang-wook,Park Sang-wook,Acting,2025-03-02 01:14:54.379063+00:00,2025-03-04 07:00:03.914845+00:00
1682490,2,Lee Sung-wook,이성욱,Acting,2025-03-02 01:14:54.379063+00:00,2025-03-04 07:00:03.914845+00:00
622,2,Youji Matsuda,松田洋治,Acting,2025-03-02 01:14:54.379063+00:00,2025-03-04 07:00:03.914845+00:00
2663919,2,Yoon Byung-hee,윤병희,Acting,2025-03-02 01:14:54.379063+00:00,2025-03-04 07:00:03.914845+00:00
1858594,2,Basil Eidenbenz,Basil Eidenbenz,Acting,2025-03-02 01:14:54.379063+00:00,2025-03-04 07:00:03.914845+00:00
238187,2,Ilya Noskov,Илья Носков,Acting,2025-03-02 01:14:54.379063+00:00,2025-03-04 07:00:03.914845+00:00
221018,2,Dan Stevens,Dan Stevens,Acting,2025-03-02 01:14:54.379063+00:00,2025-03-04 07:00:03.914845+00:00
2963356,2,T. Suresh Babu,T. Suresh Babu,Acting,2025-03-02 01:14:54.379063+00:00,2025-03-04 07:00:03.914845+00:00
2408,2,Jamel Debbouze,Jamel Debbouze,Acting,2025-03-02 01:14:54.379063+00:00,2025-03-04 07:00:03.914845+00:00
221115,2,Daren Kagasoff,Daren Kagasoff,Acting,2025-03-02 01:14:54.379063+00:00,2025-03-04 07:00:03.914845+00:00
1257592,2,Yoon Kye-sang,윤계상,Acting,2025-03-02 01:14:54.379063+00:00,2025-03-04 07:00:03.914845+00:00
224413,2,Satoshi Hino,日野聡,Acting,2025-03-02 01:14:54.379063+00:00,2025-03-04 07:00:03.914845+00:00
41687,2,Patrick Muldoon,Patrick Muldoon,Acting,2025-03-02 01:14:54.379063+00:00,2025-03-04 07:00:03.914845+00:00
176011,2,José Baviera,José Baviera,Acting,2025-03-02 01:14:54.379063+00:00,2025-03-04 07:00:03.914845+00:00
572172,2,Woo Hyeon,우현,Acting,2025-03-02 01:14:54.379063+00:00,2025-03-04 07:00:03.914845+00:00
587142,2,Karim Leklou,Karim Leklou,Acting,2025-03-02 01:14:54.379063+00:00,2025-03-04 07:00:03.914845+00:00
1813999,2,Kai-wei Chiu,Kai-wei Chiu,Acting,2025-03-02 09:35:42.269341+00:00,2025-03-04 07:00:03.914845+00:00
120801,2,Hayato Isohata,Hayato Isohata,Acting,2025-03-02 01:14:54.379063+00:00,2025-03-04 07:00:03.914845+00:00
223532,2,Grégory Gadebois,Grégory Gadebois,Acting,2025-03-02 01:14:54.379063+00:00,2025-03-04 07:00:03.914845+00:00
2164506,2,Archie Renaux,Archie Renaux,Acting,2025-03-02 01:14:54.379063+00:00,2025-03-04 07:00:03.914845+00:00
53807,2,Armie Hammer,Armie Hammer,Acting,2025-03-02 01:14:54.379063+00:00,2025-03-04 07:00:03.914845+00:00
223914,2,Kenneth Cheung Moon-Yuen,Kenneth Cheung Moon-Yuen,Acting,2025-03-02 01:14:54.379063+00:00,2025-03-04 07:00:03.914845+00:00
210695,2,Jesse Williams,Jesse Williams,Acting,2025-03-02 01:14:54.379063+00:00,2025-03-04 07:00:03.914845+00:00
2668721,2,Trai Nimtawat,ตรัย นิ่มทวัฒน์,Acting,2025-03-02 01:14:54.379063+00:00,2025-03-04 07:00:03.914845+00:00
24299,2,Jean-Claude Brialy,Jean-Claude Brialy,Acting,2025-03-02 01:14:54.379063+00:00,2025-03-04 07:00:03.914845+00:00
6863,2,Kevin Dillon,Kevin Dillon,Acting,2025-03-02 01:14:54.379063+00:00,2025-03-04 07:00:03.914845+00:00
1631788,2,Chu Lu-hao,Lu-Hao Chu,Acting,2025-03-02 01:14:54.379063+00:00,2025-03-04 07:00:03.914845+00:00
5892,2,David Hewlett,David Hewlett,Acting,2025-03-02 01:14:54.379063+00:00,2025-03-04 07:00:03.914845+00:00
1774679,2,Jack Dylan Grazer,Jack Dylan Grazer,Acting,2025-03-02 01:14:54.379063+00:00,2025-03-04 07:00:03.914845+00:00
4104108,2,Stephanos James Peter,Stephanos James Peter,Acting,2025-03-02 01:14:54.379063+00:00,2025-03-04 07:00:03.914845+00:00
85,2,Johnny Depp,Johnny Depp,Acting,2025-03-02 01:14:54.379063+00:00,2025-03-04 07:00:03.914845+00:00
83165,2,Chaleumpol Tikumpornteerawong,เฉลิมพล ทิฆัมพรธีรวงศ์,Acting,2025-03-02 01:14:54.379063+00:00,2025-03-04 07:00:03.914845+00:00
1962720,2,William Catlett,William Catlett,Acting,2025-03-02 01:14:54.379063+00:00,2025-03-04 07:00:03.914845+00:00
96959,2,Duncan Chow,周群達,Acting,2025-03-02 01:14:54.379063+00:00,2025-03-04 07:00:03.914845+00:00
1810,2,Heath Ledger,Heath Ledger,Acting,2025-03-02 01:14:54.379063+00:00,2025-03-04 07:00:03.914845+00:00
1206317,2,Yuki Ono,小野友樹,Acting,2025-03-02 01:14:54.379063+00:00,2025-03-04 07:00:03.914845+00:00
22462,2,Joaquim de Almeida,Joaquim de Almeida,Acting,2025-03-02 01:14:54.379063+00:00,2025-03-04 07:00:03.914845+00:00
117975,2,Eita Nagayama,永山瑛太,Acting,2025-03-02 01:14:54.379063+00:00,2025-03-04 07:00:03.914845+00:00
3452577,0,Eakarpon Settasuk,Eakarpon Settasuk,Directing,2025-03-02 01:14:54.379063+00:00,2025-03-04 07:00:03.914845+00:00
2430932,0,Yasuhiko Shimizu,清水康彦,Directing,2025-03-02 01:14:54.379063+00:00,2025-03-04 07:00:03.914845+00:00
3137399,0,Kim Jae-hoon,Kim Jae-hoon,Directing,2025-03-02 01:14:54.379063+00:00,2025-03-04 07:00:03.914845+00:00
2852400,0,Stefano Mandalà,Stefano Mandalà,Directing,2025-03-02 01:14:54.379063+00:00,2025-03-04 07:00:03.914845+00:00
39298,1,Margarethe von Trotta,Margarethe von Trotta,Directing,2025-03-02 01:14:54.379063+00:00,2025-03-04 07:00:03.914845+00:00
1405645,1,Laura Terruso,Laura Terruso,Directing,2025-03-02 01:14:54.379063+00:00,2025-03-04 07:00:03.914845+00:00
1202063,1,Ninja Thyberg,Ninja Thyberg,Directing,2025-03-02 01:14:54.379063+00:00,2025-03-04 07:00:03.914845+00:00
293911,2,Scott Waugh,Scott Waugh,Directing,2025-03-02 01:14:54.379063+00:00,2025-03-04 07:00:03.914845+00:00
2552254,2,Lester Hsi,Lester Hsi,Directing,2025-03-02 01:14:54.379063+00:00,2025-03-04 07:00:03.914845+00:00
2263272,2,SK Dale,SK Dale,Directing,2025-03-02 01:14:54.379063+00:00,2025-03-04 07:00:03.914845+00:00
1092244,2,Chang Yi,Chang Yi,Directing,2025-03-02 01:14:54.379063+00:00,2025-03-04 07:00:03.914845+00:00
1305933,2,Tetsuichirô Tsuta,蔦哲一朗,Directing,2025-03-02 01:14:54.379063+00:00,2025-03-04 07:00:03.914845+00:00
3820182,2,Mstyslav Chernov,Mstyslav Chernov,Directing,2025-03-02 01:14:54.379063+00:00,2025-03-04 07:00:03.914845+00:00
70103,2,Fumihiko Sori,曽利文彦,Directing,2025-03-02 01:14:54.379063+00:00,2025-03-04 07:00:03.914845+00:00
3643739,2,Tzu-Yang Chen,陳子揚,Directing,2025-03-02 01:14:54.379063+00:00,2025-03-04 07:00:03.914845+00:00
59026,2,Peyton Reed,Peyton Reed,Directing,2025-03-02 09:35:42.269341+00:00,2025-03-04 07:00:03.914845+00:00
93991,2,Soi Cheang,鄭保瑞,Directing,2025-03-02 01:14:54.379063+00:00,2025-03-04 07:00:03.914845+00:00
587672,2,Min Yong-keun,Min Yong-keun,Directing,2025-03-02 01:14:54.379063+00:00,2025-03-04 07:00:03.914845+00:00
1402420,2,Louis-Julien Petit,Louis-Julien Petit,Directing,2025-03-02 01:14:54.379063+00:00,2025-03-04 07:00:03.914845+00:00
1731913,2,Park Beom-su,Park Beom-su,Directing,2025-03-02 01:14:54.379063+00:00,2025-03-04 07:00:03.914845+00:00
146438,2,Bertrand Bonello,Bertrand Bonello,Directing,2025-03-02 01:14:54.379063+00:00,2025-03-04 07:00:03.914845+00:00
150475,0,Hui-Chin Lin,Hui-Chin Lin,Production,2025-03-02 01:14:54.379063+00:00,2025-03-04 07:00:03.914845+00:00
57810,2,Richard Claus,Richard Claus,Production,2025-03-02 01:14:54.379063+00:00,2025-03-04 07:00:03.914845+00:00
2824501,0,Hin Yan Wong,Hin Yan Wong,Sound,2025-03-02 01:14:54.379063+00:00,2025-03-04 07:00:03.914845+00:00
1034086,1,Phyllis Nagy,Phyllis Nagy,Writing,2025-03-02 01:14:54.379063+00:00,2025-03-04 07:00:03.914845+00:00
236889,1,Rebecca Zlotowski,Rebecca Zlotowski,Writing,2025-03-02 01:14:54.379063+00:00,2025-03-04 07:00:03.914845+00:00
3650167,1,Selcen Ergun,Selcen Ergun,Writing,2025-03-02 01:14:54.379063+00:00,2025-03-04 07:00:03.914845+00:00
134812,2,Masao Adachi,足立正生,Writing,2025-03-02 01:14:54.379063+00:00,2025-03-04 07:00:03.914845+00:00
4849577,0,Wyatt Yang,Wyatt Yang,Acting,2025-03-02 01:14:54.379063+00:00,2025-03-04 07:00:03.914845+00:00
1541087,0,Adrian Heung,Adrian Heung,Acting,2025-03-02 01:14:54.379063+00:00,2025-03-04 07:00:03.914845+00:00
3355329,0,Embla Ingelman-Sundberg,Embla Ingelman-Sundberg,Acting,2025-03-02 01:14:54.379063+00:00,2025-03-04 07:00:03.914845+00:00
3887329,0,Saori Gurza,Saori Gurza,Acting,2025-03-02 01:14:54.379063+00:00,2025-03-04 07:00:03.914845+00:00
4408439,0,Shion Matsufuji,松藤史恩,Acting,2025-03-02 01:14:54.379063+00:00,2025-03-04 07:00:03.914845+00:00
4744199,0,楊奉琛,楊奉琛,Acting,2025-03-02 01:14:54.379063+00:00,2025-03-04 07:00:03.914845+00:00
3876844,0,Joel Burke,Joel Burke,Acting,2025-03-02 01:14:54.379063+00:00,2025-03-04 07:00:03.914845+00:00
3119774,0,Junichi Tsujita,Junichi Tsujita,Acting,2025-03-02 01:14:54.379063+00:00,2025-03-04 07:00:03.914845+00:00
3236472,0,Soheil Bavi,Soheil Bavi,Acting,2025-03-02 01:14:54.379063+00:00,2025-03-04 07:00:03.914845+00:00
4469723,0,Liu Waitong,Liu Waitong,Acting,2025-03-02 01:14:54.379063+00:00,2025-03-04 07:00:03.914845+00:00
3387485,0,Yannick Kalombo,Yannick Kalombo,Acting,2025-03-02 01:14:54.379063+00:00,2025-03-04 07:00:03.914845+00:00
3626203,0,Louise Mauroy-Panzani,Louise Mauroy-Panzani,Acting,2025-03-02 01:14:54.379063+00:00,2025-03-04 07:00:03.914845+00:00
2907001,0,Lola Raie,Lola Raie,Acting,2025-03-02 01:14:54.379063+00:00,2025-03-04 07:00:03.914845+00:00
1065764,0,Jiaqi Jiang,Jiaqi Jiang,Acting,2025-03-02 01:14:54.379063+00:00,2025-03-04 07:00:03.914845+00:00
3345114,1,Yu-Fang Chen,陳幼芳,Acting,2025-03-02 01:14:54.379063+00:00,2025-03-04 07:00:03.914845+00:00
1032682,1,Fumi Dan,檀ふみ,Acting,2025-03-02 01:14:54.379063+00:00,2025-03-04 07:00:03.914845+00:00
545825,1,Shinobu Ôtake,大竹しのぶ,Acting,2025-03-02 01:14:54.379063+00:00,2025-03-04 07:00:03.914845+00:00
1201628,1,Yootha Wong-Loi-Sing,Yootha Wong-Loi-Sing,Acting,2025-03-02 01:14:54.379063+00:00,2025-03-04 07:00:03.914845+00:00
27084,1,Yu Nan,Yu Nan,Acting,2025-03-02 01:14:54.379063+00:00,2025-03-04 07:00:03.914845+00:00
1495356,1,Julia Goldberg,Julia Goldberg,Acting,2025-03-02 01:14:54.379063+00:00,2025-03-04 07:00:03.914845+00:00
1242005,1,Yuka Iguchi,井口裕香,Acting,2025-03-02 01:14:54.379063+00:00,2025-03-04 07:00:03.914845+00:00
1792563,1,Nanako Mori,森なな子,Acting,2025-03-02 01:14:54.379063+00:00,2025-03-04 07:00:03.914845+00:00
47071,1,Kajsa Ernst,Kajsa Ernst,Acting,2025-03-02 01:14:54.379063+00:00,2025-03-04 07:00:03.914845+00:00
237319,1,Shoko Takada,高田聖子,Acting,2025-03-02 01:14:54.379063+00:00,2025-03-04 07:00:03.914845+00:00
59900,1,Svetlana Ivanova,Светлана Иванова,Acting,2025-03-02 01:14:54.379063+00:00,2025-03-04 07:00:03.914845+00:00
958,1,Candela Peña,Candela Peña,Acting,2025-03-02 01:14:54.379063+00:00,2025-03-04 07:00:03.914845+00:00
1575171,1,Wu Fu-Sheng,Wu Fu-Sheng,Acting,2025-03-02 01:14:54.379063+00:00,2025-03-04 07:00:03.914845+00:00
23931,1,Mira Sorvino,Mira Sorvino,Acting,2025-03-02 01:14:54.379063+00:00,2025-03-04 07:00:03.914845+00:00
2524580,1,Rinka Otani,大谷凜香,Acting,2025-03-02 01:14:54.379063+00:00,2025-03-04 07:00:03.914845+00:00
1246,1,Emily Mortimer,Emily Mortimer,Acting,2025-03-02 01:14:54.379063+00:00,2025-03-04 07:00:03.914845+00:00
1396912,1,Cristiana Dell'Anna,Cristiana Dell'Anna,Acting,2025-03-02 01:14:54.379063+00:00,2025-03-04 07:00:03.914845+00:00
1349186,1,Xu Shouli,Xu Shouli,Acting,2025-03-02 01:14:54.379063+00:00,2025-03-04 07:00:03.914845+00:00
1639,1,Emily Watson,Emily Watson,Acting,2025-03-02 01:14:54.379063+00:00,2025-03-04 07:00:03.914845+00:00
2873063,1,Lydia Bai,Lydia Bai,Acting,2025-03-02 01:14:54.379063+00:00,2025-03-04 07:00:03.914845+00:00
19589,1,Mari Natsuki,夏木マリ,Acting,2025-03-02 01:14:54.379063+00:00,2025-03-04 07:00:03.914845+00:00
1488361,1,Airi Matsui,松井愛莉,Acting,2025-03-02 01:14:54.379063+00:00,2025-03-04 07:00:03.914845+00:00
17882,1,Isabelle Huppert,Isabelle Huppert,Acting,2025-03-02 01:14:54.379063+00:00,2025-03-04 07:00:03.914845+00:00
2038102,1,Komuai,コムアイ,Acting,2025-03-02 01:14:54.379063+00:00,2025-03-04 07:00:03.914845+00:00
1392137,1,Margaret Qualley,Margaret Qualley,Acting,2025-03-02 01:14:54.379063+00:00,2025-03-04 07:00:03.914845+00:00
1868823,1,Rose Matafeo,Rose Matafeo,Acting,2025-03-02 01:14:54.379063+00:00,2025-03-04 07:00:03.914845+00:00
83526,1,Haruka Ayase,綾瀬はるか,Acting,2025-03-02 01:14:54.379063+00:00,2025-03-04 07:00:03.914845+00:00
3439595,1,Lee Seo-young,Lee Seo-young,Acting,2025-03-02 01:14:54.379063+00:00,2025-03-04 07:00:03.914845+00:00
1859934,1,Tati Gabrielle,Tati Gabrielle,Acting,2025-03-02 01:14:54.379063+00:00,2025-03-04 07:00:03.914845+00:00
2223752,1,Simone Ashley,Simone Ashley,Acting,2025-03-02 01:14:54.379063+00:00,2025-03-04 07:00:03.914845+00:00
1704640,1,Brooklynn Prince,Brooklynn Prince,Acting,2025-03-02 01:14:54.379063+00:00,2025-03-04 07:00:03.914845+00:00
78349,1,Tomoko Yamaguchi,山口智子,Acting,2025-03-02 01:14:54.379063+00:00,2025-03-04 07:00:03.914845+00:00
18228,1,Juliet Berto,Juliet Berto,Acting,2025-03-02 01:14:54.379063+00:00,2025-03-04 07:00:03.914845+00:00
2948491,1,Kaylee Hottle,Kaylee Hottle,Acting,2025-03-02 09:35:42.269341+00:00,2025-03-04 07:00:03.914845+00:00
1550351,1,Chhaya Kadam,छाया कदम,Acting,2025-03-02 01:14:54.379063+00:00,2025-03-04 07:00:03.914845+00:00
2024067,1,Serena Motola,モトーラ世理奈,Acting,2025-03-02 01:14:54.379063+00:00,2025-03-04 07:00:03.914845+00:00
1253550,1,Shizuka Kudo,工藤静香,Acting,2025-03-02 01:14:54.379063+00:00,2025-03-04 07:00:03.914845+00:00
2088068,1,Lee Ji-hyun,이지현,Acting,2025-03-02 01:14:54.379063+00:00,2025-03-04 07:00:03.914845+00:00
1552970,1,Park Hyun-suk,박현숙,Acting,2025-03-02 01:14:54.379063+00:00,2025-03-04 07:00:03.914845+00:00
140,1,Lucy Liu,Lucy Liu,Acting,2025-03-02 01:14:54.379063+00:00,2025-03-04 07:00:03.914845+00:00
82352,1,Lene Maria Christensen,Lene Maria Christensen,Acting,2025-03-02 01:14:54.379063+00:00,2025-03-04 07:00:03.914845+00:00
13253,1,Kyoko Fukada,深田恭子,Acting,2025-03-02 01:14:54.379063+00:00,2025-03-04 07:00:03.914845+00:00
310173,1,Meika Seri,芹明香,Acting,2025-03-02 01:14:54.379063+00:00,2025-03-04 07:00:03.914845+00:00
2073513,1,Megan Suri,Megan Suri,Acting,2025-03-02 01:14:54.379063+00:00,2025-03-04 07:00:03.914845+00:00
70627,1,Nobuko Miyamoto,宮本信子,Acting,2025-03-02 01:14:54.379063+00:00,2025-03-04 07:00:03.914845+00:00
559413,1,Ai Hashimoto,橋本愛,Acting,2025-03-02 01:14:54.379063+00:00,2025-03-04 07:00:03.914845+00:00
1765235,1,Yu Han Lien,連俞涵,Acting,2025-03-02 01:14:54.379063+00:00,2025-03-04 07:00:03.914845+00:00
1114063,1,Sofía Oria,Sofía Oria,Acting,2025-03-02 01:14:54.379063+00:00,2025-03-04 07:00:03.914845+00:00
19144,1,Shannen Doherty,Shannen Doherty,Acting,2025-03-02 01:14:54.379063+00:00,2025-03-04 07:00:03.914845+00:00
1813253,1,Angela Yuen,Angela Yuen,Acting,2025-03-02 01:14:54.379063+00:00,2025-03-04 07:00:03.914845+00:00
55664,1,Chika Sakamoto,坂本千夏,Acting,2025-03-02 01:14:54.379063+00:00,2025-03-04 07:00:03.914845+00:00
2140108,1,He Landou,何藍逗,Acting,2025-03-02 01:14:54.379063+00:00,2025-03-04 07:00:03.914845+00:00
2418367,1,Sangeetha Sringeri,Sangeetha Sringeri,Acting,2025-03-02 01:14:54.379063+00:00,2025-03-04 07:00:03.914845+00:00
2045545,1,Lisa Ambalavanar,Lisa Ambalavanar,Acting,2025-03-02 01:14:54.379063+00:00,2025-03-04 07:00:03.914845+00:00
2316178,2,Shih Ming-shuai,Ming-Shuai Shih,Acting,2025-03-02 01:14:54.379063+00:00,2025-03-04 07:00:03.914845+00:00
975976,2,Francisco Reyes,Francisco Reyes,Acting,2025-03-02 01:14:54.379063+00:00,2025-03-04 07:00:03.914845+00:00
4926200,2,Yang Jhuo-Ray,Yang Jhuo-Ray,Acting,2025-03-02 01:14:54.379063+00:00,2025-03-04 07:00:03.914845+00:00
114307,2,Ryuya Wakaba,若葉竜也,Acting,2025-03-02 01:14:54.379063+00:00,2025-03-04 07:00:03.914845+00:00
1258444,2,Akio Chen,陳慕義,Acting,2025-03-02 01:14:54.379063+00:00,2025-03-04 07:00:03.914845+00:00
16972,2,Sergi López,Sergi López,Acting,2025-03-02 01:14:54.379063+00:00,2025-03-04 07:00:03.914845+00:00
3749473,2,Shang-ting Chung,Shang-ting Chung,Acting,2025-03-02 01:14:54.379063+00:00,2025-03-04 07:00:03.914845+00:00
85226,2,Tudor Aaron Istodor,Tudor Aaron Istodor,Acting,2025-03-02 01:14:54.379063+00:00,2025-03-04 07:00:03.914845+00:00
907352,2,Thomas Schubert,Thomas Schubert,Acting,2025-03-02 01:14:54.379063+00:00,2025-03-04 07:00:03.914845+00:00
28848,2,Sean Pertwee,Sean Pertwee,Acting,2025-03-02 01:14:54.379063+00:00,2025-03-04 07:00:03.914845+00:00
126719,2,Jack Yao,姚淳耀,Acting,2025-03-02 01:14:54.379063+00:00,2025-03-04 07:00:03.914845+00:00
1196041,2,Rohan Campbell,Rohan Campbell,Acting,2025-03-02 01:14:54.379063+00:00,2025-03-04 07:00:03.914845+00:00
1173223,2,Danny Chan Kwok-Kwan,陳國坤,Acting,2025-03-02 01:14:54.379063+00:00,2025-03-04 07:00:03.914845+00:00
81244,2,Akira Ishida,石田彰,Acting,2025-03-02 01:14:54.379063+00:00,2025-03-04 07:00:03.914845+00:00
1277308,2,Park In-hwan,박인환,Acting,2025-03-02 01:14:54.379063+00:00,2025-03-04 07:00:03.914845+00:00
127566,2,Lee Ki-woo,이기우,Acting,2025-03-02 01:14:54.379063+00:00,2025-03-04 07:00:03.914845+00:00
132739,2,Jordan Chan Siu-Chun,陳小春,Acting,2025-03-02 01:14:54.379063+00:00,2025-03-04 07:00:03.914845+00:00
4643864,2,Bryan Doo,Bryan Doo,Acting,2025-03-02 01:14:54.379063+00:00,2025-03-04 07:00:03.914845+00:00
1069634,2,Arnaud Ducret,Arnaud Ducret,Acting,2025-03-02 01:14:54.379063+00:00,2025-03-04 07:00:03.914845+00:00
5649,2,Christoph Maria Herbst,Christoph Maria Herbst,Acting,2025-03-02 01:14:54.379063+00:00,2025-03-04 07:00:03.914845+00:00
63564,2,Nels Lennarson,Nels Lennarson,Acting,2025-03-02 01:14:54.379063+00:00,2025-03-04 07:00:03.914845+00:00
1223043,2,Gallen Lo Ka-Leung,羅嘉良,Acting,2025-03-02 01:14:54.379063+00:00,2025-03-04 07:00:03.914845+00:00
1382466,2,Cyril Garnier,Cyril Garnier,Acting,2025-03-02 01:14:54.379063+00:00,2025-03-04 07:00:03.914845+00:00
18229,2,Michel Semeniako,Michel Semeniako,Acting,2025-03-02 01:14:54.379063+00:00,2025-03-04 07:00:03.914845+00:00
124993,2,Chen Minghao,Chen Minghao,Acting,2025-03-02 01:14:54.379063+00:00,2025-03-04 07:00:03.914845+00:00
110388,2,Kim Nam-gil,김남길,Acting,2025-03-02 01:14:54.379063+00:00,2025-03-04 07:00:03.914845+00:00
234641,2,Hiroyuki Ikeuchi,池内博之,Acting,2025-03-02 01:14:54.379063+00:00,2025-03-04 07:00:03.914845+00:00
987587,2,Stephen Au Kam-Tong,歐錦棠,Acting,2025-03-02 01:14:54.379063+00:00,2025-03-04 07:00:03.914845+00:00
1674206,2,Laurence Ubong Williams,Laurence Ubong Williams,Acting,2025-03-02 01:14:54.379063+00:00,2025-03-04 07:00:03.914845+00:00
1971814,2,Jun Kasama,笠間淳,Acting,2025-03-02 01:14:54.379063+00:00,2025-03-04 07:00:03.914845+00:00
1597365,2,Joseph Quinn,Joseph Quinn,Acting,2025-03-02 01:14:54.379063+00:00,2025-03-04 07:00:03.914845+00:00
1859007,2,Félix Lefebvre,Félix Lefebvre,Acting,2025-03-02 01:14:54.379063+00:00,2025-03-04 07:00:03.914845+00:00
1584816,2,Lee Gyu-chang,이규창,Acting,2025-03-02 01:14:54.379063+00:00,2025-03-04 07:00:03.914845+00:00
76931,2,Kiichi Nakai,中井貴一,Acting,2025-03-02 01:14:54.379063+00:00,2025-03-04 07:00:03.914845+00:00
17402,2,Ron Livingston,Ron Livingston,Acting,2025-03-02 01:14:54.379063+00:00,2025-03-04 07:00:03.914845+00:00
2023016,2,Jack Tan,Jack Tan,Acting,2025-03-02 01:14:54.379063+00:00,2025-03-04 07:00:03.914845+00:00
58449,2,Fumiyo Kohinata,小日向文世,Acting,2025-03-02 01:14:54.379063+00:00,2025-03-04 07:00:03.914845+00:00
2166,2,Sergio Castellitto,Sergio Castellitto,Acting,2025-03-02 01:14:54.379063+00:00,2025-03-04 07:00:03.914845+00:00
1223316,2,Cho Jung-seok,조정석,Acting,2025-03-02 01:14:54.379063+00:00,2025-03-04 07:00:03.914845+00:00
3068939,2,Hussein Hassan Ali,Hussein Hassan Ali,Acting,2025-03-02 01:14:54.379063+00:00,2025-03-04 07:00:03.914845+00:00
2435471,2,Moh Iqbal Sulaiman,Moh Iqbal Sulaiman,Acting,2025-03-02 01:14:54.379063+00:00,2025-03-04 07:00:03.914845+00:00
1012320,2,Kai Ko,柯震東,Acting,2025-03-02 01:14:54.379063+00:00,2025-03-04 07:00:03.914845+00:00
4785,2,Jeff Goldblum,Jeff Goldblum,Acting,2025-03-02 01:14:54.379063+00:00,2025-03-04 07:00:03.914845+00:00
1206334,2,Josh O'Connor,Josh O'Connor,Acting,2025-03-02 01:14:54.379063+00:00,2025-03-04 07:00:03.914845+00:00
514,2,Jack Nicholson,Jack Nicholson,Acting,2025-03-02 01:14:54.379063+00:00,2025-03-04 07:00:03.914845+00:00
2784795,2,Genta Nakamura,中村源太,Acting,2025-03-02 01:14:54.379063+00:00,2025-03-04 07:00:03.914845+00:00
135944,2,Alexandre Willaume,Alexandre Willaume,Acting,2025-03-02 01:14:54.379063+00:00,2025-03-04 07:00:03.914845+00:00
2035488,2,Son Suk-ku,손석구,Acting,2025-03-02 01:14:54.379063+00:00,2025-03-04 07:00:03.914845+00:00
23659,2,Will Ferrell,Will Ferrell,Acting,2025-03-02 01:14:54.379063+00:00,2025-03-04 07:00:03.914845+00:00
20327,2,Tarô Suwa,諏訪太朗,Acting,2025-03-02 01:14:54.379063+00:00,2025-03-04 07:00:03.914845+00:00
1173383,2,Shaun Tam Chun-Yin,Shaun Tam Chun-Yin,Acting,2025-03-02 01:14:54.379063+00:00,2025-03-04 07:00:03.914845+00:00
3173736,2,Mara Cissé,Mara Cissé,Acting,2025-03-02 01:14:54.379063+00:00,2025-03-04 07:00:03.914845+00:00
72873,2,Michael Stuhlbarg,Michael Stuhlbarg,Acting,2025-03-02 01:14:54.379063+00:00,2025-03-04 07:00:03.914845+00:00
234070,2,Harold Torres,Harold Torres,Acting,2025-03-02 01:14:54.379063+00:00,2025-03-04 07:00:03.914845+00:00
2349355,2,Michele Morrone,Michele Morrone,Acting,2025-03-02 01:14:54.379063+00:00,2025-03-04 07:00:03.914845+00:00
2820853,2,Riadh Belaïche,Riadh Belaïche,Acting,2025-03-02 01:14:54.379063+00:00,2025-03-04 07:00:03.914845+00:00
3905,2,William H. Macy,William H. Macy,Acting,2025-03-02 01:14:54.379063+00:00,2025-03-04 07:00:03.914845+00:00
2542,2,Kazuki Kitamura,北村一輝,Acting,2025-03-02 01:14:54.379063+00:00,2025-03-04 07:00:03.914845+00:00
1378375,2,Philipp Avdeev,Филипп Авдеев,Acting,2025-03-02 01:14:54.379063+00:00,2025-03-04 07:00:03.914845+00:00
500,2,Tom Cruise,Tom Cruise,Acting,2025-03-02 01:14:54.379063+00:00,2025-03-04 07:00:03.914845+00:00
4391,2,Charles Dance,Charles Dance,Acting,2025-03-02 01:14:54.379063+00:00,2025-03-04 07:00:03.914845+00:00
1300135,2,Deniz Celiloğlu,Deniz Celiloğlu,Acting,2025-03-02 01:14:54.379063+00:00,2025-03-04 07:00:03.914845+00:00
1015727,2,Jun Hashimoto,橋本じゅん,Acting,2025-03-02 01:14:54.379063+00:00,2025-03-04 07:00:03.914845+00:00
2450028,2,Jeff Satur,วรกมล ซาเตอร์,Acting,2025-03-02 01:14:54.379063+00:00,2025-03-04 07:00:03.914845+00:00
137691,2,Indrek Sammul,Indrek Sammul,Acting,2025-03-02 01:14:54.379063+00:00,2025-03-04 07:00:03.914845+00:00
1793046,2,Kim Do-yoon,김도윤,Acting,2025-03-02 01:14:54.379063+00:00,2025-03-04 07:00:03.914845+00:00
132157,3,Ezra Miller,Ezra Miller,Acting,2025-03-02 01:14:54.379063+00:00,2025-03-04 07:00:03.914845+00:00
2882166,0,Bruce Chiu,Bruce Chiu,Directing,2025-03-02 01:14:54.379063+00:00,2025-03-04 07:00:03.914845+00:00
565392,0,Park Dong-hun,Park Dong-hun,Directing,2025-03-02 01:14:54.379063+00:00,2025-03-04 07:00:03.914845+00:00
2962359,0,Zhang Zhihong,Zhang Zhihong,Directing,2025-03-02 01:14:54.379063+00:00,2025-03-04 07:00:03.914845+00:00
3815825,0,Lee Ye-ji,이예지,Directing,2025-03-02 01:14:54.379063+00:00,2025-03-04 07:00:03.914845+00:00
4204183,0,Stephen Gray,Stephen Gray,Directing,2025-03-02 01:14:54.379063+00:00,2025-03-04 07:00:03.914845+00:00
628,2,Isao Takahata,高畑勲,Directing,2025-03-02 01:14:54.379063+00:00,2025-03-04 07:00:03.914845+00:00
1180660,2,Peter Bebjak,Peter Bebjak,Directing,2025-03-02 01:14:54.379063+00:00,2025-03-04 07:00:03.914845+00:00
2421086,2,Jhi-Han Yu,Jhi-Han Yu,Directing,2025-03-02 01:14:54.379063+00:00,2025-03-04 07:00:03.914845+00:00
2223841,2,Sho Miyake,三宅唱,Directing,2025-03-02 01:14:54.379063+00:00,2025-03-04 07:00:03.914845+00:00
124640,2,Koji Shiraishi,白石晃士,Directing,2025-03-02 01:14:54.379063+00:00,2025-03-04 07:00:03.914845+00:00
1481756,2,Naoyuki Tatsuwa,龍輪直征,Directing,2025-03-02 01:14:54.379063+00:00,2025-03-04 07:00:03.914845+00:00
1730474,2,Chan Tze-Woon,Chan Tze-Woon,Directing,2025-03-02 01:14:54.379063+00:00,2025-03-04 07:00:03.914845+00:00
7270,2,Adrian Lyne,Adrian Lyne,Directing,2025-03-02 01:14:54.379063+00:00,2025-03-04 07:00:03.914845+00:00
130459,2,Tōya Satō,佐藤東弥,Directing,2025-03-02 01:14:54.379063+00:00,2025-03-04 07:00:03.914845+00:00
2411247,2,Tommy Dewo,Tommy Dewo,Directing,2025-03-02 01:14:54.379063+00:00,2025-03-04 07:00:03.914845+00:00
932980,2,Kōzō Kusuba,楠葉宏三,Directing,2025-03-02 01:14:54.379063+00:00,2025-03-04 07:00:03.914845+00:00
3473917,2,Sathanapong Limwongthong,Nob Sathanapong Limwongthong,Directing,2025-03-02 01:14:54.379063+00:00,2025-03-04 07:00:03.914845+00:00
480530,2,Kim Sun,Kim Sun,Directing,2025-03-02 01:14:54.379063+00:00,2025-03-04 07:00:03.914845+00:00
1059129,2,Han Jae-rim,한재림,Directing,2025-03-02 01:14:54.379063+00:00,2025-03-04 07:00:03.914845+00:00
26481,2,Anand Tucker,Anand Tucker,Directing,2025-03-02 01:14:54.379063+00:00,2025-03-04 07:00:03.914845+00:00
4387,2,François Ozon,François Ozon,Directing,2025-03-02 01:14:54.379063+00:00,2025-03-04 07:00:03.914845+00:00
11614,2,M. Night Shyamalan,M. Night Shyamalan,Directing,2025-03-02 01:14:54.379063+00:00,2025-03-04 07:00:03.914845+00:00
1143699,2,Daniel Chan Yee-Heng,Daniel Chan Yee-Heng,Directing,2025-03-02 01:14:54.379063+00:00,2025-03-04 07:00:03.914845+00:00
1052055,2,Randall Okita,Randall Okita,Directing,2025-03-02 01:14:54.379063+00:00,2025-03-04 07:00:03.914845+00:00
1087245,2,Drew Hancock,Drew Hancock,Directing,2025-03-02 01:14:54.379063+00:00,2025-03-04 07:00:03.914845+00:00
1494070,0,Cécile Ducrocq,Cécile Ducrocq,Writing,2025-03-02 01:14:54.379063+00:00,2025-03-04 07:00:03.914845+00:00
81118,2,Emmanuel Carrère,Emmanuel Carrère,Writing,2025-03-02 01:14:54.379063+00:00,2025-03-04 07:00:03.914845+00:00
83858,2,Simon Barrett,Simon Barrett,Writing,2025-03-02 01:14:54.379063+00:00,2025-03-04 07:00:03.914845+00:00
4312759,0,Alessia Yoko Fontana,Alessia Yoko Fontana,Acting,2025-03-02 01:14:54.379063+00:00,2025-03-04 07:00:03.914845+00:00
2978946,0,Neko Bao Tien,Neko Bao Tien,Acting,2025-03-02 01:14:54.379063+00:00,2025-03-04 07:00:03.914845+00:00
1923820,0,Noghre Asadi,Noghre Asadi,Acting,2025-03-02 01:14:54.379063+00:00,2025-03-04 07:00:03.914845+00:00
60654,0,Mădălina Constantin,Mădălina Constantin,Acting,2025-03-02 01:14:54.379063+00:00,2025-03-04 07:00:03.914845+00:00
58856,0,Tenzin Thuthob Tsarong,Tenzin Thuthob Tsarong,Acting,2025-03-02 01:14:54.379063+00:00,2025-03-04 07:00:03.914845+00:00
3268864,0,Fardin Mijdzadeh,Fardin Mijdzadeh,Acting,2025-03-02 01:14:54.379063+00:00,2025-03-04 07:00:03.914845+00:00
3887362,0,Toumor Xiong,Toumor Xiong,Acting,2025-03-02 01:14:54.379063+00:00,2025-03-04 07:00:03.914845+00:00
3648909,0,Haodong Lan,Haodong Lan,Acting,2025-03-02 01:14:54.379063+00:00,2025-03-04 07:00:03.914845+00:00
4042895,0,Phornloet Phiphatrungrueang,Phornloet Phiphatrungrueang,Acting,2025-03-02 01:14:54.379063+00:00,2025-03-04 07:00:03.914845+00:00
4256300,0,Jean-Paul Hazan,Jean-Paul Hazan,Acting,2025-03-02 01:14:54.379063+00:00,2025-03-04 07:00:03.914845+00:00
3906144,0,Anna Ieong,Anna Ieong,Acting,2025-03-02 01:14:54.379063+00:00,2025-03-04 07:00:03.914845+00:00
3086855,0,Sierra Maltby,Sierra Maltby,Acting,2025-03-02 01:14:54.379063+00:00,2025-03-04 07:00:03.914845+00:00
96961,0,Dada Ji,Dada Ji,Acting,2025-03-02 01:14:54.379063+00:00,2025-03-04 07:00:03.914845+00:00
1741323,1,Nanase Nishino,西野七瀬,Acting,2025-03-02 01:14:54.379063+00:00,2025-03-04 07:00:03.914845+00:00
1251592,1,Alyssa Chia,賈靜雯,Acting,2025-03-02 01:14:54.379063+00:00,2025-03-04 07:00:03.914845+00:00
59860,1,Alice Eve,Alice Eve,Acting,2025-03-02 01:14:54.379063+00:00,2025-03-04 07:00:03.914845+00:00
1576235,1,Riho Yoshioka,吉岡里帆,Acting,2025-03-02 01:14:54.379063+00:00,2025-03-04 07:00:03.914845+00:00
1113205,1,Joanna Liszowska,Joanna Liszowska,Acting,2025-03-02 01:14:54.379063+00:00,2025-03-04 07:00:03.914845+00:00
2547327,1,Sonia Yuan,袁子芸,Acting,2025-03-02 01:14:54.379063+00:00,2025-03-04 07:00:03.914845+00:00
65354,1,Yang Kuei-mei,楊貴媚,Acting,2025-03-02 01:14:54.379063+00:00,2025-03-04 07:00:03.914845+00:00
143595,1,Monia Chokri,Monia Chokri,Acting,2025-03-02 01:14:54.379063+00:00,2025-03-04 07:00:03.914845+00:00
1366247,1,Hitomi Ohwada,大和田仁美,Acting,2025-03-02 01:14:54.379063+00:00,2025-03-04 07:00:03.914845+00:00
55085,1,Amber Heard,Amber Heard,Acting,2025-03-02 01:14:54.379063+00:00,2025-03-04 07:00:03.914845+00:00
239920,1,Yle Vianello,Yile Vianello,Acting,2025-03-02 01:14:54.379063+00:00,2025-03-04 07:00:03.914845+00:00
15122,1,Sophie Rois,Sophie Rois,Acting,2025-03-02 01:14:54.379063+00:00,2025-03-04 07:00:03.914845+00:00
3616289,1,Heme Liao,Heme Liao,Acting,2025-03-02 01:14:54.379063+00:00,2025-03-04 07:00:03.914845+00:00
1036879,1,Felice Jankell,Felice Jankell,Acting,2025-03-02 01:14:54.379063+00:00,2025-03-04 07:00:03.914845+00:00
2608181,1,Yao Honggui,姚紅貴,Acting,2025-03-02 01:14:54.379063+00:00,2025-03-04 07:00:03.914845+00:00
1960999,1,Sara Minami,南沙良,Acting,2025-03-02 01:14:54.379063+00:00,2025-03-04 07:00:03.914845+00:00
2023708,1,Honami Sato,ほな・いこか,Acting,2025-03-02 01:14:54.379063+00:00,2025-03-04 07:00:03.914845+00:00
83746,1,Makiko Esumi,江角マキコ,Acting,2025-03-02 01:14:54.379063+00:00,2025-03-04 07:00:03.914845+00:00
1577669,1,Hong So-young,홍소영,Acting,2025-03-02 01:14:54.379063+00:00,2025-03-04 07:00:03.914845+00:00
5024,1,Marie Richardson,Marie Richardson,Acting,2025-03-02 01:14:54.379063+00:00,2025-03-04 07:00:03.914845+00:00
27125,1,Molly Parker,Molly Parker,Acting,2025-03-02 01:14:54.379063+00:00,2025-03-04 07:00:03.914845+00:00
1620,1,Michelle Yeoh,Michelle Yeoh,Acting,2025-03-02 01:14:54.379063+00:00,2025-03-04 07:00:03.914845+00:00
1592855,1,Madelaine Petsch,Madelaine Petsch,Acting,2025-03-02 01:14:54.379063+00:00,2025-03-04 07:00:03.914845+00:00
126485,1,Yumiko Kobayashi,小林由美子,Acting,2025-03-02 01:14:54.379063+00:00,2025-03-04 07:00:03.914845+00:00
3014800,1,Ariel Donoghue,Ariel Donoghue,Acting,2025-03-02 01:14:54.379063+00:00,2025-03-04 07:00:03.914845+00:00
143975,1,Elena Shulman,Elena Shulman,Acting,2025-03-02 01:14:54.379063+00:00,2025-03-04 07:00:03.914845+00:00
120932,1,Claire Foy,Claire Foy,Acting,2025-03-02 01:14:54.379063+00:00,2025-03-04 07:00:03.914845+00:00
3416,1,Demi Moore,Demi Moore,Acting,2025-03-02 01:14:54.379063+00:00,2025-03-04 07:00:03.914845+00:00
12671,1,Faye Wong,Faye Wong,Acting,2025-03-02 01:14:54.379063+00:00,2025-03-04 07:00:03.914845+00:00
2018504,1,Sena Nakajima,中島セナ,Acting,2025-03-02 01:14:54.379063+00:00,2025-03-04 07:00:03.914845+00:00
983929,1,Laure Calamy,Laure Calamy,Acting,2025-03-02 01:14:54.379063+00:00,2025-03-04 07:00:03.914845+00:00
118651,1,Chizuru Ikewaki,池脇千鶴,Acting,2025-03-02 01:14:54.379063+00:00,2025-03-04 07:00:03.914845+00:00
25258,1,Rossy de Palma,Rossy de Palma,Acting,2025-03-02 01:14:54.379063+00:00,2025-03-04 07:00:03.914845+00:00
2687762,1,Candy Yang,Candy Yang,Acting,2025-03-02 01:14:54.379063+00:00,2025-03-04 07:00:03.914845+00:00
6613,1,Minnie Driver,Minnie Driver,Acting,2025-03-02 01:14:54.379063+00:00,2025-03-04 07:00:03.914845+00:00
87243,1,Nicole Beharie,Nicole Beharie,Acting,2025-03-02 01:14:54.379063+00:00,2025-03-04 07:00:03.914845+00:00
1373212,1,Aoi Morikawa,森川葵,Acting,2025-03-02 01:14:54.379063+00:00,2025-03-04 07:00:03.914845+00:00
1671407,1,Kaya Kiyohara,清原果耶,Acting,2025-03-02 01:14:54.379063+00:00,2025-03-04 07:00:03.914845+00:00
158522,1,Alannah Ong,林小湛,Acting,2025-03-02 01:14:54.379063+00:00,2025-03-04 07:00:03.914845+00:00
2820864,1,Fatoumata Kaba,Fatoumata Kaba,Acting,2025-03-02 01:14:54.379063+00:00,2025-03-04 07:00:03.914845+00:00
1140989,1,Gigi Wong,Gigi Wong,Acting,2025-03-02 01:14:54.379063+00:00,2025-03-04 07:00:03.914845+00:00
524,1,Natalie Portman,Natalie Portman,Acting,2025-03-02 01:14:54.379063+00:00,2025-03-04 07:00:03.914845+00:00
1029285,1,Jehnny Beth,Jehnny Beth,Acting,2025-03-02 01:14:54.379063+00:00,2025-03-04 07:00:03.914845+00:00
975522,1,Rosalind Harris,Rosalind Harris,Acting,2025-03-02 01:14:54.379063+00:00,2025-03-04 07:00:03.914845+00:00
2079947,1,Ji an,Ji an,Acting,2025-03-02 01:14:54.379063+00:00,2025-03-04 07:00:03.914845+00:00
17647,1,Michelle Rodriguez,Michelle Rodriguez,Acting,2025-03-02 01:14:54.379063+00:00,2025-03-04 07:00:03.914845+00:00
1746244,1,Ricie Fun,Ricie Fun,Acting,2025-03-02 01:14:54.379063+00:00,2025-03-04 07:00:03.914845+00:00
1526694,1,Pooya Mohseni,Pooya Mohseni,Acting,2025-03-02 01:14:54.379063+00:00,2025-03-04 07:00:03.914845+00:00
1252318,1,IU,아이유,Acting,2025-03-02 01:14:54.379063+00:00,2025-03-04 07:00:03.914845+00:00
2449994,1,Amber Doig-Thorne,Amber Doig-Thorne,Acting,2025-03-02 01:14:54.379063+00:00,2025-03-04 07:00:03.914845+00:00
105871,1,Michela Cescon,Michela Cescon,Acting,2025-03-02 01:14:54.379063+00:00,2025-03-04 07:00:03.914845+00:00
1767250,1,Ariana Greenblatt,Ariana Greenblatt,Acting,2025-03-02 01:14:54.379063+00:00,2025-03-04 07:00:03.914845+00:00
1106956,1,Tamila Koulieva,Ταμίλα Κουλίεβα,Acting,2025-03-02 01:14:54.379063+00:00,2025-03-04 07:00:03.914845+00:00
937252,1,Miki Narahashi,ならはしみき,Acting,2025-03-02 01:14:54.379063+00:00,2025-03-04 07:00:03.914845+00:00
3645646,1,Kristen Cui,Kristen Cui,Acting,2025-03-02 01:14:54.379063+00:00,2025-03-04 07:00:03.914845+00:00
11395,2,Victor Wong,Victor Wong,Acting,2025-03-02 01:14:54.379063+00:00,2025-03-04 07:00:03.914845+00:00
1819918,2,John McCrea,John McCrea,Acting,2025-03-02 01:14:54.379063+00:00,2025-03-04 07:00:03.914845+00:00
28523,2,Dietrich Brüggemann,Dietrich Brüggemann,Acting,2025-03-02 01:14:54.379063+00:00,2025-03-04 07:00:03.914845+00:00
1244677,2,Martin Hofmann,Martin Hofmann,Acting,2025-03-02 01:14:54.379063+00:00,2025-03-04 07:00:03.914845+00:00
1846,2,André Hennicke,André Hennicke,Acting,2025-03-02 01:14:54.379063+00:00,2025-03-04 07:00:03.914845+00:00
2115854,2,Winslow Fegley,Winslow Fegley,Acting,2025-03-02 01:14:54.379063+00:00,2025-03-04 07:00:03.914845+00:00
3030319,2,Phakphum Romsaithong,ภาคภูมิ ร่มไทรทอง,Acting,2025-03-02 01:14:54.379063+00:00,2025-03-04 07:00:03.914845+00:00
1580996,2,Timethai,ธามไท,Acting,2025-03-02 01:14:54.379063+00:00,2025-03-04 07:00:03.914845+00:00
105422,2,Wong Yau-Nam,黃又南,Acting,2025-03-02 01:14:54.379063+00:00,2025-03-04 07:00:03.914845+00:00
2097348,2,Jaemin,재민,Acting,2025-03-02 01:14:54.379063+00:00,2025-03-04 07:00:03.914845+00:00
55937,2,David Fane,David Fane,Acting,2025-03-02 01:14:54.379063+00:00,2025-03-04 07:00:03.914845+00:00
4090408,2,Morishita Shion,Morishita Shion,Acting,2025-03-02 01:14:54.379063+00:00,2025-03-04 07:00:03.914845+00:00
3700455,2,Daffa Wardhana,Daffa Wardhana,Acting,2025-03-02 01:14:54.379063+00:00,2025-03-04 07:00:03.914845+00:00
2040630,2,Công Ninh,Công Ninh,Acting,2025-03-02 01:14:54.379063+00:00,2025-03-04 07:00:03.914845+00:00
3829,2,Jean-Paul Belmondo,Jean-Paul Belmondo,Acting,2025-03-02 01:14:54.379063+00:00,2025-03-04 07:00:03.914845+00:00
80461,2,Yu Jun-sang,유준상,Acting,2025-03-02 01:14:54.379063+00:00,2025-03-04 07:00:03.914845+00:00
139422,2,Tee Reel,Tee Reel,Acting,2025-03-02 01:14:54.379063+00:00,2025-03-04 07:00:03.914845+00:00
1738735,2,Shodai Fukuyama,福山翔大,Acting,2025-03-02 01:14:54.379063+00:00,2025-03-04 07:00:03.914845+00:00
65,2,Ian Holm,Ian Holm,Acting,2025-03-02 01:14:54.379063+00:00,2025-03-04 07:00:03.914845+00:00
1670085,2,Musab Ekici,Musab Ekici,Acting,2025-03-02 01:14:54.379063+00:00,2025-03-04 07:00:03.914845+00:00
40900,2,Mark Rylance,Mark Rylance,Acting,2025-03-02 01:14:54.379063+00:00,2025-03-04 07:00:03.914845+00:00
21127,2,Bobby Cannavale,Bobby Cannavale,Acting,2025-03-02 01:14:54.379063+00:00,2025-03-04 07:00:03.914845+00:00
3808,2,Liberto Rabal,Liberto Rabal,Acting,2025-03-02 01:14:54.379063+00:00,2025-03-04 07:00:03.914845+00:00
6104,2,Julian Sands,Julian Sands,Acting,2025-03-02 01:14:54.379063+00:00,2025-03-04 07:00:03.914845+00:00
83629,2,Tai Bo,太保,Acting,2025-03-02 01:14:54.379063+00:00,2025-03-04 07:00:03.914845+00:00
5853,2,Hans Löw,Hans Löw,Acting,2025-03-02 01:14:54.379063+00:00,2025-03-04 07:00:03.914845+00:00
1593672,2,Park Hae-soo,박해수,Acting,2025-03-02 01:14:54.379063+00:00,2025-03-04 07:00:03.914845+00:00
7693,2,François Berléand,François Berléand,Acting,2025-03-02 01:14:54.379063+00:00,2025-03-04 07:00:03.914845+00:00
88124,2,Jesse Plemons,Jesse Plemons,Acting,2025-03-02 01:14:54.379063+00:00,2025-03-04 07:00:03.914845+00:00
1452738,2,Dino Lee,Dino Lee,Acting,2025-03-02 01:14:54.379063+00:00,2025-03-04 07:00:03.914845+00:00
2604508,2,Park Yeon-woo,Park Yeon-woo,Acting,2025-03-02 01:14:54.379063+00:00,2025-03-04 07:00:03.914845+00:00
49278,2,Olivier Rabourdin,Olivier Rabourdin,Acting,2025-03-02 01:14:54.379063+00:00,2025-03-04 07:00:03.914845+00:00
1121,2,Benicio del Toro,Benicio del Toro,Acting,2025-03-02 01:14:54.379063+00:00,2025-03-04 07:00:03.914845+00:00
13275,2,Tadanobu Asano,浅野忠信,Acting,2025-03-02 01:14:54.379063+00:00,2025-03-04 07:00:03.914845+00:00
2534630,2,Kazuki Ura,浦和希,Acting,2025-03-02 01:14:54.379063+00:00,2025-03-04 07:00:03.914845+00:00
7486,2,Michael Wincott,Michael Wincott,Acting,2025-03-02 09:35:42.269341+00:00,2025-03-04 07:00:03.914845+00:00
2293429,2,Daisuke Sakuma,Daisuke Sakuma,Acting,2025-03-02 01:14:54.379063+00:00,2025-03-04 07:00:03.914845+00:00
2279389,2,Chiaki Kobayashi,小林千晃,Acting,2025-03-02 01:14:54.379063+00:00,2025-03-04 07:00:03.914845+00:00
2258883,2,Alireza Sanifar,Alireza Sanifar,Acting,2025-03-02 01:14:54.379063+00:00,2025-03-04 07:00:03.914845+00:00
5502,2,Bill Nunn,Bill Nunn,Acting,2025-03-02 01:14:54.379063+00:00,2025-03-04 07:00:03.914845+00:00
1735398,2,Yeung Lok-Man,楊樂文,Acting,2025-03-02 01:14:54.379063+00:00,2025-03-04 07:00:03.914845+00:00
2761308,2,David Jonsson,David Jonsson,Acting,2025-03-02 01:14:54.379063+00:00,2025-03-04 07:00:03.914845+00:00
1272465,2,Chookiat Iamsook,ชูเกียรติ เอี่ยมสุข,Acting,2025-03-02 01:14:54.379063+00:00,2025-03-04 07:00:03.914845+00:00
4257604,2,Tanakorn Tiyanont,ธนกร ติยานนท์,Acting,2025-03-02 01:14:54.379063+00:00,2025-03-04 07:00:03.914845+00:00
2831852,2,Chin-Yu Pan,潘親御,Acting,2025-03-02 01:14:54.379063+00:00,2025-03-04 07:00:03.914845+00:00
1536913,2,Ng Siu-Hin,Ng Siu-Hin,Acting,2025-03-02 01:14:54.379063+00:00,2025-03-04 07:00:03.914845+00:00
1324600,2,Fukujuro Katayama,片山福十郎,Acting,2025-03-02 01:14:54.379063+00:00,2025-03-04 07:00:03.914845+00:00
37154,2,John Magaro,John Magaro,Acting,2025-03-02 01:14:54.379063+00:00,2025-03-04 07:00:03.914845+00:00
1888574,2,Erol Babaoğlu,Erol Babaoğlu,Acting,2025-03-02 01:14:54.379063+00:00,2025-03-04 07:00:03.914845+00:00
68278,2,Peter Mensah,Peter Mensah,Acting,2025-03-02 01:14:54.379063+00:00,2025-03-04 07:00:03.914845+00:00
142019,2,Yayan Ruhian,Yayan Ruhian,Acting,2025-03-02 01:14:54.379063+00:00,2025-03-04 07:00:03.914845+00:00
2228194,2,Gianni Rosato,Gianni Rosato,Acting,2025-03-02 01:14:54.379063+00:00,2025-03-04 07:00:03.914845+00:00
335,2,Michael Shannon,Michael Shannon,Acting,2025-03-02 01:14:54.379063+00:00,2025-03-04 07:00:03.914845+00:00
78496,2,Ken Utsui,宇津井健,Acting,2025-03-02 01:14:54.379063+00:00,2025-03-04 07:00:03.914845+00:00
39390,2,Michael Kenneth Williams,Michael Kenneth Williams,Acting,2025-03-02 01:14:54.379063+00:00,2025-03-04 07:00:03.914845+00:00
2957,2,Alexander Siddig,Alexander Siddig,Acting,2025-03-02 01:14:54.379063+00:00,2025-03-04 07:00:03.914845+00:00
1369329,2,Taylor John Smith,Taylor John Smith,Acting,2025-03-02 01:14:54.379063+00:00,2025-03-04 07:00:03.914845+00:00
1183233,2,Wallace Chung,鍾漢良,Acting,2025-03-02 01:14:54.379063+00:00,2025-03-04 07:00:03.914845+00:00
2159393,2,Ju Seok-tae,주석태,Acting,2025-03-02 01:14:54.379063+00:00,2025-03-04 07:00:03.914845+00:00
1135709,2,Sam Wong Ming-Sing,黃明昇,Acting,2025-03-02 01:14:54.379063+00:00,2025-03-04 07:00:03.914845+00:00
3564234,2,Craig David Dowsett,Craig David Dowsett,Acting,2025-03-02 01:14:54.379063+00:00,2025-03-04 07:00:03.914845+00:00
1533645,2,Maksim Lagashkin,Максим Лагашкин,Acting,2025-03-02 01:14:54.379063+00:00,2025-03-04 07:00:03.914845+00:00
3325593,2,Joseph Baena,Joseph Baena,Acting,2025-03-02 01:14:54.379063+00:00,2025-03-04 07:00:03.914845+00:00
1292258,2,Jack Kesy,Jack Kesy,Acting,2025-03-02 01:14:54.379063+00:00,2025-03-04 07:00:03.914845+00:00
1341582,2,Vincenzo Nemolato,Vincenzo Nemolato,Acting,2025-03-02 01:14:54.379063+00:00,2025-03-04 07:00:03.914845+00:00
37089,2,Cameron Monaghan,Cameron Monaghan,Acting,2025-03-02 01:14:54.379063+00:00,2025-03-04 07:00:03.914845+00:00
287,2,Brad Pitt,Brad Pitt,Acting,2025-03-02 01:14:54.379063+00:00,2025-03-04 07:00:03.914845+00:00
1409122,2,Yu Inaba,稲葉友,Acting,2025-03-02 01:14:54.379063+00:00,2025-03-04 07:00:03.914845+00:00
18269,2,Brendan Fraser,Brendan Fraser,Acting,2025-03-02 01:14:54.379063+00:00,2025-03-04 07:00:03.914845+00:00
1387205,0,Maso Chen,Maso Chen,Directing,2025-03-02 01:14:54.379063+00:00,2025-03-04 07:00:03.914845+00:00
1548330,0,Min Bahadur Bham,Min Bahadur Bham,Directing,2025-03-02 01:14:54.379063+00:00,2025-03-04 07:00:03.914845+00:00
3607917,0,G’sam,G’sam,Directing,2025-03-02 01:14:54.379063+00:00,2025-03-04 07:00:03.914845+00:00
207718,1,Mika Ninagawa,蜷川実花,Directing,2025-03-02 01:14:54.379063+00:00,2025-03-04 07:00:03.914845+00:00
94050,1,Naoko Ogigami,荻上直子,Directing,2025-03-02 01:14:54.379063+00:00,2025-03-04 07:00:03.914845+00:00
2974363,1,Beryl Hsu,Beryl Hsu,Directing,2025-03-02 01:14:54.379063+00:00,2025-03-04 07:00:03.914845+00:00
2961971,2,Hannes Þór Halldórsson,Hannes Þór Halldórsson,Directing,2025-03-02 01:14:54.379063+00:00,2025-03-04 07:00:03.914845+00:00
144798,2,Simon Cellan Jones,Simon Cellan Jones,Directing,2025-03-02 01:14:54.379063+00:00,2025-03-04 07:00:03.914845+00:00
1100038,2,Sébastien Marnier,Sébastien Marnier,Directing,2025-03-02 01:14:54.379063+00:00,2025-03-04 07:00:03.914845+00:00
45138,2,Luc Dardenne,Luc Dardenne,Directing,2025-03-02 01:14:54.379063+00:00,2025-03-04 07:00:03.914845+00:00
119410,2,Wong Ching-Po,黃精甫,Directing,2025-03-02 01:14:54.379063+00:00,2025-03-04 07:00:03.914845+00:00
1539858,2,Dominic Cooke,Dominic Cooke,Directing,2025-03-02 01:14:54.379063+00:00,2025-03-04 07:00:03.914845+00:00
8193,2,Florian Henckel von Donnersmarck,Florian Henckel von Donnersmarck,Directing,2025-03-02 01:14:54.379063+00:00,2025-03-04 07:00:03.914845+00:00
996639,2,Jun Shishido,宍戸淳,Directing,2025-03-02 01:14:54.379063+00:00,2025-03-04 07:00:03.914845+00:00
13563,2,Norman Jewison,Norman Jewison,Directing,2025-03-02 01:14:54.379063+00:00,2025-03-04 07:00:03.914845+00:00
2332,2,Christian Petzold,Christian Petzold,Directing,2025-03-02 01:14:54.379063+00:00,2025-03-04 07:00:03.914845+00:00
1578124,2,Boon-lip Quah,Boon-lip Quah,Directing,2025-03-02 01:14:54.379063+00:00,2025-03-04 07:00:03.914845+00:00
39104,2,Abel Ferrara,Abel Ferrara,Directing,2025-03-02 01:14:54.379063+00:00,2025-03-04 07:00:03.914845+00:00
4955,2,Dario Argento,Dario Argento,Directing,2025-03-02 01:14:54.379063+00:00,2025-03-04 07:00:03.914845+00:00
1966252,2,Chieh-Te Liang,Chieh-Te Liang,Directing,2025-03-02 01:14:54.379063+00:00,2025-03-04 07:00:03.914845+00:00
1962993,2,Hu Bo,Hu Bo,Directing,2025-03-02 01:14:54.379063+00:00,2025-03-04 07:00:03.914845+00:00
182001,2,Kelsey Mann,Kelsey Mann,Directing,2025-03-02 01:14:54.379063+00:00,2025-03-04 07:00:03.914845+00:00
1148927,2,Jonas Poher Rasmussen,Jonas Poher Rasmussen,Directing,2025-03-02 01:14:54.379063+00:00,2025-03-04 07:00:03.914845+00:00
548666,2,Jang Cheol-soo,장철수,Directing,2025-03-02 01:14:54.379063+00:00,2025-03-04 07:00:03.914845+00:00
1068350,2,Jacek Bławut,Jacek Bławut,Directing,2025-03-02 01:14:54.379063+00:00,2025-03-04 07:00:03.914845+00:00
1575183,2,Pascal Plante,Pascal Plante,Directing,2025-03-02 01:14:54.379063+00:00,2025-03-04 07:00:03.914845+00:00
1910480,2,Lee Won-tae,Lee Won-tae,Directing,2025-03-02 01:14:54.379063+00:00,2025-03-04 07:00:03.914845+00:00
1336006,2,Alessio Liguori,Alessio Liguori,Directing,2025-03-02 01:14:54.379063+00:00,2025-03-04 07:00:03.914845+00:00
83698,2,King Hu,胡金銓,Directing,2025-03-02 01:14:54.379063+00:00,2025-03-04 07:00:03.914845+00:00
1130942,2,Michio Koshikawa,越川道夫,Production,2025-03-02 01:14:54.379063+00:00,2025-03-04 07:00:03.914845+00:00
3019104,2,Fukase,Fukase,Sound,2025-03-02 01:14:54.379063+00:00,2025-03-04 07:00:03.914845+00:00
2039034,1,Teng I-Han,Teng I-Han,Writing,2025-03-02 01:14:54.379063+00:00,2025-03-04 07:00:03.914845+00:00
1453110,1,Ariane Louis-Seize,Ariane Louis-Seize,Writing,2025-03-02 01:14:54.379063+00:00,2025-03-04 07:00:03.914845+00:00
3649939,0,Enea Sala,Enea Sala,Acting,2025-03-02 01:14:54.379063+00:00,2025-03-04 07:00:03.914845+00:00
4467118,0,Châu Thị Xay,Châu Thị Xay,Acting,2025-03-02 01:14:54.379063+00:00,2025-03-04 07:00:03.914845+00:00
3887361,0,Amid Keomany,Amid Keomany,Acting,2025-03-02 01:14:54.379063+00:00,2025-03-04 07:00:03.914845+00:00
3887379,0,Piqa,Piqa,Acting,2025-03-02 01:14:54.379063+00:00,2025-03-04 07:00:03.914845+00:00
3444407,0,Woodrow Schrieber,Woodrow Schrieber,Acting,2025-03-02 01:14:54.379063+00:00,2025-03-04 07:00:03.914845+00:00
3163376,0,Becky Lindsay,Becky Lindsay,Acting,2025-03-02 01:14:54.379063+00:00,2025-03-04 07:00:03.914845+00:00
4301915,0,Michael Jovanovski,Michael Jovanovski,Acting,2025-03-02 01:14:54.379063+00:00,2025-03-04 07:00:03.914845+00:00
1657669,0,Graham Butler,Graham Butler,Acting,2025-03-02 01:14:54.379063+00:00,2025-03-04 07:00:03.914845+00:00
2665070,0,Alséni Bathily,Alséni Bathily,Acting,2025-03-02 01:14:54.379063+00:00,2025-03-04 07:00:03.914845+00:00
4304008,0,Anu-Ujin Tsermaa,Anu-Ujin Tsermaa,Acting,2025-03-02 01:14:54.379063+00:00,2025-03-04 07:00:03.914845+00:00
930123,0,Hossein Rezai,Hossein Rezai,Acting,2025-03-02 01:14:54.379063+00:00,2025-03-04 07:00:03.914845+00:00
3060147,0,Swala Emati,Swala Emati,Acting,2025-03-02 01:14:54.379063+00:00,2025-03-04 07:00:03.914845+00:00
1576306,0,Lazare Gousseau,Lazare Gousseau,Acting,2025-03-02 01:14:54.379063+00:00,2025-03-04 07:00:03.914845+00:00
3326962,0,Dickens Ko,Dickens Ko,Acting,2025-03-02 01:14:54.379063+00:00,2025-03-04 07:00:03.914845+00:00
5198494,0,Ulv Vatne Payne,Ulv Vatne Payne,Acting,2025-03-02 01:14:54.379063+00:00,2025-03-04 07:00:03.914845+00:00
4072269,0,Nele Ahrensmeier,Nele Ahrensmeier,Acting,2025-03-02 01:14:54.379063+00:00,2025-03-04 07:00:03.914845+00:00
4744204,0,神林恆道,神林恆道,Acting,2025-03-02 01:14:54.379063+00:00,2025-03-04 07:00:03.914845+00:00
3435897,0,Shotaro Ishii,Shotaro Ishii,Acting,2025-03-02 01:14:54.379063+00:00,2025-03-04 07:00:03.914845+00:00
4010911,0,Rantya Affandy,Rantya Affandy,Acting,2025-03-02 01:14:54.379063+00:00,2025-03-04 07:00:03.914845+00:00
102269,1,Song Sun-mi,송선미,Acting,2025-03-02 01:14:54.379063+00:00,2025-03-04 07:00:03.914845+00:00
4275050,1,Yung-Hsu Tang,湯詠絮,Acting,2025-03-02 01:14:54.379063+00:00,2025-03-04 07:00:03.914845+00:00
4978238,1,Lucie Laurent,Lucie Laurent,Acting,2025-03-02 01:14:54.379063+00:00,2025-03-04 07:00:03.914845+00:00
2261102,1,Urzila Carlson,Urzila Carlson,Acting,2025-03-02 01:14:54.379063+00:00,2025-03-04 07:00:03.914845+00:00
1463229,1,Liliane Amuat,Liliane Amuat,Acting,2025-03-02 01:14:54.379063+00:00,2025-03-04 07:00:03.914845+00:00
2166969,1,Lyubov Konstantinova,Любовь Константинова,Acting,2025-03-02 01:14:54.379063+00:00,2025-03-04 07:00:03.914845+00:00
1371297,1,Adria Arjona,Adria Arjona,Acting,2025-03-02 01:14:54.379063+00:00,2025-03-04 07:00:03.914845+00:00
1149279,1,Raïa Haïdar,Raïa Haïdar,Acting,2025-03-02 01:14:54.379063+00:00,2025-03-04 07:00:03.914845+00:00
9824,1,Diane Kruger,Diane Kruger,Acting,2025-03-02 01:14:54.379063+00:00,2025-03-04 07:00:03.914845+00:00
3081582,1,Lê Phương,Lê Phương,Acting,2025-03-02 01:14:54.379063+00:00,2025-03-04 07:00:03.914845+00:00
4203374,1,Mandy Tam Man-Huen,Mandy Tam Man-Huen,Acting,2025-03-02 01:14:54.379063+00:00,2025-03-04 07:00:03.914845+00:00
20374,1,Teresa Palmer,Teresa Palmer,Acting,2025-03-02 01:14:54.379063+00:00,2025-03-04 07:00:03.914845+00:00
96313,1,Elizaveta Boyarskaya,Елизавета Боярская,Acting,2025-03-02 01:14:54.379063+00:00,2025-03-04 07:00:03.914845+00:00
1626640,1,Zheng Yingchen,鄭英辰,Acting,2025-03-02 01:14:54.379063+00:00,2025-03-04 07:00:03.914845+00:00
4887381,1,Hui Bao,辉宝,Acting,2025-03-02 01:14:54.379063+00:00,2025-03-04 07:00:03.914845+00:00
1618860,1,Nicole Tompkins,Nicole Tompkins,Acting,2025-03-02 01:14:54.379063+00:00,2025-03-04 07:00:03.914845+00:00
1267370,1,Rina Sakuragi,桜木梨奈,Acting,2025-03-02 01:14:54.379063+00:00,2025-03-04 07:00:03.914845+00:00
1277548,1,Dorota Landowska,Dorota Landowska,Acting,2025-03-02 01:14:54.379063+00:00,2025-03-04 07:00:03.914845+00:00
7109,1,Kalina Jędrusik,Kalina Jędrusik,Acting,2025-03-02 01:14:54.379063+00:00,2025-03-04 07:00:03.914845+00:00
1544615,1,Karola  Niederhuber,Karola  Niederhuber,Acting,2025-03-02 01:14:54.379063+00:00,2025-03-04 07:00:03.914845+00:00
2153290,1,Renata Vaca,Renata Vaca,Acting,2025-03-02 01:14:54.379063+00:00,2025-03-04 07:00:03.914845+00:00
2223774,1,Alyona Mikhaylova,Алёна Михайлова,Acting,2025-03-02 01:14:54.379063+00:00,2025-03-04 07:00:03.914845+00:00
2483538,1,Choi Sung-eun,최성은,Acting,2025-03-02 01:14:54.379063+00:00,2025-03-04 07:00:03.914845+00:00
43663,1,Kirin Kiki,樹木希林,Acting,2025-03-02 01:14:54.379063+00:00,2025-03-04 07:00:03.914845+00:00
2414910,1,Momone Iwabuchi,岩淵桃音,Acting,2025-03-02 01:14:54.379063+00:00,2025-03-04 07:00:03.914845+00:00
1628232,1,Anna Peskova,Анна Пескова,Acting,2025-03-02 01:14:54.379063+00:00,2025-03-04 07:00:03.914845+00:00
1241444,1,Esther Liu,劉品言,Acting,2025-03-02 01:14:54.379063+00:00,2025-03-04 07:00:03.914845+00:00
125682,1,Judit Schell,Judit Schell,Acting,2025-03-02 01:14:54.379063+00:00,2025-03-04 07:00:03.914845+00:00
2109360,1,Nana Mori,森七菜,Acting,2025-03-02 01:14:54.379063+00:00,2025-03-04 07:00:03.914845+00:00
1186840,1,Sterling Jerins,Sterling Jerins,Acting,2025-03-02 01:14:54.379063+00:00,2025-03-04 07:00:03.914845+00:00
1279279,1,Virginia Gardner,Virginia Gardner,Acting,2025-03-02 01:14:54.379063+00:00,2025-03-04 07:00:03.914845+00:00
212815,1,Laura Birn,Laura Birn,Acting,2025-03-02 01:14:54.379063+00:00,2025-03-04 07:00:03.914845+00:00
3275597,1,Rosa Marchant,Rosa Marchant,Acting,2025-03-02 01:14:54.379063+00:00,2025-03-04 07:00:03.914845+00:00
939099,1,Lou de Laâge,Lou de Laâge,Acting,2025-03-02 01:14:54.379063+00:00,2025-03-04 07:00:03.914845+00:00
1036634,1,Teresa Cheung,Teresa Cheung,Acting,2025-03-02 01:14:54.379063+00:00,2025-03-04 07:00:03.914845+00:00
1049916,1,Hannah Gross,Hannah Gross,Acting,2025-03-02 01:14:54.379063+00:00,2025-03-04 07:00:03.914845+00:00
1482131,1,Linda Caridi,Linda Caridi,Acting,2025-03-02 01:14:54.379063+00:00,2025-03-04 07:00:03.914845+00:00
1182806,1,Miyu Honda,本田望結,Acting,2025-03-02 01:14:54.379063+00:00,2025-03-04 07:00:03.914845+00:00
37940,1,Lim Soo-jung,임수정,Acting,2025-03-02 01:14:54.379063+00:00,2025-03-04 07:00:03.914845+00:00
2222685,1,Natsuki Deguchi,出口夏希,Acting,2025-03-02 01:14:54.379063+00:00,2025-03-04 07:00:03.914845+00:00
81108,2,Yoshio Harada,原田芳雄,Acting,2025-03-02 01:14:54.379063+00:00,2025-03-04 07:00:03.914845+00:00
41020,2,E. Roger Mitchell,E. Roger Mitchell,Acting,2025-03-02 01:14:54.379063+00:00,2025-03-04 07:00:03.914845+00:00
122501,2,Ryo Horikawa,堀川りょう,Acting,2025-03-02 01:14:54.379063+00:00,2025-03-04 07:00:03.914845+00:00
65438,2,Shinpachi Tsuji,辻親八,Acting,2025-03-02 01:14:54.379063+00:00,2025-03-04 07:00:03.914845+00:00
1257061,2,Evgeniy Dyatlov,Евгений Дятлов,Acting,2025-03-02 01:14:54.379063+00:00,2025-03-04 07:00:03.914845+00:00
76543,2,Chris Browning,Chris Browning,Acting,2025-03-02 01:14:54.379063+00:00,2025-03-04 07:00:03.914845+00:00
115648,2,Yuta Hiraoka,平岡祐太,Acting,2025-03-02 01:14:54.379063+00:00,2025-03-04 07:00:03.914845+00:00
79082,2,Randall Park,Randall Park,Acting,2025-03-02 01:14:54.379063+00:00,2025-03-04 07:00:03.914845+00:00
1441242,2,Thomas Scimeca,Thomas Scimeca,Acting,2025-03-02 01:14:54.379063+00:00,2025-03-04 07:00:03.914845+00:00
13283,2,Akira Emoto,柄本明,Acting,2025-03-02 01:14:54.379063+00:00,2025-03-04 07:00:03.914845+00:00
489467,2,Jack Gleeson,Jack Gleeson,Acting,2025-03-02 01:14:54.379063+00:00,2025-03-04 07:00:03.914845+00:00
1412094,2,Zach Avery,Zach Avery,Acting,2025-03-02 01:14:54.379063+00:00,2025-03-04 07:00:03.914845+00:00
89503,2,Matti Onnismaa,Matti Onnismaa,Acting,2025-03-02 01:14:54.379063+00:00,2025-03-04 07:00:03.914845+00:00
1572924,2,Pouria Rahimi Sam,پوریا رحیمی سام,Acting,2025-03-02 01:14:54.379063+00:00,2025-03-04 07:00:03.914845+00:00
2510305,2,Shusaku Uchida,Shusaku Uchida,Acting,2025-03-02 01:14:54.379063+00:00,2025-03-04 07:00:03.914845+00:00
1528803,2,Shinsuke Kato,カトウシンスケ,Acting,2025-03-02 01:14:54.379063+00:00,2025-03-04 07:00:03.914845+00:00
1614691,2,Shih Ying,石英,Acting,2025-03-02 01:14:54.379063+00:00,2025-03-04 07:00:03.914845+00:00
4541,2,Stephan Kampwirth,Stephan Kampwirth,Acting,2025-03-02 01:14:54.379063+00:00,2025-03-04 07:00:03.914845+00:00
3254445,2,Chris Cordell,Chris Cordell,Acting,2025-03-02 01:14:54.379063+00:00,2025-03-04 07:00:03.914845+00:00
32684,2,Rolf Lassgård,Rolf Lassgård,Acting,2025-03-02 01:14:54.379063+00:00,2025-03-04 07:00:03.914845+00:00
3150,2,Tony Curtis,Tony Curtis,Acting,2025-03-02 01:14:54.379063+00:00,2025-03-04 07:00:03.914845+00:00
62747,2,Chad Michael Murray,Chad Michael Murray,Acting,2025-03-02 01:14:54.379063+00:00,2025-03-04 07:00:03.914845+00:00
1651449,2,Niti Chaichitathorn,นิติ ชัยชิตาทร,Acting,2025-03-02 01:14:54.379063+00:00,2025-03-04 07:00:03.914845+00:00
2877288,2,Mike Lin,Mike Lin,Acting,2025-03-02 01:14:54.379063+00:00,2025-03-04 07:00:03.914845+00:00
2231,2,Samuel L. Jackson,Samuel L. Jackson,Acting,2025-03-02 01:14:54.379063+00:00,2025-03-04 07:00:03.914845+00:00
143155,2,Kheda Barech Defai,Kheda Barech Defai,Acting,2025-03-02 01:14:54.379063+00:00,2025-03-04 07:00:03.914845+00:00
566080,2,Jonas Bloquet,Jonas Bloquet,Acting,2025-03-02 01:14:54.379063+00:00,2025-03-04 07:00:03.914845+00:00
3441296,2,Kim Ji-chul,Kim Ji-chul,Acting,2025-03-02 01:14:54.379063+00:00,2025-03-04 07:00:03.914845+00:00
549815,2,Yasuo Daichi,大地康雄,Acting,2025-03-02 01:14:54.379063+00:00,2025-03-04 07:00:03.914845+00:00
3440170,2,Nolan Arizmendi,Nolan Arizmendi,Acting,2025-03-02 01:14:54.379063+00:00,2025-03-04 07:00:03.914845+00:00
1641492,2,Hidenobu Abera,アベラヒデノブ,Acting,2025-03-02 01:14:54.379063+00:00,2025-03-04 07:00:03.914845+00:00
8656,2,Dorian Harewood,Dorian Harewood,Acting,2025-03-02 01:14:54.379063+00:00,2025-03-04 07:00:03.914845+00:00
117525,2,Beau Mirchoff,Beau Mirchoff,Acting,2025-03-02 01:14:54.379063+00:00,2025-03-04 07:00:03.914845+00:00
59919,2,Russell Brand,Russell Brand,Acting,2025-03-02 01:14:54.379063+00:00,2025-03-04 07:00:03.914845+00:00
2055,2,Robert Davi,Robert Davi,Acting,2025-03-02 01:14:54.379063+00:00,2025-03-04 07:00:03.914845+00:00
4467,2,Lars Brygmann,Lars Brygmann,Acting,2025-03-02 01:14:54.379063+00:00,2025-03-04 07:00:03.914845+00:00
149958,2,Nagarjuna Akkineni,Nagarjuna Akkineni,Acting,2025-03-02 01:14:54.379063+00:00,2025-03-04 07:00:03.914845+00:00
7037,2,Jean-Hugues Anglade,Jean-Hugues Anglade,Acting,2025-03-02 01:14:54.379063+00:00,2025-03-04 07:00:03.914845+00:00
1299277,2,Nam Il-woo,남일우,Acting,2025-03-02 01:14:54.379063+00:00,2025-03-04 07:00:03.914845+00:00
127895,2,Ikkei Watanabe,渡辺いっけい,Acting,2025-03-02 01:14:54.379063+00:00,2025-03-04 07:00:03.914845+00:00
105403,2,Gaku Hamada,濱田岳,Acting,2025-03-02 01:14:54.379063+00:00,2025-03-04 07:00:03.914845+00:00
225730,2,Ryunosuke Kamiki,神木隆之介,Acting,2025-03-02 01:14:54.379063+00:00,2025-03-04 07:00:03.914845+00:00
1331971,2,Wachara Pan-iam,วัชระ ปานเอี่ยม,Acting,2025-03-02 01:14:54.379063+00:00,2025-03-04 07:00:03.914845+00:00
1609470,2,Phil Hou,侯彥西,Acting,2025-03-02 01:14:54.379063+00:00,2025-03-04 07:00:03.914845+00:00
1116510,2,Sosuke Ikematsu,池松壮亮,Acting,2025-03-02 01:14:54.379063+00:00,2025-03-04 07:00:03.914845+00:00
2197426,2,Gabriel Montesi,Gabriel Montesi,Acting,2025-03-02 01:14:54.379063+00:00,2025-03-04 07:00:03.914845+00:00
80997,2,Pyotr Fyodorov,Пётр Фёдоров,Acting,2025-03-02 01:14:54.379063+00:00,2025-03-04 07:00:03.914845+00:00
1508131,2,Gore Abrams,Gore Abrams,Acting,2025-03-02 01:14:54.379063+00:00,2025-03-04 07:00:03.914845+00:00
14149,2,Renato Scarpa,Renato Scarpa,Acting,2025-03-02 01:14:54.379063+00:00,2025-03-04 07:00:03.914845+00:00
551682,2,Lee Won-jong,이원종,Acting,2025-03-02 01:14:54.379063+00:00,2025-03-04 07:00:03.914845+00:00
552542,2,Kinzō Sakura,桜金造,Acting,2025-03-02 01:14:54.379063+00:00,2025-03-04 07:00:03.914845+00:00
2151537,2,Koshi Mizukami,水上恒司,Acting,2025-03-02 01:14:54.379063+00:00,2025-03-04 07:00:03.914845+00:00
1186429,2,Kazuya Kamenashi,亀梨和也,Acting,2025-03-02 01:14:54.379063+00:00,2025-03-04 07:00:03.914845+00:00
2355524,2,Tommy Chen,Tommy Chen,Acting,2025-03-02 01:14:54.379063+00:00,2025-03-04 07:00:03.914845+00:00
21687,2,Park Hae-il,박해일,Acting,2025-03-02 01:14:54.379063+00:00,2025-03-04 07:00:03.914845+00:00
2303387,2,Tie-Hsiang Ban,Tie-Hsiang Ban,Acting,2025-03-02 01:14:54.379063+00:00,2025-03-04 07:00:03.914845+00:00
1616010,2,Poon Chan-Leung,潘燦良,Acting,2025-03-02 01:14:54.379063+00:00,2025-03-04 07:00:03.914845+00:00
5658,2,Michael Gambon,Michael Gambon,Acting,2025-03-02 01:14:54.379063+00:00,2025-03-04 07:00:03.914845+00:00
29685,2,Kurt Fuller,Kurt Fuller,Acting,2025-03-02 01:14:54.379063+00:00,2025-03-04 07:00:03.914845+00:00
1173388,2,Gianfranco Gallo,Gianfranco Gallo,Acting,2025-03-02 01:14:54.379063+00:00,2025-03-04 07:00:03.914845+00:00
10662,2,Patrick Macnee,Patrick Macnee,Acting,2025-03-02 01:14:54.379063+00:00,2025-03-04 07:00:03.914845+00:00
1105808,2,Tori Matsuzaka,松坂桃李,Acting,2025-03-02 01:14:54.379063+00:00,2025-03-04 07:00:03.914845+00:00
3223,2,Robert Downey Jr.,Robert Downey Jr.,Acting,2025-03-02 01:14:54.379063+00:00,2025-03-04 07:00:03.914845+00:00
553939,2,Naoto Ogata,緒形直人,Acting,2025-03-02 09:35:42.269341+00:00,2025-03-04 07:00:03.914845+00:00
74196,2,Terence Yin Chi-Wai,尹子維,Acting,2025-03-02 01:14:54.379063+00:00,2025-03-04 07:00:03.914845+00:00
3929460,2,Mateo García Elizondo,Mateo García Elizondo,Acting,2025-03-02 01:14:54.379063+00:00,2025-03-04 07:00:03.914845+00:00
2235946,2,Jeong In-kyeom,정인겸,Acting,2025-03-02 09:35:42.269341+00:00,2025-03-04 07:00:03.914845+00:00
31,2,Tom Hanks,Tom Hanks,Acting,2025-03-02 01:14:54.379063+00:00,2025-03-04 07:00:03.914845+00:00
228072,2,Toma Ikuta,生田斗真,Acting,2025-03-02 01:14:54.379063+00:00,2025-03-04 07:00:03.914845+00:00
1015873,2,Son Hyun-joo,손현주,Acting,2025-03-02 01:14:54.379063+00:00,2025-03-04 07:00:03.914845+00:00
2461073,2,Chase W. Dillon,Chase W. Dillon,Acting,2025-03-02 01:14:54.379063+00:00,2025-03-04 07:00:03.914845+00:00
198847,2,Jessie T. Usher,Jessie T. Usher,Acting,2025-03-02 01:14:54.379063+00:00,2025-03-04 07:00:03.914845+00:00
1789788,3,Indya Moore,Indya Moore,Acting,2025-03-02 01:14:54.379063+00:00,2025-03-04 07:00:03.914845+00:00
2458277,3,Kaimana,Kaimana,Acting,2025-03-02 01:14:54.379063+00:00,2025-03-04 07:00:03.914845+00:00
4524084,2,David G. Derrick Jr.,David G. Derrick Jr.,Art,2025-03-02 01:14:54.379063+00:00,2025-03-04 07:00:03.914845+00:00
2631872,0,David Haverty,David Haverty,Crew,2025-03-02 01:14:54.379063+00:00,2025-03-04 07:00:03.914845+00:00
3129641,0,Teng-Yuan Chang,Teng-Yuan Chang,Directing,2025-03-02 01:14:54.379063+00:00,2025-03-04 07:00:03.914845+00:00
4782087,0,Qiu Yu,Qiu Yu,Directing,2025-03-02 01:14:54.379063+00:00,2025-03-04 07:00:03.914845+00:00
2905749,0,Benjamin Mousquet,Benjamin Mousquet,Directing,2025-03-02 01:14:54.379063+00:00,2025-03-04 07:00:03.914845+00:00
1973739,0,Tetsuya Tomina,Tetsuya Tomina,Directing,2025-03-02 01:14:54.379063+00:00,2025-03-04 07:00:03.914845+00:00
1210994,0,Noriyoshi Sakuma,Noriyoshi Sakuma,Directing,2025-03-02 01:14:54.379063+00:00,2025-03-04 07:00:03.914845+00:00
4192996,0,Kim Ha-min,김하민,Directing,2025-03-02 01:14:54.379063+00:00,2025-03-04 07:00:03.914845+00:00
1789105,1,Doris Wong Chin Yan,Doris Wong Chin Yan,Directing,2025-03-02 01:14:54.379063+00:00,2025-03-04 07:00:03.914845+00:00
2181532,1,Amandine Fredon,Amandine Fredon,Directing,2025-03-02 01:14:54.379063+00:00,2025-03-04 07:00:03.914845+00:00
1673495,2,Lee Yo-sup,Lee Yo-sup,Directing,2025-03-02 01:14:54.379063+00:00,2025-03-04 07:00:03.914845+00:00
1459972,2,Sébastien Laudenbach,Sébastien Laudenbach,Directing,2025-03-02 09:35:42.269341+00:00,2025-03-04 07:00:03.914845+00:00
120245,2,Daniel Stamm,Daniel Stamm,Directing,2025-03-02 01:14:54.379063+00:00,2025-03-04 07:00:03.914845+00:00
1144604,2,Destin Daniel Cretton,Destin Daniel Cretton,Directing,2025-03-02 01:14:54.379063+00:00,2025-03-04 07:00:03.914845+00:00
123885,2,Takehiko Shinjo,新城毅彦,Directing,2025-03-02 01:14:54.379063+00:00,2025-03-04 07:00:03.914845+00:00
21905,2,Danny Pang Fat,彭發,Directing,2025-03-02 01:14:54.379063+00:00,2025-03-04 07:00:03.914845+00:00
1297866,2,Alain Bergala,Alain Bergala,Directing,2025-03-02 01:14:54.379063+00:00,2025-03-04 07:00:03.914845+00:00
226514,2,Thanadol Nuansut,Thanadol Nuansut,Directing,2025-03-02 01:14:54.379063+00:00,2025-03-04 07:00:03.914845+00:00
3369910,2,Xing Wenxiong,Xing Wenxiong,Directing,2025-03-02 01:14:54.379063+00:00,2025-03-04 07:00:03.914845+00:00
20657,2,Cristian Mungiu,Cristian Mungiu,Directing,2025-03-02 01:14:54.379063+00:00,2025-03-04 07:00:03.914845+00:00
71609,2,Joachim Trier,Joachim Trier,Directing,2025-03-02 01:14:54.379063+00:00,2025-03-04 07:00:03.914845+00:00
2261501,2,Saim Sadiq,Saim Sadiq,Directing,2025-03-02 01:14:54.379063+00:00,2025-03-04 07:00:03.914845+00:00
1721013,2,Eric Gravel,Eric Gravel,Directing,2025-03-02 01:14:54.379063+00:00,2025-03-04 07:00:03.914845+00:00
932248,2,Fede Álvarez,Fede Álvarez,Directing,2025-03-02 01:14:54.379063+00:00,2025-03-04 07:00:03.914845+00:00
1752066,2,Kiranraj K.,Kiranraj K.,Directing,2025-03-02 01:14:54.379063+00:00,2025-03-04 07:00:03.914845+00:00
1314916,2,Jerónimo Rocha,Jerónimo Rocha,Editing,2025-03-02 01:14:54.379063+00:00,2025-03-04 07:00:03.914845+00:00
4451881,1,Shu-Fang Lee,Shu-Fang Lee,Production,2025-03-02 01:14:54.379063+00:00,2025-03-04 07:00:03.914845+00:00
1437193,1,Lauren Hadaway,Lauren Hadaway,Sound,2025-03-02 01:14:54.379063+00:00,2025-03-04 07:00:03.914845+00:00
5805,2,André Previn,André Previn,Sound,2025-03-02 01:14:54.379063+00:00,2025-03-04 07:00:03.914845+00:00
1139402,0,John Daschbach,John Daschbach,Writing,2025-03-02 01:14:54.379063+00:00,2025-03-04 07:00:03.914845+00:00
1279519,1,Sara Colangelo,Sara Colangelo,Writing,2025-03-02 01:14:54.379063+00:00,2025-03-04 07:00:03.914845+00:00
1145355,1,Anna Novion,Anna Novion,Writing,2025-03-02 01:14:54.379063+00:00,2025-03-04 07:00:03.914845+00:00
1317685,2,Scott Beck,Scott Beck,Writing,2025-03-02 01:14:54.379063+00:00,2025-03-04 07:00:03.914845+00:00
1277629,0,Nahal Tajadod,Nahal Tajadod,Acting,2025-03-02 01:14:54.379063+00:00,2025-03-04 07:00:03.914845+00:00
3439290,0,Amin Nawabi,Amin Nawabi,Acting,2025-03-02 01:14:54.379063+00:00,2025-03-04 07:00:03.914845+00:00
2413163,0,Lê Thiện,Lê Thiện,Acting,2025-03-02 01:14:54.379063+00:00,2025-03-04 07:00:03.914845+00:00
3626201,0,Ilça Moreno,Ilça Moreno,Acting,2025-03-02 01:14:54.379063+00:00,2025-03-04 07:00:03.914845+00:00
3724466,0,Christopher Herwig,Christopher Herwig,Acting,2025-03-02 01:14:54.379063+00:00,2025-03-04 07:00:03.914845+00:00
2195354,0,Majid Bakhtiari,Majid Bakhtiari,Acting,2025-03-02 01:14:54.379063+00:00,2025-03-04 07:00:03.914845+00:00
4551370,0,Karma Wangyal Gurung,Karma Wangyal Gurung,Acting,2025-03-02 01:14:54.379063+00:00,2025-03-04 07:00:03.914845+00:00
1617045,0,Judith State,Judith State,Acting,2025-03-02 01:14:54.379063+00:00,2025-03-04 07:00:03.914845+00:00
3913069,0,Vallier Vaudin,Vallier Vaudin,Acting,2025-03-02 01:14:54.379063+00:00,2025-03-04 07:00:03.914845+00:00
117529,0,Abdolrahman Bagheri,Abdolrahman Bagheri,Acting,2025-03-02 01:14:54.379063+00:00,2025-03-04 07:00:03.914845+00:00
240522,0,Janine Jansen,Janine Jansen,Acting,2025-03-02 01:14:54.379063+00:00,2025-03-04 07:00:03.914845+00:00
2504491,0,Yi Tsai,Yi Tsai,Acting,2025-03-02 01:14:54.379063+00:00,2025-03-04 07:00:03.914845+00:00
3406554,0,Kensuke Ojima,Kensuke Ojima,Acting,2025-03-02 01:14:54.379063+00:00,2025-03-04 07:00:03.914845+00:00
2978947,0,Yu Duong,Yu Duong,Acting,2025-03-02 01:14:54.379063+00:00,2025-03-04 07:00:03.914845+00:00
3905470,0,Placide Ali,Placide Ali,Acting,2025-03-02 01:14:54.379063+00:00,2025-03-04 07:00:03.914845+00:00
71208,1,Aline Küppenheim,Aline Küppenheim,Acting,2025-03-02 01:14:54.379063+00:00,2025-03-04 07:00:03.914845+00:00
1255308,1,Fumino Kimura,木村文乃,Acting,2025-03-02 01:14:54.379063+00:00,2025-03-04 07:00:03.914845+00:00
3503211,1,Mone Akitani,秋谷百音,Acting,2025-03-02 01:14:54.379063+00:00,2025-03-04 07:00:03.914845+00:00
1193308,1,Bea Hayden Kuo,Bea Hayden Kuo,Acting,2025-03-02 01:14:54.379063+00:00,2025-03-04 07:00:03.914845+00:00
2138490,1,Miho Okasaki,岡咲美保,Acting,2025-03-02 01:14:54.379063+00:00,2025-03-04 07:00:03.914845+00:00
1245709,1,Tiffany Hsu Wei-Ning,許瑋甯,Acting,2025-03-02 01:14:54.379063+00:00,2025-03-04 07:00:03.914845+00:00
6263,1,Hannelore Elsner,Hannelore Elsner,Acting,2025-03-02 01:14:54.379063+00:00,2025-03-04 07:00:03.914845+00:00
1383349,1,Christina Jackson,Christina Jackson,Acting,2025-03-02 01:14:54.379063+00:00,2025-03-04 07:00:03.914845+00:00
40325,1,Megumi Hayashibara,林原めぐみ,Acting,2025-03-02 01:14:54.379063+00:00,2025-03-04 07:00:03.914845+00:00
96614,1,Song Jia,宋佳,Acting,2025-03-02 01:14:54.379063+00:00,2025-03-04 07:00:03.914845+00:00
1701993,1,Lee Joo-young,이주영,Acting,2025-03-02 01:14:54.379063+00:00,2025-03-04 07:00:03.914845+00:00
1645397,1,Makoto Koichi,小市眞琴,Acting,2025-03-02 01:14:54.379063+00:00,2025-03-04 07:00:03.914845+00:00
88710,1,Ambra Angiolini,Ambra Angiolini,Acting,2025-03-02 01:14:54.379063+00:00,2025-03-04 07:00:03.914845+00:00
21041,1,Shohreh Aghdashloo,Shohreh Aghdashloo,Acting,2025-03-02 01:14:54.379063+00:00,2025-03-04 07:00:03.914845+00:00
1295192,1,Lucie Debay,Lucie Debay,Acting,2025-03-02 01:14:54.379063+00:00,2025-03-04 07:00:03.914845+00:00
1253807,1,Miki Imai,今井美樹,Acting,2025-03-02 01:14:54.379063+00:00,2025-03-04 07:00:03.914845+00:00
3677659,1,Rimong Ihwar,Rimong Ihwar,Acting,2025-03-02 01:14:54.379063+00:00,2025-03-04 07:00:03.914845+00:00
47754,1,Rita Tushingham,Rita Tushingham,Acting,2025-03-02 01:14:54.379063+00:00,2025-03-04 07:00:03.914845+00:00
4254607,1,Chien-Lei Yin,尹茜蕾,Acting,2025-03-02 01:14:54.379063+00:00,2025-03-04 07:00:03.914845+00:00
41037,1,Farida Rahouadj,Farida Rahouadj,Acting,2025-03-02 01:14:54.379063+00:00,2025-03-04 07:00:03.914845+00:00
1278867,1,Kelly Greyson,Kelly Greyson,Acting,2025-03-02 01:14:54.379063+00:00,2025-03-04 07:00:03.914845+00:00
121149,1,Uhm Jung-hwa,엄정화,Acting,2025-03-02 01:14:54.379063+00:00,2025-03-04 07:00:03.914845+00:00
1672870,1,Guo Shutong,Guo Shutong,Acting,2025-03-02 01:14:54.379063+00:00,2025-03-04 07:00:03.914845+00:00
3389839,1,Kulteera Yordchang,Kulteera Yordchang,Acting,2025-03-02 01:14:54.379063+00:00,2025-03-04 07:00:03.914845+00:00
1669900,1,Ayaka Shibutani,Ayaka Shibutani,Acting,2025-03-02 01:14:54.379063+00:00,2025-03-04 07:00:03.914845+00:00
4038375,1,Alisia Liang,梁湘華,Acting,2025-03-02 01:14:54.379063+00:00,2025-03-04 07:00:03.914845+00:00
3761376,1,Victoria Chiang,Victoria Chiang,Acting,2025-03-02 01:14:54.379063+00:00,2025-03-04 07:00:03.914845+00:00
110742,1,Tika Sumpter,Tika Sumpter,Acting,2025-03-02 01:14:54.379063+00:00,2025-03-04 07:00:03.914845+00:00
4238828,1,Joy Chan,Joy Chan,Acting,2025-03-02 01:14:54.379063+00:00,2025-03-04 07:00:03.914845+00:00
2396546,1,Madelyn Grace,Madelyn Grace,Acting,2025-03-02 01:14:54.379063+00:00,2025-03-04 07:00:03.914845+00:00
1886168,1,Lyna Khoudri,Lyna Khoudri,Acting,2025-03-02 01:14:54.379063+00:00,2025-03-04 07:00:03.914845+00:00
1622590,1,Bruna Marquezine,Bruna Marquezine,Acting,2025-03-02 01:14:54.379063+00:00,2025-03-04 07:00:03.914845+00:00
3902711,1,Jung Hoe-ryn,정회린,Acting,2025-03-02 01:14:54.379063+00:00,2025-03-04 07:00:03.914845+00:00
3839622,1,Natalie Hsu,Natalie Hsu,Acting,2025-03-02 01:14:54.379063+00:00,2025-03-04 07:00:03.914845+00:00
133214,1,Paola Cortellesi,Paola Cortellesi,Acting,2025-03-02 01:14:54.379063+00:00,2025-03-04 07:00:03.914845+00:00
238782,1,Behnaz Jafari,Behnaz Jafari,Acting,2025-03-02 01:14:54.379063+00:00,2025-03-04 07:00:03.914845+00:00
1252017,1,Jung So-min,정소민,Acting,2025-03-02 01:14:54.379063+00:00,2025-03-04 07:00:03.914845+00:00
1607523,1,Saniyya Sidney,Saniyya Sidney,Acting,2025-03-02 01:14:54.379063+00:00,2025-03-04 07:00:03.914845+00:00
84223,1,Anna Kendrick,Anna Kendrick,Acting,2025-03-02 01:14:54.379063+00:00,2025-03-04 07:00:03.914845+00:00
109662,1,Hideko Hara,原日出子,Acting,2025-03-02 09:35:42.269341+00:00,2025-03-04 07:00:03.914845+00:00
1123262,1,Greta Scarano,Greta Scarano,Acting,2025-03-02 01:14:54.379063+00:00,2025-03-04 07:00:03.914845+00:00
1344776,1,Pei-Jen Yu,余佩真,Acting,2025-03-02 01:14:54.379063+00:00,2025-03-04 07:00:03.914845+00:00
617505,1,Wen Ying,文英,Acting,2025-03-02 01:14:54.379063+00:00,2025-03-04 07:00:03.914845+00:00
1202392,1,Taskya Namya,Taskya Namya,Acting,2025-03-02 01:14:54.379063+00:00,2025-03-04 07:00:03.914845+00:00
1600616,1,Rebecca Benson,Rebecca Benson,Acting,2025-03-02 01:14:54.379063+00:00,2025-03-04 07:00:03.914845+00:00
3033085,1,Hisui Kimura,Hisui Kimura,Acting,2025-03-02 01:14:54.379063+00:00,2025-03-04 07:00:03.914845+00:00
1186042,1,Teresa Salgueiro,Teresa Salgueiro,Acting,2025-03-02 01:14:54.379063+00:00,2025-03-04 07:00:03.914845+00:00
89879,2,Soichiro Hoshi,保志総一朗,Acting,2025-03-02 01:14:54.379063+00:00,2025-03-04 07:00:03.914845+00:00
16923,2,Pascal Greggory,Pascal Greggory,Acting,2025-03-02 01:14:54.379063+00:00,2025-03-04 07:00:03.914845+00:00
2155170,2,Lee-Zen Lee,李李仁,Acting,2025-03-02 01:14:54.379063+00:00,2025-03-04 07:00:03.914845+00:00
550683,2,Kim Hee-won,김희원,Acting,2025-03-02 01:14:54.379063+00:00,2025-03-04 07:00:03.914845+00:00
1383898,2,Stéphane Bak,Stéphane Bak,Acting,2025-03-02 01:14:54.379063+00:00,2025-03-04 07:00:03.914845+00:00
111640,2,Munetaka Aoki,青木崇高,Acting,2025-03-02 01:14:54.379063+00:00,2025-03-04 07:00:03.914845+00:00
1291248,2,Kiyonobu Mitamura,Kiyonobu Mitamura,Acting,2025-03-02 01:14:54.379063+00:00,2025-03-04 07:00:03.914845+00:00
1046863,2,Lee Hee-jun,이희준,Acting,2025-03-02 01:14:54.379063+00:00,2025-03-04 07:00:03.914845+00:00
225962,2,Giulio Brogi,Giulio Brogi,Acting,2025-03-02 01:14:54.379063+00:00,2025-03-04 07:00:03.914845+00:00
40526,2,Georg Friedrich,Georg Friedrich,Acting,2025-03-02 01:14:54.379063+00:00,2025-03-04 07:00:03.914845+00:00
1211897,2,Chen Baoguo,陈宝国,Acting,2025-03-02 01:14:54.379063+00:00,2025-03-04 07:00:03.914845+00:00
85684,2,Ashish Vidhyarthi,Ashish Vidhyarthi,Acting,2025-03-02 01:14:54.379063+00:00,2025-03-04 07:00:03.914845+00:00
1059905,2,Naozumi Takahashi,高橋直純,Acting,2025-03-02 01:14:54.379063+00:00,2025-03-04 07:00:03.914845+00:00
1240922,2,Roy Chiu,邱澤,Acting,2025-03-02 01:14:54.379063+00:00,2025-03-04 07:00:03.914845+00:00
59270,2,Riccardo Scamarcio,Riccardo Scamarcio,Acting,2025-03-02 01:14:54.379063+00:00,2025-03-04 07:00:03.914845+00:00
1227717,2,Himesh Patel,Himesh Patel,Acting,2025-03-02 01:14:54.379063+00:00,2025-03-04 07:00:03.914845+00:00
64148,2,Chase Ellison,Chase Ellison,Acting,2025-03-02 01:14:54.379063+00:00,2025-03-04 07:00:03.914845+00:00
3730445,2,MoneyBaby,MoneyBaby,Acting,2025-03-02 01:14:54.379063+00:00,2025-03-04 07:00:03.914845+00:00
1893305,2,Chicco Kurniawan,Chicco Kurniawan,Acting,2025-03-02 01:14:54.379063+00:00,2025-03-04 07:00:03.914845+00:00
7572,2,Thom Hoffman,Thom Hoffman,Acting,2025-03-02 01:14:54.379063+00:00,2025-03-04 07:00:03.914845+00:00
1623136,2,David Wang,David Wang,Acting,2025-03-02 01:14:54.379063+00:00,2025-03-04 07:00:03.914845+00:00
81253,2,Ananda Everingham,อนันดา เอเวอริ่งแฮม,Acting,2025-03-02 01:14:54.379063+00:00,2025-03-04 07:00:03.914845+00:00
10297,2,Matthew McConaughey,Matthew McConaughey,Acting,2025-03-02 01:14:54.379063+00:00,2025-03-04 07:00:03.914845+00:00
2047847,2,Julian Hilliard,Julian Hilliard,Acting,2025-03-02 01:14:54.379063+00:00,2025-03-04 07:00:03.914845+00:00
1627904,2,Azees Nedumangad,Azees Nedumangad,Acting,2025-03-02 01:14:54.379063+00:00,2025-03-04 07:00:03.914845+00:00
2954,2,Jeffrey Wright,Jeffrey Wright,Acting,2025-03-02 01:14:54.379063+00:00,2025-03-04 07:00:03.914845+00:00
1200545,2,Tsahi Halevi,Tsahi Halevi,Acting,2025-03-02 01:14:54.379063+00:00,2025-03-04 07:00:03.914845+00:00
8767,2,Jim Caviezel,Jim Caviezel,Acting,2025-03-02 01:14:54.379063+00:00,2025-03-04 07:00:03.914845+00:00
1586567,2,Lee Hyun-wook,이현욱,Acting,2025-03-02 01:14:54.379063+00:00,2025-03-04 07:00:03.914845+00:00
90571,2,Toshihiko Seki,関俊彦,Acting,2025-03-02 01:14:54.379063+00:00,2025-03-04 07:00:03.914845+00:00
114019,2,Luke Evans,Luke Evans,Acting,2025-03-02 01:14:54.379063+00:00,2025-03-04 07:00:03.914845+00:00
1017294,2,Tom Hopper,Tom Hopper,Acting,2025-03-02 01:14:54.379063+00:00,2025-03-04 07:00:03.914845+00:00
1179172,2,Kaiser Chuang,莊凱勛,Acting,2025-03-02 01:14:54.379063+00:00,2025-03-04 07:00:03.914845+00:00
2041183,2,Gerasim Georgiev,Gerasim Georgiev,Acting,2025-03-02 01:14:54.379063+00:00,2025-03-04 07:00:03.914845+00:00
1597754,2,Harry Lu,Harry Lu,Acting,2025-03-02 01:14:54.379063+00:00,2025-03-04 07:00:03.914845+00:00
40450,2,Yo Oizumi,大泉洋,Acting,2025-03-02 01:14:54.379063+00:00,2025-03-04 07:00:03.914845+00:00
8598,2,Douglas Silva,Douglas Silva,Acting,2025-03-02 01:14:54.379063+00:00,2025-03-04 07:00:03.914845+00:00
4139,2,Tom Skerritt,Tom Skerritt,Acting,2025-03-02 01:14:54.379063+00:00,2025-03-04 07:00:03.914845+00:00
1293892,2,Chris Sullivan,Chris Sullivan,Acting,2025-03-02 01:14:54.379063+00:00,2025-03-04 07:00:03.914845+00:00
550628,2,Yoshiyuki Yamaguchi,山口祥行,Acting,2025-03-02 01:14:54.379063+00:00,2025-03-04 07:00:03.914845+00:00
128481,2,Ryo Iwamatsu,岩松了,Acting,2025-03-02 01:14:54.379063+00:00,2025-03-04 07:00:03.914845+00:00
2984519,2,Chu Meng Hsuan,初孟軒,Acting,2025-03-02 01:14:54.379063+00:00,2025-03-04 07:00:03.914845+00:00
880,2,Ben Affleck,Ben Affleck,Acting,2025-03-02 01:14:54.379063+00:00,2025-03-04 07:00:03.914845+00:00
966327,2,Wang Bo-chieh,王柏傑,Acting,2025-03-02 01:14:54.379063+00:00,2025-03-04 07:00:03.914845+00:00
1479869,2,Sope Dirisu,Sope Dirisu,Acting,2025-03-02 01:14:54.379063+00:00,2025-03-04 07:00:03.914845+00:00
3926440,2,Fivewood,Fivewood,Acting,2025-03-02 01:14:54.379063+00:00,2025-03-04 07:00:03.914845+00:00
1367617,2,Cory Michael Smith,Cory Michael Smith,Acting,2025-03-02 01:14:54.379063+00:00,2025-03-04 07:00:03.914845+00:00
438290,2,Christophe Sermet,Christophe Sermet,Acting,2025-03-02 01:14:54.379063+00:00,2025-03-04 07:00:03.914845+00:00
1880016,2,David Howard Thornton,David Howard Thornton,Acting,2025-03-02 01:14:54.379063+00:00,2025-03-04 07:00:03.914845+00:00
3491749,2,Mohamed Tahar Zaoui,محمد الطاهر زاوي,Acting,2025-03-02 01:14:54.379063+00:00,2025-03-04 07:00:03.914845+00:00
1146452,2,Ekkachai Srivichai,เอกชัย ศรีวิชัย,Acting,2025-03-02 01:14:54.379063+00:00,2025-03-04 07:00:03.914845+00:00
1376753,2,Trung Dân,Trung Dân,Acting,2025-03-02 01:14:54.379063+00:00,2025-03-04 07:00:03.914845+00:00
1203293,2,Alan Calton,Alan Calton,Acting,2025-03-02 01:14:54.379063+00:00,2025-03-04 07:00:03.914845+00:00
127564,2,Zo In-sung,조인성,Acting,2025-03-02 01:14:54.379063+00:00,2025-03-04 07:00:03.914845+00:00
3587930,2,Chien-yu Chou,周健瑜,Acting,2025-03-02 01:14:54.379063+00:00,2025-03-04 07:00:03.914845+00:00
78877,2,Ray Lui,呂良偉,Acting,2025-03-02 01:14:54.379063+00:00,2025-03-04 07:00:03.914845+00:00
206161,2,Celyn Jones,Celyn Jones,Acting,2025-03-02 01:14:54.379063+00:00,2025-03-04 07:00:03.914845+00:00
1679,2,Nozomu Sasaki,佐々木望,Acting,2025-03-02 01:14:54.379063+00:00,2025-03-04 07:00:03.914845+00:00
1223726,2,Robbie Amell,Robbie Amell,Acting,2025-03-02 01:14:54.379063+00:00,2025-03-04 07:00:03.914845+00:00
557133,2,David Lee,이다윗,Acting,2025-03-02 01:14:54.379063+00:00,2025-03-04 07:00:03.914845+00:00
1916087,2,Kim Sung-cheol,김성철,Acting,2025-03-02 01:14:54.379063+00:00,2025-03-04 07:00:03.914845+00:00
1324468,2,Ryota Osaka,逢坂良太,Acting,2025-03-02 01:14:54.379063+00:00,2025-03-04 07:00:03.914845+00:00
1388751,2,Soma Saito,斉藤壮馬,Acting,2025-03-02 01:14:54.379063+00:00,2025-03-04 07:00:03.914845+00:00
10859,2,Ryan Reynolds,Ryan Reynolds,Acting,2025-03-02 01:14:54.379063+00:00,2025-03-04 07:00:03.914845+00:00
147404,2,Charlie Weber,Charlie Weber,Acting,2025-03-02 01:14:54.379063+00:00,2025-03-04 07:00:03.914845+00:00
143153,2,Babek Ahmed Poor,Babek Ahmed Poor,Acting,2025-03-02 01:14:54.379063+00:00,2025-03-04 07:00:03.914845+00:00
2931841,2,Louis Boyer,Louis Boyer,Acting,2025-03-02 01:14:54.379063+00:00,2025-03-04 07:00:03.914845+00:00
20334,2,Tsunehiko Kamijô,上條恒彦,Acting,2025-03-02 01:14:54.379063+00:00,2025-03-04 07:00:03.914845+00:00
8655,2,R. Lee Ermey,R. Lee Ermey,Acting,2025-03-02 01:14:54.379063+00:00,2025-03-04 07:00:03.914845+00:00
1620765,2,Key,키,Acting,2025-03-02 01:14:54.379063+00:00,2025-03-04 07:00:03.914845+00:00
51937,2,Jonathan Cherry,Jonathan Cherry,Acting,2025-03-02 01:14:54.379063+00:00,2025-03-04 07:00:03.914845+00:00
224181,2,Jai Courtney,Jai Courtney,Acting,2025-03-02 01:14:54.379063+00:00,2025-03-04 07:00:03.914845+00:00
561869,3,Amandla Stenberg,Amandla Stenberg,Acting,2025-03-02 01:14:54.379063+00:00,2025-03-04 07:00:03.914845+00:00
3730831,3,Sabrina Wu,Sabrina Wu,Acting,2025-03-02 01:14:54.379063+00:00,2025-03-04 07:00:03.914845+00:00
1044850,0,Pierre-Luc Granjon,Pierre-Luc Granjon,Directing,2025-03-02 01:14:54.379063+00:00,2025-03-04 07:00:03.914845+00:00
4837694,0,Wu Yu-Ting,Wu Yu-Ting,Directing,2025-03-02 01:14:54.379063+00:00,2025-03-04 07:00:03.914845+00:00
3910970,0,Tzu-Hui Peng,Tzu-Hui Peng,Directing,2025-03-02 01:14:54.379063+00:00,2025-03-04 07:00:03.914845+00:00
1992140,0,Adam Kalderon,Adam Kalderon,Directing,2025-03-02 01:14:54.379063+00:00,2025-03-04 07:00:03.914845+00:00
3293749,1,Hà Lệ Diễm,Hà Lệ Diễm,Directing,2025-03-02 01:14:54.379063+00:00,2025-03-04 07:00:03.914845+00:00
3457652,1,Kim Soo-jung,Kim Soo-jung,Directing,2025-03-02 01:14:54.379063+00:00,2025-03-04 07:00:03.914845+00:00
1927823,1,Yoko Yamanaka,山中瑶子,Directing,2025-03-02 01:14:54.379063+00:00,2025-03-04 07:00:03.914845+00:00
32958,2,Dominik Graf,Dominik Graf,Directing,2025-03-02 01:14:54.379063+00:00,2025-03-04 07:00:03.914845+00:00
1291492,2,Tim Trachte,Tim Trachte,Directing,2025-03-02 01:14:54.379063+00:00,2025-03-04 07:00:03.914845+00:00
228134,2,Rupert Sanders,Rupert Sanders,Directing,2025-03-02 01:14:54.379063+00:00,2025-03-04 07:00:03.914845+00:00
1338664,2,Chartchai Ketnust,ชาติชาย เกษนัส,Directing,2025-03-02 01:14:54.379063+00:00,2025-03-04 07:00:03.914845+00:00
2409117,2,Li Jun,Li Jun,Directing,2025-03-02 01:14:54.379063+00:00,2025-03-04 07:00:03.914845+00:00
224452,2,Gianfranco Rosi,Gianfranco Rosi,Directing,2025-03-02 09:35:42.269341+00:00,2025-03-04 07:00:03.914845+00:00
1366309,2,Denis Imbert,Denis Imbert,Directing,2025-03-02 01:14:54.379063+00:00,2025-03-04 07:00:03.914845+00:00
6818,2,Werner Herzog,Werner Herzog,Directing,2025-03-02 01:14:54.379063+00:00,2025-03-04 07:00:03.914845+00:00
1551545,2,Steven Caple Jr.,Steven Caple Jr.,Directing,2025-03-02 01:14:54.379063+00:00,2025-03-04 07:00:03.914845+00:00
1574550,2,Ali Abbasi,Ali Abbasi,Directing,2025-03-02 01:14:54.379063+00:00,2025-03-04 07:00:03.914845+00:00
64141,2,David Gordon Green,David Gordon Green,Directing,2025-03-02 01:14:54.379063+00:00,2025-03-04 07:00:03.914845+00:00
1481876,2,Felipe Gálvez,Felipe Gálvez,Directing,2025-03-02 01:14:54.379063+00:00,2025-03-04 07:00:03.914845+00:00
81220,2,Dante Lam Chiu-Yin,林超賢,Directing,2025-03-02 01:14:54.379063+00:00,2025-03-04 07:00:03.914845+00:00
1695439,2,Takashi Naoya,直谷たかし,Directing,2025-03-02 01:14:54.379063+00:00,2025-03-04 07:00:03.914845+00:00
87494,2,Paul Solet,Paul Solet,Directing,2025-03-02 01:14:54.379063+00:00,2025-03-04 07:00:03.914845+00:00
103649,2,Lou Yi-an,Yi-an Lou,Directing,2025-03-02 01:14:54.379063+00:00,2025-03-04 07:00:03.914845+00:00
865,2,Michael Bay,Michael Bay,Production,2025-03-02 01:14:54.379063+00:00,2025-03-04 07:00:03.914845+00:00
2469527,1,Summer Lei,Summer Lei,Sound,2025-03-02 01:14:54.379063+00:00,2025-03-04 07:00:03.914845+00:00
984416,2,Lin Jing-Jie,Lin Jing-Jie,Writing,2025-03-02 01:14:54.379063+00:00,2025-03-04 07:00:03.914845+00:00
87378,2,Ayan Mukerji,Ayan Mukerji,Writing,2025-03-02 01:14:54.379063+00:00,2025-03-04 07:00:03.914845+00:00
2128,2,Leigh Whannell,Leigh Whannell,Writing,2025-03-02 01:14:54.379063+00:00,2025-03-04 07:00:03.914845+00:00
3463763,0,Daxiong,Daxiong,Acting,2025-03-02 01:14:54.379063+00:00,2025-03-04 07:00:03.914845+00:00
2276195,0,Pierre-Antoine Dubey,Pierre-Antoine Dubey,Acting,2025-03-02 01:14:54.379063+00:00,2025-03-04 07:00:03.914845+00:00
2992501,0,Sofio Chanishvili,Sofio Chanishvili,Acting,2025-03-02 01:14:54.379063+00:00,2025-03-04 07:00:03.914845+00:00
4870215,0,Cẩm Ly,Cẩm Ly,Acting,2025-03-02 01:14:54.379063+00:00,2025-03-04 07:00:03.914845+00:00
1112259,0,Lindsay Zwaan,Lindsay Zwaan,Acting,2025-03-02 01:14:54.379063+00:00,2025-03-04 07:00:03.914845+00:00
3553994,0,Kenzo Sambin,Kenzo Sambin,Acting,2025-03-02 01:14:54.379063+00:00,2025-03-04 07:00:03.914845+00:00
3622142,0,Orit Samuel,Orit Samuel,Acting,2025-03-02 01:14:54.379063+00:00,2025-03-04 07:00:03.914845+00:00
4027757,0,Tong Linkai,Tong Linkai,Acting,2025-03-02 01:14:54.379063+00:00,2025-03-04 07:00:03.914845+00:00
3045535,0,Chu Tien-hsin,Chu Tien-hsin,Acting,2025-03-02 01:14:54.379063+00:00,2025-03-04 07:00:03.914845+00:00
4691803,0,Navapum Naruenatdamrong,Navapum Naruenatdamrong,Acting,2025-03-02 01:14:54.379063+00:00,2025-03-04 07:00:03.914845+00:00
4704614,0,Kuenzang Norbu,Kuenzang Norbu,Acting,2025-03-02 01:14:54.379063+00:00,2025-03-04 07:00:03.914845+00:00
3876846,0,Primrose Kern,Primrose Kern,Acting,2025-03-02 01:14:54.379063+00:00,2025-03-04 07:00:03.914845+00:00
5939,1,Grace Lynn Kung,Grace Lynn Kung,Acting,2025-03-02 01:14:54.379063+00:00,2025-03-04 07:00:03.914845+00:00
3254592,1,Danielle Scott,Danielle Scott,Acting,2025-03-02 01:14:54.379063+00:00,2025-03-04 07:00:03.914845+00:00
19961,1,Nina Dobrev,Nina Dobrev,Acting,2025-03-02 01:14:54.379063+00:00,2025-03-04 07:00:03.914845+00:00
1592021,1,J.C Lei,J.C Lei,Acting,2025-03-02 01:14:54.379063+00:00,2025-03-04 07:00:03.914845+00:00
142535,1,Aoi Nakajima,中島葵,Acting,2025-03-02 01:14:54.379063+00:00,2025-03-04 07:00:03.914845+00:00
2846747,1,Almudena Amor,Almudena Amor,Acting,2025-03-02 01:14:54.379063+00:00,2025-03-04 07:00:03.914845+00:00
1966747,1,Choi Ye-won,아린,Acting,2025-03-02 01:14:54.379063+00:00,2025-03-04 07:00:03.914845+00:00
17477,1,Harriet Walter,Harriet Walter,Acting,2025-03-02 01:14:54.379063+00:00,2025-03-04 07:00:03.914845+00:00
989606,1,Peggy Tseng,曾珮瑜,Acting,2025-03-02 01:14:54.379063+00:00,2025-03-04 07:00:03.914845+00:00
96082,1,Yoko Ono,Yoko Ono,Acting,2025-03-02 01:14:54.379063+00:00,2025-03-04 07:00:03.914845+00:00
2698691,1,Wang Yu Ping,Wang Yu Ping,Acting,2025-03-02 01:14:54.379063+00:00,2025-03-04 07:00:03.914845+00:00
56734,1,Chloë Grace Moretz,Chloë Grace Moretz,Acting,2025-03-02 01:14:54.379063+00:00,2025-03-04 07:00:03.914845+00:00
31140,1,Mary Stuart Masterson,Mary Stuart Masterson,Acting,2025-03-02 01:14:54.379063+00:00,2025-03-04 07:00:03.914845+00:00
136761,1,Nathalie Baye,Nathalie Baye,Acting,2025-03-02 01:14:54.379063+00:00,2025-03-04 07:00:03.914845+00:00
150126,1,Jeon Hye-jin,전혜진,Acting,2025-03-02 01:14:54.379063+00:00,2025-03-04 07:00:03.914845+00:00
1866755,1,Wilma Lidén,Wilma Lidén,Acting,2025-03-02 01:14:54.379063+00:00,2025-03-04 07:00:03.914845+00:00
53056,1,Shareeka Epps,Shareeka Epps,Acting,2025-03-02 01:14:54.379063+00:00,2025-03-04 07:00:03.914845+00:00
2359937,1,Jo Yu-ri,조유리,Acting,2025-03-02 01:14:54.379063+00:00,2025-03-04 07:00:03.914845+00:00
37939,1,Yum Jung-ah,염정아,Acting,2025-03-02 01:14:54.379063+00:00,2025-03-04 07:00:03.914845+00:00
1144473,1,Garance Marillier,Garance Marillier,Acting,2025-03-02 01:14:54.379063+00:00,2025-03-04 07:00:03.914845+00:00
1278468,1,Anjaylia Chan,Anjaylia Chan,Acting,2025-03-02 01:14:54.379063+00:00,2025-03-04 07:00:03.914845+00:00
1494902,1,Chai Fonacier,Chai Fonacier,Acting,2025-03-02 01:14:54.379063+00:00,2025-03-04 07:00:03.914845+00:00
555104,1,Urara Takano,高乃麗,Acting,2025-03-02 01:14:54.379063+00:00,2025-03-04 07:00:03.914845+00:00
3052,1,Rachel Griffiths,Rachel Griffiths,Acting,2025-03-02 01:14:54.379063+00:00,2025-03-04 07:00:03.914845+00:00
3060622,1,Riko,莉子,Acting,2025-03-02 01:14:54.379063+00:00,2025-03-04 07:00:03.914845+00:00
970219,1,Teyonah Parris,Teyonah Parris,Acting,2025-03-02 01:14:54.379063+00:00,2025-03-04 07:00:03.914845+00:00
1455770,1,Sue Jean Kim,Sue Jean Kim,Acting,2025-03-02 01:14:54.379063+00:00,2025-03-04 07:00:03.914845+00:00
2698694,1,Chu-Ping Liu,劉主平,Acting,2025-03-02 01:14:54.379063+00:00,2025-03-04 07:00:03.914845+00:00
93430,1,Nicole Calfan,Nicole Calfan,Acting,2025-03-02 01:14:54.379063+00:00,2025-03-04 07:00:03.914845+00:00
18182,1,Olga Kurylenko,Olga Kurylenko,Acting,2025-03-02 01:14:54.379063+00:00,2025-03-04 07:00:03.914845+00:00
65007,1,Vanessa Paradis,Vanessa Paradis,Acting,2025-03-02 01:14:54.379063+00:00,2025-03-04 07:00:03.914845+00:00
226001,1,Ariana Grande,Ariana Grande,Acting,2025-03-02 01:14:54.379063+00:00,2025-03-04 07:00:03.914845+00:00
972609,1,Montserrat Marañon,Montserrat Marañon,Acting,2025-03-02 01:14:54.379063+00:00,2025-03-04 07:00:03.914845+00:00
120258,1,Jenjira Pongpas,Jenjira Pongpas,Acting,2025-03-02 01:14:54.379063+00:00,2025-03-04 07:00:03.914845+00:00
1352930,1,Kim Sun-young,김선영,Acting,2025-03-02 01:14:54.379063+00:00,2025-03-04 07:00:03.914845+00:00
558135,1,Mina Fujii,藤井美菜,Acting,2025-03-02 01:14:54.379063+00:00,2025-03-04 07:00:03.914845+00:00
10205,1,Sigourney Weaver,Sigourney Weaver,Acting,2025-03-02 01:14:54.379063+00:00,2025-03-04 07:00:03.914845+00:00
1332479,1,Tiphaine Daviot,Tiphaine Daviot,Acting,2025-03-02 01:14:54.379063+00:00,2025-03-04 07:00:03.914845+00:00
2919317,1,KARINA,카리나,Acting,2025-03-02 01:14:54.379063+00:00,2025-03-04 07:00:03.914845+00:00
2679649,1,Seo Ji-hye,서지혜,Acting,2025-03-02 01:14:54.379063+00:00,2025-03-04 07:00:03.914845+00:00
1770528,1,Ella-Rae Smith,Ella-Rae Smith,Acting,2025-03-02 01:14:54.379063+00:00,2025-03-04 07:00:03.914845+00:00
50,1,Catherine Deneuve,Catherine Deneuve,Acting,2025-03-02 01:14:54.379063+00:00,2025-03-04 07:00:03.914845+00:00
2746828,1,Elisa Boyd,Elisa Boyd,Acting,2025-03-02 01:14:54.379063+00:00,2025-03-04 07:00:03.914845+00:00
1570257,1,Elena Lietti,Elena Lietti,Acting,2025-03-02 01:14:54.379063+00:00,2025-03-04 07:00:03.914845+00:00
126478,1,Kim Hye-ja,김혜자,Acting,2025-03-02 01:14:54.379063+00:00,2025-03-04 07:00:03.914845+00:00
3549562,1,Kagaw Piling,Kagaw Piling,Acting,2025-03-02 01:14:54.379063+00:00,2025-03-04 07:00:03.914845+00:00
1137368,1,Alyson Leigh Rosenfeld,Alyson Leigh Rosenfeld,Acting,2025-03-02 01:14:54.379063+00:00,2025-03-04 07:00:03.914845+00:00
1173805,1,Zhang Zifeng,张子枫,Acting,2025-03-02 01:14:54.379063+00:00,2025-03-04 07:00:03.914845+00:00
1254300,1,Mai Fuchigami,渕上舞,Acting,2025-03-02 01:14:54.379063+00:00,2025-03-04 07:00:03.914845+00:00
1371819,1,Taj Atwal,Taj Atwal,Acting,2025-03-02 01:14:54.379063+00:00,2025-03-04 07:00:03.914845+00:00
1236264,1,Liu Tao,刘涛,Acting,2025-03-02 01:14:54.379063+00:00,2025-03-04 07:00:03.914845+00:00
6548,1,Isabelle Renauld,Isabelle Renauld,Acting,2025-03-02 01:14:54.379063+00:00,2025-03-04 07:00:03.914845+00:00
1765444,2,Yo Takahashi,高橋洋,Acting,2025-03-02 01:14:54.379063+00:00,2025-03-04 07:00:03.914845+00:00
4621425,2,Tan Kim Wang,Tan Kim Wang,Acting,2025-03-02 01:14:54.379063+00:00,2025-03-04 07:00:03.914845+00:00
3138765,2,Kim Kang-min,김강민,Acting,2025-03-02 01:14:54.379063+00:00,2025-03-04 07:00:03.914845+00:00
115700,2,Takumi Saitoh,斎藤工,Acting,2025-03-02 01:14:54.379063+00:00,2025-03-04 07:00:03.914845+00:00
1205278,2,James Norton,James Norton,Acting,2025-03-02 01:14:54.379063+00:00,2025-03-04 07:00:03.914845+00:00
72631,2,José Luis Gómez,José Luis Gómez,Acting,2025-03-02 01:14:54.379063+00:00,2025-03-04 07:00:03.914845+00:00
1731961,2,Ruairí O'Connor,Ruairí O'Connor,Acting,2025-03-02 01:14:54.379063+00:00,2025-03-04 07:00:03.914845+00:00
1636671,2,Piotr Stramowski,Piotr Stramowski,Acting,2025-03-02 01:14:54.379063+00:00,2025-03-04 07:00:03.914845+00:00
78347,2,Hiroki Doi,土井洋輝,Acting,2025-03-02 01:14:54.379063+00:00,2025-03-04 07:00:03.914845+00:00
3527075,2,Cristiano Sassella,Cristiano Sassella,Acting,2025-03-02 01:14:54.379063+00:00,2025-03-04 07:00:03.914845+00:00
1433475,2,Jacob Ulrik Lohmann,Jacob Lohmann,Acting,2025-03-02 01:14:54.379063+00:00,2025-03-04 07:00:03.914845+00:00
1444187,2,Joachim Fjelstrup,Joachim Fjelstrup,Acting,2025-03-02 01:14:54.379063+00:00,2025-03-04 07:00:03.914845+00:00
1336800,2,Lee Jae-won,이재원,Acting,2025-03-02 01:14:54.379063+00:00,2025-03-04 07:00:03.914845+00:00
3329513,2,Asavapatr Ponpiboon,อัศวภัทร์ ผลพิบูลย์,Acting,2025-03-02 01:14:54.379063+00:00,2025-03-04 07:00:03.914845+00:00
19590,2,Takashi Naito,内藤剛志,Acting,2025-03-02 01:14:54.379063+00:00,2025-03-04 07:00:03.914845+00:00
6167,2,Judd Hirsch,Judd Hirsch,Acting,2025-03-02 01:14:54.379063+00:00,2025-03-04 07:00:03.914845+00:00
1214551,2,Tyler Bunch,Tyler Bunch,Acting,2025-03-02 01:14:54.379063+00:00,2025-03-04 07:00:03.914845+00:00
1263515,2,Thomas Cocquerel,Thomas Cocquerel,Acting,2025-03-02 01:14:54.379063+00:00,2025-03-04 07:00:03.914845+00:00
3088,2,Sterling Hayden,Sterling Hayden,Acting,2025-03-02 01:14:54.379063+00:00,2025-03-04 07:00:03.914845+00:00
1094210,2,Jing Boran,Jing Boran,Acting,2025-03-02 01:14:54.379063+00:00,2025-03-04 07:00:03.914845+00:00
39213,2,Keir O'Donnell,Keir O'Donnell,Acting,2025-03-02 01:14:54.379063+00:00,2025-03-04 07:00:03.914845+00:00
1903,2,Alan Arkin,Alan Arkin,Acting,2025-03-02 09:35:42.269341+00:00,2025-03-04 07:00:03.914845+00:00
1266210,2,Manolis Mavromatakis,Μανώλης Μαυροματάκης,Acting,2025-03-02 01:14:54.379063+00:00,2025-03-04 07:00:03.914845+00:00
2455171,2,Kim Dong-hwi,김동휘,Acting,2025-03-02 01:14:54.379063+00:00,2025-03-04 07:00:03.914845+00:00
3061,2,Ewan McGregor,Ewan McGregor,Acting,2025-03-02 01:14:54.379063+00:00,2025-03-04 07:00:03.914845+00:00
2453005,2,Ardhito Pramono,Ardhito Pramono,Acting,2025-03-02 01:14:54.379063+00:00,2025-03-04 07:00:03.914845+00:00
2240619,2,Won Hyun-jun,Won Hyun-jun,Acting,2025-03-02 01:14:54.379063+00:00,2025-03-04 07:00:03.914845+00:00
1417352,2,Kingsley Ben-Adir,Kingsley Ben-Adir,Acting,2025-03-02 01:14:54.379063+00:00,2025-03-04 07:00:03.914845+00:00
581687,2,Endy Arfian,Endy Arfian,Acting,2025-03-02 01:14:54.379063+00:00,2025-03-04 07:00:03.914845+00:00
71010,2,Tom Conti,Tom Conti,Acting,2025-03-02 01:14:54.379063+00:00,2025-03-04 07:00:03.914845+00:00
1562074,2,Kyle Allen,Kyle Allen,Acting,2025-03-02 01:14:54.379063+00:00,2025-03-04 07:00:03.914845+00:00
13014,2,Toby Jones,Toby Jones,Acting,2025-03-02 01:14:54.379063+00:00,2025-03-04 07:00:03.914845+00:00
2407,2,Rufus,Rufus,Acting,2025-03-02 01:14:54.379063+00:00,2025-03-04 07:00:03.914845+00:00
56871,2,Blair Underwood,Blair Underwood,Acting,2025-03-02 01:14:54.379063+00:00,2025-03-04 07:00:03.914845+00:00
1279079,2,Prama Imanothai,ปรมะ อิ่มอโนทัย,Acting,2025-03-02 01:14:54.379063+00:00,2025-03-04 07:00:03.914845+00:00
566171,2,André Weber,André Weber,Acting,2025-03-02 01:14:54.379063+00:00,2025-03-04 07:00:03.914845+00:00
237363,2,Kento Nagayama,永山絢斗,Acting,2025-03-02 01:14:54.379063+00:00,2025-03-04 07:00:03.914845+00:00
136886,2,Li Tian-Lu,Li Tian-Lu,Acting,2025-03-02 01:14:54.379063+00:00,2025-03-04 07:00:03.914845+00:00
3928685,2,Julius Foo,Julius Foo,Acting,2025-03-02 01:14:54.379063+00:00,2025-03-04 07:00:03.914845+00:00
559490,2,Heinz Lieven,Heinz Lieven,Acting,2025-03-02 01:14:54.379063+00:00,2025-03-04 07:00:03.914845+00:00
5576,2,Val Kilmer,Val Kilmer,Acting,2025-03-02 01:14:54.379063+00:00,2025-03-04 07:00:03.914845+00:00
2326894,2,Thiti Srinuan,Thiti Srinuan,Acting,2025-03-02 01:14:54.379063+00:00,2025-03-04 07:00:03.914845+00:00
929574,2,Joo Won,주원,Acting,2025-03-02 01:14:54.379063+00:00,2025-03-04 07:00:03.914845+00:00
3717584,2,Sahal Zaman,Sahal Zaman,Acting,2025-03-02 01:14:54.379063+00:00,2025-03-04 07:00:03.914845+00:00
47828,2,Paolo Kessisoglu,Paolo Kessisoglu,Acting,2025-03-02 01:14:54.379063+00:00,2025-03-04 07:00:03.914845+00:00
1530559,2,Jang Hyuk-jin,장혁진,Acting,2025-03-02 01:14:54.379063+00:00,2025-03-04 07:00:03.914845+00:00
78729,2,Nathan Lane,Nathan Lane,Acting,2025-03-02 01:14:54.379063+00:00,2025-03-04 07:00:03.914845+00:00
985345,2,Martxelo Rubio,Martxelo Rubio,Acting,2025-03-02 01:14:54.379063+00:00,2025-03-04 07:00:03.914845+00:00
1480174,2,Jin Shijia,金世佳,Acting,2025-03-02 01:14:54.379063+00:00,2025-03-04 07:00:03.914845+00:00
1524100,2,Tom Blyth,Tom Blyth,Acting,2025-03-02 01:14:54.379063+00:00,2025-03-04 07:00:03.914845+00:00
2093326,2,Wei Xiang,魏翔,Acting,2025-03-02 01:14:54.379063+00:00,2025-03-04 07:00:03.914845+00:00
68704,2,Naoto Takenaka,竹中直人,Acting,2025-03-02 01:14:54.379063+00:00,2025-03-04 07:00:03.914845+00:00
33135,2,Chishū Ryū,笠智衆,Acting,2025-03-02 01:14:54.379063+00:00,2025-03-04 07:00:03.914845+00:00
4254604,2,Yu-Heng Hu,Yu-Heng Hu,Acting,2025-03-02 01:14:54.379063+00:00,2025-03-04 07:00:03.914845+00:00
2272,2,Carl Duering,Carl Duering,Acting,2025-03-02 01:14:54.379063+00:00,2025-03-04 07:00:03.914845+00:00
92404,2,Joel Kinnaman,Joel Kinnaman,Acting,2025-03-02 01:14:54.379063+00:00,2025-03-04 07:00:03.914845+00:00
80108,2,Satoshi Tsumabuki,妻夫木聡,Acting,2025-03-02 01:14:54.379063+00:00,2025-03-04 07:00:03.914845+00:00
81350,2,Toshiaki Karasawa,唐沢寿明,Acting,2025-03-02 01:14:54.379063+00:00,2025-03-04 07:00:03.914845+00:00
1034698,2,Igor Khripunov,Игорь Хрипунов,Acting,2025-03-02 01:14:54.379063+00:00,2025-03-04 07:00:03.914845+00:00
20519,2,Simon Yam,任達華,Acting,2025-03-02 01:14:54.379063+00:00,2025-03-04 07:00:03.914845+00:00
1306152,2,Rakshit Shetty,Rakshit Shetty,Acting,2025-03-02 01:14:54.379063+00:00,2025-03-04 07:00:03.914845+00:00
1217738,2,Glenn Beck,Glenn Beck,Acting,2025-03-02 01:14:54.379063+00:00,2025-03-04 07:00:03.914845+00:00
3462075,0,Hazumu Sakuta,Hazumu Sakuta,Directing,2025-03-02 01:14:54.379063+00:00,2025-03-04 07:00:03.914845+00:00
2148238,0,Fan WU,Fan WU,Directing,2025-03-02 01:14:54.379063+00:00,2025-03-04 07:00:03.914845+00:00
4639382,0,Krittanut Watcharanuntagul,Krittanut Watcharanuntagul,Directing,2025-03-02 01:14:54.379063+00:00,2025-03-04 07:00:03.914845+00:00
2874455,0,Jonathan O'Boyle,Jonathan O'Boyle,Directing,2025-03-02 01:14:54.379063+00:00,2025-03-04 07:00:03.914845+00:00
1954075,0,Chu Chuan-Li,曲全立,Directing,2025-03-02 01:14:54.379063+00:00,2025-03-04 07:00:03.914845+00:00
1788850,1,Elena Martín Gimeno,Elena Martín Gimeno,Directing,2025-03-02 01:14:54.379063+00:00,2025-03-04 07:00:03.914845+00:00
129264,1,Zero Chou,Zero Chou,Directing,2025-03-02 01:14:54.379063+00:00,2025-03-04 07:00:03.914845+00:00
139156,1,Dania Pasquini,Dania Pasquini,Directing,2025-03-02 09:35:42.269341+00:00,2025-03-04 07:00:03.914845+00:00
78268,2,Ryuichi Hiroki,廣木隆一,Directing,2025-03-02 01:14:54.379063+00:00,2025-03-04 07:00:03.914845+00:00
1776727,2,Shôgo Kusano,草野翔吾,Directing,2025-03-02 01:14:54.379063+00:00,2025-03-04 07:00:03.914845+00:00
1429912,2,Ryugo Nakamura,仲村颯悟,Directing,2025-03-02 01:14:54.379063+00:00,2025-03-04 07:00:03.914845+00:00
1670127,2,Kei Ishikawa,石川慶,Directing,2025-03-02 01:14:54.379063+00:00,2025-03-04 07:00:03.914845+00:00
1106982,2,Qu Youning,瞿友寧,Directing,2025-03-02 01:14:54.379063+00:00,2025-03-04 07:00:03.914845+00:00
225009,2,Pablo Larraín,Pablo Larraín,Directing,2025-03-02 01:14:54.379063+00:00,2025-03-04 07:00:03.914845+00:00
1485160,2,John Hsu,John Hsu,Directing,2025-03-02 01:14:54.379063+00:00,2025-03-04 07:00:03.914845+00:00
1705284,2,Kuoan Lai,Kuoan Lai,Directing,2025-03-02 01:14:54.379063+00:00,2025-03-04 07:00:03.914845+00:00
230360,2,Kwon Soo-kyung,Kwon Soo-kyung,Directing,2025-03-02 01:14:54.379063+00:00,2025-03-04 07:00:03.914845+00:00
83281,2,Lenny Abrahamson,Lenny Abrahamson,Directing,2025-03-02 01:14:54.379063+00:00,2025-03-04 07:00:03.914845+00:00
3715927,2,Kim Chang-hoon,Kim Chang-hoon,Directing,2025-03-02 01:14:54.379063+00:00,2025-03-04 07:00:03.914845+00:00
133398,2,Quentin Dupieux,Quentin Dupieux,Directing,2025-03-02 01:14:54.379063+00:00,2025-03-04 07:00:03.914845+00:00
1159523,2,Hiroshi Okuhara,奥原浩志,Directing,2025-03-02 01:14:54.379063+00:00,2025-03-04 07:00:03.914845+00:00
123802,2,Kang Dae-gyu,Kang Dae-gyu,Directing,2025-03-02 01:14:54.379063+00:00,2025-03-04 07:00:03.914845+00:00
131564,2,Yasuhiro Yoshiura,吉浦康裕,Directing,2025-03-02 01:14:54.379063+00:00,2025-03-04 07:00:03.914845+00:00
101666,2,Paul King,Paul King,Directing,2025-03-02 01:14:54.379063+00:00,2025-03-04 07:00:03.914845+00:00
58324,2,Jean-François Richet,Jean-François Richet,Directing,2025-03-02 01:14:54.379063+00:00,2025-03-04 07:00:03.914845+00:00
74752,2,Nikolaj Arcel,Nikolaj Arcel,Directing,2025-03-02 01:14:54.379063+00:00,2025-03-04 07:00:03.914845+00:00
18626,2,Andy Warhol,Andy Warhol,Directing,2025-03-02 01:14:54.379063+00:00,2025-03-04 07:00:03.914845+00:00
1901973,2,Behtash Sanaeeha,Behtash Sanaeeha,Directing,2025-03-02 01:14:54.379063+00:00,2025-03-04 07:00:03.914845+00:00
113855,2,Xavier Giannoli,Xavier Giannoli,Directing,2025-03-02 01:14:54.379063+00:00,2025-03-04 07:00:03.914845+00:00
584193,2,Mariano Cohn,Mariano Cohn,Directing,2025-03-02 01:14:54.379063+00:00,2025-03-04 07:00:03.914845+00:00
2705230,1,Aimyon,あいみょん,Sound,2025-03-02 01:14:54.379063+00:00,2025-03-04 07:00:03.914845+00:00
1259,2,Ennio Morricone,Ennio Morricone,Sound,2025-03-02 01:14:54.379063+00:00,2025-03-04 07:00:03.914845+00:00
1880399,0,Kazuhito Nakae,Kazuhito Nakae,Writing,2025-03-02 01:14:54.379063+00:00,2025-03-04 07:00:03.914845+00:00
1923093,0,Carlos Goitia,Carlos Goitia,Writing,2025-03-02 01:14:54.379063+00:00,2025-03-04 07:00:03.914845+00:00
1296327,2,Kim Dae-woo,김대우,Writing,2025-03-02 01:14:54.379063+00:00,2025-03-04 07:00:03.914845+00:00
