tmdb_id,keyword_name,data_created_time,data_updated_time
671,joyous,2025-03-02 09:36:00.986468+00:00,2025-03-02 09:36:00.986468+00:00
12444,witch,2025-03-02 09:36:00.986468+00:00,2025-03-02 09:36:00.986468+00:00
12444,tension,2025-03-02 09:36:00.986468+00:00,2025-03-02 09:36:00.986468+00:00
12444,corruption,2025-03-02 09:36:00.986468+00:00,2025-03-02 09:36:00.986468+00:00
12444,ghost,2025-03-02 09:36:00.986468+00:00,2025-03-02 09:36:00.986468+00:00
12444,attack,2025-03-02 09:36:00.986468+00:00,2025-03-02 09:36:00.986468+00:00
12444,based on young adult novel,2025-03-02 09:36:00.986468+00:00,2025-03-02 09:36:00.986468+00:00
12444,teleportation,2025-03-02 09:36:00.986468+00:00,2025-03-02 09:36:00.986468+00:00
12444,friendship,2025-03-02 09:36:00.986468+00:00,2025-03-02 09:36:00.986468+00:00
12444,escape,2025-03-02 09:36:00.986468+00:00,2025-03-02 09:36:00.986468+00:00
12444,christmas,2025-03-02 09:36:00.986468+00:00,2025-03-02 09:36:00.986468+00:00
12444,"london, england",2025-03-02 09:36:00.986468+00:00,2025-03-02 09:36:00.986468+00:00
12444,isolation,2025-03-02 09:36:00.986468+00:00,2025-03-02 09:36:00.986468+00:00
12444,shelter,2025-03-02 09:36:00.986468+00:00,2025-03-02 09:36:00.986468+00:00
12444,wizard,2025-03-02 09:36:00.986468+00:00,2025-03-02 09:36:00.986468+00:00
12444,road movie,2025-03-02 09:36:00.986468+00:00,2025-03-02 09:36:00.986468+00:00
12444,mysterious,2025-03-02 09:36:00.986468+00:00,2025-03-02 09:36:00.986468+00:00
12444,bravery,2025-03-02 09:36:00.986468+00:00,2025-03-02 09:36:00.986468+00:00
12444,road trip,2025-03-02 09:36:00.986468+00:00,2025-03-02 09:36:00.986468+00:00
12444,werewolf,2025-03-02 09:36:00.986468+00:00,2025-03-02 09:36:00.986468+00:00
12444,radio,2025-03-02 09:36:00.986468+00:00,2025-03-02 09:36:00.986468+00:00
12444,magic,2025-03-02 09:36:00.986468+00:00,2025-03-02 09:36:00.986468+00:00
12445,magic,2025-03-02 09:36:00.986468+00:00,2025-03-02 09:36:00.986468+00:00
12445,dying and death,2025-03-02 09:36:00.986468+00:00,2025-03-02 09:36:00.986468+00:00
12445,christmas,2025-03-02 09:36:00.986468+00:00,2025-03-02 09:36:00.986468+00:00
12445,school,2025-03-02 09:36:00.986468+00:00,2025-03-02 09:36:00.986468+00:00
12445,battle,2025-03-02 09:36:00.986468+00:00,2025-03-02 09:36:00.986468+00:00
12445,teenage hero,2025-03-02 09:36:00.986468+00:00,2025-03-02 09:36:00.986468+00:00
12445,self sacrifice,2025-03-02 09:36:00.986468+00:00,2025-03-02 09:36:00.986468+00:00
12445,sorcerer,2025-03-02 09:36:00.986468+00:00,2025-03-02 09:36:00.986468+00:00
12445,wizard,2025-03-02 09:36:00.986468+00:00,2025-03-02 09:36:00.986468+00:00
12445,good versus evil,2025-03-02 09:36:00.986468+00:00,2025-03-02 09:36:00.986468+00:00
12445,school of witchcraft,2025-03-02 09:36:00.986468+00:00,2025-03-02 09:36:00.986468+00:00
12445,based on young adult novel,2025-03-02 09:36:00.986468+00:00,2025-03-02 09:36:00.986468+00:00
12445,mysterious,2025-03-02 09:36:00.986468+00:00,2025-03-02 09:36:00.986468+00:00
12445,witch,2025-03-02 09:36:00.986468+00:00,2025-03-02 09:36:00.986468+00:00
12445,ghost,2025-03-02 09:36:00.986468+00:00,2025-03-02 09:36:00.986468+00:00
12445,saving the world,2025-03-02 09:36:00.986468+00:00,2025-03-02 09:36:00.986468+00:00
361743,military,2025-03-02 09:36:00.986468+00:00,2025-03-02 09:36:00.986468+00:00
361743,war,2025-03-02 09:36:00.986468+00:00,2025-03-02 09:36:00.986468+00:00
361743,aircraft carrier,2025-03-02 09:36:00.986468+00:00,2025-03-02 09:36:00.986468+00:00
361743,sequel,2025-03-02 09:36:00.986468+00:00,2025-03-02 09:36:00.986468+00:00
361743,naval aviation,2025-03-02 09:36:00.986468+00:00,2025-03-02 09:36:00.986468+00:00
361743,grand,2025-03-02 09:36:00.986468+00:00,2025-03-02 09:36:00.986468+00:00
361743,nostalgic,2025-03-02 09:36:00.986468+00:00,2025-03-02 09:36:00.986468+00:00
361743,audacious,2025-03-02 09:36:00.986468+00:00,2025-03-02 09:36:00.986468+00:00
361743,admiring,2025-03-02 09:36:00.986468+00:00,2025-03-02 09:36:00.986468+00:00
361743,nuclear weapons,2025-03-02 09:36:00.986468+00:00,2025-03-02 09:36:00.986468+00:00
361743,u.s. navy,2025-03-02 09:36:00.986468+00:00,2025-03-02 09:36:00.986468+00:00
361743,tense,2025-03-02 09:36:00.986468+00:00,2025-03-02 09:36:00.986468+00:00
361743,fighter pilot,2025-03-02 09:36:00.986468+00:00,2025-03-02 09:36:00.986468+00:00
361743,sentimental,2025-03-02 09:36:00.986468+00:00,2025-03-02 09:36:00.986468+00:00
361743,exuberant,2025-03-02 09:36:00.986468+00:00,2025-03-02 09:36:00.986468+00:00
361743,earnest,2025-03-02 09:36:00.986468+00:00,2025-03-02 09:36:00.986468+00:00
438148,supervillain,2025-03-02 09:36:00.986468+00:00,2025-03-02 09:36:00.986468+00:00
438148,gentleminions,2025-03-02 09:36:00.986468+00:00,2025-03-02 09:36:00.986468+00:00
438148,illumination,2025-03-02 09:36:00.986468+00:00,2025-03-02 09:36:00.986468+00:00
438148,1970s,2025-03-02 09:36:00.986468+00:00,2025-03-02 09:36:00.986468+00:00
438148,duringcreditsstinger,2025-03-02 09:36:00.986468+00:00,2025-03-02 09:36:00.986468+00:00
438148,villain,2025-03-02 09:36:00.986468+00:00,2025-03-02 09:36:00.986468+00:00
438148,spin off,2025-03-02 09:36:00.986468+00:00,2025-03-02 09:36:00.986468+00:00
438148,sequel,2025-03-02 09:36:00.986468+00:00,2025-03-02 09:36:00.986468+00:00
507086,animal sanctuary,2025-03-02 09:36:00.986468+00:00,2025-03-02 09:36:00.986468+00:00
507086,giant monster,2025-03-02 09:36:00.986468+00:00,2025-03-02 09:36:00.986468+00:00
507086,paleontology,2025-03-02 09:36:00.986468+00:00,2025-03-02 09:36:00.986468+00:00
507086,dinosaur,2025-03-02 09:36:00.986468+00:00,2025-03-02 09:36:00.986468+00:00
507086,child kidnapping,2025-03-02 09:36:00.986468+00:00,2025-03-02 09:36:00.986468+00:00
507086,jurassic,2025-03-02 09:36:00.986468+00:00,2025-03-02 09:36:00.986468+00:00
507086,scientist,2025-03-02 09:36:00.986468+00:00,2025-03-02 09:36:00.986468+00:00
507086,survival,2025-03-02 09:36:00.986468+00:00,2025-03-02 09:36:00.986468+00:00
507086,science goes awry,2025-03-02 09:36:00.986468+00:00,2025-03-02 09:36:00.986468+00:00
507086,sequel,2025-03-02 09:36:00.986468+00:00,2025-03-02 09:36:00.986468+00:00
615656,environmental crisis,2025-03-02 09:36:00.986468+00:00,2025-03-02 09:36:00.986468+00:00
615656,shark,2025-03-02 09:36:00.986468+00:00,2025-03-02 09:36:00.986468+00:00
615656,based on novel or book,2025-03-02 09:36:00.986468+00:00,2025-03-02 09:36:00.986468+00:00
615656,sequel,2025-03-02 09:36:00.986468+00:00,2025-03-02 09:36:00.986468+00:00
615656,mariana trench,2025-03-02 09:36:00.986468+00:00,2025-03-02 09:36:00.986468+00:00
615656,underwater,2025-03-02 09:36:00.986468+00:00,2025-03-02 09:36:00.986468+00:00
615656,shark cage,2025-03-02 09:36:00.986468+00:00,2025-03-02 09:36:00.986468+00:00
615656,deep sea,2025-03-02 09:36:00.986468+00:00,2025-03-02 09:36:00.986468+00:00
615656,kaiju,2025-03-02 09:36:00.986468+00:00,2025-03-02 09:36:00.986468+00:00
615656,civil action,2025-03-02 09:36:00.986468+00:00,2025-03-02 09:36:00.986468+00:00
615904,celebrity,2025-03-02 09:36:00.986468+00:00,2025-03-02 09:36:00.986468+00:00
615904,duringcreditsstinger,2025-03-02 09:36:00.986468+00:00,2025-03-02 09:36:00.986468+00:00
615904,based on comic,2025-03-02 09:36:00.986468+00:00,2025-03-02 09:36:00.986468+00:00
615904,wedding,2025-03-02 09:36:00.986468+00:00,2025-03-02 09:36:00.986468+00:00
615904,marriage,2025-03-02 09:36:00.986468+00:00,2025-03-02 09:36:00.986468+00:00
640146,family,2025-03-02 09:36:00.986468+00:00,2025-03-02 09:36:00.986468+00:00
640146,based on comic,2025-03-02 09:36:00.986468+00:00,2025-03-02 09:36:00.986468+00:00
640146,superhero,2025-03-02 09:36:00.986468+00:00,2025-03-02 09:36:00.986468+00:00
640146,sequel,2025-03-02 09:36:00.986468+00:00,2025-03-02 09:36:00.986468+00:00
640146,aftercreditsstinger,2025-03-02 09:36:00.986468+00:00,2025-03-02 09:36:00.986468+00:00
640146,alternate dimension,2025-03-02 09:36:00.986468+00:00,2025-03-02 09:36:00.986468+00:00
640146,marvel cinematic universe (mcu),2025-03-02 09:36:00.986468+00:00,2025-03-02 09:36:00.986468+00:00
640146,ant,2025-03-02 09:36:00.986468+00:00,2025-03-02 09:36:00.986468+00:00
640146,hero,2025-03-02 09:36:00.986468+00:00,2025-03-02 09:36:00.986468+00:00
640146,duringcreditsstinger,2025-03-02 09:36:00.986468+00:00,2025-03-02 09:36:00.986468+00:00
762504,death of father,2025-03-02 09:36:00.986468+00:00,2025-03-02 09:36:00.986468+00:00
762504,african american man,2025-03-02 09:36:00.986468+00:00,2025-03-02 09:36:00.986468+00:00
762504,child star,2025-03-02 09:36:00.986468+00:00,2025-03-02 09:36:00.986468+00:00
762504,brother sister relationship,2025-03-02 09:36:00.986468+00:00,2025-03-02 09:36:00.986468+00:00
762504,chimpanzee,2025-03-02 09:36:00.986468+00:00,2025-03-02 09:36:00.986468+00:00
762504,california,2025-03-02 09:36:00.986468+00:00,2025-03-02 09:36:00.986468+00:00
762504,exploitation,2025-03-02 09:36:00.986468+00:00,2025-03-02 09:36:00.986468+00:00
762504,aftercreditsstinger,2025-03-02 09:36:00.986468+00:00,2025-03-02 09:36:00.986468+00:00
762504,horse farm,2025-03-02 09:36:00.986468+00:00,2025-03-02 09:36:00.986468+00:00
762504,hopeful,2025-03-02 09:36:00.986468+00:00,2025-03-02 09:36:00.986468+00:00
762504,social commentary,2025-03-02 09:36:00.986468+00:00,2025-03-02 09:36:00.986468+00:00
762504,baffled,2025-03-02 09:36:00.986468+00:00,2025-03-02 09:36:00.986468+00:00
762504,horse,2025-03-02 09:36:00.986468+00:00,2025-03-02 09:36:00.986468+00:00
762504,alien invasion,2025-03-02 09:36:00.986468+00:00,2025-03-02 09:36:00.986468+00:00
762504,awestruck,2025-03-02 09:36:00.986468+00:00,2025-03-02 09:36:00.986468+00:00
762504,video surveillance,2025-03-02 09:36:00.986468+00:00,2025-03-02 09:36:00.986468+00:00
762504,racial issues,2025-03-02 09:36:00.986468+00:00,2025-03-02 09:36:00.986468+00:00
762504,psychological thriller,2025-03-02 09:36:00.986468+00:00,2025-03-02 09:36:00.986468+00:00
762504,melodramatic,2025-03-02 09:36:00.986468+00:00,2025-03-02 09:36:00.986468+00:00
762504,ufo,2025-03-02 09:36:00.986468+00:00,2025-03-02 09:36:00.986468+00:00
762504,alien,2025-03-02 09:36:00.986468+00:00,2025-03-02 09:36:00.986468+00:00
762509,ambivalent,2025-03-02 09:36:00.986468+00:00,2025-03-02 09:36:00.986468+00:00
807172,reboot,2025-03-02 09:36:00.986468+00:00,2025-03-02 09:36:00.986468+00:00
807172,awestruck,2025-03-02 09:36:00.986468+00:00,2025-03-02 09:36:00.986468+00:00
807172,possession,2025-03-02 09:36:00.986468+00:00,2025-03-02 09:36:00.986468+00:00
807172,father daughter relationship,2025-03-02 09:36:00.986468+00:00,2025-03-02 09:36:00.986468+00:00
807172,religious horror,2025-03-02 09:36:00.986468+00:00,2025-03-02 09:36:00.986468+00:00
807172,demonic possession,2025-03-02 09:36:00.986468+00:00,2025-03-02 09:36:00.986468+00:00
807172,exorcist,2025-03-02 09:36:00.986468+00:00,2025-03-02 09:36:00.986468+00:00
807172,sequel,2025-03-02 09:36:00.986468+00:00,2025-03-02 09:36:00.986468+00:00
807172,disappearance,2025-03-02 09:36:00.986468+00:00,2025-03-02 09:36:00.986468+00:00
807172,exorcism,2025-03-02 09:36:00.986468+00:00,2025-03-02 09:36:00.986468+00:00
807172,death of mother,2025-03-02 09:36:00.986468+00:00,2025-03-02 09:36:00.986468+00:00
807172,faith,2025-03-02 09:36:00.986468+00:00,2025-03-02 09:36:00.986468+00:00
822119,treaty,2025-03-02 09:36:00.986468+00:00,2025-03-02 09:36:00.986468+00:00
822119,superhero,2025-03-02 09:36:00.986468+00:00,2025-03-02 09:36:00.986468+00:00
822119,revenge,2025-03-02 09:36:00.986468+00:00,2025-03-02 09:36:00.986468+00:00
822119,political thriller,2025-03-02 09:36:00.986468+00:00,2025-03-02 09:36:00.986468+00:00
822119,assassination attempt,2025-03-02 09:36:00.986468+00:00,2025-03-02 09:36:00.986468+00:00
822119,marvel cinematic universe (mcu),2025-03-02 09:36:00.986468+00:00,2025-03-02 09:36:00.986468+00:00
822119,aftercreditsstinger,2025-03-02 09:36:00.986468+00:00,2025-03-02 09:36:00.986468+00:00
822119,sidekick,2025-03-02 09:36:00.986468+00:00,2025-03-02 09:36:00.986468+00:00
822119,international relations,2025-03-02 09:36:00.986468+00:00,2025-03-02 09:36:00.986468+00:00
822119,https://justwatch.pro/movie/822119/captain-america-brave-new-world,2025-03-02 09:36:00.986468+00:00,2025-03-02 09:36:00.986468+00:00
822119,hero,2025-03-02 09:36:00.986468+00:00,2025-03-02 09:36:00.986468+00:00
823219,wonder,2025-03-02 09:36:00.986468+00:00,2025-03-02 09:36:00.986468+00:00
823464,giant monster,2025-03-02 09:36:00.986468+00:00,2025-03-02 09:36:00.986468+00:00
823464,sequel,2025-03-02 09:36:00.986468+00:00,2025-03-02 09:36:00.986468+00:00
823464,king kong,2025-03-02 09:36:00.986468+00:00,2025-03-02 09:36:00.986468+00:00
823464,dinosaur,2025-03-02 09:36:00.986468+00:00,2025-03-02 09:36:00.986468+00:00
823464,godzilla,2025-03-02 09:36:00.986468+00:00,2025-03-02 09:36:00.986468+00:00
823464,langue française,2025-03-02 09:36:00.986468+00:00,2025-03-02 09:36:00.986468+00:00
823464,fantasy world,2025-03-02 09:36:00.986468+00:00,2025-03-02 09:36:00.986468+00:00
823464,kaiju,2025-03-02 09:36:00.986468+00:00,2025-03-02 09:36:00.986468+00:00
823464,giant ape,2025-03-02 09:36:00.986468+00:00,2025-03-02 09:36:00.986468+00:00
823464,monkey,2025-03-02 09:36:00.986468+00:00,2025-03-02 09:36:00.986468+00:00
848538,spy,2025-03-02 09:36:00.986468+00:00,2025-03-02 09:36:00.986468+00:00
848538,author,2025-03-02 09:36:00.986468+00:00,2025-03-02 09:36:00.986468+00:00
848538,cat,2025-03-02 09:36:00.986468+00:00,2025-03-02 09:36:00.986468+00:00
848538,writer's block,2025-03-02 09:36:00.986468+00:00,2025-03-02 09:36:00.986468+00:00
848538,aftercreditsstinger,2025-03-02 09:36:00.986468+00:00,2025-03-02 09:36:00.986468+00:00
848538,secret agent,2025-03-02 09:36:00.986468+00:00,2025-03-02 09:36:00.986468+00:00
848538,secrets,2025-03-02 09:36:00.986468+00:00,2025-03-02 09:36:00.986468+00:00
848538,novelist,2025-03-02 09:36:00.986468+00:00,2025-03-02 09:36:00.986468+00:00
848538,cliché,2025-03-02 09:36:00.986468+00:00,2025-03-02 09:36:00.986468+00:00
848538,absurd,2025-03-02 09:36:00.986468+00:00,2025-03-02 09:36:00.986468+00:00
950282,mysterious death,2025-03-02 09:36:00.986468+00:00,2025-03-02 09:36:00.986468+00:00
950282,south korea,2025-03-02 09:36:00.986468+00:00,2025-03-02 09:36:00.986468+00:00
950282,occult horror,2025-03-02 09:36:00.986468+00:00,2025-03-02 09:36:00.986468+00:00
952083,anime,2025-03-02 09:36:00.986468+00:00,2025-03-02 09:36:00.986468+00:00
957452,mysterious,2025-03-02 09:36:00.986468+00:00,2025-03-02 09:36:00.986468+00:00
957452,blunt,2025-03-02 09:36:00.986468+00:00,2025-03-02 09:36:00.986468+00:00
1004682,pope,2025-03-02 09:36:00.986468+00:00,2025-03-02 09:36:00.986468+00:00
1130659,dance,2025-03-02 09:36:00.986468+00:00,2025-03-02 09:36:00.986468+00:00
1130659,hip-hop,2025-03-02 09:36:00.986468+00:00,2025-03-02 09:36:00.986468+00:00
1130659,brothers,2025-03-02 09:36:00.986468+00:00,2025-03-02 09:36:00.986468+00:00
1130659,break dance,2025-03-02 09:36:00.986468+00:00,2025-03-02 09:36:00.986468+00:00
1140535,paranormální jevy,2025-03-02 09:36:00.986468+00:00,2025-03-02 09:36:00.986468+00:00
1140535,zlo,2025-03-02 09:36:00.986468+00:00,2025-03-02 09:36:00.986468+00:00
1140535,duchové,2025-03-02 09:36:00.986468+00:00,2025-03-02 09:36:00.986468+00:00
1226578,horrified,2025-03-02 09:36:00.986468+00:00,2025-03-02 09:36:00.986468+00:00
1287324,honeymoon,2025-03-02 09:36:00.986468+00:00,2025-03-02 09:36:00.986468+00:00
1287324,newlyweds,2025-03-02 09:36:00.986468+00:00,2025-03-02 09:36:00.986468+00:00
1287324,anime,2025-03-02 09:36:00.986468+00:00,2025-03-02 09:36:00.986468+00:00
1287324,romcom,2025-03-02 09:36:00.986468+00:00,2025-03-02 09:36:00.986468+00:00
1287324,based on manga,2025-03-02 09:36:00.986468+00:00,2025-03-02 09:36:00.986468+00:00
531428,orpheus,2025-03-02 00:57:22.087248+00:00,2025-03-02 07:00:30.494532+00:00
693134,grand,2025-03-02 00:57:22.087248+00:00,2025-03-02 07:00:30.494532+00:00
762509,sympathetic,2025-03-02 00:57:22.087248+00:00,2025-03-02 07:00:30.494532+00:00
823219,frustrated,2025-03-02 00:57:22.087248+00:00,2025-03-02 07:00:30.494532+00:00
939243,https://justwatch.pro/movie/939243/sonic-the-hedgehog-3,2025-03-02 00:57:22.087248+00:00,2025-03-02 07:00:30.494532+00:00
38,memory,2025-03-02 00:57:22.087248+00:00,2025-03-02 09:36:00.986468+00:00
38,new york city,2025-03-02 00:57:22.087248+00:00,2025-03-02 09:36:00.986468+00:00
38,jealousy,2025-03-02 00:57:22.087248+00:00,2025-03-02 09:36:00.986468+00:00
38,joyful,2025-03-02 00:57:22.087248+00:00,2025-03-02 09:36:00.986468+00:00
38,relationship problems,2025-03-02 00:57:22.087248+00:00,2025-03-02 09:36:00.986468+00:00
38,deja vu,2025-03-02 00:57:22.087248+00:00,2025-03-02 09:36:00.986468+00:00
38,depressing,2025-03-02 00:57:22.087248+00:00,2025-03-02 09:36:00.986468+00:00
38,love,2025-03-02 00:57:22.087248+00:00,2025-03-02 09:36:00.986468+00:00
38,comforting,2025-03-02 00:57:22.087248+00:00,2025-03-02 09:36:00.986468+00:00
38,operation,2025-03-02 00:57:22.087248+00:00,2025-03-02 09:36:00.986468+00:00
38,dreams,2025-03-02 00:57:22.087248+00:00,2025-03-02 09:36:00.986468+00:00
38,nonlinear timeline,2025-03-02 00:57:22.087248+00:00,2025-03-02 09:36:00.986468+00:00
38,heartbreak,2025-03-02 00:57:22.087248+00:00,2025-03-02 09:36:00.986468+00:00
38,regret,2025-03-02 00:57:22.087248+00:00,2025-03-02 09:36:00.986468+00:00
38,relationship,2025-03-02 00:57:22.087248+00:00,2025-03-02 09:36:00.986468+00:00
38,brainwashing,2025-03-02 00:57:22.087248+00:00,2025-03-02 09:36:00.986468+00:00
38,2000s,2025-03-02 00:57:22.087248+00:00,2025-03-02 09:36:00.986468+00:00
38,amnesia,2025-03-02 00:57:22.087248+00:00,2025-03-02 09:36:00.986468+00:00
62,space mission,2025-03-02 00:57:22.087248+00:00,2025-03-02 09:36:00.986468+00:00
62,space travel,2025-03-02 00:57:22.087248+00:00,2025-03-02 09:36:00.986468+00:00
62,dreary,2025-03-02 00:57:22.087248+00:00,2025-03-02 09:36:00.986468+00:00
62,philosophical,2025-03-02 00:57:22.087248+00:00,2025-03-02 09:36:00.986468+00:00
62,grand,2025-03-02 00:57:22.087248+00:00,2025-03-02 09:36:00.986468+00:00
62,man vs machine,2025-03-02 00:57:22.087248+00:00,2025-03-02 09:36:00.986468+00:00
62,audacious,2025-03-02 00:57:22.087248+00:00,2025-03-02 09:36:00.986468+00:00
62,space opera,2025-03-02 00:57:22.087248+00:00,2025-03-02 09:36:00.986468+00:00
62,excited,2025-03-02 00:57:22.087248+00:00,2025-03-02 09:36:00.986468+00:00
62,astronaut,2025-03-02 00:57:22.087248+00:00,2025-03-02 09:36:00.986468+00:00
62,moon,2025-03-02 00:57:22.087248+00:00,2025-03-02 09:36:00.986468+00:00
62,artificial intelligence (a.i.),2025-03-02 00:57:22.087248+00:00,2025-03-02 09:36:00.986468+00:00
62,tense,2025-03-02 00:57:22.087248+00:00,2025-03-02 09:36:00.986468+00:00
62,absurd,2025-03-02 00:57:22.087248+00:00,2025-03-02 09:36:00.986468+00:00
62,moon base,2025-03-02 00:57:22.087248+00:00,2025-03-02 09:36:00.986468+00:00
62,evolution,2025-03-02 00:57:22.087248+00:00,2025-03-02 09:36:00.986468+00:00
62,based on novel or book,2025-03-02 00:57:22.087248+00:00,2025-03-02 09:36:00.986468+00:00
62,2000s,2025-03-02 00:57:22.087248+00:00,2025-03-02 09:36:00.986468+00:00
62,baffled,2025-03-02 00:57:22.087248+00:00,2025-03-02 09:36:00.986468+00:00
62,space station,2025-03-02 00:57:22.087248+00:00,2025-03-02 09:36:00.986468+00:00
62,technology,2025-03-02 00:57:22.087248+00:00,2025-03-02 09:36:00.986468+00:00
62,super computer,2025-03-02 00:57:22.087248+00:00,2025-03-02 09:36:00.986468+00:00
62,complex,2025-03-02 00:57:22.087248+00:00,2025-03-02 09:36:00.986468+00:00
62,monolith,2025-03-02 00:57:22.087248+00:00,2025-03-02 09:36:00.986468+00:00
62,ai rebellion,2025-03-02 00:57:22.087248+00:00,2025-03-02 09:36:00.986468+00:00
62,jupiter,2025-03-02 00:57:22.087248+00:00,2025-03-02 09:36:00.986468+00:00
64,dying and death,2025-03-02 00:57:22.087248+00:00,2025-03-02 09:36:00.986468+00:00
64,coma,2025-03-02 00:57:22.087248+00:00,2025-03-02 09:36:00.986468+00:00
64,rape,2025-03-02 00:57:22.087248+00:00,2025-03-02 09:36:00.986468+00:00
64,car crash,2025-03-02 00:57:22.087248+00:00,2025-03-02 09:36:00.986468+00:00
64,journalist,2025-03-02 00:57:22.087248+00:00,2025-03-02 09:36:00.986468+00:00
64,matador (bullfighter),2025-03-02 00:57:22.087248+00:00,2025-03-02 09:36:00.986468+00:00
64,suicide,2025-03-02 00:57:22.087248+00:00,2025-03-02 09:36:00.986468+00:00
64,hospital,2025-03-02 00:57:22.087248+00:00,2025-03-02 09:36:00.986468+00:00
64,spain,2025-03-02 00:57:22.087248+00:00,2025-03-02 09:36:00.986468+00:00
64,pregnancy,2025-03-02 00:57:22.087248+00:00,2025-03-02 09:36:00.986468+00:00
64,sexual abuse,2025-03-02 00:57:22.087248+00:00,2025-03-02 09:36:00.986468+00:00
64,"madrid, spain",2025-03-02 00:57:22.087248+00:00,2025-03-02 09:36:00.986468+00:00
64,friendship,2025-03-02 00:57:22.087248+00:00,2025-03-02 09:36:00.986468+00:00
64,bullfighting,2025-03-02 00:57:22.087248+00:00,2025-03-02 09:36:00.986468+00:00
71,late 20th century,2025-03-02 00:57:22.087248+00:00,2025-03-02 09:36:00.986468+00:00
71,retrospective,2025-03-02 00:57:22.087248+00:00,2025-03-02 09:36:00.986468+00:00
71,socialism,2025-03-02 00:57:22.087248+00:00,2025-03-02 09:36:00.986468+00:00
71,street kid,2025-03-02 00:57:22.087248+00:00,2025-03-02 09:36:00.986468+00:00
71,strike,2025-03-02 00:57:22.087248+00:00,2025-03-02 09:36:00.986468+00:00
71,gay theme,2025-03-02 00:57:22.087248+00:00,2025-03-02 09:36:00.986468+00:00
71,miners strike,2025-03-02 00:57:22.087248+00:00,2025-03-02 09:36:00.986468+00:00
71,street riots,2025-03-02 00:57:22.087248+00:00,2025-03-02 09:36:00.986468+00:00
71,workers' quarter,2025-03-02 00:57:22.087248+00:00,2025-03-02 09:36:00.986468+00:00
71,ballet dancer,2025-03-02 00:57:22.087248+00:00,2025-03-02 09:36:00.986468+00:00
71,dancing,2025-03-02 00:57:22.087248+00:00,2025-03-02 09:36:00.986468+00:00
71,revolt,2025-03-02 00:57:22.087248+00:00,2025-03-02 09:36:00.986468+00:00
71,small person,2025-03-02 00:57:22.087248+00:00,2025-03-02 09:36:00.986468+00:00
71,dance class,2025-03-02 00:57:22.087248+00:00,2025-03-02 09:36:00.986468+00:00
71,crying,2025-03-02 00:57:22.087248+00:00,2025-03-02 09:36:00.986468+00:00
71,80s throwback,2025-03-02 00:57:22.087248+00:00,2025-03-02 09:36:00.986468+00:00
71,ballet,2025-03-02 00:57:22.087248+00:00,2025-03-02 09:36:00.986468+00:00
71,homophobia,2025-03-02 00:57:22.087248+00:00,2025-03-02 09:36:00.986468+00:00
71,teen playing kid,2025-03-02 00:57:22.087248+00:00,2025-03-02 09:36:00.986468+00:00
71,dreams,2025-03-02 00:57:22.087248+00:00,2025-03-02 09:36:00.986468+00:00
71,father son relationship,2025-03-02 00:57:22.087248+00:00,2025-03-02 09:36:00.986468+00:00
71,audition,2025-03-02 00:57:22.087248+00:00,2025-03-02 09:36:00.986468+00:00
71,sadness,2025-03-02 00:57:22.087248+00:00,2025-03-02 09:36:00.986468+00:00
71,friendship,2025-03-02 00:57:22.087248+00:00,2025-03-02 09:36:00.986468+00:00
71,smart kid,2025-03-02 00:57:22.087248+00:00,2025-03-02 09:36:00.986468+00:00
71,1980s,2025-03-02 00:57:22.087248+00:00,2025-03-02 09:36:00.986468+00:00
71,young boy,2025-03-02 00:57:22.087248+00:00,2025-03-02 09:36:00.986468+00:00
71,mentor,2025-03-02 00:57:22.087248+00:00,2025-03-02 09:36:00.986468+00:00
71,letter,2025-03-02 00:57:22.087248+00:00,2025-03-02 09:36:00.986468+00:00
71,ya,2025-03-02 00:57:22.087248+00:00,2025-03-02 09:36:00.986468+00:00
71,generational divide,2025-03-02 00:57:22.087248+00:00,2025-03-02 09:36:00.986468+00:00
71,single father,2025-03-02 00:57:22.087248+00:00,2025-03-02 09:36:00.986468+00:00
71,ballet dancing,2025-03-02 00:57:22.087248+00:00,2025-03-02 09:36:00.986468+00:00
71,coming of age,2025-03-02 00:57:22.087248+00:00,2025-03-02 09:36:00.986468+00:00
71,youngster,2025-03-02 00:57:22.087248+00:00,2025-03-02 09:36:00.986468+00:00
71,northern england,2025-03-02 00:57:22.087248+00:00,2025-03-02 09:36:00.986468+00:00
71,lgbt,2025-03-02 00:57:22.087248+00:00,2025-03-02 09:36:00.986468+00:00
71,ballet school,2025-03-02 00:57:22.087248+00:00,2025-03-02 09:36:00.986468+00:00
71,helping children,2025-03-02 00:57:22.087248+00:00,2025-03-02 09:36:00.986468+00:00
71,cross dressing,2025-03-02 00:57:22.087248+00:00,2025-03-02 09:36:00.986468+00:00
71,dance teacher,2025-03-02 00:57:22.087248+00:00,2025-03-02 09:36:00.986468+00:00
71,hope,2025-03-02 00:57:22.087248+00:00,2025-03-02 09:36:00.986468+00:00
71,dancing class,2025-03-02 00:57:22.087248+00:00,2025-03-02 09:36:00.986468+00:00
71,emotional vulnerability,2025-03-02 00:57:22.087248+00:00,2025-03-02 09:36:00.986468+00:00
71,celebratory,2025-03-02 00:57:22.087248+00:00,2025-03-02 09:36:00.986468+00:00
76,soulmates,2025-03-02 00:57:22.087248+00:00,2025-03-02 09:36:00.986468+00:00
76,semi autobiographical,2025-03-02 00:57:22.087248+00:00,2025-03-02 09:36:00.986468+00:00
76,cliché,2025-03-02 00:57:22.087248+00:00,2025-03-02 09:36:00.986468+00:00
76,lighthearted,2025-03-02 00:57:22.087248+00:00,2025-03-02 09:36:00.986468+00:00
76,playful,2025-03-02 00:57:22.087248+00:00,2025-03-02 09:36:00.986468+00:00
76,austria,2025-03-02 00:57:22.087248+00:00,2025-03-02 09:36:00.986468+00:00
76,sunrise,2025-03-02 00:57:22.087248+00:00,2025-03-02 09:36:00.986468+00:00
76,"vienna, austria",2025-03-02 00:57:22.087248+00:00,2025-03-02 09:36:00.986468+00:00
76,talking,2025-03-02 00:57:22.087248+00:00,2025-03-02 09:36:00.986468+00:00
76,walking,2025-03-02 00:57:22.087248+00:00,2025-03-02 09:36:00.986468+00:00
80,author,2025-03-02 00:57:22.087248+00:00,2025-03-02 09:36:00.986468+00:00
80,talking,2025-03-02 00:57:22.087248+00:00,2025-03-02 09:36:00.986468+00:00
80,comforting,2025-03-02 00:57:22.087248+00:00,2025-03-02 09:36:00.986468+00:00
80,soulmates,2025-03-02 00:57:22.087248+00:00,2025-03-02 09:36:00.986468+00:00
80,journalist,2025-03-02 00:57:22.087248+00:00,2025-03-02 09:36:00.986468+00:00
80,walking,2025-03-02 00:57:22.087248+00:00,2025-03-02 09:36:00.986468+00:00
80,"paris, france",2025-03-02 00:57:22.087248+00:00,2025-03-02 09:36:00.986468+00:00
80,bookshop,2025-03-02 00:57:22.087248+00:00,2025-03-02 09:36:00.986468+00:00
80,love of one's life,2025-03-02 00:57:22.087248+00:00,2025-03-02 09:36:00.986468+00:00
80,semi autobiographical,2025-03-02 00:57:22.087248+00:00,2025-03-02 09:36:00.986468+00:00
81,toxic,2025-03-02 00:57:22.087248+00:00,2025-03-02 09:36:00.986468+00:00
81,future,2025-03-02 00:57:22.087248+00:00,2025-03-02 09:36:00.986468+00:00
81,inspirational,2025-03-02 00:57:22.087248+00:00,2025-03-02 09:36:00.986468+00:00
81,fungus spores   ,2025-03-02 00:57:22.087248+00:00,2025-03-02 09:36:00.986468+00:00
81,saving the world,2025-03-02 00:57:22.087248+00:00,2025-03-02 09:36:00.986468+00:00
81,giant insect,2025-03-02 00:57:22.087248+00:00,2025-03-02 09:36:00.986468+00:00
81,adventure,2025-03-02 00:57:22.087248+00:00,2025-03-02 09:36:00.986468+00:00
81,ecology,2025-03-02 00:57:22.087248+00:00,2025-03-02 09:36:00.986468+00:00
81,airplane,2025-03-02 00:57:22.087248+00:00,2025-03-02 09:36:00.986468+00:00
81,post-apocalyptic future,2025-03-02 00:57:22.087248+00:00,2025-03-02 09:36:00.986468+00:00
81,human vs nature,2025-03-02 00:57:22.087248+00:00,2025-03-02 09:36:00.986468+00:00
81,anime,2025-03-02 00:57:22.087248+00:00,2025-03-02 09:36:00.986468+00:00
81,based on manga,2025-03-02 00:57:22.087248+00:00,2025-03-02 09:36:00.986468+00:00
99,transplantation,2025-03-02 00:57:22.087248+00:00,2025-03-02 09:36:00.986468+00:00
99,"madrid, spain",2025-03-02 00:57:22.087248+00:00,2025-03-02 09:36:00.986468+00:00
99,transvestism,2025-03-02 00:57:22.087248+00:00,2025-03-02 09:36:00.986468+00:00
99,lgbt,2025-03-02 00:57:22.087248+00:00,2025-03-02 09:36:00.986468+00:00
99,drug abuse,2025-03-02 00:57:22.087248+00:00,2025-03-02 09:36:00.986468+00:00
99,birthday,2025-03-02 00:57:22.087248+00:00,2025-03-02 09:36:00.986468+00:00
99,autograph,2025-03-02 00:57:22.087248+00:00,2025-03-02 09:36:00.986468+00:00
99,melodrama,2025-03-02 00:57:22.087248+00:00,2025-03-02 09:36:00.986468+00:00
99,"barcelona, spain",2025-03-02 00:57:22.087248+00:00,2025-03-02 09:36:00.986468+00:00
99,friends,2025-03-02 00:57:22.087248+00:00,2025-03-02 09:36:00.986468+00:00
99,transsexuality,2025-03-02 00:57:22.087248+00:00,2025-03-02 09:36:00.986468+00:00
104,casino,2025-03-02 00:57:22.087248+00:00,2025-03-02 09:36:00.986468+00:00
104,"berlin, germany",2025-03-02 00:57:22.087248+00:00,2025-03-02 09:36:00.986468+00:00
104,nun,2025-03-02 00:57:22.087248+00:00,2025-03-02 09:36:00.986468+00:00
104,daughter,2025-03-02 00:57:22.087248+00:00,2025-03-02 09:36:00.986468+00:00
104,red hair,2025-03-02 00:57:22.087248+00:00,2025-03-02 09:36:00.986468+00:00
104,fate,2025-03-02 00:57:22.087248+00:00,2025-03-02 09:36:00.986468+00:00
104,money,2025-03-02 00:57:22.087248+00:00,2025-03-02 09:36:00.986468+00:00
104,supermarket,2025-03-02 00:57:22.087248+00:00,2025-03-02 09:36:00.986468+00:00
104,homeless person,2025-03-02 00:57:22.087248+00:00,2025-03-02 09:36:00.986468+00:00
104,ambulance,2025-03-02 00:57:22.087248+00:00,2025-03-02 09:36:00.986468+00:00
104,time loop,2025-03-02 00:57:22.087248+00:00,2025-03-02 09:36:00.986468+00:00
104,race against time,2025-03-02 00:57:22.087248+00:00,2025-03-02 09:36:00.986468+00:00
104,subway,2025-03-02 00:57:22.087248+00:00,2025-03-02 09:36:00.986468+00:00
108,"paris, france",2025-03-02 00:57:22.087248+00:00,2025-03-02 09:36:00.986468+00:00
108,psychological drama,2025-03-02 00:57:22.087248+00:00,2025-03-02 09:36:00.986468+00:00
108,composer,2025-03-02 00:57:22.087248+00:00,2025-03-02 09:36:00.986468+00:00
108,france,2025-03-02 00:57:22.087248+00:00,2025-03-02 09:36:00.986468+00:00
108,pain,2025-03-02 00:57:22.087248+00:00,2025-03-02 09:36:00.986468+00:00
108,to compose,2025-03-02 00:57:22.087248+00:00,2025-03-02 09:36:00.986468+00:00
108,loss of loved one,2025-03-02 00:57:22.087248+00:00,2025-03-02 09:36:00.986468+00:00
108,french,2025-03-02 00:57:22.087248+00:00,2025-03-02 09:36:00.986468+00:00
109,poland,2025-03-02 00:57:22.087248+00:00,2025-03-02 09:36:00.986468+00:00
109,comedy-drama,2025-03-02 00:57:22.087248+00:00,2025-03-02 09:36:00.986468+00:00
109,funeral,2025-03-02 00:57:22.087248+00:00,2025-03-02 09:36:00.986468+00:00
109,french,2025-03-02 00:57:22.087248+00:00,2025-03-02 09:36:00.986468+00:00
109,businessman,2025-03-02 00:57:22.087248+00:00,2025-03-02 09:36:00.986468+00:00
109,hairdresser,2025-03-02 00:57:22.087248+00:00,2025-03-02 09:36:00.986468+00:00
109,sexual frustration,2025-03-02 00:57:22.087248+00:00,2025-03-02 09:36:00.986468+00:00
109,france,2025-03-02 00:57:22.087248+00:00,2025-03-02 09:36:00.986468+00:00
109,psychological,2025-03-02 00:57:22.087248+00:00,2025-03-02 09:36:00.986468+00:00
109,love,2025-03-02 00:57:22.087248+00:00,2025-03-02 09:36:00.986468+00:00
109,arthouse,2025-03-02 00:57:22.087248+00:00,2025-03-02 09:36:00.986468+00:00
110,surveillance,2025-03-02 00:57:22.087248+00:00,2025-03-02 09:36:00.986468+00:00
110,love destiny,2025-03-02 00:57:22.087248+00:00,2025-03-02 09:36:00.986468+00:00
110,infidelity,2025-03-02 00:57:22.087248+00:00,2025-03-02 09:36:00.986468+00:00
110,dog,2025-03-02 00:57:22.087248+00:00,2025-03-02 09:36:00.986468+00:00
110,weather forecast,2025-03-02 00:57:22.087248+00:00,2025-03-02 09:36:00.986468+00:00
110,empathetic,2025-03-02 00:57:22.087248+00:00,2025-03-02 09:36:00.986468+00:00
110,shadowing,2025-03-02 00:57:22.087248+00:00,2025-03-02 09:36:00.986468+00:00
110,fashion model,2025-03-02 00:57:22.087248+00:00,2025-03-02 09:36:00.986468+00:00
110,prediction,2025-03-02 00:57:22.087248+00:00,2025-03-02 09:36:00.986468+00:00
110,isolation,2025-03-02 00:57:22.087248+00:00,2025-03-02 09:36:00.986468+00:00
110,"geneva, switzerland",2025-03-02 00:57:22.087248+00:00,2025-03-02 09:36:00.986468+00:00
110,retiree,2025-03-02 00:57:22.087248+00:00,2025-03-02 09:36:00.986468+00:00
110,unlikely friendship,2025-03-02 00:57:22.087248+00:00,2025-03-02 09:36:00.986468+00:00
110,judge,2025-03-02 00:57:22.087248+00:00,2025-03-02 09:36:00.986468+00:00
110,english channel,2025-03-02 00:57:22.087248+00:00,2025-03-02 09:36:00.986468+00:00
110,the color red,2025-03-02 00:57:22.087248+00:00,2025-03-02 09:36:00.986468+00:00
128,spirit,2025-03-02 00:57:22.087248+00:00,2025-03-02 09:36:00.986468+00:00
128,environmentalism,2025-03-02 00:57:22.087248+00:00,2025-03-02 09:36:00.986468+00:00
128,friendship,2025-03-02 00:57:22.087248+00:00,2025-03-02 09:36:00.986468+00:00
128,industrialization,2025-03-02 00:57:22.087248+00:00,2025-03-02 09:36:00.986468+00:00
128,leprosy,2025-03-02 00:57:22.087248+00:00,2025-03-02 09:36:00.986468+00:00
128,deforestation,2025-03-02 00:57:22.087248+00:00,2025-03-02 09:36:00.986468+00:00
128,historical fiction,2025-03-02 00:57:22.087248+00:00,2025-03-02 09:36:00.986468+00:00
128,fantasy,2025-03-02 00:57:22.087248+00:00,2025-03-02 09:36:00.986468+00:00
128,territory,2025-03-02 00:57:22.087248+00:00,2025-03-02 09:36:00.986468+00:00
128,feral child,2025-03-02 00:57:22.087248+00:00,2025-03-02 09:36:00.986468+00:00
128,decapitation,2025-03-02 00:57:22.087248+00:00,2025-03-02 09:36:00.986468+00:00
128,adventure,2025-03-02 00:57:22.087248+00:00,2025-03-02 09:36:00.986468+00:00
128,anime,2025-03-02 00:57:22.087248+00:00,2025-03-02 09:36:00.986468+00:00
128,demon,2025-03-02 00:57:22.087248+00:00,2025-03-02 09:36:00.986468+00:00
128,nature,2025-03-02 00:57:22.087248+00:00,2025-03-02 09:36:00.986468+00:00
128,fight,2025-03-02 00:57:22.087248+00:00,2025-03-02 09:36:00.986468+00:00
128,wolf,2025-03-02 00:57:22.087248+00:00,2025-03-02 09:36:00.986468+00:00
128,adult animation,2025-03-02 00:57:22.087248+00:00,2025-03-02 09:36:00.986468+00:00
128,rural area,2025-03-02 00:57:22.087248+00:00,2025-03-02 09:36:00.986468+00:00
128,wild boar,2025-03-02 00:57:22.087248+00:00,2025-03-02 09:36:00.986468+00:00
128,human vs nature,2025-03-02 00:57:22.087248+00:00,2025-03-02 09:36:00.986468+00:00
129,japanese mythology,2025-03-02 00:57:22.087248+00:00,2025-03-02 09:36:00.986468+00:00
129,parallel world,2025-03-02 00:57:22.087248+00:00,2025-03-02 09:36:00.986468+00:00
129,amusement park,2025-03-02 00:57:22.087248+00:00,2025-03-02 09:36:00.986468+00:00
129,darkness,2025-03-02 00:57:22.087248+00:00,2025-03-02 09:36:00.986468+00:00
129,anime,2025-03-02 00:57:22.087248+00:00,2025-03-02 09:36:00.986468+00:00
129,youkai,2025-03-02 00:57:22.087248+00:00,2025-03-02 09:36:00.986468+00:00
129,bath house,2025-03-02 00:57:22.087248+00:00,2025-03-02 09:36:00.986468+00:00
129,magic,2025-03-02 00:57:22.087248+00:00,2025-03-02 09:36:00.986468+00:00
129,spirit,2025-03-02 00:57:22.087248+00:00,2025-03-02 09:36:00.986468+00:00
129,parent child relationship,2025-03-02 00:57:22.087248+00:00,2025-03-02 09:36:00.986468+00:00
129,witch,2025-03-02 00:57:22.087248+00:00,2025-03-02 09:36:00.986468+00:00
147,fingerprint,2025-03-02 00:57:22.087248+00:00,2025-03-02 09:36:00.986468+00:00
147,skipping school,2025-03-02 00:57:22.087248+00:00,2025-03-02 09:36:00.986468+00:00
147,strict teacher,2025-03-02 00:57:22.087248+00:00,2025-03-02 09:36:00.986468+00:00
147,coming of age,2025-03-02 00:57:22.087248+00:00,2025-03-02 09:36:00.986468+00:00
147,delinquent,2025-03-02 00:57:22.087248+00:00,2025-03-02 09:36:00.986468+00:00
147,"montmartre, paris",2025-03-02 00:57:22.087248+00:00,2025-03-02 09:36:00.986468+00:00
147,"paris, france",2025-03-02 00:57:22.087248+00:00,2025-03-02 09:36:00.986468+00:00
147,mugshot,2025-03-02 00:57:22.087248+00:00,2025-03-02 09:36:00.986468+00:00
147,semi autobiographical,2025-03-02 00:57:22.087248+00:00,2025-03-02 09:36:00.986468+00:00
149,experiment,2025-03-02 00:57:22.087248+00:00,2025-03-02 09:36:00.986468+00:00
149,megacity,2025-03-02 00:57:22.087248+00:00,2025-03-02 09:36:00.986468+00:00
149,adult animation,2025-03-02 00:57:22.087248+00:00,2025-03-02 09:36:00.986468+00:00
149,motorcycle gang,2025-03-02 00:57:22.087248+00:00,2025-03-02 09:36:00.986468+00:00
149,anime,2025-03-02 00:57:22.087248+00:00,2025-03-02 09:36:00.986468+00:00
149,mutation,2025-03-02 00:57:22.087248+00:00,2025-03-02 09:36:00.986468+00:00
149,psychotronic,2025-03-02 00:57:22.087248+00:00,2025-03-02 09:36:00.986468+00:00
149,general,2025-03-02 00:57:22.087248+00:00,2025-03-02 09:36:00.986468+00:00
149,total destruction,2025-03-02 00:57:22.087248+00:00,2025-03-02 09:36:00.986468+00:00
149,vibrant,2025-03-02 00:57:22.087248+00:00,2025-03-02 09:36:00.986468+00:00
149,cyberpunk,2025-03-02 00:57:22.087248+00:00,2025-03-02 09:36:00.986468+00:00
149,atomic bomb,2025-03-02 00:57:22.087248+00:00,2025-03-02 09:36:00.986468+00:00
149,2010s,2025-03-02 00:57:22.087248+00:00,2025-03-02 09:36:00.986468+00:00
149,stadium,2025-03-02 00:57:22.087248+00:00,2025-03-02 09:36:00.986468+00:00
149,philosophical,2025-03-02 00:57:22.087248+00:00,2025-03-02 09:36:00.986468+00:00
149,based on manga,2025-03-02 00:57:22.087248+00:00,2025-03-02 09:36:00.986468+00:00
149,dystopia,2025-03-02 00:57:22.087248+00:00,2025-03-02 09:36:00.986468+00:00
149,street gang,2025-03-02 00:57:22.087248+00:00,2025-03-02 09:36:00.986468+00:00
149,army,2025-03-02 00:57:22.087248+00:00,2025-03-02 09:36:00.986468+00:00
149,underground,2025-03-02 00:57:22.087248+00:00,2025-03-02 09:36:00.986468+00:00
149,saving the world,2025-03-02 00:57:22.087248+00:00,2025-03-02 09:36:00.986468+00:00
149,excited,2025-03-02 00:57:22.087248+00:00,2025-03-02 09:36:00.986468+00:00
155,scarecrow,2025-03-02 00:57:22.087248+00:00,2025-03-02 09:36:00.986468+00:00
155,organized crime,2025-03-02 00:57:22.087248+00:00,2025-03-02 09:36:00.986468+00:00
155,neo-noir,2025-03-02 00:57:22.087248+00:00,2025-03-02 09:36:00.986468+00:00
155,superhero,2025-03-02 00:57:22.087248+00:00,2025-03-02 09:36:00.986468+00:00
155,secret identity,2025-03-02 00:57:22.087248+00:00,2025-03-02 09:36:00.986468+00:00
155,anti villain,2025-03-02 00:57:22.087248+00:00,2025-03-02 09:36:00.986468+00:00
155,crime fighter,2025-03-02 00:57:22.087248+00:00,2025-03-02 09:36:00.986468+00:00
155,sadism,2025-03-02 00:57:22.087248+00:00,2025-03-02 09:36:00.986468+00:00
155,tragic hero,2025-03-02 00:57:22.087248+00:00,2025-03-02 09:36:00.986468+00:00
155,bold,2025-03-02 00:57:22.087248+00:00,2025-03-02 09:36:00.986468+00:00
155,vigilante,2025-03-02 00:57:22.087248+00:00,2025-03-02 09:36:00.986468+00:00
155,super power,2025-03-02 00:57:22.087248+00:00,2025-03-02 09:36:00.986468+00:00
155,anti hero,2025-03-02 00:57:22.087248+00:00,2025-03-02 09:36:00.986468+00:00
155,district attorney,2025-03-02 00:57:22.087248+00:00,2025-03-02 09:36:00.986468+00:00
155,chaos,2025-03-02 00:57:22.087248+00:00,2025-03-02 09:36:00.986468+00:00
155,super villain,2025-03-02 00:57:22.087248+00:00,2025-03-02 09:36:00.986468+00:00
155,criminal mastermind,2025-03-02 00:57:22.087248+00:00,2025-03-02 09:36:00.986468+00:00
155,joker,2025-03-02 00:57:22.087248+00:00,2025-03-02 09:36:00.986468+00:00
155,based on comic,2025-03-02 00:57:22.087248+00:00,2025-03-02 09:36:00.986468+00:00
176,hospital,2025-03-02 00:57:22.087248+00:00,2025-03-02 09:36:00.986468+00:00
176,affectation,2025-03-02 00:57:22.087248+00:00,2025-03-02 09:36:00.986468+00:00
176,chained,2025-03-02 00:57:22.087248+00:00,2025-03-02 09:36:00.986468+00:00
176,torture,2025-03-02 00:57:22.087248+00:00,2025-03-02 09:36:00.986468+00:00
176,awestruck,2025-03-02 00:57:22.087248+00:00,2025-03-02 09:36:00.986468+00:00
176,extreme violence,2025-03-02 00:57:22.087248+00:00,2025-03-02 09:36:00.986468+00:00
176,mind game,2025-03-02 00:57:22.087248+00:00,2025-03-02 09:36:00.986468+00:00
176,death match,2025-03-02 00:57:22.087248+00:00,2025-03-02 09:36:00.986468+00:00
176,bludgeoning,2025-03-02 00:57:22.087248+00:00,2025-03-02 09:36:00.986468+00:00
176,解謎,2025-03-02 00:57:22.087248+00:00,2025-03-02 09:36:00.986468+00:00
176,detective,2025-03-02 00:57:22.087248+00:00,2025-03-02 09:36:00.986468+00:00
176,sadism,2025-03-02 00:57:22.087248+00:00,2025-03-02 09:36:00.986468+00:00
176,sadist,2025-03-02 00:57:22.087248+00:00,2025-03-02 09:36:00.986468+00:00
176,shotgun,2025-03-02 00:57:22.087248+00:00,2025-03-02 09:36:00.986468+00:00
176,booby trap,2025-03-02 00:57:22.087248+00:00,2025-03-02 09:36:00.986468+00:00
176,death game,2025-03-02 00:57:22.087248+00:00,2025-03-02 09:36:00.986468+00:00
176,逃脫,2025-03-02 00:57:22.087248+00:00,2025-03-02 09:36:00.986468+00:00
176,romantic,2025-03-02 00:57:22.087248+00:00,2025-03-02 09:36:00.986468+00:00
176,flashback,2025-03-02 00:57:22.087248+00:00,2025-03-02 09:36:00.986468+00:00
176,恐佈,2025-03-02 00:57:22.087248+00:00,2025-03-02 09:36:00.986468+00:00
176,血腥,2025-03-02 00:57:22.087248+00:00,2025-03-02 09:36:00.986468+00:00
176,thoughtful,2025-03-02 00:57:22.087248+00:00,2025-03-02 09:36:00.986468+00:00
176,doctor,2025-03-02 00:57:22.087248+00:00,2025-03-02 09:36:00.986468+00:00
176,survival horror,2025-03-02 00:57:22.087248+00:00,2025-03-02 09:36:00.986468+00:00
185,sex crime,2025-03-02 00:57:22.087248+00:00,2025-03-02 09:36:00.986468+00:00
185,juvenile delinquent,2025-03-02 00:57:22.087248+00:00,2025-03-02 09:36:00.986468+00:00
185,"london, england",2025-03-02 00:57:22.087248+00:00,2025-03-02 09:36:00.986468+00:00
185,critical,2025-03-02 00:57:22.087248+00:00,2025-03-02 09:36:00.986468+00:00
185,social decay,2025-03-02 00:57:22.087248+00:00,2025-03-02 09:36:00.986468+00:00
185,intense,2025-03-02 00:57:22.087248+00:00,2025-03-02 09:36:00.986468+00:00
185,audacious,2025-03-02 00:57:22.087248+00:00,2025-03-02 09:36:00.986468+00:00
185,satire,2025-03-02 00:57:22.087248+00:00,2025-03-02 09:36:00.986468+00:00
185,dark comedy,2025-03-02 00:57:22.087248+00:00,2025-03-02 09:36:00.986468+00:00
185,mean spirited,2025-03-02 00:57:22.087248+00:00,2025-03-02 09:36:00.986468+00:00
185,tense,2025-03-02 00:57:22.087248+00:00,2025-03-02 09:36:00.986468+00:00
185,home invasion,2025-03-02 00:57:22.087248+00:00,2025-03-02 09:36:00.986468+00:00
185,cautionary,2025-03-02 00:57:22.087248+00:00,2025-03-02 09:36:00.986468+00:00
185,dreary,2025-03-02 00:57:22.087248+00:00,2025-03-02 09:36:00.986468+00:00
185,ultraviolence,2025-03-02 00:57:22.087248+00:00,2025-03-02 09:36:00.986468+00:00
185,futuristic society,2025-03-02 00:57:22.087248+00:00,2025-03-02 09:36:00.986468+00:00
185,based on novel or book,2025-03-02 00:57:22.087248+00:00,2025-03-02 09:36:00.986468+00:00
185,social worker,2025-03-02 00:57:22.087248+00:00,2025-03-02 09:36:00.986468+00:00
185,sexuality,2025-03-02 00:57:22.087248+00:00,2025-03-02 09:36:00.986468+00:00
185,speculative,2025-03-02 00:57:22.087248+00:00,2025-03-02 09:36:00.986468+00:00
185,parent child relationship,2025-03-02 00:57:22.087248+00:00,2025-03-02 09:36:00.986468+00:00
185,beating,2025-03-02 00:57:22.087248+00:00,2025-03-02 09:36:00.986468+00:00
185,nihilism,2025-03-02 00:57:22.087248+00:00,2025-03-02 09:36:00.986468+00:00
185,philosophical,2025-03-02 00:57:22.087248+00:00,2025-03-02 09:36:00.986468+00:00
185,great britain,2025-03-02 00:57:22.087248+00:00,2025-03-02 09:36:00.986468+00:00
185,society,2025-03-02 00:57:22.087248+00:00,2025-03-02 09:36:00.986468+00:00
185,psychopath,2025-03-02 00:57:22.087248+00:00,2025-03-02 09:36:00.986468+00:00
185,dystopia,2025-03-02 00:57:22.087248+00:00,2025-03-02 09:36:00.986468+00:00
185,street gang,2025-03-02 00:57:22.087248+00:00,2025-03-02 09:36:00.986468+00:00
185,robbery,2025-03-02 00:57:22.087248+00:00,2025-03-02 09:36:00.986468+00:00
194,ghost train,2025-03-02 00:57:22.087248+00:00,2025-03-02 09:36:00.986468+00:00
194,magic realism,2025-03-02 00:57:22.087248+00:00,2025-03-02 09:36:00.986468+00:00
194,postcard,2025-03-02 00:57:22.087248+00:00,2025-03-02 09:36:00.986468+00:00
194,daughter,2025-03-02 00:57:22.087248+00:00,2025-03-02 09:36:00.986468+00:00
194,romcom,2025-03-02 00:57:22.087248+00:00,2025-03-02 09:36:00.986468+00:00
194,neighbor neighbor relationship,2025-03-02 00:57:22.087248+00:00,2025-03-02 09:36:00.986468+00:00
194,hypochondriac,2025-03-02 00:57:22.087248+00:00,2025-03-02 09:36:00.986468+00:00
194,child's point of view,2025-03-02 00:57:22.087248+00:00,2025-03-02 09:36:00.986468+00:00
194,journey around the world,2025-03-02 00:57:22.087248+00:00,2025-03-02 09:36:00.986468+00:00
194,love triangle,2025-03-02 00:57:22.087248+00:00,2025-03-02 09:36:00.986468+00:00
194,shyness,2025-03-02 00:57:22.087248+00:00,2025-03-02 09:36:00.986468+00:00
194,childhood memory,2025-03-02 00:57:22.087248+00:00,2025-03-02 09:36:00.986468+00:00
194,romance,2025-03-02 00:57:22.087248+00:00,2025-03-02 09:36:00.986468+00:00
194,whimsical,2025-03-02 00:57:22.087248+00:00,2025-03-02 09:36:00.986468+00:00
194,kindness,2025-03-02 00:57:22.087248+00:00,2025-03-02 09:36:00.986468+00:00
194,cafe,2025-03-02 00:57:22.087248+00:00,2025-03-02 09:36:00.986468+00:00
194,"montmartre, paris",2025-03-02 00:57:22.087248+00:00,2025-03-02 09:36:00.986468+00:00
194,father daughter relationship,2025-03-02 00:57:22.087248+00:00,2025-03-02 09:36:00.986468+00:00
194,happy ending,2025-03-02 00:57:22.087248+00:00,2025-03-02 09:36:00.986468+00:00
194,"paris, france",2025-03-02 00:57:22.087248+00:00,2025-03-02 09:36:00.986468+00:00
194,cheerful,2025-03-02 00:57:22.087248+00:00,2025-03-02 09:36:00.986468+00:00
194,photography,2025-03-02 00:57:22.087248+00:00,2025-03-02 09:36:00.986468+00:00
194,sex shop,2025-03-02 00:57:22.087248+00:00,2025-03-02 09:36:00.986468+00:00
219,death,2025-03-02 00:57:22.087248+00:00,2025-03-02 09:36:00.986468+00:00
219,return,2025-03-02 00:57:22.087248+00:00,2025-03-02 09:36:00.986468+00:00
219,rape,2025-03-02 00:57:22.087248+00:00,2025-03-02 09:36:00.986468+00:00
219,village,2025-03-02 00:57:22.087248+00:00,2025-03-02 09:36:00.986468+00:00
219,"madrid, spain",2025-03-02 00:57:22.087248+00:00,2025-03-02 09:36:00.986468+00:00
219,abusive father,2025-03-02 00:57:22.087248+00:00,2025-03-02 09:36:00.986468+00:00
219,solidarity,2025-03-02 00:57:22.087248+00:00,2025-03-02 09:36:00.986468+00:00
219,child abuse,2025-03-02 00:57:22.087248+00:00,2025-03-02 09:36:00.986468+00:00
219,ghost,2025-03-02 00:57:22.087248+00:00,2025-03-02 09:36:00.986468+00:00
219,fire,2025-03-02 00:57:22.087248+00:00,2025-03-02 09:36:00.986468+00:00
219,sexual abuse,2025-03-02 00:57:22.087248+00:00,2025-03-02 09:36:00.986468+00:00
219,superstition,2025-03-02 00:57:22.087248+00:00,2025-03-02 09:36:00.986468+00:00
245,bachelor,2025-03-02 00:57:22.087248+00:00,2025-03-02 09:36:00.986468+00:00
245,friendship,2025-03-02 00:57:22.087248+00:00,2025-03-02 09:36:00.986468+00:00
245,based on novel or book,2025-03-02 00:57:22.087248+00:00,2025-03-02 09:36:00.986468+00:00
245,christmas,2025-03-02 00:57:22.087248+00:00,2025-03-02 09:36:00.986468+00:00
245,rap music,2025-03-02 00:57:22.087248+00:00,2025-03-02 09:36:00.986468+00:00
245,"london, england",2025-03-02 00:57:22.087248+00:00,2025-03-02 09:36:00.986468+00:00
245,single,2025-03-02 00:57:22.087248+00:00,2025-03-02 09:36:00.986468+00:00
245,becoming an adult,2025-03-02 00:57:22.087248+00:00,2025-03-02 09:36:00.986468+00:00
245,single parent,2025-03-02 00:57:22.087248+00:00,2025-03-02 09:36:00.986468+00:00
245,rock 'n' roll,2025-03-02 00:57:22.087248+00:00,2025-03-02 09:36:00.986468+00:00
267,romantic thriller,2025-03-02 00:57:22.087248+00:00,2025-03-02 09:36:00.986468+00:00
267,paraplegic,2025-03-02 00:57:22.087248+00:00,2025-03-02 09:36:00.986468+00:00
267,prostitute,2025-03-02 00:57:22.087248+00:00,2025-03-02 09:36:00.986468+00:00
267,adolescence,2025-03-02 00:57:22.087248+00:00,2025-03-02 09:36:00.986468+00:00
267,"madrid, spain",2025-03-02 00:57:22.087248+00:00,2025-03-02 09:36:00.986468+00:00
267,adultery,2025-03-02 00:57:22.087248+00:00,2025-03-02 09:36:00.986468+00:00
267,erotic thriller,2025-03-02 00:57:22.087248+00:00,2025-03-02 09:36:00.986468+00:00
267,imprisonment,2025-03-02 00:57:22.087248+00:00,2025-03-02 09:36:00.986468+00:00
267,pregnancy,2025-03-02 00:57:22.087248+00:00,2025-03-02 09:36:00.986468+00:00
267,drug abuse,2025-03-02 00:57:22.087248+00:00,2025-03-02 09:36:00.986468+00:00
267,sexual abuse,2025-03-02 00:57:22.087248+00:00,2025-03-02 09:36:00.986468+00:00
267,bus,2025-03-02 00:57:22.087248+00:00,2025-03-02 09:36:00.986468+00:00
267,sexual obsession,2025-03-02 00:57:22.087248+00:00,2025-03-02 09:36:00.986468+00:00
269,friendship,2025-03-02 00:57:22.087248+00:00,2025-03-02 09:36:00.986468+00:00
269,"marseille, france",2025-03-02 00:57:22.087248+00:00,2025-03-02 09:36:00.986468+00:00
269,nouvelle vague,2025-03-02 00:57:22.087248+00:00,2025-03-02 09:36:00.986468+00:00
269,hotel room,2025-03-02 00:57:22.087248+00:00,2025-03-02 09:36:00.986468+00:00
269,gun,2025-03-02 00:57:22.087248+00:00,2025-03-02 09:36:00.986468+00:00
269,car thief,2025-03-02 00:57:22.087248+00:00,2025-03-02 09:36:00.986468+00:00
269,fugitive lovers,2025-03-02 00:57:22.087248+00:00,2025-03-02 09:36:00.986468+00:00
269,financial transactions,2025-03-02 00:57:22.087248+00:00,2025-03-02 09:36:00.986468+00:00
269,"paris, france",2025-03-02 00:57:22.087248+00:00,2025-03-02 09:36:00.986468+00:00
269,loss of loved one,2025-03-02 00:57:22.087248+00:00,2025-03-02 09:36:00.986468+00:00
269,runaway couple,2025-03-02 00:57:22.087248+00:00,2025-03-02 09:36:00.986468+00:00
269,extramarital affair,2025-03-02 00:57:22.087248+00:00,2025-03-02 09:36:00.986468+00:00
269,smoking,2025-03-02 00:57:22.087248+00:00,2025-03-02 09:36:00.986468+00:00
269,french noir,2025-03-02 00:57:22.087248+00:00,2025-03-02 09:36:00.986468+00:00
269,on the run,2025-03-02 00:57:22.087248+00:00,2025-03-02 09:36:00.986468+00:00
269,journalism,2025-03-02 00:57:22.087248+00:00,2025-03-02 09:36:00.986468+00:00
269,dying and death,2025-03-02 00:57:22.087248+00:00,2025-03-02 09:36:00.986468+00:00
269,defiant,2025-03-02 00:57:22.087248+00:00,2025-03-02 09:36:00.986468+00:00
269,newspaper,2025-03-02 00:57:22.087248+00:00,2025-03-02 09:36:00.986468+00:00
269,fight,2025-03-02 00:57:22.087248+00:00,2025-03-02 09:36:00.986468+00:00
269,journalist,2025-03-02 00:57:22.087248+00:00,2025-03-02 09:36:00.986468+00:00
345,sexual desire,2025-03-02 00:57:22.087248+00:00,2025-03-02 09:36:00.986468+00:00
345,based on novel or book,2025-03-02 00:57:22.087248+00:00,2025-03-02 09:36:00.986468+00:00
345,disguise,2025-03-02 00:57:22.087248+00:00,2025-03-02 09:36:00.986468+00:00
345,marital crisis,2025-03-02 00:57:22.087248+00:00,2025-03-02 09:36:00.986468+00:00
345,illegal prostitution,2025-03-02 00:57:22.087248+00:00,2025-03-02 09:36:00.986468+00:00
345,prostitute,2025-03-02 00:57:22.087248+00:00,2025-03-02 09:36:00.986468+00:00
345,macabre,2025-03-02 00:57:22.087248+00:00,2025-03-02 09:36:00.986468+00:00
345,new york city,2025-03-02 00:57:22.087248+00:00,2025-03-02 09:36:00.986468+00:00
345,suspenseful,2025-03-02 00:57:22.087248+00:00,2025-03-02 09:36:00.986468+00:00
345,grand,2025-03-02 00:57:22.087248+00:00,2025-03-02 09:36:00.986468+00:00
345,provocative,2025-03-02 00:57:22.087248+00:00,2025-03-02 09:36:00.986468+00:00
345,sexual obsession,2025-03-02 00:57:22.087248+00:00,2025-03-02 09:36:00.986468+00:00
345,voyeurism,2025-03-02 00:57:22.087248+00:00,2025-03-02 09:36:00.986468+00:00
345,orgy,2025-03-02 00:57:22.087248+00:00,2025-03-02 09:36:00.986468+00:00
345,drugs,2025-03-02 00:57:22.087248+00:00,2025-03-02 09:36:00.986468+00:00
345,sacrifice,2025-03-02 00:57:22.087248+00:00,2025-03-02 09:36:00.986468+00:00
345,ego,2025-03-02 00:57:22.087248+00:00,2025-03-02 09:36:00.986468+00:00
345,hooker,2025-03-02 00:57:22.087248+00:00,2025-03-02 09:36:00.986468+00:00
345,dramatic,2025-03-02 00:57:22.087248+00:00,2025-03-02 09:36:00.986468+00:00
345,masked ball,2025-03-02 00:57:22.087248+00:00,2025-03-02 09:36:00.986468+00:00
345,costume shop,2025-03-02 00:57:22.087248+00:00,2025-03-02 09:36:00.986468+00:00
345,critical,2025-03-02 00:57:22.087248+00:00,2025-03-02 09:36:00.986468+00:00
345,marijuana,2025-03-02 00:57:22.087248+00:00,2025-03-02 09:36:00.986468+00:00
345,secret society,2025-03-02 00:57:22.087248+00:00,2025-03-02 09:36:00.986468+00:00
345,relationships,2025-03-02 00:57:22.087248+00:00,2025-03-02 09:36:00.986468+00:00
345,mansion,2025-03-02 00:57:22.087248+00:00,2025-03-02 09:36:00.986468+00:00
345,bribery,2025-03-02 00:57:22.087248+00:00,2025-03-02 09:36:00.986468+00:00
345,consumerism,2025-03-02 00:57:22.087248+00:00,2025-03-02 09:36:00.986468+00:00
345,male egos,2025-03-02 00:57:22.087248+00:00,2025-03-02 09:36:00.986468+00:00
345,absurd,2025-03-02 00:57:22.087248+00:00,2025-03-02 09:36:00.986468+00:00
345,conspiracy,2025-03-02 00:57:22.087248+00:00,2025-03-02 09:36:00.986468+00:00
345,bold,2025-03-02 00:57:22.087248+00:00,2025-03-02 09:36:00.986468+00:00
345,cult,2025-03-02 00:57:22.087248+00:00,2025-03-02 09:36:00.986468+00:00
345,romantic,2025-03-02 00:57:22.087248+00:00,2025-03-02 09:36:00.986468+00:00
345,christmas party,2025-03-02 00:57:22.087248+00:00,2025-03-02 09:36:00.986468+00:00
345,sex party,2025-03-02 00:57:22.087248+00:00,2025-03-02 09:36:00.986468+00:00
345,tense,2025-03-02 00:57:22.087248+00:00,2025-03-02 09:36:00.986468+00:00
345,lust,2025-03-02 00:57:22.087248+00:00,2025-03-02 09:36:00.986468+00:00
345,audacious,2025-03-02 00:57:22.087248+00:00,2025-03-02 09:36:00.986468+00:00
345,paranoid,2025-03-02 00:57:22.087248+00:00,2025-03-02 09:36:00.986468+00:00
345,marriage,2025-03-02 00:57:22.087248+00:00,2025-03-02 09:36:00.986468+00:00
345,doctor,2025-03-02 00:57:22.087248+00:00,2025-03-02 09:36:00.986468+00:00
345,eroticism,2025-03-02 00:57:22.087248+00:00,2025-03-02 09:36:00.986468+00:00
390,movie business,2025-03-02 00:57:22.087248+00:00,2025-03-02 09:36:00.986468+00:00
390,upper class,2025-03-02 00:57:22.087248+00:00,2025-03-02 09:36:00.986468+00:00
390,life planning,2025-03-02 00:57:22.087248+00:00,2025-03-02 09:36:00.986468+00:00
390,city portrait,2025-03-02 00:57:22.087248+00:00,2025-03-02 09:36:00.986468+00:00
390,camera,2025-03-02 00:57:22.087248+00:00,2025-03-02 09:36:00.986468+00:00
390,"lisbon, portugal",2025-03-02 00:57:22.087248+00:00,2025-03-02 09:36:00.986468+00:00
390,amusement park,2025-03-02 00:57:22.087248+00:00,2025-03-02 09:36:00.986468+00:00
390,car journey,2025-03-02 00:57:22.087248+00:00,2025-03-02 09:36:00.986468+00:00
423,world war ii,2025-03-02 00:57:22.087248+00:00,2025-03-02 09:36:00.986468+00:00
423,jew persecution,2025-03-02 00:57:22.087248+00:00,2025-03-02 09:36:00.986468+00:00
423,polish resistance,2025-03-02 00:57:22.087248+00:00,2025-03-02 09:36:00.986468+00:00
423,biography,2025-03-02 00:57:22.087248+00:00,2025-03-02 09:36:00.986468+00:00
423,deportation,2025-03-02 00:57:22.087248+00:00,2025-03-02 09:36:00.986468+00:00
423,resistance,2025-03-02 00:57:22.087248+00:00,2025-03-02 09:36:00.986468+00:00
423,pianist,2025-03-02 00:57:22.087248+00:00,2025-03-02 09:36:00.986468+00:00
423,survival,2025-03-02 00:57:22.087248+00:00,2025-03-02 09:36:00.986468+00:00
423,nazi,2025-03-02 00:57:22.087248+00:00,2025-03-02 09:36:00.986468+00:00
423,prisoner of war,2025-03-02 00:57:22.087248+00:00,2025-03-02 09:36:00.986468+00:00
423,concert,2025-03-02 00:57:22.087248+00:00,2025-03-02 09:36:00.986468+00:00
423,homeland,2025-03-02 00:57:22.087248+00:00,2025-03-02 09:36:00.986468+00:00
423,poland,2025-03-02 00:57:22.087248+00:00,2025-03-02 09:36:00.986468+00:00
423,liberation,2025-03-02 00:57:22.087248+00:00,2025-03-02 09:36:00.986468+00:00
423,warsaw ghetto,2025-03-02 00:57:22.087248+00:00,2025-03-02 09:36:00.986468+00:00
423,based on memoir or autobiography,2025-03-02 00:57:22.087248+00:00,2025-03-02 09:36:00.986468+00:00
423,holocaust (shoah),2025-03-02 00:57:22.087248+00:00,2025-03-02 09:36:00.986468+00:00
423,hunger,2025-03-02 00:57:22.087248+00:00,2025-03-02 09:36:00.986468+00:00
423,ghetto,2025-03-02 00:57:22.087248+00:00,2025-03-02 09:36:00.986468+00:00
454,gang war,2025-03-02 00:57:22.087248+00:00,2025-03-02 09:36:00.986468+00:00
454,shakespeare in modern dress,2025-03-02 00:57:22.087248+00:00,2025-03-02 09:36:00.986468+00:00
454,gun violence,2025-03-02 00:57:22.087248+00:00,2025-03-02 09:36:00.986468+00:00
454,based on play or musical,2025-03-02 00:57:22.087248+00:00,2025-03-02 09:36:00.986468+00:00
454,suicide,2025-03-02 00:57:22.087248+00:00,2025-03-02 09:36:00.986468+00:00
454,romeo & juliet,2025-03-02 00:57:22.087248+00:00,2025-03-02 09:36:00.986468+00:00
454,teenage romance,2025-03-02 00:57:22.087248+00:00,2025-03-02 09:36:00.986468+00:00
454,frustrated,2025-03-02 00:57:22.087248+00:00,2025-03-02 09:36:00.986468+00:00
454,tragic,2025-03-02 00:57:22.087248+00:00,2025-03-02 09:36:00.986468+00:00
454,absurd,2025-03-02 00:57:22.087248+00:00,2025-03-02 09:36:00.986468+00:00
454,indifferent,2025-03-02 00:57:22.087248+00:00,2025-03-02 09:36:00.986468+00:00
454,masquerade,2025-03-02 00:57:22.087248+00:00,2025-03-02 09:36:00.986468+00:00
454,incredulous,2025-03-02 00:57:22.087248+00:00,2025-03-02 09:36:00.986468+00:00
454,ironic,2025-03-02 00:57:22.087248+00:00,2025-03-02 09:36:00.986468+00:00
454,dubious,2025-03-02 00:57:22.087248+00:00,2025-03-02 09:36:00.986468+00:00
454,forbidden love,2025-03-02 00:57:22.087248+00:00,2025-03-02 09:36:00.986468+00:00
454,disapproving,2025-03-02 00:57:22.087248+00:00,2025-03-02 09:36:00.986468+00:00
454,murder,2025-03-02 00:57:22.087248+00:00,2025-03-02 09:36:00.986468+00:00
454,star crossed lovers,2025-03-02 00:57:22.087248+00:00,2025-03-02 09:36:00.986468+00:00
470,suicide attempt,2025-03-02 00:57:22.087248+00:00,2025-03-02 09:36:00.986468+00:00
470,faith,2025-03-02 00:57:22.087248+00:00,2025-03-02 09:36:00.986468+00:00
470,sadness,2025-03-02 00:57:22.087248+00:00,2025-03-02 09:36:00.986468+00:00
470,multiple storylines,2025-03-02 00:57:22.087248+00:00,2025-03-02 09:36:00.986468+00:00
470,transplantation,2025-03-02 00:57:22.087248+00:00,2025-03-02 09:36:00.986468+00:00
470,loss of loved one,2025-03-02 00:57:22.087248+00:00,2025-03-02 09:36:00.986468+00:00
470,car crash,2025-03-02 00:57:22.087248+00:00,2025-03-02 09:36:00.986468+00:00
470,life and death,2025-03-02 00:57:22.087248+00:00,2025-03-02 09:36:00.986468+00:00
470,new mexico,2025-03-02 00:57:22.087248+00:00,2025-03-02 09:36:00.986468+00:00
470,rage and hate,2025-03-02 00:57:22.087248+00:00,2025-03-02 09:36:00.986468+00:00
470,widow,2025-03-02 00:57:22.087248+00:00,2025-03-02 09:36:00.986468+00:00
470,ex-detainee,2025-03-02 00:57:22.087248+00:00,2025-03-02 09:36:00.986468+00:00
571,bird attack,2025-03-02 00:57:22.087248+00:00,2025-03-02 09:36:00.986468+00:00
571,playground,2025-03-02 00:57:22.087248+00:00,2025-03-02 09:36:00.986468+00:00
571,seagull,2025-03-02 00:57:22.087248+00:00,2025-03-02 09:36:00.986468+00:00
571,pet shop,2025-03-02 00:57:22.087248+00:00,2025-03-02 09:36:00.986468+00:00
571,schoolteacher,2025-03-02 00:57:22.087248+00:00,2025-03-02 09:36:00.986468+00:00
571,based on short story,2025-03-02 00:57:22.087248+00:00,2025-03-02 09:36:00.986468+00:00
571,socialite,2025-03-02 00:57:22.087248+00:00,2025-03-02 09:36:00.986468+00:00
571,shopkeeper,2025-03-02 00:57:22.087248+00:00,2025-03-02 09:36:00.986468+00:00
571,unsolved mystery,2025-03-02 00:57:22.087248+00:00,2025-03-02 09:36:00.986468+00:00
571,frightened,2025-03-02 00:57:22.087248+00:00,2025-03-02 09:36:00.986468+00:00
571,seclusion,2025-03-02 00:57:22.087248+00:00,2025-03-02 09:36:00.986468+00:00
571,lovebird,2025-03-02 00:57:22.087248+00:00,2025-03-02 09:36:00.986468+00:00
571,fireplace,2025-03-02 00:57:22.087248+00:00,2025-03-02 09:36:00.986468+00:00
571,schoolhouse,2025-03-02 00:57:22.087248+00:00,2025-03-02 09:36:00.986468+00:00
571,practical joke,2025-03-02 00:57:22.087248+00:00,2025-03-02 09:36:00.986468+00:00
581,native american,2025-03-02 00:57:22.087248+00:00,2025-03-02 09:36:00.986468+00:00
581,friendship,2025-03-02 00:57:22.087248+00:00,2025-03-02 09:36:00.986468+00:00
581,self-discovery,2025-03-02 00:57:22.087248+00:00,2025-03-02 09:36:00.986468+00:00
581,bison,2025-03-02 00:57:22.087248+00:00,2025-03-02 09:36:00.986468+00:00
581,19th century,2025-03-02 00:57:22.087248+00:00,2025-03-02 09:36:00.986468+00:00
581,language barrier,2025-03-02 00:57:22.087248+00:00,2025-03-02 09:36:00.986468+00:00
581,desertion,2025-03-02 00:57:22.087248+00:00,2025-03-02 09:36:00.986468+00:00
581,"kansas, usa",2025-03-02 00:57:22.087248+00:00,2025-03-02 09:36:00.986468+00:00
581,snow,2025-03-02 00:57:22.087248+00:00,2025-03-02 09:36:00.986468+00:00
581,dakota,2025-03-02 00:57:22.087248+00:00,2025-03-02 09:36:00.986468+00:00
581,unsociability,2025-03-02 00:57:22.087248+00:00,2025-03-02 09:36:00.986468+00:00
581,freedom,2025-03-02 00:57:22.087248+00:00,2025-03-02 09:36:00.986468+00:00
581,countryside,2025-03-02 00:57:22.087248+00:00,2025-03-02 09:36:00.986468+00:00
581,wolf,2025-03-02 00:57:22.087248+00:00,2025-03-02 09:36:00.986468+00:00
581,buffalo,2025-03-02 00:57:22.087248+00:00,2025-03-02 09:36:00.986468+00:00
581,pawnee tribe,2025-03-02 00:57:22.087248+00:00,2025-03-02 09:36:00.986468+00:00
581,culture clash,2025-03-02 00:57:22.087248+00:00,2025-03-02 09:36:00.986468+00:00
581,based on novel or book,2025-03-02 00:57:22.087248+00:00,2025-03-02 09:36:00.986468+00:00
581,sioux,2025-03-02 00:57:22.087248+00:00,2025-03-02 09:36:00.986468+00:00
581,early america,2025-03-02 00:57:22.087248+00:00,2025-03-02 09:36:00.986468+00:00
581,tennessee,2025-03-02 00:57:22.087248+00:00,2025-03-02 09:36:00.986468+00:00
581,lakota,2025-03-02 00:57:22.087248+00:00,2025-03-02 09:36:00.986468+00:00
581,mutiny,2025-03-02 00:57:22.087248+00:00,2025-03-02 09:36:00.986468+00:00
582,government,2025-03-02 00:57:22.087248+00:00,2025-03-02 09:36:00.986468+00:00
582,surveillance state,2025-03-02 00:57:22.087248+00:00,2025-03-02 09:36:00.986468+00:00
582,german democratic republic,2025-03-02 00:57:22.087248+00:00,2025-03-02 09:36:00.986468+00:00
582,stasi,2025-03-02 00:57:22.087248+00:00,2025-03-02 09:36:00.986468+00:00
582,corruption,2025-03-02 00:57:22.087248+00:00,2025-03-02 09:36:00.986468+00:00
582,interrogation,2025-03-02 00:57:22.087248+00:00,2025-03-02 09:36:00.986468+00:00
582,communism,2025-03-02 00:57:22.087248+00:00,2025-03-02 09:36:00.986468+00:00
582,cold war,2025-03-02 00:57:22.087248+00:00,2025-03-02 09:36:00.986468+00:00
582,persecuted writer,2025-03-02 00:57:22.087248+00:00,2025-03-02 09:36:00.986468+00:00
582,heartbreak,2025-03-02 00:57:22.087248+00:00,2025-03-02 09:36:00.986468+00:00
582,political thriller,2025-03-02 00:57:22.087248+00:00,2025-03-02 09:36:00.986468+00:00
582,corrupt agent,2025-03-02 00:57:22.087248+00:00,2025-03-02 09:36:00.986468+00:00
582,house search,2025-03-02 00:57:22.087248+00:00,2025-03-02 09:36:00.986468+00:00
582,soviet union,2025-03-02 00:57:22.087248+00:00,2025-03-02 09:36:00.986468+00:00
582,corrupt government,2025-03-02 00:57:22.087248+00:00,2025-03-02 09:36:00.986468+00:00
582,berlin wall,2025-03-02 00:57:22.087248+00:00,2025-03-02 09:36:00.986468+00:00
582,surveillance,2025-03-02 00:57:22.087248+00:00,2025-03-02 09:36:00.986468+00:00
582,"berlin, germany",2025-03-02 00:57:22.087248+00:00,2025-03-02 09:36:00.986468+00:00
582,blackmail,2025-03-02 00:57:22.087248+00:00,2025-03-02 09:36:00.986468+00:00
582,espionage,2025-03-02 00:57:22.087248+00:00,2025-03-02 09:36:00.986468+00:00
582,noble sacrifice,2025-03-02 00:57:22.087248+00:00,2025-03-02 09:36:00.986468+00:00
582,political corruption,2025-03-02 00:57:22.087248+00:00,2025-03-02 09:36:00.986468+00:00
582,east germany,2025-03-02 00:57:22.087248+00:00,2025-03-02 09:36:00.986468+00:00
582,germany,2025-03-02 00:57:22.087248+00:00,2025-03-02 09:36:00.986468+00:00
582,artists' life,2025-03-02 00:57:22.087248+00:00,2025-03-02 09:36:00.986468+00:00
582,suspenseful,2025-03-02 00:57:22.087248+00:00,2025-03-02 09:36:00.986468+00:00
582,freedom of speech,2025-03-02 00:57:22.087248+00:00,2025-03-02 09:36:00.986468+00:00
582,systemic corruption,2025-03-02 00:57:22.087248+00:00,2025-03-02 09:36:00.986468+00:00
598,street gang,2025-03-02 00:57:22.087248+00:00,2025-03-02 09:36:00.986468+00:00
598,conceited,2025-03-02 00:57:22.087248+00:00,2025-03-02 09:36:00.986468+00:00
598,coming of age,2025-03-02 00:57:22.087248+00:00,2025-03-02 09:36:00.986468+00:00
598,gang war,2025-03-02 00:57:22.087248+00:00,2025-03-02 09:36:00.986468+00:00
598,critical,2025-03-02 00:57:22.087248+00:00,2025-03-02 09:36:00.986468+00:00
598,based on real events,2025-03-02 00:57:22.087248+00:00,2025-03-02 09:36:00.986468+00:00
598,photographer,2025-03-02 00:57:22.087248+00:00,2025-03-02 09:36:00.986468+00:00
598,tense,2025-03-02 00:57:22.087248+00:00,2025-03-02 09:36:00.986468+00:00
598,rio de janeiro,2025-03-02 00:57:22.087248+00:00,2025-03-02 09:36:00.986468+00:00
598,introspective,2025-03-02 00:57:22.087248+00:00,2025-03-02 09:36:00.986468+00:00
598,gangster,2025-03-02 00:57:22.087248+00:00,2025-03-02 09:36:00.986468+00:00
598,ghetto,2025-03-02 00:57:22.087248+00:00,2025-03-02 09:36:00.986468+00:00
598,sincere,2025-03-02 00:57:22.087248+00:00,2025-03-02 09:36:00.986468+00:00
600,boot camp,2025-03-02 00:57:22.087248+00:00,2025-03-02 09:36:00.986468+00:00
600,army,2025-03-02 00:57:22.087248+00:00,2025-03-02 09:36:00.986468+00:00
600,blanket party,2025-03-02 00:57:22.087248+00:00,2025-03-02 09:36:00.986468+00:00
600,helicopter,2025-03-02 00:57:22.087248+00:00,2025-03-02 09:36:00.986468+00:00
600,vietnam,2025-03-02 00:57:22.087248+00:00,2025-03-02 09:36:00.986468+00:00
600,fighting,2025-03-02 00:57:22.087248+00:00,2025-03-02 09:36:00.986468+00:00
600,war correspondent,2025-03-02 00:57:22.087248+00:00,2025-03-02 09:36:00.986468+00:00
600,recruit,2025-03-02 00:57:22.087248+00:00,2025-03-02 09:36:00.986468+00:00
600,racism,2025-03-02 00:57:22.087248+00:00,2025-03-02 09:36:00.986468+00:00
600,disapproving,2025-03-02 00:57:22.087248+00:00,2025-03-02 09:36:00.986468+00:00
600,war photographer,2025-03-02 00:57:22.087248+00:00,2025-03-02 09:36:00.986468+00:00
600,scathing,2025-03-02 00:57:22.087248+00:00,2025-03-02 09:36:00.986468+00:00
600,cautionary,2025-03-02 00:57:22.087248+00:00,2025-03-02 09:36:00.986468+00:00
600,war,2025-03-02 00:57:22.087248+00:00,2025-03-02 09:36:00.986468+00:00
600,cynical,2025-03-02 00:57:22.087248+00:00,2025-03-02 09:36:00.986468+00:00
600,soldiers,2025-03-02 00:57:22.087248+00:00,2025-03-02 09:36:00.986468+00:00
600,based on novel or book,2025-03-02 00:57:22.087248+00:00,2025-03-02 09:36:00.986468+00:00
600,sniper,2025-03-02 00:57:22.087248+00:00,2025-03-02 09:36:00.986468+00:00
600,genocide,2025-03-02 00:57:22.087248+00:00,2025-03-02 09:36:00.986468+00:00
600,sergeant,2025-03-02 00:57:22.087248+00:00,2025-03-02 09:36:00.986468+00:00
600,journalism,2025-03-02 00:57:22.087248+00:00,2025-03-02 09:36:00.986468+00:00
600,mass grave,2025-03-02 00:57:22.087248+00:00,2025-03-02 09:36:00.986468+00:00
600,jungle,2025-03-02 00:57:22.087248+00:00,2025-03-02 09:36:00.986468+00:00
600,combat,2025-03-02 00:57:22.087248+00:00,2025-03-02 09:36:00.986468+00:00
600,prostitute,2025-03-02 00:57:22.087248+00:00,2025-03-02 09:36:00.986468+00:00
600,anti war,2025-03-02 00:57:22.087248+00:00,2025-03-02 09:36:00.986468+00:00
600,discipline,2025-03-02 00:57:22.087248+00:00,2025-03-02 09:36:00.986468+00:00
600,suicide,2025-03-02 00:57:22.087248+00:00,2025-03-02 09:36:00.986468+00:00
600,frustrated,2025-03-02 00:57:22.087248+00:00,2025-03-02 09:36:00.986468+00:00
600,military,2025-03-02 00:57:22.087248+00:00,2025-03-02 09:36:00.986468+00:00
600,infantry,2025-03-02 00:57:22.087248+00:00,2025-03-02 09:36:00.986468+00:00
600,platoon,2025-03-02 00:57:22.087248+00:00,2025-03-02 09:36:00.986468+00:00
600,provocative,2025-03-02 00:57:22.087248+00:00,2025-03-02 09:36:00.986468+00:00
600,harsh,2025-03-02 00:57:22.087248+00:00,2025-03-02 09:36:00.986468+00:00
600,obstacle course,2025-03-02 00:57:22.087248+00:00,2025-03-02 09:36:00.986468+00:00
600,vietnam war,2025-03-02 00:57:22.087248+00:00,2025-03-02 09:36:00.986468+00:00
600,propaganda,2025-03-02 00:57:22.087248+00:00,2025-03-02 09:36:00.986468+00:00
600,audacious,2025-03-02 00:57:22.087248+00:00,2025-03-02 09:36:00.986468+00:00
600,critical,2025-03-02 00:57:22.087248+00:00,2025-03-02 09:36:00.986468+00:00
600,tense,2025-03-02 00:57:22.087248+00:00,2025-03-02 09:36:00.986468+00:00
600,bold,2025-03-02 00:57:22.087248+00:00,2025-03-02 09:36:00.986468+00:00
600,u.s. marine,2025-03-02 00:57:22.087248+00:00,2025-03-02 09:36:00.986468+00:00
600,rescue,2025-03-02 00:57:22.087248+00:00,2025-03-02 09:36:00.986468+00:00
626,psychotronic,2025-03-02 00:57:22.087248+00:00,2025-03-02 09:36:00.986468+00:00
626,surrealism,2025-03-02 00:57:22.087248+00:00,2025-03-02 09:36:00.986468+00:00
626,short film,2025-03-02 00:57:22.087248+00:00,2025-03-02 09:36:00.986468+00:00
626,surreal,2025-03-02 00:57:22.087248+00:00,2025-03-02 09:36:00.986468+00:00
626,dreams,2025-03-02 00:57:22.087248+00:00,2025-03-02 09:36:00.986468+00:00
626,priest,2025-03-02 00:57:22.087248+00:00,2025-03-02 09:36:00.986468+00:00
626,death,2025-03-02 00:57:22.087248+00:00,2025-03-02 09:36:00.986468+00:00
626,severed hand,2025-03-02 00:57:22.087248+00:00,2025-03-02 09:36:00.986468+00:00
626,piano,2025-03-02 00:57:22.087248+00:00,2025-03-02 09:36:00.986468+00:00
626,ant,2025-03-02 00:57:22.087248+00:00,2025-03-02 09:36:00.986468+00:00
626,cloud,2025-03-02 00:57:22.087248+00:00,2025-03-02 09:36:00.986468+00:00
626,razor,2025-03-02 00:57:22.087248+00:00,2025-03-02 09:36:00.986468+00:00
626,midnight movie,2025-03-02 00:57:22.087248+00:00,2025-03-02 09:36:00.986468+00:00
626,donkey,2025-03-02 00:57:22.087248+00:00,2025-03-02 09:36:00.986468+00:00
634,extramarital affair,2025-03-02 00:57:22.087248+00:00,2025-03-02 09:36:00.986468+00:00
634,birthday,2025-03-02 00:57:22.087248+00:00,2025-03-02 09:36:00.986468+00:00
634,lovesickness,2025-03-02 00:57:22.087248+00:00,2025-03-02 09:36:00.986468+00:00
634,england,2025-03-02 00:57:22.087248+00:00,2025-03-02 09:36:00.986468+00:00
634,daughter,2025-03-02 00:57:22.087248+00:00,2025-03-02 09:36:00.986468+00:00
634,cigarette,2025-03-02 00:57:22.087248+00:00,2025-03-02 09:36:00.986468+00:00
634,reporter,2025-03-02 00:57:22.087248+00:00,2025-03-02 09:36:00.986468+00:00
634,parent child relationship,2025-03-02 00:57:22.087248+00:00,2025-03-02 09:36:00.986468+00:00
634,telecaster,2025-03-02 00:57:22.087248+00:00,2025-03-02 09:36:00.986468+00:00
634,diary,2025-03-02 00:57:22.087248+00:00,2025-03-02 09:36:00.986468+00:00
634,"london, england",2025-03-02 00:57:22.087248+00:00,2025-03-02 09:36:00.986468+00:00
634,sexual frustration,2025-03-02 00:57:22.087248+00:00,2025-03-02 09:36:00.986468+00:00
634,woman director,2025-03-02 00:57:22.087248+00:00,2025-03-02 09:36:00.986468+00:00
634,alcohol,2025-03-02 00:57:22.087248+00:00,2025-03-02 09:36:00.986468+00:00
634,lawyer,2025-03-02 00:57:22.087248+00:00,2025-03-02 09:36:00.986468+00:00
634,duringcreditsstinger,2025-03-02 00:57:22.087248+00:00,2025-03-02 09:36:00.986468+00:00
641,drugged,2025-03-02 00:57:22.087248+00:00,2025-03-02 09:36:00.986468+00:00
641,force feeding,2025-03-02 00:57:22.087248+00:00,2025-03-02 09:36:00.986468+00:00
641,speed,2025-03-02 00:57:22.087248+00:00,2025-03-02 09:36:00.986468+00:00
641,illusion,2025-03-02 00:57:22.087248+00:00,2025-03-02 09:36:00.986468+00:00
641,hospitalization,2025-03-02 00:57:22.087248+00:00,2025-03-02 09:36:00.986468+00:00
641,orderly,2025-03-02 00:57:22.087248+00:00,2025-03-02 09:36:00.986468+00:00
641,grief,2025-03-02 00:57:22.087248+00:00,2025-03-02 09:36:00.986468+00:00
641,industrial music,2025-03-02 00:57:22.087248+00:00,2025-03-02 09:36:00.986468+00:00
641,moral corruption,2025-03-02 00:57:22.087248+00:00,2025-03-02 09:36:00.986468+00:00
641,blunt,2025-03-02 00:57:22.087248+00:00,2025-03-02 09:36:00.986468+00:00
641,boyfriend girlfriend relationship,2025-03-02 00:57:22.087248+00:00,2025-03-02 09:36:00.986468+00:00
641,insanity,2025-03-02 00:57:22.087248+00:00,2025-03-02 09:36:00.986468+00:00
641,fondling,2025-03-02 00:57:22.087248+00:00,2025-03-02 09:36:00.986468+00:00
641,heroin addict,2025-03-02 00:57:22.087248+00:00,2025-03-02 09:36:00.986468+00:00
641,cautionary tale,2025-03-02 00:57:22.087248+00:00,2025-03-02 09:36:00.986468+00:00
641,voyeurism,2025-03-02 00:57:22.087248+00:00,2025-03-02 09:36:00.986468+00:00
641,surrealism,2025-03-02 00:57:22.087248+00:00,2025-03-02 09:36:00.986468+00:00
641,split screen,2025-03-02 00:57:22.087248+00:00,2025-03-02 09:36:00.986468+00:00
641,shock,2025-03-02 00:57:22.087248+00:00,2025-03-02 09:36:00.986468+00:00
641,lesbian,2025-03-02 00:57:22.087248+00:00,2025-03-02 09:36:00.986468+00:00
641,chain gang,2025-03-02 00:57:22.087248+00:00,2025-03-02 09:36:00.986468+00:00
641,corruption,2025-03-02 00:57:22.087248+00:00,2025-03-02 09:36:00.986468+00:00
641,narcotics,2025-03-02 00:57:22.087248+00:00,2025-03-02 09:36:00.986468+00:00
641,incarceration,2025-03-02 00:57:22.087248+00:00,2025-03-02 09:36:00.986468+00:00
641,degradation,2025-03-02 00:57:22.087248+00:00,2025-03-02 09:36:00.986468+00:00
641,drug addiction,2025-03-02 00:57:22.087248+00:00,2025-03-02 09:36:00.986468+00:00
641,drug abuse,2025-03-02 00:57:22.087248+00:00,2025-03-02 09:36:00.986468+00:00
641,drug pusher,2025-03-02 00:57:22.087248+00:00,2025-03-02 09:36:00.986468+00:00
641,drug dealer,2025-03-02 00:57:22.087248+00:00,2025-03-02 09:36:00.986468+00:00
641,gay theme,2025-03-02 00:57:22.087248+00:00,2025-03-02 09:36:00.986468+00:00
641,sign languages,2025-03-02 00:57:22.087248+00:00,2025-03-02 09:36:00.986468+00:00
641,postmodern,2025-03-02 00:57:22.087248+00:00,2025-03-02 09:36:00.986468+00:00
641,gay parent,2025-03-02 00:57:22.087248+00:00,2025-03-02 09:36:00.986468+00:00
641,psychological drama,2025-03-02 00:57:22.087248+00:00,2025-03-02 09:36:00.986468+00:00
641,illegal prostitution,2025-03-02 00:57:22.087248+00:00,2025-03-02 09:36:00.986468+00:00
641,eating disorder,2025-03-02 00:57:22.087248+00:00,2025-03-02 09:36:00.986468+00:00
641,unsociability,2025-03-02 00:57:22.087248+00:00,2025-03-02 09:36:00.986468+00:00
641,methamphetamine,2025-03-02 00:57:22.087248+00:00,2025-03-02 09:36:00.986468+00:00
641,hatred,2025-03-02 00:57:22.087248+00:00,2025-03-02 09:36:00.986468+00:00
641,prescription drug abuse,2025-03-02 00:57:22.087248+00:00,2025-03-02 09:36:00.986468+00:00
641,marijuana,2025-03-02 00:57:22.087248+00:00,2025-03-02 09:36:00.986468+00:00
641,hallucination,2025-03-02 00:57:22.087248+00:00,2025-03-02 09:36:00.986468+00:00
641,drug trade,2025-03-02 00:57:22.087248+00:00,2025-03-02 09:36:00.986468+00:00
641,brunette,2025-03-02 00:57:22.087248+00:00,2025-03-02 09:36:00.986468+00:00
641,heroin,2025-03-02 00:57:22.087248+00:00,2025-03-02 09:36:00.986468+00:00
641,drug use,2025-03-02 00:57:22.087248+00:00,2025-03-02 09:36:00.986468+00:00
641,heroin addiction,2025-03-02 00:57:22.087248+00:00,2025-03-02 09:36:00.986468+00:00
641,diet,2025-03-02 00:57:22.087248+00:00,2025-03-02 09:36:00.986468+00:00
641,subculture,2025-03-02 00:57:22.087248+00:00,2025-03-02 09:36:00.986468+00:00
641,marijuana joint,2025-03-02 00:57:22.087248+00:00,2025-03-02 09:36:00.986468+00:00
641,drug addict,2025-03-02 00:57:22.087248+00:00,2025-03-02 09:36:00.986468+00:00
641,psychiatrist,2025-03-02 00:57:22.087248+00:00,2025-03-02 09:36:00.986468+00:00
641,junkie,2025-03-02 00:57:22.087248+00:00,2025-03-02 09:36:00.986468+00:00
641,bitterness,2025-03-02 00:57:22.087248+00:00,2025-03-02 09:36:00.986468+00:00
641,decadence,2025-03-02 00:57:22.087248+00:00,2025-03-02 09:36:00.986468+00:00
649,jealousy,2025-03-02 00:57:22.087248+00:00,2025-03-02 09:36:00.986468+00:00
649,husband wife relationship,2025-03-02 00:57:22.087248+00:00,2025-03-02 09:36:00.986468+00:00
649,sexual frustration,2025-03-02 00:57:22.087248+00:00,2025-03-02 09:36:00.986468+00:00
649,dreams,2025-03-02 00:57:22.087248+00:00,2025-03-02 09:36:00.986468+00:00
649,women's sexual identity,2025-03-02 00:57:22.087248+00:00,2025-03-02 09:36:00.986468+00:00
649,dual identity,2025-03-02 00:57:22.087248+00:00,2025-03-02 09:36:00.986468+00:00
649,adultery,2025-03-02 00:57:22.087248+00:00,2025-03-02 09:36:00.986468+00:00
649,sexual exploration,2025-03-02 00:57:22.087248+00:00,2025-03-02 09:36:00.986468+00:00
649,brothel,2025-03-02 00:57:22.087248+00:00,2025-03-02 09:36:00.986468+00:00
649,prostitute,2025-03-02 00:57:22.087248+00:00,2025-03-02 09:36:00.986468+00:00
649,double life,2025-03-02 00:57:22.087248+00:00,2025-03-02 09:36:00.986468+00:00
649,masochism,2025-03-02 00:57:22.087248+00:00,2025-03-02 09:36:00.986468+00:00
655,desert,2025-03-02 00:57:22.087248+00:00,2025-03-02 09:36:00.986468+00:00
655,fugue state,2025-03-02 00:57:22.087248+00:00,2025-03-02 09:36:00.986468+00:00
655,sibling relationship,2025-03-02 00:57:22.087248+00:00,2025-03-02 09:36:00.986468+00:00
655,on the road,2025-03-02 00:57:22.087248+00:00,2025-03-02 09:36:00.986468+00:00
655,regret,2025-03-02 00:57:22.087248+00:00,2025-03-02 09:36:00.986468+00:00
655,neo-western,2025-03-02 00:57:22.087248+00:00,2025-03-02 09:36:00.986468+00:00
655,van,2025-03-02 00:57:22.087248+00:00,2025-03-02 09:36:00.986468+00:00
655,texas,2025-03-02 00:57:22.087248+00:00,2025-03-02 09:36:00.986468+00:00
655,mute,2025-03-02 00:57:22.087248+00:00,2025-03-02 09:36:00.986468+00:00
655,"los angeles, california",2025-03-02 00:57:22.087248+00:00,2025-03-02 09:36:00.986468+00:00
655,redemption,2025-03-02 00:57:22.087248+00:00,2025-03-02 09:36:00.986468+00:00
655,peep show,2025-03-02 00:57:22.087248+00:00,2025-03-02 09:36:00.986468+00:00
655,family,2025-03-02 00:57:22.087248+00:00,2025-03-02 09:36:00.986468+00:00
655,new german cinema,2025-03-02 00:57:22.087248+00:00,2025-03-02 09:36:00.986468+00:00
655,modern-day western,2025-03-02 00:57:22.087248+00:00,2025-03-02 09:36:00.986468+00:00
670,daughter,2025-03-02 00:57:22.087248+00:00,2025-03-02 09:36:00.986468+00:00
670,rage and hate,2025-03-02 00:57:22.087248+00:00,2025-03-02 09:36:00.986468+00:00
670,neo-noir,2025-03-02 00:57:22.087248+00:00,2025-03-02 09:36:00.986468+00:00
670,driven to suicide,2025-03-02 00:57:22.087248+00:00,2025-03-02 09:36:00.986468+00:00
670,hypnosis,2025-03-02 00:57:22.087248+00:00,2025-03-02 09:36:00.986468+00:00
670,shocking,2025-03-02 00:57:22.087248+00:00,2025-03-02 09:36:00.986468+00:00
670,revenge,2025-03-02 00:57:22.087248+00:00,2025-03-02 09:36:00.986468+00:00
670,father daughter relationship,2025-03-02 00:57:22.087248+00:00,2025-03-02 09:36:00.986468+00:00
670,torture,2025-03-02 00:57:22.087248+00:00,2025-03-02 09:36:00.986468+00:00
670,urination,2025-03-02 00:57:22.087248+00:00,2025-03-02 09:36:00.986468+00:00
670,tragic,2025-03-02 00:57:22.087248+00:00,2025-03-02 09:36:00.986468+00:00
670,based on manga,2025-03-02 00:57:22.087248+00:00,2025-03-02 09:36:00.986468+00:00
670,rage,2025-03-02 00:57:22.087248+00:00,2025-03-02 09:36:00.986468+00:00
670,asian origins,2025-03-02 00:57:22.087248+00:00,2025-03-02 09:36:00.986468+00:00
670,flashback,2025-03-02 00:57:22.087248+00:00,2025-03-02 09:36:00.986468+00:00
670,remade,2025-03-02 00:57:22.087248+00:00,2025-03-02 09:36:00.986468+00:00
670,transformation,2025-03-02 00:57:22.087248+00:00,2025-03-02 09:36:00.986468+00:00
670,suspenseful,2025-03-02 00:57:22.087248+00:00,2025-03-02 09:36:00.986468+00:00
670,hostility,2025-03-02 00:57:22.087248+00:00,2025-03-02 09:36:00.986468+00:00
670,anger,2025-03-02 00:57:22.087248+00:00,2025-03-02 09:36:00.986468+00:00
670,loneliness,2025-03-02 00:57:22.087248+00:00,2025-03-02 09:36:00.986468+00:00
670,hammer,2025-03-02 00:57:22.087248+00:00,2025-03-02 09:36:00.986468+00:00
670,dark comedy,2025-03-02 00:57:22.087248+00:00,2025-03-02 09:36:00.986468+00:00
670,south korea,2025-03-02 00:57:22.087248+00:00,2025-03-02 09:36:00.986468+00:00
670,aggressive,2025-03-02 00:57:22.087248+00:00,2025-03-02 09:36:00.986468+00:00
670,sushi restaurant,2025-03-02 00:57:22.087248+00:00,2025-03-02 09:36:00.986468+00:00
670,catholic,2025-03-02 00:57:22.087248+00:00,2025-03-02 09:36:00.986468+00:00
670,notebook,2025-03-02 00:57:22.087248+00:00,2025-03-02 09:36:00.986468+00:00
670,sin,2025-03-02 00:57:22.087248+00:00,2025-03-02 09:36:00.986468+00:00
670,time,2025-03-02 00:57:22.087248+00:00,2025-03-02 09:36:00.986468+00:00
670,incest,2025-03-02 00:57:22.087248+00:00,2025-03-02 09:36:00.986468+00:00
670,imprisonment,2025-03-02 00:57:22.087248+00:00,2025-03-02 09:36:00.986468+00:00
670,captivity,2025-03-02 00:57:22.087248+00:00,2025-03-02 09:36:00.986468+00:00
670,alcoholism,2025-03-02 00:57:22.087248+00:00,2025-03-02 09:36:00.986468+00:00
671,fantasy world,2025-03-02 00:57:22.087248+00:00,2025-03-02 09:36:00.986468+00:00
671,school of witchcraft,2025-03-02 00:57:22.087248+00:00,2025-03-02 09:36:00.986468+00:00
671,ghost,2025-03-02 00:57:22.087248+00:00,2025-03-02 09:36:00.986468+00:00
671,child hero,2025-03-02 00:57:22.087248+00:00,2025-03-02 09:36:00.986468+00:00
671,wizard,2025-03-02 00:57:22.087248+00:00,2025-03-02 09:36:00.986468+00:00
671,based on young adult novel,2025-03-02 00:57:22.087248+00:00,2025-03-02 09:36:00.986468+00:00
671,friendship,2025-03-02 00:57:22.087248+00:00,2025-03-02 09:36:00.986468+00:00
671,owl,2025-03-02 00:57:22.087248+00:00,2025-03-02 09:36:00.986468+00:00
671,school,2025-03-02 00:57:22.087248+00:00,2025-03-02 09:36:00.986468+00:00
671,chosen one,2025-03-02 00:57:22.087248+00:00,2025-03-02 09:36:00.986468+00:00
671,witch,2025-03-02 00:57:22.087248+00:00,2025-03-02 09:36:00.986468+00:00
671,magic,2025-03-02 00:57:22.087248+00:00,2025-03-02 09:36:00.986468+00:00
671,based on novel or book,2025-03-02 00:57:22.087248+00:00,2025-03-02 09:36:00.986468+00:00
671,boarding school,2025-03-02 00:57:22.087248+00:00,2025-03-02 09:36:00.986468+00:00
671,school friend,2025-03-02 00:57:22.087248+00:00,2025-03-02 09:36:00.986468+00:00
671,"london, england",2025-03-02 00:57:22.087248+00:00,2025-03-02 09:36:00.986468+00:00
672,flying car,2025-03-02 00:57:22.087248+00:00,2025-03-02 09:36:00.986468+00:00
672,child driving car,2025-03-02 00:57:22.087248+00:00,2025-03-02 09:36:00.986468+00:00
672,sword,2025-03-02 00:57:22.087248+00:00,2025-03-02 09:36:00.986468+00:00
672,giant spider,2025-03-02 00:57:22.087248+00:00,2025-03-02 09:36:00.986468+00:00
672,diary,2025-03-02 00:57:22.087248+00:00,2025-03-02 09:36:00.986468+00:00
672,witch,2025-03-02 00:57:22.087248+00:00,2025-03-02 09:36:00.986468+00:00
672,wizard,2025-03-02 00:57:22.087248+00:00,2025-03-02 09:36:00.986468+00:00
672,aftercreditsstinger,2025-03-02 00:57:22.087248+00:00,2025-03-02 09:36:00.986468+00:00
672,black magic,2025-03-02 00:57:22.087248+00:00,2025-03-02 09:36:00.986468+00:00
672,giant snake,2025-03-02 00:57:22.087248+00:00,2025-03-02 09:36:00.986468+00:00
672,child hero,2025-03-02 00:57:22.087248+00:00,2025-03-02 09:36:00.986468+00:00
672,christmas,2025-03-02 00:57:22.087248+00:00,2025-03-02 09:36:00.986468+00:00
672,elves,2025-03-02 00:57:22.087248+00:00,2025-03-02 09:36:00.986468+00:00
672,based on young adult novel,2025-03-02 00:57:22.087248+00:00,2025-03-02 09:36:00.986468+00:00
672,magic,2025-03-02 00:57:22.087248+00:00,2025-03-02 09:36:00.986468+00:00
672,school of witchcraft,2025-03-02 00:57:22.087248+00:00,2025-03-02 09:36:00.986468+00:00
672,ghost,2025-03-02 00:57:22.087248+00:00,2025-03-02 09:36:00.986468+00:00
673,school of witchcraft,2025-03-02 00:57:22.087248+00:00,2025-03-02 09:36:00.986468+00:00
673,bus,2025-03-02 00:57:22.087248+00:00,2025-03-02 09:36:00.986468+00:00
673,night bus,2025-03-02 00:57:22.087248+00:00,2025-03-02 09:36:00.986468+00:00
673,school,2025-03-02 00:57:22.087248+00:00,2025-03-02 09:36:00.986468+00:00
673,ghost,2025-03-02 00:57:22.087248+00:00,2025-03-02 09:36:00.986468+00:00
673,magic spell,2025-03-02 00:57:22.087248+00:00,2025-03-02 09:36:00.986468+00:00
673,child hero,2025-03-02 00:57:22.087248+00:00,2025-03-02 09:36:00.986468+00:00
673,traitor,2025-03-02 00:57:22.087248+00:00,2025-03-02 09:36:00.986468+00:00
673,based on young adult novel,2025-03-02 00:57:22.087248+00:00,2025-03-02 09:36:00.986468+00:00
673,magical creature,2025-03-02 00:57:22.087248+00:00,2025-03-02 09:36:00.986468+00:00
673,magic,2025-03-02 00:57:22.087248+00:00,2025-03-02 09:36:00.986468+00:00
673,witch,2025-03-02 00:57:22.087248+00:00,2025-03-02 09:36:00.986468+00:00
673,flying,2025-03-02 00:57:22.087248+00:00,2025-03-02 09:36:00.986468+00:00
673,time travel,2025-03-02 00:57:22.087248+00:00,2025-03-02 09:36:00.986468+00:00
673,black magic,2025-03-02 00:57:22.087248+00:00,2025-03-02 09:36:00.986468+00:00
673,muggle,2025-03-02 00:57:22.087248+00:00,2025-03-02 09:36:00.986468+00:00
673,best friend,2025-03-02 00:57:22.087248+00:00,2025-03-02 09:36:00.986468+00:00
673,teenage life,2025-03-02 00:57:22.087248+00:00,2025-03-02 09:36:00.986468+00:00
673,school class,2025-03-02 00:57:22.087248+00:00,2025-03-02 09:36:00.986468+00:00
673,christmas,2025-03-02 00:57:22.087248+00:00,2025-03-02 09:36:00.986468+00:00
673,werewolf,2025-03-02 00:57:22.087248+00:00,2025-03-02 09:36:00.986468+00:00
673,wizard,2025-03-02 00:57:22.087248+00:00,2025-03-02 09:36:00.986468+00:00
673,school friend,2025-03-02 00:57:22.087248+00:00,2025-03-02 09:36:00.986468+00:00
673,aftercreditsstinger,2025-03-02 00:57:22.087248+00:00,2025-03-02 09:36:00.986468+00:00
673,friendship,2025-03-02 00:57:22.087248+00:00,2025-03-02 09:36:00.986468+00:00
674,black magic,2025-03-02 00:57:22.087248+00:00,2025-03-02 09:36:00.986468+00:00
674,witch,2025-03-02 00:57:22.087248+00:00,2025-03-02 09:36:00.986468+00:00
674,boarding school,2025-03-02 00:57:22.087248+00:00,2025-03-02 09:36:00.986468+00:00
674,world cup,2025-03-02 00:57:22.087248+00:00,2025-03-02 09:36:00.986468+00:00
674,dragon,2025-03-02 00:57:22.087248+00:00,2025-03-02 09:36:00.986468+00:00
674,wizard,2025-03-02 00:57:22.087248+00:00,2025-03-02 09:36:00.986468+00:00
674,dying and death,2025-03-02 00:57:22.087248+00:00,2025-03-02 09:36:00.986468+00:00
674,tournament,2025-03-02 00:57:22.087248+00:00,2025-03-02 09:36:00.986468+00:00
674,magic,2025-03-02 00:57:22.087248+00:00,2025-03-02 09:36:00.986468+00:00
674,school,2025-03-02 00:57:22.087248+00:00,2025-03-02 09:36:00.986468+00:00
674,based on novel or book,2025-03-02 00:57:22.087248+00:00,2025-03-02 09:36:00.986468+00:00
674,mysterious,2025-03-02 00:57:22.087248+00:00,2025-03-02 09:36:00.986468+00:00
674,teenage hero,2025-03-02 00:57:22.087248+00:00,2025-03-02 09:36:00.986468+00:00
674,maze,2025-03-02 00:57:22.087248+00:00,2025-03-02 09:36:00.986468+00:00
674,chosen one,2025-03-02 00:57:22.087248+00:00,2025-03-02 09:36:00.986468+00:00
674,sequel,2025-03-02 00:57:22.087248+00:00,2025-03-02 09:36:00.986468+00:00
674,based on young adult novel,2025-03-02 00:57:22.087248+00:00,2025-03-02 09:36:00.986468+00:00
674,school of witchcraft,2025-03-02 00:57:22.087248+00:00,2025-03-02 09:36:00.986468+00:00
674,mermaid,2025-03-02 00:57:22.087248+00:00,2025-03-02 09:36:00.986468+00:00
674,vision,2025-03-02 00:57:22.087248+00:00,2025-03-02 09:36:00.986468+00:00
674,christmas,2025-03-02 00:57:22.087248+00:00,2025-03-02 09:36:00.986468+00:00
674,ghost,2025-03-02 00:57:22.087248+00:00,2025-03-02 09:36:00.986468+00:00
675,ministry,2025-03-02 00:57:22.087248+00:00,2025-03-02 09:36:00.986468+00:00
675,wizard,2025-03-02 00:57:22.087248+00:00,2025-03-02 09:36:00.986468+00:00
675,mystical land,2025-03-02 00:57:22.087248+00:00,2025-03-02 09:36:00.986468+00:00
675,school of witchcraft,2025-03-02 00:57:22.087248+00:00,2025-03-02 09:36:00.986468+00:00
675,loss of loved one,2025-03-02 00:57:22.087248+00:00,2025-03-02 09:36:00.986468+00:00
675,ghost,2025-03-02 00:57:22.087248+00:00,2025-03-02 09:36:00.986468+00:00
675,magic,2025-03-02 00:57:22.087248+00:00,2025-03-02 09:36:00.986468+00:00
675,christmas,2025-03-02 00:57:22.087248+00:00,2025-03-02 09:36:00.986468+00:00
675,occult,2025-03-02 00:57:22.087248+00:00,2025-03-02 09:36:00.986468+00:00
675,child hero,2025-03-02 00:57:22.087248+00:00,2025-03-02 09:36:00.986468+00:00
675,based on young adult novel,2025-03-02 00:57:22.087248+00:00,2025-03-02 09:36:00.986468+00:00
675,dying and death,2025-03-02 00:57:22.087248+00:00,2025-03-02 09:36:00.986468+00:00
675,black magic,2025-03-02 00:57:22.087248+00:00,2025-03-02 09:36:00.986468+00:00
675,sorcery,2025-03-02 00:57:22.087248+00:00,2025-03-02 09:36:00.986468+00:00
675,scholar,2025-03-02 00:57:22.087248+00:00,2025-03-02 09:36:00.986468+00:00
675,professor,2025-03-02 00:57:22.087248+00:00,2025-03-02 09:36:00.986468+00:00
675,witch,2025-03-02 00:57:22.087248+00:00,2025-03-02 09:36:00.986468+00:00
675,prophecy,2025-03-02 00:57:22.087248+00:00,2025-03-02 09:36:00.986468+00:00
675,court,2025-03-02 00:57:22.087248+00:00,2025-03-02 09:36:00.986468+00:00
675,supernatural,2025-03-02 00:57:22.087248+00:00,2025-03-02 09:36:00.986468+00:00
694,hotel,2025-03-02 00:57:22.087248+00:00,2025-03-02 09:36:00.986468+00:00
694,supernatural horror,2025-03-02 00:57:22.087248+00:00,2025-03-02 09:36:00.986468+00:00
694,extrasensory perception,2025-03-02 00:57:22.087248+00:00,2025-03-02 09:36:00.986468+00:00
694,child abuse,2025-03-02 00:57:22.087248+00:00,2025-03-02 09:36:00.986468+00:00
694,caretaker,2025-03-02 00:57:22.087248+00:00,2025-03-02 09:36:00.986468+00:00
694,pediatrician,2025-03-02 00:57:22.087248+00:00,2025-03-02 09:36:00.986468+00:00
694,twin sisters,2025-03-02 00:57:22.087248+00:00,2025-03-02 09:36:00.986468+00:00
694,loneliness,2025-03-02 00:57:22.087248+00:00,2025-03-02 09:36:00.986468+00:00
694,bloody body of child,2025-03-02 00:57:22.087248+00:00,2025-03-02 09:36:00.986468+00:00
694,nuclear family,2025-03-02 00:57:22.087248+00:00,2025-03-02 09:36:00.986468+00:00
694,identical twins,2025-03-02 00:57:22.087248+00:00,2025-03-02 09:36:00.986468+00:00
694,seclusion,2025-03-02 00:57:22.087248+00:00,2025-03-02 09:36:00.986468+00:00
694,antagonistic,2025-03-02 00:57:22.087248+00:00,2025-03-02 09:36:00.986468+00:00
694,psychological thriller,2025-03-02 00:57:22.087248+00:00,2025-03-02 09:36:00.986468+00:00
694,surrealism,2025-03-02 00:57:22.087248+00:00,2025-03-02 09:36:00.986468+00:00
694,psychological horror,2025-03-02 00:57:22.087248+00:00,2025-03-02 09:36:00.986468+00:00
694,filicide,2025-03-02 00:57:22.087248+00:00,2025-03-02 09:36:00.986468+00:00
694,mutilation,2025-03-02 00:57:22.087248+00:00,2025-03-02 09:36:00.986468+00:00
694,supernatural power,2025-03-02 00:57:22.087248+00:00,2025-03-02 09:36:00.986468+00:00
694,motherhood,2025-03-02 00:57:22.087248+00:00,2025-03-02 09:36:00.986468+00:00
694,blizzard,2025-03-02 00:57:22.087248+00:00,2025-03-02 09:36:00.986468+00:00
694,new year's party,2025-03-02 00:57:22.087248+00:00,2025-03-02 09:36:00.986468+00:00
694,colorado,2025-03-02 00:57:22.087248+00:00,2025-03-02 09:36:00.986468+00:00
694,new year,2025-03-02 00:57:22.087248+00:00,2025-03-02 09:36:00.986468+00:00
694,deal with the devil,2025-03-02 00:57:22.087248+00:00,2025-03-02 09:36:00.986468+00:00
694,snowed in,2025-03-02 00:57:22.087248+00:00,2025-03-02 09:36:00.986468+00:00
694,premonition,2025-03-02 00:57:22.087248+00:00,2025-03-02 09:36:00.986468+00:00
694,cabin fever,2025-03-02 00:57:22.087248+00:00,2025-03-02 09:36:00.986468+00:00
694,alcoholic,2025-03-02 00:57:22.087248+00:00,2025-03-02 09:36:00.986468+00:00
694,paranoid,2025-03-02 00:57:22.087248+00:00,2025-03-02 09:36:00.986468+00:00
694,postmodern,2025-03-02 00:57:22.087248+00:00,2025-03-02 09:36:00.986468+00:00
694,afi,2025-03-02 00:57:22.087248+00:00,2025-03-02 09:36:00.986468+00:00
694,based on novel or book,2025-03-02 00:57:22.087248+00:00,2025-03-02 09:36:00.986468+00:00
694,twins,2025-03-02 00:57:22.087248+00:00,2025-03-02 09:36:00.986468+00:00
694,suspenseful,2025-03-02 00:57:22.087248+00:00,2025-03-02 09:36:00.986468+00:00
694,uxoricide,2025-03-02 00:57:22.087248+00:00,2025-03-02 09:36:00.986468+00:00
694,domestic violence,2025-03-02 00:57:22.087248+00:00,2025-03-02 09:36:00.986468+00:00
694,writer,2025-03-02 00:57:22.087248+00:00,2025-03-02 09:36:00.986468+00:00
694,telepathy,2025-03-02 00:57:22.087248+00:00,2025-03-02 09:36:00.986468+00:00
694,writers-block,2025-03-02 00:57:22.087248+00:00,2025-03-02 09:36:00.986468+00:00
694,mother son relationship,2025-03-02 00:57:22.087248+00:00,2025-03-02 09:36:00.986468+00:00
694,new year's eve,2025-03-02 00:57:22.087248+00:00,2025-03-02 09:36:00.986468+00:00
694,yosemite,2025-03-02 00:57:22.087248+00:00,2025-03-02 09:36:00.986468+00:00
694,anxious,2025-03-02 00:57:22.087248+00:00,2025-03-02 09:36:00.986468+00:00
694,dreary,2025-03-02 00:57:22.087248+00:00,2025-03-02 09:36:00.986468+00:00
694,vision,2025-03-02 00:57:22.087248+00:00,2025-03-02 09:36:00.986468+00:00
694,tense,2025-03-02 00:57:22.087248+00:00,2025-03-02 09:36:00.986468+00:00
694,haunted hotel,2025-03-02 00:57:22.087248+00:00,2025-03-02 09:36:00.986468+00:00
694,snowstorm,2025-03-02 00:57:22.087248+00:00,2025-03-02 09:36:00.986468+00:00
694,hypothermia,2025-03-02 00:57:22.087248+00:00,2025-03-02 09:36:00.986468+00:00
694,burial ground,2025-03-02 00:57:22.087248+00:00,2025-03-02 09:36:00.986468+00:00
694,repetition,2025-03-02 00:57:22.087248+00:00,2025-03-02 09:36:00.986468+00:00
694,psychological disintegration,2025-03-02 00:57:22.087248+00:00,2025-03-02 09:36:00.986468+00:00
694,labyrinth,2025-03-02 00:57:22.087248+00:00,2025-03-02 09:36:00.986468+00:00
694,psychic power,2025-03-02 00:57:22.087248+00:00,2025-03-02 09:36:00.986468+00:00
694,malicious,2025-03-02 00:57:22.087248+00:00,2025-03-02 09:36:00.986468+00:00
694,alcoholism,2025-03-02 00:57:22.087248+00:00,2025-03-02 09:36:00.986468+00:00
694,delusion,2025-03-02 00:57:22.087248+00:00,2025-03-02 09:36:00.986468+00:00
694,isolation,2025-03-02 00:57:22.087248+00:00,2025-03-02 09:36:00.986468+00:00
694,avant garde,2025-03-02 00:57:22.087248+00:00,2025-03-02 09:36:00.986468+00:00
694,halloween,2025-03-02 00:57:22.087248+00:00,2025-03-02 09:36:00.986468+00:00
694,psychotronic film,2025-03-02 00:57:22.087248+00:00,2025-03-02 09:36:00.986468+00:00
694,ghost child,2025-03-02 00:57:22.087248+00:00,2025-03-02 09:36:00.986468+00:00
744,admiring,2025-03-02 00:57:22.087248+00:00,2025-03-02 09:36:00.986468+00:00
744,u.s. navy,2025-03-02 00:57:22.087248+00:00,2025-03-02 09:36:00.986468+00:00
744,bold,2025-03-02 00:57:22.087248+00:00,2025-03-02 09:36:00.986468+00:00
744,melodramatic,2025-03-02 00:57:22.087248+00:00,2025-03-02 09:36:00.986468+00:00
744,fighter pilot,2025-03-02 00:57:22.087248+00:00,2025-03-02 09:36:00.986468+00:00
744,inspirational,2025-03-02 00:57:22.087248+00:00,2025-03-02 09:36:00.986468+00:00
744,battle assignment,2025-03-02 00:57:22.087248+00:00,2025-03-02 09:36:00.986468+00:00
744,commanding,2025-03-02 00:57:22.087248+00:00,2025-03-02 09:36:00.986468+00:00
744,training camp,2025-03-02 00:57:22.087248+00:00,2025-03-02 09:36:00.986468+00:00
744,airplane,2025-03-02 00:57:22.087248+00:00,2025-03-02 09:36:00.986468+00:00
744,cowardliness,2025-03-02 00:57:22.087248+00:00,2025-03-02 09:36:00.986468+00:00
744,pilot,2025-03-02 00:57:22.087248+00:00,2025-03-02 09:36:00.986468+00:00
744,exuberant,2025-03-02 00:57:22.087248+00:00,2025-03-02 09:36:00.986468+00:00
744,self-discovery,2025-03-02 00:57:22.087248+00:00,2025-03-02 09:36:00.986468+00:00
744,"based on magazine, newspaper or article",2025-03-02 00:57:22.087248+00:00,2025-03-02 09:36:00.986468+00:00
744,celebratory,2025-03-02 00:57:22.087248+00:00,2025-03-02 09:36:00.986468+00:00
744,secret love,2025-03-02 00:57:22.087248+00:00,2025-03-02 09:36:00.986468+00:00
744,loss of loved one,2025-03-02 00:57:22.087248+00:00,2025-03-02 09:36:00.986468+00:00
744,hostility,2025-03-02 00:57:22.087248+00:00,2025-03-02 09:36:00.986468+00:00
744,pilot school,2025-03-02 00:57:22.087248+00:00,2025-03-02 09:36:00.986468+00:00
744,dying and death,2025-03-02 00:57:22.087248+00:00,2025-03-02 09:36:00.986468+00:00
744,lovesickness,2025-03-02 00:57:22.087248+00:00,2025-03-02 09:36:00.986468+00:00
746,autobiography,2025-03-02 00:57:22.087248+00:00,2025-03-02 09:36:00.986468+00:00
746,1940s,2025-03-02 00:57:22.087248+00:00,2025-03-02 09:36:00.986468+00:00
746,drug addiction,2025-03-02 00:57:22.087248+00:00,2025-03-02 09:36:00.986468+00:00
746,buddhism,2025-03-02 00:57:22.087248+00:00,2025-03-02 09:36:00.986468+00:00
746,china,2025-03-02 00:57:22.087248+00:00,2025-03-02 09:36:00.986468+00:00
746,manchuria,2025-03-02 00:57:22.087248+00:00,2025-03-02 09:36:00.986468+00:00
746,opium,2025-03-02 00:57:22.087248+00:00,2025-03-02 09:36:00.986468+00:00
746,decadence,2025-03-02 00:57:22.087248+00:00,2025-03-02 09:36:00.986468+00:00
746,biography,2025-03-02 00:57:22.087248+00:00,2025-03-02 09:36:00.986468+00:00
746,suicide attempt,2025-03-02 00:57:22.087248+00:00,2025-03-02 09:36:00.986468+00:00
746,1920s,2025-03-02 00:57:22.087248+00:00,2025-03-02 09:36:00.986468+00:00
746,1950s,2025-03-02 00:57:22.087248+00:00,2025-03-02 09:36:00.986468+00:00
746,emperor,2025-03-02 00:57:22.087248+00:00,2025-03-02 09:36:00.986468+00:00
746,world war ii,2025-03-02 00:57:22.087248+00:00,2025-03-02 09:36:00.986468+00:00
746,"beijing, china",2025-03-02 00:57:22.087248+00:00,2025-03-02 09:36:00.986468+00:00
746,1910s,2025-03-02 00:57:22.087248+00:00,2025-03-02 09:36:00.986468+00:00
746,1930s,2025-03-02 00:57:22.087248+00:00,2025-03-02 09:36:00.986468+00:00
746,experiment,2025-03-02 00:57:22.087248+00:00,2025-03-02 09:36:00.986468+00:00
746,becoming an adult,2025-03-02 00:57:22.087248+00:00,2025-03-02 09:36:00.986468+00:00
746,revolution,2025-03-02 00:57:22.087248+00:00,2025-03-02 09:36:00.986468+00:00
746,war on drugs,2025-03-02 00:57:22.087248+00:00,2025-03-02 09:36:00.986468+00:00
746,arranged marriage,2025-03-02 00:57:22.087248+00:00,2025-03-02 09:36:00.986468+00:00
746,suicide,2025-03-02 00:57:22.087248+00:00,2025-03-02 09:36:00.986468+00:00
746,dynasty,2025-03-02 00:57:22.087248+00:00,2025-03-02 09:36:00.986468+00:00
746,reeducation camp,2025-03-02 00:57:22.087248+00:00,2025-03-02 09:36:00.986468+00:00
746,japanese occupation of china,2025-03-02 00:57:22.087248+00:00,2025-03-02 09:36:00.986468+00:00
746,communism,2025-03-02 00:57:22.087248+00:00,2025-03-02 09:36:00.986468+00:00
746,war crimes,2025-03-02 00:57:22.087248+00:00,2025-03-02 09:36:00.986468+00:00
746,isolation,2025-03-02 00:57:22.087248+00:00,2025-03-02 09:36:00.986468+00:00
746,teacher,2025-03-02 00:57:22.087248+00:00,2025-03-02 09:36:00.986468+00:00
746,based on true story,2025-03-02 00:57:22.087248+00:00,2025-03-02 09:36:00.986468+00:00
746,dowager,2025-03-02 00:57:22.087248+00:00,2025-03-02 09:36:00.986468+00:00
746,coup d'etat,2025-03-02 00:57:22.087248+00:00,2025-03-02 09:36:00.986468+00:00
765,book of the dead,2025-03-02 00:57:22.087248+00:00,2025-03-02 09:36:00.986468+00:00
765,eyeball,2025-03-02 00:57:22.087248+00:00,2025-03-02 09:36:00.986468+00:00
765,meat cleaver,2025-03-02 00:57:22.087248+00:00,2025-03-02 09:36:00.986468+00:00
765,tape recorder,2025-03-02 00:57:22.087248+00:00,2025-03-02 09:36:00.986468+00:00
765,chainsaw,2025-03-02 00:57:22.087248+00:00,2025-03-02 09:36:00.986468+00:00
765,necronomicon,2025-03-02 00:57:22.087248+00:00,2025-03-02 09:36:00.986468+00:00
765,psychotronic,2025-03-02 00:57:22.087248+00:00,2025-03-02 09:36:00.986468+00:00
765,evil dead,2025-03-02 00:57:22.087248+00:00,2025-03-02 09:36:00.986468+00:00
765,over the top,2025-03-02 00:57:22.087248+00:00,2025-03-02 09:36:00.986468+00:00
765,spirit,2025-03-02 00:57:22.087248+00:00,2025-03-02 09:36:00.986468+00:00
765,deer,2025-03-02 00:57:22.087248+00:00,2025-03-02 09:36:00.986468+00:00
765,tarmac,2025-03-02 00:57:22.087248+00:00,2025-03-02 09:36:00.986468+00:00
765,shocking,2025-03-02 00:57:22.087248+00:00,2025-03-02 09:36:00.986468+00:00
767,luck,2025-03-02 00:57:22.087248+00:00,2025-03-02 09:36:00.986468+00:00
767,teenage crush,2025-03-02 00:57:22.087248+00:00,2025-03-02 09:36:00.986468+00:00
767,christmas,2025-03-02 00:57:22.087248+00:00,2025-03-02 09:36:00.986468+00:00
767,"london, england",2025-03-02 00:57:22.087248+00:00,2025-03-02 09:36:00.986468+00:00
767,school of witchcraft,2025-03-02 00:57:22.087248+00:00,2025-03-02 09:36:00.986468+00:00
767,teenage love,2025-03-02 00:57:22.087248+00:00,2025-03-02 09:36:00.986468+00:00
767,school,2025-03-02 00:57:22.087248+00:00,2025-03-02 09:36:00.986468+00:00
767,magic,2025-03-02 00:57:22.087248+00:00,2025-03-02 09:36:00.986468+00:00
767,ghost,2025-03-02 00:57:22.087248+00:00,2025-03-02 09:36:00.986468+00:00
767,witch,2025-03-02 00:57:22.087248+00:00,2025-03-02 09:36:00.986468+00:00
767,curse,2025-03-02 00:57:22.087248+00:00,2025-03-02 09:36:00.986468+00:00
767,secret past,2025-03-02 00:57:22.087248+00:00,2025-03-02 09:36:00.986468+00:00
767,mysterious,2025-03-02 00:57:22.087248+00:00,2025-03-02 09:36:00.986468+00:00
767,wizard,2025-03-02 00:57:22.087248+00:00,2025-03-02 09:36:00.986468+00:00
767,sequel,2025-03-02 00:57:22.087248+00:00,2025-03-02 09:36:00.986468+00:00
767,apparition,2025-03-02 00:57:22.087248+00:00,2025-03-02 09:36:00.986468+00:00
767,werewolf,2025-03-02 00:57:22.087248+00:00,2025-03-02 09:36:00.986468+00:00
767,dying and death,2025-03-02 00:57:22.087248+00:00,2025-03-02 09:36:00.986468+00:00
767,based on young adult novel,2025-03-02 00:57:22.087248+00:00,2025-03-02 09:36:00.986468+00:00
844,soulmates,2025-03-02 00:57:22.087248+00:00,2025-03-02 09:36:00.986468+00:00
844,regret,2025-03-02 00:57:22.087248+00:00,2025-03-02 09:36:00.986468+00:00
844,illegal prostitution,2025-03-02 00:57:22.087248+00:00,2025-03-02 09:36:00.986468+00:00
844,christmas eve,2025-03-02 00:57:22.087248+00:00,2025-03-02 09:36:00.986468+00:00
844,extramarital affair,2025-03-02 00:57:22.087248+00:00,2025-03-02 09:36:00.986468+00:00
844,nostalgia,2025-03-02 00:57:22.087248+00:00,2025-03-02 09:36:00.986468+00:00
844,melancholy,2025-03-02 00:57:22.087248+00:00,2025-03-02 09:36:00.986468+00:00
844,symbolism,2025-03-02 00:57:22.087248+00:00,2025-03-02 09:36:00.986468+00:00
844,love of one's life,2025-03-02 00:57:22.087248+00:00,2025-03-02 09:36:00.986468+00:00
844,hong kong,2025-03-02 00:57:22.087248+00:00,2025-03-02 09:36:00.986468+00:00
844,break-up,2025-03-02 00:57:22.087248+00:00,2025-03-02 09:36:00.986468+00:00
844,sensuality,2025-03-02 00:57:22.087248+00:00,2025-03-02 09:36:00.986468+00:00
844,author,2025-03-02 00:57:22.087248+00:00,2025-03-02 09:36:00.986468+00:00
844,jealousy,2025-03-02 00:57:22.087248+00:00,2025-03-02 09:36:00.986468+00:00
844,based on novel or book,2025-03-02 00:57:22.087248+00:00,2025-03-02 09:36:00.986468+00:00
844,android,2025-03-02 00:57:22.087248+00:00,2025-03-02 09:36:00.986468+00:00
844,womanizer,2025-03-02 00:57:22.087248+00:00,2025-03-02 09:36:00.986468+00:00
844,train,2025-03-02 00:57:22.087248+00:00,2025-03-02 09:36:00.986468+00:00
844,2040s,2025-03-02 00:57:22.087248+00:00,2025-03-02 09:36:00.986468+00:00
844,sexuality,2025-03-02 00:57:22.087248+00:00,2025-03-02 09:36:00.986468+00:00
844,lovesickness,2025-03-02 00:57:22.087248+00:00,2025-03-02 09:36:00.986468+00:00
844,murder,2025-03-02 00:57:22.087248+00:00,2025-03-02 09:36:00.986468+00:00
884,eroticism,2025-03-02 00:57:22.087248+00:00,2025-03-02 09:36:00.986468+00:00
884,based on novel or book,2025-03-02 00:57:22.087248+00:00,2025-03-02 09:36:00.986468+00:00
884,sexual obsession,2025-03-02 00:57:22.087248+00:00,2025-03-02 09:36:00.986468+00:00
884,symphoriphilia,2025-03-02 00:57:22.087248+00:00,2025-03-02 09:36:00.986468+00:00
884,husband wife relationship,2025-03-02 00:57:22.087248+00:00,2025-03-02 09:36:00.986468+00:00
884,car accident,2025-03-02 00:57:22.087248+00:00,2025-03-02 09:36:00.986468+00:00
884,fetish,2025-03-02 00:57:22.087248+00:00,2025-03-02 09:36:00.986468+00:00
884,anti-social behaviour,2025-03-02 00:57:22.087248+00:00,2025-03-02 09:36:00.986468+00:00
884,adultery,2025-03-02 00:57:22.087248+00:00,2025-03-02 09:36:00.986468+00:00
884,hospital,2025-03-02 00:57:22.087248+00:00,2025-03-02 09:36:00.986468+00:00
884,dying and death,2025-03-02 00:57:22.087248+00:00,2025-03-02 09:36:00.986468+00:00
884,sadism,2025-03-02 00:57:22.087248+00:00,2025-03-02 09:36:00.986468+00:00
884,erotic,2025-03-02 00:57:22.087248+00:00,2025-03-02 09:36:00.986468+00:00
884,sexuality,2025-03-02 00:57:22.087248+00:00,2025-03-02 09:36:00.986468+00:00
884,romantic,2025-03-02 00:57:22.087248+00:00,2025-03-02 09:36:00.986468+00:00
884,wound,2025-03-02 00:57:22.087248+00:00,2025-03-02 09:36:00.986468+00:00
884,masochism,2025-03-02 00:57:22.087248+00:00,2025-03-02 09:36:00.986468+00:00
884,fetishism,2025-03-02 00:57:22.087248+00:00,2025-03-02 09:36:00.986468+00:00
884,pain,2025-03-02 00:57:22.087248+00:00,2025-03-02 09:36:00.986468+00:00
884,car journey,2025-03-02 00:57:22.087248+00:00,2025-03-02 09:36:00.986468+00:00
884,car wreck,2025-03-02 00:57:22.087248+00:00,2025-03-02 09:36:00.986468+00:00
884,obsession,2025-03-02 00:57:22.087248+00:00,2025-03-02 09:36:00.986468+00:00
884,deceived husband,2025-03-02 00:57:22.087248+00:00,2025-03-02 09:36:00.986468+00:00
884,cult,2025-03-02 00:57:22.087248+00:00,2025-03-02 09:36:00.986468+00:00
907,suicide attempt,2025-03-02 00:57:22.087248+00:00,2025-03-02 09:36:00.986468+00:00
907,forbidden love,2025-03-02 00:57:22.087248+00:00,2025-03-02 09:36:00.986468+00:00
907,love triangle,2025-03-02 00:57:22.087248+00:00,2025-03-02 09:36:00.986468+00:00
907,nurse,2025-03-02 00:57:22.087248+00:00,2025-03-02 09:36:00.986468+00:00
907,based on novel or book,2025-03-02 00:57:22.087248+00:00,2025-03-02 09:36:00.986468+00:00
907,world war i,2025-03-02 00:57:22.087248+00:00,2025-03-02 09:36:00.986468+00:00
907,1910s,2025-03-02 00:57:22.087248+00:00,2025-03-02 09:36:00.986468+00:00
907,stepparents,2025-03-02 00:57:22.087248+00:00,2025-03-02 09:36:00.986468+00:00
907,melodramatic,2025-03-02 00:57:22.087248+00:00,2025-03-02 09:36:00.986468+00:00
907,russian revolution (1917),2025-03-02 00:57:22.087248+00:00,2025-03-02 09:36:00.986468+00:00
907,condescending,2025-03-02 00:57:22.087248+00:00,2025-03-02 09:36:00.986468+00:00
907,epic,2025-03-02 00:57:22.087248+00:00,2025-03-02 09:36:00.986468+00:00
907,loss of loved one,2025-03-02 00:57:22.087248+00:00,2025-03-02 09:36:00.986468+00:00
907,daughter,2025-03-02 00:57:22.087248+00:00,2025-03-02 09:36:00.986468+00:00
921,heavy weight,2025-03-02 00:57:22.087248+00:00,2025-03-02 09:36:00.986468+00:00
921,folk hero,2025-03-02 00:57:22.087248+00:00,2025-03-02 09:36:00.986468+00:00
921,world cup,2025-03-02 00:57:22.087248+00:00,2025-03-02 09:36:00.986468+00:00
921,sports,2025-03-02 00:57:22.087248+00:00,2025-03-02 09:36:00.986468+00:00
921,boxer,2025-03-02 00:57:22.087248+00:00,2025-03-02 09:36:00.986468+00:00
921,boxing,2025-03-02 00:57:22.087248+00:00,2025-03-02 09:36:00.986468+00:00
921,socially deprived family,2025-03-02 00:57:22.087248+00:00,2025-03-02 09:36:00.986468+00:00
921,training,2025-03-02 00:57:22.087248+00:00,2025-03-02 09:36:00.986468+00:00
921,affectation,2025-03-02 00:57:22.087248+00:00,2025-03-02 09:36:00.986468+00:00
921,family's daily life,2025-03-02 00:57:22.087248+00:00,2025-03-02 09:36:00.986468+00:00
921,comeback,2025-03-02 00:57:22.087248+00:00,2025-03-02 09:36:00.986468+00:00
921,defeat,2025-03-02 00:57:22.087248+00:00,2025-03-02 09:36:00.986468+00:00
921,transporter,2025-03-02 00:57:22.087248+00:00,2025-03-02 09:36:00.986468+00:00
921,biography,2025-03-02 00:57:22.087248+00:00,2025-03-02 09:36:00.986468+00:00
921,netherlands,2025-03-02 00:57:22.087248+00:00,2025-03-02 09:36:00.986468+00:00
921,irish-american,2025-03-02 00:57:22.087248+00:00,2025-03-02 09:36:00.986468+00:00
921,daughter,2025-03-02 00:57:22.087248+00:00,2025-03-02 09:36:00.986468+00:00
925,pizzeria,2025-03-02 00:57:22.087248+00:00,2025-03-02 09:36:00.986468+00:00
925,radio transmission,2025-03-02 00:57:22.087248+00:00,2025-03-02 09:36:00.986468+00:00
925,new york city,2025-03-02 00:57:22.087248+00:00,2025-03-02 09:36:00.986468+00:00
925,punk rock,2025-03-02 00:57:22.087248+00:00,2025-03-02 09:36:00.986468+00:00
925,police operation,2025-03-02 00:57:22.087248+00:00,2025-03-02 09:36:00.986468+00:00
925,police brutality,2025-03-02 00:57:22.087248+00:00,2025-03-02 09:36:00.986468+00:00
925,heat,2025-03-02 00:57:22.087248+00:00,2025-03-02 09:36:00.986468+00:00
925,culture clash,2025-03-02 00:57:22.087248+00:00,2025-03-02 09:36:00.986468+00:00
925,chaos,2025-03-02 00:57:22.087248+00:00,2025-03-02 09:36:00.986468+00:00
925,money,2025-03-02 00:57:22.087248+00:00,2025-03-02 09:36:00.986468+00:00
925,black people,2025-03-02 00:57:22.087248+00:00,2025-03-02 09:36:00.986468+00:00
925,restaurant critic,2025-03-02 00:57:22.087248+00:00,2025-03-02 09:36:00.986468+00:00
925,street war,2025-03-02 00:57:22.087248+00:00,2025-03-02 09:36:00.986468+00:00
925,"brooklyn, new york city",2025-03-02 00:57:22.087248+00:00,2025-03-02 09:36:00.986468+00:00
925,racism,2025-03-02 00:57:22.087248+00:00,2025-03-02 09:36:00.986468+00:00
925,italian american,2025-03-02 00:57:22.087248+00:00,2025-03-02 09:36:00.986468+00:00
925,heatwave,2025-03-02 00:57:22.087248+00:00,2025-03-02 09:36:00.986468+00:00
925,pizza,2025-03-02 00:57:22.087248+00:00,2025-03-02 09:36:00.986468+00:00
925,love,2025-03-02 00:57:22.087248+00:00,2025-03-02 09:36:00.986468+00:00
925,hip-hop,2025-03-02 00:57:22.087248+00:00,2025-03-02 09:36:00.986468+00:00
935,cynical,2025-03-02 00:57:22.087248+00:00,2025-03-02 09:36:00.986468+00:00
935,nuclear missile,2025-03-02 00:57:22.087248+00:00,2025-03-02 09:36:00.986468+00:00
935,black and white,2025-03-02 00:57:22.087248+00:00,2025-03-02 09:36:00.986468+00:00
935,absurdism,2025-03-02 00:57:22.087248+00:00,2025-03-02 09:36:00.986468+00:00
935,strategic air command,2025-03-02 00:57:22.087248+00:00,2025-03-02 09:36:00.986468+00:00
935,satirical,2025-03-02 00:57:22.087248+00:00,2025-03-02 09:36:00.986468+00:00
935,farcical,2025-03-02 00:57:22.087248+00:00,2025-03-02 09:36:00.986468+00:00
935,usa president,2025-03-02 00:57:22.087248+00:00,2025-03-02 09:36:00.986468+00:00
935,ex-nazi,2025-03-02 00:57:22.087248+00:00,2025-03-02 09:36:00.986468+00:00
935,playful,2025-03-02 00:57:22.087248+00:00,2025-03-02 09:36:00.986468+00:00
935,audacious,2025-03-02 00:57:22.087248+00:00,2025-03-02 09:36:00.986468+00:00
935,war room,2025-03-02 00:57:22.087248+00:00,2025-03-02 09:36:00.986468+00:00
935,nuclear weapons,2025-03-02 00:57:22.087248+00:00,2025-03-02 09:36:00.986468+00:00
935,satire,2025-03-02 00:57:22.087248+00:00,2025-03-02 09:36:00.986468+00:00
935,bomber pilot,2025-03-02 00:57:22.087248+00:00,2025-03-02 09:36:00.986468+00:00
935,critical,2025-03-02 00:57:22.087248+00:00,2025-03-02 09:36:00.986468+00:00
935,meditative,2025-03-02 00:57:22.087248+00:00,2025-03-02 09:36:00.986468+00:00
935,cold war,2025-03-02 00:57:22.087248+00:00,2025-03-02 09:36:00.986468+00:00
935,dark comedy,2025-03-02 00:57:22.087248+00:00,2025-03-02 09:36:00.986468+00:00
935,general,2025-03-02 00:57:22.087248+00:00,2025-03-02 09:36:00.986468+00:00
935,doomsday device,2025-03-02 00:57:22.087248+00:00,2025-03-02 09:36:00.986468+00:00
935,anti war,2025-03-02 00:57:22.087248+00:00,2025-03-02 09:36:00.986468+00:00
935,sardonic,2025-03-02 00:57:22.087248+00:00,2025-03-02 09:36:00.986468+00:00
935,hilarious,2025-03-02 00:57:22.087248+00:00,2025-03-02 09:36:00.986468+00:00
1018,hallucination,2025-03-02 00:57:22.087248+00:00,2025-03-02 09:36:00.986468+00:00
1018,hollywood,2025-03-02 00:57:22.087248+00:00,2025-03-02 09:36:00.986468+00:00
1018,"los angeles, california",2025-03-02 00:57:22.087248+00:00,2025-03-02 09:36:00.986468+00:00
1018,surreal,2025-03-02 00:57:22.087248+00:00,2025-03-02 09:36:00.986468+00:00
1018,hitman,2025-03-02 00:57:22.087248+00:00,2025-03-02 09:36:00.986468+00:00
1018,amnesia,2025-03-02 00:57:22.087248+00:00,2025-03-02 09:36:00.986468+00:00
1018,job interview,2025-03-02 00:57:22.087248+00:00,2025-03-02 09:36:00.986468+00:00
1018,trauma,2025-03-02 00:57:22.087248+00:00,2025-03-02 09:36:00.986468+00:00
1018,schizophrenia,2025-03-02 00:57:22.087248+00:00,2025-03-02 09:36:00.986468+00:00
1018,nightmare,2025-03-02 00:57:22.087248+00:00,2025-03-02 09:36:00.986468+00:00
1018,audition,2025-03-02 00:57:22.087248+00:00,2025-03-02 09:36:00.986468+00:00
1018,detective,2025-03-02 00:57:22.087248+00:00,2025-03-02 09:36:00.986468+00:00
1018,doppelgänger,2025-03-02 00:57:22.087248+00:00,2025-03-02 09:36:00.986468+00:00
1018,casting,2025-03-02 00:57:22.087248+00:00,2025-03-02 09:36:00.986468+00:00
1018,car accident,2025-03-02 00:57:22.087248+00:00,2025-03-02 09:36:00.986468+00:00
1018,key,2025-03-02 00:57:22.087248+00:00,2025-03-02 09:36:00.986468+00:00
1018,identity,2025-03-02 00:57:22.087248+00:00,2025-03-02 09:36:00.986468+00:00
1018,suppressed past,2025-03-02 00:57:22.087248+00:00,2025-03-02 09:36:00.986468+00:00
1018,surrealism,2025-03-02 00:57:22.087248+00:00,2025-03-02 09:36:00.986468+00:00
1018,loss of sense of reality,2025-03-02 00:57:22.087248+00:00,2025-03-02 09:36:00.986468+00:00
1018,neo-noir,2025-03-02 00:57:22.087248+00:00,2025-03-02 09:36:00.986468+00:00
1018,criterion,2025-03-02 00:57:22.087248+00:00,2025-03-02 09:36:00.986468+00:00
1018,bisexuality,2025-03-02 00:57:22.087248+00:00,2025-03-02 09:36:00.986468+00:00
1089,fbi operation,2025-03-02 00:57:22.087248+00:00,2025-03-02 09:36:00.986468+00:00
1089,romance,2025-03-02 00:57:22.087248+00:00,2025-03-02 09:36:00.986468+00:00
1089,surfers,2025-03-02 00:57:22.087248+00:00,2025-03-02 09:36:00.986468+00:00
1089,skydiving,2025-03-02 00:57:22.087248+00:00,2025-03-02 09:36:00.986468+00:00
1089,self-destruction,2025-03-02 00:57:22.087248+00:00,2025-03-02 09:36:00.986468+00:00
1089,surfer,2025-03-02 00:57:22.087248+00:00,2025-03-02 09:36:00.986468+00:00
1089,"los angeles, california",2025-03-02 00:57:22.087248+00:00,2025-03-02 09:36:00.986468+00:00
1089,fbi agent,2025-03-02 00:57:22.087248+00:00,2025-03-02 09:36:00.986468+00:00
1089,ex-president,2025-03-02 00:57:22.087248+00:00,2025-03-02 09:36:00.986468+00:00
1089,surfing,2025-03-02 00:57:22.087248+00:00,2025-03-02 09:36:00.986468+00:00
1089,undercover operation,2025-03-02 00:57:22.087248+00:00,2025-03-02 09:36:00.986468+00:00
1089,woman director,2025-03-02 00:57:22.087248+00:00,2025-03-02 09:36:00.986468+00:00
1089,moral conflict,2025-03-02 00:57:22.087248+00:00,2025-03-02 09:36:00.986468+00:00
1089,robbery gang,2025-03-02 00:57:22.087248+00:00,2025-03-02 09:36:00.986468+00:00
1089,action thriller,2025-03-02 00:57:22.087248+00:00,2025-03-02 09:36:00.986468+00:00
1089,extreme sports,2025-03-02 00:57:22.087248+00:00,2025-03-02 09:36:00.986468+00:00
1089,surfboard,2025-03-02 00:57:22.087248+00:00,2025-03-02 09:36:00.986468+00:00
1089,partners,2025-03-02 00:57:22.087248+00:00,2025-03-02 09:36:00.986468+00:00
1089,undercover agent,2025-03-02 00:57:22.087248+00:00,2025-03-02 09:36:00.986468+00:00
1089,fbi,2025-03-02 00:57:22.087248+00:00,2025-03-02 09:36:00.986468+00:00
1089,bank robbery,2025-03-02 00:57:22.087248+00:00,2025-03-02 09:36:00.986468+00:00
1396,biographical drama,2025-03-02 00:57:22.087248+00:00,2025-03-02 09:36:00.986468+00:00
1396,newsreel footage,2025-03-02 00:57:22.087248+00:00,2025-03-02 09:36:00.986468+00:00
1396,non-narrative,2025-03-02 00:57:22.087248+00:00,2025-03-02 09:36:00.986468+00:00
1396,world war ii,2025-03-02 00:57:22.087248+00:00,2025-03-02 09:36:00.986468+00:00
1396,wind,2025-03-02 00:57:22.087248+00:00,2025-03-02 09:36:00.986468+00:00
1396,childhood,2025-03-02 00:57:22.087248+00:00,2025-03-02 09:36:00.986468+00:00
1396,poetry recitation,2025-03-02 00:57:22.087248+00:00,2025-03-02 09:36:00.986468+00:00
1396,flashback,2025-03-02 00:57:22.087248+00:00,2025-03-02 09:36:00.986468+00:00
1396,existentialist,2025-03-02 00:57:22.087248+00:00,2025-03-02 09:36:00.986468+00:00
1396,memories,2025-03-02 00:57:22.087248+00:00,2025-03-02 09:36:00.986468+00:00
1396,experimental film,2025-03-02 00:57:22.087248+00:00,2025-03-02 09:36:00.986468+00:00
1396,dying man,2025-03-02 00:57:22.087248+00:00,2025-03-02 09:36:00.986468+00:00
1396,russia,2025-03-02 00:57:22.087248+00:00,2025-03-02 09:36:00.986468+00:00
1396,1940s,2025-03-02 00:57:22.087248+00:00,2025-03-02 09:36:00.986468+00:00
1396,reflection,2025-03-02 00:57:22.087248+00:00,2025-03-02 09:36:00.986468+00:00
1396,portrait of an artist,2025-03-02 00:57:22.087248+00:00,2025-03-02 09:36:00.986468+00:00
1396,russian history,2025-03-02 00:57:22.087248+00:00,2025-03-02 09:36:00.986468+00:00
1396,illness,2025-03-02 00:57:22.087248+00:00,2025-03-02 09:36:00.986468+00:00
1396,sepia color,2025-03-02 00:57:22.087248+00:00,2025-03-02 09:36:00.986468+00:00
1396,dreams,2025-03-02 00:57:22.087248+00:00,2025-03-02 09:36:00.986468+00:00
1396,pre war soviet union,2025-03-02 00:57:22.087248+00:00,2025-03-02 09:36:00.986468+00:00
1396,somber,2025-03-02 00:57:22.087248+00:00,2025-03-02 09:36:00.986468+00:00
1396,memoirs,2025-03-02 00:57:22.087248+00:00,2025-03-02 09:36:00.986468+00:00
1396,1960s,2025-03-02 00:57:22.087248+00:00,2025-03-02 09:36:00.986468+00:00
1396,dying poet,2025-03-02 00:57:22.087248+00:00,2025-03-02 09:36:00.986468+00:00
1396,stream of consciousness,2025-03-02 00:57:22.087248+00:00,2025-03-02 09:36:00.986468+00:00
1396,historical drama,2025-03-02 00:57:22.087248+00:00,2025-03-02 09:36:00.986468+00:00
1396,russian poetry,2025-03-02 00:57:22.087248+00:00,2025-03-02 09:36:00.986468+00:00
1396,cigarette,2025-03-02 00:57:22.087248+00:00,2025-03-02 09:36:00.986468+00:00
1396,1930s,2025-03-02 00:57:22.087248+00:00,2025-03-02 09:36:00.986468+00:00
1396,soviet union history,2025-03-02 00:57:22.087248+00:00,2025-03-02 09:36:00.986468+00:00
1396,the great patriotic war,2025-03-02 00:57:22.087248+00:00,2025-03-02 09:36:00.986468+00:00
1396,post world war ii,2025-03-02 00:57:22.087248+00:00,2025-03-02 09:36:00.986468+00:00
1396,nonlinear narrative,2025-03-02 00:57:22.087248+00:00,2025-03-02 09:36:00.986468+00:00
1396,20th century,2025-03-02 00:57:22.087248+00:00,2025-03-02 09:36:00.986468+00:00
1396,poetry,2025-03-02 00:57:22.087248+00:00,2025-03-02 09:36:00.986468+00:00
1396,spanish civil war (1936-39),2025-03-02 00:57:22.087248+00:00,2025-03-02 09:36:00.986468+00:00
1396,avant-garde,2025-03-02 00:57:22.087248+00:00,2025-03-02 09:36:00.986468+00:00
1396,dream sequence,2025-03-02 00:57:22.087248+00:00,2025-03-02 09:36:00.986468+00:00
1396,nostalgia,2025-03-02 00:57:22.087248+00:00,2025-03-02 09:36:00.986468+00:00
1396,voice-over,2025-03-02 00:57:22.087248+00:00,2025-03-02 09:36:00.986468+00:00
1396,terminal illness,2025-03-02 00:57:22.087248+00:00,2025-03-02 09:36:00.986468+00:00
1396,self reflection,2025-03-02 00:57:22.087248+00:00,2025-03-02 09:36:00.986468+00:00
1396,forest,2025-03-02 00:57:22.087248+00:00,2025-03-02 09:36:00.986468+00:00
1396,nostalgic memory,2025-03-02 00:57:22.087248+00:00,2025-03-02 09:36:00.986468+00:00
1396,nostalgic,2025-03-02 00:57:22.087248+00:00,2025-03-02 09:36:00.986468+00:00
1396,reflective,2025-03-02 00:57:22.087248+00:00,2025-03-02 09:36:00.986468+00:00
1396,field,2025-03-02 00:57:22.087248+00:00,2025-03-02 09:36:00.986468+00:00
1396,dreamlike,2025-03-02 00:57:22.087248+00:00,2025-03-02 09:36:00.986468+00:00
1398,zone,2025-03-02 00:57:22.087248+00:00,2025-03-02 09:36:00.986468+00:00
1398,guard,2025-03-02 00:57:22.087248+00:00,2025-03-02 09:36:00.986468+00:00
1398,strugatsky,2025-03-02 00:57:22.087248+00:00,2025-03-02 09:36:00.986468+00:00
1398,existentialism,2025-03-02 00:57:22.087248+00:00,2025-03-02 09:36:00.986468+00:00
1398,writer,2025-03-02 00:57:22.087248+00:00,2025-03-02 09:36:00.986468+00:00
1398,beautifully filmed,2025-03-02 00:57:22.087248+00:00,2025-03-02 09:36:00.986468+00:00
1398,stalker,2025-03-02 00:57:22.087248+00:00,2025-03-02 09:36:00.986468+00:00
1398,based on novel or book,2025-03-02 00:57:22.087248+00:00,2025-03-02 09:36:00.986468+00:00
1398,mysterious,2025-03-02 00:57:22.087248+00:00,2025-03-02 09:36:00.986468+00:00
1398,soldier,2025-03-02 00:57:22.087248+00:00,2025-03-02 09:36:00.986468+00:00
1398,alien,2025-03-02 00:57:22.087248+00:00,2025-03-02 09:36:00.986468+00:00
1398,wish,2025-03-02 00:57:22.087248+00:00,2025-03-02 09:36:00.986468+00:00
1443,family,2025-03-02 00:57:22.087248+00:00,2025-03-02 09:36:00.986468+00:00
1443,suburb,2025-03-02 00:57:22.087248+00:00,2025-03-02 09:36:00.986468+00:00
1443,femininity,2025-03-02 00:57:22.087248+00:00,2025-03-02 09:36:00.986468+00:00
1443,disheartening,2025-03-02 00:57:22.087248+00:00,2025-03-02 09:36:00.986468+00:00
1443,based on novel or book,2025-03-02 00:57:22.087248+00:00,2025-03-02 09:36:00.986468+00:00
1443,foreboding,2025-03-02 00:57:22.087248+00:00,2025-03-02 09:36:00.986468+00:00
1443,male gaze,2025-03-02 00:57:22.087248+00:00,2025-03-02 09:36:00.986468+00:00
1443,anxious,2025-03-02 00:57:22.087248+00:00,2025-03-02 09:36:00.986468+00:00
1443,michigan,2025-03-02 00:57:22.087248+00:00,2025-03-02 09:36:00.986468+00:00
1443,suicide attempt,2025-03-02 00:57:22.087248+00:00,2025-03-02 09:36:00.986468+00:00
1443,lust,2025-03-02 00:57:22.087248+00:00,2025-03-02 09:36:00.986468+00:00
1443,cautionary,2025-03-02 00:57:22.087248+00:00,2025-03-02 09:36:00.986468+00:00
1443,catholic,2025-03-02 00:57:22.087248+00:00,2025-03-02 09:36:00.986468+00:00
1443,overprotective parent,2025-03-02 00:57:22.087248+00:00,2025-03-02 09:36:00.986468+00:00
1443,woman director,2025-03-02 00:57:22.087248+00:00,2025-03-02 09:36:00.986468+00:00
1443,1970s,2025-03-02 00:57:22.087248+00:00,2025-03-02 09:36:00.986468+00:00
1443,sisters,2025-03-02 00:57:22.087248+00:00,2025-03-02 09:36:00.986468+00:00
1443,suicide,2025-03-02 00:57:22.087248+00:00,2025-03-02 09:36:00.986468+00:00
1443,teen suicide,2025-03-02 00:57:22.087248+00:00,2025-03-02 09:36:00.986468+00:00
1443,coming of age,2025-03-02 00:57:22.087248+00:00,2025-03-02 09:36:00.986468+00:00
1600,chorus,2025-03-02 00:57:22.087248+00:00,2025-03-02 09:36:00.986468+00:00
1600,"warsaw, poland",2025-03-02 00:57:22.087248+00:00,2025-03-02 09:36:00.986468+00:00
1600,soprano,2025-03-02 00:57:22.087248+00:00,2025-03-02 09:36:00.986468+00:00
1600,music teacher,2025-03-02 00:57:22.087248+00:00,2025-03-02 09:36:00.986468+00:00
1600,poland,2025-03-02 00:57:22.087248+00:00,2025-03-02 09:36:00.986468+00:00
1600,doppelgänger,2025-03-02 00:57:22.087248+00:00,2025-03-02 09:36:00.986468+00:00
1600,puppet,2025-03-02 00:57:22.087248+00:00,2025-03-02 09:36:00.986468+00:00
1600,puppeteer,2025-03-02 00:57:22.087248+00:00,2025-03-02 09:36:00.986468+00:00
1600,choral music,2025-03-02 00:57:22.087248+00:00,2025-03-02 09:36:00.986468+00:00
1600,heart disease,2025-03-02 00:57:22.087248+00:00,2025-03-02 09:36:00.986468+00:00
1600,fake identity,2025-03-02 00:57:22.087248+00:00,2025-03-02 09:36:00.986468+00:00
1600,parallel lives,2025-03-02 00:57:22.087248+00:00,2025-03-02 09:36:00.986468+00:00
1600,"kraków, poland",2025-03-02 00:57:22.087248+00:00,2025-03-02 09:36:00.986468+00:00
1600,marionettes,2025-03-02 00:57:22.087248+00:00,2025-03-02 09:36:00.986468+00:00
1626,prostitution,2025-03-02 00:57:22.087248+00:00,2025-03-02 09:36:00.986468+00:00
1626,free will,2025-03-02 00:57:22.087248+00:00,2025-03-02 09:36:00.986468+00:00
1626,pimp,2025-03-02 00:57:22.087248+00:00,2025-03-02 09:36:00.986468+00:00
1626,woman smoking,2025-03-02 00:57:22.087248+00:00,2025-03-02 09:36:00.986468+00:00
1626,female protagonist,2025-03-02 00:57:22.087248+00:00,2025-03-02 09:36:00.986468+00:00
1626,nouvelle vague,2025-03-02 00:57:22.087248+00:00,2025-03-02 09:36:00.986468+00:00
1626,philosophy,2025-03-02 00:57:22.087248+00:00,2025-03-02 09:36:00.986468+00:00
1626,"paris, france",2025-03-02 00:57:22.087248+00:00,2025-03-02 09:36:00.986468+00:00
1626,pinball machine,2025-03-02 00:57:22.087248+00:00,2025-03-02 09:36:00.986468+00:00
1626,prostitute,2025-03-02 00:57:22.087248+00:00,2025-03-02 09:36:00.986468+00:00
1628,1910s,2025-03-02 00:57:22.087248+00:00,2025-03-02 09:36:00.986468+00:00
1628,polyamory,2025-03-02 00:57:22.087248+00:00,2025-03-02 09:36:00.986468+00:00
1628,"paris, france",2025-03-02 00:57:22.087248+00:00,2025-03-02 09:36:00.986468+00:00
1628,musician,2025-03-02 00:57:22.087248+00:00,2025-03-02 09:36:00.986468+00:00
1628,austrian,2025-03-02 00:57:22.087248+00:00,2025-03-02 09:36:00.986468+00:00
1628,jealousy,2025-03-02 00:57:22.087248+00:00,2025-03-02 09:36:00.986468+00:00
1628,nouvelle vague,2025-03-02 00:57:22.087248+00:00,2025-03-02 09:36:00.986468+00:00
1628,based on novel or book,2025-03-02 00:57:22.087248+00:00,2025-03-02 09:36:00.986468+00:00
1628,adultery,2025-03-02 00:57:22.087248+00:00,2025-03-02 09:36:00.986468+00:00
1628,prostitute,2025-03-02 00:57:22.087248+00:00,2025-03-02 09:36:00.986468+00:00
1628,love,2025-03-02 00:57:22.087248+00:00,2025-03-02 09:36:00.986468+00:00
1628,love triangle,2025-03-02 00:57:22.087248+00:00,2025-03-02 09:36:00.986468+00:00
1628,marriage,2025-03-02 00:57:22.087248+00:00,2025-03-02 09:36:00.986468+00:00
1628,friendship,2025-03-02 00:57:22.087248+00:00,2025-03-02 09:36:00.986468+00:00
1629,politics,2025-03-02 00:57:22.087248+00:00,2025-03-02 09:36:00.986468+00:00
1629,based on novel or book,2025-03-02 00:57:22.087248+00:00,2025-03-02 09:36:00.986468+00:00
1629,may 68,2025-03-02 00:57:22.087248+00:00,2025-03-02 09:36:00.986468+00:00
1629,roommates,2025-03-02 00:57:22.087248+00:00,2025-03-02 09:36:00.986468+00:00
1629,"paris, france",2025-03-02 00:57:22.087248+00:00,2025-03-02 09:36:00.986468+00:00
1629,communism,2025-03-02 00:57:22.087248+00:00,2025-03-02 09:36:00.986468+00:00
1653,asthma,2025-03-02 00:57:22.087248+00:00,2025-03-02 09:36:00.986468+00:00
1653,biochemist,2025-03-02 00:57:22.087248+00:00,2025-03-02 09:36:00.986468+00:00
1653,leper colony,2025-03-02 00:57:22.087248+00:00,2025-03-02 09:36:00.986468+00:00
1653,guajira peninsula,2025-03-02 00:57:22.087248+00:00,2025-03-02 09:36:00.986468+00:00
1653,motorcycle,2025-03-02 00:57:22.087248+00:00,2025-03-02 09:36:00.986468+00:00
1653,revolution,2025-03-02 00:57:22.087248+00:00,2025-03-02 09:36:00.986468+00:00
1653,cuban revolution,2025-03-02 00:57:22.087248+00:00,2025-03-02 09:36:00.986468+00:00
1653,argentina,2025-03-02 00:57:22.087248+00:00,2025-03-02 09:36:00.986468+00:00
1653,chile,2025-03-02 00:57:22.087248+00:00,2025-03-02 09:36:00.986468+00:00
1653,road movie,2025-03-02 00:57:22.087248+00:00,2025-03-02 09:36:00.986468+00:00
1653,che guevara,2025-03-02 00:57:22.087248+00:00,2025-03-02 09:36:00.986468+00:00
1653,peru,2025-03-02 00:57:22.087248+00:00,2025-03-02 09:36:00.986468+00:00
1653,based on novel or book,2025-03-02 00:57:22.087248+00:00,2025-03-02 09:36:00.986468+00:00
1716,theater play,2025-03-02 00:57:22.087248+00:00,2025-03-02 09:36:00.986468+00:00
1716,nouvelle vague,2025-03-02 00:57:22.087248+00:00,2025-03-02 09:36:00.986468+00:00
1716,jew persecution,2025-03-02 00:57:22.087248+00:00,2025-03-02 09:36:00.986468+00:00
1716,theatre group,2025-03-02 00:57:22.087248+00:00,2025-03-02 09:36:00.986468+00:00
1933,soldier,2025-03-02 00:57:22.087248+00:00,2025-03-02 09:36:00.986468+00:00
1933,baffled,2025-03-02 00:57:22.087248+00:00,2025-03-02 09:36:00.986468+00:00
1933,servant,2025-03-02 00:57:22.087248+00:00,2025-03-02 09:36:00.986468+00:00
1933,gardener,2025-03-02 00:57:22.087248+00:00,2025-03-02 09:36:00.986468+00:00
1933,suicide attempt,2025-03-02 00:57:22.087248+00:00,2025-03-02 09:36:00.986468+00:00
1933,shotgun,2025-03-02 00:57:22.087248+00:00,2025-03-02 09:36:00.986468+00:00
1933,world war ii,2025-03-02 00:57:22.087248+00:00,2025-03-02 09:36:00.986468+00:00
1933,supernatural thriller,2025-03-02 00:57:22.087248+00:00,2025-03-02 09:36:00.986468+00:00
1933,bible,2025-03-02 00:57:22.087248+00:00,2025-03-02 09:36:00.986468+00:00
1933,nightmare,2025-03-02 00:57:22.087248+00:00,2025-03-02 09:36:00.986468+00:00
1933,channel islands,2025-03-02 00:57:22.087248+00:00,2025-03-02 09:36:00.986468+00:00
1933,christianity,2025-03-02 00:57:22.087248+00:00,2025-03-02 09:36:00.986468+00:00
1933,1940s,2025-03-02 00:57:22.087248+00:00,2025-03-02 09:36:00.986468+00:00
1933,ominous,2025-03-02 00:57:22.087248+00:00,2025-03-02 09:36:00.986468+00:00
1933,mansion,2025-03-02 00:57:22.087248+00:00,2025-03-02 09:36:00.986468+00:00
1933,haunted house,2025-03-02 00:57:22.087248+00:00,2025-03-02 09:36:00.986468+00:00
1933,photosensitivity,2025-03-02 00:57:22.087248+00:00,2025-03-02 09:36:00.986468+00:00
1933,jersey island,2025-03-02 00:57:22.087248+00:00,2025-03-02 09:36:00.986468+00:00
1933,nanny,2025-03-02 00:57:22.087248+00:00,2025-03-02 09:36:00.986468+00:00
1933,cemetery,2025-03-02 00:57:22.087248+00:00,2025-03-02 09:36:00.986468+00:00
1933,spiritism,2025-03-02 00:57:22.087248+00:00,2025-03-02 09:36:00.986468+00:00
1989,approach,2025-03-02 00:57:22.087248+00:00,2025-03-02 09:36:00.986468+00:00
1989,night life,2025-03-02 00:57:22.087248+00:00,2025-03-02 09:36:00.986468+00:00
1989,lovesickness,2025-03-02 00:57:22.087248+00:00,2025-03-02 09:36:00.986468+00:00
1989,road trip,2025-03-02 00:57:22.087248+00:00,2025-03-02 09:36:00.986468+00:00
1989,poker,2025-03-02 00:57:22.087248+00:00,2025-03-02 09:36:00.986468+00:00
1989,father daughter relationship,2025-03-02 00:57:22.087248+00:00,2025-03-02 09:36:00.986468+00:00
1989,friendship,2025-03-02 00:57:22.087248+00:00,2025-03-02 09:36:00.986468+00:00
1989,tasty food,2025-03-02 00:57:22.087248+00:00,2025-03-02 09:36:00.986468+00:00
1989,las vegas,2025-03-02 00:57:22.087248+00:00,2025-03-02 09:36:00.986468+00:00
1989,casino,2025-03-02 00:57:22.087248+00:00,2025-03-02 09:36:00.986468+00:00
1989,melancholy,2025-03-02 00:57:22.087248+00:00,2025-03-02 09:36:00.986468+00:00
1989,loneliness,2025-03-02 00:57:22.087248+00:00,2025-03-02 09:36:00.986468+00:00
1989,waitress,2025-03-02 00:57:22.087248+00:00,2025-03-02 09:36:00.986468+00:00
2143,bus driver,2025-03-02 00:57:22.087248+00:00,2025-03-02 09:36:00.986468+00:00
2143,socially deprived family,2025-03-02 00:57:22.087248+00:00,2025-03-02 09:36:00.986468+00:00
2143,civil war,2025-03-02 00:57:22.087248+00:00,2025-03-02 09:36:00.986468+00:00
2143,nicaragua,2025-03-02 00:57:22.087248+00:00,2025-03-02 09:36:00.986468+00:00
2143,"glasgow, scotland",2025-03-02 00:57:22.087248+00:00,2025-03-02 09:36:00.986468+00:00
2143,sandinism,2025-03-02 00:57:22.087248+00:00,2025-03-02 09:36:00.986468+00:00
2143,1980s,2025-03-02 00:57:22.087248+00:00,2025-03-02 09:36:00.986468+00:00
2143,bus ride,2025-03-02 00:57:22.087248+00:00,2025-03-02 09:36:00.986468+00:00
2517,mother child separation,2025-03-02 00:57:22.087248+00:00,2025-03-02 09:36:00.986468+00:00
2517,japan,2025-03-02 00:57:22.087248+00:00,2025-03-02 09:36:00.986468+00:00
2517,season,2025-03-02 00:57:22.087248+00:00,2025-03-02 09:36:00.986468+00:00
2517,"tokyo, japan",2025-03-02 00:57:22.087248+00:00,2025-03-02 09:36:00.986468+00:00
2517,kids on their own,2025-03-02 00:57:22.087248+00:00,2025-03-02 09:36:00.986468+00:00
2517,sibling relationship,2025-03-02 00:57:22.087248+00:00,2025-03-02 09:36:00.986468+00:00
2517,loss of loved one,2025-03-02 00:57:22.087248+00:00,2025-03-02 09:36:00.986468+00:00
2517,family relationships,2025-03-02 00:57:22.087248+00:00,2025-03-02 09:36:00.986468+00:00
2517,powerful,2025-03-02 00:57:22.087248+00:00,2025-03-02 09:36:00.986468+00:00
2517,depressing,2025-03-02 00:57:22.087248+00:00,2025-03-02 09:36:00.986468+00:00
2517,grim,2025-03-02 00:57:22.087248+00:00,2025-03-02 09:36:00.986468+00:00
2517,admiring,2025-03-02 00:57:22.087248+00:00,2025-03-02 09:36:00.986468+00:00
2742,writing,2025-03-02 00:57:22.087248+00:00,2025-03-02 09:36:00.986468+00:00
2742,hallucination,2025-03-02 00:57:22.087248+00:00,2025-03-02 09:36:00.986468+00:00
2742,beat generation,2025-03-02 00:57:22.087248+00:00,2025-03-02 09:36:00.986468+00:00
2742,writer,2025-03-02 00:57:22.087248+00:00,2025-03-02 09:36:00.986468+00:00
2742,gay theme,2025-03-02 00:57:22.087248+00:00,2025-03-02 09:36:00.986468+00:00
2742,based on novel or book,2025-03-02 00:57:22.087248+00:00,2025-03-02 09:36:00.986468+00:00
2742,bug,2025-03-02 00:57:22.087248+00:00,2025-03-02 09:36:00.986468+00:00
2742,illegal drugs,2025-03-02 00:57:22.087248+00:00,2025-03-02 09:36:00.986468+00:00
2742,exterminator,2025-03-02 00:57:22.087248+00:00,2025-03-02 09:36:00.986468+00:00
3176,tragedy,2025-03-02 00:57:22.087248+00:00,2025-03-02 09:36:00.986468+00:00
3176,dystopia,2025-03-02 00:57:22.087248+00:00,2025-03-02 09:36:00.986468+00:00
3176,extreme violence,2025-03-02 00:57:22.087248+00:00,2025-03-02 09:36:00.986468+00:00
3176,death game,2025-03-02 00:57:22.087248+00:00,2025-03-02 09:36:00.986468+00:00
3176,death,2025-03-02 00:57:22.087248+00:00,2025-03-02 09:36:00.986468+00:00
3176,japan,2025-03-02 00:57:22.087248+00:00,2025-03-02 09:36:00.986468+00:00
3176,friendship,2025-03-02 00:57:22.087248+00:00,2025-03-02 09:36:00.986468+00:00
3176,science fiction,2025-03-02 00:57:22.087248+00:00,2025-03-02 09:36:00.986468+00:00
3176,based on novel or book,2025-03-02 00:57:22.087248+00:00,2025-03-02 09:36:00.986468+00:00
3176,murder,2025-03-02 00:57:22.087248+00:00,2025-03-02 09:36:00.986468+00:00
3176,asia,2025-03-02 00:57:22.087248+00:00,2025-03-02 09:36:00.986468+00:00
3176,gore,2025-03-02 00:57:22.087248+00:00,2025-03-02 09:36:00.986468+00:00
3176,school class,2025-03-02 00:57:22.087248+00:00,2025-03-02 09:36:00.986468+00:00
3176,battle,2025-03-02 00:57:22.087248+00:00,2025-03-02 09:36:00.986468+00:00
3176,island,2025-03-02 00:57:22.087248+00:00,2025-03-02 09:36:00.986468+00:00
3176,survival,2025-03-02 00:57:22.087248+00:00,2025-03-02 09:36:00.986468+00:00
3176,students,2025-03-02 00:57:22.087248+00:00,2025-03-02 09:36:00.986468+00:00
3176,soldier,2025-03-02 00:57:22.087248+00:00,2025-03-02 09:36:00.986468+00:00
3176,psychological,2025-03-02 00:57:22.087248+00:00,2025-03-02 09:36:00.986468+00:00
3176,high school,2025-03-02 00:57:22.087248+00:00,2025-03-02 09:36:00.986468+00:00
3176,suspense,2025-03-02 00:57:22.087248+00:00,2025-03-02 09:36:00.986468+00:00
3176,suicide,2025-03-02 00:57:22.087248+00:00,2025-03-02 09:36:00.986468+00:00
3176,japanese,2025-03-02 00:57:22.087248+00:00,2025-03-02 09:36:00.986468+00:00
3176,death match,2025-03-02 00:57:22.087248+00:00,2025-03-02 09:36:00.986468+00:00
3423,"paris, france",2025-03-02 00:57:22.087248+00:00,2025-03-02 09:36:00.986468+00:00
3423,1970s,2025-03-02 00:57:22.087248+00:00,2025-03-02 09:36:00.986468+00:00
3423,older man younger woman relationship,2025-03-02 00:57:22.087248+00:00,2025-03-02 09:36:00.986468+00:00
3423,extramarital affair,2025-03-02 00:57:22.087248+00:00,2025-03-02 09:36:00.986468+00:00
3423,father son relationship,2025-03-02 00:57:22.087248+00:00,2025-03-02 09:36:00.986468+00:00
3423,ex-husband ex-wife relationship,2025-03-02 00:57:22.087248+00:00,2025-03-02 09:36:00.986468+00:00
3423,based on novel or book,2025-03-02 00:57:22.087248+00:00,2025-03-02 09:36:00.986468+00:00
3427,bank robber,2025-03-02 00:57:22.087248+00:00,2025-03-02 09:36:00.986468+00:00
3635,period drama,2025-03-02 00:57:22.087248+00:00,2025-03-02 09:36:00.986468+00:00
3635,maid,2025-03-02 00:57:22.087248+00:00,2025-03-02 09:36:00.986468+00:00
3635,butcher,2025-03-02 00:57:22.087248+00:00,2025-03-02 09:36:00.986468+00:00
3635,holland,2025-03-02 00:57:22.087248+00:00,2025-03-02 09:36:00.986468+00:00
3635,based on novel or book,2025-03-02 00:57:22.087248+00:00,2025-03-02 09:36:00.986468+00:00
3635,painter,2025-03-02 00:57:22.087248+00:00,2025-03-02 09:36:00.986468+00:00
3635,17th century,2025-03-02 00:57:22.087248+00:00,2025-03-02 09:36:00.986468+00:00
3635,earring,2025-03-02 00:57:22.087248+00:00,2025-03-02 09:36:00.986468+00:00
3635,biography,2025-03-02 00:57:22.087248+00:00,2025-03-02 09:36:00.986468+00:00
3635,dutch history,2025-03-02 00:57:22.087248+00:00,2025-03-02 09:36:00.986468+00:00
3635,year 1665,2025-03-02 00:57:22.087248+00:00,2025-03-02 09:36:00.986468+00:00
3635,painting,2025-03-02 00:57:22.087248+00:00,2025-03-02 09:36:00.986468+00:00
4043,movie business,2025-03-02 00:57:22.087248+00:00,2025-03-02 09:36:00.986468+00:00
4043,trans woman,2025-03-02 00:57:22.087248+00:00,2025-03-02 09:36:00.986468+00:00
4043,gay theme,2025-03-02 00:57:22.087248+00:00,2025-03-02 09:36:00.986468+00:00
4043,longing,2025-03-02 00:57:22.087248+00:00,2025-03-02 09:36:00.986468+00:00
4043,lgbt,2025-03-02 00:57:22.087248+00:00,2025-03-02 09:36:00.986468+00:00
4043,extramarital affair,2025-03-02 00:57:22.087248+00:00,2025-03-02 09:36:00.986468+00:00
4043,murder,2025-03-02 00:57:22.087248+00:00,2025-03-02 09:36:00.986468+00:00
4043,sibling relationship,2025-03-02 00:57:22.087248+00:00,2025-03-02 09:36:00.986468+00:00
4043,"madrid, spain",2025-03-02 00:57:22.087248+00:00,2025-03-02 09:36:00.986468+00:00
4203,suicide attempt,2025-03-02 00:57:22.087248+00:00,2025-03-02 09:36:00.986468+00:00
4203,slapstick comedy,2025-03-02 00:57:22.087248+00:00,2025-03-02 09:36:00.986468+00:00
4203,sleeping pill,2025-03-02 00:57:22.087248+00:00,2025-03-02 09:36:00.986468+00:00
4203,airport,2025-03-02 00:57:22.087248+00:00,2025-03-02 09:36:00.986468+00:00
4203,relationship,2025-03-02 00:57:22.087248+00:00,2025-03-02 09:36:00.986468+00:00
4203,mental health,2025-03-02 00:57:22.087248+00:00,2025-03-02 09:36:00.986468+00:00
4203,female friendship,2025-03-02 00:57:22.087248+00:00,2025-03-02 09:36:00.986468+00:00
4203,ex-wife,2025-03-02 00:57:22.087248+00:00,2025-03-02 09:36:00.986468+00:00
4203,female protagonist,2025-03-02 00:57:22.087248+00:00,2025-03-02 09:36:00.986468+00:00
4203,nervous breakdown,2025-03-02 00:57:22.087248+00:00,2025-03-02 09:36:00.986468+00:00
4203,terrorism,2025-03-02 00:57:22.087248+00:00,2025-03-02 09:36:00.986468+00:00
4203,infidelity,2025-03-02 00:57:22.087248+00:00,2025-03-02 09:36:00.986468+00:00
4203,lies,2025-03-02 00:57:22.087248+00:00,2025-03-02 09:36:00.986468+00:00
4203,independent film,2025-03-02 00:57:22.087248+00:00,2025-03-02 09:36:00.986468+00:00
4203,actress,2025-03-02 00:57:22.087248+00:00,2025-03-02 09:36:00.986468+00:00
4203,apartment,2025-03-02 00:57:22.087248+00:00,2025-03-02 09:36:00.986468+00:00
4203,pregnancy,2025-03-02 00:57:22.087248+00:00,2025-03-02 09:36:00.986468+00:00
4203,frustration,2025-03-02 00:57:22.087248+00:00,2025-03-02 09:36:00.986468+00:00
4203,friendship,2025-03-02 00:57:22.087248+00:00,2025-03-02 09:36:00.986468+00:00
4203,"madrid, spain",2025-03-02 00:57:22.087248+00:00,2025-03-02 09:36:00.986468+00:00
4348,1790s,2025-03-02 00:57:22.087248+00:00,2025-03-02 09:36:00.986468+00:00
4348,18th century,2025-03-02 00:57:22.087248+00:00,2025-03-02 09:36:00.986468+00:00
4348,period drama,2025-03-02 00:57:22.087248+00:00,2025-03-02 09:36:00.986468+00:00
4348,suitor,2025-03-02 00:57:22.087248+00:00,2025-03-02 09:36:00.986468+00:00
4348,pride,2025-03-02 00:57:22.087248+00:00,2025-03-02 09:36:00.986468+00:00
4348,opposites attract,2025-03-02 00:57:22.087248+00:00,2025-03-02 09:36:00.986468+00:00
4348,family relationships,2025-03-02 00:57:22.087248+00:00,2025-03-02 09:36:00.986468+00:00
4348,prejudice,2025-03-02 00:57:22.087248+00:00,2025-03-02 09:36:00.986468+00:00
4348,georgian or regency era,2025-03-02 00:57:22.087248+00:00,2025-03-02 09:36:00.986468+00:00
4348,based on novel or book,2025-03-02 00:57:22.087248+00:00,2025-03-02 09:36:00.986468+00:00
4348,bachelor,2025-03-02 00:57:22.087248+00:00,2025-03-02 09:36:00.986468+00:00
4348,gentleman,2025-03-02 00:57:22.087248+00:00,2025-03-02 09:36:00.986468+00:00
4348,england,2025-03-02 00:57:22.087248+00:00,2025-03-02 09:36:00.986468+00:00
4348,sisters,2025-03-02 00:57:22.087248+00:00,2025-03-02 09:36:00.986468+00:00
4550,women's prison,2025-03-02 00:57:22.087248+00:00,2025-03-02 09:36:00.986468+00:00
4550,absurd,2025-03-02 00:57:22.087248+00:00,2025-03-02 09:36:00.986468+00:00
4550,waiting for revenge,2025-03-02 00:57:22.087248+00:00,2025-03-02 09:36:00.986468+00:00
4550,revenge,2025-03-02 00:57:22.087248+00:00,2025-03-02 09:36:00.986468+00:00
4550,prison,2025-03-02 00:57:22.087248+00:00,2025-03-02 09:36:00.986468+00:00
4550,vengeance,2025-03-02 00:57:22.087248+00:00,2025-03-02 09:36:00.986468+00:00
4593,absurd,2025-03-02 00:57:22.087248+00:00,2025-03-02 09:36:00.986468+00:00
4593,dinner,2025-03-02 00:57:22.087248+00:00,2025-03-02 09:36:00.986468+00:00
4593,bishop,2025-03-02 00:57:22.087248+00:00,2025-03-02 09:36:00.986468+00:00
4593,oneiric,2025-03-02 00:57:22.087248+00:00,2025-03-02 09:36:00.986468+00:00
4593,satire,2025-03-02 00:57:22.087248+00:00,2025-03-02 09:36:00.986468+00:00
4593,small talk,2025-03-02 00:57:22.087248+00:00,2025-03-02 09:36:00.986468+00:00
4593,bourgeoisie,2025-03-02 00:57:22.087248+00:00,2025-03-02 09:36:00.986468+00:00
4593,surrealism,2025-03-02 00:57:22.087248+00:00,2025-03-02 09:36:00.986468+00:00
4593,drink,2025-03-02 00:57:22.087248+00:00,2025-03-02 09:36:00.986468+00:00
4593,anarchic comedy,2025-03-02 00:57:22.087248+00:00,2025-03-02 09:36:00.986468+00:00
4593,dreams,2025-03-02 00:57:22.087248+00:00,2025-03-02 09:36:00.986468+00:00
4593,drug trafficking,2025-03-02 00:57:22.087248+00:00,2025-03-02 09:36:00.986468+00:00
4593,guest,2025-03-02 00:57:22.087248+00:00,2025-03-02 09:36:00.986468+00:00
4593,date,2025-03-02 00:57:22.087248+00:00,2025-03-02 09:36:00.986468+00:00
4593,diplomat,2025-03-02 00:57:22.087248+00:00,2025-03-02 09:36:00.986468+00:00
4593,surreal,2025-03-02 00:57:22.087248+00:00,2025-03-02 09:36:00.986468+00:00
4593,upper class,2025-03-02 00:57:22.087248+00:00,2025-03-02 09:36:00.986468+00:00
4593,dream within a dream,2025-03-02 00:57:22.087248+00:00,2025-03-02 09:36:00.986468+00:00
4593,nightmare,2025-03-02 00:57:22.087248+00:00,2025-03-02 09:36:00.986468+00:00
4593,restaurant,2025-03-02 00:57:22.087248+00:00,2025-03-02 09:36:00.986468+00:00
4593,unexpected situation,2025-03-02 00:57:22.087248+00:00,2025-03-02 09:36:00.986468+00:00
4593,terrorism,2025-03-02 00:57:22.087248+00:00,2025-03-02 09:36:00.986468+00:00
4689,transplantation,2025-03-02 00:57:22.087248+00:00,2025-03-02 09:36:00.986468+00:00
4689,revenge,2025-03-02 00:57:22.087248+00:00,2025-03-02 09:36:00.986468+00:00
4689,organ donation,2025-03-02 00:57:22.087248+00:00,2025-03-02 09:36:00.986468+00:00
4710,youth culture,2025-03-02 00:57:22.087248+00:00,2025-03-02 09:36:00.986468+00:00
4710,menage a trois,2025-03-02 00:57:22.087248+00:00,2025-03-02 09:36:00.986468+00:00
4710,students' movement,2025-03-02 00:57:22.087248+00:00,2025-03-02 09:36:00.986468+00:00
4710,aspiring singer,2025-03-02 00:57:22.087248+00:00,2025-03-02 09:36:00.986468+00:00
4710,commercialism,2025-03-02 00:57:22.087248+00:00,2025-03-02 09:36:00.986468+00:00
4710,magazine,2025-03-02 00:57:22.087248+00:00,2025-03-02 09:36:00.986468+00:00
4710,anti war,2025-03-02 00:57:22.087248+00:00,2025-03-02 09:36:00.986468+00:00
4710,suicide,2025-03-02 00:57:22.087248+00:00,2025-03-02 09:36:00.986468+00:00
4710,interview,2025-03-02 00:57:22.087248+00:00,2025-03-02 09:36:00.986468+00:00
4710,murder,2025-03-02 00:57:22.087248+00:00,2025-03-02 09:36:00.986468+00:00
4710,"paris, france",2025-03-02 00:57:22.087248+00:00,2025-03-02 09:36:00.986468+00:00
4710,pop culture,2025-03-02 00:57:22.087248+00:00,2025-03-02 09:36:00.986468+00:00
4710,singer,2025-03-02 00:57:22.087248+00:00,2025-03-02 09:36:00.986468+00:00
4710,politics,2025-03-02 00:57:22.087248+00:00,2025-03-02 09:36:00.986468+00:00
4935,flying,2025-03-02 00:57:22.087248+00:00,2025-03-02 09:36:00.986468+00:00
4935,based on young adult novel,2025-03-02 00:57:22.087248+00:00,2025-03-02 09:36:00.986468+00:00
4935,hatter,2025-03-02 00:57:22.087248+00:00,2025-03-02 09:36:00.986468+00:00
4935,anime,2025-03-02 00:57:22.087248+00:00,2025-03-02 09:36:00.986468+00:00
4935,curse,2025-03-02 00:57:22.087248+00:00,2025-03-02 09:36:00.986468+00:00
4935,castle,2025-03-02 00:57:22.087248+00:00,2025-03-02 09:36:00.986468+00:00
4935,adventure,2025-03-02 00:57:22.087248+00:00,2025-03-02 09:36:00.986468+00:00
4935,scarecrow,2025-03-02 00:57:22.087248+00:00,2025-03-02 09:36:00.986468+00:00
4935,fantasy,2025-03-02 00:57:22.087248+00:00,2025-03-02 09:36:00.986468+00:00
4935,witch,2025-03-02 00:57:22.087248+00:00,2025-03-02 09:36:00.986468+00:00
4935,body exchange,2025-03-02 00:57:22.087248+00:00,2025-03-02 09:36:00.986468+00:00
4935,bakery,2025-03-02 00:57:22.087248+00:00,2025-03-02 09:36:00.986468+00:00
4935,demon,2025-03-02 00:57:22.087248+00:00,2025-03-02 09:36:00.986468+00:00
4935,steampunk,2025-03-02 00:57:22.087248+00:00,2025-03-02 09:36:00.986468+00:00
4935,rain,2025-03-02 00:57:22.087248+00:00,2025-03-02 09:36:00.986468+00:00
5279,maid,2025-03-02 00:57:22.087248+00:00,2025-03-02 09:36:00.986468+00:00
5279,england,2025-03-02 00:57:22.087248+00:00,2025-03-02 09:36:00.986468+00:00
5279,lordship,2025-03-02 00:57:22.087248+00:00,2025-03-02 09:36:00.986468+00:00
5279,upstairs downstairs,2025-03-02 00:57:22.087248+00:00,2025-03-02 09:36:00.986468+00:00
5279,shooting party,2025-03-02 00:57:22.087248+00:00,2025-03-02 09:36:00.986468+00:00
5279,inspector,2025-03-02 00:57:22.087248+00:00,2025-03-02 09:36:00.986468+00:00
5279,master servant relationship,2025-03-02 00:57:22.087248+00:00,2025-03-02 09:36:00.986468+00:00
5279,valet,2025-03-02 00:57:22.087248+00:00,2025-03-02 09:36:00.986468+00:00
5279,countess,2025-03-02 00:57:22.087248+00:00,2025-03-02 09:36:00.986468+00:00
5279,illegitimate child,2025-03-02 00:57:22.087248+00:00,2025-03-02 09:36:00.986468+00:00
5279,servant,2025-03-02 00:57:22.087248+00:00,2025-03-02 09:36:00.986468+00:00
5279,housekeeper,2025-03-02 00:57:22.087248+00:00,2025-03-02 09:36:00.986468+00:00
5279,money,2025-03-02 00:57:22.087248+00:00,2025-03-02 09:36:00.986468+00:00
5279,1930s,2025-03-02 00:57:22.087248+00:00,2025-03-02 09:36:00.986468+00:00
5279,butler,2025-03-02 00:57:22.087248+00:00,2025-03-02 09:36:00.986468+00:00
5279,murder,2025-03-02 00:57:22.087248+00:00,2025-03-02 09:36:00.986468+00:00
5279,child given up for adoption,2025-03-02 00:57:22.087248+00:00,2025-03-02 09:36:00.986468+00:00
5279,industrialist,2025-03-02 00:57:22.087248+00:00,2025-03-02 09:36:00.986468+00:00
5279,country estate,2025-03-02 00:57:22.087248+00:00,2025-03-02 09:36:00.986468+00:00
5544,anti war,2025-03-02 00:57:22.087248+00:00,2025-03-02 09:36:00.986468+00:00
5544,new love,2025-03-02 00:57:22.087248+00:00,2025-03-02 09:36:00.986468+00:00
5544,france,2025-03-02 00:57:22.087248+00:00,2025-03-02 09:36:00.986468+00:00
5544,lover,2025-03-02 00:57:22.087248+00:00,2025-03-02 09:36:00.986468+00:00
5544,atomic bomb,2025-03-02 00:57:22.087248+00:00,2025-03-02 09:36:00.986468+00:00
5544,black and white,2025-03-02 00:57:22.087248+00:00,2025-03-02 09:36:00.986468+00:00
5544,architect,2025-03-02 00:57:22.087248+00:00,2025-03-02 09:36:00.986468+00:00
5544,"hiroshima, japan",2025-03-02 00:57:22.087248+00:00,2025-03-02 09:36:00.986468+00:00
5544,return,2025-03-02 00:57:22.087248+00:00,2025-03-02 09:36:00.986468+00:00
5544,nouvelle vague,2025-03-02 00:57:22.087248+00:00,2025-03-02 09:36:00.986468+00:00
5544,extramarital affair,2025-03-02 00:57:22.087248+00:00,2025-03-02 09:36:00.986468+00:00
5544,family,2025-03-02 00:57:22.087248+00:00,2025-03-02 09:36:00.986468+00:00
5558,monk,2025-03-02 00:57:22.087248+00:00,2025-03-02 09:36:00.986468+00:00
5558,society,2025-03-02 00:57:22.087248+00:00,2025-03-02 09:36:00.986468+00:00
5558,sniper,2025-03-02 00:57:22.087248+00:00,2025-03-02 09:36:00.986468+00:00
5558,anarchic comedy,2025-03-02 00:57:22.087248+00:00,2025-03-02 09:36:00.986468+00:00
5558,incest,2025-03-02 00:57:22.087248+00:00,2025-03-02 09:36:00.986468+00:00
5558,"paris, france",2025-03-02 00:57:22.087248+00:00,2025-03-02 09:36:00.986468+00:00
5781,mistake in person,2025-03-02 00:57:22.087248+00:00,2025-03-02 09:36:00.986468+00:00
5781,"seville, spain",2025-03-02 00:57:22.087248+00:00,2025-03-02 09:36:00.986468+00:00
5781,train,2025-03-02 00:57:22.087248+00:00,2025-03-02 09:36:00.986468+00:00
5781,humiliation,2025-03-02 00:57:22.087248+00:00,2025-03-02 09:36:00.986468+00:00
5781,parent child relationship,2025-03-02 00:57:22.087248+00:00,2025-03-02 09:36:00.986468+00:00
5781,maid,2025-03-02 00:57:22.087248+00:00,2025-03-02 09:36:00.986468+00:00
5781,bomb,2025-03-02 00:57:22.087248+00:00,2025-03-02 09:36:00.986468+00:00
5781,"lausanne, switzerland",2025-03-02 00:57:22.087248+00:00,2025-03-02 09:36:00.986468+00:00
5781,"paris, france",2025-03-02 00:57:22.087248+00:00,2025-03-02 09:36:00.986468+00:00
5781,bucket,2025-03-02 00:57:22.087248+00:00,2025-03-02 09:36:00.986468+00:00
5781,love,2025-03-02 00:57:22.087248+00:00,2025-03-02 09:36:00.986468+00:00
5879,brothel,2025-03-02 00:57:22.087248+00:00,2025-03-02 09:36:00.986468+00:00
5879,nymphomania,2025-03-02 00:57:22.087248+00:00,2025-03-02 09:36:00.986468+00:00
5879,shōwa era (1926-89),2025-03-02 00:57:22.087248+00:00,2025-03-02 09:36:00.986468+00:00
5879,jealousy,2025-03-02 00:57:22.087248+00:00,2025-03-02 09:36:00.986468+00:00
5879,1930s,2025-03-02 00:57:22.087248+00:00,2025-03-02 09:36:00.986468+00:00
5879,sake,2025-03-02 00:57:22.087248+00:00,2025-03-02 09:36:00.986468+00:00
5879,deceived wife,2025-03-02 00:57:22.087248+00:00,2025-03-02 09:36:00.986468+00:00
5879,sex,2025-03-02 00:57:22.087248+00:00,2025-03-02 09:36:00.986468+00:00
5879,erotic asphyxiation,2025-03-02 00:57:22.087248+00:00,2025-03-02 09:36:00.986468+00:00
5879,based on true story,2025-03-02 00:57:22.087248+00:00,2025-03-02 09:36:00.986468+00:00
5879,pornography,2025-03-02 00:57:22.087248+00:00,2025-03-02 09:36:00.986468+00:00
5879,depravation,2025-03-02 00:57:22.087248+00:00,2025-03-02 09:36:00.986468+00:00
5879,japan,2025-03-02 00:57:22.087248+00:00,2025-03-02 09:36:00.986468+00:00
5879,prostitution,2025-03-02 00:57:22.087248+00:00,2025-03-02 09:36:00.986468+00:00
5879,mistress,2025-03-02 00:57:22.087248+00:00,2025-03-02 09:36:00.986468+00:00
5879,sadomasochism,2025-03-02 00:57:22.087248+00:00,2025-03-02 09:36:00.986468+00:00
5879,longing,2025-03-02 00:57:22.087248+00:00,2025-03-02 09:36:00.986468+00:00
5879,penis mutilation,2025-03-02 00:57:22.087248+00:00,2025-03-02 09:36:00.986468+00:00
5879,geisha,2025-03-02 00:57:22.087248+00:00,2025-03-02 09:36:00.986468+00:00
7859,ex-girlfriend,2025-03-02 00:57:22.087248+00:00,2025-03-02 09:36:00.986468+00:00
7859,drug habit,2025-03-02 00:57:22.087248+00:00,2025-03-02 09:36:00.986468+00:00
7859,new york city,2025-03-02 00:57:22.087248+00:00,2025-03-02 09:36:00.986468+00:00
7859,junior high school,2025-03-02 00:57:22.087248+00:00,2025-03-02 09:36:00.986468+00:00
7859,crack,2025-03-02 00:57:22.087248+00:00,2025-03-02 09:36:00.986468+00:00
7859,basketball,2025-03-02 00:57:22.087248+00:00,2025-03-02 09:36:00.986468+00:00
7859,alcoholic,2025-03-02 00:57:22.087248+00:00,2025-03-02 09:36:00.986468+00:00
7859,prison,2025-03-02 00:57:22.087248+00:00,2025-03-02 09:36:00.986468+00:00
7859,class,2025-03-02 00:57:22.087248+00:00,2025-03-02 09:36:00.986468+00:00
7859,ghetto,2025-03-02 00:57:22.087248+00:00,2025-03-02 09:36:00.986468+00:00
7859,bicycle,2025-03-02 00:57:22.087248+00:00,2025-03-02 09:36:00.986468+00:00
7859,liberal,2025-03-02 00:57:22.087248+00:00,2025-03-02 09:36:00.986468+00:00
7859,theft,2025-03-02 00:57:22.087248+00:00,2025-03-02 09:36:00.986468+00:00
7859,sports,2025-03-02 00:57:22.087248+00:00,2025-03-02 09:36:00.986468+00:00
7859,freebasing,2025-03-02 00:57:22.087248+00:00,2025-03-02 09:36:00.986468+00:00
7859,teacher,2025-03-02 00:57:22.087248+00:00,2025-03-02 09:36:00.986468+00:00
7859,date,2025-03-02 00:57:22.087248+00:00,2025-03-02 09:36:00.986468+00:00
8072,french noir,2025-03-02 00:57:22.087248+00:00,2025-03-02 09:36:00.986468+00:00
8072,film noir,2025-03-02 00:57:22.087248+00:00,2025-03-02 09:36:00.986468+00:00
8072,distant  planet,2025-03-02 00:57:22.087248+00:00,2025-03-02 09:36:00.986468+00:00
8072,dystopia,2025-03-02 00:57:22.087248+00:00,2025-03-02 09:36:00.986468+00:00
8072,private detective,2025-03-02 00:57:22.087248+00:00,2025-03-02 09:36:00.986468+00:00
8072,surrealism,2025-03-02 00:57:22.087248+00:00,2025-03-02 09:36:00.986468+00:00
8072,photography,2025-03-02 00:57:22.087248+00:00,2025-03-02 09:36:00.986468+00:00
8072,lemmy caution,2025-03-02 00:57:22.087248+00:00,2025-03-02 09:36:00.986468+00:00
8088,love,2025-03-02 00:57:22.087248+00:00,2025-03-02 09:36:00.986468+00:00
8088,jealousy,2025-03-02 00:57:22.087248+00:00,2025-03-02 09:36:00.986468+00:00
8088,obsession,2025-03-02 00:57:22.087248+00:00,2025-03-02 09:36:00.986468+00:00
8088,"madrid, spain",2025-03-02 00:57:22.087248+00:00,2025-03-02 09:36:00.986468+00:00
8222,parent child relationship,2025-03-02 00:57:22.087248+00:00,2025-03-02 09:36:00.986468+00:00
8222,singer,2025-03-02 00:57:22.087248+00:00,2025-03-02 09:36:00.986468+00:00
8222,"madrid, spain",2025-03-02 00:57:22.087248+00:00,2025-03-02 09:36:00.986468+00:00
8222,cheating,2025-03-02 00:57:22.087248+00:00,2025-03-02 09:36:00.986468+00:00
8392,super power,2025-03-02 00:57:22.087248+00:00,2025-03-02 09:36:00.986468+00:00
8392,magical creature,2025-03-02 00:57:22.087248+00:00,2025-03-02 09:36:00.986468+00:00
8392,rural area,2025-03-02 00:57:22.087248+00:00,2025-03-02 09:36:00.986468+00:00
8392,admiring,2025-03-02 00:57:22.087248+00:00,2025-03-02 09:36:00.986468+00:00
8392,anime,2025-03-02 00:57:22.087248+00:00,2025-03-02 09:36:00.986468+00:00
8392,hospital,2025-03-02 00:57:22.087248+00:00,2025-03-02 09:36:00.986468+00:00
8392,new home,2025-03-02 00:57:22.087248+00:00,2025-03-02 09:36:00.986468+00:00
8392,new neighbor,2025-03-02 00:57:22.087248+00:00,2025-03-02 09:36:00.986468+00:00
8392,mother,2025-03-02 00:57:22.087248+00:00,2025-03-02 09:36:00.986468+00:00
8392,wonder,2025-03-02 00:57:22.087248+00:00,2025-03-02 09:36:00.986468+00:00
8392,leave,2025-03-02 00:57:22.087248+00:00,2025-03-02 09:36:00.986468+00:00
8392,village,2025-03-02 00:57:22.087248+00:00,2025-03-02 09:36:00.986468+00:00
8392,sibling relationship,2025-03-02 00:57:22.087248+00:00,2025-03-02 09:36:00.986468+00:00
9343,imperialism,2025-03-02 00:57:22.087248+00:00,2025-03-02 09:36:00.986468+00:00
9343,steamboat,2025-03-02 00:57:22.087248+00:00,2025-03-02 09:36:00.986468+00:00
9343,transporting boat,2025-03-02 00:57:22.087248+00:00,2025-03-02 09:36:00.986468+00:00
9343,south america,2025-03-02 00:57:22.087248+00:00,2025-03-02 09:36:00.986468+00:00
9343,opera house,2025-03-02 00:57:22.087248+00:00,2025-03-02 09:36:00.986468+00:00
9343,ambition,2025-03-02 00:57:22.087248+00:00,2025-03-02 09:36:00.986468+00:00
9343,"iquitos, peru",2025-03-02 00:57:22.087248+00:00,2025-03-02 09:36:00.986468+00:00
9343,rubber,2025-03-02 00:57:22.087248+00:00,2025-03-02 09:36:00.986468+00:00
9343,"manaos, brazil",2025-03-02 00:57:22.087248+00:00,2025-03-02 09:36:00.986468+00:00
9343,willpower,2025-03-02 00:57:22.087248+00:00,2025-03-02 09:36:00.986468+00:00
9343,riverboat,2025-03-02 00:57:22.087248+00:00,2025-03-02 09:36:00.986468+00:00
9343,peru,2025-03-02 00:57:22.087248+00:00,2025-03-02 09:36:00.986468+00:00
9343,amazon rainforest,2025-03-02 00:57:22.087248+00:00,2025-03-02 09:36:00.986468+00:00
9343,plantation,2025-03-02 00:57:22.087248+00:00,2025-03-02 09:36:00.986468+00:00
9343,white water rafting,2025-03-02 00:57:22.087248+00:00,2025-03-02 09:36:00.986468+00:00
9343,amazonie,2025-03-02 00:57:22.087248+00:00,2025-03-02 09:36:00.986468+00:00
9343,19th century,2025-03-02 00:57:22.087248+00:00,2025-03-02 09:36:00.986468+00:00
9343,amazon river,2025-03-02 00:57:22.087248+00:00,2025-03-02 09:36:00.986468+00:00
9613,"london, england",2025-03-02 00:57:22.087248+00:00,2025-03-02 09:36:00.986468+00:00
9613,halfway house,2025-03-02 00:57:22.087248+00:00,2025-03-02 09:36:00.986468+00:00
9613,bed and breakfast (b&b),2025-03-02 00:57:22.087248+00:00,2025-03-02 09:36:00.986468+00:00
9613,haunted by the past,2025-03-02 00:57:22.087248+00:00,2025-03-02 09:36:00.986468+00:00
9613,psychopath,2025-03-02 00:57:22.087248+00:00,2025-03-02 09:36:00.986468+00:00
9613,asylum,2025-03-02 00:57:22.087248+00:00,2025-03-02 09:36:00.986468+00:00
9613,past,2025-03-02 00:57:22.087248+00:00,2025-03-02 09:36:00.986468+00:00
9613,based on novel or book,2025-03-02 00:57:22.087248+00:00,2025-03-02 09:36:00.986468+00:00
9613,childhood trauma,2025-03-02 00:57:22.087248+00:00,2025-03-02 09:36:00.986468+00:00
9613,british pub,2025-03-02 00:57:22.087248+00:00,2025-03-02 09:36:00.986468+00:00
9746,lhasa,2025-03-02 00:57:22.087248+00:00,2025-03-02 09:36:00.986468+00:00
9746,mountain,2025-03-02 00:57:22.087248+00:00,2025-03-02 09:36:00.986468+00:00
9746,buddhist monk,2025-03-02 00:57:22.087248+00:00,2025-03-02 09:36:00.986468+00:00
9746,china,2025-03-02 00:57:22.087248+00:00,2025-03-02 09:36:00.986468+00:00
9746,buddha,2025-03-02 00:57:22.087248+00:00,2025-03-02 09:36:00.986468+00:00
9746,buddhism,2025-03-02 00:57:22.087248+00:00,2025-03-02 09:36:00.986468+00:00
9746,tibet,2025-03-02 00:57:22.087248+00:00,2025-03-02 09:36:00.986468+00:00
9769,underage,2025-03-02 00:57:22.087248+00:00,2025-03-02 09:36:00.986468+00:00
9769,obsession,2025-03-02 00:57:22.087248+00:00,2025-03-02 09:36:00.986468+00:00
9769,based on novel or book,2025-03-02 00:57:22.087248+00:00,2025-03-02 09:36:00.986468+00:00
9769,road trip,2025-03-02 00:57:22.087248+00:00,2025-03-02 09:36:00.986468+00:00
9769,desire,2025-03-02 00:57:22.087248+00:00,2025-03-02 09:36:00.986468+00:00
9769,virginity,2025-03-02 00:57:22.087248+00:00,2025-03-02 09:36:00.986468+00:00
9769,love,2025-03-02 00:57:22.087248+00:00,2025-03-02 09:36:00.986468+00:00
9769,lust,2025-03-02 00:57:22.087248+00:00,2025-03-02 09:36:00.986468+00:00
9769,older man younger woman relationship,2025-03-02 00:57:22.087248+00:00,2025-03-02 09:36:00.986468+00:00
9769,professor,2025-03-02 00:57:22.087248+00:00,2025-03-02 09:36:00.986468+00:00
9769,teacher,2025-03-02 00:57:22.087248+00:00,2025-03-02 09:36:00.986468+00:00
9769,voyeurism,2025-03-02 00:57:22.087248+00:00,2025-03-02 09:36:00.986468+00:00
9769,murder,2025-03-02 00:57:22.087248+00:00,2025-03-02 09:36:00.986468+00:00
9769,flirtation,2025-03-02 00:57:22.087248+00:00,2025-03-02 09:36:00.986468+00:00
9769,illness,2025-03-02 00:57:22.087248+00:00,2025-03-02 09:36:00.986468+00:00
9769,blackmail,2025-03-02 00:57:22.087248+00:00,2025-03-02 09:36:00.986468+00:00
9769,sex with a minor,2025-03-02 00:57:22.087248+00:00,2025-03-02 09:36:00.986468+00:00
9769,police,2025-03-02 00:57:22.087248+00:00,2025-03-02 09:36:00.986468+00:00
9769,jealousy,2025-03-02 00:57:22.087248+00:00,2025-03-02 09:36:00.986468+00:00
9769,seduction,2025-03-02 00:57:22.087248+00:00,2025-03-02 09:36:00.986468+00:00
10376,child prodigy,2025-03-02 00:57:22.087248+00:00,2025-03-02 09:36:00.986468+00:00
10376,pianistin,2025-03-02 00:57:22.087248+00:00,2025-03-02 09:36:00.986468+00:00
10376,musical,2025-03-02 00:57:22.087248+00:00,2025-03-02 09:36:00.986468+00:00
10376,fondling,2025-03-02 00:57:22.087248+00:00,2025-03-02 09:36:00.986468+00:00
10376,ocean,2025-03-02 00:57:22.087248+00:00,2025-03-02 09:36:00.986468+00:00
10376,ship,2025-03-02 00:57:22.087248+00:00,2025-03-02 09:36:00.986468+00:00
10435,1920s,2025-03-02 00:57:22.087248+00:00,2025-03-02 09:36:00.986468+00:00
10435,mccarthyism,2025-03-02 00:57:22.087248+00:00,2025-03-02 09:36:00.986468+00:00
10435,escape,2025-03-02 00:57:22.087248+00:00,2025-03-02 09:36:00.986468+00:00
10435,success,2025-03-02 00:57:22.087248+00:00,2025-03-02 09:36:00.986468+00:00
10435,politics,2025-03-02 00:57:22.087248+00:00,2025-03-02 09:36:00.986468+00:00
10435,based on true story,2025-03-02 00:57:22.087248+00:00,2025-03-02 09:36:00.986468+00:00
10435,1900s,2025-03-02 00:57:22.087248+00:00,2025-03-02 09:36:00.986468+00:00
10435,biography,2025-03-02 00:57:22.087248+00:00,2025-03-02 09:36:00.986468+00:00
10435,hollywoodland,2025-03-02 00:57:22.087248+00:00,2025-03-02 09:36:00.986468+00:00
10435,family,2025-03-02 00:57:22.087248+00:00,2025-03-02 09:36:00.986468+00:00
10452,marriage of convenience,2025-03-02 00:57:22.087248+00:00,2025-03-02 09:36:00.986468+00:00
10452,conspiracy,2025-03-02 00:57:22.087248+00:00,2025-03-02 09:36:00.986468+00:00
10452,palace intrigue,2025-03-02 00:57:22.087248+00:00,2025-03-02 09:36:00.986468+00:00
10452,royalty,2025-03-02 00:57:22.087248+00:00,2025-03-02 09:36:00.986468+00:00
10452,french history,2025-03-02 00:57:22.087248+00:00,2025-03-02 09:36:00.986468+00:00
10452,religious persecution,2025-03-02 00:57:22.087248+00:00,2025-03-02 09:36:00.986468+00:00
10452,st. bartholomew's day massacre,2025-03-02 00:57:22.087248+00:00,2025-03-02 09:36:00.986468+00:00
10452,16th century,2025-03-02 00:57:22.087248+00:00,2025-03-02 09:36:00.986468+00:00
10452,"paris, france",2025-03-02 00:57:22.087248+00:00,2025-03-02 09:36:00.986468+00:00
10452,based on novel or book,2025-03-02 00:57:22.087248+00:00,2025-03-02 09:36:00.986468+00:00
10515,anime,2025-03-02 00:57:22.087248+00:00,2025-03-02 09:36:00.986468+00:00
10515,floating,2025-03-02 00:57:22.087248+00:00,2025-03-02 09:36:00.986468+00:00
10515,pendant,2025-03-02 00:57:22.087248+00:00,2025-03-02 09:36:00.986468+00:00
10515,orphan,2025-03-02 00:57:22.087248+00:00,2025-03-02 09:36:00.986468+00:00
10515,castle,2025-03-02 00:57:22.087248+00:00,2025-03-02 09:36:00.986468+00:00
10515,lost civilisation,2025-03-02 00:57:22.087248+00:00,2025-03-02 09:36:00.986468+00:00
10515,army,2025-03-02 00:57:22.087248+00:00,2025-03-02 09:36:00.986468+00:00
10515,crystal,2025-03-02 00:57:22.087248+00:00,2025-03-02 09:36:00.986468+00:00
10515,adventure,2025-03-02 00:57:22.087248+00:00,2025-03-02 09:36:00.986468+00:00
10515,air pirate,2025-03-02 00:57:22.087248+00:00,2025-03-02 09:36:00.986468+00:00
10515,magic,2025-03-02 00:57:22.087248+00:00,2025-03-02 09:36:00.986468+00:00
10515,amused,2025-03-02 00:57:22.087248+00:00,2025-03-02 09:36:00.986468+00:00
10515,mine,2025-03-02 00:57:22.087248+00:00,2025-03-02 09:36:00.986468+00:00
10515,pirate,2025-03-02 00:57:22.087248+00:00,2025-03-02 09:36:00.986468+00:00
10515,government agent,2025-03-02 00:57:22.087248+00:00,2025-03-02 09:36:00.986468+00:00
10515,blue sky,2025-03-02 00:57:22.087248+00:00,2025-03-02 09:36:00.986468+00:00
10515,flying,2025-03-02 00:57:22.087248+00:00,2025-03-02 09:36:00.986468+00:00
10775,undercover agent,2025-03-02 00:57:22.087248+00:00,2025-03-02 09:36:00.986468+00:00
10775,undercover,2025-03-02 00:57:22.087248+00:00,2025-03-02 09:36:00.986468+00:00
10775,hong kong,2025-03-02 00:57:22.087248+00:00,2025-03-02 09:36:00.986468+00:00
10802,callous,2025-03-02 00:57:22.087248+00:00,2025-03-02 09:36:00.986468+00:00
10802,spanner,2025-03-02 00:57:22.087248+00:00,2025-03-02 09:36:00.986468+00:00
10802,melodramatic,2025-03-02 00:57:22.087248+00:00,2025-03-02 09:36:00.986468+00:00
10802,striptease,2025-03-02 00:57:22.087248+00:00,2025-03-02 09:36:00.986468+00:00
10802,dancing girls,2025-03-02 00:57:22.087248+00:00,2025-03-02 09:36:00.986468+00:00
10802,showgirls,2025-03-02 00:57:22.087248+00:00,2025-03-02 09:36:00.986468+00:00
10802,sexappeal,2025-03-02 00:57:22.087248+00:00,2025-03-02 09:36:00.986468+00:00
10802,incredulous,2025-03-02 00:57:22.087248+00:00,2025-03-02 09:36:00.986468+00:00
10802,admiring,2025-03-02 00:57:22.087248+00:00,2025-03-02 09:36:00.986468+00:00
10802,mean spirited,2025-03-02 00:57:22.087248+00:00,2025-03-02 09:36:00.986468+00:00
10802,seduction,2025-03-02 00:57:22.087248+00:00,2025-03-02 09:36:00.986468+00:00
10802,egotistical,2025-03-02 00:57:22.087248+00:00,2025-03-02 09:36:00.986468+00:00
10802,malicious,2025-03-02 00:57:22.087248+00:00,2025-03-02 09:36:00.986468+00:00
10802,bitter,2025-03-02 00:57:22.087248+00:00,2025-03-02 09:36:00.986468+00:00
10802,rivalry,2025-03-02 00:57:22.087248+00:00,2025-03-02 09:36:00.986468+00:00
10802,cautionary,2025-03-02 00:57:22.087248+00:00,2025-03-02 09:36:00.986468+00:00
10802,go-go dancer,2025-03-02 00:57:22.087248+00:00,2025-03-02 09:36:00.986468+00:00
10802,affectation,2025-03-02 00:57:22.087248+00:00,2025-03-02 09:36:00.986468+00:00
10802,dancing,2025-03-02 00:57:22.087248+00:00,2025-03-02 09:36:00.986468+00:00
10802,dramatic,2025-03-02 00:57:22.087248+00:00,2025-03-02 09:36:00.986468+00:00
10802,provocative,2025-03-02 00:57:22.087248+00:00,2025-03-02 09:36:00.986468+00:00
10802,strip club,2025-03-02 00:57:22.087248+00:00,2025-03-02 09:36:00.986468+00:00
10802,las vegas,2025-03-02 00:57:22.087248+00:00,2025-03-02 09:36:00.986468+00:00
10995,desire,2025-03-02 00:57:22.087248+00:00,2025-03-02 09:36:00.986468+00:00
10995,ho chi minh,2025-03-02 00:57:22.087248+00:00,2025-03-02 09:36:00.986468+00:00
10995,lolita,2025-03-02 00:57:22.087248+00:00,2025-03-02 09:36:00.986468+00:00
10995,vietnam,2025-03-02 00:57:22.087248+00:00,2025-03-02 09:36:00.986468+00:00
10995,lover,2025-03-02 00:57:22.087248+00:00,2025-03-02 09:36:00.986468+00:00
10995,sexual attraction,2025-03-02 00:57:22.087248+00:00,2025-03-02 09:36:00.986468+00:00
10995,older man younger woman relationship,2025-03-02 00:57:22.087248+00:00,2025-03-02 09:36:00.986468+00:00
10995,sexual awakening,2025-03-02 00:57:22.087248+00:00,2025-03-02 09:36:00.986468+00:00
10995,illicit affair,2025-03-02 00:57:22.087248+00:00,2025-03-02 09:36:00.986468+00:00
10995,arranged marriage,2025-03-02 00:57:22.087248+00:00,2025-03-02 09:36:00.986468+00:00
10995,love,2025-03-02 00:57:22.087248+00:00,2025-03-02 09:36:00.986468+00:00
10995,lust,2025-03-02 00:57:22.087248+00:00,2025-03-02 09:36:00.986468+00:00
10995,chinese man,2025-03-02 00:57:22.087248+00:00,2025-03-02 09:36:00.986468+00:00
10995,erotic romance,2025-03-02 00:57:22.087248+00:00,2025-03-02 09:36:00.986468+00:00
10995,sex with a minor,2025-03-02 00:57:22.087248+00:00,2025-03-02 09:36:00.986468+00:00
10995,southeast asia,2025-03-02 00:57:22.087248+00:00,2025-03-02 09:36:00.986468+00:00
10995,saigon,2025-03-02 00:57:22.087248+00:00,2025-03-02 09:36:00.986468+00:00
10995,1920s,2025-03-02 00:57:22.087248+00:00,2025-03-02 09:36:00.986468+00:00
10995,age difference,2025-03-02 00:57:22.087248+00:00,2025-03-02 09:36:00.986468+00:00
10995,based on novel or book,2025-03-02 00:57:22.087248+00:00,2025-03-02 09:36:00.986468+00:00
10995,french girl,2025-03-02 00:57:22.087248+00:00,2025-03-02 09:36:00.986468+00:00
10995,indochina,2025-03-02 00:57:22.087248+00:00,2025-03-02 09:36:00.986468+00:00
10995,virgin,2025-03-02 00:57:22.087248+00:00,2025-03-02 09:36:00.986468+00:00
10995,loss of virginity,2025-03-02 00:57:22.087248+00:00,2025-03-02 09:36:00.986468+00:00
10997,china,2025-03-02 00:57:22.087248+00:00,2025-03-02 09:36:00.986468+00:00
10997,woman between two men,2025-03-02 00:57:22.087248+00:00,2025-03-02 09:36:00.986468+00:00
10997,female impersonator,2025-03-02 00:57:22.087248+00:00,2025-03-02 09:36:00.986468+00:00
10997,"beijing, china",2025-03-02 00:57:22.087248+00:00,2025-03-02 09:36:00.986468+00:00
10997,best friend,2025-03-02 00:57:22.087248+00:00,2025-03-02 09:36:00.986468+00:00
10997,society,2025-03-02 00:57:22.087248+00:00,2025-03-02 09:36:00.986468+00:00
10997,lgbt,2025-03-02 00:57:22.087248+00:00,2025-03-02 09:36:00.986468+00:00
10997,severed finger,2025-03-02 00:57:22.087248+00:00,2025-03-02 09:36:00.986468+00:00
10997,chinese opera,2025-03-02 00:57:22.087248+00:00,2025-03-02 09:36:00.986468+00:00
10997,transvestite,2025-03-02 00:57:22.087248+00:00,2025-03-02 09:36:00.986468+00:00
10997,cultural revolution,2025-03-02 00:57:22.087248+00:00,2025-03-02 09:36:00.986468+00:00
11010,poet,2025-03-02 00:57:22.087248+00:00,2025-03-02 09:36:00.986468+00:00
11010,postman,2025-03-02 00:57:22.087248+00:00,2025-03-02 09:36:00.986468+00:00
11010,"naples, italy",2025-03-02 00:57:22.087248+00:00,2025-03-02 09:36:00.986468+00:00
11010,love,2025-03-02 00:57:22.087248+00:00,2025-03-02 09:36:00.986468+00:00
11010,fisherman,2025-03-02 00:57:22.087248+00:00,2025-03-02 09:36:00.986468+00:00
11010,island,2025-03-02 00:57:22.087248+00:00,2025-03-02 09:36:00.986468+00:00
11010,letter,2025-03-02 00:57:22.087248+00:00,2025-03-02 09:36:00.986468+00:00
11010,poverty,2025-03-02 00:57:22.087248+00:00,2025-03-02 09:36:00.986468+00:00
11012,loss of loved one,2025-03-02 00:57:22.087248+00:00,2025-03-02 09:36:00.986468+00:00
11012,sibling relationship,2025-03-02 00:57:22.087248+00:00,2025-03-02 09:36:00.986468+00:00
11012,father son relationship,2025-03-02 00:57:22.087248+00:00,2025-03-02 09:36:00.986468+00:00
11012,in flagranti,2025-03-02 00:57:22.087248+00:00,2025-03-02 09:36:00.986468+00:00
11012,politician,2025-03-02 00:57:22.087248+00:00,2025-03-02 09:36:00.986468+00:00
11012,scandal,2025-03-02 00:57:22.087248+00:00,2025-03-02 09:36:00.986468+00:00
11012,extramarital affair,2025-03-02 00:57:22.087248+00:00,2025-03-02 09:36:00.986468+00:00
11012,longing,2025-03-02 00:57:22.087248+00:00,2025-03-02 09:36:00.986468+00:00
11012,voyeur,2025-03-02 00:57:22.087248+00:00,2025-03-02 09:36:00.986468+00:00
11012,femme fatale,2025-03-02 00:57:22.087248+00:00,2025-03-02 09:36:00.986468+00:00
11104,police,2025-03-02 00:57:22.087248+00:00,2025-03-02 09:36:00.986468+00:00
11104,flight attendant,2025-03-02 00:57:22.087248+00:00,2025-03-02 09:36:00.986468+00:00
11104,ex-girlfriend,2025-03-02 00:57:22.087248+00:00,2025-03-02 09:36:00.986468+00:00
11104,romance,2025-03-02 00:57:22.087248+00:00,2025-03-02 09:36:00.986468+00:00
11104,hong kong,2025-03-02 00:57:22.087248+00:00,2025-03-02 09:36:00.986468+00:00
11104,expiration date,2025-03-02 00:57:22.087248+00:00,2025-03-02 09:36:00.986468+00:00
11104,girlfriend,2025-03-02 00:57:22.087248+00:00,2025-03-02 09:36:00.986468+00:00
11104,cleaning,2025-03-02 00:57:22.087248+00:00,2025-03-02 09:36:00.986468+00:00
11104,drug smuggling,2025-03-02 00:57:22.087248+00:00,2025-03-02 09:36:00.986468+00:00
11104,snack bar,2025-03-02 00:57:22.087248+00:00,2025-03-02 09:36:00.986468+00:00
11220,surreal,2025-03-02 00:57:22.087248+00:00,2025-03-02 09:36:00.986468+00:00
11220,cigarette,2025-03-02 00:57:22.087248+00:00,2025-03-02 09:36:00.986468+00:00
11220,detached,2025-03-02 00:57:22.087248+00:00,2025-03-02 09:36:00.986468+00:00
11220,hitman,2025-03-02 00:57:22.087248+00:00,2025-03-02 09:36:00.986468+00:00
11220,ambiguous,2025-03-02 00:57:22.087248+00:00,2025-03-02 09:36:00.986468+00:00
11220,drifter,2025-03-02 00:57:22.087248+00:00,2025-03-02 09:36:00.986468+00:00
11220,bullet wound,2025-03-02 00:57:22.087248+00:00,2025-03-02 09:36:00.986468+00:00
11220,mysterious,2025-03-02 00:57:22.087248+00:00,2025-03-02 09:36:00.986468+00:00
11220,hong kong,2025-03-02 00:57:22.087248+00:00,2025-03-02 09:36:00.986468+00:00
11220,killer,2025-03-02 00:57:22.087248+00:00,2025-03-02 09:36:00.986468+00:00
11220,masturbation,2025-03-02 00:57:22.087248+00:00,2025-03-02 09:36:00.986468+00:00
11220,ice cream truck,2025-03-02 00:57:22.087248+00:00,2025-03-02 09:36:00.986468+00:00
11220,gambling,2025-03-02 00:57:22.087248+00:00,2025-03-02 09:36:00.986468+00:00
11220,infatuation,2025-03-02 00:57:22.087248+00:00,2025-03-02 09:36:00.986468+00:00
11220,beer,2025-03-02 00:57:22.087248+00:00,2025-03-02 09:36:00.986468+00:00
11220,assassin,2025-03-02 00:57:22.087248+00:00,2025-03-02 09:36:00.986468+00:00
11220,love,2025-03-02 00:57:22.087248+00:00,2025-03-02 09:36:00.986468+00:00
11298,serial killer,2025-03-02 00:57:22.087248+00:00,2025-03-02 09:36:00.986468+00:00
11298,werewolf,2025-03-02 00:57:22.087248+00:00,2025-03-02 09:36:00.986468+00:00
11298,shapeshifting,2025-03-02 00:57:22.087248+00:00,2025-03-02 09:36:00.986468+00:00
11298,cabin,2025-03-02 00:57:22.087248+00:00,2025-03-02 09:36:00.986468+00:00
11298,secret society,2025-03-02 00:57:22.087248+00:00,2025-03-02 09:36:00.986468+00:00
11298,hunting,2025-03-02 00:57:22.087248+00:00,2025-03-02 09:36:00.986468+00:00
11298,newswoman,2025-03-02 00:57:22.087248+00:00,2025-03-02 09:36:00.986468+00:00
11298,woods,2025-03-02 00:57:22.087248+00:00,2025-03-02 09:36:00.986468+00:00
11298,adultery,2025-03-02 00:57:22.087248+00:00,2025-03-02 09:36:00.986468+00:00
11298,based on novel or book,2025-03-02 00:57:22.087248+00:00,2025-03-02 09:36:00.986468+00:00
11298,murder,2025-03-02 00:57:22.087248+00:00,2025-03-02 09:36:00.986468+00:00
11298,psychiatrist,2025-03-02 00:57:22.087248+00:00,2025-03-02 09:36:00.986468+00:00
11416,18th century,2025-03-02 00:57:22.087248+00:00,2025-03-02 09:36:00.986468+00:00
11416,mission,2025-03-02 00:57:22.087248+00:00,2025-03-02 09:36:00.986468+00:00
11416,colonial brazil,2025-03-02 00:57:22.087248+00:00,2025-03-02 09:36:00.986468+00:00
11416,portuguese colonialism,2025-03-02 00:57:22.087248+00:00,2025-03-02 09:36:00.986468+00:00
11416,religious conversion,2025-03-02 00:57:22.087248+00:00,2025-03-02 09:36:00.986468+00:00
11416,colonisation,2025-03-02 00:57:22.087248+00:00,2025-03-02 09:36:00.986468+00:00
11416,resistance,2025-03-02 00:57:22.087248+00:00,2025-03-02 09:36:00.986468+00:00
11416,jesuits (society of jesus),2025-03-02 00:57:22.087248+00:00,2025-03-02 09:36:00.986468+00:00
11416,aftercreditsstinger,2025-03-02 00:57:22.087248+00:00,2025-03-02 09:36:00.986468+00:00
11416,argentina,2025-03-02 00:57:22.087248+00:00,2025-03-02 09:36:00.986468+00:00
11416,jungle,2025-03-02 00:57:22.087248+00:00,2025-03-02 09:36:00.986468+00:00
11416,guaraní,2025-03-02 00:57:22.087248+00:00,2025-03-02 09:36:00.986468+00:00
11416,waterfall,2025-03-02 00:57:22.087248+00:00,2025-03-02 09:36:00.986468+00:00
11416,south america,2025-03-02 00:57:22.087248+00:00,2025-03-02 09:36:00.986468+00:00
11416,indigenous peoples,2025-03-02 00:57:22.087248+00:00,2025-03-02 09:36:00.986468+00:00
11416,christianity,2025-03-02 00:57:22.087248+00:00,2025-03-02 09:36:00.986468+00:00
11416,assimilation,2025-03-02 00:57:22.087248+00:00,2025-03-02 09:36:00.986468+00:00
11471,counterfeit,2025-03-02 00:57:22.087248+00:00,2025-03-02 09:36:00.986468+00:00
11471,observer,2025-03-02 00:57:22.087248+00:00,2025-03-02 09:36:00.986468+00:00
11471,hong kong,2025-03-02 00:57:22.087248+00:00,2025-03-02 09:36:00.986468+00:00
11471,sibling relationship,2025-03-02 00:57:22.087248+00:00,2025-03-02 09:36:00.986468+00:00
11471,revenge,2025-03-02 00:57:22.087248+00:00,2025-03-02 09:36:00.986468+00:00
11471,arrest,2025-03-02 00:57:22.087248+00:00,2025-03-02 09:36:00.986468+00:00
11471,triade,2025-03-02 00:57:22.087248+00:00,2025-03-02 09:36:00.986468+00:00
11471,prison,2025-03-02 00:57:22.087248+00:00,2025-03-02 09:36:00.986468+00:00
11471,snake,2025-03-02 00:57:22.087248+00:00,2025-03-02 09:36:00.986468+00:00
11471,conciliation,2025-03-02 00:57:22.087248+00:00,2025-03-02 09:36:00.986468+00:00
11471,police officer,2025-03-02 00:57:22.087248+00:00,2025-03-02 09:36:00.986468+00:00
11553,techno,2025-03-02 00:57:22.087248+00:00,2025-03-02 09:36:00.986468+00:00
11553,ecstasy,2025-03-02 00:57:22.087248+00:00,2025-03-02 09:36:00.986468+00:00
11553,nostalgic,2025-03-02 00:57:22.087248+00:00,2025-03-02 09:36:00.986468+00:00
11553,japan,2025-03-02 00:57:22.087248+00:00,2025-03-02 09:36:00.986468+00:00
11553,taiwan,2025-03-02 00:57:22.087248+00:00,2025-03-02 09:36:00.986468+00:00
11599,city portrait,2025-03-02 00:57:22.087248+00:00,2025-03-02 09:36:00.986468+00:00
11599,kidnapping,2025-03-02 00:57:22.087248+00:00,2025-03-02 09:36:00.986468+00:00
11599,river,2025-03-02 00:57:22.087248+00:00,2025-03-02 09:36:00.986468+00:00
11599,videography,2025-03-02 00:57:22.087248+00:00,2025-03-02 09:36:00.986468+00:00
11599,vodka,2025-03-02 00:57:22.087248+00:00,2025-03-02 09:36:00.986468+00:00
11599,courier,2025-03-02 00:57:22.087248+00:00,2025-03-02 09:36:00.986468+00:00
11599,mermaid,2025-03-02 00:57:22.087248+00:00,2025-03-02 09:36:00.986468+00:00
11599,neo-noir,2025-03-02 00:57:22.087248+00:00,2025-03-02 09:36:00.986468+00:00
11599,"shanghai, china",2025-03-02 00:57:22.087248+00:00,2025-03-02 09:36:00.986468+00:00
11599,mistaken identity,2025-03-02 00:57:22.087248+00:00,2025-03-02 09:36:00.986468+00:00
11599,motorcycle,2025-03-02 00:57:22.087248+00:00,2025-03-02 09:36:00.986468+00:00
11621,italy,2025-03-02 00:57:22.087248+00:00,2025-03-02 09:36:00.986468+00:00
11621,witty,2025-03-02 00:57:22.087248+00:00,2025-03-02 09:36:00.986468+00:00
11621,playful,2025-03-02 00:57:22.087248+00:00,2025-03-02 09:36:00.986468+00:00
11621,mediterranean,2025-03-02 00:57:22.087248+00:00,2025-03-02 09:36:00.986468+00:00
11621,transformation,2025-03-02 00:57:22.087248+00:00,2025-03-02 09:36:00.986468+00:00
11621,adventure,2025-03-02 00:57:22.087248+00:00,2025-03-02 09:36:00.986468+00:00
11621,fascism,2025-03-02 00:57:22.087248+00:00,2025-03-02 09:36:00.986468+00:00
11621,beach,2025-03-02 00:57:22.087248+00:00,2025-03-02 09:36:00.986468+00:00
11621,anime,2025-03-02 00:57:22.087248+00:00,2025-03-02 09:36:00.986468+00:00
11621,war hero,2025-03-02 00:57:22.087248+00:00,2025-03-02 09:36:00.986468+00:00
11621,singer,2025-03-02 00:57:22.087248+00:00,2025-03-02 09:36:00.986468+00:00
11621,air pirate,2025-03-02 00:57:22.087248+00:00,2025-03-02 09:36:00.986468+00:00
11621,nostalgic,2025-03-02 00:57:22.087248+00:00,2025-03-02 09:36:00.986468+00:00
11647,triade,2025-03-02 00:57:22.087248+00:00,2025-03-02 09:36:00.986468+00:00
11647,gangster,2025-03-02 00:57:22.087248+00:00,2025-03-02 09:36:00.986468+00:00
11647,chinese mafia,2025-03-02 00:57:22.087248+00:00,2025-03-02 09:36:00.986468+00:00
11647,police,2025-03-02 00:57:22.087248+00:00,2025-03-02 09:36:00.986468+00:00
11647,murder,2025-03-02 00:57:22.087248+00:00,2025-03-02 09:36:00.986468+00:00
11647,undercover,2025-03-02 00:57:22.087248+00:00,2025-03-02 09:36:00.986468+00:00
11830,ramen noodles,2025-03-02 00:57:22.087248+00:00,2025-03-02 09:36:00.986468+00:00
11830,recipes and preparation details,2025-03-02 00:57:22.087248+00:00,2025-03-02 09:36:00.986468+00:00
11830,truck driver,2025-03-02 00:57:22.087248+00:00,2025-03-02 09:36:00.986468+00:00
11830,erotic vignettes,2025-03-02 00:57:22.087248+00:00,2025-03-02 09:36:00.986468+00:00
11830,restaurant owner,2025-03-02 00:57:22.087248+00:00,2025-03-02 09:36:00.986468+00:00
11830,sensei,2025-03-02 00:57:22.087248+00:00,2025-03-02 09:36:00.986468+00:00
11830,chef female lead,2025-03-02 00:57:22.087248+00:00,2025-03-02 09:36:00.986468+00:00
11830,food,2025-03-02 00:57:22.087248+00:00,2025-03-02 09:36:00.986468+00:00
11830,gastronomia,2025-03-02 00:57:22.087248+00:00,2025-03-02 09:36:00.986468+00:00
11830,business woman,2025-03-02 00:57:22.087248+00:00,2025-03-02 09:36:00.986468+00:00
11830,japanese restaurant,2025-03-02 00:57:22.087248+00:00,2025-03-02 09:36:00.986468+00:00
11830,hoodlum,2025-03-02 00:57:22.087248+00:00,2025-03-02 09:36:00.986468+00:00
11830,stealing recipes,2025-03-02 00:57:22.087248+00:00,2025-03-02 09:36:00.986468+00:00
11830,food culture,2025-03-02 00:57:22.087248+00:00,2025-03-02 09:36:00.986468+00:00
11830,ramen,2025-03-02 00:57:22.087248+00:00,2025-03-02 09:36:00.986468+00:00
11830,widow,2025-03-02 00:57:22.087248+00:00,2025-03-02 09:36:00.986468+00:00
11830,foodie,2025-03-02 00:57:22.087248+00:00,2025-03-02 09:36:00.986468+00:00
11830,eastern philosophy,2025-03-02 00:57:22.087248+00:00,2025-03-02 09:36:00.986468+00:00
11830,bullying,2025-03-02 00:57:22.087248+00:00,2025-03-02 09:36:00.986468+00:00
11830,small town cook,2025-03-02 00:57:22.087248+00:00,2025-03-02 09:36:00.986468+00:00
11830,helping people,2025-03-02 00:57:22.087248+00:00,2025-03-02 09:36:00.986468+00:00
11830,restaurant,2025-03-02 00:57:22.087248+00:00,2025-03-02 09:36:00.986468+00:00
11889,retiree,2025-03-02 00:57:22.087248+00:00,2025-03-02 09:36:00.986468+00:00
11889,based on novel or book,2025-03-02 00:57:22.087248+00:00,2025-03-02 09:36:00.986468+00:00
11889,aging,2025-03-02 00:57:22.087248+00:00,2025-03-02 09:36:00.986468+00:00
11889,author,2025-03-02 00:57:22.087248+00:00,2025-03-02 09:36:00.986468+00:00
11889,pflegen,2025-03-02 00:57:22.087248+00:00,2025-03-02 09:36:00.986468+00:00
11889,love of one's life,2025-03-02 00:57:22.087248+00:00,2025-03-02 09:36:00.986468+00:00
11889,short-term memory,2025-03-02 00:57:22.087248+00:00,2025-03-02 09:36:00.986468+00:00
11889,photographic memory,2025-03-02 00:57:22.087248+00:00,2025-03-02 09:36:00.986468+00:00
11889,love,2025-03-02 00:57:22.087248+00:00,2025-03-02 09:36:00.986468+00:00
11889,new love,2025-03-02 00:57:22.087248+00:00,2025-03-02 09:36:00.986468+00:00
11889,alzheimer's disease,2025-03-02 00:57:22.087248+00:00,2025-03-02 09:36:00.986468+00:00
11902,world war ii,2025-03-02 00:57:22.087248+00:00,2025-03-02 09:36:00.986468+00:00
11902,cellar,2025-03-02 00:57:22.087248+00:00,2025-03-02 09:36:00.986468+00:00
11902,lie,2025-03-02 00:57:22.087248+00:00,2025-03-02 09:36:00.986468+00:00
11902,belgrade,2025-03-02 00:57:22.087248+00:00,2025-03-02 09:36:00.986468+00:00
11902,resistance fighter,2025-03-02 00:57:22.087248+00:00,2025-03-02 09:36:00.986468+00:00
11902,anarchic comedy,2025-03-02 00:57:22.087248+00:00,2025-03-02 09:36:00.986468+00:00
11948,"java, indonesia",2025-03-02 00:57:22.087248+00:00,2025-03-02 09:36:00.986468+00:00
11948,prisoner of war,2025-03-02 00:57:22.087248+00:00,2025-03-02 09:36:00.986468+00:00
11948,pacific war,2025-03-02 00:57:22.087248+00:00,2025-03-02 09:36:00.986468+00:00
11948,war crimes,2025-03-02 00:57:22.087248+00:00,2025-03-02 09:36:00.986468+00:00
11948,frustrated,2025-03-02 00:57:22.087248+00:00,2025-03-02 09:36:00.986468+00:00
11948,prison camp,2025-03-02 00:57:22.087248+00:00,2025-03-02 09:36:00.986468+00:00
11948,depressing,2025-03-02 00:57:22.087248+00:00,2025-03-02 09:36:00.986468+00:00
11948,world war ii,2025-03-02 00:57:22.087248+00:00,2025-03-02 09:36:00.986468+00:00
11948,1940s,2025-03-02 00:57:22.087248+00:00,2025-03-02 09:36:00.986468+00:00
11948,court martial,2025-03-02 00:57:22.087248+00:00,2025-03-02 09:36:00.986468+00:00
11948,based on novel or book,2025-03-02 00:57:22.087248+00:00,2025-03-02 09:36:00.986468+00:00
11948,distressing,2025-03-02 00:57:22.087248+00:00,2025-03-02 09:36:00.986468+00:00
11948,meditative,2025-03-02 00:57:22.087248+00:00,2025-03-02 09:36:00.986468+00:00
11948,complicated,2025-03-02 00:57:22.087248+00:00,2025-03-02 09:36:00.986468+00:00
12155,live action remake,2025-03-02 00:57:22.087248+00:00,2025-03-02 09:36:00.986468+00:00
12155,queen,2025-03-02 00:57:22.087248+00:00,2025-03-02 09:36:00.986468+00:00
12155,incredulous,2025-03-02 00:57:22.087248+00:00,2025-03-02 09:36:00.986468+00:00
12155,based on young adult novel,2025-03-02 00:57:22.087248+00:00,2025-03-02 09:36:00.986468+00:00
12155,based on novel or book,2025-03-02 00:57:22.087248+00:00,2025-03-02 09:36:00.986468+00:00
12155,absurd,2025-03-02 00:57:22.087248+00:00,2025-03-02 09:36:00.986468+00:00
12155,fantasy world,2025-03-02 00:57:22.087248+00:00,2025-03-02 09:36:00.986468+00:00
12155,dramatic,2025-03-02 00:57:22.087248+00:00,2025-03-02 09:36:00.986468+00:00
12155,taunting,2025-03-02 00:57:22.087248+00:00,2025-03-02 09:36:00.986468+00:00
12155,euphoric,2025-03-02 00:57:22.087248+00:00,2025-03-02 09:36:00.986468+00:00
12155,mischievous,2025-03-02 00:57:22.087248+00:00,2025-03-02 09:36:00.986468+00:00
12155,amused,2025-03-02 00:57:22.087248+00:00,2025-03-02 09:36:00.986468+00:00
12155,psychotic,2025-03-02 00:57:22.087248+00:00,2025-03-02 09:36:00.986468+00:00
12254,make a match,2025-03-02 00:57:22.087248+00:00,2025-03-02 09:36:00.986468+00:00
12254,marriage proposal,2025-03-02 00:57:22.087248+00:00,2025-03-02 09:36:00.986468+00:00
12429,whimsical,2025-03-02 00:57:22.087248+00:00,2025-03-02 09:36:00.986468+00:00
12429,adventure,2025-03-02 00:57:22.087248+00:00,2025-03-02 09:36:00.986468+00:00
12429,cliff,2025-03-02 00:57:22.087248+00:00,2025-03-02 09:36:00.986468+00:00
12429,princess,2025-03-02 00:57:22.087248+00:00,2025-03-02 09:36:00.986468+00:00
12429,mermaid,2025-03-02 00:57:22.087248+00:00,2025-03-02 09:36:00.986468+00:00
12429,fish,2025-03-02 00:57:22.087248+00:00,2025-03-02 09:36:00.986468+00:00
12429,lighthearted,2025-03-02 00:57:22.087248+00:00,2025-03-02 09:36:00.986468+00:00
12429,anime,2025-03-02 00:57:22.087248+00:00,2025-03-02 09:36:00.986468+00:00
12652,retiree,2025-03-02 00:57:22.087248+00:00,2025-03-02 09:36:00.986468+00:00
12652,age difference,2025-03-02 00:57:22.087248+00:00,2025-03-02 09:36:00.986468+00:00
12924,ambiguous,2025-03-02 00:57:22.087248+00:00,2025-03-02 09:36:00.986468+00:00
12924,adult animation,2025-03-02 00:57:22.087248+00:00,2025-03-02 09:36:00.986468+00:00
12924,1990s,2025-03-02 00:57:22.087248+00:00,2025-03-02 09:36:00.986468+00:00
12924,airplane,2025-03-02 00:57:22.087248+00:00,2025-03-02 09:36:00.986468+00:00
12924,alternate timeline,2025-03-02 00:57:22.087248+00:00,2025-03-02 09:36:00.986468+00:00
12924,anime,2025-03-02 00:57:22.087248+00:00,2025-03-02 09:36:00.986468+00:00
12924,violin,2025-03-02 00:57:22.087248+00:00,2025-03-02 09:36:00.986468+00:00
12924,foreign occupation,2025-03-02 00:57:22.087248+00:00,2025-03-02 09:36:00.986468+00:00
13689,espiritualidad,2025-03-02 00:57:22.087248+00:00,2025-03-02 09:36:00.986468+00:00
13689,gymnastics,2025-03-02 00:57:22.087248+00:00,2025-03-02 09:36:00.986468+00:00
14310,flashback,2025-03-02 00:57:22.087248+00:00,2025-03-02 09:36:00.986468+00:00
14310,sequel,2025-03-02 00:57:22.087248+00:00,2025-03-02 09:36:00.986468+00:00
14553,coming of age,2025-03-02 00:57:22.087248+00:00,2025-03-02 09:36:00.986468+00:00
14553,joy of life,2025-03-02 00:57:22.087248+00:00,2025-03-02 09:36:00.986468+00:00
14553,first love,2025-03-02 00:57:22.087248+00:00,2025-03-02 09:36:00.986468+00:00
14553,romance,2025-03-02 00:57:22.087248+00:00,2025-03-02 09:36:00.986468+00:00
14553,italy,2025-03-02 00:57:22.087248+00:00,2025-03-02 09:36:00.986468+00:00
14553,rural,2025-03-02 00:57:22.087248+00:00,2025-03-02 09:36:00.986468+00:00
14553,adultery,2025-03-02 00:57:22.087248+00:00,2025-03-02 09:36:00.986468+00:00
14553,loss of mother,2025-03-02 00:57:22.087248+00:00,2025-03-02 09:36:00.986468+00:00
14553,feelings,2025-03-02 00:57:22.087248+00:00,2025-03-02 09:36:00.986468+00:00
14553,terminal disease,2025-03-02 00:57:22.087248+00:00,2025-03-02 09:36:00.986468+00:00
14553,poem,2025-03-02 00:57:22.087248+00:00,2025-03-02 09:36:00.986468+00:00
14553,kissing,2025-03-02 00:57:22.087248+00:00,2025-03-02 09:36:00.986468+00:00
14553,father daughter relationship,2025-03-02 00:57:22.087248+00:00,2025-03-02 09:36:00.986468+00:00
14553,"tuscany, italy",2025-03-02 00:57:22.087248+00:00,2025-03-02 09:36:00.986468+00:00
14553,summer,2025-03-02 00:57:22.087248+00:00,2025-03-02 09:36:00.986468+00:00
14553,friendship,2025-03-02 00:57:22.087248+00:00,2025-03-02 09:36:00.986468+00:00
14553,sculptor,2025-03-02 00:57:22.087248+00:00,2025-03-02 09:36:00.986468+00:00
14553,artist,2025-03-02 00:57:22.087248+00:00,2025-03-02 09:36:00.986468+00:00
14553,virgin,2025-03-02 00:57:22.087248+00:00,2025-03-02 09:36:00.986468+00:00
14553,diary,2025-03-02 00:57:22.087248+00:00,2025-03-02 09:36:00.986468+00:00
14553,sexual awakening,2025-03-02 00:57:22.087248+00:00,2025-03-02 09:36:00.986468+00:00
15080,school,2025-03-02 00:57:22.087248+00:00,2025-03-02 09:36:00.986468+00:00
15080,countryside,2025-03-02 00:57:22.087248+00:00,2025-03-02 09:36:00.986468+00:00
15080,flashback,2025-03-02 00:57:22.087248+00:00,2025-03-02 09:36:00.986468+00:00
15080,marriage,2025-03-02 00:57:22.087248+00:00,2025-03-02 09:36:00.986468+00:00
15080,reflective,2025-03-02 00:57:22.087248+00:00,2025-03-02 09:36:00.986468+00:00
15080,anime,2025-03-02 00:57:22.087248+00:00,2025-03-02 09:36:00.986468+00:00
15080,folk music,2025-03-02 00:57:22.087248+00:00,2025-03-02 09:36:00.986468+00:00
15080,country life,2025-03-02 00:57:22.087248+00:00,2025-03-02 09:36:00.986468+00:00
15283,environment,2025-03-02 00:57:22.087248+00:00,2025-03-02 09:36:00.986468+00:00
15283,anime,2025-03-02 00:57:22.087248+00:00,2025-03-02 09:36:00.986468+00:00
15283,animals,2025-03-02 00:57:22.087248+00:00,2025-03-02 09:36:00.986468+00:00
15283,japanese mythology,2025-03-02 00:57:22.087248+00:00,2025-03-02 09:36:00.986468+00:00
15370,prince,2025-03-02 00:57:22.087248+00:00,2025-03-02 09:36:00.986468+00:00
15370,self-discovery,2025-03-02 00:57:22.087248+00:00,2025-03-02 09:36:00.986468+00:00
15370,cat,2025-03-02 00:57:22.087248+00:00,2025-03-02 09:36:00.986468+00:00
15370,talking cat,2025-03-02 00:57:22.087248+00:00,2025-03-02 09:36:00.986468+00:00
15370,grass,2025-03-02 00:57:22.087248+00:00,2025-03-02 09:36:00.986468+00:00
15370,anthropomorphic animal,2025-03-02 00:57:22.087248+00:00,2025-03-02 09:36:00.986468+00:00
15370,protector,2025-03-02 00:57:22.087248+00:00,2025-03-02 09:36:00.986468+00:00
15370,bride-to-be,2025-03-02 00:57:22.087248+00:00,2025-03-02 09:36:00.986468+00:00
15370,crow,2025-03-02 00:57:22.087248+00:00,2025-03-02 09:36:00.986468+00:00
15370,animal transformation,2025-03-02 00:57:22.087248+00:00,2025-03-02 09:36:00.986468+00:00
15370,japanese school,2025-03-02 00:57:22.087248+00:00,2025-03-02 09:36:00.986468+00:00
15370,anthropomorphism,2025-03-02 00:57:22.087248+00:00,2025-03-02 09:36:00.986468+00:00
15370,schoolgirl,2025-03-02 00:57:22.087248+00:00,2025-03-02 09:36:00.986468+00:00
15370,sword fight,2025-03-02 00:57:22.087248+00:00,2025-03-02 09:36:00.986468+00:00
15370,maze,2025-03-02 00:57:22.087248+00:00,2025-03-02 09:36:00.986468+00:00
15370,anime,2025-03-02 00:57:22.087248+00:00,2025-03-02 09:36:00.986468+00:00
15370,sequel,2025-03-02 00:57:22.087248+00:00,2025-03-02 09:36:00.986468+00:00
15370,compassion,2025-03-02 00:57:22.087248+00:00,2025-03-02 09:36:00.986468+00:00
15370,chase,2025-03-02 00:57:22.087248+00:00,2025-03-02 09:36:00.986468+00:00
15370,tower,2025-03-02 00:57:22.087248+00:00,2025-03-02 09:36:00.986468+00:00
15370,based on manga,2025-03-02 00:57:22.087248+00:00,2025-03-02 09:36:00.986468+00:00
15370,human animal relationship,2025-03-02 00:57:22.087248+00:00,2025-03-02 09:36:00.986468+00:00
15370,schoolgirl uniform,2025-03-02 00:57:22.087248+00:00,2025-03-02 09:36:00.986468+00:00
15370,cat vs bird,2025-03-02 00:57:22.087248+00:00,2025-03-02 09:36:00.986468+00:00
15370,kindness,2025-03-02 00:57:22.087248+00:00,2025-03-02 09:36:00.986468+00:00
15370,adventure,2025-03-02 00:57:22.087248+00:00,2025-03-02 09:36:00.986468+00:00
15383,1940s,2025-03-02 00:57:22.087248+00:00,2025-03-02 09:36:00.986468+00:00
15383,based on novel or book,2025-03-02 00:57:22.087248+00:00,2025-03-02 09:36:00.986468+00:00
15383,nouvelle vague,2025-03-02 00:57:22.087248+00:00,2025-03-02 09:36:00.986468+00:00
15383,concentration camp,2025-03-02 00:57:22.087248+00:00,2025-03-02 09:36:00.986468+00:00
15383,"marseille, france",2025-03-02 00:57:22.087248+00:00,2025-03-02 09:36:00.986468+00:00
15383,world war ii,2025-03-02 00:57:22.087248+00:00,2025-03-02 09:36:00.986468+00:00
15383,czech,2025-03-02 00:57:22.087248+00:00,2025-03-02 09:36:00.986468+00:00
15383,french resistance,2025-03-02 00:57:22.087248+00:00,2025-03-02 09:36:00.986468+00:00
15383,nazi,2025-03-02 00:57:22.087248+00:00,2025-03-02 09:36:00.986468+00:00
15383,vichy regime,2025-03-02 00:57:22.087248+00:00,2025-03-02 09:36:00.986468+00:00
15383,"paris, france",2025-03-02 00:57:22.087248+00:00,2025-03-02 09:36:00.986468+00:00
15383,german occupation,2025-03-02 00:57:22.087248+00:00,2025-03-02 09:36:00.986468+00:00
15859,love tested,2025-03-02 00:57:22.087248+00:00,2025-03-02 09:36:00.986468+00:00
15859,alzheimer's disease,2025-03-02 00:57:22.087248+00:00,2025-03-02 09:36:00.986468+00:00
16198,based on manga,2025-03-02 00:57:22.087248+00:00,2025-03-02 09:36:00.986468+00:00
16198,haiku,2025-03-02 00:57:22.087248+00:00,2025-03-02 09:36:00.986468+00:00
16198,dysfunctional family,2025-03-02 00:57:22.087248+00:00,2025-03-02 09:36:00.986468+00:00
16198,urban setting,2025-03-02 00:57:22.087248+00:00,2025-03-02 09:36:00.986468+00:00
16198,surrealism,2025-03-02 00:57:22.087248+00:00,2025-03-02 09:36:00.986468+00:00
16198,anime,2025-03-02 00:57:22.087248+00:00,2025-03-02 09:36:00.986468+00:00
16198,japanese family,2025-03-02 00:57:22.087248+00:00,2025-03-02 09:36:00.986468+00:00
16198,middle class,2025-03-02 00:57:22.087248+00:00,2025-03-02 09:36:00.986468+00:00
16198,grandmother,2025-03-02 00:57:22.087248+00:00,2025-03-02 09:36:00.986468+00:00
16859,delivery service,2025-03-02 00:57:22.087248+00:00,2025-03-02 09:36:00.986468+00:00
16859,cartoon cat,2025-03-02 00:57:22.087248+00:00,2025-03-02 09:36:00.986468+00:00
16859,clock tower,2025-03-02 00:57:22.087248+00:00,2025-03-02 09:36:00.986468+00:00
16859,bakery,2025-03-02 00:57:22.087248+00:00,2025-03-02 09:36:00.986468+00:00
16859,seaside town,2025-03-02 00:57:22.087248+00:00,2025-03-02 09:36:00.986468+00:00
16859,talking cat,2025-03-02 00:57:22.087248+00:00,2025-03-02 09:36:00.986468+00:00
16859,cartoon dog,2025-03-02 00:57:22.087248+00:00,2025-03-02 09:36:00.986468+00:00
16859,baking,2025-03-02 00:57:22.087248+00:00,2025-03-02 09:36:00.986468+00:00
16859,female friendship,2025-03-02 00:57:22.087248+00:00,2025-03-02 09:36:00.986468+00:00
16859,anime,2025-03-02 00:57:22.087248+00:00,2025-03-02 09:36:00.986468+00:00
16859,amused,2025-03-02 00:57:22.087248+00:00,2025-03-02 09:36:00.986468+00:00
16859,witch,2025-03-02 00:57:22.087248+00:00,2025-03-02 09:36:00.986468+00:00
16859,coming of age,2025-03-02 00:57:22.087248+00:00,2025-03-02 09:36:00.986468+00:00
16859,courier service,2025-03-02 00:57:22.087248+00:00,2025-03-02 09:36:00.986468+00:00
16859,adventure,2025-03-02 00:57:22.087248+00:00,2025-03-02 09:36:00.986468+00:00
16859,bicycle accident,2025-03-02 00:57:22.087248+00:00,2025-03-02 09:36:00.986468+00:00
17111,mental hospital,2025-03-02 00:57:22.087248+00:00,2025-03-02 09:36:00.986468+00:00
17111,flashback,2025-03-02 00:57:22.087248+00:00,2025-03-02 09:36:00.986468+00:00
17111,revenge,2025-03-02 00:57:22.087248+00:00,2025-03-02 09:36:00.986468+00:00
17111,young girl,2025-03-02 00:57:22.087248+00:00,2025-03-02 09:36:00.986468+00:00
17111,ghost,2025-03-02 00:57:22.087248+00:00,2025-03-02 09:36:00.986468+00:00
17111,"bangkok, thailand",2025-03-02 00:57:22.087248+00:00,2025-03-02 09:36:00.986468+00:00
17111,young girls,2025-03-02 00:57:22.087248+00:00,2025-03-02 09:36:00.986468+00:00
17111,polaroid,2025-03-02 00:57:22.087248+00:00,2025-03-02 09:36:00.986468+00:00
17111,thailand,2025-03-02 00:57:22.087248+00:00,2025-03-02 09:36:00.986468+00:00
17111,photographer,2025-03-02 00:57:22.087248+00:00,2025-03-02 09:36:00.986468+00:00
17111,suicide,2025-03-02 00:57:22.087248+00:00,2025-03-02 09:36:00.986468+00:00
17111,nightmare,2025-03-02 00:57:22.087248+00:00,2025-03-02 09:36:00.986468+00:00
17111,preserved corpse,2025-03-02 00:57:22.087248+00:00,2025-03-02 09:36:00.986468+00:00
17111,bangkok,2025-03-02 00:57:22.087248+00:00,2025-03-02 09:36:00.986468+00:00
17111,lights out,2025-03-02 00:57:22.087248+00:00,2025-03-02 09:36:00.986468+00:00
17111,secret lover,2025-03-02 00:57:22.087248+00:00,2025-03-02 09:36:00.986468+00:00
17111,nightmares,2025-03-02 00:57:22.087248+00:00,2025-03-02 09:36:00.986468+00:00
17111,car accident,2025-03-02 00:57:22.087248+00:00,2025-03-02 09:36:00.986468+00:00
18148,office,2025-03-02 00:57:22.087248+00:00,2025-03-02 09:36:00.986468+00:00
18148,parent child relationship,2025-03-02 00:57:22.087248+00:00,2025-03-02 09:36:00.986468+00:00
18148,boat,2025-03-02 00:57:22.087248+00:00,2025-03-02 09:36:00.986468+00:00
18148,beach,2025-03-02 00:57:22.087248+00:00,2025-03-02 09:36:00.986468+00:00
18148,cake,2025-03-02 00:57:22.087248+00:00,2025-03-02 09:36:00.986468+00:00
18148,classroom,2025-03-02 00:57:22.087248+00:00,2025-03-02 09:36:00.986468+00:00
18148,fish,2025-03-02 00:57:22.087248+00:00,2025-03-02 09:36:00.986468+00:00
18148,class,2025-03-02 00:57:22.087248+00:00,2025-03-02 09:36:00.986468+00:00
18148,interpersonal relationships,2025-03-02 00:57:22.087248+00:00,2025-03-02 09:36:00.986468+00:00
18148,swing,2025-03-02 00:57:22.087248+00:00,2025-03-02 09:36:00.986468+00:00
18148,lantern,2025-03-02 00:57:22.087248+00:00,2025-03-02 09:36:00.986468+00:00
18148,tea,2025-03-02 00:57:22.087248+00:00,2025-03-02 09:36:00.986468+00:00
18148,baby,2025-03-02 00:57:22.087248+00:00,2025-03-02 09:36:00.986468+00:00
18148,teacher,2025-03-02 00:57:22.087248+00:00,2025-03-02 09:36:00.986468+00:00
18148,ambition,2025-03-02 00:57:22.087248+00:00,2025-03-02 09:36:00.986468+00:00
18148,peace,2025-03-02 00:57:22.087248+00:00,2025-03-02 09:36:00.986468+00:00
18148,baseball,2025-03-02 00:57:22.087248+00:00,2025-03-02 09:36:00.986468+00:00
18148,family relationships,2025-03-02 00:57:22.087248+00:00,2025-03-02 09:36:00.986468+00:00
18148,dreams,2025-03-02 00:57:22.087248+00:00,2025-03-02 09:36:00.986468+00:00
18148,school,2025-03-02 00:57:22.087248+00:00,2025-03-02 09:36:00.986468+00:00
18148,black and white,2025-03-02 00:57:22.087248+00:00,2025-03-02 09:36:00.986468+00:00
18148,retirement,2025-03-02 00:57:22.087248+00:00,2025-03-02 09:36:00.986468+00:00
18148,complicated relationships,2025-03-02 00:57:22.087248+00:00,2025-03-02 09:36:00.986468+00:00
18148,marriage,2025-03-02 00:57:22.087248+00:00,2025-03-02 09:36:00.986468+00:00
18148,honor,2025-03-02 00:57:22.087248+00:00,2025-03-02 09:36:00.986468+00:00
18148,coma,2025-03-02 00:57:22.087248+00:00,2025-03-02 09:36:00.986468+00:00
18148,lie,2025-03-02 00:57:22.087248+00:00,2025-03-02 09:36:00.986468+00:00
18148,old man,2025-03-02 00:57:22.087248+00:00,2025-03-02 09:36:00.986468+00:00
18311,philippines,2025-03-02 00:57:22.087248+00:00,2025-03-02 09:36:00.986468+00:00
18311,drink,2025-03-02 00:57:22.087248+00:00,2025-03-02 09:36:00.986468+00:00
18311,fight,2025-03-02 00:57:22.087248+00:00,2025-03-02 09:36:00.986468+00:00
18311,underwear,2025-03-02 00:57:22.087248+00:00,2025-03-02 09:36:00.986468+00:00
18311,prostitution,2025-03-02 00:57:22.087248+00:00,2025-03-02 09:36:00.986468+00:00
18311,sailor,2025-03-02 00:57:22.087248+00:00,2025-03-02 09:36:00.986468+00:00
18311,kiss,2025-03-02 00:57:22.087248+00:00,2025-03-02 09:36:00.986468+00:00
18311,beating,2025-03-02 00:57:22.087248+00:00,2025-03-02 09:36:00.986468+00:00
18311,radio,2025-03-02 00:57:22.087248+00:00,2025-03-02 09:36:00.986468+00:00
18311,rain,2025-03-02 00:57:22.087248+00:00,2025-03-02 09:36:00.986468+00:00
18329,lgbt,2025-03-02 00:57:22.087248+00:00,2025-03-02 09:36:00.986468+00:00
18329,gay theme,2025-03-02 00:57:22.087248+00:00,2025-03-02 09:36:00.986468+00:00
18329,relationship problems,2025-03-02 00:57:22.087248+00:00,2025-03-02 09:36:00.986468+00:00
18329,male homosexuality,2025-03-02 00:57:22.087248+00:00,2025-03-02 09:36:00.986468+00:00
18329,toxic relationship,2025-03-02 00:57:22.087248+00:00,2025-03-02 09:36:00.986468+00:00
18329,falling out of love,2025-03-02 00:57:22.087248+00:00,2025-03-02 09:36:00.986468+00:00
18329,argentina,2025-03-02 00:57:22.087248+00:00,2025-03-02 09:36:00.986468+00:00
18860,wuxia,2025-03-02 00:57:22.087248+00:00,2025-03-02 09:36:00.986468+00:00
18860,martial arts,2025-03-02 00:57:22.087248+00:00,2025-03-02 09:36:00.986468+00:00
18860,woman director,2025-03-02 00:57:22.087248+00:00,2025-03-02 09:36:00.986468+00:00
18872,based on novel or book,2025-03-02 00:57:22.087248+00:00,2025-03-02 09:36:00.986468+00:00
18872,arranged marriage,2025-03-02 00:57:22.087248+00:00,2025-03-02 09:36:00.986468+00:00
18872,bereavement,2025-03-02 00:57:22.087248+00:00,2025-03-02 09:36:00.986468+00:00
18872,suicide,2025-03-02 00:57:22.087248+00:00,2025-03-02 09:36:00.986468+00:00
18872,seaside town,2025-03-02 00:57:22.087248+00:00,2025-03-02 09:36:00.986468+00:00
18872,melancholy,2025-03-02 00:57:22.087248+00:00,2025-03-02 09:36:00.986468+00:00
19995,paraplegic,2025-03-02 00:57:22.087248+00:00,2025-03-02 09:36:00.986468+00:00
19995,culture clash,2025-03-02 00:57:22.087248+00:00,2025-03-02 09:36:00.986468+00:00
19995,tribe,2025-03-02 00:57:22.087248+00:00,2025-03-02 09:36:00.986468+00:00
19995,distant future,2025-03-02 00:57:22.087248+00:00,2025-03-02 09:36:00.986468+00:00
19995,tribal chief,2025-03-02 00:57:22.087248+00:00,2025-03-02 09:36:00.986468+00:00
19995,spiritual community,2025-03-02 00:57:22.087248+00:00,2025-03-02 09:36:00.986468+00:00
19995,compassionate,2025-03-02 00:57:22.087248+00:00,2025-03-02 09:36:00.986468+00:00
19995,indigenous,2025-03-02 00:57:22.087248+00:00,2025-03-02 09:36:00.986468+00:00
19995,shocking,2025-03-02 00:57:22.087248+00:00,2025-03-02 09:36:00.986468+00:00
19995,space travel,2025-03-02 00:57:22.087248+00:00,2025-03-02 09:36:00.986468+00:00
19995,marine,2025-03-02 00:57:22.087248+00:00,2025-03-02 09:36:00.986468+00:00
19995,love affair,2025-03-02 00:57:22.087248+00:00,2025-03-02 09:36:00.986468+00:00
19995,22nd century,2025-03-02 00:57:22.087248+00:00,2025-03-02 09:36:00.986468+00:00
19995,racial discrimination,2025-03-02 00:57:22.087248+00:00,2025-03-02 09:36:00.986468+00:00
19995,tribal people,2025-03-02 00:57:22.087248+00:00,2025-03-02 09:36:00.986468+00:00
19995,curious,2025-03-02 00:57:22.087248+00:00,2025-03-02 09:36:00.986468+00:00
19995,battle,2025-03-02 00:57:22.087248+00:00,2025-03-02 09:36:00.986468+00:00
19995,save the planet,2025-03-02 00:57:22.087248+00:00,2025-03-02 09:36:00.986468+00:00
19995,attachment to nature,2025-03-02 00:57:22.087248+00:00,2025-03-02 09:36:00.986468+00:00
19995,alien planet,2025-03-02 00:57:22.087248+00:00,2025-03-02 09:36:00.986468+00:00
19995,scientist,2025-03-02 00:57:22.087248+00:00,2025-03-02 09:36:00.986468+00:00
19995,deity,2025-03-02 00:57:22.087248+00:00,2025-03-02 09:36:00.986468+00:00
19995,space colony,2025-03-02 00:57:22.087248+00:00,2025-03-02 09:36:00.986468+00:00
19995,power relations,2025-03-02 00:57:22.087248+00:00,2025-03-02 09:36:00.986468+00:00
19995,loving,2025-03-02 00:57:22.087248+00:00,2025-03-02 09:36:00.986468+00:00
19995,soldiers,2025-03-02 00:57:22.087248+00:00,2025-03-02 09:36:00.986468+00:00
19995,nature,2025-03-02 00:57:22.087248+00:00,2025-03-02 09:36:00.986468+00:00
19995,tribal customs,2025-03-02 00:57:22.087248+00:00,2025-03-02 09:36:00.986468+00:00
19995,native peoples,2025-03-02 00:57:22.087248+00:00,2025-03-02 09:36:00.986468+00:00
19995,admiring,2025-03-02 00:57:22.087248+00:00,2025-03-02 09:36:00.986468+00:00
20342,school,2025-03-02 00:57:22.087248+00:00,2025-03-02 09:36:00.986468+00:00
20342,music history,2025-03-02 00:57:22.087248+00:00,2025-03-02 09:36:00.986468+00:00
20342,time travel,2025-03-02 00:57:22.087248+00:00,2025-03-02 09:36:00.986468+00:00
20342,asthmatic,2025-03-02 00:57:22.087248+00:00,2025-03-02 09:36:00.986468+00:00
20342,music academy,2025-03-02 00:57:22.087248+00:00,2025-03-02 09:36:00.986468+00:00
20342,teacher student relationship,2025-03-02 00:57:22.087248+00:00,2025-03-02 09:36:00.986468+00:00
20342,boyfriend girlfriend relationship,2025-03-02 00:57:22.087248+00:00,2025-03-02 09:36:00.986468+00:00
20342,music,2025-03-02 00:57:22.087248+00:00,2025-03-02 09:36:00.986468+00:00
20342,music school,2025-03-02 00:57:22.087248+00:00,2025-03-02 09:36:00.986468+00:00
20342,misunderstanding,2025-03-02 00:57:22.087248+00:00,2025-03-02 09:36:00.986468+00:00
20342,high school,2025-03-02 00:57:22.087248+00:00,2025-03-02 09:36:00.986468+00:00
20342,pianist,2025-03-02 00:57:22.087248+00:00,2025-03-02 09:36:00.986468+00:00
20342,first love,2025-03-02 00:57:22.087248+00:00,2025-03-02 09:36:00.986468+00:00
20539,"salem, massachusetts",2025-03-02 00:57:22.087248+00:00,2025-03-02 09:36:00.986468+00:00
20539,curse,2025-03-02 00:57:22.087248+00:00,2025-03-02 09:36:00.986468+00:00
20539,satan,2025-03-02 00:57:22.087248+00:00,2025-03-02 09:36:00.986468+00:00
20539,based on play or musical,2025-03-02 00:57:22.087248+00:00,2025-03-02 09:36:00.986468+00:00
20539,17th century,2025-03-02 00:57:22.087248+00:00,2025-03-02 09:36:00.986468+00:00
20539,witch,2025-03-02 00:57:22.087248+00:00,2025-03-02 09:36:00.986468+00:00
20539,salem witch trials,2025-03-02 00:57:22.087248+00:00,2025-03-02 09:36:00.986468+00:00
20539,massachusetts,2025-03-02 00:57:22.087248+00:00,2025-03-02 09:36:00.986468+00:00
21712,new love,2025-03-02 00:57:22.087248+00:00,2025-03-02 09:36:00.986468+00:00
21712,adult animation,2025-03-02 00:57:22.087248+00:00,2025-03-02 09:36:00.986468+00:00
21712,cruelty,2025-03-02 00:57:22.087248+00:00,2025-03-02 09:36:00.986468+00:00
21712,heaven,2025-03-02 00:57:22.087248+00:00,2025-03-02 09:36:00.986468+00:00
21712,psychological,2025-03-02 00:57:22.087248+00:00,2025-03-02 09:36:00.986468+00:00
21712,avant garde,2025-03-02 00:57:22.087248+00:00,2025-03-02 09:36:00.986468+00:00
22536,lesion,2025-03-02 00:57:22.087248+00:00,2025-03-02 09:36:00.986468+00:00
22536,catholic guilt,2025-03-02 00:57:22.087248+00:00,2025-03-02 09:36:00.986468+00:00
22536,jumping off a building,2025-03-02 00:57:22.087248+00:00,2025-03-02 09:36:00.986468+00:00
22536,self mutilation,2025-03-02 00:57:22.087248+00:00,2025-03-02 09:36:00.986468+00:00
22536,blood transfusion,2025-03-02 00:57:22.087248+00:00,2025-03-02 09:36:00.986468+00:00
22536,confessional,2025-03-02 00:57:22.087248+00:00,2025-03-02 09:36:00.986468+00:00
22536,vampire,2025-03-02 00:57:22.087248+00:00,2025-03-02 09:36:00.986468+00:00
22536,childhood friends,2025-03-02 00:57:22.087248+00:00,2025-03-02 09:36:00.986468+00:00
22536,priest,2025-03-02 00:57:22.087248+00:00,2025-03-02 09:36:00.986468+00:00
22970,young adult,2025-03-02 00:57:22.087248+00:00,2025-03-02 09:36:00.986468+00:00
22970,林中小屋,2025-03-02 00:57:22.087248+00:00,2025-03-02 09:36:00.986468+00:00
22970,giant snake,2025-03-02 00:57:22.087248+00:00,2025-03-02 09:36:00.986468+00:00
22970,werewolf,2025-03-02 00:57:22.087248+00:00,2025-03-02 09:36:00.986468+00:00
22970,woods,2025-03-02 00:57:22.087248+00:00,2025-03-02 09:36:00.986468+00:00
22970,cabin,2025-03-02 00:57:22.087248+00:00,2025-03-02 09:36:00.986468+00:00
22970,school party,2025-03-02 00:57:22.087248+00:00,2025-03-02 09:36:00.986468+00:00
22970,apocalypse,2025-03-02 00:57:22.087248+00:00,2025-03-02 09:36:00.986468+00:00
22970,video wall,2025-03-02 00:57:22.087248+00:00,2025-03-02 09:36:00.986468+00:00
22970,cabin in the woods,2025-03-02 00:57:22.087248+00:00,2025-03-02 09:36:00.986468+00:00
22970,college student,2025-03-02 00:57:22.087248+00:00,2025-03-02 09:36:00.986468+00:00
22970,speaker phone,2025-03-02 00:57:22.087248+00:00,2025-03-02 09:36:00.986468+00:00
22970,teen scream,2025-03-02 00:57:22.087248+00:00,2025-03-02 09:36:00.986468+00:00
22970,abandoned house,2025-03-02 00:57:22.087248+00:00,2025-03-02 09:36:00.986468+00:00
22970,motorcycle crash,2025-03-02 00:57:22.087248+00:00,2025-03-02 09:36:00.986468+00:00
22970,zombie,2025-03-02 00:57:22.087248+00:00,2025-03-02 09:36:00.986468+00:00
22970,marijuana,2025-03-02 00:57:22.087248+00:00,2025-03-02 09:36:00.986468+00:00
22970,creature,2025-03-02 00:57:22.087248+00:00,2025-03-02 09:36:00.986468+00:00
24614,puppetry,2025-03-02 00:57:22.087248+00:00,2025-03-02 09:36:00.986468+00:00
24858,terminal illness,2025-03-02 00:57:22.087248+00:00,2025-03-02 09:36:00.986468+00:00
24858,writer,2025-03-02 00:57:22.087248+00:00,2025-03-02 09:36:00.986468+00:00
24858,undocumented immigrant,2025-03-02 00:57:22.087248+00:00,2025-03-02 09:36:00.986468+00:00
25050,family relationships,2025-03-02 00:57:22.087248+00:00,2025-03-02 09:36:00.986468+00:00
25050,family reunion,2025-03-02 00:57:22.087248+00:00,2025-03-02 09:36:00.986468+00:00
25050,family gathering,2025-03-02 00:57:22.087248+00:00,2025-03-02 09:36:00.986468+00:00
25050,mother son relationship,2025-03-02 00:57:22.087248+00:00,2025-03-02 09:36:00.986468+00:00
25050,father son conflict,2025-03-02 00:57:22.087248+00:00,2025-03-02 09:36:00.986468+00:00
25050,bereavement,2025-03-02 00:57:22.087248+00:00,2025-03-02 09:36:00.986468+00:00
25050,father son relationship,2025-03-02 00:57:22.087248+00:00,2025-03-02 09:36:00.986468+00:00
25538,admiring,2025-03-02 00:57:22.087248+00:00,2025-03-02 09:36:00.986468+00:00
25538,family,2025-03-02 00:57:22.087248+00:00,2025-03-02 09:36:00.986468+00:00
25538,middle class,2025-03-02 00:57:22.087248+00:00,2025-03-02 09:36:00.986468+00:00
25538,daughter,2025-03-02 00:57:22.087248+00:00,2025-03-02 09:36:00.986468+00:00
25538,photography,2025-03-02 00:57:22.087248+00:00,2025-03-02 09:36:00.986468+00:00
25538,taiwan,2025-03-02 00:57:22.087248+00:00,2025-03-02 09:36:00.986468+00:00
25538,taipei,2025-03-02 00:57:22.087248+00:00,2025-03-02 09:36:00.986468+00:00
25538,love triangle,2025-03-02 00:57:22.087248+00:00,2025-03-02 09:36:00.986468+00:00
25538,bullying,2025-03-02 00:57:22.087248+00:00,2025-03-02 09:36:00.986468+00:00
25538,curious,2025-03-02 00:57:22.087248+00:00,2025-03-02 09:36:00.986468+00:00
25538,businessman,2025-03-02 00:57:22.087248+00:00,2025-03-02 09:36:00.986468+00:00
25538,thoughtful,2025-03-02 00:57:22.087248+00:00,2025-03-02 09:36:00.986468+00:00
25538,wedding,2025-03-02 00:57:22.087248+00:00,2025-03-02 09:36:00.986468+00:00
25656,beach,2025-03-02 00:57:22.087248+00:00,2025-03-02 09:36:00.986468+00:00
25656,japanese cuisine,2025-03-02 00:57:22.087248+00:00,2025-03-02 09:36:00.986468+00:00
25656,relaxation,2025-03-02 00:57:22.087248+00:00,2025-03-02 09:36:00.986468+00:00
25656,togetherness,2025-03-02 00:57:22.087248+00:00,2025-03-02 09:36:00.986468+00:00
25656,seaside village,2025-03-02 00:57:22.087248+00:00,2025-03-02 09:36:00.986468+00:00
25656,breakfast,2025-03-02 00:57:22.087248+00:00,2025-03-02 09:36:00.986468+00:00
25656,barbecue (bbq),2025-03-02 00:57:22.087248+00:00,2025-03-02 09:36:00.986468+00:00
25656,woman director,2025-03-02 00:57:22.087248+00:00,2025-03-02 09:36:00.986468+00:00
25657,food,2025-03-02 00:57:22.087248+00:00,2025-03-02 09:36:00.986468+00:00
25657,holiday abroad,2025-03-02 00:57:22.087248+00:00,2025-03-02 09:36:00.986468+00:00
25657,social acceptance,2025-03-02 00:57:22.087248+00:00,2025-03-02 09:36:00.986468+00:00
25657,entrepreneurship,2025-03-02 00:57:22.087248+00:00,2025-03-02 09:36:00.986468+00:00
25657,slice of life,2025-03-02 00:57:22.087248+00:00,2025-03-02 09:36:00.986468+00:00
25657,restaurant,2025-03-02 00:57:22.087248+00:00,2025-03-02 09:36:00.986468+00:00
25657,women entrepreneur,2025-03-02 00:57:22.087248+00:00,2025-03-02 09:36:00.986468+00:00
25657,entrepreneur,2025-03-02 00:57:22.087248+00:00,2025-03-02 09:36:00.986468+00:00
25657,living abroad,2025-03-02 00:57:22.087248+00:00,2025-03-02 09:36:00.986468+00:00
25657,based on novel or book,2025-03-02 00:57:22.087248+00:00,2025-03-02 09:36:00.986468+00:00
25657,restaurant owner,2025-03-02 00:57:22.087248+00:00,2025-03-02 09:36:00.986468+00:00
25657,woman director,2025-03-02 00:57:22.087248+00:00,2025-03-02 09:36:00.986468+00:00
25657,japan,2025-03-02 00:57:22.087248+00:00,2025-03-02 09:36:00.986468+00:00
25657,japanese cuisine,2025-03-02 00:57:22.087248+00:00,2025-03-02 09:36:00.986468+00:00
25657,finland,2025-03-02 00:57:22.087248+00:00,2025-03-02 09:36:00.986468+00:00
27060,police,2025-03-02 00:57:22.087248+00:00,2025-03-02 09:36:00.986468+00:00
27060,male prostitution,2025-03-02 00:57:22.087248+00:00,2025-03-02 09:36:00.986468+00:00
27062,boys' love (bl),2025-03-02 00:57:22.087248+00:00,2025-03-02 09:36:00.986468+00:00
27062,gay theme,2025-03-02 00:57:22.087248+00:00,2025-03-02 09:36:00.986468+00:00
27062,lgbt,2025-03-02 00:57:22.087248+00:00,2025-03-02 09:36:00.986468+00:00
27062,china,2025-03-02 00:57:22.087248+00:00,2025-03-02 09:36:00.986468+00:00
27062,older man younger man relationship,2025-03-02 00:57:22.087248+00:00,2025-03-02 09:36:00.986468+00:00
27062,"beijing, china",2025-03-02 00:57:22.087248+00:00,2025-03-02 09:36:00.986468+00:00
27062,1980s,2025-03-02 00:57:22.087248+00:00,2025-03-02 09:36:00.986468+00:00
27101,virgin,2025-03-02 00:57:22.087248+00:00,2025-03-02 09:36:00.986468+00:00
27101,coming of age,2025-03-02 00:57:22.087248+00:00,2025-03-02 09:36:00.986468+00:00
27101,lgbt,2025-03-02 00:57:22.087248+00:00,2025-03-02 09:36:00.986468+00:00
27101,city country contrast,2025-03-02 00:57:22.087248+00:00,2025-03-02 09:36:00.986468+00:00
27101,boys' love (bl),2025-03-02 00:57:22.087248+00:00,2025-03-02 09:36:00.986468+00:00
28468,husband wife relationship,2025-03-02 00:57:22.087248+00:00,2025-03-02 09:36:00.986468+00:00
28468,exhibitionism,2025-03-02 00:57:22.087248+00:00,2025-03-02 09:36:00.986468+00:00
28468,jealousy,2025-03-02 00:57:22.087248+00:00,2025-03-02 09:36:00.986468+00:00
28468,photograph,2025-03-02 00:57:22.087248+00:00,2025-03-02 09:36:00.986468+00:00
28468,sexual obsession,2025-03-02 00:57:22.087248+00:00,2025-03-02 09:36:00.986468+00:00
28468,sexploitation,2025-03-02 00:57:22.087248+00:00,2025-03-02 09:36:00.986468+00:00
28468,infidelity,2025-03-02 00:57:22.087248+00:00,2025-03-02 09:36:00.986468+00:00
28468,fascism,2025-03-02 00:57:22.087248+00:00,2025-03-02 09:36:00.986468+00:00
28468,older man younger woman relationship,2025-03-02 00:57:22.087248+00:00,2025-03-02 09:36:00.986468+00:00
28468,perversion,2025-03-02 00:57:22.087248+00:00,2025-03-02 09:36:00.986468+00:00
28468,erotic movie,2025-03-02 00:57:22.087248+00:00,2025-03-02 09:36:00.986468+00:00
28468,extramarital affair,2025-03-02 00:57:22.087248+00:00,2025-03-02 09:36:00.986468+00:00
28468,cuckold,2025-03-02 00:57:22.087248+00:00,2025-03-02 09:36:00.986468+00:00
28468,obsessive love,2025-03-02 00:57:22.087248+00:00,2025-03-02 09:36:00.986468+00:00
28468,diary,2025-03-02 00:57:22.087248+00:00,2025-03-02 09:36:00.986468+00:00
28468,desire,2025-03-02 00:57:22.087248+00:00,2025-03-02 09:36:00.986468+00:00
28468,key,2025-03-02 00:57:22.087248+00:00,2025-03-02 09:36:00.986468+00:00
28468,obsession,2025-03-02 00:57:22.087248+00:00,2025-03-02 09:36:00.986468+00:00
28468,lust,2025-03-02 00:57:22.087248+00:00,2025-03-02 09:36:00.986468+00:00
29264,bear,2025-03-02 00:57:22.087248+00:00,2025-03-02 09:36:00.986468+00:00
29264,catholic church,2025-03-02 00:57:22.087248+00:00,2025-03-02 09:36:00.986468+00:00
29264,provocative,2025-03-02 00:57:22.087248+00:00,2025-03-02 09:36:00.986468+00:00
29264,guest,2025-03-02 00:57:22.087248+00:00,2025-03-02 09:36:00.986468+00:00
29264,sheep,2025-03-02 00:57:22.087248+00:00,2025-03-02 09:36:00.986468+00:00
29264,surrealism,2025-03-02 00:57:22.087248+00:00,2025-03-02 09:36:00.986468+00:00
29264,piano,2025-03-02 00:57:22.087248+00:00,2025-03-02 09:36:00.986468+00:00
29264,mansion,2025-03-02 00:57:22.087248+00:00,2025-03-02 09:36:00.986468+00:00
29264,pretension,2025-03-02 00:57:22.087248+00:00,2025-03-02 09:36:00.986468+00:00
29264,upper class,2025-03-02 00:57:22.087248+00:00,2025-03-02 09:36:00.986468+00:00
29264,quarantine,2025-03-02 00:57:22.087248+00:00,2025-03-02 09:36:00.986468+00:00
29264,dinner party,2025-03-02 00:57:22.087248+00:00,2025-03-02 09:36:00.986468+00:00
29264,lamb,2025-03-02 00:57:22.087248+00:00,2025-03-02 09:36:00.986468+00:00
29264,room,2025-03-02 00:57:22.087248+00:00,2025-03-02 09:36:00.986468+00:00
30018,mother son relationship,2025-03-02 00:57:22.087248+00:00,2025-03-02 09:36:00.986468+00:00
30018,mental retardation,2025-03-02 00:57:22.087248+00:00,2025-03-02 09:36:00.986468+00:00
30018,human mystery,2025-03-02 00:57:22.087248+00:00,2025-03-02 09:36:00.986468+00:00
30018,murder,2025-03-02 00:57:22.087248+00:00,2025-03-02 09:36:00.986468+00:00
30018,needle,2025-03-02 00:57:22.087248+00:00,2025-03-02 09:36:00.986468+00:00
30018,small town,2025-03-02 00:57:22.087248+00:00,2025-03-02 09:36:00.986468+00:00
30018,golf,2025-03-02 00:57:22.087248+00:00,2025-03-02 09:36:00.986468+00:00
30018,disability,2025-03-02 00:57:22.087248+00:00,2025-03-02 09:36:00.986468+00:00
30018,cell phone,2025-03-02 00:57:22.087248+00:00,2025-03-02 09:36:00.986468+00:00
30018,misunderstanding,2025-03-02 00:57:22.087248+00:00,2025-03-02 09:36:00.986468+00:00
30018,acupuncture,2025-03-02 00:57:22.087248+00:00,2025-03-02 09:36:00.986468+00:00
30018,rice,2025-03-02 00:57:22.087248+00:00,2025-03-02 09:36:00.986468+00:00
30018,drunk,2025-03-02 00:57:22.087248+00:00,2025-03-02 09:36:00.986468+00:00
30018,teenage girl,2025-03-02 00:57:22.087248+00:00,2025-03-02 09:36:00.986468+00:00
30018,drunkenness,2025-03-02 00:57:22.087248+00:00,2025-03-02 09:36:00.986468+00:00
30018,mother,2025-03-02 00:57:22.087248+00:00,2025-03-02 09:36:00.986468+00:00
30020,koran,2025-03-02 00:57:22.087248+00:00,2025-03-02 09:36:00.986468+00:00
30020,grave digging,2025-03-02 00:57:22.087248+00:00,2025-03-02 09:36:00.986468+00:00
30020,religious conversation,2025-03-02 00:57:22.087248+00:00,2025-03-02 09:36:00.986468+00:00
30020,nihilism,2025-03-02 00:57:22.087248+00:00,2025-03-02 09:36:00.986468+00:00
30020,suicide,2025-03-02 00:57:22.087248+00:00,2025-03-02 09:36:00.986468+00:00
30020,self-harm,2025-03-02 00:57:22.087248+00:00,2025-03-02 09:36:00.986468+00:00
30020,desperation,2025-03-02 00:57:22.087248+00:00,2025-03-02 09:36:00.986468+00:00
30020,muslim,2025-03-02 00:57:22.087248+00:00,2025-03-02 09:36:00.986468+00:00
30020,ideologies,2025-03-02 00:57:22.087248+00:00,2025-03-02 09:36:00.986468+00:00
30020,contemplating suicide,2025-03-02 00:57:22.087248+00:00,2025-03-02 09:36:00.986468+00:00
30020,iranian cinema,2025-03-02 00:57:22.087248+00:00,2025-03-02 09:36:00.986468+00:00
30020,"teheran (tehran), iran",2025-03-02 00:57:22.087248+00:00,2025-03-02 09:36:00.986468+00:00
30020,commit suicide,2025-03-02 00:57:22.087248+00:00,2025-03-02 09:36:00.986468+00:00
30020,talking,2025-03-02 00:57:22.087248+00:00,2025-03-02 09:36:00.986468+00:00
30020,hopelessness,2025-03-02 00:57:22.087248+00:00,2025-03-02 09:36:00.986468+00:00
30020,suicidal thoughts,2025-03-02 00:57:22.087248+00:00,2025-03-02 09:36:00.986468+00:00
30020,construction site,2025-03-02 00:57:22.087248+00:00,2025-03-02 09:36:00.986468+00:00
30020,driving,2025-03-02 00:57:22.087248+00:00,2025-03-02 09:36:00.986468+00:00
30020,life challenges,2025-03-02 00:57:22.087248+00:00,2025-03-02 09:36:00.986468+00:00
30020,depressed man,2025-03-02 00:57:22.087248+00:00,2025-03-02 09:36:00.986468+00:00
30020,life and death,2025-03-02 00:57:22.087248+00:00,2025-03-02 09:36:00.986468+00:00
31512,musical,2025-03-02 00:57:22.087248+00:00,2025-03-02 09:36:00.986468+00:00
33431,surrealism,2025-03-02 00:57:22.087248+00:00,2025-03-02 09:36:00.986468+00:00
33431,dysfunctional marriage,2025-03-02 00:57:22.087248+00:00,2025-03-02 09:36:00.986468+00:00
33431,blackmail,2025-03-02 00:57:22.087248+00:00,2025-03-02 09:36:00.986468+00:00
33431,rain,2025-03-02 00:57:22.087248+00:00,2025-03-02 09:36:00.986468+00:00
33431,photograph,2025-03-02 00:57:22.087248+00:00,2025-03-02 09:36:00.986468+00:00
37335,gay theme,2025-03-02 00:57:22.087248+00:00,2025-03-02 09:36:00.986468+00:00
37335,musical,2025-03-02 00:57:22.087248+00:00,2025-03-02 09:36:00.986468+00:00
37585,philosophy,2025-03-02 00:57:22.087248+00:00,2025-03-02 09:36:00.986468+00:00
37585,japan,2025-03-02 00:57:22.087248+00:00,2025-03-02 09:36:00.986468+00:00
37585,literature,2025-03-02 00:57:22.087248+00:00,2025-03-02 09:36:00.986468+00:00
37585,buddhism,2025-03-02 00:57:22.087248+00:00,2025-03-02 09:36:00.986468+00:00
37585,another dimension,2025-03-02 00:57:22.087248+00:00,2025-03-02 09:36:00.986468+00:00
37585,surrealism,2025-03-02 00:57:22.087248+00:00,2025-03-02 09:36:00.986468+00:00
37585,anthropomorphism,2025-03-02 00:57:22.087248+00:00,2025-03-02 09:36:00.986468+00:00
37585,based on novel or book,2025-03-02 00:57:22.087248+00:00,2025-03-02 09:36:00.986468+00:00
37585,innocence,2025-03-02 00:57:22.087248+00:00,2025-03-02 09:36:00.986468+00:00
37585,cat,2025-03-02 00:57:22.087248+00:00,2025-03-02 09:36:00.986468+00:00
37585,friendship,2025-03-02 00:57:22.087248+00:00,2025-03-02 09:36:00.986468+00:00
37585,melancholy,2025-03-02 00:57:22.087248+00:00,2025-03-02 09:36:00.986468+00:00
37797,japanese junior high schooler,2025-03-02 00:57:22.087248+00:00,2025-03-02 09:36:00.986468+00:00
37797,based on manga,2025-03-02 00:57:22.087248+00:00,2025-03-02 09:36:00.986468+00:00
37797,anime,2025-03-02 00:57:22.087248+00:00,2025-03-02 09:36:00.986468+00:00
37797,whimsical,2025-03-02 00:57:22.087248+00:00,2025-03-02 09:36:00.986468+00:00
37797,cartoon cat,2025-03-02 00:57:22.087248+00:00,2025-03-02 09:36:00.986468+00:00
37797,inspirational,2025-03-02 00:57:22.087248+00:00,2025-03-02 09:36:00.986468+00:00
37797,grade,2025-03-02 00:57:22.087248+00:00,2025-03-02 09:36:00.986468+00:00
37797,shoujo,2025-03-02 00:57:22.087248+00:00,2025-03-02 09:36:00.986468+00:00
37797,violin,2025-03-02 00:57:22.087248+00:00,2025-03-02 09:36:00.986468+00:00
37797,library,2025-03-02 00:57:22.087248+00:00,2025-03-02 09:36:00.986468+00:00
37797,reflective,2025-03-02 00:57:22.087248+00:00,2025-03-02 09:36:00.986468+00:00
37797,italy,2025-03-02 00:57:22.087248+00:00,2025-03-02 09:36:00.986468+00:00
37797,train,2025-03-02 00:57:22.087248+00:00,2025-03-02 09:36:00.986468+00:00
37797,love,2025-03-02 00:57:22.087248+00:00,2025-03-02 09:36:00.986468+00:00
37797,high school student,2025-03-02 00:57:22.087248+00:00,2025-03-02 09:36:00.986468+00:00
37797,violin maker,2025-03-02 00:57:22.087248+00:00,2025-03-02 09:36:00.986468+00:00
37797,writing,2025-03-02 00:57:22.087248+00:00,2025-03-02 09:36:00.986468+00:00
37797,nostalgic,2025-03-02 00:57:22.087248+00:00,2025-03-02 09:36:00.986468+00:00
37797,education,2025-03-02 00:57:22.087248+00:00,2025-03-02 09:36:00.986468+00:00
37797,dreams,2025-03-02 00:57:22.087248+00:00,2025-03-02 09:36:00.986468+00:00
37910,star crossed lovers,2025-03-02 00:57:22.087248+00:00,2025-03-02 09:36:00.986468+00:00
37910,love,2025-03-02 00:57:22.087248+00:00,2025-03-02 09:36:00.986468+00:00
37910,short film,2025-03-02 00:57:22.087248+00:00,2025-03-02 09:36:00.986468+00:00
37910,future,2025-03-02 00:57:22.087248+00:00,2025-03-02 09:36:00.986468+00:00
37910,mecha,2025-03-02 00:57:22.087248+00:00,2025-03-02 09:36:00.986468+00:00
37910,true love,2025-03-02 00:57:22.087248+00:00,2025-03-02 09:36:00.986468+00:00
37910,anime,2025-03-02 00:57:22.087248+00:00,2025-03-02 09:36:00.986468+00:00
37910,tragedy,2025-03-02 00:57:22.087248+00:00,2025-03-02 09:36:00.986468+00:00
37910,text message,2025-03-02 00:57:22.087248+00:00,2025-03-02 09:36:00.986468+00:00
38142,rocket launch site,2025-03-02 00:57:22.087248+00:00,2025-03-02 09:36:00.986468+00:00
38142,motorcycle,2025-03-02 00:57:22.087248+00:00,2025-03-02 09:36:00.986468+00:00
38142,coming of age,2025-03-02 00:57:22.087248+00:00,2025-03-02 09:36:00.986468+00:00
38142,separation,2025-03-02 00:57:22.087248+00:00,2025-03-02 09:36:00.986468+00:00
38142,childhood friends,2025-03-02 00:57:22.087248+00:00,2025-03-02 09:36:00.986468+00:00
38142,anime,2025-03-02 00:57:22.087248+00:00,2025-03-02 09:36:00.986468+00:00
38142,slice of life,2025-03-02 00:57:22.087248+00:00,2025-03-02 09:36:00.986468+00:00
38142,growing apart,2025-03-02 00:57:22.087248+00:00,2025-03-02 09:36:00.986468+00:00
38142,surf,2025-03-02 00:57:22.087248+00:00,2025-03-02 09:36:00.986468+00:00
38142,train,2025-03-02 00:57:22.087248+00:00,2025-03-02 09:36:00.986468+00:00
38368,lgbt,2025-03-02 00:57:22.087248+00:00,2025-03-02 09:36:00.986468+00:00
38368,bed,2025-03-02 00:57:22.087248+00:00,2025-03-02 09:36:00.986468+00:00
38368,buddhism,2025-03-02 00:57:22.087248+00:00,2025-03-02 09:36:00.986468+00:00
38368,thai,2025-03-02 00:57:22.087248+00:00,2025-03-02 09:36:00.986468+00:00
38368,fish,2025-03-02 00:57:22.087248+00:00,2025-03-02 09:36:00.986468+00:00
38368,dying man,2025-03-02 00:57:22.087248+00:00,2025-03-02 09:36:00.986468+00:00
38368,food,2025-03-02 00:57:22.087248+00:00,2025-03-02 09:36:00.986468+00:00
38368,animism,2025-03-02 00:57:22.087248+00:00,2025-03-02 09:36:00.986468+00:00
38368,reincarnation,2025-03-02 00:57:22.087248+00:00,2025-03-02 09:36:00.986468+00:00
38405,based on comic,2025-03-02 00:57:22.087248+00:00,2025-03-02 09:36:00.986468+00:00
38405,crown,2025-03-02 00:57:22.087248+00:00,2025-03-02 09:36:00.986468+00:00
38405,school,2025-03-02 00:57:22.087248+00:00,2025-03-02 09:36:00.986468+00:00
38405,hell,2025-03-02 00:57:22.087248+00:00,2025-03-02 09:36:00.986468+00:00
38405,summer,2025-03-02 00:57:22.087248+00:00,2025-03-02 09:36:00.986468+00:00
38405,goblin,2025-03-02 00:57:22.087248+00:00,2025-03-02 09:36:00.986468+00:00
40167,choir,2025-03-02 00:57:22.087248+00:00,2025-03-02 09:36:00.986468+00:00
40167,women's prison,2025-03-02 00:57:22.087248+00:00,2025-03-02 09:36:00.986468+00:00
40167,prison,2025-03-02 00:57:22.087248+00:00,2025-03-02 09:36:00.986468+00:00
40167,tearjerker,2025-03-02 00:57:22.087248+00:00,2025-03-02 09:36:00.986468+00:00
40167,friendship,2025-03-02 00:57:22.087248+00:00,2025-03-02 09:36:00.986468+00:00
40167,singing,2025-03-02 00:57:22.087248+00:00,2025-03-02 09:36:00.986468+00:00
40167,mother daughter relationship,2025-03-02 00:57:22.087248+00:00,2025-03-02 09:36:00.986468+00:00
40650,france,2025-03-02 00:57:22.087248+00:00,2025-03-02 09:36:00.986468+00:00
40650,world war ii,2025-03-02 00:57:22.087248+00:00,2025-03-02 09:36:00.986468+00:00
40650,occupied france (1940-44),2025-03-02 00:57:22.087248+00:00,2025-03-02 09:36:00.986468+00:00
40650,nazi,2025-03-02 00:57:22.087248+00:00,2025-03-02 09:36:00.986468+00:00
40650,nazi occupation,2025-03-02 00:57:22.087248+00:00,2025-03-02 09:36:00.986468+00:00
41245,interrogation,2025-03-02 00:57:22.087248+00:00,2025-03-02 09:36:00.986468+00:00
41245,democratization movement,2025-03-02 00:57:22.087248+00:00,2025-03-02 09:36:00.986468+00:00
41245,gwangju uprising,2025-03-02 00:57:22.087248+00:00,2025-03-02 09:36:00.986468+00:00
41245,martial law,2025-03-02 00:57:22.087248+00:00,2025-03-02 09:36:00.986468+00:00
41245,student protest,2025-03-02 00:57:22.087248+00:00,2025-03-02 09:36:00.986468+00:00
41245,friends,2025-03-02 00:57:22.087248+00:00,2025-03-02 09:36:00.986468+00:00
41245,suicide,2025-03-02 00:57:22.087248+00:00,2025-03-02 09:36:00.986468+00:00
41245,reunion,2025-03-02 00:57:22.087248+00:00,2025-03-02 09:36:00.986468+00:00
42011,satire,2025-03-02 00:57:22.087248+00:00,2025-03-02 09:36:00.986468+00:00
42011,taxes,2025-03-02 00:57:22.087248+00:00,2025-03-02 09:36:00.986468+00:00
42011,investigator,2025-03-02 00:57:22.087248+00:00,2025-03-02 09:36:00.986468+00:00
42011,unpaid taxes,2025-03-02 00:57:22.087248+00:00,2025-03-02 09:36:00.986468+00:00
42011,cat and mouse,2025-03-02 00:57:22.087248+00:00,2025-03-02 09:36:00.986468+00:00
42011,social satire,2025-03-02 00:57:22.087248+00:00,2025-03-02 09:36:00.986468+00:00
42035,joseph mccarthy,2025-03-02 00:57:22.087248+00:00,2025-03-02 09:36:00.986468+00:00
42035,new york city,2025-03-02 00:57:22.087248+00:00,2025-03-02 09:36:00.986468+00:00
42035,mccarthy era,2025-03-02 00:57:22.087248+00:00,2025-03-02 09:36:00.986468+00:00
42035,albert einstein,2025-03-02 00:57:22.087248+00:00,2025-03-02 09:36:00.986468+00:00
42035,what if,2025-03-02 00:57:22.087248+00:00,2025-03-02 09:36:00.986468+00:00
42035,joe dimaggio,2025-03-02 00:57:22.087248+00:00,2025-03-02 09:36:00.986468+00:00
42035,relativity,2025-03-02 00:57:22.087248+00:00,2025-03-02 09:36:00.986468+00:00
42035,1950s,2025-03-02 00:57:22.087248+00:00,2025-03-02 09:36:00.986468+00:00
42035,hotel room,2025-03-02 00:57:22.087248+00:00,2025-03-02 09:36:00.986468+00:00
42095,ritual,2025-03-02 00:57:22.087248+00:00,2025-03-02 09:36:00.986468+00:00
42095,funeral,2025-03-02 00:57:22.087248+00:00,2025-03-02 09:36:00.986468+00:00
42190,love letter,2025-03-02 00:57:22.087248+00:00,2025-03-02 09:36:00.986468+00:00
42190,love,2025-03-02 00:57:22.087248+00:00,2025-03-02 09:36:00.986468+00:00
42190,love at first sight,2025-03-02 00:57:22.087248+00:00,2025-03-02 09:36:00.986468+00:00
42341,mathematician,2025-03-02 00:57:22.087248+00:00,2025-03-02 09:36:00.986468+00:00
42341,inverted mystery,2025-03-02 00:57:22.087248+00:00,2025-03-02 09:36:00.986468+00:00
42341,mystery,2025-03-02 00:57:22.087248+00:00,2025-03-02 09:36:00.986468+00:00
42341,ecentric genius,2025-03-02 00:57:22.087248+00:00,2025-03-02 09:36:00.986468+00:00
42341,murder,2025-03-02 00:57:22.087248+00:00,2025-03-02 09:36:00.986468+00:00
42341,physicist,2025-03-02 00:57:22.087248+00:00,2025-03-02 09:36:00.986468+00:00
42341,based on novel or book,2025-03-02 00:57:22.087248+00:00,2025-03-02 09:36:00.986468+00:00
42341,genius,2025-03-02 00:57:22.087248+00:00,2025-03-02 09:36:00.986468+00:00
42341,japan,2025-03-02 00:57:22.087248+00:00,2025-03-02 09:36:00.986468+00:00
42341,murder case,2025-03-02 00:57:22.087248+00:00,2025-03-02 09:36:00.986468+00:00
42341,teacher,2025-03-02 00:57:22.087248+00:00,2025-03-02 09:36:00.986468+00:00
42726,1960s,2025-03-02 00:57:22.087248+00:00,2025-03-02 09:36:00.986468+00:00
42726,boarding school,2025-03-02 00:57:22.087248+00:00,2025-03-02 09:36:00.986468+00:00
42726,romance,2025-03-02 00:57:22.087248+00:00,2025-03-02 09:36:00.986468+00:00
42726,race car driver,2025-03-02 00:57:22.087248+00:00,2025-03-02 09:36:00.986468+00:00
42726,widower,2025-03-02 00:57:22.087248+00:00,2025-03-02 09:36:00.986468+00:00
42726,france,2025-03-02 00:57:22.087248+00:00,2025-03-02 09:36:00.986468+00:00
42726,monte carlo rally,2025-03-02 00:57:22.087248+00:00,2025-03-02 09:36:00.986468+00:00
42726,widow,2025-03-02 00:57:22.087248+00:00,2025-03-02 09:36:00.986468+00:00
42726,flashback,2025-03-02 00:57:22.087248+00:00,2025-03-02 09:36:00.986468+00:00
42726,love,2025-03-02 00:57:22.087248+00:00,2025-03-02 09:36:00.986468+00:00
42726,inner thoughts,2025-03-02 00:57:22.087248+00:00,2025-03-02 09:36:00.986468+00:00
42726,falling in love,2025-03-02 00:57:22.087248+00:00,2025-03-02 09:36:00.986468+00:00
43423,engineering,2025-03-02 00:57:22.087248+00:00,2025-03-02 09:36:00.986468+00:00
43423,small town,2025-03-02 00:57:22.087248+00:00,2025-03-02 09:36:00.986468+00:00
43423,fish out of water,2025-03-02 00:57:22.087248+00:00,2025-03-02 09:36:00.986468+00:00
43423,rural area,2025-03-02 00:57:22.087248+00:00,2025-03-02 09:36:00.986468+00:00
43423,iran,2025-03-02 00:57:22.087248+00:00,2025-03-02 09:36:00.986468+00:00
45043,age difference,2025-03-02 00:57:22.087248+00:00,2025-03-02 09:36:00.986468+00:00
45043,erotic movie,2025-03-02 00:57:22.087248+00:00,2025-03-02 09:36:00.986468+00:00
45935,19th century,2025-03-02 00:57:22.087248+00:00,2025-03-02 09:36:00.986468+00:00
45935,courtesan,2025-03-02 00:57:22.087248+00:00,2025-03-02 09:36:00.986468+00:00
45935,"shanghai, china",2025-03-02 00:57:22.087248+00:00,2025-03-02 09:36:00.986468+00:00
45935,brothel,2025-03-02 00:57:22.087248+00:00,2025-03-02 09:36:00.986468+00:00
45996,mining town,2025-03-02 00:57:22.087248+00:00,2025-03-02 09:36:00.986468+00:00
46738,interpreter,2025-03-02 00:57:22.087248+00:00,2025-03-02 09:36:00.986468+00:00
46738,checkpoint,2025-03-02 00:57:22.087248+00:00,2025-03-02 09:36:00.986468+00:00
46738,militia,2025-03-02 00:57:22.087248+00:00,2025-03-02 09:36:00.986468+00:00
46738,rape,2025-03-02 00:57:22.087248+00:00,2025-03-02 09:36:00.986468+00:00
46738,orphanage,2025-03-02 00:57:22.087248+00:00,2025-03-02 09:36:00.986468+00:00
46738,swimming pool,2025-03-02 00:57:22.087248+00:00,2025-03-02 09:36:00.986468+00:00
46738,muslim,2025-03-02 00:57:22.087248+00:00,2025-03-02 09:36:00.986468+00:00
46738,son,2025-03-02 00:57:22.087248+00:00,2025-03-02 09:36:00.986468+00:00
46738,twins,2025-03-02 00:57:22.087248+00:00,2025-03-02 09:36:00.986468+00:00
46738,massacre,2025-03-02 00:57:22.087248+00:00,2025-03-02 09:36:00.986468+00:00
46738,middle east,2025-03-02 00:57:22.087248+00:00,2025-03-02 09:36:00.986468+00:00
46738,will,2025-03-02 00:57:22.087248+00:00,2025-03-02 09:36:00.986468+00:00
46738,political assassination,2025-03-02 00:57:22.087248+00:00,2025-03-02 09:36:00.986468+00:00
46738,prison,2025-03-02 00:57:22.087248+00:00,2025-03-02 09:36:00.986468+00:00
46992,sister sister relationship,2025-03-02 00:57:22.087248+00:00,2025-03-02 09:36:00.986468+00:00
46992,musician,2025-03-02 00:57:22.087248+00:00,2025-03-02 09:36:00.986468+00:00
46992,flautist,2025-03-02 00:57:22.087248+00:00,2025-03-02 09:36:00.986468+00:00
46992,cellist,2025-03-02 00:57:22.087248+00:00,2025-03-02 09:36:00.986468+00:00
46992,multiple sclerosis,2025-03-02 00:57:22.087248+00:00,2025-03-02 09:36:00.986468+00:00
46992,flute,2025-03-02 00:57:22.087248+00:00,2025-03-02 09:36:00.986468+00:00
46992,sibling relationship,2025-03-02 00:57:22.087248+00:00,2025-03-02 09:36:00.986468+00:00
46992,career,2025-03-02 00:57:22.087248+00:00,2025-03-02 09:36:00.986468+00:00
46992,concert,2025-03-02 00:57:22.087248+00:00,2025-03-02 09:36:00.986468+00:00
46992,sibling rivalry,2025-03-02 00:57:22.087248+00:00,2025-03-02 09:36:00.986468+00:00
46992,"london, england",2025-03-02 00:57:22.087248+00:00,2025-03-02 09:36:00.986468+00:00
46992,cello,2025-03-02 00:57:22.087248+00:00,2025-03-02 09:36:00.986468+00:00
47002,love letter,2025-03-02 00:57:22.087248+00:00,2025-03-02 09:36:00.986468+00:00
47060,post-apocalyptic future,2025-03-02 00:57:22.087248+00:00,2025-03-02 09:36:00.986468+00:00
47060,musical,2025-03-02 00:57:22.087248+00:00,2025-03-02 09:36:00.986468+00:00
47792,exile,2025-03-02 00:57:22.087248+00:00,2025-03-02 09:36:00.986468+00:00
47792,homecoming,2025-03-02 00:57:22.087248+00:00,2025-03-02 09:36:00.986468+00:00
47795,gay theme,2025-03-02 00:57:22.087248+00:00,2025-03-02 09:36:00.986468+00:00
48231,patient,2025-03-02 00:57:22.087248+00:00,2025-03-02 09:36:00.986468+00:00
48231,spanking,2025-03-02 00:57:22.087248+00:00,2025-03-02 09:36:00.986468+00:00
48231,psychoanalysis,2025-03-02 00:57:22.087248+00:00,2025-03-02 09:36:00.986468+00:00
48231,infidelity,2025-03-02 00:57:22.087248+00:00,2025-03-02 09:36:00.986468+00:00
48231,based on novel or book,2025-03-02 00:57:22.087248+00:00,2025-03-02 09:36:00.986468+00:00
48231,based on true story,2025-03-02 00:57:22.087248+00:00,2025-03-02 09:36:00.986468+00:00
48231,carl jung,2025-03-02 00:57:22.087248+00:00,2025-03-02 09:36:00.986468+00:00
48231,cigar smoking,2025-03-02 00:57:22.087248+00:00,2025-03-02 09:36:00.986468+00:00
48231,sigmund freud,2025-03-02 00:57:22.087248+00:00,2025-03-02 09:36:00.986468+00:00
48231,biography,2025-03-02 00:57:22.087248+00:00,2025-03-02 09:36:00.986468+00:00
49964,iran,2025-03-02 00:57:22.087248+00:00,2025-03-02 09:36:00.986468+00:00
49964,family relationships,2025-03-02 00:57:22.087248+00:00,2025-03-02 09:36:00.986468+00:00
49964,village life,2025-03-02 00:57:22.087248+00:00,2025-03-02 09:36:00.986468+00:00
49964,schoolboy,2025-03-02 00:57:22.087248+00:00,2025-03-02 09:36:00.986468+00:00
51550,prosecutor,2025-03-02 00:57:22.087248+00:00,2025-03-02 09:36:00.986468+00:00
51550,"busan, south korea",2025-03-02 00:57:22.087248+00:00,2025-03-02 09:36:00.986468+00:00
54186,teacher,2025-03-02 00:57:22.087248+00:00,2025-03-02 09:36:00.986468+00:00
54186,child murder,2025-03-02 00:57:22.087248+00:00,2025-03-02 09:36:00.986468+00:00
54186,middle school,2025-03-02 00:57:22.087248+00:00,2025-03-02 09:36:00.986468+00:00
54186,grieving mother,2025-03-02 00:57:22.087248+00:00,2025-03-02 09:36:00.986468+00:00
54186,japan,2025-03-02 00:57:22.087248+00:00,2025-03-02 09:36:00.986468+00:00
54186,murder mystery,2025-03-02 00:57:22.087248+00:00,2025-03-02 09:36:00.986468+00:00
54201,love triangle,2025-03-02 00:57:22.087248+00:00,2025-03-02 09:36:00.986468+00:00
54201,restaurant,2025-03-02 00:57:22.087248+00:00,2025-03-02 09:36:00.986468+00:00
54201,french cuisine,2025-03-02 00:57:22.087248+00:00,2025-03-02 09:36:00.986468+00:00
56616,slow cinema,2025-03-02 00:57:22.087248+00:00,2025-03-02 09:36:00.986468+00:00
56616,mortality,2025-03-02 00:57:22.087248+00:00,2025-03-02 09:36:00.986468+00:00
56616,movie theater,2025-03-02 00:57:22.087248+00:00,2025-03-02 09:36:00.986468+00:00
56616,closing down,2025-03-02 00:57:22.087248+00:00,2025-03-02 09:36:00.986468+00:00
56616,taipei,2025-03-02 00:57:22.087248+00:00,2025-03-02 09:36:00.986468+00:00
56616,loneliness,2025-03-02 00:57:22.087248+00:00,2025-03-02 09:36:00.986468+00:00
56616,rain,2025-03-02 00:57:22.087248+00:00,2025-03-02 09:36:00.986468+00:00
56616,cinema on cinema,2025-03-02 00:57:22.087248+00:00,2025-03-02 09:36:00.986468+00:00
56616,art house,2025-03-02 00:57:22.087248+00:00,2025-03-02 09:36:00.986468+00:00
57118,california,2025-03-02 00:57:22.087248+00:00,2025-03-02 09:36:00.986468+00:00
57118,1960s,2025-03-02 00:57:22.087248+00:00,2025-03-02 09:36:00.986468+00:00
57118,teenage girl,2025-03-02 00:57:22.087248+00:00,2025-03-02 09:36:00.986468+00:00
57118,teenage boy,2025-03-02 00:57:22.087248+00:00,2025-03-02 09:36:00.986468+00:00
57118,middle school,2025-03-02 00:57:22.087248+00:00,2025-03-02 09:36:00.986468+00:00
57118,coming of age,2025-03-02 00:57:22.087248+00:00,2025-03-02 09:36:00.986468+00:00
59468,pilgrimage,2025-03-02 00:57:22.087248+00:00,2025-03-02 09:36:00.986468+00:00
59468,parent child relationship,2025-03-02 00:57:22.087248+00:00,2025-03-02 09:36:00.986468+00:00
59468,spain,2025-03-02 00:57:22.087248+00:00,2025-03-02 09:36:00.986468+00:00
59468,travel,2025-03-02 00:57:22.087248+00:00,2025-03-02 09:36:00.986468+00:00
59468,pèlerinage,2025-03-02 00:57:22.087248+00:00,2025-03-02 09:36:00.986468+00:00
59468,death of son,2025-03-02 00:57:22.087248+00:00,2025-03-02 09:36:00.986468+00:00
59468,camino de santiago,2025-03-02 00:57:22.087248+00:00,2025-03-02 09:36:00.986468+00:00
59468,pyrenees mountain ridge,2025-03-02 00:57:22.087248+00:00,2025-03-02 09:36:00.986468+00:00
59468,pilgrim,2025-03-02 00:57:22.087248+00:00,2025-03-02 09:36:00.986468+00:00
59468,saint-jacques-de-compostelle,2025-03-02 00:57:22.087248+00:00,2025-03-02 09:36:00.986468+00:00
59468,road trip,2025-03-02 00:57:22.087248+00:00,2025-03-02 09:36:00.986468+00:00
59468,france,2025-03-02 00:57:22.087248+00:00,2025-03-02 09:36:00.986468+00:00
64015,immigrant,2025-03-02 00:57:22.087248+00:00,2025-03-02 09:36:00.986468+00:00
64015,new york city,2025-03-02 00:57:22.087248+00:00,2025-03-02 09:36:00.986468+00:00
64015,immigration,2025-03-02 00:57:22.087248+00:00,2025-03-02 09:36:00.986468+00:00
64015,college student,2025-03-02 00:57:22.087248+00:00,2025-03-02 09:36:00.986468+00:00
64015,woman director,2025-03-02 00:57:22.087248+00:00,2025-03-02 09:36:00.986468+00:00
68004,biography,2025-03-02 00:57:22.087248+00:00,2025-03-02 09:36:00.986468+00:00
68004,1930s,2025-03-02 00:57:22.087248+00:00,2025-03-02 09:36:00.986468+00:00
68004,historical drama,2025-03-02 00:57:22.087248+00:00,2025-03-02 09:36:00.986468+00:00
68004,romantic drama,2025-03-02 00:57:22.087248+00:00,2025-03-02 09:36:00.986468+00:00
68606,extramarital affair,2025-03-02 00:57:22.087248+00:00,2025-03-02 09:36:00.986468+00:00
68837,japan,2025-03-02 00:57:22.087248+00:00,2025-03-02 09:36:00.986468+00:00
68837,japanese train,2025-03-02 00:57:22.087248+00:00,2025-03-02 09:36:00.986468+00:00
68837,winter,2025-03-02 00:57:22.087248+00:00,2025-03-02 09:36:00.986468+00:00
68837,railroad station,2025-03-02 00:57:22.087248+00:00,2025-03-02 09:36:00.986468+00:00
68883,brothel,2025-03-02 00:57:22.087248+00:00,2025-03-02 09:36:00.986468+00:00
68924,swinger,2025-03-02 00:57:22.087248+00:00,2025-03-02 09:36:00.986468+00:00
68924,party,2025-03-02 00:57:22.087248+00:00,2025-03-02 09:36:00.986468+00:00
68924,family relationships,2025-03-02 00:57:22.087248+00:00,2025-03-02 09:36:00.986468+00:00
68924,1970s,2025-03-02 00:57:22.087248+00:00,2025-03-02 09:36:00.986468+00:00
68924,based on novel or book,2025-03-02 00:57:22.087248+00:00,2025-03-02 09:36:00.986468+00:00
68924,neighbor,2025-03-02 00:57:22.087248+00:00,2025-03-02 09:36:00.986468+00:00
68924,infidelity,2025-03-02 00:57:22.087248+00:00,2025-03-02 09:36:00.986468+00:00
68924,thanksgiving,2025-03-02 00:57:22.087248+00:00,2025-03-02 09:36:00.986468+00:00
68924,polyamory,2025-03-02 00:57:22.087248+00:00,2025-03-02 09:36:00.986468+00:00
68924,dysfunctional family,2025-03-02 00:57:22.087248+00:00,2025-03-02 09:36:00.986468+00:00
68924,connecticut,2025-03-02 00:57:22.087248+00:00,2025-03-02 09:36:00.986468+00:00
68924,sexual awakening,2025-03-02 00:57:22.087248+00:00,2025-03-02 09:36:00.986468+00:00
70160,survival competition,2025-03-02 00:57:22.087248+00:00,2025-03-02 09:36:00.986468+00:00
70160,dystopia,2025-03-02 00:57:22.087248+00:00,2025-03-02 09:36:00.986468+00:00
70160,based on young adult novel,2025-03-02 00:57:22.087248+00:00,2025-03-02 09:36:00.986468+00:00
70160,archery,2025-03-02 00:57:22.087248+00:00,2025-03-02 09:36:00.986468+00:00
70160,based on novel or book,2025-03-02 00:57:22.087248+00:00,2025-03-02 09:36:00.986468+00:00
70160,female protagonist,2025-03-02 00:57:22.087248+00:00,2025-03-02 09:36:00.986468+00:00
70160,game,2025-03-02 00:57:22.087248+00:00,2025-03-02 09:36:00.986468+00:00
70160,bow and arrow,2025-03-02 00:57:22.087248+00:00,2025-03-02 09:36:00.986468+00:00
70160,revolution,2025-03-02 00:57:22.087248+00:00,2025-03-02 09:36:00.986468+00:00
70160,death match,2025-03-02 00:57:22.087248+00:00,2025-03-02 09:36:00.986468+00:00
70160,forced to kill,2025-03-02 00:57:22.087248+00:00,2025-03-02 09:36:00.986468+00:00
72445,vietnamese woman,2025-03-02 00:57:22.087248+00:00,2025-03-02 09:36:00.986468+00:00
72445,hong kong new wave,2025-03-02 00:57:22.087248+00:00,2025-03-02 09:36:00.986468+00:00
72445,land mine finders,2025-03-02 00:57:22.087248+00:00,2025-03-02 09:36:00.986468+00:00
72445,safe passage bribes,2025-03-02 00:57:22.087248+00:00,2025-03-02 09:36:00.986468+00:00
72445,vietnam,2025-03-02 00:57:22.087248+00:00,2025-03-02 09:36:00.986468+00:00
72445,woman director,2025-03-02 00:57:22.087248+00:00,2025-03-02 09:36:00.986468+00:00
72445,photojournalism,2025-03-02 00:57:22.087248+00:00,2025-03-02 09:36:00.986468+00:00
72445,photography,2025-03-02 00:57:22.087248+00:00,2025-03-02 09:36:00.986468+00:00
74107,in-laws,2025-03-02 00:57:22.087248+00:00,2025-03-02 09:36:00.986468+00:00
74107,military enlistment,2025-03-02 00:57:22.087248+00:00,2025-03-02 09:36:00.986468+00:00
74107,epidemic,2025-03-02 00:57:22.087248+00:00,2025-03-02 09:36:00.986468+00:00
74107,based on true story,2025-03-02 00:57:22.087248+00:00,2025-03-02 09:36:00.986468+00:00
74107,world war i,2025-03-02 00:57:22.087248+00:00,2025-03-02 09:36:00.986468+00:00
74107,married with a child,2025-03-02 00:57:22.087248+00:00,2025-03-02 09:36:00.986468+00:00
74107,small town,2025-03-02 00:57:22.087248+00:00,2025-03-02 09:36:00.986468+00:00
74107,semi-biographical,2025-03-02 00:57:22.087248+00:00,2025-03-02 09:36:00.986468+00:00
74107,texas,2025-03-02 00:57:22.087248+00:00,2025-03-02 09:36:00.986468+00:00
74107,adapted from a play,2025-03-02 00:57:22.087248+00:00,2025-03-02 09:36:00.986468+00:00
74107,influenza,2025-03-02 00:57:22.087248+00:00,2025-03-02 09:36:00.986468+00:00
75233,old friends,2025-03-02 00:57:22.087248+00:00,2025-03-02 09:36:00.986468+00:00
75233,"oslo, norway",2025-03-02 00:57:22.087248+00:00,2025-03-02 09:36:00.986468+00:00
75233,job interview,2025-03-02 00:57:22.087248+00:00,2025-03-02 09:36:00.986468+00:00
75233,recovering addict,2025-03-02 00:57:22.087248+00:00,2025-03-02 09:36:00.986468+00:00
75233,suicide thoughts,2025-03-02 00:57:22.087248+00:00,2025-03-02 09:36:00.986468+00:00
75233,based on novel or book,2025-03-02 00:57:22.087248+00:00,2025-03-02 09:36:00.986468+00:00
76025,new york city,2025-03-02 00:57:22.087248+00:00,2025-03-02 09:36:00.986468+00:00
76025,pornography,2025-03-02 00:57:22.087248+00:00,2025-03-02 09:36:00.986468+00:00
76025,sex addiction,2025-03-02 00:57:22.087248+00:00,2025-03-02 09:36:00.986468+00:00
76025,co-workers relationship,2025-03-02 00:57:22.087248+00:00,2025-03-02 09:36:00.986468+00:00
76025,brother sister relationship,2025-03-02 00:57:22.087248+00:00,2025-03-02 09:36:00.986468+00:00
76025,self-loathing,2025-03-02 00:57:22.087248+00:00,2025-03-02 09:36:00.986468+00:00
76025,internet porn,2025-03-02 00:57:22.087248+00:00,2025-03-02 09:36:00.986468+00:00
76600,war,2025-03-02 00:57:22.087248+00:00,2025-03-02 09:36:00.986468+00:00
76600,sequel,2025-03-02 00:57:22.087248+00:00,2025-03-02 09:36:00.986468+00:00
76600,family dynamics,2025-03-02 00:57:22.087248+00:00,2025-03-02 09:36:00.986468+00:00
76600,dying and death,2025-03-02 00:57:22.087248+00:00,2025-03-02 09:36:00.986468+00:00
76600,adopted son,2025-03-02 00:57:22.087248+00:00,2025-03-02 09:36:00.986468+00:00
76600,adopted child,2025-03-02 00:57:22.087248+00:00,2025-03-02 09:36:00.986468+00:00
76600,stronger villain,2025-03-02 00:57:22.087248+00:00,2025-03-02 09:36:00.986468+00:00
76600,resurrection,2025-03-02 00:57:22.087248+00:00,2025-03-02 09:36:00.986468+00:00
76600,alien planet,2025-03-02 00:57:22.087248+00:00,2025-03-02 09:36:00.986468+00:00
76600,alien life-form,2025-03-02 00:57:22.087248+00:00,2025-03-02 09:36:00.986468+00:00
76600,distant future,2025-03-02 00:57:22.087248+00:00,2025-03-02 09:36:00.986468+00:00
76600,rebirth,2025-03-02 00:57:22.087248+00:00,2025-03-02 09:36:00.986468+00:00
76600,dysfunctional family,2025-03-02 00:57:22.087248+00:00,2025-03-02 09:36:00.986468+00:00
76600,loss of loved one,2025-03-02 00:57:22.087248+00:00,2025-03-02 09:36:00.986468+00:00
76826,children in wartime,2025-03-02 00:57:22.087248+00:00,2025-03-02 09:36:00.986468+00:00
76826,fire bombing,2025-03-02 00:57:22.087248+00:00,2025-03-02 09:36:00.986468+00:00
76826,starvation,2025-03-02 00:57:22.087248+00:00,2025-03-02 09:36:00.986468+00:00
76826,world war ii,2025-03-02 00:57:22.087248+00:00,2025-03-02 09:36:00.986468+00:00
76826,single mother,2025-03-02 00:57:22.087248+00:00,2025-03-02 09:36:00.986468+00:00
77248,anime,2025-03-02 00:57:22.087248+00:00,2025-03-02 09:36:00.986468+00:00
77248,anthology,2025-03-02 00:57:22.087248+00:00,2025-03-02 09:36:00.986468+00:00
78450,taiwan,2025-03-02 00:57:22.087248+00:00,2025-03-02 09:36:00.986468+00:00
78450,photographer,2025-03-02 00:57:22.087248+00:00,2025-03-02 09:36:00.986468+00:00
78450,taipei,2025-03-02 00:57:22.087248+00:00,2025-03-02 09:36:00.986468+00:00
78450,multiple storylines,2025-03-02 00:57:22.087248+00:00,2025-03-02 09:36:00.986468+00:00
79707,rescue mission,2025-03-02 00:57:22.087248+00:00,2025-03-02 09:36:00.986468+00:00
79707,life and death,2025-03-02 00:57:22.087248+00:00,2025-03-02 09:36:00.986468+00:00
79707,spirit,2025-03-02 00:57:22.087248+00:00,2025-03-02 09:36:00.986468+00:00
79707,adult animation,2025-03-02 00:57:22.087248+00:00,2025-03-02 09:36:00.986468+00:00
79707,supernatural,2025-03-02 00:57:22.087248+00:00,2025-03-02 09:36:00.986468+00:00
79707,anime,2025-03-02 00:57:22.087248+00:00,2025-03-02 09:36:00.986468+00:00
79707,female protagonist,2025-03-02 00:57:22.087248+00:00,2025-03-02 09:36:00.986468+00:00
79707,adventure,2025-03-02 00:57:22.087248+00:00,2025-03-02 09:36:00.986468+00:00
81296,small business,2025-03-02 00:57:22.087248+00:00,2025-03-02 09:36:00.986468+00:00
81296,based on novel or book,2025-03-02 00:57:22.087248+00:00,2025-03-02 09:36:00.986468+00:00
81296,business competition,2025-03-02 00:57:22.087248+00:00,2025-03-02 09:36:00.986468+00:00
81296,supermarket,2025-03-02 00:57:22.087248+00:00,2025-03-02 09:36:00.986468+00:00
81296,satire,2025-03-02 00:57:22.087248+00:00,2025-03-02 09:36:00.986468+00:00
81296,grocery store,2025-03-02 00:57:22.087248+00:00,2025-03-02 09:36:00.986468+00:00
81296,social satire,2025-03-02 00:57:22.087248+00:00,2025-03-02 09:36:00.986468+00:00
81296,small business owner,2025-03-02 00:57:22.087248+00:00,2025-03-02 09:36:00.986468+00:00
81296,childhood friends,2025-03-02 00:57:22.087248+00:00,2025-03-02 09:36:00.986468+00:00
81296,feel good,2025-03-02 00:57:22.087248+00:00,2025-03-02 09:36:00.986468+00:00
83183,banking executives,2025-03-02 00:57:22.087248+00:00,2025-03-02 09:36:00.986468+00:00
83183,banking,2025-03-02 00:57:22.087248+00:00,2025-03-02 09:36:00.986468+00:00
83183,geisha,2025-03-02 00:57:22.087248+00:00,2025-03-02 09:36:00.986468+00:00
83183,luck,2025-03-02 00:57:22.087248+00:00,2025-03-02 09:36:00.986468+00:00
83183,japanese politics,2025-03-02 00:57:22.087248+00:00,2025-03-02 09:36:00.986468+00:00
83183,rich man,2025-03-02 00:57:22.087248+00:00,2025-03-02 09:36:00.986468+00:00
83183,political corruption,2025-03-02 00:57:22.087248+00:00,2025-03-02 09:36:00.986468+00:00
83183,romantic entanglements,2025-03-02 00:57:22.087248+00:00,2025-03-02 09:36:00.986468+00:00
83183,politics,2025-03-02 00:57:22.087248+00:00,2025-03-02 09:36:00.986468+00:00
83205,hospitalization,2025-03-02 00:57:22.087248+00:00,2025-03-02 09:36:00.986468+00:00
83205,film director,2025-03-02 00:57:22.087248+00:00,2025-03-02 09:36:00.986468+00:00
83205,terminal cancer,2025-03-02 00:57:22.087248+00:00,2025-03-02 09:36:00.986468+00:00
83205,social practices,2025-03-02 00:57:22.087248+00:00,2025-03-02 09:36:00.986468+00:00
83205,hospital,2025-03-02 00:57:22.087248+00:00,2025-03-02 09:36:00.986468+00:00
83205,film directing,2025-03-02 00:57:22.087248+00:00,2025-03-02 09:36:00.986468+00:00
83205,national customs,2025-03-02 00:57:22.087248+00:00,2025-03-02 09:36:00.986468+00:00
83205,family dynamics,2025-03-02 00:57:22.087248+00:00,2025-03-02 09:36:00.986468+00:00
83205,cancer,2025-03-02 00:57:22.087248+00:00,2025-03-02 09:36:00.986468+00:00
83761,disaster,2025-03-02 00:57:22.087248+00:00,2025-03-02 09:36:00.986468+00:00
83761,docudrama,2025-03-02 00:57:22.087248+00:00,2025-03-02 09:36:00.986468+00:00
83761,earthquake,2025-03-02 00:57:22.087248+00:00,2025-03-02 09:36:00.986468+00:00
83761,iran,2025-03-02 00:57:22.087248+00:00,2025-03-02 09:36:00.986468+00:00
84892,appreciative,2025-03-02 00:57:22.087248+00:00,2025-03-02 09:36:00.986468+00:00
84892,reminiscent,2025-03-02 00:57:22.087248+00:00,2025-03-02 09:36:00.986468+00:00
84892,"pittsburgh, pennsylvania",2025-03-02 00:57:22.087248+00:00,2025-03-02 09:36:00.986468+00:00
84892,school,2025-03-02 00:57:22.087248+00:00,2025-03-02 09:36:00.986468+00:00
84892,aunt nephew relationship,2025-03-02 00:57:22.087248+00:00,2025-03-02 09:36:00.986468+00:00
84892,school friend,2025-03-02 00:57:22.087248+00:00,2025-03-02 09:36:00.986468+00:00
84892,admiring,2025-03-02 00:57:22.087248+00:00,2025-03-02 09:36:00.986468+00:00
84892,depression,2025-03-02 00:57:22.087248+00:00,2025-03-02 09:36:00.986468+00:00
84892,amused,2025-03-02 00:57:22.087248+00:00,2025-03-02 09:36:00.986468+00:00
84892,based on young adult novel,2025-03-02 00:57:22.087248+00:00,2025-03-02 09:36:00.986468+00:00
84892,teenage boy,2025-03-02 00:57:22.087248+00:00,2025-03-02 09:36:00.986468+00:00
84892,candid,2025-03-02 00:57:22.087248+00:00,2025-03-02 09:36:00.986468+00:00
84892,1990s,2025-03-02 00:57:22.087248+00:00,2025-03-02 09:36:00.986468+00:00
84892,gay theme,2025-03-02 00:57:22.087248+00:00,2025-03-02 09:36:00.986468+00:00
84892,coming of age,2025-03-02 00:57:22.087248+00:00,2025-03-02 09:36:00.986468+00:00
84892,teenager,2025-03-02 00:57:22.087248+00:00,2025-03-02 09:36:00.986468+00:00
84892,lgbt,2025-03-02 00:57:22.087248+00:00,2025-03-02 09:36:00.986468+00:00
84892,boys' love (bl),2025-03-02 00:57:22.087248+00:00,2025-03-02 09:36:00.986468+00:00
84892,romantic,2025-03-02 00:57:22.087248+00:00,2025-03-02 09:36:00.986468+00:00
84892,thoughtful,2025-03-02 00:57:22.087248+00:00,2025-03-02 09:36:00.986468+00:00
84892,high school,2025-03-02 00:57:22.087248+00:00,2025-03-02 09:36:00.986468+00:00
84892,lgbt teen,2025-03-02 00:57:22.087248+00:00,2025-03-02 09:36:00.986468+00:00
84892,high school student,2025-03-02 00:57:22.087248+00:00,2025-03-02 09:36:00.986468+00:00
84892,based on novel or book,2025-03-02 00:57:22.087248+00:00,2025-03-02 09:36:00.986468+00:00
84892,friendship,2025-03-02 00:57:22.087248+00:00,2025-03-02 09:36:00.986468+00:00
84892,freshman,2025-03-02 00:57:22.087248+00:00,2025-03-02 09:36:00.986468+00:00
84892,first love,2025-03-02 00:57:22.087248+00:00,2025-03-02 09:36:00.986468+00:00
84892,serious,2025-03-02 00:57:22.087248+00:00,2025-03-02 09:36:00.986468+00:00
84892,mental health,2025-03-02 00:57:22.087248+00:00,2025-03-02 09:36:00.986468+00:00
84892,trauma,2025-03-02 00:57:22.087248+00:00,2025-03-02 09:36:00.986468+00:00
85032,single mother,2025-03-02 00:57:22.087248+00:00,2025-03-02 09:36:00.986468+00:00
85032,mental illness,2025-03-02 00:57:22.087248+00:00,2025-03-02 09:36:00.986468+00:00
85032,psychological drama,2025-03-02 00:57:22.087248+00:00,2025-03-02 09:36:00.986468+00:00
85033,multiple story line,2025-03-02 00:57:22.087248+00:00,2025-03-02 09:36:00.986468+00:00
85033,down syndrome,2025-03-02 00:57:22.087248+00:00,2025-03-02 09:36:00.986468+00:00
85033,couple,2025-03-02 00:57:22.087248+00:00,2025-03-02 09:36:00.986468+00:00
85033,"montreal, canada",2025-03-02 00:57:22.087248+00:00,2025-03-02 09:36:00.986468+00:00
85033,divorced father,2025-03-02 00:57:22.087248+00:00,2025-03-02 09:36:00.986468+00:00
85033,divorced mother,2025-03-02 00:57:22.087248+00:00,2025-03-02 09:36:00.986468+00:00
85033,divorced man,2025-03-02 00:57:22.087248+00:00,2025-03-02 09:36:00.986468+00:00
85033,nonlinear timeline,2025-03-02 00:57:22.087248+00:00,2025-03-02 09:36:00.986468+00:00
85033,divorced parents,2025-03-02 00:57:22.087248+00:00,2025-03-02 09:36:00.986468+00:00
85033,divorced,2025-03-02 00:57:22.087248+00:00,2025-03-02 09:36:00.986468+00:00
85927,somber,2025-03-02 00:57:22.087248+00:00,2025-03-02 09:36:00.986468+00:00
85927,woman director,2025-03-02 00:57:22.087248+00:00,2025-03-02 09:36:00.986468+00:00
86829,melancholy,2025-03-02 00:57:22.087248+00:00,2025-03-02 09:36:00.986468+00:00
86829,cafe,2025-03-02 00:57:22.087248+00:00,2025-03-02 09:36:00.986468+00:00
86829,grief,2025-03-02 00:57:22.087248+00:00,2025-03-02 09:36:00.986468+00:00
86829,struggling musician,2025-03-02 00:57:22.087248+00:00,2025-03-02 09:36:00.986468+00:00
86829,cat,2025-03-02 00:57:22.087248+00:00,2025-03-02 09:36:00.986468+00:00
86829,1960s,2025-03-02 00:57:22.087248+00:00,2025-03-02 09:36:00.986468+00:00
86829,aspiring singer,2025-03-02 00:57:22.087248+00:00,2025-03-02 09:36:00.986468+00:00
86829,folk music,2025-03-02 00:57:22.087248+00:00,2025-03-02 09:36:00.986468+00:00
86829,death of friend,2025-03-02 00:57:22.087248+00:00,2025-03-02 09:36:00.986468+00:00
86829,overdose,2025-03-02 00:57:22.087248+00:00,2025-03-02 09:36:00.986468+00:00
86829,self expression,2025-03-02 00:57:22.087248+00:00,2025-03-02 09:36:00.986468+00:00
86829,subway,2025-03-02 00:57:22.087248+00:00,2025-03-02 09:36:00.986468+00:00
86829,hitchhiker,2025-03-02 00:57:22.087248+00:00,2025-03-02 09:36:00.986468+00:00
86829,winter,2025-03-02 00:57:22.087248+00:00,2025-03-02 09:36:00.986468+00:00
86829,couchsurfing,2025-03-02 00:57:22.087248+00:00,2025-03-02 09:36:00.986468+00:00
86829,guitar,2025-03-02 00:57:22.087248+00:00,2025-03-02 09:36:00.986468+00:00
86829,new york city,2025-03-02 00:57:22.087248+00:00,2025-03-02 09:36:00.986468+00:00
86829,dark comedy,2025-03-02 00:57:22.087248+00:00,2025-03-02 09:36:00.986468+00:00
86829,pregnancy,2025-03-02 00:57:22.087248+00:00,2025-03-02 09:36:00.986468+00:00
86829,greenwich village,2025-03-02 00:57:22.087248+00:00,2025-03-02 09:36:00.986468+00:00
86829,recording,2025-03-02 00:57:22.087248+00:00,2025-03-02 09:36:00.986468+00:00
86829,bleak,2025-03-02 00:57:22.087248+00:00,2025-03-02 09:36:00.986468+00:00
86829,merchant marine,2025-03-02 00:57:22.087248+00:00,2025-03-02 09:36:00.986468+00:00
86829,depression,2025-03-02 00:57:22.087248+00:00,2025-03-02 09:36:00.986468+00:00
87827,family loss,2025-03-02 00:57:22.087248+00:00,2025-03-02 09:36:00.986468+00:00
87827,flying fish,2025-03-02 00:57:22.087248+00:00,2025-03-02 09:36:00.986468+00:00
87827,hyena,2025-03-02 00:57:22.087248+00:00,2025-03-02 09:36:00.986468+00:00
87827,magic realism,2025-03-02 00:57:22.087248+00:00,2025-03-02 09:36:00.986468+00:00
87827,wreckage,2025-03-02 00:57:22.087248+00:00,2025-03-02 09:36:00.986468+00:00
87827,orangutan,2025-03-02 00:57:22.087248+00:00,2025-03-02 09:36:00.986468+00:00
87827,zookeeper,2025-03-02 00:57:22.087248+00:00,2025-03-02 09:36:00.986468+00:00
87827,injured animal,2025-03-02 00:57:22.087248+00:00,2025-03-02 09:36:00.986468+00:00
87827,vibrant,2025-03-02 00:57:22.087248+00:00,2025-03-02 09:36:00.986468+00:00
87827,cargo ship,2025-03-02 00:57:22.087248+00:00,2025-03-02 09:36:00.986468+00:00
87827,meerkat,2025-03-02 00:57:22.087248+00:00,2025-03-02 09:36:00.986468+00:00
87827,young boy,2025-03-02 00:57:22.087248+00:00,2025-03-02 09:36:00.986468+00:00
87827,zebra,2025-03-02 00:57:22.087248+00:00,2025-03-02 09:36:00.986468+00:00
87827,told in flashback,2025-03-02 00:57:22.087248+00:00,2025-03-02 09:36:00.986468+00:00
87827,faith,2025-03-02 00:57:22.087248+00:00,2025-03-02 09:36:00.986468+00:00
87827,loss of family,2025-03-02 00:57:22.087248+00:00,2025-03-02 09:36:00.986468+00:00
87827,storm at sea,2025-03-02 00:57:22.087248+00:00,2025-03-02 09:36:00.986468+00:00
87827,teenage protagonist,2025-03-02 00:57:22.087248+00:00,2025-03-02 09:36:00.986468+00:00
87827,1970s,2025-03-02 00:57:22.087248+00:00,2025-03-02 09:36:00.986468+00:00
87827,sea,2025-03-02 00:57:22.087248+00:00,2025-03-02 09:36:00.986468+00:00
87827,lifeboat,2025-03-02 00:57:22.087248+00:00,2025-03-02 09:36:00.986468+00:00
87827,loss of loved one,2025-03-02 00:57:22.087248+00:00,2025-03-02 09:36:00.986468+00:00
87827,survival,2025-03-02 00:57:22.087248+00:00,2025-03-02 09:36:00.986468+00:00
87827,teenage boy,2025-03-02 00:57:22.087248+00:00,2025-03-02 09:36:00.986468+00:00
89455,compassionate,2025-03-02 00:57:22.087248+00:00,2025-03-02 09:36:00.986468+00:00
89455,melodramatic,2025-03-02 00:57:22.087248+00:00,2025-03-02 09:36:00.986468+00:00
89455,infidelity,2025-03-02 00:57:22.087248+00:00,2025-03-02 09:36:00.986468+00:00
93013,pilot,2025-03-02 00:57:22.087248+00:00,2025-03-02 09:36:00.986468+00:00
93013,air battle,2025-03-02 00:57:22.087248+00:00,2025-03-02 09:36:00.986468+00:00
93013,based on novel or book,2025-03-02 00:57:22.087248+00:00,2025-03-02 09:36:00.986468+00:00
93013,air force,2025-03-02 00:57:22.087248+00:00,2025-03-02 09:36:00.986468+00:00
93013,fantasy world,2025-03-02 00:57:22.087248+00:00,2025-03-02 09:36:00.986468+00:00
93013,airplane,2025-03-02 00:57:22.087248+00:00,2025-03-02 09:36:00.986468+00:00
93013,falling in love,2025-03-02 00:57:22.087248+00:00,2025-03-02 09:36:00.986468+00:00
93013,engagement,2025-03-02 00:57:22.087248+00:00,2025-03-02 09:36:00.986468+00:00
93013,marriage proposal,2025-03-02 00:57:22.087248+00:00,2025-03-02 09:36:00.986468+00:00
93013,freedom,2025-03-02 00:57:22.087248+00:00,2025-03-02 09:36:00.986468+00:00
93013,social commentary,2025-03-02 00:57:22.087248+00:00,2025-03-02 09:36:00.986468+00:00
93013,forbidden love,2025-03-02 00:57:22.087248+00:00,2025-03-02 09:36:00.986468+00:00
93013,flying,2025-03-02 00:57:22.087248+00:00,2025-03-02 09:36:00.986468+00:00
93013,friendship,2025-03-02 00:57:22.087248+00:00,2025-03-02 09:36:00.986468+00:00
93013,bonding,2025-03-02 00:57:22.087248+00:00,2025-03-02 09:36:00.986468+00:00
93013,pretty girl,2025-03-02 00:57:22.087248+00:00,2025-03-02 09:36:00.986468+00:00
93013,flashback,2025-03-02 00:57:22.087248+00:00,2025-03-02 09:36:00.986468+00:00
93013,fighter pilot,2025-03-02 00:57:22.087248+00:00,2025-03-02 09:36:00.986468+00:00
93013,love,2025-03-02 00:57:22.087248+00:00,2025-03-02 09:36:00.986468+00:00
93013,fictional war,2025-03-02 00:57:22.087248+00:00,2025-03-02 09:36:00.986468+00:00
93013,anime,2025-03-02 00:57:22.087248+00:00,2025-03-02 09:36:00.986468+00:00
93013,childhood friends,2025-03-02 00:57:22.087248+00:00,2025-03-02 09:36:00.986468+00:00
93013,airship,2025-03-02 00:57:22.087248+00:00,2025-03-02 09:36:00.986468+00:00
93013,princess,2025-03-02 00:57:22.087248+00:00,2025-03-02 09:36:00.986468+00:00
93013,relationship,2025-03-02 00:57:22.087248+00:00,2025-03-02 09:36:00.986468+00:00
93013,nostalgia,2025-03-02 00:57:22.087248+00:00,2025-03-02 09:36:00.986468+00:00
101299,propaganda,2025-03-02 00:57:22.087248+00:00,2025-03-02 09:36:00.986468+00:00
101299,sequel,2025-03-02 00:57:22.087248+00:00,2025-03-02 09:36:00.986468+00:00
101299,survival competition,2025-03-02 00:57:22.087248+00:00,2025-03-02 09:36:00.986468+00:00
101299,rebellion,2025-03-02 00:57:22.087248+00:00,2025-03-02 09:36:00.986468+00:00
101299,uprising,2025-03-02 00:57:22.087248+00:00,2025-03-02 09:36:00.986468+00:00
101299,based on young adult novel,2025-03-02 00:57:22.087248+00:00,2025-03-02 09:36:00.986468+00:00
101299,antagonistic,2025-03-02 00:57:22.087248+00:00,2025-03-02 09:36:00.986468+00:00
101299,survival,2025-03-02 00:57:22.087248+00:00,2025-03-02 09:36:00.986468+00:00
101299,dystopia,2025-03-02 00:57:22.087248+00:00,2025-03-02 09:36:00.986468+00:00
101299,intense,2025-03-02 00:57:22.087248+00:00,2025-03-02 09:36:00.986468+00:00
101299,conspiracy,2025-03-02 00:57:22.087248+00:00,2025-03-02 09:36:00.986468+00:00
101299,president,2025-03-02 00:57:22.087248+00:00,2025-03-02 09:36:00.986468+00:00
101299,murder,2025-03-02 00:57:22.087248+00:00,2025-03-02 09:36:00.986468+00:00
101299,based on novel or book,2025-03-02 00:57:22.087248+00:00,2025-03-02 09:36:00.986468+00:00
101299,powerful,2025-03-02 00:57:22.087248+00:00,2025-03-02 09:36:00.986468+00:00
101299,female protagonist,2025-03-02 00:57:22.087248+00:00,2025-03-02 09:36:00.986468+00:00
101299,games,2025-03-02 00:57:22.087248+00:00,2025-03-02 09:36:00.986468+00:00
101299,tournament,2025-03-02 00:57:22.087248+00:00,2025-03-02 09:36:00.986468+00:00
110283,yakuza,2025-03-02 00:57:22.087248+00:00,2025-03-02 09:36:00.986468+00:00
110283,extortionist,2025-03-02 00:57:22.087248+00:00,2025-03-02 09:36:00.986468+00:00
110283,anti-corruption,2025-03-02 00:57:22.087248+00:00,2025-03-02 09:36:00.986468+00:00
110283,extortion,2025-03-02 00:57:22.087248+00:00,2025-03-02 09:36:00.986468+00:00
110283,hotel,2025-03-02 00:57:22.087248+00:00,2025-03-02 09:36:00.986468+00:00
110852,based on tv series,2025-03-02 00:57:22.087248+00:00,2025-03-02 09:36:00.986468+00:00
110852,four sisters,2025-03-02 00:57:22.087248+00:00,2025-03-02 09:36:00.986468+00:00
112903,holiday,2025-03-02 00:57:22.087248+00:00,2025-03-02 09:36:00.986468+00:00
112903,hotel,2025-03-02 00:57:22.087248+00:00,2025-03-02 09:36:00.986468+00:00
112903,new year's eve,2025-03-02 00:57:22.087248+00:00,2025-03-02 09:36:00.986468+00:00
112903,japan,2025-03-02 00:57:22.087248+00:00,2025-03-02 09:36:00.986468+00:00
117129,japanese family,2025-03-02 00:57:22.087248+00:00,2025-03-02 09:36:00.986468+00:00
117129,tutor,2025-03-02 00:57:22.087248+00:00,2025-03-02 09:36:00.986468+00:00
117129,shōwa era (1926-89),2025-03-02 00:57:22.087248+00:00,2025-03-02 09:36:00.986468+00:00
117129,brothers,2025-03-02 00:57:22.087248+00:00,2025-03-02 09:36:00.986468+00:00
117646,boys' love (bl),2025-03-02 00:57:22.087248+00:00,2025-03-02 09:36:00.986468+00:00
117646,gay theme,2025-03-02 00:57:22.087248+00:00,2025-03-02 09:36:00.986468+00:00
120811,travel,2025-03-02 00:57:22.087248+00:00,2025-03-02 09:36:00.986468+00:00
120811,high school,2025-03-02 00:57:22.087248+00:00,2025-03-02 09:36:00.986468+00:00
120811,woman director,2025-03-02 00:57:22.087248+00:00,2025-03-02 09:36:00.986468+00:00
120811,rock band,2025-03-02 00:57:22.087248+00:00,2025-03-02 09:36:00.986468+00:00
120811,anime,2025-03-02 00:57:22.087248+00:00,2025-03-02 09:36:00.986468+00:00
120811,singing,2025-03-02 00:57:22.087248+00:00,2025-03-02 09:36:00.986468+00:00
120811,england,2025-03-02 00:57:22.087248+00:00,2025-03-02 09:36:00.986468+00:00
120811,"london, england",2025-03-02 00:57:22.087248+00:00,2025-03-02 09:36:00.986468+00:00
120811,based on manga,2025-03-02 00:57:22.087248+00:00,2025-03-02 09:36:00.986468+00:00
120811,slice of life,2025-03-02 00:57:22.087248+00:00,2025-03-02 09:36:00.986468+00:00
120811,iyashikei,2025-03-02 00:57:22.087248+00:00,2025-03-02 09:36:00.986468+00:00
120811,band,2025-03-02 00:57:22.087248+00:00,2025-03-02 09:36:00.986468+00:00
128246,werewolf,2025-03-02 00:57:22.087248+00:00,2025-03-02 09:36:00.986468+00:00
128246,feral child,2025-03-02 00:57:22.087248+00:00,2025-03-02 09:36:00.986468+00:00
128246,orphan,2025-03-02 00:57:22.087248+00:00,2025-03-02 09:36:00.986468+00:00
128246,single parent,2025-03-02 00:57:22.087248+00:00,2025-03-02 09:36:00.986468+00:00
130023,court,2025-03-02 00:57:22.087248+00:00,2025-03-02 09:36:00.986468+00:00
130023,courtroom,2025-03-02 00:57:22.087248+00:00,2025-03-02 09:36:00.986468+00:00
130023,old ghost,2025-03-02 00:57:22.087248+00:00,2025-03-02 09:36:00.986468+00:00
130023,trial,2025-03-02 00:57:22.087248+00:00,2025-03-02 09:36:00.986468+00:00
130023,courthouse,2025-03-02 00:57:22.087248+00:00,2025-03-02 09:36:00.986468+00:00
130023,japan,2025-03-02 00:57:22.087248+00:00,2025-03-02 09:36:00.986468+00:00
130023,ghost,2025-03-02 00:57:22.087248+00:00,2025-03-02 09:36:00.986468+00:00
131634,revolution,2025-03-02 00:57:22.087248+00:00,2025-03-02 09:36:00.986468+00:00
131634,strong woman,2025-03-02 00:57:22.087248+00:00,2025-03-02 09:36:00.986468+00:00
131634,based on young adult novel,2025-03-02 00:57:22.087248+00:00,2025-03-02 09:36:00.986468+00:00
131634,dystopia,2025-03-02 00:57:22.087248+00:00,2025-03-02 09:36:00.986468+00:00
131634,vibrant,2025-03-02 00:57:22.087248+00:00,2025-03-02 09:36:00.986468+00:00
131634,based on novel or book,2025-03-02 00:57:22.087248+00:00,2025-03-02 09:36:00.986468+00:00
131634,bold,2025-03-02 00:57:22.087248+00:00,2025-03-02 09:36:00.986468+00:00
131634,antagonistic,2025-03-02 00:57:22.087248+00:00,2025-03-02 09:36:00.986468+00:00
131634,death match,2025-03-02 00:57:22.087248+00:00,2025-03-02 09:36:00.986468+00:00
149871,kaguya,2025-03-02 00:57:22.087248+00:00,2025-03-02 09:36:00.986468+00:00
149871,japanese folklore,2025-03-02 00:57:22.087248+00:00,2025-03-02 09:36:00.986468+00:00
149871,anime,2025-03-02 00:57:22.087248+00:00,2025-03-02 09:36:00.986468+00:00
149871,historical,2025-03-02 00:57:22.087248+00:00,2025-03-02 09:36:00.986468+00:00
149871,princess,2025-03-02 00:57:22.087248+00:00,2025-03-02 09:36:00.986468+00:00
149871,japanese woman,2025-03-02 00:57:22.087248+00:00,2025-03-02 09:36:00.986468+00:00
149871,based on fairy tale,2025-03-02 00:57:22.087248+00:00,2025-03-02 09:36:00.986468+00:00
149871,princesa,2025-03-02 00:57:22.087248+00:00,2025-03-02 09:36:00.986468+00:00
149871,bamboo,2025-03-02 00:57:22.087248+00:00,2025-03-02 09:36:00.986468+00:00
149871,fantasy,2025-03-02 00:57:22.087248+00:00,2025-03-02 09:36:00.986468+00:00
149871,approving,2025-03-02 00:57:22.087248+00:00,2025-03-02 09:36:00.986468+00:00
152584,homophobia,2025-03-02 00:57:22.087248+00:00,2025-03-02 09:36:00.986468+00:00
152584,teenage sexuality,2025-03-02 00:57:22.087248+00:00,2025-03-02 09:36:00.986468+00:00
152584,lgbt,2025-03-02 00:57:22.087248+00:00,2025-03-02 09:36:00.986468+00:00
152584,social class,2025-03-02 00:57:22.087248+00:00,2025-03-02 09:36:00.986468+00:00
152584,self-discovery,2025-03-02 00:57:22.087248+00:00,2025-03-02 09:36:00.986468+00:00
152584,teenager,2025-03-02 00:57:22.087248+00:00,2025-03-02 09:36:00.986468+00:00
152584,lesbian,2025-03-02 00:57:22.087248+00:00,2025-03-02 09:36:00.986468+00:00
152584,lesbian relationship,2025-03-02 00:57:22.087248+00:00,2025-03-02 09:36:00.986468+00:00
152584,self exploration,2025-03-02 00:57:22.087248+00:00,2025-03-02 09:36:00.986468+00:00
152584,sexual desire,2025-03-02 00:57:22.087248+00:00,2025-03-02 09:36:00.986468+00:00
152584,age-gap relationship,2025-03-02 00:57:22.087248+00:00,2025-03-02 09:36:00.986468+00:00
152584,coming of age,2025-03-02 00:57:22.087248+00:00,2025-03-02 09:36:00.986468+00:00
152584,literary adaptation,2025-03-02 00:57:22.087248+00:00,2025-03-02 09:36:00.986468+00:00
152584,love,2025-03-02 00:57:22.087248+00:00,2025-03-02 09:36:00.986468+00:00
152584,french cinema,2025-03-02 00:57:22.087248+00:00,2025-03-02 09:36:00.986468+00:00
152584,high school student,2025-03-02 00:57:22.087248+00:00,2025-03-02 09:36:00.986468+00:00
152584,sexual awakening,2025-03-02 00:57:22.087248+00:00,2025-03-02 09:36:00.986468+00:00
152584,based on graphic novel,2025-03-02 00:57:22.087248+00:00,2025-03-02 09:36:00.986468+00:00
152584,"lille, france",2025-03-02 00:57:22.087248+00:00,2025-03-02 09:36:00.986468+00:00
152584,erotic,2025-03-02 00:57:22.087248+00:00,2025-03-02 09:36:00.986468+00:00
152584,sexual attraction,2025-03-02 00:57:22.087248+00:00,2025-03-02 09:36:00.986468+00:00
157336,rescue,2025-03-02 00:57:22.087248+00:00,2025-03-02 09:36:00.986468+00:00
157336,space,2025-03-02 00:57:22.087248+00:00,2025-03-02 09:36:00.986468+00:00
157336,famine,2025-03-02 00:57:22.087248+00:00,2025-03-02 09:36:00.986468+00:00
157336,spacecraft,2025-03-02 00:57:22.087248+00:00,2025-03-02 09:36:00.986468+00:00
157336,scientist,2025-03-02 00:57:22.087248+00:00,2025-03-02 09:36:00.986468+00:00
157336,astronaut,2025-03-02 00:57:22.087248+00:00,2025-03-02 09:36:00.986468+00:00
157336,2060s,2025-03-02 00:57:22.087248+00:00,2025-03-02 09:36:00.986468+00:00
157336,time paradox,2025-03-02 00:57:22.087248+00:00,2025-03-02 09:36:00.986468+00:00
157336,cornfield,2025-03-02 00:57:22.087248+00:00,2025-03-02 09:36:00.986468+00:00
157336,artificial intelligence (a.i.),2025-03-02 00:57:22.087248+00:00,2025-03-02 09:36:00.986468+00:00
157336,black hole,2025-03-02 00:57:22.087248+00:00,2025-03-02 09:36:00.986468+00:00
157336,space station,2025-03-02 00:57:22.087248+00:00,2025-03-02 09:36:00.986468+00:00
157336,family relationships,2025-03-02 00:57:22.087248+00:00,2025-03-02 09:36:00.986468+00:00
157336,single father,2025-03-02 00:57:22.087248+00:00,2025-03-02 09:36:00.986468+00:00
157336,dystopia,2025-03-02 00:57:22.087248+00:00,2025-03-02 09:36:00.986468+00:00
157336,expedition,2025-03-02 00:57:22.087248+00:00,2025-03-02 09:36:00.986468+00:00
157336,time warp,2025-03-02 00:57:22.087248+00:00,2025-03-02 09:36:00.986468+00:00
157336,space travel,2025-03-02 00:57:22.087248+00:00,2025-03-02 09:36:00.986468+00:00
157336,space adventure,2025-03-02 00:57:22.087248+00:00,2025-03-02 09:36:00.986468+00:00
157336,wormhole,2025-03-02 00:57:22.087248+00:00,2025-03-02 09:36:00.986468+00:00
157336,future,2025-03-02 00:57:22.087248+00:00,2025-03-02 09:36:00.986468+00:00
157336,time manipulation,2025-03-02 00:57:22.087248+00:00,2025-03-02 09:36:00.986468+00:00
157336,pretentious,2025-03-02 00:57:22.087248+00:00,2025-03-02 09:36:00.986468+00:00
157336,race against time,2025-03-02 00:57:22.087248+00:00,2025-03-02 09:36:00.986468+00:00
157336,father daughter relationship,2025-03-02 00:57:22.087248+00:00,2025-03-02 09:36:00.986468+00:00
157336,nasa,2025-03-02 00:57:22.087248+00:00,2025-03-02 09:36:00.986468+00:00
157336,quantum mechanics,2025-03-02 00:57:22.087248+00:00,2025-03-02 09:36:00.986468+00:00
157336,farmer,2025-03-02 00:57:22.087248+00:00,2025-03-02 09:36:00.986468+00:00
157336,robot,2025-03-02 00:57:22.087248+00:00,2025-03-02 09:36:00.986468+00:00
160642,anime,2025-03-02 00:57:22.087248+00:00,2025-03-02 09:36:00.986468+00:00
164207,gangster,2025-03-02 00:57:22.087248+00:00,2025-03-02 09:36:00.986468+00:00
164207,yakuza,2025-03-02 00:57:22.087248+00:00,2025-03-02 09:36:00.986468+00:00
164207,japan,2025-03-02 00:57:22.087248+00:00,2025-03-02 09:36:00.986468+00:00
164207,witness protection,2025-03-02 00:57:22.087248+00:00,2025-03-02 09:36:00.986468+00:00
165213,neo-noir,2025-03-02 00:57:22.087248+00:00,2025-03-02 09:36:00.986468+00:00
165213,korean chinese,2025-03-02 00:57:22.087248+00:00,2025-03-02 09:36:00.986468+00:00
165213,criminal gang,2025-03-02 00:57:22.087248+00:00,2025-03-02 09:36:00.986468+00:00
165213,undercover cop,2025-03-02 00:57:22.087248+00:00,2025-03-02 09:36:00.986468+00:00
165213,gang warfare,2025-03-02 00:57:22.087248+00:00,2025-03-02 09:36:00.986468+00:00
165213,gangster,2025-03-02 00:57:22.087248+00:00,2025-03-02 09:36:00.986468+00:00
166271,ghost,2025-03-02 00:57:22.087248+00:00,2025-03-02 09:36:00.986468+00:00
166271,trapped soul,2025-03-02 00:57:22.087248+00:00,2025-03-02 09:36:00.986468+00:00
166271,house,2025-03-02 00:57:22.087248+00:00,2025-03-02 09:36:00.986468+00:00
166271,possession,2025-03-02 00:57:22.087248+00:00,2025-03-02 09:36:00.986468+00:00
166271,serial killer,2025-03-02 00:57:22.087248+00:00,2025-03-02 09:36:00.986468+00:00
166271,duct tape,2025-03-02 00:57:22.087248+00:00,2025-03-02 09:36:00.986468+00:00
166271,afterlife,2025-03-02 00:57:22.087248+00:00,2025-03-02 09:36:00.986468+00:00
166271,trapped,2025-03-02 00:57:22.087248+00:00,2025-03-02 09:36:00.986468+00:00
166271,time loop,2025-03-02 00:57:22.087248+00:00,2025-03-02 09:36:00.986468+00:00
166271,duct tape gag,2025-03-02 00:57:22.087248+00:00,2025-03-02 09:36:00.986468+00:00
166271,laundry,2025-03-02 00:57:22.087248+00:00,2025-03-02 09:36:00.986468+00:00
166271,haunted house,2025-03-02 00:57:22.087248+00:00,2025-03-02 09:36:00.986468+00:00
171372,mental problems,2025-03-02 00:57:22.087248+00:00,2025-03-02 09:36:00.986468+00:00
171372,twitter,2025-03-02 00:57:22.087248+00:00,2025-03-02 09:36:00.986468+00:00
171372,musician,2025-03-02 00:57:22.087248+00:00,2025-03-02 09:36:00.986468+00:00
171372,identity,2025-03-02 00:57:22.087248+00:00,2025-03-02 09:36:00.986468+00:00
171372,amused,2025-03-02 00:57:22.087248+00:00,2025-03-02 09:36:00.986468+00:00
171372,melodramatic,2025-03-02 00:57:22.087248+00:00,2025-03-02 09:36:00.986468+00:00
171372,exhilarated,2025-03-02 00:57:22.087248+00:00,2025-03-02 09:36:00.986468+00:00
171372,friendship,2025-03-02 00:57:22.087248+00:00,2025-03-02 09:36:00.986468+00:00
171372,"austin, texas",2025-03-02 00:57:22.087248+00:00,2025-03-02 09:36:00.986468+00:00
171372,keyboardist,2025-03-02 00:57:22.087248+00:00,2025-03-02 09:36:00.986468+00:00
171372,ireland,2025-03-02 00:57:22.087248+00:00,2025-03-02 09:36:00.986468+00:00
171372,mask,2025-03-02 00:57:22.087248+00:00,2025-03-02 09:36:00.986468+00:00
171372,songwriter,2025-03-02 00:57:22.087248+00:00,2025-03-02 09:36:00.986468+00:00
198375,abuse,2025-03-02 00:57:22.087248+00:00,2025-03-02 09:36:00.986468+00:00
198375,cityscape,2025-03-02 00:57:22.087248+00:00,2025-03-02 09:36:00.986468+00:00
198375,teacher student relationship,2025-03-02 00:57:22.087248+00:00,2025-03-02 09:36:00.986468+00:00
198375,japanese,2025-03-02 00:57:22.087248+00:00,2025-03-02 09:36:00.986468+00:00
198375,rain,2025-03-02 00:57:22.087248+00:00,2025-03-02 09:36:00.986468+00:00
198375,rainstorm,2025-03-02 00:57:22.087248+00:00,2025-03-02 09:36:00.986468+00:00
198375,coming of age,2025-03-02 00:57:22.087248+00:00,2025-03-02 09:36:00.986468+00:00
198375,anime,2025-03-02 00:57:22.087248+00:00,2025-03-02 09:36:00.986468+00:00
198375,shoemaker,2025-03-02 00:57:22.087248+00:00,2025-03-02 09:36:00.986468+00:00
198375,high school student,2025-03-02 00:57:22.087248+00:00,2025-03-02 09:36:00.986468+00:00
198375,student crush on teacher,2025-03-02 00:57:22.087248+00:00,2025-03-02 09:36:00.986468+00:00
198375,melodramatic,2025-03-02 00:57:22.087248+00:00,2025-03-02 09:36:00.986468+00:00
198375,"tokyo, japan",2025-03-02 00:57:22.087248+00:00,2025-03-02 09:36:00.986468+00:00
198375,high school teacher,2025-03-02 00:57:22.087248+00:00,2025-03-02 09:36:00.986468+00:00
198375,garden,2025-03-02 00:57:22.087248+00:00,2025-03-02 09:36:00.986468+00:00
198375,alcoholism,2025-03-02 00:57:22.087248+00:00,2025-03-02 09:36:00.986468+00:00
198375,age difference,2025-03-02 00:57:22.087248+00:00,2025-03-02 09:36:00.986468+00:00
198375,seinen,2025-03-02 00:57:22.087248+00:00,2025-03-02 09:36:00.986468+00:00
198375,chocolate,2025-03-02 00:57:22.087248+00:00,2025-03-02 09:36:00.986468+00:00
198375,adult child friendship,2025-03-02 00:57:22.087248+00:00,2025-03-02 09:36:00.986468+00:00
204702,ecentric genius,2025-03-02 00:57:22.087248+00:00,2025-03-02 09:36:00.986468+00:00
204702,genius,2025-03-02 00:57:22.087248+00:00,2025-03-02 09:36:00.986468+00:00
204702,mysterious death,2025-03-02 00:57:22.087248+00:00,2025-03-02 09:36:00.986468+00:00
204702,physicist,2025-03-02 00:57:22.087248+00:00,2025-03-02 09:36:00.986468+00:00
204702,murder,2025-03-02 00:57:22.087248+00:00,2025-03-02 09:36:00.986468+00:00
204702,enviromental,2025-03-02 00:57:22.087248+00:00,2025-03-02 09:36:00.986468+00:00
204702,summer,2025-03-02 00:57:22.087248+00:00,2025-03-02 09:36:00.986468+00:00
225728,medieval,2025-03-02 00:57:22.087248+00:00,2025-03-02 09:36:00.986468+00:00
225728,scotland,2025-03-02 00:57:22.087248+00:00,2025-03-02 09:36:00.986468+00:00
225728,11th century,2025-03-02 00:57:22.087248+00:00,2025-03-02 09:36:00.986468+00:00
242452,democracy,2025-03-02 00:57:22.087248+00:00,2025-03-02 09:36:00.986468+00:00
242452,korea president,2025-03-02 00:57:22.087248+00:00,2025-03-02 09:36:00.986468+00:00
242452,1980s,2025-03-02 00:57:22.087248+00:00,2025-03-02 09:36:00.986468+00:00
242452,"busan, south korea",2025-03-02 00:57:22.087248+00:00,2025-03-02 09:36:00.986468+00:00
242452,south korea,2025-03-02 00:57:22.087248+00:00,2025-03-02 09:36:00.986468+00:00
242452,civil liberties,2025-03-02 00:57:22.087248+00:00,2025-03-02 09:36:00.986468+00:00
242452,lawyer,2025-03-02 00:57:22.087248+00:00,2025-03-02 09:36:00.986468+00:00
242452,democratization movement,2025-03-02 00:57:22.087248+00:00,2025-03-02 09:36:00.986468+00:00
242452,protest,2025-03-02 00:57:22.087248+00:00,2025-03-02 09:36:00.986468+00:00
242452,court,2025-03-02 00:57:22.087248+00:00,2025-03-02 09:36:00.986468+00:00
242452,representation,2025-03-02 00:57:22.087248+00:00,2025-03-02 09:36:00.986468+00:00
245842,17th century,2025-03-02 00:57:22.087248+00:00,2025-03-02 09:36:00.986468+00:00
245842,mermaid,2025-03-02 00:57:22.087248+00:00,2025-03-02 09:36:00.986468+00:00
245842,immortality,2025-03-02 00:57:22.087248+00:00,2025-03-02 09:36:00.986468+00:00
245842,quest,2025-03-02 00:57:22.087248+00:00,2025-03-02 09:36:00.986468+00:00
245842,illegitimate child,2025-03-02 00:57:22.087248+00:00,2025-03-02 09:36:00.986468+00:00
245842,period drama,2025-03-02 00:57:22.087248+00:00,2025-03-02 09:36:00.986468+00:00
245842,based on novel or book,2025-03-02 00:57:22.087248+00:00,2025-03-02 09:36:00.986468+00:00
245891,gangster,2025-03-02 00:57:22.087248+00:00,2025-03-02 09:36:00.986468+00:00
245891,dog,2025-03-02 00:57:22.087248+00:00,2025-03-02 09:36:00.986468+00:00
245891,murder,2025-03-02 00:57:22.087248+00:00,2025-03-02 09:36:00.986468+00:00
245891,widower,2025-03-02 00:57:22.087248+00:00,2025-03-02 09:36:00.986468+00:00
245891,hitman,2025-03-02 00:57:22.087248+00:00,2025-03-02 09:36:00.986468+00:00
245891,retired,2025-03-02 00:57:22.087248+00:00,2025-03-02 09:36:00.986468+00:00
245891,secret organization,2025-03-02 00:57:22.087248+00:00,2025-03-02 09:36:00.986468+00:00
245891,bratva (russian mafia),2025-03-02 00:57:22.087248+00:00,2025-03-02 09:36:00.986468+00:00
245891,revenge,2025-03-02 00:57:22.087248+00:00,2025-03-02 09:36:00.986468+00:00
253235,falling in love,2025-03-02 00:57:22.087248+00:00,2025-03-02 09:36:00.986468+00:00
253235,granddaughter,2025-03-02 00:57:22.087248+00:00,2025-03-02 09:36:00.986468+00:00
253235,self-centered,2025-03-02 00:57:22.087248+00:00,2025-03-02 09:36:00.986468+00:00
253235,elderly,2025-03-02 00:57:22.087248+00:00,2025-03-02 09:36:00.986468+00:00
253235,wealthy,2025-03-02 00:57:22.087248+00:00,2025-03-02 09:36:00.986468+00:00
253235,real estate agent,2025-03-02 00:57:22.087248+00:00,2025-03-02 09:36:00.986468+00:00
253235,grandparent grandchild relationship,2025-03-02 00:57:22.087248+00:00,2025-03-02 09:36:00.986468+00:00
253235,ornery,2025-03-02 00:57:22.087248+00:00,2025-03-02 09:36:00.986468+00:00
253235,neighbor,2025-03-02 00:57:22.087248+00:00,2025-03-02 09:36:00.986468+00:00
253235,realtor,2025-03-02 00:57:22.087248+00:00,2025-03-02 09:36:00.986468+00:00
253235,elderly man,2025-03-02 00:57:22.087248+00:00,2025-03-02 09:36:00.986468+00:00
253235,elderly woman,2025-03-02 00:57:22.087248+00:00,2025-03-02 09:36:00.986468+00:00
253235,estranged son,2025-03-02 00:57:22.087248+00:00,2025-03-02 09:36:00.986468+00:00
253235,estrangement,2025-03-02 00:57:22.087248+00:00,2025-03-02 09:36:00.986468+00:00
256106,nanjing,2025-03-02 00:57:22.087248+00:00,2025-03-02 09:36:00.986468+00:00
256133,husband wife relationship,2025-03-02 00:57:22.087248+00:00,2025-03-02 09:36:00.986468+00:00
256930,baseball,2025-03-02 00:57:22.087248+00:00,2025-03-02 09:36:00.986468+00:00
261832,live performance,2025-03-02 00:57:22.087248+00:00,2025-03-02 09:36:00.986468+00:00
261832,live play,2025-03-02 00:57:22.087248+00:00,2025-03-02 09:36:00.986468+00:00
265712,school,2025-03-02 00:57:22.087248+00:00,2025-03-02 09:36:00.986468+00:00
265712,based on manga,2025-03-02 00:57:22.087248+00:00,2025-03-02 09:36:00.986468+00:00
265712,anime,2025-03-02 00:57:22.087248+00:00,2025-03-02 09:36:00.986468+00:00
265712,gadget,2025-03-02 00:57:22.087248+00:00,2025-03-02 09:36:00.986468+00:00
265712,time travel,2025-03-02 00:57:22.087248+00:00,2025-03-02 09:36:00.986468+00:00
265712,based on anime,2025-03-02 00:57:22.087248+00:00,2025-03-02 09:36:00.986468+00:00
269509,family,2025-03-02 00:57:22.087248+00:00,2025-03-02 09:36:00.986468+00:00
269509,halloween costume,2025-03-02 00:57:22.087248+00:00,2025-03-02 09:36:00.986468+00:00
269509,halloween,2025-03-02 00:57:22.087248+00:00,2025-03-02 09:36:00.986468+00:00
269509,haunted house,2025-03-02 00:57:22.087248+00:00,2025-03-02 09:36:00.986468+00:00
269509,cinema,2025-03-02 00:57:22.087248+00:00,2025-03-02 09:36:00.986468+00:00
269509,haunted,2025-03-02 00:57:22.087248+00:00,2025-03-02 09:36:00.986468+00:00
269509,eccentric family,2025-03-02 00:57:22.087248+00:00,2025-03-02 09:36:00.986468+00:00
269509,animation,2025-03-02 00:57:22.087248+00:00,2025-03-02 09:36:00.986468+00:00
269509,ghost,2025-03-02 00:57:22.087248+00:00,2025-03-02 09:36:00.986468+00:00
269509,based on novel or book,2025-03-02 00:57:22.087248+00:00,2025-03-02 09:36:00.986468+00:00
283566,post-apocalyptic future,2025-03-02 00:57:22.087248+00:00,2025-03-02 09:36:00.986468+00:00
283566,giant robot,2025-03-02 00:57:22.087248+00:00,2025-03-02 09:36:00.986468+00:00
283566,anime,2025-03-02 00:57:22.087248+00:00,2025-03-02 09:36:00.986468+00:00
283566,based on tv series,2025-03-02 00:57:22.087248+00:00,2025-03-02 09:36:00.986468+00:00
283566,father son conflict,2025-03-02 00:57:22.087248+00:00,2025-03-02 09:36:00.986468+00:00
283566,battle,2025-03-02 00:57:22.087248+00:00,2025-03-02 09:36:00.986468+00:00
283566,dystopia,2025-03-02 00:57:22.087248+00:00,2025-03-02 09:36:00.986468+00:00
283566,bold,2025-03-02 00:57:22.087248+00:00,2025-03-02 09:36:00.986468+00:00
283566,mecha,2025-03-02 00:57:22.087248+00:00,2025-03-02 09:36:00.986468+00:00
283566,technology,2025-03-02 00:57:22.087248+00:00,2025-03-02 09:36:00.986468+00:00
296271,jesus christ,2025-03-02 00:57:22.087248+00:00,2025-03-02 09:36:00.986468+00:00
296271,ridiculous,2025-03-02 00:57:22.087248+00:00,2025-03-02 09:36:00.986468+00:00
296271,supernatural horror,2025-03-02 00:57:22.087248+00:00,2025-03-02 09:36:00.986468+00:00
296271,melodramatic,2025-03-02 00:57:22.087248+00:00,2025-03-02 09:36:00.986468+00:00
296271,farcical,2025-03-02 00:57:22.087248+00:00,2025-03-02 09:36:00.986468+00:00
296271,complicated,2025-03-02 00:57:22.087248+00:00,2025-03-02 09:36:00.986468+00:00
298618,super power,2025-03-02 00:57:22.087248+00:00,2025-03-02 09:36:00.986468+00:00
298618,dc extended universe (dceu),2025-03-02 00:57:22.087248+00:00,2025-03-02 09:36:00.986468+00:00
298618,based on comic,2025-03-02 00:57:22.087248+00:00,2025-03-02 09:36:00.986468+00:00
298618,superhuman,2025-03-02 00:57:22.087248+00:00,2025-03-02 09:36:00.986468+00:00
298618,superhuman abilities,2025-03-02 00:57:22.087248+00:00,2025-03-02 09:36:00.986468+00:00
298618,butterfly effect,2025-03-02 00:57:22.087248+00:00,2025-03-02 09:36:00.986468+00:00
298618,loss of mother,2025-03-02 00:57:22.087248+00:00,2025-03-02 09:36:00.986468+00:00
298618,secret identity,2025-03-02 00:57:22.087248+00:00,2025-03-02 09:36:00.986468+00:00
298618,superhero,2025-03-02 00:57:22.087248+00:00,2025-03-02 09:36:00.986468+00:00
298618,aftercreditsstinger,2025-03-02 00:57:22.087248+00:00,2025-03-02 09:36:00.986468+00:00
298618,hero,2025-03-02 00:57:22.087248+00:00,2025-03-02 09:36:00.986468+00:00
299054,sequel,2025-03-02 00:57:22.087248+00:00,2025-03-02 09:36:00.986468+00:00
299054,nuclear bomb,2025-03-02 00:57:22.087248+00:00,2025-03-02 09:36:00.986468+00:00
299054,cargo ship,2025-03-02 00:57:22.087248+00:00,2025-03-02 09:36:00.986468+00:00
299054,ring,2025-03-02 00:57:22.087248+00:00,2025-03-02 09:36:00.986468+00:00
315162,talking dog,2025-03-02 00:57:22.087248+00:00,2025-03-02 09:36:00.986468+00:00
315162,talking cat,2025-03-02 00:57:22.087248+00:00,2025-03-02 09:36:00.986468+00:00
315162,fear of death,2025-03-02 00:57:22.087248+00:00,2025-03-02 09:36:00.986468+00:00
315162,sequel,2025-03-02 00:57:22.087248+00:00,2025-03-02 09:36:00.986468+00:00
315162,amused,2025-03-02 00:57:22.087248+00:00,2025-03-02 09:36:00.986468+00:00
315162,spin off,2025-03-02 00:57:22.087248+00:00,2025-03-02 09:36:00.986468+00:00
315162,familiar,2025-03-02 00:57:22.087248+00:00,2025-03-02 09:36:00.986468+00:00
315162,aftercreditsstinger,2025-03-02 00:57:22.087248+00:00,2025-03-02 09:36:00.986468+00:00
315162,fairy tale,2025-03-02 00:57:22.087248+00:00,2025-03-02 09:36:00.986468+00:00
331986,cincinnati,2025-03-02 00:57:22.087248+00:00,2025-03-02 09:36:00.986468+00:00
331986,library,2025-03-02 00:57:22.087248+00:00,2025-03-02 09:36:00.986468+00:00
335787,assertive,2025-03-02 00:57:22.087248+00:00,2025-03-02 09:36:00.986468+00:00
335787,lost treasure,2025-03-02 00:57:22.087248+00:00,2025-03-02 09:36:00.986468+00:00
335787,duringcreditsstinger,2025-03-02 00:57:22.087248+00:00,2025-03-02 09:36:00.986468+00:00
335787,missing relative,2025-03-02 00:57:22.087248+00:00,2025-03-02 09:36:00.986468+00:00
335787,based on video game,2025-03-02 00:57:22.087248+00:00,2025-03-02 09:36:00.986468+00:00
335787,treasure map,2025-03-02 00:57:22.087248+00:00,2025-03-02 09:36:00.986468+00:00
335787,lighter,2025-03-02 00:57:22.087248+00:00,2025-03-02 09:36:00.986468+00:00
335787,treasure hunt,2025-03-02 00:57:22.087248+00:00,2025-03-02 09:36:00.986468+00:00
335977,action adventure,2025-03-02 00:57:22.087248+00:00,2025-03-02 09:36:00.986468+00:00
335977,sequel,2025-03-02 00:57:22.087248+00:00,2025-03-02 09:36:00.986468+00:00
335977,adventurer,2025-03-02 00:57:22.087248+00:00,2025-03-02 09:36:00.986468+00:00
335977,ancient rome,2025-03-02 00:57:22.087248+00:00,2025-03-02 09:36:00.986468+00:00
335977,treasure hunt,2025-03-02 00:57:22.087248+00:00,2025-03-02 09:36:00.986468+00:00
335977,flashback,2025-03-02 00:57:22.087248+00:00,2025-03-02 09:36:00.986468+00:00
335977,knife fight,2025-03-02 00:57:22.087248+00:00,2025-03-02 09:36:00.986468+00:00
335977,1960s,2025-03-02 00:57:22.087248+00:00,2025-03-02 09:36:00.986468+00:00
335977,archaeologist,2025-03-02 00:57:22.087248+00:00,2025-03-02 09:36:00.986468+00:00
335977,nazi germany,2025-03-02 00:57:22.087248+00:00,2025-03-02 09:36:00.986468+00:00
338953,witch,2025-03-02 00:57:22.087248+00:00,2025-03-02 09:36:00.986468+00:00
338953,bhutan,2025-03-02 00:57:22.087248+00:00,2025-03-02 09:36:00.986468+00:00
338953,fantasy world,2025-03-02 00:57:22.087248+00:00,2025-03-02 09:36:00.986468+00:00
338953,affectation,2025-03-02 00:57:22.087248+00:00,2025-03-02 09:36:00.986468+00:00
338953,powerful,2025-03-02 00:57:22.087248+00:00,2025-03-02 09:36:00.986468+00:00
338953,prison,2025-03-02 00:57:22.087248+00:00,2025-03-02 09:36:00.986468+00:00
338953,"berlin, germany",2025-03-02 00:57:22.087248+00:00,2025-03-02 09:36:00.986468+00:00
338953,good versus evil,2025-03-02 00:57:22.087248+00:00,2025-03-02 09:36:00.986468+00:00
338953,election campaign,2025-03-02 00:57:22.087248+00:00,2025-03-02 09:36:00.986468+00:00
338953,based on young adult novel,2025-03-02 00:57:22.087248+00:00,2025-03-02 09:36:00.986468+00:00
338953,amused,2025-03-02 00:57:22.087248+00:00,2025-03-02 09:36:00.986468+00:00
338953,wizard,2025-03-02 00:57:22.087248+00:00,2025-03-02 09:36:00.986468+00:00
338953,1930s,2025-03-02 00:57:22.087248+00:00,2025-03-02 09:36:00.986468+00:00
338953,curse,2025-03-02 00:57:22.087248+00:00,2025-03-02 09:36:00.986468+00:00
338953,magic,2025-03-02 00:57:22.087248+00:00,2025-03-02 09:36:00.986468+00:00
338953,lgbt,2025-03-02 00:57:22.087248+00:00,2025-03-02 09:36:00.986468+00:00
338953,magical creature,2025-03-02 00:57:22.087248+00:00,2025-03-02 09:36:00.986468+00:00
346698,audacious,2025-03-02 00:57:22.087248+00:00,2025-03-02 09:36:00.986468+00:00
346698,sympathetic,2025-03-02 00:57:22.087248+00:00,2025-03-02 09:36:00.986468+00:00
346698,feminism,2025-03-02 00:57:22.087248+00:00,2025-03-02 09:36:00.986468+00:00
346698,existentialism,2025-03-02 00:57:22.087248+00:00,2025-03-02 09:36:00.986468+00:00
346698,female protagonist,2025-03-02 00:57:22.087248+00:00,2025-03-02 09:36:00.986468+00:00
346698,amused,2025-03-02 00:57:22.087248+00:00,2025-03-02 09:36:00.986468+00:00
346698,playful,2025-03-02 00:57:22.087248+00:00,2025-03-02 09:36:00.986468+00:00
346698,matel,2025-03-02 00:57:22.087248+00:00,2025-03-02 09:36:00.986468+00:00
346698,fantasy world,2025-03-02 00:57:22.087248+00:00,2025-03-02 09:36:00.986468+00:00
346698,sentimental,2025-03-02 00:57:22.087248+00:00,2025-03-02 09:36:00.986468+00:00
346698,based on toy,2025-03-02 00:57:22.087248+00:00,2025-03-02 09:36:00.986468+00:00
346698,secret world,2025-03-02 00:57:22.087248+00:00,2025-03-02 09:36:00.986468+00:00
346698,celebratory,2025-03-02 00:57:22.087248+00:00,2025-03-02 09:36:00.986468+00:00
346698,barbie,2025-03-02 00:57:22.087248+00:00,2025-03-02 09:36:00.986468+00:00
346698,motherhood,2025-03-02 00:57:22.087248+00:00,2025-03-02 09:36:00.986468+00:00
346698,woman director,2025-03-02 00:57:22.087248+00:00,2025-03-02 09:36:00.986468+00:00
346698,patriarchy,2025-03-02 00:57:22.087248+00:00,2025-03-02 09:36:00.986468+00:00
346698,gender discrimination,2025-03-02 00:57:22.087248+00:00,2025-03-02 09:36:00.986468+00:00
346698,mother daughter relationship,2025-03-02 00:57:22.087248+00:00,2025-03-02 09:36:00.986468+00:00
346698,whimsical,2025-03-02 00:57:22.087248+00:00,2025-03-02 09:36:00.986468+00:00
346698,hilarious,2025-03-02 00:57:22.087248+00:00,2025-03-02 09:36:00.986468+00:00
346698,doll,2025-03-02 00:57:22.087248+00:00,2025-03-02 09:36:00.986468+00:00
346698,sarcastic,2025-03-02 00:57:22.087248+00:00,2025-03-02 09:36:00.986468+00:00
346698,satire,2025-03-02 00:57:22.087248+00:00,2025-03-02 09:36:00.986468+00:00
354759,relationship,2025-03-02 00:57:22.087248+00:00,2025-03-02 09:36:00.986468+00:00
354759,career,2025-03-02 00:57:22.087248+00:00,2025-03-02 09:36:00.986468+00:00
354759,divorce,2025-03-02 00:57:22.087248+00:00,2025-03-02 09:36:00.986468+00:00
354759,japan,2025-03-02 00:57:22.087248+00:00,2025-03-02 09:36:00.986468+00:00
357405,anime,2025-03-02 00:57:22.087248+00:00,2025-03-02 09:36:00.986468+00:00
365177,talking robot,2025-03-02 00:57:22.087248+00:00,2025-03-02 09:36:00.986468+00:00
365177,outlaw,2025-03-02 00:57:22.087248+00:00,2025-03-02 09:36:00.986468+00:00
365177,missing girl,2025-03-02 00:57:22.087248+00:00,2025-03-02 09:36:00.986468+00:00
365177,based on video game,2025-03-02 00:57:22.087248+00:00,2025-03-02 09:36:00.986468+00:00
365177,band of misfits,2025-03-02 00:57:22.087248+00:00,2025-03-02 09:36:00.986468+00:00
365177,mysterious power,2025-03-02 00:57:22.087248+00:00,2025-03-02 09:36:00.986468+00:00
365177,unlikely friendship,2025-03-02 00:57:22.087248+00:00,2025-03-02 09:36:00.986468+00:00
365620,cars,2025-03-02 00:57:22.087248+00:00,2025-03-02 09:36:00.986468+00:00
365620,1950s,2025-03-02 00:57:22.087248+00:00,2025-03-02 09:36:00.986468+00:00
365620,based on true story,2025-03-02 00:57:22.087248+00:00,2025-03-02 09:36:00.986468+00:00
365620,racing,2025-03-02 00:57:22.087248+00:00,2025-03-02 09:36:00.986468+00:00
365620,biography,2025-03-02 00:57:22.087248+00:00,2025-03-02 09:36:00.986468+00:00
365620,ferrari,2025-03-02 00:57:22.087248+00:00,2025-03-02 09:36:00.986468+00:00
365620,husband wife relationship,2025-03-02 00:57:22.087248+00:00,2025-03-02 09:36:00.986468+00:00
366672,good versus evil,2025-03-02 00:57:22.087248+00:00,2025-03-02 09:36:00.986468+00:00
366672,tyrant,2025-03-02 00:57:22.087248+00:00,2025-03-02 09:36:00.986468+00:00
366672,remake,2025-03-02 00:57:22.087248+00:00,2025-03-02 09:36:00.986468+00:00
366672,ridiculous,2025-03-02 00:57:22.087248+00:00,2025-03-02 09:36:00.986468+00:00
366672,fury,2025-03-02 00:57:22.087248+00:00,2025-03-02 09:36:00.986468+00:00
366672,cartoon cat,2025-03-02 00:57:22.087248+00:00,2025-03-02 09:36:00.986468+00:00
366672,sumo,2025-03-02 00:57:22.087248+00:00,2025-03-02 09:36:00.986468+00:00
366672,cartoon dog,2025-03-02 00:57:22.087248+00:00,2025-03-02 09:36:00.986468+00:00
366672,aftercreditsstinger,2025-03-02 00:57:22.087248+00:00,2025-03-02 09:36:00.986468+00:00
366672,racism,2025-03-02 00:57:22.087248+00:00,2025-03-02 09:36:00.986468+00:00
366672,hilarious,2025-03-02 00:57:22.087248+00:00,2025-03-02 09:36:00.986468+00:00
366672,japan,2025-03-02 00:57:22.087248+00:00,2025-03-02 09:36:00.986468+00:00
366672,samurai,2025-03-02 00:57:22.087248+00:00,2025-03-02 09:36:00.986468+00:00
366672,duringcreditsstinger,2025-03-02 00:57:22.087248+00:00,2025-03-02 09:36:00.986468+00:00
375281,literature,2025-03-02 00:57:22.087248+00:00,2025-03-02 09:36:00.986468+00:00
385687,betrayal,2025-03-02 00:57:22.087248+00:00,2025-03-02 09:36:00.986468+00:00
385687,shocking,2025-03-02 00:57:22.087248+00:00,2025-03-02 09:36:00.986468+00:00
385687,dramatic,2025-03-02 00:57:22.087248+00:00,2025-03-02 09:36:00.986468+00:00
385687,cliffhanger,2025-03-02 00:57:22.087248+00:00,2025-03-02 09:36:00.986468+00:00
385687,family,2025-03-02 00:57:22.087248+00:00,2025-03-02 09:36:00.986468+00:00
385687,revenge,2025-03-02 00:57:22.087248+00:00,2025-03-02 09:36:00.986468+00:00
385687,racing,2025-03-02 00:57:22.087248+00:00,2025-03-02 09:36:00.986468+00:00
385687,cars,2025-03-02 00:57:22.087248+00:00,2025-03-02 09:36:00.986468+00:00
385687,ominous,2025-03-02 00:57:22.087248+00:00,2025-03-02 09:36:00.986468+00:00
385687,sequel,2025-03-02 00:57:22.087248+00:00,2025-03-02 09:36:00.986468+00:00
398818,1980s,2025-03-02 00:57:22.087248+00:00,2025-03-02 09:36:00.986468+00:00
398818,upper class,2025-03-02 00:57:22.087248+00:00,2025-03-02 09:36:00.986468+00:00
398818,masturbation,2025-03-02 00:57:22.087248+00:00,2025-03-02 09:36:00.986468+00:00
398818,gay theme,2025-03-02 00:57:22.087248+00:00,2025-03-02 09:36:00.986468+00:00
398818,teenage boy,2025-03-02 00:57:22.087248+00:00,2025-03-02 09:36:00.986468+00:00
398818,love,2025-03-02 00:57:22.087248+00:00,2025-03-02 09:36:00.986468+00:00
398818,peach,2025-03-02 00:57:22.087248+00:00,2025-03-02 09:36:00.986468+00:00
398818,summer,2025-03-02 00:57:22.087248+00:00,2025-03-02 09:36:00.986468+00:00
398818,breaking the fourth wall,2025-03-02 00:57:22.087248+00:00,2025-03-02 09:36:00.986468+00:00
398818,coming of age,2025-03-02 00:57:22.087248+00:00,2025-03-02 09:36:00.986468+00:00
398818,first love,2025-03-02 00:57:22.087248+00:00,2025-03-02 09:36:00.986468+00:00
398818,jewish family,2025-03-02 00:57:22.087248+00:00,2025-03-02 09:36:00.986468+00:00
398818,swimming pool,2025-03-02 00:57:22.087248+00:00,2025-03-02 09:36:00.986468+00:00
398818,lgbt,2025-03-02 00:57:22.087248+00:00,2025-03-02 09:36:00.986468+00:00
398818,italy,2025-03-02 00:57:22.087248+00:00,2025-03-02 09:36:00.986468+00:00
398818,based on novel or book,2025-03-02 00:57:22.087248+00:00,2025-03-02 09:36:00.986468+00:00
402431,singer,2025-03-02 00:57:22.087248+00:00,2025-03-02 09:36:00.986468+00:00
402431,witch,2025-03-02 00:57:22.087248+00:00,2025-03-02 09:36:00.986468+00:00
402431,death in childbirth,2025-03-02 00:57:22.087248+00:00,2025-03-02 09:36:00.986468+00:00
402431,wizard,2025-03-02 00:57:22.087248+00:00,2025-03-02 09:36:00.986468+00:00
402431,based on novel or book,2025-03-02 00:57:22.087248+00:00,2025-03-02 09:36:00.986468+00:00
402431,discrimination,2025-03-02 00:57:22.087248+00:00,2025-03-02 09:36:00.986468+00:00
402431,fantasy world,2025-03-02 00:57:22.087248+00:00,2025-03-02 09:36:00.986468+00:00
402431,based on play or musical,2025-03-02 00:57:22.087248+00:00,2025-03-02 09:36:00.986468+00:00
402431,fantasy comedy,2025-03-02 00:57:22.087248+00:00,2025-03-02 09:36:00.986468+00:00
402431,wish,2025-03-02 00:57:22.087248+00:00,2025-03-02 09:36:00.986468+00:00
402431,musical,2025-03-02 00:57:22.087248+00:00,2025-03-02 09:36:00.986468+00:00
402431,prequel,2025-03-02 00:57:22.087248+00:00,2025-03-02 09:36:00.986468+00:00
402431,woman in wheelchair,2025-03-02 00:57:22.087248+00:00,2025-03-02 09:36:00.986468+00:00
402431,college,2025-03-02 00:57:22.087248+00:00,2025-03-02 09:36:00.986468+00:00
402431,gravity,2025-03-02 00:57:22.087248+00:00,2025-03-02 09:36:00.986468+00:00
402431,dancing,2025-03-02 00:57:22.087248+00:00,2025-03-02 09:36:00.986468+00:00
402431,romantic fantasy,2025-03-02 00:57:22.087248+00:00,2025-03-02 09:36:00.986468+00:00
402431,corrupt politician,2025-03-02 00:57:22.087248+00:00,2025-03-02 09:36:00.986468+00:00
402431,belonging,2025-03-02 00:57:22.087248+00:00,2025-03-02 09:36:00.986468+00:00
402431,bullying,2025-03-02 00:57:22.087248+00:00,2025-03-02 09:36:00.986468+00:00
402431,ostracism,2025-03-02 00:57:22.087248+00:00,2025-03-02 09:36:00.986468+00:00
402431,sister sister relationship,2025-03-02 00:57:22.087248+00:00,2025-03-02 09:36:00.986468+00:00
402431,fantasy,2025-03-02 00:57:22.087248+00:00,2025-03-02 09:36:00.986468+00:00
402431,celebrity,2025-03-02 00:57:22.087248+00:00,2025-03-02 09:36:00.986468+00:00
402431,singing,2025-03-02 00:57:22.087248+00:00,2025-03-02 09:36:00.986468+00:00
402431,pathetic,2025-03-02 00:57:22.087248+00:00,2025-03-02 09:36:00.986468+00:00
402431,female friendship,2025-03-02 00:57:22.087248+00:00,2025-03-02 09:36:00.986468+00:00
402431,frustrated,2025-03-02 00:57:22.087248+00:00,2025-03-02 09:36:00.986468+00:00
402431,musical comedy,2025-03-02 00:57:22.087248+00:00,2025-03-02 09:36:00.986468+00:00
406759,moon,2025-03-02 00:57:22.087248+00:00,2025-03-02 09:36:00.986468+00:00
406759,alien life-form,2025-03-02 00:57:22.087248+00:00,2025-03-02 09:36:00.986468+00:00
406759,alternate history,2025-03-02 00:57:22.087248+00:00,2025-03-02 09:36:00.986468+00:00
406759,conspiracy theorist,2025-03-02 00:57:22.087248+00:00,2025-03-02 09:36:00.986468+00:00
406759,astronaut,2025-03-02 00:57:22.087248+00:00,2025-03-02 09:36:00.986468+00:00
406759,space travel,2025-03-02 00:57:22.087248+00:00,2025-03-02 09:36:00.986468+00:00
406759,space shuttle,2025-03-02 00:57:22.087248+00:00,2025-03-02 09:36:00.986468+00:00
406759,armageddon,2025-03-02 00:57:22.087248+00:00,2025-03-02 09:36:00.986468+00:00
406759,moon falling,2025-03-02 00:57:22.087248+00:00,2025-03-02 09:36:00.986468+00:00
406759,looting,2025-03-02 00:57:22.087248+00:00,2025-03-02 09:36:00.986468+00:00
406759,apocalypse,2025-03-02 00:57:22.087248+00:00,2025-03-02 09:36:00.986468+00:00
406759,disaster,2025-03-02 00:57:22.087248+00:00,2025-03-02 09:36:00.986468+00:00
406759,disaster movie,2025-03-02 00:57:22.087248+00:00,2025-03-02 09:36:00.986468+00:00
406759,stepfather,2025-03-02 00:57:22.087248+00:00,2025-03-02 09:36:00.986468+00:00
406759,flooding,2025-03-02 00:57:22.087248+00:00,2025-03-02 09:36:00.986468+00:00
406759,trapped in space,2025-03-02 00:57:22.087248+00:00,2025-03-02 09:36:00.986468+00:00
406759,lost civilisation,2025-03-02 00:57:22.087248+00:00,2025-03-02 09:36:00.986468+00:00
414906,secret identity,2025-03-02 00:57:22.087248+00:00,2025-03-02 09:36:00.986468+00:00
414906,murder investigation,2025-03-02 00:57:22.087248+00:00,2025-03-02 09:36:00.986468+00:00
414906,psychopath,2025-03-02 00:57:22.087248+00:00,2025-03-02 09:36:00.986468+00:00
414906,dc acción real,2025-03-02 00:57:22.087248+00:00,2025-03-02 09:36:00.986468+00:00
414906,politician,2025-03-02 00:57:22.087248+00:00,2025-03-02 09:36:00.986468+00:00
414906,political corruption,2025-03-02 00:57:22.087248+00:00,2025-03-02 09:36:00.986468+00:00
414906,mayoral election,2025-03-02 00:57:22.087248+00:00,2025-03-02 09:36:00.986468+00:00
414906,masked superhero,2025-03-02 00:57:22.087248+00:00,2025-03-02 09:36:00.986468+00:00
414906,police,2025-03-02 00:57:22.087248+00:00,2025-03-02 09:36:00.986468+00:00
414906,superhero,2025-03-02 00:57:22.087248+00:00,2025-03-02 09:36:00.986468+00:00
414906,serial killer,2025-03-02 00:57:22.087248+00:00,2025-03-02 09:36:00.986468+00:00
414906,neo-noir,2025-03-02 00:57:22.087248+00:00,2025-03-02 09:36:00.986468+00:00
414906,millionaire,2025-03-02 00:57:22.087248+00:00,2025-03-02 09:36:00.986468+00:00
414906,social injustice,2025-03-02 00:57:22.087248+00:00,2025-03-02 09:36:00.986468+00:00
414906,nightclub,2025-03-02 00:57:22.087248+00:00,2025-03-02 09:36:00.986468+00:00
414906,aftercreditsstinger,2025-03-02 00:57:22.087248+00:00,2025-03-02 09:36:00.986468+00:00
414906,crime fighter,2025-03-02 00:57:22.087248+00:00,2025-03-02 09:36:00.986468+00:00
414906,batman,2025-03-02 00:57:22.087248+00:00,2025-03-02 09:36:00.986468+00:00
414906,vigilante,2025-03-02 00:57:22.087248+00:00,2025-03-02 09:36:00.986468+00:00
414906,vengeance,2025-03-02 00:57:22.087248+00:00,2025-03-02 09:36:00.986468+00:00
414906,organized crime,2025-03-02 00:57:22.087248+00:00,2025-03-02 09:36:00.986468+00:00
414906,tense,2025-03-02 00:57:22.087248+00:00,2025-03-02 09:36:00.986468+00:00
414906,based on comic,2025-03-02 00:57:22.087248+00:00,2025-03-02 09:36:00.986468+00:00
420634,halloween,2025-03-02 00:57:22.087248+00:00,2025-03-02 09:36:00.986468+00:00
420634,killer clown,2025-03-02 00:57:22.087248+00:00,2025-03-02 09:36:00.986468+00:00
420634,evil clown,2025-03-02 00:57:22.087248+00:00,2025-03-02 09:36:00.986468+00:00
420634,maniac,2025-03-02 00:57:22.087248+00:00,2025-03-02 09:36:00.986468+00:00
420634,based on short,2025-03-02 00:57:22.087248+00:00,2025-03-02 09:36:00.986468+00:00
420634,independent film,2025-03-02 00:57:22.087248+00:00,2025-03-02 09:36:00.986468+00:00
420634,slasher,2025-03-02 00:57:22.087248+00:00,2025-03-02 09:36:00.986468+00:00
420634,clown,2025-03-02 00:57:22.087248+00:00,2025-03-02 09:36:00.986468+00:00
420634,gore,2025-03-02 00:57:22.087248+00:00,2025-03-02 09:36:00.986468+00:00
423108,religious horror,2025-03-02 00:57:22.087248+00:00,2025-03-02 09:36:00.986468+00:00
423108,somber,2025-03-02 00:57:22.087248+00:00,2025-03-02 09:36:00.986468+00:00
423108,1980s,2025-03-02 00:57:22.087248+00:00,2025-03-02 09:36:00.986468+00:00
423108,frightened,2025-03-02 00:57:22.087248+00:00,2025-03-02 09:36:00.986468+00:00
423108,sequel,2025-03-02 00:57:22.087248+00:00,2025-03-02 09:36:00.986468+00:00
423108,exorcism,2025-03-02 00:57:22.087248+00:00,2025-03-02 09:36:00.986468+00:00
423108,the conjuring universe,2025-03-02 00:57:22.087248+00:00,2025-03-02 09:36:00.986468+00:00
423108,supernatural,2025-03-02 00:57:22.087248+00:00,2025-03-02 09:36:00.986468+00:00
423108,paranormal investigation,2025-03-02 00:57:22.087248+00:00,2025-03-02 09:36:00.986468+00:00
423108,connecticut,2025-03-02 00:57:22.087248+00:00,2025-03-02 09:36:00.986468+00:00
423333,son,2025-03-02 00:57:22.087248+00:00,2025-03-02 09:36:00.986468+00:00
423333,mass shooting,2025-03-02 00:57:22.087248+00:00,2025-03-02 09:36:00.986468+00:00
423333,school shooting,2025-03-02 00:57:22.087248+00:00,2025-03-02 09:36:00.986468+00:00
423333,death,2025-03-02 00:57:22.087248+00:00,2025-03-02 09:36:00.986468+00:00
423333,parents,2025-03-02 00:57:22.087248+00:00,2025-03-02 09:36:00.986468+00:00
423333,reflective,2025-03-02 00:57:22.087248+00:00,2025-03-02 09:36:00.986468+00:00
423333,forgiveness,2025-03-02 00:57:22.087248+00:00,2025-03-02 09:36:00.986468+00:00
423333,tragedy,2025-03-02 00:57:22.087248+00:00,2025-03-02 09:36:00.986468+00:00
423333,death of son,2025-03-02 00:57:22.087248+00:00,2025-03-02 09:36:00.986468+00:00
423333,death of a loved one,2025-03-02 00:57:22.087248+00:00,2025-03-02 09:36:00.986468+00:00
423333,church,2025-03-02 00:57:22.087248+00:00,2025-03-02 09:36:00.986468+00:00
423333,grief,2025-03-02 00:57:22.087248+00:00,2025-03-02 09:36:00.986468+00:00
429191,waitress,2025-03-02 00:57:22.087248+00:00,2025-03-02 09:36:00.986468+00:00
429191,loss,2025-03-02 00:57:22.087248+00:00,2025-03-02 09:36:00.986468+00:00
429191,singer,2025-03-02 00:57:22.087248+00:00,2025-03-02 09:36:00.986468+00:00
429191,death of lover,2025-03-02 00:57:22.087248+00:00,2025-03-02 09:36:00.986468+00:00
429191,south america,2025-03-02 00:57:22.087248+00:00,2025-03-02 09:36:00.986468+00:00
429191,chile,2025-03-02 00:57:22.087248+00:00,2025-03-02 09:36:00.986468+00:00
429191,transgender,2025-03-02 00:57:22.087248+00:00,2025-03-02 09:36:00.986468+00:00
436270,superhero,2025-03-02 00:57:22.087248+00:00,2025-03-02 09:36:00.986468+00:00
436270,based on comic,2025-03-02 00:57:22.087248+00:00,2025-03-02 09:36:00.986468+00:00
436270,dc extended universe (dceu),2025-03-02 00:57:22.087248+00:00,2025-03-02 09:36:00.986468+00:00
436270,demon,2025-03-02 00:57:22.087248+00:00,2025-03-02 09:36:00.986468+00:00
436270,anti hero,2025-03-02 00:57:22.087248+00:00,2025-03-02 09:36:00.986468+00:00
436270,duringcreditsstinger,2025-03-02 00:57:22.087248+00:00,2025-03-02 09:36:00.986468+00:00
436270,lightning,2025-03-02 00:57:22.087248+00:00,2025-03-02 09:36:00.986468+00:00
436270,superhero team,2025-03-02 00:57:22.087248+00:00,2025-03-02 09:36:00.986468+00:00
437342,female protagonist,2025-03-02 00:57:22.087248+00:00,2025-03-02 09:36:00.986468+00:00
437342,anti-christ,2025-03-02 00:57:22.087248+00:00,2025-03-02 09:36:00.986468+00:00
437342,freaky,2025-03-02 00:57:22.087248+00:00,2025-03-02 09:36:00.986468+00:00
437342,prequel,2025-03-02 00:57:22.087248+00:00,2025-03-02 09:36:00.986468+00:00
437342,revelation,2025-03-02 00:57:22.087248+00:00,2025-03-02 09:36:00.986468+00:00
437342,italy,2025-03-02 00:57:22.087248+00:00,2025-03-02 09:36:00.986468+00:00
437342,nun,2025-03-02 00:57:22.087248+00:00,2025-03-02 09:36:00.986468+00:00
437342,priest,2025-03-02 00:57:22.087248+00:00,2025-03-02 09:36:00.986468+00:00
437342,prophecy,2025-03-02 00:57:22.087248+00:00,2025-03-02 09:36:00.986468+00:00
437342,dark secret,2025-03-02 00:57:22.087248+00:00,2025-03-02 09:36:00.986468+00:00
437342,macabre,2025-03-02 00:57:22.087248+00:00,2025-03-02 09:36:00.986468+00:00
437342,religious horror,2025-03-02 00:57:22.087248+00:00,2025-03-02 09:36:00.986468+00:00
437342,shocking,2025-03-02 00:57:22.087248+00:00,2025-03-02 09:36:00.986468+00:00
437342,church,2025-03-02 00:57:22.087248+00:00,2025-03-02 09:36:00.986468+00:00
437342,devil's son,2025-03-02 00:57:22.087248+00:00,2025-03-02 09:36:00.986468+00:00
438030,sexual assault,2025-03-02 00:57:22.087248+00:00,2025-03-02 09:36:00.986468+00:00
438631,foreboding,2025-03-02 00:57:22.087248+00:00,2025-03-02 09:36:00.986468+00:00
438631,audacious,2025-03-02 00:57:22.087248+00:00,2025-03-02 09:36:00.986468+00:00
438631,baron,2025-03-02 00:57:22.087248+00:00,2025-03-02 09:36:00.986468+00:00
438631,sand,2025-03-02 00:57:22.087248+00:00,2025-03-02 09:36:00.986468+00:00
438631,awestruck,2025-03-02 00:57:22.087248+00:00,2025-03-02 09:36:00.986468+00:00
438631,powerful,2025-03-02 00:57:22.087248+00:00,2025-03-02 09:36:00.986468+00:00
438631,bold,2025-03-02 00:57:22.087248+00:00,2025-03-02 09:36:00.986468+00:00
438631,intense,2025-03-02 00:57:22.087248+00:00,2025-03-02 09:36:00.986468+00:00
438631,giant worm,2025-03-02 00:57:22.087248+00:00,2025-03-02 09:36:00.986468+00:00
438631,spice,2025-03-02 00:57:22.087248+00:00,2025-03-02 09:36:00.986468+00:00
438631,future,2025-03-02 00:57:22.087248+00:00,2025-03-02 09:36:00.986468+00:00
438631,creature,2025-03-02 00:57:22.087248+00:00,2025-03-02 09:36:00.986468+00:00
438631,dystopia,2025-03-02 00:57:22.087248+00:00,2025-03-02 09:36:00.986468+00:00
438631,destiny,2025-03-02 00:57:22.087248+00:00,2025-03-02 09:36:00.986468+00:00
438631,wonder,2025-03-02 00:57:22.087248+00:00,2025-03-02 09:36:00.986468+00:00
438631,prophecy,2025-03-02 00:57:22.087248+00:00,2025-03-02 09:36:00.986468+00:00
438631,empire,2025-03-02 00:57:22.087248+00:00,2025-03-02 09:36:00.986468+00:00
438631,space,2025-03-02 00:57:22.087248+00:00,2025-03-02 09:36:00.986468+00:00
438631,suspenseful,2025-03-02 00:57:22.087248+00:00,2025-03-02 09:36:00.986468+00:00
438631,epic,2025-03-02 00:57:22.087248+00:00,2025-03-02 09:36:00.986468+00:00
438631,grand,2025-03-02 00:57:22.087248+00:00,2025-03-02 09:36:00.986468+00:00
438631,betrayal,2025-03-02 00:57:22.087248+00:00,2025-03-02 09:36:00.986468+00:00
438631,mother son relationship,2025-03-02 00:57:22.087248+00:00,2025-03-02 09:36:00.986468+00:00
438631,messiah,2025-03-02 00:57:22.087248+00:00,2025-03-02 09:36:00.986468+00:00
438631,space opera,2025-03-02 00:57:22.087248+00:00,2025-03-02 09:36:00.986468+00:00
438631,emperor,2025-03-02 00:57:22.087248+00:00,2025-03-02 09:36:00.986468+00:00
438631,treason,2025-03-02 00:57:22.087248+00:00,2025-03-02 09:36:00.986468+00:00
438631,knife fight,2025-03-02 00:57:22.087248+00:00,2025-03-02 09:36:00.986468+00:00
438631,revenge,2025-03-02 00:57:22.087248+00:00,2025-03-02 09:36:00.986468+00:00
438631,premonition,2025-03-02 00:57:22.087248+00:00,2025-03-02 09:36:00.986468+00:00
438631,based on novel or book,2025-03-02 00:57:22.087248+00:00,2025-03-02 09:36:00.986468+00:00
438631,domineering,2025-03-02 00:57:22.087248+00:00,2025-03-02 09:36:00.986468+00:00
438631,giant creature,2025-03-02 00:57:22.087248+00:00,2025-03-02 09:36:00.986468+00:00
438631,sand dune,2025-03-02 00:57:22.087248+00:00,2025-03-02 09:36:00.986468+00:00
438631,army,2025-03-02 00:57:22.087248+00:00,2025-03-02 09:36:00.986468+00:00
438631,desert,2025-03-02 00:57:22.087248+00:00,2025-03-02 09:36:00.986468+00:00
438631,water shortage,2025-03-02 00:57:22.087248+00:00,2025-03-02 09:36:00.986468+00:00
438631,hallucinogen,2025-03-02 00:57:22.087248+00:00,2025-03-02 09:36:00.986468+00:00
438695,stage,2025-03-02 00:57:22.087248+00:00,2025-03-02 09:36:00.986468+00:00
438695,villain,2025-03-02 00:57:22.087248+00:00,2025-03-02 09:36:00.986468+00:00
438695,wolf,2025-03-02 00:57:22.087248+00:00,2025-03-02 09:36:00.986468+00:00
438695,singing,2025-03-02 00:57:22.087248+00:00,2025-03-02 09:36:00.986468+00:00
438695,illumination,2025-03-02 00:57:22.087248+00:00,2025-03-02 09:36:00.986468+00:00
438695,anthropomorphism,2025-03-02 00:57:22.087248+00:00,2025-03-02 09:36:00.986468+00:00
438695,animals,2025-03-02 00:57:22.087248+00:00,2025-03-02 09:36:00.986468+00:00
438695,villain arrested,2025-03-02 00:57:22.087248+00:00,2025-03-02 09:36:00.986468+00:00
438695,suspenseful,2025-03-02 00:57:22.087248+00:00,2025-03-02 09:36:00.986468+00:00
438695,thug,2025-03-02 00:57:22.087248+00:00,2025-03-02 09:36:00.986468+00:00
438695,sequel,2025-03-02 00:57:22.087248+00:00,2025-03-02 09:36:00.986468+00:00
447277,witch,2025-03-02 00:57:22.087248+00:00,2025-03-02 09:36:00.986468+00:00
447277,musical,2025-03-02 00:57:22.087248+00:00,2025-03-02 09:36:00.986468+00:00
447277,mermaid,2025-03-02 00:57:22.087248+00:00,2025-03-02 09:36:00.986468+00:00
447277,based on fairy tale,2025-03-02 00:57:22.087248+00:00,2025-03-02 09:36:00.986468+00:00
447277,live action remake,2025-03-02 00:57:22.087248+00:00,2025-03-02 09:36:00.986468+00:00
447365,superhero,2025-03-02 00:57:22.087248+00:00,2025-03-02 09:36:00.986468+00:00
447365,melancholy,2025-03-02 00:57:22.087248+00:00,2025-03-02 09:36:00.986468+00:00
447365,marvel cinematic universe (mcu),2025-03-02 00:57:22.087248+00:00,2025-03-02 09:36:00.986468+00:00
447365,sequel,2025-03-02 00:57:22.087248+00:00,2025-03-02 09:36:00.986468+00:00
447365,duringcreditsstinger,2025-03-02 00:57:22.087248+00:00,2025-03-02 09:36:00.986468+00:00
447365,aftercreditsstinger,2025-03-02 00:57:22.087248+00:00,2025-03-02 09:36:00.986468+00:00
447365,hopeless,2025-03-02 00:57:22.087248+00:00,2025-03-02 09:36:00.986468+00:00
447365,lighthearted,2025-03-02 00:57:22.087248+00:00,2025-03-02 09:36:00.986468+00:00
447365,outer space,2025-03-02 00:57:22.087248+00:00,2025-03-02 09:36:00.986468+00:00
447365,mad scientist,2025-03-02 00:57:22.087248+00:00,2025-03-02 09:36:00.986468+00:00
447365,sympathetic,2025-03-02 00:57:22.087248+00:00,2025-03-02 09:36:00.986468+00:00
447365,straightforward,2025-03-02 00:57:22.087248+00:00,2025-03-02 09:36:00.986468+00:00
447365,superhero team,2025-03-02 00:57:22.087248+00:00,2025-03-02 09:36:00.986468+00:00
447365,raccoon,2025-03-02 00:57:22.087248+00:00,2025-03-02 09:36:00.986468+00:00
447365,hilarious,2025-03-02 00:57:22.087248+00:00,2025-03-02 09:36:00.986468+00:00
447365,based on comic,2025-03-02 00:57:22.087248+00:00,2025-03-02 09:36:00.986468+00:00
447365,space opera,2025-03-02 00:57:22.087248+00:00,2025-03-02 09:36:00.986468+00:00
447365,euphoric,2025-03-02 00:57:22.087248+00:00,2025-03-02 09:36:00.986468+00:00
447365,chosen family,2025-03-02 00:57:22.087248+00:00,2025-03-02 09:36:00.986468+00:00
447365,hero,2025-03-02 00:57:22.087248+00:00,2025-03-02 09:36:00.986468+00:00
447365,empathetic,2025-03-02 00:57:22.087248+00:00,2025-03-02 09:36:00.986468+00:00
447365,cosmic,2025-03-02 00:57:22.087248+00:00,2025-03-02 09:36:00.986468+00:00
447365,disheartening,2025-03-02 00:57:22.087248+00:00,2025-03-02 09:36:00.986468+00:00
447365,hopeful,2025-03-02 00:57:22.087248+00:00,2025-03-02 09:36:00.986468+00:00
447365,enthusiastic,2025-03-02 00:57:22.087248+00:00,2025-03-02 09:36:00.986468+00:00
447365,cheerful,2025-03-02 00:57:22.087248+00:00,2025-03-02 09:36:00.986468+00:00
453395,alternative reality,2025-03-02 00:57:22.087248+00:00,2025-03-02 09:36:00.986468+00:00
453395,magic,2025-03-02 00:57:22.087248+00:00,2025-03-02 09:36:00.986468+00:00
453395,based on comic,2025-03-02 00:57:22.087248+00:00,2025-03-02 09:36:00.986468+00:00
453395,superhero,2025-03-02 00:57:22.087248+00:00,2025-03-02 09:36:00.986468+00:00
453395,marvel cinematic universe (mcu),2025-03-02 00:57:22.087248+00:00,2025-03-02 09:36:00.986468+00:00
453395,duringcreditsstinger,2025-03-02 00:57:22.087248+00:00,2025-03-02 09:36:00.986468+00:00
453395,aftercreditsstinger,2025-03-02 00:57:22.087248+00:00,2025-03-02 09:36:00.986468+00:00
454527,trial,2025-03-02 00:57:22.087248+00:00,2025-03-02 09:36:00.986468+00:00
454527,torture,2025-03-02 00:57:22.087248+00:00,2025-03-02 09:36:00.986468+00:00
454527,lesbian relationship,2025-03-02 00:57:22.087248+00:00,2025-03-02 09:36:00.986468+00:00
454527,provocative,2025-03-02 00:57:22.087248+00:00,2025-03-02 09:36:00.986468+00:00
454527,suicide,2025-03-02 00:57:22.087248+00:00,2025-03-02 09:36:00.986468+00:00
454527,italy,2025-03-02 00:57:22.087248+00:00,2025-03-02 09:36:00.986468+00:00
454527,flagellation,2025-03-02 00:57:22.087248+00:00,2025-03-02 09:36:00.986468+00:00
454527,peep hole,2025-03-02 00:57:22.087248+00:00,2025-03-02 09:36:00.986468+00:00
454527,17th century,2025-03-02 00:57:22.087248+00:00,2025-03-02 09:36:00.986468+00:00
454527,based on true story,2025-03-02 00:57:22.087248+00:00,2025-03-02 09:36:00.986468+00:00
454527,nun,2025-03-02 00:57:22.087248+00:00,2025-03-02 09:36:00.986468+00:00
454527,convent (nunnery),2025-03-02 00:57:22.087248+00:00,2025-03-02 09:36:00.986468+00:00
454527,lesbian nun,2025-03-02 00:57:22.087248+00:00,2025-03-02 09:36:00.986468+00:00
454527,visions,2025-03-02 00:57:22.087248+00:00,2025-03-02 09:36:00.986468+00:00
454527,lgbt,2025-03-02 00:57:22.087248+00:00,2025-03-02 09:36:00.986468+00:00
454527,mother superior,2025-03-02 00:57:22.087248+00:00,2025-03-02 09:36:00.986468+00:00
454527,nunsploitation,2025-03-02 00:57:22.087248+00:00,2025-03-02 09:36:00.986468+00:00
454527,plague,2025-03-02 00:57:22.087248+00:00,2025-03-02 09:36:00.986468+00:00
454527,based on novel or book,2025-03-02 00:57:22.087248+00:00,2025-03-02 09:36:00.986468+00:00
459151,family,2025-03-02 00:57:22.087248+00:00,2025-03-02 09:36:00.986468+00:00
459151,baby,2025-03-02 00:57:22.087248+00:00,2025-03-02 09:36:00.986468+00:00
459151,boss,2025-03-02 00:57:22.087248+00:00,2025-03-02 09:36:00.986468+00:00
459151,sequel,2025-03-02 00:57:22.087248+00:00,2025-03-02 09:36:00.986468+00:00
459151,sibling,2025-03-02 00:57:22.087248+00:00,2025-03-02 09:36:00.986468+00:00
460458,lockdown,2025-03-02 00:57:22.087248+00:00,2025-03-02 09:36:00.986468+00:00
460458,ghost town,2025-03-02 00:57:22.087248+00:00,2025-03-02 09:36:00.986468+00:00
460458,mansion,2025-03-02 00:57:22.087248+00:00,2025-03-02 09:36:00.986468+00:00
460458,bitter,2025-03-02 00:57:22.087248+00:00,2025-03-02 09:36:00.986468+00:00
460458,infection,2025-03-02 00:57:22.087248+00:00,2025-03-02 09:36:00.986468+00:00
460458,mutant,2025-03-02 00:57:22.087248+00:00,2025-03-02 09:36:00.986468+00:00
460458,secret experiment,2025-03-02 00:57:22.087248+00:00,2025-03-02 09:36:00.986468+00:00
460458,1990s,2025-03-02 00:57:22.087248+00:00,2025-03-02 09:36:00.986468+00:00
460458,duringcreditsstinger,2025-03-02 00:57:22.087248+00:00,2025-03-02 09:36:00.986468+00:00
460458,dystopia,2025-03-02 00:57:22.087248+00:00,2025-03-02 09:36:00.986468+00:00
460458,based on video game,2025-03-02 00:57:22.087248+00:00,2025-03-02 09:36:00.986468+00:00
460458,reboot,2025-03-02 00:57:22.087248+00:00,2025-03-02 09:36:00.986468+00:00
460458,disheartening,2025-03-02 00:57:22.087248+00:00,2025-03-02 09:36:00.986468+00:00
460458,police station,2025-03-02 00:57:22.087248+00:00,2025-03-02 09:36:00.986468+00:00
460458,orphanage,2025-03-02 00:57:22.087248+00:00,2025-03-02 09:36:00.986468+00:00
460458,zombie,2025-03-02 00:57:22.087248+00:00,2025-03-02 09:36:00.986468+00:00
460458,biological weapon,2025-03-02 00:57:22.087248+00:00,2025-03-02 09:36:00.986468+00:00
461078,anime,2025-03-02 00:57:22.087248+00:00,2025-03-02 09:36:00.986468+00:00
461078,coming of age,2025-03-02 00:57:22.087248+00:00,2025-03-02 09:36:00.986468+00:00
461078,radio station,2025-03-02 00:57:22.087248+00:00,2025-03-02 09:36:00.986468+00:00
461078,art,2025-03-02 00:57:22.087248+00:00,2025-03-02 09:36:00.986468+00:00
461078,slice of life,2025-03-02 00:57:22.087248+00:00,2025-03-02 09:36:00.986468+00:00
461078,summer,2025-03-02 00:57:22.087248+00:00,2025-03-02 09:36:00.986468+00:00
464768,robot,2025-03-02 00:57:22.087248+00:00,2025-03-02 09:36:00.986468+00:00
464768,monster,2025-03-02 00:57:22.087248+00:00,2025-03-02 09:36:00.986468+00:00
464768,apologetic,2025-03-02 00:57:22.087248+00:00,2025-03-02 09:36:00.986468+00:00
464768,adoring,2025-03-02 00:57:22.087248+00:00,2025-03-02 09:36:00.986468+00:00
464768,appreciative,2025-03-02 00:57:22.087248+00:00,2025-03-02 09:36:00.986468+00:00
464768,provocative,2025-03-02 00:57:22.087248+00:00,2025-03-02 09:36:00.986468+00:00
464768,awestruck,2025-03-02 00:57:22.087248+00:00,2025-03-02 09:36:00.986468+00:00
464768,admiring,2025-03-02 00:57:22.087248+00:00,2025-03-02 09:36:00.986468+00:00
464768,enchant,2025-03-02 00:57:22.087248+00:00,2025-03-02 09:36:00.986468+00:00
464768,stop motion,2025-03-02 00:57:22.087248+00:00,2025-03-02 09:36:00.986468+00:00
464768,amused,2025-03-02 00:57:22.087248+00:00,2025-03-02 09:36:00.986468+00:00
464768,audacious,2025-03-02 00:57:22.087248+00:00,2025-03-02 09:36:00.986468+00:00
466420,meta,2025-03-02 00:57:22.087248+00:00,2025-03-02 09:36:00.986468+00:00
466420,racism,2025-03-02 00:57:22.087248+00:00,2025-03-02 09:36:00.986468+00:00
466420,poisoning,2025-03-02 00:57:22.087248+00:00,2025-03-02 09:36:00.986468+00:00
466420,diabetes,2025-03-02 00:57:22.087248+00:00,2025-03-02 09:36:00.986468+00:00
466420,uncle nephew relationship,2025-03-02 00:57:22.087248+00:00,2025-03-02 09:36:00.986468+00:00
466420,husband wife relationship,2025-03-02 00:57:22.087248+00:00,2025-03-02 09:36:00.986468+00:00
466420,factual,2025-03-02 00:57:22.087248+00:00,2025-03-02 09:36:00.986468+00:00
466420,genocide,2025-03-02 00:57:22.087248+00:00,2025-03-02 09:36:00.986468+00:00
466420,based on novel or book,2025-03-02 00:57:22.087248+00:00,2025-03-02 09:36:00.986468+00:00
466420,true crime,2025-03-02 00:57:22.087248+00:00,2025-03-02 09:36:00.986468+00:00
466420,1920s,2025-03-02 00:57:22.087248+00:00,2025-03-02 09:36:00.986468+00:00
466420,empathetic,2025-03-02 00:57:22.087248+00:00,2025-03-02 09:36:00.986468+00:00
466420,series of murders,2025-03-02 00:57:22.087248+00:00,2025-03-02 09:36:00.986468+00:00
466420,native american,2025-03-02 00:57:22.087248+00:00,2025-03-02 09:36:00.986468+00:00
466420,based on true story,2025-03-02 00:57:22.087248+00:00,2025-03-02 09:36:00.986468+00:00
466420,catholicism,2025-03-02 00:57:22.087248+00:00,2025-03-02 09:36:00.986468+00:00
466420,complex,2025-03-02 00:57:22.087248+00:00,2025-03-02 09:36:00.986468+00:00
466420,western,2025-03-02 00:57:22.087248+00:00,2025-03-02 09:36:00.986468+00:00
466420,guilt,2025-03-02 00:57:22.087248+00:00,2025-03-02 09:36:00.986468+00:00
466420,cautionary,2025-03-02 00:57:22.087248+00:00,2025-03-02 09:36:00.986468+00:00
466420,oil industry,2025-03-02 00:57:22.087248+00:00,2025-03-02 09:36:00.986468+00:00
466420,shocking,2025-03-02 00:57:22.087248+00:00,2025-03-02 09:36:00.986468+00:00
466420,death of sister,2025-03-02 00:57:22.087248+00:00,2025-03-02 09:36:00.986468+00:00
466420,manipulation,2025-03-02 00:57:22.087248+00:00,2025-03-02 09:36:00.986468+00:00
466420,war veteran,2025-03-02 00:57:22.087248+00:00,2025-03-02 09:36:00.986468+00:00
466420,tragic,2025-03-02 00:57:22.087248+00:00,2025-03-02 09:36:00.986468+00:00
466420,oklahoma,2025-03-02 00:57:22.087248+00:00,2025-03-02 09:36:00.986468+00:00
466420,gullibility,2025-03-02 00:57:22.087248+00:00,2025-03-02 09:36:00.986468+00:00
466420,courtroom,2025-03-02 00:57:22.087248+00:00,2025-03-02 09:36:00.986468+00:00
466420,osage indian,2025-03-02 00:57:22.087248+00:00,2025-03-02 09:36:00.986468+00:00
466420,fbi,2025-03-02 00:57:22.087248+00:00,2025-03-02 09:36:00.986468+00:00
466420,period drama,2025-03-02 00:57:22.087248+00:00,2025-03-02 09:36:00.986468+00:00
466420,harsh,2025-03-02 00:57:22.087248+00:00,2025-03-02 09:36:00.986468+00:00
466420,revisionist western,2025-03-02 00:57:22.087248+00:00,2025-03-02 09:36:00.986468+00:00
466420,catholic guilt,2025-03-02 00:57:22.087248+00:00,2025-03-02 09:36:00.986468+00:00
466420,grand,2025-03-02 00:57:22.087248+00:00,2025-03-02 09:36:00.986468+00:00
466420,depressing,2025-03-02 00:57:22.087248+00:00,2025-03-02 09:36:00.986468+00:00
466420,murder,2025-03-02 00:57:22.087248+00:00,2025-03-02 09:36:00.986468+00:00
466420,greed,2025-03-02 00:57:22.087248+00:00,2025-03-02 09:36:00.986468+00:00
466420,candid,2025-03-02 00:57:22.087248+00:00,2025-03-02 09:36:00.986468+00:00
466420,grim,2025-03-02 00:57:22.087248+00:00,2025-03-02 09:36:00.986468+00:00
467244,garden,2025-03-02 00:57:22.087248+00:00,2025-03-02 09:36:00.986468+00:00
467244,1940s,2025-03-02 00:57:22.087248+00:00,2025-03-02 09:36:00.986468+00:00
467244,biography,2025-03-02 00:57:22.087248+00:00,2025-03-02 09:36:00.986468+00:00
467244,commandant,2025-03-02 00:57:22.087248+00:00,2025-03-02 09:36:00.986468+00:00
467244,genocide,2025-03-02 00:57:22.087248+00:00,2025-03-02 09:36:00.986468+00:00
467244,holocaust (shoah),2025-03-02 00:57:22.087248+00:00,2025-03-02 09:36:00.986468+00:00
467244,nazi,2025-03-02 00:57:22.087248+00:00,2025-03-02 09:36:00.986468+00:00
467244,complicity,2025-03-02 00:57:22.087248+00:00,2025-03-02 09:36:00.986468+00:00
467244,auschwitz-birkenau concentration camp,2025-03-02 00:57:22.087248+00:00,2025-03-02 09:36:00.986468+00:00
467244,based on true story,2025-03-02 00:57:22.087248+00:00,2025-03-02 09:36:00.986468+00:00
467244,husband wife relationship,2025-03-02 00:57:22.087248+00:00,2025-03-02 09:36:00.986468+00:00
467244,based on novel or book,2025-03-02 00:57:22.087248+00:00,2025-03-02 09:36:00.986468+00:00
467244,concentration camp,2025-03-02 00:57:22.087248+00:00,2025-03-02 09:36:00.986468+00:00
467244,world war ii,2025-03-02 00:57:22.087248+00:00,2025-03-02 09:36:00.986468+00:00
467244,nazi officer,2025-03-02 00:57:22.087248+00:00,2025-03-02 09:36:00.986468+00:00
473888,composer,2025-03-02 00:57:22.087248+00:00,2025-03-02 09:36:00.986468+00:00
473888,live performance,2025-03-02 00:57:22.087248+00:00,2025-03-02 09:36:00.986468+00:00
473888,fukushima disaster (2011),2025-03-02 00:57:22.087248+00:00,2025-03-02 09:36:00.986468+00:00
475557,mother son relationship,2025-03-02 00:57:22.087248+00:00,2025-03-02 09:36:00.986468+00:00
475557,falling into madness,2025-03-02 00:57:22.087248+00:00,2025-03-02 09:36:00.986468+00:00
475557,origin story,2025-03-02 00:57:22.087248+00:00,2025-03-02 09:36:00.986468+00:00
475557,clown,2025-03-02 00:57:22.087248+00:00,2025-03-02 09:36:00.986468+00:00
475557,frightened,2025-03-02 00:57:22.087248+00:00,2025-03-02 09:36:00.986468+00:00
475557,social realism,2025-03-02 00:57:22.087248+00:00,2025-03-02 09:36:00.986468+00:00
475557,supervillain,2025-03-02 00:57:22.087248+00:00,2025-03-02 09:36:00.986468+00:00
475557,psychopath,2025-03-02 00:57:22.087248+00:00,2025-03-02 09:36:00.986468+00:00
475557,1980s,2025-03-02 00:57:22.087248+00:00,2025-03-02 09:36:00.986468+00:00
475557,pretentious,2025-03-02 00:57:22.087248+00:00,2025-03-02 09:36:00.986468+00:00
475557,character study,2025-03-02 00:57:22.087248+00:00,2025-03-02 09:36:00.986468+00:00
475557,subway train,2025-03-02 00:57:22.087248+00:00,2025-03-02 09:36:00.986468+00:00
475557,villain,2025-03-02 00:57:22.087248+00:00,2025-03-02 09:36:00.986468+00:00
475557,anarchy,2025-03-02 00:57:22.087248+00:00,2025-03-02 09:36:00.986468+00:00
475557,murder,2025-03-02 00:57:22.087248+00:00,2025-03-02 09:36:00.986468+00:00
475557,tv host,2025-03-02 00:57:22.087248+00:00,2025-03-02 09:36:00.986468+00:00
475557,street gang,2025-03-02 00:57:22.087248+00:00,2025-03-02 09:36:00.986468+00:00
475557,psychological thriller,2025-03-02 00:57:22.087248+00:00,2025-03-02 09:36:00.986468+00:00
475557,clown makeup,2025-03-02 00:57:22.087248+00:00,2025-03-02 09:36:00.986468+00:00
475557,based on comic,2025-03-02 00:57:22.087248+00:00,2025-03-02 09:36:00.986468+00:00
475557,dreams,2025-03-02 00:57:22.087248+00:00,2025-03-02 09:36:00.986468+00:00
475557,mental illness,2025-03-02 00:57:22.087248+00:00,2025-03-02 09:36:00.986468+00:00
475557,criminal mastermind,2025-03-02 00:57:22.087248+00:00,2025-03-02 09:36:00.986468+00:00
475557,society,2025-03-02 00:57:22.087248+00:00,2025-03-02 09:36:00.986468+00:00
476669,prequel,2025-03-02 00:57:22.087248+00:00,2025-03-02 09:36:00.986468+00:00
476669,sympathetic,2025-03-02 00:57:22.087248+00:00,2025-03-02 09:36:00.986468+00:00
476669,vexed,2025-03-02 00:57:22.087248+00:00,2025-03-02 09:36:00.986468+00:00
476669,speculative,2025-03-02 00:57:22.087248+00:00,2025-03-02 09:36:00.986468+00:00
476669,duringcreditsstinger,2025-03-02 00:57:22.087248+00:00,2025-03-02 09:36:00.986468+00:00
476669,"london, england",2025-03-02 00:57:22.087248+00:00,2025-03-02 09:36:00.986468+00:00
476669,world war i,2025-03-02 00:57:22.087248+00:00,2025-03-02 09:36:00.986468+00:00
476669,unassuming,2025-03-02 00:57:22.087248+00:00,2025-03-02 09:36:00.986468+00:00
476669,zealous,2025-03-02 00:57:22.087248+00:00,2025-03-02 09:36:00.986468+00:00
476669,spy,2025-03-02 00:57:22.087248+00:00,2025-03-02 09:36:00.986468+00:00
476669,1910s,2025-03-02 00:57:22.087248+00:00,2025-03-02 09:36:00.986468+00:00
476669,based on comic,2025-03-02 00:57:22.087248+00:00,2025-03-02 09:36:00.986468+00:00
476669,world domination,2025-03-02 00:57:22.087248+00:00,2025-03-02 09:36:00.986468+00:00
477044,beach,2025-03-02 00:57:22.087248+00:00,2025-03-02 09:36:00.986468+00:00
477044,sweden,2025-03-02 00:57:22.087248+00:00,2025-03-02 09:36:00.986468+00:00
477044,film in film,2025-03-02 00:57:22.087248+00:00,2025-03-02 09:36:00.986468+00:00
477044,ingmar bergman,2025-03-02 00:57:22.087248+00:00,2025-03-02 09:36:00.986468+00:00
477044,couple,2025-03-02 00:57:22.087248+00:00,2025-03-02 09:36:00.986468+00:00
477044,filmmaking,2025-03-02 00:57:22.087248+00:00,2025-03-02 09:36:00.986468+00:00
477044,summer,2025-03-02 00:57:22.087248+00:00,2025-03-02 09:36:00.986468+00:00
477044,woman director,2025-03-02 00:57:22.087248+00:00,2025-03-02 09:36:00.986468+00:00
477462,twin brother,2025-03-02 00:57:22.087248+00:00,2025-03-02 09:36:00.986468+00:00
477462,possession,2025-03-02 00:57:22.087248+00:00,2025-03-02 09:36:00.986468+00:00
477462,finland,2025-03-02 00:57:22.087248+00:00,2025-03-02 09:36:00.986468+00:00
477462,dead brother,2025-03-02 00:57:22.087248+00:00,2025-03-02 09:36:00.986468+00:00
477462,car accident,2025-03-02 00:57:22.087248+00:00,2025-03-02 09:36:00.986468+00:00
477462,satanic cult,2025-03-02 00:57:22.087248+00:00,2025-03-02 09:36:00.986468+00:00
478376,based on true story,2025-03-02 00:57:22.087248+00:00,2025-03-02 09:36:00.986468+00:00
478376,cerebral palsy,2025-03-02 00:57:22.087248+00:00,2025-03-02 09:36:00.986468+00:00
478860,astronaut,2025-03-02 00:57:22.087248+00:00,2025-03-02 09:36:00.986468+00:00
478860,space mission,2025-03-02 00:57:22.087248+00:00,2025-03-02 09:36:00.986468+00:00
478860,mother daughter relationship,2025-03-02 00:57:22.087248+00:00,2025-03-02 09:36:00.986468+00:00
478860,single mother,2025-03-02 00:57:22.087248+00:00,2025-03-02 09:36:00.986468+00:00
482150,female friendship,2025-03-02 00:57:22.087248+00:00,2025-03-02 09:36:00.986468+00:00
482150,fairy tale,2025-03-02 00:57:22.087248+00:00,2025-03-02 09:36:00.986468+00:00
482150,anime,2025-03-02 00:57:22.087248+00:00,2025-03-02 09:36:00.986468+00:00
482150,high school friends,2025-03-02 00:57:22.087248+00:00,2025-03-02 09:36:00.986468+00:00
482150,brass band,2025-03-02 00:57:22.087248+00:00,2025-03-02 09:36:00.986468+00:00
482150,school club,2025-03-02 00:57:22.087248+00:00,2025-03-02 09:36:00.986468+00:00
482150,based on novel or book,2025-03-02 00:57:22.087248+00:00,2025-03-02 09:36:00.986468+00:00
482150,one-sided love,2025-03-02 00:57:22.087248+00:00,2025-03-02 09:36:00.986468+00:00
482150,girls love,2025-03-02 00:57:22.087248+00:00,2025-03-02 09:36:00.986468+00:00
482150,japan,2025-03-02 00:57:22.087248+00:00,2025-03-02 09:36:00.986468+00:00
482321,best friend forever,2025-03-02 00:57:22.087248+00:00,2025-03-02 09:36:00.986468+00:00
482321,family,2025-03-02 00:57:22.087248+00:00,2025-03-02 09:36:00.986468+00:00
482373,gunfight,2025-03-02 00:57:22.087248+00:00,2025-03-02 09:36:00.986468+00:00
482373,criminal,2025-03-02 00:57:22.087248+00:00,2025-03-02 09:36:00.986468+00:00
482373,hammer,2025-03-02 00:57:22.087248+00:00,2025-03-02 09:36:00.986468+00:00
482373,blind,2025-03-02 00:57:22.087248+00:00,2025-03-02 09:36:00.986468+00:00
482373,home,2025-03-02 00:57:22.087248+00:00,2025-03-02 09:36:00.986468+00:00
482373,invasion,2025-03-02 00:57:22.087248+00:00,2025-03-02 09:36:00.986468+00:00
482373,blind man,2025-03-02 00:57:22.087248+00:00,2025-03-02 09:36:00.986468+00:00
482373,sin,2025-03-02 00:57:22.087248+00:00,2025-03-02 09:36:00.986468+00:00
482373,aftercreditsstinger,2025-03-02 00:57:22.087248+00:00,2025-03-02 09:36:00.986468+00:00
482373,home invasion,2025-03-02 00:57:22.087248+00:00,2025-03-02 09:36:00.986468+00:00
482373,handgun,2025-03-02 00:57:22.087248+00:00,2025-03-02 09:36:00.986468+00:00
482373,sequel,2025-03-02 00:57:22.087248+00:00,2025-03-02 09:36:00.986468+00:00
484574,target practice,2025-03-02 00:57:22.087248+00:00,2025-03-02 09:36:00.986468+00:00
484574,soldier,2025-03-02 00:57:22.087248+00:00,2025-03-02 09:36:00.986468+00:00
484574,shooting beer can off head,2025-03-02 00:57:22.087248+00:00,2025-03-02 09:36:00.986468+00:00
485162,labor strike,2025-03-02 00:57:22.087248+00:00,2025-03-02 09:36:00.986468+00:00
485162,labor union,2025-03-02 00:57:22.087248+00:00,2025-03-02 09:36:00.986468+00:00
485162,globalization,2025-03-02 00:57:22.087248+00:00,2025-03-02 09:36:00.986468+00:00
485162,medef,2025-03-02 00:57:22.087248+00:00,2025-03-02 09:36:00.986468+00:00
491584,burning,2025-03-02 00:57:22.087248+00:00,2025-03-02 09:36:00.986468+00:00
491584,writer,2025-03-02 00:57:22.087248+00:00,2025-03-02 09:36:00.986468+00:00
491584,fire,2025-03-02 00:57:22.087248+00:00,2025-03-02 09:36:00.986468+00:00
491584,love,2025-03-02 00:57:22.087248+00:00,2025-03-02 09:36:00.986468+00:00
491584,suspicion,2025-03-02 00:57:22.087248+00:00,2025-03-02 09:36:00.986468+00:00
491584,mysterious,2025-03-02 00:57:22.087248+00:00,2025-03-02 09:36:00.986468+00:00
491584,cat,2025-03-02 00:57:22.087248+00:00,2025-03-02 09:36:00.986468+00:00
491584,class differences,2025-03-02 00:57:22.087248+00:00,2025-03-02 09:36:00.986468+00:00
491584,based on short story,2025-03-02 00:57:22.087248+00:00,2025-03-02 09:36:00.986468+00:00
491584,disappearing,2025-03-02 00:57:22.087248+00:00,2025-03-02 09:36:00.986468+00:00
491584,sadness,2025-03-02 00:57:22.087248+00:00,2025-03-02 09:36:00.986468+00:00
491584,sunsets,2025-03-02 00:57:22.087248+00:00,2025-03-02 09:36:00.986468+00:00
491584,dance ritual,2025-03-02 00:57:22.087248+00:00,2025-03-02 09:36:00.986468+00:00
491584,complex,2025-03-02 00:57:22.087248+00:00,2025-03-02 09:36:00.986468+00:00
491584,arson,2025-03-02 00:57:22.087248+00:00,2025-03-02 09:36:00.986468+00:00
491584,dreams,2025-03-02 00:57:22.087248+00:00,2025-03-02 09:36:00.986468+00:00
491584,"seoul, south korea",2025-03-02 00:57:22.087248+00:00,2025-03-02 09:36:00.986468+00:00
491584,jealousy,2025-03-02 00:57:22.087248+00:00,2025-03-02 09:36:00.986468+00:00
491584,metaphor,2025-03-02 00:57:22.087248+00:00,2025-03-02 09:36:00.986468+00:00
491584,childhood memories,2025-03-02 00:57:22.087248+00:00,2025-03-02 09:36:00.986468+00:00
491584,sex shop,2025-03-02 00:57:22.087248+00:00,2025-03-02 09:36:00.986468+00:00
491584,love triangle,2025-03-02 00:57:22.087248+00:00,2025-03-02 09:36:00.986468+00:00
491584,rural setting,2025-03-02 00:57:22.087248+00:00,2025-03-02 09:36:00.986468+00:00
491584,greenhouse,2025-03-02 00:57:22.087248+00:00,2025-03-02 09:36:00.986468+00:00
491584,meditative,2025-03-02 00:57:22.087248+00:00,2025-03-02 09:36:00.986468+00:00
491584,sunlight,2025-03-02 00:57:22.087248+00:00,2025-03-02 09:36:00.986468+00:00
491584,return to hometown,2025-03-02 00:57:22.087248+00:00,2025-03-02 09:36:00.986468+00:00
491584,countryside,2025-03-02 00:57:22.087248+00:00,2025-03-02 09:36:00.986468+00:00
491584,understated,2025-03-02 00:57:22.087248+00:00,2025-03-02 09:36:00.986468+00:00
493529,role playing game,2025-03-02 00:57:22.087248+00:00,2025-03-02 09:36:00.986468+00:00
493529,heist gone wrong,2025-03-02 00:57:22.087248+00:00,2025-03-02 09:36:00.986468+00:00
493529,wizardry,2025-03-02 00:57:22.087248+00:00,2025-03-02 09:36:00.986468+00:00
493529,father daughter relationship,2025-03-02 00:57:22.087248+00:00,2025-03-02 09:36:00.986468+00:00
493529,wizard,2025-03-02 00:57:22.087248+00:00,2025-03-02 09:36:00.986468+00:00
493529,gang of thieves,2025-03-02 00:57:22.087248+00:00,2025-03-02 09:36:00.986468+00:00
493529,platonic love,2025-03-02 00:57:22.087248+00:00,2025-03-02 09:36:00.986468+00:00
493529,duringcreditsstinger,2025-03-02 00:57:22.087248+00:00,2025-03-02 09:36:00.986468+00:00
493529,dragon,2025-03-02 00:57:22.087248+00:00,2025-03-02 09:36:00.986468+00:00
496243,tutor,2025-03-02 00:57:22.087248+00:00,2025-03-02 09:36:00.986468+00:00
496243,unemployed,2025-03-02 00:57:22.087248+00:00,2025-03-02 09:36:00.986468+00:00
496243,relaxed,2025-03-02 00:57:22.087248+00:00,2025-03-02 09:36:00.986468+00:00
496243,con artist,2025-03-02 00:57:22.087248+00:00,2025-03-02 09:36:00.986468+00:00
496243,dark comedy,2025-03-02 00:57:22.087248+00:00,2025-03-02 09:36:00.986468+00:00
496243,bewildered,2025-03-02 00:57:22.087248+00:00,2025-03-02 09:36:00.986468+00:00
496243,crime family,2025-03-02 00:57:22.087248+00:00,2025-03-02 09:36:00.986468+00:00
496243,wealthy family,2025-03-02 00:57:22.087248+00:00,2025-03-02 09:36:00.986468+00:00
496243,shocking,2025-03-02 00:57:22.087248+00:00,2025-03-02 09:36:00.986468+00:00
496243,"seoul, south korea",2025-03-02 00:57:22.087248+00:00,2025-03-02 09:36:00.986468+00:00
496243,family,2025-03-02 00:57:22.087248+00:00,2025-03-02 09:36:00.986468+00:00
496243,private lessons,2025-03-02 00:57:22.087248+00:00,2025-03-02 09:36:00.986468+00:00
496243,south korea,2025-03-02 00:57:22.087248+00:00,2025-03-02 09:36:00.986468+00:00
496243,working class,2025-03-02 00:57:22.087248+00:00,2025-03-02 09:36:00.986468+00:00
496243,housekeeper,2025-03-02 00:57:22.087248+00:00,2025-03-02 09:36:00.986468+00:00
496243,psychological thriller,2025-03-02 00:57:22.087248+00:00,2025-03-02 09:36:00.986468+00:00
496243,excited,2025-03-02 00:57:22.087248+00:00,2025-03-02 09:36:00.986468+00:00
496243,class differences,2025-03-02 00:57:22.087248+00:00,2025-03-02 09:36:00.986468+00:00
496243,birthday party,2025-03-02 00:57:22.087248+00:00,2025-03-02 09:36:00.986468+00:00
496331,bollywood,2025-03-02 00:57:22.087248+00:00,2025-03-02 09:36:00.986468+00:00
496331,superhero,2025-03-02 00:57:22.087248+00:00,2025-03-02 09:36:00.986468+00:00
496331,mythology,2025-03-02 00:57:22.087248+00:00,2025-03-02 09:36:00.986468+00:00
496331,astraverse,2025-03-02 00:57:22.087248+00:00,2025-03-02 09:36:00.986468+00:00
497698,female hero,2025-03-02 00:57:22.087248+00:00,2025-03-02 09:36:00.986468+00:00
497698,female spy,2025-03-02 00:57:22.087248+00:00,2025-03-02 09:36:00.986468+00:00
497698,hero,2025-03-02 00:57:22.087248+00:00,2025-03-02 09:36:00.986468+00:00
497698,aftercreditsstinger,2025-03-02 00:57:22.087248+00:00,2025-03-02 09:36:00.986468+00:00
497698,based on comic,2025-03-02 00:57:22.087248+00:00,2025-03-02 09:36:00.986468+00:00
497698,assassin,2025-03-02 00:57:22.087248+00:00,2025-03-02 09:36:00.986468+00:00
497698,marvel cinematic universe (mcu),2025-03-02 00:57:22.087248+00:00,2025-03-02 09:36:00.986468+00:00
497698,kgb,2025-03-02 00:57:22.087248+00:00,2025-03-02 09:36:00.986468+00:00
497698,female assassin,2025-03-02 00:57:22.087248+00:00,2025-03-02 09:36:00.986468+00:00
497698,spy,2025-03-02 00:57:22.087248+00:00,2025-03-02 09:36:00.986468+00:00
497698,woman director,2025-03-02 00:57:22.087248+00:00,2025-03-02 09:36:00.986468+00:00
497828,power struggle,2025-03-02 00:57:22.087248+00:00,2025-03-02 09:36:00.986468+00:00
497828,sinking ship,2025-03-02 00:57:22.087248+00:00,2025-03-02 09:36:00.986468+00:00
497828,class differences,2025-03-02 00:57:22.087248+00:00,2025-03-02 09:36:00.986468+00:00
497828,social media influencer,2025-03-02 00:57:22.087248+00:00,2025-03-02 09:36:00.986468+00:00
497828,gender roles,2025-03-02 00:57:22.087248+00:00,2025-03-02 09:36:00.986468+00:00
497828,food rationing,2025-03-02 00:57:22.087248+00:00,2025-03-02 09:36:00.986468+00:00
497828,satire,2025-03-02 00:57:22.087248+00:00,2025-03-02 09:36:00.986468+00:00
497828,model,2025-03-02 00:57:22.087248+00:00,2025-03-02 09:36:00.986468+00:00
497828,survival,2025-03-02 00:57:22.087248+00:00,2025-03-02 09:36:00.986468+00:00
497828,stranded,2025-03-02 00:57:22.087248+00:00,2025-03-02 09:36:00.986468+00:00
497828,social climber,2025-03-02 00:57:22.087248+00:00,2025-03-02 09:36:00.986468+00:00
497828,dark comedy,2025-03-02 00:57:22.087248+00:00,2025-03-02 09:36:00.986468+00:00
497828,wealth inequality,2025-03-02 00:57:22.087248+00:00,2025-03-02 09:36:00.986468+00:00
497828,luxury yacht,2025-03-02 00:57:22.087248+00:00,2025-03-02 09:36:00.986468+00:00
497828,cruise ship,2025-03-02 00:57:22.087248+00:00,2025-03-02 09:36:00.986468+00:00
497834,1940s,2025-03-02 00:57:22.087248+00:00,2025-03-02 09:36:00.986468+00:00
497834,spy,2025-03-02 00:57:22.087248+00:00,2025-03-02 09:36:00.986468+00:00
497834,actress,2025-03-02 00:57:22.087248+00:00,2025-03-02 09:36:00.986468+00:00
497834,"shanghai, china",2025-03-02 00:57:22.087248+00:00,2025-03-02 09:36:00.986468+00:00
497834,undercover,2025-03-02 00:57:22.087248+00:00,2025-03-02 09:36:00.986468+00:00
502356,toad,2025-03-02 00:57:22.087248+00:00,2025-03-02 09:36:00.986468+00:00
502356,illumination,2025-03-02 00:57:22.087248+00:00,2025-03-02 09:36:00.986468+00:00
502356,villain,2025-03-02 00:57:22.087248+00:00,2025-03-02 09:36:00.986468+00:00
502356,anthropomorphism,2025-03-02 00:57:22.087248+00:00,2025-03-02 09:36:00.986468+00:00
502356,plumber,2025-03-02 00:57:22.087248+00:00,2025-03-02 09:36:00.986468+00:00
502356,damsel in distress,2025-03-02 00:57:22.087248+00:00,2025-03-02 09:36:00.986468+00:00
502356,duringcreditsstinger,2025-03-02 00:57:22.087248+00:00,2025-03-02 09:36:00.986468+00:00
502356,gorilla,2025-03-02 00:57:22.087248+00:00,2025-03-02 09:36:00.986468+00:00
502356,aftercreditsstinger,2025-03-02 00:57:22.087248+00:00,2025-03-02 09:36:00.986468+00:00
502356,amused,2025-03-02 00:57:22.087248+00:00,2025-03-02 09:36:00.986468+00:00
502356,piano,2025-03-02 00:57:22.087248+00:00,2025-03-02 09:36:00.986468+00:00
502356,familiar,2025-03-02 00:57:22.087248+00:00,2025-03-02 09:36:00.986468+00:00
502356,magic mushroom,2025-03-02 00:57:22.087248+00:00,2025-03-02 09:36:00.986468+00:00
502356,evil king,2025-03-02 00:57:22.087248+00:00,2025-03-02 09:36:00.986468+00:00
502356,brother brother relationship,2025-03-02 00:57:22.087248+00:00,2025-03-02 09:36:00.986468+00:00
502356,based on video game,2025-03-02 00:57:22.087248+00:00,2025-03-02 09:36:00.986468+00:00
505026,egypt,2025-03-02 00:57:22.087248+00:00,2025-03-02 09:36:00.986468+00:00
505026,murder mystery,2025-03-02 00:57:22.087248+00:00,2025-03-02 09:36:00.986468+00:00
505026,nile,2025-03-02 00:57:22.087248+00:00,2025-03-02 09:36:00.986468+00:00
505026,detective,2025-03-02 00:57:22.087248+00:00,2025-03-02 09:36:00.986468+00:00
505026,1930s,2025-03-02 00:57:22.087248+00:00,2025-03-02 09:36:00.986468+00:00
505026,mysterious,2025-03-02 00:57:22.087248+00:00,2025-03-02 09:36:00.986468+00:00
505026,based on novel or book,2025-03-02 00:57:22.087248+00:00,2025-03-02 09:36:00.986468+00:00
505026,remake,2025-03-02 00:57:22.087248+00:00,2025-03-02 09:36:00.986468+00:00
505026,honeymoon,2025-03-02 00:57:22.087248+00:00,2025-03-02 09:36:00.986468+00:00
505026,frustrated,2025-03-02 00:57:22.087248+00:00,2025-03-02 09:36:00.986468+00:00
505642,antagonistic,2025-03-02 00:57:22.087248+00:00,2025-03-02 09:36:00.986468+00:00
505642,death in family,2025-03-02 00:57:22.087248+00:00,2025-03-02 09:36:00.986468+00:00
505642,superhero,2025-03-02 00:57:22.087248+00:00,2025-03-02 09:36:00.986468+00:00
505642,death of brother,2025-03-02 00:57:22.087248+00:00,2025-03-02 09:36:00.986468+00:00
505642,mayans,2025-03-02 00:57:22.087248+00:00,2025-03-02 09:36:00.986468+00:00
505642,royal family,2025-03-02 00:57:22.087248+00:00,2025-03-02 09:36:00.986468+00:00
505642,wistful,2025-03-02 00:57:22.087248+00:00,2025-03-02 09:36:00.986468+00:00
505642,based on comic,2025-03-02 00:57:22.087248+00:00,2025-03-02 09:36:00.986468+00:00
505642,underwater,2025-03-02 00:57:22.087248+00:00,2025-03-02 09:36:00.986468+00:00
505642,celebratory,2025-03-02 00:57:22.087248+00:00,2025-03-02 09:36:00.986468+00:00
505642,political intrigue ,2025-03-02 00:57:22.087248+00:00,2025-03-02 09:36:00.986468+00:00
505642,sequel,2025-03-02 00:57:22.087248+00:00,2025-03-02 09:36:00.986468+00:00
505642,death of king,2025-03-02 00:57:22.087248+00:00,2025-03-02 09:36:00.986468+00:00
505642,meditative,2025-03-02 00:57:22.087248+00:00,2025-03-02 09:36:00.986468+00:00
505642,marvel cinematic universe (mcu),2025-03-02 00:57:22.087248+00:00,2025-03-02 09:36:00.986468+00:00
505642,commanding,2025-03-02 00:57:22.087248+00:00,2025-03-02 09:36:00.986468+00:00
505642,hidden civilization,2025-03-02 00:57:22.087248+00:00,2025-03-02 09:36:00.986468+00:00
505642,admiring,2025-03-02 00:57:22.087248+00:00,2025-03-02 09:36:00.986468+00:00
505642,duringcreditsstinger,2025-03-02 00:57:22.087248+00:00,2025-03-02 09:36:00.986468+00:00
505642,yucatan,2025-03-02 00:57:22.087248+00:00,2025-03-02 09:36:00.986468+00:00
505642,hero,2025-03-02 00:57:22.087248+00:00,2025-03-02 09:36:00.986468+00:00
505642,powerful,2025-03-02 00:57:22.087248+00:00,2025-03-02 09:36:00.986468+00:00
505642,excited,2025-03-02 00:57:22.087248+00:00,2025-03-02 09:36:00.986468+00:00
505642,loss of loved one,2025-03-02 00:57:22.087248+00:00,2025-03-02 09:36:00.986468+00:00
505642,royalty,2025-03-02 00:57:22.087248+00:00,2025-03-02 09:36:00.986468+00:00
505642,reflective,2025-03-02 00:57:22.087248+00:00,2025-03-02 09:36:00.986468+00:00
505642,bold,2025-03-02 00:57:22.087248+00:00,2025-03-02 09:36:00.986468+00:00
507089,child murder,2025-03-02 00:57:22.087248+00:00,2025-03-02 09:36:00.986468+00:00
507089,animatronic,2025-03-02 00:57:22.087248+00:00,2025-03-02 09:36:00.986468+00:00
507089,orphan,2025-03-02 00:57:22.087248+00:00,2025-03-02 09:36:00.986468+00:00
507089,child in peril,2025-03-02 00:57:22.087248+00:00,2025-03-02 09:36:00.986468+00:00
507089,custody battle,2025-03-02 00:57:22.087248+00:00,2025-03-02 09:36:00.986468+00:00
507089,child neglect,2025-03-02 00:57:22.087248+00:00,2025-03-02 09:36:00.986468+00:00
507089,night shift,2025-03-02 00:57:22.087248+00:00,2025-03-02 09:36:00.986468+00:00
507089,brother sister relationship,2025-03-02 00:57:22.087248+00:00,2025-03-02 09:36:00.986468+00:00
507089,abandoned building,2025-03-02 00:57:22.087248+00:00,2025-03-02 09:36:00.986468+00:00
507089,restaurant,2025-03-02 00:57:22.087248+00:00,2025-03-02 09:36:00.986468+00:00
507089,based on video game,2025-03-02 00:57:22.087248+00:00,2025-03-02 09:36:00.986468+00:00
507089,child abduction,2025-03-02 00:57:22.087248+00:00,2025-03-02 09:36:00.986468+00:00
507089,troubled past,2025-03-02 00:57:22.087248+00:00,2025-03-02 09:36:00.986468+00:00
507089,security guard,2025-03-02 00:57:22.087248+00:00,2025-03-02 09:36:00.986468+00:00
507089,duringcreditsstinger,2025-03-02 00:57:22.087248+00:00,2025-03-02 09:36:00.986468+00:00
508444,singing teacher,2025-03-02 00:57:22.087248+00:00,2025-03-02 09:36:00.986468+00:00
508444,scotland,2025-03-02 00:57:22.087248+00:00,2025-03-02 09:36:00.986468+00:00
508444,singing,2025-03-02 00:57:22.087248+00:00,2025-03-02 09:36:00.986468+00:00
508444,aspiring singer,2025-03-02 00:57:22.087248+00:00,2025-03-02 09:36:00.986468+00:00
508444,lighthearted,2025-03-02 00:57:22.087248+00:00,2025-03-02 09:36:00.986468+00:00
508444,singing lessons,2025-03-02 00:57:22.087248+00:00,2025-03-02 09:36:00.986468+00:00
508444,opera,2025-03-02 00:57:22.087248+00:00,2025-03-02 09:36:00.986468+00:00
508444,opera singer,2025-03-02 00:57:22.087248+00:00,2025-03-02 09:36:00.986468+00:00
508883,poverty,2025-03-02 00:57:22.087248+00:00,2025-03-02 09:36:00.986468+00:00
508883,magic world,2025-03-02 00:57:22.087248+00:00,2025-03-02 09:36:00.986468+00:00
508883,moving to a city,2025-03-02 00:57:22.087248+00:00,2025-03-02 09:36:00.986468+00:00
508883,troubled childhood,2025-03-02 00:57:22.087248+00:00,2025-03-02 09:36:00.986468+00:00
508883,education,2025-03-02 00:57:22.087248+00:00,2025-03-02 09:36:00.986468+00:00
508883,loss of loved one,2025-03-02 00:57:22.087248+00:00,2025-03-02 09:36:00.986468+00:00
508883,world war ii,2025-03-02 00:57:22.087248+00:00,2025-03-02 09:36:00.986468+00:00
508883,coming of age,2025-03-02 00:57:22.087248+00:00,2025-03-02 09:36:00.986468+00:00
508883,teenage boy,2025-03-02 00:57:22.087248+00:00,2025-03-02 09:36:00.986468+00:00
508883,animation,2025-03-02 00:57:22.087248+00:00,2025-03-02 09:36:00.986468+00:00
508883,absurd,2025-03-02 00:57:22.087248+00:00,2025-03-02 09:36:00.986468+00:00
508883,hand drawn animation,2025-03-02 00:57:22.087248+00:00,2025-03-02 09:36:00.986468+00:00
508883,spirituality,2025-03-02 00:57:22.087248+00:00,2025-03-02 09:36:00.986468+00:00
508883,anime,2025-03-02 00:57:22.087248+00:00,2025-03-02 09:36:00.986468+00:00
508883,courage,2025-03-02 00:57:22.087248+00:00,2025-03-02 09:36:00.986468+00:00
508883,semi autobiographical,2025-03-02 00:57:22.087248+00:00,2025-03-02 09:36:00.986468+00:00
508943,water,2025-03-02 00:57:22.087248+00:00,2025-03-02 09:36:00.986468+00:00
508943,sea monster,2025-03-02 00:57:22.087248+00:00,2025-03-02 09:36:00.986468+00:00
508943,pasta,2025-03-02 00:57:22.087248+00:00,2025-03-02 09:36:00.986468+00:00
508943,friendship,2025-03-02 00:57:22.087248+00:00,2025-03-02 09:36:00.986468+00:00
508943,1950s,2025-03-02 00:57:22.087248+00:00,2025-03-02 09:36:00.986468+00:00
508943,pesto,2025-03-02 00:57:22.087248+00:00,2025-03-02 09:36:00.986468+00:00
508943,aftercreditsstinger,2025-03-02 00:57:22.087248+00:00,2025-03-02 09:36:00.986468+00:00
508943,seaside town,2025-03-02 00:57:22.087248+00:00,2025-03-02 09:36:00.986468+00:00
508943,monster,2025-03-02 00:57:22.087248+00:00,2025-03-02 09:36:00.986468+00:00
508943,coming of age,2025-03-02 00:57:22.087248+00:00,2025-03-02 09:36:00.986468+00:00
508943,vespa,2025-03-02 00:57:22.087248+00:00,2025-03-02 09:36:00.986468+00:00
508943,italian riviera,2025-03-02 00:57:22.087248+00:00,2025-03-02 09:36:00.986468+00:00
508943,villain,2025-03-02 00:57:22.087248+00:00,2025-03-02 09:36:00.986468+00:00
508943,bromance,2025-03-02 00:57:22.087248+00:00,2025-03-02 09:36:00.986468+00:00
508943,italy,2025-03-02 00:57:22.087248+00:00,2025-03-02 09:36:00.986468+00:00
508943,friends,2025-03-02 00:57:22.087248+00:00,2025-03-02 09:36:00.986468+00:00
508947,teenage girl,2025-03-02 00:57:22.087248+00:00,2025-03-02 09:36:00.986468+00:00
508947,concert,2025-03-02 00:57:22.087248+00:00,2025-03-02 09:36:00.986468+00:00
508947,appreciative,2025-03-02 00:57:22.087248+00:00,2025-03-02 09:36:00.986468+00:00
508947,domineering mother,2025-03-02 00:57:22.087248+00:00,2025-03-02 09:36:00.986468+00:00
508947,boy band,2025-03-02 00:57:22.087248+00:00,2025-03-02 09:36:00.986468+00:00
508947,mother daughter relationship,2025-03-02 00:57:22.087248+00:00,2025-03-02 09:36:00.986468+00:00
508947,female protagonist,2025-03-02 00:57:22.087248+00:00,2025-03-02 09:36:00.986468+00:00
508947,coming of age,2025-03-02 00:57:22.087248+00:00,2025-03-02 09:36:00.986468+00:00
508947,chinese canadian,2025-03-02 00:57:22.087248+00:00,2025-03-02 09:36:00.986468+00:00
508947,temple,2025-03-02 00:57:22.087248+00:00,2025-03-02 09:36:00.986468+00:00
508947,perfectionist,2025-03-02 00:57:22.087248+00:00,2025-03-02 09:36:00.986468+00:00
508947,ancestor,2025-03-02 00:57:22.087248+00:00,2025-03-02 09:36:00.986468+00:00
508947,red panda,2025-03-02 00:57:22.087248+00:00,2025-03-02 09:36:00.986468+00:00
508947,shapeshifting,2025-03-02 00:57:22.087248+00:00,2025-03-02 09:36:00.986468+00:00
508947,animals,2025-03-02 00:57:22.087248+00:00,2025-03-02 09:36:00.986468+00:00
508947,thoughtful,2025-03-02 00:57:22.087248+00:00,2025-03-02 09:36:00.986468+00:00
508947,canada,2025-03-02 00:57:22.087248+00:00,2025-03-02 09:36:00.986468+00:00
508947,east asian lead,2025-03-02 00:57:22.087248+00:00,2025-03-02 09:36:00.986468+00:00
508947,woman director,2025-03-02 00:57:22.087248+00:00,2025-03-02 09:36:00.986468+00:00
508947,friendship,2025-03-02 00:57:22.087248+00:00,2025-03-02 09:36:00.986468+00:00
508947,aftercreditsstinger,2025-03-02 00:57:22.087248+00:00,2025-03-02 09:36:00.986468+00:00
508947,"toronto, canada",2025-03-02 00:57:22.087248+00:00,2025-03-02 09:36:00.986468+00:00
511809,new york city,2025-03-02 00:57:22.087248+00:00,2025-03-02 09:36:00.986468+00:00
511809,young love,2025-03-02 00:57:22.087248+00:00,2025-03-02 09:36:00.986468+00:00
511809,forbidden love,2025-03-02 00:57:22.087248+00:00,2025-03-02 09:36:00.986468+00:00
511809,love at first sight,2025-03-02 00:57:22.087248+00:00,2025-03-02 09:36:00.986468+00:00
511809,romeo & juliet,2025-03-02 00:57:22.087248+00:00,2025-03-02 09:36:00.986468+00:00
511809,dancing,2025-03-02 00:57:22.087248+00:00,2025-03-02 09:36:00.986468+00:00
511809,interracial relationship,2025-03-02 00:57:22.087248+00:00,2025-03-02 09:36:00.986468+00:00
511809,1950s,2025-03-02 00:57:22.087248+00:00,2025-03-02 09:36:00.986468+00:00
511809,tragic,2025-03-02 00:57:22.087248+00:00,2025-03-02 09:36:00.986468+00:00
511809,bold,2025-03-02 00:57:22.087248+00:00,2025-03-02 09:36:00.986468+00:00
511809,based on play or musical,2025-03-02 00:57:22.087248+00:00,2025-03-02 09:36:00.986468+00:00
511809,nostalgic,2025-03-02 00:57:22.087248+00:00,2025-03-02 09:36:00.986468+00:00
511809,musical,2025-03-02 00:57:22.087248+00:00,2025-03-02 09:36:00.986468+00:00
511809,broadway musical,2025-03-02 00:57:22.087248+00:00,2025-03-02 09:36:00.986468+00:00
511809,latino,2025-03-02 00:57:22.087248+00:00,2025-03-02 09:36:00.986468+00:00
511809,street gang,2025-03-02 00:57:22.087248+00:00,2025-03-02 09:36:00.986468+00:00
511809,dance,2025-03-02 00:57:22.087248+00:00,2025-03-02 09:36:00.986468+00:00
511809,racism,2025-03-02 00:57:22.087248+00:00,2025-03-02 09:36:00.986468+00:00
511809,romantic,2025-03-02 00:57:22.087248+00:00,2025-03-02 09:36:00.986468+00:00
511819,"bogota, colombia",2025-03-02 00:57:22.087248+00:00,2025-03-02 09:36:00.986468+00:00
511819,colombia,2025-03-02 00:57:22.087248+00:00,2025-03-02 09:36:00.986468+00:00
511819,recording studio,2025-03-02 00:57:22.087248+00:00,2025-03-02 09:36:00.986468+00:00
511819,atmospheric,2025-03-02 00:57:22.087248+00:00,2025-03-02 09:36:00.986468+00:00
511819,strange sounds,2025-03-02 00:57:22.087248+00:00,2025-03-02 09:36:00.986468+00:00
513692,revenge,2025-03-02 00:57:22.087248+00:00,2025-03-02 09:36:00.986468+00:00
516329,creature,2025-03-02 00:57:22.087248+00:00,2025-03-02 09:36:00.986468+00:00
516329,based on short story,2025-03-02 00:57:22.087248+00:00,2025-03-02 09:36:00.986468+00:00
516329,myth,2025-03-02 00:57:22.087248+00:00,2025-03-02 09:36:00.986468+00:00
516329,native american,2025-03-02 00:57:22.087248+00:00,2025-03-02 09:36:00.986468+00:00
516329,meth lab,2025-03-02 00:57:22.087248+00:00,2025-03-02 09:36:00.986468+00:00
516329,folk horror,2025-03-02 00:57:22.087248+00:00,2025-03-02 09:36:00.986468+00:00
516329,mining town,2025-03-02 00:57:22.087248+00:00,2025-03-02 09:36:00.986468+00:00
516329,trauma,2025-03-02 00:57:22.087248+00:00,2025-03-02 09:36:00.986468+00:00
516329,school teacher,2025-03-02 00:57:22.087248+00:00,2025-03-02 09:36:00.986468+00:00
516329,sheriff,2025-03-02 00:57:22.087248+00:00,2025-03-02 09:36:00.986468+00:00
516329,"oregon, usa",2025-03-02 00:57:22.087248+00:00,2025-03-02 09:36:00.986468+00:00
516329,wendigo,2025-03-02 00:57:22.087248+00:00,2025-03-02 09:36:00.986468+00:00
516329,superstition,2025-03-02 00:57:22.087248+00:00,2025-03-02 09:36:00.986468+00:00
516729,aftercreditsstinger,2025-03-02 00:57:22.087248+00:00,2025-03-02 09:36:00.986468+00:00
516729,anthropomorphic animal,2025-03-02 00:57:22.087248+00:00,2025-03-02 09:36:00.986468+00:00
516729,family comedy,2025-03-02 00:57:22.087248+00:00,2025-03-02 09:36:00.986468+00:00
516729,perú,2025-03-02 00:57:22.087248+00:00,2025-03-02 09:36:00.986468+00:00
516729,aunt nephew relationship,2025-03-02 00:57:22.087248+00:00,2025-03-02 09:36:00.986468+00:00
516729,live action and animation,2025-03-02 00:57:22.087248+00:00,2025-03-02 09:36:00.986468+00:00
516729,based on children's book,2025-03-02 00:57:22.087248+00:00,2025-03-02 09:36:00.986468+00:00
516729,children's adventure,2025-03-02 00:57:22.087248+00:00,2025-03-02 09:36:00.986468+00:00
516729,bear,2025-03-02 00:57:22.087248+00:00,2025-03-02 09:36:00.986468+00:00
516729,sequel,2025-03-02 00:57:22.087248+00:00,2025-03-02 09:36:00.986468+00:00
516729,united kingdom,2025-03-02 00:57:22.087248+00:00,2025-03-02 09:36:00.986468+00:00
516729,duringcreditsstinger,2025-03-02 00:57:22.087248+00:00,2025-03-02 09:36:00.986468+00:00
517302,bird hatching,2025-03-02 00:57:22.087248+00:00,2025-03-02 09:36:00.986468+00:00
517302,egg,2025-03-02 00:57:22.087248+00:00,2025-03-02 09:36:00.986468+00:00
517302,body horror,2025-03-02 00:57:22.087248+00:00,2025-03-02 09:36:00.986468+00:00
517302,family conflict,2025-03-02 00:57:22.087248+00:00,2025-03-02 09:36:00.986468+00:00
517302,family relationships,2025-03-02 00:57:22.087248+00:00,2025-03-02 09:36:00.986468+00:00
517302,coming of age,2025-03-02 00:57:22.087248+00:00,2025-03-02 09:36:00.986468+00:00
517302,gymnastics,2025-03-02 00:57:22.087248+00:00,2025-03-02 09:36:00.986468+00:00
519141,gay romance,2025-03-02 00:57:22.087248+00:00,2025-03-02 09:36:00.986468+00:00
519141,lgbt,2025-03-02 00:57:22.087248+00:00,2025-03-02 09:36:00.986468+00:00
519141,gay theme,2025-03-02 00:57:22.087248+00:00,2025-03-02 09:36:00.986468+00:00
519141,friendship,2025-03-02 00:57:22.087248+00:00,2025-03-02 09:36:00.986468+00:00
519141,quebec,2025-03-02 00:57:22.087248+00:00,2025-03-02 09:36:00.986468+00:00
519182,calm,2025-03-02 00:57:22.087248+00:00,2025-03-02 09:36:00.986468+00:00
519182,duringcreditsstinger,2025-03-02 00:57:22.087248+00:00,2025-03-02 09:36:00.986468+00:00
519182,superhero,2025-03-02 00:57:22.087248+00:00,2025-03-02 09:36:00.986468+00:00
519182,illumination,2025-03-02 00:57:22.087248+00:00,2025-03-02 09:36:00.986468+00:00
519182,villain,2025-03-02 00:57:22.087248+00:00,2025-03-02 09:36:00.986468+00:00
519182,sequel,2025-03-02 00:57:22.087248+00:00,2025-03-02 09:36:00.986468+00:00
519182,aftercreditsstinger,2025-03-02 00:57:22.087248+00:00,2025-03-02 09:36:00.986468+00:00
519182,super villain,2025-03-02 00:57:22.087248+00:00,2025-03-02 09:36:00.986468+00:00
519182,kids,2025-03-02 00:57:22.087248+00:00,2025-03-02 09:36:00.986468+00:00
520023,cautionary,2025-03-02 00:57:22.087248+00:00,2025-03-02 09:36:00.986468+00:00
520023,party,2025-03-02 00:57:22.087248+00:00,2025-03-02 09:36:00.986468+00:00
520023,sarcastic,2025-03-02 00:57:22.087248+00:00,2025-03-02 09:36:00.986468+00:00
520023,power outage,2025-03-02 00:57:22.087248+00:00,2025-03-02 09:36:00.986468+00:00
520023,infidelity,2025-03-02 00:57:22.087248+00:00,2025-03-02 09:36:00.986468+00:00
520023,antagonistic,2025-03-02 00:57:22.087248+00:00,2025-03-02 09:36:00.986468+00:00
520023,woman director,2025-03-02 00:57:22.087248+00:00,2025-03-02 09:36:00.986468+00:00
520023,candid,2025-03-02 00:57:22.087248+00:00,2025-03-02 09:36:00.986468+00:00
520023,witty,2025-03-02 00:57:22.087248+00:00,2025-03-02 09:36:00.986468+00:00
520023,hilarious,2025-03-02 00:57:22.087248+00:00,2025-03-02 09:36:00.986468+00:00
520023,hurricane,2025-03-02 00:57:22.087248+00:00,2025-03-02 09:36:00.986468+00:00
520023,love triangle,2025-03-02 00:57:22.087248+00:00,2025-03-02 09:36:00.986468+00:00
520023,playful,2025-03-02 00:57:22.087248+00:00,2025-03-02 09:36:00.986468+00:00
520023,anxious,2025-03-02 00:57:22.087248+00:00,2025-03-02 09:36:00.986468+00:00
520023,sword,2025-03-02 00:57:22.087248+00:00,2025-03-02 09:36:00.986468+00:00
520023,paranoid,2025-03-02 00:57:22.087248+00:00,2025-03-02 09:36:00.986468+00:00
520023,farcical,2025-03-02 00:57:22.087248+00:00,2025-03-02 09:36:00.986468+00:00
520023,accidental death,2025-03-02 00:57:22.087248+00:00,2025-03-02 09:36:00.986468+00:00
520023,generation z,2025-03-02 00:57:22.087248+00:00,2025-03-02 09:36:00.986468+00:00
520023,satire,2025-03-02 00:57:22.087248+00:00,2025-03-02 09:36:00.986468+00:00
520023,mansion,2025-03-02 00:57:22.087248+00:00,2025-03-02 09:36:00.986468+00:00
520023,lgbt,2025-03-02 00:57:22.087248+00:00,2025-03-02 09:36:00.986468+00:00
520023,murder mystery,2025-03-02 00:57:22.087248+00:00,2025-03-02 09:36:00.986468+00:00
520023,gun,2025-03-02 00:57:22.087248+00:00,2025-03-02 09:36:00.986468+00:00
520023,rain,2025-03-02 00:57:22.087248+00:00,2025-03-02 09:36:00.986468+00:00
520023,dreary,2025-03-02 00:57:22.087248+00:00,2025-03-02 09:36:00.986468+00:00
520023,paranoia,2025-03-02 00:57:22.087248+00:00,2025-03-02 09:36:00.986468+00:00
520023,whodunit,2025-03-02 00:57:22.087248+00:00,2025-03-02 09:36:00.986468+00:00
522016,cyber terrorism,2025-03-02 00:57:22.087248+00:00,2025-03-02 09:36:00.986468+00:00
522016,spy,2025-03-02 00:57:22.087248+00:00,2025-03-02 09:36:00.986468+00:00
522016,pretentious,2025-03-02 00:57:22.087248+00:00,2025-03-02 09:36:00.986468+00:00
522016,safe house,2025-03-02 00:57:22.087248+00:00,2025-03-02 09:36:00.986468+00:00
522016,agent,2025-03-02 00:57:22.087248+00:00,2025-03-02 09:36:00.986468+00:00
522016,airplane crash,2025-03-02 00:57:22.087248+00:00,2025-03-02 09:36:00.986468+00:00
522241,british spy,2025-03-02 00:57:22.087248+00:00,2025-03-02 09:36:00.986468+00:00
522241,russian spy,2025-03-02 00:57:22.087248+00:00,2025-03-02 09:36:00.986468+00:00
522241,undercover,2025-03-02 00:57:22.087248+00:00,2025-03-02 09:36:00.986468+00:00
522241,central intelligence agency (cia),2025-03-02 00:57:22.087248+00:00,2025-03-02 09:36:00.986468+00:00
522241,cold war,2025-03-02 00:57:22.087248+00:00,2025-03-02 09:36:00.986468+00:00
522241,mi6,2025-03-02 00:57:22.087248+00:00,2025-03-02 09:36:00.986468+00:00
522241,based on true story,2025-03-02 00:57:22.087248+00:00,2025-03-02 09:36:00.986468+00:00
522406,journey,2025-03-02 00:57:22.087248+00:00,2025-03-02 09:36:00.986468+00:00
522406,mysterious drug,2025-03-02 00:57:22.087248+00:00,2025-03-02 09:36:00.986468+00:00
522406,time travel,2025-03-02 00:57:22.087248+00:00,2025-03-02 09:36:00.986468+00:00
522406,journey in the past,2025-03-02 00:57:22.087248+00:00,2025-03-02 09:36:00.986468+00:00
522931,sequel,2025-03-02 00:57:22.087248+00:00,2025-03-02 09:36:00.986468+00:00
522931,aftercreditsstinger,2025-03-02 00:57:22.087248+00:00,2025-03-02 09:36:00.986468+00:00
522931,hitman,2025-03-02 00:57:22.087248+00:00,2025-03-02 09:36:00.986468+00:00
522931,duringcreditsstinger,2025-03-02 00:57:22.087248+00:00,2025-03-02 09:36:00.986468+00:00
522931,bodyguard,2025-03-02 00:57:22.087248+00:00,2025-03-02 09:36:00.986468+00:00
524434,super power,2025-03-02 00:57:22.087248+00:00,2025-03-02 09:36:00.986468+00:00
524434,ancient,2025-03-02 00:57:22.087248+00:00,2025-03-02 09:36:00.986468+00:00
524434,supernatural,2025-03-02 00:57:22.087248+00:00,2025-03-02 09:36:00.986468+00:00
524434,marvel cinematic universe (mcu),2025-03-02 00:57:22.087248+00:00,2025-03-02 09:36:00.986468+00:00
524434,based on comic,2025-03-02 00:57:22.087248+00:00,2025-03-02 09:36:00.986468+00:00
524434,superhero,2025-03-02 00:57:22.087248+00:00,2025-03-02 09:36:00.986468+00:00
524434,alien,2025-03-02 00:57:22.087248+00:00,2025-03-02 09:36:00.986468+00:00
524434,lgbt,2025-03-02 00:57:22.087248+00:00,2025-03-02 09:36:00.986468+00:00
524434,aftercreditsstinger,2025-03-02 00:57:22.087248+00:00,2025-03-02 09:36:00.986468+00:00
524434,clinical,2025-03-02 00:57:22.087248+00:00,2025-03-02 09:36:00.986468+00:00
524434,woman director,2025-03-02 00:57:22.087248+00:00,2025-03-02 09:36:00.986468+00:00
524434,god-like,2025-03-02 00:57:22.087248+00:00,2025-03-02 09:36:00.986468+00:00
524434,sign languages,2025-03-02 00:57:22.087248+00:00,2025-03-02 09:36:00.986468+00:00
526811,based on novel or book,2025-03-02 00:57:22.087248+00:00,2025-03-02 09:36:00.986468+00:00
526811,single mother,2025-03-02 00:57:22.087248+00:00,2025-03-02 09:36:00.986468+00:00
526811,literature professor,2025-03-02 00:57:22.087248+00:00,2025-03-02 09:36:00.986468+00:00
526811,love affair,2025-03-02 00:57:22.087248+00:00,2025-03-02 09:36:00.986468+00:00
526896,based on comic,2025-03-02 00:57:22.087248+00:00,2025-03-02 09:36:00.986468+00:00
526896,frustrated,2025-03-02 00:57:22.087248+00:00,2025-03-02 09:36:00.986468+00:00
526896,it's morbin time,2025-03-02 00:57:22.087248+00:00,2025-03-02 09:36:00.986468+00:00
526896,pathetic,2025-03-02 00:57:22.087248+00:00,2025-03-02 09:36:00.986468+00:00
526896,vampire,2025-03-02 00:57:22.087248+00:00,2025-03-02 09:36:00.986468+00:00
526896,duringcreditsstinger,2025-03-02 00:57:22.087248+00:00,2025-03-02 09:36:00.986468+00:00
526896,supervillain,2025-03-02 00:57:22.087248+00:00,2025-03-02 09:36:00.986468+00:00
531428,women,2025-03-02 00:57:22.087248+00:00,2025-03-02 09:36:00.986468+00:00
531428,women in film,2025-03-02 00:57:22.087248+00:00,2025-03-02 09:36:00.986468+00:00
531428,woman falls in love,2025-03-02 00:57:22.087248+00:00,2025-03-02 09:36:00.986468+00:00
531428,portrait drawing,2025-03-02 00:57:22.087248+00:00,2025-03-02 09:36:00.986468+00:00
531428,painter,2025-03-02 00:57:22.087248+00:00,2025-03-02 09:36:00.986468+00:00
531428,lgbt,2025-03-02 00:57:22.087248+00:00,2025-03-02 09:36:00.986468+00:00
531428,painting lesson,2025-03-02 00:57:22.087248+00:00,2025-03-02 09:36:00.986468+00:00
531428,posing for a portrait,2025-03-02 00:57:22.087248+00:00,2025-03-02 09:36:00.986468+00:00
531428,island,2025-03-02 00:57:22.087248+00:00,2025-03-02 09:36:00.986468+00:00
531428,beach,2025-03-02 00:57:22.087248+00:00,2025-03-02 09:36:00.986468+00:00
531428,lesbian,2025-03-02 00:57:22.087248+00:00,2025-03-02 09:36:00.986468+00:00
531428,greek mythology,2025-03-02 00:57:22.087248+00:00,2025-03-02 09:36:00.986468+00:00
531428,classical music,2025-03-02 00:57:22.087248+00:00,2025-03-02 09:36:00.986468+00:00
531428,arranged marriage,2025-03-02 00:57:22.087248+00:00,2025-03-02 09:36:00.986468+00:00
531428,abortion,2025-03-02 00:57:22.087248+00:00,2025-03-02 09:36:00.986468+00:00
531428,vivaldi,2025-03-02 00:57:22.087248+00:00,2025-03-02 09:36:00.986468+00:00
531428,serene,2025-03-02 00:57:22.087248+00:00,2025-03-02 09:36:00.986468+00:00
531428,lesbian relationship,2025-03-02 00:57:22.087248+00:00,2025-03-02 09:36:00.986468+00:00
531428,fire,2025-03-02 00:57:22.087248+00:00,2025-03-02 09:36:00.986468+00:00
531428,symphony orchestra,2025-03-02 00:57:22.087248+00:00,2025-03-02 09:36:00.986468+00:00
531428,portrait,2025-03-02 00:57:22.087248+00:00,2025-03-02 09:36:00.986468+00:00
531428,painting,2025-03-02 00:57:22.087248+00:00,2025-03-02 09:36:00.986468+00:00
531428,walk,2025-03-02 00:57:22.087248+00:00,2025-03-02 09:36:00.986468+00:00
531428,person on fire,2025-03-02 00:57:22.087248+00:00,2025-03-02 09:36:00.986468+00:00
531428,women gathering,2025-03-02 00:57:22.087248+00:00,2025-03-02 09:36:00.986468+00:00
531428,woman director,2025-03-02 00:57:22.087248+00:00,2025-03-02 09:36:00.986468+00:00
531428,period drama,2025-03-02 00:57:22.087248+00:00,2025-03-02 09:36:00.986468+00:00
531428,lesbian sex,2025-03-02 00:57:22.087248+00:00,2025-03-02 09:36:00.986468+00:00
531428,18th century,2025-03-02 00:57:22.087248+00:00,2025-03-02 09:36:00.986468+00:00
531428,serious,2025-03-02 00:57:22.087248+00:00,2025-03-02 09:36:00.986468+00:00
532408,cliché,2025-03-02 00:57:22.087248+00:00,2025-03-02 09:36:00.986468+00:00
532408,amused,2025-03-02 00:57:22.087248+00:00,2025-03-02 09:36:00.986468+00:00
532408,based on novel or book,2025-03-02 00:57:22.087248+00:00,2025-03-02 09:36:00.986468+00:00
533535,hero,2025-03-02 00:57:22.087248+00:00,2025-03-02 09:36:00.986468+00:00
533535,aftercreditsstinger,2025-03-02 00:57:22.087248+00:00,2025-03-02 09:36:00.986468+00:00
533535,mutant,2025-03-02 00:57:22.087248+00:00,2025-03-02 09:36:00.986468+00:00
533535,breaking the fourth wall,2025-03-02 00:57:22.087248+00:00,2025-03-02 09:36:00.986468+00:00
533535,duringcreditsstinger,2025-03-02 00:57:22.087248+00:00,2025-03-02 09:36:00.986468+00:00
533535,marvel cinematic universe (mcu),2025-03-02 00:57:22.087248+00:00,2025-03-02 09:36:00.986468+00:00
533535,mutants,2025-03-02 00:57:22.087248+00:00,2025-03-02 09:36:00.986468+00:00
533535,superhero,2025-03-02 00:57:22.087248+00:00,2025-03-02 09:36:00.986468+00:00
533535,superhero teamup,2025-03-02 00:57:22.087248+00:00,2025-03-02 09:36:00.986468+00:00
533535,anti hero,2025-03-02 00:57:22.087248+00:00,2025-03-02 09:36:00.986468+00:00
536396,remake,2025-03-02 00:57:22.087248+00:00,2025-03-02 09:36:00.986468+00:00
536396,terminal illness,2025-03-02 00:57:22.087248+00:00,2025-03-02 09:36:00.986468+00:00
536437,heist,2025-03-02 00:57:22.087248+00:00,2025-03-02 09:36:00.986468+00:00
536437,secret government project,2025-03-02 00:57:22.087248+00:00,2025-03-02 09:36:00.986468+00:00
536437,detective,2025-03-02 00:57:22.087248+00:00,2025-03-02 09:36:00.986468+00:00
536437,hypnotism,2025-03-02 00:57:22.087248+00:00,2025-03-02 09:36:00.986468+00:00
536437,missing daughter,2025-03-02 00:57:22.087248+00:00,2025-03-02 09:36:00.986468+00:00
536437,illusionist,2025-03-02 00:57:22.087248+00:00,2025-03-02 09:36:00.986468+00:00
536554,hit by a car,2025-03-02 00:57:22.087248+00:00,2025-03-02 09:36:00.986468+00:00
536554,juvenile delinquent,2025-03-02 00:57:22.087248+00:00,2025-03-02 09:36:00.986468+00:00
536554,information leak,2025-03-02 00:57:22.087248+00:00,2025-03-02 09:36:00.986468+00:00
536554,killer robot,2025-03-02 00:57:22.087248+00:00,2025-03-02 09:36:00.986468+00:00
536554,niece,2025-03-02 00:57:22.087248+00:00,2025-03-02 09:36:00.986468+00:00
536554,robot,2025-03-02 00:57:22.087248+00:00,2025-03-02 09:36:00.986468+00:00
536554,doll,2025-03-02 00:57:22.087248+00:00,2025-03-02 09:36:00.986468+00:00
536554,artificial intelligence (a.i.),2025-03-02 00:57:22.087248+00:00,2025-03-02 09:36:00.986468+00:00
536554,creepy doll,2025-03-02 00:57:22.087248+00:00,2025-03-02 09:36:00.986468+00:00
536554,attacked by a dog,2025-03-02 00:57:22.087248+00:00,2025-03-02 09:36:00.986468+00:00
536554,possessed doll,2025-03-02 00:57:22.087248+00:00,2025-03-02 09:36:00.986468+00:00
536554,car accident,2025-03-02 00:57:22.087248+00:00,2025-03-02 09:36:00.986468+00:00
536554,dead dog,2025-03-02 00:57:22.087248+00:00,2025-03-02 09:36:00.986468+00:00
536554,nosy neighbor,2025-03-02 00:57:22.087248+00:00,2025-03-02 09:36:00.986468+00:00
536554,dead parents,2025-03-02 00:57:22.087248+00:00,2025-03-02 09:36:00.986468+00:00
536554,orphan,2025-03-02 00:57:22.087248+00:00,2025-03-02 09:36:00.986468+00:00
536554,aunt niece relationship,2025-03-02 00:57:22.087248+00:00,2025-03-02 09:36:00.986468+00:00
536554,android horror,2025-03-02 00:57:22.087248+00:00,2025-03-02 09:36:00.986468+00:00
536554,evil doll,2025-03-02 00:57:22.087248+00:00,2025-03-02 09:36:00.986468+00:00
537761,anthology,2025-03-02 00:57:22.087248+00:00,2025-03-02 09:36:00.986468+00:00
537761,hong kong,2025-03-02 00:57:22.087248+00:00,2025-03-02 09:36:00.986468+00:00
539681,supervillain,2025-03-02 00:57:22.087248+00:00,2025-03-02 09:36:00.986468+00:00
539681,super power,2025-03-02 00:57:22.087248+00:00,2025-03-02 09:36:00.986468+00:00
539681,talking animal,2025-03-02 00:57:22.087248+00:00,2025-03-02 09:36:00.986468+00:00
539681,evil mastermind,2025-03-02 00:57:22.087248+00:00,2025-03-02 09:36:00.986468+00:00
539681,aftercreditsstinger,2025-03-02 00:57:22.087248+00:00,2025-03-02 09:36:00.986468+00:00
539681,based on comic,2025-03-02 00:57:22.087248+00:00,2025-03-02 09:36:00.986468+00:00
539681,villain,2025-03-02 00:57:22.087248+00:00,2025-03-02 09:36:00.986468+00:00
539681,duringcreditsstinger,2025-03-02 00:57:22.087248+00:00,2025-03-02 09:36:00.986468+00:00
539681,superhero,2025-03-02 00:57:22.087248+00:00,2025-03-02 09:36:00.986468+00:00
539972,hunter,2025-03-02 00:57:22.087248+00:00,2025-03-02 09:36:00.986468+00:00
539972,superhero,2025-03-02 00:57:22.087248+00:00,2025-03-02 09:36:00.986468+00:00
539972,supervillain,2025-03-02 00:57:22.087248+00:00,2025-03-02 09:36:00.986468+00:00
539972,villain,2025-03-02 00:57:22.087248+00:00,2025-03-02 09:36:00.986468+00:00
539972,antihero,2025-03-02 00:57:22.087248+00:00,2025-03-02 09:36:00.986468+00:00
539972,intense,2025-03-02 00:57:22.087248+00:00,2025-03-02 09:36:00.986468+00:00
539972,based on comic,2025-03-02 00:57:22.087248+00:00,2025-03-02 09:36:00.986468+00:00
542178,child kidnapping,2025-03-02 00:57:22.087248+00:00,2025-03-02 09:36:00.986468+00:00
542178,journalism,2025-03-02 00:57:22.087248+00:00,2025-03-02 09:36:00.986468+00:00
542178,france,2025-03-02 00:57:22.087248+00:00,2025-03-02 09:36:00.986468+00:00
542178,food poisoning,2025-03-02 00:57:22.087248+00:00,2025-03-02 09:36:00.986468+00:00
542178,art collector,2025-03-02 00:57:22.087248+00:00,2025-03-02 09:36:00.986468+00:00
542178,imprisonment,2025-03-02 00:57:22.087248+00:00,2025-03-02 09:36:00.986468+00:00
542178,riot,2025-03-02 00:57:22.087248+00:00,2025-03-02 09:36:00.986468+00:00
542178,murderer,2025-03-02 00:57:22.087248+00:00,2025-03-02 09:36:00.986468+00:00
542178,poisoning,2025-03-02 00:57:22.087248+00:00,2025-03-02 09:36:00.986468+00:00
542178,painter,2025-03-02 00:57:22.087248+00:00,2025-03-02 09:36:00.986468+00:00
542178,lighthearted,2025-03-02 00:57:22.087248+00:00,2025-03-02 09:36:00.986468+00:00
542178,post world war ii,2025-03-02 00:57:22.087248+00:00,2025-03-02 09:36:00.986468+00:00
542178,artist,2025-03-02 00:57:22.087248+00:00,2025-03-02 09:36:00.986468+00:00
542178,poison,2025-03-02 00:57:22.087248+00:00,2025-03-02 09:36:00.986468+00:00
542178,vibrant,2025-03-02 00:57:22.087248+00:00,2025-03-02 09:36:00.986468+00:00
542178,whimsical,2025-03-02 00:57:22.087248+00:00,2025-03-02 09:36:00.986468+00:00
542178,journalist,2025-03-02 00:57:22.087248+00:00,2025-03-02 09:36:00.986468+00:00
542178,father son relationship,2025-03-02 00:57:22.087248+00:00,2025-03-02 09:36:00.986468+00:00
542178,obituary,2025-03-02 00:57:22.087248+00:00,2025-03-02 09:36:00.986468+00:00
542178,anthology,2025-03-02 00:57:22.087248+00:00,2025-03-02 09:36:00.986468+00:00
542178,magazine,2025-03-02 00:57:22.087248+00:00,2025-03-02 09:36:00.986468+00:00
542178,lecture,2025-03-02 00:57:22.087248+00:00,2025-03-02 09:36:00.986468+00:00
542178,1970s,2025-03-02 00:57:22.087248+00:00,2025-03-02 09:36:00.986468+00:00
542178,editor-in-chief,2025-03-02 00:57:22.087248+00:00,2025-03-02 09:36:00.986468+00:00
542178,small town,2025-03-02 00:57:22.087248+00:00,2025-03-02 09:36:00.986468+00:00
542178,chef,2025-03-02 00:57:22.087248+00:00,2025-03-02 09:36:00.986468+00:00
542178,bicycle tour,2025-03-02 00:57:22.087248+00:00,2025-03-02 09:36:00.986468+00:00
542917,"vitoria-gasteiz, spain",2025-03-02 00:57:22.087248+00:00,2025-03-02 09:36:00.986468+00:00
542917,twins,2025-03-02 00:57:22.087248+00:00,2025-03-02 09:36:00.986468+00:00
542917,serial killer,2025-03-02 00:57:22.087248+00:00,2025-03-02 09:36:00.986468+00:00
542917,ritual murder,2025-03-02 00:57:22.087248+00:00,2025-03-02 09:36:00.986468+00:00
542917,popular festivity,2025-03-02 00:57:22.087248+00:00,2025-03-02 09:36:00.986468+00:00
542917,based on novel or book,2025-03-02 00:57:22.087248+00:00,2025-03-02 09:36:00.986468+00:00
542917,haunted by the past,2025-03-02 00:57:22.087248+00:00,2025-03-02 09:36:00.986468+00:00
542917,social prejudice,2025-03-02 00:57:22.087248+00:00,2025-03-02 09:36:00.986468+00:00
542917,traumatized man,2025-03-02 00:57:22.087248+00:00,2025-03-02 09:36:00.986468+00:00
542917,co-workers relationship,2025-03-02 00:57:22.087248+00:00,2025-03-02 09:36:00.986468+00:00
542917,"basque country, spain",2025-03-02 00:57:22.087248+00:00,2025-03-02 09:36:00.986468+00:00
542917,husband wife relationship,2025-03-02 00:57:22.087248+00:00,2025-03-02 09:36:00.986468+00:00
543504,internal affairs,2025-03-02 00:57:22.087248+00:00,2025-03-02 09:36:00.986468+00:00
543504,lunatic,2025-03-02 00:57:22.087248+00:00,2025-03-02 09:36:00.986468+00:00
543504,psychotic obsessions,2025-03-02 00:57:22.087248+00:00,2025-03-02 09:36:00.986468+00:00
545611,intergenerational trauma,2025-03-02 00:57:22.087248+00:00,2025-03-02 09:36:00.986468+00:00
545611,family,2025-03-02 00:57:22.087248+00:00,2025-03-02 09:36:00.986468+00:00
545611,chinese immigrant,2025-03-02 00:57:22.087248+00:00,2025-03-02 09:36:00.986468+00:00
545611,east asian lead,2025-03-02 00:57:22.087248+00:00,2025-03-02 09:36:00.986468+00:00
545611,generations conflict,2025-03-02 00:57:22.087248+00:00,2025-03-02 09:36:00.986468+00:00
545611,martial arts,2025-03-02 00:57:22.087248+00:00,2025-03-02 09:36:00.986468+00:00
545611,asian american,2025-03-02 00:57:22.087248+00:00,2025-03-02 09:36:00.986468+00:00
545611,divorce,2025-03-02 00:57:22.087248+00:00,2025-03-02 09:36:00.986468+00:00
545611,asian woman,2025-03-02 00:57:22.087248+00:00,2025-03-02 09:36:00.986468+00:00
545611,kung fu,2025-03-02 00:57:22.087248+00:00,2025-03-02 09:36:00.986468+00:00
545611,chinese,2025-03-02 00:57:22.087248+00:00,2025-03-02 09:36:00.986468+00:00
545611,action comedy,2025-03-02 00:57:22.087248+00:00,2025-03-02 09:36:00.986468+00:00
545611,laundromat,2025-03-02 00:57:22.087248+00:00,2025-03-02 09:36:00.986468+00:00
545611,loving,2025-03-02 00:57:22.087248+00:00,2025-03-02 09:36:00.986468+00:00
545611,hot dog,2025-03-02 00:57:22.087248+00:00,2025-03-02 09:36:00.986468+00:00
545611,mother daughter relationship,2025-03-02 00:57:22.087248+00:00,2025-03-02 09:36:00.986468+00:00
545611,lgbt,2025-03-02 00:57:22.087248+00:00,2025-03-02 09:36:00.986468+00:00
545611,imaginative,2025-03-02 00:57:22.087248+00:00,2025-03-02 09:36:00.986468+00:00
545611,mother,2025-03-02 00:57:22.087248+00:00,2025-03-02 09:36:00.986468+00:00
545611,interdimensional travel,2025-03-02 00:57:22.087248+00:00,2025-03-02 09:36:00.986468+00:00
545611,philosophy,2025-03-02 00:57:22.087248+00:00,2025-03-02 09:36:00.986468+00:00
545611,chinese woman,2025-03-02 00:57:22.087248+00:00,2025-03-02 09:36:00.986468+00:00
545611,瞬息全宇宙,2025-03-02 00:57:22.087248+00:00,2025-03-02 09:36:00.986468+00:00
545611,internal revenue service,2025-03-02 00:57:22.087248+00:00,2025-03-02 09:36:00.986468+00:00
545611,surrealism,2025-03-02 00:57:22.087248+00:00,2025-03-02 09:36:00.986468+00:00
545611,hilarious,2025-03-02 00:57:22.087248+00:00,2025-03-02 09:36:00.986468+00:00
546630,calm,2025-03-02 00:57:22.087248+00:00,2025-03-02 09:36:00.986468+00:00
549509,handjob,2025-03-02 00:57:22.087248+00:00,2025-03-02 09:36:00.986468+00:00
549509,train accident,2025-03-02 00:57:22.087248+00:00,2025-03-02 09:36:00.986468+00:00
549509,orphan,2025-03-02 00:57:22.087248+00:00,2025-03-02 09:36:00.986468+00:00
549509,1980s,2025-03-02 00:57:22.087248+00:00,2025-03-02 09:36:00.986468+00:00
549509,death of mother,2025-03-02 00:57:22.087248+00:00,2025-03-02 09:36:00.986468+00:00
549509,architect,2025-03-02 00:57:22.087248+00:00,2025-03-02 09:36:00.986468+00:00
549509,sexual assault,2025-03-02 00:57:22.087248+00:00,2025-03-02 09:36:00.986468+00:00
549509,"philadelphia, pennsylvania",2025-03-02 00:57:22.087248+00:00,2025-03-02 09:36:00.986468+00:00
549509,world war ii,2025-03-02 00:57:22.087248+00:00,2025-03-02 09:36:00.986468+00:00
549509,statue of liberty,2025-03-02 00:57:22.087248+00:00,2025-03-02 09:36:00.986468+00:00
549509,library,2025-03-02 00:57:22.087248+00:00,2025-03-02 09:36:00.986468+00:00
549509,single father,2025-03-02 00:57:22.087248+00:00,2025-03-02 09:36:00.986468+00:00
549509,male domination,2025-03-02 00:57:22.087248+00:00,2025-03-02 09:36:00.986468+00:00
549509,immigrant,2025-03-02 00:57:22.087248+00:00,2025-03-02 09:36:00.986468+00:00
549509,post world war ii,2025-03-02 00:57:22.087248+00:00,2025-03-02 09:36:00.986468+00:00
549509,renovation,2025-03-02 00:57:22.087248+00:00,2025-03-02 09:36:00.986468+00:00
549509,1950s,2025-03-02 00:57:22.087248+00:00,2025-03-02 09:36:00.986468+00:00
549509,"pennsylvania, usa",2025-03-02 00:57:22.087248+00:00,2025-03-02 09:36:00.986468+00:00
549509,hungarian,2025-03-02 00:57:22.087248+00:00,2025-03-02 09:36:00.986468+00:00
549509,1940s,2025-03-02 00:57:22.087248+00:00,2025-03-02 09:36:00.986468+00:00
549509,carrara,2025-03-02 00:57:22.087248+00:00,2025-03-02 09:36:00.986468+00:00
549509,brutalist,2025-03-02 00:57:22.087248+00:00,2025-03-02 09:36:00.986468+00:00
549509,husband wife relationship,2025-03-02 00:57:22.087248+00:00,2025-03-02 09:36:00.986468+00:00
549509,jewish,2025-03-02 00:57:22.087248+00:00,2025-03-02 09:36:00.986468+00:00
549509,woman in wheelchair,2025-03-02 00:57:22.087248+00:00,2025-03-02 09:36:00.986468+00:00
549509,capitalism,2025-03-02 00:57:22.087248+00:00,2025-03-02 09:36:00.986468+00:00
549509,train station,2025-03-02 00:57:22.087248+00:00,2025-03-02 09:36:00.986468+00:00
549509,jews,2025-03-02 00:57:22.087248+00:00,2025-03-02 09:36:00.986468+00:00
549509,ellis island,2025-03-02 00:57:22.087248+00:00,2025-03-02 09:36:00.986468+00:00
549509,architecture,2025-03-02 00:57:22.087248+00:00,2025-03-02 09:36:00.986468+00:00
549509,mute,2025-03-02 00:57:22.087248+00:00,2025-03-02 09:36:00.986468+00:00
549509,"venice, italy",2025-03-02 00:57:22.087248+00:00,2025-03-02 09:36:00.986468+00:00
549509,american dream,2025-03-02 00:57:22.087248+00:00,2025-03-02 09:36:00.986468+00:00
549509,prostitute,2025-03-02 00:57:22.087248+00:00,2025-03-02 09:36:00.986468+00:00
549509,niece,2025-03-02 00:57:22.087248+00:00,2025-03-02 09:36:00.986468+00:00
549509,cousin cousin relationship,2025-03-02 00:57:22.087248+00:00,2025-03-02 09:36:00.986468+00:00
549509,holocaust (shoah) survivor,2025-03-02 00:57:22.087248+00:00,2025-03-02 09:36:00.986468+00:00
549509,drug addiction,2025-03-02 00:57:22.087248+00:00,2025-03-02 09:36:00.986468+00:00
549509,heroin addict,2025-03-02 00:57:22.087248+00:00,2025-03-02 09:36:00.986468+00:00
549509,new york city,2025-03-02 00:57:22.087248+00:00,2025-03-02 09:36:00.986468+00:00
549509,exploitation,2025-03-02 00:57:22.087248+00:00,2025-03-02 09:36:00.986468+00:00
550988,heroic,2025-03-02 00:57:22.087248+00:00,2025-03-02 09:36:00.986468+00:00
550988,virtual reality,2025-03-02 00:57:22.087248+00:00,2025-03-02 09:36:00.986468+00:00
550988,hero,2025-03-02 00:57:22.087248+00:00,2025-03-02 09:36:00.986468+00:00
550988,programmer,2025-03-02 00:57:22.087248+00:00,2025-03-02 09:36:00.986468+00:00
550988,mmorpg,2025-03-02 00:57:22.087248+00:00,2025-03-02 09:36:00.986468+00:00
550988,bank robbery,2025-03-02 00:57:22.087248+00:00,2025-03-02 09:36:00.986468+00:00
550988,video game,2025-03-02 00:57:22.087248+00:00,2025-03-02 09:36:00.986468+00:00
550988,gun,2025-03-02 00:57:22.087248+00:00,2025-03-02 09:36:00.986468+00:00
550988,artificial intelligence (a.i.),2025-03-02 00:57:22.087248+00:00,2025-03-02 09:36:00.986468+00:00
550988,gamer,2025-03-02 00:57:22.087248+00:00,2025-03-02 09:36:00.986468+00:00
550988,vrmmo,2025-03-02 00:57:22.087248+00:00,2025-03-02 09:36:00.986468+00:00
550988,bank teller,2025-03-02 00:57:22.087248+00:00,2025-03-02 09:36:00.986468+00:00
550988,code,2025-03-02 00:57:22.087248+00:00,2025-03-02 09:36:00.986468+00:00
553600,elemental powers,2025-03-02 00:57:22.087248+00:00,2025-03-02 09:36:00.986468+00:00
553600,firefighter,2025-03-02 00:57:22.087248+00:00,2025-03-02 09:36:00.986468+00:00
553600,supernatural,2025-03-02 00:57:22.087248+00:00,2025-03-02 09:36:00.986468+00:00
553600,super power,2025-03-02 00:57:22.087248+00:00,2025-03-02 09:36:00.986468+00:00
553600,firefighting,2025-03-02 00:57:22.087248+00:00,2025-03-02 09:36:00.986468+00:00
553600,anime,2025-03-02 00:57:22.087248+00:00,2025-03-02 09:36:00.986468+00:00
553600,adult animation,2025-03-02 00:57:22.087248+00:00,2025-03-02 09:36:00.986468+00:00
553600,mutant,2025-03-02 00:57:22.087248+00:00,2025-03-02 09:36:00.986468+00:00
553600,mecha,2025-03-02 00:57:22.087248+00:00,2025-03-02 09:36:00.986468+00:00
553600,super robot,2025-03-02 00:57:22.087248+00:00,2025-03-02 09:36:00.986468+00:00
554761,abusive father,2025-03-02 00:57:22.087248+00:00,2025-03-02 09:36:00.986468+00:00
554761,homophobia,2025-03-02 00:57:22.087248+00:00,2025-03-02 09:36:00.986468+00:00
554761,gay relationship,2025-03-02 00:57:22.087248+00:00,2025-03-02 09:36:00.986468+00:00
554761,lgbt,2025-03-02 00:57:22.087248+00:00,2025-03-02 09:36:00.986468+00:00
554761,dementia,2025-03-02 00:57:22.087248+00:00,2025-03-02 09:36:00.986468+00:00
554761,california,2025-03-02 00:57:22.087248+00:00,2025-03-02 09:36:00.986468+00:00
554761,retirement,2025-03-02 00:57:22.087248+00:00,2025-03-02 09:36:00.986468+00:00
554761,gay parent,2025-03-02 00:57:22.087248+00:00,2025-03-02 09:36:00.986468+00:00
554761,father son conflict,2025-03-02 00:57:22.087248+00:00,2025-03-02 09:36:00.986468+00:00
554761,bigot,2025-03-02 00:57:22.087248+00:00,2025-03-02 09:36:00.986468+00:00
554761,father son relationship,2025-03-02 00:57:22.087248+00:00,2025-03-02 09:36:00.986468+00:00
556694,wish fulfillment,2025-03-02 00:57:22.087248+00:00,2025-03-02 09:36:00.986468+00:00
556694,longing,2025-03-02 00:57:22.087248+00:00,2025-03-02 09:36:00.986468+00:00
556694,djinn,2025-03-02 00:57:22.087248+00:00,2025-03-02 09:36:00.986468+00:00
556694,romantic,2025-03-02 00:57:22.087248+00:00,2025-03-02 09:36:00.986468+00:00
556694,mythology,2025-03-02 00:57:22.087248+00:00,2025-03-02 09:36:00.986468+00:00
556694,doctorate,2025-03-02 00:57:22.087248+00:00,2025-03-02 09:36:00.986468+00:00
556694,wishes,2025-03-02 00:57:22.087248+00:00,2025-03-02 09:36:00.986468+00:00
556694,lonely woman,2025-03-02 00:57:22.087248+00:00,2025-03-02 09:36:00.986468+00:00
556694,genie,2025-03-02 00:57:22.087248+00:00,2025-03-02 09:36:00.986468+00:00
556694,public speaking,2025-03-02 00:57:22.087248+00:00,2025-03-02 09:36:00.986468+00:00
556694,desire,2025-03-02 00:57:22.087248+00:00,2025-03-02 09:36:00.986468+00:00
556694,"istanbul, turkey",2025-03-02 00:57:22.087248+00:00,2025-03-02 09:36:00.986468+00:00
556694,scholar,2025-03-02 00:57:22.087248+00:00,2025-03-02 09:36:00.986468+00:00
556694,storytelling,2025-03-02 00:57:22.087248+00:00,2025-03-02 09:36:00.986468+00:00
558449,roman empire,2025-03-02 00:57:22.087248+00:00,2025-03-02 09:36:00.986468+00:00
558449,sequel,2025-03-02 00:57:22.087248+00:00,2025-03-02 09:36:00.986468+00:00
558449,sword and sandal,2025-03-02 00:57:22.087248+00:00,2025-03-02 09:36:00.986468+00:00
558449,gladiator,2025-03-02 00:57:22.087248+00:00,2025-03-02 09:36:00.986468+00:00
558449,second part,2025-03-02 00:57:22.087248+00:00,2025-03-02 09:36:00.986468+00:00
558449,epic,2025-03-02 00:57:22.087248+00:00,2025-03-02 09:36:00.986468+00:00
558449,ancient rome,2025-03-02 00:57:22.087248+00:00,2025-03-02 09:36:00.986468+00:00
558449,sword fighting,2025-03-02 00:57:22.087248+00:00,2025-03-02 09:36:00.986468+00:00
558449,evil tyrant,2025-03-02 00:57:22.087248+00:00,2025-03-02 09:36:00.986468+00:00
560008,mercury poisoning,2025-03-02 00:57:22.087248+00:00,2025-03-02 09:36:00.986468+00:00
560008,war photographer,2025-03-02 00:57:22.087248+00:00,2025-03-02 09:36:00.986468+00:00
560008,japan,2025-03-02 00:57:22.087248+00:00,2025-03-02 09:36:00.986468+00:00
560016,suspenseful,2025-03-02 00:57:22.087248+00:00,2025-03-02 09:36:00.986468+00:00
560016,action thriller,2025-03-02 00:57:22.087248+00:00,2025-03-02 09:36:00.986468+00:00
560016,трансгендер,2025-03-02 00:57:22.087248+00:00,2025-03-02 09:36:00.986468+00:00
560016,лгбт,2025-03-02 00:57:22.087248+00:00,2025-03-02 09:36:00.986468+00:00
560016,indian,2025-03-02 00:57:22.087248+00:00,2025-03-02 09:36:00.986468+00:00
560016,night club,2025-03-02 00:57:22.087248+00:00,2025-03-02 09:36:00.986468+00:00
560016,revenge thriller,2025-03-02 00:57:22.087248+00:00,2025-03-02 09:36:00.986468+00:00
560144,spacecraft,2025-03-02 00:57:22.087248+00:00,2025-03-02 09:36:00.986468+00:00
560144,battle,2025-03-02 00:57:22.087248+00:00,2025-03-02 09:36:00.986468+00:00
560144,martial arts,2025-03-02 00:57:22.087248+00:00,2025-03-02 09:36:00.986468+00:00
560144,virus,2025-03-02 00:57:22.087248+00:00,2025-03-02 09:36:00.986468+00:00
560144,self sacrifice,2025-03-02 00:57:22.087248+00:00,2025-03-02 09:36:00.986468+00:00
560144,revenge,2025-03-02 00:57:22.087248+00:00,2025-03-02 09:36:00.986468+00:00
560144,space travel,2025-03-02 00:57:22.087248+00:00,2025-03-02 09:36:00.986468+00:00
560144,alien,2025-03-02 00:57:22.087248+00:00,2025-03-02 09:36:00.986468+00:00
560144,female protagonist,2025-03-02 00:57:22.087248+00:00,2025-03-02 09:36:00.986468+00:00
560144,good versus evil,2025-03-02 00:57:22.087248+00:00,2025-03-02 09:36:00.986468+00:00
560144,resistance fighter,2025-03-02 00:57:22.087248+00:00,2025-03-02 09:36:00.986468+00:00
560144,betrayal,2025-03-02 00:57:22.087248+00:00,2025-03-02 09:36:00.986468+00:00
560144,mind control,2025-03-02 00:57:22.087248+00:00,2025-03-02 09:36:00.986468+00:00
560144,brother sister relationship,2025-03-02 00:57:22.087248+00:00,2025-03-02 09:36:00.986468+00:00
560144,creature,2025-03-02 00:57:22.087248+00:00,2025-03-02 09:36:00.986468+00:00
560144,promise,2025-03-02 00:57:22.087248+00:00,2025-03-02 09:36:00.986468+00:00
565770,alien technology,2025-03-02 00:57:22.087248+00:00,2025-03-02 09:36:00.986468+00:00
565770,job hunting,2025-03-02 00:57:22.087248+00:00,2025-03-02 09:36:00.986468+00:00
565770,latino,2025-03-02 00:57:22.087248+00:00,2025-03-02 09:36:00.986468+00:00
565770,immigrant family,2025-03-02 00:57:22.087248+00:00,2025-03-02 09:36:00.986468+00:00
565770,mexican american,2025-03-02 00:57:22.087248+00:00,2025-03-02 09:36:00.986468+00:00
565770,college graduate,2025-03-02 00:57:22.087248+00:00,2025-03-02 09:36:00.986468+00:00
565770,family relationships,2025-03-02 00:57:22.087248+00:00,2025-03-02 09:36:00.986468+00:00
565770,dc extended universe (dceu),2025-03-02 00:57:22.087248+00:00,2025-03-02 09:36:00.986468+00:00
565770,high tech,2025-03-02 00:57:22.087248+00:00,2025-03-02 09:36:00.986468+00:00
565770,armor,2025-03-02 00:57:22.087248+00:00,2025-03-02 09:36:00.986468+00:00
565770,family,2025-03-02 00:57:22.087248+00:00,2025-03-02 09:36:00.986468+00:00
565770,brother sister relationship,2025-03-02 00:57:22.087248+00:00,2025-03-02 09:36:00.986468+00:00
565770,aftercreditsstinger,2025-03-02 00:57:22.087248+00:00,2025-03-02 09:36:00.986468+00:00
565770,duringcreditsstinger,2025-03-02 00:57:22.087248+00:00,2025-03-02 09:36:00.986468+00:00
565770,superhero,2025-03-02 00:57:22.087248+00:00,2025-03-02 09:36:00.986468+00:00
566466,based on manga,2025-03-02 00:57:22.087248+00:00,2025-03-02 09:36:00.986468+00:00
566466,ecology,2025-03-02 00:57:22.087248+00:00,2025-03-02 09:36:00.986468+00:00
566466,anime,2025-03-02 00:57:22.087248+00:00,2025-03-02 09:36:00.986468+00:00
566466,educational,2025-03-02 00:57:22.087248+00:00,2025-03-02 09:36:00.986468+00:00
566466,school,2025-03-02 00:57:22.087248+00:00,2025-03-02 09:36:00.986468+00:00
566466,camping,2025-03-02 00:57:22.087248+00:00,2025-03-02 09:36:00.986468+00:00
566466,camp,2025-03-02 00:57:22.087248+00:00,2025-03-02 09:36:00.986468+00:00
566466,slice of life,2025-03-02 00:57:22.087248+00:00,2025-03-02 09:36:00.986468+00:00
566466,hobby,2025-03-02 00:57:22.087248+00:00,2025-03-02 09:36:00.986468+00:00
566466,journey,2025-03-02 00:57:22.087248+00:00,2025-03-02 09:36:00.986468+00:00
566525,based on comic,2025-03-02 00:57:22.087248+00:00,2025-03-02 09:36:00.986468+00:00
566525,east asian lead,2025-03-02 00:57:22.087248+00:00,2025-03-02 09:36:00.986468+00:00
566525,father son relationship,2025-03-02 00:57:22.087248+00:00,2025-03-02 09:36:00.986468+00:00
566525,superhero,2025-03-02 00:57:22.087248+00:00,2025-03-02 09:36:00.986468+00:00
566525,martial arts,2025-03-02 00:57:22.087248+00:00,2025-03-02 09:36:00.986468+00:00
566525,duringcreditsstinger,2025-03-02 00:57:22.087248+00:00,2025-03-02 09:36:00.986468+00:00
566525,mysterious,2025-03-02 00:57:22.087248+00:00,2025-03-02 09:36:00.986468+00:00
566525,aftercreditsstinger,2025-03-02 00:57:22.087248+00:00,2025-03-02 09:36:00.986468+00:00
566525,marvel cinematic universe (mcu),2025-03-02 00:57:22.087248+00:00,2025-03-02 09:36:00.986468+00:00
566525,mixed martial arts (mma),2025-03-02 00:57:22.087248+00:00,2025-03-02 09:36:00.986468+00:00
567811,animal,2025-03-02 00:57:22.087248+00:00,2025-03-02 09:36:00.986468+00:00
567811,talking animal,2025-03-02 00:57:22.087248+00:00,2025-03-02 09:36:00.986468+00:00
567811,cat,2025-03-02 00:57:22.087248+00:00,2025-03-02 09:36:00.986468+00:00
568124,teenage girl,2025-03-02 00:57:22.087248+00:00,2025-03-02 09:36:00.986468+00:00
568124,female protagonist,2025-03-02 00:57:22.087248+00:00,2025-03-02 09:36:00.986468+00:00
568124,magic,2025-03-02 00:57:22.087248+00:00,2025-03-02 09:36:00.986468+00:00
568124,sadness,2025-03-02 00:57:22.087248+00:00,2025-03-02 09:36:00.986468+00:00
568124,beauty,2025-03-02 00:57:22.087248+00:00,2025-03-02 09:36:00.986468+00:00
568124,musical,2025-03-02 00:57:22.087248+00:00,2025-03-02 09:36:00.986468+00:00
568124,big family,2025-03-02 00:57:22.087248+00:00,2025-03-02 09:36:00.986468+00:00
568124,family secrets,2025-03-02 00:57:22.087248+00:00,2025-03-02 09:36:00.986468+00:00
568124,matriarch,2025-03-02 00:57:22.087248+00:00,2025-03-02 09:36:00.986468+00:00
568124,strong woman,2025-03-02 00:57:22.087248+00:00,2025-03-02 09:36:00.986468+00:00
568124,colombia,2025-03-02 00:57:22.087248+00:00,2025-03-02 09:36:00.986468+00:00
568124,joy of life,2025-03-02 00:57:22.087248+00:00,2025-03-02 09:36:00.986468+00:00
568124,supernatural,2025-03-02 00:57:22.087248+00:00,2025-03-02 09:36:00.986468+00:00
568124,forest,2025-03-02 00:57:22.087248+00:00,2025-03-02 09:36:00.986468+00:00
568124,immigration,2025-03-02 00:57:22.087248+00:00,2025-03-02 09:36:00.986468+00:00
568124,flamenco,2025-03-02 00:57:22.087248+00:00,2025-03-02 09:36:00.986468+00:00
568124,family conflict,2025-03-02 00:57:22.087248+00:00,2025-03-02 09:36:00.986468+00:00
568124,helping children,2025-03-02 00:57:22.087248+00:00,2025-03-02 09:36:00.986468+00:00
568124,family relationships,2025-03-02 00:57:22.087248+00:00,2025-03-02 09:36:00.986468+00:00
569094,teenage romance,2025-03-02 00:57:22.087248+00:00,2025-03-02 09:36:00.986468+00:00
569094,alternate universe,2025-03-02 00:57:22.087248+00:00,2025-03-02 09:36:00.986468+00:00
569094,portal,2025-03-02 00:57:22.087248+00:00,2025-03-02 09:36:00.986468+00:00
569094,alter ego,2025-03-02 00:57:22.087248+00:00,2025-03-02 09:36:00.986468+00:00
569094,sequel,2025-03-02 00:57:22.087248+00:00,2025-03-02 09:36:00.986468+00:00
569094,chelsea,2025-03-02 00:57:22.087248+00:00,2025-03-02 09:36:00.986468+00:00
569094,teen social issues,2025-03-02 00:57:22.087248+00:00,2025-03-02 09:36:00.986468+00:00
569094,bold,2025-03-02 00:57:22.087248+00:00,2025-03-02 09:36:00.986468+00:00
569094,audacious,2025-03-02 00:57:22.087248+00:00,2025-03-02 09:36:00.986468+00:00
569094,alternate dimension,2025-03-02 00:57:22.087248+00:00,2025-03-02 09:36:00.986468+00:00
569094,spider bite,2025-03-02 00:57:22.087248+00:00,2025-03-02 09:36:00.986468+00:00
569094,hero,2025-03-02 00:57:22.087248+00:00,2025-03-02 09:36:00.986468+00:00
569094,romance,2025-03-02 00:57:22.087248+00:00,2025-03-02 09:36:00.986468+00:00
569094,super villain,2025-03-02 00:57:22.087248+00:00,2025-03-02 09:36:00.986468+00:00
569094,superhero team,2025-03-02 00:57:22.087248+00:00,2025-03-02 09:36:00.986468+00:00
569094,teen superhero,2025-03-02 00:57:22.087248+00:00,2025-03-02 09:36:00.986468+00:00
569094,interdimensional travel,2025-03-02 00:57:22.087248+00:00,2025-03-02 09:36:00.986468+00:00
569094,cliffhanger,2025-03-02 00:57:22.087248+00:00,2025-03-02 09:36:00.986468+00:00
569094,super power,2025-03-02 00:57:22.087248+00:00,2025-03-02 09:36:00.986468+00:00
569094,female superhero,2025-03-02 00:57:22.087248+00:00,2025-03-02 09:36:00.986468+00:00
569094,superhero teamup,2025-03-02 00:57:22.087248+00:00,2025-03-02 09:36:00.986468+00:00
569094,sacrifice,2025-03-02 00:57:22.087248+00:00,2025-03-02 09:36:00.986468+00:00
569094,sentimental,2025-03-02 00:57:22.087248+00:00,2025-03-02 09:36:00.986468+00:00
569094,family,2025-03-02 00:57:22.087248+00:00,2025-03-02 09:36:00.986468+00:00
569094,based on comic,2025-03-02 00:57:22.087248+00:00,2025-03-02 09:36:00.986468+00:00
569094,india,2025-03-02 00:57:22.087248+00:00,2025-03-02 09:36:00.986468+00:00
569094,"brooklyn, new york city",2025-03-02 00:57:22.087248+00:00,2025-03-02 09:36:00.986468+00:00
569094,defiant,2025-03-02 00:57:22.087248+00:00,2025-03-02 09:36:00.986468+00:00
569094,superhero,2025-03-02 00:57:22.087248+00:00,2025-03-02 09:36:00.986468+00:00
569094,exuberant,2025-03-02 00:57:22.087248+00:00,2025-03-02 09:36:00.986468+00:00
569094,young heroes,2025-03-02 00:57:22.087248+00:00,2025-03-02 09:36:00.986468+00:00
569094,parenting,2025-03-02 00:57:22.087248+00:00,2025-03-02 09:36:00.986468+00:00
569094,villain,2025-03-02 00:57:22.087248+00:00,2025-03-02 09:36:00.986468+00:00
569094,slow burn romance,2025-03-02 00:57:22.087248+00:00,2025-03-02 09:36:00.986468+00:00
569094,new york city,2025-03-02 00:57:22.087248+00:00,2025-03-02 09:36:00.986468+00:00
569094,alternate version,2025-03-02 00:57:22.087248+00:00,2025-03-02 09:36:00.986468+00:00
571468,world war ii,2025-03-02 00:57:22.087248+00:00,2025-03-02 09:36:00.986468+00:00
571468,nazi invasion,2025-03-02 00:57:22.087248+00:00,2025-03-02 09:36:00.986468+00:00
571468,freaks,2025-03-02 00:57:22.087248+00:00,2025-03-02 09:36:00.986468+00:00
571468,hidden powers,2025-03-02 00:57:22.087248+00:00,2025-03-02 09:36:00.986468+00:00
571468,circus,2025-03-02 00:57:22.087248+00:00,2025-03-02 09:36:00.986468+00:00
571468,anti-nazi resistance,2025-03-02 00:57:22.087248+00:00,2025-03-02 09:36:00.986468+00:00
571468,nazi occultism,2025-03-02 00:57:22.087248+00:00,2025-03-02 09:36:00.986468+00:00
571468,italian resistance,2025-03-02 00:57:22.087248+00:00,2025-03-02 09:36:00.986468+00:00
572154,based on novel or book,2025-03-02 00:57:22.087248+00:00,2025-03-02 09:36:00.986468+00:00
572154,alternate universe,2025-03-02 00:57:22.087248+00:00,2025-03-02 09:36:00.986468+00:00
572154,afterlife,2025-03-02 00:57:22.087248+00:00,2025-03-02 09:36:00.986468+00:00
572154,tragedy,2025-03-02 00:57:22.087248+00:00,2025-03-02 09:36:00.986468+00:00
572154,school,2025-03-02 00:57:22.087248+00:00,2025-03-02 09:36:00.986468+00:00
572154,japanese high school,2025-03-02 00:57:22.087248+00:00,2025-03-02 09:36:00.986468+00:00
572154,seinen,2025-03-02 00:57:22.087248+00:00,2025-03-02 09:36:00.986468+00:00
572154,based on light novel,2025-03-02 00:57:22.087248+00:00,2025-03-02 09:36:00.986468+00:00
572154,time-manipulation,2025-03-02 00:57:22.087248+00:00,2025-03-02 09:36:00.986468+00:00
572154,high school,2025-03-02 00:57:22.087248+00:00,2025-03-02 09:36:00.986468+00:00
572154,anime,2025-03-02 00:57:22.087248+00:00,2025-03-02 09:36:00.986468+00:00
572154,high school student,2025-03-02 00:57:22.087248+00:00,2025-03-02 09:36:00.986468+00:00
572802,superhero,2025-03-02 00:57:22.087248+00:00,2025-03-02 09:36:00.986468+00:00
572802,ancient evil,2025-03-02 00:57:22.087248+00:00,2025-03-02 09:36:00.986468+00:00
572802,vengeance,2025-03-02 00:57:22.087248+00:00,2025-03-02 09:36:00.986468+00:00
572802,dc extended universe (dceu),2025-03-02 00:57:22.087248+00:00,2025-03-02 09:36:00.986468+00:00
572802,half-brother,2025-03-02 00:57:22.087248+00:00,2025-03-02 09:36:00.986468+00:00
572802,underwater world,2025-03-02 00:57:22.087248+00:00,2025-03-02 09:36:00.986468+00:00
572802,brother brother relationship,2025-03-02 00:57:22.087248+00:00,2025-03-02 09:36:00.986468+00:00
572802,revenge,2025-03-02 00:57:22.087248+00:00,2025-03-02 09:36:00.986468+00:00
572802,secret society,2025-03-02 00:57:22.087248+00:00,2025-03-02 09:36:00.986468+00:00
572802,dysfunctional relationship,2025-03-02 00:57:22.087248+00:00,2025-03-02 09:36:00.986468+00:00
572802,sequel,2025-03-02 00:57:22.087248+00:00,2025-03-02 09:36:00.986468+00:00
573435,on the run,2025-03-02 00:57:22.087248+00:00,2025-03-02 09:36:00.986468+00:00
573435,"miami, florida",2025-03-02 00:57:22.087248+00:00,2025-03-02 09:36:00.986468+00:00
573435,sequel,2025-03-02 00:57:22.087248+00:00,2025-03-02 09:36:00.986468+00:00
573435,aftercreditsstinger,2025-03-02 00:57:22.087248+00:00,2025-03-02 09:36:00.986468+00:00
573435,police detective,2025-03-02 00:57:22.087248+00:00,2025-03-02 09:36:00.986468+00:00
573435,buddy comedy,2025-03-02 00:57:22.087248+00:00,2025-03-02 09:36:00.986468+00:00
573435,buddy cop,2025-03-02 00:57:22.087248+00:00,2025-03-02 09:36:00.986468+00:00
573435,hilarious,2025-03-02 00:57:22.087248+00:00,2025-03-02 09:36:00.986468+00:00
573435,exhilarated,2025-03-02 00:57:22.087248+00:00,2025-03-02 09:36:00.986468+00:00
573787,korea president,2025-03-02 00:57:22.087248+00:00,2025-03-02 09:36:00.986468+00:00
573787,election campaign,2025-03-02 00:57:22.087248+00:00,2025-03-02 09:36:00.986468+00:00
573787,kim dae-jung,2025-03-02 00:57:22.087248+00:00,2025-03-02 09:36:00.986468+00:00
573787,presidential campaign,2025-03-02 00:57:22.087248+00:00,2025-03-02 09:36:00.986468+00:00
573787,south korea,2025-03-02 00:57:22.087248+00:00,2025-03-02 09:36:00.986468+00:00
573787,politics,2025-03-02 00:57:22.087248+00:00,2025-03-02 09:36:00.986468+00:00
573787,election,2025-03-02 00:57:22.087248+00:00,2025-03-02 09:36:00.986468+00:00
573787,politician,2025-03-02 00:57:22.087248+00:00,2025-03-02 09:36:00.986468+00:00
575264,rogue agent,2025-03-02 00:57:22.087248+00:00,2025-03-02 09:36:00.986468+00:00
575264,secret mission,2025-03-02 00:57:22.087248+00:00,2025-03-02 09:36:00.986468+00:00
575264,sequel,2025-03-02 00:57:22.087248+00:00,2025-03-02 09:36:00.986468+00:00
575264,northern norway,2025-03-02 00:57:22.087248+00:00,2025-03-02 09:36:00.986468+00:00
575264,race against time,2025-03-02 00:57:22.087248+00:00,2025-03-02 09:36:00.986468+00:00
575264,chase,2025-03-02 00:57:22.087248+00:00,2025-03-02 09:36:00.986468+00:00
575264,mission,2025-03-02 00:57:22.087248+00:00,2025-03-02 09:36:00.986468+00:00
575264,based on tv series,2025-03-02 00:57:22.087248+00:00,2025-03-02 09:36:00.986468+00:00
575264,secret government agency,2025-03-02 00:57:22.087248+00:00,2025-03-02 09:36:00.986468+00:00
575264,intelligence agency,2025-03-02 00:57:22.087248+00:00,2025-03-02 09:36:00.986468+00:00
575264,secret agent,2025-03-02 00:57:22.087248+00:00,2025-03-02 09:36:00.986468+00:00
575264,"rome, italy",2025-03-02 00:57:22.087248+00:00,2025-03-02 09:36:00.986468+00:00
576845,"london, england",2025-03-02 00:57:22.087248+00:00,2025-03-02 09:36:00.986468+00:00
576845,murder,2025-03-02 00:57:22.087248+00:00,2025-03-02 09:36:00.986468+00:00
576845,suspenseful,2025-03-02 00:57:22.087248+00:00,2025-03-02 09:36:00.986468+00:00
576845,1960s,2025-03-02 00:57:22.087248+00:00,2025-03-02 09:36:00.986468+00:00
576845,mirror,2025-03-02 00:57:22.087248+00:00,2025-03-02 09:36:00.986468+00:00
576845,nightmare,2025-03-02 00:57:22.087248+00:00,2025-03-02 09:36:00.986468+00:00
576845,pub,2025-03-02 00:57:22.087248+00:00,2025-03-02 09:36:00.986468+00:00
576845,burlesque,2025-03-02 00:57:22.087248+00:00,2025-03-02 09:36:00.986468+00:00
576845,fashion design,2025-03-02 00:57:22.087248+00:00,2025-03-02 09:36:00.986468+00:00
576845,go-go dancer,2025-03-02 00:57:22.087248+00:00,2025-03-02 09:36:00.986468+00:00
576845,shocking,2025-03-02 00:57:22.087248+00:00,2025-03-02 09:36:00.986468+00:00
576845,amused,2025-03-02 00:57:22.087248+00:00,2025-03-02 09:36:00.986468+00:00
576845,exuberant,2025-03-02 00:57:22.087248+00:00,2025-03-02 09:36:00.986468+00:00
576845,nostalgia,2025-03-02 00:57:22.087248+00:00,2025-03-02 09:36:00.986468+00:00
576845,fashion designer,2025-03-02 00:57:22.087248+00:00,2025-03-02 09:36:00.986468+00:00
576845,audacious,2025-03-02 00:57:22.087248+00:00,2025-03-02 09:36:00.986468+00:00
576845,soho london,2025-03-02 00:57:22.087248+00:00,2025-03-02 09:36:00.986468+00:00
576845,clairvoyant,2025-03-02 00:57:22.087248+00:00,2025-03-02 09:36:00.986468+00:00
576845,time travel,2025-03-02 00:57:22.087248+00:00,2025-03-02 09:36:00.986468+00:00
576845,mysterious,2025-03-02 00:57:22.087248+00:00,2025-03-02 09:36:00.986468+00:00
576845,somber,2025-03-02 00:57:22.087248+00:00,2025-03-02 09:36:00.986468+00:00
576845,tragic,2025-03-02 00:57:22.087248+00:00,2025-03-02 09:36:00.986468+00:00
576925,monster,2025-03-02 00:57:22.087248+00:00,2025-03-02 09:36:00.986468+00:00
576925,rabbit,2025-03-02 00:57:22.087248+00:00,2025-03-02 09:36:00.986468+00:00
576925,princess,2025-03-02 00:57:22.087248+00:00,2025-03-02 09:36:00.986468+00:00
579496,illegal abortion,2025-03-02 00:57:22.087248+00:00,2025-03-02 09:36:00.986468+00:00
579496,pregnancy,2025-03-02 00:57:22.087248+00:00,2025-03-02 09:36:00.986468+00:00
579496,1960s,2025-03-02 00:57:22.087248+00:00,2025-03-02 09:36:00.986468+00:00
579496,housewife,2025-03-02 00:57:22.087248+00:00,2025-03-02 09:36:00.986468+00:00
579496,unwanted pregnancy,2025-03-02 00:57:22.087248+00:00,2025-03-02 09:36:00.986468+00:00
579496,illegal abortionist,2025-03-02 00:57:22.087248+00:00,2025-03-02 09:36:00.986468+00:00
579496,woman director,2025-03-02 00:57:22.087248+00:00,2025-03-02 09:36:00.986468+00:00
579496,abortion,2025-03-02 00:57:22.087248+00:00,2025-03-02 09:36:00.986468+00:00
579496,based on true story,2025-03-02 00:57:22.087248+00:00,2025-03-02 09:36:00.986468+00:00
579496,"chicago, illinois",2025-03-02 00:57:22.087248+00:00,2025-03-02 09:36:00.986468+00:00
580175,teacher student relationship,2025-03-02 00:57:22.087248+00:00,2025-03-02 09:36:00.986468+00:00
580175,social pressure,2025-03-02 00:57:22.087248+00:00,2025-03-02 09:36:00.986468+00:00
580175,family relationships,2025-03-02 00:57:22.087248+00:00,2025-03-02 09:36:00.986468+00:00
580175,pressure to perform,2025-03-02 00:57:22.087248+00:00,2025-03-02 09:36:00.986468+00:00
580175,alcohol,2025-03-02 00:57:22.087248+00:00,2025-03-02 09:36:00.986468+00:00
580175,melodramatic,2025-03-02 00:57:22.087248+00:00,2025-03-02 09:36:00.986468+00:00
580175,intoxication,2025-03-02 00:57:22.087248+00:00,2025-03-02 09:36:00.986468+00:00
580175,hilarious,2025-03-02 00:57:22.087248+00:00,2025-03-02 09:36:00.986468+00:00
580175,"copenhagen, denmark",2025-03-02 00:57:22.087248+00:00,2025-03-02 09:36:00.986468+00:00
580175,experiment,2025-03-02 00:57:22.087248+00:00,2025-03-02 09:36:00.986468+00:00
580175,friendship,2025-03-02 00:57:22.087248+00:00,2025-03-02 09:36:00.986468+00:00
580175,teacher,2025-03-02 00:57:22.087248+00:00,2025-03-02 09:36:00.986468+00:00
580489,psychopath,2025-03-02 00:57:22.087248+00:00,2025-03-02 09:36:00.986468+00:00
580489,anti hero,2025-03-02 00:57:22.087248+00:00,2025-03-02 09:36:00.986468+00:00
580489,carnage,2025-03-02 00:57:22.087248+00:00,2025-03-02 09:36:00.986468+00:00
580489,fear,2025-03-02 00:57:22.087248+00:00,2025-03-02 09:36:00.986468+00:00
580489,alien life-form,2025-03-02 00:57:22.087248+00:00,2025-03-02 09:36:00.986468+00:00
580489,villain,2025-03-02 00:57:22.087248+00:00,2025-03-02 09:36:00.986468+00:00
580489,hero,2025-03-02 00:57:22.087248+00:00,2025-03-02 09:36:00.986468+00:00
580489,based on comic,2025-03-02 00:57:22.087248+00:00,2025-03-02 09:36:00.986468+00:00
580489,superhero,2025-03-02 00:57:22.087248+00:00,2025-03-02 09:36:00.986468+00:00
580489,aftercreditsstinger,2025-03-02 00:57:22.087248+00:00,2025-03-02 09:36:00.986468+00:00
580489,symbiote,2025-03-02 00:57:22.087248+00:00,2025-03-02 09:36:00.986468+00:00
580489,sequel,2025-03-02 00:57:22.087248+00:00,2025-03-02 09:36:00.986468+00:00
581390,living in exile,2025-03-02 00:57:22.087248+00:00,2025-03-02 09:36:00.986468+00:00
581390,fish,2025-03-02 00:57:22.087248+00:00,2025-03-02 09:36:00.986468+00:00
581390,joseon dynasty (1392–1910),2025-03-02 00:57:22.087248+00:00,2025-03-02 09:36:00.986468+00:00
581390,19th century,2025-03-02 00:57:22.087248+00:00,2025-03-02 09:36:00.986468+00:00
581390,fishing,2025-03-02 00:57:22.087248+00:00,2025-03-02 09:36:00.986468+00:00
581390,exile,2025-03-02 00:57:22.087248+00:00,2025-03-02 09:36:00.986468+00:00
581390,encyclopedia,2025-03-02 00:57:22.087248+00:00,2025-03-02 09:36:00.986468+00:00
581390,island life,2025-03-02 00:57:22.087248+00:00,2025-03-02 09:36:00.986468+00:00
581390,black and white,2025-03-02 00:57:22.087248+00:00,2025-03-02 09:36:00.986468+00:00
581394,marathon,2025-03-02 00:57:22.087248+00:00,2025-03-02 09:36:00.986468+00:00
581394,1940s,2025-03-02 00:57:22.087248+00:00,2025-03-02 09:36:00.986468+00:00
581394,athlete,2025-03-02 00:57:22.087248+00:00,2025-03-02 09:36:00.986468+00:00
581394,based on true story,2025-03-02 00:57:22.087248+00:00,2025-03-02 09:36:00.986468+00:00
581394,boston marathon,2025-03-02 00:57:22.087248+00:00,2025-03-02 09:36:00.986468+00:00
581394,japanese occupation of korea,2025-03-02 00:57:22.087248+00:00,2025-03-02 09:36:00.986468+00:00
581395,diplomat,2025-03-02 00:57:22.087248+00:00,2025-03-02 09:36:00.986468+00:00
581395,taxi driver,2025-03-02 00:57:22.087248+00:00,2025-03-02 09:36:00.986468+00:00
581395,rescue mission,2025-03-02 00:57:22.087248+00:00,2025-03-02 09:36:00.986468+00:00
581395,1980s,2025-03-02 00:57:22.087248+00:00,2025-03-02 09:36:00.986468+00:00
581395,lebanon,2025-03-02 00:57:22.087248+00:00,2025-03-02 09:36:00.986468+00:00
581577,world war ii,2025-03-02 00:57:22.087248+00:00,2025-03-02 09:36:00.986468+00:00
581577,concentration camp prisoner,2025-03-02 00:57:22.087248+00:00,2025-03-02 09:36:00.986468+00:00
581577,concentration camp,2025-03-02 00:57:22.087248+00:00,2025-03-02 09:36:00.986468+00:00
581577,exhaustion,2025-03-02 00:57:22.087248+00:00,2025-03-02 09:36:00.986468+00:00
581577,fictional language,2025-03-02 00:57:22.087248+00:00,2025-03-02 09:36:00.986468+00:00
581577,nazi,2025-03-02 00:57:22.087248+00:00,2025-03-02 09:36:00.986468+00:00
581577,german officer,2025-03-02 00:57:22.087248+00:00,2025-03-02 09:36:00.986468+00:00
581577,jewish,2025-03-02 00:57:22.087248+00:00,2025-03-02 09:36:00.986468+00:00
582886,woman director,2025-03-02 00:57:22.087248+00:00,2025-03-02 09:36:00.986468+00:00
582886,romcom,2025-03-02 00:57:22.087248+00:00,2025-03-02 09:36:00.986468+00:00
584242,sick father,2025-03-02 00:57:22.087248+00:00,2025-03-02 09:36:00.986468+00:00
584242,singapore,2025-03-02 00:57:22.087248+00:00,2025-03-02 09:36:00.986468+00:00
584242,rain,2025-03-02 00:57:22.087248+00:00,2025-03-02 09:36:00.986468+00:00
584242,durian,2025-03-02 00:57:22.087248+00:00,2025-03-02 09:36:00.986468+00:00
584242,wushu,2025-03-02 00:57:22.087248+00:00,2025-03-02 09:36:00.986468+00:00
584242,teacher student relationship,2025-03-02 00:57:22.087248+00:00,2025-03-02 09:36:00.986468+00:00
584242,schoolteacher,2025-03-02 00:57:22.087248+00:00,2025-03-02 09:36:00.986468+00:00
584242,neglected wife,2025-03-02 00:57:22.087248+00:00,2025-03-02 09:36:00.986468+00:00
585216,no escape,2025-03-02 00:57:22.087248+00:00,2025-03-02 09:36:00.986468+00:00
585216,death game,2025-03-02 00:57:22.087248+00:00,2025-03-02 09:36:00.986468+00:00
585216,escape room,2025-03-02 00:57:22.087248+00:00,2025-03-02 09:36:00.986468+00:00
585216,sequel,2025-03-02 00:57:22.087248+00:00,2025-03-02 09:36:00.986468+00:00
585245,giant dog,2025-03-02 00:57:22.087248+00:00,2025-03-02 09:36:00.986468+00:00
585245,cgi-live action hybrid,2025-03-02 00:57:22.087248+00:00,2025-03-02 09:36:00.986468+00:00
585245,live action and animation,2025-03-02 00:57:22.087248+00:00,2025-03-02 09:36:00.986468+00:00
585245,animated character,2025-03-02 00:57:22.087248+00:00,2025-03-02 09:36:00.986468+00:00
585245,based on novel or book,2025-03-02 00:57:22.087248+00:00,2025-03-02 09:36:00.986468+00:00
585245,pets,2025-03-02 00:57:22.087248+00:00,2025-03-02 09:36:00.986468+00:00
585245,dog,2025-03-02 00:57:22.087248+00:00,2025-03-02 09:36:00.986468+00:00
588108,battleship,2025-03-02 00:57:22.087248+00:00,2025-03-02 09:36:00.986468+00:00
588108,navy,2025-03-02 00:57:22.087248+00:00,2025-03-02 09:36:00.986468+00:00
588108,imjin war,2025-03-02 00:57:22.087248+00:00,2025-03-02 09:36:00.986468+00:00
588108,japanese invasion of korea,2025-03-02 00:57:22.087248+00:00,2025-03-02 09:36:00.986468+00:00
588108,yi sun-sin,2025-03-02 00:57:22.087248+00:00,2025-03-02 09:36:00.986468+00:00
588108,naval warfare,2025-03-02 00:57:22.087248+00:00,2025-03-02 09:36:00.986468+00:00
588108,joseon dynasty (1392–1910),2025-03-02 00:57:22.087248+00:00,2025-03-02 09:36:00.986468+00:00
588108,korean navy,2025-03-02 00:57:22.087248+00:00,2025-03-02 09:36:00.986468+00:00
588890,mouse,2025-03-02 00:57:22.087248+00:00,2025-03-02 09:36:00.986468+00:00
588890,overcoming fears,2025-03-02 00:57:22.087248+00:00,2025-03-02 09:36:00.986468+00:00
588890,face fears,2025-03-02 00:57:22.087248+00:00,2025-03-02 09:36:00.986468+00:00
588890,heaven,2025-03-02 00:57:22.087248+00:00,2025-03-02 09:36:00.986468+00:00
588890,fox,2025-03-02 00:57:22.087248+00:00,2025-03-02 09:36:00.986468+00:00
588890,mice,2025-03-02 00:57:22.087248+00:00,2025-03-02 09:36:00.986468+00:00
588890,improbable friendship,2025-03-02 00:57:22.087248+00:00,2025-03-02 09:36:00.986468+00:00
588890,animals,2025-03-02 00:57:22.087248+00:00,2025-03-02 09:36:00.986468+00:00
588890,talking animal,2025-03-02 00:57:22.087248+00:00,2025-03-02 09:36:00.986468+00:00
588890,stop motion,2025-03-02 00:57:22.087248+00:00,2025-03-02 09:36:00.986468+00:00
588890,interspecies friendship,2025-03-02 00:57:22.087248+00:00,2025-03-02 09:36:00.986468+00:00
588890,afterlife,2025-03-02 00:57:22.087248+00:00,2025-03-02 09:36:00.986468+00:00
588921,amazon rainforest,2025-03-02 00:57:22.087248+00:00,2025-03-02 09:36:00.986468+00:00
588921,亞馬遜守護者：安珀傳奇,2025-03-02 00:57:22.087248+00:00,2025-03-02 09:36:00.986468+00:00
588921,protection,2025-03-02 00:57:22.087248+00:00,2025-03-02 09:36:00.986468+00:00
588921,threatened ecosystem,2025-03-02 00:57:22.087248+00:00,2025-03-02 09:36:00.986468+00:00
589761,based on true story,2025-03-02 00:57:22.087248+00:00,2025-03-02 09:36:00.986468+00:00
589761,radiation,2025-03-02 00:57:22.087248+00:00,2025-03-02 09:36:00.986468+00:00
589761,diving,2025-03-02 00:57:22.087248+00:00,2025-03-02 09:36:00.986468+00:00
589761,firefighter,2025-03-02 00:57:22.087248+00:00,2025-03-02 09:36:00.986468+00:00
589761,chernobyl,2025-03-02 00:57:22.087248+00:00,2025-03-02 09:36:00.986468+00:00
592695,porn actress,2025-03-02 00:57:22.087248+00:00,2025-03-02 09:36:00.986468+00:00
592695,disgusted,2025-03-02 00:57:22.087248+00:00,2025-03-02 09:36:00.986468+00:00
592695,female friendship,2025-03-02 00:57:22.087248+00:00,2025-03-02 09:36:00.986468+00:00
592695,female protagonist,2025-03-02 00:57:22.087248+00:00,2025-03-02 09:36:00.986468+00:00
592695,pornography,2025-03-02 00:57:22.087248+00:00,2025-03-02 09:36:00.986468+00:00
592695,absurd,2025-03-02 00:57:22.087248+00:00,2025-03-02 09:36:00.986468+00:00
592695,woman director,2025-03-02 00:57:22.087248+00:00,2025-03-02 09:36:00.986468+00:00
592695,intimate,2025-03-02 00:57:22.087248+00:00,2025-03-02 09:36:00.986468+00:00
592695,porn star,2025-03-02 00:57:22.087248+00:00,2025-03-02 09:36:00.986468+00:00
592695,"los angeles, california",2025-03-02 00:57:22.087248+00:00,2025-03-02 09:36:00.986468+00:00
592695,porn industry,2025-03-02 00:57:22.087248+00:00,2025-03-02 09:36:00.986468+00:00
593643,haute cuisine,2025-03-02 00:57:22.087248+00:00,2025-03-02 09:36:00.986468+00:00
593643,obsession,2025-03-02 00:57:22.087248+00:00,2025-03-02 09:36:00.986468+00:00
593643,culinary arts,2025-03-02 00:57:22.087248+00:00,2025-03-02 09:36:00.986468+00:00
593643,horrified,2025-03-02 00:57:22.087248+00:00,2025-03-02 09:36:00.986468+00:00
593643,pessimistic,2025-03-02 00:57:22.087248+00:00,2025-03-02 09:36:00.986468+00:00
593643,direct,2025-03-02 00:57:22.087248+00:00,2025-03-02 09:36:00.986468+00:00
593643,food,2025-03-02 00:57:22.087248+00:00,2025-03-02 09:36:00.986468+00:00
593643,psychopath,2025-03-02 00:57:22.087248+00:00,2025-03-02 09:36:00.986468+00:00
593643,mass murder,2025-03-02 00:57:22.087248+00:00,2025-03-02 09:36:00.986468+00:00
593643,french cuisine,2025-03-02 00:57:22.087248+00:00,2025-03-02 09:36:00.986468+00:00
593643,condescending,2025-03-02 00:57:22.087248+00:00,2025-03-02 09:36:00.986468+00:00
593643,chef,2025-03-02 00:57:22.087248+00:00,2025-03-02 09:36:00.986468+00:00
593643,tense,2025-03-02 00:57:22.087248+00:00,2025-03-02 09:36:00.986468+00:00
593643,revenge,2025-03-02 00:57:22.087248+00:00,2025-03-02 09:36:00.986468+00:00
593643,dark comedy,2025-03-02 00:57:22.087248+00:00,2025-03-02 09:36:00.986468+00:00
593643,restaurant,2025-03-02 00:57:22.087248+00:00,2025-03-02 09:36:00.986468+00:00
593643,fine dining,2025-03-02 00:57:22.087248+00:00,2025-03-02 09:36:00.986468+00:00
593643,foreboding,2025-03-02 00:57:22.087248+00:00,2025-03-02 09:36:00.986468+00:00
593643,dinner,2025-03-02 00:57:22.087248+00:00,2025-03-02 09:36:00.986468+00:00
593643,food critic,2025-03-02 00:57:22.087248+00:00,2025-03-02 09:36:00.986468+00:00
593643,remote island,2025-03-02 00:57:22.087248+00:00,2025-03-02 09:36:00.986468+00:00
594767,dc extended universe (dceu),2025-03-02 00:57:22.087248+00:00,2025-03-02 09:36:00.986468+00:00
594767,superhero,2025-03-02 00:57:22.087248+00:00,2025-03-02 09:36:00.986468+00:00
594767,end of the world,2025-03-02 00:57:22.087248+00:00,2025-03-02 09:36:00.986468+00:00
594767,duringcreditsstinger,2025-03-02 00:57:22.087248+00:00,2025-03-02 09:36:00.986468+00:00
594767,teenager,2025-03-02 00:57:22.087248+00:00,2025-03-02 09:36:00.986468+00:00
594767,super power,2025-03-02 00:57:22.087248+00:00,2025-03-02 09:36:00.986468+00:00
594767,aftercreditsstinger,2025-03-02 00:57:22.087248+00:00,2025-03-02 09:36:00.986468+00:00
597859,world war ii,2025-03-02 00:57:22.087248+00:00,2025-03-02 09:36:00.986468+00:00
600354,alzheimer's disease,2025-03-02 00:57:22.087248+00:00,2025-03-02 09:36:00.986468+00:00
600354,old man,2025-03-02 00:57:22.087248+00:00,2025-03-02 09:36:00.986468+00:00
600354,fading memories,2025-03-02 00:57:22.087248+00:00,2025-03-02 09:36:00.986468+00:00
600354,elderly man,2025-03-02 00:57:22.087248+00:00,2025-03-02 09:36:00.986468+00:00
600354,memory loss,2025-03-02 00:57:22.087248+00:00,2025-03-02 09:36:00.986468+00:00
600354,flat,2025-03-02 00:57:22.087248+00:00,2025-03-02 09:36:00.986468+00:00
600354,loss of sense of reality,2025-03-02 00:57:22.087248+00:00,2025-03-02 09:36:00.986468+00:00
600354,mistaken identity,2025-03-02 00:57:22.087248+00:00,2025-03-02 09:36:00.986468+00:00
600354,"london, england",2025-03-02 00:57:22.087248+00:00,2025-03-02 09:36:00.986468+00:00
600354,family caregiving,2025-03-02 00:57:22.087248+00:00,2025-03-02 09:36:00.986468+00:00
600354,father daughter relationship,2025-03-02 00:57:22.087248+00:00,2025-03-02 09:36:00.986468+00:00
600354,dementia,2025-03-02 00:57:22.087248+00:00,2025-03-02 09:36:00.986468+00:00
600354,based on play or musical,2025-03-02 00:57:22.087248+00:00,2025-03-02 09:36:00.986468+00:00
601434,五月天,2025-03-02 00:57:22.087248+00:00,2025-03-02 09:36:00.986468+00:00
601635,mentally disabled,2025-03-02 00:57:22.087248+00:00,2025-03-02 09:36:00.986468+00:00
601635,based on movie,2025-03-02 00:57:22.087248+00:00,2025-03-02 09:36:00.986468+00:00
601635,india,2025-03-02 00:57:22.087248+00:00,2025-03-02 09:36:00.986468+00:00
601635,remake,2025-03-02 00:57:22.087248+00:00,2025-03-02 09:36:00.986468+00:00
601635,based on novel or book,2025-03-02 00:57:22.087248+00:00,2025-03-02 09:36:00.986468+00:00
601635,foreign language adaptation,2025-03-02 00:57:22.087248+00:00,2025-03-02 09:36:00.986468+00:00
601635,bollywood,2025-03-02 00:57:22.087248+00:00,2025-03-02 09:36:00.986468+00:00
601796,past and present,2025-03-02 00:57:22.087248+00:00,2025-03-02 09:36:00.986468+00:00
601796,alien,2025-03-02 00:57:22.087248+00:00,2025-03-02 09:36:00.986468+00:00
601796,historical fiction,2025-03-02 00:57:22.087248+00:00,2025-03-02 09:36:00.986468+00:00
601796,time slip,2025-03-02 00:57:22.087248+00:00,2025-03-02 09:36:00.986468+00:00
601796,taoist wizard,2025-03-02 00:57:22.087248+00:00,2025-03-02 09:36:00.986468+00:00
601796,time warp,2025-03-02 00:57:22.087248+00:00,2025-03-02 09:36:00.986468+00:00
601796,prisoner,2025-03-02 00:57:22.087248+00:00,2025-03-02 09:36:00.986468+00:00
601796,goryeo dynasty,2025-03-02 00:57:22.087248+00:00,2025-03-02 09:36:00.986468+00:00
603661,romantic,2025-03-02 00:57:22.087248+00:00,2025-03-02 09:36:00.986468+00:00
603661,job promotion,2025-03-02 00:57:22.087248+00:00,2025-03-02 09:36:00.986468+00:00
603661,based on novel or book,2025-03-02 00:57:22.087248+00:00,2025-03-02 09:36:00.986468+00:00
603661,office romance,2025-03-02 00:57:22.087248+00:00,2025-03-02 09:36:00.986468+00:00
603661,nemesis,2025-03-02 00:57:22.087248+00:00,2025-03-02 09:36:00.986468+00:00
603661,rivalry,2025-03-02 00:57:22.087248+00:00,2025-03-02 09:36:00.986468+00:00
603661,love-hate relationship,2025-03-02 00:57:22.087248+00:00,2025-03-02 09:36:00.986468+00:00
603661,holidays,2025-03-02 00:57:22.087248+00:00,2025-03-02 09:36:00.986468+00:00
603661,publishing house,2025-03-02 00:57:22.087248+00:00,2025-03-02 09:36:00.986468+00:00
603661,young man,2025-03-02 00:57:22.087248+00:00,2025-03-02 09:36:00.986468+00:00
603661,merger,2025-03-02 00:57:22.087248+00:00,2025-03-02 09:36:00.986468+00:00
603661,adoring,2025-03-02 00:57:22.087248+00:00,2025-03-02 09:36:00.986468+00:00
603661,falling in love,2025-03-02 00:57:22.087248+00:00,2025-03-02 09:36:00.986468+00:00
603661,enemies to lovers,2025-03-02 00:57:22.087248+00:00,2025-03-02 09:36:00.986468+00:00
603661,young woman,2025-03-02 00:57:22.087248+00:00,2025-03-02 09:36:00.986468+00:00
603661,new york city,2025-03-02 00:57:22.087248+00:00,2025-03-02 09:36:00.986468+00:00
603661,working toward job promotion,2025-03-02 00:57:22.087248+00:00,2025-03-02 09:36:00.986468+00:00
603692,organized crime,2025-03-02 00:57:22.087248+00:00,2025-03-02 09:36:00.986468+00:00
603692,aggressive,2025-03-02 00:57:22.087248+00:00,2025-03-02 09:36:00.986468+00:00
603692,hitman,2025-03-02 00:57:22.087248+00:00,2025-03-02 09:36:00.986468+00:00
603692,"berlin, germany",2025-03-02 00:57:22.087248+00:00,2025-03-02 09:36:00.986468+00:00
603692,sequel,2025-03-02 00:57:22.087248+00:00,2025-03-02 09:36:00.986468+00:00
603692,"osaka, japan",2025-03-02 00:57:22.087248+00:00,2025-03-02 09:36:00.986468+00:00
603692,exhilarated,2025-03-02 00:57:22.087248+00:00,2025-03-02 09:36:00.986468+00:00
603692,hunted,2025-03-02 00:57:22.087248+00:00,2025-03-02 09:36:00.986468+00:00
603692,neo-noir,2025-03-02 00:57:22.087248+00:00,2025-03-02 09:36:00.986468+00:00
603692,located in japan,2025-03-02 00:57:22.087248+00:00,2025-03-02 09:36:00.986468+00:00
603692,martial arts,2025-03-02 00:57:22.087248+00:00,2025-03-02 09:36:00.986468+00:00
603692,emotional,2025-03-02 00:57:22.087248+00:00,2025-03-02 09:36:00.986468+00:00
603692,consequences,2025-03-02 00:57:22.087248+00:00,2025-03-02 09:36:00.986468+00:00
603692,aftercreditsstinger,2025-03-02 00:57:22.087248+00:00,2025-03-02 09:36:00.986468+00:00
603692,new york city,2025-03-02 00:57:22.087248+00:00,2025-03-02 09:36:00.986468+00:00
603692,japan style,2025-03-02 00:57:22.087248+00:00,2025-03-02 09:36:00.986468+00:00
603692,professional assassin,2025-03-02 00:57:22.087248+00:00,2025-03-02 09:36:00.986468+00:00
603692,blindness,2025-03-02 00:57:22.087248+00:00,2025-03-02 09:36:00.986468+00:00
603692,japanese mafia,2025-03-02 00:57:22.087248+00:00,2025-03-02 09:36:00.986468+00:00
604605,anime,2025-03-02 00:57:22.087248+00:00,2025-03-02 09:36:00.986468+00:00
604605,virtual world,2025-03-02 00:57:22.087248+00:00,2025-03-02 09:36:00.986468+00:00
604605,futuristic,2025-03-02 00:57:22.087248+00:00,2025-03-02 09:36:00.986468+00:00
604605,enchant,2025-03-02 00:57:22.087248+00:00,2025-03-02 09:36:00.986468+00:00
604605,rehabilitation,2025-03-02 00:57:22.087248+00:00,2025-03-02 09:36:00.986468+00:00
604605,time travel,2025-03-02 00:57:22.087248+00:00,2025-03-02 09:36:00.986468+00:00
604605,video game,2025-03-02 00:57:22.087248+00:00,2025-03-02 09:36:00.986468+00:00
604605,japan,2025-03-02 00:57:22.087248+00:00,2025-03-02 09:36:00.986468+00:00
604685,diamond,2025-03-02 00:57:22.087248+00:00,2025-03-02 09:36:00.986468+00:00
604685,vibrant,2025-03-02 00:57:22.087248+00:00,2025-03-02 09:36:00.986468+00:00
604685,ex-cop,2025-03-02 00:57:22.087248+00:00,2025-03-02 09:36:00.986468+00:00
604685,vengeance,2025-03-02 00:57:22.087248+00:00,2025-03-02 09:36:00.986468+00:00
604685,crime,2025-03-02 00:57:22.087248+00:00,2025-03-02 09:36:00.986468+00:00
604685,heist,2025-03-02 00:57:22.087248+00:00,2025-03-02 09:36:00.986468+00:00
605886,mass murder,2025-03-02 00:57:22.087248+00:00,2025-03-02 09:36:00.986468+00:00
605886,new year's eve,2025-03-02 00:57:22.087248+00:00,2025-03-02 09:36:00.986468+00:00
605886,homicide investigation,2025-03-02 00:57:22.087248+00:00,2025-03-02 09:36:00.986468+00:00
605886,fbi,2025-03-02 00:57:22.087248+00:00,2025-03-02 09:36:00.986468+00:00
605886,slaughterhouse,2025-03-02 00:57:22.087248+00:00,2025-03-02 09:36:00.986468+00:00
605886,investigation,2025-03-02 00:57:22.087248+00:00,2025-03-02 09:36:00.986468+00:00
605886,"baltimore, maryland",2025-03-02 00:57:22.087248+00:00,2025-03-02 09:36:00.986468+00:00
605886,mass killing,2025-03-02 00:57:22.087248+00:00,2025-03-02 09:36:00.986468+00:00
606400,afghanistan,2025-03-02 00:57:22.087248+00:00,2025-03-02 09:36:00.986468+00:00
606400,diplomat,2025-03-02 00:57:22.087248+00:00,2025-03-02 09:36:00.986468+00:00
606400,hostage negotiator,2025-03-02 00:57:22.087248+00:00,2025-03-02 09:36:00.986468+00:00
606400,based on true story,2025-03-02 00:57:22.087248+00:00,2025-03-02 09:36:00.986468+00:00
606400,national intelligence service (nis),2025-03-02 00:57:22.087248+00:00,2025-03-02 09:36:00.986468+00:00
606400,taliban,2025-03-02 00:57:22.087248+00:00,2025-03-02 09:36:00.986468+00:00
606400,2000s,2025-03-02 00:57:22.087248+00:00,2025-03-02 09:36:00.986468+00:00
606400,negotiation,2025-03-02 00:57:22.087248+00:00,2025-03-02 09:36:00.986468+00:00
606400,kidnapping,2025-03-02 00:57:22.087248+00:00,2025-03-02 09:36:00.986468+00:00
608232,female artist,2025-03-02 00:57:22.087248+00:00,2025-03-02 09:36:00.986468+00:00
608232,comic-strip artist,2025-03-02 00:57:22.087248+00:00,2025-03-02 09:36:00.986468+00:00
608232,"helsinki, finland",2025-03-02 00:57:22.087248+00:00,2025-03-02 09:36:00.986468+00:00
608232,artist,2025-03-02 00:57:22.087248+00:00,2025-03-02 09:36:00.986468+00:00
608232,biography,2025-03-02 00:57:22.087248+00:00,2025-03-02 09:36:00.986468+00:00
608232,lgbt,2025-03-02 00:57:22.087248+00:00,2025-03-02 09:36:00.986468+00:00
608232,finland,2025-03-02 00:57:22.087248+00:00,2025-03-02 09:36:00.986468+00:00
608232,sexuality,2025-03-02 00:57:22.087248+00:00,2025-03-02 09:36:00.986468+00:00
608232,writer,2025-03-02 00:57:22.087248+00:00,2025-03-02 09:36:00.986468+00:00
608980,ensemble cast,2025-03-02 00:57:22.087248+00:00,2025-03-02 09:36:00.986468+00:00
608980,bourgeoisie,2025-03-02 00:57:22.087248+00:00,2025-03-02 09:36:00.986468+00:00
608980,grand,2025-03-02 00:57:22.087248+00:00,2025-03-02 09:36:00.986468+00:00
608980,family drama,2025-03-02 00:57:22.087248+00:00,2025-03-02 09:36:00.986468+00:00
609681,woman director,2025-03-02 00:57:22.087248+00:00,2025-03-02 09:36:00.986468+00:00
609681,marvel cinematic universe (mcu),2025-03-02 00:57:22.087248+00:00,2025-03-02 09:36:00.986468+00:00
609681,superhero,2025-03-02 00:57:22.087248+00:00,2025-03-02 09:36:00.986468+00:00
609681,aftercreditsstinger,2025-03-02 00:57:22.087248+00:00,2025-03-02 09:36:00.986468+00:00
609681,foreboding,2025-03-02 00:57:22.087248+00:00,2025-03-02 09:36:00.986468+00:00
609681,hero,2025-03-02 00:57:22.087248+00:00,2025-03-02 09:36:00.986468+00:00
609681,duringcreditsstinger,2025-03-02 00:57:22.087248+00:00,2025-03-02 09:36:00.986468+00:00
609681,space adventure,2025-03-02 00:57:22.087248+00:00,2025-03-02 09:36:00.986468+00:00
609681,sequel,2025-03-02 00:57:22.087248+00:00,2025-03-02 09:36:00.986468+00:00
609681,space travel,2025-03-02 00:57:22.087248+00:00,2025-03-02 09:36:00.986468+00:00
609681,absurd,2025-03-02 00:57:22.087248+00:00,2025-03-02 09:36:00.986468+00:00
609681,teenage girl,2025-03-02 00:57:22.087248+00:00,2025-03-02 09:36:00.986468+00:00
609681,based on comic,2025-03-02 00:57:22.087248+00:00,2025-03-02 09:36:00.986468+00:00
610150,fighting,2025-03-02 00:57:22.087248+00:00,2025-03-02 09:36:00.986468+00:00
610150,aftercreditsstinger,2025-03-02 00:57:22.087248+00:00,2025-03-02 09:36:00.986468+00:00
610150,shounen,2025-03-02 00:57:22.087248+00:00,2025-03-02 09:36:00.986468+00:00
610150,based on manga,2025-03-02 00:57:22.087248+00:00,2025-03-02 09:36:00.986468+00:00
610150,duringcreditsstinger,2025-03-02 00:57:22.087248+00:00,2025-03-02 09:36:00.986468+00:00
610150,sequel,2025-03-02 00:57:22.087248+00:00,2025-03-02 09:36:00.986468+00:00
610150,attack,2025-03-02 00:57:22.087248+00:00,2025-03-02 09:36:00.986468+00:00
610150,superhero,2025-03-02 00:57:22.087248+00:00,2025-03-02 09:36:00.986468+00:00
610150,android,2025-03-02 00:57:22.087248+00:00,2025-03-02 09:36:00.986468+00:00
610150,martial arts,2025-03-02 00:57:22.087248+00:00,2025-03-02 09:36:00.986468+00:00
610150,anime,2025-03-02 00:57:22.087248+00:00,2025-03-02 09:36:00.986468+00:00
610249,dog,2025-03-02 00:57:22.087248+00:00,2025-03-02 09:36:00.986468+00:00
610249,pet adoption,2025-03-02 00:57:22.087248+00:00,2025-03-02 09:36:00.986468+00:00
610249,jeju island,2025-03-02 00:57:22.087248+00:00,2025-03-02 09:36:00.986468+00:00
610249,healing,2025-03-02 00:57:22.087248+00:00,2025-03-02 09:36:00.986468+00:00
610249,pet,2025-03-02 00:57:22.087248+00:00,2025-03-02 09:36:00.986468+00:00
610251,independence movement,2025-03-02 00:57:22.087248+00:00,2025-03-02 09:36:00.986468+00:00
610251,period piece,2025-03-02 00:57:22.087248+00:00,2025-03-02 09:36:00.986468+00:00
610251,"harbin, china",2025-03-02 00:57:22.087248+00:00,2025-03-02 09:36:00.986468+00:00
610251,korean resistance,2025-03-02 00:57:22.087248+00:00,2025-03-02 09:36:00.986468+00:00
610251,based on real person,2025-03-02 00:57:22.087248+00:00,2025-03-02 09:36:00.986468+00:00
610251,japanese occupation of korea,2025-03-02 00:57:22.087248+00:00,2025-03-02 09:36:00.986468+00:00
610251,korean history,2025-03-02 00:57:22.087248+00:00,2025-03-02 09:36:00.986468+00:00
610251,based on true story,2025-03-02 00:57:22.087248+00:00,2025-03-02 09:36:00.986468+00:00
610251,20th century,2025-03-02 00:57:22.087248+00:00,2025-03-02 09:36:00.986468+00:00
610251,spy,2025-03-02 00:57:22.087248+00:00,2025-03-02 09:36:00.986468+00:00
610251,1900s,2025-03-02 00:57:22.087248+00:00,2025-03-02 09:36:00.986468+00:00
610251,biography,2025-03-02 00:57:22.087248+00:00,2025-03-02 09:36:00.986468+00:00
610251,espionage,2025-03-02 00:57:22.087248+00:00,2025-03-02 09:36:00.986468+00:00
610253,serial killer,2025-03-02 00:57:22.087248+00:00,2025-03-02 09:36:00.986468+00:00
610253,vigilante,2025-03-02 00:57:22.087248+00:00,2025-03-02 09:36:00.986468+00:00
610253,crime spree,2025-03-02 00:57:22.087248+00:00,2025-03-02 09:36:00.986468+00:00
610253,sequel,2025-03-02 00:57:22.087248+00:00,2025-03-02 09:36:00.986468+00:00
610253,murder spree,2025-03-02 00:57:22.087248+00:00,2025-03-02 09:36:00.986468+00:00
610253,murder,2025-03-02 00:57:22.087248+00:00,2025-03-02 09:36:00.986468+00:00
610253,escaped killer,2025-03-02 00:57:22.087248+00:00,2025-03-02 09:36:00.986468+00:00
610253,holiday horror,2025-03-02 00:57:22.087248+00:00,2025-03-02 09:36:00.986468+00:00
610253,house fire,2025-03-02 00:57:22.087248+00:00,2025-03-02 09:36:00.986468+00:00
610253,killer,2025-03-02 00:57:22.087248+00:00,2025-03-02 09:36:00.986468+00:00
610253,murderer,2025-03-02 00:57:22.087248+00:00,2025-03-02 09:36:00.986468+00:00
610253,slasher,2025-03-02 00:57:22.087248+00:00,2025-03-02 09:36:00.986468+00:00
610253,vigilante justice,2025-03-02 00:57:22.087248+00:00,2025-03-02 09:36:00.986468+00:00
610253,hospital,2025-03-02 00:57:22.087248+00:00,2025-03-02 09:36:00.986468+00:00
610253,vigilantism,2025-03-02 00:57:22.087248+00:00,2025-03-02 09:36:00.986468+00:00
610253,halloween,2025-03-02 00:57:22.087248+00:00,2025-03-02 09:36:00.986468+00:00
610321,police officer,2025-03-02 00:57:22.087248+00:00,2025-03-02 09:36:00.986468+00:00
610321,undercover cop,2025-03-02 00:57:22.087248+00:00,2025-03-02 09:36:00.986468+00:00
610321,based on novel or book,2025-03-02 00:57:22.087248+00:00,2025-03-02 09:36:00.986468+00:00
610321,investigation,2025-03-02 00:57:22.087248+00:00,2025-03-02 09:36:00.986468+00:00
610321,corrupt cop,2025-03-02 00:57:22.087248+00:00,2025-03-02 09:36:00.986468+00:00
611489,fraternity,2025-03-02 00:57:22.087248+00:00,2025-03-02 09:36:00.986468+00:00
611489,sorority,2025-03-02 00:57:22.087248+00:00,2025-03-02 09:36:00.986468+00:00
611489,college,2025-03-02 00:57:22.087248+00:00,2025-03-02 09:36:00.986468+00:00
611489,sorority girl,2025-03-02 00:57:22.087248+00:00,2025-03-02 09:36:00.986468+00:00
611489,murder,2025-03-02 00:57:22.087248+00:00,2025-03-02 09:36:00.986468+00:00
611489,slasher,2025-03-02 00:57:22.087248+00:00,2025-03-02 09:36:00.986468+00:00
611489,scandal,2025-03-02 00:57:22.087248+00:00,2025-03-02 09:36:00.986468+00:00
611489,sexual assault,2025-03-02 00:57:22.087248+00:00,2025-03-02 09:36:00.986468+00:00
611854,submarine,2025-03-02 00:57:22.087248+00:00,2025-03-02 09:36:00.986468+00:00
612491,reverse chronology,2025-03-02 00:57:22.087248+00:00,2025-03-02 09:36:00.986468+00:00
612491,nonlinear timeline,2025-03-02 00:57:22.087248+00:00,2025-03-02 09:36:00.986468+00:00
612491,told in flashback,2025-03-02 00:57:22.087248+00:00,2025-03-02 09:36:00.986468+00:00
612491,desafios do amor,2025-03-02 00:57:22.087248+00:00,2025-03-02 09:36:00.986468+00:00
612491,cheat on husband,2025-03-02 00:57:22.087248+00:00,2025-03-02 09:36:00.986468+00:00
612491,comic book artist,2025-03-02 00:57:22.087248+00:00,2025-03-02 09:36:00.986468+00:00
612491,broken romances,2025-03-02 00:57:22.087248+00:00,2025-03-02 09:36:00.986468+00:00
612491,relationship drama,2025-03-02 00:57:22.087248+00:00,2025-03-02 09:36:00.986468+00:00
612491,rekindled romance,2025-03-02 00:57:22.087248+00:00,2025-03-02 09:36:00.986468+00:00
612491,living together & marriage,2025-03-02 00:57:22.087248+00:00,2025-03-02 09:36:00.986468+00:00
614479,demon,2025-03-02 00:57:22.087248+00:00,2025-03-02 09:36:00.986468+00:00
614479,sinister,2025-03-02 00:57:22.087248+00:00,2025-03-02 09:36:00.986468+00:00
614479,supernatural horror,2025-03-02 00:57:22.087248+00:00,2025-03-02 09:36:00.986468+00:00
614479,sequel,2025-03-02 00:57:22.087248+00:00,2025-03-02 09:36:00.986468+00:00
614479,franchise,2025-03-02 00:57:22.087248+00:00,2025-03-02 09:36:00.986468+00:00
614479,fifth part,2025-03-02 00:57:22.087248+00:00,2025-03-02 09:36:00.986468+00:00
614479,malicious,2025-03-02 00:57:22.087248+00:00,2025-03-02 09:36:00.986468+00:00
614479,insidious,2025-03-02 00:57:22.087248+00:00,2025-03-02 09:36:00.986468+00:00
614479,evil spirits,2025-03-02 00:57:22.087248+00:00,2025-03-02 09:36:00.986468+00:00
614917,tennis,2025-03-02 00:57:22.087248+00:00,2025-03-02 09:36:00.986468+00:00
614917,champions,2025-03-02 00:57:22.087248+00:00,2025-03-02 09:36:00.986468+00:00
614917,based on true story,2025-03-02 00:57:22.087248+00:00,2025-03-02 09:36:00.986468+00:00
614917,family,2025-03-02 00:57:22.087248+00:00,2025-03-02 09:36:00.986468+00:00
614917,father,2025-03-02 00:57:22.087248+00:00,2025-03-02 09:36:00.986468+00:00
614917,tennis player,2025-03-02 00:57:22.087248+00:00,2025-03-02 09:36:00.986468+00:00
614917,tennis pro,2025-03-02 00:57:22.087248+00:00,2025-03-02 09:36:00.986468+00:00
614917,coaching,2025-03-02 00:57:22.087248+00:00,2025-03-02 09:36:00.986468+00:00
614917,father daughter relationship,2025-03-02 00:57:22.087248+00:00,2025-03-02 09:36:00.986468+00:00
614917,sports,2025-03-02 00:57:22.087248+00:00,2025-03-02 09:36:00.986468+00:00
614917,wimbledon,2025-03-02 00:57:22.087248+00:00,2025-03-02 09:36:00.986468+00:00
614930,ninja,2025-03-02 00:57:22.087248+00:00,2025-03-02 09:36:00.986468+00:00
614930,crime fighter,2025-03-02 00:57:22.087248+00:00,2025-03-02 09:36:00.986468+00:00
614930,anthropomorphic animal,2025-03-02 00:57:22.087248+00:00,2025-03-02 09:36:00.986468+00:00
614930,aspiring journalist,2025-03-02 00:57:22.087248+00:00,2025-03-02 09:36:00.986468+00:00
614930,whimsical,2025-03-02 00:57:22.087248+00:00,2025-03-02 09:36:00.986468+00:00
614930,enthusiastic,2025-03-02 00:57:22.087248+00:00,2025-03-02 09:36:00.986468+00:00
614930,vibrant,2025-03-02 00:57:22.087248+00:00,2025-03-02 09:36:00.986468+00:00
614930,new york city,2025-03-02 00:57:22.087248+00:00,2025-03-02 09:36:00.986468+00:00
614930,earnest,2025-03-02 00:57:22.087248+00:00,2025-03-02 09:36:00.986468+00:00
614930,audacious,2025-03-02 00:57:22.087248+00:00,2025-03-02 09:36:00.986468+00:00
614930,adoring,2025-03-02 00:57:22.087248+00:00,2025-03-02 09:36:00.986468+00:00
614930,duringcreditsstinger,2025-03-02 00:57:22.087248+00:00,2025-03-02 09:36:00.986468+00:00
614930,sentimental,2025-03-02 00:57:22.087248+00:00,2025-03-02 09:36:00.986468+00:00
614930,hilarious,2025-03-02 00:57:22.087248+00:00,2025-03-02 09:36:00.986468+00:00
614930,sibling relationship,2025-03-02 00:57:22.087248+00:00,2025-03-02 09:36:00.986468+00:00
614930,lighthearted,2025-03-02 00:57:22.087248+00:00,2025-03-02 09:36:00.986468+00:00
614930,superhero,2025-03-02 00:57:22.087248+00:00,2025-03-02 09:36:00.986468+00:00
614930,turtle,2025-03-02 00:57:22.087248+00:00,2025-03-02 09:36:00.986468+00:00
614930,playful,2025-03-02 00:57:22.087248+00:00,2025-03-02 09:36:00.986468+00:00
614930,skateboarding,2025-03-02 00:57:22.087248+00:00,2025-03-02 09:36:00.986468+00:00
614939,pride parade,2025-03-02 00:57:22.087248+00:00,2025-03-02 09:36:00.986468+00:00
614939,gay relationship,2025-03-02 00:57:22.087248+00:00,2025-03-02 09:36:00.986468+00:00
614939,romcom,2025-03-02 00:57:22.087248+00:00,2025-03-02 09:36:00.986468+00:00
614939,chocolate,2025-03-02 00:57:22.087248+00:00,2025-03-02 09:36:00.986468+00:00
614939,gay romance,2025-03-02 00:57:22.087248+00:00,2025-03-02 09:36:00.986468+00:00
614939,gay theme,2025-03-02 00:57:22.087248+00:00,2025-03-02 09:36:00.986468+00:00
614939,screenwriter,2025-03-02 00:57:22.087248+00:00,2025-03-02 09:36:00.986468+00:00
614939,museum,2025-03-02 00:57:22.087248+00:00,2025-03-02 09:36:00.986468+00:00
614939,gay pride,2025-03-02 00:57:22.087248+00:00,2025-03-02 09:36:00.986468+00:00
614939,investment banker,2025-03-02 00:57:22.087248+00:00,2025-03-02 09:36:00.986468+00:00
614939,emotional vulnerability,2025-03-02 00:57:22.087248+00:00,2025-03-02 09:36:00.986468+00:00
614939,emotional breakdown,2025-03-02 00:57:22.087248+00:00,2025-03-02 09:36:00.986468+00:00
614939,lgbt,2025-03-02 00:57:22.087248+00:00,2025-03-02 09:36:00.986468+00:00
615173,supernatural,2025-03-02 00:57:22.087248+00:00,2025-03-02 09:36:00.986468+00:00
615173,sequel,2025-03-02 00:57:22.087248+00:00,2025-03-02 09:36:00.986468+00:00
615643,arkansas,2025-03-02 00:57:22.087248+00:00,2025-03-02 09:36:00.986468+00:00
615643,american dream,2025-03-02 00:57:22.087248+00:00,2025-03-02 09:36:00.986468+00:00
615643,rural setting,2025-03-02 00:57:22.087248+00:00,2025-03-02 09:36:00.986468+00:00
615643,1980s,2025-03-02 00:57:22.087248+00:00,2025-03-02 09:36:00.986468+00:00
615643,korean immigrant,2025-03-02 00:57:22.087248+00:00,2025-03-02 09:36:00.986468+00:00
615643,grandmother grandson relationship,2025-03-02 00:57:22.087248+00:00,2025-03-02 09:36:00.986468+00:00
615643,church,2025-03-02 00:57:22.087248+00:00,2025-03-02 09:36:00.986468+00:00
615643,heart condition,2025-03-02 00:57:22.087248+00:00,2025-03-02 09:36:00.986468+00:00
615643,semi autobiographical,2025-03-02 00:57:22.087248+00:00,2025-03-02 09:36:00.986468+00:00
615643,family tension,2025-03-02 00:57:22.087248+00:00,2025-03-02 09:36:00.986468+00:00
615643,vegetable farm,2025-03-02 00:57:22.087248+00:00,2025-03-02 09:36:00.986468+00:00
615643,asian american,2025-03-02 00:57:22.087248+00:00,2025-03-02 09:36:00.986468+00:00
615643,korean food,2025-03-02 00:57:22.087248+00:00,2025-03-02 09:36:00.986468+00:00
615643,farmland,2025-03-02 00:57:22.087248+00:00,2025-03-02 09:36:00.986468+00:00
615643,korean,2025-03-02 00:57:22.087248+00:00,2025-03-02 09:36:00.986468+00:00
615643,hatchery,2025-03-02 00:57:22.087248+00:00,2025-03-02 09:36:00.986468+00:00
615643,mobile home,2025-03-02 00:57:22.087248+00:00,2025-03-02 09:36:00.986468+00:00
615643,east asian lead,2025-03-02 00:57:22.087248+00:00,2025-03-02 09:36:00.986468+00:00
615643,farmer,2025-03-02 00:57:22.087248+00:00,2025-03-02 09:36:00.986468+00:00
615643,korean american,2025-03-02 00:57:22.087248+00:00,2025-03-02 09:36:00.986468+00:00
615777,alcoholism,2025-03-02 00:57:22.087248+00:00,2025-03-02 09:36:00.986468+00:00
615777,sex,2025-03-02 00:57:22.087248+00:00,2025-03-02 09:36:00.986468+00:00
615777,movie business,2025-03-02 00:57:22.087248+00:00,2025-03-02 09:36:00.986468+00:00
615777,cocaine,2025-03-02 00:57:22.087248+00:00,2025-03-02 09:36:00.986468+00:00
615777,fading star,2025-03-02 00:57:22.087248+00:00,2025-03-02 09:36:00.986468+00:00
615777,gambling debt,2025-03-02 00:57:22.087248+00:00,2025-03-02 09:36:00.986468+00:00
615777,silent film star,2025-03-02 00:57:22.087248+00:00,2025-03-02 09:36:00.986468+00:00
615777,1920s,2025-03-02 00:57:22.087248+00:00,2025-03-02 09:36:00.986468+00:00
615777,elephant,2025-03-02 00:57:22.087248+00:00,2025-03-02 09:36:00.986468+00:00
615777,alcoholic,2025-03-02 00:57:22.087248+00:00,2025-03-02 09:36:00.986468+00:00
615777,filmmaking,2025-03-02 00:57:22.087248+00:00,2025-03-02 09:36:00.986468+00:00
615777,hollywood,2025-03-02 00:57:22.087248+00:00,2025-03-02 09:36:00.986468+00:00
615777,movie star,2025-03-02 00:57:22.087248+00:00,2025-03-02 09:36:00.986468+00:00
615777,old hollywood,2025-03-02 00:57:22.087248+00:00,2025-03-02 09:36:00.986468+00:00
615777,champagne,2025-03-02 00:57:22.087248+00:00,2025-03-02 09:36:00.986468+00:00
615777,gambling,2025-03-02 00:57:22.087248+00:00,2025-03-02 09:36:00.986468+00:00
615777,orgy,2025-03-02 00:57:22.087248+00:00,2025-03-02 09:36:00.986468+00:00
616020,hand drawn,2025-03-02 00:57:22.087248+00:00,2025-03-02 09:36:00.986468+00:00
616037,norse god,2025-03-02 00:57:22.087248+00:00,2025-03-02 09:36:00.986468+00:00
616037,colorless,2025-03-02 00:57:22.087248+00:00,2025-03-02 09:36:00.986468+00:00
616037,heroes,2025-03-02 00:57:22.087248+00:00,2025-03-02 09:36:00.986468+00:00
616037,duringcreditsstinger,2025-03-02 00:57:22.087248+00:00,2025-03-02 09:36:00.986468+00:00
616037,based on comic,2025-03-02 00:57:22.087248+00:00,2025-03-02 09:36:00.986468+00:00
616037,greek mythology,2025-03-02 00:57:22.087248+00:00,2025-03-02 09:36:00.986468+00:00
616037,shadow,2025-03-02 00:57:22.087248+00:00,2025-03-02 09:36:00.986468+00:00
616037,aftercreditsstinger,2025-03-02 00:57:22.087248+00:00,2025-03-02 09:36:00.986468+00:00
616037,marvel cinematic universe (mcu),2025-03-02 00:57:22.087248+00:00,2025-03-02 09:36:00.986468+00:00
616037,child abduction,2025-03-02 00:57:22.087248+00:00,2025-03-02 09:36:00.986468+00:00
616037,ex-girlfriend,2025-03-02 00:57:22.087248+00:00,2025-03-02 09:36:00.986468+00:00
616037,god of thunder,2025-03-02 00:57:22.087248+00:00,2025-03-02 09:36:00.986468+00:00
616037,hero,2025-03-02 00:57:22.087248+00:00,2025-03-02 09:36:00.986468+00:00
616037,norse mythology,2025-03-02 00:57:22.087248+00:00,2025-03-02 09:36:00.986468+00:00
616037,sequel,2025-03-02 00:57:22.087248+00:00,2025-03-02 09:36:00.986468+00:00
616037,superhero,2025-03-02 00:57:22.087248+00:00,2025-03-02 09:36:00.986468+00:00
616670,musical,2025-03-02 00:57:22.087248+00:00,2025-03-02 09:36:00.986468+00:00
616747,ridiculous,2025-03-02 00:57:22.087248+00:00,2025-03-02 09:36:00.986468+00:00
616747,grief,2025-03-02 00:57:22.087248+00:00,2025-03-02 09:36:00.986468+00:00
616747,ghost,2025-03-02 00:57:22.087248+00:00,2025-03-02 09:36:00.986468+00:00
616747,absurd,2025-03-02 00:57:22.087248+00:00,2025-03-02 09:36:00.986468+00:00
616747,based on theme park ride,2025-03-02 00:57:22.087248+00:00,2025-03-02 09:36:00.986468+00:00
616747,horror comedy,2025-03-02 00:57:22.087248+00:00,2025-03-02 09:36:00.986468+00:00
616747,incredulous,2025-03-02 00:57:22.087248+00:00,2025-03-02 09:36:00.986468+00:00
616747,taunting,2025-03-02 00:57:22.087248+00:00,2025-03-02 09:36:00.986468+00:00
616747,magic,2025-03-02 00:57:22.087248+00:00,2025-03-02 09:36:00.986468+00:00
616747,sardonic,2025-03-02 00:57:22.087248+00:00,2025-03-02 09:36:00.986468+00:00
616747,haunted house,2025-03-02 00:57:22.087248+00:00,2025-03-02 09:36:00.986468+00:00
616747,haunted mansion,2025-03-02 00:57:22.087248+00:00,2025-03-02 09:36:00.986468+00:00
616820,babysitter,2025-03-02 00:57:22.087248+00:00,2025-03-02 09:36:00.986468+00:00
616820,mask,2025-03-02 00:57:22.087248+00:00,2025-03-02 09:36:00.986468+00:00
616820,slasher,2025-03-02 00:57:22.087248+00:00,2025-03-02 09:36:00.986468+00:00
616820,doomed romance,2025-03-02 00:57:22.087248+00:00,2025-03-02 09:36:00.986468+00:00
616820,halloween costume,2025-03-02 00:57:22.087248+00:00,2025-03-02 09:36:00.986468+00:00
616820,grandmother granddaughter relationship,2025-03-02 00:57:22.087248+00:00,2025-03-02 09:36:00.986468+00:00
616820,memoir,2025-03-02 00:57:22.087248+00:00,2025-03-02 09:36:00.986468+00:00
616820,stabbing,2025-03-02 00:57:22.087248+00:00,2025-03-02 09:36:00.986468+00:00
616820,mentor protégé relationship,2025-03-02 00:57:22.087248+00:00,2025-03-02 09:36:00.986468+00:00
616820,sadism,2025-03-02 00:57:22.087248+00:00,2025-03-02 09:36:00.986468+00:00
616820,multiple stabbings,2025-03-02 00:57:22.087248+00:00,2025-03-02 09:36:00.986468+00:00
616820,illinois,2025-03-02 00:57:22.087248+00:00,2025-03-02 09:36:00.986468+00:00
616820,serial killer,2025-03-02 00:57:22.087248+00:00,2025-03-02 09:36:00.986468+00:00
616820,sewer,2025-03-02 00:57:22.087248+00:00,2025-03-02 09:36:00.986468+00:00
616820,murder spree,2025-03-02 00:57:22.087248+00:00,2025-03-02 09:36:00.986468+00:00
616820,death of son,2025-03-02 00:57:22.087248+00:00,2025-03-02 09:36:00.986468+00:00
616820,holiday horror,2025-03-02 00:57:22.087248+00:00,2025-03-02 09:36:00.986468+00:00
616820,death of a child,2025-03-02 00:57:22.087248+00:00,2025-03-02 09:36:00.986468+00:00
616820,autumn,2025-03-02 00:57:22.087248+00:00,2025-03-02 09:36:00.986468+00:00
616820,halloween party,2025-03-02 00:57:22.087248+00:00,2025-03-02 09:36:00.986468+00:00
616820,grieving father,2025-03-02 00:57:22.087248+00:00,2025-03-02 09:36:00.986468+00:00
616820,reboot,2025-03-02 00:57:22.087248+00:00,2025-03-02 09:36:00.986468+00:00
616820,trauma,2025-03-02 00:57:22.087248+00:00,2025-03-02 09:36:00.986468+00:00
616820,sadistic killer,2025-03-02 00:57:22.087248+00:00,2025-03-02 09:36:00.986468+00:00
616820,homicide,2025-03-02 00:57:22.087248+00:00,2025-03-02 09:36:00.986468+00:00
616820,masked killer,2025-03-02 00:57:22.087248+00:00,2025-03-02 09:36:00.986468+00:00
616820,radio station,2025-03-02 00:57:22.087248+00:00,2025-03-02 09:36:00.986468+00:00
616820,halloween,2025-03-02 00:57:22.087248+00:00,2025-03-02 09:36:00.986468+00:00
616820,sequel,2025-03-02 00:57:22.087248+00:00,2025-03-02 09:36:00.986468+00:00
616820,human monster,2025-03-02 00:57:22.087248+00:00,2025-03-02 09:36:00.986468+00:00
616820,insanity,2025-03-02 00:57:22.087248+00:00,2025-03-02 09:36:00.986468+00:00
616820,homeless man,2025-03-02 00:57:22.087248+00:00,2025-03-02 09:36:00.986468+00:00
616820,motorcycle,2025-03-02 00:57:22.087248+00:00,2025-03-02 09:36:00.986468+00:00
616820,junkyard,2025-03-02 00:57:22.087248+00:00,2025-03-02 09:36:00.986468+00:00
616820,bullying,2025-03-02 00:57:22.087248+00:00,2025-03-02 09:36:00.986468+00:00
616820,accidental death,2025-03-02 00:57:22.087248+00:00,2025-03-02 09:36:00.986468+00:00
616820,forbidden love,2025-03-02 00:57:22.087248+00:00,2025-03-02 09:36:00.986468+00:00
616820,psychopath,2025-03-02 00:57:22.087248+00:00,2025-03-02 09:36:00.986468+00:00
616820,rampage,2025-03-02 00:57:22.087248+00:00,2025-03-02 09:36:00.986468+00:00
616820,evil,2025-03-02 00:57:22.087248+00:00,2025-03-02 09:36:00.986468+00:00
617653,battlefield,2025-03-02 00:57:22.087248+00:00,2025-03-02 09:36:00.986468+00:00
617653,historical drama,2025-03-02 00:57:22.087248+00:00,2025-03-02 09:36:00.986468+00:00
617653,"normandy, france",2025-03-02 00:57:22.087248+00:00,2025-03-02 09:36:00.986468+00:00
617653,based on true story,2025-03-02 00:57:22.087248+00:00,2025-03-02 09:36:00.986468+00:00
617653,battle,2025-03-02 00:57:22.087248+00:00,2025-03-02 09:36:00.986468+00:00
617653,historical,2025-03-02 00:57:22.087248+00:00,2025-03-02 09:36:00.986468+00:00
617653,knighthood,2025-03-02 00:57:22.087248+00:00,2025-03-02 09:36:00.986468+00:00
617653,medieval times,2025-03-02 00:57:22.087248+00:00,2025-03-02 09:36:00.986468+00:00
617653,catholic,2025-03-02 00:57:22.087248+00:00,2025-03-02 09:36:00.986468+00:00
617653,rape and revenge,2025-03-02 00:57:22.087248+00:00,2025-03-02 09:36:00.986468+00:00
617653,sword duel,2025-03-02 00:57:22.087248+00:00,2025-03-02 09:36:00.986468+00:00
617653,knight,2025-03-02 00:57:22.087248+00:00,2025-03-02 09:36:00.986468+00:00
617653,squire,2025-03-02 00:57:22.087248+00:00,2025-03-02 09:36:00.986468+00:00
617653,14th century,2025-03-02 00:57:22.087248+00:00,2025-03-02 09:36:00.986468+00:00
617653,trial,2025-03-02 00:57:22.087248+00:00,2025-03-02 09:36:00.986468+00:00
617653,male friendship,2025-03-02 00:57:22.087248+00:00,2025-03-02 09:36:00.986468+00:00
617653,trial by combat,2025-03-02 00:57:22.087248+00:00,2025-03-02 09:36:00.986468+00:00
617653,castle,2025-03-02 00:57:22.087248+00:00,2025-03-02 09:36:00.986468+00:00
617653,based on novel or book,2025-03-02 00:57:22.087248+00:00,2025-03-02 09:36:00.986468+00:00
617653,nobleman,2025-03-02 00:57:22.087248+00:00,2025-03-02 09:36:00.986468+00:00
617653,noble,2025-03-02 00:57:22.087248+00:00,2025-03-02 09:36:00.986468+00:00
617653,duel,2025-03-02 00:57:22.087248+00:00,2025-03-02 09:36:00.986468+00:00
617653,medieval france,2025-03-02 00:57:22.087248+00:00,2025-03-02 09:36:00.986468+00:00
617762,inventor,2025-03-02 00:57:22.087248+00:00,2025-03-02 09:36:00.986468+00:00
617762,19th century,2025-03-02 00:57:22.087248+00:00,2025-03-02 09:36:00.986468+00:00
617882,remake,2025-03-02 00:57:22.087248+00:00,2025-03-02 09:36:00.986468+00:00
617882,female friendship,2025-03-02 00:57:22.087248+00:00,2025-03-02 09:36:00.986468+00:00
617882,soulmates,2025-03-02 00:57:22.087248+00:00,2025-03-02 09:36:00.986468+00:00
617882,difficult childhood,2025-03-02 00:57:22.087248+00:00,2025-03-02 09:36:00.986468+00:00
617882,friendship,2025-03-02 00:57:22.087248+00:00,2025-03-02 09:36:00.986468+00:00
617882,best friends,2025-03-02 00:57:22.087248+00:00,2025-03-02 09:36:00.986468+00:00
617882,romance,2025-03-02 00:57:22.087248+00:00,2025-03-02 09:36:00.986468+00:00
617882,estranged mother,2025-03-02 00:57:22.087248+00:00,2025-03-02 09:36:00.986468+00:00
617882,aspiring artist,2025-03-02 00:57:22.087248+00:00,2025-03-02 09:36:00.986468+00:00
617882,childhood friends,2025-03-02 00:57:22.087248+00:00,2025-03-02 09:36:00.986468+00:00
617882,korean,2025-03-02 00:57:22.087248+00:00,2025-03-02 09:36:00.986468+00:00
618588,powerful,2025-03-02 00:57:22.087248+00:00,2025-03-02 09:36:00.986468+00:00
618588,dog rescue,2025-03-02 00:57:22.087248+00:00,2025-03-02 09:36:00.986468+00:00
618588,dog adventure,2025-03-02 00:57:22.087248+00:00,2025-03-02 09:36:00.986468+00:00
618588,tense,2025-03-02 00:57:22.087248+00:00,2025-03-02 09:36:00.986468+00:00
618588,lost dog,2025-03-02 00:57:22.087248+00:00,2025-03-02 09:36:00.986468+00:00
618588,sweden,2025-03-02 00:57:22.087248+00:00,2025-03-02 09:36:00.986468+00:00
618588,based on true story,2025-03-02 00:57:22.087248+00:00,2025-03-02 09:36:00.986468+00:00
619730,psychological thriller,2025-03-02 00:57:22.087248+00:00,2025-03-02 09:36:00.986468+00:00
619730,1950s,2025-03-02 00:57:22.087248+00:00,2025-03-02 09:36:00.986468+00:00
619730,unhappy wife,2025-03-02 00:57:22.087248+00:00,2025-03-02 09:36:00.986468+00:00
619730,cult,2025-03-02 00:57:22.087248+00:00,2025-03-02 09:36:00.986468+00:00
619730,cultists,2025-03-02 00:57:22.087248+00:00,2025-03-02 09:36:00.986468+00:00
619730,stepford wife,2025-03-02 00:57:22.087248+00:00,2025-03-02 09:36:00.986468+00:00
619730,woman director,2025-03-02 00:57:22.087248+00:00,2025-03-02 09:36:00.986468+00:00
619730,palm springs,2025-03-02 00:57:22.087248+00:00,2025-03-02 09:36:00.986468+00:00
619730,suburbian idyll,2025-03-02 00:57:22.087248+00:00,2025-03-02 09:36:00.986468+00:00
619778,gore,2025-03-02 00:57:22.087248+00:00,2025-03-02 09:36:00.986468+00:00
619778,vision,2025-03-02 00:57:22.087248+00:00,2025-03-02 09:36:00.986468+00:00
619778,murder,2025-03-02 00:57:22.087248+00:00,2025-03-02 09:36:00.986468+00:00
619778,"seattle, washington",2025-03-02 00:57:22.087248+00:00,2025-03-02 09:36:00.986468+00:00
619778,dreams,2025-03-02 00:57:22.087248+00:00,2025-03-02 09:36:00.986468+00:00
619778,serial killer,2025-03-02 00:57:22.087248+00:00,2025-03-02 09:36:00.986468+00:00
619778,murder mystery,2025-03-02 00:57:22.087248+00:00,2025-03-02 09:36:00.986468+00:00
619778,miscarriage,2025-03-02 00:57:22.087248+00:00,2025-03-02 09:36:00.986468+00:00
619778,brain tumor,2025-03-02 00:57:22.087248+00:00,2025-03-02 09:36:00.986468+00:00
619778,detective,2025-03-02 00:57:22.087248+00:00,2025-03-02 09:36:00.986468+00:00
619778,videotape,2025-03-02 00:57:22.087248+00:00,2025-03-02 09:36:00.986468+00:00
619778,hospital,2025-03-02 00:57:22.087248+00:00,2025-03-02 09:36:00.986468+00:00
619778,american giallo,2025-03-02 00:57:22.087248+00:00,2025-03-02 09:36:00.986468+00:00
619778,sister sister relationship,2025-03-02 00:57:22.087248+00:00,2025-03-02 09:36:00.986468+00:00
619778,intense,2025-03-02 00:57:22.087248+00:00,2025-03-02 09:36:00.986468+00:00
619778,psychic connection,2025-03-02 00:57:22.087248+00:00,2025-03-02 09:36:00.986468+00:00
619778,monster,2025-03-02 00:57:22.087248+00:00,2025-03-02 09:36:00.986468+00:00
619803,police,2025-03-02 00:57:22.087248+00:00,2025-03-02 09:36:00.986468+00:00
619803,international crime,2025-03-02 00:57:22.087248+00:00,2025-03-02 09:36:00.986468+00:00
619803,2000s,2025-03-02 00:57:22.087248+00:00,2025-03-02 09:36:00.986468+00:00
619803,sequel,2025-03-02 00:57:22.087248+00:00,2025-03-02 09:36:00.986468+00:00
619803,detective,2025-03-02 00:57:22.087248+00:00,2025-03-02 09:36:00.986468+00:00
619803,ho chi minh,2025-03-02 00:57:22.087248+00:00,2025-03-02 09:36:00.986468+00:00
619803,"seoul, south korea",2025-03-02 00:57:22.087248+00:00,2025-03-02 09:36:00.986468+00:00
619803,vietnam,2025-03-02 00:57:22.087248+00:00,2025-03-02 09:36:00.986468+00:00
619803,gangster,2025-03-02 00:57:22.087248+00:00,2025-03-02 09:36:00.986468+00:00
619803,murder investigation,2025-03-02 00:57:22.087248+00:00,2025-03-02 09:36:00.986468+00:00
620498,weimar republic,2025-03-02 00:57:22.087248+00:00,2025-03-02 09:36:00.986468+00:00
620498,aspiring actress,2025-03-02 00:57:22.087248+00:00,2025-03-02 09:36:00.986468+00:00
620498,writer,2025-03-02 00:57:22.087248+00:00,2025-03-02 09:36:00.986468+00:00
620498,german history,2025-03-02 00:57:22.087248+00:00,2025-03-02 09:36:00.986468+00:00
620498,unemployment,2025-03-02 00:57:22.087248+00:00,2025-03-02 09:36:00.986468+00:00
620498,"berlin, germany",2025-03-02 00:57:22.087248+00:00,2025-03-02 09:36:00.986468+00:00
620498,lovers separated,2025-03-02 00:57:22.087248+00:00,2025-03-02 09:36:00.986468+00:00
620498,1930s,2025-03-02 00:57:22.087248+00:00,2025-03-02 09:36:00.986468+00:00
620498,based on novel or book,2025-03-02 00:57:22.087248+00:00,2025-03-02 09:36:00.986468+00:00
621587,based on true story,2025-03-02 00:57:22.087248+00:00,2025-03-02 09:36:00.986468+00:00
621587,aftercreditsstinger,2025-03-02 00:57:22.087248+00:00,2025-03-02 09:36:00.986468+00:00
621587,coach,2025-03-02 00:57:22.087248+00:00,2025-03-02 09:36:00.986468+00:00
621587,transgender,2025-03-02 00:57:22.087248+00:00,2025-03-02 09:36:00.986468+00:00
621587,indigenous community,2025-03-02 00:57:22.087248+00:00,2025-03-02 09:36:00.986468+00:00
621587,world cup,2025-03-02 00:57:22.087248+00:00,2025-03-02 09:36:00.986468+00:00
621587,football (soccer),2025-03-02 00:57:22.087248+00:00,2025-03-02 09:36:00.986468+00:00
621587,transphobia,2025-03-02 00:57:22.087248+00:00,2025-03-02 09:36:00.986468+00:00
623184,refugee,2025-03-02 00:57:22.087248+00:00,2025-03-02 09:36:00.986468+00:00
623184,small town milieu,2025-03-02 00:57:22.087248+00:00,2025-03-02 09:36:00.986468+00:00
623184,cultural identity,2025-03-02 00:57:22.087248+00:00,2025-03-02 09:36:00.986468+00:00
623184,iranian expats,2025-03-02 00:57:22.087248+00:00,2025-03-02 09:36:00.986468+00:00
623184,dual identity,2025-03-02 00:57:22.087248+00:00,2025-03-02 09:36:00.986468+00:00
623184,coming of age,2025-03-02 00:57:22.087248+00:00,2025-03-02 09:36:00.986468+00:00
623184,gay theme,2025-03-02 00:57:22.087248+00:00,2025-03-02 09:36:00.986468+00:00
623184,lgbt,2025-03-02 00:57:22.087248+00:00,2025-03-02 09:36:00.986468+00:00
623184,sibling relationship,2025-03-02 00:57:22.087248+00:00,2025-03-02 09:36:00.986468+00:00
623184,community service,2025-03-02 00:57:22.087248+00:00,2025-03-02 09:36:00.986468+00:00
624860,future,2025-03-02 00:57:22.087248+00:00,2025-03-02 09:36:00.986468+00:00
624860,dystopia,2025-03-02 00:57:22.087248+00:00,2025-03-02 09:36:00.986468+00:00
624860,gnosticism,2025-03-02 00:57:22.087248+00:00,2025-03-02 09:36:00.986468+00:00
624860,virtual reality,2025-03-02 00:57:22.087248+00:00,2025-03-02 09:36:00.986468+00:00
624860,dream world,2025-03-02 00:57:22.087248+00:00,2025-03-02 09:36:00.986468+00:00
624860,cyberpunk,2025-03-02 00:57:22.087248+00:00,2025-03-02 09:36:00.986468+00:00
624860,prophecy,2025-03-02 00:57:22.087248+00:00,2025-03-02 09:36:00.986468+00:00
624860,computer,2025-03-02 00:57:22.087248+00:00,2025-03-02 09:36:00.986468+00:00
624860,grand,2025-03-02 00:57:22.087248+00:00,2025-03-02 09:36:00.986468+00:00
624860,aftercreditsstinger,2025-03-02 00:57:22.087248+00:00,2025-03-02 09:36:00.986468+00:00
624860,artificial intelligence (a.i.),2025-03-02 00:57:22.087248+00:00,2025-03-02 09:36:00.986468+00:00
624860,woman director,2025-03-02 00:57:22.087248+00:00,2025-03-02 09:36:00.986468+00:00
624860,romantic,2025-03-02 00:57:22.087248+00:00,2025-03-02 09:36:00.986468+00:00
624860,philosophical,2025-03-02 00:57:22.087248+00:00,2025-03-02 09:36:00.986468+00:00
624860,sincere,2025-03-02 00:57:22.087248+00:00,2025-03-02 09:36:00.986468+00:00
624860,man vs machine,2025-03-02 00:57:22.087248+00:00,2025-03-02 09:36:00.986468+00:00
624860,underground world,2025-03-02 00:57:22.087248+00:00,2025-03-02 09:36:00.986468+00:00
626129,investigative journalism,2025-03-02 00:57:22.087248+00:00,2025-03-02 09:36:00.986468+00:00
626129,murder,2025-03-02 00:57:22.087248+00:00,2025-03-02 09:36:00.986468+00:00
626129,motherhood,2025-03-02 00:57:22.087248+00:00,2025-03-02 09:36:00.986468+00:00
626129,hypnosis,2025-03-02 00:57:22.087248+00:00,2025-03-02 09:36:00.986468+00:00
626129,hallucination,2025-03-02 00:57:22.087248+00:00,2025-03-02 09:36:00.986468+00:00
626129,tv news anchor,2025-03-02 00:57:22.087248+00:00,2025-03-02 09:36:00.986468+00:00
626412,time warp,2025-03-02 00:57:22.087248+00:00,2025-03-02 09:36:00.986468+00:00
626412,time slip,2025-03-02 00:57:22.087248+00:00,2025-03-02 09:36:00.986468+00:00
626412,alien,2025-03-02 00:57:22.087248+00:00,2025-03-02 09:36:00.986468+00:00
626735,emotional support animal,2025-03-02 00:57:22.087248+00:00,2025-03-02 09:36:00.986468+00:00
626735,baddi-flies,2025-03-02 00:57:22.087248+00:00,2025-03-02 09:36:00.986468+00:00
626735,ranger regiment,2025-03-02 00:57:22.087248+00:00,2025-03-02 09:36:00.986468+00:00
626735,belgian malinois,2025-03-02 00:57:22.087248+00:00,2025-03-02 09:36:00.986468+00:00
626735,military working dogs,2025-03-02 00:57:22.087248+00:00,2025-03-02 09:36:00.986468+00:00
626872,bio terrorism,2025-03-02 00:57:22.087248+00:00,2025-03-02 09:36:00.986468+00:00
626872,airplane hijacking,2025-03-02 00:57:22.087248+00:00,2025-03-02 09:36:00.986468+00:00
626872,flight,2025-03-02 00:57:22.087248+00:00,2025-03-02 09:36:00.986468+00:00
626872,emergency landing,2025-03-02 00:57:22.087248+00:00,2025-03-02 09:36:00.986468+00:00
626872,terrorism,2025-03-02 00:57:22.087248+00:00,2025-03-02 09:36:00.986468+00:00
626872,enclosed space,2025-03-02 00:57:22.087248+00:00,2025-03-02 09:36:00.986468+00:00
626872,microbiology,2025-03-02 00:57:22.087248+00:00,2025-03-02 09:36:00.986468+00:00
626872,hijack,2025-03-02 00:57:22.087248+00:00,2025-03-02 09:36:00.986468+00:00
626872,aviation,2025-03-02 00:57:22.087248+00:00,2025-03-02 09:36:00.986468+00:00
626872,airplane,2025-03-02 00:57:22.087248+00:00,2025-03-02 09:36:00.986468+00:00
626872,flight attendant,2025-03-02 00:57:22.087248+00:00,2025-03-02 09:36:00.986468+00:00
626872,pilot,2025-03-02 00:57:22.087248+00:00,2025-03-02 09:36:00.986468+00:00
627087,countryside,2025-03-02 00:57:22.087248+00:00,2025-03-02 09:36:00.986468+00:00
627087,rural life,2025-03-02 00:57:22.087248+00:00,2025-03-02 09:36:00.986468+00:00
627087,bhutan,2025-03-02 00:57:22.087248+00:00,2025-03-02 09:36:00.986468+00:00
627087,remote village,2025-03-02 00:57:22.087248+00:00,2025-03-02 09:36:00.986468+00:00
627087,teacher,2025-03-02 00:57:22.087248+00:00,2025-03-02 09:36:00.986468+00:00
627087,himalaya mountain range,2025-03-02 00:57:22.087248+00:00,2025-03-02 09:36:00.986468+00:00
627087,rural area,2025-03-02 00:57:22.087248+00:00,2025-03-02 09:36:00.986468+00:00
628802,high school student,2025-03-02 00:57:22.087248+00:00,2025-03-02 09:36:00.986468+00:00
628802,mathematician,2025-03-02 00:57:22.087248+00:00,2025-03-02 09:36:00.986468+00:00
628802,private lessons,2025-03-02 00:57:22.087248+00:00,2025-03-02 09:36:00.986468+00:00
628802,private school,2025-03-02 00:57:22.087248+00:00,2025-03-02 09:36:00.986468+00:00
628802,janitor,2025-03-02 00:57:22.087248+00:00,2025-03-02 09:36:00.986468+00:00
628802,north korean defector,2025-03-02 00:57:22.087248+00:00,2025-03-02 09:36:00.986468+00:00
628802,inter-korean relations,2025-03-02 00:57:22.087248+00:00,2025-03-02 09:36:00.986468+00:00
628802,mathematics,2025-03-02 00:57:22.087248+00:00,2025-03-02 09:36:00.986468+00:00
628802,high school,2025-03-02 00:57:22.087248+00:00,2025-03-02 09:36:00.986468+00:00
628802,national intelligence service (nis),2025-03-02 00:57:22.087248+00:00,2025-03-02 09:36:00.986468+00:00
628878,revolution,2025-03-02 00:57:22.087248+00:00,2025-03-02 09:36:00.986468+00:00
628878,invasion,2025-03-02 00:57:22.087248+00:00,2025-03-02 09:36:00.986468+00:00
628878,panamá,2025-03-02 00:57:22.087248+00:00,2025-03-02 09:36:00.986468+00:00
628878,panama,2025-03-02 00:57:22.087248+00:00,2025-03-02 09:36:00.986468+00:00
628878,war,2025-03-02 00:57:22.087248+00:00,2025-03-02 09:36:00.986468+00:00
628900,covert mission,2025-03-02 00:57:22.087248+00:00,2025-03-02 09:36:00.986468+00:00
628900,ex military,2025-03-02 00:57:22.087248+00:00,2025-03-02 09:36:00.986468+00:00
628900,reconnaissance,2025-03-02 00:57:22.087248+00:00,2025-03-02 09:36:00.986468+00:00
628900,military discharge,2025-03-02 00:57:22.087248+00:00,2025-03-02 09:36:00.986468+00:00
628900,family man,2025-03-02 00:57:22.087248+00:00,2025-03-02 09:36:00.986468+00:00
628900,terrorist threat,2025-03-02 00:57:22.087248+00:00,2025-03-02 09:36:00.986468+00:00
628900,best friend,2025-03-02 00:57:22.087248+00:00,2025-03-02 09:36:00.986468+00:00
628900,veteran,2025-03-02 00:57:22.087248+00:00,2025-03-02 09:36:00.986468+00:00
628900,private contractor,2025-03-02 00:57:22.087248+00:00,2025-03-02 09:36:00.986468+00:00
628900,betrayal,2025-03-02 00:57:22.087248+00:00,2025-03-02 09:36:00.986468+00:00
628900,mission,2025-03-02 00:57:22.087248+00:00,2025-03-02 09:36:00.986468+00:00
628900,"berlin, germany",2025-03-02 00:57:22.087248+00:00,2025-03-02 09:36:00.986468+00:00
628900,ex special forces,2025-03-02 00:57:22.087248+00:00,2025-03-02 09:36:00.986468+00:00
628900,black ops,2025-03-02 00:57:22.087248+00:00,2025-03-02 09:36:00.986468+00:00
628900,national security,2025-03-02 00:57:22.087248+00:00,2025-03-02 09:36:00.986468+00:00
628900,army veteran,2025-03-02 00:57:22.087248+00:00,2025-03-02 09:36:00.986468+00:00
628900,debt,2025-03-02 00:57:22.087248+00:00,2025-03-02 09:36:00.986468+00:00
628900,airborne ranger,2025-03-02 00:57:22.087248+00:00,2025-03-02 09:36:00.986468+00:00
628914,swindle,2025-03-02 00:57:22.087248+00:00,2025-03-02 09:36:00.986468+00:00
628914,counterfeit,2025-03-02 00:57:22.087248+00:00,2025-03-02 09:36:00.986468+00:00
628914,buddy comedy,2025-03-02 00:57:22.087248+00:00,2025-03-02 09:36:00.986468+00:00
628914,scam,2025-03-02 00:57:22.087248+00:00,2025-03-02 09:36:00.986468+00:00
628914,based on true story,2025-03-02 00:57:22.087248+00:00,2025-03-02 09:36:00.986468+00:00
628922,paramedic,2025-03-02 00:57:22.087248+00:00,2025-03-02 09:36:00.986468+00:00
628922,trauma,2025-03-02 00:57:22.087248+00:00,2025-03-02 09:36:00.986468+00:00
628922,drugs,2025-03-02 00:57:22.087248+00:00,2025-03-02 09:36:00.986468+00:00
628922,medical,2025-03-02 00:57:22.087248+00:00,2025-03-02 09:36:00.986468+00:00
628922,based on novel or book,2025-03-02 00:57:22.087248+00:00,2025-03-02 09:36:00.986468+00:00
628922,new york city,2025-03-02 00:57:22.087248+00:00,2025-03-02 09:36:00.986468+00:00
629028,agent,2025-03-02 00:57:22.087248+00:00,2025-03-02 09:36:00.986468+00:00
629028,secret agent,2025-03-02 00:57:22.087248+00:00,2025-03-02 09:36:00.986468+00:00
629028,mission possible,2025-03-02 00:57:22.087248+00:00,2025-03-02 09:36:00.986468+00:00
629028,national intelligence service (nis),2025-03-02 00:57:22.087248+00:00,2025-03-02 09:36:00.986468+00:00
629542,awestruck,2025-03-02 00:57:22.087248+00:00,2025-03-02 09:36:00.986468+00:00
629542,empathetic,2025-03-02 00:57:22.087248+00:00,2025-03-02 09:36:00.986468+00:00
629542,euphoric,2025-03-02 00:57:22.087248+00:00,2025-03-02 09:36:00.986468+00:00
629542,sentimental,2025-03-02 00:57:22.087248+00:00,2025-03-02 09:36:00.986468+00:00
629542,shark,2025-03-02 00:57:22.087248+00:00,2025-03-02 09:36:00.986468+00:00
629542,snake,2025-03-02 00:57:22.087248+00:00,2025-03-02 09:36:00.986468+00:00
629542,cliché,2025-03-02 00:57:22.087248+00:00,2025-03-02 09:36:00.986468+00:00
629542,wonder,2025-03-02 00:57:22.087248+00:00,2025-03-02 09:36:00.986468+00:00
629542,amused,2025-03-02 00:57:22.087248+00:00,2025-03-02 09:36:00.986468+00:00
629542,heist,2025-03-02 00:57:22.087248+00:00,2025-03-02 09:36:00.986468+00:00
629542,anthropomorphism,2025-03-02 00:57:22.087248+00:00,2025-03-02 09:36:00.986468+00:00
629542,cheerful,2025-03-02 00:57:22.087248+00:00,2025-03-02 09:36:00.986468+00:00
629542,spider,2025-03-02 00:57:22.087248+00:00,2025-03-02 09:36:00.986468+00:00
629542,affectation,2025-03-02 00:57:22.087248+00:00,2025-03-02 09:36:00.986468+00:00
629542,modest,2025-03-02 00:57:22.087248+00:00,2025-03-02 09:36:00.986468+00:00
629542,villain,2025-03-02 00:57:22.087248+00:00,2025-03-02 09:36:00.986468+00:00
629542,piranha,2025-03-02 00:57:22.087248+00:00,2025-03-02 09:36:00.986468+00:00
629542,understated,2025-03-02 00:57:22.087248+00:00,2025-03-02 09:36:00.986468+00:00
629542,zealous,2025-03-02 00:57:22.087248+00:00,2025-03-02 09:36:00.986468+00:00
629542,wolf,2025-03-02 00:57:22.087248+00:00,2025-03-02 09:36:00.986468+00:00
629542,complicated,2025-03-02 00:57:22.087248+00:00,2025-03-02 09:36:00.986468+00:00
629542,enchant,2025-03-02 00:57:22.087248+00:00,2025-03-02 09:36:00.986468+00:00
629542,enthusiastic,2025-03-02 00:57:22.087248+00:00,2025-03-02 09:36:00.986468+00:00
629542,duringcreditsstinger,2025-03-02 00:57:22.087248+00:00,2025-03-02 09:36:00.986468+00:00
629542,guinea pig,2025-03-02 00:57:22.087248+00:00,2025-03-02 09:36:00.986468+00:00
629542,excited,2025-03-02 00:57:22.087248+00:00,2025-03-02 09:36:00.986468+00:00
629542,based on novel or book,2025-03-02 00:57:22.087248+00:00,2025-03-02 09:36:00.986468+00:00
630217,old car,2025-03-02 00:57:22.087248+00:00,2025-03-02 09:36:00.986468+00:00
630240,pregnancy,2025-03-02 00:57:22.087248+00:00,2025-03-02 09:36:00.986468+00:00
630240,serial killer,2025-03-02 00:57:22.087248+00:00,2025-03-02 09:36:00.986468+00:00
630240,head wound,2025-03-02 00:57:22.087248+00:00,2025-03-02 09:36:00.986468+00:00
630240,woman disguised as man,2025-03-02 00:57:22.087248+00:00,2025-03-02 09:36:00.986468+00:00
630240,trauma,2025-03-02 00:57:22.087248+00:00,2025-03-02 09:36:00.986468+00:00
630240,masculinity,2025-03-02 00:57:22.087248+00:00,2025-03-02 09:36:00.986468+00:00
630240,car crash,2025-03-02 00:57:22.087248+00:00,2025-03-02 09:36:00.986468+00:00
630240,female serial killer,2025-03-02 00:57:22.087248+00:00,2025-03-02 09:36:00.986468+00:00
630240,body horror,2025-03-02 00:57:22.087248+00:00,2025-03-02 09:36:00.986468+00:00
630240,car accident,2025-03-02 00:57:22.087248+00:00,2025-03-02 09:36:00.986468+00:00
630240,woman director,2025-03-02 00:57:22.087248+00:00,2025-03-02 09:36:00.986468+00:00
630240,immaculate conception,2025-03-02 00:57:22.087248+00:00,2025-03-02 09:36:00.986468+00:00
630240,abortion,2025-03-02 00:57:22.087248+00:00,2025-03-02 09:36:00.986468+00:00
630240,missing son,2025-03-02 00:57:22.087248+00:00,2025-03-02 09:36:00.986468+00:00
630240,objectum sexuality,2025-03-02 00:57:22.087248+00:00,2025-03-02 09:36:00.986468+00:00
630240,firefighter,2025-03-02 00:57:22.087248+00:00,2025-03-02 09:36:00.986468+00:00
631842,based on novel or book,2025-03-02 00:57:22.087248+00:00,2025-03-02 09:36:00.986468+00:00
631842,lgbt,2025-03-02 00:57:22.087248+00:00,2025-03-02 09:36:00.986468+00:00
631842,condescending,2025-03-02 00:57:22.087248+00:00,2025-03-02 09:36:00.986468+00:00
631842,end of the world,2025-03-02 00:57:22.087248+00:00,2025-03-02 09:36:00.986468+00:00
631842,aftercreditsstinger,2025-03-02 00:57:22.087248+00:00,2025-03-02 09:36:00.986468+00:00
631842,adopted daughter,2025-03-02 00:57:22.087248+00:00,2025-03-02 09:36:00.986468+00:00
631842,gay theme,2025-03-02 00:57:22.087248+00:00,2025-03-02 09:36:00.986468+00:00
631842,same sex relationship,2025-03-02 00:57:22.087248+00:00,2025-03-02 09:36:00.986468+00:00
631842,home invasion,2025-03-02 00:57:22.087248+00:00,2025-03-02 09:36:00.986468+00:00
631842,apocalypse,2025-03-02 00:57:22.087248+00:00,2025-03-02 09:36:00.986468+00:00
631842,sacrifice,2025-03-02 00:57:22.087248+00:00,2025-03-02 09:36:00.986468+00:00
631842,derogatory,2025-03-02 00:57:22.087248+00:00,2025-03-02 09:36:00.986468+00:00
631842,adopted child,2025-03-02 00:57:22.087248+00:00,2025-03-02 09:36:00.986468+00:00
631842,faith,2025-03-02 00:57:22.087248+00:00,2025-03-02 09:36:00.986468+00:00
631842,religious symbolism,2025-03-02 00:57:22.087248+00:00,2025-03-02 09:36:00.986468+00:00
632632,relationship,2025-03-02 00:57:22.087248+00:00,2025-03-02 09:36:00.986468+00:00
632632,based on manga,2025-03-02 00:57:22.087248+00:00,2025-03-02 09:36:00.986468+00:00
632632,slice of life,2025-03-02 00:57:22.087248+00:00,2025-03-02 09:36:00.986468+00:00
632632,high school,2025-03-02 00:57:22.087248+00:00,2025-03-02 09:36:00.986468+00:00
632632,anime,2025-03-02 00:57:22.087248+00:00,2025-03-02 09:36:00.986468+00:00
632632,lgbt,2025-03-02 00:57:22.087248+00:00,2025-03-02 09:36:00.986468+00:00
632632,boys' love (bl),2025-03-02 00:57:22.087248+00:00,2025-03-02 09:36:00.986468+00:00
632632,bisexuality,2025-03-02 00:57:22.087248+00:00,2025-03-02 09:36:00.986468+00:00
632632,band,2025-03-02 00:57:22.087248+00:00,2025-03-02 09:36:00.986468+00:00
632632,gay relationship,2025-03-02 00:57:22.087248+00:00,2025-03-02 09:36:00.986468+00:00
632632,tragedy,2025-03-02 00:57:22.087248+00:00,2025-03-02 09:36:00.986468+00:00
632632,love triangle,2025-03-02 00:57:22.087248+00:00,2025-03-02 09:36:00.986468+00:00
633374,revenge,2025-03-02 00:57:22.087248+00:00,2025-03-02 09:36:00.986468+00:00
633374,political assassination,2025-03-02 00:57:22.087248+00:00,2025-03-02 09:36:00.986468+00:00
633374,japanese occupation of korea,2025-03-02 00:57:22.087248+00:00,2025-03-02 09:36:00.986468+00:00
633844,epidemic,2025-03-02 00:57:22.087248+00:00,2025-03-02 09:36:00.986468+00:00
633844,survival,2025-03-02 00:57:22.087248+00:00,2025-03-02 09:36:00.986468+00:00
633844,disease,2025-03-02 00:57:22.087248+00:00,2025-03-02 09:36:00.986468+00:00
633844,feudal japan,2025-03-02 00:57:22.087248+00:00,2025-03-02 09:36:00.986468+00:00
633844,tragedy,2025-03-02 00:57:22.087248+00:00,2025-03-02 09:36:00.986468+00:00
633844,slavery,2025-03-02 00:57:22.087248+00:00,2025-03-02 09:36:00.986468+00:00
633844,anime,2025-03-02 00:57:22.087248+00:00,2025-03-02 09:36:00.986468+00:00
633844,based on novel or book,2025-03-02 00:57:22.087248+00:00,2025-03-02 09:36:00.986468+00:00
633844,fictious world,2025-03-02 00:57:22.087248+00:00,2025-03-02 09:36:00.986468+00:00
633844,medieval,2025-03-02 00:57:22.087248+00:00,2025-03-02 09:36:00.986468+00:00
634120,road trip,2025-03-02 00:57:22.087248+00:00,2025-03-02 09:36:00.986468+00:00
634120,dog man friendship,2025-03-02 00:57:22.087248+00:00,2025-03-02 09:36:00.986468+00:00
634492,2000s,2025-03-02 00:57:22.087248+00:00,2025-03-02 09:36:00.986468+00:00
634492,new york city,2025-03-02 00:57:22.087248+00:00,2025-03-02 09:36:00.986468+00:00
634492,super power,2025-03-02 00:57:22.087248+00:00,2025-03-02 09:36:00.986468+00:00
634492,origin story,2025-03-02 00:57:22.087248+00:00,2025-03-02 09:36:00.986468+00:00
634492,based on comic,2025-03-02 00:57:22.087248+00:00,2025-03-02 09:36:00.986468+00:00
634492,vision of the future,2025-03-02 00:57:22.087248+00:00,2025-03-02 09:36:00.986468+00:00
634492,clairvoyant,2025-03-02 00:57:22.087248+00:00,2025-03-02 09:36:00.986468+00:00
634492,teenage girl,2025-03-02 00:57:22.087248+00:00,2025-03-02 09:36:00.986468+00:00
634492,paramedic,2025-03-02 00:57:22.087248+00:00,2025-03-02 09:36:00.986468+00:00
634492,spider web,2025-03-02 00:57:22.087248+00:00,2025-03-02 09:36:00.986468+00:00
634492,spider,2025-03-02 00:57:22.087248+00:00,2025-03-02 09:36:00.986468+00:00
634492,woman director,2025-03-02 00:57:22.087248+00:00,2025-03-02 09:36:00.986468+00:00
634492,"manhattan, new york city",2025-03-02 00:57:22.087248+00:00,2025-03-02 09:36:00.986468+00:00
634528,road movie,2025-03-02 00:57:22.087248+00:00,2025-03-02 09:36:00.986468+00:00
634528,war veteran,2025-03-02 00:57:22.087248+00:00,2025-03-02 09:36:00.986468+00:00
634528,dead dog,2025-03-02 00:57:22.087248+00:00,2025-03-02 09:36:00.986468+00:00
634528,assassin,2025-03-02 00:57:22.087248+00:00,2025-03-02 09:36:00.986468+00:00
634528,drug cartel,2025-03-02 00:57:22.087248+00:00,2025-03-02 09:36:00.986468+00:00
634528,farmer,2025-03-02 00:57:22.087248+00:00,2025-03-02 09:36:00.986468+00:00
634528,murder,2025-03-02 00:57:22.087248+00:00,2025-03-02 09:36:00.986468+00:00
634528,usa–mexico border,2025-03-02 00:57:22.087248+00:00,2025-03-02 09:36:00.986468+00:00
634528,mexico,2025-03-02 00:57:22.087248+00:00,2025-03-02 09:36:00.986468+00:00
634649,spider web,2025-03-02 00:57:22.087248+00:00,2025-03-02 09:36:00.986468+00:00
634649,returning hero,2025-03-02 00:57:22.087248+00:00,2025-03-02 09:36:00.986468+00:00
634649,new york city,2025-03-02 00:57:22.087248+00:00,2025-03-02 09:36:00.986468+00:00
634649,crossover,2025-03-02 00:57:22.087248+00:00,2025-03-02 09:36:00.986468+00:00
634649,villain,2025-03-02 00:57:22.087248+00:00,2025-03-02 09:36:00.986468+00:00
634649,magic,2025-03-02 00:57:22.087248+00:00,2025-03-02 09:36:00.986468+00:00
634649,admiring,2025-03-02 00:57:22.087248+00:00,2025-03-02 09:36:00.986468+00:00
634649,showdown,2025-03-02 00:57:22.087248+00:00,2025-03-02 09:36:00.986468+00:00
634649,superhero team,2025-03-02 00:57:22.087248+00:00,2025-03-02 09:36:00.986468+00:00
634649,secret identity,2025-03-02 00:57:22.087248+00:00,2025-03-02 09:36:00.986468+00:00
634649,alternative reality,2025-03-02 00:57:22.087248+00:00,2025-03-02 09:36:00.986468+00:00
634649,duringcreditsstinger,2025-03-02 00:57:22.087248+00:00,2025-03-02 09:36:00.986468+00:00
634649,fight for justice,2025-03-02 00:57:22.087248+00:00,2025-03-02 09:36:00.986468+00:00
634649,portal,2025-03-02 00:57:22.087248+00:00,2025-03-02 09:36:00.986468+00:00
634649,vigilante,2025-03-02 00:57:22.087248+00:00,2025-03-02 09:36:00.986468+00:00
634649,aftercreditsstinger,2025-03-02 00:57:22.087248+00:00,2025-03-02 09:36:00.986468+00:00
634649,loss of loved one,2025-03-02 00:57:22.087248+00:00,2025-03-02 09:36:00.986468+00:00
634649,teamwork,2025-03-02 00:57:22.087248+00:00,2025-03-02 09:36:00.986468+00:00
634649,marvel cinematic universe (mcu),2025-03-02 00:57:22.087248+00:00,2025-03-02 09:36:00.986468+00:00
634649,masked vigilante,2025-03-02 00:57:22.087248+00:00,2025-03-02 09:36:00.986468+00:00
634649,sequel,2025-03-02 00:57:22.087248+00:00,2025-03-02 09:36:00.986468+00:00
634649,hero,2025-03-02 00:57:22.087248+00:00,2025-03-02 09:36:00.986468+00:00
634649,teen superhero,2025-03-02 00:57:22.087248+00:00,2025-03-02 09:36:00.986468+00:00
634649,superhero,2025-03-02 00:57:22.087248+00:00,2025-03-02 09:36:00.986468+00:00
634649,superhero teamup,2025-03-02 00:57:22.087248+00:00,2025-03-02 09:36:00.986468+00:00
635302,magic,2025-03-02 00:57:22.087248+00:00,2025-03-02 09:36:00.986468+00:00
635302,supernatural,2025-03-02 00:57:22.087248+00:00,2025-03-02 09:36:00.986468+00:00
635302,survival,2025-03-02 00:57:22.087248+00:00,2025-03-02 09:36:00.986468+00:00
635302,fight,2025-03-02 00:57:22.087248+00:00,2025-03-02 09:36:00.986468+00:00
635302,dark fantasy,2025-03-02 00:57:22.087248+00:00,2025-03-02 09:36:00.986468+00:00
635302,psychology,2025-03-02 00:57:22.087248+00:00,2025-03-02 09:36:00.986468+00:00
635302,tragedy,2025-03-02 00:57:22.087248+00:00,2025-03-02 09:36:00.986468+00:00
635302,coming of age,2025-03-02 00:57:22.087248+00:00,2025-03-02 09:36:00.986468+00:00
635302,shounen,2025-03-02 00:57:22.087248+00:00,2025-03-02 09:36:00.986468+00:00
635302,demon,2025-03-02 00:57:22.087248+00:00,2025-03-02 09:36:00.986468+00:00
635302,adult animation,2025-03-02 00:57:22.087248+00:00,2025-03-02 09:36:00.986468+00:00
635302,based on manga,2025-03-02 00:57:22.087248+00:00,2025-03-02 09:36:00.986468+00:00
635302,anime,2025-03-02 00:57:22.087248+00:00,2025-03-02 09:36:00.986468+00:00
635302,taisho period,2025-03-02 00:57:22.087248+00:00,2025-03-02 09:36:00.986468+00:00
635302,family,2025-03-02 00:57:22.087248+00:00,2025-03-02 09:36:00.986468+00:00
635302,mutilation,2025-03-02 00:57:22.087248+00:00,2025-03-02 09:36:00.986468+00:00
635302,sequel,2025-03-02 00:57:22.087248+00:00,2025-03-02 09:36:00.986468+00:00
635302,gore,2025-03-02 00:57:22.087248+00:00,2025-03-02 09:36:00.986468+00:00
635302,historical,2025-03-02 00:57:22.087248+00:00,2025-03-02 09:36:00.986468+00:00
637920,based on movie,2025-03-02 00:57:22.087248+00:00,2025-03-02 09:36:00.986468+00:00
637920,parent child relationship,2025-03-02 00:57:22.087248+00:00,2025-03-02 09:36:00.986468+00:00
637920,prison cell,2025-03-02 00:57:22.087248+00:00,2025-03-02 09:36:00.986468+00:00
637920,mentally challenged,2025-03-02 00:57:22.087248+00:00,2025-03-02 09:36:00.986468+00:00
637920,remake,2025-03-02 00:57:22.087248+00:00,2025-03-02 09:36:00.986468+00:00
637920,wrongful imprisonment,2025-03-02 00:57:22.087248+00:00,2025-03-02 09:36:00.986468+00:00
638483,k-pop,2025-03-02 00:57:22.087248+00:00,2025-03-02 09:36:00.986468+00:00
639720,imaginary,2025-03-02 00:57:22.087248+00:00,2025-03-02 09:36:00.986468+00:00
639720,aftercreditsstinger,2025-03-02 00:57:22.087248+00:00,2025-03-02 09:36:00.986468+00:00
639720,imaginary friend,2025-03-02 00:57:22.087248+00:00,2025-03-02 09:36:00.986468+00:00
639720,live action and animation,2025-03-02 00:57:22.087248+00:00,2025-03-02 09:36:00.986468+00:00
639720,friendship,2025-03-02 00:57:22.087248+00:00,2025-03-02 09:36:00.986468+00:00
639720,imagination,2025-03-02 00:57:22.087248+00:00,2025-03-02 09:36:00.986468+00:00
639721,kidnapping,2025-03-02 00:57:22.087248+00:00,2025-03-02 09:36:00.986468+00:00
639721,comedy,2025-03-02 00:57:22.087248+00:00,2025-03-02 09:36:00.986468+00:00
639721,grand canyon,2025-03-02 00:57:22.087248+00:00,2025-03-02 09:36:00.986468+00:00
639721,niagara falls,2025-03-02 00:57:22.087248+00:00,2025-03-02 09:36:00.986468+00:00
639721,supernatural,2025-03-02 00:57:22.087248+00:00,2025-03-02 09:36:00.986468+00:00
639721,scientific experiment,2025-03-02 00:57:22.087248+00:00,2025-03-02 09:36:00.986468+00:00
639721,family,2025-03-02 00:57:22.087248+00:00,2025-03-02 09:36:00.986468+00:00
639721,"san antonio, texas",2025-03-02 00:57:22.087248+00:00,2025-03-02 09:36:00.986468+00:00
640327,1990s,2025-03-02 00:57:22.087248+00:00,2025-03-02 09:36:00.986468+00:00
640327,election,2025-03-02 00:57:22.087248+00:00,2025-03-02 09:36:00.986468+00:00
640327,election campaign,2025-03-02 00:57:22.087248+00:00,2025-03-02 09:36:00.986468+00:00
640327,"busan, south korea",2025-03-02 00:57:22.087248+00:00,2025-03-02 09:36:00.986468+00:00
640327,politician,2025-03-02 00:57:22.087248+00:00,2025-03-02 09:36:00.986468+00:00
640327,classified,2025-03-02 00:57:22.087248+00:00,2025-03-02 09:36:00.986468+00:00
641668,stabbed to death,2025-03-02 00:57:22.087248+00:00,2025-03-02 09:36:00.986468+00:00
641668,ritual,2025-03-02 00:57:22.087248+00:00,2025-03-02 09:36:00.986468+00:00
641960,drug addiction,2025-03-02 00:57:22.087248+00:00,2025-03-02 09:36:00.986468+00:00
641960,heroin withdrawl,2025-03-02 00:57:22.087248+00:00,2025-03-02 09:36:00.986468+00:00
641960,mother daughter relationship,2025-03-02 00:57:22.087248+00:00,2025-03-02 09:36:00.986468+00:00
641960,relapse,2025-03-02 00:57:22.087248+00:00,2025-03-02 09:36:00.986468+00:00
642538,musical,2025-03-02 00:57:22.087248+00:00,2025-03-02 09:36:00.986468+00:00
642538,period drama,2025-03-02 00:57:22.087248+00:00,2025-03-02 09:36:00.986468+00:00
642538,anime,2025-03-02 00:57:22.087248+00:00,2025-03-02 09:36:00.986468+00:00
642538,based on novel or book,2025-03-02 00:57:22.087248+00:00,2025-03-02 09:36:00.986468+00:00
642538,muromachi period,2025-03-02 00:57:22.087248+00:00,2025-03-02 09:36:00.986468+00:00
642538,heike story,2025-03-02 00:57:22.087248+00:00,2025-03-02 09:36:00.986468+00:00
642538,historical,2025-03-02 00:57:22.087248+00:00,2025-03-02 09:36:00.986468+00:00
642538,classic cartoon,2025-03-02 00:57:22.087248+00:00,2025-03-02 09:36:00.986468+00:00
642538,japan,2025-03-02 00:57:22.087248+00:00,2025-03-02 09:36:00.986468+00:00
643532,murder,2025-03-02 00:57:22.087248+00:00,2025-03-02 09:36:00.986468+00:00
643532,detached,2025-03-02 00:57:22.087248+00:00,2025-03-02 09:36:00.986468+00:00
643532,critical,2025-03-02 00:57:22.087248+00:00,2025-03-02 09:36:00.986468+00:00
643532,cynical,2025-03-02 00:57:22.087248+00:00,2025-03-02 09:36:00.986468+00:00
643532,bitter,2025-03-02 00:57:22.087248+00:00,2025-03-02 09:36:00.986468+00:00
643532,haunted by the past,2025-03-02 00:57:22.087248+00:00,2025-03-02 09:36:00.986468+00:00
643532,adoring,2025-03-02 00:57:22.087248+00:00,2025-03-02 09:36:00.986468+00:00
643532,grim,2025-03-02 00:57:22.087248+00:00,2025-03-02 09:36:00.986468+00:00
643532,guilt,2025-03-02 00:57:22.087248+00:00,2025-03-02 09:36:00.986468+00:00
643532,casino,2025-03-02 00:57:22.087248+00:00,2025-03-02 09:36:00.986468+00:00
643532,military prison,2025-03-02 00:57:22.087248+00:00,2025-03-02 09:36:00.986468+00:00
643532,audacious,2025-03-02 00:57:22.087248+00:00,2025-03-02 09:36:00.986468+00:00
643532,meditative,2025-03-02 00:57:22.087248+00:00,2025-03-02 09:36:00.986468+00:00
643532,tense,2025-03-02 00:57:22.087248+00:00,2025-03-02 09:36:00.986468+00:00
643532,ex soldier,2025-03-02 00:57:22.087248+00:00,2025-03-02 09:36:00.986468+00:00
643532,somber,2025-03-02 00:57:22.087248+00:00,2025-03-02 09:36:00.986468+00:00
643532,gambler,2025-03-02 00:57:22.087248+00:00,2025-03-02 09:36:00.986468+00:00
643532,introspective,2025-03-02 00:57:22.087248+00:00,2025-03-02 09:36:00.986468+00:00
643532,poker game,2025-03-02 00:57:22.087248+00:00,2025-03-02 09:36:00.986468+00:00
643532,provocative,2025-03-02 00:57:22.087248+00:00,2025-03-02 09:36:00.986468+00:00
643532,admiring,2025-03-02 00:57:22.087248+00:00,2025-03-02 09:36:00.986468+00:00
643532,atlantic city,2025-03-02 00:57:22.087248+00:00,2025-03-02 09:36:00.986468+00:00
643532,absurd,2025-03-02 00:57:22.087248+00:00,2025-03-02 09:36:00.986468+00:00
643532,reflective,2025-03-02 00:57:22.087248+00:00,2025-03-02 09:36:00.986468+00:00
643532,iraq,2025-03-02 00:57:22.087248+00:00,2025-03-02 09:36:00.986468+00:00
643532,incarceration,2025-03-02 00:57:22.087248+00:00,2025-03-02 09:36:00.986468+00:00
643532,motel,2025-03-02 00:57:22.087248+00:00,2025-03-02 09:36:00.986468+00:00
643532,character study,2025-03-02 00:57:22.087248+00:00,2025-03-02 09:36:00.986468+00:00
643532,foreboding,2025-03-02 00:57:22.087248+00:00,2025-03-02 09:36:00.986468+00:00
643532,hopeless,2025-03-02 00:57:22.087248+00:00,2025-03-02 09:36:00.986468+00:00
643532,interrogation,2025-03-02 00:57:22.087248+00:00,2025-03-02 09:36:00.986468+00:00
643532,flashback,2025-03-02 00:57:22.087248+00:00,2025-03-02 09:36:00.986468+00:00
643532,ambiguous,2025-03-02 00:57:22.087248+00:00,2025-03-02 09:36:00.986468+00:00
643532,gambling,2025-03-02 00:57:22.087248+00:00,2025-03-02 09:36:00.986468+00:00
643532,revenge,2025-03-02 00:57:22.087248+00:00,2025-03-02 09:36:00.986468+00:00
643532,panama city,2025-03-02 00:57:22.087248+00:00,2025-03-02 09:36:00.986468+00:00
643532,torture,2025-03-02 00:57:22.087248+00:00,2025-03-02 09:36:00.986468+00:00
643532,violence,2025-03-02 00:57:22.087248+00:00,2025-03-02 09:36:00.986468+00:00
643532,approving,2025-03-02 00:57:22.087248+00:00,2025-03-02 09:36:00.986468+00:00
643532,dreary,2025-03-02 00:57:22.087248+00:00,2025-03-02 09:36:00.986468+00:00
643532,antagonistic,2025-03-02 00:57:22.087248+00:00,2025-03-02 09:36:00.986468+00:00
643532,biting,2025-03-02 00:57:22.087248+00:00,2025-03-02 09:36:00.986468+00:00
643532,cruel,2025-03-02 00:57:22.087248+00:00,2025-03-02 09:36:00.986468+00:00
643532,aggressive,2025-03-02 00:57:22.087248+00:00,2025-03-02 09:36:00.986468+00:00
644495,1980s,2025-03-02 00:57:22.087248+00:00,2025-03-02 09:36:00.986468+00:00
644495,failing marriage,2025-03-02 00:57:22.087248+00:00,2025-03-02 09:36:00.986468+00:00
644495,1990s,2025-03-02 00:57:22.087248+00:00,2025-03-02 09:36:00.986468+00:00
644495,fashion designer,2025-03-02 00:57:22.087248+00:00,2025-03-02 09:36:00.986468+00:00
644495,italy,2025-03-02 00:57:22.087248+00:00,2025-03-02 09:36:00.986468+00:00
644495,fashion,2025-03-02 00:57:22.087248+00:00,2025-03-02 09:36:00.986468+00:00
644495,rich family,2025-03-02 00:57:22.087248+00:00,2025-03-02 09:36:00.986468+00:00
644495,gucci,2025-03-02 00:57:22.087248+00:00,2025-03-02 09:36:00.986468+00:00
644495,biography,2025-03-02 00:57:22.087248+00:00,2025-03-02 09:36:00.986468+00:00
644495,murder,2025-03-02 00:57:22.087248+00:00,2025-03-02 09:36:00.986468+00:00
644495,marriage crisis,2025-03-02 00:57:22.087248+00:00,2025-03-02 09:36:00.986468+00:00
644714,investigation,2025-03-02 00:57:22.087248+00:00,2025-03-02 09:36:00.986468+00:00
644714,phishing,2025-03-02 00:57:22.087248+00:00,2025-03-02 09:36:00.986468+00:00
644714,fraud,2025-03-02 00:57:22.087248+00:00,2025-03-02 09:36:00.986468+00:00
644714,revenge,2025-03-02 00:57:22.087248+00:00,2025-03-02 09:36:00.986468+00:00
645985,based on true story,2025-03-02 00:57:22.087248+00:00,2025-03-02 09:36:00.986468+00:00
645985,firefighter,2025-03-02 00:57:22.087248+00:00,2025-03-02 09:36:00.986468+00:00
646207,truck driver,2025-03-02 00:57:22.087248+00:00,2025-03-02 09:36:00.986468+00:00
646207,truck,2025-03-02 00:57:22.087248+00:00,2025-03-02 09:36:00.986468+00:00
646207,ice road,2025-03-02 00:57:22.087248+00:00,2025-03-02 09:36:00.986468+00:00
646207,mine explosion,2025-03-02 00:57:22.087248+00:00,2025-03-02 09:36:00.986468+00:00
646207,manitoba,2025-03-02 00:57:22.087248+00:00,2025-03-02 09:36:00.986468+00:00
646385,retired cop,2025-03-02 00:57:22.087248+00:00,2025-03-02 09:36:00.986468+00:00
646385,requel,2025-03-02 00:57:22.087248+00:00,2025-03-02 09:36:00.986468+00:00
646385,teen movie,2025-03-02 00:57:22.087248+00:00,2025-03-02 09:36:00.986468+00:00
646385,slasher,2025-03-02 00:57:22.087248+00:00,2025-03-02 09:36:00.986468+00:00
646385,hometown,2025-03-02 00:57:22.087248+00:00,2025-03-02 09:36:00.986468+00:00
646385,reboot,2025-03-02 00:57:22.087248+00:00,2025-03-02 09:36:00.986468+00:00
646385,illegitimate child,2025-03-02 00:57:22.087248+00:00,2025-03-02 09:36:00.986468+00:00
646385,crime spree,2025-03-02 00:57:22.087248+00:00,2025-03-02 09:36:00.986468+00:00
646385,whodunit,2025-03-02 00:57:22.087248+00:00,2025-03-02 09:36:00.986468+00:00
646385,return to hometown,2025-03-02 00:57:22.087248+00:00,2025-03-02 09:36:00.986468+00:00
646385,murder spree,2025-03-02 00:57:22.087248+00:00,2025-03-02 09:36:00.986468+00:00
646385,fandom,2025-03-02 00:57:22.087248+00:00,2025-03-02 09:36:00.986468+00:00
646385,attempted murder,2025-03-02 00:57:22.087248+00:00,2025-03-02 09:36:00.986468+00:00
646385,killing spree,2025-03-02 00:57:22.087248+00:00,2025-03-02 09:36:00.986468+00:00
646385,teen scream,2025-03-02 00:57:22.087248+00:00,2025-03-02 09:36:00.986468+00:00
646385,mask,2025-03-02 00:57:22.087248+00:00,2025-03-02 09:36:00.986468+00:00
646385,copycat killer,2025-03-02 00:57:22.087248+00:00,2025-03-02 09:36:00.986468+00:00
646385,legacy,2025-03-02 00:57:22.087248+00:00,2025-03-02 09:36:00.986468+00:00
646385,hospital,2025-03-02 00:57:22.087248+00:00,2025-03-02 09:36:00.986468+00:00
646385,murder,2025-03-02 00:57:22.087248+00:00,2025-03-02 09:36:00.986468+00:00
646385,serial killer,2025-03-02 00:57:22.087248+00:00,2025-03-02 09:36:00.986468+00:00
646385,sister sister relationship,2025-03-02 00:57:22.087248+00:00,2025-03-02 09:36:00.986468+00:00
646385,murder mystery,2025-03-02 00:57:22.087248+00:00,2025-03-02 09:36:00.986468+00:00
646385,generation z,2025-03-02 00:57:22.087248+00:00,2025-03-02 09:36:00.986468+00:00
646385,hallucination,2025-03-02 00:57:22.087248+00:00,2025-03-02 09:36:00.986468+00:00
646385,reddit,2025-03-02 00:57:22.087248+00:00,2025-03-02 09:36:00.986468+00:00
646389,plane crash,2025-03-02 00:57:22.087248+00:00,2025-03-02 09:36:00.986468+00:00
646389,philippines,2025-03-02 00:57:22.087248+00:00,2025-03-02 09:36:00.986468+00:00
646389,held hostage,2025-03-02 00:57:22.087248+00:00,2025-03-02 09:36:00.986468+00:00
646389,airplane,2025-03-02 00:57:22.087248+00:00,2025-03-02 09:36:00.986468+00:00
646389,intense,2025-03-02 00:57:22.087248+00:00,2025-03-02 09:36:00.986468+00:00
646389,pilot,2025-03-02 00:57:22.087248+00:00,2025-03-02 09:36:00.986468+00:00
646541,devil,2025-03-02 00:57:22.087248+00:00,2025-03-02 09:36:00.986468+00:00
646541,exorcism,2025-03-02 00:57:22.087248+00:00,2025-03-02 09:36:00.986468+00:00
646683,amused,2025-03-02 00:57:22.087248+00:00,2025-03-02 09:36:00.986468+00:00
646683,survival horror,2025-03-02 00:57:22.087248+00:00,2025-03-02 09:36:00.986468+00:00
646683,psychological horror,2025-03-02 00:57:22.087248+00:00,2025-03-02 09:36:00.986468+00:00
646683,broken family,2025-03-02 00:57:22.087248+00:00,2025-03-02 09:36:00.986468+00:00
646683,exorcism,2025-03-02 00:57:22.087248+00:00,2025-03-02 09:36:00.986468+00:00
648579,screenplay,2025-03-02 00:57:22.087248+00:00,2025-03-02 09:36:00.986468+00:00
648579,central intelligence agency (cia),2025-03-02 00:57:22.087248+00:00,2025-03-02 09:36:00.986468+00:00
648579,struggling actor,2025-03-02 00:57:22.087248+00:00,2025-03-02 09:36:00.986468+00:00
648579,drug lord,2025-03-02 00:57:22.087248+00:00,2025-03-02 09:36:00.986468+00:00
648579,euphoric,2025-03-02 00:57:22.087248+00:00,2025-03-02 09:36:00.986468+00:00
648579,undercover,2025-03-02 00:57:22.087248+00:00,2025-03-02 09:36:00.986468+00:00
648579,ambiguous,2025-03-02 00:57:22.087248+00:00,2025-03-02 09:36:00.986468+00:00
648579,satire,2025-03-02 00:57:22.087248+00:00,2025-03-02 09:36:00.986468+00:00
648579,father daughter relationship,2025-03-02 00:57:22.087248+00:00,2025-03-02 09:36:00.986468+00:00
648579,birthday party,2025-03-02 00:57:22.087248+00:00,2025-03-02 09:36:00.986468+00:00
648579,cheerful,2025-03-02 00:57:22.087248+00:00,2025-03-02 09:36:00.986468+00:00
649394,world trade center,2025-03-02 00:57:22.087248+00:00,2025-03-02 09:36:00.986468+00:00
649394,9/11,2025-03-02 00:57:22.087248+00:00,2025-03-02 09:36:00.986468+00:00
649394,based on true story,2025-03-02 00:57:22.087248+00:00,2025-03-02 09:36:00.986468+00:00
649609,gore,2025-03-02 00:57:22.087248+00:00,2025-03-02 09:36:00.986468+00:00
649609,dracula,2025-03-02 00:57:22.087248+00:00,2025-03-02 09:36:00.986468+00:00
649609,crooked cops,2025-03-02 00:57:22.087248+00:00,2025-03-02 09:36:00.986468+00:00
649609,police,2025-03-02 00:57:22.087248+00:00,2025-03-02 09:36:00.986468+00:00
649609,vampire,2025-03-02 00:57:22.087248+00:00,2025-03-02 09:36:00.986468+00:00
649609,immortal,2025-03-02 00:57:22.087248+00:00,2025-03-02 09:36:00.986468+00:00
649609,bloody death,2025-03-02 00:57:22.087248+00:00,2025-03-02 09:36:00.986468+00:00
649609,mob family,2025-03-02 00:57:22.087248+00:00,2025-03-02 09:36:00.986468+00:00
649609,horror comedy,2025-03-02 00:57:22.087248+00:00,2025-03-02 09:36:00.986468+00:00
649609,abusive relationship,2025-03-02 00:57:22.087248+00:00,2025-03-02 09:36:00.986468+00:00
649609,bugs,2025-03-02 00:57:22.087248+00:00,2025-03-02 09:36:00.986468+00:00
649609,violence,2025-03-02 00:57:22.087248+00:00,2025-03-02 09:36:00.986468+00:00
653346,orangutan,2025-03-02 00:57:22.087248+00:00,2025-03-02 09:36:00.986468+00:00
653346,dystopia,2025-03-02 00:57:22.087248+00:00,2025-03-02 09:36:00.986468+00:00
653346,evil tyrant,2025-03-02 00:57:22.087248+00:00,2025-03-02 09:36:00.986468+00:00
653346,journey,2025-03-02 00:57:22.087248+00:00,2025-03-02 09:36:00.986468+00:00
653346,eagle,2025-03-02 00:57:22.087248+00:00,2025-03-02 09:36:00.986468+00:00
653346,evolution,2025-03-02 00:57:22.087248+00:00,2025-03-02 09:36:00.986468+00:00
653346,empire,2025-03-02 00:57:22.087248+00:00,2025-03-02 09:36:00.986468+00:00
653346,chimpanzee,2025-03-02 00:57:22.087248+00:00,2025-03-02 09:36:00.986468+00:00
653346,distant future,2025-03-02 00:57:22.087248+00:00,2025-03-02 09:36:00.986468+00:00
653346,cgi-live action hybrid,2025-03-02 00:57:22.087248+00:00,2025-03-02 09:36:00.986468+00:00
653346,kingdom,2025-03-02 00:57:22.087248+00:00,2025-03-02 09:36:00.986468+00:00
653346,sequel,2025-03-02 00:57:22.087248+00:00,2025-03-02 09:36:00.986468+00:00
653346,primate,2025-03-02 00:57:22.087248+00:00,2025-03-02 09:36:00.986468+00:00
653346,gorilla,2025-03-02 00:57:22.087248+00:00,2025-03-02 09:36:00.986468+00:00
653346,anthropomorphism,2025-03-02 00:57:22.087248+00:00,2025-03-02 09:36:00.986468+00:00
653346,sign languages,2025-03-02 00:57:22.087248+00:00,2025-03-02 09:36:00.986468+00:00
653346,post-apocalyptic,2025-03-02 00:57:22.087248+00:00,2025-03-02 09:36:00.986468+00:00
653346,ape,2025-03-02 00:57:22.087248+00:00,2025-03-02 09:36:00.986468+00:00
653851,aftercreditsstinger,2025-03-02 00:57:22.087248+00:00,2025-03-02 09:36:00.986468+00:00
653851,duringcreditsstinger,2025-03-02 00:57:22.087248+00:00,2025-03-02 09:36:00.986468+00:00
653851,korean war (1950-53),2025-03-02 00:57:22.087248+00:00,2025-03-02 09:36:00.986468+00:00
654074,animated scene,2025-03-02 00:57:22.087248+00:00,2025-03-02 09:36:00.986468+00:00
654074,coming of age,2025-03-02 00:57:22.087248+00:00,2025-03-02 09:36:00.986468+00:00
654074,based on novel or book,2025-03-02 00:57:22.087248+00:00,2025-03-02 09:36:00.986468+00:00
654074,unwanted pregnancy,2025-03-02 00:57:22.087248+00:00,2025-03-02 09:36:00.986468+00:00
654074,adolescence,2025-03-02 00:57:22.087248+00:00,2025-03-02 09:36:00.986468+00:00
654074,woman director,2025-03-02 00:57:22.087248+00:00,2025-03-02 09:36:00.986468+00:00
654074,female protagonist,2025-03-02 00:57:22.087248+00:00,2025-03-02 09:36:00.986468+00:00
654074,friendship,2025-03-02 00:57:22.087248+00:00,2025-03-02 09:36:00.986468+00:00
654344,bookshop,2025-03-02 00:57:22.087248+00:00,2025-03-02 09:36:00.986468+00:00
654344,"paris, france",2025-03-02 00:57:22.087248+00:00,2025-03-02 09:36:00.986468+00:00
655082,world's fair,2025-03-02 00:57:22.087248+00:00,2025-03-02 09:36:00.986468+00:00
655082,tour eiffel,2025-03-02 00:57:22.087248+00:00,2025-03-02 09:36:00.986468+00:00
655082,"paris, france",2025-03-02 00:57:22.087248+00:00,2025-03-02 09:36:00.986468+00:00
655082,"eiffel tower, paris",2025-03-02 00:57:22.087248+00:00,2025-03-02 09:36:00.986468+00:00
655082,19th century,2025-03-02 00:57:22.087248+00:00,2025-03-02 09:36:00.986468+00:00
655302,terrorist attack,2025-03-02 00:57:22.087248+00:00,2025-03-02 09:36:00.986468+00:00
655302,finland,2025-03-02 00:57:22.087248+00:00,2025-03-02 09:36:00.986468+00:00
655302,serbia,2025-03-02 00:57:22.087248+00:00,2025-03-02 09:36:00.986468+00:00
655302,independence day,2025-03-02 00:57:22.087248+00:00,2025-03-02 09:36:00.986468+00:00
655302,police,2025-03-02 00:57:22.087248+00:00,2025-03-02 09:36:00.986468+00:00
655738,norwegian,2025-03-02 00:57:22.087248+00:00,2025-03-02 09:36:00.986468+00:00
655738,pop star,2025-03-02 00:57:22.087248+00:00,2025-03-02 09:36:00.986468+00:00
655738,pop singer,2025-03-02 00:57:22.087248+00:00,2025-03-02 09:36:00.986468+00:00
655917,witty,2025-03-02 00:57:22.087248+00:00,2025-03-02 09:36:00.986468+00:00
655917,based on novel or book,2025-03-02 00:57:22.087248+00:00,2025-03-02 09:36:00.986468+00:00
655917,mysterious,2025-03-02 00:57:22.087248+00:00,2025-03-02 09:36:00.986468+00:00
655917,strange,2025-03-02 00:57:22.087248+00:00,2025-03-02 09:36:00.986468+00:00
655917,sympathetic,2025-03-02 00:57:22.087248+00:00,2025-03-02 09:36:00.986468+00:00
655917,cerebral,2025-03-02 00:57:22.087248+00:00,2025-03-02 09:36:00.986468+00:00
655917,author,2025-03-02 00:57:22.087248+00:00,2025-03-02 09:36:00.986468+00:00
655917,"paris, france",2025-03-02 00:57:22.087248+00:00,2025-03-02 09:36:00.986468+00:00
655917,confusion,2025-03-02 00:57:22.087248+00:00,2025-03-02 09:36:00.986468+00:00
655917,mysterious woman,2025-03-02 00:57:22.087248+00:00,2025-03-02 09:36:00.986468+00:00
655917,architect,2025-03-02 00:57:22.087248+00:00,2025-03-02 09:36:00.986468+00:00
655917,airport lounge,2025-03-02 00:57:22.087248+00:00,2025-03-02 09:36:00.986468+00:00
655917,suspicious,2025-03-02 00:57:22.087248+00:00,2025-03-02 09:36:00.986468+00:00
655917,favor,2025-03-02 00:57:22.087248+00:00,2025-03-02 09:36:00.986468+00:00
655917,wistful,2025-03-02 00:57:22.087248+00:00,2025-03-02 09:36:00.986468+00:00
655917,tragic,2025-03-02 00:57:22.087248+00:00,2025-03-02 09:36:00.986468+00:00
655917,odd,2025-03-02 00:57:22.087248+00:00,2025-03-02 09:36:00.986468+00:00
655917,architecture,2025-03-02 00:57:22.087248+00:00,2025-03-02 09:36:00.986468+00:00
655917,taunting,2025-03-02 00:57:22.087248+00:00,2025-03-02 09:36:00.986468+00:00
655917,suspense,2025-03-02 00:57:22.087248+00:00,2025-03-02 09:36:00.986468+00:00
655917,lecture,2025-03-02 00:57:22.087248+00:00,2025-03-02 09:36:00.986468+00:00
655917,story,2025-03-02 00:57:22.087248+00:00,2025-03-02 09:36:00.986468+00:00
655917,rain,2025-03-02 00:57:22.087248+00:00,2025-03-02 09:36:00.986468+00:00
655917,missed flight,2025-03-02 00:57:22.087248+00:00,2025-03-02 09:36:00.986468+00:00
655917,vibrant,2025-03-02 00:57:22.087248+00:00,2025-03-02 09:36:00.986468+00:00
655917,whimsical,2025-03-02 00:57:22.087248+00:00,2025-03-02 09:36:00.986468+00:00
655917,vindictive,2025-03-02 00:57:22.087248+00:00,2025-03-02 09:36:00.986468+00:00
656156,gang,2025-03-02 00:57:22.087248+00:00,2025-03-02 09:36:00.986468+00:00
656156,underworld,2025-03-02 00:57:22.087248+00:00,2025-03-02 09:36:00.986468+00:00
659384,flight,2025-03-02 00:57:22.087248+00:00,2025-03-02 09:36:00.986468+00:00
659959,seaside town,2025-03-02 00:57:22.087248+00:00,2025-03-02 09:36:00.986468+00:00
659959,"normandy, france",2025-03-02 00:57:22.087248+00:00,2025-03-02 09:36:00.986468+00:00
659959,1980s,2025-03-02 00:57:22.087248+00:00,2025-03-02 09:36:00.986468+00:00
659959,teenage protagonist,2025-03-02 00:57:22.087248+00:00,2025-03-02 09:36:00.986468+00:00
659959,teenage boy,2025-03-02 00:57:22.087248+00:00,2025-03-02 09:36:00.986468+00:00
659959,gay theme,2025-03-02 00:57:22.087248+00:00,2025-03-02 09:36:00.986468+00:00
659959,summer job,2025-03-02 00:57:22.087248+00:00,2025-03-02 09:36:00.986468+00:00
659959,based on novel or book,2025-03-02 00:57:22.087248+00:00,2025-03-02 09:36:00.986468+00:00
659959,sailing,2025-03-02 00:57:22.087248+00:00,2025-03-02 09:36:00.986468+00:00
659959,lgbt,2025-03-02 00:57:22.087248+00:00,2025-03-02 09:36:00.986468+00:00
659959,lgbt teen,2025-03-02 00:57:22.087248+00:00,2025-03-02 09:36:00.986468+00:00
659959,boys' love (bl),2025-03-02 00:57:22.087248+00:00,2025-03-02 09:36:00.986468+00:00
659959,motorcycle,2025-03-02 00:57:22.087248+00:00,2025-03-02 09:36:00.986468+00:00
660000,theatre,2025-03-02 00:57:22.087248+00:00,2025-03-02 09:36:00.986468+00:00
660000,1830s,2025-03-02 00:57:22.087248+00:00,2025-03-02 09:36:00.986468+00:00
660000,poet,2025-03-02 00:57:22.087248+00:00,2025-03-02 09:36:00.986468+00:00
660000,1840s,2025-03-02 00:57:22.087248+00:00,2025-03-02 09:36:00.986468+00:00
660000,based on novel or book,2025-03-02 00:57:22.087248+00:00,2025-03-02 09:36:00.986468+00:00
660000,19th century,2025-03-02 00:57:22.087248+00:00,2025-03-02 09:36:00.986468+00:00
660000,critical,2025-03-02 00:57:22.087248+00:00,2025-03-02 09:36:00.986468+00:00
660000,"paris, france",2025-03-02 00:57:22.087248+00:00,2025-03-02 09:36:00.986468+00:00
660000,affair,2025-03-02 00:57:22.087248+00:00,2025-03-02 09:36:00.986468+00:00
660360,imjin war,2025-03-02 00:57:22.087248+00:00,2025-03-02 09:36:00.986468+00:00
660360,japanese invasion of korea,2025-03-02 00:57:22.087248+00:00,2025-03-02 09:36:00.986468+00:00
660360,yi sun-sin,2025-03-02 00:57:22.087248+00:00,2025-03-02 09:36:00.986468+00:00
660360,joseon dynasty (1392–1910),2025-03-02 00:57:22.087248+00:00,2025-03-02 09:36:00.986468+00:00
660942,telepathy,2025-03-02 00:57:22.087248+00:00,2025-03-02 09:36:00.986468+00:00
660942,children's perspectives,2025-03-02 00:57:22.087248+00:00,2025-03-02 09:36:00.986468+00:00
660942,child murder,2025-03-02 00:57:22.087248+00:00,2025-03-02 09:36:00.986468+00:00
660942,autism,2025-03-02 00:57:22.087248+00:00,2025-03-02 09:36:00.986468+00:00
660942,mentalism,2025-03-02 00:57:22.087248+00:00,2025-03-02 09:36:00.986468+00:00
661231,world war ii,2025-03-02 00:57:22.087248+00:00,2025-03-02 09:36:00.986468+00:00
661231,remake,2025-03-02 00:57:22.087248+00:00,2025-03-02 09:36:00.986468+00:00
661231,"sicily, italy",2025-03-02 00:57:22.087248+00:00,2025-03-02 09:36:00.986468+00:00
661539,biography,2025-03-02 00:57:22.087248+00:00,2025-03-02 09:36:00.986468+00:00
661539,musician,2025-03-02 00:57:22.087248+00:00,2025-03-02 09:36:00.986468+00:00
661539,1960s,2025-03-02 00:57:22.087248+00:00,2025-03-02 09:36:00.986468+00:00
661539,disdainful,2025-03-02 00:57:22.087248+00:00,2025-03-02 09:36:00.986468+00:00
661539,based on novel or book,2025-03-02 00:57:22.087248+00:00,2025-03-02 09:36:00.986468+00:00
661681,mother daughter relationship,2025-03-02 00:57:22.087248+00:00,2025-03-02 09:36:00.986468+00:00
662400,boys' love (bl),2025-03-02 00:57:22.087248+00:00,2025-03-02 09:36:00.986468+00:00
662400,gay theme,2025-03-02 00:57:22.087248+00:00,2025-03-02 09:36:00.986468+00:00
662402,tea ceremony,2025-03-02 00:57:22.087248+00:00,2025-03-02 09:36:00.986468+00:00
662402,côte d'ivoire,2025-03-02 00:57:22.087248+00:00,2025-03-02 09:36:00.986468+00:00
662402,"guangzhou, china",2025-03-02 00:57:22.087248+00:00,2025-03-02 09:36:00.986468+00:00
662402,accidental love,2025-03-02 00:57:22.087248+00:00,2025-03-02 09:36:00.986468+00:00
662402,tea,2025-03-02 00:57:22.087248+00:00,2025-03-02 09:36:00.986468+00:00
662402,interracial relationship,2025-03-02 00:57:22.087248+00:00,2025-03-02 09:36:00.986468+00:00
663260,airplane crash,2025-03-02 00:57:22.087248+00:00,2025-03-02 09:36:00.986468+00:00
663260,airplane,2025-03-02 00:57:22.087248+00:00,2025-03-02 09:36:00.986468+00:00
663260,french cinema,2025-03-02 00:57:22.087248+00:00,2025-03-02 09:36:00.986468+00:00
663260,aeroplane,2025-03-02 00:57:22.087248+00:00,2025-03-02 09:36:00.986468+00:00
663260,plane crash,2025-03-02 00:57:22.087248+00:00,2025-03-02 09:36:00.986468+00:00
663260,aircraft crash,2025-03-02 00:57:22.087248+00:00,2025-03-02 09:36:00.986468+00:00
663712,clown,2025-03-02 00:57:22.087248+00:00,2025-03-02 09:36:00.986468+00:00
663712,gore,2025-03-02 00:57:22.087248+00:00,2025-03-02 09:36:00.986468+00:00
663712,killer clown,2025-03-02 00:57:22.087248+00:00,2025-03-02 09:36:00.986468+00:00
663712,halloween,2025-03-02 00:57:22.087248+00:00,2025-03-02 09:36:00.986468+00:00
663712,dramatic,2025-03-02 00:57:22.087248+00:00,2025-03-02 09:36:00.986468+00:00
663712,duringcreditsstinger,2025-03-02 00:57:22.087248+00:00,2025-03-02 09:36:00.986468+00:00
663712,megaslasher,2025-03-02 00:57:22.087248+00:00,2025-03-02 09:36:00.986468+00:00
663712,slasher,2025-03-02 00:57:22.087248+00:00,2025-03-02 09:36:00.986468+00:00
663712,halloween night,2025-03-02 00:57:22.087248+00:00,2025-03-02 09:36:00.986468+00:00
663712,resurrection,2025-03-02 00:57:22.087248+00:00,2025-03-02 09:36:00.986468+00:00
663712,sequel,2025-03-02 00:57:22.087248+00:00,2025-03-02 09:36:00.986468+00:00
663712,crowdfunded film,2025-03-02 00:57:22.087248+00:00,2025-03-02 09:36:00.986468+00:00
663712,killer,2025-03-02 00:57:22.087248+00:00,2025-03-02 09:36:00.986468+00:00
663712,independent film,2025-03-02 00:57:22.087248+00:00,2025-03-02 09:36:00.986468+00:00
663712,evil clown,2025-03-02 00:57:22.087248+00:00,2025-03-02 09:36:00.986468+00:00
663712,macabre,2025-03-02 00:57:22.087248+00:00,2025-03-02 09:36:00.986468+00:00
663712,audacious,2025-03-02 00:57:22.087248+00:00,2025-03-02 09:36:00.986468+00:00
664469,based on true story,2025-03-02 00:57:22.087248+00:00,2025-03-02 09:36:00.986468+00:00
664469,conspiracy,2025-03-02 00:57:22.087248+00:00,2025-03-02 09:36:00.986468+00:00
664469,investigation,2025-03-02 00:57:22.087248+00:00,2025-03-02 09:36:00.986468+00:00
664469,framed for murder,2025-03-02 00:57:22.087248+00:00,2025-03-02 09:36:00.986468+00:00
664469,duringcreditsstinger,2025-03-02 00:57:22.087248+00:00,2025-03-02 09:36:00.986468+00:00
664469,1930s,2025-03-02 00:57:22.087248+00:00,2025-03-02 09:36:00.986468+00:00
665733,powerful,2025-03-02 00:57:22.087248+00:00,2025-03-02 09:36:00.986468+00:00
666277,friendship,2025-03-02 00:57:22.087248+00:00,2025-03-02 09:36:00.986468+00:00
666277,korean american,2025-03-02 00:57:22.087248+00:00,2025-03-02 09:36:00.986468+00:00
666277,regret,2025-03-02 00:57:22.087248+00:00,2025-03-02 09:36:00.986468+00:00
666277,melancholy,2025-03-02 00:57:22.087248+00:00,2025-03-02 09:36:00.986468+00:00
666277,asian american,2025-03-02 00:57:22.087248+00:00,2025-03-02 09:36:00.986468+00:00
666277,interracial relationship,2025-03-02 00:57:22.087248+00:00,2025-03-02 09:36:00.986468+00:00
666277,playwright,2025-03-02 00:57:22.087248+00:00,2025-03-02 09:36:00.986468+00:00
666277,childhood crush,2025-03-02 00:57:22.087248+00:00,2025-03-02 09:36:00.986468+00:00
666277,memory,2025-03-02 00:57:22.087248+00:00,2025-03-02 09:36:00.986468+00:00
666277,retreat,2025-03-02 00:57:22.087248+00:00,2025-03-02 09:36:00.986468+00:00
666277,semi autobiographical,2025-03-02 00:57:22.087248+00:00,2025-03-02 09:36:00.986468+00:00
666277,childhood friends,2025-03-02 00:57:22.087248+00:00,2025-03-02 09:36:00.986468+00:00
666277,childhood,2025-03-02 00:57:22.087248+00:00,2025-03-02 09:36:00.986468+00:00
666277,ferry,2025-03-02 00:57:22.087248+00:00,2025-03-02 09:36:00.986468+00:00
666277,nostalgic,2025-03-02 00:57:22.087248+00:00,2025-03-02 09:36:00.986468+00:00
666277,skype,2025-03-02 00:57:22.087248+00:00,2025-03-02 09:36:00.986468+00:00
666277,korean,2025-03-02 00:57:22.087248+00:00,2025-03-02 09:36:00.986468+00:00
666277,facetime,2025-03-02 00:57:22.087248+00:00,2025-03-02 09:36:00.986468+00:00
666277,facebook,2025-03-02 00:57:22.087248+00:00,2025-03-02 09:36:00.986468+00:00
666277,nostalgia,2025-03-02 00:57:22.087248+00:00,2025-03-02 09:36:00.986468+00:00
666277,woman director,2025-03-02 00:57:22.087248+00:00,2025-03-02 09:36:00.986468+00:00
666277,immigrant,2025-03-02 00:57:22.087248+00:00,2025-03-02 09:36:00.986468+00:00
666277,independent film,2025-03-02 00:57:22.087248+00:00,2025-03-02 09:36:00.986468+00:00
666277,fate,2025-03-02 00:57:22.087248+00:00,2025-03-02 09:36:00.986468+00:00
666277,language barrier,2025-03-02 00:57:22.087248+00:00,2025-03-02 09:36:00.986468+00:00
666277,new york city,2025-03-02 00:57:22.087248+00:00,2025-03-02 09:36:00.986468+00:00
667538,end of the world,2025-03-02 00:57:22.087248+00:00,2025-03-02 09:36:00.986468+00:00
667538,robot,2025-03-02 00:57:22.087248+00:00,2025-03-02 09:36:00.986468+00:00
667538,brother brother relationship,2025-03-02 00:57:22.087248+00:00,2025-03-02 09:36:00.986468+00:00
667538,peru,2025-03-02 00:57:22.087248+00:00,2025-03-02 09:36:00.986468+00:00
667538,alien,2025-03-02 00:57:22.087248+00:00,2025-03-02 09:36:00.986468+00:00
667538,based on toy,2025-03-02 00:57:22.087248+00:00,2025-03-02 09:36:00.986468+00:00
667538,1990s,2025-03-02 00:57:22.087248+00:00,2025-03-02 09:36:00.986468+00:00
667538,duringcreditsstinger,2025-03-02 00:57:22.087248+00:00,2025-03-02 09:36:00.986468+00:00
667717,深海,2025-03-02 00:57:22.087248+00:00,2025-03-02 09:36:00.986468+00:00
667717,reflective,2025-03-02 00:57:22.087248+00:00,2025-03-02 09:36:00.986468+00:00
667717,understated,2025-03-02 00:57:22.087248+00:00,2025-03-02 09:36:00.986468+00:00
667717,curious,2025-03-02 00:57:22.087248+00:00,2025-03-02 09:36:00.986468+00:00
667717,拯救,2025-03-02 00:57:22.087248+00:00,2025-03-02 09:36:00.986468+00:00
667717,幻境,2025-03-02 00:57:22.087248+00:00,2025-03-02 09:36:00.986468+00:00
667717,3d animation,2025-03-02 00:57:22.087248+00:00,2025-03-02 09:36:00.986468+00:00
667717,感动,2025-03-02 00:57:22.087248+00:00,2025-03-02 09:36:00.986468+00:00
667717,female protagonist,2025-03-02 00:57:22.087248+00:00,2025-03-02 09:36:00.986468+00:00
667717,grand,2025-03-02 00:57:22.087248+00:00,2025-03-02 09:36:00.986468+00:00
670292,near future,2025-03-02 00:57:22.087248+00:00,2025-03-02 09:36:00.986468+00:00
670292,ex special forces,2025-03-02 00:57:22.087248+00:00,2025-03-02 09:36:00.986468+00:00
670292,war against machines,2025-03-02 00:57:22.087248+00:00,2025-03-02 09:36:00.986468+00:00
670292,space station,2025-03-02 00:57:22.087248+00:00,2025-03-02 09:36:00.986468+00:00
670292,missing wife,2025-03-02 00:57:22.087248+00:00,2025-03-02 09:36:00.986468+00:00
670292,child,2025-03-02 00:57:22.087248+00:00,2025-03-02 09:36:00.986468+00:00
670292,robot,2025-03-02 00:57:22.087248+00:00,2025-03-02 09:36:00.986468+00:00
670292,artificial intelligence (a.i.),2025-03-02 00:57:22.087248+00:00,2025-03-02 09:36:00.986468+00:00
670292,asia,2025-03-02 00:57:22.087248+00:00,2025-03-02 09:36:00.986468+00:00
672208,gold,2025-03-02 00:57:22.087248+00:00,2025-03-02 09:36:00.986468+00:00
672208,debt,2025-03-02 00:57:22.087248+00:00,2025-03-02 09:36:00.986468+00:00
674324,dark comedy,2025-03-02 00:57:22.087248+00:00,2025-03-02 09:36:00.986468+00:00
674324,former best friend,2025-03-02 00:57:22.087248+00:00,2025-03-02 09:36:00.986468+00:00
674324,ireland,2025-03-02 00:57:22.087248+00:00,2025-03-02 09:36:00.986468+00:00
674324,self mutilation,2025-03-02 00:57:22.087248+00:00,2025-03-02 09:36:00.986468+00:00
674324,pub,2025-03-02 00:57:22.087248+00:00,2025-03-02 09:36:00.986468+00:00
674324,brother sister relationship,2025-03-02 00:57:22.087248+00:00,2025-03-02 09:36:00.986468+00:00
674324,fiddle,2025-03-02 00:57:22.087248+00:00,2025-03-02 09:36:00.986468+00:00
674324,church,2025-03-02 00:57:22.087248+00:00,2025-03-02 09:36:00.986468+00:00
674324,1920s,2025-03-02 00:57:22.087248+00:00,2025-03-02 09:36:00.986468+00:00
674324,island,2025-03-02 00:57:22.087248+00:00,2025-03-02 09:36:00.986468+00:00
674324,friendship,2025-03-02 00:57:22.087248+00:00,2025-03-02 09:36:00.986468+00:00
674324,drinking,2025-03-02 00:57:22.087248+00:00,2025-03-02 09:36:00.986468+00:00
674324,donkey,2025-03-02 00:57:22.087248+00:00,2025-03-02 09:36:00.986468+00:00
674324,irish civil war (1922-23),2025-03-02 00:57:22.087248+00:00,2025-03-02 09:36:00.986468+00:00
675353,based on video game,2025-03-02 00:57:22.087248+00:00,2025-03-02 09:36:00.986468+00:00
675353,sonic cinematic universe,2025-03-02 00:57:22.087248+00:00,2025-03-02 09:36:00.986468+00:00
675353,joyous,2025-03-02 00:57:22.087248+00:00,2025-03-02 09:36:00.986468+00:00
675353,live action and animation,2025-03-02 00:57:22.087248+00:00,2025-03-02 09:36:00.986468+00:00
675353,duringcreditsstinger,2025-03-02 00:57:22.087248+00:00,2025-03-02 09:36:00.986468+00:00
675353,sequel,2025-03-02 00:57:22.087248+00:00,2025-03-02 09:36:00.986468+00:00
675353,mad scientist,2025-03-02 00:57:22.087248+00:00,2025-03-02 09:36:00.986468+00:00
675353,relaxed,2025-03-02 00:57:22.087248+00:00,2025-03-02 09:36:00.986468+00:00
675353,hedgehog,2025-03-02 00:57:22.087248+00:00,2025-03-02 09:36:00.986468+00:00
675353,revenge,2025-03-02 00:57:22.087248+00:00,2025-03-02 09:36:00.986468+00:00
675445,dog,2025-03-02 00:57:22.087248+00:00,2025-03-02 09:36:00.986468+00:00
675445,kids,2025-03-02 00:57:22.087248+00:00,2025-03-02 09:36:00.986468+00:00
675445,cartoon,2025-03-02 00:57:22.087248+00:00,2025-03-02 09:36:00.986468+00:00
675445,animals,2025-03-02 00:57:22.087248+00:00,2025-03-02 09:36:00.986468+00:00
676547,catholic church,2025-03-02 00:57:22.087248+00:00,2025-03-02 09:36:00.986468+00:00
676547,exorcism,2025-03-02 00:57:22.087248+00:00,2025-03-02 09:36:00.986468+00:00
676547,demonic possession,2025-03-02 00:57:22.087248+00:00,2025-03-02 09:36:00.986468+00:00
676547,nun,2025-03-02 00:57:22.087248+00:00,2025-03-02 09:36:00.986468+00:00
676710,rat,2025-03-02 00:57:22.087248+00:00,2025-03-02 09:36:00.986468+00:00
676710,grim reaper,2025-03-02 00:57:22.087248+00:00,2025-03-02 09:36:00.986468+00:00
676710,terry pratchett,2025-03-02 00:57:22.087248+00:00,2025-03-02 09:36:00.986468+00:00
676710,interspecies friendship,2025-03-02 00:57:22.087248+00:00,2025-03-02 09:36:00.986468+00:00
676710,discworld,2025-03-02 00:57:22.087248+00:00,2025-03-02 09:36:00.986468+00:00
676710,based on novel or book,2025-03-02 00:57:22.087248+00:00,2025-03-02 09:36:00.986468+00:00
676710,cartoon cat,2025-03-02 00:57:22.087248+00:00,2025-03-02 09:36:00.986468+00:00
676710,nine lives,2025-03-02 00:57:22.087248+00:00,2025-03-02 09:36:00.986468+00:00
676727,stop motion,2025-03-02 00:57:22.087248+00:00,2025-03-02 09:36:00.986468+00:00
676727,inventor,2025-03-02 00:57:22.087248+00:00,2025-03-02 09:36:00.986468+00:00
676727,historical fiction,2025-03-02 00:57:22.087248+00:00,2025-03-02 09:36:00.986468+00:00
676727,leonardo da vinci,2025-03-02 00:57:22.087248+00:00,2025-03-02 09:36:00.986468+00:00
678299,"tokyo, japan",2025-03-02 00:57:22.087248+00:00,2025-03-02 09:36:00.986468+00:00
678299,tsunami,2025-03-02 00:57:22.087248+00:00,2025-03-02 09:36:00.986468+00:00
678299,sense of life,2025-03-02 00:57:22.087248+00:00,2025-03-02 09:36:00.986468+00:00
678299,science fiction,2025-03-02 00:57:22.087248+00:00,2025-03-02 09:36:00.986468+00:00
678299,cat,2025-03-02 00:57:22.087248+00:00,2025-03-02 09:36:00.986468+00:00
678299,schizophrenia,2025-03-02 00:57:22.087248+00:00,2025-03-02 09:36:00.986468+00:00
678299,earthquake,2025-03-02 00:57:22.087248+00:00,2025-03-02 09:36:00.986468+00:00
678299,toad,2025-03-02 00:57:22.087248+00:00,2025-03-02 09:36:00.986468+00:00
678299,animation,2025-03-02 00:57:22.087248+00:00,2025-03-02 09:36:00.986468+00:00
678512,lost children,2025-03-02 00:57:22.087248+00:00,2025-03-02 09:36:00.986468+00:00
678512,awestruck,2025-03-02 00:57:22.087248+00:00,2025-03-02 09:36:00.986468+00:00
678512,based on true story,2025-03-02 00:57:22.087248+00:00,2025-03-02 09:36:00.986468+00:00
678512,zealous,2025-03-02 00:57:22.087248+00:00,2025-03-02 09:36:00.986468+00:00
678512,children in danger,2025-03-02 00:57:22.087248+00:00,2025-03-02 09:36:00.986468+00:00
678512,human trafficking,2025-03-02 00:57:22.087248+00:00,2025-03-02 09:36:00.986468+00:00
678512,aggressive,2025-03-02 00:57:22.087248+00:00,2025-03-02 09:36:00.986468+00:00
678512,kidnapping,2025-03-02 00:57:22.087248+00:00,2025-03-02 09:36:00.986468+00:00
678512,appreciative,2025-03-02 00:57:22.087248+00:00,2025-03-02 09:36:00.986468+00:00
678512,child kidnapping,2025-03-02 00:57:22.087248+00:00,2025-03-02 09:36:00.986468+00:00
678512,colombia,2025-03-02 00:57:22.087248+00:00,2025-03-02 09:36:00.986468+00:00
680813,afghanistan,2025-03-02 00:57:22.087248+00:00,2025-03-02 09:36:00.986468+00:00
680813,memories,2025-03-02 00:57:22.087248+00:00,2025-03-02 09:36:00.986468+00:00
680813,war trauma,2025-03-02 00:57:22.087248+00:00,2025-03-02 09:36:00.986468+00:00
680813,refugee,2025-03-02 00:57:22.087248+00:00,2025-03-02 09:36:00.986468+00:00
680813,war refugees,2025-03-02 00:57:22.087248+00:00,2025-03-02 09:36:00.986468+00:00
680813,trauma,2025-03-02 00:57:22.087248+00:00,2025-03-02 09:36:00.986468+00:00
680813,animated documentary,2025-03-02 00:57:22.087248+00:00,2025-03-02 09:36:00.986468+00:00
680813,gay theme,2025-03-02 00:57:22.087248+00:00,2025-03-02 09:36:00.986468+00:00
680813,therapy,2025-03-02 00:57:22.087248+00:00,2025-03-02 09:36:00.986468+00:00
681260,hopeless,2025-03-02 00:57:22.087248+00:00,2025-03-02 09:36:00.986468+00:00
681349,bar,2025-03-02 00:57:22.087248+00:00,2025-03-02 09:36:00.986468+00:00
681349,stalking,2025-03-02 00:57:22.087248+00:00,2025-03-02 09:36:00.986468+00:00
681349,neighbor,2025-03-02 00:57:22.087248+00:00,2025-03-02 09:36:00.986468+00:00
681349,bartender,2025-03-02 00:57:22.087248+00:00,2025-03-02 09:36:00.986468+00:00
681349,"berlin, germany",2025-03-02 00:57:22.087248+00:00,2025-03-02 09:36:00.986468+00:00
682109,pilgrimage,2025-03-02 00:57:22.087248+00:00,2025-03-02 09:36:00.986468+00:00
682109,camino de santiago,2025-03-02 00:57:22.087248+00:00,2025-03-02 09:36:00.986468+00:00
682152,turkey,2025-03-02 00:57:22.087248+00:00,2025-03-02 09:36:00.986468+00:00
682152,prosecutor,2025-03-02 00:57:22.087248+00:00,2025-03-02 09:36:00.986468+00:00
682152,rape,2025-03-02 00:57:22.087248+00:00,2025-03-02 09:36:00.986468+00:00
682152,lgbt,2025-03-02 00:57:22.087248+00:00,2025-03-02 09:36:00.986468+00:00
682152,love affair,2025-03-02 00:57:22.087248+00:00,2025-03-02 09:36:00.986468+00:00
682152,gay theme,2025-03-02 00:57:22.087248+00:00,2025-03-02 09:36:00.986468+00:00
682152,politics,2025-03-02 00:57:22.087248+00:00,2025-03-02 09:36:00.986468+00:00
682152,mayoral election,2025-03-02 00:57:22.087248+00:00,2025-03-02 09:36:00.986468+00:00
682507,alcohol problems,2025-03-02 00:57:22.087248+00:00,2025-03-02 09:36:00.986468+00:00
682507,marsh,2025-03-02 00:57:22.087248+00:00,2025-03-02 09:36:00.986468+00:00
682507,coming of age,2025-03-02 00:57:22.087248+00:00,2025-03-02 09:36:00.986468+00:00
682507,first love,2025-03-02 00:57:22.087248+00:00,2025-03-02 09:36:00.986468+00:00
682507,abusive boyfriend,2025-03-02 00:57:22.087248+00:00,2025-03-02 09:36:00.986468+00:00
682507,domestic abuse,2025-03-02 00:57:22.087248+00:00,2025-03-02 09:36:00.986468+00:00
682507,murder trial,2025-03-02 00:57:22.087248+00:00,2025-03-02 09:36:00.986468+00:00
682507,survival,2025-03-02 00:57:22.087248+00:00,2025-03-02 09:36:00.986468+00:00
682507,naturalist,2025-03-02 00:57:22.087248+00:00,2025-03-02 09:36:00.986468+00:00
682507,based on novel or book,2025-03-02 00:57:22.087248+00:00,2025-03-02 09:36:00.986468+00:00
682507,southern culture,2025-03-02 00:57:22.087248+00:00,2025-03-02 09:36:00.986468+00:00
682507,murder mystery,2025-03-02 00:57:22.087248+00:00,2025-03-02 09:36:00.986468+00:00
682507,artist,2025-03-02 00:57:22.087248+00:00,2025-03-02 09:36:00.986468+00:00
682507,social outcast,2025-03-02 00:57:22.087248+00:00,2025-03-02 09:36:00.986468+00:00
682507,boyfriend girlfriend relationship,2025-03-02 00:57:22.087248+00:00,2025-03-02 09:36:00.986468+00:00
682507,abusive alcoholic,2025-03-02 00:57:22.087248+00:00,2025-03-02 09:36:00.986468+00:00
682507,1960s,2025-03-02 00:57:22.087248+00:00,2025-03-02 09:36:00.986468+00:00
682507,jury trial,2025-03-02 00:57:22.087248+00:00,2025-03-02 09:36:00.986468+00:00
682507,alcoholism,2025-03-02 00:57:22.087248+00:00,2025-03-02 09:36:00.986468+00:00
682507,bullying,2025-03-02 00:57:22.087248+00:00,2025-03-02 09:36:00.986468+00:00
682507,abandoned child,2025-03-02 00:57:22.087248+00:00,2025-03-02 09:36:00.986468+00:00
682507,courtroom drama,2025-03-02 00:57:22.087248+00:00,2025-03-02 09:36:00.986468+00:00
683363,aftercreditsstinger,2025-03-02 00:57:22.087248+00:00,2025-03-02 09:36:00.986468+00:00
683363,lesbian relationship,2025-03-02 00:57:22.087248+00:00,2025-03-02 09:36:00.986468+00:00
683363,ice skater,2025-03-02 00:57:22.087248+00:00,2025-03-02 09:36:00.986468+00:00
683363,girl friends hanging out,2025-03-02 00:57:22.087248+00:00,2025-03-02 09:36:00.986468+00:00
683363,sexuality,2025-03-02 00:57:22.087248+00:00,2025-03-02 09:36:00.986468+00:00
683363,lgbt teen,2025-03-02 00:57:22.087248+00:00,2025-03-02 09:36:00.986468+00:00
683363,teenage love,2025-03-02 00:57:22.087248+00:00,2025-03-02 09:36:00.986468+00:00
683363,lgbt,2025-03-02 00:57:22.087248+00:00,2025-03-02 09:36:00.986468+00:00
689700,christmas,2025-03-02 00:57:22.087248+00:00,2025-03-02 09:36:00.986468+00:00
689700,drug use,2025-03-02 00:57:22.087248+00:00,2025-03-02 09:36:00.986468+00:00
689700,garbageman ,2025-03-02 00:57:22.087248+00:00,2025-03-02 09:36:00.986468+00:00
689700,revenge,2025-03-02 00:57:22.087248+00:00,2025-03-02 09:36:00.986468+00:00
689700,haunted by the past,2025-03-02 00:57:22.087248+00:00,2025-03-02 09:36:00.986468+00:00
689700,pawnshop,2025-03-02 00:57:22.087248+00:00,2025-03-02 09:36:00.986468+00:00
689700,garbage truck,2025-03-02 00:57:22.087248+00:00,2025-03-02 09:36:00.986468+00:00
689700,gangster,2025-03-02 00:57:22.087248+00:00,2025-03-02 09:36:00.986468+00:00
689700,new york city,2025-03-02 00:57:22.087248+00:00,2025-03-02 09:36:00.986468+00:00
693134,power,2025-03-02 00:57:22.087248+00:00,2025-03-02 09:36:00.986468+00:00
693134,shocking,2025-03-02 00:57:22.087248+00:00,2025-03-02 09:36:00.986468+00:00
693134,vengeance,2025-03-02 00:57:22.087248+00:00,2025-03-02 09:36:00.986468+00:00
693134,allegorical,2025-03-02 00:57:22.087248+00:00,2025-03-02 09:36:00.986468+00:00
693134,religious allegory,2025-03-02 00:57:22.087248+00:00,2025-03-02 09:36:00.986468+00:00
693134,giant worm,2025-03-02 00:57:22.087248+00:00,2025-03-02 09:36:00.986468+00:00
693134,space opera,2025-03-02 00:57:22.087248+00:00,2025-03-02 09:36:00.986468+00:00
693134,destiny,2025-03-02 00:57:22.087248+00:00,2025-03-02 09:36:00.986468+00:00
693134,giant creature,2025-03-02 00:57:22.087248+00:00,2025-03-02 09:36:00.986468+00:00
693134,cautionary,2025-03-02 00:57:22.087248+00:00,2025-03-02 09:36:00.986468+00:00
693134,politics,2025-03-02 00:57:22.087248+00:00,2025-03-02 09:36:00.986468+00:00
693134,intense,2025-03-02 00:57:22.087248+00:00,2025-03-02 09:36:00.986468+00:00
693134,desert,2025-03-02 00:57:22.087248+00:00,2025-03-02 09:36:00.986468+00:00
693134,suspenseful,2025-03-02 00:57:22.087248+00:00,2025-03-02 09:36:00.986468+00:00
693134,chosen one,2025-03-02 00:57:22.087248+00:00,2025-03-02 09:36:00.986468+00:00
693134,creature,2025-03-02 00:57:22.087248+00:00,2025-03-02 09:36:00.986468+00:00
693134,distant future,2025-03-02 00:57:22.087248+00:00,2025-03-02 09:36:00.986468+00:00
693134,planet,2025-03-02 00:57:22.087248+00:00,2025-03-02 09:36:00.986468+00:00
693134,spice,2025-03-02 00:57:22.087248+00:00,2025-03-02 09:36:00.986468+00:00
693134,domineering,2025-03-02 00:57:22.087248+00:00,2025-03-02 09:36:00.986468+00:00
693134,messiah,2025-03-02 00:57:22.087248+00:00,2025-03-02 09:36:00.986468+00:00
693134,audacious,2025-03-02 00:57:22.087248+00:00,2025-03-02 09:36:00.986468+00:00
693134,foreboding,2025-03-02 00:57:22.087248+00:00,2025-03-02 09:36:00.986468+00:00
693134,tragic hero,2025-03-02 00:57:22.087248+00:00,2025-03-02 09:36:00.986468+00:00
693134,based on novel or book,2025-03-02 00:57:22.087248+00:00,2025-03-02 09:36:00.986468+00:00
693134,sand dune,2025-03-02 00:57:22.087248+00:00,2025-03-02 09:36:00.986468+00:00
693134,sequel,2025-03-02 00:57:22.087248+00:00,2025-03-02 09:36:00.986468+00:00
693134,fight,2025-03-02 00:57:22.087248+00:00,2025-03-02 09:36:00.986468+00:00
693134,fall from grace,2025-03-02 00:57:22.087248+00:00,2025-03-02 09:36:00.986468+00:00
693134,melodramatic,2025-03-02 00:57:22.087248+00:00,2025-03-02 09:36:00.986468+00:00
693134,antagonistic,2025-03-02 00:57:22.087248+00:00,2025-03-02 09:36:00.986468+00:00
693134,sandstorm,2025-03-02 00:57:22.087248+00:00,2025-03-02 09:36:00.986468+00:00
693134,tragedy,2025-03-02 00:57:22.087248+00:00,2025-03-02 09:36:00.986468+00:00
693134,awestruck,2025-03-02 00:57:22.087248+00:00,2025-03-02 09:36:00.986468+00:00
693134,romance,2025-03-02 00:57:22.087248+00:00,2025-03-02 09:36:00.986468+00:00
693134,violence,2025-03-02 00:57:22.087248+00:00,2025-03-02 09:36:00.986468+00:00
693134,cult,2025-03-02 00:57:22.087248+00:00,2025-03-02 09:36:00.986468+00:00
693134,epic,2025-03-02 00:57:22.087248+00:00,2025-03-02 09:36:00.986468+00:00
693134,exuberant,2025-03-02 00:57:22.087248+00:00,2025-03-02 09:36:00.986468+00:00
693134,vindictive,2025-03-02 00:57:22.087248+00:00,2025-03-02 09:36:00.986468+00:00
693134,sand,2025-03-02 00:57:22.087248+00:00,2025-03-02 09:36:00.986468+00:00
693134,bold,2025-03-02 00:57:22.087248+00:00,2025-03-02 09:36:00.986468+00:00
693349,caravaggio,2025-03-02 00:57:22.087248+00:00,2025-03-02 09:36:00.986468+00:00
693349,artist,2025-03-02 00:57:22.087248+00:00,2025-03-02 09:36:00.986468+00:00
693349,art,2025-03-02 00:57:22.087248+00:00,2025-03-02 09:36:00.986468+00:00
693349,artists' life,2025-03-02 00:57:22.087248+00:00,2025-03-02 09:36:00.986468+00:00
693349,17th century,2025-03-02 00:57:22.087248+00:00,2025-03-02 09:36:00.986468+00:00
693349,italy,2025-03-02 00:57:22.087248+00:00,2025-03-02 09:36:00.986468+00:00
693349,painter,2025-03-02 00:57:22.087248+00:00,2025-03-02 09:36:00.986468+00:00
693349,paintings,2025-03-02 00:57:22.087248+00:00,2025-03-02 09:36:00.986468+00:00
695089,biography,2025-03-02 00:57:22.087248+00:00,2025-03-02 09:36:00.986468+00:00
695089,world war ii,2025-03-02 00:57:22.087248+00:00,2025-03-02 09:36:00.986468+00:00
695721,arena,2025-03-02 00:57:22.087248+00:00,2025-03-02 09:36:00.986468+00:00
695721,mentor,2025-03-02 00:57:22.087248+00:00,2025-03-02 09:36:00.986468+00:00
695721,exploration,2025-03-02 00:57:22.087248+00:00,2025-03-02 09:36:00.986468+00:00
695721,young adult,2025-03-02 00:57:22.087248+00:00,2025-03-02 09:36:00.986468+00:00
695721,critical,2025-03-02 00:57:22.087248+00:00,2025-03-02 09:36:00.986468+00:00
695721,president,2025-03-02 00:57:22.087248+00:00,2025-03-02 09:36:00.986468+00:00
695721,prequel,2025-03-02 00:57:22.087248+00:00,2025-03-02 09:36:00.986468+00:00
695721,reflective,2025-03-02 00:57:22.087248+00:00,2025-03-02 09:36:00.986468+00:00
695721,curious,2025-03-02 00:57:22.087248+00:00,2025-03-02 09:36:00.986468+00:00
695721,origin story,2025-03-02 00:57:22.087248+00:00,2025-03-02 09:36:00.986468+00:00
695721,assertive,2025-03-02 00:57:22.087248+00:00,2025-03-02 09:36:00.986468+00:00
695721,snow,2025-03-02 00:57:22.087248+00:00,2025-03-02 09:36:00.986468+00:00
695721,fight,2025-03-02 00:57:22.087248+00:00,2025-03-02 09:36:00.986468+00:00
695721,fight to the death,2025-03-02 00:57:22.087248+00:00,2025-03-02 09:36:00.986468+00:00
695721,dystopia,2025-03-02 00:57:22.087248+00:00,2025-03-02 09:36:00.986468+00:00
695721,death game,2025-03-02 00:57:22.087248+00:00,2025-03-02 09:36:00.986468+00:00
695721,creature,2025-03-02 00:57:22.087248+00:00,2025-03-02 09:36:00.986468+00:00
695721,based on novel or book,2025-03-02 00:57:22.087248+00:00,2025-03-02 09:36:00.986468+00:00
695721,provocative,2025-03-02 00:57:22.087248+00:00,2025-03-02 09:36:00.986468+00:00
695721,riot,2025-03-02 00:57:22.087248+00:00,2025-03-02 09:36:00.986468+00:00
695721,murder,2025-03-02 00:57:22.087248+00:00,2025-03-02 09:36:00.986468+00:00
695721,survival,2025-03-02 00:57:22.087248+00:00,2025-03-02 09:36:00.986468+00:00
695721,battle,2025-03-02 00:57:22.087248+00:00,2025-03-02 09:36:00.986468+00:00
695721,daughter,2025-03-02 00:57:22.087248+00:00,2025-03-02 09:36:00.986468+00:00
695721,admiring,2025-03-02 00:57:22.087248+00:00,2025-03-02 09:36:00.986468+00:00
695721,teenager,2025-03-02 00:57:22.087248+00:00,2025-03-02 09:36:00.986468+00:00
695721,based on young adult novel,2025-03-02 00:57:22.087248+00:00,2025-03-02 09:36:00.986468+00:00
695932,love interest,2025-03-02 00:57:22.087248+00:00,2025-03-02 09:36:00.986468+00:00
695932,lovestory,2025-03-02 00:57:22.087248+00:00,2025-03-02 09:36:00.986468+00:00
695932,lovelorn,2025-03-02 00:57:22.087248+00:00,2025-03-02 09:36:00.986468+00:00
695932,japan,2025-03-02 00:57:22.087248+00:00,2025-03-02 09:36:00.986468+00:00
695932,young lovers,2025-03-02 00:57:22.087248+00:00,2025-03-02 09:36:00.986468+00:00
695932,love,2025-03-02 00:57:22.087248+00:00,2025-03-02 09:36:00.986468+00:00
696047,based on true story,2025-03-02 00:57:22.087248+00:00,2025-03-02 09:36:00.986468+00:00
696047,financial fraud,2025-03-02 00:57:22.087248+00:00,2025-03-02 09:36:00.986468+00:00
696047,fraud,2025-03-02 00:57:22.087248+00:00,2025-03-02 09:36:00.986468+00:00
696047,phishing,2025-03-02 00:57:22.087248+00:00,2025-03-02 09:36:00.986468+00:00
696047,china,2025-03-02 00:57:22.087248+00:00,2025-03-02 09:36:00.986468+00:00
696047,"qingdao, china",2025-03-02 00:57:22.087248+00:00,2025-03-02 09:36:00.986468+00:00
696157,rhythm and blues (r&b),2025-03-02 00:57:22.087248+00:00,2025-03-02 09:36:00.986468+00:00
696157,exhilarated,2025-03-02 00:57:22.087248+00:00,2025-03-02 09:36:00.986468+00:00
696157,burlesque,2025-03-02 00:57:22.087248+00:00,2025-03-02 09:36:00.986468+00:00
696157,soul music,2025-03-02 00:57:22.087248+00:00,2025-03-02 09:36:00.986468+00:00
696157,singer,2025-03-02 00:57:22.087248+00:00,2025-03-02 09:36:00.986468+00:00
696157,spousal abuse,2025-03-02 00:57:22.087248+00:00,2025-03-02 09:36:00.986468+00:00
696157,pop music,2025-03-02 00:57:22.087248+00:00,2025-03-02 09:36:00.986468+00:00
696157,lgbt,2025-03-02 00:57:22.087248+00:00,2025-03-02 09:36:00.986468+00:00
696157,musician,2025-03-02 00:57:22.087248+00:00,2025-03-02 09:36:00.986468+00:00
696157,biography,2025-03-02 00:57:22.087248+00:00,2025-03-02 09:36:00.986468+00:00
696157,domineering,2025-03-02 00:57:22.087248+00:00,2025-03-02 09:36:00.986468+00:00
696157,drug addiction,2025-03-02 00:57:22.087248+00:00,2025-03-02 09:36:00.986468+00:00
698201,based on manga,2025-03-02 00:57:22.087248+00:00,2025-03-02 09:36:00.986468+00:00
698201,time travel,2025-03-02 00:57:22.087248+00:00,2025-03-02 09:36:00.986468+00:00
698201,time leap,2025-03-02 00:57:22.087248+00:00,2025-03-02 09:36:00.986468+00:00
698201,furyo,2025-03-02 00:57:22.087248+00:00,2025-03-02 09:36:00.986468+00:00
698215,kasei culture,2025-03-02 00:57:22.087248+00:00,2025-03-02 09:36:00.986468+00:00
698215,japan,2025-03-02 00:57:22.087248+00:00,2025-03-02 09:36:00.986468+00:00
698215,katsushika hokusai,2025-03-02 00:57:22.087248+00:00,2025-03-02 09:36:00.986468+00:00
698215,painting,2025-03-02 00:57:22.087248+00:00,2025-03-02 09:36:00.986468+00:00
698215,painter,2025-03-02 00:57:22.087248+00:00,2025-03-02 09:36:00.986468+00:00
698215,japanese painter,2025-03-02 00:57:22.087248+00:00,2025-03-02 09:36:00.986468+00:00
698215,ukiyo-e,2025-03-02 00:57:22.087248+00:00,2025-03-02 09:36:00.986468+00:00
698687,giant robot,2025-03-02 00:57:22.087248+00:00,2025-03-02 09:36:00.986468+00:00
698687,inspirational,2025-03-02 00:57:22.087248+00:00,2025-03-02 09:36:00.986468+00:00
698687,alien robot,2025-03-02 00:57:22.087248+00:00,2025-03-02 09:36:00.986468+00:00
698687,friends to enemies,2025-03-02 00:57:22.087248+00:00,2025-03-02 09:36:00.986468+00:00
698687,origin story,2025-03-02 00:57:22.087248+00:00,2025-03-02 09:36:00.986468+00:00
698687,aftercreditsstinger,2025-03-02 00:57:22.087248+00:00,2025-03-02 09:36:00.986468+00:00
698687,exhilarated,2025-03-02 00:57:22.087248+00:00,2025-03-02 09:36:00.986468+00:00
698687,based on toy,2025-03-02 00:57:22.087248+00:00,2025-03-02 09:36:00.986468+00:00
698687,cheerful,2025-03-02 00:57:22.087248+00:00,2025-03-02 09:36:00.986468+00:00
698687,duringcreditsstinger,2025-03-02 00:57:22.087248+00:00,2025-03-02 09:36:00.986468+00:00
698687,buddy movie,2025-03-02 00:57:22.087248+00:00,2025-03-02 09:36:00.986468+00:00
698687,suspenseful,2025-03-02 00:57:22.087248+00:00,2025-03-02 09:36:00.986468+00:00
698687,brothers-in-arms relationship,2025-03-02 00:57:22.087248+00:00,2025-03-02 09:36:00.986468+00:00
700391,quicksand,2025-03-02 00:57:22.087248+00:00,2025-03-02 09:36:00.986468+00:00
700391,father daughter relationship,2025-03-02 00:57:22.087248+00:00,2025-03-02 09:36:00.986468+00:00
700391,giant monster,2025-03-02 00:57:22.087248+00:00,2025-03-02 09:36:00.986468+00:00
700391,cave,2025-03-02 00:57:22.087248+00:00,2025-03-02 09:36:00.986468+00:00
700391,alien race,2025-03-02 00:57:22.087248+00:00,2025-03-02 09:36:00.986468+00:00
700391,asteroid,2025-03-02 00:57:22.087248+00:00,2025-03-02 09:36:00.986468+00:00
700391,shipwrecked,2025-03-02 00:57:22.087248+00:00,2025-03-02 09:36:00.986468+00:00
700391,crash landing,2025-03-02 00:57:22.087248+00:00,2025-03-02 09:36:00.986468+00:00
700391,dinosaur,2025-03-02 00:57:22.087248+00:00,2025-03-02 09:36:00.986468+00:00
700391,man vs nature,2025-03-02 00:57:22.087248+00:00,2025-03-02 09:36:00.986468+00:00
700391,sick child,2025-03-02 00:57:22.087248+00:00,2025-03-02 09:36:00.986468+00:00
700391,alien spaceship,2025-03-02 00:57:22.087248+00:00,2025-03-02 09:36:00.986468+00:00
700391,monster,2025-03-02 00:57:22.087248+00:00,2025-03-02 09:36:00.986468+00:00
700391,prehistory,2025-03-02 00:57:22.087248+00:00,2025-03-02 09:36:00.986468+00:00
700819,suicide thoughts,2025-03-02 00:57:22.087248+00:00,2025-03-02 09:36:00.986468+00:00
705996,sea,2025-03-02 00:57:22.087248+00:00,2025-03-02 09:36:00.986468+00:00
705996,police procedural,2025-03-02 00:57:22.087248+00:00,2025-03-02 09:36:00.986468+00:00
705996,secret love,2025-03-02 00:57:22.087248+00:00,2025-03-02 09:36:00.986468+00:00
705996,detective,2025-03-02 00:57:22.087248+00:00,2025-03-02 09:36:00.986468+00:00
705996,"busan, south korea",2025-03-02 00:57:22.087248+00:00,2025-03-02 09:36:00.986468+00:00
705996,mountain climbing,2025-03-02 00:57:22.087248+00:00,2025-03-02 09:36:00.986468+00:00
705996,widow,2025-03-02 00:57:22.087248+00:00,2025-03-02 09:36:00.986468+00:00
705996,audio recording,2025-03-02 00:57:22.087248+00:00,2025-03-02 09:36:00.986468+00:00
705996,phone,2025-03-02 00:57:22.087248+00:00,2025-03-02 09:36:00.986468+00:00
705996,murder suspect,2025-03-02 00:57:22.087248+00:00,2025-03-02 09:36:00.986468+00:00
705996,love,2025-03-02 00:57:22.087248+00:00,2025-03-02 09:36:00.986468+00:00
705996,forbidden love,2025-03-02 00:57:22.087248+00:00,2025-03-02 09:36:00.986468+00:00
705996,mountain,2025-03-02 00:57:22.087248+00:00,2025-03-02 09:36:00.986468+00:00
705996,murder mystery,2025-03-02 00:57:22.087248+00:00,2025-03-02 09:36:00.986468+00:00
705996,police,2025-03-02 00:57:22.087248+00:00,2025-03-02 09:36:00.986468+00:00
705996,south korea,2025-03-02 00:57:22.087248+00:00,2025-03-02 09:36:00.986468+00:00
705996,foreign language,2025-03-02 00:57:22.087248+00:00,2025-03-02 09:36:00.986468+00:00
705996,language barrier,2025-03-02 00:57:22.087248+00:00,2025-03-02 09:36:00.986468+00:00
705996,investigation,2025-03-02 00:57:22.087248+00:00,2025-03-02 09:36:00.986468+00:00
709631,pumpkin,2025-03-02 00:57:22.087248+00:00,2025-03-02 09:36:00.986468+00:00
709631,nightmare,2025-03-02 00:57:22.087248+00:00,2025-03-02 09:36:00.986468+00:00
709631,schoolteacher,2025-03-02 00:57:22.087248+00:00,2025-03-02 09:36:00.986468+00:00
709631,demon,2025-03-02 00:57:22.087248+00:00,2025-03-02 09:36:00.986468+00:00
709631,halloween,2025-03-02 00:57:22.087248+00:00,2025-03-02 09:36:00.986468+00:00
709631,basement,2025-03-02 00:57:22.087248+00:00,2025-03-02 09:36:00.986468+00:00
709631,child protagonist,2025-03-02 00:57:22.087248+00:00,2025-03-02 09:36:00.986468+00:00
709631,dysfunctional family,2025-03-02 00:57:22.087248+00:00,2025-03-02 09:36:00.986468+00:00
709631,devil,2025-03-02 00:57:22.087248+00:00,2025-03-02 09:36:00.986468+00:00
710295,car crash,2025-03-02 00:57:22.087248+00:00,2025-03-02 09:36:00.986468+00:00
710295,woods,2025-03-02 00:57:22.087248+00:00,2025-03-02 09:36:00.986468+00:00
710295,monster,2025-03-02 00:57:22.087248+00:00,2025-03-02 09:36:00.986468+00:00
710295,childhood home,2025-03-02 00:57:22.087248+00:00,2025-03-02 09:36:00.986468+00:00
710295,wolfman,2025-03-02 00:57:22.087248+00:00,2025-03-02 09:36:00.986468+00:00
710295,cliché,2025-03-02 00:57:22.087248+00:00,2025-03-02 09:36:00.986468+00:00
710295,dramatic,2025-03-02 00:57:22.087248+00:00,2025-03-02 09:36:00.986468+00:00
710295,lycanthrope,2025-03-02 00:57:22.087248+00:00,2025-03-02 09:36:00.986468+00:00
710295,creature feature,2025-03-02 00:57:22.087248+00:00,2025-03-02 09:36:00.986468+00:00
710295,https://justwatch.pro/movie/710295/wolf-man,2025-03-02 00:57:22.087248+00:00,2025-03-02 09:36:00.986468+00:00
710295,horror,2025-03-02 00:57:22.087248+00:00,2025-03-02 09:36:00.986468+00:00
710295,infection,2025-03-02 00:57:22.087248+00:00,2025-03-02 09:36:00.986468+00:00
710295,full moon,2025-03-02 00:57:22.087248+00:00,2025-03-02 09:36:00.986468+00:00
710295,remake,2025-03-02 00:57:22.087248+00:00,2025-03-02 09:36:00.986468+00:00
710295,body horror,2025-03-02 00:57:22.087248+00:00,2025-03-02 09:36:00.986468+00:00
710295,transformation,2025-03-02 00:57:22.087248+00:00,2025-03-02 09:36:00.986468+00:00
710295,"oregon, usa",2025-03-02 00:57:22.087248+00:00,2025-03-02 09:36:00.986468+00:00
710295,werewolf,2025-03-02 00:57:22.087248+00:00,2025-03-02 09:36:00.986468+00:00
710295,moon,2025-03-02 00:57:22.087248+00:00,2025-03-02 09:36:00.986468+00:00
710295,monster movie,2025-03-02 00:57:22.087248+00:00,2025-03-02 09:36:00.986468+00:00
712128,isis (daesh),2025-03-02 00:57:22.087248+00:00,2025-03-02 09:36:00.986468+00:00
712128,religious fundamentalism,2025-03-02 00:57:22.087248+00:00,2025-03-02 09:36:00.986468+00:00
712128,sharia law,2025-03-02 00:57:22.087248+00:00,2025-03-02 09:36:00.986468+00:00
712128,political persecution,2025-03-02 00:57:22.087248+00:00,2025-03-02 09:36:00.986468+00:00
712128,based on true story,2025-03-02 00:57:22.087248+00:00,2025-03-02 09:36:00.986468+00:00
712128,male pianist,2025-03-02 00:57:22.087248+00:00,2025-03-02 09:36:00.986468+00:00
712128,based on short,2025-03-02 00:57:22.087248+00:00,2025-03-02 09:36:00.986468+00:00
712128,syrian civil war,2025-03-02 00:57:22.087248+00:00,2025-03-02 09:36:00.986468+00:00
712128,syrian refugee,2025-03-02 00:57:22.087248+00:00,2025-03-02 09:36:00.986468+00:00
712134,woman director,2025-03-02 00:57:22.087248+00:00,2025-03-02 09:36:00.986468+00:00
713704,body horror,2025-03-02 00:57:22.087248+00:00,2025-03-02 09:36:00.986468+00:00
713704,gore,2025-03-02 00:57:22.087248+00:00,2025-03-02 09:36:00.986468+00:00
713704,apartment,2025-03-02 00:57:22.087248+00:00,2025-03-02 09:36:00.986468+00:00
713704,harsh,2025-03-02 00:57:22.087248+00:00,2025-03-02 09:36:00.986468+00:00
713704,sisterhood,2025-03-02 00:57:22.087248+00:00,2025-03-02 09:36:00.986468+00:00
713704,demon,2025-03-02 00:57:22.087248+00:00,2025-03-02 09:36:00.986468+00:00
713704,intense,2025-03-02 00:57:22.087248+00:00,2025-03-02 09:36:00.986468+00:00
713704,sequel,2025-03-02 00:57:22.087248+00:00,2025-03-02 09:36:00.986468+00:00
713704,sibling relationship,2025-03-02 00:57:22.087248+00:00,2025-03-02 09:36:00.986468+00:00
713704,necronomicon,2025-03-02 00:57:22.087248+00:00,2025-03-02 09:36:00.986468+00:00
713704,sister sister relationship,2025-03-02 00:57:22.087248+00:00,2025-03-02 09:36:00.986468+00:00
713704,furious,2025-03-02 00:57:22.087248+00:00,2025-03-02 09:36:00.986468+00:00
713704,tense,2025-03-02 00:57:22.087248+00:00,2025-03-02 09:36:00.986468+00:00
713704,demonic possession,2025-03-02 00:57:22.087248+00:00,2025-03-02 09:36:00.986468+00:00
713704,reboot,2025-03-02 00:57:22.087248+00:00,2025-03-02 09:36:00.986468+00:00
713704,pregnancy,2025-03-02 00:57:22.087248+00:00,2025-03-02 09:36:00.986468+00:00
713704,"los angeles, california",2025-03-02 00:57:22.087248+00:00,2025-03-02 09:36:00.986468+00:00
713704,aggressive,2025-03-02 00:57:22.087248+00:00,2025-03-02 09:36:00.986468+00:00
713704,mischievous,2025-03-02 00:57:22.087248+00:00,2025-03-02 09:36:00.986468+00:00
713704,motherhood,2025-03-02 00:57:22.087248+00:00,2025-03-02 09:36:00.986468+00:00
713704,earthquake,2025-03-02 00:57:22.087248+00:00,2025-03-02 09:36:00.986468+00:00
713704,evil,2025-03-02 00:57:22.087248+00:00,2025-03-02 09:36:00.986468+00:00
714650,sports,2025-03-02 00:57:22.087248+00:00,2025-03-02 09:36:00.986468+00:00
714650,volleyball coach,2025-03-02 00:57:22.087248+00:00,2025-03-02 09:36:00.986468+00:00
714650,sport,2025-03-02 00:57:22.087248+00:00,2025-03-02 09:36:00.986468+00:00
714650,volleyball,2025-03-02 00:57:22.087248+00:00,2025-03-02 09:36:00.986468+00:00
714651,based on true story,2025-03-02 00:57:22.087248+00:00,2025-03-02 09:36:00.986468+00:00
714675,bolshoi ballet,2025-03-02 00:57:22.087248+00:00,2025-03-02 09:36:00.986468+00:00
714675,dancer,2025-03-02 00:57:22.087248+00:00,2025-03-02 09:36:00.986468+00:00
714675,ballet,2025-03-02 00:57:22.087248+00:00,2025-03-02 09:36:00.986468+00:00
714675,dance,2025-03-02 00:57:22.087248+00:00,2025-03-02 09:36:00.986468+00:00
714675,based on true story,2025-03-02 00:57:22.087248+00:00,2025-03-02 09:36:00.986468+00:00
714675,ballet dancer,2025-03-02 00:57:22.087248+00:00,2025-03-02 09:36:00.986468+00:00
714675,ballerina,2025-03-02 00:57:22.087248+00:00,2025-03-02 09:36:00.986468+00:00
715253,spy,2025-03-02 00:57:22.087248+00:00,2025-03-02 09:36:00.986468+00:00
715253,independence movement,2025-03-02 00:57:22.087248+00:00,2025-03-02 09:36:00.986468+00:00
715253,korean resistance,2025-03-02 00:57:22.087248+00:00,2025-03-02 09:36:00.986468+00:00
715253,japanese occupation of korea,2025-03-02 00:57:22.087248+00:00,2025-03-02 09:36:00.986468+00:00
715253,based on novel or book,2025-03-02 00:57:22.087248+00:00,2025-03-02 09:36:00.986468+00:00
715253,1930s,2025-03-02 00:57:22.087248+00:00,2025-03-02 09:36:00.986468+00:00
716612,princess diana,2025-03-02 00:57:22.087248+00:00,2025-03-02 09:36:00.986468+00:00
716612,biography,2025-03-02 00:57:22.087248+00:00,2025-03-02 09:36:00.986468+00:00
716612,marriage crisis,2025-03-02 00:57:22.087248+00:00,2025-03-02 09:36:00.986468+00:00
716612,british royal family,2025-03-02 00:57:22.087248+00:00,2025-03-02 09:36:00.986468+00:00
716612,christmas,2025-03-02 00:57:22.087248+00:00,2025-03-02 09:36:00.986468+00:00
716612,british monarchy,2025-03-02 00:57:22.087248+00:00,2025-03-02 09:36:00.986468+00:00
716612,psychological abuse,2025-03-02 00:57:22.087248+00:00,2025-03-02 09:36:00.986468+00:00
716612,princess,2025-03-02 00:57:22.087248+00:00,2025-03-02 09:36:00.986468+00:00
716612,body horror,2025-03-02 00:57:22.087248+00:00,2025-03-02 09:36:00.986468+00:00
716612,based on true story,2025-03-02 00:57:22.087248+00:00,2025-03-02 09:36:00.986468+00:00
716612,royal family,2025-03-02 00:57:22.087248+00:00,2025-03-02 09:36:00.986468+00:00
716612,norfolk,2025-03-02 00:57:22.087248+00:00,2025-03-02 09:36:00.986468+00:00
716612,1990s,2025-03-02 00:57:22.087248+00:00,2025-03-02 09:36:00.986468+00:00
716855,multiple sclerosis,2025-03-02 00:57:22.087248+00:00,2025-03-02 09:36:00.986468+00:00
716855,blindness,2025-03-02 00:57:22.087248+00:00,2025-03-02 09:36:00.986468+00:00
716855,man in wheelchair,2025-03-02 00:57:22.087248+00:00,2025-03-02 09:36:00.986468+00:00
716855,paraplegic,2025-03-02 00:57:22.087248+00:00,2025-03-02 09:36:00.986468+00:00
717088,"seoul, south korea",2025-03-02 00:57:22.087248+00:00,2025-03-02 09:36:00.986468+00:00
717090,plastic surgery,2025-03-02 00:57:22.087248+00:00,2025-03-02 09:36:00.986468+00:00
717090,"seoul, south korea",2025-03-02 00:57:22.087248+00:00,2025-03-02 09:36:00.986468+00:00
717694,based on novel or book,2025-03-02 00:57:22.087248+00:00,2025-03-02 09:36:00.986468+00:00
717712,monster,2025-03-02 00:57:22.087248+00:00,2025-03-02 09:36:00.986468+00:00
717908,shaman,2025-03-02 00:57:22.087248+00:00,2025-03-02 09:36:00.986468+00:00
717930,central intelligence agency (cia),2025-03-02 00:57:22.087248+00:00,2025-03-02 09:36:00.986468+00:00
717930,behind enemy lines,2025-03-02 00:57:22.087248+00:00,2025-03-02 09:36:00.986468+00:00
717930,undercover agent,2025-03-02 00:57:22.087248+00:00,2025-03-02 09:36:00.986468+00:00
718289,child kidnapping,2025-03-02 00:57:22.087248+00:00,2025-03-02 09:36:00.986468+00:00
718289,police,2025-03-02 00:57:22.087248+00:00,2025-03-02 09:36:00.986468+00:00
718789,aftercreditsstinger,2025-03-02 00:57:22.087248+00:00,2025-03-02 09:36:00.986468+00:00
718789,alien planet,2025-03-02 00:57:22.087248+00:00,2025-03-02 09:36:00.986468+00:00
718789,spin off,2025-03-02 00:57:22.087248+00:00,2025-03-02 09:36:00.986468+00:00
718789,villain,2025-03-02 00:57:22.087248+00:00,2025-03-02 09:36:00.986468+00:00
718789,comforting,2025-03-02 00:57:22.087248+00:00,2025-03-02 09:36:00.986468+00:00
718789,amused,2025-03-02 00:57:22.087248+00:00,2025-03-02 09:36:00.986468+00:00
718789,duringcreditsstinger,2025-03-02 00:57:22.087248+00:00,2025-03-02 09:36:00.986468+00:00
718789,origin story,2025-03-02 00:57:22.087248+00:00,2025-03-02 09:36:00.986468+00:00
718789,stranded,2025-03-02 00:57:22.087248+00:00,2025-03-02 09:36:00.986468+00:00
718789,space travel,2025-03-02 00:57:22.087248+00:00,2025-03-02 09:36:00.986468+00:00
718789,alien life-form,2025-03-02 00:57:22.087248+00:00,2025-03-02 09:36:00.986468+00:00
718821,disaster movie,2025-03-02 00:57:22.087248+00:00,2025-03-02 09:36:00.986468+00:00
718821,science experiment,2025-03-02 00:57:22.087248+00:00,2025-03-02 09:36:00.986468+00:00
718821,weather chasers,2025-03-02 00:57:22.087248+00:00,2025-03-02 09:36:00.986468+00:00
718821,oklahoma,2025-03-02 00:57:22.087248+00:00,2025-03-02 09:36:00.986468+00:00
718821,natural disaster,2025-03-02 00:57:22.087248+00:00,2025-03-02 09:36:00.986468+00:00
718821,climate,2025-03-02 00:57:22.087248+00:00,2025-03-02 09:36:00.986468+00:00
718821,meteorologist,2025-03-02 00:57:22.087248+00:00,2025-03-02 09:36:00.986468+00:00
718821,rodeo,2025-03-02 00:57:22.087248+00:00,2025-03-02 09:36:00.986468+00:00
718821,extreme weather,2025-03-02 00:57:22.087248+00:00,2025-03-02 09:36:00.986468+00:00
718821,excited,2025-03-02 00:57:22.087248+00:00,2025-03-02 09:36:00.986468+00:00
718821,hilarious,2025-03-02 00:57:22.087248+00:00,2025-03-02 09:36:00.986468+00:00
718821,youtuber,2025-03-02 00:57:22.087248+00:00,2025-03-02 09:36:00.986468+00:00
718821,storm chaser,2025-03-02 00:57:22.087248+00:00,2025-03-02 09:36:00.986468+00:00
718821,dying and death,2025-03-02 00:57:22.087248+00:00,2025-03-02 09:36:00.986468+00:00
718821,exhilarated,2025-03-02 00:57:22.087248+00:00,2025-03-02 09:36:00.986468+00:00
718821,twister,2025-03-02 00:57:22.087248+00:00,2025-03-02 09:36:00.986468+00:00
718821,duringcreditsstinger,2025-03-02 00:57:22.087248+00:00,2025-03-02 09:36:00.986468+00:00
718821,social media influencer,2025-03-02 00:57:22.087248+00:00,2025-03-02 09:36:00.986468+00:00
718930,deadly snake,2025-03-02 00:57:22.087248+00:00,2025-03-02 09:36:00.986468+00:00
718930,based on novel or book,2025-03-02 00:57:22.087248+00:00,2025-03-02 09:36:00.986468+00:00
718930,japan,2025-03-02 00:57:22.087248+00:00,2025-03-02 09:36:00.986468+00:00
718930,duringcreditsstinger,2025-03-02 00:57:22.087248+00:00,2025-03-02 09:36:00.986468+00:00
718930,assassin,2025-03-02 00:57:22.087248+00:00,2025-03-02 09:36:00.986468+00:00
718930,train,2025-03-02 00:57:22.087248+00:00,2025-03-02 09:36:00.986468+00:00
718930,luck,2025-03-02 00:57:22.087248+00:00,2025-03-02 09:36:00.986468+00:00
718930,excited,2025-03-02 00:57:22.087248+00:00,2025-03-02 09:36:00.986468+00:00
718930,shinkansen,2025-03-02 00:57:22.087248+00:00,2025-03-02 09:36:00.986468+00:00
718930,mission,2025-03-02 00:57:22.087248+00:00,2025-03-02 09:36:00.986468+00:00
718949,military veteran,2025-03-02 00:57:22.087248+00:00,2025-03-02 09:36:00.986468+00:00
718949,corrupt cop,2025-03-02 00:57:22.087248+00:00,2025-03-02 09:36:00.986468+00:00
720321,uninhabitable,2025-03-02 00:57:22.087248+00:00,2025-03-02 09:36:00.986468+00:00
720321,air supply,2025-03-02 00:57:22.087248+00:00,2025-03-02 09:36:00.986468+00:00
720321,last human,2025-03-02 00:57:22.087248+00:00,2025-03-02 09:36:00.986468+00:00
720321,oxygen depletion,2025-03-02 00:57:22.087248+00:00,2025-03-02 09:36:00.986468+00:00
725133,based on novel or book,2025-03-02 00:57:22.087248+00:00,2025-03-02 09:36:00.986468+00:00
726139,incheon,2025-03-02 00:57:22.087248+00:00,2025-03-02 09:36:00.986468+00:00
726139,asia,2025-03-02 00:57:22.087248+00:00,2025-03-02 09:36:00.986468+00:00
726139,dogs,2025-03-02 00:57:22.087248+00:00,2025-03-02 09:36:00.986468+00:00
726139,bridge,2025-03-02 00:57:22.087248+00:00,2025-03-02 09:36:00.986468+00:00
726139,disaster,2025-03-02 00:57:22.087248+00:00,2025-03-02 09:36:00.986468+00:00
726657,teamwork,2025-03-02 00:57:22.087248+00:00,2025-03-02 09:36:00.986468+00:00
726657,battle,2025-03-02 00:57:22.087248+00:00,2025-03-02 09:36:00.986468+00:00
726657,sengoku period,2025-03-02 00:57:22.087248+00:00,2025-03-02 09:36:00.986468+00:00
726657,archery,2025-03-02 00:57:22.087248+00:00,2025-03-02 09:36:00.986468+00:00
726657,japan,2025-03-02 00:57:22.087248+00:00,2025-03-02 09:36:00.986468+00:00
726657,based on manga,2025-03-02 00:57:22.087248+00:00,2025-03-02 09:36:00.986468+00:00
726657,time travel,2025-03-02 00:57:22.087248+00:00,2025-03-02 09:36:00.986468+00:00
726657,student,2025-03-02 00:57:22.087248+00:00,2025-03-02 09:36:00.986468+00:00
726657,japanese high school,2025-03-02 00:57:22.087248+00:00,2025-03-02 09:36:00.986468+00:00
726657,time slip,2025-03-02 00:57:22.087248+00:00,2025-03-02 09:36:00.986468+00:00
726894,chanbara,2025-03-02 00:57:22.087248+00:00,2025-03-02 09:36:00.986468+00:00
726894,edo period,2025-03-02 00:57:22.087248+00:00,2025-03-02 09:36:00.986468+00:00
726894,jidaigeki,2025-03-02 00:57:22.087248+00:00,2025-03-02 09:36:00.986468+00:00
726894,period drama,2025-03-02 00:57:22.087248+00:00,2025-03-02 09:36:00.986468+00:00
726894,samurai,2025-03-02 00:57:22.087248+00:00,2025-03-02 09:36:00.986468+00:00
726894,bakumatsu,2025-03-02 00:57:22.087248+00:00,2025-03-02 09:36:00.986468+00:00
726894,kondō isami,2025-03-02 00:57:22.087248+00:00,2025-03-02 09:36:00.986468+00:00
726894,samurai sword,2025-03-02 00:57:22.087248+00:00,2025-03-02 09:36:00.986468+00:00
726894,chambara,2025-03-02 00:57:22.087248+00:00,2025-03-02 09:36:00.986468+00:00
726894,japan,2025-03-02 00:57:22.087248+00:00,2025-03-02 09:36:00.986468+00:00
726894,the flow of the times,2025-03-02 00:57:22.087248+00:00,2025-03-02 09:36:00.986468+00:00
726894,shinsengumi,2025-03-02 00:57:22.087248+00:00,2025-03-02 09:36:00.986468+00:00
726894,hijikata toshizo,2025-03-02 00:57:22.087248+00:00,2025-03-02 09:36:00.986468+00:00
727340,spy,2025-03-02 00:57:22.087248+00:00,2025-03-02 09:36:00.986468+00:00
727340,chun doo-hwan,2025-03-02 00:57:22.087248+00:00,2025-03-02 09:36:00.986468+00:00
727340,south korea,2025-03-02 00:57:22.087248+00:00,2025-03-02 09:36:00.986468+00:00
727340,korea president,2025-03-02 00:57:22.087248+00:00,2025-03-02 09:36:00.986468+00:00
727340,national intelligence service (nis),2025-03-02 00:57:22.087248+00:00,2025-03-02 09:36:00.986468+00:00
727340,1980s,2025-03-02 00:57:22.087248+00:00,2025-03-02 09:36:00.986468+00:00
727340,assassin,2025-03-02 00:57:22.087248+00:00,2025-03-02 09:36:00.986468+00:00
727340,secret agent,2025-03-02 00:57:22.087248+00:00,2025-03-02 09:36:00.986468+00:00
727340,inter-korean relations,2025-03-02 00:57:22.087248+00:00,2025-03-02 09:36:00.986468+00:00
727340,espionage,2025-03-02 00:57:22.087248+00:00,2025-03-02 09:36:00.986468+00:00
727340,intelligence,2025-03-02 00:57:22.087248+00:00,2025-03-02 09:36:00.986468+00:00
729854,based on webcomic or webtoon,2025-03-02 00:57:22.087248+00:00,2025-03-02 09:36:00.986468+00:00
729854,apartment,2025-03-02 00:57:22.087248+00:00,2025-03-02 09:36:00.986468+00:00
729854,"seoul, south korea",2025-03-02 00:57:22.087248+00:00,2025-03-02 09:36:00.986468+00:00
729854,dystopia,2025-03-02 00:57:22.087248+00:00,2025-03-02 09:36:00.986468+00:00
729854,apocalypse,2025-03-02 00:57:22.087248+00:00,2025-03-02 09:36:00.986468+00:00
729854,based on comic,2025-03-02 00:57:22.087248+00:00,2025-03-02 09:36:00.986468+00:00
729854,survival,2025-03-02 00:57:22.087248+00:00,2025-03-02 09:36:00.986468+00:00
729854,post-apocalyptic future,2025-03-02 00:57:22.087248+00:00,2025-03-02 09:36:00.986468+00:00
729854,apartment building,2025-03-02 00:57:22.087248+00:00,2025-03-02 09:36:00.986468+00:00
730047,remake,2025-03-02 00:57:22.087248+00:00,2025-03-02 09:36:00.986468+00:00
730047,theater play,2025-03-02 00:57:22.087248+00:00,2025-03-02 09:36:00.986468+00:00
730047,17th century,2025-03-02 00:57:22.087248+00:00,2025-03-02 09:36:00.986468+00:00
730047,"paris, france",2025-03-02 00:57:22.087248+00:00,2025-03-02 09:36:00.986468+00:00
730047,love triangle,2025-03-02 00:57:22.087248+00:00,2025-03-02 09:36:00.986468+00:00
730047,musical,2025-03-02 00:57:22.087248+00:00,2025-03-02 09:36:00.986468+00:00
731684,based on true story,2025-03-02 00:57:22.087248+00:00,2025-03-02 09:36:00.986468+00:00
731684,based on novel or book,2025-03-02 00:57:22.087248+00:00,2025-03-02 09:36:00.986468+00:00
731684,sterilization,2025-03-02 00:57:22.087248+00:00,2025-03-02 09:36:00.986468+00:00
731684,chemical disaster,2025-03-02 00:57:22.087248+00:00,2025-03-02 09:36:00.986468+00:00
733317,killer robot,2025-03-02 00:57:22.087248+00:00,2025-03-02 09:36:00.986468+00:00
734002,peasants,2025-03-02 00:57:22.087248+00:00,2025-03-02 09:36:00.986468+00:00
734002,historical drama,2025-03-02 00:57:22.087248+00:00,2025-03-02 09:36:00.986468+00:00
734002,adult animation,2025-03-02 00:57:22.087248+00:00,2025-03-02 09:36:00.986468+00:00
734002,based on novel or book,2025-03-02 00:57:22.087248+00:00,2025-03-02 09:36:00.986468+00:00
734002,nobel prize,2025-03-02 00:57:22.087248+00:00,2025-03-02 09:36:00.986468+00:00
734002,adultery,2025-03-02 00:57:22.087248+00:00,2025-03-02 09:36:00.986468+00:00
734002,marriage for money,2025-03-02 00:57:22.087248+00:00,2025-03-02 09:36:00.986468+00:00
734002,peasant girl,2025-03-02 00:57:22.087248+00:00,2025-03-02 09:36:00.986468+00:00
734002,19th century,2025-03-02 00:57:22.087248+00:00,2025-03-02 09:36:00.986468+00:00
734002,poland,2025-03-02 00:57:22.087248+00:00,2025-03-02 09:36:00.986468+00:00
734002,peasant,2025-03-02 00:57:22.087248+00:00,2025-03-02 09:36:00.986468+00:00
734002,sexual violence,2025-03-02 00:57:22.087248+00:00,2025-03-02 09:36:00.986468+00:00
735409,based on novel or book,2025-03-02 00:57:22.087248+00:00,2025-03-02 09:36:00.986468+00:00
735726,based on novel or book,2025-03-02 00:57:22.087248+00:00,2025-03-02 09:36:00.986468+00:00
735726,based on true story,2025-03-02 00:57:22.087248+00:00,2025-03-02 09:36:00.986468+00:00
735726,emmanuèle bernheim,2025-03-02 00:57:22.087248+00:00,2025-03-02 09:36:00.986468+00:00
736500,older man younger man relationship,2025-03-02 00:57:22.087248+00:00,2025-03-02 09:36:00.986468+00:00
736500,relationship problems,2025-03-02 00:57:22.087248+00:00,2025-03-02 09:36:00.986468+00:00
736500,way of life,2025-03-02 00:57:22.087248+00:00,2025-03-02 09:36:00.986468+00:00
736500,life lessons,2025-03-02 00:57:22.087248+00:00,2025-03-02 09:36:00.986468+00:00
736500,escape plan,2025-03-02 00:57:22.087248+00:00,2025-03-02 09:36:00.986468+00:00
736500,retiree,2025-03-02 00:57:22.087248+00:00,2025-03-02 09:36:00.986468+00:00
736500,interpersonal relationships,2025-03-02 00:57:22.087248+00:00,2025-03-02 09:36:00.986468+00:00
736500,retirement community,2025-03-02 00:57:22.087248+00:00,2025-03-02 09:36:00.986468+00:00
736500,life teacher,2025-03-02 00:57:22.087248+00:00,2025-03-02 09:36:00.986468+00:00
736500,community service,2025-03-02 00:57:22.087248+00:00,2025-03-02 09:36:00.986468+00:00
736500,old people,2025-03-02 00:57:22.087248+00:00,2025-03-02 09:36:00.986468+00:00
736500,retirement home,2025-03-02 00:57:22.087248+00:00,2025-03-02 09:36:00.986468+00:00
736720,buddy comedy,2025-03-02 00:57:22.087248+00:00,2025-03-02 09:36:00.986468+00:00
736720,remake,2025-03-02 00:57:22.087248+00:00,2025-03-02 09:36:00.986468+00:00
736720,horror comedy,2025-03-02 00:57:22.087248+00:00,2025-03-02 09:36:00.986468+00:00
736720,horror remake,2025-03-02 00:57:22.087248+00:00,2025-03-02 09:36:00.986468+00:00
736732,family relationships,2025-03-02 00:57:22.087248+00:00,2025-03-02 09:36:00.986468+00:00
736732,adoption,2025-03-02 00:57:22.087248+00:00,2025-03-02 09:36:00.986468+00:00
736732,road trip,2025-03-02 00:57:22.087248+00:00,2025-03-02 09:36:00.986468+00:00
736732,road movie,2025-03-02 00:57:22.087248+00:00,2025-03-02 09:36:00.986468+00:00
736732,"busan, south korea",2025-03-02 00:57:22.087248+00:00,2025-03-02 09:36:00.986468+00:00
736732,abandoned baby,2025-03-02 00:57:22.087248+00:00,2025-03-02 09:36:00.986468+00:00
736732,broker,2025-03-02 00:57:22.087248+00:00,2025-03-02 09:36:00.986468+00:00
736732,baby,2025-03-02 00:57:22.087248+00:00,2025-03-02 09:36:00.986468+00:00
736732,baby box,2025-03-02 00:57:22.087248+00:00,2025-03-02 09:36:00.986468+00:00
736732,investigation,2025-03-02 00:57:22.087248+00:00,2025-03-02 09:36:00.986468+00:00
736820,cooperation,2025-03-02 00:57:22.087248+00:00,2025-03-02 09:36:00.986468+00:00
736820,buddy cop,2025-03-02 00:57:22.087248+00:00,2025-03-02 09:36:00.986468+00:00
736820,agent,2025-03-02 00:57:22.087248+00:00,2025-03-02 09:36:00.986468+00:00
736820,sequel,2025-03-02 00:57:22.087248+00:00,2025-03-02 09:36:00.986468+00:00
736820,detective,2025-03-02 00:57:22.087248+00:00,2025-03-02 09:36:00.986468+00:00
736820,national intelligence service (nis),2025-03-02 00:57:22.087248+00:00,2025-03-02 09:36:00.986468+00:00
736820,inter-korean relations,2025-03-02 00:57:22.087248+00:00,2025-03-02 09:36:00.986468+00:00
736820,fbi,2025-03-02 00:57:22.087248+00:00,2025-03-02 09:36:00.986468+00:00
739323,swimming club,2025-03-02 00:57:22.087248+00:00,2025-03-02 09:36:00.986468+00:00
739323,swimmer,2025-03-02 00:57:22.087248+00:00,2025-03-02 09:36:00.986468+00:00
739323,swimming pool,2025-03-02 00:57:22.087248+00:00,2025-03-02 09:36:00.986468+00:00
739323,lgbt,2025-03-02 00:57:22.087248+00:00,2025-03-02 09:36:00.986468+00:00
739323,olympic games,2025-03-02 00:57:22.087248+00:00,2025-03-02 09:36:00.986468+00:00
739323,forbidden love,2025-03-02 00:57:22.087248+00:00,2025-03-02 09:36:00.986468+00:00
739323,lgbt athlete,2025-03-02 00:57:22.087248+00:00,2025-03-02 09:36:00.986468+00:00
739323,gay theme,2025-03-02 00:57:22.087248+00:00,2025-03-02 09:36:00.986468+00:00
739405,espionage,2025-03-02 00:57:22.087248+00:00,2025-03-02 09:36:00.986468+00:00
739405,"madrid, spain",2025-03-02 00:57:22.087248+00:00,2025-03-02 09:36:00.986468+00:00
739405,shootout,2025-03-02 00:57:22.087248+00:00,2025-03-02 09:36:00.986468+00:00
739405,spy,2025-03-02 00:57:22.087248+00:00,2025-03-02 09:36:00.986468+00:00
739405,showdown,2025-03-02 00:57:22.087248+00:00,2025-03-02 09:36:00.986468+00:00
739405,martial arts,2025-03-02 00:57:22.087248+00:00,2025-03-02 09:36:00.986468+00:00
739405,"london, england",2025-03-02 00:57:22.087248+00:00,2025-03-02 09:36:00.986468+00:00
739405,secret agent,2025-03-02 00:57:22.087248+00:00,2025-03-02 09:36:00.986468+00:00
739405,"cannes, france",2025-03-02 00:57:22.087248+00:00,2025-03-02 09:36:00.986468+00:00
740937,legacy,2025-03-02 00:57:22.087248+00:00,2025-03-02 09:36:00.986468+00:00
740937,political debate,2025-03-02 00:57:22.087248+00:00,2025-03-02 09:36:00.986468+00:00
740937,world war ii,2025-03-02 00:57:22.087248+00:00,2025-03-02 09:36:00.986468+00:00
740937,humanism,2025-03-02 00:57:22.087248+00:00,2025-03-02 09:36:00.986468+00:00
740937,concentration camp prisoner,2025-03-02 00:57:22.087248+00:00,2025-03-02 09:36:00.986468+00:00
740937,concentration camp,2025-03-02 00:57:22.087248+00:00,2025-03-02 09:36:00.986468+00:00
740937,political activist,2025-03-02 00:57:22.087248+00:00,2025-03-02 09:36:00.986468+00:00
740937,political struggle,2025-03-02 00:57:22.087248+00:00,2025-03-02 09:36:00.986468+00:00
740937,history and legacy,2025-03-02 00:57:22.087248+00:00,2025-03-02 09:36:00.986468+00:00
740937,life and career,2025-03-02 00:57:22.087248+00:00,2025-03-02 09:36:00.986468+00:00
740937,french politics,2025-03-02 00:57:22.087248+00:00,2025-03-02 09:36:00.986468+00:00
740937,humanitarian work,2025-03-02 00:57:22.087248+00:00,2025-03-02 09:36:00.986468+00:00
740937,european union,2025-03-02 00:57:22.087248+00:00,2025-03-02 09:36:00.986468+00:00
740937,biography,2025-03-02 00:57:22.087248+00:00,2025-03-02 09:36:00.986468+00:00
740937,female portrait,2025-03-02 00:57:22.087248+00:00,2025-03-02 09:36:00.986468+00:00
740937,political history,2025-03-02 00:57:22.087248+00:00,2025-03-02 09:36:00.986468+00:00
740937,auschwitz-birkenau concentration camp,2025-03-02 00:57:22.087248+00:00,2025-03-02 09:36:00.986468+00:00
740937,holocaust (shoah) survivor,2025-03-02 00:57:22.087248+00:00,2025-03-02 09:36:00.986468+00:00
741335,musical,2025-03-02 00:57:22.087248+00:00,2025-03-02 09:36:00.986468+00:00
741335,school,2025-03-02 00:57:22.087248+00:00,2025-03-02 09:36:00.986468+00:00
741335,anime,2025-03-02 00:57:22.087248+00:00,2025-03-02 09:36:00.986468+00:00
741335,slice of life,2025-03-02 00:57:22.087248+00:00,2025-03-02 09:36:00.986468+00:00
743173,romantic dramedy,2025-03-02 00:57:22.087248+00:00,2025-03-02 09:36:00.986468+00:00
743173,remarriage,2025-03-02 00:57:22.087248+00:00,2025-03-02 09:36:00.986468+00:00
743814,korean army,2025-03-02 00:57:22.087248+00:00,2025-03-02 09:36:00.986468+00:00
744714,editor-in-chief,2025-03-02 00:57:22.087248+00:00,2025-03-02 09:36:00.986468+00:00
744714,japanese drama,2025-03-02 00:57:22.087248+00:00,2025-03-02 09:36:00.986468+00:00
744714,salaryman,2025-03-02 00:57:22.087248+00:00,2025-03-02 09:36:00.986468+00:00
744714,magazine,2025-03-02 00:57:22.087248+00:00,2025-03-02 09:36:00.986468+00:00
745608,satire,2025-03-02 00:57:22.087248+00:00,2025-03-02 09:36:00.986468+00:00
745608,journey,2025-03-02 00:57:22.087248+00:00,2025-03-02 09:36:00.986468+00:00
745881,shaman,2025-03-02 00:57:22.087248+00:00,2025-03-02 09:36:00.986468+00:00
745881,thailand,2025-03-02 00:57:22.087248+00:00,2025-03-02 09:36:00.986468+00:00
745881,medium,2025-03-02 00:57:22.087248+00:00,2025-03-02 09:36:00.986468+00:00
745881,supernatural,2025-03-02 00:57:22.087248+00:00,2025-03-02 09:36:00.986468+00:00
745881,folk horror,2025-03-02 00:57:22.087248+00:00,2025-03-02 09:36:00.986468+00:00
745881,horror mockumentary,2025-03-02 00:57:22.087248+00:00,2025-03-02 09:36:00.986468+00:00
745881,found footage,2025-03-02 00:57:22.087248+00:00,2025-03-02 09:36:00.986468+00:00
745881,fake documentary,2025-03-02 00:57:22.087248+00:00,2025-03-02 09:36:00.986468+00:00
745881,occult,2025-03-02 00:57:22.087248+00:00,2025-03-02 09:36:00.986468+00:00
745881,supernatural horror,2025-03-02 00:57:22.087248+00:00,2025-03-02 09:36:00.986468+00:00
745881,mockumentary,2025-03-02 00:57:22.087248+00:00,2025-03-02 09:36:00.986468+00:00
746036,missing person,2025-03-02 00:57:22.087248+00:00,2025-03-02 09:36:00.986468+00:00
746036,based on tv series,2025-03-02 00:57:22.087248+00:00,2025-03-02 09:36:00.986468+00:00
746036,movie industry,2025-03-02 00:57:22.087248+00:00,2025-03-02 09:36:00.986468+00:00
746036,romantic,2025-03-02 00:57:22.087248+00:00,2025-03-02 09:36:00.986468+00:00
746036,playful,2025-03-02 00:57:22.087248+00:00,2025-03-02 09:36:00.986468+00:00
746036,grand,2025-03-02 00:57:22.087248+00:00,2025-03-02 09:36:00.986468+00:00
746036,farcical,2025-03-02 00:57:22.087248+00:00,2025-03-02 09:36:00.986468+00:00
746036,action comedy,2025-03-02 00:57:22.087248+00:00,2025-03-02 09:36:00.986468+00:00
746036,amused,2025-03-02 00:57:22.087248+00:00,2025-03-02 09:36:00.986468+00:00
746036,duringcreditsstinger,2025-03-02 00:57:22.087248+00:00,2025-03-02 09:36:00.986468+00:00
746036,stuntman,2025-03-02 00:57:22.087248+00:00,2025-03-02 09:36:00.986468+00:00
746257,japan,2025-03-02 00:57:22.087248+00:00,2025-03-02 09:36:00.986468+00:00
746257,bakumatsu,2025-03-02 00:57:22.087248+00:00,2025-03-02 09:36:00.986468+00:00
746257,ryoma sakamoto,2025-03-02 00:57:22.087248+00:00,2025-03-02 09:36:00.986468+00:00
746257,jidaigeki,2025-03-02 00:57:22.087248+00:00,2025-03-02 09:36:00.986468+00:00
746257,edo period,2025-03-02 00:57:22.087248+00:00,2025-03-02 09:36:00.986468+00:00
746333,superhero,2025-03-02 00:57:22.087248+00:00,2025-03-02 09:36:00.986468+00:00
746349,pacific,2025-03-02 00:57:22.087248+00:00,2025-03-02 09:36:00.986468+00:00
746349,chaebol,2025-03-02 00:57:22.087248+00:00,2025-03-02 09:36:00.986468+00:00
746349,attempted murder,2025-03-02 00:57:22.087248+00:00,2025-03-02 09:36:00.986468+00:00
746349,south pacific,2025-03-02 00:57:22.087248+00:00,2025-03-02 09:36:00.986468+00:00
746349,actress,2025-03-02 00:57:22.087248+00:00,2025-03-02 09:36:00.986468+00:00
747188,space,2025-03-02 00:57:22.087248+00:00,2025-03-02 09:36:00.986468+00:00
747188,astronomy,2025-03-02 00:57:22.087248+00:00,2025-03-02 09:36:00.986468+00:00
747188,asteroid,2025-03-02 00:57:22.087248+00:00,2025-03-02 09:36:00.986468+00:00
747188,science fiction,2025-03-02 00:57:22.087248+00:00,2025-03-02 09:36:00.986468+00:00
747188,grief,2025-03-02 00:57:22.087248+00:00,2025-03-02 09:36:00.986468+00:00
747188,parent-in-law child-in-law relationship,2025-03-02 00:57:22.087248+00:00,2025-03-02 09:36:00.986468+00:00
747188,existentialism,2025-03-02 00:57:22.087248+00:00,2025-03-02 09:36:00.986468+00:00
747188,death of wife,2025-03-02 00:57:22.087248+00:00,2025-03-02 09:36:00.986468+00:00
747188,stargazing,2025-03-02 00:57:22.087248+00:00,2025-03-02 09:36:00.986468+00:00
747188,story within the story,2025-03-02 00:57:22.087248+00:00,2025-03-02 09:36:00.986468+00:00
747188,desert town,2025-03-02 00:57:22.087248+00:00,2025-03-02 09:36:00.986468+00:00
747188,quarantine,2025-03-02 00:57:22.087248+00:00,2025-03-02 09:36:00.986468+00:00
747188,meta,2025-03-02 00:57:22.087248+00:00,2025-03-02 09:36:00.986468+00:00
747188,1950s,2025-03-02 00:57:22.087248+00:00,2025-03-02 09:36:00.986468+00:00
747188,family,2025-03-02 00:57:22.087248+00:00,2025-03-02 09:36:00.986468+00:00
747188,alien,2025-03-02 00:57:22.087248+00:00,2025-03-02 09:36:00.986468+00:00
747188,widower,2025-03-02 00:57:22.087248+00:00,2025-03-02 09:36:00.986468+00:00
747188,diner,2025-03-02 00:57:22.087248+00:00,2025-03-02 09:36:00.986468+00:00
747188,grandfather,2025-03-02 00:57:22.087248+00:00,2025-03-02 09:36:00.986468+00:00
747188,stage play,2025-03-02 00:57:22.087248+00:00,2025-03-02 09:36:00.986468+00:00
747188,convention,2025-03-02 00:57:22.087248+00:00,2025-03-02 09:36:00.986468+00:00
747188,war photographer,2025-03-02 00:57:22.087248+00:00,2025-03-02 09:36:00.986468+00:00
747779,illness,2025-03-02 00:57:22.087248+00:00,2025-03-02 09:36:00.986468+00:00
747779,father daughter relationship,2025-03-02 00:57:22.087248+00:00,2025-03-02 09:36:00.986468+00:00
747779,female protagonist,2025-03-02 00:57:22.087248+00:00,2025-03-02 09:36:00.986468+00:00
747779,2010s,2025-03-02 00:57:22.087248+00:00,2025-03-02 09:36:00.986468+00:00
747779,single mother,2025-03-02 00:57:22.087248+00:00,2025-03-02 09:36:00.986468+00:00
747779,"paris, france",2025-03-02 00:57:22.087248+00:00,2025-03-02 09:36:00.986468+00:00
747779,affair,2025-03-02 00:57:22.087248+00:00,2025-03-02 09:36:00.986468+00:00
747779,woman director,2025-03-02 00:57:22.087248+00:00,2025-03-02 09:36:00.986468+00:00
748783,cat,2025-03-02 00:57:22.087248+00:00,2025-03-02 09:36:00.986468+00:00
748783,absurd,2025-03-02 00:57:22.087248+00:00,2025-03-02 09:36:00.986468+00:00
748783,based on cartoon,2025-03-02 00:57:22.087248+00:00,2025-03-02 09:36:00.986468+00:00
748783,food,2025-03-02 00:57:22.087248+00:00,2025-03-02 09:36:00.986468+00:00
748783,lasagne,2025-03-02 00:57:22.087248+00:00,2025-03-02 09:36:00.986468+00:00
748783,villain,2025-03-02 00:57:22.087248+00:00,2025-03-02 09:36:00.986468+00:00
748783,female villain,2025-03-02 00:57:22.087248+00:00,2025-03-02 09:36:00.986468+00:00
748783,adaptation,2025-03-02 00:57:22.087248+00:00,2025-03-02 09:36:00.986468+00:00
748783,dog,2025-03-02 00:57:22.087248+00:00,2025-03-02 09:36:00.986468+00:00
748783,computer animation,2025-03-02 00:57:22.087248+00:00,2025-03-02 09:36:00.986468+00:00
748783,father son relationship,2025-03-02 00:57:22.087248+00:00,2025-03-02 09:36:00.986468+00:00
748783,based on comic,2025-03-02 00:57:22.087248+00:00,2025-03-02 09:36:00.986468+00:00
748783,aftercreditsstinger,2025-03-02 00:57:22.087248+00:00,2025-03-02 09:36:00.986468+00:00
748783,friendship,2025-03-02 00:57:22.087248+00:00,2025-03-02 09:36:00.986468+00:00
748787,world war ii,2025-03-02 00:57:22.087248+00:00,2025-03-02 09:36:00.986468+00:00
748787,playing chess,2025-03-02 00:57:22.087248+00:00,2025-03-02 09:36:00.986468+00:00
748787,chess,2025-03-02 00:57:22.087248+00:00,2025-03-02 09:36:00.986468+00:00
749004,grief,2025-03-02 00:57:22.087248+00:00,2025-03-02 09:36:00.986468+00:00
749004,mother daughter relationship,2025-03-02 00:57:22.087248+00:00,2025-03-02 09:36:00.986468+00:00
749004,magic realism,2025-03-02 00:57:22.087248+00:00,2025-03-02 09:36:00.986468+00:00
749004,woman director,2025-03-02 00:57:22.087248+00:00,2025-03-02 09:36:00.986468+00:00
749004,childhood,2025-03-02 00:57:22.087248+00:00,2025-03-02 09:36:00.986468+00:00
749136,telegraph,2025-03-02 00:57:22.087248+00:00,2025-03-02 09:36:00.986468+00:00
749136,switzerland,2025-03-02 00:57:22.087248+00:00,2025-03-02 09:36:00.986468+00:00
749136,clock,2025-03-02 00:57:22.087248+00:00,2025-03-02 09:36:00.986468+00:00
749136,anarchism,2025-03-02 00:57:22.087248+00:00,2025-03-02 09:36:00.986468+00:00
749136,photography,2025-03-02 00:57:22.087248+00:00,2025-03-02 09:36:00.986468+00:00
749136,factory,2025-03-02 00:57:22.087248+00:00,2025-03-02 09:36:00.986468+00:00
750253,ireland,2025-03-02 00:57:22.087248+00:00,2025-03-02 09:36:00.986468+00:00
750253,boys camp,2025-03-02 00:57:22.087248+00:00,2025-03-02 09:36:00.986468+00:00
750253,missing child,2025-03-02 00:57:22.087248+00:00,2025-03-02 09:36:00.986468+00:00
750253,divorced parents,2025-03-02 00:57:22.087248+00:00,2025-03-02 09:36:00.986468+00:00
750253,police investigation,2025-03-02 00:57:22.087248+00:00,2025-03-02 09:36:00.986468+00:00
752623,duringcreditsstinger,2025-03-02 00:57:22.087248+00:00,2025-03-02 09:36:00.986468+00:00
753091,stranded,2025-03-02 00:57:22.087248+00:00,2025-03-02 09:36:00.986468+00:00
753091,survival,2025-03-02 00:57:22.087248+00:00,2025-03-02 09:36:00.986468+00:00
753091,duringcreditsstinger,2025-03-02 00:57:22.087248+00:00,2025-03-02 09:36:00.986468+00:00
753091,struggle for survival,2025-03-02 00:57:22.087248+00:00,2025-03-02 09:36:00.986468+00:00
753091,moon,2025-03-02 00:57:22.087248+00:00,2025-03-02 09:36:00.986468+00:00
753091,astronaut,2025-03-02 00:57:22.087248+00:00,2025-03-02 09:36:00.986468+00:00
753091,isolation,2025-03-02 00:57:22.087248+00:00,2025-03-02 09:36:00.986468+00:00
753091,月球,2025-03-02 00:57:22.087248+00:00,2025-03-02 09:36:00.986468+00:00
753091,space,2025-03-02 00:57:22.087248+00:00,2025-03-02 09:36:00.986468+00:00
753342,napoleon bonaparte,2025-03-02 00:57:22.087248+00:00,2025-03-02 09:36:00.986468+00:00
753342,general,2025-03-02 00:57:22.087248+00:00,2025-03-02 09:36:00.986468+00:00
753342,napoleonic wars,2025-03-02 00:57:22.087248+00:00,2025-03-02 09:36:00.986468+00:00
753342,based on true story,2025-03-02 00:57:22.087248+00:00,2025-03-02 09:36:00.986468+00:00
753342,19th century,2025-03-02 00:57:22.087248+00:00,2025-03-02 09:36:00.986468+00:00
753342,violence,2025-03-02 00:57:22.087248+00:00,2025-03-02 09:36:00.986468+00:00
753342,bitter,2025-03-02 00:57:22.087248+00:00,2025-03-02 09:36:00.986468+00:00
753342,1790s,2025-03-02 00:57:22.087248+00:00,2025-03-02 09:36:00.986468+00:00
753342,epic,2025-03-02 00:57:22.087248+00:00,2025-03-02 09:36:00.986468+00:00
753342,biography,2025-03-02 00:57:22.087248+00:00,2025-03-02 09:36:00.986468+00:00
753342,france,2025-03-02 00:57:22.087248+00:00,2025-03-02 09:36:00.986468+00:00
753342,empire,2025-03-02 00:57:22.087248+00:00,2025-03-02 09:36:00.986468+00:00
754067,wolf,2025-03-02 00:57:22.087248+00:00,2025-03-02 09:36:00.986468+00:00
754067,based on true story,2025-03-02 00:57:22.087248+00:00,2025-03-02 09:36:00.986468+00:00
754067,france,2025-03-02 00:57:22.087248+00:00,2025-03-02 09:36:00.986468+00:00
755437,family feud,2025-03-02 00:57:22.087248+00:00,2025-03-02 09:36:00.986468+00:00
755437,remake,2025-03-02 00:57:22.087248+00:00,2025-03-02 09:36:00.986468+00:00
756999,kidnapping,2025-03-02 00:57:22.087248+00:00,2025-03-02 09:36:00.986468+00:00
756999,supernatural,2025-03-02 00:57:22.087248+00:00,2025-03-02 09:36:00.986468+00:00
756999,mask,2025-03-02 00:57:22.087248+00:00,2025-03-02 09:36:00.986468+00:00
756999,nervous,2025-03-02 00:57:22.087248+00:00,2025-03-02 09:36:00.986468+00:00
756999,sadistic,2025-03-02 00:57:22.087248+00:00,2025-03-02 09:36:00.986468+00:00
756999,sibling relationship,2025-03-02 00:57:22.087248+00:00,2025-03-02 09:36:00.986468+00:00
756999,1970s,2025-03-02 00:57:22.087248+00:00,2025-03-02 09:36:00.986468+00:00
756999,cellar,2025-03-02 00:57:22.087248+00:00,2025-03-02 09:36:00.986468+00:00
756999,colorado,2025-03-02 00:57:22.087248+00:00,2025-03-02 09:36:00.986468+00:00
756999,basement,2025-03-02 00:57:22.087248+00:00,2025-03-02 09:36:00.986468+00:00
756999,small town,2025-03-02 00:57:22.087248+00:00,2025-03-02 09:36:00.986468+00:00
756999,alcoholic father,2025-03-02 00:57:22.087248+00:00,2025-03-02 09:36:00.986468+00:00
756999,dreams,2025-03-02 00:57:22.087248+00:00,2025-03-02 09:36:00.986468+00:00
756999,based on short story,2025-03-02 00:57:22.087248+00:00,2025-03-02 09:36:00.986468+00:00
756999,serial killer,2025-03-02 00:57:22.087248+00:00,2025-03-02 09:36:00.986468+00:00
756999,child kidnapping,2025-03-02 00:57:22.087248+00:00,2025-03-02 09:36:00.986468+00:00
756999,bullying,2025-03-02 00:57:22.087248+00:00,2025-03-02 09:36:00.986468+00:00
756999,child abuse,2025-03-02 00:57:22.087248+00:00,2025-03-02 09:36:00.986468+00:00
757341,french cinema,2025-03-02 00:57:22.087248+00:00,2025-03-02 09:36:00.986468+00:00
757999,south of france,2025-03-02 00:57:22.087248+00:00,2025-03-02 09:36:00.986468+00:00
757999,personal relationships,2025-03-02 00:57:22.087248+00:00,2025-03-02 09:36:00.986468+00:00
757999,funeral,2025-03-02 00:57:22.087248+00:00,2025-03-02 09:36:00.986468+00:00
757999,class differences,2025-03-02 00:57:22.087248+00:00,2025-03-02 09:36:00.986468+00:00
757999,roadtrip,2025-03-02 00:57:22.087248+00:00,2025-03-02 09:36:00.986468+00:00
757999,on the road,2025-03-02 00:57:22.087248+00:00,2025-03-02 09:36:00.986468+00:00
757999,relationship,2025-03-02 00:57:22.087248+00:00,2025-03-02 09:36:00.986468+00:00
757999,age-gap relationship,2025-03-02 00:57:22.087248+00:00,2025-03-02 09:36:00.986468+00:00
757999,road movie,2025-03-02 00:57:22.087248+00:00,2025-03-02 09:36:00.986468+00:00
757999,social differences,2025-03-02 00:57:22.087248+00:00,2025-03-02 09:36:00.986468+00:00
758009,wedding,2025-03-02 00:57:22.087248+00:00,2025-03-02 09:36:00.986468+00:00
758009,family problems,2025-03-02 00:57:22.087248+00:00,2025-03-02 09:36:00.986468+00:00
758009,self-sabotage,2025-03-02 00:57:22.087248+00:00,2025-03-02 09:36:00.986468+00:00
758009,past relationship,2025-03-02 00:57:22.087248+00:00,2025-03-02 09:36:00.986468+00:00
758009,philippines,2025-03-02 00:57:22.087248+00:00,2025-03-02 09:36:00.986468+00:00
758009,imminent wedding,2025-03-02 00:57:22.087248+00:00,2025-03-02 09:36:00.986468+00:00
758009,sea pirates,2025-03-02 00:57:22.087248+00:00,2025-03-02 09:36:00.986468+00:00
758009,peace corps,2025-03-02 00:57:22.087248+00:00,2025-03-02 09:36:00.986468+00:00
758009,ex fiancé,2025-03-02 00:57:22.087248+00:00,2025-03-02 09:36:00.986468+00:00
758009,divorced parents,2025-03-02 00:57:22.087248+00:00,2025-03-02 09:36:00.986468+00:00
758009,fiancé fiancée relationship,2025-03-02 00:57:22.087248+00:00,2025-03-02 09:36:00.986468+00:00
758009,perfectionist,2025-03-02 00:57:22.087248+00:00,2025-03-02 09:36:00.986468+00:00
758009,arguing couple,2025-03-02 00:57:22.087248+00:00,2025-03-02 09:36:00.986468+00:00
758009,hostage situation,2025-03-02 00:57:22.087248+00:00,2025-03-02 09:36:00.986468+00:00
758009,beach wedding,2025-03-02 00:57:22.087248+00:00,2025-03-02 09:36:00.986468+00:00
758009,baseball player,2025-03-02 00:57:22.087248+00:00,2025-03-02 09:36:00.986468+00:00
758009,destination wedding,2025-03-02 00:57:22.087248+00:00,2025-03-02 09:36:00.986468+00:00
758009,island resort,2025-03-02 00:57:22.087248+00:00,2025-03-02 09:36:00.986468+00:00
758009,pirate gang,2025-03-02 00:57:22.087248+00:00,2025-03-02 09:36:00.986468+00:00
758323,"rome, italy",2025-03-02 00:57:22.087248+00:00,2025-03-02 09:36:00.986468+00:00
758323,vatican,2025-03-02 00:57:22.087248+00:00,2025-03-02 09:36:00.986468+00:00
758323,spain,2025-03-02 00:57:22.087248+00:00,2025-03-02 09:36:00.986468+00:00
758323,conspiracy,2025-03-02 00:57:22.087248+00:00,2025-03-02 09:36:00.986468+00:00
758323,possession,2025-03-02 00:57:22.087248+00:00,2025-03-02 09:36:00.986468+00:00
758323,exorcism,2025-03-02 00:57:22.087248+00:00,2025-03-02 09:36:00.986468+00:00
758323,devil,2025-03-02 00:57:22.087248+00:00,2025-03-02 09:36:00.986468+00:00
758323,pope,2025-03-02 00:57:22.087248+00:00,2025-03-02 09:36:00.986468+00:00
758323,pig,2025-03-02 00:57:22.087248+00:00,2025-03-02 09:36:00.986468+00:00
758323,1980s,2025-03-02 00:57:22.087248+00:00,2025-03-02 09:36:00.986468+00:00
758323,supernatural horror,2025-03-02 00:57:22.087248+00:00,2025-03-02 09:36:00.986468+00:00
758323,catholic priest,2025-03-02 00:57:22.087248+00:00,2025-03-02 09:36:00.986468+00:00
758323,skepticism,2025-03-02 00:57:22.087248+00:00,2025-03-02 09:36:00.986468+00:00
758323,exorcist,2025-03-02 00:57:22.087248+00:00,2025-03-02 09:36:00.986468+00:00
758866,based on short story,2025-03-02 00:57:22.087248+00:00,2025-03-02 09:36:00.986468+00:00
758866,theater play,2025-03-02 00:57:22.087248+00:00,2025-03-02 09:36:00.986468+00:00
758866,bilingual,2025-03-02 00:57:22.087248+00:00,2025-03-02 09:36:00.986468+00:00
758866,road trip,2025-03-02 00:57:22.087248+00:00,2025-03-02 09:36:00.986468+00:00
758866,grief,2025-03-02 00:57:22.087248+00:00,2025-03-02 09:36:00.986468+00:00
758866,theater director,2025-03-02 00:57:22.087248+00:00,2025-03-02 09:36:00.986468+00:00
758866,driver,2025-03-02 00:57:22.087248+00:00,2025-03-02 09:36:00.986468+00:00
758866,loss of child,2025-03-02 00:57:22.087248+00:00,2025-03-02 09:36:00.986468+00:00
758866,"hiroshima, japan",2025-03-02 00:57:22.087248+00:00,2025-03-02 09:36:00.986468+00:00
758866,infidelity,2025-03-02 00:57:22.087248+00:00,2025-03-02 09:36:00.986468+00:00
758866,japan,2025-03-02 00:57:22.087248+00:00,2025-03-02 09:36:00.986468+00:00
758866,artistic sex,2025-03-02 00:57:22.087248+00:00,2025-03-02 09:36:00.986468+00:00
758866,slow cinema,2025-03-02 00:57:22.087248+00:00,2025-03-02 09:36:00.986468+00:00
758866,audition,2025-03-02 00:57:22.087248+00:00,2025-03-02 09:36:00.986468+00:00
758866,sensuality,2025-03-02 00:57:22.087248+00:00,2025-03-02 09:36:00.986468+00:00
758866,loss of loved one,2025-03-02 00:57:22.087248+00:00,2025-03-02 09:36:00.986468+00:00
758866,old car,2025-03-02 00:57:22.087248+00:00,2025-03-02 09:36:00.986468+00:00
758866,sign languages,2025-03-02 00:57:22.087248+00:00,2025-03-02 09:36:00.986468+00:00
758866,rehearsal,2025-03-02 00:57:22.087248+00:00,2025-03-02 09:36:00.986468+00:00
758891,family,2025-03-02 00:57:22.087248+00:00,2025-03-02 09:36:00.986468+00:00
758891,time travel,2025-03-02 00:57:22.087248+00:00,2025-03-02 09:36:00.986468+00:00
759524,"based on myths, legends or folklore",2025-03-02 00:57:22.087248+00:00,2025-03-02 09:36:00.986468+00:00
759524,shamanism,2025-03-02 00:57:22.087248+00:00,2025-03-02 09:36:00.986468+00:00
759524,ritual,2025-03-02 00:57:22.087248+00:00,2025-03-02 09:36:00.986468+00:00
760161,female psychopath,2025-03-02 00:57:22.087248+00:00,2025-03-02 09:36:00.986468+00:00
760161,murder,2025-03-02 00:57:22.087248+00:00,2025-03-02 09:36:00.986468+00:00
760161,psycho killer,2025-03-02 00:57:22.087248+00:00,2025-03-02 09:36:00.986468+00:00
760161,missing daughter,2025-03-02 00:57:22.087248+00:00,2025-03-02 09:36:00.986468+00:00
760161,family secrets,2025-03-02 00:57:22.087248+00:00,2025-03-02 09:36:00.986468+00:00
760161,impersonator,2025-03-02 00:57:22.087248+00:00,2025-03-02 09:36:00.986468+00:00
760161,prequel,2025-03-02 00:57:22.087248+00:00,2025-03-02 09:36:00.986468+00:00
760161,escaped mental patient,2025-03-02 00:57:22.087248+00:00,2025-03-02 09:36:00.986468+00:00
760161,psychopath,2025-03-02 00:57:22.087248+00:00,2025-03-02 09:36:00.986468+00:00
760161,mental patient,2025-03-02 00:57:22.087248+00:00,2025-03-02 09:36:00.986468+00:00
760161,estonia,2025-03-02 00:57:22.087248+00:00,2025-03-02 09:36:00.986468+00:00
760758,new life,2025-03-02 00:57:22.087248+00:00,2025-03-02 09:36:00.986468+00:00
760758,after disaster,2025-03-02 00:57:22.087248+00:00,2025-03-02 09:36:00.986468+00:00
760758,based on novel or book,2025-03-02 00:57:22.087248+00:00,2025-03-02 09:36:00.986468+00:00
760758,anime,2025-03-02 00:57:22.087248+00:00,2025-03-02 09:36:00.986468+00:00
760758,slice of life,2025-03-02 00:57:22.087248+00:00,2025-03-02 09:36:00.986468+00:00
760758,family,2025-03-02 00:57:22.087248+00:00,2025-03-02 09:36:00.986468+00:00
760765,adolescence,2025-03-02 00:57:22.087248+00:00,2025-03-02 09:36:00.986468+00:00
760765,slice of life,2025-03-02 00:57:22.087248+00:00,2025-03-02 09:36:00.986468+00:00
760765,anime,2025-03-02 00:57:22.087248+00:00,2025-03-02 09:36:00.986468+00:00
760765,school,2025-03-02 00:57:22.087248+00:00,2025-03-02 09:36:00.986468+00:00
760765,hula dancer,2025-03-02 00:57:22.087248+00:00,2025-03-02 09:36:00.986468+00:00
760765,hawaii,2025-03-02 00:57:22.087248+00:00,2025-03-02 09:36:00.986468+00:00
760873,father daughter reunion,2025-03-02 00:57:22.087248+00:00,2025-03-02 09:36:00.986468+00:00
760873,future earth,2025-03-02 00:57:22.087248+00:00,2025-03-02 09:36:00.986468+00:00
760873,apocalypse,2025-03-02 00:57:22.087248+00:00,2025-03-02 09:36:00.986468+00:00
760873,dystopia,2025-03-02 00:57:22.087248+00:00,2025-03-02 09:36:00.986468+00:00
760873,father daughter relationship,2025-03-02 00:57:22.087248+00:00,2025-03-02 09:36:00.986468+00:00
760873,space travel,2025-03-02 00:57:22.087248+00:00,2025-03-02 09:36:00.986468+00:00
760873,post-apocalyptic future,2025-03-02 00:57:22.087248+00:00,2025-03-02 09:36:00.986468+00:00
760873,space,2025-03-02 00:57:22.087248+00:00,2025-03-02 09:36:00.986468+00:00
760875,abandoned mine,2025-03-02 00:57:22.087248+00:00,2025-03-02 09:36:00.986468+00:00
760875,monster movie,2025-03-02 00:57:22.087248+00:00,2025-03-02 09:36:00.986468+00:00
762079,wheelchair user   ,2025-03-02 00:57:22.087248+00:00,2025-03-02 09:36:00.986468+00:00
762079,car accident,2025-03-02 00:57:22.087248+00:00,2025-03-02 09:36:00.986468+00:00
762079,advent calendar,2025-03-02 00:57:22.087248+00:00,2025-03-02 09:36:00.986468+00:00
762079,supernatural,2025-03-02 00:57:22.087248+00:00,2025-03-02 09:36:00.986468+00:00
762079,christmas,2025-03-02 00:57:22.087248+00:00,2025-03-02 09:36:00.986468+00:00
762430,phone call,2025-03-02 00:57:22.087248+00:00,2025-03-02 09:36:00.986468+00:00
762430,duringcreditsstinger,2025-03-02 00:57:22.087248+00:00,2025-03-02 09:36:00.986468+00:00
762430,divorce,2025-03-02 00:57:22.087248+00:00,2025-03-02 09:36:00.986468+00:00
762430,remake,2025-03-02 00:57:22.087248+00:00,2025-03-02 09:36:00.986468+00:00
762430,bomb,2025-03-02 00:57:22.087248+00:00,2025-03-02 09:36:00.986468+00:00
762430,"berlin, germany",2025-03-02 00:57:22.087248+00:00,2025-03-02 09:36:00.986468+00:00
762430,assassination,2025-03-02 00:57:22.087248+00:00,2025-03-02 09:36:00.986468+00:00
762433,terrorism,2025-03-02 00:57:22.087248+00:00,2025-03-02 09:36:00.986468+00:00
762433,pandemic,2025-03-02 00:57:22.087248+00:00,2025-03-02 09:36:00.986468+00:00
762433,"rome, italy",2025-03-02 00:57:22.087248+00:00,2025-03-02 09:36:00.986468+00:00
762433,twin brother,2025-03-02 00:57:22.087248+00:00,2025-03-02 09:36:00.986468+00:00
762441,hopeful,2025-03-02 00:57:22.087248+00:00,2025-03-02 09:36:00.986468+00:00
762441,silence,2025-03-02 00:57:22.087248+00:00,2025-03-02 09:36:00.986468+00:00
762441,noise,2025-03-02 00:57:22.087248+00:00,2025-03-02 09:36:00.986468+00:00
762441,prequel,2025-03-02 00:57:22.087248+00:00,2025-03-02 09:36:00.986468+00:00
762441,survival,2025-03-02 00:57:22.087248+00:00,2025-03-02 09:36:00.986468+00:00
762441,cat,2025-03-02 00:57:22.087248+00:00,2025-03-02 09:36:00.986468+00:00
762441,escape,2025-03-02 00:57:22.087248+00:00,2025-03-02 09:36:00.986468+00:00
762441,alien,2025-03-02 00:57:22.087248+00:00,2025-03-02 09:36:00.986468+00:00
762441,quiet,2025-03-02 00:57:22.087248+00:00,2025-03-02 09:36:00.986468+00:00
762441,spin off,2025-03-02 00:57:22.087248+00:00,2025-03-02 09:36:00.986468+00:00
762441,monster,2025-03-02 00:57:22.087248+00:00,2025-03-02 09:36:00.986468+00:00
762441,survivalist,2025-03-02 00:57:22.087248+00:00,2025-03-02 09:36:00.986468+00:00
762441,fear,2025-03-02 00:57:22.087248+00:00,2025-03-02 09:36:00.986468+00:00
762509,chance meeting,2025-03-02 00:57:22.087248+00:00,2025-03-02 09:36:00.986468+00:00
762509,musical,2025-03-02 00:57:22.087248+00:00,2025-03-02 09:36:00.986468+00:00
762509,betrayal by friend,2025-03-02 00:57:22.087248+00:00,2025-03-02 09:36:00.986468+00:00
762509,paradise,2025-03-02 00:57:22.087248+00:00,2025-03-02 09:36:00.986468+00:00
762509,lion,2025-03-02 00:57:22.087248+00:00,2025-03-02 09:36:00.986468+00:00
762509,lost,2025-03-02 00:57:22.087248+00:00,2025-03-02 09:36:00.986468+00:00
762509,friendship,2025-03-02 00:57:22.087248+00:00,2025-03-02 09:36:00.986468+00:00
762509,jungle,2025-03-02 00:57:22.087248+00:00,2025-03-02 09:36:00.986468+00:00
762509,told in flashback,2025-03-02 00:57:22.087248+00:00,2025-03-02 09:36:00.986468+00:00
762509,found family,2025-03-02 00:57:22.087248+00:00,2025-03-02 09:36:00.986468+00:00
762509,prequel,2025-03-02 00:57:22.087248+00:00,2025-03-02 09:36:00.986468+00:00
762509,live action remake,2025-03-02 00:57:22.087248+00:00,2025-03-02 09:36:00.986468+00:00
763164,hunting,2025-03-02 00:57:22.087248+00:00,2025-03-02 09:36:00.986468+00:00
763164,decapitated head,2025-03-02 00:57:22.087248+00:00,2025-03-02 09:36:00.986468+00:00
763164,near future,2025-03-02 00:57:22.087248+00:00,2025-03-02 09:36:00.986468+00:00
763164,death game,2025-03-02 00:57:22.087248+00:00,2025-03-02 09:36:00.986468+00:00
763164,hologram,2025-03-02 00:57:22.087248+00:00,2025-03-02 09:36:00.986468+00:00
763164,explosions,2025-03-02 00:57:22.087248+00:00,2025-03-02 09:36:00.986468+00:00
763164,prisoner,2025-03-02 00:57:22.087248+00:00,2025-03-02 09:36:00.986468+00:00
763164,hunting human beings,2025-03-02 00:57:22.087248+00:00,2025-03-02 09:36:00.986468+00:00
763164,decapitation,2025-03-02 00:57:22.087248+00:00,2025-03-02 09:36:00.986468+00:00
763164,land mine,2025-03-02 00:57:22.087248+00:00,2025-03-02 09:36:00.986468+00:00
763285,car crash,2025-03-02 00:57:22.087248+00:00,2025-03-02 09:36:00.986468+00:00
763285,ambulance,2025-03-02 00:57:22.087248+00:00,2025-03-02 09:36:00.986468+00:00
763285,"los angeles, california",2025-03-02 00:57:22.087248+00:00,2025-03-02 09:36:00.986468+00:00
763285,enthusiastic,2025-03-02 00:57:22.087248+00:00,2025-03-02 09:36:00.986468+00:00
763285,bank heist,2025-03-02 00:57:22.087248+00:00,2025-03-02 09:36:00.986468+00:00
763285,police helicopter,2025-03-02 00:57:22.087248+00:00,2025-03-02 09:36:00.986468+00:00
763285,heist gone wrong,2025-03-02 00:57:22.087248+00:00,2025-03-02 09:36:00.986468+00:00
763285,bank robbery,2025-03-02 00:57:22.087248+00:00,2025-03-02 09:36:00.986468+00:00
763285,veteran,2025-03-02 00:57:22.087248+00:00,2025-03-02 09:36:00.986468+00:00
763285,officer involved shooting,2025-03-02 00:57:22.087248+00:00,2025-03-02 09:36:00.986468+00:00
763285,brother brother relationship,2025-03-02 00:57:22.087248+00:00,2025-03-02 09:36:00.986468+00:00
763285,remake,2025-03-02 00:57:22.087248+00:00,2025-03-02 09:36:00.986468+00:00
764810,raftis,2025-03-02 00:57:22.087248+00:00,2025-03-02 09:36:00.986468+00:00
764835,school shooting,2025-03-02 00:57:22.087248+00:00,2025-03-02 09:36:00.986468+00:00
766475,murder mystery,2025-03-02 00:57:22.087248+00:00,2025-03-02 09:36:00.986468+00:00
766475,theater play,2025-03-02 00:57:22.087248+00:00,2025-03-02 09:36:00.986468+00:00
766475,investigation,2025-03-02 00:57:22.087248+00:00,2025-03-02 09:36:00.986468+00:00
766475,"london, england",2025-03-02 00:57:22.087248+00:00,2025-03-02 09:36:00.986468+00:00
766475,murder,2025-03-02 00:57:22.087248+00:00,2025-03-02 09:36:00.986468+00:00
766475,1950s,2025-03-02 00:57:22.087248+00:00,2025-03-02 09:36:00.986468+00:00
766475,whodunit,2025-03-02 00:57:22.087248+00:00,2025-03-02 09:36:00.986468+00:00
766798,pregnancy,2025-03-02 00:57:22.087248+00:00,2025-03-02 09:36:00.986468+00:00
766798,post spanish civil war,2025-03-02 00:57:22.087248+00:00,2025-03-02 09:36:00.986468+00:00
766798,photographer,2025-03-02 00:57:22.087248+00:00,2025-03-02 09:36:00.986468+00:00
766798,memory,2025-03-02 00:57:22.087248+00:00,2025-03-02 09:36:00.986468+00:00
766798,switched at birth,2025-03-02 00:57:22.087248+00:00,2025-03-02 09:36:00.986468+00:00
766798,single mother,2025-03-02 00:57:22.087248+00:00,2025-03-02 09:36:00.986468+00:00
766798,mother,2025-03-02 00:57:22.087248+00:00,2025-03-02 09:36:00.986468+00:00
766798,dna testing,2025-03-02 00:57:22.087248+00:00,2025-03-02 09:36:00.986468+00:00
766798,lesbian,2025-03-02 00:57:22.087248+00:00,2025-03-02 09:36:00.986468+00:00
766798,motherhood,2025-03-02 00:57:22.087248+00:00,2025-03-02 09:36:00.986468+00:00
766798,spanish civil war (1936-39),2025-03-02 00:57:22.087248+00:00,2025-03-02 09:36:00.986468+00:00
766907,small town,2025-03-02 00:57:22.087248+00:00,2025-03-02 09:36:00.986468+00:00
766907,militia,2025-03-02 00:57:22.087248+00:00,2025-03-02 09:36:00.986468+00:00
766907,vault,2025-03-02 00:57:22.087248+00:00,2025-03-02 09:36:00.986468+00:00
766907,hostage situation,2025-03-02 00:57:22.087248+00:00,2025-03-02 09:36:00.986468+00:00
768362,missing person,2025-03-02 00:57:22.087248+00:00,2025-03-02 09:36:00.986468+00:00
768362,complex,2025-03-02 00:57:22.087248+00:00,2025-03-02 09:36:00.986468+00:00
768362,generation z,2025-03-02 00:57:22.087248+00:00,2025-03-02 09:36:00.986468+00:00
768362,screenlife,2025-03-02 00:57:22.087248+00:00,2025-03-02 09:36:00.986468+00:00
768362,direct,2025-03-02 00:57:22.087248+00:00,2025-03-02 09:36:00.986468+00:00
768362,colombia,2025-03-02 00:57:22.087248+00:00,2025-03-02 09:36:00.986468+00:00
768362,abuse,2025-03-02 00:57:22.087248+00:00,2025-03-02 09:36:00.986468+00:00
768362,detective story,2025-03-02 00:57:22.087248+00:00,2025-03-02 09:36:00.986468+00:00
768362,mother daughter relationship,2025-03-02 00:57:22.087248+00:00,2025-03-02 09:36:00.986468+00:00
768362,found footage,2025-03-02 00:57:22.087248+00:00,2025-03-02 09:36:00.986468+00:00
768362,fbi,2025-03-02 00:57:22.087248+00:00,2025-03-02 09:36:00.986468+00:00
768362,kidnapping,2025-03-02 00:57:22.087248+00:00,2025-03-02 09:36:00.986468+00:00
768362,fake identity,2025-03-02 00:57:22.087248+00:00,2025-03-02 09:36:00.986468+00:00
768362,empathetic,2025-03-02 00:57:22.087248+00:00,2025-03-02 09:36:00.986468+00:00
768362,amateur sleuth,2025-03-02 00:57:22.087248+00:00,2025-03-02 09:36:00.986468+00:00
768362,"los angeles, california",2025-03-02 00:57:22.087248+00:00,2025-03-02 09:36:00.986468+00:00
768362,sequel,2025-03-02 00:57:22.087248+00:00,2025-03-02 09:36:00.986468+00:00
768362,teenage girl,2025-03-02 00:57:22.087248+00:00,2025-03-02 09:36:00.986468+00:00
768362,mysterious,2025-03-02 00:57:22.087248+00:00,2025-03-02 09:36:00.986468+00:00
768726,musketeer,2025-03-02 00:57:22.087248+00:00,2025-03-02 09:36:00.986468+00:00
768726,"paris, france",2025-03-02 00:57:22.087248+00:00,2025-03-02 09:36:00.986468+00:00
768726,based on tv series,2025-03-02 00:57:22.087248+00:00,2025-03-02 09:36:00.986468+00:00
768726,based on novel or book,2025-03-02 00:57:22.087248+00:00,2025-03-02 09:36:00.986468+00:00
768726,17th century,2025-03-02 00:57:22.087248+00:00,2025-03-02 09:36:00.986468+00:00
768726,anthropomorphic animal,2025-03-02 00:57:22.087248+00:00,2025-03-02 09:36:00.986468+00:00
768726,remake,2025-03-02 00:57:22.087248+00:00,2025-03-02 09:36:00.986468+00:00
769850,filmed theater,2025-03-02 00:57:22.087248+00:00,2025-03-02 09:36:00.986468+00:00
769850,musical,2025-03-02 00:57:22.087248+00:00,2025-03-02 09:36:00.986468+00:00
771077,dance,2025-03-02 00:57:22.087248+00:00,2025-03-02 09:36:00.986468+00:00
772148,psychological thriller,2025-03-02 00:57:22.087248+00:00,2025-03-02 09:36:00.986468+00:00
772148,supernatural horror,2025-03-02 00:57:22.087248+00:00,2025-03-02 09:36:00.986468+00:00
773910,christmas,2025-03-02 00:57:22.087248+00:00,2025-03-02 09:36:00.986468+00:00
773910,christmas eve,2025-03-02 00:57:22.087248+00:00,2025-03-02 09:36:00.986468+00:00
773910,holiday,2025-03-02 00:57:22.087248+00:00,2025-03-02 09:36:00.986468+00:00
774021,exorcism,2025-03-02 00:57:22.087248+00:00,2025-03-02 09:36:00.986468+00:00
774021,mother daughter estrangement,2025-03-02 00:57:22.087248+00:00,2025-03-02 09:36:00.986468+00:00
774021,simulated reality ,2025-03-02 00:57:22.087248+00:00,2025-03-02 09:36:00.986468+00:00
774021,demonic possession,2025-03-02 00:57:22.087248+00:00,2025-03-02 09:36:00.986468+00:00
774021,paralyzed,2025-03-02 00:57:22.087248+00:00,2025-03-02 09:36:00.986468+00:00
774548,terrorism,2025-03-02 00:57:22.087248+00:00,2025-03-02 09:36:00.986468+00:00
774548,korean navy,2025-03-02 00:57:22.087248+00:00,2025-03-02 09:36:00.986468+00:00
777270,"the troubles (north ireland, 1966-98)",2025-03-02 00:57:22.087248+00:00,2025-03-02 09:36:00.986468+00:00
777270,black and white,2025-03-02 00:57:22.087248+00:00,2025-03-02 09:36:00.986468+00:00
777270,"belfast, north ireland",2025-03-02 00:57:22.087248+00:00,2025-03-02 09:36:00.986468+00:00
777270,working class,2025-03-02 00:57:22.087248+00:00,2025-03-02 09:36:00.986468+00:00
777270,1960s,2025-03-02 00:57:22.087248+00:00,2025-03-02 09:36:00.986468+00:00
778810,fireman,2025-03-02 00:57:22.087248+00:00,2025-03-02 09:36:00.986468+00:00
778810,1920s,2025-03-02 00:57:22.087248+00:00,2025-03-02 09:36:00.986468+00:00
778810,new york city,2025-03-02 00:57:22.087248+00:00,2025-03-02 09:36:00.986468+00:00
778810,fire brigade,2025-03-02 00:57:22.087248+00:00,2025-03-02 09:36:00.986468+00:00
781816,anime,2025-03-02 00:57:22.087248+00:00,2025-03-02 09:36:00.986468+00:00
781816,mother and daughter,2025-03-02 00:57:22.087248+00:00,2025-03-02 09:36:00.986468+00:00
781816,based on novel or book,2025-03-02 00:57:22.087248+00:00,2025-03-02 09:36:00.986468+00:00
781816,life lessons,2025-03-02 00:57:22.087248+00:00,2025-03-02 09:36:00.986468+00:00
781816,friendship,2025-03-02 00:57:22.087248+00:00,2025-03-02 09:36:00.986468+00:00
781816,family problems,2025-03-02 00:57:22.087248+00:00,2025-03-02 09:36:00.986468+00:00
781816,slice of life,2025-03-02 00:57:22.087248+00:00,2025-03-02 09:36:00.986468+00:00
782044,survey,2025-03-02 00:57:22.087248+00:00,2025-03-02 09:36:00.986468+00:00
782044,husband wife relationship,2025-03-02 00:57:22.087248+00:00,2025-03-02 09:36:00.986468+00:00
782044,collapse of soviet union,2025-03-02 00:57:22.087248+00:00,2025-03-02 09:36:00.986468+00:00
782044,serial killer,2025-03-02 00:57:22.087248+00:00,2025-03-02 09:36:00.986468+00:00
782044,political corruption,2025-03-02 00:57:22.087248+00:00,2025-03-02 09:36:00.986468+00:00
782044,police commissioner,2025-03-02 00:57:22.087248+00:00,2025-03-02 09:36:00.986468+00:00
782044,evil,2025-03-02 00:57:22.087248+00:00,2025-03-02 09:36:00.986468+00:00
782044,co-workers relationship,2025-03-02 00:57:22.087248+00:00,2025-03-02 09:36:00.986468+00:00
782044,dark past,2025-03-02 00:57:22.087248+00:00,2025-03-02 09:36:00.986468+00:00
782044,politics,2025-03-02 00:57:22.087248+00:00,2025-03-02 09:36:00.986468+00:00
782648,distressing,2025-03-02 00:57:22.087248+00:00,2025-03-02 09:36:00.986468+00:00
783110,haenyeo,2025-03-02 00:57:22.087248+00:00,2025-03-02 09:36:00.986468+00:00
783110,smugglers,2025-03-02 00:57:22.087248+00:00,2025-03-02 09:36:00.986468+00:00
783110,1970s,2025-03-02 00:57:22.087248+00:00,2025-03-02 09:36:00.986468+00:00
783110,smuggling,2025-03-02 00:57:22.087248+00:00,2025-03-02 09:36:00.986468+00:00
783111,court,2025-03-02 00:57:22.087248+00:00,2025-03-02 09:36:00.986468+00:00
783111,korea president,2025-03-02 00:57:22.087248+00:00,2025-03-02 09:36:00.986468+00:00
783111,lawyer,2025-03-02 00:57:22.087248+00:00,2025-03-02 09:36:00.986468+00:00
783111,1970s,2025-03-02 00:57:22.087248+00:00,2025-03-02 09:36:00.986468+00:00
783675,tournament,2025-03-02 00:57:22.087248+00:00,2025-03-02 09:36:00.986468+00:00
783675,sport competition,2025-03-02 00:57:22.087248+00:00,2025-03-02 09:36:00.986468+00:00
783675,high school sports,2025-03-02 00:57:22.087248+00:00,2025-03-02 09:36:00.986468+00:00
783675,school life,2025-03-02 00:57:22.087248+00:00,2025-03-02 09:36:00.986468+00:00
783675,competition,2025-03-02 00:57:22.087248+00:00,2025-03-02 09:36:00.986468+00:00
783675,japanese high school,2025-03-02 00:57:22.087248+00:00,2025-03-02 09:36:00.986468+00:00
783675,romance,2025-03-02 00:57:22.087248+00:00,2025-03-02 09:36:00.986468+00:00
783675,shounen,2025-03-02 00:57:22.087248+00:00,2025-03-02 09:36:00.986468+00:00
783675,bukatsu,2025-03-02 00:57:22.087248+00:00,2025-03-02 09:36:00.986468+00:00
783675,basketball,2025-03-02 00:57:22.087248+00:00,2025-03-02 09:36:00.986468+00:00
783675,anime,2025-03-02 00:57:22.087248+00:00,2025-03-02 09:36:00.986468+00:00
783675,dunk,2025-03-02 00:57:22.087248+00:00,2025-03-02 09:36:00.986468+00:00
783675,based on manga,2025-03-02 00:57:22.087248+00:00,2025-03-02 09:36:00.986468+00:00
783675,school club,2025-03-02 00:57:22.087248+00:00,2025-03-02 09:36:00.986468+00:00
783675,high school,2025-03-02 00:57:22.087248+00:00,2025-03-02 09:36:00.986468+00:00
785084,essay,2025-03-02 00:57:22.087248+00:00,2025-03-02 09:36:00.986468+00:00
785084,father daughter estrangement,2025-03-02 00:57:22.087248+00:00,2025-03-02 09:36:00.986468+00:00
785084,teen anger,2025-03-02 00:57:22.087248+00:00,2025-03-02 09:36:00.986468+00:00
785084,recluse,2025-03-02 00:57:22.087248+00:00,2025-03-02 09:36:00.986468+00:00
785084,overweight man,2025-03-02 00:57:22.087248+00:00,2025-03-02 09:36:00.986468+00:00
785084,rebellious daughter,2025-03-02 00:57:22.087248+00:00,2025-03-02 09:36:00.986468+00:00
785084,based on play or musical,2025-03-02 00:57:22.087248+00:00,2025-03-02 09:36:00.986468+00:00
785084,lgbt,2025-03-02 00:57:22.087248+00:00,2025-03-02 09:36:00.986468+00:00
785084,homosexual father,2025-03-02 00:57:22.087248+00:00,2025-03-02 09:36:00.986468+00:00
785084,bible,2025-03-02 00:57:22.087248+00:00,2025-03-02 09:36:00.986468+00:00
785084,obesity,2025-03-02 00:57:22.087248+00:00,2025-03-02 09:36:00.986468+00:00
785084,binge eating,2025-03-02 00:57:22.087248+00:00,2025-03-02 09:36:00.986468+00:00
785084,missionary,2025-03-02 00:57:22.087248+00:00,2025-03-02 09:36:00.986468+00:00
785084,depression,2025-03-02 00:57:22.087248+00:00,2025-03-02 09:36:00.986468+00:00
785084,morbidly obese,2025-03-02 00:57:22.087248+00:00,2025-03-02 09:36:00.986468+00:00
785084,abandonment,2025-03-02 00:57:22.087248+00:00,2025-03-02 09:36:00.986468+00:00
785084,dying man,2025-03-02 00:57:22.087248+00:00,2025-03-02 09:36:00.986468+00:00
785084,queer loneliness,2025-03-02 00:57:22.087248+00:00,2025-03-02 09:36:00.986468+00:00
785084,idaho,2025-03-02 00:57:22.087248+00:00,2025-03-02 09:36:00.986468+00:00
785084,nurse,2025-03-02 00:57:22.087248+00:00,2025-03-02 09:36:00.986468+00:00
785084,empathy,2025-03-02 00:57:22.087248+00:00,2025-03-02 09:36:00.986468+00:00
785084,english teacher,2025-03-02 00:57:22.087248+00:00,2025-03-02 09:36:00.986468+00:00
785084,religious symbolism,2025-03-02 00:57:22.087248+00:00,2025-03-02 09:36:00.986468+00:00
785084,alcoholic mother,2025-03-02 00:57:22.087248+00:00,2025-03-02 09:36:00.986468+00:00
785084,father daughter relationship,2025-03-02 00:57:22.087248+00:00,2025-03-02 09:36:00.986468+00:00
785084,religion,2025-03-02 00:57:22.087248+00:00,2025-03-02 09:36:00.986468+00:00
785084,eating disorder,2025-03-02 00:57:22.087248+00:00,2025-03-02 09:36:00.986468+00:00
785084,death of lover,2025-03-02 00:57:22.087248+00:00,2025-03-02 09:36:00.986468+00:00
785398,animal cruelty,2025-03-02 00:57:22.087248+00:00,2025-03-02 09:36:00.986468+00:00
785398,donkey,2025-03-02 00:57:22.087248+00:00,2025-03-02 09:36:00.986468+00:00
785398,exploitation,2025-03-02 00:57:22.087248+00:00,2025-03-02 09:36:00.986468+00:00
785429,scathing,2025-03-02 00:57:22.087248+00:00,2025-03-02 09:36:00.986468+00:00
785429,orangutan,2025-03-02 00:57:22.087248+00:00,2025-03-02 09:36:00.986468+00:00
785429,deforestation,2025-03-02 00:57:22.087248+00:00,2025-03-02 09:36:00.986468+00:00
786064,womanhood,2025-03-02 00:57:22.087248+00:00,2025-03-02 09:36:00.986468+00:00
786064,cooking,2025-03-02 00:57:22.087248+00:00,2025-03-02 09:36:00.986468+00:00
786064,couple,2025-03-02 00:57:22.087248+00:00,2025-03-02 09:36:00.986468+00:00
786064,indian cuisine,2025-03-02 00:57:22.087248+00:00,2025-03-02 09:36:00.986468+00:00
786892,post-apocalyptic,2025-03-02 00:57:22.087248+00:00,2025-03-02 09:36:00.986468+00:00
786892,post-apocalyptic future,2025-03-02 00:57:22.087248+00:00,2025-03-02 09:36:00.986468+00:00
786892,revenge murderer,2025-03-02 00:57:22.087248+00:00,2025-03-02 09:36:00.986468+00:00
786892,grim,2025-03-02 00:57:22.087248+00:00,2025-03-02 09:36:00.986468+00:00
786892,mother daughter relationship,2025-03-02 00:57:22.087248+00:00,2025-03-02 09:36:00.986468+00:00
786892,prequel,2025-03-02 00:57:22.087248+00:00,2025-03-02 09:36:00.986468+00:00
786892,amused,2025-03-02 00:57:22.087248+00:00,2025-03-02 09:36:00.986468+00:00
786892,struggle for survival,2025-03-02 00:57:22.087248+00:00,2025-03-02 09:36:00.986468+00:00
786892,brisk,2025-03-02 00:57:22.087248+00:00,2025-03-02 09:36:00.986468+00:00
786892,wasteland,2025-03-02 00:57:22.087248+00:00,2025-03-02 09:36:00.986468+00:00
786892,tyrant,2025-03-02 00:57:22.087248+00:00,2025-03-02 09:36:00.986468+00:00
786892,spin off,2025-03-02 00:57:22.087248+00:00,2025-03-02 09:36:00.986468+00:00
786892,tyranny,2025-03-02 00:57:22.087248+00:00,2025-03-02 09:36:00.986468+00:00
786892,child abduction,2025-03-02 00:57:22.087248+00:00,2025-03-02 09:36:00.986468+00:00
786892,masculinity,2025-03-02 00:57:22.087248+00:00,2025-03-02 09:36:00.986468+00:00
786892,film in chapters,2025-03-02 00:57:22.087248+00:00,2025-03-02 09:36:00.986468+00:00
786892,warlord,2025-03-02 00:57:22.087248+00:00,2025-03-02 09:36:00.986468+00:00
787699,chocolate,2025-03-02 00:57:22.087248+00:00,2025-03-02 09:36:00.986468+00:00
787699,cartel,2025-03-02 00:57:22.087248+00:00,2025-03-02 09:36:00.986468+00:00
787699,musical,2025-03-02 00:57:22.087248+00:00,2025-03-02 09:36:00.986468+00:00
787699,nostalgic,2025-03-02 00:57:22.087248+00:00,2025-03-02 09:36:00.986468+00:00
787699,prequel,2025-03-02 00:57:22.087248+00:00,2025-03-02 09:36:00.986468+00:00
787699,duringcreditsstinger,2025-03-02 00:57:22.087248+00:00,2025-03-02 09:36:00.986468+00:00
787791,based on play or musical,2025-03-02 00:57:22.087248+00:00,2025-03-02 09:36:00.986468+00:00
787791,lesbian relationship,2025-03-02 00:57:22.087248+00:00,2025-03-02 09:36:00.986468+00:00
787791,lesbian,2025-03-02 00:57:22.087248+00:00,2025-03-02 09:36:00.986468+00:00
787791,amnesia,2025-03-02 00:57:22.087248+00:00,2025-03-02 09:36:00.986468+00:00
788030,cooking,2025-03-02 00:57:22.087248+00:00,2025-03-02 09:36:00.986468+00:00
788030,french cuisine,2025-03-02 00:57:22.087248+00:00,2025-03-02 09:36:00.986468+00:00
788030,food,2025-03-02 00:57:22.087248+00:00,2025-03-02 09:36:00.986468+00:00
788030,japan,2025-03-02 00:57:22.087248+00:00,2025-03-02 09:36:00.986468+00:00
788030,chef,2025-03-02 00:57:22.087248+00:00,2025-03-02 09:36:00.986468+00:00
788734,social satire,2025-03-02 00:57:22.087248+00:00,2025-03-02 09:36:00.986468+00:00
788734,"oslo, norway",2025-03-02 00:57:22.087248+00:00,2025-03-02 09:36:00.986468+00:00
788734,disease,2025-03-02 00:57:22.087248+00:00,2025-03-02 09:36:00.986468+00:00
788734,new persona,2025-03-02 00:57:22.087248+00:00,2025-03-02 09:36:00.986468+00:00
788734,social media,2025-03-02 00:57:22.087248+00:00,2025-03-02 09:36:00.986468+00:00
788734,body horror,2025-03-02 00:57:22.087248+00:00,2025-03-02 09:36:00.986468+00:00
788734,toxic relationship,2025-03-02 00:57:22.087248+00:00,2025-03-02 09:36:00.986468+00:00
788734,unlikeable protagonist,2025-03-02 00:57:22.087248+00:00,2025-03-02 09:36:00.986468+00:00
788734,narcissism,2025-03-02 00:57:22.087248+00:00,2025-03-02 09:36:00.986468+00:00
788734,female protagonist,2025-03-02 00:57:22.087248+00:00,2025-03-02 09:36:00.986468+00:00
788734,drug abuse,2025-03-02 00:57:22.087248+00:00,2025-03-02 09:36:00.986468+00:00
788734,dark comedy,2025-03-02 00:57:22.087248+00:00,2025-03-02 09:36:00.986468+00:00
791177,dark secret,2025-03-02 00:57:22.087248+00:00,2025-03-02 09:36:00.986468+00:00
791177,pickup truck,2025-03-02 00:57:22.087248+00:00,2025-03-02 09:36:00.986468+00:00
791177,love,2025-03-02 00:57:22.087248+00:00,2025-03-02 09:36:00.986468+00:00
791177,love story,2025-03-02 00:57:22.087248+00:00,2025-03-02 09:36:00.986468+00:00
791177,romantic thriller,2025-03-02 00:57:22.087248+00:00,2025-03-02 09:36:00.986468+00:00
791177,sensuality,2025-03-02 00:57:22.087248+00:00,2025-03-02 09:36:00.986468+00:00
791177,flesh eating,2025-03-02 00:57:22.087248+00:00,2025-03-02 09:36:00.986468+00:00
791177,romantic,2025-03-02 00:57:22.087248+00:00,2025-03-02 09:36:00.986468+00:00
791177,teenage girl,2025-03-02 00:57:22.087248+00:00,2025-03-02 09:36:00.986468+00:00
791177,suspenseful,2025-03-02 00:57:22.087248+00:00,2025-03-02 09:36:00.986468+00:00
791177,provocative,2025-03-02 00:57:22.087248+00:00,2025-03-02 09:36:00.986468+00:00
791177,genre bending,2025-03-02 00:57:22.087248+00:00,2025-03-02 09:36:00.986468+00:00
791177,addiction,2025-03-02 00:57:22.087248+00:00,2025-03-02 09:36:00.986468+00:00
791177,body horror,2025-03-02 00:57:22.087248+00:00,2025-03-02 09:36:00.986468+00:00
791177,1980s,2025-03-02 00:57:22.087248+00:00,2025-03-02 09:36:00.986468+00:00
791177,interracial romance,2025-03-02 00:57:22.087248+00:00,2025-03-02 09:36:00.986468+00:00
791177,road movie,2025-03-02 00:57:22.087248+00:00,2025-03-02 09:36:00.986468+00:00
791177,intimate,2025-03-02 00:57:22.087248+00:00,2025-03-02 09:36:00.986468+00:00
791177,brother sister relationship,2025-03-02 00:57:22.087248+00:00,2025-03-02 09:36:00.986468+00:00
791177,road trip,2025-03-02 00:57:22.087248+00:00,2025-03-02 09:36:00.986468+00:00
791177,estranged mother,2025-03-02 00:57:22.087248+00:00,2025-03-02 09:36:00.986468+00:00
791177,homelessness,2025-03-02 00:57:22.087248+00:00,2025-03-02 09:36:00.986468+00:00
791177,sentimental,2025-03-02 00:57:22.087248+00:00,2025-03-02 09:36:00.986468+00:00
791177,cannibal,2025-03-02 00:57:22.087248+00:00,2025-03-02 09:36:00.986468+00:00
791177,american midwest,2025-03-02 00:57:22.087248+00:00,2025-03-02 09:36:00.986468+00:00
791177,family abandonment,2025-03-02 00:57:22.087248+00:00,2025-03-02 09:36:00.986468+00:00
791177,abandonment,2025-03-02 00:57:22.087248+00:00,2025-03-02 09:36:00.986468+00:00
791177,first love,2025-03-02 00:57:22.087248+00:00,2025-03-02 09:36:00.986468+00:00
791177,guilt,2025-03-02 00:57:22.087248+00:00,2025-03-02 09:36:00.986468+00:00
791177,gentle,2025-03-02 00:57:22.087248+00:00,2025-03-02 09:36:00.986468+00:00
791177,sense of guilt,2025-03-02 00:57:22.087248+00:00,2025-03-02 09:36:00.986468+00:00
791177,brutal violence,2025-03-02 00:57:22.087248+00:00,2025-03-02 09:36:00.986468+00:00
791177,based on novel or book,2025-03-02 00:57:22.087248+00:00,2025-03-02 09:36:00.986468+00:00
791570,suicide,2025-03-02 00:57:22.087248+00:00,2025-03-02 09:36:00.986468+00:00
791570,curse,2025-03-02 00:57:22.087248+00:00,2025-03-02 09:36:00.986468+00:00
791570,absurd,2025-03-02 00:57:22.087248+00:00,2025-03-02 09:36:00.986468+00:00
791570,baffled,2025-03-02 00:57:22.087248+00:00,2025-03-02 09:36:00.986468+00:00
791570,aokigahara,2025-03-02 00:57:22.087248+00:00,2025-03-02 09:36:00.986468+00:00
791570,occult,2025-03-02 00:57:22.087248+00:00,2025-03-02 09:36:00.986468+00:00
791570,disapproving,2025-03-02 00:57:22.087248+00:00,2025-03-02 09:36:00.986468+00:00
791570,japanese folklore,2025-03-02 00:57:22.087248+00:00,2025-03-02 09:36:00.986468+00:00
792293,gamestop,2025-03-02 00:57:22.087248+00:00,2025-03-02 09:36:00.986468+00:00
792293,manipulative relationship,2025-03-02 00:57:22.087248+00:00,2025-03-02 09:36:00.986468+00:00
792293,stock market,2025-03-02 00:57:22.087248+00:00,2025-03-02 09:36:00.986468+00:00
792293,reddit,2025-03-02 00:57:22.087248+00:00,2025-03-02 09:36:00.986468+00:00
792293,stock swindle,2025-03-02 00:57:22.087248+00:00,2025-03-02 09:36:00.986468+00:00
792293,internet personality,2025-03-02 00:57:22.087248+00:00,2025-03-02 09:36:00.986468+00:00
792293,manipulation of the media,2025-03-02 00:57:22.087248+00:00,2025-03-02 09:36:00.986468+00:00
792293,vlogger,2025-03-02 00:57:22.087248+00:00,2025-03-02 09:36:00.986468+00:00
792293,stockholder,2025-03-02 00:57:22.087248+00:00,2025-03-02 09:36:00.986468+00:00
792293,dramedy,2025-03-02 00:57:22.087248+00:00,2025-03-02 09:36:00.986468+00:00
792293,based on true story,2025-03-02 00:57:22.087248+00:00,2025-03-02 09:36:00.986468+00:00
792293,investment,2025-03-02 00:57:22.087248+00:00,2025-03-02 09:36:00.986468+00:00
792293,"securities, stocks and bonds ",2025-03-02 00:57:22.087248+00:00,2025-03-02 09:36:00.986468+00:00
792293,internet scam,2025-03-02 00:57:22.087248+00:00,2025-03-02 09:36:00.986468+00:00
792293,brother brother relationship,2025-03-02 00:57:22.087248+00:00,2025-03-02 09:36:00.986468+00:00
792293,investing,2025-03-02 00:57:22.087248+00:00,2025-03-02 09:36:00.986468+00:00
792293,social media influencer,2025-03-02 00:57:22.087248+00:00,2025-03-02 09:36:00.986468+00:00
792293,insider trading,2025-03-02 00:57:22.087248+00:00,2025-03-02 09:36:00.986468+00:00
792293,social media,2025-03-02 00:57:22.087248+00:00,2025-03-02 09:36:00.986468+00:00
792293,finance trading,2025-03-02 00:57:22.087248+00:00,2025-03-02 09:36:00.986468+00:00
792293,stock price,2025-03-02 00:57:22.087248+00:00,2025-03-02 09:36:00.986468+00:00
792293,massachusetts,2025-03-02 00:57:22.087248+00:00,2025-03-02 09:36:00.986468+00:00
792293,2020s,2025-03-02 00:57:22.087248+00:00,2025-03-02 09:36:00.986468+00:00
792307,disfigured face,2025-03-02 00:57:22.087248+00:00,2025-03-02 09:36:00.986468+00:00
792307,scientist,2025-03-02 00:57:22.087248+00:00,2025-03-02 09:36:00.986468+00:00
792307,wry,2025-03-02 00:57:22.087248+00:00,2025-03-02 09:36:00.986468+00:00
792307,body horror,2025-03-02 00:57:22.087248+00:00,2025-03-02 09:36:00.986468+00:00
792307,frankenstein,2025-03-02 00:57:22.087248+00:00,2025-03-02 09:36:00.986468+00:00
792307,ship,2025-03-02 00:57:22.087248+00:00,2025-03-02 09:36:00.986468+00:00
792307,amused,2025-03-02 00:57:22.087248+00:00,2025-03-02 09:36:00.986468+00:00
792307,euphoric,2025-03-02 00:57:22.087248+00:00,2025-03-02 09:36:00.986468+00:00
792307,quest for knowledge,2025-03-02 00:57:22.087248+00:00,2025-03-02 09:36:00.986468+00:00
792307,domestic abuse,2025-03-02 00:57:22.087248+00:00,2025-03-02 09:36:00.986468+00:00
792307,sex worker,2025-03-02 00:57:22.087248+00:00,2025-03-02 09:36:00.986468+00:00
792307,doctor,2025-03-02 00:57:22.087248+00:00,2025-03-02 09:36:00.986468+00:00
792307,brain transplant,2025-03-02 00:57:22.087248+00:00,2025-03-02 09:36:00.986468+00:00
792307,spousal abuse,2025-03-02 00:57:22.087248+00:00,2025-03-02 09:36:00.986468+00:00
792307,female empowerment,2025-03-02 00:57:22.087248+00:00,2025-03-02 09:36:00.986468+00:00
792307,"paris, france",2025-03-02 00:57:22.087248+00:00,2025-03-02 09:36:00.986468+00:00
792307,alexandria egypt,2025-03-02 00:57:22.087248+00:00,2025-03-02 09:36:00.986468+00:00
792307,melodramatic,2025-03-02 00:57:22.087248+00:00,2025-03-02 09:36:00.986468+00:00
792307,absurdism,2025-03-02 00:57:22.087248+00:00,2025-03-02 09:36:00.986468+00:00
792307,obsession,2025-03-02 00:57:22.087248+00:00,2025-03-02 09:36:00.986468+00:00
792307,based on novel or book,2025-03-02 00:57:22.087248+00:00,2025-03-02 09:36:00.986468+00:00
792307,exploring sexuality,2025-03-02 00:57:22.087248+00:00,2025-03-02 09:36:00.986468+00:00
792307,audacious,2025-03-02 00:57:22.087248+00:00,2025-03-02 09:36:00.986468+00:00
792307,exuberant,2025-03-02 00:57:22.087248+00:00,2025-03-02 09:36:00.986468+00:00
792307,prostitution,2025-03-02 00:57:22.087248+00:00,2025-03-02 09:36:00.986468+00:00
792307,"lisbon, portugal",2025-03-02 00:57:22.087248+00:00,2025-03-02 09:36:00.986468+00:00
792307,crooked lawyer,2025-03-02 00:57:22.087248+00:00,2025-03-02 09:36:00.986468+00:00
792307,quest for identity,2025-03-02 00:57:22.087248+00:00,2025-03-02 09:36:00.986468+00:00
792307,female sexuality,2025-03-02 00:57:22.087248+00:00,2025-03-02 09:36:00.986468+00:00
792307,experiment,2025-03-02 00:57:22.087248+00:00,2025-03-02 09:36:00.986468+00:00
792307,masturbation,2025-03-02 00:57:22.087248+00:00,2025-03-02 09:36:00.986468+00:00
792307,love,2025-03-02 00:57:22.087248+00:00,2025-03-02 09:36:00.986468+00:00
792307,"london, england",2025-03-02 00:57:22.087248+00:00,2025-03-02 09:36:00.986468+00:00
792307,sexual awakening,2025-03-02 00:57:22.087248+00:00,2025-03-02 09:36:00.986468+00:00
792307,women's liberation,2025-03-02 00:57:22.087248+00:00,2025-03-02 09:36:00.986468+00:00
792307,female protagonist,2025-03-02 00:57:22.087248+00:00,2025-03-02 09:36:00.986468+00:00
792307,curious,2025-03-02 00:57:22.087248+00:00,2025-03-02 09:36:00.986468+00:00
792307,cruelty,2025-03-02 00:57:22.087248+00:00,2025-03-02 09:36:00.986468+00:00
792307,victorian era,2025-03-02 00:57:22.087248+00:00,2025-03-02 09:36:00.986468+00:00
792307,awestruck,2025-03-02 00:57:22.087248+00:00,2025-03-02 09:36:00.986468+00:00
792678,trap,2025-03-02 00:57:22.087248+00:00,2025-03-02 09:36:00.986468+00:00
792678,confinement,2025-03-02 00:57:22.087248+00:00,2025-03-02 09:36:00.986468+00:00
792678,poison gas,2025-03-02 00:57:22.087248+00:00,2025-03-02 09:36:00.986468+00:00
792678,remake,2025-03-02 00:57:22.087248+00:00,2025-03-02 09:36:00.986468+00:00
792678,severed arm,2025-03-02 00:57:22.087248+00:00,2025-03-02 09:36:00.986468+00:00
792775,football (soccer) match,2025-03-02 00:57:22.087248+00:00,2025-03-02 09:36:00.986468+00:00
792775,bank robbery,2025-03-02 00:57:22.087248+00:00,2025-03-02 09:36:00.986468+00:00
792775,ruthless cop,2025-03-02 00:57:22.087248+00:00,2025-03-02 09:36:00.986468+00:00
792775,gay theme,2025-03-02 00:57:22.087248+00:00,2025-03-02 09:36:00.986468+00:00
792775,"reykjavík, iceland",2025-03-02 00:57:22.087248+00:00,2025-03-02 09:36:00.986468+00:00
792775,co-workers relationship,2025-03-02 00:57:22.087248+00:00,2025-03-02 09:36:00.986468+00:00
792775,crime spoof,2025-03-02 00:57:22.087248+00:00,2025-03-02 09:36:00.986468+00:00
792775,lgbt,2025-03-02 00:57:22.087248+00:00,2025-03-02 09:36:00.986468+00:00
793392,based on true story,2025-03-02 00:57:22.087248+00:00,2025-03-02 09:36:00.986468+00:00
793998,woman director,2025-03-02 00:57:22.087248+00:00,2025-03-02 09:36:00.986468+00:00
793998,pregnancy,2025-03-02 00:57:22.087248+00:00,2025-03-02 09:36:00.986468+00:00
793998,1960s,2025-03-02 00:57:22.087248+00:00,2025-03-02 09:36:00.986468+00:00
793998,france,2025-03-02 00:57:22.087248+00:00,2025-03-02 09:36:00.986468+00:00
793998,abortion,2025-03-02 00:57:22.087248+00:00,2025-03-02 09:36:00.986468+00:00
794234,ghost story,2025-03-02 00:57:22.087248+00:00,2025-03-02 09:36:00.986468+00:00
794234,bunker,2025-03-02 00:57:22.087248+00:00,2025-03-02 09:36:00.986468+00:00
794234,italian fascism,2025-03-02 00:57:22.087248+00:00,2025-03-02 09:36:00.986468+00:00
794719,revenge killing,2025-03-02 00:57:22.087248+00:00,2025-03-02 09:36:00.986468+00:00
794719,tohoku,2025-03-02 00:57:22.087248+00:00,2025-03-02 09:36:00.986468+00:00
794719,tsunami,2025-03-02 00:57:22.087248+00:00,2025-03-02 09:36:00.986468+00:00
794719,japan,2025-03-02 00:57:22.087248+00:00,2025-03-02 09:36:00.986468+00:00
794719,welfare worker,2025-03-02 00:57:22.087248+00:00,2025-03-02 09:36:00.986468+00:00
794719,social worker,2025-03-02 00:57:22.087248+00:00,2025-03-02 09:36:00.986468+00:00
794719,grief,2025-03-02 00:57:22.087248+00:00,2025-03-02 09:36:00.986468+00:00
794721,shōwa era (1926-89),2025-03-02 00:57:22.087248+00:00,2025-03-02 09:36:00.986468+00:00
794721,father son relationship,2025-03-02 00:57:22.087248+00:00,2025-03-02 09:36:00.986468+00:00
794721,grieving,2025-03-02 00:57:22.087248+00:00,2025-03-02 09:36:00.986468+00:00
794721,single father,2025-03-02 00:57:22.087248+00:00,2025-03-02 09:36:00.986468+00:00
794721,family,2025-03-02 00:57:22.087248+00:00,2025-03-02 09:36:00.986468+00:00
795276,female politician,2025-03-02 00:57:22.087248+00:00,2025-03-02 09:36:00.986468+00:00
795276,sequel,2025-03-02 00:57:22.087248+00:00,2025-03-02 09:36:00.986468+00:00
795276,governor,2025-03-02 00:57:22.087248+00:00,2025-03-02 09:36:00.986468+00:00
795276,liar,2025-03-02 00:57:22.087248+00:00,2025-03-02 09:36:00.986468+00:00
795276,politics,2025-03-02 00:57:22.087248+00:00,2025-03-02 09:36:00.986468+00:00
795276,woman director,2025-03-02 00:57:22.087248+00:00,2025-03-02 09:36:00.986468+00:00
795276,politician,2025-03-02 00:57:22.087248+00:00,2025-03-02 09:36:00.986468+00:00
795564,anime,2025-03-02 00:57:22.087248+00:00,2025-03-02 09:36:00.986468+00:00
795811,first love,2025-03-02 00:57:22.087248+00:00,2025-03-02 09:36:00.986468+00:00
795811,encounter,2025-03-02 00:57:22.087248+00:00,2025-03-02 09:36:00.986468+00:00
795811,anthology,2025-03-02 00:57:22.087248+00:00,2025-03-02 09:36:00.986468+00:00
795811,love triangle,2025-03-02 00:57:22.087248+00:00,2025-03-02 09:36:00.986468+00:00
795811,erotic novel,2025-03-02 00:57:22.087248+00:00,2025-03-02 09:36:00.986468+00:00
795811,coincidence,2025-03-02 00:57:22.087248+00:00,2025-03-02 09:36:00.986468+00:00
795811,honey trap,2025-03-02 00:57:22.087248+00:00,2025-03-02 09:36:00.986468+00:00
795811,girls love,2025-03-02 00:57:22.087248+00:00,2025-03-02 09:36:00.986468+00:00
795811,writer,2025-03-02 00:57:22.087248+00:00,2025-03-02 09:36:00.986468+00:00
795811,psychological,2025-03-02 00:57:22.087248+00:00,2025-03-02 09:36:00.986468+00:00
795811,japan,2025-03-02 00:57:22.087248+00:00,2025-03-02 09:36:00.986468+00:00
795811,berlinale series,2025-03-02 00:57:22.087248+00:00,2025-03-02 09:36:00.986468+00:00
795811,voice,2025-03-02 00:57:22.087248+00:00,2025-03-02 09:36:00.986468+00:00
795813,robot,2025-03-02 00:57:22.087248+00:00,2025-03-02 09:36:00.986468+00:00
795813,philosophical,2025-03-02 00:57:22.087248+00:00,2025-03-02 09:36:00.986468+00:00
795813,archaeology,2025-03-02 00:57:22.087248+00:00,2025-03-02 09:36:00.986468+00:00
795813,human android relationship,2025-03-02 00:57:22.087248+00:00,2025-03-02 09:36:00.986468+00:00
795813,artificial intelligence (a.i.),2025-03-02 00:57:22.087248+00:00,2025-03-02 09:36:00.986468+00:00
795813,based on short story,2025-03-02 00:57:22.087248+00:00,2025-03-02 09:36:00.986468+00:00
795813,woman director,2025-03-02 00:57:22.087248+00:00,2025-03-02 09:36:00.986468+00:00
795813,scientific experiment,2025-03-02 00:57:22.087248+00:00,2025-03-02 09:36:00.986468+00:00
795813,love,2025-03-02 00:57:22.087248+00:00,2025-03-02 09:36:00.986468+00:00
795813,humanoid robot,2025-03-02 00:57:22.087248+00:00,2025-03-02 09:36:00.986468+00:00
795813,father daughter relationship,2025-03-02 00:57:22.087248+00:00,2025-03-02 09:36:00.986468+00:00
795813,humanness,2025-03-02 00:57:22.087248+00:00,2025-03-02 09:36:00.986468+00:00
795813,"berlin, germany",2025-03-02 00:57:22.087248+00:00,2025-03-02 09:36:00.986468+00:00
795813,humanoid,2025-03-02 00:57:22.087248+00:00,2025-03-02 09:36:00.986468+00:00
795813,loneliness,2025-03-02 00:57:22.087248+00:00,2025-03-02 09:36:00.986468+00:00
795813,archaeologist,2025-03-02 00:57:22.087248+00:00,2025-03-02 09:36:00.986468+00:00
795813,scientist,2025-03-02 00:57:22.087248+00:00,2025-03-02 09:36:00.986468+00:00
795813,advanced technology,2025-03-02 00:57:22.087248+00:00,2025-03-02 09:36:00.986468+00:00
795813,single woman,2025-03-02 00:57:22.087248+00:00,2025-03-02 09:36:00.986468+00:00
795813,female scientist,2025-03-02 00:57:22.087248+00:00,2025-03-02 09:36:00.986468+00:00
795813,research scientist,2025-03-02 00:57:22.087248+00:00,2025-03-02 09:36:00.986468+00:00
795813,humanity,2025-03-02 00:57:22.087248+00:00,2025-03-02 09:36:00.986468+00:00
795813,ethics,2025-03-02 00:57:22.087248+00:00,2025-03-02 09:36:00.986468+00:00
795815,football (soccer),2025-03-02 00:57:22.087248+00:00,2025-03-02 09:36:00.986468+00:00
795815,world cup,2025-03-02 00:57:22.087248+00:00,2025-03-02 09:36:00.986468+00:00
795815,curse,2025-03-02 00:57:22.087248+00:00,2025-03-02 09:36:00.986468+00:00
795815,georgia europe,2025-03-02 00:57:22.087248+00:00,2025-03-02 09:36:00.986468+00:00
797838,cold war,2025-03-02 00:57:22.087248+00:00,2025-03-02 09:36:00.986468+00:00
797838,gay theme,2025-03-02 00:57:22.087248+00:00,2025-03-02 09:36:00.986468+00:00
797838,1970s,2025-03-02 00:57:22.087248+00:00,2025-03-02 09:36:00.986468+00:00
797838,lgbt in the military,2025-03-02 00:57:22.087248+00:00,2025-03-02 09:36:00.986468+00:00
797838,lgbt,2025-03-02 00:57:22.087248+00:00,2025-03-02 09:36:00.986468+00:00
797838,boys' love (bl),2025-03-02 00:57:22.087248+00:00,2025-03-02 09:36:00.986468+00:00
798286,trauma,2025-03-02 00:57:22.087248+00:00,2025-03-02 09:36:00.986468+00:00
798286,dark comedy,2025-03-02 00:57:22.087248+00:00,2025-03-02 09:36:00.986468+00:00
798286,attic,2025-03-02 00:57:22.087248+00:00,2025-03-02 09:36:00.986468+00:00
798286,entrepreneur,2025-03-02 00:57:22.087248+00:00,2025-03-02 09:36:00.986468+00:00
798286,existentialism,2025-03-02 00:57:22.087248+00:00,2025-03-02 09:36:00.986468+00:00
798286,absurdist,2025-03-02 00:57:22.087248+00:00,2025-03-02 09:36:00.986468+00:00
798286,childhood trauma,2025-03-02 00:57:22.087248+00:00,2025-03-02 09:36:00.986468+00:00
798286,therapist,2025-03-02 00:57:22.087248+00:00,2025-03-02 09:36:00.986468+00:00
798286,surrealism,2025-03-02 00:57:22.087248+00:00,2025-03-02 09:36:00.986468+00:00
798286,fear,2025-03-02 00:57:22.087248+00:00,2025-03-02 09:36:00.986468+00:00
798286,crude humor,2025-03-02 00:57:22.087248+00:00,2025-03-02 09:36:00.986468+00:00
798286,birth,2025-03-02 00:57:22.087248+00:00,2025-03-02 09:36:00.986468+00:00
798286,satire,2025-03-02 00:57:22.087248+00:00,2025-03-02 09:36:00.986468+00:00
798286,orgasm,2025-03-02 00:57:22.087248+00:00,2025-03-02 09:36:00.986468+00:00
798286,anxiety,2025-03-02 00:57:22.087248+00:00,2025-03-02 09:36:00.986468+00:00
798286,anxiety disorder,2025-03-02 00:57:22.087248+00:00,2025-03-02 09:36:00.986468+00:00
798286,mother son relationship,2025-03-02 00:57:22.087248+00:00,2025-03-02 09:36:00.986468+00:00
798286,suicide,2025-03-02 00:57:22.087248+00:00,2025-03-02 09:36:00.986468+00:00
798286,grief,2025-03-02 00:57:22.087248+00:00,2025-03-02 09:36:00.986468+00:00
798286,maniac,2025-03-02 00:57:22.087248+00:00,2025-03-02 09:36:00.986468+00:00
798286,nightmare,2025-03-02 00:57:22.087248+00:00,2025-03-02 09:36:00.986468+00:00
798286,death of mother,2025-03-02 00:57:22.087248+00:00,2025-03-02 09:36:00.986468+00:00
798286,odyssey,2025-03-02 00:57:22.087248+00:00,2025-03-02 09:36:00.986468+00:00
798286,based on short,2025-03-02 00:57:22.087248+00:00,2025-03-02 09:36:00.986468+00:00
798286,paranoia,2025-03-02 00:57:22.087248+00:00,2025-03-02 09:36:00.986468+00:00
798362,bewildered,2025-03-02 00:57:22.087248+00:00,2025-03-02 09:36:00.986468+00:00
798362,based on novel or book,2025-03-02 00:57:22.087248+00:00,2025-03-02 09:36:00.986468+00:00
798362,baffled,2025-03-02 00:57:22.087248+00:00,2025-03-02 09:36:00.986468+00:00
798362,derogatory,2025-03-02 00:57:22.087248+00:00,2025-03-02 09:36:00.986468+00:00
798362,angry,2025-03-02 00:57:22.087248+00:00,2025-03-02 09:36:00.986468+00:00
798362,disapproving,2025-03-02 00:57:22.087248+00:00,2025-03-02 09:36:00.986468+00:00
798544,slice of life,2025-03-02 00:57:22.087248+00:00,2025-03-02 09:36:00.986468+00:00
798544,short film,2025-03-02 00:57:22.087248+00:00,2025-03-02 09:36:00.986468+00:00
798544,school,2025-03-02 00:57:22.087248+00:00,2025-03-02 09:36:00.986468+00:00
798544,anime,2025-03-02 00:57:22.087248+00:00,2025-03-02 09:36:00.986468+00:00
799379,pacific,2025-03-02 00:57:22.087248+00:00,2025-03-02 09:36:00.986468+00:00
799379,extreme violence,2025-03-02 00:57:22.087248+00:00,2025-03-02 09:36:00.986468+00:00
799379,prison,2025-03-02 00:57:22.087248+00:00,2025-03-02 09:36:00.986468+00:00
799379,ship,2025-03-02 00:57:22.087248+00:00,2025-03-02 09:36:00.986468+00:00
799583,comedy thriller,2025-03-02 00:57:22.087248+00:00,2025-03-02 09:36:00.986468+00:00
799583,world war ii,2025-03-02 00:57:22.087248+00:00,2025-03-02 09:36:00.986468+00:00
799583,spy,2025-03-02 00:57:22.087248+00:00,2025-03-02 09:36:00.986468+00:00
799583,biting,2025-03-02 00:57:22.087248+00:00,2025-03-02 09:36:00.986468+00:00
799583,dangerous mission,2025-03-02 00:57:22.087248+00:00,2025-03-02 09:36:00.986468+00:00
799583,based on novel or book,2025-03-02 00:57:22.087248+00:00,2025-03-02 09:36:00.986468+00:00
799583,1940s,2025-03-02 00:57:22.087248+00:00,2025-03-02 09:36:00.986468+00:00
799583,special forces,2025-03-02 00:57:22.087248+00:00,2025-03-02 09:36:00.986468+00:00
799583,based on true story,2025-03-02 00:57:22.087248+00:00,2025-03-02 09:36:00.986468+00:00
799583,historical comedy,2025-03-02 00:57:22.087248+00:00,2025-03-02 09:36:00.986468+00:00
799583,action comedy,2025-03-02 00:57:22.087248+00:00,2025-03-02 09:36:00.986468+00:00
799583,winston churchill,2025-03-02 00:57:22.087248+00:00,2025-03-02 09:36:00.986468+00:00
799583,operation,2025-03-02 00:57:22.087248+00:00,2025-03-02 09:36:00.986468+00:00
799583,black ops,2025-03-02 00:57:22.087248+00:00,2025-03-02 09:36:00.986468+00:00
799583,military,2025-03-02 00:57:22.087248+00:00,2025-03-02 09:36:00.986468+00:00
799583,army,2025-03-02 00:57:22.087248+00:00,2025-03-02 09:36:00.986468+00:00
799583,soldier,2025-03-02 00:57:22.087248+00:00,2025-03-02 09:36:00.986468+00:00
799766,self-harm,2025-03-02 00:57:22.087248+00:00,2025-03-02 09:36:00.986468+00:00
799766,grandmother grandson relationship,2025-03-02 00:57:22.087248+00:00,2025-03-02 09:36:00.986468+00:00
799766,mother son relationship,2025-03-02 00:57:22.087248+00:00,2025-03-02 09:36:00.986468+00:00
799766,arrested development,2025-03-02 00:57:22.087248+00:00,2025-03-02 09:36:00.986468+00:00
799766,depression,2025-03-02 00:57:22.087248+00:00,2025-03-02 09:36:00.986468+00:00
799766,family abandonment,2025-03-02 00:57:22.087248+00:00,2025-03-02 09:36:00.986468+00:00
799766,monkey,2025-03-02 00:57:22.087248+00:00,2025-03-02 09:36:00.986468+00:00
799766,pop music,2025-03-02 00:57:22.087248+00:00,2025-03-02 09:36:00.986468+00:00
799766,father son relationship,2025-03-02 00:57:22.087248+00:00,2025-03-02 09:36:00.986468+00:00
799766,biography,2025-03-02 00:57:22.087248+00:00,2025-03-02 09:36:00.986468+00:00
799766,musical,2025-03-02 00:57:22.087248+00:00,2025-03-02 09:36:00.986468+00:00
799766,based on real events,2025-03-02 00:57:22.087248+00:00,2025-03-02 09:36:00.986468+00:00
799766,boy band,2025-03-02 00:57:22.087248+00:00,2025-03-02 09:36:00.986468+00:00
799766,1990s,2025-03-02 00:57:22.087248+00:00,2025-03-02 09:36:00.986468+00:00
799766,based on real person,2025-03-02 00:57:22.087248+00:00,2025-03-02 09:36:00.986468+00:00
799766,1980s,2025-03-02 00:57:22.087248+00:00,2025-03-02 09:36:00.986468+00:00
799766,drugs,2025-03-02 00:57:22.087248+00:00,2025-03-02 09:36:00.986468+00:00
799766,price of fame,2025-03-02 00:57:22.087248+00:00,2025-03-02 09:36:00.986468+00:00
799766,teenage boy,2025-03-02 00:57:22.087248+00:00,2025-03-02 09:36:00.986468+00:00
799766,2000s,2025-03-02 00:57:22.087248+00:00,2025-03-02 09:36:00.986468+00:00
799766,yacht,2025-03-02 00:57:22.087248+00:00,2025-03-02 09:36:00.986468+00:00
799766,girl group,2025-03-02 00:57:22.087248+00:00,2025-03-02 09:36:00.986468+00:00
799766,drug addiction,2025-03-02 00:57:22.087248+00:00,2025-03-02 09:36:00.986468+00:00
800151,rockumentary,2025-03-02 00:57:22.087248+00:00,2025-03-02 09:36:00.986468+00:00
800151,music documentary,2025-03-02 00:57:22.087248+00:00,2025-03-02 09:36:00.986468+00:00
800939,divorced parents,2025-03-02 00:57:22.087248+00:00,2025-03-02 09:36:00.986468+00:00
800939,family relationships,2025-03-02 00:57:22.087248+00:00,2025-03-02 09:36:00.986468+00:00
800939,ex-husband ex-wife relationship,2025-03-02 00:57:22.087248+00:00,2025-03-02 09:36:00.986468+00:00
800939,mother daughter relationship,2025-03-02 00:57:22.087248+00:00,2025-03-02 09:36:00.986468+00:00
800939,airplane pilot,2025-03-02 00:57:22.087248+00:00,2025-03-02 09:36:00.986468+00:00
800939,disapproving parent,2025-03-02 00:57:22.087248+00:00,2025-03-02 09:36:00.986468+00:00
800939,college graduation,2025-03-02 00:57:22.087248+00:00,2025-03-02 09:36:00.986468+00:00
800939,daughter's wedding,2025-03-02 00:57:22.087248+00:00,2025-03-02 09:36:00.986468+00:00
800939,drinking game,2025-03-02 00:57:22.087248+00:00,2025-03-02 09:36:00.986468+00:00
800939,relationship sabotage,2025-03-02 00:57:22.087248+00:00,2025-03-02 09:36:00.986468+00:00
800939,cultural difference,2025-03-02 00:57:22.087248+00:00,2025-03-02 09:36:00.986468+00:00
800939,american abroad,2025-03-02 00:57:22.087248+00:00,2025-03-02 09:36:00.986468+00:00
800939,wedding customs,2025-03-02 00:57:22.087248+00:00,2025-03-02 09:36:00.986468+00:00
800939,bali,2025-03-02 00:57:22.087248+00:00,2025-03-02 09:36:00.986468+00:00
800939,exotic island,2025-03-02 00:57:22.087248+00:00,2025-03-02 09:36:00.986468+00:00
800939,young lovers,2025-03-02 00:57:22.087248+00:00,2025-03-02 09:36:00.986468+00:00
800939,stranded,2025-03-02 00:57:22.087248+00:00,2025-03-02 09:36:00.986468+00:00
800939,paradise,2025-03-02 00:57:22.087248+00:00,2025-03-02 09:36:00.986468+00:00
800939,competitive,2025-03-02 00:57:22.087248+00:00,2025-03-02 09:36:00.986468+00:00
800939,art gallery owner,2025-03-02 00:57:22.087248+00:00,2025-03-02 09:36:00.986468+00:00
800939,father daughter relationship,2025-03-02 00:57:22.087248+00:00,2025-03-02 09:36:00.986468+00:00
800939,exotic locale,2025-03-02 00:57:22.087248+00:00,2025-03-02 09:36:00.986468+00:00
800939,wedding,2025-03-02 00:57:22.087248+00:00,2025-03-02 09:36:00.986468+00:00
800939,"bali, indonesia",2025-03-02 00:57:22.087248+00:00,2025-03-02 09:36:00.986468+00:00
800939,falling in love,2025-03-02 00:57:22.087248+00:00,2025-03-02 09:36:00.986468+00:00
800939,balinese culture,2025-03-02 00:57:22.087248+00:00,2025-03-02 09:36:00.986468+00:00
800939,memories,2025-03-02 00:57:22.087248+00:00,2025-03-02 09:36:00.986468+00:00
800939,indonesia,2025-03-02 00:57:22.087248+00:00,2025-03-02 09:36:00.986468+00:00
800939,architect,2025-03-02 00:57:22.087248+00:00,2025-03-02 09:36:00.986468+00:00
801112,1850s,2025-03-02 00:57:22.087248+00:00,2025-03-02 09:36:00.986468+00:00
801112,baptism,2025-03-02 00:57:22.087248+00:00,2025-03-02 09:36:00.986468+00:00
801112,1800s,2025-03-02 00:57:22.087248+00:00,2025-03-02 09:36:00.986468+00:00
801112,19th century,2025-03-02 00:57:22.087248+00:00,2025-03-02 09:36:00.986468+00:00
801112,child kidnapping,2025-03-02 00:57:22.087248+00:00,2025-03-02 09:36:00.986468+00:00
801112,pope,2025-03-02 00:57:22.087248+00:00,2025-03-02 09:36:00.986468+00:00
801112,bologna,2025-03-02 00:57:22.087248+00:00,2025-03-02 09:36:00.986468+00:00
801112,italy,2025-03-02 00:57:22.087248+00:00,2025-03-02 09:36:00.986468+00:00
802219,jamaica,2025-03-02 00:57:22.087248+00:00,2025-03-02 09:36:00.986468+00:00
802219,romantic,2025-03-02 00:57:22.087248+00:00,2025-03-02 09:36:00.986468+00:00
802219,bewildered,2025-03-02 00:57:22.087248+00:00,2025-03-02 09:36:00.986468+00:00
802219,"london, england",2025-03-02 00:57:22.087248+00:00,2025-03-02 09:36:00.986468+00:00
802219,weed,2025-03-02 00:57:22.087248+00:00,2025-03-02 09:36:00.986468+00:00
802219,dramatic,2025-03-02 00:57:22.087248+00:00,2025-03-02 09:36:00.986468+00:00
802219,assassination attempt,2025-03-02 00:57:22.087248+00:00,2025-03-02 09:36:00.986468+00:00
802219,absurd,2025-03-02 00:57:22.087248+00:00,2025-03-02 09:36:00.986468+00:00
802219,biography,2025-03-02 00:57:22.087248+00:00,2025-03-02 09:36:00.986468+00:00
802219,reggae music,2025-03-02 00:57:22.087248+00:00,2025-03-02 09:36:00.986468+00:00
802219,earnest,2025-03-02 00:57:22.087248+00:00,2025-03-02 09:36:00.986468+00:00
802219,cliché,2025-03-02 00:57:22.087248+00:00,2025-03-02 09:36:00.986468+00:00
802219,rastafarian,2025-03-02 00:57:22.087248+00:00,2025-03-02 09:36:00.986468+00:00
803700,mountain,2025-03-02 00:57:22.087248+00:00,2025-03-02 09:36:00.986468+00:00
803700,friendship,2025-03-02 00:57:22.087248+00:00,2025-03-02 09:36:00.986468+00:00
803700,building a house,2025-03-02 00:57:22.087248+00:00,2025-03-02 09:36:00.986468+00:00
803700,alps,2025-03-02 00:57:22.087248+00:00,2025-03-02 09:36:00.986468+00:00
803700,based on novel or book,2025-03-02 00:57:22.087248+00:00,2025-03-02 09:36:00.986468+00:00
803700,father son relationship,2025-03-02 00:57:22.087248+00:00,2025-03-02 09:36:00.986468+00:00
803700,male friendship,2025-03-02 00:57:22.087248+00:00,2025-03-02 09:36:00.986468+00:00
804032,lgbt teen,2025-03-02 00:57:22.087248+00:00,2025-03-02 09:36:00.986468+00:00
804032,high school,2025-03-02 00:57:22.087248+00:00,2025-03-02 09:36:00.986468+00:00
804032,coming of age,2025-03-02 00:57:22.087248+00:00,2025-03-02 09:36:00.986468+00:00
804032,lgbt,2025-03-02 00:57:22.087248+00:00,2025-03-02 09:36:00.986468+00:00
804032,boys' love (bl),2025-03-02 00:57:22.087248+00:00,2025-03-02 09:36:00.986468+00:00
804032,gay theme,2025-03-02 00:57:22.087248+00:00,2025-03-02 09:36:00.986468+00:00
804095,mother son relationship,2025-03-02 00:57:22.087248+00:00,2025-03-02 09:36:00.986468+00:00
804095,family relationships,2025-03-02 00:57:22.087248+00:00,2025-03-02 09:36:00.986468+00:00
804095,introspective,2025-03-02 00:57:22.087248+00:00,2025-03-02 09:36:00.986468+00:00
804095,comforting,2025-03-02 00:57:22.087248+00:00,2025-03-02 09:36:00.986468+00:00
804095,admiring,2025-03-02 00:57:22.087248+00:00,2025-03-02 09:36:00.986468+00:00
804095,adoring,2025-03-02 00:57:22.087248+00:00,2025-03-02 09:36:00.986468+00:00
804095,childhood,2025-03-02 00:57:22.087248+00:00,2025-03-02 09:36:00.986468+00:00
804095,coming of age,2025-03-02 00:57:22.087248+00:00,2025-03-02 09:36:00.986468+00:00
804095,empathetic,2025-03-02 00:57:22.087248+00:00,2025-03-02 09:36:00.986468+00:00
804095,compassionate,2025-03-02 00:57:22.087248+00:00,2025-03-02 09:36:00.986468+00:00
804095,teenage boy,2025-03-02 00:57:22.087248+00:00,2025-03-02 09:36:00.986468+00:00
804095,husband wife relationship,2025-03-02 00:57:22.087248+00:00,2025-03-02 09:36:00.986468+00:00
804095,semi autobiographical,2025-03-02 00:57:22.087248+00:00,2025-03-02 09:36:00.986468+00:00
804095,filmmaking,2025-03-02 00:57:22.087248+00:00,2025-03-02 09:36:00.986468+00:00
804095,arizona,2025-03-02 00:57:22.087248+00:00,2025-03-02 09:36:00.986468+00:00
804095,sympathetic,2025-03-02 00:57:22.087248+00:00,2025-03-02 09:36:00.986468+00:00
804095,marital problem,2025-03-02 00:57:22.087248+00:00,2025-03-02 09:36:00.986468+00:00
804095,big dreams,2025-03-02 00:57:22.087248+00:00,2025-03-02 09:36:00.986468+00:00
804095,anti-semitism,2025-03-02 00:57:22.087248+00:00,2025-03-02 09:36:00.986468+00:00
804095,powerful,2025-03-02 00:57:22.087248+00:00,2025-03-02 09:36:00.986468+00:00
804095,father son relationship,2025-03-02 00:57:22.087248+00:00,2025-03-02 09:36:00.986468+00:00
804095,high school,2025-03-02 00:57:22.087248+00:00,2025-03-02 09:36:00.986468+00:00
804095,bullying,2025-03-02 00:57:22.087248+00:00,2025-03-02 09:36:00.986468+00:00
804150,duringcreditsstinger,2025-03-02 00:57:22.087248+00:00,2025-03-02 09:36:00.986468+00:00
804150,casual,2025-03-02 00:57:22.087248+00:00,2025-03-02 09:36:00.986468+00:00
804150,black bear,2025-03-02 00:57:22.087248+00:00,2025-03-02 09:36:00.986468+00:00
804150,apex predator,2025-03-02 00:57:22.087248+00:00,2025-03-02 09:36:00.986468+00:00
804150,based on true story,2025-03-02 00:57:22.087248+00:00,2025-03-02 09:36:00.986468+00:00
804150,animal attack,2025-03-02 00:57:22.087248+00:00,2025-03-02 09:36:00.986468+00:00
804150,georgia,2025-03-02 00:57:22.087248+00:00,2025-03-02 09:36:00.986468+00:00
804150,woman director,2025-03-02 00:57:22.087248+00:00,2025-03-02 09:36:00.986468+00:00
804150,cocaine,2025-03-02 00:57:22.087248+00:00,2025-03-02 09:36:00.986468+00:00
804150,rampage,2025-03-02 00:57:22.087248+00:00,2025-03-02 09:36:00.986468+00:00
804251,catalan cinema,2025-03-02 00:57:22.087248+00:00,2025-03-02 09:36:00.986468+00:00
804251,"catalonia, spain",2025-03-02 00:57:22.087248+00:00,2025-03-02 09:36:00.986468+00:00
804251,summer,2025-03-02 00:57:22.087248+00:00,2025-03-02 09:36:00.986468+00:00
804251,orchard,2025-03-02 00:57:22.087248+00:00,2025-03-02 09:36:00.986468+00:00
804435,hostage,2025-03-02 00:57:22.087248+00:00,2025-03-02 09:36:00.986468+00:00
804435,retired cop,2025-03-02 00:57:22.087248+00:00,2025-03-02 09:36:00.986468+00:00
804435,police,2025-03-02 00:57:22.087248+00:00,2025-03-02 09:36:00.986468+00:00
804593,tang,2025-03-02 00:57:22.087248+00:00,2025-03-02 09:36:00.986468+00:00
804616,лесбиянка бывшая девушка,2025-03-02 00:57:22.087248+00:00,2025-03-02 09:36:00.986468+00:00
804616,lost at sea,2025-03-02 00:57:22.087248+00:00,2025-03-02 09:36:00.986468+00:00
804616,shark attack,2025-03-02 00:57:22.087248+00:00,2025-03-02 09:36:00.986468+00:00
804616,struggle for survival,2025-03-02 00:57:22.087248+00:00,2025-03-02 09:36:00.986468+00:00
804616,survival,2025-03-02 00:57:22.087248+00:00,2025-03-02 09:36:00.986468+00:00
804616,killer shark,2025-03-02 00:57:22.087248+00:00,2025-03-02 09:36:00.986468+00:00
804616,wedding,2025-03-02 00:57:22.087248+00:00,2025-03-02 09:36:00.986468+00:00
804616,bikini babes,2025-03-02 00:57:22.087248+00:00,2025-03-02 09:36:00.986468+00:00
804616,female friendship,2025-03-02 00:57:22.087248+00:00,2025-03-02 09:36:00.986468+00:00
804616,shark,2025-03-02 00:57:22.087248+00:00,2025-03-02 09:36:00.986468+00:00
804616,лесбийский персонаж,2025-03-02 00:57:22.087248+00:00,2025-03-02 09:36:00.986468+00:00
804616,wedding at sea,2025-03-02 00:57:22.087248+00:00,2025-03-02 09:36:00.986468+00:00
804725,youth,2025-03-02 00:57:22.087248+00:00,2025-03-02 09:36:00.986468+00:00
804725,investigation,2025-03-02 00:57:22.087248+00:00,2025-03-02 09:36:00.986468+00:00
804725,time travel,2025-03-02 00:57:22.087248+00:00,2025-03-02 09:36:00.986468+00:00
804725,romance,2025-03-02 00:57:22.087248+00:00,2025-03-02 09:36:00.986468+00:00
804868,luthier,2025-03-02 00:57:22.087248+00:00,2025-03-02 09:36:00.986468+00:00
806128,father son relationship,2025-03-02 00:57:22.087248+00:00,2025-03-02 09:36:00.986468+00:00
806128,joseon dynasty (1392–1910),2025-03-02 00:57:22.087248+00:00,2025-03-02 09:36:00.986468+00:00
806128,needle,2025-03-02 00:57:22.087248+00:00,2025-03-02 09:36:00.986468+00:00
806128,blindness,2025-03-02 00:57:22.087248+00:00,2025-03-02 09:36:00.986468+00:00
806128,royal family,2025-03-02 00:57:22.087248+00:00,2025-03-02 09:36:00.986468+00:00
806128,murder mystery,2025-03-02 00:57:22.087248+00:00,2025-03-02 09:36:00.986468+00:00
806128,doctor,2025-03-02 00:57:22.087248+00:00,2025-03-02 09:36:00.986468+00:00
806128,medical treatment,2025-03-02 00:57:22.087248+00:00,2025-03-02 09:36:00.986468+00:00
806128,crown prince,2025-03-02 00:57:22.087248+00:00,2025-03-02 09:36:00.986468+00:00
806368,child of divorce,2025-03-02 00:57:22.087248+00:00,2025-03-02 09:36:00.986468+00:00
806368,divorced parents,2025-03-02 00:57:22.087248+00:00,2025-03-02 09:36:00.986468+00:00
806368,mental illness,2025-03-02 00:57:22.087248+00:00,2025-03-02 09:36:00.986468+00:00
806368,depression,2025-03-02 00:57:22.087248+00:00,2025-03-02 09:36:00.986468+00:00
806368,self-harm,2025-03-02 00:57:22.087248+00:00,2025-03-02 09:36:00.986468+00:00
806368,father son conflict,2025-03-02 00:57:22.087248+00:00,2025-03-02 09:36:00.986468+00:00
806368,suicide,2025-03-02 00:57:22.087248+00:00,2025-03-02 09:36:00.986468+00:00
806368,hard,2025-03-02 00:57:22.087248+00:00,2025-03-02 09:36:00.986468+00:00
806368,mental health,2025-03-02 00:57:22.087248+00:00,2025-03-02 09:36:00.986468+00:00
807196,based on short,2025-03-02 00:57:22.087248+00:00,2025-03-02 09:36:00.986468+00:00
807196,one take,2025-03-02 00:57:22.087248+00:00,2025-03-02 09:36:00.986468+00:00
807196,mental health,2025-03-02 00:57:22.087248+00:00,2025-03-02 09:36:00.986468+00:00
807196,kitchen,2025-03-02 00:57:22.087248+00:00,2025-03-02 09:36:00.986468+00:00
807196,bold,2025-03-02 00:57:22.087248+00:00,2025-03-02 09:36:00.986468+00:00
807196,"london, england",2025-03-02 00:57:22.087248+00:00,2025-03-02 09:36:00.986468+00:00
807196,tense,2025-03-02 00:57:22.087248+00:00,2025-03-02 09:36:00.986468+00:00
807196,stress,2025-03-02 00:57:22.087248+00:00,2025-03-02 09:36:00.986468+00:00
807196,depression,2025-03-02 00:57:22.087248+00:00,2025-03-02 09:36:00.986468+00:00
807196,chef,2025-03-02 00:57:22.087248+00:00,2025-03-02 09:36:00.986468+00:00
807196,bartender,2025-03-02 00:57:22.087248+00:00,2025-03-02 09:36:00.986468+00:00
807196,cuisine,2025-03-02 00:57:22.087248+00:00,2025-03-02 09:36:00.986468+00:00
807196,addiction,2025-03-02 00:57:22.087248+00:00,2025-03-02 09:36:00.986468+00:00
807196,alcoholism,2025-03-02 00:57:22.087248+00:00,2025-03-02 09:36:00.986468+00:00
807196,fine dining,2025-03-02 00:57:22.087248+00:00,2025-03-02 09:36:00.986468+00:00
807196,christmas,2025-03-02 00:57:22.087248+00:00,2025-03-02 09:36:00.986468+00:00
807196,restaurant,2025-03-02 00:57:22.087248+00:00,2025-03-02 09:36:00.986468+00:00
807196,food critic,2025-03-02 00:57:22.087248+00:00,2025-03-02 09:36:00.986468+00:00
807196,waitress,2025-03-02 00:57:22.087248+00:00,2025-03-02 09:36:00.986468+00:00
807196,tragic,2025-03-02 00:57:22.087248+00:00,2025-03-02 09:36:00.986468+00:00
808667,serial killer,2025-03-02 00:57:22.087248+00:00,2025-03-02 09:36:00.986468+00:00
809488,biography,2025-03-02 00:57:22.087248+00:00,2025-03-02 09:36:00.986468+00:00
809488,mangaka,2025-03-02 00:57:22.087248+00:00,2025-03-02 09:36:00.986468+00:00
809488,tribute,2025-03-02 00:57:22.087248+00:00,2025-03-02 09:36:00.986468+00:00
809488,cartoonist,2025-03-02 00:57:22.087248+00:00,2025-03-02 09:36:00.986468+00:00
809488,cinema,2025-03-02 00:57:22.087248+00:00,2025-03-02 09:36:00.986468+00:00
809488,cartoon,2025-03-02 00:57:22.087248+00:00,2025-03-02 09:36:00.986468+00:00
809488,japanese man,2025-03-02 00:57:22.087248+00:00,2025-03-02 09:36:00.986468+00:00
810406,based on novel or book,2025-03-02 00:57:22.087248+00:00,2025-03-02 09:36:00.986468+00:00
810406,boys' love (bl),2025-03-02 00:57:22.087248+00:00,2025-03-02 09:36:00.986468+00:00
810674,based on manga,2025-03-02 00:57:22.087248+00:00,2025-03-02 09:36:00.986468+00:00
810674,slice of life,2025-03-02 00:57:22.087248+00:00,2025-03-02 09:36:00.986468+00:00
810674,romance,2025-03-02 00:57:22.087248+00:00,2025-03-02 09:36:00.986468+00:00
810674,school,2025-03-02 00:57:22.087248+00:00,2025-03-02 09:36:00.986468+00:00
810674,erotic,2025-03-02 00:57:22.087248+00:00,2025-03-02 09:36:00.986468+00:00
810677,prostitution,2025-03-02 00:57:22.087248+00:00,2025-03-02 09:36:00.986468+00:00
810677,woman director,2025-03-02 00:57:22.087248+00:00,2025-03-02 09:36:00.986468+00:00
810677,mother son relationship,2025-03-02 00:57:22.087248+00:00,2025-03-02 09:36:00.986468+00:00
810693,shounen,2025-03-02 00:57:22.087248+00:00,2025-03-02 09:36:00.986468+00:00
810693,spirit,2025-03-02 00:57:22.087248+00:00,2025-03-02 09:36:00.986468+00:00
810693,tragedy,2025-03-02 00:57:22.087248+00:00,2025-03-02 09:36:00.986468+00:00
810693,paranormal,2025-03-02 00:57:22.087248+00:00,2025-03-02 09:36:00.986468+00:00
810693,school life,2025-03-02 00:57:22.087248+00:00,2025-03-02 09:36:00.986468+00:00
810693,prequel,2025-03-02 00:57:22.087248+00:00,2025-03-02 09:36:00.986468+00:00
810693,demon,2025-03-02 00:57:22.087248+00:00,2025-03-02 09:36:00.986468+00:00
810693,based on manga,2025-03-02 00:57:22.087248+00:00,2025-03-02 09:36:00.986468+00:00
810693,supernatural,2025-03-02 00:57:22.087248+00:00,2025-03-02 09:36:00.986468+00:00
810693,anime,2025-03-02 00:57:22.087248+00:00,2025-03-02 09:36:00.986468+00:00
810693,exorcism,2025-03-02 00:57:22.087248+00:00,2025-03-02 09:36:00.986468+00:00
810693,curse,2025-03-02 00:57:22.087248+00:00,2025-03-02 09:36:00.986468+00:00
811592,seige,2025-03-02 00:57:22.087248+00:00,2025-03-02 09:36:00.986468+00:00
811592,war on terror,2025-03-02 00:57:22.087248+00:00,2025-03-02 09:36:00.986468+00:00
811592,u.s. navy seal,2025-03-02 00:57:22.087248+00:00,2025-03-02 09:36:00.986468+00:00
811596,informative,2025-03-02 00:57:22.087248+00:00,2025-03-02 09:36:00.986468+00:00
811596,dramatic,2025-03-02 00:57:22.087248+00:00,2025-03-02 09:36:00.986468+00:00
811596,based on true story,2025-03-02 00:57:22.087248+00:00,2025-03-02 09:36:00.986468+00:00
811596,compassionate,2025-03-02 00:57:22.087248+00:00,2025-03-02 09:36:00.986468+00:00
812037,older woman younger man relationship,2025-03-02 00:57:22.087248+00:00,2025-03-02 09:36:00.986468+00:00
812037,remake,2025-03-02 00:57:22.087248+00:00,2025-03-02 09:36:00.986468+00:00
812037,unfaithful wife,2025-03-02 00:57:22.087248+00:00,2025-03-02 09:36:00.986468+00:00
812037,stepmother stepson relationship,2025-03-02 00:57:22.087248+00:00,2025-03-02 09:36:00.986468+00:00
812037,coming of age,2025-03-02 00:57:22.087248+00:00,2025-03-02 09:36:00.986468+00:00
813079,investigation,2025-03-02 00:57:22.087248+00:00,2025-03-02 09:36:00.986468+00:00
813079,second-hand market,2025-03-02 00:57:22.087248+00:00,2025-03-02 09:36:00.986468+00:00
813079,detective,2025-03-02 00:57:22.087248+00:00,2025-03-02 09:36:00.986468+00:00
813477,reboot,2025-03-02 00:57:22.087248+00:00,2025-03-02 09:36:00.986468+00:00
813477,body modification,2025-03-02 00:57:22.087248+00:00,2025-03-02 09:36:00.986468+00:00
813477,based on tv series,2025-03-02 00:57:22.087248+00:00,2025-03-02 09:36:00.986468+00:00
813477,race politics,2025-03-02 00:57:22.087248+00:00,2025-03-02 09:36:00.986468+00:00
813477,secret organization,2025-03-02 00:57:22.087248+00:00,2025-03-02 09:36:00.986468+00:00
813477,henshin heroes,2025-03-02 00:57:22.087248+00:00,2025-03-02 09:36:00.986468+00:00
813477,mysterious disappearance,2025-03-02 00:57:22.087248+00:00,2025-03-02 09:36:00.986468+00:00
813477,superhero,2025-03-02 00:57:22.087248+00:00,2025-03-02 09:36:00.986468+00:00
813477,masked superhero,2025-03-02 00:57:22.087248+00:00,2025-03-02 09:36:00.986468+00:00
813477,motorcycle,2025-03-02 00:57:22.087248+00:00,2025-03-02 09:36:00.986468+00:00
813477,racism,2025-03-02 00:57:22.087248+00:00,2025-03-02 09:36:00.986468+00:00
813477,body horror,2025-03-02 00:57:22.087248+00:00,2025-03-02 09:36:00.986468+00:00
813477,tokusatsu,2025-03-02 00:57:22.087248+00:00,2025-03-02 09:36:00.986468+00:00
813477,based on manga,2025-03-02 00:57:22.087248+00:00,2025-03-02 09:36:00.986468+00:00
814757,mental illness,2025-03-02 00:57:22.087248+00:00,2025-03-02 09:36:00.986468+00:00
814757,movie theater,2025-03-02 00:57:22.087248+00:00,2025-03-02 09:36:00.986468+00:00
814757,love,2025-03-02 00:57:22.087248+00:00,2025-03-02 09:36:00.986468+00:00
814757,seaside town,2025-03-02 00:57:22.087248+00:00,2025-03-02 09:36:00.986468+00:00
814757,projectionist,2025-03-02 00:57:22.087248+00:00,2025-03-02 09:36:00.986468+00:00
814757,1980s,2025-03-02 00:57:22.087248+00:00,2025-03-02 09:36:00.986468+00:00
814757,racism,2025-03-02 00:57:22.087248+00:00,2025-03-02 09:36:00.986468+00:00
814757,race relations,2025-03-02 00:57:22.087248+00:00,2025-03-02 09:36:00.986468+00:00
814757,interracial relationship,2025-03-02 00:57:22.087248+00:00,2025-03-02 09:36:00.986468+00:00
814757,england,2025-03-02 00:57:22.087248+00:00,2025-03-02 09:36:00.986468+00:00
814757,lost soul,2025-03-02 00:57:22.087248+00:00,2025-03-02 09:36:00.986468+00:00
814889,shapeshifting,2025-03-02 00:57:22.087248+00:00,2025-03-02 09:36:00.986468+00:00
814889,woods,2025-03-02 00:57:22.087248+00:00,2025-03-02 09:36:00.986468+00:00
814889,psychological horror,2025-03-02 00:57:22.087248+00:00,2025-03-02 09:36:00.986468+00:00
817758,conductor,2025-03-02 00:57:22.087248+00:00,2025-03-02 09:36:00.986468+00:00
817758,"berlin, germany",2025-03-02 00:57:22.087248+00:00,2025-03-02 09:36:00.986468+00:00
817758,orchestra,2025-03-02 00:57:22.087248+00:00,2025-03-02 09:36:00.986468+00:00
817758,adopted child,2025-03-02 00:57:22.087248+00:00,2025-03-02 09:36:00.986468+00:00
817758,lgbt,2025-03-02 00:57:22.087248+00:00,2025-03-02 09:36:00.986468+00:00
817758,metoo,2025-03-02 00:57:22.087248+00:00,2025-03-02 09:36:00.986468+00:00
817758,concert pianist,2025-03-02 00:57:22.087248+00:00,2025-03-02 09:36:00.986468+00:00
817758,cancel culture,2025-03-02 00:57:22.087248+00:00,2025-03-02 09:36:00.986468+00:00
817758,character study,2025-03-02 00:57:22.087248+00:00,2025-03-02 09:36:00.986468+00:00
817758,composer,2025-03-02 00:57:22.087248+00:00,2025-03-02 09:36:00.986468+00:00
817758,fictional biography,2025-03-02 00:57:22.087248+00:00,2025-03-02 09:36:00.986468+00:00
817758,infidelity,2025-03-02 00:57:22.087248+00:00,2025-03-02 09:36:00.986468+00:00
817758,philippines,2025-03-02 00:57:22.087248+00:00,2025-03-02 09:36:00.986468+00:00
817758,new york city,2025-03-02 00:57:22.087248+00:00,2025-03-02 09:36:00.986468+00:00
817758,classical music,2025-03-02 00:57:22.087248+00:00,2025-03-02 09:36:00.986468+00:00
817758,musician,2025-03-02 00:57:22.087248+00:00,2025-03-02 09:36:00.986468+00:00
818192,ida red,2025-03-02 00:57:22.087248+00:00,2025-03-02 09:36:00.986468+00:00
818397,assassin,2025-03-02 00:57:22.087248+00:00,2025-03-02 09:36:00.986468+00:00
818397,remake,2025-03-02 00:57:22.087248+00:00,2025-03-02 09:36:00.986468+00:00
818397,assertive,2025-03-02 00:57:22.087248+00:00,2025-03-02 09:36:00.986468+00:00
818397,alzheimer's disease,2025-03-02 00:57:22.087248+00:00,2025-03-02 09:36:00.986468+00:00
818415,war,2025-03-02 00:57:22.087248+00:00,2025-03-02 09:36:00.986468+00:00
819163,based on true story,2025-03-02 00:57:22.087248+00:00,2025-03-02 09:36:00.986468+00:00
819876,biotech company,2025-03-02 00:57:22.087248+00:00,2025-03-02 09:36:00.986468+00:00
819876,evolution,2025-03-02 00:57:22.087248+00:00,2025-03-02 09:36:00.986468+00:00
819876,surgery,2025-03-02 00:57:22.087248+00:00,2025-03-02 09:36:00.986468+00:00
819876,dystopia,2025-03-02 00:57:22.087248+00:00,2025-03-02 09:36:00.986468+00:00
819876,organ harvesting,2025-03-02 00:57:22.087248+00:00,2025-03-02 09:36:00.986468+00:00
819876,human evolution,2025-03-02 00:57:22.087248+00:00,2025-03-02 09:36:00.986468+00:00
819876,detective,2025-03-02 00:57:22.087248+00:00,2025-03-02 09:36:00.986468+00:00
819876,shipyard,2025-03-02 00:57:22.087248+00:00,2025-03-02 09:36:00.986468+00:00
819876,body horror,2025-03-02 00:57:22.087248+00:00,2025-03-02 09:36:00.986468+00:00
819876,murder,2025-03-02 00:57:22.087248+00:00,2025-03-02 09:36:00.986468+00:00
819876,transhumanism,2025-03-02 00:57:22.087248+00:00,2025-03-02 09:36:00.986468+00:00
819876,performance art,2025-03-02 00:57:22.087248+00:00,2025-03-02 09:36:00.986468+00:00
820067,harem,2025-03-02 00:57:22.087248+00:00,2025-03-02 09:36:00.986468+00:00
820067,school,2025-03-02 00:57:22.087248+00:00,2025-03-02 09:36:00.986468+00:00
820067,romance,2025-03-02 00:57:22.087248+00:00,2025-03-02 09:36:00.986468+00:00
820067,anime,2025-03-02 00:57:22.087248+00:00,2025-03-02 09:36:00.986468+00:00
820067,adolescence,2025-03-02 00:57:22.087248+00:00,2025-03-02 09:36:00.986468+00:00
820067,sister,2025-03-02 00:57:22.087248+00:00,2025-03-02 09:36:00.986468+00:00
820067,based on manga,2025-03-02 00:57:22.087248+00:00,2025-03-02 09:36:00.986468+00:00
820067,slice of life,2025-03-02 00:57:22.087248+00:00,2025-03-02 09:36:00.986468+00:00
820530,based on manga,2025-03-02 00:57:22.087248+00:00,2025-03-02 09:36:00.986468+00:00
820530,acting,2025-03-02 00:57:22.087248+00:00,2025-03-02 09:36:00.986468+00:00
820530,gay romance,2025-03-02 00:57:22.087248+00:00,2025-03-02 09:36:00.986468+00:00
820530,lgbt,2025-03-02 00:57:22.087248+00:00,2025-03-02 09:36:00.986468+00:00
820530,boys' love (bl),2025-03-02 00:57:22.087248+00:00,2025-03-02 09:36:00.986468+00:00
820530,foreign,2025-03-02 00:57:22.087248+00:00,2025-03-02 09:36:00.986468+00:00
820530,dancing,2025-03-02 00:57:22.087248+00:00,2025-03-02 09:36:00.986468+00:00
820697,interracial relationship,2025-03-02 00:57:22.087248+00:00,2025-03-02 09:36:00.986468+00:00
820697,scent,2025-03-02 00:57:22.087248+00:00,2025-03-02 09:36:00.986468+00:00
820697,woman director,2025-03-02 00:57:22.087248+00:00,2025-03-02 09:36:00.986468+00:00
821153,korean army,2025-03-02 00:57:22.087248+00:00,2025-03-02 09:36:00.986468+00:00
821153,inter-korean relations,2025-03-02 00:57:22.087248+00:00,2025-03-02 09:36:00.986468+00:00
821153,lottery ticket,2025-03-02 00:57:22.087248+00:00,2025-03-02 09:36:00.986468+00:00
821153,winning lottery,2025-03-02 00:57:22.087248+00:00,2025-03-02 09:36:00.986468+00:00
821427,crew,2025-03-02 00:57:22.087248+00:00,2025-03-02 09:36:00.986468+00:00
821427,training-montage,2025-03-02 00:57:22.087248+00:00,2025-03-02 09:36:00.986468+00:00
821427,water sports,2025-03-02 00:57:22.087248+00:00,2025-03-02 09:36:00.986468+00:00
821427,collegiate sports,2025-03-02 00:57:22.087248+00:00,2025-03-02 09:36:00.986468+00:00
821427,obsession,2025-03-02 00:57:22.087248+00:00,2025-03-02 09:36:00.986468+00:00
821427,woman director,2025-03-02 00:57:22.087248+00:00,2025-03-02 09:36:00.986468+00:00
821427,rowing,2025-03-02 00:57:22.087248+00:00,2025-03-02 09:36:00.986468+00:00
821494,filmmaking,2025-03-02 00:57:22.087248+00:00,2025-03-02 09:36:00.986468+00:00
821494,nostalgic,2025-03-02 00:57:22.087248+00:00,2025-03-02 09:36:00.986468+00:00
821494,indian food,2025-03-02 00:57:22.087248+00:00,2025-03-02 09:36:00.986468+00:00
821494,celluloid,2025-03-02 00:57:22.087248+00:00,2025-03-02 09:36:00.986468+00:00
821494,semi autobiographical,2025-03-02 00:57:22.087248+00:00,2025-03-02 09:36:00.986468+00:00
821494,storytelling,2025-03-02 00:57:22.087248+00:00,2025-03-02 09:36:00.986468+00:00
821661,holiday,2025-03-02 00:57:22.087248+00:00,2025-03-02 09:36:00.986468+00:00
821661,"seoul, south korea",2025-03-02 00:57:22.087248+00:00,2025-03-02 09:36:00.986468+00:00
821661,hotel,2025-03-02 00:57:22.087248+00:00,2025-03-02 09:36:00.986468+00:00
821661,christmas romance,2025-03-02 00:57:22.087248+00:00,2025-03-02 09:36:00.986468+00:00
823147,redemption,2025-03-02 00:57:22.087248+00:00,2025-03-02 09:36:00.986468+00:00
823147,alcoholism,2025-03-02 00:57:22.087248+00:00,2025-03-02 09:36:00.986468+00:00
823147,seventies,2025-03-02 00:57:22.087248+00:00,2025-03-02 09:36:00.986468+00:00
823147,texas,2025-03-02 00:57:22.087248+00:00,2025-03-02 09:36:00.986468+00:00
823147,addiction,2025-03-02 00:57:22.087248+00:00,2025-03-02 09:36:00.986468+00:00
823147,lottery,2025-03-02 00:57:22.087248+00:00,2025-03-02 09:36:00.986468+00:00
823219,fantasy,2025-03-02 00:57:22.087248+00:00,2025-03-02 09:36:00.986468+00:00
823219,adventure,2025-03-02 00:57:22.087248+00:00,2025-03-02 09:36:00.986468+00:00
823219,dog,2025-03-02 00:57:22.087248+00:00,2025-03-02 09:36:00.986468+00:00
823219,golden retriever,2025-03-02 00:57:22.087248+00:00,2025-03-02 09:36:00.986468+00:00
823219,cat,2025-03-02 00:57:22.087248+00:00,2025-03-02 09:36:00.986468+00:00
823219,bird,2025-03-02 00:57:22.087248+00:00,2025-03-02 09:36:00.986468+00:00
823219,capybara,2025-03-02 00:57:22.087248+00:00,2025-03-02 09:36:00.986468+00:00
823219,ocean,2025-03-02 00:57:22.087248+00:00,2025-03-02 09:36:00.986468+00:00
823219,boat,2025-03-02 00:57:22.087248+00:00,2025-03-02 09:36:00.986468+00:00
823219,lemur,2025-03-02 00:57:22.087248+00:00,2025-03-02 09:36:00.986468+00:00
823219,3d animation,2025-03-02 00:57:22.087248+00:00,2025-03-02 09:36:00.986468+00:00
823219,flood,2025-03-02 00:57:22.087248+00:00,2025-03-02 09:36:00.986468+00:00
823219,dystopia,2025-03-02 00:57:22.087248+00:00,2025-03-02 09:36:00.986468+00:00
823482,professor,2025-03-02 00:57:22.087248+00:00,2025-03-02 09:36:00.986468+00:00
823482,satire,2025-03-02 00:57:22.087248+00:00,2025-03-02 09:36:00.986468+00:00
823482,unassuming,2025-03-02 00:57:22.087248+00:00,2025-03-02 09:36:00.986468+00:00
823482,absurd,2025-03-02 00:57:22.087248+00:00,2025-03-02 09:36:00.986468+00:00
823482,dreams,2025-03-02 00:57:22.087248+00:00,2025-03-02 09:36:00.986468+00:00
823482,subconsciousness,2025-03-02 00:57:22.087248+00:00,2025-03-02 09:36:00.986468+00:00
823482,family relationships,2025-03-02 00:57:22.087248+00:00,2025-03-02 09:36:00.986468+00:00
823482,nightmare,2025-03-02 00:57:22.087248+00:00,2025-03-02 09:36:00.986468+00:00
823482,psychological,2025-03-02 00:57:22.087248+00:00,2025-03-02 09:36:00.986468+00:00
823482,dark comedy,2025-03-02 00:57:22.087248+00:00,2025-03-02 09:36:00.986468+00:00
823482,cancel culture,2025-03-02 00:57:22.087248+00:00,2025-03-02 09:36:00.986468+00:00
823625,conspiracy,2025-03-02 00:57:22.087248+00:00,2025-03-02 09:36:00.986468+00:00
823625,undercover agent,2025-03-02 00:57:22.087248+00:00,2025-03-02 09:36:00.986468+00:00
823625,fixer,2025-03-02 00:57:22.087248+00:00,2025-03-02 09:36:00.986468+00:00
823625,fbi,2025-03-02 00:57:22.087248+00:00,2025-03-02 09:36:00.986468+00:00
823625,hitman,2025-03-02 00:57:22.087248+00:00,2025-03-02 09:36:00.986468+00:00
823625,blackmail,2025-03-02 00:57:22.087248+00:00,2025-03-02 09:36:00.986468+00:00
824016,hotel,2025-03-02 00:57:22.087248+00:00,2025-03-02 09:36:00.986468+00:00
824016,new year's eve,2025-03-02 00:57:22.087248+00:00,2025-03-02 09:36:00.986468+00:00
824016,switzerland,2025-03-02 00:57:22.087248+00:00,2025-03-02 09:36:00.986468+00:00
824016,penguin,2025-03-02 00:57:22.087248+00:00,2025-03-02 09:36:00.986468+00:00
824202,mystery killer,2025-03-02 00:57:22.087248+00:00,2025-03-02 09:36:00.986468+00:00
824202,whodunit,2025-03-02 00:57:22.087248+00:00,2025-03-02 09:36:00.986468+00:00
824362,lgbt,2025-03-02 00:57:22.087248+00:00,2025-03-02 09:36:00.986468+00:00
824362,gay theme,2025-03-02 00:57:22.087248+00:00,2025-03-02 09:36:00.986468+00:00
824362,boys' love (bl),2025-03-02 00:57:22.087248+00:00,2025-03-02 09:36:00.986468+00:00
824738,summer night,2025-03-02 00:57:22.087248+00:00,2025-03-02 09:36:00.986468+00:00
825808,olympic athlete,2025-03-02 00:57:22.087248+00:00,2025-03-02 09:36:00.986468+00:00
825808,cat,2025-03-02 00:57:22.087248+00:00,2025-03-02 09:36:00.986468+00:00
825808,blind woman,2025-03-02 00:57:22.087248+00:00,2025-03-02 09:36:00.986468+00:00
825808,petsitting,2025-03-02 00:57:22.087248+00:00,2025-03-02 09:36:00.986468+00:00
825808,skier,2025-03-02 00:57:22.087248+00:00,2025-03-02 09:36:00.986468+00:00
825808,remote location,2025-03-02 00:57:22.087248+00:00,2025-03-02 09:36:00.986468+00:00
825808,army veteran,2025-03-02 00:57:22.087248+00:00,2025-03-02 09:36:00.986468+00:00
825808,overprotective mother,2025-03-02 00:57:22.087248+00:00,2025-03-02 09:36:00.986468+00:00
825808,app,2025-03-02 00:57:22.087248+00:00,2025-03-02 09:36:00.986468+00:00
825808,safecracker,2025-03-02 00:57:22.087248+00:00,2025-03-02 09:36:00.986468+00:00
825808,mansion,2025-03-02 00:57:22.087248+00:00,2025-03-02 09:36:00.986468+00:00
825808,independent woman,2025-03-02 00:57:22.087248+00:00,2025-03-02 09:36:00.986468+00:00
825808,wall safe,2025-03-02 00:57:22.087248+00:00,2025-03-02 09:36:00.986468+00:00
825808,security system,2025-03-02 00:57:22.087248+00:00,2025-03-02 09:36:00.986468+00:00
825808,fight for survival,2025-03-02 00:57:22.087248+00:00,2025-03-02 09:36:00.986468+00:00
825808,stubbornness,2025-03-02 00:57:22.087248+00:00,2025-03-02 09:36:00.986468+00:00
825808,thriller,2025-03-02 00:57:22.087248+00:00,2025-03-02 09:36:00.986468+00:00
825808,mother daughter relationship,2025-03-02 00:57:22.087248+00:00,2025-03-02 09:36:00.986468+00:00
825808,robbery crew,2025-03-02 00:57:22.087248+00:00,2025-03-02 09:36:00.986468+00:00
825808,home alone,2025-03-02 00:57:22.087248+00:00,2025-03-02 09:36:00.986468+00:00
825808,blind,2025-03-02 00:57:22.087248+00:00,2025-03-02 09:36:00.986468+00:00
825808,home invasion,2025-03-02 00:57:22.087248+00:00,2025-03-02 09:36:00.986468+00:00
826218,baldness,2025-03-02 00:57:22.087248+00:00,2025-03-02 09:36:00.986468+00:00
826218,beauty standards,2025-03-02 00:57:22.087248+00:00,2025-03-02 09:36:00.986468+00:00
829051,military veteran,2025-03-02 00:57:22.087248+00:00,2025-03-02 09:36:00.986468+00:00
829051,rich family,2025-03-02 00:57:22.087248+00:00,2025-03-02 09:36:00.986468+00:00
829051,yacht,2025-03-02 00:57:22.087248+00:00,2025-03-02 09:36:00.986468+00:00
829051,wealth differences,2025-03-02 00:57:22.087248+00:00,2025-03-02 09:36:00.986468+00:00
829051,hotelier,2025-03-02 00:57:22.087248+00:00,2025-03-02 09:36:00.986468+00:00
829051,future in laws,2025-03-02 00:57:22.087248+00:00,2025-03-02 09:36:00.986468+00:00
829051,culture clash,2025-03-02 00:57:22.087248+00:00,2025-03-02 09:36:00.986468+00:00
829051,eccentric family,2025-03-02 00:57:22.087248+00:00,2025-03-02 09:36:00.986468+00:00
829051,semi autobiographical,2025-03-02 00:57:22.087248+00:00,2025-03-02 09:36:00.986468+00:00
829051,italian immigrant,2025-03-02 00:57:22.087248+00:00,2025-03-02 09:36:00.986468+00:00
829051,"chicago, illinois",2025-03-02 00:57:22.087248+00:00,2025-03-02 09:36:00.986468+00:00
829051,hairstylist,2025-03-02 00:57:22.087248+00:00,2025-03-02 09:36:00.986468+00:00
829051,father son relationship,2025-03-02 00:57:22.087248+00:00,2025-03-02 09:36:00.986468+00:00
829051,woman director,2025-03-02 00:57:22.087248+00:00,2025-03-02 09:36:00.986468+00:00
829051,cheerful,2025-03-02 00:57:22.087248+00:00,2025-03-02 09:36:00.986468+00:00
829051,father son conflict,2025-03-02 00:57:22.087248+00:00,2025-03-02 09:36:00.986468+00:00
829051,artist,2025-03-02 00:57:22.087248+00:00,2025-03-02 09:36:00.986468+00:00
829051,u.s. senator,2025-03-02 00:57:22.087248+00:00,2025-03-02 09:36:00.986468+00:00
829051,country club,2025-03-02 00:57:22.087248+00:00,2025-03-02 09:36:00.986468+00:00
829051,boyfriend girlfriend relationship,2025-03-02 00:57:22.087248+00:00,2025-03-02 09:36:00.986468+00:00
829920,anime,2025-03-02 00:57:22.087248+00:00,2025-03-02 09:36:00.986468+00:00
829920,based on video game,2025-03-02 00:57:22.087248+00:00,2025-03-02 09:36:00.986468+00:00
830784,talking animal,2025-03-02 00:57:22.087248+00:00,2025-03-02 09:36:00.986468+00:00
830784,based on children's book,2025-03-02 00:57:22.087248+00:00,2025-03-02 09:36:00.986468+00:00
830784,live action and animation,2025-03-02 00:57:22.087248+00:00,2025-03-02 09:36:00.986468+00:00
830784,crocodile,2025-03-02 00:57:22.087248+00:00,2025-03-02 09:36:00.986468+00:00
830784,musical,2025-03-02 00:57:22.087248+00:00,2025-03-02 09:36:00.986468+00:00
830784,outsider,2025-03-02 00:57:22.087248+00:00,2025-03-02 09:36:00.986468+00:00
830788,mansion,2025-03-02 00:57:22.087248+00:00,2025-03-02 09:36:00.986468+00:00
830788,drinking blood,2025-03-02 00:57:22.087248+00:00,2025-03-02 09:36:00.986468+00:00
830788,vampire,2025-03-02 00:57:22.087248+00:00,2025-03-02 09:36:00.986468+00:00
830788,suicide,2025-03-02 00:57:22.087248+00:00,2025-03-02 09:36:00.986468+00:00
830788,countryside,2025-03-02 00:57:22.087248+00:00,2025-03-02 09:36:00.986468+00:00
830788,dracula,2025-03-02 00:57:22.087248+00:00,2025-03-02 09:36:00.986468+00:00
830788,marriage,2025-03-02 00:57:22.087248+00:00,2025-03-02 09:36:00.986468+00:00
830788,caterer,2025-03-02 00:57:22.087248+00:00,2025-03-02 09:36:00.986468+00:00
830788,ceramics,2025-03-02 00:57:22.087248+00:00,2025-03-02 09:36:00.986468+00:00
831920,kaiju,2025-03-02 00:57:22.087248+00:00,2025-03-02 09:36:00.986468+00:00
831920,giant monster,2025-03-02 00:57:22.087248+00:00,2025-03-02 09:36:00.986468+00:00
831920,government,2025-03-02 00:57:22.087248+00:00,2025-03-02 09:36:00.986468+00:00
835362,czech history,2025-03-02 00:57:22.087248+00:00,2025-03-02 09:36:00.986468+00:00
835362,czech literature,2025-03-02 00:57:22.087248+00:00,2025-03-02 09:36:00.986468+00:00
835362,biography,2025-03-02 00:57:22.087248+00:00,2025-03-02 09:36:00.986468+00:00
835362,portrait of an artist,2025-03-02 00:57:22.087248+00:00,2025-03-02 09:36:00.986468+00:00
835362,literature,2025-03-02 00:57:22.087248+00:00,2025-03-02 09:36:00.986468+00:00
835362,literature history,2025-03-02 00:57:22.087248+00:00,2025-03-02 09:36:00.986468+00:00
835975,lgbt,2025-03-02 00:57:22.087248+00:00,2025-03-02 09:36:00.986468+00:00
835975,prison,2025-03-02 00:57:22.087248+00:00,2025-03-02 09:36:00.986468+00:00
835975,male homosexuality,2025-03-02 00:57:22.087248+00:00,2025-03-02 09:36:00.986468+00:00
835975,post war germany,2025-03-02 00:57:22.087248+00:00,2025-03-02 09:36:00.986468+00:00
835975,gay theme,2025-03-02 00:57:22.087248+00:00,2025-03-02 09:36:00.986468+00:00
835975,love,2025-03-02 00:57:22.087248+00:00,2025-03-02 09:36:00.986468+00:00
836225,exorcism,2025-03-02 00:57:22.087248+00:00,2025-03-02 09:36:00.986468+00:00
836225,exorcist,2025-03-02 00:57:22.087248+00:00,2025-03-02 09:36:00.986468+00:00
836225,mexico,2025-03-02 00:57:22.087248+00:00,2025-03-02 09:36:00.986468+00:00
836225,wonder,2025-03-02 00:57:22.087248+00:00,2025-03-02 09:36:00.986468+00:00
836225,possessed,2025-03-02 00:57:22.087248+00:00,2025-03-02 09:36:00.986468+00:00
836225,prison,2025-03-02 00:57:22.087248+00:00,2025-03-02 09:36:00.986468+00:00
836225,small town,2025-03-02 00:57:22.087248+00:00,2025-03-02 09:36:00.986468+00:00
836225,possession,2025-03-02 00:57:22.087248+00:00,2025-03-02 09:36:00.986468+00:00
837335,tomb raiding,2025-03-02 00:57:22.087248+00:00,2025-03-02 09:36:00.986468+00:00
837335,1980s,2025-03-02 00:57:22.087248+00:00,2025-03-02 09:36:00.986468+00:00
837335,englishman abroad,2025-03-02 00:57:22.087248+00:00,2025-03-02 09:36:00.986468+00:00
837335,exuberant,2025-03-02 00:57:22.087248+00:00,2025-03-02 09:36:00.986468+00:00
837335,archeology,2025-03-02 00:57:22.087248+00:00,2025-03-02 09:36:00.986468+00:00
837335,magic realism,2025-03-02 00:57:22.087248+00:00,2025-03-02 09:36:00.986468+00:00
837335,chimera,2025-03-02 00:57:22.087248+00:00,2025-03-02 09:36:00.986468+00:00
837881,female journalist,2025-03-02 00:57:22.087248+00:00,2025-03-02 09:36:00.986468+00:00
837881,abuse of power,2025-03-02 00:57:22.087248+00:00,2025-03-02 09:36:00.986468+00:00
837881,journalism,2025-03-02 00:57:22.087248+00:00,2025-03-02 09:36:00.986468+00:00
837881,new york times,2025-03-02 00:57:22.087248+00:00,2025-03-02 09:36:00.986468+00:00
837881,hollywood,2025-03-02 00:57:22.087248+00:00,2025-03-02 09:36:00.986468+00:00
837881,sexual violence,2025-03-02 00:57:22.087248+00:00,2025-03-02 09:36:00.986468+00:00
837881,harvey weinstein,2025-03-02 00:57:22.087248+00:00,2025-03-02 09:36:00.986468+00:00
837881,metoo,2025-03-02 00:57:22.087248+00:00,2025-03-02 09:36:00.986468+00:00
837881,sexual harassment,2025-03-02 00:57:22.087248+00:00,2025-03-02 09:36:00.986468+00:00
837881,biography,2025-03-02 00:57:22.087248+00:00,2025-03-02 09:36:00.986468+00:00
837881,sexual assault,2025-03-02 00:57:22.087248+00:00,2025-03-02 09:36:00.986468+00:00
837881,2010s,2025-03-02 00:57:22.087248+00:00,2025-03-02 09:36:00.986468+00:00
837881,based on novel or book,2025-03-02 00:57:22.087248+00:00,2025-03-02 09:36:00.986468+00:00
837881,judiciary,2025-03-02 00:57:22.087248+00:00,2025-03-02 09:36:00.986468+00:00
838206,cars,2025-03-02 00:57:22.087248+00:00,2025-03-02 09:36:00.986468+00:00
838206,police pursuit,2025-03-02 00:57:22.087248+00:00,2025-03-02 09:36:00.986468+00:00
838206,youtuber,2025-03-02 00:57:22.087248+00:00,2025-03-02 09:36:00.986468+00:00
838209,grave digging,2025-03-02 00:57:22.087248+00:00,2025-03-02 09:36:00.986468+00:00
838209,curse,2025-03-02 00:57:22.087248+00:00,2025-03-02 09:36:00.986468+00:00
838209,shaman,2025-03-02 00:57:22.087248+00:00,2025-03-02 09:36:00.986468+00:00
838209,ancestor,2025-03-02 00:57:22.087248+00:00,2025-03-02 09:36:00.986468+00:00
838209,undertaker,2025-03-02 00:57:22.087248+00:00,2025-03-02 09:36:00.986468+00:00
838209,shamanism,2025-03-02 00:57:22.087248+00:00,2025-03-02 09:36:00.986468+00:00
838209,evil spirits,2025-03-02 00:57:22.087248+00:00,2025-03-02 09:36:00.986468+00:00
838209,grave,2025-03-02 00:57:22.087248+00:00,2025-03-02 09:36:00.986468+00:00
838209,japanese occupation of korea,2025-03-02 00:57:22.087248+00:00,2025-03-02 09:36:00.986468+00:00
838209,coffin,2025-03-02 00:57:22.087248+00:00,2025-03-02 09:36:00.986468+00:00
838209,occult,2025-03-02 00:57:22.087248+00:00,2025-03-02 09:36:00.986468+00:00
838209,tomb,2025-03-02 00:57:22.087248+00:00,2025-03-02 09:36:00.986468+00:00
838209,ghost,2025-03-02 00:57:22.087248+00:00,2025-03-02 09:36:00.986468+00:00
838209,illness,2025-03-02 00:57:22.087248+00:00,2025-03-02 09:36:00.986468+00:00
838209,ritual,2025-03-02 00:57:22.087248+00:00,2025-03-02 09:36:00.986468+00:00
838209,distressing,2025-03-02 00:57:22.087248+00:00,2025-03-02 09:36:00.986468+00:00
838209,exorcism,2025-03-02 00:57:22.087248+00:00,2025-03-02 09:36:00.986468+00:00
838209,vexed,2025-03-02 00:57:22.087248+00:00,2025-03-02 09:36:00.986468+00:00
838240,silent film,2025-03-02 00:57:22.087248+00:00,2025-03-02 09:36:00.986468+00:00
838240,bromance,2025-03-02 00:57:22.087248+00:00,2025-03-02 09:36:00.986468+00:00
838240,friendship,2025-03-02 00:57:22.087248+00:00,2025-03-02 09:36:00.986468+00:00
838240,summer,2025-03-02 00:57:22.087248+00:00,2025-03-02 09:36:00.986468+00:00
838240,robot,2025-03-02 00:57:22.087248+00:00,2025-03-02 09:36:00.986468+00:00
838240,adult animation,2025-03-02 00:57:22.087248+00:00,2025-03-02 09:36:00.986468+00:00
838240,based on comic,2025-03-02 00:57:22.087248+00:00,2025-03-02 09:36:00.986468+00:00
839033,amused,2025-03-02 00:57:22.087248+00:00,2025-03-02 09:36:00.986468+00:00
839033,epic,2025-03-02 00:57:22.087248+00:00,2025-03-02 09:36:00.986468+00:00
839033,based on novel or book,2025-03-02 00:57:22.087248+00:00,2025-03-02 09:36:00.986468+00:00
839033,epic fantasy,2025-03-02 00:57:22.087248+00:00,2025-03-02 09:36:00.986468+00:00
839033,prequel,2025-03-02 00:57:22.087248+00:00,2025-03-02 09:36:00.986468+00:00
839033,anime,2025-03-02 00:57:22.087248+00:00,2025-03-02 09:36:00.986468+00:00
839033,war,2025-03-02 00:57:22.087248+00:00,2025-03-02 09:36:00.986468+00:00
839033,treachery,2025-03-02 00:57:22.087248+00:00,2025-03-02 09:36:00.986468+00:00
839033,fantasy world,2025-03-02 00:57:22.087248+00:00,2025-03-02 09:36:00.986468+00:00
839033,horsemen,2025-03-02 00:57:22.087248+00:00,2025-03-02 09:36:00.986468+00:00
839369,statutory rape,2025-03-02 00:57:22.087248+00:00,2025-03-02 09:36:00.986468+00:00
839369,dark comedy,2025-03-02 00:57:22.087248+00:00,2025-03-02 09:36:00.986468+00:00
839369,dramedy,2025-03-02 00:57:22.087248+00:00,2025-03-02 09:36:00.986468+00:00
839369,method acting,2025-03-02 00:57:22.087248+00:00,2025-03-02 09:36:00.986468+00:00
839369,boundary violations,2025-03-02 00:57:22.087248+00:00,2025-03-02 09:36:00.986468+00:00
839369,scathing,2025-03-02 00:57:22.087248+00:00,2025-03-02 09:36:00.986468+00:00
839369,existentialism,2025-03-02 00:57:22.087248+00:00,2025-03-02 09:36:00.986468+00:00
839369,melodrama,2025-03-02 00:57:22.087248+00:00,2025-03-02 09:36:00.986468+00:00
839369,wry,2025-03-02 00:57:22.087248+00:00,2025-03-02 09:36:00.986468+00:00
839369,based on true story,2025-03-02 00:57:22.087248+00:00,2025-03-02 09:36:00.986468+00:00
839369,sexual abuse,2025-03-02 00:57:22.087248+00:00,2025-03-02 09:36:00.986468+00:00
839369,melodramatic,2025-03-02 00:57:22.087248+00:00,2025-03-02 09:36:00.986468+00:00
839369,reflective,2025-03-02 00:57:22.087248+00:00,2025-03-02 09:36:00.986468+00:00
839369,inflammatory,2025-03-02 00:57:22.087248+00:00,2025-03-02 09:36:00.986468+00:00
839369,savannah georgia,2025-03-02 00:57:22.087248+00:00,2025-03-02 09:36:00.986468+00:00
839369,provocative,2025-03-02 00:57:22.087248+00:00,2025-03-02 09:36:00.986468+00:00
839369,grand,2025-03-02 00:57:22.087248+00:00,2025-03-02 09:36:00.986468+00:00
839369,infidelity,2025-03-02 00:57:22.087248+00:00,2025-03-02 09:36:00.986468+00:00
839369,pedophile,2025-03-02 00:57:22.087248+00:00,2025-03-02 09:36:00.986468+00:00
839369,complex,2025-03-02 00:57:22.087248+00:00,2025-03-02 09:36:00.986468+00:00
839369,older woman younger man relationship,2025-03-02 00:57:22.087248+00:00,2025-03-02 09:36:00.986468+00:00
839369,actress,2025-03-02 00:57:22.087248+00:00,2025-03-02 09:36:00.986468+00:00
839369,candid,2025-03-02 00:57:22.087248+00:00,2025-03-02 09:36:00.986468+00:00
839369,audacious,2025-03-02 00:57:22.087248+00:00,2025-03-02 09:36:00.986468+00:00
839369,tense,2025-03-02 00:57:22.087248+00:00,2025-03-02 09:36:00.986468+00:00
839369,baker,2025-03-02 00:57:22.087248+00:00,2025-03-02 09:36:00.986468+00:00
839369,father son relationship,2025-03-02 00:57:22.087248+00:00,2025-03-02 09:36:00.986468+00:00
840430,sentimental,2025-03-02 00:57:22.087248+00:00,2025-03-02 09:36:00.986468+00:00
840430,playful,2025-03-02 00:57:22.087248+00:00,2025-03-02 09:36:00.986468+00:00
840430,cook,2025-03-02 00:57:22.087248+00:00,2025-03-02 09:36:00.986468+00:00
840430,nostalgic,2025-03-02 00:57:22.087248+00:00,2025-03-02 09:36:00.986468+00:00
840430,holiday,2025-03-02 00:57:22.087248+00:00,2025-03-02 09:36:00.986468+00:00
840430,christmas,2025-03-02 00:57:22.087248+00:00,2025-03-02 09:36:00.986468+00:00
840430,vietnam war,2025-03-02 00:57:22.087248+00:00,2025-03-02 09:36:00.986468+00:00
840430,christmas time,2025-03-02 00:57:22.087248+00:00,2025-03-02 09:36:00.986468+00:00
840430,grief,2025-03-02 00:57:22.087248+00:00,2025-03-02 09:36:00.986468+00:00
840430,loss of son,2025-03-02 00:57:22.087248+00:00,2025-03-02 09:36:00.986468+00:00
840430,compassionate,2025-03-02 00:57:22.087248+00:00,2025-03-02 09:36:00.986468+00:00
840430,new england,2025-03-02 00:57:22.087248+00:00,2025-03-02 09:36:00.986468+00:00
840430,mental illness,2025-03-02 00:57:22.087248+00:00,2025-03-02 09:36:00.986468+00:00
840430,troubled youth,2025-03-02 00:57:22.087248+00:00,2025-03-02 09:36:00.986468+00:00
840430,hilarious,2025-03-02 00:57:22.087248+00:00,2025-03-02 09:36:00.986468+00:00
840430,1970s,2025-03-02 00:57:22.087248+00:00,2025-03-02 09:36:00.986468+00:00
840430,boarding school,2025-03-02 00:57:22.087248+00:00,2025-03-02 09:36:00.986468+00:00
840430,alcoholism,2025-03-02 00:57:22.087248+00:00,2025-03-02 09:36:00.986468+00:00
840430,winter,2025-03-02 00:57:22.087248+00:00,2025-03-02 09:36:00.986468+00:00
840430,intimate,2025-03-02 00:57:22.087248+00:00,2025-03-02 09:36:00.986468+00:00
840430,"boston, massachusetts",2025-03-02 00:57:22.087248+00:00,2025-03-02 09:36:00.986468+00:00
840430,teacher student relationship,2025-03-02 00:57:22.087248+00:00,2025-03-02 09:36:00.986468+00:00
840430,winter break,2025-03-02 00:57:22.087248+00:00,2025-03-02 09:36:00.986468+00:00
840430,boys' boarding school,2025-03-02 00:57:22.087248+00:00,2025-03-02 09:36:00.986468+00:00
840430,misfit,2025-03-02 00:57:22.087248+00:00,2025-03-02 09:36:00.986468+00:00
840528,camping,2025-03-02 00:57:22.087248+00:00,2025-03-02 09:36:00.986468+00:00
840528,abduction,2025-03-02 00:57:22.087248+00:00,2025-03-02 09:36:00.986468+00:00
840528,serial killer,2025-03-02 00:57:22.087248+00:00,2025-03-02 09:36:00.986468+00:00
840705,gender roles,2025-03-02 00:57:22.087248+00:00,2025-03-02 09:36:00.986468+00:00
840705,me too movement,2025-03-02 00:57:22.087248+00:00,2025-03-02 09:36:00.986468+00:00
840705,therapy,2025-03-02 00:57:22.087248+00:00,2025-03-02 09:36:00.986468+00:00
840705,gaslighting,2025-03-02 00:57:22.087248+00:00,2025-03-02 09:36:00.986468+00:00
840705,clinical,2025-03-02 00:57:22.087248+00:00,2025-03-02 09:36:00.986468+00:00
840705,repressed trauma,2025-03-02 00:57:22.087248+00:00,2025-03-02 09:36:00.986468+00:00
840705,woman director,2025-03-02 00:57:22.087248+00:00,2025-03-02 09:36:00.986468+00:00
840705,toxic masculinity,2025-03-02 00:57:22.087248+00:00,2025-03-02 09:36:00.986468+00:00
840705,psychological thriller,2025-03-02 00:57:22.087248+00:00,2025-03-02 09:36:00.986468+00:00
840705,philanthropy,2025-03-02 00:57:22.087248+00:00,2025-03-02 09:36:00.986468+00:00
840705,forgiveness,2025-03-02 00:57:22.087248+00:00,2025-03-02 09:36:00.986468+00:00
840705,psychological manipulation,2025-03-02 00:57:22.087248+00:00,2025-03-02 09:36:00.986468+00:00
840705,self esteem,2025-03-02 00:57:22.087248+00:00,2025-03-02 09:36:00.986468+00:00
840705,seclusion,2025-03-02 00:57:22.087248+00:00,2025-03-02 09:36:00.986468+00:00
840705,abuse of power,2025-03-02 00:57:22.087248+00:00,2025-03-02 09:36:00.986468+00:00
840705,dark comedy,2025-03-02 00:57:22.087248+00:00,2025-03-02 09:36:00.986468+00:00
840705,entitlement,2025-03-02 00:57:22.087248+00:00,2025-03-02 09:36:00.986468+00:00
840705,sexual violence,2025-03-02 00:57:22.087248+00:00,2025-03-02 09:36:00.986468+00:00
840705,complicated,2025-03-02 00:57:22.087248+00:00,2025-03-02 09:36:00.986468+00:00
840705,rape,2025-03-02 00:57:22.087248+00:00,2025-03-02 09:36:00.986468+00:00
840705,debauchery,2025-03-02 00:57:22.087248+00:00,2025-03-02 09:36:00.986468+00:00
840705,exploitation,2025-03-02 00:57:22.087248+00:00,2025-03-02 09:36:00.986468+00:00
840705,drugging someone,2025-03-02 00:57:22.087248+00:00,2025-03-02 09:36:00.986468+00:00
842033,bizarre,2025-03-02 00:57:22.087248+00:00,2025-03-02 09:36:00.986468+00:00
842607,future war,2025-03-02 00:57:22.087248+00:00,2025-03-02 09:36:00.986468+00:00
842607,survive,2025-03-02 00:57:22.087248+00:00,2025-03-02 09:36:00.986468+00:00
842607,teenage killer,2025-03-02 00:57:22.087248+00:00,2025-03-02 09:36:00.986468+00:00
842942,canada,2025-03-02 00:57:22.087248+00:00,2025-03-02 09:36:00.986468+00:00
842942,based on true story,2025-03-02 00:57:22.087248+00:00,2025-03-02 09:36:00.986468+00:00
842942,"ottawa, canada",2025-03-02 00:57:22.087248+00:00,2025-03-02 09:36:00.986468+00:00
842942,vancouver,2025-03-02 00:57:22.087248+00:00,2025-03-02 09:36:00.986468+00:00
842942,childbirth,2025-03-02 00:57:22.087248+00:00,2025-03-02 09:36:00.986468+00:00
842942,"london, canada",2025-03-02 00:57:22.087248+00:00,2025-03-02 09:36:00.986468+00:00
842942,bank robber,2025-03-02 00:57:22.087248+00:00,2025-03-02 09:36:00.986468+00:00
842942,detective,2025-03-02 00:57:22.087248+00:00,2025-03-02 09:36:00.986468+00:00
842942,disguise,2025-03-02 00:57:22.087248+00:00,2025-03-02 09:36:00.986468+00:00
842942,strip club,2025-03-02 00:57:22.087248+00:00,2025-03-02 09:36:00.986468+00:00
842942,jewel heist,2025-03-02 00:57:22.087248+00:00,2025-03-02 09:36:00.986468+00:00
842942,escaped prisoner,2025-03-02 00:57:22.087248+00:00,2025-03-02 09:36:00.986468+00:00
842942,"pembroke, canada",2025-03-02 00:57:22.087248+00:00,2025-03-02 09:36:00.986468+00:00
842942,prison escapee,2025-03-02 00:57:22.087248+00:00,2025-03-02 09:36:00.986468+00:00
842942,pregnancy,2025-03-02 00:57:22.087248+00:00,2025-03-02 09:36:00.986468+00:00
844386,reporter,2025-03-02 00:57:22.087248+00:00,2025-03-02 09:36:00.986468+00:00
844386,orphanage,2025-03-02 00:57:22.087248+00:00,2025-03-02 09:36:00.986468+00:00
844386,"seoul, south korea",2025-03-02 00:57:22.087248+00:00,2025-03-02 09:36:00.986468+00:00
844386,based on webcomic or webtoon,2025-03-02 00:57:22.087248+00:00,2025-03-02 09:36:00.986468+00:00
844386,subway train,2025-03-02 00:57:22.087248+00:00,2025-03-02 09:36:00.986468+00:00
844386,urban legend,2025-03-02 00:57:22.087248+00:00,2025-03-02 09:36:00.986468+00:00
844386,curse,2025-03-02 00:57:22.087248+00:00,2025-03-02 09:36:00.986468+00:00
844386,strangeness,2025-03-02 00:57:22.087248+00:00,2025-03-02 09:36:00.986468+00:00
844386,female reporter,2025-03-02 00:57:22.087248+00:00,2025-03-02 09:36:00.986468+00:00
844386,grim,2025-03-02 00:57:22.087248+00:00,2025-03-02 09:36:00.986468+00:00
844398,relacionamentos,2025-03-02 00:57:22.087248+00:00,2025-03-02 09:36:00.986468+00:00
844398,psicose,2025-03-02 00:57:22.087248+00:00,2025-03-02 09:36:00.986468+00:00
844398,divorcee,2025-03-02 00:57:22.087248+00:00,2025-03-02 09:36:00.986468+00:00
845140,restaurant,2025-03-02 00:57:22.087248+00:00,2025-03-02 09:36:00.986468+00:00
845611,yakuza,2025-03-02 00:57:22.087248+00:00,2025-03-02 09:36:00.986468+00:00
845781,polar bear,2025-03-02 00:57:22.087248+00:00,2025-03-02 09:36:00.986468+00:00
845781,excited,2025-03-02 00:57:22.087248+00:00,2025-03-02 09:36:00.986468+00:00
845781,holiday,2025-03-02 00:57:22.087248+00:00,2025-03-02 09:36:00.986468+00:00
845781,santa claus,2025-03-02 00:57:22.087248+00:00,2025-03-02 09:36:00.986468+00:00
845781,christmas,2025-03-02 00:57:22.087248+00:00,2025-03-02 09:36:00.986468+00:00
845781,action comedy,2025-03-02 00:57:22.087248+00:00,2025-03-02 09:36:00.986468+00:00
845781,kidnapping,2025-03-02 00:57:22.087248+00:00,2025-03-02 09:36:00.986468+00:00
845781,fantasy comedy,2025-03-02 00:57:22.087248+00:00,2025-03-02 09:36:00.986468+00:00
845781,christmas eve,2025-03-02 00:57:22.087248+00:00,2025-03-02 09:36:00.986468+00:00
845781,family comedy,2025-03-02 00:57:22.087248+00:00,2025-03-02 09:36:00.986468+00:00
845781,bounty hunter,2025-03-02 00:57:22.087248+00:00,2025-03-02 09:36:00.986468+00:00
845875,boxing champion,2025-03-02 00:57:22.087248+00:00,2025-03-02 09:36:00.986468+00:00
845875,auschwitz-birkenau concentration camp,2025-03-02 00:57:22.087248+00:00,2025-03-02 09:36:00.986468+00:00
845875,concentration camp,2025-03-02 00:57:22.087248+00:00,2025-03-02 09:36:00.986468+00:00
846993,atlantic,2025-03-02 00:57:22.087248+00:00,2025-03-02 09:36:00.986468+00:00
846993,summer vacation,2025-03-02 00:57:22.087248+00:00,2025-03-02 09:36:00.986468+00:00
846993,iceland,2025-03-02 00:57:22.087248+00:00,2025-03-02 09:36:00.986468+00:00
846993,friends,2025-03-02 00:57:22.087248+00:00,2025-03-02 09:36:00.986468+00:00
846993,travel,2025-03-02 00:57:22.087248+00:00,2025-03-02 09:36:00.986468+00:00
846993,slice of life,2025-03-02 00:57:22.087248+00:00,2025-03-02 09:36:00.986468+00:00
846993,anime,2025-03-02 00:57:22.087248+00:00,2025-03-02 09:36:00.986468+00:00
848198,private investigator,2025-03-02 00:57:22.087248+00:00,2025-03-02 09:36:00.986468+00:00
848198,impersonator,2025-03-02 00:57:22.087248+00:00,2025-03-02 09:36:00.986468+00:00
848198,falsely accused,2025-03-02 00:57:22.087248+00:00,2025-03-02 09:36:00.986468+00:00
848198,abduction,2025-03-02 00:57:22.087248+00:00,2025-03-02 09:36:00.986468+00:00
848198,prosecutor,2025-03-02 00:57:22.087248+00:00,2025-03-02 09:36:00.986468+00:00
848298,remote island,2025-03-02 00:57:22.087248+00:00,2025-03-02 09:36:00.986468+00:00
848298,accidental death,2025-03-02 00:57:22.087248+00:00,2025-03-02 09:36:00.986468+00:00
848298,hidden body,2025-03-02 00:57:22.087248+00:00,2025-03-02 09:36:00.986468+00:00
848788,hong kong,2025-03-02 00:57:22.087248+00:00,2025-03-02 09:36:00.986468+00:00
848788,friendship,2025-03-02 00:57:22.087248+00:00,2025-03-02 09:36:00.986468+00:00
848788,sisters,2025-03-02 00:57:22.087248+00:00,2025-03-02 09:36:00.986468+00:00
848788,biography,2025-03-02 00:57:22.087248+00:00,2025-03-02 09:36:00.986468+00:00
848788,pop star,2025-03-02 00:57:22.087248+00:00,2025-03-02 09:36:00.986468+00:00
848788,failed romance,2025-03-02 00:57:22.087248+00:00,2025-03-02 09:36:00.986468+00:00
848788,personal growth,2025-03-02 00:57:22.087248+00:00,2025-03-02 09:36:00.986468+00:00
848958,theater director,2025-03-02 00:57:22.087248+00:00,2025-03-02 09:36:00.986468+00:00
848958,woman director,2025-03-02 00:57:22.087248+00:00,2025-03-02 09:36:00.986468+00:00
848958,theater troupe,2025-03-02 00:57:22.087248+00:00,2025-03-02 09:36:00.986468+00:00
848958,drug addiction,2025-03-02 00:57:22.087248+00:00,2025-03-02 09:36:00.986468+00:00
848958,coming of age,2025-03-02 00:57:22.087248+00:00,2025-03-02 09:36:00.986468+00:00
848958,theater play,2025-03-02 00:57:22.087248+00:00,2025-03-02 09:36:00.986468+00:00
848958,aids,2025-03-02 00:57:22.087248+00:00,2025-03-02 09:36:00.986468+00:00
848958,semi autobiographical,2025-03-02 00:57:22.087248+00:00,2025-03-02 09:36:00.986468+00:00
849786,human mystery,2025-03-02 00:57:22.087248+00:00,2025-03-02 09:36:00.986468+00:00
849786,based on novel or book,2025-03-02 00:57:22.087248+00:00,2025-03-02 09:36:00.986468+00:00
849786,kidnapping,2025-03-02 00:57:22.087248+00:00,2025-03-02 09:36:00.986468+00:00
850028,psychological abuse,2025-03-02 00:57:22.087248+00:00,2025-03-02 09:36:00.986468+00:00
850028,codependency,2025-03-02 00:57:22.087248+00:00,2025-03-02 09:36:00.986468+00:00
850028,woman director,2025-03-02 00:57:22.087248+00:00,2025-03-02 09:36:00.986468+00:00
850028,mental health,2025-03-02 00:57:22.087248+00:00,2025-03-02 09:36:00.986468+00:00
850028,independent film,2025-03-02 00:57:22.087248+00:00,2025-03-02 09:36:00.986468+00:00
850028,psychological stress,2025-03-02 00:57:22.087248+00:00,2025-03-02 09:36:00.986468+00:00
850028,best friends,2025-03-02 00:57:22.087248+00:00,2025-03-02 09:36:00.986468+00:00
850028,cabin at a lake,2025-03-02 00:57:22.087248+00:00,2025-03-02 09:36:00.986468+00:00
850028,psychological manipulation,2025-03-02 00:57:22.087248+00:00,2025-03-02 09:36:00.986468+00:00
850028,friend's birthday,2025-03-02 00:57:22.087248+00:00,2025-03-02 09:36:00.986468+00:00
850028,panic attack,2025-03-02 00:57:22.087248+00:00,2025-03-02 09:36:00.986468+00:00
850028,vacation,2025-03-02 00:57:22.087248+00:00,2025-03-02 09:36:00.986468+00:00
850028,loss of control,2025-03-02 00:57:22.087248+00:00,2025-03-02 09:36:00.986468+00:00
850028,manipulative lover,2025-03-02 00:57:22.087248+00:00,2025-03-02 09:36:00.986468+00:00
850028,perspective,2025-03-02 00:57:22.087248+00:00,2025-03-02 09:36:00.986468+00:00
850028,anxiety,2025-03-02 00:57:22.087248+00:00,2025-03-02 09:36:00.986468+00:00
850028,abusive boyfriend,2025-03-02 00:57:22.087248+00:00,2025-03-02 09:36:00.986468+00:00
850028,female friendship,2025-03-02 00:57:22.087248+00:00,2025-03-02 09:36:00.986468+00:00
850028,mental abuse,2025-03-02 00:57:22.087248+00:00,2025-03-02 09:36:00.986468+00:00
850028,rediscovery,2025-03-02 00:57:22.087248+00:00,2025-03-02 09:36:00.986468+00:00
850028,intervention,2025-03-02 00:57:22.087248+00:00,2025-03-02 09:36:00.986468+00:00
850028,breaking point,2025-03-02 00:57:22.087248+00:00,2025-03-02 09:36:00.986468+00:00
850028,boyfriend girlfriend relationship,2025-03-02 00:57:22.087248+00:00,2025-03-02 09:36:00.986468+00:00
850028,friendship,2025-03-02 00:57:22.087248+00:00,2025-03-02 09:36:00.986468+00:00
850028,low self esteem,2025-03-02 00:57:22.087248+00:00,2025-03-02 09:36:00.986468+00:00
850028,enduring friendship,2025-03-02 00:57:22.087248+00:00,2025-03-02 09:36:00.986468+00:00
850099,small town,2025-03-02 00:57:22.087248+00:00,2025-03-02 09:36:00.986468+00:00
850099,meteorite,2025-03-02 00:57:22.087248+00:00,2025-03-02 09:36:00.986468+00:00
850099,alien contact,2025-03-02 00:57:22.087248+00:00,2025-03-02 09:36:00.986468+00:00
850099,mass extinction,2025-03-02 00:57:22.087248+00:00,2025-03-02 09:36:00.986468+00:00
850884,hong kong,2025-03-02 00:57:22.087248+00:00,2025-03-02 09:36:00.986468+00:00
850884,communist china,2025-03-02 00:57:22.087248+00:00,2025-03-02 09:36:00.986468+00:00
850884,subversion,2025-03-02 00:57:22.087248+00:00,2025-03-02 09:36:00.986468+00:00
850884,protest,2025-03-02 00:57:22.087248+00:00,2025-03-02 09:36:00.986468+00:00
850884,riot,2025-03-02 00:57:22.087248+00:00,2025-03-02 09:36:00.986468+00:00
850884,political documentary,2025-03-02 00:57:22.087248+00:00,2025-03-02 09:36:00.986468+00:00
850884,social documentary,2025-03-02 00:57:22.087248+00:00,2025-03-02 09:36:00.986468+00:00
850884,hong kong protests,2025-03-02 00:57:22.087248+00:00,2025-03-02 09:36:00.986468+00:00
850884,street riots,2025-03-02 00:57:22.087248+00:00,2025-03-02 09:36:00.986468+00:00
851800,family reunion,2025-03-02 00:57:22.087248+00:00,2025-03-02 09:36:00.986468+00:00
851800,cosplay,2025-03-02 00:57:22.087248+00:00,2025-03-02 09:36:00.986468+00:00
851800,compulsive hoarding,2025-03-02 00:57:22.087248+00:00,2025-03-02 09:36:00.986468+00:00
851800,esports,2025-03-02 00:57:22.087248+00:00,2025-03-02 09:36:00.986468+00:00
851800,family business ,2025-03-02 00:57:22.087248+00:00,2025-03-02 09:36:00.986468+00:00
851800,home cooking,2025-03-02 00:57:22.087248+00:00,2025-03-02 09:36:00.986468+00:00
851800,stepbrother,2025-03-02 00:57:22.087248+00:00,2025-03-02 09:36:00.986468+00:00
851800,mismatched relationship,2025-03-02 00:57:22.087248+00:00,2025-03-02 09:36:00.986468+00:00
851800,sibling relationship,2025-03-02 00:57:22.087248+00:00,2025-03-02 09:36:00.986468+00:00
851800,antiques,2025-03-02 00:57:22.087248+00:00,2025-03-02 09:36:00.986468+00:00
852355,covid-19,2025-03-02 00:57:22.087248+00:00,2025-03-02 09:36:00.986468+00:00
852355,mental illness,2025-03-02 00:57:22.087248+00:00,2025-03-02 09:36:00.986468+00:00
852432,bottomless,2025-03-02 00:57:22.087248+00:00,2025-03-02 09:36:00.986468+00:00
852438,zombie,2025-03-02 00:57:22.087248+00:00,2025-03-02 09:36:00.986468+00:00
852438,film crew,2025-03-02 00:57:22.087248+00:00,2025-03-02 09:36:00.986468+00:00
852438,horror filmmaking,2025-03-02 00:57:22.087248+00:00,2025-03-02 09:36:00.986468+00:00
852438,filmmaking,2025-03-02 00:57:22.087248+00:00,2025-03-02 09:36:00.986468+00:00
852457,school,2025-03-02 00:57:22.087248+00:00,2025-03-02 09:36:00.986468+00:00
852457,exam,2025-03-02 00:57:22.087248+00:00,2025-03-02 09:36:00.986468+00:00
852457,study,2025-03-02 00:57:22.087248+00:00,2025-03-02 09:36:00.986468+00:00
853084,russian invasion of ukraine,2025-03-02 00:57:22.087248+00:00,2025-03-02 09:36:00.986468+00:00
853084,russo-ukrainian war,2025-03-02 00:57:22.087248+00:00,2025-03-02 09:36:00.986468+00:00
853387,paganism,2025-03-02 00:57:22.087248+00:00,2025-03-02 09:36:00.986468+00:00
853387,countryside,2025-03-02 00:57:22.087248+00:00,2025-03-02 09:36:00.986468+00:00
853387,child abduction,2025-03-02 00:57:22.087248+00:00,2025-03-02 09:36:00.986468+00:00
853387,folk horror,2025-03-02 00:57:22.087248+00:00,2025-03-02 09:36:00.986468+00:00
853387,vicar,2025-03-02 00:57:22.087248+00:00,2025-03-02 09:36:00.986468+00:00
853731,family drama,2025-03-02 00:57:22.087248+00:00,2025-03-02 09:36:00.986468+00:00
853731,family secrets,2025-03-02 00:57:22.087248+00:00,2025-03-02 09:36:00.986468+00:00
853731,stepfather,2025-03-02 00:57:22.087248+00:00,2025-03-02 09:36:00.986468+00:00
853731,japan,2025-03-02 00:57:22.087248+00:00,2025-03-02 09:36:00.986468+00:00
853821,uplifter,2025-03-02 00:57:22.087248+00:00,2025-03-02 09:36:00.986468+00:00
853821,based on manga,2025-03-02 00:57:22.087248+00:00,2025-03-02 09:36:00.986468+00:00
853821,high school,2025-03-02 00:57:22.087248+00:00,2025-03-02 09:36:00.986468+00:00
853821,part-time worker,2025-03-02 00:57:22.087248+00:00,2025-03-02 09:36:00.986468+00:00
854006,missing person,2025-03-02 00:57:22.087248+00:00,2025-03-02 09:36:00.986468+00:00
854006,occult,2025-03-02 00:57:22.087248+00:00,2025-03-02 09:36:00.986468+00:00
854006,japanese folklore,2025-03-02 00:57:22.087248+00:00,2025-03-02 09:36:00.986468+00:00
859933,indonesian history,2025-03-02 00:57:22.087248+00:00,2025-03-02 09:36:00.986468+00:00
859933,historical,2025-03-02 00:57:22.087248+00:00,2025-03-02 09:36:00.986468+00:00
859933,period drama,2025-03-02 00:57:22.087248+00:00,2025-03-02 09:36:00.986468+00:00
864168,adopted child,2025-03-02 00:57:22.087248+00:00,2025-03-02 09:36:00.986468+00:00
864168,asian american,2025-03-02 00:57:22.087248+00:00,2025-03-02 09:36:00.986468+00:00
864168,female friendship,2025-03-02 00:57:22.087248+00:00,2025-03-02 09:36:00.986468+00:00
864168,woman director,2025-03-02 00:57:22.087248+00:00,2025-03-02 09:36:00.986468+00:00
864370,curse,2025-03-02 00:57:22.087248+00:00,2025-03-02 09:36:00.986468+00:00
864370,found footage,2025-03-02 00:57:22.087248+00:00,2025-03-02 09:36:00.986468+00:00
865498,toy,2025-03-02 00:57:22.087248+00:00,2025-03-02 09:36:00.986468+00:00
865498,toy store,2025-03-02 00:57:22.087248+00:00,2025-03-02 09:36:00.986468+00:00
865498,security guard,2025-03-02 00:57:22.087248+00:00,2025-03-02 09:36:00.986468+00:00
865498,remake,2025-03-02 00:57:22.087248+00:00,2025-03-02 09:36:00.986468+00:00
865498,rich kid,2025-03-02 00:57:22.087248+00:00,2025-03-02 09:36:00.986468+00:00
865910,remake,2025-03-02 00:57:22.087248+00:00,2025-03-02 09:36:00.986468+00:00
865910,killer,2025-03-02 00:57:22.087248+00:00,2025-03-02 09:36:00.986468+00:00
865910,perfect crime,2025-03-02 00:57:22.087248+00:00,2025-03-02 09:36:00.986468+00:00
866398,usa president,2025-03-02 00:57:22.087248+00:00,2025-03-02 09:36:00.986468+00:00
866398,frantic,2025-03-02 00:57:22.087248+00:00,2025-03-02 09:36:00.986468+00:00
866398,amused,2025-03-02 00:57:22.087248+00:00,2025-03-02 09:36:00.986468+00:00
866398,scam call center,2025-03-02 00:57:22.087248+00:00,2025-03-02 09:36:00.986468+00:00
866398,beekeepers,2025-03-02 00:57:22.087248+00:00,2025-03-02 09:36:00.986468+00:00
866398,scammer,2025-03-02 00:57:22.087248+00:00,2025-03-02 09:36:00.986468+00:00
866398,cliché,2025-03-02 00:57:22.087248+00:00,2025-03-02 09:36:00.986468+00:00
866398,secret government agency,2025-03-02 00:57:22.087248+00:00,2025-03-02 09:36:00.986468+00:00
866398,retired assassin,2025-03-02 00:57:22.087248+00:00,2025-03-02 09:36:00.986468+00:00
866398,fbi agent,2025-03-02 00:57:22.087248+00:00,2025-03-02 09:36:00.986468+00:00
866398,vibrant,2025-03-02 00:57:22.087248+00:00,2025-03-02 09:36:00.986468+00:00
870360,buddy comedy,2025-03-02 00:57:22.087248+00:00,2025-03-02 09:36:00.986468+00:00
870360,musical,2025-03-02 00:57:22.087248+00:00,2025-03-02 09:36:00.986468+00:00
871530,midlife crisis,2025-03-02 00:57:22.087248+00:00,2025-03-02 09:36:00.986468+00:00
872585,based on novel or book,2025-03-02 00:57:22.087248+00:00,2025-03-02 09:36:00.986468+00:00
872585,physics,2025-03-02 00:57:22.087248+00:00,2025-03-02 09:36:00.986468+00:00
872585,patriotism,2025-03-02 00:57:22.087248+00:00,2025-03-02 09:36:00.986468+00:00
872585,top secret project,2025-03-02 00:57:22.087248+00:00,2025-03-02 09:36:00.986468+00:00
872585,husband wife relationship,2025-03-02 00:57:22.087248+00:00,2025-03-02 09:36:00.986468+00:00
872585,manhattan project,2025-03-02 00:57:22.087248+00:00,2025-03-02 09:36:00.986468+00:00
872585,mccarthyism,2025-03-02 00:57:22.087248+00:00,2025-03-02 09:36:00.986468+00:00
872585,red scare,2025-03-02 00:57:22.087248+00:00,2025-03-02 09:36:00.986468+00:00
872585,atomic bomb test,2025-03-02 00:57:22.087248+00:00,2025-03-02 09:36:00.986468+00:00
872585,los alamos,2025-03-02 00:57:22.087248+00:00,2025-03-02 09:36:00.986468+00:00
872585,interrogation,2025-03-02 00:57:22.087248+00:00,2025-03-02 09:36:00.986468+00:00
872585,world war ii,2025-03-02 00:57:22.087248+00:00,2025-03-02 09:36:00.986468+00:00
872585,based on true story,2025-03-02 00:57:22.087248+00:00,2025-03-02 09:36:00.986468+00:00
872585,atomic bomb,2025-03-02 00:57:22.087248+00:00,2025-03-02 09:36:00.986468+00:00
872585,biography,2025-03-02 00:57:22.087248+00:00,2025-03-02 09:36:00.986468+00:00
872585,20th century,2025-03-02 00:57:22.087248+00:00,2025-03-02 09:36:00.986468+00:00
872585,communism,2025-03-02 00:57:22.087248+00:00,2025-03-02 09:36:00.986468+00:00
872585,usa politics,2025-03-02 00:57:22.087248+00:00,2025-03-02 09:36:00.986468+00:00
872585,historical event,2025-03-02 00:57:22.087248+00:00,2025-03-02 09:36:00.986468+00:00
872585,moral dilemma,2025-03-02 00:57:22.087248+00:00,2025-03-02 09:36:00.986468+00:00
872585,nuclear weapons,2025-03-02 00:57:22.087248+00:00,2025-03-02 09:36:00.986468+00:00
872585,1940s,2025-03-02 00:57:22.087248+00:00,2025-03-02 09:36:00.986468+00:00
872585,guilt,2025-03-02 00:57:22.087248+00:00,2025-03-02 09:36:00.986468+00:00
872585,antisemitism,2025-03-02 00:57:22.087248+00:00,2025-03-02 09:36:00.986468+00:00
872585,new mexico,2025-03-02 00:57:22.087248+00:00,2025-03-02 09:36:00.986468+00:00
872976,animal sidekick,2025-03-02 00:57:22.087248+00:00,2025-03-02 09:36:00.986468+00:00
872976,proxy battle,2025-03-02 00:57:22.087248+00:00,2025-03-02 09:36:00.986468+00:00
872976,anime,2025-03-02 00:57:22.087248+00:00,2025-03-02 09:36:00.986468+00:00
872976,sequel,2025-03-02 00:57:22.087248+00:00,2025-03-02 09:36:00.986468+00:00
872976,monster,2025-03-02 00:57:22.087248+00:00,2025-03-02 09:36:00.986468+00:00
872976,based on toy,2025-03-02 00:57:22.087248+00:00,2025-03-02 09:36:00.986468+00:00
872976,based on anime,2025-03-02 00:57:22.087248+00:00,2025-03-02 09:36:00.986468+00:00
874476,serial killer,2025-03-02 00:57:22.087248+00:00,2025-03-02 09:36:00.986468+00:00
874476,japan,2025-03-02 00:57:22.087248+00:00,2025-03-02 09:36:00.986468+00:00
874476,disappearance,2025-03-02 00:57:22.087248+00:00,2025-03-02 09:36:00.986468+00:00
874476,"osaka, japan",2025-03-02 00:57:22.087248+00:00,2025-03-02 09:36:00.986468+00:00
874743,coming of age,2025-03-02 00:57:22.087248+00:00,2025-03-02 09:36:00.986468+00:00
874743,parallel world,2025-03-02 00:57:22.087248+00:00,2025-03-02 09:36:00.986468+00:00
874743,based on novel or book,2025-03-02 00:57:22.087248+00:00,2025-03-02 09:36:00.986468+00:00
874743,time travel,2025-03-02 00:57:22.087248+00:00,2025-03-02 09:36:00.986468+00:00
874743,anime,2025-03-02 00:57:22.087248+00:00,2025-03-02 09:36:00.986468+00:00
874745,time travel,2025-03-02 00:57:22.087248+00:00,2025-03-02 09:36:00.986468+00:00
874745,coming of age,2025-03-02 00:57:22.087248+00:00,2025-03-02 09:36:00.986468+00:00
874745,based on novel or book,2025-03-02 00:57:22.087248+00:00,2025-03-02 09:36:00.986468+00:00
874745,parallel world,2025-03-02 00:57:22.087248+00:00,2025-03-02 09:36:00.986468+00:00
874745,anime,2025-03-02 00:57:22.087248+00:00,2025-03-02 09:36:00.986468+00:00
874745,anxious,2025-03-02 00:57:22.087248+00:00,2025-03-02 09:36:00.986468+00:00
876127,anthology,2025-03-02 00:57:22.087248+00:00,2025-03-02 09:36:00.986468+00:00
876127,dogs,2025-03-02 00:57:22.087248+00:00,2025-03-02 09:36:00.986468+00:00
876127,pet,2025-03-02 00:57:22.087248+00:00,2025-03-02 09:36:00.986468+00:00
876189,teenage love,2025-03-02 00:57:22.087248+00:00,2025-03-02 09:36:00.986468+00:00
876189,lgbt teen,2025-03-02 00:57:22.087248+00:00,2025-03-02 09:36:00.986468+00:00
876189,first love,2025-03-02 00:57:22.087248+00:00,2025-03-02 09:36:00.986468+00:00
876189,girls love,2025-03-02 00:57:22.087248+00:00,2025-03-02 09:36:00.986468+00:00
876189,hong kong,2025-03-02 00:57:22.087248+00:00,2025-03-02 09:36:00.986468+00:00
876189,love,2025-03-02 00:57:22.087248+00:00,2025-03-02 09:36:00.986468+00:00
876189,lgbt,2025-03-02 00:57:22.087248+00:00,2025-03-02 09:36:00.986468+00:00
876189,lesbian,2025-03-02 00:57:22.087248+00:00,2025-03-02 09:36:00.986468+00:00
876189,lesbian relationship,2025-03-02 00:57:22.087248+00:00,2025-03-02 09:36:00.986468+00:00
876648,based on novel or book,2025-03-02 00:57:22.087248+00:00,2025-03-02 09:36:00.986468+00:00
876792,slime,2025-03-02 00:57:22.087248+00:00,2025-03-02 09:36:00.986468+00:00
876792,adventure,2025-03-02 00:57:22.087248+00:00,2025-03-02 09:36:00.986468+00:00
876792,shounen,2025-03-02 00:57:22.087248+00:00,2025-03-02 09:36:00.986468+00:00
876792,anime,2025-03-02 00:57:22.087248+00:00,2025-03-02 09:36:00.986468+00:00
876792,demon,2025-03-02 00:57:22.087248+00:00,2025-03-02 09:36:00.986468+00:00
876792,reincarnation,2025-03-02 00:57:22.087248+00:00,2025-03-02 09:36:00.986468+00:00
876792,goblin,2025-03-02 00:57:22.087248+00:00,2025-03-02 09:36:00.986468+00:00
876792,other world,2025-03-02 00:57:22.087248+00:00,2025-03-02 09:36:00.986468+00:00
876797,love story,2025-03-02 00:57:22.087248+00:00,2025-03-02 09:36:00.986468+00:00
876797,based on novel or book,2025-03-02 00:57:22.087248+00:00,2025-03-02 09:36:00.986468+00:00
876797,based on true story,2025-03-02 00:57:22.087248+00:00,2025-03-02 09:36:00.986468+00:00
876797,incurable disease,2025-03-02 00:57:22.087248+00:00,2025-03-02 09:36:00.986468+00:00
876969,killers,2025-03-02 00:57:22.087248+00:00,2025-03-02 09:36:00.986468+00:00
876969,agent,2025-03-02 00:57:22.087248+00:00,2025-03-02 09:36:00.986468+00:00
876969,assassin,2025-03-02 00:57:22.087248+00:00,2025-03-02 09:36:00.986468+00:00
877260,based on novel or book,2025-03-02 00:57:22.087248+00:00,2025-03-02 09:36:00.986468+00:00
877269,farmer,2025-03-02 00:57:22.087248+00:00,2025-03-02 09:36:00.986468+00:00
877269,explorer,2025-03-02 00:57:22.087248+00:00,2025-03-02 09:36:00.986468+00:00
877269,harmony,2025-03-02 00:57:22.087248+00:00,2025-03-02 09:36:00.986468+00:00
877269,monster,2025-03-02 00:57:22.087248+00:00,2025-03-02 09:36:00.986468+00:00
877269,lgbt teen,2025-03-02 00:57:22.087248+00:00,2025-03-02 09:36:00.986468+00:00
877269,alternative world,2025-03-02 00:57:22.087248+00:00,2025-03-02 09:36:00.986468+00:00
877269,cliché,2025-03-02 00:57:22.087248+00:00,2025-03-02 09:36:00.986468+00:00
877840,anime,2025-03-02 00:57:22.087248+00:00,2025-03-02 09:36:00.986468+00:00
877840,magic,2025-03-02 00:57:22.087248+00:00,2025-03-02 09:36:00.986468+00:00
878607,hotel,2025-03-02 00:57:22.087248+00:00,2025-03-02 09:36:00.986468+00:00
878607,pandemic,2025-03-02 00:57:22.087248+00:00,2025-03-02 09:36:00.986468+00:00
878607,lockdown,2025-03-02 00:57:22.087248+00:00,2025-03-02 09:36:00.986468+00:00
878607,2020s,2025-03-02 00:57:22.087248+00:00,2025-03-02 09:36:00.986468+00:00
878607,filmmaking,2025-03-02 00:57:22.087248+00:00,2025-03-02 09:36:00.986468+00:00
878607,wuhan,2025-03-02 00:57:22.087248+00:00,2025-03-02 09:36:00.986468+00:00
878607,covid-19,2025-03-02 00:57:22.087248+00:00,2025-03-02 09:36:00.986468+00:00
878987,semi autobiographical,2025-03-02 00:57:22.087248+00:00,2025-03-02 09:36:00.986468+00:00
878987,woman director,2025-03-02 00:57:22.087248+00:00,2025-03-02 09:36:00.986468+00:00
879689,immigrant,2025-03-02 00:57:22.087248+00:00,2025-03-02 09:36:00.986468+00:00
881764,prostitute,2025-03-02 00:57:22.087248+00:00,2025-03-02 09:36:00.986468+00:00
881764,based on novel or book,2025-03-02 00:57:22.087248+00:00,2025-03-02 09:36:00.986468+00:00
882059,dystopia,2025-03-02 00:57:22.087248+00:00,2025-03-02 09:36:00.986468+00:00
882059,brother sister relationship,2025-03-02 00:57:22.087248+00:00,2025-03-02 09:36:00.986468+00:00
882059,resistance,2025-03-02 00:57:22.087248+00:00,2025-03-02 09:36:00.986468+00:00
882059,based on short,2025-03-02 00:57:22.087248+00:00,2025-03-02 09:36:00.986468+00:00
882059,television broadcast,2025-03-02 00:57:22.087248+00:00,2025-03-02 09:36:00.986468+00:00
882059,hallucinogen,2025-03-02 00:57:22.087248+00:00,2025-03-02 09:36:00.986468+00:00
882059,death,2025-03-02 00:57:22.087248+00:00,2025-03-02 09:36:00.986468+00:00
882059,deaf-mute,2025-03-02 00:57:22.087248+00:00,2025-03-02 09:36:00.986468+00:00
882059,shaman,2025-03-02 00:57:22.087248+00:00,2025-03-02 09:36:00.986468+00:00
882059,blood,2025-03-02 00:57:22.087248+00:00,2025-03-02 09:36:00.986468+00:00
882059,vengeance,2025-03-02 00:57:22.087248+00:00,2025-03-02 09:36:00.986468+00:00
882059,one man army,2025-03-02 00:57:22.087248+00:00,2025-03-02 09:36:00.986468+00:00
882059,gore,2025-03-02 00:57:22.087248+00:00,2025-03-02 09:36:00.986468+00:00
882059,murder,2025-03-02 00:57:22.087248+00:00,2025-03-02 09:36:00.986468+00:00
882059,aftercreditsstinger,2025-03-02 00:57:22.087248+00:00,2025-03-02 09:36:00.986468+00:00
882059,arcade,2025-03-02 00:57:22.087248+00:00,2025-03-02 09:36:00.986468+00:00
882059,duringcreditsstinger,2025-03-02 00:57:22.087248+00:00,2025-03-02 09:36:00.986468+00:00
882059,loss of family,2025-03-02 00:57:22.087248+00:00,2025-03-02 09:36:00.986468+00:00
882569,hopeful,2025-03-02 00:57:22.087248+00:00,2025-03-02 09:36:00.986468+00:00
882569,afghanistan,2025-03-02 00:57:22.087248+00:00,2025-03-02 09:36:00.986468+00:00
882569,exhilarated,2025-03-02 00:57:22.087248+00:00,2025-03-02 09:36:00.986468+00:00
882569,rescue,2025-03-02 00:57:22.087248+00:00,2025-03-02 09:36:00.986468+00:00
882569,war,2025-03-02 00:57:22.087248+00:00,2025-03-02 09:36:00.986468+00:00
882569,interpreter,2025-03-02 00:57:22.087248+00:00,2025-03-02 09:36:00.986468+00:00
882569,ambush,2025-03-02 00:57:22.087248+00:00,2025-03-02 09:36:00.986468+00:00
882569,afghanistan war (2001-2021),2025-03-02 00:57:22.087248+00:00,2025-03-02 09:36:00.986468+00:00
882580,based on novel or book,2025-03-02 00:57:22.087248+00:00,2025-03-02 09:36:00.986468+00:00
882580,revenge,2025-03-02 00:57:22.087248+00:00,2025-03-02 09:36:00.986468+00:00
882580,reformatory,2025-03-02 00:57:22.087248+00:00,2025-03-02 09:36:00.986468+00:00
882598,evil,2025-03-02 00:57:22.087248+00:00,2025-03-02 09:36:00.986468+00:00
882598,detective,2025-03-02 00:57:22.087248+00:00,2025-03-02 09:36:00.986468+00:00
882598,based on short,2025-03-02 00:57:22.087248+00:00,2025-03-02 09:36:00.986468+00:00
882598,post-traumatic stress disorder (ptsd),2025-03-02 00:57:22.087248+00:00,2025-03-02 09:36:00.986468+00:00
882598,smile,2025-03-02 00:57:22.087248+00:00,2025-03-02 09:36:00.986468+00:00
882598,curse,2025-03-02 00:57:22.087248+00:00,2025-03-02 09:36:00.986468+00:00
882598,hospital,2025-03-02 00:57:22.087248+00:00,2025-03-02 09:36:00.986468+00:00
882598,paranoia,2025-03-02 00:57:22.087248+00:00,2025-03-02 09:36:00.986468+00:00
882598,trauma,2025-03-02 00:57:22.087248+00:00,2025-03-02 09:36:00.986468+00:00
882598,therapist,2025-03-02 00:57:22.087248+00:00,2025-03-02 09:36:00.986468+00:00
882598,new jersey,2025-03-02 00:57:22.087248+00:00,2025-03-02 09:36:00.986468+00:00
882598,suicide,2025-03-02 00:57:22.087248+00:00,2025-03-02 09:36:00.986468+00:00
882598,demonic,2025-03-02 00:57:22.087248+00:00,2025-03-02 09:36:00.986468+00:00
882598,self-harm,2025-03-02 00:57:22.087248+00:00,2025-03-02 09:36:00.986468+00:00
882598,body horror,2025-03-02 00:57:22.087248+00:00,2025-03-02 09:36:00.986468+00:00
882598,doctor,2025-03-02 00:57:22.087248+00:00,2025-03-02 09:36:00.986468+00:00
882598,mental illness,2025-03-02 00:57:22.087248+00:00,2025-03-02 09:36:00.986468+00:00
884605,graduation party,2025-03-02 00:57:22.087248+00:00,2025-03-02 09:36:00.986468+00:00
884605,summer,2025-03-02 00:57:22.087248+00:00,2025-03-02 09:36:00.986468+00:00
884605,nude swimming,2025-03-02 00:57:22.087248+00:00,2025-03-02 09:36:00.986468+00:00
884605,older woman seduces younger guy,2025-03-02 00:57:22.087248+00:00,2025-03-02 09:36:00.986468+00:00
884605,late coming of age,2025-03-02 00:57:22.087248+00:00,2025-03-02 09:36:00.986468+00:00
884605,socially awkward,2025-03-02 00:57:22.087248+00:00,2025-03-02 09:36:00.986468+00:00
884605,uber,2025-03-02 00:57:22.087248+00:00,2025-03-02 09:36:00.986468+00:00
884605,craigslist,2025-03-02 00:57:22.087248+00:00,2025-03-02 09:36:00.986468+00:00
884605,new york state,2025-03-02 00:57:22.087248+00:00,2025-03-02 09:36:00.986468+00:00
884605,romcom,2025-03-02 00:57:22.087248+00:00,2025-03-02 09:36:00.986468+00:00
884605,helicopter parenting,2025-03-02 00:57:22.087248+00:00,2025-03-02 09:36:00.986468+00:00
884605,friendship,2025-03-02 00:57:22.087248+00:00,2025-03-02 09:36:00.986468+00:00
884605,hometown,2025-03-02 00:57:22.087248+00:00,2025-03-02 09:36:00.986468+00:00
884605,bankruptcy,2025-03-02 00:57:22.087248+00:00,2025-03-02 09:36:00.986468+00:00
884605,teen comedy,2025-03-02 00:57:22.087248+00:00,2025-03-02 09:36:00.986468+00:00
884605,animal shelter,2025-03-02 00:57:22.087248+00:00,2025-03-02 09:36:00.986468+00:00
887870,anime,2025-03-02 00:57:22.087248+00:00,2025-03-02 09:36:00.986468+00:00
887870,musician,2025-03-02 00:57:22.087248+00:00,2025-03-02 09:36:00.986468+00:00
887870,jazz,2025-03-02 00:57:22.087248+00:00,2025-03-02 09:36:00.986468+00:00
887870,saxophone,2025-03-02 00:57:22.087248+00:00,2025-03-02 09:36:00.986468+00:00
887870,based on manga,2025-03-02 00:57:22.087248+00:00,2025-03-02 09:36:00.986468+00:00
888321,biography,2025-03-02 00:57:22.087248+00:00,2025-03-02 09:36:00.986468+00:00
888321,duringcreditsstinger,2025-03-02 00:57:22.087248+00:00,2025-03-02 09:36:00.986468+00:00
888768,football (soccer),2025-03-02 00:57:22.087248+00:00,2025-03-02 09:36:00.986468+00:00
888768,autism,2025-03-02 00:57:22.087248+00:00,2025-03-02 09:36:00.986468+00:00
889699,based on true story,2025-03-02 00:57:22.087248+00:00,2025-03-02 09:36:00.986468+00:00
889699,investigation,2025-03-02 00:57:22.087248+00:00,2025-03-02 09:36:00.986468+00:00
889699,journalist,2025-03-02 00:57:22.087248+00:00,2025-03-02 09:36:00.986468+00:00
889699,serial killer,2025-03-02 00:57:22.087248+00:00,2025-03-02 09:36:00.986468+00:00
889699,religion,2025-03-02 00:57:22.087248+00:00,2025-03-02 09:36:00.986468+00:00
889699,prostitute,2025-03-02 00:57:22.087248+00:00,2025-03-02 09:36:00.986468+00:00
889699,iran,2025-03-02 00:57:22.087248+00:00,2025-03-02 09:36:00.986468+00:00
889737,dark romance,2025-03-02 00:57:22.087248+00:00,2025-03-02 09:36:00.986468+00:00
889737,jukebox musical,2025-03-02 00:57:22.087248+00:00,2025-03-02 09:36:00.986468+00:00
889737,musical,2025-03-02 00:57:22.087248+00:00,2025-03-02 09:36:00.986468+00:00
889737,villain,2025-03-02 00:57:22.087248+00:00,2025-03-02 09:36:00.986468+00:00
889737,romantic,2025-03-02 00:57:22.087248+00:00,2025-03-02 09:36:00.986468+00:00
889737,super villain,2025-03-02 00:57:22.087248+00:00,2025-03-02 09:36:00.986468+00:00
889737,prisoner abuse,2025-03-02 00:57:22.087248+00:00,2025-03-02 09:36:00.986468+00:00
889737,madness,2025-03-02 00:57:22.087248+00:00,2025-03-02 09:36:00.986468+00:00
889737,sequel,2025-03-02 00:57:22.087248+00:00,2025-03-02 09:36:00.986468+00:00
889737,asylum,2025-03-02 00:57:22.087248+00:00,2025-03-02 09:36:00.986468+00:00
889737,1980s,2025-03-02 00:57:22.087248+00:00,2025-03-02 09:36:00.986468+00:00
889737,courtroom,2025-03-02 00:57:22.087248+00:00,2025-03-02 09:36:00.986468+00:00
889737,insane asylum,2025-03-02 00:57:22.087248+00:00,2025-03-02 09:36:00.986468+00:00
889737,based on comic,2025-03-02 00:57:22.087248+00:00,2025-03-02 09:36:00.986468+00:00
889737,supervillain,2025-03-02 00:57:22.087248+00:00,2025-03-02 09:36:00.986468+00:00
889737,mental illness,2025-03-02 00:57:22.087248+00:00,2025-03-02 09:36:00.986468+00:00
890326,midlife crisis,2025-03-02 00:57:22.087248+00:00,2025-03-02 09:36:00.986468+00:00
890526,serial killer,2025-03-02 00:57:22.087248+00:00,2025-03-02 09:36:00.986468+00:00
890526,interrogation,2025-03-02 00:57:22.087248+00:00,2025-03-02 09:36:00.986468+00:00
890771,killer shark,2025-03-02 00:57:22.087248+00:00,2025-03-02 09:36:00.986468+00:00
890771,tlaloc,2025-03-02 00:57:22.087248+00:00,2025-03-02 09:36:00.986468+00:00
890771,oil rig ,2025-03-02 00:57:22.087248+00:00,2025-03-02 09:36:00.986468+00:00
890771,oilman,2025-03-02 00:57:22.087248+00:00,2025-03-02 09:36:00.986468+00:00
890771,shark attack,2025-03-02 00:57:22.087248+00:00,2025-03-02 09:36:00.986468+00:00
890771,sharksploitation,2025-03-02 00:57:22.087248+00:00,2025-03-02 09:36:00.986468+00:00
890771,baja california,2025-03-02 00:57:22.087248+00:00,2025-03-02 09:36:00.986468+00:00
890771,shark,2025-03-02 00:57:22.087248+00:00,2025-03-02 09:36:00.986468+00:00
891699,christmas,2025-03-02 00:57:22.087248+00:00,2025-03-02 09:36:00.986468+00:00
891699,death of son,2025-03-02 00:57:22.087248+00:00,2025-03-02 09:36:00.986468+00:00
891699,no dialogue,2025-03-02 00:57:22.087248+00:00,2025-03-02 09:36:00.986468+00:00
891699,revenge,2025-03-02 00:57:22.087248+00:00,2025-03-02 09:36:00.986468+00:00
891699,holiday,2025-03-02 00:57:22.087248+00:00,2025-03-02 09:36:00.986468+00:00
892527,pet,2025-03-02 00:57:22.087248+00:00,2025-03-02 09:36:00.986468+00:00
892527,family,2025-03-02 00:57:22.087248+00:00,2025-03-02 09:36:00.986468+00:00
893723,elasticity,2025-03-02 00:57:22.087248+00:00,2025-03-02 09:36:00.986468+00:00
893723,superhero,2025-03-02 00:57:22.087248+00:00,2025-03-02 09:36:00.986468+00:00
893723,sequel,2025-03-02 00:57:22.087248+00:00,2025-03-02 09:36:00.986468+00:00
893723,cartoon,2025-03-02 00:57:22.087248+00:00,2025-03-02 09:36:00.986468+00:00
893723,mad scientist,2025-03-02 00:57:22.087248+00:00,2025-03-02 09:36:00.986468+00:00
893723,dog,2025-03-02 00:57:22.087248+00:00,2025-03-02 09:36:00.986468+00:00
893723,kids,2025-03-02 00:57:22.087248+00:00,2025-03-02 09:36:00.986468+00:00
893723,animals,2025-03-02 00:57:22.087248+00:00,2025-03-02 09:36:00.986468+00:00
894169,murder,2025-03-02 00:57:22.087248+00:00,2025-03-02 09:36:00.986468+00:00
894169,revenge killing,2025-03-02 00:57:22.087248+00:00,2025-03-02 09:36:00.986468+00:00
896499,based on manga,2025-03-02 00:57:22.087248+00:00,2025-03-02 09:36:00.986468+00:00
896499,high school,2025-03-02 00:57:22.087248+00:00,2025-03-02 09:36:00.986468+00:00
896499,bullying,2025-03-02 00:57:22.087248+00:00,2025-03-02 09:36:00.986468+00:00
896499,friendship,2025-03-02 00:57:22.087248+00:00,2025-03-02 09:36:00.986468+00:00
896499,anime,2025-03-02 00:57:22.087248+00:00,2025-03-02 09:36:00.986468+00:00
896499,dysfunctional family,2025-03-02 00:57:22.087248+00:00,2025-03-02 09:36:00.986468+00:00
896499,slice of life,2025-03-02 00:57:22.087248+00:00,2025-03-02 09:36:00.986468+00:00
896499,school,2025-03-02 00:57:22.087248+00:00,2025-03-02 09:36:00.986468+00:00
896499,compilation,2025-03-02 00:57:22.087248+00:00,2025-03-02 09:36:00.986468+00:00
896499,romcom,2025-03-02 00:57:22.087248+00:00,2025-03-02 09:36:00.986468+00:00
896499,shoujo,2025-03-02 00:57:22.087248+00:00,2025-03-02 09:36:00.986468+00:00
896639,royal family,2025-03-02 00:57:22.087248+00:00,2025-03-02 09:36:00.986468+00:00
896689,cats,2025-03-02 00:57:22.087248+00:00,2025-03-02 09:36:00.986468+00:00
896689,catdad,2025-03-02 00:57:22.087248+00:00,2025-03-02 09:36:00.986468+00:00
896689,pet,2025-03-02 00:57:22.087248+00:00,2025-03-02 09:36:00.986468+00:00
896689,cat dad,2025-03-02 00:57:22.087248+00:00,2025-03-02 09:36:00.986468+00:00
896689,cat daddies,2025-03-02 00:57:22.087248+00:00,2025-03-02 09:36:00.986468+00:00
896689,woman director,2025-03-02 00:57:22.087248+00:00,2025-03-02 09:36:00.986468+00:00
897087,coup d'etat,2025-03-02 00:57:22.087248+00:00,2025-03-02 09:36:00.986468+00:00
897087,ex special forces,2025-03-02 00:57:22.087248+00:00,2025-03-02 09:36:00.986468+00:00
897087,fictional city,2025-03-02 00:57:22.087248+00:00,2025-03-02 09:36:00.986468+00:00
897087,political assassination,2025-03-02 00:57:22.087248+00:00,2025-03-02 09:36:00.986468+00:00
897087,duringcreditsstinger,2025-03-02 00:57:22.087248+00:00,2025-03-02 09:36:00.986468+00:00
897087,dictatorship,2025-03-02 00:57:22.087248+00:00,2025-03-02 09:36:00.986468+00:00
897087,investigative journalism,2025-03-02 00:57:22.087248+00:00,2025-03-02 09:36:00.986468+00:00
897087,straightforward,2025-03-02 00:57:22.087248+00:00,2025-03-02 09:36:00.986468+00:00
897087,bitter,2025-03-02 00:57:22.087248+00:00,2025-03-02 09:36:00.986468+00:00
898230,independent film,2025-03-02 00:57:22.087248+00:00,2025-03-02 09:36:00.986468+00:00
898230,snow queen,2025-03-02 00:57:22.087248+00:00,2025-03-02 09:36:00.986468+00:00
898230,based on fairy tale,2025-03-02 00:57:22.087248+00:00,2025-03-02 09:36:00.986468+00:00
898673,"paris, france",2025-03-02 00:57:22.087248+00:00,2025-03-02 09:36:00.986468+00:00
898673,love triangle,2025-03-02 00:57:22.087248+00:00,2025-03-02 09:36:00.986468+00:00
898673,graphic design,2025-03-02 00:57:22.087248+00:00,2025-03-02 09:36:00.986468+00:00
898673,eroticism,2025-03-02 00:57:22.087248+00:00,2025-03-02 09:36:00.986468+00:00
898673,gay theme,2025-03-02 00:57:22.087248+00:00,2025-03-02 09:36:00.986468+00:00
898673,self destructiveness,2025-03-02 00:57:22.087248+00:00,2025-03-02 09:36:00.986468+00:00
898673,bilingual,2025-03-02 00:57:22.087248+00:00,2025-03-02 09:36:00.986468+00:00
898673,independent film,2025-03-02 00:57:22.087248+00:00,2025-03-02 09:36:00.986468+00:00
898673,infidelity,2025-03-02 00:57:22.087248+00:00,2025-03-02 09:36:00.986468+00:00
898673,film director,2025-03-02 00:57:22.087248+00:00,2025-03-02 09:36:00.986468+00:00
898673,biking,2025-03-02 00:57:22.087248+00:00,2025-03-02 09:36:00.986468+00:00
898673,narcissism,2025-03-02 00:57:22.087248+00:00,2025-03-02 09:36:00.986468+00:00
898673,same sex marriage,2025-03-02 00:57:22.087248+00:00,2025-03-02 09:36:00.986468+00:00
898673,bicycle,2025-03-02 00:57:22.087248+00:00,2025-03-02 09:36:00.986468+00:00
898673,wrap party,2025-03-02 00:57:22.087248+00:00,2025-03-02 09:36:00.986468+00:00
898673,unlikeable protagonist,2025-03-02 00:57:22.087248+00:00,2025-03-02 09:36:00.986468+00:00
898673,compulsion,2025-03-02 00:57:22.087248+00:00,2025-03-02 09:36:00.986468+00:00
898673,affair,2025-03-02 00:57:22.087248+00:00,2025-03-02 09:36:00.986468+00:00
898673,pregnancy,2025-03-02 00:57:22.087248+00:00,2025-03-02 09:36:00.986468+00:00
898673,abortion,2025-03-02 00:57:22.087248+00:00,2025-03-02 09:36:00.986468+00:00
898673,bisexuality,2025-03-02 00:57:22.087248+00:00,2025-03-02 09:36:00.986468+00:00
898673,bisexual man,2025-03-02 00:57:22.087248+00:00,2025-03-02 09:36:00.986468+00:00
898673,teacher,2025-03-02 00:57:22.087248+00:00,2025-03-02 09:36:00.986468+00:00
898673,lgbt,2025-03-02 00:57:22.087248+00:00,2025-03-02 09:36:00.986468+00:00
899112,questioning,2025-03-02 00:57:22.087248+00:00,2025-03-02 09:36:00.986468+00:00
899112,santa claus,2025-03-02 00:57:22.087248+00:00,2025-03-02 09:36:00.986468+00:00
899112,saving christmas,2025-03-02 00:57:22.087248+00:00,2025-03-02 09:36:00.986468+00:00
899112,booby trap,2025-03-02 00:57:22.087248+00:00,2025-03-02 09:36:00.986468+00:00
899112,holiday,2025-03-02 00:57:22.087248+00:00,2025-03-02 09:36:00.986468+00:00
899112,duringcreditsstinger,2025-03-02 00:57:22.087248+00:00,2025-03-02 09:36:00.986468+00:00
899112,mercenary,2025-03-02 00:57:22.087248+00:00,2025-03-02 09:36:00.986468+00:00
899112,audacious,2025-03-02 00:57:22.087248+00:00,2025-03-02 09:36:00.986468+00:00
899112,aggressive,2025-03-02 00:57:22.087248+00:00,2025-03-02 09:36:00.986468+00:00
899112,christmas,2025-03-02 00:57:22.087248+00:00,2025-03-02 09:36:00.986468+00:00
899524,ceasefire,2025-03-02 00:57:22.087248+00:00,2025-03-02 09:36:00.986468+00:00
899524,taking responsibility,2025-03-02 00:57:22.087248+00:00,2025-03-02 09:36:00.986468+00:00
899524,yom kippur war,2025-03-02 00:57:22.087248+00:00,2025-03-02 09:36:00.986468+00:00
899524,golda meir,2025-03-02 00:57:22.087248+00:00,2025-03-02 09:36:00.986468+00:00
899524,based on true story,2025-03-02 00:57:22.087248+00:00,2025-03-02 09:36:00.986468+00:00
899524,israel,2025-03-02 00:57:22.087248+00:00,2025-03-02 09:36:00.986468+00:00
899524,henry kissinger,2025-03-02 00:57:22.087248+00:00,2025-03-02 09:36:00.986468+00:00
899524,political drama,2025-03-02 00:57:22.087248+00:00,2025-03-02 09:36:00.986468+00:00
899524,political leader,2025-03-02 00:57:22.087248+00:00,2025-03-02 09:36:00.986468+00:00
899524,zionism,2025-03-02 00:57:22.087248+00:00,2025-03-02 09:36:00.986468+00:00
899524,isareli,2025-03-02 00:57:22.087248+00:00,2025-03-02 09:36:00.986468+00:00
899524,geopolitics,2025-03-02 00:57:22.087248+00:00,2025-03-02 09:36:00.986468+00:00
899524,occupation,2025-03-02 00:57:22.087248+00:00,2025-03-02 09:36:00.986468+00:00
900379,lgbt,2025-03-02 00:57:22.087248+00:00,2025-03-02 09:36:00.986468+00:00
900379,criticism,2025-03-02 00:57:22.087248+00:00,2025-03-02 09:36:00.986468+00:00
900379,existentialism,2025-03-02 00:57:22.087248+00:00,2025-03-02 09:36:00.986468+00:00
900379,writer,2025-03-02 00:57:22.087248+00:00,2025-03-02 09:36:00.986468+00:00
900379,publisher,2025-03-02 00:57:22.087248+00:00,2025-03-02 09:36:00.986468+00:00
900379,character study,2025-03-02 00:57:22.087248+00:00,2025-03-02 09:36:00.986468+00:00
900379,friendship,2025-03-02 00:57:22.087248+00:00,2025-03-02 09:36:00.986468+00:00
900379,bisexuality,2025-03-02 00:57:22.087248+00:00,2025-03-02 09:36:00.986468+00:00
900379,baltic sea,2025-03-02 00:57:22.087248+00:00,2025-03-02 09:36:00.986468+00:00
900379,literatura,2025-03-02 00:57:22.087248+00:00,2025-03-02 09:36:00.986468+00:00
900379,forest fire,2025-03-02 00:57:22.087248+00:00,2025-03-02 09:36:00.986468+00:00
900379,photographer,2025-03-02 00:57:22.087248+00:00,2025-03-02 09:36:00.986468+00:00
900379,climate change,2025-03-02 00:57:22.087248+00:00,2025-03-02 09:36:00.986468+00:00
900379,summer,2025-03-02 00:57:22.087248+00:00,2025-03-02 09:36:00.986468+00:00
900379,seaside,2025-03-02 00:57:22.087248+00:00,2025-03-02 09:36:00.986468+00:00
900379,germany,2025-03-02 00:57:22.087248+00:00,2025-03-02 09:36:00.986468+00:00
900379,northern germany,2025-03-02 00:57:22.087248+00:00,2025-03-02 09:36:00.986468+00:00
900379,novelist,2025-03-02 00:57:22.087248+00:00,2025-03-02 09:36:00.986468+00:00
900379,cottage,2025-03-02 00:57:22.087248+00:00,2025-03-02 09:36:00.986468+00:00
900379,male egos,2025-03-02 00:57:22.087248+00:00,2025-03-02 09:36:00.986468+00:00
901121,filmmaking,2025-03-02 00:57:22.087248+00:00,2025-03-02 09:36:00.986468+00:00
901121,movie business,2025-03-02 00:57:22.087248+00:00,2025-03-02 09:36:00.986468+00:00
901121,censorship,2025-03-02 00:57:22.087248+00:00,2025-03-02 09:36:00.986468+00:00
901121,experimental,2025-03-02 00:57:22.087248+00:00,2025-03-02 09:36:00.986468+00:00
901121,1970s,2025-03-02 00:57:22.087248+00:00,2025-03-02 09:36:00.986468+00:00
901121,director,2025-03-02 00:57:22.087248+00:00,2025-03-02 09:36:00.986468+00:00
901121,portrait of a filmmaker,2025-03-02 00:57:22.087248+00:00,2025-03-02 09:36:00.986468+00:00
901121,film in film,2025-03-02 00:57:22.087248+00:00,2025-03-02 09:36:00.986468+00:00
901121,film director,2025-03-02 00:57:22.087248+00:00,2025-03-02 09:36:00.986468+00:00
901358,falling into madness,2025-03-02 00:57:22.087248+00:00,2025-03-02 09:36:00.986468+00:00
901358,failing marriage,2025-03-02 00:57:22.087248+00:00,2025-03-02 09:36:00.986468+00:00
901358,lgbt,2025-03-02 00:57:22.087248+00:00,2025-03-02 09:36:00.986468+00:00
901358,madness,2025-03-02 00:57:22.087248+00:00,2025-03-02 09:36:00.986468+00:00
901358,tchaikovsky,2025-03-02 00:57:22.087248+00:00,2025-03-02 09:36:00.986468+00:00
901358,russia,2025-03-02 00:57:22.087248+00:00,2025-03-02 09:36:00.986468+00:00
901362,troll,2025-03-02 00:57:22.087248+00:00,2025-03-02 09:36:00.986468+00:00
901362,sister sister relationship,2025-03-02 00:57:22.087248+00:00,2025-03-02 09:36:00.986468+00:00
901362,duringcreditsstinger,2025-03-02 00:57:22.087248+00:00,2025-03-02 09:36:00.986468+00:00
901362,sequel,2025-03-02 00:57:22.087248+00:00,2025-03-02 09:36:00.986468+00:00
901362,pop star,2025-03-02 00:57:22.087248+00:00,2025-03-02 09:36:00.986468+00:00
901362,jukebox musical,2025-03-02 00:57:22.087248+00:00,2025-03-02 09:36:00.986468+00:00
901362,brother,2025-03-02 00:57:22.087248+00:00,2025-03-02 09:36:00.986468+00:00
901362,musical,2025-03-02 00:57:22.087248+00:00,2025-03-02 09:36:00.986468+00:00
901362,reunite,2025-03-02 00:57:22.087248+00:00,2025-03-02 09:36:00.986468+00:00
901362,brother brother relationship,2025-03-02 00:57:22.087248+00:00,2025-03-02 09:36:00.986468+00:00
901362,based on toy,2025-03-02 00:57:22.087248+00:00,2025-03-02 09:36:00.986468+00:00
901410,based on manga,2025-03-02 00:57:22.087248+00:00,2025-03-02 09:36:00.986468+00:00
901410,clamp,2025-03-02 00:57:22.087248+00:00,2025-03-02 09:36:00.986468+00:00
901563,bullying,2025-03-02 00:57:22.087248+00:00,2025-03-02 09:36:00.986468+00:00
901563,suicide,2025-03-02 00:57:22.087248+00:00,2025-03-02 09:36:00.986468+00:00
901563,boyhood,2025-03-02 00:57:22.087248+00:00,2025-03-02 09:36:00.986468+00:00
901563,oboe,2025-03-02 00:57:22.087248+00:00,2025-03-02 09:36:00.986468+00:00
901563,best friend,2025-03-02 00:57:22.087248+00:00,2025-03-02 09:36:00.986468+00:00
901563,childhood,2025-03-02 00:57:22.087248+00:00,2025-03-02 09:36:00.986468+00:00
901563,vulnerability,2025-03-02 00:57:22.087248+00:00,2025-03-02 09:36:00.986468+00:00
901563,guilt,2025-03-02 00:57:22.087248+00:00,2025-03-02 09:36:00.986468+00:00
901563,ice hockey,2025-03-02 00:57:22.087248+00:00,2025-03-02 09:36:00.986468+00:00
901563,lgbt child,2025-03-02 00:57:22.087248+00:00,2025-03-02 09:36:00.986468+00:00
901563,childhood friends,2025-03-02 00:57:22.087248+00:00,2025-03-02 09:36:00.986468+00:00
901563,friendship,2025-03-02 00:57:22.087248+00:00,2025-03-02 09:36:00.986468+00:00
901563,intimacy,2025-03-02 00:57:22.087248+00:00,2025-03-02 09:36:00.986468+00:00
901563,peer pressure,2025-03-02 00:57:22.087248+00:00,2025-03-02 09:36:00.986468+00:00
901563,male friendship,2025-03-02 00:57:22.087248+00:00,2025-03-02 09:36:00.986468+00:00
901563,bike,2025-03-02 00:57:22.087248+00:00,2025-03-02 09:36:00.986468+00:00
901563,death of best friend,2025-03-02 00:57:22.087248+00:00,2025-03-02 09:36:00.986468+00:00
901563,boys' love (bl),2025-03-02 00:57:22.087248+00:00,2025-03-02 09:36:00.986468+00:00
901563,masculinity,2025-03-02 00:57:22.087248+00:00,2025-03-02 09:36:00.986468+00:00
901563,coming of age,2025-03-02 00:57:22.087248+00:00,2025-03-02 09:36:00.986468+00:00
901563,powerful,2025-03-02 00:57:22.087248+00:00,2025-03-02 09:36:00.986468+00:00
901563,field trip,2025-03-02 00:57:22.087248+00:00,2025-03-02 09:36:00.986468+00:00
901563,lgbt,2025-03-02 00:57:22.087248+00:00,2025-03-02 09:36:00.986468+00:00
901563,grief,2025-03-02 00:57:22.087248+00:00,2025-03-02 09:36:00.986468+00:00
901563,forgiveness,2025-03-02 00:57:22.087248+00:00,2025-03-02 09:36:00.986468+00:00
901563,teenage boy,2025-03-02 00:57:22.087248+00:00,2025-03-02 09:36:00.986468+00:00
902533,based on novel or book,2025-03-02 00:57:22.087248+00:00,2025-03-02 09:36:00.986468+00:00
902533,serial killer,2025-03-02 00:57:22.087248+00:00,2025-03-02 09:36:00.986468+00:00
902533,crime spree,2025-03-02 00:57:22.087248+00:00,2025-03-02 09:36:00.986468+00:00
902533,police,2025-03-02 00:57:22.087248+00:00,2025-03-02 09:36:00.986468+00:00
904759,anime,2025-03-02 00:57:22.087248+00:00,2025-03-02 09:36:00.986468+00:00
904759,shounen,2025-03-02 00:57:22.087248+00:00,2025-03-02 09:36:00.986468+00:00
904759,supernatural,2025-03-02 00:57:22.087248+00:00,2025-03-02 09:36:00.986468+00:00
904759,demon,2025-03-02 00:57:22.087248+00:00,2025-03-02 09:36:00.986468+00:00
904759,youkai,2025-03-02 00:57:22.087248+00:00,2025-03-02 09:36:00.986468+00:00
904759,mythology,2025-03-02 00:57:22.087248+00:00,2025-03-02 09:36:00.986468+00:00
910365,nazi,2025-03-02 00:57:22.087248+00:00,2025-03-02 09:36:00.986468+00:00
910365,holocaust (shoah),2025-03-02 00:57:22.087248+00:00,2025-03-02 09:36:00.986468+00:00
910365,world war ii,2025-03-02 00:57:22.087248+00:00,2025-03-02 09:36:00.986468+00:00
910365,nazi crimes,2025-03-02 00:57:22.087248+00:00,2025-03-02 09:36:00.986468+00:00
912480,obsession,2025-03-02 00:57:22.087248+00:00,2025-03-02 09:36:00.986468+00:00
912480,murder trial,2025-03-02 00:57:22.087248+00:00,2025-03-02 09:36:00.986468+00:00
912480,female protagonist,2025-03-02 00:57:22.087248+00:00,2025-03-02 09:36:00.986468+00:00
912480,psychological thriller,2025-03-02 00:57:22.087248+00:00,2025-03-02 09:36:00.986468+00:00
912480,trial,2025-03-02 00:57:22.087248+00:00,2025-03-02 09:36:00.986468+00:00
912480,obsessed fan,2025-03-02 00:57:22.087248+00:00,2025-03-02 09:36:00.986468+00:00
912480,character study,2025-03-02 00:57:22.087248+00:00,2025-03-02 09:36:00.986468+00:00
912480,dark web,2025-03-02 00:57:22.087248+00:00,2025-03-02 09:36:00.986468+00:00
912480,model,2025-03-02 00:57:22.087248+00:00,2025-03-02 09:36:00.986468+00:00
912480,hacking,2025-03-02 00:57:22.087248+00:00,2025-03-02 09:36:00.986468+00:00
912480,serial killer,2025-03-02 00:57:22.087248+00:00,2025-03-02 09:36:00.986468+00:00
912480,courtroom drama,2025-03-02 00:57:22.087248+00:00,2025-03-02 09:36:00.986468+00:00
912480,true crime,2025-03-02 00:57:22.087248+00:00,2025-03-02 09:36:00.986468+00:00
912480,bitcoin,2025-03-02 00:57:22.087248+00:00,2025-03-02 09:36:00.986468+00:00
912480,photoshoot,2025-03-02 00:57:22.087248+00:00,2025-03-02 09:36:00.986468+00:00
912480,snuff film,2025-03-02 00:57:22.087248+00:00,2025-03-02 09:36:00.986468+00:00
912480,"montreal, canada",2025-03-02 00:57:22.087248+00:00,2025-03-02 09:36:00.986468+00:00
912480,horrified,2025-03-02 00:57:22.087248+00:00,2025-03-02 09:36:00.986468+00:00
912480,poker,2025-03-02 00:57:22.087248+00:00,2025-03-02 09:36:00.986468+00:00
912480,online gambling,2025-03-02 00:57:22.087248+00:00,2025-03-02 09:36:00.986468+00:00
912480,violent fantasies,2025-03-02 00:57:22.087248+00:00,2025-03-02 09:36:00.986468+00:00
912520,twisted love,2025-03-02 00:57:22.087248+00:00,2025-03-02 09:36:00.986468+00:00
912520,carpenter,2025-03-02 00:57:22.087248+00:00,2025-03-02 09:36:00.986468+00:00
912520,"montreal, canada",2025-03-02 00:57:22.087248+00:00,2025-03-02 09:36:00.986468+00:00
912520,french canadian,2025-03-02 00:57:22.087248+00:00,2025-03-02 09:36:00.986468+00:00
912520,romantic dramedy,2025-03-02 00:57:22.087248+00:00,2025-03-02 09:36:00.986468+00:00
912520,birthday,2025-03-02 00:57:22.087248+00:00,2025-03-02 09:36:00.986468+00:00
912520,entrepreneur,2025-03-02 00:57:22.087248+00:00,2025-03-02 09:36:00.986468+00:00
912520,woman director,2025-03-02 00:57:22.087248+00:00,2025-03-02 09:36:00.986468+00:00
912632,imminent wedding,2025-03-02 00:57:22.087248+00:00,2025-03-02 09:36:00.986468+00:00
912632,wedding,2025-03-02 00:57:22.087248+00:00,2025-03-02 09:36:00.986468+00:00
912649,hero,2025-03-02 00:57:22.087248+00:00,2025-03-02 09:36:00.986468+00:00
912649,modest,2025-03-02 00:57:22.087248+00:00,2025-03-02 09:36:00.986468+00:00
912649,based on comic,2025-03-02 00:57:22.087248+00:00,2025-03-02 09:36:00.986468+00:00
912649,anti hero,2025-03-02 00:57:22.087248+00:00,2025-03-02 09:36:00.986468+00:00
912649,alien life-form,2025-03-02 00:57:22.087248+00:00,2025-03-02 09:36:00.986468+00:00
912649,aftercreditsstinger,2025-03-02 00:57:22.087248+00:00,2025-03-02 09:36:00.986468+00:00
912649,woman director,2025-03-02 00:57:22.087248+00:00,2025-03-02 09:36:00.986468+00:00
912649,superhero,2025-03-02 00:57:22.087248+00:00,2025-03-02 09:36:00.986468+00:00
912649,sequel,2025-03-02 00:57:22.087248+00:00,2025-03-02 09:36:00.986468+00:00
912649,villain,2025-03-02 00:57:22.087248+00:00,2025-03-02 09:36:00.986468+00:00
912726,based on memoir or autobiography,2025-03-02 00:57:22.087248+00:00,2025-03-02 09:36:00.986468+00:00
912726,gangsta rap,2025-03-02 00:57:22.087248+00:00,2025-03-02 09:36:00.986468+00:00
912908,male masturbation,2025-03-02 00:57:22.087248+00:00,2025-03-02 09:36:00.986468+00:00
912908,toxic relationship,2025-03-02 00:57:22.087248+00:00,2025-03-02 09:36:00.986468+00:00
912908,duringcreditsstinger,2025-03-02 00:57:22.087248+00:00,2025-03-02 09:36:00.986468+00:00
912908,talking dog,2025-03-02 00:57:22.087248+00:00,2025-03-02 09:36:00.986468+00:00
912908,magic mushroom,2025-03-02 00:57:22.087248+00:00,2025-03-02 09:36:00.986468+00:00
912908,talking animal,2025-03-02 00:57:22.087248+00:00,2025-03-02 09:36:00.986468+00:00
912908,abandoned puppy,2025-03-02 00:57:22.087248+00:00,2025-03-02 09:36:00.986468+00:00
912908,self-liberation,2025-03-02 00:57:22.087248+00:00,2025-03-02 09:36:00.986468+00:00
912908,animal liberation,2025-03-02 00:57:22.087248+00:00,2025-03-02 09:36:00.986468+00:00
912908,crude humor,2025-03-02 00:57:22.087248+00:00,2025-03-02 09:36:00.986468+00:00
912908,abandonment,2025-03-02 00:57:22.087248+00:00,2025-03-02 09:36:00.986468+00:00
913673,supernatural horror,2025-03-02 00:57:22.087248+00:00,2025-03-02 09:36:00.986468+00:00
913673,demonic possession,2025-03-02 00:57:22.087248+00:00,2025-03-02 09:36:00.986468+00:00
913673,psychiatrist,2025-03-02 00:57:22.087248+00:00,2025-03-02 09:36:00.986468+00:00
913673,electrocution,2025-03-02 00:57:22.087248+00:00,2025-03-02 09:36:00.986468+00:00
913673,serial killer,2025-03-02 00:57:22.087248+00:00,2025-03-02 09:36:00.986468+00:00
913673,evangelical,2025-03-02 00:57:22.087248+00:00,2025-03-02 09:36:00.986468+00:00
913673,psychological terror,2025-03-02 00:57:22.087248+00:00,2025-03-02 09:36:00.986468+00:00
913673,oklahoma,2025-03-02 00:57:22.087248+00:00,2025-03-02 09:36:00.986468+00:00
913673,christian,2025-03-02 00:57:22.087248+00:00,2025-03-02 09:36:00.986468+00:00
913673,prison guard,2025-03-02 00:57:22.087248+00:00,2025-03-02 09:36:00.986468+00:00
913673,death row,2025-03-02 00:57:22.087248+00:00,2025-03-02 09:36:00.986468+00:00
913760,air crash,2025-03-02 00:57:22.087248+00:00,2025-03-02 09:36:00.986468+00:00
913760,russia,2025-03-02 00:57:22.087248+00:00,2025-03-02 09:36:00.986468+00:00
913760,war,2025-03-02 00:57:22.087248+00:00,2025-03-02 09:36:00.986468+00:00
913760,2010s,2025-03-02 00:57:22.087248+00:00,2025-03-02 09:36:00.986468+00:00
913760,ukraine,2025-03-02 00:57:22.087248+00:00,2025-03-02 09:36:00.986468+00:00
913760,russo-ukrainian war,2025-03-02 00:57:22.087248+00:00,2025-03-02 09:36:00.986468+00:00
913760,family,2025-03-02 00:57:22.087248+00:00,2025-03-02 09:36:00.986468+00:00
913820,homeland,2025-03-02 00:57:22.087248+00:00,2025-03-02 09:36:00.986468+00:00
913820,bolivia,2025-03-02 00:57:22.087248+00:00,2025-03-02 09:36:00.986468+00:00
913991,based on true story,2025-03-02 00:57:22.087248+00:00,2025-03-02 09:36:00.986468+00:00
913991,1970s,2025-03-02 00:57:22.087248+00:00,2025-03-02 09:36:00.986468+00:00
913991,prison,2025-03-02 00:57:22.087248+00:00,2025-03-02 09:36:00.986468+00:00
914203,belgium,2025-03-02 00:57:22.087248+00:00,2025-03-02 09:36:00.986468+00:00
914203,immigrant,2025-03-02 00:57:22.087248+00:00,2025-03-02 09:36:00.986468+00:00
914203,murder,2025-03-02 00:57:22.087248+00:00,2025-03-02 09:36:00.986468+00:00
914203,older sister younger brother,2025-03-02 00:57:22.087248+00:00,2025-03-02 09:36:00.986468+00:00
914203,teenage girl,2025-03-02 00:57:22.087248+00:00,2025-03-02 09:36:00.986468+00:00
914203,drug dealing,2025-03-02 00:57:22.087248+00:00,2025-03-02 09:36:00.986468+00:00
914203,refugees,2025-03-02 00:57:22.087248+00:00,2025-03-02 09:36:00.986468+00:00
914203,sexual abuse,2025-03-02 00:57:22.087248+00:00,2025-03-02 09:36:00.986468+00:00
914203,cannabis,2025-03-02 00:57:22.087248+00:00,2025-03-02 09:36:00.986468+00:00
914203,cameroon,2025-03-02 00:57:22.087248+00:00,2025-03-02 09:36:00.986468+00:00
914203,friendship,2025-03-02 00:57:22.087248+00:00,2025-03-02 09:36:00.986468+00:00
914203,drug dealer,2025-03-02 00:57:22.087248+00:00,2025-03-02 09:36:00.986468+00:00
914206,based on short story,2025-03-02 00:57:22.087248+00:00,2025-03-02 09:36:00.986468+00:00
914206,period drama,2025-03-02 00:57:22.087248+00:00,2025-03-02 09:36:00.986468+00:00
914206,flood,2025-03-02 00:57:22.087248+00:00,2025-03-02 09:36:00.986468+00:00
914206,trauma,2025-03-02 00:57:22.087248+00:00,2025-03-02 09:36:00.986468+00:00
914206,near future,2025-03-02 00:57:22.087248+00:00,2025-03-02 09:36:00.986468+00:00
914206,dolls,2025-03-02 00:57:22.087248+00:00,2025-03-02 09:36:00.986468+00:00
914206,female protagonist,2025-03-02 00:57:22.087248+00:00,2025-03-02 09:36:00.986468+00:00
914206,nightclub,2025-03-02 00:57:22.087248+00:00,2025-03-02 09:36:00.986468+00:00
914206,risk,2025-03-02 00:57:22.087248+00:00,2025-03-02 09:36:00.986468+00:00
914206,housesitting,2025-03-02 00:57:22.087248+00:00,2025-03-02 09:36:00.986468+00:00
914206,medium,2025-03-02 00:57:22.087248+00:00,2025-03-02 09:36:00.986468+00:00
914206,1910s,2025-03-02 00:57:22.087248+00:00,2025-03-02 09:36:00.986468+00:00
914206,pianist,2025-03-02 00:57:22.087248+00:00,2025-03-02 09:36:00.986468+00:00
914206,satire,2025-03-02 00:57:22.087248+00:00,2025-03-02 09:36:00.986468+00:00
914206,actress,2025-03-02 00:57:22.087248+00:00,2025-03-02 09:36:00.986468+00:00
914206,humanity,2025-03-02 00:57:22.087248+00:00,2025-03-02 09:36:00.986468+00:00
914206,"paris, france",2025-03-02 00:57:22.087248+00:00,2025-03-02 09:36:00.986468+00:00
914206,misogyny,2025-03-02 00:57:22.087248+00:00,2025-03-02 09:36:00.986468+00:00
914206,drowning,2025-03-02 00:57:22.087248+00:00,2025-03-02 09:36:00.986468+00:00
914206,factory,2025-03-02 00:57:22.087248+00:00,2025-03-02 09:36:00.986468+00:00
914206,artificial intelligence (a.i.),2025-03-02 00:57:22.087248+00:00,2025-03-02 09:36:00.986468+00:00
914206,"los angeles, california",2025-03-02 00:57:22.087248+00:00,2025-03-02 09:36:00.986468+00:00
914206,doll factory,2025-03-02 00:57:22.087248+00:00,2025-03-02 09:36:00.986468+00:00
914206,2010s,2025-03-02 00:57:22.087248+00:00,2025-03-02 09:36:00.986468+00:00
914206,death,2025-03-02 00:57:22.087248+00:00,2025-03-02 09:36:00.986468+00:00
914206,romantic drama,2025-03-02 00:57:22.087248+00:00,2025-03-02 09:36:00.986468+00:00
914206,home invasion,2025-03-02 00:57:22.087248+00:00,2025-03-02 09:36:00.986468+00:00
914206,incel,2025-03-02 00:57:22.087248+00:00,2025-03-02 09:36:00.986468+00:00
914206,mind alteration,2025-03-02 00:57:22.087248+00:00,2025-03-02 09:36:00.986468+00:00
914206,emotion,2025-03-02 00:57:22.087248+00:00,2025-03-02 09:36:00.986468+00:00
914206,paranoia,2025-03-02 00:57:22.087248+00:00,2025-03-02 09:36:00.986468+00:00
914206,earthquake,2025-03-02 00:57:22.087248+00:00,2025-03-02 09:36:00.986468+00:00
914206,musician,2025-03-02 00:57:22.087248+00:00,2025-03-02 09:36:00.986468+00:00
914206,2040s,2025-03-02 00:57:22.087248+00:00,2025-03-02 09:36:00.986468+00:00
915403,based on tv series,2025-03-02 00:57:22.087248+00:00,2025-03-02 09:36:00.986468+00:00
915403,kaiju,2025-03-02 00:57:22.087248+00:00,2025-03-02 09:36:00.986468+00:00
915403,robot dinosaur,2025-03-02 00:57:22.087248+00:00,2025-03-02 09:36:00.986468+00:00
915403,mecha,2025-03-02 00:57:22.087248+00:00,2025-03-02 09:36:00.986468+00:00
915403,resurrection,2025-03-02 00:57:22.087248+00:00,2025-03-02 09:36:00.986468+00:00
915403,henshin heroes,2025-03-02 00:57:22.087248+00:00,2025-03-02 09:36:00.986468+00:00
915403,sequel,2025-03-02 00:57:22.087248+00:00,2025-03-02 09:36:00.986468+00:00
915403,based on anime,2025-03-02 00:57:22.087248+00:00,2025-03-02 09:36:00.986468+00:00
915403,crossover,2025-03-02 00:57:22.087248+00:00,2025-03-02 09:36:00.986468+00:00
915403,computer world,2025-03-02 00:57:22.087248+00:00,2025-03-02 09:36:00.986468+00:00
915403,giant monster,2025-03-02 00:57:22.087248+00:00,2025-03-02 09:36:00.986468+00:00
915403,sentient machine,2025-03-02 00:57:22.087248+00:00,2025-03-02 09:36:00.986468+00:00
915403,superhero,2025-03-02 00:57:22.087248+00:00,2025-03-02 09:36:00.986468+00:00
915403,super robot,2025-03-02 00:57:22.087248+00:00,2025-03-02 09:36:00.986468+00:00
915403,giant robot,2025-03-02 00:57:22.087248+00:00,2025-03-02 09:36:00.986468+00:00
915403,gridman,2025-03-02 00:57:22.087248+00:00,2025-03-02 09:36:00.986468+00:00
915403,anime,2025-03-02 00:57:22.087248+00:00,2025-03-02 09:36:00.986468+00:00
915403,kyodai hero,2025-03-02 00:57:22.087248+00:00,2025-03-02 09:36:00.986468+00:00
915935,bisexual woman,2025-03-02 00:57:22.087248+00:00,2025-03-02 09:36:00.986468+00:00
915935,blind,2025-03-02 00:57:22.087248+00:00,2025-03-02 09:36:00.986468+00:00
915935,human mystery,2025-03-02 00:57:22.087248+00:00,2025-03-02 09:36:00.986468+00:00
915935,moral dilemma,2025-03-02 00:57:22.087248+00:00,2025-03-02 09:36:00.986468+00:00
915935,mother son relationship,2025-03-02 00:57:22.087248+00:00,2025-03-02 09:36:00.986468+00:00
915935,courtroom drama,2025-03-02 00:57:22.087248+00:00,2025-03-02 09:36:00.986468+00:00
915935,lgbt,2025-03-02 00:57:22.087248+00:00,2025-03-02 09:36:00.986468+00:00
915935,husband wife relationship,2025-03-02 00:57:22.087248+00:00,2025-03-02 09:36:00.986468+00:00
915935,tense,2025-03-02 00:57:22.087248+00:00,2025-03-02 09:36:00.986468+00:00
915935,autopsy,2025-03-02 00:57:22.087248+00:00,2025-03-02 09:36:00.986468+00:00
915935,moral conflict,2025-03-02 00:57:22.087248+00:00,2025-03-02 09:36:00.986468+00:00
915935,courtroom,2025-03-02 00:57:22.087248+00:00,2025-03-02 09:36:00.986468+00:00
915935,woman director,2025-03-02 00:57:22.087248+00:00,2025-03-02 09:36:00.986468+00:00
915935,complex,2025-03-02 00:57:22.087248+00:00,2025-03-02 09:36:00.986468+00:00
915935,bisexuality,2025-03-02 00:57:22.087248+00:00,2025-03-02 09:36:00.986468+00:00
915935,winter,2025-03-02 00:57:22.087248+00:00,2025-03-02 09:36:00.986468+00:00
915935,amused,2025-03-02 00:57:22.087248+00:00,2025-03-02 09:36:00.986468+00:00
915935,suspenseful,2025-03-02 00:57:22.087248+00:00,2025-03-02 09:36:00.986468+00:00
915935,introspective,2025-03-02 00:57:22.087248+00:00,2025-03-02 09:36:00.986468+00:00
915935,grenoble,2025-03-02 00:57:22.087248+00:00,2025-03-02 09:36:00.986468+00:00
915935,death of husband,2025-03-02 00:57:22.087248+00:00,2025-03-02 09:36:00.986468+00:00
915939,us literature,2025-03-02 00:57:22.087248+00:00,2025-03-02 09:36:00.986468+00:00
915939,lesbian relationship,2025-03-02 00:57:22.087248+00:00,2025-03-02 09:36:00.986468+00:00
915939,lgbt,2025-03-02 00:57:22.087248+00:00,2025-03-02 09:36:00.986468+00:00
915939,lesbian,2025-03-02 00:57:22.087248+00:00,2025-03-02 09:36:00.986468+00:00
915939,biography,2025-03-02 00:57:22.087248+00:00,2025-03-02 09:36:00.986468+00:00
915939,female writer,2025-03-02 00:57:22.087248+00:00,2025-03-02 09:36:00.986468+00:00
915939,portrait of an artist,2025-03-02 00:57:22.087248+00:00,2025-03-02 09:36:00.986468+00:00
915939,writer's block,2025-03-02 00:57:22.087248+00:00,2025-03-02 09:36:00.986468+00:00
916192,seinen,2025-03-02 00:57:22.087248+00:00,2025-03-02 09:36:00.986468+00:00
916192,japanese high school,2025-03-02 00:57:22.087248+00:00,2025-03-02 09:36:00.986468+00:00
916192,anime,2025-03-02 00:57:22.087248+00:00,2025-03-02 09:36:00.986468+00:00
916192,time travel,2025-03-02 00:57:22.087248+00:00,2025-03-02 09:36:00.986468+00:00
916192,based on light novel,2025-03-02 00:57:22.087248+00:00,2025-03-02 09:36:00.986468+00:00
916192,adolescence,2025-03-02 00:57:22.087248+00:00,2025-03-02 09:36:00.986468+00:00
916192,tragedy,2025-03-02 00:57:22.087248+00:00,2025-03-02 09:36:00.986468+00:00
916192,time manipulation,2025-03-02 00:57:22.087248+00:00,2025-03-02 09:36:00.986468+00:00
916192,supernatural,2025-03-02 00:57:22.087248+00:00,2025-03-02 09:36:00.986468+00:00
916192,legend,2025-03-02 00:57:22.087248+00:00,2025-03-02 09:36:00.986468+00:00
916192,school,2025-03-02 00:57:22.087248+00:00,2025-03-02 09:36:00.986468+00:00
916192,high school,2025-03-02 00:57:22.087248+00:00,2025-03-02 09:36:00.986468+00:00
916224,door,2025-03-02 00:57:22.087248+00:00,2025-03-02 09:36:00.986468+00:00
916224,natural disaster,2025-03-02 00:57:22.087248+00:00,2025-03-02 09:36:00.986468+00:00
916224,magic,2025-03-02 00:57:22.087248+00:00,2025-03-02 09:36:00.986468+00:00
916224,journey,2025-03-02 00:57:22.087248+00:00,2025-03-02 09:36:00.986468+00:00
916224,calamity,2025-03-02 00:57:22.087248+00:00,2025-03-02 09:36:00.986468+00:00
916224,female protagonist,2025-03-02 00:57:22.087248+00:00,2025-03-02 09:36:00.986468+00:00
916224,adventure,2025-03-02 00:57:22.087248+00:00,2025-03-02 09:36:00.986468+00:00
916224,teenage girl,2025-03-02 00:57:22.087248+00:00,2025-03-02 09:36:00.986468+00:00
916224,travel,2025-03-02 00:57:22.087248+00:00,2025-03-02 09:36:00.986468+00:00
916224,anime,2025-03-02 00:57:22.087248+00:00,2025-03-02 09:36:00.986468+00:00
916224,shrine,2025-03-02 00:57:22.087248+00:00,2025-03-02 09:36:00.986468+00:00
916224,supernatural creature,2025-03-02 00:57:22.087248+00:00,2025-03-02 09:36:00.986468+00:00
916224,enviromental,2025-03-02 00:57:22.087248+00:00,2025-03-02 09:36:00.986468+00:00
916405,secret,2025-03-02 00:57:22.087248+00:00,2025-03-02 09:36:00.986468+00:00
916405,ireland,2025-03-02 00:57:22.087248+00:00,2025-03-02 09:36:00.986468+00:00
916405,1980s,2025-03-02 00:57:22.087248+00:00,2025-03-02 09:36:00.986468+00:00
916405,rural ireland,2025-03-02 00:57:22.087248+00:00,2025-03-02 09:36:00.986468+00:00
916405,loss,2025-03-02 00:57:22.087248+00:00,2025-03-02 09:36:00.986468+00:00
916405,shyness,2025-03-02 00:57:22.087248+00:00,2025-03-02 09:36:00.986468+00:00
916405,love,2025-03-02 00:57:22.087248+00:00,2025-03-02 09:36:00.986468+00:00
916405,foster family,2025-03-02 00:57:22.087248+00:00,2025-03-02 09:36:00.986468+00:00
916405,summer,2025-03-02 00:57:22.087248+00:00,2025-03-02 09:36:00.986468+00:00
916405,little girl,2025-03-02 00:57:22.087248+00:00,2025-03-02 09:36:00.986468+00:00
916405,care,2025-03-02 00:57:22.087248+00:00,2025-03-02 09:36:00.986468+00:00
916405,irish language,2025-03-02 00:57:22.087248+00:00,2025-03-02 09:36:00.986468+00:00
916405,elderly parents,2025-03-02 00:57:22.087248+00:00,2025-03-02 09:36:00.986468+00:00
916738,video artist,2025-03-02 00:57:22.087248+00:00,2025-03-02 09:36:00.986468+00:00
916738,video art,2025-03-02 00:57:22.087248+00:00,2025-03-02 09:36:00.986468+00:00
917007,family tragedy,2025-03-02 00:57:22.087248+00:00,2025-03-02 09:36:00.986468+00:00
917007,old house,2025-03-02 00:57:22.087248+00:00,2025-03-02 09:36:00.986468+00:00
917007,pregnancy,2025-03-02 00:57:22.087248+00:00,2025-03-02 09:36:00.986468+00:00
917496,mother daughter relationship,2025-03-02 00:57:22.087248+00:00,2025-03-02 09:36:00.986468+00:00
917496,paranormal,2025-03-02 00:57:22.087248+00:00,2025-03-02 09:36:00.986468+00:00
917496,fantasy,2025-03-02 00:57:22.087248+00:00,2025-03-02 09:36:00.986468+00:00
917496,death,2025-03-02 00:57:22.087248+00:00,2025-03-02 09:36:00.986468+00:00
917496,teenage girl,2025-03-02 00:57:22.087248+00:00,2025-03-02 09:36:00.986468+00:00
917496,ghoulish,2025-03-02 00:57:22.087248+00:00,2025-03-02 09:36:00.986468+00:00
917496,new england,2025-03-02 00:57:22.087248+00:00,2025-03-02 09:36:00.986468+00:00
917496,afterlife,2025-03-02 00:57:22.087248+00:00,2025-03-02 09:36:00.986468+00:00
917496,ghost,2025-03-02 00:57:22.087248+00:00,2025-03-02 09:36:00.986468+00:00
917496,gothic,2025-03-02 00:57:22.087248+00:00,2025-03-02 09:36:00.986468+00:00
917496,fantasy comedy,2025-03-02 00:57:22.087248+00:00,2025-03-02 09:36:00.986468+00:00
917496,unexpected death,2025-03-02 00:57:22.087248+00:00,2025-03-02 09:36:00.986468+00:00
917496,horror comedy,2025-03-02 00:57:22.087248+00:00,2025-03-02 09:36:00.986468+00:00
917496,haunted house,2025-03-02 00:57:22.087248+00:00,2025-03-02 09:36:00.986468+00:00
917496,sequel,2025-03-02 00:57:22.087248+00:00,2025-03-02 09:36:00.986468+00:00
917717,folklore,2025-03-02 00:57:22.087248+00:00,2025-03-02 09:36:00.986468+00:00
917717,supernatural,2025-03-02 00:57:22.087248+00:00,2025-03-02 09:36:00.986468+00:00
917717,found footage,2025-03-02 00:57:22.087248+00:00,2025-03-02 09:36:00.986468+00:00
917717,investigative reporter,2025-03-02 00:57:22.087248+00:00,2025-03-02 09:36:00.986468+00:00
917717,based on true story,2025-03-02 00:57:22.087248+00:00,2025-03-02 09:36:00.986468+00:00
918044,boyhood,2025-03-02 00:57:22.087248+00:00,2025-03-02 09:36:00.986468+00:00
918044,lgbt,2025-03-02 00:57:22.087248+00:00,2025-03-02 09:36:00.986468+00:00
918044,gay theme,2025-03-02 00:57:22.087248+00:00,2025-03-02 09:36:00.986468+00:00
918044,death of parent,2025-03-02 00:57:22.087248+00:00,2025-03-02 09:36:00.986468+00:00
918044,lgbt teen,2025-03-02 00:57:22.087248+00:00,2025-03-02 09:36:00.986468+00:00
918044,gay youth,2025-03-02 00:57:22.087248+00:00,2025-03-02 09:36:00.986468+00:00
918044,sexual discovery,2025-03-02 00:57:22.087248+00:00,2025-03-02 09:36:00.986468+00:00
918044,coming of age,2025-03-02 00:57:22.087248+00:00,2025-03-02 09:36:00.986468+00:00
919207,korea president,2025-03-02 00:57:22.087248+00:00,2025-03-02 09:36:00.986468+00:00
919207,coup d'etat,2025-03-02 00:57:22.087248+00:00,2025-03-02 09:36:00.986468+00:00
919207,1970s,2025-03-02 00:57:22.087248+00:00,2025-03-02 09:36:00.986468+00:00
919207,korean army,2025-03-02 00:57:22.087248+00:00,2025-03-02 09:36:00.986468+00:00
919207,chun doo-hwan,2025-03-02 00:57:22.087248+00:00,2025-03-02 09:36:00.986468+00:00
919207,martial law,2025-03-02 00:57:22.087248+00:00,2025-03-02 09:36:00.986468+00:00
919207,"seoul, south korea",2025-03-02 00:57:22.087248+00:00,2025-03-02 09:36:00.986468+00:00
921436,inter-korean relations,2025-03-02 00:57:22.087248+00:00,2025-03-02 09:36:00.986468+00:00
921436,korean army,2025-03-02 00:57:22.087248+00:00,2025-03-02 09:36:00.986468+00:00
921436,dmz,2025-03-02 00:57:22.087248+00:00,2025-03-02 09:36:00.986468+00:00
921436,north korean,2025-03-02 00:57:22.087248+00:00,2025-03-02 09:36:00.986468+00:00
921436,north korean defector,2025-03-02 00:57:22.087248+00:00,2025-03-02 09:36:00.986468+00:00
921436,desertion,2025-03-02 00:57:22.087248+00:00,2025-03-02 09:36:00.986468+00:00
921452,countess,2025-03-02 00:57:22.087248+00:00,2025-03-02 09:36:00.986468+00:00
921452,convent,2025-03-02 00:57:22.087248+00:00,2025-03-02 09:36:00.986468+00:00
921452,18th century,2025-03-02 00:57:22.087248+00:00,2025-03-02 09:36:00.986468+00:00
921452,king of france,2025-03-02 00:57:22.087248+00:00,2025-03-02 09:36:00.986468+00:00
921452,royal court,2025-03-02 00:57:22.087248+00:00,2025-03-02 09:36:00.986468+00:00
921452,mistress,2025-03-02 00:57:22.087248+00:00,2025-03-02 09:36:00.986468+00:00
921452,versailles,2025-03-02 00:57:22.087248+00:00,2025-03-02 09:36:00.986468+00:00
921452,king louis xv of france,2025-03-02 00:57:22.087248+00:00,2025-03-02 09:36:00.986468+00:00
921452,romance,2025-03-02 00:57:22.087248+00:00,2025-03-02 09:36:00.986468+00:00
921452,infidelity,2025-03-02 00:57:22.087248+00:00,2025-03-02 09:36:00.986468+00:00
923344,woman director,2025-03-02 00:57:22.087248+00:00,2025-03-02 09:36:00.986468+00:00
923344,detective,2025-03-02 00:57:22.087248+00:00,2025-03-02 09:36:00.986468+00:00
923344,police investigation,2025-03-02 00:57:22.087248+00:00,2025-03-02 09:36:00.986468+00:00
923344,death,2025-03-02 00:57:22.087248+00:00,2025-03-02 09:36:00.986468+00:00
923344,suicide,2025-03-02 00:57:22.087248+00:00,2025-03-02 09:36:00.986468+00:00
923344,call center,2025-03-02 00:57:22.087248+00:00,2025-03-02 09:36:00.986468+00:00
923344,underage,2025-03-02 00:57:22.087248+00:00,2025-03-02 09:36:00.986468+00:00
923387,child play,2025-03-02 00:57:22.087248+00:00,2025-03-02 09:36:00.986468+00:00
923387,abused,2025-03-02 00:57:22.087248+00:00,2025-03-02 09:36:00.986468+00:00
923387,teenager,2025-03-02 00:57:22.087248+00:00,2025-03-02 09:36:00.986468+00:00
923387,boy girl relationship,2025-03-02 00:57:22.087248+00:00,2025-03-02 09:36:00.986468+00:00
923387,flanders,2025-03-02 00:57:22.087248+00:00,2025-03-02 09:36:00.986468+00:00
923387,ice melting,2025-03-02 00:57:22.087248+00:00,2025-03-02 09:36:00.986468+00:00
923387,ice,2025-03-02 00:57:22.087248+00:00,2025-03-02 09:36:00.986468+00:00
923387,dead brother,2025-03-02 00:57:22.087248+00:00,2025-03-02 09:36:00.986468+00:00
923387,dangerous game,2025-03-02 00:57:22.087248+00:00,2025-03-02 09:36:00.986468+00:00
923387,teenage rape,2025-03-02 00:57:22.087248+00:00,2025-03-02 09:36:00.986468+00:00
923387,in love,2025-03-02 00:57:22.087248+00:00,2025-03-02 09:36:00.986468+00:00
923387,dead horse,2025-03-02 00:57:22.087248+00:00,2025-03-02 09:36:00.986468+00:00
923387,ice block,2025-03-02 00:57:22.087248+00:00,2025-03-02 09:36:00.986468+00:00
923387,rape,2025-03-02 00:57:22.087248+00:00,2025-03-02 09:36:00.986468+00:00
923387,horse,2025-03-02 00:57:22.087248+00:00,2025-03-02 09:36:00.986468+00:00
923387,suicide,2025-03-02 00:57:22.087248+00:00,2025-03-02 09:36:00.986468+00:00
923387,alcoholic mother,2025-03-02 00:57:22.087248+00:00,2025-03-02 09:36:00.986468+00:00
923387,suicide by hanging,2025-03-02 00:57:22.087248+00:00,2025-03-02 09:36:00.986468+00:00
923387,come back home,2025-03-02 00:57:22.087248+00:00,2025-03-02 09:36:00.986468+00:00
923387,flemish language film,2025-03-02 00:57:22.087248+00:00,2025-03-02 09:36:00.986468+00:00
923387,hanging,2025-03-02 00:57:22.087248+00:00,2025-03-02 09:36:00.986468+00:00
923387,return to hometown,2025-03-02 00:57:22.087248+00:00,2025-03-02 09:36:00.986468+00:00
923387,youth,2025-03-02 00:57:22.087248+00:00,2025-03-02 09:36:00.986468+00:00
923387,female stripping,2025-03-02 00:57:22.087248+00:00,2025-03-02 09:36:00.986468+00:00
923387,belgium,2025-03-02 00:57:22.087248+00:00,2025-03-02 09:36:00.986468+00:00
923387,horse riding,2025-03-02 00:57:22.087248+00:00,2025-03-02 09:36:00.986468+00:00
923387,woman director,2025-03-02 00:57:22.087248+00:00,2025-03-02 09:36:00.986468+00:00
923387,forced to strip,2025-03-02 00:57:22.087248+00:00,2025-03-02 09:36:00.986468+00:00
923667,absurd,2025-03-02 00:57:22.087248+00:00,2025-03-02 09:36:00.986468+00:00
923667,martial arts,2025-03-02 00:57:22.087248+00:00,2025-03-02 09:36:00.986468+00:00
923667,kung fu,2025-03-02 00:57:22.087248+00:00,2025-03-02 09:36:00.986468+00:00
923667,based on comic,2025-03-02 00:57:22.087248+00:00,2025-03-02 09:36:00.986468+00:00
923667,based on manhwa,2025-03-02 00:57:22.087248+00:00,2025-03-02 09:36:00.986468+00:00
924120,hong kong,2025-03-02 00:57:22.087248+00:00,2025-03-02 09:36:00.986468+00:00
924120,hong kong protests,2025-03-02 00:57:22.087248+00:00,2025-03-02 09:36:00.986468+00:00
924482,mountain climbing,2025-03-02 00:57:22.087248+00:00,2025-03-02 09:36:00.986468+00:00
924482,italy,2025-03-02 00:57:22.087248+00:00,2025-03-02 09:36:00.986468+00:00
924482,lost girl,2025-03-02 00:57:22.087248+00:00,2025-03-02 09:36:00.986468+00:00
924482,person on fire,2025-03-02 00:57:22.087248+00:00,2025-03-02 09:36:00.986468+00:00
924482,free climbing,2025-03-02 00:57:22.087248+00:00,2025-03-02 09:36:00.986468+00:00
924482,fall from height,2025-03-02 00:57:22.087248+00:00,2025-03-02 09:36:00.986468+00:00
924482,murder,2025-03-02 00:57:22.087248+00:00,2025-03-02 09:36:00.986468+00:00
924482,trapped,2025-03-02 00:57:22.087248+00:00,2025-03-02 09:36:00.986468+00:00
924482,mountain,2025-03-02 00:57:22.087248+00:00,2025-03-02 09:36:00.986468+00:00
924482,fractured leg,2025-03-02 00:57:22.087248+00:00,2025-03-02 09:36:00.986468+00:00
924482,ledge,2025-03-02 00:57:22.087248+00:00,2025-03-02 09:36:00.986468+00:00
925102,police investigation,2025-03-02 00:57:22.087248+00:00,2025-03-02 09:36:00.986468+00:00
925102,misogyny,2025-03-02 00:57:22.087248+00:00,2025-03-02 09:36:00.986468+00:00
925102,intimate,2025-03-02 00:57:22.087248+00:00,2025-03-02 09:36:00.986468+00:00
925786,fear,2025-03-02 00:57:22.087248+00:00,2025-03-02 09:36:00.986468+00:00
925786,decomposed body,2025-03-02 00:57:22.087248+00:00,2025-03-02 09:36:00.986468+00:00
925786,cult,2025-03-02 00:57:22.087248+00:00,2025-03-02 09:36:00.986468+00:00
925786,demon,2025-03-02 00:57:22.087248+00:00,2025-03-02 09:36:00.986468+00:00
925786,terror,2025-03-02 00:57:22.087248+00:00,2025-03-02 09:36:00.986468+00:00
925786,haunted,2025-03-02 00:57:22.087248+00:00,2025-03-02 09:36:00.986468+00:00
925786,ghost,2025-03-02 00:57:22.087248+00:00,2025-03-02 09:36:00.986468+00:00
925786,evil,2025-03-02 00:57:22.087248+00:00,2025-03-02 09:36:00.986468+00:00
925786,supernatural,2025-03-02 00:57:22.087248+00:00,2025-03-02 09:36:00.986468+00:00
925786,ritual,2025-03-02 00:57:22.087248+00:00,2025-03-02 09:36:00.986468+00:00
925786,indonesian,2025-03-02 00:57:22.087248+00:00,2025-03-02 09:36:00.986468+00:00
925786,sequel,2025-03-02 00:57:22.087248+00:00,2025-03-02 09:36:00.986468+00:00
925786,haunting,2025-03-02 00:57:22.087248+00:00,2025-03-02 09:36:00.986468+00:00
925786,apartment,2025-03-02 00:57:22.087248+00:00,2025-03-02 09:36:00.986468+00:00
925786,witchcraft,2025-03-02 00:57:22.087248+00:00,2025-03-02 09:36:00.986468+00:00
925786,supernatural horror,2025-03-02 00:57:22.087248+00:00,2025-03-02 09:36:00.986468+00:00
926393,horrified,2025-03-02 00:57:22.087248+00:00,2025-03-02 09:36:00.986468+00:00
926393,italy,2025-03-02 00:57:22.087248+00:00,2025-03-02 09:36:00.986468+00:00
926393,mean spirited,2025-03-02 00:57:22.087248+00:00,2025-03-02 09:36:00.986468+00:00
926393,suspenseful,2025-03-02 00:57:22.087248+00:00,2025-03-02 09:36:00.986468+00:00
926393,italian mafia,2025-03-02 00:57:22.087248+00:00,2025-03-02 09:36:00.986468+00:00
926393,vigilante justice,2025-03-02 00:57:22.087248+00:00,2025-03-02 09:36:00.986468+00:00
926393,dramatic,2025-03-02 00:57:22.087248+00:00,2025-03-02 09:36:00.986468+00:00
926889,mother son relationship,2025-03-02 00:57:22.087248+00:00,2025-03-02 09:36:00.986468+00:00
926889,brother brother relationship,2025-03-02 00:57:22.087248+00:00,2025-03-02 09:36:00.986468+00:00
926889,single mother,2025-03-02 00:57:22.087248+00:00,2025-03-02 09:36:00.986468+00:00
926889,immigrant,2025-03-02 00:57:22.087248+00:00,2025-03-02 09:36:00.986468+00:00
926889,coming of age,2025-03-02 00:57:22.087248+00:00,2025-03-02 09:36:00.986468+00:00
926889,"paris, france",2025-03-02 00:57:22.087248+00:00,2025-03-02 09:36:00.986468+00:00
927107,blackmail,2025-03-02 00:57:22.087248+00:00,2025-03-02 09:36:00.986468+00:00
927107,ex-cia agent,2025-03-02 00:57:22.087248+00:00,2025-03-02 09:36:00.986468+00:00
927107,conspiracy,2025-03-02 00:57:22.087248+00:00,2025-03-02 09:36:00.986468+00:00
927547,meditative,2025-03-02 00:57:22.087248+00:00,2025-03-02 09:36:00.986468+00:00
927547,roommates,2025-03-02 00:57:22.087248+00:00,2025-03-02 09:36:00.986468+00:00
927547,nurse,2025-03-02 00:57:22.087248+00:00,2025-03-02 09:36:00.986468+00:00
928709,older woman younger man relationship,2025-03-02 00:57:22.087248+00:00,2025-03-02 09:36:00.986468+00:00
928709,age-gap relationship,2025-03-02 00:57:22.087248+00:00,2025-03-02 09:36:00.986468+00:00
928713,novelist,2025-03-02 00:57:22.087248+00:00,2025-03-02 09:36:00.986468+00:00
928730,female boxing,2025-03-02 00:57:22.087248+00:00,2025-03-02 09:36:00.986468+00:00
928730,boxing,2025-03-02 00:57:22.087248+00:00,2025-03-02 09:36:00.986468+00:00
928730,loss of eyesight,2025-03-02 00:57:22.087248+00:00,2025-03-02 09:36:00.986468+00:00
928730,hearing impaired,2025-03-02 00:57:22.087248+00:00,2025-03-02 09:36:00.986468+00:00
928730,boxing trainer,2025-03-02 00:57:22.087248+00:00,2025-03-02 09:36:00.986468+00:00
929590,suicide bombing,2025-03-02 00:57:22.087248+00:00,2025-03-02 09:36:00.986468+00:00
929590,usa politics,2025-03-02 00:57:22.087248+00:00,2025-03-02 09:36:00.986468+00:00
929590,post-traumatic stress disorder (ptsd),2025-03-02 00:57:22.087248+00:00,2025-03-02 09:36:00.986468+00:00
929590,urgent,2025-03-02 00:57:22.087248+00:00,2025-03-02 09:36:00.986468+00:00
929590,violence,2025-03-02 00:57:22.087248+00:00,2025-03-02 09:36:00.986468+00:00
929590,the white house,2025-03-02 00:57:22.087248+00:00,2025-03-02 09:36:00.986468+00:00
929590,assassination of president,2025-03-02 00:57:22.087248+00:00,2025-03-02 09:36:00.986468+00:00
929590,xenophobia,2025-03-02 00:57:22.087248+00:00,2025-03-02 09:36:00.986468+00:00
929590,photographer,2025-03-02 00:57:22.087248+00:00,2025-03-02 09:36:00.986468+00:00
929590,"washington dc, usa",2025-03-02 00:57:22.087248+00:00,2025-03-02 09:36:00.986468+00:00
929590,dystopia,2025-03-02 00:57:22.087248+00:00,2025-03-02 09:36:00.986468+00:00
929590,female protagonist,2025-03-02 00:57:22.087248+00:00,2025-03-02 09:36:00.986468+00:00
929590,near future,2025-03-02 00:57:22.087248+00:00,2025-03-02 09:36:00.986468+00:00
929590,war journalism,2025-03-02 00:57:22.087248+00:00,2025-03-02 09:36:00.986468+00:00
929590,war photographer,2025-03-02 00:57:22.087248+00:00,2025-03-02 09:36:00.986468+00:00
929590,charlottesville,2025-03-02 00:57:22.087248+00:00,2025-03-02 09:36:00.986468+00:00
929590,president,2025-03-02 00:57:22.087248+00:00,2025-03-02 09:36:00.986468+00:00
929590,mass grave,2025-03-02 00:57:22.087248+00:00,2025-03-02 09:36:00.986468+00:00
929590,sniper,2025-03-02 00:57:22.087248+00:00,2025-03-02 09:36:00.986468+00:00
929590,ominous,2025-03-02 00:57:22.087248+00:00,2025-03-02 09:36:00.986468+00:00
929590,civil war,2025-03-02 00:57:22.087248+00:00,2025-03-02 09:36:00.986468+00:00
929590,new york city,2025-03-02 00:57:22.087248+00:00,2025-03-02 09:36:00.986468+00:00
929590,fictional war,2025-03-02 00:57:22.087248+00:00,2025-03-02 09:36:00.986468+00:00
929590,race against time,2025-03-02 00:57:22.087248+00:00,2025-03-02 09:36:00.986468+00:00
929590,road trip,2025-03-02 00:57:22.087248+00:00,2025-03-02 09:36:00.986468+00:00
929590,journalism,2025-03-02 00:57:22.087248+00:00,2025-03-02 09:36:00.986468+00:00
929590,soldier,2025-03-02 00:57:22.087248+00:00,2025-03-02 09:36:00.986468+00:00
929590,war trauma,2025-03-02 00:57:22.087248+00:00,2025-03-02 09:36:00.986468+00:00
929590,photojournalism,2025-03-02 00:57:22.087248+00:00,2025-03-02 09:36:00.986468+00:00
930478,urban legend,2025-03-02 00:57:22.087248+00:00,2025-03-02 09:36:00.986468+00:00
931102,father daughter relationship,2025-03-02 00:57:22.087248+00:00,2025-03-02 09:36:00.986468+00:00
931102,viral video,2025-03-02 00:57:22.087248+00:00,2025-03-02 09:36:00.986468+00:00
931102,horse,2025-03-02 00:57:22.087248+00:00,2025-03-02 09:36:00.986468+00:00
931102,stuntman,2025-03-02 00:57:22.087248+00:00,2025-03-02 09:36:00.986468+00:00
931102,animals,2025-03-02 00:57:22.087248+00:00,2025-03-02 09:36:00.986468+00:00
931102,skilled fighter,2025-03-02 00:57:22.087248+00:00,2025-03-02 09:36:00.986468+00:00
931894,taiwan,2025-03-02 00:57:22.087248+00:00,2025-03-02 09:36:00.986468+00:00
933260,satire,2025-03-02 00:57:22.087248+00:00,2025-03-02 09:36:00.986468+00:00
933260,body horror,2025-03-02 00:57:22.087248+00:00,2025-03-02 09:36:00.986468+00:00
933260,identity,2025-03-02 00:57:22.087248+00:00,2025-03-02 09:36:00.986468+00:00
933260,black market,2025-03-02 00:57:22.087248+00:00,2025-03-02 09:36:00.986468+00:00
933260,female protagonist,2025-03-02 00:57:22.087248+00:00,2025-03-02 09:36:00.986468+00:00
933260,toxic masculinity,2025-03-02 00:57:22.087248+00:00,2025-03-02 09:36:00.986468+00:00
933260,has been,2025-03-02 00:57:22.087248+00:00,2025-03-02 09:36:00.986468+00:00
933260,disfigurement,2025-03-02 00:57:22.087248+00:00,2025-03-02 09:36:00.986468+00:00
933260,beauty,2025-03-02 00:57:22.087248+00:00,2025-03-02 09:36:00.986468+00:00
933260,drug,2025-03-02 00:57:22.087248+00:00,2025-03-02 09:36:00.986468+00:00
933260,insecure woman,2025-03-02 00:57:22.087248+00:00,2025-03-02 09:36:00.986468+00:00
933260,youth,2025-03-02 00:57:22.087248+00:00,2025-03-02 09:36:00.986468+00:00
933260,new year's eve,2025-03-02 00:57:22.087248+00:00,2025-03-02 09:36:00.986468+00:00
933260,capitalism,2025-03-02 00:57:22.087248+00:00,2025-03-02 09:36:00.986468+00:00
933260,celebrity,2025-03-02 00:57:22.087248+00:00,2025-03-02 09:36:00.986468+00:00
933260,woman director,2025-03-02 00:57:22.087248+00:00,2025-03-02 09:36:00.986468+00:00
933260,"los angeles, california",2025-03-02 00:57:22.087248+00:00,2025-03-02 09:36:00.986468+00:00
933260,beauty standards,2025-03-02 00:57:22.087248+00:00,2025-03-02 09:36:00.986468+00:00
933260,aerobics,2025-03-02 00:57:22.087248+00:00,2025-03-02 09:36:00.986468+00:00
933260,actress,2025-03-02 00:57:22.087248+00:00,2025-03-02 09:36:00.986468+00:00
933260,aging,2025-03-02 00:57:22.087248+00:00,2025-03-02 09:36:00.986468+00:00
934207,dark comedy,2025-03-02 00:57:22.087248+00:00,2025-03-02 09:36:00.986468+00:00
934207,childhood friends,2025-03-02 00:57:22.087248+00:00,2025-03-02 09:36:00.986468+00:00
934207,murder,2025-03-02 00:57:22.087248+00:00,2025-03-02 09:36:00.986468+00:00
934207,secluded cabin,2025-03-02 00:57:22.087248+00:00,2025-03-02 09:36:00.986468+00:00
934207,kangaroo,2025-03-02 00:57:22.087248+00:00,2025-03-02 09:36:00.986468+00:00
934207,bullying,2025-03-02 00:57:22.087248+00:00,2025-03-02 09:36:00.986468+00:00
934207,social media,2025-03-02 00:57:22.087248+00:00,2025-03-02 09:36:00.986468+00:00
934207,lesbian couple,2025-03-02 00:57:22.087248+00:00,2025-03-02 09:36:00.986468+00:00
934207,revenge,2025-03-02 00:57:22.087248+00:00,2025-03-02 09:36:00.986468+00:00
934207,mental health,2025-03-02 00:57:22.087248+00:00,2025-03-02 09:36:00.986468+00:00
934207,bachelorette party,2025-03-02 00:57:22.087248+00:00,2025-03-02 09:36:00.986468+00:00
934207,social media influencer,2025-03-02 00:57:22.087248+00:00,2025-03-02 09:36:00.986468+00:00
934433,irreverent,2025-03-02 00:57:22.087248+00:00,2025-03-02 09:36:00.986468+00:00
934433,halloween,2025-03-02 00:57:22.087248+00:00,2025-03-02 09:36:00.986468+00:00
934433,fake identity,2025-03-02 00:57:22.087248+00:00,2025-03-02 09:36:00.986468+00:00
934433,mask,2025-03-02 00:57:22.087248+00:00,2025-03-02 09:36:00.986468+00:00
934433,public murder,2025-03-02 00:57:22.087248+00:00,2025-03-02 09:36:00.986468+00:00
934433,movie fan,2025-03-02 00:57:22.087248+00:00,2025-03-02 09:36:00.986468+00:00
934433,whodunit,2025-03-02 00:57:22.087248+00:00,2025-03-02 09:36:00.986468+00:00
934433,college,2025-03-02 00:57:22.087248+00:00,2025-03-02 09:36:00.986468+00:00
934433,copycat killer,2025-03-02 00:57:22.087248+00:00,2025-03-02 09:36:00.986468+00:00
934433,serial killer,2025-03-02 00:57:22.087248+00:00,2025-03-02 09:36:00.986468+00:00
934433,killing spree,2025-03-02 00:57:22.087248+00:00,2025-03-02 09:36:00.986468+00:00
934433,brutality,2025-03-02 00:57:22.087248+00:00,2025-03-02 09:36:00.986468+00:00
934433,murder,2025-03-02 00:57:22.087248+00:00,2025-03-02 09:36:00.986468+00:00
934433,slasher,2025-03-02 00:57:22.087248+00:00,2025-03-02 09:36:00.986468+00:00
934433,trauma,2025-03-02 00:57:22.087248+00:00,2025-03-02 09:36:00.986468+00:00
934433,multiple stabbings,2025-03-02 00:57:22.087248+00:00,2025-03-02 09:36:00.986468+00:00
934433,conspiracy theory,2025-03-02 00:57:22.087248+00:00,2025-03-02 09:36:00.986468+00:00
934433,familiar,2025-03-02 00:57:22.087248+00:00,2025-03-02 09:36:00.986468+00:00
934433,fbi agent,2025-03-02 00:57:22.087248+00:00,2025-03-02 09:36:00.986468+00:00
934433,social commentary,2025-03-02 00:57:22.087248+00:00,2025-03-02 09:36:00.986468+00:00
934433,police corruption,2025-03-02 00:57:22.087248+00:00,2025-03-02 09:36:00.986468+00:00
934433,ridiculous,2025-03-02 00:57:22.087248+00:00,2025-03-02 09:36:00.986468+00:00
934433,self-referential,2025-03-02 00:57:22.087248+00:00,2025-03-02 09:36:00.986468+00:00
934433,generation z,2025-03-02 00:57:22.087248+00:00,2025-03-02 09:36:00.986468+00:00
934433,revenge,2025-03-02 00:57:22.087248+00:00,2025-03-02 09:36:00.986468+00:00
934433,satirical,2025-03-02 00:57:22.087248+00:00,2025-03-02 09:36:00.986468+00:00
934433,sequel,2025-03-02 00:57:22.087248+00:00,2025-03-02 09:36:00.986468+00:00
934433,crime spree,2025-03-02 00:57:22.087248+00:00,2025-03-02 09:36:00.986468+00:00
934433,new york city,2025-03-02 00:57:22.087248+00:00,2025-03-02 09:36:00.986468+00:00
934433,aftercreditsstinger,2025-03-02 00:57:22.087248+00:00,2025-03-02 09:36:00.986468+00:00
935906,father daughter relationship,2025-03-02 00:57:22.087248+00:00,2025-03-02 09:36:00.986468+00:00
935906,death of mother,2025-03-02 00:57:22.087248+00:00,2025-03-02 09:36:00.986468+00:00
935906,theft,2025-03-02 00:57:22.087248+00:00,2025-03-02 09:36:00.986468+00:00
935906,grief,2025-03-02 00:57:22.087248+00:00,2025-03-02 09:36:00.986468+00:00
935906,woman director,2025-03-02 00:57:22.087248+00:00,2025-03-02 09:36:00.986468+00:00
935906,"london, england",2025-03-02 00:57:22.087248+00:00,2025-03-02 09:36:00.986468+00:00
936117,world war ii,2025-03-02 00:57:22.087248+00:00,2025-03-02 09:36:00.986468+00:00
936243,high school sports,2025-03-02 00:57:22.087248+00:00,2025-03-02 09:36:00.986468+00:00
936243,2010s,2025-03-02 00:57:22.087248+00:00,2025-03-02 09:36:00.986468+00:00
936243,"busan, south korea",2025-03-02 00:57:22.087248+00:00,2025-03-02 09:36:00.986468+00:00
936243,based on true story,2025-03-02 00:57:22.087248+00:00,2025-03-02 09:36:00.986468+00:00
936243,basketball,2025-03-02 00:57:22.087248+00:00,2025-03-02 09:36:00.986468+00:00
936245,secret room,2025-03-02 00:57:22.087248+00:00,2025-03-02 09:36:00.986468+00:00
936245,orchestra conductor,2025-03-02 00:57:22.087248+00:00,2025-03-02 09:36:00.986468+00:00
936245,remake,2025-03-02 00:57:22.087248+00:00,2025-03-02 09:36:00.986468+00:00
936490,sick mother,2025-03-02 00:57:22.087248+00:00,2025-03-02 09:36:00.986468+00:00
936490,family,2025-03-02 00:57:22.087248+00:00,2025-03-02 09:36:00.986468+00:00
936490,dementia,2025-03-02 00:57:22.087248+00:00,2025-03-02 09:36:00.986468+00:00
937278,remake,2025-03-02 00:57:22.087248+00:00,2025-03-02 09:36:00.986468+00:00
937278,grumpy man,2025-03-02 00:57:22.087248+00:00,2025-03-02 09:36:00.986468+00:00
937278,transgender,2025-03-02 00:57:22.087248+00:00,2025-03-02 09:36:00.986468+00:00
937278,bus accident,2025-03-02 00:57:22.087248+00:00,2025-03-02 09:36:00.986468+00:00
937278,loving,2025-03-02 00:57:22.087248+00:00,2025-03-02 09:36:00.986468+00:00
937278,social media,2025-03-02 00:57:22.087248+00:00,2025-03-02 09:36:00.986468+00:00
937278,suicide attempt,2025-03-02 00:57:22.087248+00:00,2025-03-02 09:36:00.986468+00:00
937278,lighthearted,2025-03-02 00:57:22.087248+00:00,2025-03-02 09:36:00.986468+00:00
937278,new neighbor,2025-03-02 00:57:22.087248+00:00,2025-03-02 09:36:00.986468+00:00
937278,based on novel or book,2025-03-02 00:57:22.087248+00:00,2025-03-02 09:36:00.986468+00:00
937278,forced retirement,2025-03-02 00:57:22.087248+00:00,2025-03-02 09:36:00.986468+00:00
937278,death of wife,2025-03-02 00:57:22.087248+00:00,2025-03-02 09:36:00.986468+00:00
937278,miscarriage,2025-03-02 00:57:22.087248+00:00,2025-03-02 09:36:00.986468+00:00
937278,flashback,2025-03-02 00:57:22.087248+00:00,2025-03-02 09:36:00.986468+00:00
937278,friendship,2025-03-02 00:57:22.087248+00:00,2025-03-02 09:36:00.986468+00:00
937278,loss of wife,2025-03-02 00:57:22.087248+00:00,2025-03-02 09:36:00.986468+00:00
937287,husband wife relationship,2025-03-02 00:57:22.087248+00:00,2025-03-02 09:36:00.986468+00:00
937287,psychosexual,2025-03-02 00:57:22.087248+00:00,2025-03-02 09:36:00.986468+00:00
937287,eroticism,2025-03-02 00:57:22.087248+00:00,2025-03-02 09:36:00.986468+00:00
937287,gay theme,2025-03-02 00:57:22.087248+00:00,2025-03-02 09:36:00.986468+00:00
937287,infidelity,2025-03-02 00:57:22.087248+00:00,2025-03-02 09:36:00.986468+00:00
937287,ambiguous,2025-03-02 00:57:22.087248+00:00,2025-03-02 09:36:00.986468+00:00
937287,codependency,2025-03-02 00:57:22.087248+00:00,2025-03-02 09:36:00.986468+00:00
937287,atlanta,2025-03-02 00:57:22.087248+00:00,2025-03-02 09:36:00.986468+00:00
937287,2010s,2025-03-02 00:57:22.087248+00:00,2025-03-02 09:36:00.986468+00:00
937287,aggressive,2025-03-02 00:57:22.087248+00:00,2025-03-02 09:36:00.986468+00:00
937287,competition,2025-03-02 00:57:22.087248+00:00,2025-03-02 09:36:00.986468+00:00
937287,sports,2025-03-02 00:57:22.087248+00:00,2025-03-02 09:36:00.986468+00:00
937287,interracial marriage,2025-03-02 00:57:22.087248+00:00,2025-03-02 09:36:00.986468+00:00
937287,prodigy,2025-03-02 00:57:22.087248+00:00,2025-03-02 09:36:00.986468+00:00
937287,tennis court,2025-03-02 00:57:22.087248+00:00,2025-03-02 09:36:00.986468+00:00
937287,sports drama,2025-03-02 00:57:22.087248+00:00,2025-03-02 09:36:00.986468+00:00
937287,love triangle,2025-03-02 00:57:22.087248+00:00,2025-03-02 09:36:00.986468+00:00
937287,tennis player,2025-03-02 00:57:22.087248+00:00,2025-03-02 09:36:00.986468+00:00
937287,tennis pro,2025-03-02 00:57:22.087248+00:00,2025-03-02 09:36:00.986468+00:00
937287,male friendship,2025-03-02 00:57:22.087248+00:00,2025-03-02 09:36:00.986468+00:00
937287,knee injury,2025-03-02 00:57:22.087248+00:00,2025-03-02 09:36:00.986468+00:00
937287,2000s,2025-03-02 00:57:22.087248+00:00,2025-03-02 09:36:00.986468+00:00
937287,disgusted,2025-03-02 00:57:22.087248+00:00,2025-03-02 09:36:00.986468+00:00
937287,"new rochelle, new york",2025-03-02 00:57:22.087248+00:00,2025-03-02 09:36:00.986468+00:00
937287,ex-boyfriend ex-girlfriend relationship,2025-03-02 00:57:22.087248+00:00,2025-03-02 09:36:00.986468+00:00
937287,power dynamics,2025-03-02 00:57:22.087248+00:00,2025-03-02 09:36:00.986468+00:00
937287,rivalry,2025-03-02 00:57:22.087248+00:00,2025-03-02 09:36:00.986468+00:00
937287,female coach,2025-03-02 00:57:22.087248+00:00,2025-03-02 09:36:00.986468+00:00
937287,tennis,2025-03-02 00:57:22.087248+00:00,2025-03-02 09:36:00.986468+00:00
937287,tense,2025-03-02 00:57:22.087248+00:00,2025-03-02 09:36:00.986468+00:00
937743,boys' love (bl),2025-03-02 00:57:22.087248+00:00,2025-03-02 09:36:00.986468+00:00
937746,migrant,2025-03-02 00:57:22.087248+00:00,2025-03-02 09:36:00.986468+00:00
937746,africa,2025-03-02 00:57:22.087248+00:00,2025-03-02 09:36:00.986468+00:00
937746,senegal,2025-03-02 00:57:22.087248+00:00,2025-03-02 09:36:00.986468+00:00
937746,dakar,2025-03-02 00:57:22.087248+00:00,2025-03-02 09:36:00.986468+00:00
937746,migration,2025-03-02 00:57:22.087248+00:00,2025-03-02 09:36:00.986468+00:00
937746,europe,2025-03-02 00:57:22.087248+00:00,2025-03-02 09:36:00.986468+00:00
937753,cannon,2025-03-02 00:57:22.087248+00:00,2025-03-02 09:36:00.986468+00:00
937753,based on novel or book,2025-03-02 00:57:22.087248+00:00,2025-03-02 09:36:00.986468+00:00
937753,period drama,2025-03-02 00:57:22.087248+00:00,2025-03-02 09:36:00.986468+00:00
937753,ship,2025-03-02 00:57:22.087248+00:00,2025-03-02 09:36:00.986468+00:00
937753,time travel,2025-03-02 00:57:22.087248+00:00,2025-03-02 09:36:00.986468+00:00
937753,based on tv series,2025-03-02 00:57:22.087248+00:00,2025-03-02 09:36:00.986468+00:00
938008,kidnapping,2025-03-02 00:57:22.087248+00:00,2025-03-02 09:36:00.986468+00:00
938008,based on novel or book,2025-03-02 00:57:22.087248+00:00,2025-03-02 09:36:00.986468+00:00
938133,urban legend,2025-03-02 00:57:22.087248+00:00,2025-03-02 09:36:00.986468+00:00
938133,abandoned housing estate,2025-03-02 00:57:22.087248+00:00,2025-03-02 09:36:00.986468+00:00
938133,"based on myths, legends or folklore",2025-03-02 00:57:22.087248+00:00,2025-03-02 09:36:00.986468+00:00
938133,based on true story,2025-03-02 00:57:22.087248+00:00,2025-03-02 09:36:00.986468+00:00
938133,university student,2025-03-02 00:57:22.087248+00:00,2025-03-02 09:36:00.986468+00:00
938133,ghost estate,2025-03-02 00:57:22.087248+00:00,2025-03-02 09:36:00.986468+00:00
938250,fasting,2025-03-02 00:57:22.087248+00:00,2025-03-02 09:36:00.986468+00:00
938250,satirical,2025-03-02 00:57:22.087248+00:00,2025-03-02 09:36:00.986468+00:00
938250,woman director,2025-03-02 00:57:22.087248+00:00,2025-03-02 09:36:00.986468+00:00
938250,eating,2025-03-02 00:57:22.087248+00:00,2025-03-02 09:36:00.986468+00:00
939243,sequel,2025-03-02 00:57:22.087248+00:00,2025-03-02 09:36:00.986468+00:00
939243,sonic adventure 2,2025-03-02 00:57:22.087248+00:00,2025-03-02 09:36:00.986468+00:00
939243,hedgehog,2025-03-02 00:57:22.087248+00:00,2025-03-02 09:36:00.986468+00:00
939243,cliché,2025-03-02 00:57:22.087248+00:00,2025-03-02 09:36:00.986468+00:00
939243,sonic cinematic universe,2025-03-02 00:57:22.087248+00:00,2025-03-02 09:36:00.986468+00:00
939243,moon,2025-03-02 00:57:22.087248+00:00,2025-03-02 09:36:00.986468+00:00
939243,anthropomorphic animal,2025-03-02 00:57:22.087248+00:00,2025-03-02 09:36:00.986468+00:00
939243,burlesque,2025-03-02 00:57:22.087248+00:00,2025-03-02 09:36:00.986468+00:00
939243,live action and animation,2025-03-02 00:57:22.087248+00:00,2025-03-02 09:36:00.986468+00:00
939243,animal human friendship,2025-03-02 00:57:22.087248+00:00,2025-03-02 09:36:00.986468+00:00
939243,amused,2025-03-02 00:57:22.087248+00:00,2025-03-02 09:36:00.986468+00:00
939243,complicated,2025-03-02 00:57:22.087248+00:00,2025-03-02 09:36:00.986468+00:00
939243,aftercreditsstinger,2025-03-02 00:57:22.087248+00:00,2025-03-02 09:36:00.986468+00:00
939243,based on video game,2025-03-02 00:57:22.087248+00:00,2025-03-02 09:36:00.986468+00:00
939243,dual role,2025-03-02 00:57:22.087248+00:00,2025-03-02 09:36:00.986468+00:00
939243,sceptical,2025-03-02 00:57:22.087248+00:00,2025-03-02 09:36:00.986468+00:00
939243,grandfather grandson relationship,2025-03-02 00:57:22.087248+00:00,2025-03-02 09:36:00.986468+00:00
939243,loss and grief,2025-03-02 00:57:22.087248+00:00,2025-03-02 09:36:00.986468+00:00
939243,duringcreditsstinger,2025-03-02 00:57:22.087248+00:00,2025-03-02 09:36:00.986468+00:00
939879,ghost,2025-03-02 00:57:22.087248+00:00,2025-03-02 09:36:00.986468+00:00
939879,colleague,2025-03-02 00:57:22.087248+00:00,2025-03-02 09:36:00.986468+00:00
940417,japan,2025-03-02 00:57:22.087248+00:00,2025-03-02 09:36:00.986468+00:00
940417,sadako,2025-03-02 00:57:22.087248+00:00,2025-03-02 09:36:00.986468+00:00
940417,social media,2025-03-02 00:57:22.087248+00:00,2025-03-02 09:36:00.986468+00:00
940417,cursed videos,2025-03-02 00:57:22.087248+00:00,2025-03-02 09:36:00.986468+00:00
940417,vhs,2025-03-02 00:57:22.087248+00:00,2025-03-02 09:36:00.986468+00:00
940551,migration,2025-03-02 00:57:22.087248+00:00,2025-03-02 09:36:00.986468+00:00
940551,chef,2025-03-02 00:57:22.087248+00:00,2025-03-02 09:36:00.986468+00:00
940551,bird,2025-03-02 00:57:22.087248+00:00,2025-03-02 09:36:00.986468+00:00
940551,flight,2025-03-02 00:57:22.087248+00:00,2025-03-02 09:36:00.986468+00:00
940551,villain,2025-03-02 00:57:22.087248+00:00,2025-03-02 09:36:00.986468+00:00
940551,overprotective father,2025-03-02 00:57:22.087248+00:00,2025-03-02 09:36:00.986468+00:00
940551,anthropomorphism,2025-03-02 00:57:22.087248+00:00,2025-03-02 09:36:00.986468+00:00
940551,animals,2025-03-02 00:57:22.087248+00:00,2025-03-02 09:36:00.986468+00:00
940551,illumination,2025-03-02 00:57:22.087248+00:00,2025-03-02 09:36:00.986468+00:00
940551,family,2025-03-02 00:57:22.087248+00:00,2025-03-02 09:36:00.986468+00:00
940551,duck,2025-03-02 00:57:22.087248+00:00,2025-03-02 09:36:00.986468+00:00
940721,found family,2025-03-02 00:57:22.087248+00:00,2025-03-02 09:36:00.986468+00:00
940721,survivor guilt,2025-03-02 00:57:22.087248+00:00,2025-03-02 09:36:00.986468+00:00
940721,naval combat,2025-03-02 00:57:22.087248+00:00,2025-03-02 09:36:00.986468+00:00
940721,monster,2025-03-02 00:57:22.087248+00:00,2025-03-02 09:36:00.986468+00:00
940721,kamikaze,2025-03-02 00:57:22.087248+00:00,2025-03-02 09:36:00.986468+00:00
940721,reboot,2025-03-02 00:57:22.087248+00:00,2025-03-02 09:36:00.986468+00:00
940721,loss of loved one,2025-03-02 00:57:22.087248+00:00,2025-03-02 09:36:00.986468+00:00
940721,naval battle,2025-03-02 00:57:22.087248+00:00,2025-03-02 09:36:00.986468+00:00
940721,giant monster,2025-03-02 00:57:22.087248+00:00,2025-03-02 09:36:00.986468+00:00
940721,tokusatsu,2025-03-02 00:57:22.087248+00:00,2025-03-02 09:36:00.986468+00:00
940721,post war japan,2025-03-02 00:57:22.087248+00:00,2025-03-02 09:36:00.986468+00:00
940721,duringcreditsstinger,2025-03-02 00:57:22.087248+00:00,2025-03-02 09:36:00.986468+00:00
940721,kaiju,2025-03-02 00:57:22.087248+00:00,2025-03-02 09:36:00.986468+00:00
940721,1940s,2025-03-02 00:57:22.087248+00:00,2025-03-02 09:36:00.986468+00:00
940721,duty,2025-03-02 00:57:22.087248+00:00,2025-03-02 09:36:00.986468+00:00
940721,godzilla,2025-03-02 00:57:22.087248+00:00,2025-03-02 09:36:00.986468+00:00
940721,naval battleship,2025-03-02 00:57:22.087248+00:00,2025-03-02 09:36:00.986468+00:00
940721,radioactivity,2025-03-02 00:57:22.087248+00:00,2025-03-02 09:36:00.986468+00:00
940721,war orphan,2025-03-02 00:57:22.087248+00:00,2025-03-02 09:36:00.986468+00:00
940721,macabre,2025-03-02 00:57:22.087248+00:00,2025-03-02 09:36:00.986468+00:00
940721,哥斯拉-1.0,2025-03-02 00:57:22.087248+00:00,2025-03-02 09:36:00.986468+00:00
940721,atomic bomb test,2025-03-02 00:57:22.087248+00:00,2025-03-02 09:36:00.986468+00:00
942074,hong kong,2025-03-02 00:57:22.087248+00:00,2025-03-02 09:36:00.986468+00:00
942074,poverty,2025-03-02 00:57:22.087248+00:00,2025-03-02 09:36:00.986468+00:00
942074,1990s,2025-03-02 00:57:22.087248+00:00,2025-03-02 09:36:00.986468+00:00
942074,sister sister relationship,2025-03-02 00:57:22.087248+00:00,2025-03-02 09:36:00.986468+00:00
942074,family drama,2025-03-02 00:57:22.087248+00:00,2025-03-02 09:36:00.986468+00:00
942074,addiction,2025-03-02 00:57:22.087248+00:00,2025-03-02 09:36:00.986468+00:00
942199,android,2025-03-02 00:57:22.087248+00:00,2025-03-02 09:36:00.986468+00:00
942199,malfunctioning android,2025-03-02 00:57:22.087248+00:00,2025-03-02 09:36:00.986468+00:00
942199,synthetic human,2025-03-02 00:57:22.087248+00:00,2025-03-02 09:36:00.986468+00:00
942199,artificial intelligence (a.i.),2025-03-02 00:57:22.087248+00:00,2025-03-02 09:36:00.986468+00:00
942199,human android relationship,2025-03-02 00:57:22.087248+00:00,2025-03-02 09:36:00.986468+00:00
942199,synth,2025-03-02 00:57:22.087248+00:00,2025-03-02 09:36:00.986468+00:00
942881,dramatic,2025-03-02 00:57:22.087248+00:00,2025-03-02 09:36:00.986468+00:00
942881,excited,2025-03-02 00:57:22.087248+00:00,2025-03-02 09:36:00.986468+00:00
942881,anime,2025-03-02 00:57:22.087248+00:00,2025-03-02 09:36:00.986468+00:00
942881,nervous,2025-03-02 00:57:22.087248+00:00,2025-03-02 09:36:00.986468+00:00
942881,based on novel or book,2025-03-02 00:57:22.087248+00:00,2025-03-02 09:36:00.986468+00:00
942881,survival,2025-03-02 00:57:22.087248+00:00,2025-03-02 09:36:00.986468+00:00
942881,powerful,2025-03-02 00:57:22.087248+00:00,2025-03-02 09:36:00.986468+00:00
942881,seinen,2025-03-02 00:57:22.087248+00:00,2025-03-02 09:36:00.986468+00:00
943134,mutation,2025-03-02 00:57:22.087248+00:00,2025-03-02 09:36:00.986468+00:00
943134,search for wife,2025-03-02 00:57:22.087248+00:00,2025-03-02 09:36:00.986468+00:00
943134,human becoming an animal,2025-03-02 00:57:22.087248+00:00,2025-03-02 09:36:00.986468+00:00
943134,violence against animals,2025-03-02 00:57:22.087248+00:00,2025-03-02 09:36:00.986468+00:00
943134,animal transformation,2025-03-02 00:57:22.087248+00:00,2025-03-02 09:36:00.986468+00:00
943134,isolated society,2025-03-02 00:57:22.087248+00:00,2025-03-02 09:36:00.986468+00:00
943134,hunted like animals,2025-03-02 00:57:22.087248+00:00,2025-03-02 09:36:00.986468+00:00
943134,human animal relationship,2025-03-02 00:57:22.087248+00:00,2025-03-02 09:36:00.986468+00:00
943134,sick wife,2025-03-02 00:57:22.087248+00:00,2025-03-02 09:36:00.986468+00:00
943134,father son relationship,2025-03-02 00:57:22.087248+00:00,2025-03-02 09:36:00.986468+00:00
943134,turns into animal,2025-03-02 00:57:22.087248+00:00,2025-03-02 09:36:00.986468+00:00
944401,gangsters,2025-03-02 00:57:22.087248+00:00,2025-03-02 09:36:00.986468+00:00
944401,dog,2025-03-02 00:57:22.087248+00:00,2025-03-02 09:36:00.986468+00:00
944401,abusive father,2025-03-02 00:57:22.087248+00:00,2025-03-02 09:36:00.986468+00:00
944401,singing,2025-03-02 00:57:22.087248+00:00,2025-03-02 09:36:00.986468+00:00
944401,dogs,2025-03-02 00:57:22.087248+00:00,2025-03-02 09:36:00.986468+00:00
945729,post world war ii,2025-03-02 00:57:22.087248+00:00,2025-03-02 09:36:00.986468+00:00
945729,based on novel or book,2025-03-02 00:57:22.087248+00:00,2025-03-02 09:36:00.986468+00:00
945729,murder mystery,2025-03-02 00:57:22.087248+00:00,2025-03-02 09:36:00.986468+00:00
945729,whodunit,2025-03-02 00:57:22.087248+00:00,2025-03-02 09:36:00.986468+00:00
945729,grief,2025-03-02 00:57:22.087248+00:00,2025-03-02 09:36:00.986468+00:00
945729,spiritism,2025-03-02 00:57:22.087248+00:00,2025-03-02 09:36:00.986468+00:00
945729,investigator,2025-03-02 00:57:22.087248+00:00,2025-03-02 09:36:00.986468+00:00
945729,novelist,2025-03-02 00:57:22.087248+00:00,2025-03-02 09:36:00.986468+00:00
945729,loss of loved one,2025-03-02 00:57:22.087248+00:00,2025-03-02 09:36:00.986468+00:00
945729,séance,2025-03-02 00:57:22.087248+00:00,2025-03-02 09:36:00.986468+00:00
945729,halloween night,2025-03-02 00:57:22.087248+00:00,2025-03-02 09:36:00.986468+00:00
945729,"venice, italy",2025-03-02 00:57:22.087248+00:00,2025-03-02 09:36:00.986468+00:00
945729,murder investigation,2025-03-02 00:57:22.087248+00:00,2025-03-02 09:36:00.986468+00:00
945729,guilt,2025-03-02 00:57:22.087248+00:00,2025-03-02 09:36:00.986468+00:00
945729,retired detective,2025-03-02 00:57:22.087248+00:00,2025-03-02 09:36:00.986468+00:00
945729,medium,2025-03-02 00:57:22.087248+00:00,2025-03-02 09:36:00.986468+00:00
945729,detective,2025-03-02 00:57:22.087248+00:00,2025-03-02 09:36:00.986468+00:00
945729,palazzo,2025-03-02 00:57:22.087248+00:00,2025-03-02 09:36:00.986468+00:00
945729,ghost,2025-03-02 00:57:22.087248+00:00,2025-03-02 09:36:00.986468+00:00
945961,alien contact,2025-03-02 00:57:22.087248+00:00,2025-03-02 09:36:00.986468+00:00
945961,sequel,2025-03-02 00:57:22.087248+00:00,2025-03-02 09:36:00.986468+00:00
945961,space,2025-03-02 00:57:22.087248+00:00,2025-03-02 09:36:00.986468+00:00
945961,ambiguous,2025-03-02 00:57:22.087248+00:00,2025-03-02 09:36:00.986468+00:00
945961,alien,2025-03-02 00:57:22.087248+00:00,2025-03-02 09:36:00.986468+00:00
945961,alien monster,2025-03-02 00:57:22.087248+00:00,2025-03-02 09:36:00.986468+00:00
945961,space capsule,2025-03-02 00:57:22.087248+00:00,2025-03-02 09:36:00.986468+00:00
945961,alien life-form,2025-03-02 00:57:22.087248+00:00,2025-03-02 09:36:00.986468+00:00
945961,frightened,2025-03-02 00:57:22.087248+00:00,2025-03-02 09:36:00.986468+00:00
945961,alien encounter,2025-03-02 00:57:22.087248+00:00,2025-03-02 09:36:00.986468+00:00
945961,alien hostility,2025-03-02 00:57:22.087248+00:00,2025-03-02 09:36:00.986468+00:00
946615,live performance,2025-03-02 00:57:22.087248+00:00,2025-03-02 09:36:00.986468+00:00
947049,giant creature,2025-03-02 00:57:22.087248+00:00,2025-03-02 09:36:00.986468+00:00
949000,adult animation,2025-03-02 00:57:22.087248+00:00,2025-03-02 09:36:00.986468+00:00
949697,centipede,2025-03-02 00:57:22.087248+00:00,2025-03-02 09:36:00.986468+00:00
949697,quarantine,2025-03-02 00:57:22.087248+00:00,2025-03-02 09:36:00.986468+00:00
949697,monster,2025-03-02 00:57:22.087248+00:00,2025-03-02 09:36:00.986468+00:00
949709,灾难,2025-03-02 00:57:22.087248+00:00,2025-03-02 09:36:00.986468+00:00
950863,space,2025-03-02 00:57:22.087248+00:00,2025-03-02 09:36:00.986468+00:00
950863,based on manga,2025-03-02 00:57:22.087248+00:00,2025-03-02 09:36:00.986468+00:00
950863,alien,2025-03-02 00:57:22.087248+00:00,2025-03-02 09:36:00.986468+00:00
950863,anime,2025-03-02 00:57:22.087248+00:00,2025-03-02 09:36:00.986468+00:00
951051,interview,2025-03-02 00:57:22.087248+00:00,2025-03-02 09:36:00.986468+00:00
951051,china,2025-03-02 00:57:22.087248+00:00,2025-03-02 09:36:00.986468+00:00
951051,surveillance,2025-03-02 00:57:22.087248+00:00,2025-03-02 09:36:00.986468+00:00
951051,repressive systems,2025-03-02 00:57:22.087248+00:00,2025-03-02 09:36:00.986468+00:00
951051,surveillance footage,2025-03-02 00:57:22.087248+00:00,2025-03-02 09:36:00.986468+00:00
951051,social resistance,2025-03-02 00:57:22.087248+00:00,2025-03-02 09:36:00.986468+00:00
951051,defiance,2025-03-02 00:57:22.087248+00:00,2025-03-02 09:36:00.986468+00:00
951051,mass surveillance,2025-03-02 00:57:22.087248+00:00,2025-03-02 09:36:00.986468+00:00
951051,trauma,2025-03-02 00:57:22.087248+00:00,2025-03-02 09:36:00.986468+00:00
951051,abuse of power,2025-03-02 00:57:22.087248+00:00,2025-03-02 09:36:00.986468+00:00
951051,video surveillance,2025-03-02 00:57:22.087248+00:00,2025-03-02 09:36:00.986468+00:00
951051,repression,2025-03-02 00:57:22.087248+00:00,2025-03-02 09:36:00.986468+00:00
951051,political documentary,2025-03-02 00:57:22.087248+00:00,2025-03-02 09:36:00.986468+00:00
951051,political repression,2025-03-02 00:57:22.087248+00:00,2025-03-02 09:36:00.986468+00:00
951051,repressed trauma,2025-03-02 00:57:22.087248+00:00,2025-03-02 09:36:00.986468+00:00
951051,police surveillance,2025-03-02 00:57:22.087248+00:00,2025-03-02 09:36:00.986468+00:00
951051,surveillance state,2025-03-02 00:57:22.087248+00:00,2025-03-02 09:36:00.986468+00:00
951051,observational documentary,2025-03-02 00:57:22.087248+00:00,2025-03-02 09:36:00.986468+00:00
951491,jigsaw,2025-03-02 00:57:22.087248+00:00,2025-03-02 09:36:00.986468+00:00
951491,mexico,2025-03-02 00:57:22.087248+00:00,2025-03-02 09:36:00.986468+00:00
951491,riddle,2025-03-02 00:57:22.087248+00:00,2025-03-02 09:36:00.986468+00:00
951491,scam,2025-03-02 00:57:22.087248+00:00,2025-03-02 09:36:00.986468+00:00
951491,"mexico city, mexico",2025-03-02 00:57:22.087248+00:00,2025-03-02 09:36:00.986468+00:00
951491,saw,2025-03-02 00:57:22.087248+00:00,2025-03-02 09:36:00.986468+00:00
951491,sequel,2025-03-02 00:57:22.087248+00:00,2025-03-02 09:36:00.986468+00:00
951491,duringcreditsstinger,2025-03-02 00:57:22.087248+00:00,2025-03-02 09:36:00.986468+00:00
951491,survival horror,2025-03-02 00:57:22.087248+00:00,2025-03-02 09:36:00.986468+00:00
951491,franchise,2025-03-02 00:57:22.087248+00:00,2025-03-02 09:36:00.986468+00:00
951491,con artist,2025-03-02 00:57:22.087248+00:00,2025-03-02 09:36:00.986468+00:00
951491,cancer,2025-03-02 00:57:22.087248+00:00,2025-03-02 09:36:00.986468+00:00
951491,serial killer,2025-03-02 00:57:22.087248+00:00,2025-03-02 09:36:00.986468+00:00
951491,death game,2025-03-02 00:57:22.087248+00:00,2025-03-02 09:36:00.986468+00:00
951491,drugs,2025-03-02 00:57:22.087248+00:00,2025-03-02 09:36:00.986468+00:00
951491,sadism,2025-03-02 00:57:22.087248+00:00,2025-03-02 09:36:00.986468+00:00
951491,requel,2025-03-02 00:57:22.087248+00:00,2025-03-02 09:36:00.986468+00:00
951491,gore,2025-03-02 00:57:22.087248+00:00,2025-03-02 09:36:00.986468+00:00
951491,torture,2025-03-02 00:57:22.087248+00:00,2025-03-02 09:36:00.986468+00:00
952127,traumatized child,2025-03-02 00:57:22.087248+00:00,2025-03-02 09:36:00.986468+00:00
952127,social media,2025-03-02 00:57:22.087248+00:00,2025-03-02 09:36:00.986468+00:00
952127,psychological thriller,2025-03-02 00:57:22.087248+00:00,2025-03-02 09:36:00.986468+00:00
952127,multiple personality,2025-03-02 00:57:22.087248+00:00,2025-03-02 09:36:00.986468+00:00
952127,atmospheric,2025-03-02 00:57:22.087248+00:00,2025-03-02 09:36:00.986468+00:00
952127,psychotherapy,2025-03-02 00:57:22.087248+00:00,2025-03-02 09:36:00.986468+00:00
952127,time loop,2025-03-02 00:57:22.087248+00:00,2025-03-02 09:36:00.986468+00:00
952127,slasher,2025-03-02 00:57:22.087248+00:00,2025-03-02 09:36:00.986468+00:00
952438,japan,2025-03-02 00:57:22.087248+00:00,2025-03-02 09:36:00.986468+00:00
952438,semi autobiographical,2025-03-02 00:57:22.087248+00:00,2025-03-02 09:36:00.986468+00:00
952438,based on novel or book,2025-03-02 00:57:22.087248+00:00,2025-03-02 09:36:00.986468+00:00
952438,fish,2025-03-02 00:57:22.087248+00:00,2025-03-02 09:36:00.986468+00:00
952476,body-swap,2025-03-02 00:57:22.087248+00:00,2025-03-02 09:36:00.986468+00:00
952701,international adoption,2025-03-02 00:57:22.087248+00:00,2025-03-02 09:36:00.986468+00:00
952701,journey,2025-03-02 00:57:22.087248+00:00,2025-03-02 09:36:00.986468+00:00
952701,identity,2025-03-02 00:57:22.087248+00:00,2025-03-02 09:36:00.986468+00:00
952701,adoption,2025-03-02 00:57:22.087248+00:00,2025-03-02 09:36:00.986468+00:00
952701,"seoul, south korea",2025-03-02 00:57:22.087248+00:00,2025-03-02 09:36:00.986468+00:00
952701,french woman,2025-03-02 00:57:22.087248+00:00,2025-03-02 09:36:00.986468+00:00
952701,family reunion,2025-03-02 00:57:22.087248+00:00,2025-03-02 09:36:00.986468+00:00
952701,searching for biological parents,2025-03-02 00:57:22.087248+00:00,2025-03-02 09:36:00.986468+00:00
952701,korean culture,2025-03-02 00:57:22.087248+00:00,2025-03-02 09:36:00.986468+00:00
953233,bee,2025-03-02 00:57:22.087248+00:00,2025-03-02 09:36:00.986468+00:00
953233,vixen,2025-03-02 00:57:22.087248+00:00,2025-03-02 09:36:00.986468+00:00
953233,highlander,2025-03-02 00:57:22.087248+00:00,2025-03-02 09:36:00.986468+00:00
953233,friendship,2025-03-02 00:57:22.087248+00:00,2025-03-02 09:36:00.986468+00:00
953233,spiritedness,2025-03-02 00:57:22.087248+00:00,2025-03-02 09:36:00.986468+00:00
953233,mountain,2025-03-02 00:57:22.087248+00:00,2025-03-02 09:36:00.986468+00:00
953233,man woman relationship,2025-03-02 00:57:22.087248+00:00,2025-03-02 09:36:00.986468+00:00
953233,scientist,2025-03-02 00:57:22.087248+00:00,2025-03-02 09:36:00.986468+00:00
953233,strong woman,2025-03-02 00:57:22.087248+00:00,2025-03-02 09:36:00.986468+00:00
953233,intrigue,2025-03-02 00:57:22.087248+00:00,2025-03-02 09:36:00.986468+00:00
953233,brother sister relationship,2025-03-02 00:57:22.087248+00:00,2025-03-02 09:36:00.986468+00:00
953233,poland,2025-03-02 00:57:22.087248+00:00,2025-03-02 09:36:00.986468+00:00
953233,female friendship,2025-03-02 00:57:22.087248+00:00,2025-03-02 09:36:00.986468+00:00
953233,tatry,2025-03-02 00:57:22.087248+00:00,2025-03-02 09:36:00.986468+00:00
953233,financial problem,2025-03-02 00:57:22.087248+00:00,2025-03-02 09:36:00.986468+00:00
953233,hate to love,2025-03-02 00:57:22.087248+00:00,2025-03-02 09:36:00.986468+00:00
953233,love,2025-03-02 00:57:22.087248+00:00,2025-03-02 09:36:00.986468+00:00
954748,determination,2025-03-02 00:57:22.087248+00:00,2025-03-02 09:36:00.986468+00:00
954748,coming of age,2025-03-02 00:57:22.087248+00:00,2025-03-02 09:36:00.986468+00:00
954748,boys' school,2025-03-02 00:57:22.087248+00:00,2025-03-02 09:36:00.986468+00:00
954748,boys,2025-03-02 00:57:22.087248+00:00,2025-03-02 09:36:00.986468+00:00
954748,admiring,2025-03-02 00:57:22.087248+00:00,2025-03-02 09:36:00.986468+00:00
954748,sisters,2025-03-02 00:57:22.087248+00:00,2025-03-02 09:36:00.986468+00:00
954748,convent (nunnery),2025-03-02 00:57:22.087248+00:00,2025-03-02 09:36:00.986468+00:00
954748,football (soccer),2025-03-02 00:57:22.087248+00:00,2025-03-02 09:36:00.986468+00:00
954748,priest,2025-03-02 00:57:22.087248+00:00,2025-03-02 09:36:00.986468+00:00
954748,nun,2025-03-02 00:57:22.087248+00:00,2025-03-02 09:36:00.986468+00:00
955555,police,2025-03-02 00:57:22.087248+00:00,2025-03-02 09:36:00.986468+00:00
955555,egotistical,2025-03-02 00:57:22.087248+00:00,2025-03-02 09:36:00.986468+00:00
955555,incheon,2025-03-02 00:57:22.087248+00:00,2025-03-02 09:36:00.986468+00:00
955555,bold,2025-03-02 00:57:22.087248+00:00,2025-03-02 09:36:00.986468+00:00
955555,drug crime,2025-03-02 00:57:22.087248+00:00,2025-03-02 09:36:00.986468+00:00
955555,detective,2025-03-02 00:57:22.087248+00:00,2025-03-02 09:36:00.986468+00:00
955555,sequel,2025-03-02 00:57:22.087248+00:00,2025-03-02 09:36:00.986468+00:00
955555,celebratory,2025-03-02 00:57:22.087248+00:00,2025-03-02 09:36:00.986468+00:00
955569,minimoys,2025-03-02 00:57:22.087248+00:00,2025-03-02 09:36:00.986468+00:00
955666,ninja,2025-03-02 00:57:22.087248+00:00,2025-03-02 09:36:00.986468+00:00
956564,genius,2025-03-02 00:57:22.087248+00:00,2025-03-02 09:36:00.986468+00:00
956564,ecentric genius,2025-03-02 00:57:22.087248+00:00,2025-03-02 09:36:00.986468+00:00
956564,based on novel or book,2025-03-02 00:57:22.087248+00:00,2025-03-02 09:36:00.986468+00:00
956564,mysterious death,2025-03-02 00:57:22.087248+00:00,2025-03-02 09:36:00.986468+00:00
956564,physicist,2025-03-02 00:57:22.087248+00:00,2025-03-02 09:36:00.986468+00:00
956759,崔宇成,2025-03-02 00:57:22.087248+00:00,2025-03-02 09:36:00.986468+00:00
956759,羅文姬,2025-03-02 00:57:22.087248+00:00,2025-03-02 09:36:00.986468+00:00
956759,花漾奶奶,2025-03-02 00:57:22.087248+00:00,2025-03-02 09:36:00.986468+00:00
956842,adoring,2025-03-02 00:57:22.087248+00:00,2025-03-02 09:36:00.986468+00:00
956842,romcom,2025-03-02 00:57:22.087248+00:00,2025-03-02 09:36:00.986468+00:00
956842,affectation,2025-03-02 00:57:22.087248+00:00,2025-03-02 09:36:00.986468+00:00
956842,space race,2025-03-02 00:57:22.087248+00:00,2025-03-02 09:36:00.986468+00:00
956842,awestruck,2025-03-02 00:57:22.087248+00:00,2025-03-02 09:36:00.986468+00:00
956842,playful,2025-03-02 00:57:22.087248+00:00,2025-03-02 09:36:00.986468+00:00
956842,nasa,2025-03-02 00:57:22.087248+00:00,2025-03-02 09:36:00.986468+00:00
956842,nostalgic,2025-03-02 00:57:22.087248+00:00,2025-03-02 09:36:00.986468+00:00
956842,moon landing,2025-03-02 00:57:22.087248+00:00,2025-03-02 09:36:00.986468+00:00
956842,admiring,2025-03-02 00:57:22.087248+00:00,2025-03-02 09:36:00.986468+00:00
956842,1960s,2025-03-02 00:57:22.087248+00:00,2025-03-02 09:36:00.986468+00:00
956842,absurd,2025-03-02 00:57:22.087248+00:00,2025-03-02 09:36:00.986468+00:00
956842,amused,2025-03-02 00:57:22.087248+00:00,2025-03-02 09:36:00.986468+00:00
956842,audacious,2025-03-02 00:57:22.087248+00:00,2025-03-02 09:36:00.986468+00:00
956842,hilarious,2025-03-02 00:57:22.087248+00:00,2025-03-02 09:36:00.986468+00:00
956842,apollo program,2025-03-02 00:57:22.087248+00:00,2025-03-02 09:36:00.986468+00:00
957112,science fiction,2025-03-02 00:57:22.087248+00:00,2025-03-02 09:36:00.986468+00:00
957112,robot,2025-03-02 00:57:22.087248+00:00,2025-03-02 09:36:00.986468+00:00
957112,artificial intelligence (a.i.),2025-03-02 00:57:22.087248+00:00,2025-03-02 09:36:00.986468+00:00
957154,urban myth,2025-03-02 00:57:22.087248+00:00,2025-03-02 09:36:00.986468+00:00
957154,anthology,2025-03-02 00:57:22.087248+00:00,2025-03-02 09:36:00.986468+00:00
957154,"seoul, south korea",2025-03-02 00:57:22.087248+00:00,2025-03-02 09:36:00.986468+00:00
957452,murder,2025-03-02 00:57:22.087248+00:00,2025-03-02 09:36:00.986468+00:00
957452,remake,2025-03-02 00:57:22.087248+00:00,2025-03-02 09:36:00.986468+00:00
957452,gloomy,2025-03-02 00:57:22.087248+00:00,2025-03-02 09:36:00.986468+00:00
957452,back from the dead,2025-03-02 00:57:22.087248+00:00,2025-03-02 09:36:00.986468+00:00
957452,based on comic strip,2025-03-02 00:57:22.087248+00:00,2025-03-02 09:36:00.986468+00:00
957452,true love,2025-03-02 00:57:22.087248+00:00,2025-03-02 09:36:00.986468+00:00
957452,dark romance,2025-03-02 00:57:22.087248+00:00,2025-03-02 09:36:00.986468+00:00
957452,death,2025-03-02 00:57:22.087248+00:00,2025-03-02 09:36:00.986468+00:00
957452,based on comic,2025-03-02 00:57:22.087248+00:00,2025-03-02 09:36:00.986468+00:00
957452,revenge,2025-03-02 00:57:22.087248+00:00,2025-03-02 09:36:00.986468+00:00
957452,husband wife relationship,2025-03-02 00:57:22.087248+00:00,2025-03-02 09:36:00.986468+00:00
957452,re-imagining,2025-03-02 00:57:22.087248+00:00,2025-03-02 09:36:00.986468+00:00
957452,crow,2025-03-02 00:57:22.087248+00:00,2025-03-02 09:36:00.986468+00:00
957452,superhero,2025-03-02 00:57:22.087248+00:00,2025-03-02 09:36:00.986468+00:00
957452,soulmates,2025-03-02 00:57:22.087248+00:00,2025-03-02 09:36:00.986468+00:00
957452,awakening,2025-03-02 00:57:22.087248+00:00,2025-03-02 09:36:00.986468+00:00
957861,drama,2025-03-02 00:57:22.087248+00:00,2025-03-02 09:36:00.986468+00:00
957863,domestic abuse,2025-03-02 00:57:22.087248+00:00,2025-03-02 09:36:00.986468+00:00
957863,at risk youth,2025-03-02 00:57:22.087248+00:00,2025-03-02 09:36:00.986468+00:00
957863,suicide,2025-03-02 00:57:22.087248+00:00,2025-03-02 09:36:00.986468+00:00
957996,unplanned pregnancy,2025-03-02 00:57:22.087248+00:00,2025-03-02 09:36:00.986468+00:00
958161,djazair,2025-03-02 00:57:22.087248+00:00,2025-03-02 09:36:00.986468+00:00
958161,algeria,2025-03-02 00:57:22.087248+00:00,2025-03-02 09:36:00.986468+00:00
958161,maghreb,2025-03-02 00:57:22.087248+00:00,2025-03-02 09:36:00.986468+00:00
958161,algerian queen,2025-03-02 00:57:22.087248+00:00,2025-03-02 09:36:00.986468+00:00
958161,amazigh culture,2025-03-02 00:57:22.087248+00:00,2025-03-02 09:36:00.986468+00:00
958161,barbarians pirates,2025-03-02 00:57:22.087248+00:00,2025-03-02 09:36:00.986468+00:00
958161,ottoman,2025-03-02 00:57:22.087248+00:00,2025-03-02 09:36:00.986468+00:00
958179,teenager,2025-03-02 00:57:22.087248+00:00,2025-03-02 09:36:00.986468+00:00
958179,bullying,2025-03-02 00:57:22.087248+00:00,2025-03-02 09:36:00.986468+00:00
958179,classical music,2025-03-02 00:57:22.087248+00:00,2025-03-02 09:36:00.986468+00:00
958179,sisters,2025-03-02 00:57:22.087248+00:00,2025-03-02 09:36:00.986468+00:00
958179,orchestra,2025-03-02 00:57:22.087248+00:00,2025-03-02 09:36:00.986468+00:00
958179,maestro,2025-03-02 00:57:22.087248+00:00,2025-03-02 09:36:00.986468+00:00
958279,lgbt,2025-03-02 00:57:22.087248+00:00,2025-03-02 09:36:00.986468+00:00
958279,homosexual,2025-03-02 00:57:22.087248+00:00,2025-03-02 09:36:00.986468+00:00
958279,gay theme,2025-03-02 00:57:22.087248+00:00,2025-03-02 09:36:00.986468+00:00
958279,male homosexuality,2025-03-02 00:57:22.087248+00:00,2025-03-02 09:36:00.986468+00:00
958279,bath house,2025-03-02 00:57:22.087248+00:00,2025-03-02 09:36:00.986468+00:00
958279,homosexuality,2025-03-02 00:57:22.087248+00:00,2025-03-02 09:36:00.986468+00:00
958487,near future,2025-03-02 00:57:22.087248+00:00,2025-03-02 09:36:00.986468+00:00
958487,foreign worker,2025-03-02 00:57:22.087248+00:00,2025-03-02 09:36:00.986468+00:00
958487,euthanasia,2025-03-02 00:57:22.087248+00:00,2025-03-02 09:36:00.986468+00:00
958487,unemployment,2025-03-02 00:57:22.087248+00:00,2025-03-02 09:36:00.986468+00:00
958487,old people,2025-03-02 00:57:22.087248+00:00,2025-03-02 09:36:00.986468+00:00
958487,dystopia,2025-03-02 00:57:22.087248+00:00,2025-03-02 09:36:00.986468+00:00
958487,family relationships,2025-03-02 00:57:22.087248+00:00,2025-03-02 09:36:00.986468+00:00
958487,grim,2025-03-02 00:57:22.087248+00:00,2025-03-02 09:36:00.986468+00:00
958487,bowling,2025-03-02 00:57:22.087248+00:00,2025-03-02 09:36:00.986468+00:00
958487,aging,2025-03-02 00:57:22.087248+00:00,2025-03-02 09:36:00.986468+00:00
958937,empathetic,2025-03-02 00:57:22.087248+00:00,2025-03-02 09:36:00.986468+00:00
958937,"seoul, south korea",2025-03-02 00:57:22.087248+00:00,2025-03-02 09:36:00.986468+00:00
958937,south korea,2025-03-02 00:57:22.087248+00:00,2025-03-02 09:36:00.986468+00:00
959439,railway station,2025-03-02 00:57:22.087248+00:00,2025-03-02 09:36:00.986468+00:00
959439,train,2025-03-02 00:57:22.087248+00:00,2025-03-02 09:36:00.986468+00:00
959439,"based on myths, legends or folklore",2025-03-02 00:57:22.087248+00:00,2025-03-02 09:36:00.986468+00:00
959439,urban legend,2025-03-02 00:57:22.087248+00:00,2025-03-02 09:36:00.986468+00:00
959439,occult,2025-03-02 00:57:22.087248+00:00,2025-03-02 09:36:00.986468+00:00
959558,mother daughter relationship,2025-03-02 00:57:22.087248+00:00,2025-03-02 09:36:00.986468+00:00
959558,human sacrifice,2025-03-02 00:57:22.087248+00:00,2025-03-02 09:36:00.986468+00:00
959558,festival,2025-03-02 00:57:22.087248+00:00,2025-03-02 09:36:00.986468+00:00
959558,small town,2025-03-02 00:57:22.087248+00:00,2025-03-02 09:36:00.986468+00:00
959558,local legend,2025-03-02 00:57:22.087248+00:00,2025-03-02 09:36:00.986468+00:00
959558,intruder,2025-03-02 00:57:22.087248+00:00,2025-03-02 09:36:00.986468+00:00
959558,netherlands,2025-03-02 00:57:22.087248+00:00,2025-03-02 09:36:00.986468+00:00
959558,family curse,2025-03-02 00:57:22.087248+00:00,2025-03-02 09:36:00.986468+00:00
959558,archaeologist,2025-03-02 00:57:22.087248+00:00,2025-03-02 09:36:00.986468+00:00
959558,pagan god,2025-03-02 00:57:22.087248+00:00,2025-03-02 09:36:00.986468+00:00
959558,hypnotic regression,2025-03-02 00:57:22.087248+00:00,2025-03-02 09:36:00.986468+00:00
959558,folk horror,2025-03-02 00:57:22.087248+00:00,2025-03-02 09:36:00.986468+00:00
959558,fog,2025-03-02 00:57:22.087248+00:00,2025-03-02 09:36:00.986468+00:00
959558,pub,2025-03-02 00:57:22.087248+00:00,2025-03-02 09:36:00.986468+00:00
960033,academia,2025-03-02 00:57:22.087248+00:00,2025-03-02 09:36:00.986468+00:00
960033,mathematical theorem,2025-03-02 00:57:22.087248+00:00,2025-03-02 09:36:00.986468+00:00
960033,mahjong,2025-03-02 00:57:22.087248+00:00,2025-03-02 09:36:00.986468+00:00
960033,teacher student relationship,2025-03-02 00:57:22.087248+00:00,2025-03-02 09:36:00.986468+00:00
960033,mathematician,2025-03-02 00:57:22.087248+00:00,2025-03-02 09:36:00.986468+00:00
960033,mathematics,2025-03-02 00:57:22.087248+00:00,2025-03-02 09:36:00.986468+00:00
960033,phd thesis,2025-03-02 00:57:22.087248+00:00,2025-03-02 09:36:00.986468+00:00
960033,professor,2025-03-02 00:57:22.087248+00:00,2025-03-02 09:36:00.986468+00:00
960033,prime number,2025-03-02 00:57:22.087248+00:00,2025-03-02 09:36:00.986468+00:00
960033,illegal gambling,2025-03-02 00:57:22.087248+00:00,2025-03-02 09:36:00.986468+00:00
960033,maths,2025-03-02 00:57:22.087248+00:00,2025-03-02 09:36:00.986468+00:00
960033,female protagonist,2025-03-02 00:57:22.087248+00:00,2025-03-02 09:36:00.986468+00:00
960033,researcher,2025-03-02 00:57:22.087248+00:00,2025-03-02 09:36:00.986468+00:00
960139,pretending to be a prostitute,2025-03-02 00:57:22.087248+00:00,2025-03-02 09:36:00.986468+00:00
960139,straight relationship,2025-03-02 00:57:22.087248+00:00,2025-03-02 09:36:00.986468+00:00
960139,brothel madam,2025-03-02 00:57:22.087248+00:00,2025-03-02 09:36:00.986468+00:00
960139,luxury brothel,2025-03-02 00:57:22.087248+00:00,2025-03-02 09:36:00.986468+00:00
960139,caregiver patient relationship,2025-03-02 00:57:22.087248+00:00,2025-03-02 09:36:00.986468+00:00
960139,troubled relationships,2025-03-02 00:57:22.087248+00:00,2025-03-02 09:36:00.986468+00:00
960139,human behavior,2025-03-02 00:57:22.087248+00:00,2025-03-02 09:36:00.986468+00:00
960139,prostitution,2025-03-02 00:57:22.087248+00:00,2025-03-02 09:36:00.986468+00:00
960139,brothel,2025-03-02 00:57:22.087248+00:00,2025-03-02 09:36:00.986468+00:00
960139,older man younger woman relationship,2025-03-02 00:57:22.087248+00:00,2025-03-02 09:36:00.986468+00:00
960139,human relationship,2025-03-02 00:57:22.087248+00:00,2025-03-02 09:36:00.986468+00:00
960139,older man younger man relationship,2025-03-02 00:57:22.087248+00:00,2025-03-02 09:36:00.986468+00:00
960139,interpersonal relationships,2025-03-02 00:57:22.087248+00:00,2025-03-02 09:36:00.986468+00:00
960139,complicated relationships,2025-03-02 00:57:22.087248+00:00,2025-03-02 09:36:00.986468+00:00
960139,book writing,2025-03-02 00:57:22.087248+00:00,2025-03-02 09:36:00.986468+00:00
960139,based on true story,2025-03-02 00:57:22.087248+00:00,2025-03-02 09:36:00.986468+00:00
960139,boyfriend girlfriend relationship,2025-03-02 00:57:22.087248+00:00,2025-03-02 09:36:00.986468+00:00
960139,employer employee relationship,2025-03-02 00:57:22.087248+00:00,2025-03-02 09:36:00.986468+00:00
960206,young priest,2025-03-02 00:57:22.087248+00:00,2025-03-02 09:36:00.986468+00:00
960206,photography,2025-03-02 00:57:22.087248+00:00,2025-03-02 09:36:00.986468+00:00
960206,cultural conflict,2025-03-02 00:57:22.087248+00:00,2025-03-02 09:36:00.986468+00:00
960258,great white shark,2025-03-02 00:57:22.087248+00:00,2025-03-02 09:36:00.986468+00:00
960258,survival horror,2025-03-02 00:57:22.087248+00:00,2025-03-02 09:36:00.986468+00:00
960258,shark,2025-03-02 00:57:22.087248+00:00,2025-03-02 09:36:00.986468+00:00
960258,shark water,2025-03-02 00:57:22.087248+00:00,2025-03-02 09:36:00.986468+00:00
960258,shark attack,2025-03-02 00:57:22.087248+00:00,2025-03-02 09:36:00.986468+00:00
960258,attack on civilians,2025-03-02 00:57:22.087248+00:00,2025-03-02 09:36:00.986468+00:00
960258,girl vs shark,2025-03-02 00:57:22.087248+00:00,2025-03-02 09:36:00.986468+00:00
960258,blow up,2025-03-02 00:57:22.087248+00:00,2025-03-02 09:36:00.986468+00:00
960258,girl vs. shark,2025-03-02 00:57:22.087248+00:00,2025-03-02 09:36:00.986468+00:00
961256,suspense,2025-03-02 00:57:22.087248+00:00,2025-03-02 09:36:00.986468+00:00
961256,medical drama,2025-03-02 00:57:22.087248+00:00,2025-03-02 09:36:00.986468+00:00
961256,disaster,2025-03-02 00:57:22.087248+00:00,2025-03-02 09:36:00.986468+00:00
961256,"tokyo, japan",2025-03-02 00:57:22.087248+00:00,2025-03-02 09:36:00.986468+00:00
961256,japan,2025-03-02 00:57:22.087248+00:00,2025-03-02 09:36:00.986468+00:00
962489,remake,2025-03-02 00:57:22.087248+00:00,2025-03-02 09:36:00.986468+00:00
962543,child cancer,2025-03-02 00:57:22.087248+00:00,2025-03-02 09:36:00.986468+00:00
962543,attention deficit hyperactivity disorder (adhd),2025-03-02 00:57:22.087248+00:00,2025-03-02 09:36:00.986468+00:00
962543,bullying,2025-03-02 00:57:22.087248+00:00,2025-03-02 09:36:00.986468+00:00
962543,bad kids,2025-03-02 00:57:22.087248+00:00,2025-03-02 09:36:00.986468+00:00
962543,crying,2025-03-02 00:57:22.087248+00:00,2025-03-02 09:36:00.986468+00:00
962543,teenager,2025-03-02 00:57:22.087248+00:00,2025-03-02 09:36:00.986468+00:00
962543,film crew,2025-03-02 00:57:22.087248+00:00,2025-03-02 09:36:00.986468+00:00
962543,suburb,2025-03-02 00:57:22.087248+00:00,2025-03-02 09:36:00.986468+00:00
962543,psychological disorders,2025-03-02 00:57:22.087248+00:00,2025-03-02 09:36:00.986468+00:00
962543,interview,2025-03-02 00:57:22.087248+00:00,2025-03-02 09:36:00.986468+00:00
962543,filmmaking,2025-03-02 00:57:22.087248+00:00,2025-03-02 09:36:00.986468+00:00
962543,non-professional acting,2025-03-02 00:57:22.087248+00:00,2025-03-02 09:36:00.986468+00:00
962543,france,2025-03-02 00:57:22.087248+00:00,2025-03-02 09:36:00.986468+00:00
962543,urban neighborhood,2025-03-02 00:57:22.087248+00:00,2025-03-02 09:36:00.986468+00:00
962558,brother sister relationship,2025-03-02 00:57:22.087248+00:00,2025-03-02 09:36:00.986468+00:00
962558,brother brother relationship,2025-03-02 00:57:22.087248+00:00,2025-03-02 09:36:00.986468+00:00
962558,family conflict,2025-03-02 00:57:22.087248+00:00,2025-03-02 09:36:00.986468+00:00
962571,tragic,2025-03-02 00:57:22.087248+00:00,2025-03-02 09:36:00.986468+00:00
962571,transgender,2025-03-02 00:57:22.087248+00:00,2025-03-02 09:36:00.986468+00:00
962571,husband wife relationship,2025-03-02 00:57:22.087248+00:00,2025-03-02 09:36:00.986468+00:00
962571,dance,2025-03-02 00:57:22.087248+00:00,2025-03-02 09:36:00.986468+00:00
962571,attraction,2025-03-02 00:57:22.087248+00:00,2025-03-02 09:36:00.986468+00:00
962571,pakistani culture,2025-03-02 00:57:22.087248+00:00,2025-03-02 09:36:00.986468+00:00
962571,dancer,2025-03-02 00:57:22.087248+00:00,2025-03-02 09:36:00.986468+00:00
962571,love,2025-03-02 00:57:22.087248+00:00,2025-03-02 09:36:00.986468+00:00
962571,gay theme,2025-03-02 00:57:22.087248+00:00,2025-03-02 09:36:00.986468+00:00
962571,lgbt,2025-03-02 00:57:22.087248+00:00,2025-03-02 09:36:00.986468+00:00
963131,friend,2025-03-02 00:57:22.087248+00:00,2025-03-02 09:36:00.986468+00:00
963131,boys' love (bl),2025-03-02 00:57:22.087248+00:00,2025-03-02 09:36:00.986468+00:00
963131,manga,2025-03-02 00:57:22.087248+00:00,2025-03-02 09:36:00.986468+00:00
963765,murder,2025-03-02 00:57:22.087248+00:00,2025-03-02 09:36:00.986468+00:00
963765,father son relationship,2025-03-02 00:57:22.087248+00:00,2025-03-02 09:36:00.986468+00:00
963765,lgbt,2025-03-02 00:57:22.087248+00:00,2025-03-02 09:36:00.986468+00:00
963765,reunited friends,2025-03-02 00:57:22.087248+00:00,2025-03-02 09:36:00.986468+00:00
963765,short film,2025-03-02 00:57:22.087248+00:00,2025-03-02 09:36:00.986468+00:00
963765,desert,2025-03-02 00:57:22.087248+00:00,2025-03-02 09:36:00.986468+00:00
963765,cowboy,2025-03-02 00:57:22.087248+00:00,2025-03-02 09:36:00.986468+00:00
963765,reunion,2025-03-02 00:57:22.087248+00:00,2025-03-02 09:36:00.986468+00:00
963765,"almería, spain",2025-03-02 00:57:22.087248+00:00,2025-03-02 09:36:00.986468+00:00
963765,sheriff,2025-03-02 00:57:22.087248+00:00,2025-03-02 09:36:00.986468+00:00
963765,gay theme,2025-03-02 00:57:22.087248+00:00,2025-03-02 09:36:00.986468+00:00
964592,married couple,2025-03-02 00:57:22.087248+00:00,2025-03-02 09:36:00.986468+00:00
964592,sleepwalking,2025-03-02 00:57:22.087248+00:00,2025-03-02 09:36:00.986468+00:00
964592,sleep,2025-03-02 00:57:22.087248+00:00,2025-03-02 09:36:00.986468+00:00
964960,affectation,2025-03-02 00:57:22.087248+00:00,2025-03-02 09:36:00.986468+00:00
964960,intimate,2025-03-02 00:57:22.087248+00:00,2025-03-02 09:36:00.986468+00:00
964960,french cuisine,2025-03-02 00:57:22.087248+00:00,2025-03-02 09:36:00.986468+00:00
965094,pilot,2025-03-02 00:57:22.087248+00:00,2025-03-02 09:36:00.986468+00:00
965094,mistaken identity,2025-03-02 00:57:22.087248+00:00,2025-03-02 09:36:00.986468+00:00
965094,remake,2025-03-02 00:57:22.087248+00:00,2025-03-02 09:36:00.986468+00:00
965150,father daughter relationship,2025-03-02 00:57:22.087248+00:00,2025-03-02 09:36:00.986468+00:00
965150,moody,2025-03-02 00:57:22.087248+00:00,2025-03-02 09:36:00.986468+00:00
965150,semi autobiographical,2025-03-02 00:57:22.087248+00:00,2025-03-02 09:36:00.986468+00:00
965150,depression,2025-03-02 00:57:22.087248+00:00,2025-03-02 09:36:00.986468+00:00
965150,teenage daughter,2025-03-02 00:57:22.087248+00:00,2025-03-02 09:36:00.986468+00:00
965150,gay theme,2025-03-02 00:57:22.087248+00:00,2025-03-02 09:36:00.986468+00:00
965150,swimming pool,2025-03-02 00:57:22.087248+00:00,2025-03-02 09:36:00.986468+00:00
965150,video recorder,2025-03-02 00:57:22.087248+00:00,2025-03-02 09:36:00.986468+00:00
965150,tai chi,2025-03-02 00:57:22.087248+00:00,2025-03-02 09:36:00.986468+00:00
965150,rug,2025-03-02 00:57:22.087248+00:00,2025-03-02 09:36:00.986468+00:00
965150,adoring,2025-03-02 00:57:22.087248+00:00,2025-03-02 09:36:00.986468+00:00
965150,first kiss,2025-03-02 00:57:22.087248+00:00,2025-03-02 09:36:00.986468+00:00
965150,reminiscing,2025-03-02 00:57:22.087248+00:00,2025-03-02 09:36:00.986468+00:00
965150,coming of age,2025-03-02 00:57:22.087248+00:00,2025-03-02 09:36:00.986468+00:00
965150,tourist,2025-03-02 00:57:22.087248+00:00,2025-03-02 09:36:00.986468+00:00
965150,memory,2025-03-02 00:57:22.087248+00:00,2025-03-02 09:36:00.986468+00:00
965150,hotel,2025-03-02 00:57:22.087248+00:00,2025-03-02 09:36:00.986468+00:00
965150,woman director,2025-03-02 00:57:22.087248+00:00,2025-03-02 09:36:00.986468+00:00
965150,bittersweet,2025-03-02 00:57:22.087248+00:00,2025-03-02 09:36:00.986468+00:00
965150,family vacation,2025-03-02 00:57:22.087248+00:00,2025-03-02 09:36:00.986468+00:00
965150,lgbt,2025-03-02 00:57:22.087248+00:00,2025-03-02 09:36:00.986468+00:00
965150,vacation,2025-03-02 00:57:22.087248+00:00,2025-03-02 09:36:00.986468+00:00
965150,queer loneliness,2025-03-02 00:57:22.087248+00:00,2025-03-02 09:36:00.986468+00:00
965150,karaoke,2025-03-02 00:57:22.087248+00:00,2025-03-02 09:36:00.986468+00:00
965150,turkey,2025-03-02 00:57:22.087248+00:00,2025-03-02 09:36:00.986468+00:00
966709,anime,2025-03-02 00:57:22.087248+00:00,2025-03-02 09:36:00.986468+00:00
966709,based on manga,2025-03-02 00:57:22.087248+00:00,2025-03-02 09:36:00.986468+00:00
967847,evil force,2025-03-02 00:57:22.087248+00:00,2025-03-02 09:36:00.986468+00:00
967847,sequel,2025-03-02 00:57:22.087248+00:00,2025-03-02 09:36:00.986468+00:00
967847,playful,2025-03-02 00:57:22.087248+00:00,2025-03-02 09:36:00.986468+00:00
967847,new york city,2025-03-02 00:57:22.087248+00:00,2025-03-02 09:36:00.986468+00:00
967847,supernatural,2025-03-02 00:57:22.087248+00:00,2025-03-02 09:36:00.986468+00:00
967847,duringcreditsstinger,2025-03-02 00:57:22.087248+00:00,2025-03-02 09:36:00.986468+00:00
967847,ghost,2025-03-02 00:57:22.087248+00:00,2025-03-02 09:36:00.986468+00:00
967847,research laboratory,2025-03-02 00:57:22.087248+00:00,2025-03-02 09:36:00.986468+00:00
967847,teenage girl,2025-03-02 00:57:22.087248+00:00,2025-03-02 09:36:00.986468+00:00
967847,ancient artifact,2025-03-02 00:57:22.087248+00:00,2025-03-02 09:36:00.986468+00:00
967847,ghostbuster,2025-03-02 00:57:22.087248+00:00,2025-03-02 09:36:00.986468+00:00
968051,duringcreditsstinger,2025-03-02 00:57:22.087248+00:00,2025-03-02 09:36:00.986468+00:00
968051,france,2025-03-02 00:57:22.087248+00:00,2025-03-02 09:36:00.986468+00:00
968051,girls' school,2025-03-02 00:57:22.087248+00:00,2025-03-02 09:36:00.986468+00:00
968051,praying,2025-03-02 00:57:22.087248+00:00,2025-03-02 09:36:00.986468+00:00
968051,demonic possession,2025-03-02 00:57:22.087248+00:00,2025-03-02 09:36:00.986468+00:00
968051,demonic,2025-03-02 00:57:22.087248+00:00,2025-03-02 09:36:00.986468+00:00
968051,the conjuring universe,2025-03-02 00:57:22.087248+00:00,2025-03-02 09:36:00.986468+00:00
968051,1950s,2025-03-02 00:57:22.087248+00:00,2025-03-02 09:36:00.986468+00:00
968051,priest,2025-03-02 00:57:22.087248+00:00,2025-03-02 09:36:00.986468+00:00
968051,church,2025-03-02 00:57:22.087248+00:00,2025-03-02 09:36:00.986468+00:00
968051,gothic horror,2025-03-02 00:57:22.087248+00:00,2025-03-02 09:36:00.986468+00:00
968051,nun,2025-03-02 00:57:22.087248+00:00,2025-03-02 09:36:00.986468+00:00
968051,demon,2025-03-02 00:57:22.087248+00:00,2025-03-02 09:36:00.986468+00:00
968051,sequel,2025-03-02 00:57:22.087248+00:00,2025-03-02 09:36:00.986468+00:00
968051,convent,2025-03-02 00:57:22.087248+00:00,2025-03-02 09:36:00.986468+00:00
968051,bullying,2025-03-02 00:57:22.087248+00:00,2025-03-02 09:36:00.986468+00:00
968051,religion,2025-03-02 00:57:22.087248+00:00,2025-03-02 09:36:00.986468+00:00
969441,gay romance,2025-03-02 00:57:22.087248+00:00,2025-03-02 09:36:00.986468+00:00
969441,rape,2025-03-02 00:57:22.087248+00:00,2025-03-02 09:36:00.986468+00:00
969441,gay theme,2025-03-02 00:57:22.087248+00:00,2025-03-02 09:36:00.986468+00:00
969441,sexual assault,2025-03-02 00:57:22.087248+00:00,2025-03-02 09:36:00.986468+00:00
969441,boys' love (bl),2025-03-02 00:57:22.087248+00:00,2025-03-02 09:36:00.986468+00:00
969441,psychological,2025-03-02 00:57:22.087248+00:00,2025-03-02 09:36:00.986468+00:00
969441,based on manga,2025-03-02 00:57:22.087248+00:00,2025-03-02 09:36:00.986468+00:00
969441,lgbt,2025-03-02 00:57:22.087248+00:00,2025-03-02 09:36:00.986468+00:00
969441,rap,2025-03-02 00:57:22.087248+00:00,2025-03-02 09:36:00.986468+00:00
969441,older man younger man relationship,2025-03-02 00:57:22.087248+00:00,2025-03-02 09:36:00.986468+00:00
969492,behind enemy lines,2025-03-02 00:57:22.087248+00:00,2025-03-02 09:36:00.986468+00:00
969492,air force,2025-03-02 00:57:22.087248+00:00,2025-03-02 09:36:00.986468+00:00
969492,rescue operation,2025-03-02 00:57:22.087248+00:00,2025-03-02 09:36:00.986468+00:00
969492,battle,2025-03-02 00:57:22.087248+00:00,2025-03-02 09:36:00.986468+00:00
969492,intense,2025-03-02 00:57:22.087248+00:00,2025-03-02 09:36:00.986468+00:00
969492,cliché,2025-03-02 00:57:22.087248+00:00,2025-03-02 09:36:00.986468+00:00
969492,special ops,2025-03-02 00:57:22.087248+00:00,2025-03-02 09:36:00.986468+00:00
970348,working class,2025-03-02 00:57:22.087248+00:00,2025-03-02 09:36:00.986468+00:00
970348,sympathy,2025-03-02 00:57:22.087248+00:00,2025-03-02 09:36:00.986468+00:00
970348,empathetic,2025-03-02 00:57:22.087248+00:00,2025-03-02 09:36:00.986468+00:00
970348,refugee,2025-03-02 00:57:22.087248+00:00,2025-03-02 09:36:00.986468+00:00
970348,photographer,2025-03-02 00:57:22.087248+00:00,2025-03-02 09:36:00.986468+00:00
970348,syrian refugee,2025-03-02 00:57:22.087248+00:00,2025-03-02 09:36:00.986468+00:00
970348,pub,2025-03-02 00:57:22.087248+00:00,2025-03-02 09:36:00.986468+00:00
970348,community,2025-03-02 00:57:22.087248+00:00,2025-03-02 09:36:00.986468+00:00
970348,north of england,2025-03-02 00:57:22.087248+00:00,2025-03-02 09:36:00.986468+00:00
970348,small town,2025-03-02 00:57:22.087248+00:00,2025-03-02 09:36:00.986468+00:00
970398,francisco de goya,2025-03-02 00:57:22.087248+00:00,2025-03-02 09:36:00.986468+00:00
970398,art history,2025-03-02 00:57:22.087248+00:00,2025-03-02 09:36:00.986468+00:00
971602,japan,2025-03-02 00:57:22.087248+00:00,2025-03-02 09:36:00.986468+00:00
971602,1980s,2025-03-02 00:57:22.087248+00:00,2025-03-02 09:36:00.986468+00:00
971699,1980s,2025-03-02 00:57:22.087248+00:00,2025-03-02 09:36:00.986468+00:00
971699,lesbian,2025-03-02 00:57:22.087248+00:00,2025-03-02 09:36:00.986468+00:00
971699,assault,2025-03-02 00:57:22.087248+00:00,2025-03-02 09:36:00.986468+00:00
971699,homophobia,2025-03-02 00:57:22.087248+00:00,2025-03-02 09:36:00.986468+00:00
971699,gender roles,2025-03-02 00:57:22.087248+00:00,2025-03-02 09:36:00.986468+00:00
971699,secret,2025-03-02 00:57:22.087248+00:00,2025-03-02 09:36:00.986468+00:00
971699,morality,2025-03-02 00:57:22.087248+00:00,2025-03-02 09:36:00.986468+00:00
971699,teacher,2025-03-02 00:57:22.087248+00:00,2025-03-02 09:36:00.986468+00:00
971699,high school,2025-03-02 00:57:22.087248+00:00,2025-03-02 09:36:00.986468+00:00
971699,bullying,2025-03-02 00:57:22.087248+00:00,2025-03-02 09:36:00.986468+00:00
971699,lesbian relationship,2025-03-02 00:57:22.087248+00:00,2025-03-02 09:36:00.986468+00:00
971699,double life,2025-03-02 00:57:22.087248+00:00,2025-03-02 09:36:00.986468+00:00
971699,woman director,2025-03-02 00:57:22.087248+00:00,2025-03-02 09:36:00.986468+00:00
971699,margaret thatcher,2025-03-02 00:57:22.087248+00:00,2025-03-02 09:36:00.986468+00:00
971699,lgbt,2025-03-02 00:57:22.087248+00:00,2025-03-02 09:36:00.986468+00:00
971699,thatcherism,2025-03-02 00:57:22.087248+00:00,2025-03-02 09:36:00.986468+00:00
971699,closeted,2025-03-02 00:57:22.087248+00:00,2025-03-02 09:36:00.986468+00:00
971699,"newcastle, england",2025-03-02 00:57:22.087248+00:00,2025-03-02 09:36:00.986468+00:00
971699,conservatism,2025-03-02 00:57:22.087248+00:00,2025-03-02 09:36:00.986468+00:00
971968,based on true story,2025-03-02 00:57:22.087248+00:00,2025-03-02 09:36:00.986468+00:00
971968,biography,2025-03-02 00:57:22.087248+00:00,2025-03-02 09:36:00.986468+00:00
971968,filmmaker,2025-03-02 00:57:22.087248+00:00,2025-03-02 09:36:00.986468+00:00
971968,based on real person,2025-03-02 00:57:22.087248+00:00,2025-03-02 09:36:00.986468+00:00
971968,actress,2025-03-02 00:57:22.087248+00:00,2025-03-02 09:36:00.986468+00:00
972614,hitman,2025-03-02 00:57:22.087248+00:00,2025-03-02 09:36:00.986468+00:00
972614,father son relationship,2025-03-02 00:57:22.087248+00:00,2025-03-02 09:36:00.986468+00:00
972614,father daughter conflict,2025-03-02 00:57:22.087248+00:00,2025-03-02 09:36:00.986468+00:00
972614,police investigation,2025-03-02 00:57:22.087248+00:00,2025-03-02 09:36:00.986468+00:00
972614,job gone wrong,2025-03-02 00:57:22.087248+00:00,2025-03-02 09:36:00.986468+00:00
972614,dementia,2025-03-02 00:57:22.087248+00:00,2025-03-02 09:36:00.986468+00:00
972614,investigation,2025-03-02 00:57:22.087248+00:00,2025-03-02 09:36:00.986468+00:00
973628,based on novel or book,2025-03-02 00:57:22.087248+00:00,2025-03-02 09:36:00.986468+00:00
973628,dark comedy,2025-03-02 00:57:22.087248+00:00,2025-03-02 09:36:00.986468+00:00
973778,dystopia,2025-03-02 00:57:22.087248+00:00,2025-03-02 09:36:00.986468+00:00
973778,flooding,2025-03-02 00:57:22.087248+00:00,2025-03-02 09:36:00.986468+00:00
973778,mother,2025-03-02 00:57:22.087248+00:00,2025-03-02 09:36:00.986468+00:00
973778,ecological disaster,2025-03-02 00:57:22.087248+00:00,2025-03-02 09:36:00.986468+00:00
973778,survival,2025-03-02 00:57:22.087248+00:00,2025-03-02 09:36:00.986468+00:00
973778,"london, england",2025-03-02 00:57:22.087248+00:00,2025-03-02 09:36:00.986468+00:00
973778,fleeing,2025-03-02 00:57:22.087248+00:00,2025-03-02 09:36:00.986468+00:00
974250,murder,2025-03-02 00:57:22.087248+00:00,2025-03-02 09:36:00.986468+00:00
974250,robbery,2025-03-02 00:57:22.087248+00:00,2025-03-02 09:36:00.986468+00:00
974250,rookie cop,2025-03-02 00:57:22.087248+00:00,2025-03-02 09:36:00.986468+00:00
974250,providence,2025-03-02 00:57:22.087248+00:00,2025-03-02 09:36:00.986468+00:00
974250,pregnant wife,2025-03-02 00:57:22.087248+00:00,2025-03-02 09:36:00.986468+00:00
974250,dirty cop,2025-03-02 00:57:22.087248+00:00,2025-03-02 09:36:00.986468+00:00
974250,cops,2025-03-02 00:57:22.087248+00:00,2025-03-02 09:36:00.986468+00:00
974521,filmmaking,2025-03-02 00:57:22.087248+00:00,2025-03-02 09:36:00.986468+00:00
974521,photography,2025-03-02 00:57:22.087248+00:00,2025-03-02 09:36:00.986468+00:00
974521,border,2025-03-02 00:57:22.087248+00:00,2025-03-02 09:36:00.986468+00:00
974635,sting operation,2025-03-02 00:57:22.087248+00:00,2025-03-02 09:36:00.986468+00:00
974635,screwball comedy,2025-03-02 00:57:22.087248+00:00,2025-03-02 09:36:00.986468+00:00
974635,melodramatic,2025-03-02 00:57:22.087248+00:00,2025-03-02 09:36:00.986468+00:00
974635,disguise,2025-03-02 00:57:22.087248+00:00,2025-03-02 09:36:00.986468+00:00
974635,professor,2025-03-02 00:57:22.087248+00:00,2025-03-02 09:36:00.986468+00:00
974635,persona,2025-03-02 00:57:22.087248+00:00,2025-03-02 09:36:00.986468+00:00
974635,"new orleans, louisiana",2025-03-02 00:57:22.087248+00:00,2025-03-02 09:36:00.986468+00:00
974635,moonlighting,2025-03-02 00:57:22.087248+00:00,2025-03-02 09:36:00.986468+00:00
974635,performance,2025-03-02 00:57:22.087248+00:00,2025-03-02 09:36:00.986468+00:00
974635,undercover operation,2025-03-02 00:57:22.087248+00:00,2025-03-02 09:36:00.986468+00:00
974635,romcom,2025-03-02 00:57:22.087248+00:00,2025-03-02 09:36:00.986468+00:00
974635,identity,2025-03-02 00:57:22.087248+00:00,2025-03-02 09:36:00.986468+00:00
974635,"based on magazine, newspaper or article",2025-03-02 00:57:22.087248+00:00,2025-03-02 09:36:00.986468+00:00
974635,hitman,2025-03-02 00:57:22.087248+00:00,2025-03-02 09:36:00.986468+00:00
975056,impoverished,2025-03-02 00:57:22.087248+00:00,2025-03-02 09:36:00.986468+00:00
975056,1900s,2025-03-02 00:57:22.087248+00:00,2025-03-02 09:36:00.986468+00:00
975056,1890s,2025-03-02 00:57:22.087248+00:00,2025-03-02 09:36:00.986468+00:00
975056,based on true story,2025-03-02 00:57:22.087248+00:00,2025-03-02 09:36:00.986468+00:00
975056,farcical,2025-03-02 00:57:22.087248+00:00,2025-03-02 09:36:00.986468+00:00
975056,italian immigrant,2025-03-02 00:57:22.087248+00:00,2025-03-02 09:36:00.986468+00:00
975056,new york city,2025-03-02 00:57:22.087248+00:00,2025-03-02 09:36:00.986468+00:00
975056,immigrant,2025-03-02 00:57:22.087248+00:00,2025-03-02 09:36:00.986468+00:00
975056,19th century,2025-03-02 00:57:22.087248+00:00,2025-03-02 09:36:00.986468+00:00
975056,christian faith,2025-03-02 00:57:22.087248+00:00,2025-03-02 09:36:00.986468+00:00
975056,1880s,2025-03-02 00:57:22.087248+00:00,2025-03-02 09:36:00.986468+00:00
975575,self-discovery,2025-03-02 00:57:22.087248+00:00,2025-03-02 09:36:00.986468+00:00
975575,high school,2025-03-02 00:57:22.087248+00:00,2025-03-02 09:36:00.986468+00:00
975575,sex,2025-03-02 00:57:22.087248+00:00,2025-03-02 09:36:00.986468+00:00
975575,teenage,2025-03-02 00:57:22.087248+00:00,2025-03-02 09:36:00.986468+00:00
975762,cooking competition,2025-03-02 00:57:22.087248+00:00,2025-03-02 09:36:00.986468+00:00
975762,pastry chef,2025-03-02 00:57:22.087248+00:00,2025-03-02 09:36:00.986468+00:00
975762,chef,2025-03-02 00:57:22.087248+00:00,2025-03-02 09:36:00.986468+00:00
975762,pastry,2025-03-02 00:57:22.087248+00:00,2025-03-02 09:36:00.986468+00:00
976125,boys' love (bl),2025-03-02 00:57:22.087248+00:00,2025-03-02 09:36:00.986468+00:00
976573,city,2025-03-02 00:57:22.087248+00:00,2025-03-02 09:36:00.986468+00:00
976573,fire,2025-03-02 00:57:22.087248+00:00,2025-03-02 09:36:00.986468+00:00
976573,computer animation,2025-03-02 00:57:22.087248+00:00,2025-03-02 09:36:00.986468+00:00
976573,hopeful,2025-03-02 00:57:22.087248+00:00,2025-03-02 09:36:00.986468+00:00
976573,duringcreditsstinger,2025-03-02 00:57:22.087248+00:00,2025-03-02 09:36:00.986468+00:00
976573,elements,2025-03-02 00:57:22.087248+00:00,2025-03-02 09:36:00.986468+00:00
976573,water,2025-03-02 00:57:22.087248+00:00,2025-03-02 09:36:00.986468+00:00
976573,earth,2025-03-02 00:57:22.087248+00:00,2025-03-02 09:36:00.986468+00:00
976576,woman director,2025-03-02 00:57:22.087248+00:00,2025-03-02 09:36:00.986468+00:00
976576,"bangkok, thailand",2025-03-02 00:57:22.087248+00:00,2025-03-02 09:36:00.986468+00:00
976576,expatriate,2025-03-02 00:57:22.087248+00:00,2025-03-02 09:36:00.986468+00:00
976576,erotic,2025-03-02 00:57:22.087248+00:00,2025-03-02 09:36:00.986468+00:00
976576,female protagonist,2025-03-02 00:57:22.087248+00:00,2025-03-02 09:36:00.986468+00:00
976576,remake,2025-03-02 00:57:22.087248+00:00,2025-03-02 09:36:00.986468+00:00
976576,female sexuality,2025-03-02 00:57:22.087248+00:00,2025-03-02 09:36:00.986468+00:00
976576,romantic drama,2025-03-02 00:57:22.087248+00:00,2025-03-02 09:36:00.986468+00:00
976576,hong kong,2025-03-02 00:57:22.087248+00:00,2025-03-02 09:36:00.986468+00:00
976576,based on novel or book,2025-03-02 00:57:22.087248+00:00,2025-03-02 09:36:00.986468+00:00
976581,"london, england",2025-03-02 00:57:22.087248+00:00,2025-03-02 09:36:00.986468+00:00
976581,drag queen,2025-03-02 00:57:22.087248+00:00,2025-03-02 09:36:00.986468+00:00
976581,gay theme,2025-03-02 00:57:22.087248+00:00,2025-03-02 09:36:00.986468+00:00
976581,based on short,2025-03-02 00:57:22.087248+00:00,2025-03-02 09:36:00.986468+00:00
976581,closeted homosexual,2025-03-02 00:57:22.087248+00:00,2025-03-02 09:36:00.986468+00:00
976581,secret relationship,2025-03-02 00:57:22.087248+00:00,2025-03-02 09:36:00.986468+00:00
976581,gay relationship,2025-03-02 00:57:22.087248+00:00,2025-03-02 09:36:00.986468+00:00
976581,revenge,2025-03-02 00:57:22.087248+00:00,2025-03-02 09:36:00.986468+00:00
976581,gay bashing,2025-03-02 00:57:22.087248+00:00,2025-03-02 09:36:00.986468+00:00
976581,lgbt,2025-03-02 00:57:22.087248+00:00,2025-03-02 09:36:00.986468+00:00
976581,revenge porn,2025-03-02 00:57:22.087248+00:00,2025-03-02 09:36:00.986468+00:00
976581,black british,2025-03-02 00:57:22.087248+00:00,2025-03-02 09:36:00.986468+00:00
976581,grim,2025-03-02 00:57:22.087248+00:00,2025-03-02 09:36:00.986468+00:00
976893,slice of life,2025-03-02 00:57:22.087248+00:00,2025-03-02 09:36:00.986468+00:00
976893,routine,2025-03-02 00:57:22.087248+00:00,2025-03-02 09:36:00.986468+00:00
976893,tree,2025-03-02 00:57:22.087248+00:00,2025-03-02 09:36:00.986468+00:00
976893,janitor,2025-03-02 00:57:22.087248+00:00,2025-03-02 09:36:00.986468+00:00
976893,quest for knowledge,2025-03-02 00:57:22.087248+00:00,2025-03-02 09:36:00.986468+00:00
976893,beauty of life,2025-03-02 00:57:22.087248+00:00,2025-03-02 09:36:00.986468+00:00
976893,character study,2025-03-02 00:57:22.087248+00:00,2025-03-02 09:36:00.986468+00:00
976893,human nature,2025-03-02 00:57:22.087248+00:00,2025-03-02 09:36:00.986468+00:00
976893,working class,2025-03-02 00:57:22.087248+00:00,2025-03-02 09:36:00.986468+00:00
976893,audio cassette,2025-03-02 00:57:22.087248+00:00,2025-03-02 09:36:00.986468+00:00
976893,mystical quest,2025-03-02 00:57:22.087248+00:00,2025-03-02 09:36:00.986468+00:00
976893,uncle niece relationship,2025-03-02 00:57:22.087248+00:00,2025-03-02 09:36:00.986468+00:00
976893,calm,2025-03-02 00:57:22.087248+00:00,2025-03-02 09:36:00.986468+00:00
976893,solitude,2025-03-02 00:57:22.087248+00:00,2025-03-02 09:36:00.986468+00:00
976893,"tokyo, japan",2025-03-02 00:57:22.087248+00:00,2025-03-02 09:36:00.986468+00:00
977013,queen mary,2025-03-02 00:57:22.087248+00:00,2025-03-02 09:36:00.986468+00:00
977013,cruise liner,2025-03-02 00:57:22.087248+00:00,2025-03-02 09:36:00.986468+00:00
977013,photographer,2025-03-02 00:57:22.087248+00:00,2025-03-02 09:36:00.986468+00:00
977013,family tragedy,2025-03-02 00:57:22.087248+00:00,2025-03-02 09:36:00.986468+00:00
977013,cruise ship,2025-03-02 00:57:22.087248+00:00,2025-03-02 09:36:00.986468+00:00
977155,crime investigation,2025-03-02 00:57:22.087248+00:00,2025-03-02 09:36:00.986468+00:00
977155,found footage,2025-03-02 00:57:22.087248+00:00,2025-03-02 09:36:00.986468+00:00
977155,reporter,2025-03-02 00:57:22.087248+00:00,2025-03-02 09:36:00.986468+00:00
977155,video cassette,2025-03-02 00:57:22.087248+00:00,2025-03-02 09:36:00.986468+00:00
977155,surveillance footage,2025-03-02 00:57:22.087248+00:00,2025-03-02 09:36:00.986468+00:00
977177,satanic cult,2025-03-02 00:57:22.087248+00:00,2025-03-02 09:36:00.986468+00:00
977177,ritual murder,2025-03-02 00:57:22.087248+00:00,2025-03-02 09:36:00.986468+00:00
977179,twin sister,2025-03-02 00:57:22.087248+00:00,2025-03-02 09:36:00.986468+00:00
977179,twins,2025-03-02 00:57:22.087248+00:00,2025-03-02 09:36:00.986468+00:00
977179,coming of age,2025-03-02 00:57:22.087248+00:00,2025-03-02 09:36:00.986468+00:00
977179,love triangle,2025-03-02 00:57:22.087248+00:00,2025-03-02 09:36:00.986468+00:00
978039,anime,2025-03-02 00:57:22.087248+00:00,2025-03-02 09:36:00.986468+00:00
978580,biography,2025-03-02 00:57:22.087248+00:00,2025-03-02 09:36:00.986468+00:00
978592,a teia,2025-03-02 00:57:22.087248+00:00,2025-03-02 09:36:00.986468+00:00
978592,baseball bat,2025-03-02 00:57:22.087248+00:00,2025-03-02 09:36:00.986468+00:00
978592,memoir,2025-03-02 00:57:22.087248+00:00,2025-03-02 09:36:00.986468+00:00
978592,former detective,2025-03-02 00:57:22.087248+00:00,2025-03-02 09:36:00.986468+00:00
978592,death row inmate,2025-03-02 00:57:22.087248+00:00,2025-03-02 09:36:00.986468+00:00
978592,alzheimer's disease,2025-03-02 00:57:22.087248+00:00,2025-03-02 09:36:00.986468+00:00
978592,memory loss,2025-03-02 00:57:22.087248+00:00,2025-03-02 09:36:00.986468+00:00
979924,radio host,2025-03-02 00:57:22.087248+00:00,2025-03-02 09:36:00.986468+00:00
979924,psychological thriller,2025-03-02 00:57:22.087248+00:00,2025-03-02 09:36:00.986468+00:00
979924,criminal,2025-03-02 00:57:22.087248+00:00,2025-03-02 09:36:00.986468+00:00
979924,radio station,2025-03-02 00:57:22.087248+00:00,2025-03-02 09:36:00.986468+00:00
980026,1750s,2025-03-02 00:57:22.087248+00:00,2025-03-02 09:36:00.986468+00:00
980026,aggressive,2025-03-02 00:57:22.087248+00:00,2025-03-02 09:36:00.986468+00:00
980026,historical drama,2025-03-02 00:57:22.087248+00:00,2025-03-02 09:36:00.986468+00:00
980026,danish,2025-03-02 00:57:22.087248+00:00,2025-03-02 09:36:00.986468+00:00
980026,furious,2025-03-02 00:57:22.087248+00:00,2025-03-02 09:36:00.986468+00:00
980026,antagonistic,2025-03-02 00:57:22.087248+00:00,2025-03-02 09:36:00.986468+00:00
980026,depressing,2025-03-02 00:57:22.087248+00:00,2025-03-02 09:36:00.986468+00:00
980026,18th century,2025-03-02 00:57:22.087248+00:00,2025-03-02 09:36:00.986468+00:00
980026,tense,2025-03-02 00:57:22.087248+00:00,2025-03-02 09:36:00.986468+00:00
980026,shocking,2025-03-02 00:57:22.087248+00:00,2025-03-02 09:36:00.986468+00:00
980026,murder,2025-03-02 00:57:22.087248+00:00,2025-03-02 09:36:00.986468+00:00
980026,soldier,2025-03-02 00:57:22.087248+00:00,2025-03-02 09:36:00.986468+00:00
980026,king,2025-03-02 00:57:22.087248+00:00,2025-03-02 09:36:00.986468+00:00
980026,hopeless,2025-03-02 00:57:22.087248+00:00,2025-03-02 09:36:00.986468+00:00
980026,farming,2025-03-02 00:57:22.087248+00:00,2025-03-02 09:36:00.986468+00:00
980026,violence,2025-03-02 00:57:22.087248+00:00,2025-03-02 09:36:00.986468+00:00
980026,landowner,2025-03-02 00:57:22.087248+00:00,2025-03-02 09:36:00.986468+00:00
980026,based on novel or book,2025-03-02 00:57:22.087248+00:00,2025-03-02 09:36:00.986468+00:00
980026,history,2025-03-02 00:57:22.087248+00:00,2025-03-02 09:36:00.986468+00:00
980026,ex military,2025-03-02 00:57:22.087248+00:00,2025-03-02 09:36:00.986468+00:00
980026,colonisation,2025-03-02 00:57:22.087248+00:00,2025-03-02 09:36:00.986468+00:00
980026,pessimistic,2025-03-02 00:57:22.087248+00:00,2025-03-02 09:36:00.986468+00:00
980026,priest,2025-03-02 00:57:22.087248+00:00,2025-03-02 09:36:00.986468+00:00
980026,danish history,2025-03-02 00:57:22.087248+00:00,2025-03-02 09:36:00.986468+00:00
980078,low budget,2025-03-02 00:57:22.087248+00:00,2025-03-02 09:36:00.986468+00:00
980078,slasher horror,2025-03-02 00:57:22.087248+00:00,2025-03-02 09:36:00.986468+00:00
980078,psychotic villain,2025-03-02 00:57:22.087248+00:00,2025-03-02 09:36:00.986468+00:00
980078,slasher,2025-03-02 00:57:22.087248+00:00,2025-03-02 09:36:00.986468+00:00
980078,winnie the pooh,2025-03-02 00:57:22.087248+00:00,2025-03-02 09:36:00.986468+00:00
980078,b movie,2025-03-02 00:57:22.087248+00:00,2025-03-02 09:36:00.986468+00:00
980078,revenge slasher,2025-03-02 00:57:22.087248+00:00,2025-03-02 09:36:00.986468+00:00
980078,imaginary friend,2025-03-02 00:57:22.087248+00:00,2025-03-02 09:36:00.986468+00:00
980078,absurd,2025-03-02 00:57:22.087248+00:00,2025-03-02 09:36:00.986468+00:00
980078,based on children's book,2025-03-02 00:57:22.087248+00:00,2025-03-02 09:36:00.986468+00:00
980078,the twisted childhood universe,2025-03-02 00:57:22.087248+00:00,2025-03-02 09:36:00.986468+00:00
980078,childhood innocence,2025-03-02 00:57:22.087248+00:00,2025-03-02 09:36:00.986468+00:00
980078,independent film,2025-03-02 00:57:22.087248+00:00,2025-03-02 09:36:00.986468+00:00
980078,growing up,2025-03-02 00:57:22.087248+00:00,2025-03-02 09:36:00.986468+00:00
980489,sports,2025-03-02 00:57:22.087248+00:00,2025-03-02 09:36:00.986468+00:00
980489,based on true story,2025-03-02 00:57:22.087248+00:00,2025-03-02 09:36:00.986468+00:00
980489,based on video game,2025-03-02 00:57:22.087248+00:00,2025-03-02 09:36:00.986468+00:00
980489,exhilarated,2025-03-02 00:57:22.087248+00:00,2025-03-02 09:36:00.986468+00:00
980489,duringcreditsstinger,2025-03-02 00:57:22.087248+00:00,2025-03-02 09:36:00.986468+00:00
980489,racing,2025-03-02 00:57:22.087248+00:00,2025-03-02 09:36:00.986468+00:00
982202,based on true story,2025-03-02 00:57:22.087248+00:00,2025-03-02 09:36:00.986468+00:00
982202,world war ii,2025-03-02 00:57:22.087248+00:00,2025-03-02 09:36:00.986468+00:00
982202,inspired by novel or book,2025-03-02 00:57:22.087248+00:00,2025-03-02 09:36:00.986468+00:00
982202,hidden child,2025-03-02 00:57:22.087248+00:00,2025-03-02 09:36:00.986468+00:00
982202,nazi hunter,2025-03-02 00:57:22.087248+00:00,2025-03-02 09:36:00.986468+00:00
982202,"berlin, germany",2025-03-02 00:57:22.087248+00:00,2025-03-02 09:36:00.986468+00:00
982202,nazi germany,2025-03-02 00:57:22.087248+00:00,2025-03-02 09:36:00.986468+00:00
983883,police,2025-03-02 00:57:22.087248+00:00,2025-03-02 09:36:00.986468+00:00
983883,lgbt,2025-03-02 00:57:22.087248+00:00,2025-03-02 09:36:00.986468+00:00
983883,gay theme,2025-03-02 00:57:22.087248+00:00,2025-03-02 09:36:00.986468+00:00
983883,ghost,2025-03-02 00:57:22.087248+00:00,2025-03-02 09:36:00.986468+00:00
983883,detective,2025-03-02 00:57:22.087248+00:00,2025-03-02 09:36:00.986468+00:00
985939,survival thriller,2025-03-02 00:57:22.087248+00:00,2025-03-02 09:36:00.986468+00:00
985939,absurd,2025-03-02 00:57:22.087248+00:00,2025-03-02 09:36:00.986468+00:00
985939,dehydration,2025-03-02 00:57:22.087248+00:00,2025-03-02 09:36:00.986468+00:00
985939,free climbing,2025-03-02 00:57:22.087248+00:00,2025-03-02 09:36:00.986468+00:00
985939,hallucination,2025-03-02 00:57:22.087248+00:00,2025-03-02 09:36:00.986468+00:00
985939,adrenaline junkie,2025-03-02 00:57:22.087248+00:00,2025-03-02 09:36:00.986468+00:00
985939,tense,2025-03-02 00:57:22.087248+00:00,2025-03-02 09:36:00.986468+00:00
985939,sport climbing,2025-03-02 00:57:22.087248+00:00,2025-03-02 09:36:00.986468+00:00
985939,tower,2025-03-02 00:57:22.087248+00:00,2025-03-02 09:36:00.986468+00:00
985939,stranded,2025-03-02 00:57:22.087248+00:00,2025-03-02 09:36:00.986468+00:00
986088,mother,2025-03-02 00:57:22.087248+00:00,2025-03-02 09:36:00.986468+00:00
986088,super power,2025-03-02 00:57:22.087248+00:00,2025-03-02 09:36:00.986468+00:00
986855,sport competition,2025-03-02 00:57:22.087248+00:00,2025-03-02 09:36:00.986468+00:00
986855,science,2025-03-02 00:57:22.087248+00:00,2025-03-02 09:36:00.986468+00:00
986855,coming of age,2025-03-02 00:57:22.087248+00:00,2025-03-02 09:36:00.986468+00:00
986855,mongolia,2025-03-02 00:57:22.087248+00:00,2025-03-02 09:36:00.986468+00:00
987538,horror anthology,2025-03-02 00:57:22.087248+00:00,2025-03-02 09:36:00.986468+00:00
987573,cult,2025-03-02 00:57:22.087248+00:00,2025-03-02 09:36:00.986468+00:00
987573,island,2025-03-02 00:57:22.087248+00:00,2025-03-02 09:36:00.986468+00:00
988402,quebec,2025-03-02 00:57:22.087248+00:00,2025-03-02 09:36:00.986468+00:00
988402,compassionate,2025-03-02 00:57:22.087248+00:00,2025-03-02 09:36:00.986468+00:00
988402,revenge,2025-03-02 00:57:22.087248+00:00,2025-03-02 09:36:00.986468+00:00
988402,bullying,2025-03-02 00:57:22.087248+00:00,2025-03-02 09:36:00.986468+00:00
988402,earnest,2025-03-02 00:57:22.087248+00:00,2025-03-02 09:36:00.986468+00:00
988402,macabre,2025-03-02 00:57:22.087248+00:00,2025-03-02 09:36:00.986468+00:00
988402,forced,2025-03-02 00:57:22.087248+00:00,2025-03-02 09:36:00.986468+00:00
988402,absurd,2025-03-02 00:57:22.087248+00:00,2025-03-02 09:36:00.986468+00:00
988402,vampires,2025-03-02 00:57:22.087248+00:00,2025-03-02 09:36:00.986468+00:00
988402,bullied,2025-03-02 00:57:22.087248+00:00,2025-03-02 09:36:00.986468+00:00
988402,relationship,2025-03-02 00:57:22.087248+00:00,2025-03-02 09:36:00.986468+00:00
988402,teeth,2025-03-02 00:57:22.087248+00:00,2025-03-02 09:36:00.986468+00:00
988402,canine,2025-03-02 00:57:22.087248+00:00,2025-03-02 09:36:00.986468+00:00
988402,starving,2025-03-02 00:57:22.087248+00:00,2025-03-02 09:36:00.986468+00:00
988402,bloodthirstiness,2025-03-02 00:57:22.087248+00:00,2025-03-02 09:36:00.986468+00:00
988402,human vampire relationship,2025-03-02 00:57:22.087248+00:00,2025-03-02 09:36:00.986468+00:00
988402,french canadian,2025-03-02 00:57:22.087248+00:00,2025-03-02 09:36:00.986468+00:00
988402,blood sucking,2025-03-02 00:57:22.087248+00:00,2025-03-02 09:36:00.986468+00:00
988402,humanism,2025-03-02 00:57:22.087248+00:00,2025-03-02 09:36:00.986468+00:00
988402,"montreal, canada",2025-03-02 00:57:22.087248+00:00,2025-03-02 09:36:00.986468+00:00
988402,forced to kill,2025-03-02 00:57:22.087248+00:00,2025-03-02 09:36:00.986468+00:00
988402,moral dilemma,2025-03-02 00:57:22.087248+00:00,2025-03-02 09:36:00.986468+00:00
988402,suicide attempt,2025-03-02 00:57:22.087248+00:00,2025-03-02 09:36:00.986468+00:00
988402,revenge killing,2025-03-02 00:57:22.087248+00:00,2025-03-02 09:36:00.986468+00:00
988402,bite,2025-03-02 00:57:22.087248+00:00,2025-03-02 09:36:00.986468+00:00
988402,compassion,2025-03-02 00:57:22.087248+00:00,2025-03-02 09:36:00.986468+00:00
988402,take revenge,2025-03-02 00:57:22.087248+00:00,2025-03-02 09:36:00.986468+00:00
988402,friendship,2025-03-02 00:57:22.087248+00:00,2025-03-02 09:36:00.986468+00:00
988402,drinking blood,2025-03-02 00:57:22.087248+00:00,2025-03-02 09:36:00.986468+00:00
988402,vampire,2025-03-02 00:57:22.087248+00:00,2025-03-02 09:36:00.986468+00:00
988402,blood,2025-03-02 00:57:22.087248+00:00,2025-03-02 09:36:00.986468+00:00
988402,playful,2025-03-02 00:57:22.087248+00:00,2025-03-02 09:36:00.986468+00:00
988402,humanity,2025-03-02 00:57:22.087248+00:00,2025-03-02 09:36:00.986468+00:00
988402,revenge for bullying,2025-03-02 00:57:22.087248+00:00,2025-03-02 09:36:00.986468+00:00
988402,boy meets girl,2025-03-02 00:57:22.087248+00:00,2025-03-02 09:36:00.986468+00:00
988402,reluctant vampire,2025-03-02 00:57:22.087248+00:00,2025-03-02 09:36:00.986468+00:00
988402,teenager,2025-03-02 00:57:22.087248+00:00,2025-03-02 09:36:00.986468+00:00
988402,hunger,2025-03-02 00:57:22.087248+00:00,2025-03-02 09:36:00.986468+00:00
988402,will,2025-03-02 00:57:22.087248+00:00,2025-03-02 09:36:00.986468+00:00
988402,woman director,2025-03-02 00:57:22.087248+00:00,2025-03-02 09:36:00.986468+00:00
988402,boy girl relationship,2025-03-02 00:57:22.087248+00:00,2025-03-02 09:36:00.986468+00:00
988402,night,2025-03-02 00:57:22.087248+00:00,2025-03-02 09:36:00.986468+00:00
988402,improbable friendship,2025-03-02 00:57:22.087248+00:00,2025-03-02 09:36:00.986468+00:00
988402,unlikely friendship,2025-03-02 00:57:22.087248+00:00,2025-03-02 09:36:00.986468+00:00
988402,teen suicide,2025-03-02 00:57:22.087248+00:00,2025-03-02 09:36:00.986468+00:00
988402,coming of age,2025-03-02 00:57:22.087248+00:00,2025-03-02 09:36:00.986468+00:00
988402,suicide thoughts,2025-03-02 00:57:22.087248+00:00,2025-03-02 09:36:00.986468+00:00
988402,bully,2025-03-02 00:57:22.087248+00:00,2025-03-02 09:36:00.986468+00:00
988402,whimsical,2025-03-02 00:57:22.087248+00:00,2025-03-02 09:36:00.986468+00:00
988402,consent,2025-03-02 00:57:22.087248+00:00,2025-03-02 09:36:00.986468+00:00
988402,suicide,2025-03-02 00:57:22.087248+00:00,2025-03-02 09:36:00.986468+00:00
988402,moral conflict,2025-03-02 00:57:22.087248+00:00,2025-03-02 09:36:00.986468+00:00
988900,horror anthology,2025-03-02 00:57:22.087248+00:00,2025-03-02 09:36:00.986468+00:00
989473,murder mystery,2025-03-02 00:57:22.087248+00:00,2025-03-02 09:36:00.986468+00:00
989473,1930s,2025-03-02 00:57:22.087248+00:00,2025-03-02 09:36:00.986468+00:00
989589,informative,2025-03-02 00:57:22.087248+00:00,2025-03-02 09:36:00.986468+00:00
989589,angry,2025-03-02 00:57:22.087248+00:00,2025-03-02 09:36:00.986468+00:00
990140,costume drama,2025-03-02 00:57:22.087248+00:00,2025-03-02 09:36:00.986468+00:00
990140,martial arts,2025-03-02 00:57:22.087248+00:00,2025-03-02 09:36:00.986468+00:00
990140,based on novel or book,2025-03-02 00:57:22.087248+00:00,2025-03-02 09:36:00.986468+00:00
991190,slice of life,2025-03-02 00:57:22.087248+00:00,2025-03-02 09:36:00.986468+00:00
991190,anime,2025-03-02 00:57:22.087248+00:00,2025-03-02 09:36:00.986468+00:00
991190,shoujo,2025-03-02 00:57:22.087248+00:00,2025-03-02 09:36:00.986468+00:00
991190,based on manga,2025-03-02 00:57:22.087248+00:00,2025-03-02 09:36:00.986468+00:00
991190,romance,2025-03-02 00:57:22.087248+00:00,2025-03-02 09:36:00.986468+00:00
993092,remake,2025-03-02 00:57:22.087248+00:00,2025-03-02 09:36:00.986468+00:00
993234,softcore,2025-03-02 00:57:22.087248+00:00,2025-03-02 09:36:00.986468+00:00
993885,boys' love (bl),2025-03-02 00:57:22.087248+00:00,2025-03-02 09:36:00.986468+00:00
993885,campus,2025-03-02 00:57:22.087248+00:00,2025-03-02 09:36:00.986468+00:00
993885,enemies to lovers,2025-03-02 00:57:22.087248+00:00,2025-03-02 09:36:00.986468+00:00
993885,based on webcomic or webtoon,2025-03-02 00:57:22.087248+00:00,2025-03-02 09:36:00.986468+00:00
993885,gay romance,2025-03-02 00:57:22.087248+00:00,2025-03-02 09:36:00.986468+00:00
993885,based on novel or book,2025-03-02 00:57:22.087248+00:00,2025-03-02 09:36:00.986468+00:00
993885,university,2025-03-02 00:57:22.087248+00:00,2025-03-02 09:36:00.986468+00:00
994741,pink film,2025-03-02 00:57:22.087248+00:00,2025-03-02 09:36:00.986468+00:00
994741,softcore,2025-03-02 00:57:22.087248+00:00,2025-03-02 09:36:00.986468+00:00
994741,lesbian sex,2025-03-02 00:57:22.087248+00:00,2025-03-02 09:36:00.986468+00:00
995746,historical drama,2025-03-02 00:57:22.087248+00:00,2025-03-02 09:36:00.986468+00:00
995746,based on true story,2025-03-02 00:57:22.087248+00:00,2025-03-02 09:36:00.986468+00:00
995746,bearded lady,2025-03-02 00:57:22.087248+00:00,2025-03-02 09:36:00.986468+00:00
995746,19th century,2025-03-02 00:57:22.087248+00:00,2025-03-02 09:36:00.986468+00:00
995926,sequel,2025-03-02 00:57:22.087248+00:00,2025-03-02 09:36:00.986468+00:00
995926,police chase,2025-03-02 00:57:22.087248+00:00,2025-03-02 09:36:00.986468+00:00
997294,human mystery,2025-03-02 00:57:22.087248+00:00,2025-03-02 09:36:00.986468+00:00
997659,mental health care,2025-03-02 00:57:22.087248+00:00,2025-03-02 09:36:00.986468+00:00
997659,family,2025-03-02 00:57:22.087248+00:00,2025-03-02 09:36:00.986468+00:00
997659,brother,2025-03-02 00:57:22.087248+00:00,2025-03-02 09:36:00.986468+00:00
997659,mental health,2025-03-02 00:57:22.087248+00:00,2025-03-02 09:36:00.986468+00:00
997659,mental illness,2025-03-02 00:57:22.087248+00:00,2025-03-02 09:36:00.986468+00:00
998022,teacher,2025-03-02 00:57:22.087248+00:00,2025-03-02 09:36:00.986468+00:00
1000862,france,2025-03-02 00:57:22.087248+00:00,2025-03-02 09:36:00.986468+00:00
1000862,sexual harassment,2025-03-02 00:57:22.087248+00:00,2025-03-02 09:36:00.986468+00:00
1000862,homophobic attack,2025-03-02 00:57:22.087248+00:00,2025-03-02 09:36:00.986468+00:00
1000862,male teacher,2025-03-02 00:57:22.087248+00:00,2025-03-02 09:36:00.986468+00:00
1000862,false accusations,2025-03-02 00:57:22.087248+00:00,2025-03-02 09:36:00.986468+00:00
1000862,teacher,2025-03-02 00:57:22.087248+00:00,2025-03-02 09:36:00.986468+00:00
1000862,teachers and students,2025-03-02 00:57:22.087248+00:00,2025-03-02 09:36:00.986468+00:00
1000862,workplace harassment,2025-03-02 00:57:22.087248+00:00,2025-03-02 09:36:00.986468+00:00
1000862,school teacher,2025-03-02 00:57:22.087248+00:00,2025-03-02 09:36:00.986468+00:00
1000862,based on true story,2025-03-02 00:57:22.087248+00:00,2025-03-02 09:36:00.986468+00:00
1000862,classroom,2025-03-02 00:57:22.087248+00:00,2025-03-02 09:36:00.986468+00:00
1000862,homophobia,2025-03-02 00:57:22.087248+00:00,2025-03-02 09:36:00.986468+00:00
1002317,ghost,2025-03-02 00:57:22.087248+00:00,2025-03-02 09:36:00.986468+00:00
1002317,lgbt,2025-03-02 00:57:22.087248+00:00,2025-03-02 09:36:00.986468+00:00
1002317,gay theme,2025-03-02 00:57:22.087248+00:00,2025-03-02 09:36:00.986468+00:00
1002317,unfaithful,2025-03-02 00:57:22.087248+00:00,2025-03-02 09:36:00.986468+00:00
1002317,transgender,2025-03-02 00:57:22.087248+00:00,2025-03-02 09:36:00.986468+00:00
1002318,gay theme,2025-03-02 00:57:22.087248+00:00,2025-03-02 09:36:00.986468+00:00
1002318,boys' love (bl),2025-03-02 00:57:22.087248+00:00,2025-03-02 09:36:00.986468+00:00
1002780,superhero,2025-03-02 00:57:22.087248+00:00,2025-03-02 09:36:00.986468+00:00
1002780,super power,2025-03-02 00:57:22.087248+00:00,2025-03-02 09:36:00.986468+00:00
1002780,masked superhero,2025-03-02 00:57:22.087248+00:00,2025-03-02 09:36:00.986468+00:00
1002780,battle royale,2025-03-02 00:57:22.087248+00:00,2025-03-02 09:36:00.986468+00:00
1002780,crossover,2025-03-02 00:57:22.087248+00:00,2025-03-02 09:36:00.986468+00:00
1002780,tokusatsu,2025-03-02 00:57:22.087248+00:00,2025-03-02 09:36:00.986468+00:00
1002780,superhero teamup,2025-03-02 00:57:22.087248+00:00,2025-03-02 09:36:00.986468+00:00
1002780,aftercreditsstinger,2025-03-02 00:57:22.087248+00:00,2025-03-02 09:36:00.986468+00:00
1004663,female artist,2025-03-02 00:57:22.087248+00:00,2025-03-02 09:36:00.986468+00:00
1004663,political activism,2025-03-02 00:57:22.087248+00:00,2025-03-02 09:36:00.986468+00:00
1004663,feminist activism,2025-03-02 00:57:22.087248+00:00,2025-03-02 09:36:00.986468+00:00
1004663,social activism,2025-03-02 00:57:22.087248+00:00,2025-03-02 09:36:00.986468+00:00
1004663,aids,2025-03-02 00:57:22.087248+00:00,2025-03-02 09:36:00.986468+00:00
1004663,gender ideals,2025-03-02 00:57:22.087248+00:00,2025-03-02 09:36:00.986468+00:00
1004663,photographer,2025-03-02 00:57:22.087248+00:00,2025-03-02 09:36:00.986468+00:00
1004663,biography,2025-03-02 00:57:22.087248+00:00,2025-03-02 09:36:00.986468+00:00
1004663,opioid crisis,2025-03-02 00:57:22.087248+00:00,2025-03-02 09:36:00.986468+00:00
1004663,woman director,2025-03-02 00:57:22.087248+00:00,2025-03-02 09:36:00.986468+00:00
1004663,old footage,2025-03-02 00:57:22.087248+00:00,2025-03-02 09:36:00.986468+00:00
1004663,activism,2025-03-02 00:57:22.087248+00:00,2025-03-02 09:36:00.986468+00:00
1004663,gender politics,2025-03-02 00:57:22.087248+00:00,2025-03-02 09:36:00.986468+00:00
1004663,portrait of an artist,2025-03-02 00:57:22.087248+00:00,2025-03-02 09:36:00.986468+00:00
1004663,political activist,2025-03-02 00:57:22.087248+00:00,2025-03-02 09:36:00.986468+00:00
1004663,interview,2025-03-02 00:57:22.087248+00:00,2025-03-02 09:36:00.986468+00:00
1004663,art,2025-03-02 00:57:22.087248+00:00,2025-03-02 09:36:00.986468+00:00
1004663,gender roles,2025-03-02 00:57:22.087248+00:00,2025-03-02 09:36:00.986468+00:00
1004663,lgbt,2025-03-02 00:57:22.087248+00:00,2025-03-02 09:36:00.986468+00:00
1004663,found footage,2025-03-02 00:57:22.087248+00:00,2025-03-02 09:36:00.986468+00:00
1004663,figure study,2025-03-02 00:57:22.087248+00:00,2025-03-02 09:36:00.986468+00:00
1004663,photography,2025-03-02 00:57:22.087248+00:00,2025-03-02 09:36:00.986468+00:00
1004685,climate change,2025-03-02 00:57:22.087248+00:00,2025-03-02 09:36:00.986468+00:00
1004685,uranium,2025-03-02 00:57:22.087248+00:00,2025-03-02 09:36:00.986468+00:00
1004685,atomic energy,2025-03-02 00:57:22.087248+00:00,2025-03-02 09:36:00.986468+00:00
1004685,enviromentalism,2025-03-02 00:57:22.087248+00:00,2025-03-02 09:36:00.986468+00:00
1004685,power plant,2025-03-02 00:57:22.087248+00:00,2025-03-02 09:36:00.986468+00:00
1004685,electricity,2025-03-02 00:57:22.087248+00:00,2025-03-02 09:36:00.986468+00:00
1004685,nuclear reactor,2025-03-02 00:57:22.087248+00:00,2025-03-02 09:36:00.986468+00:00
1004685,nuclear power,2025-03-02 00:57:22.087248+00:00,2025-03-02 09:36:00.986468+00:00
1004685,nuclear threat,2025-03-02 00:57:22.087248+00:00,2025-03-02 09:36:00.986468+00:00
1004685,nuclear radiation,2025-03-02 00:57:22.087248+00:00,2025-03-02 09:36:00.986468+00:00
1004685,fossil fuel,2025-03-02 00:57:22.087248+00:00,2025-03-02 09:36:00.986468+00:00
1004685,nuclear accident,2025-03-02 00:57:22.087248+00:00,2025-03-02 09:36:00.986468+00:00
1005299,sign languages,2025-03-02 00:57:22.087248+00:00,2025-03-02 09:36:00.986468+00:00
1005299,film within a film,2025-03-02 00:57:22.087248+00:00,2025-03-02 09:36:00.986468+00:00
1005409,famous people,2025-03-02 00:57:22.087248+00:00,2025-03-02 09:36:00.986468+00:00
1005409,experimental cinema,2025-03-02 00:57:22.087248+00:00,2025-03-02 09:36:00.986468+00:00
1005409,film director,2025-03-02 00:57:22.087248+00:00,2025-03-02 09:36:00.986468+00:00
1005409,french art,2025-03-02 00:57:22.087248+00:00,2025-03-02 09:36:00.986468+00:00
1005409,french cinema,2025-03-02 00:57:22.087248+00:00,2025-03-02 09:36:00.986468+00:00
1005409,historical figure,2025-03-02 00:57:22.087248+00:00,2025-03-02 09:36:00.986468+00:00
1005409,documentary director,2025-03-02 00:57:22.087248+00:00,2025-03-02 09:36:00.986468+00:00
1005409,semi-biographical,2025-03-02 00:57:22.087248+00:00,2025-03-02 09:36:00.986468+00:00
1005409,cinematographer,2025-03-02 00:57:22.087248+00:00,2025-03-02 09:36:00.986468+00:00
1005409,visionary,2025-03-02 00:57:22.087248+00:00,2025-03-02 09:36:00.986468+00:00
1005409,french director,2025-03-02 00:57:22.087248+00:00,2025-03-02 09:36:00.986468+00:00
1005409,jean-luc godard,2025-03-02 00:57:22.087248+00:00,2025-03-02 09:36:00.986468+00:00
1005409,creative director,2025-03-02 00:57:22.087248+00:00,2025-03-02 09:36:00.986468+00:00
1005409,director,2025-03-02 00:57:22.087248+00:00,2025-03-02 09:36:00.986468+00:00
1005409,artist,2025-03-02 00:57:22.087248+00:00,2025-03-02 09:36:00.986468+00:00
1006024,girls love,2025-03-02 00:57:22.087248+00:00,2025-03-02 09:36:00.986468+00:00
1006664,army training,2025-03-02 00:57:22.087248+00:00,2025-03-02 09:36:00.986468+00:00
1006664,sleep deprivation,2025-03-02 00:57:22.087248+00:00,2025-03-02 09:36:00.986468+00:00
1006664,loneliness,2025-03-02 00:57:22.087248+00:00,2025-03-02 09:36:00.986468+00:00
1006664,bullying,2025-03-02 00:57:22.087248+00:00,2025-03-02 09:36:00.986468+00:00
1006724,urban legend,2025-03-02 00:57:22.087248+00:00,2025-03-02 09:36:00.986468+00:00
1006763,serial killer,2025-03-02 00:57:22.087248+00:00,2025-03-02 09:36:00.986468+00:00
1006763,murder,2025-03-02 00:57:22.087248+00:00,2025-03-02 09:36:00.986468+00:00
1006763,suicide,2025-03-02 00:57:22.087248+00:00,2025-03-02 09:36:00.986468+00:00
1006763,investigation,2025-03-02 00:57:22.087248+00:00,2025-03-02 09:36:00.986468+00:00
1006763,working immigrants,2025-03-02 00:57:22.087248+00:00,2025-03-02 09:36:00.986468+00:00
1006763,police women,2025-03-02 00:57:22.087248+00:00,2025-03-02 09:36:00.986468+00:00
1006763,suicide attempt,2025-03-02 00:57:22.087248+00:00,2025-03-02 09:36:00.986468+00:00
1006763,murder investigation,2025-03-02 00:57:22.087248+00:00,2025-03-02 09:36:00.986468+00:00
1006763,mental illness,2025-03-02 00:57:22.087248+00:00,2025-03-02 09:36:00.986468+00:00
1006763,mental issues,2025-03-02 00:57:22.087248+00:00,2025-03-02 09:36:00.986468+00:00
1007127,national intelligence service (nis),2025-03-02 00:57:22.087248+00:00,2025-03-02 09:36:00.986468+00:00
1007127,journalist,2025-03-02 00:57:22.087248+00:00,2025-03-02 09:36:00.986468+00:00
1007127,based on novel or book,2025-03-02 00:57:22.087248+00:00,2025-03-02 09:36:00.986468+00:00
1008005,horror mystery,2025-03-02 00:57:22.087248+00:00,2025-03-02 09:36:00.986468+00:00
1008005,evil puppet,2025-03-02 00:57:22.087248+00:00,2025-03-02 09:36:00.986468+00:00
1008005,suspense,2025-03-02 00:57:22.087248+00:00,2025-03-02 09:36:00.986468+00:00
1008005,creepy doll,2025-03-02 00:57:22.087248+00:00,2025-03-02 09:36:00.986468+00:00
1008038,coming of age,2025-03-02 00:57:22.087248+00:00,2025-03-02 09:36:00.986468+00:00
1008038,mother son relationship,2025-03-02 00:57:22.087248+00:00,2025-03-02 09:36:00.986468+00:00
1008038,korean canadian,2025-03-02 00:57:22.087248+00:00,2025-03-02 09:36:00.986468+00:00
1008038,racism,2025-03-02 00:57:22.087248+00:00,2025-03-02 09:36:00.986468+00:00
1008038,immigrant,2025-03-02 00:57:22.087248+00:00,2025-03-02 09:36:00.986468+00:00
1008038,korean,2025-03-02 00:57:22.087248+00:00,2025-03-02 09:36:00.986468+00:00
1008038,1990s,2025-03-02 00:57:22.087248+00:00,2025-03-02 09:36:00.986468+00:00
1008042,female friendship,2025-03-02 00:57:22.087248+00:00,2025-03-02 09:36:00.986468+00:00
1008042,social media,2025-03-02 00:57:22.087248+00:00,2025-03-02 09:36:00.986468+00:00
1008042,female protagonist,2025-03-02 00:57:22.087248+00:00,2025-03-02 09:36:00.986468+00:00
1008042,peer pressure,2025-03-02 00:57:22.087248+00:00,2025-03-02 09:36:00.986468+00:00
1008042,possession,2025-03-02 00:57:22.087248+00:00,2025-03-02 09:36:00.986468+00:00
1008042,trauma,2025-03-02 00:57:22.087248+00:00,2025-03-02 09:36:00.986468+00:00
1008042,adelaide australia,2025-03-02 00:57:22.087248+00:00,2025-03-02 09:36:00.986468+00:00
1008042,disembodied hand,2025-03-02 00:57:22.087248+00:00,2025-03-02 09:36:00.986468+00:00
1008042,cautionary tale,2025-03-02 00:57:22.087248+00:00,2025-03-02 09:36:00.986468+00:00
1008042,death of mother,2025-03-02 00:57:22.087248+00:00,2025-03-02 09:36:00.986468+00:00
1008042,generation z,2025-03-02 00:57:22.087248+00:00,2025-03-02 09:36:00.986468+00:00
1008042,self-harm,2025-03-02 00:57:22.087248+00:00,2025-03-02 09:36:00.986468+00:00
1008042,mental health,2025-03-02 00:57:22.087248+00:00,2025-03-02 09:36:00.986468+00:00
1008042,suicide,2025-03-02 00:57:22.087248+00:00,2025-03-02 09:36:00.986468+00:00
1008042,grief,2025-03-02 00:57:22.087248+00:00,2025-03-02 09:36:00.986468+00:00
1008042,addiction,2025-03-02 00:57:22.087248+00:00,2025-03-02 09:36:00.986468+00:00
1008042,supernatural horror,2025-03-02 00:57:22.087248+00:00,2025-03-02 09:36:00.986468+00:00
1008042,modern australia,2025-03-02 00:57:22.087248+00:00,2025-03-02 09:36:00.986468+00:00
1008042,dead parent,2025-03-02 00:57:22.087248+00:00,2025-03-02 09:36:00.986468+00:00
1008042,teenager,2025-03-02 00:57:22.087248+00:00,2025-03-02 09:36:00.986468+00:00
1008042,body horror,2025-03-02 00:57:22.087248+00:00,2025-03-02 09:36:00.986468+00:00
1008042,self mutilation,2025-03-02 00:57:22.087248+00:00,2025-03-02 09:36:00.986468+00:00
1008409,based on novel or book,2025-03-02 00:57:22.087248+00:00,2025-03-02 09:36:00.986468+00:00
1008409,criminal,2025-03-02 00:57:22.087248+00:00,2025-03-02 09:36:00.986468+00:00
1008409,1960s,2025-03-02 00:57:22.087248+00:00,2025-03-02 09:36:00.986468+00:00
1008409,biker,2025-03-02 00:57:22.087248+00:00,2025-03-02 09:36:00.986468+00:00
1008409,interview,2025-03-02 00:57:22.087248+00:00,2025-03-02 09:36:00.986468+00:00
1008409,masculinity,2025-03-02 00:57:22.087248+00:00,2025-03-02 09:36:00.986468+00:00
1008409,outlaw,2025-03-02 00:57:22.087248+00:00,2025-03-02 09:36:00.986468+00:00
1008409,american midwest,2025-03-02 00:57:22.087248+00:00,2025-03-02 09:36:00.986468+00:00
1008409,"chicago, illinois",2025-03-02 00:57:22.087248+00:00,2025-03-02 09:36:00.986468+00:00
1008409,gang,2025-03-02 00:57:22.087248+00:00,2025-03-02 09:36:00.986468+00:00
1008409,murder,2025-03-02 00:57:22.087248+00:00,2025-03-02 09:36:00.986468+00:00
1008409,1970s,2025-03-02 00:57:22.087248+00:00,2025-03-02 09:36:00.986468+00:00
1008409,motorcycle chase,2025-03-02 00:57:22.087248+00:00,2025-03-02 09:36:00.986468+00:00
1008409,motorcycle accident,2025-03-02 00:57:22.087248+00:00,2025-03-02 09:36:00.986468+00:00
1008409,period drama,2025-03-02 00:57:22.087248+00:00,2025-03-02 09:36:00.986468+00:00
1008409,gang violence,2025-03-02 00:57:22.087248+00:00,2025-03-02 09:36:00.986468+00:00
1008409,arson,2025-03-02 00:57:22.087248+00:00,2025-03-02 09:36:00.986468+00:00
1008409,motorcycle,2025-03-02 00:57:22.087248+00:00,2025-03-02 09:36:00.986468+00:00
1008409,motorcycle gang,2025-03-02 00:57:22.087248+00:00,2025-03-02 09:36:00.986468+00:00
1008409,photographer,2025-03-02 00:57:22.087248+00:00,2025-03-02 09:36:00.986468+00:00
1009082,based on novel or book,2025-03-02 00:57:22.087248+00:00,2025-03-02 09:36:00.986468+00:00
1009082,infidelity,2025-03-02 00:57:22.087248+00:00,2025-03-02 09:36:00.986468+00:00
1009082,sexual fantasy,2025-03-02 00:57:22.087248+00:00,2025-03-02 09:36:00.986468+00:00
1010600,slasher,2025-03-02 00:57:22.087248+00:00,2025-03-02 09:36:00.986468+00:00
1010600,mask,2025-03-02 00:57:22.087248+00:00,2025-03-02 09:36:00.986468+00:00
1010600,murder,2025-03-02 00:57:22.087248+00:00,2025-03-02 09:36:00.986468+00:00
1010600,home invasion,2025-03-02 00:57:22.087248+00:00,2025-03-02 09:36:00.986468+00:00
1010600,cliché,2025-03-02 00:57:22.087248+00:00,2025-03-02 09:36:00.986468+00:00
1010600,reboot,2025-03-02 00:57:22.087248+00:00,2025-03-02 09:36:00.986468+00:00
1010600,remake,2025-03-02 00:57:22.087248+00:00,2025-03-02 09:36:00.986468+00:00
1011985,anthropomorphism,2025-03-02 00:57:22.087248+00:00,2025-03-02 09:36:00.986468+00:00
1011985,disheartening,2025-03-02 00:57:22.087248+00:00,2025-03-02 09:36:00.986468+00:00
1011985,villain,2025-03-02 00:57:22.087248+00:00,2025-03-02 09:36:00.986468+00:00
1011985,sequel,2025-03-02 00:57:22.087248+00:00,2025-03-02 09:36:00.986468+00:00
1011985,kung fu,2025-03-02 00:57:22.087248+00:00,2025-03-02 09:36:00.986468+00:00
1011985,china,2025-03-02 00:57:22.087248+00:00,2025-03-02 09:36:00.986468+00:00
1011985,pretentious,2025-03-02 00:57:22.087248+00:00,2025-03-02 09:36:00.986468+00:00
1011985,female villain,2025-03-02 00:57:22.087248+00:00,2025-03-02 09:36:00.986468+00:00
1011985,chameleon,2025-03-02 00:57:22.087248+00:00,2025-03-02 09:36:00.986468+00:00
1011985,martial arts,2025-03-02 00:57:22.087248+00:00,2025-03-02 09:36:00.986468+00:00
1011985,panda,2025-03-02 00:57:22.087248+00:00,2025-03-02 09:36:00.986468+00:00
1012201,slice of life,2025-03-02 00:57:22.087248+00:00,2025-03-02 09:36:00.986468+00:00
1012201,high school,2025-03-02 00:57:22.087248+00:00,2025-03-02 09:36:00.986468+00:00
1012201,high school sports,2025-03-02 00:57:22.087248+00:00,2025-03-02 09:36:00.986468+00:00
1012201,school club,2025-03-02 00:57:22.087248+00:00,2025-03-02 09:36:00.986468+00:00
1012201,aftercreditsstinger,2025-03-02 00:57:22.087248+00:00,2025-03-02 09:36:00.986468+00:00
1012201,training,2025-03-02 00:57:22.087248+00:00,2025-03-02 09:36:00.986468+00:00
1012201,japanese high school,2025-03-02 00:57:22.087248+00:00,2025-03-02 09:36:00.986468+00:00
1012201,sport competition,2025-03-02 00:57:22.087248+00:00,2025-03-02 09:36:00.986468+00:00
1012201,sports competition,2025-03-02 00:57:22.087248+00:00,2025-03-02 09:36:00.986468+00:00
1012201,tournament,2025-03-02 00:57:22.087248+00:00,2025-03-02 09:36:00.986468+00:00
1012201,shounen,2025-03-02 00:57:22.087248+00:00,2025-03-02 09:36:00.986468+00:00
1012201,exhilarated,2025-03-02 00:57:22.087248+00:00,2025-03-02 09:36:00.986468+00:00
1012201,bukatsu,2025-03-02 00:57:22.087248+00:00,2025-03-02 09:36:00.986468+00:00
1012201,volleyball,2025-03-02 00:57:22.087248+00:00,2025-03-02 09:36:00.986468+00:00
1012201,sports,2025-03-02 00:57:22.087248+00:00,2025-03-02 09:36:00.986468+00:00
1012201,anime,2025-03-02 00:57:22.087248+00:00,2025-03-02 09:36:00.986468+00:00
1012201,based on manga,2025-03-02 00:57:22.087248+00:00,2025-03-02 09:36:00.986468+00:00
1015303,horror game,2025-03-02 00:57:22.087248+00:00,2025-03-02 09:36:00.986468+00:00
1015303,ritual,2025-03-02 00:57:22.087248+00:00,2025-03-02 09:36:00.986468+00:00
1015303,elevator,2025-03-02 00:57:22.087248+00:00,2025-03-02 09:36:00.986468+00:00
1015303,deadly game,2025-03-02 00:57:22.087248+00:00,2025-03-02 09:36:00.986468+00:00
1015361,isekai,2025-03-02 00:57:22.087248+00:00,2025-03-02 09:36:00.986468+00:00
1015361,魔神英雄传剧场版,2025-03-02 00:57:22.087248+00:00,2025-03-02 09:36:00.986468+00:00
1015361,edited from ona,2025-03-02 00:57:22.087248+00:00,2025-03-02 09:36:00.986468+00:00
1015361,sequel,2025-03-02 00:57:22.087248+00:00,2025-03-02 09:36:00.986468+00:00
1015361,神龙斗士电影版,2025-03-02 00:57:22.087248+00:00,2025-03-02 09:36:00.986468+00:00
1015361,super robot,2025-03-02 00:57:22.087248+00:00,2025-03-02 09:36:00.986468+00:00
1015361,mecha,2025-03-02 00:57:22.087248+00:00,2025-03-02 09:36:00.986468+00:00
1015361,anime,2025-03-02 00:57:22.087248+00:00,2025-03-02 09:36:00.986468+00:00
1015361,神龙斗士剧场版,2025-03-02 00:57:22.087248+00:00,2025-03-02 09:36:00.986468+00:00
1015361,魔神英雄传电影版,2025-03-02 00:57:22.087248+00:00,2025-03-02 09:36:00.986468+00:00
1015623,based on true story,2025-03-02 00:57:22.087248+00:00,2025-03-02 09:36:00.986468+00:00
1015936,social media influencer,2025-03-02 00:57:22.087248+00:00,2025-03-02 09:36:00.986468+00:00
1015936,witch legend,2025-03-02 00:57:22.087248+00:00,2025-03-02 09:36:00.986468+00:00
1015936,isolated island,2025-03-02 00:57:22.087248+00:00,2025-03-02 09:36:00.986468+00:00
1016392,mafia,2025-03-02 00:57:22.087248+00:00,2025-03-02 09:36:00.986468+00:00
1016392,romcom,2025-03-02 00:57:22.087248+00:00,2025-03-02 09:36:00.986468+00:00
1017066,manipulated woman,2025-03-02 00:57:22.087248+00:00,2025-03-02 09:36:00.986468+00:00
1017066,landlady tenant relationship,2025-03-02 00:57:22.087248+00:00,2025-03-02 09:36:00.986468+00:00
1017066,age-gap relationship,2025-03-02 00:57:22.087248+00:00,2025-03-02 09:36:00.986468+00:00
1017066,employer employee relationship,2025-03-02 00:57:22.087248+00:00,2025-03-02 09:36:00.986468+00:00
1017066,relationship problems,2025-03-02 00:57:22.087248+00:00,2025-03-02 09:36:00.986468+00:00
1017163,admiring,2025-03-02 00:57:22.087248+00:00,2025-03-02 09:36:00.986468+00:00
1017163,manila philippines,2025-03-02 00:57:22.087248+00:00,2025-03-02 09:36:00.986468+00:00
1017163,excited,2025-03-02 00:57:22.087248+00:00,2025-03-02 09:36:00.986468+00:00
1017163,casino,2025-03-02 00:57:22.087248+00:00,2025-03-02 09:36:00.986468+00:00
1017163,compassionate,2025-03-02 00:57:22.087248+00:00,2025-03-02 09:36:00.986468+00:00
1017163,detective,2025-03-02 00:57:22.087248+00:00,2025-03-02 09:36:00.986468+00:00
1017163,illegal gambling,2025-03-02 00:57:22.087248+00:00,2025-03-02 09:36:00.986468+00:00
1017163,online gambling,2025-03-02 00:57:22.087248+00:00,2025-03-02 09:36:00.986468+00:00
1017163,police,2025-03-02 00:57:22.087248+00:00,2025-03-02 09:36:00.986468+00:00
1017163,amused,2025-03-02 00:57:22.087248+00:00,2025-03-02 09:36:00.986468+00:00
1017163,sequel,2025-03-02 00:57:22.087248+00:00,2025-03-02 09:36:00.986468+00:00
1017163,intense,2025-03-02 00:57:22.087248+00:00,2025-03-02 09:36:00.986468+00:00
1019619,based on true story,2025-03-02 00:57:22.087248+00:00,2025-03-02 09:36:00.986468+00:00
1019619,historical,2025-03-02 00:57:22.087248+00:00,2025-03-02 09:36:00.986468+00:00
1019619,orphan,2025-03-02 00:57:22.087248+00:00,2025-03-02 09:36:00.986468+00:00
1019939,fur trapper,2025-03-02 00:57:22.087248+00:00,2025-03-02 09:36:00.986468+00:00
1019939,apple jack,2025-03-02 00:57:22.087248+00:00,2025-03-02 09:36:00.986468+00:00
1019939,slapstick comedy,2025-03-02 00:57:22.087248+00:00,2025-03-02 09:36:00.986468+00:00
1019939,black and white,2025-03-02 00:57:22.087248+00:00,2025-03-02 09:36:00.986468+00:00
1019939,1800s,2025-03-02 00:57:22.087248+00:00,2025-03-02 09:36:00.986468+00:00
1019939,absurd,2025-03-02 00:57:22.087248+00:00,2025-03-02 09:36:00.986468+00:00
1019939,hunting,2025-03-02 00:57:22.087248+00:00,2025-03-02 09:36:00.986468+00:00
1020006,singer,2025-03-02 00:57:22.087248+00:00,2025-03-02 09:36:00.986468+00:00
1020006,fame,2025-03-02 00:57:22.087248+00:00,2025-03-02 09:36:00.986468+00:00
1020006,autobiographical,2025-03-02 00:57:22.087248+00:00,2025-03-02 09:36:00.986468+00:00
1020006,underage girlfriend,2025-03-02 00:57:22.087248+00:00,2025-03-02 09:36:00.986468+00:00
1020006,1970s,2025-03-02 00:57:22.087248+00:00,2025-03-02 09:36:00.986468+00:00
1020006,abusive marriage,2025-03-02 00:57:22.087248+00:00,2025-03-02 09:36:00.986468+00:00
1020006,woman director,2025-03-02 00:57:22.087248+00:00,2025-03-02 09:36:00.986468+00:00
1020006,drug addiction,2025-03-02 00:57:22.087248+00:00,2025-03-02 09:36:00.986468+00:00
1020006,mansion,2025-03-02 00:57:22.087248+00:00,2025-03-02 09:36:00.986468+00:00
1020006,based on memoir or autobiography,2025-03-02 00:57:22.087248+00:00,2025-03-02 09:36:00.986468+00:00
1020006,biography,2025-03-02 00:57:22.087248+00:00,2025-03-02 09:36:00.986468+00:00
1020006,gilded cage,2025-03-02 00:57:22.087248+00:00,2025-03-02 09:36:00.986468+00:00
1020006,coming of age,2025-03-02 00:57:22.087248+00:00,2025-03-02 09:36:00.986468+00:00
1020006,1960s,2025-03-02 00:57:22.087248+00:00,2025-03-02 09:36:00.986468+00:00
1020006,grooming,2025-03-02 00:57:22.087248+00:00,2025-03-02 09:36:00.986468+00:00
1020006,husband wife relationship,2025-03-02 00:57:22.087248+00:00,2025-03-02 09:36:00.986468+00:00
1020006,jealousy,2025-03-02 00:57:22.087248+00:00,2025-03-02 09:36:00.986468+00:00
1021768,train,2025-03-02 00:57:22.087248+00:00,2025-03-02 09:36:00.986468+00:00
1022789,anxiety,2025-03-02 00:57:22.087248+00:00,2025-03-02 09:36:00.986468+00:00
1022789,computer animation,2025-03-02 00:57:22.087248+00:00,2025-03-02 09:36:00.986468+00:00
1022789,embarrasment,2025-03-02 00:57:22.087248+00:00,2025-03-02 09:36:00.986468+00:00
1022789,emotions,2025-03-02 00:57:22.087248+00:00,2025-03-02 09:36:00.986468+00:00
1022789,duringcreditsstinger,2025-03-02 00:57:22.087248+00:00,2025-03-02 09:36:00.986468+00:00
1022789,aftercreditsstinger,2025-03-02 00:57:22.087248+00:00,2025-03-02 09:36:00.986468+00:00
1022789,hopeful,2025-03-02 00:57:22.087248+00:00,2025-03-02 09:36:00.986468+00:00
1022789,anxious,2025-03-02 00:57:22.087248+00:00,2025-03-02 09:36:00.986468+00:00
1022789,envy,2025-03-02 00:57:22.087248+00:00,2025-03-02 09:36:00.986468+00:00
1022789,joy,2025-03-02 00:57:22.087248+00:00,2025-03-02 09:36:00.986468+00:00
1022789,sadness,2025-03-02 00:57:22.087248+00:00,2025-03-02 09:36:00.986468+00:00
1022789,anger,2025-03-02 00:57:22.087248+00:00,2025-03-02 09:36:00.986468+00:00
1022789,teenage girl,2025-03-02 00:57:22.087248+00:00,2025-03-02 09:36:00.986468+00:00
1022789,fear,2025-03-02 00:57:22.087248+00:00,2025-03-02 09:36:00.986468+00:00
1022789,disgust,2025-03-02 00:57:22.087248+00:00,2025-03-02 09:36:00.986468+00:00
1022789,sequel,2025-03-02 00:57:22.087248+00:00,2025-03-02 09:36:00.986468+00:00
1023962,nomad,2025-03-02 00:57:22.087248+00:00,2025-03-02 09:36:00.986468+00:00
1023962,gipsy,2025-03-02 00:57:22.087248+00:00,2025-03-02 09:36:00.986468+00:00
1024298,writer,2025-03-02 00:57:22.087248+00:00,2025-03-02 09:36:00.986468+00:00
1024298,mountain life,2025-03-02 00:57:22.087248+00:00,2025-03-02 09:36:00.986468+00:00
1024298,zen,2025-03-02 00:57:22.087248+00:00,2025-03-02 09:36:00.986468+00:00
1024298,mountain,2025-03-02 00:57:22.087248+00:00,2025-03-02 09:36:00.986468+00:00
1024298,nagano,2025-03-02 00:57:22.087248+00:00,2025-03-02 09:36:00.986468+00:00
1024541,1930s,2025-03-02 00:57:22.087248+00:00,2025-03-02 09:36:00.986468+00:00
1024541,based on novel or book,2025-03-02 00:57:22.087248+00:00,2025-03-02 09:36:00.986468+00:00
1024541,professor,2025-03-02 00:57:22.087248+00:00,2025-03-02 09:36:00.986468+00:00
1024541,school teacher,2025-03-02 00:57:22.087248+00:00,2025-03-02 09:36:00.986468+00:00
1024541,teaching children,2025-03-02 00:57:22.087248+00:00,2025-03-02 09:36:00.986468+00:00
1024541,teacher,2025-03-02 00:57:22.087248+00:00,2025-03-02 09:36:00.986468+00:00
1024541,biography,2025-03-02 00:57:22.087248+00:00,2025-03-02 09:36:00.986468+00:00
1024541,schoolteacher,2025-03-02 00:57:22.087248+00:00,2025-03-02 09:36:00.986468+00:00
1024546,"los angeles, california",2025-03-02 00:57:22.087248+00:00,2025-03-02 09:36:00.986468+00:00
1024546,cops and robbers ,2025-03-02 00:57:22.087248+00:00,2025-03-02 09:36:00.986468+00:00
1024546,robbery,2025-03-02 00:57:22.087248+00:00,2025-03-02 09:36:00.986468+00:00
1024773,"based on myths, legends or folklore",2025-03-02 00:57:22.087248+00:00,2025-03-02 09:36:00.986468+00:00
1024773,horror,2025-03-02 00:57:22.087248+00:00,2025-03-02 09:36:00.986468+00:00
1024773,indian american,2025-03-02 00:57:22.087248+00:00,2025-03-02 09:36:00.986468+00:00
1024773,supernatural,2025-03-02 00:57:22.087248+00:00,2025-03-02 09:36:00.986468+00:00
1024773,supernatural horror,2025-03-02 00:57:22.087248+00:00,2025-03-02 09:36:00.986468+00:00
1026227,pastiche,2025-03-02 00:57:22.087248+00:00,2025-03-02 09:36:00.986468+00:00
1026227,women empowerment,2025-03-02 00:57:22.087248+00:00,2025-03-02 09:36:00.986468+00:00
1026227,female empowerment,2025-03-02 00:57:22.087248+00:00,2025-03-02 09:36:00.986468+00:00
1026227,woman director,2025-03-02 00:57:22.087248+00:00,2025-03-02 09:36:00.986468+00:00
1026227,female director,2025-03-02 00:57:22.087248+00:00,2025-03-02 09:36:00.986468+00:00
1026227,post-war italy,2025-03-02 00:57:22.087248+00:00,2025-03-02 09:36:00.986468+00:00
1026227,abusive husband,2025-03-02 00:57:22.087248+00:00,2025-03-02 09:36:00.986468+00:00
1026227,1940s,2025-03-02 00:57:22.087248+00:00,2025-03-02 09:36:00.986468+00:00
1026436,teachers and students,2025-03-02 00:57:22.087248+00:00,2025-03-02 09:36:00.986468+00:00
1026436,disturbed,2025-03-02 00:57:22.087248+00:00,2025-03-02 09:36:00.986468+00:00
1026436,absurd,2025-03-02 00:57:22.087248+00:00,2025-03-02 09:36:00.986468+00:00
1026436,pretentious,2025-03-02 00:57:22.087248+00:00,2025-03-02 09:36:00.986468+00:00
1026436,school,2025-03-02 00:57:22.087248+00:00,2025-03-02 09:36:00.986468+00:00
1026436,teacher student relationship,2025-03-02 00:57:22.087248+00:00,2025-03-02 09:36:00.986468+00:00
1026436,pathetic,2025-03-02 00:57:22.087248+00:00,2025-03-02 09:36:00.986468+00:00
1026436,writer,2025-03-02 00:57:22.087248+00:00,2025-03-02 09:36:00.986468+00:00
1026436,husband wife relationship,2025-03-02 00:57:22.087248+00:00,2025-03-02 09:36:00.986468+00:00
1026563,exorcism,2025-03-02 00:57:22.087248+00:00,2025-03-02 09:36:00.986468+00:00
1027073,village,2025-03-02 00:57:22.087248+00:00,2025-03-02 09:36:00.986468+00:00
1027073,violence,2025-03-02 00:57:22.087248+00:00,2025-03-02 09:36:00.986468+00:00
1027073,1970s,2025-03-02 00:57:22.087248+00:00,2025-03-02 09:36:00.986468+00:00
1027073,ira (irish republican army),2025-03-02 00:57:22.087248+00:00,2025-03-02 09:36:00.986468+00:00
1027073,"belfast, north ireland",2025-03-02 00:57:22.087248+00:00,2025-03-02 09:36:00.986468+00:00
1027073,bombing,2025-03-02 00:57:22.087248+00:00,2025-03-02 09:36:00.986468+00:00
1027073,assassin,2025-03-02 00:57:22.087248+00:00,2025-03-02 09:36:00.986468+00:00
1027273,semi autobiographical,2025-03-02 00:57:22.087248+00:00,2025-03-02 09:36:00.986468+00:00
1027273,based on novel or book,2025-03-02 00:57:22.087248+00:00,2025-03-02 09:36:00.986468+00:00
1027273,traditional values,2025-03-02 00:57:22.087248+00:00,2025-03-02 09:36:00.986468+00:00
1027273,fashion magazine,2025-03-02 00:57:22.087248+00:00,2025-03-02 09:36:00.986468+00:00
1027273,lgbt,2025-03-02 00:57:22.087248+00:00,2025-03-02 09:36:00.986468+00:00
1027273,boys' love (bl),2025-03-02 00:57:22.087248+00:00,2025-03-02 09:36:00.986468+00:00
1027273,gay theme,2025-03-02 00:57:22.087248+00:00,2025-03-02 09:36:00.986468+00:00
1027273,sexuality,2025-03-02 00:57:22.087248+00:00,2025-03-02 09:36:00.986468+00:00
1027273,japan,2025-03-02 00:57:22.087248+00:00,2025-03-02 09:36:00.986468+00:00
1027273,personal trainer,2025-03-02 00:57:22.087248+00:00,2025-03-02 09:36:00.986468+00:00
1027588,table tennis,2025-03-02 00:57:22.087248+00:00,2025-03-02 09:36:00.986468+00:00
1027588,coming of age,2025-03-02 00:57:22.087248+00:00,2025-03-02 09:36:00.986468+00:00
1027982,brother,2025-03-02 00:57:22.087248+00:00,2025-03-02 09:36:00.986468+00:00
1027982,orphan,2025-03-02 00:57:22.087248+00:00,2025-03-02 09:36:00.986468+00:00
1027982,neo-noir,2025-03-02 00:57:22.087248+00:00,2025-03-02 09:36:00.986468+00:00
1027982,poverty,2025-03-02 00:57:22.087248+00:00,2025-03-02 09:36:00.986468+00:00
1028684,criminal organization,2025-03-02 00:57:22.087248+00:00,2025-03-02 09:36:00.986468+00:00
1028684,netherlands,2025-03-02 00:57:22.087248+00:00,2025-03-02 09:36:00.986468+00:00
1029178,kidney transplant ,2025-03-02 00:57:22.087248+00:00,2025-03-02 09:36:00.986468+00:00
1029178,gangster,2025-03-02 00:57:22.087248+00:00,2025-03-02 09:36:00.986468+00:00
1029178,sex industry,2025-03-02 00:57:22.087248+00:00,2025-03-02 09:36:00.986468+00:00
1029178,organ transplant,2025-03-02 00:57:22.087248+00:00,2025-03-02 09:36:00.986468+00:00
1029178,kidney,2025-03-02 00:57:22.087248+00:00,2025-03-02 09:36:00.986468+00:00
1029178,sex worker,2025-03-02 00:57:22.087248+00:00,2025-03-02 09:36:00.986468+00:00
1029178,prostitute,2025-03-02 00:57:22.087248+00:00,2025-03-02 09:36:00.986468+00:00
1029479,brainwashed assassin,2025-03-02 00:57:22.087248+00:00,2025-03-02 09:36:00.986468+00:00
1029479,blockchain,2025-03-02 00:57:22.087248+00:00,2025-03-02 09:36:00.986468+00:00
1030587,anime,2025-03-02 00:57:22.087248+00:00,2025-03-02 09:36:00.986468+00:00
1030587,lighthearted,2025-03-02 00:57:22.087248+00:00,2025-03-02 09:36:00.986468+00:00
1030987,child labour,2025-03-02 00:57:22.087248+00:00,2025-03-02 09:36:00.986468+00:00
1030987,car driver,2025-03-02 00:57:22.087248+00:00,2025-03-02 09:36:00.986468+00:00
1030987,car hijacking,2025-03-02 00:57:22.087248+00:00,2025-03-02 09:36:00.986468+00:00
1030987,hitchhiking,2025-03-02 00:57:22.087248+00:00,2025-03-02 09:36:00.986468+00:00
1030987,psychological thriller,2025-03-02 00:57:22.087248+00:00,2025-03-02 09:36:00.986468+00:00
1031050,soviet union,2025-03-02 00:57:22.087248+00:00,2025-03-02 09:36:00.986468+00:00
1031050,photography,2025-03-02 00:57:22.087248+00:00,2025-03-02 09:36:00.986468+00:00
1031050,decay,2025-03-02 00:57:22.087248+00:00,2025-03-02 09:36:00.986468+00:00
1031050,russia,2025-03-02 00:57:22.087248+00:00,2025-03-02 09:36:00.986468+00:00
1031050,public transport,2025-03-02 00:57:22.087248+00:00,2025-03-02 09:36:00.986468+00:00
1031050,architecture,2025-03-02 00:57:22.087248+00:00,2025-03-02 09:36:00.986468+00:00
1031050,brutalist,2025-03-02 00:57:22.087248+00:00,2025-03-02 09:36:00.986468+00:00
1031388,suspense,2025-03-02 00:57:22.087248+00:00,2025-03-02 09:36:00.986468+00:00
1031388,black magic,2025-03-02 00:57:22.087248+00:00,2025-03-02 09:36:00.986468+00:00
1032823,sting operation,2025-03-02 00:57:22.087248+00:00,2025-03-02 09:36:00.986468+00:00
1032823,limousine,2025-03-02 00:57:22.087248+00:00,2025-03-02 09:36:00.986468+00:00
1032823,"philadelphia, pennsylvania",2025-03-02 00:57:22.087248+00:00,2025-03-02 09:36:00.986468+00:00
1032823,double life,2025-03-02 00:57:22.087248+00:00,2025-03-02 09:36:00.986468+00:00
1032823,trap,2025-03-02 00:57:22.087248+00:00,2025-03-02 09:36:00.986468+00:00
1032823,trapped,2025-03-02 00:57:22.087248+00:00,2025-03-02 09:36:00.986468+00:00
1032823,father,2025-03-02 00:57:22.087248+00:00,2025-03-02 09:36:00.986468+00:00
1032823,s.w.a.t.,2025-03-02 00:57:22.087248+00:00,2025-03-02 09:36:00.986468+00:00
1032823,escape,2025-03-02 00:57:22.087248+00:00,2025-03-02 09:36:00.986468+00:00
1032823,mayhem,2025-03-02 00:57:22.087248+00:00,2025-03-02 09:36:00.986468+00:00
1032823,concert,2025-03-02 00:57:22.087248+00:00,2025-03-02 09:36:00.986468+00:00
1032823,pop star,2025-03-02 00:57:22.087248+00:00,2025-03-02 09:36:00.986468+00:00
1032823,celebrity,2025-03-02 00:57:22.087248+00:00,2025-03-02 09:36:00.986468+00:00
1032823,father daughter relationship,2025-03-02 00:57:22.087248+00:00,2025-03-02 09:36:00.986468+00:00
1032823,mental illness,2025-03-02 00:57:22.087248+00:00,2025-03-02 09:36:00.986468+00:00
1032823,serial killer,2025-03-02 00:57:22.087248+00:00,2025-03-02 09:36:00.986468+00:00
1032823,obsessive compulsive disorder (ocd),2025-03-02 00:57:22.087248+00:00,2025-03-02 09:36:00.986468+00:00
1033176,death of family,2025-03-02 00:57:22.087248+00:00,2025-03-02 09:36:00.986468+00:00
1033176,farm,2025-03-02 00:57:22.087248+00:00,2025-03-02 09:36:00.986468+00:00
1033176,father figure,2025-03-02 00:57:22.087248+00:00,2025-03-02 09:36:00.986468+00:00
1033176,mongolia,2025-03-02 00:57:22.087248+00:00,2025-03-02 09:36:00.986468+00:00
1033176,son,2025-03-02 00:57:22.087248+00:00,2025-03-02 09:36:00.986468+00:00
1033176,absent parent,2025-03-02 00:57:22.087248+00:00,2025-03-02 09:36:00.986468+00:00
1033176,countryside,2025-03-02 00:57:22.087248+00:00,2025-03-02 09:36:00.986468+00:00
1033176,father,2025-03-02 00:57:22.087248+00:00,2025-03-02 09:36:00.986468+00:00
1033176,wrestling,2025-03-02 00:57:22.087248+00:00,2025-03-02 09:36:00.986468+00:00
1033176,chosen family,2025-03-02 00:57:22.087248+00:00,2025-03-02 09:36:00.986468+00:00
1034541,killer clown,2025-03-02 00:57:22.087248+00:00,2025-03-02 09:36:00.986468+00:00
1034541,child murder,2025-03-02 00:57:22.087248+00:00,2025-03-02 09:36:00.986468+00:00
1034541,monster,2025-03-02 00:57:22.087248+00:00,2025-03-02 09:36:00.986468+00:00
1034541,supernatural power,2025-03-02 00:57:22.087248+00:00,2025-03-02 09:36:00.986468+00:00
1034541,angel,2025-03-02 00:57:22.087248+00:00,2025-03-02 09:36:00.986468+00:00
1034541,frightened,2025-03-02 00:57:22.087248+00:00,2025-03-02 09:36:00.986468+00:00
1034541,santa claus,2025-03-02 00:57:22.087248+00:00,2025-03-02 09:36:00.986468+00:00
1034541,dormitory,2025-03-02 00:57:22.087248+00:00,2025-03-02 09:36:00.986468+00:00
1034541,christmas spirit,2025-03-02 00:57:22.087248+00:00,2025-03-02 09:36:00.986468+00:00
1034541,serial killer,2025-03-02 00:57:22.087248+00:00,2025-03-02 09:36:00.986468+00:00
1034541,supernatural horror,2025-03-02 00:57:22.087248+00:00,2025-03-02 09:36:00.986468+00:00
1034541,low budget,2025-03-02 00:57:22.087248+00:00,2025-03-02 09:36:00.986468+00:00
1034541,murder of parents,2025-03-02 00:57:22.087248+00:00,2025-03-02 09:36:00.986468+00:00
1034541,disgusted,2025-03-02 00:57:22.087248+00:00,2025-03-02 09:36:00.986468+00:00
1034541,teenage girl,2025-03-02 00:57:22.087248+00:00,2025-03-02 09:36:00.986468+00:00
1034541,mall santa,2025-03-02 00:57:22.087248+00:00,2025-03-02 09:36:00.986468+00:00
1034541,shower,2025-03-02 00:57:22.087248+00:00,2025-03-02 09:36:00.986468+00:00
1034541,scary,2025-03-02 00:57:22.087248+00:00,2025-03-02 09:36:00.986468+00:00
1034541,college,2025-03-02 00:57:22.087248+00:00,2025-03-02 09:36:00.986468+00:00
1034541,christmas,2025-03-02 00:57:22.087248+00:00,2025-03-02 09:36:00.986468+00:00
1034541,terrorist bombing,2025-03-02 00:57:22.087248+00:00,2025-03-02 09:36:00.986468+00:00
1034541,bloody,2025-03-02 00:57:22.087248+00:00,2025-03-02 09:36:00.986468+00:00
1034541,massacre,2025-03-02 00:57:22.087248+00:00,2025-03-02 09:36:00.986468+00:00
1034541,christmas horror,2025-03-02 00:57:22.087248+00:00,2025-03-02 09:36:00.986468+00:00
1034541,blood,2025-03-02 00:57:22.087248+00:00,2025-03-02 09:36:00.986468+00:00
1034541,slasher,2025-03-02 00:57:22.087248+00:00,2025-03-02 09:36:00.986468+00:00
1034541,disfigured face,2025-03-02 00:57:22.087248+00:00,2025-03-02 09:36:00.986468+00:00
1034541,post-traumatic stress disorder (ptsd),2025-03-02 00:57:22.087248+00:00,2025-03-02 09:36:00.986468+00:00
1034541,megaslasher,2025-03-02 00:57:22.087248+00:00,2025-03-02 09:36:00.986468+00:00
1034541,mental asylum,2025-03-02 00:57:22.087248+00:00,2025-03-02 09:36:00.986468+00:00
1034541,sequel,2025-03-02 00:57:22.087248+00:00,2025-03-02 09:36:00.986468+00:00
1034541,independent film,2025-03-02 00:57:22.087248+00:00,2025-03-02 09:36:00.986468+00:00
1034541,death of a child,2025-03-02 00:57:22.087248+00:00,2025-03-02 09:36:00.986468+00:00
1034541,evil clown,2025-03-02 00:57:22.087248+00:00,2025-03-02 09:36:00.986468+00:00
1034541,gore,2025-03-02 00:57:22.087248+00:00,2025-03-02 09:36:00.986468+00:00
1034541,bartender,2025-03-02 00:57:22.087248+00:00,2025-03-02 09:36:00.986468+00:00
1034541,mental illness,2025-03-02 00:57:22.087248+00:00,2025-03-02 09:36:00.986468+00:00
1034541,bewildered,2025-03-02 00:57:22.087248+00:00,2025-03-02 09:36:00.986468+00:00
1034541,clown,2025-03-02 00:57:22.087248+00:00,2025-03-02 09:36:00.986468+00:00
1034541,chainsaw,2025-03-02 00:57:22.087248+00:00,2025-03-02 09:36:00.986468+00:00
1034541,orphan siblings,2025-03-02 00:57:22.087248+00:00,2025-03-02 09:36:00.986468+00:00
1034541,bar,2025-03-02 00:57:22.087248+00:00,2025-03-02 09:36:00.986468+00:00
1034541,cousin cousin relationship,2025-03-02 00:57:22.087248+00:00,2025-03-02 09:36:00.986468+00:00
1034660,holiday,2025-03-02 00:57:22.087248+00:00,2025-03-02 09:36:00.986468+00:00
1035806,terrorism,2025-03-02 00:57:22.087248+00:00,2025-03-02 09:36:00.986468+00:00
1035806,state terrorism,2025-03-02 00:57:22.087248+00:00,2025-03-02 09:36:00.986468+00:00
1035806,domestic terrorism,2025-03-02 00:57:22.087248+00:00,2025-03-02 09:36:00.986468+00:00
1035806,terrorist threat,2025-03-02 00:57:22.087248+00:00,2025-03-02 09:36:00.986468+00:00
1035806,hunter are hunted,2025-03-02 00:57:22.087248+00:00,2025-03-02 09:36:00.986468+00:00
1035806,reign of terror,2025-03-02 00:57:22.087248+00:00,2025-03-02 09:36:00.986468+00:00
1035806,war,2025-03-02 00:57:22.087248+00:00,2025-03-02 09:36:00.986468+00:00
1036397,teacher,2025-03-02 00:57:22.087248+00:00,2025-03-02 09:36:00.986468+00:00
1036397,boys' love (bl),2025-03-02 00:57:22.087248+00:00,2025-03-02 09:36:00.986468+00:00
1036397,gay theme,2025-03-02 00:57:22.087248+00:00,2025-03-02 09:36:00.986468+00:00
1036397,teacher student relationship,2025-03-02 00:57:22.087248+00:00,2025-03-02 09:36:00.986468+00:00
1036397,reunion,2025-03-02 00:57:22.087248+00:00,2025-03-02 09:36:00.986468+00:00
1036397,lgbt,2025-03-02 00:57:22.087248+00:00,2025-03-02 09:36:00.986468+00:00
1037348,domestic abuse,2025-03-02 00:57:22.087248+00:00,2025-03-02 09:36:00.986468+00:00
1037348,historical fiction,2025-03-02 00:57:22.087248+00:00,2025-03-02 09:36:00.986468+00:00
1037348,based on novel or book,2025-03-02 00:57:22.087248+00:00,2025-03-02 09:36:00.986468+00:00
1037348,fantasy,2025-03-02 00:57:22.087248+00:00,2025-03-02 09:36:00.986468+00:00
1037348,negligent parent,2025-03-02 00:57:22.087248+00:00,2025-03-02 09:36:00.986468+00:00
1037348,unfortunate,2025-03-02 00:57:22.087248+00:00,2025-03-02 09:36:00.986468+00:00
1037348,romance,2025-03-02 00:57:22.087248+00:00,2025-03-02 09:36:00.986468+00:00
1038198,concert,2025-03-02 00:57:22.087248+00:00,2025-03-02 09:36:00.986468+00:00
1038198,k-pop,2025-03-02 00:57:22.087248+00:00,2025-03-02 09:36:00.986468+00:00
1040148,coming of age,2025-03-02 00:57:22.087248+00:00,2025-03-02 09:36:00.986468+00:00
1040148,prom,2025-03-02 00:57:22.087248+00:00,2025-03-02 09:36:00.986468+00:00
1040148,high school,2025-03-02 00:57:22.087248+00:00,2025-03-02 09:36:00.986468+00:00
1040148,coastal town,2025-03-02 00:57:22.087248+00:00,2025-03-02 09:36:00.986468+00:00
1040148,fisherman,2025-03-02 00:57:22.087248+00:00,2025-03-02 09:36:00.986468+00:00
1040148,female protagonist,2025-03-02 00:57:22.087248+00:00,2025-03-02 09:36:00.986468+00:00
1040148,kraken,2025-03-02 00:57:22.087248+00:00,2025-03-02 09:36:00.986468+00:00
1040148,female villain,2025-03-02 00:57:22.087248+00:00,2025-03-02 09:36:00.986468+00:00
1040148,3d animation,2025-03-02 00:57:22.087248+00:00,2025-03-02 09:36:00.986468+00:00
1040148,mermaid,2025-03-02 00:57:22.087248+00:00,2025-03-02 09:36:00.986468+00:00
1040148,transformation,2025-03-02 00:57:22.087248+00:00,2025-03-02 09:36:00.986468+00:00
1040148,animation,2025-03-02 00:57:22.087248+00:00,2025-03-02 09:36:00.986468+00:00
1040148,villain,2025-03-02 00:57:22.087248+00:00,2025-03-02 09:36:00.986468+00:00
1040148,teenager,2025-03-02 00:57:22.087248+00:00,2025-03-02 09:36:00.986468+00:00
1040148,boat,2025-03-02 00:57:22.087248+00:00,2025-03-02 09:36:00.986468+00:00
1040148,fitting in,2025-03-02 00:57:22.087248+00:00,2025-03-02 09:36:00.986468+00:00
1040148,ocean,2025-03-02 00:57:22.087248+00:00,2025-03-02 09:36:00.986468+00:00
1040148,trident,2025-03-02 00:57:22.087248+00:00,2025-03-02 09:36:00.986468+00:00
1040496,indifferent,2025-03-02 00:57:22.087248+00:00,2025-03-02 09:36:00.986468+00:00
1040496,office,2025-03-02 00:57:22.087248+00:00,2025-03-02 09:36:00.986468+00:00
1040496,time loop,2025-03-02 00:57:22.087248+00:00,2025-03-02 09:36:00.986468+00:00
1040496,workplace,2025-03-02 00:57:22.087248+00:00,2025-03-02 09:36:00.986468+00:00
1040892,independent film,2025-03-02 00:57:22.087248+00:00,2025-03-02 09:36:00.986468+00:00
1040892,comedy,2025-03-02 00:57:22.087248+00:00,2025-03-02 09:36:00.986468+00:00
1040892,killer,2025-03-02 00:57:22.087248+00:00,2025-03-02 09:36:00.986468+00:00
1040892,sorority girl,2025-03-02 00:57:22.087248+00:00,2025-03-02 09:36:00.986468+00:00
1040892,cold blooded killer,2025-03-02 00:57:22.087248+00:00,2025-03-02 09:36:00.986468+00:00
1040892,forced to kill,2025-03-02 00:57:22.087248+00:00,2025-03-02 09:36:00.986468+00:00
1040892,horror,2025-03-02 00:57:22.087248+00:00,2025-03-02 09:36:00.986468+00:00
1040892,killer animal,2025-03-02 00:57:22.087248+00:00,2025-03-02 09:36:00.986468+00:00
1040892,sloth,2025-03-02 00:57:22.087248+00:00,2025-03-02 09:36:00.986468+00:00
1040892,sororities,2025-03-02 00:57:22.087248+00:00,2025-03-02 09:36:00.986468+00:00
1040892,psycho killer,2025-03-02 00:57:22.087248+00:00,2025-03-02 09:36:00.986468+00:00
1040892,sorority girls,2025-03-02 00:57:22.087248+00:00,2025-03-02 09:36:00.986468+00:00
1040892,horror comedy,2025-03-02 00:57:22.087248+00:00,2025-03-02 09:36:00.986468+00:00
1040892,killing spree,2025-03-02 00:57:22.087248+00:00,2025-03-02 09:36:00.986468+00:00
1040892,cool pet,2025-03-02 00:57:22.087248+00:00,2025-03-02 09:36:00.986468+00:00
1041613,shocking,2025-03-02 00:57:22.087248+00:00,2025-03-02 09:36:00.986468+00:00
1041613,dark secret,2025-03-02 00:57:22.087248+00:00,2025-03-02 09:36:00.986468+00:00
1041613,religious horror,2025-03-02 00:57:22.087248+00:00,2025-03-02 09:36:00.986468+00:00
1041613,body horror,2025-03-02 00:57:22.087248+00:00,2025-03-02 09:36:00.986468+00:00
1041613,priest,2025-03-02 00:57:22.087248+00:00,2025-03-02 09:36:00.986468+00:00
1041613,nun,2025-03-02 00:57:22.087248+00:00,2025-03-02 09:36:00.986468+00:00
1041613,italy,2025-03-02 00:57:22.087248+00:00,2025-03-02 09:36:00.986468+00:00
1041613,female protagonist,2025-03-02 00:57:22.087248+00:00,2025-03-02 09:36:00.986468+00:00
1041613,unassuming,2025-03-02 00:57:22.087248+00:00,2025-03-02 09:36:00.986468+00:00
1041613,pregnancy,2025-03-02 00:57:22.087248+00:00,2025-03-02 09:36:00.986468+00:00
1041613,church,2025-03-02 00:57:22.087248+00:00,2025-03-02 09:36:00.986468+00:00
1041613,convent (nunnery),2025-03-02 00:57:22.087248+00:00,2025-03-02 09:36:00.986468+00:00
1043565,suspenseful,2025-03-02 00:57:22.087248+00:00,2025-03-02 09:36:00.986468+00:00
1043565,sinister,2025-03-02 00:57:22.087248+00:00,2025-03-02 09:36:00.986468+00:00
1043565,frightened,2025-03-02 00:57:22.087248+00:00,2025-03-02 09:36:00.986468+00:00
1043565,copycat killer,2025-03-02 00:57:22.087248+00:00,2025-03-02 09:36:00.986468+00:00
1043565,serial killer,2025-03-02 00:57:22.087248+00:00,2025-03-02 09:36:00.986468+00:00
1043905,fictionalized history,2025-03-02 00:57:22.087248+00:00,2025-03-02 09:36:00.986468+00:00
1043997,lgbt,2025-03-02 00:57:22.087248+00:00,2025-03-02 09:36:00.986468+00:00
1043997,lesbian,2025-03-02 00:57:22.087248+00:00,2025-03-02 09:36:00.986468+00:00
1043997,adolescence,2025-03-02 00:57:22.087248+00:00,2025-03-02 09:36:00.986468+00:00
1043997,italy,2025-03-02 00:57:22.087248+00:00,2025-03-02 09:36:00.986468+00:00
1043997,love tested,2025-03-02 00:57:22.087248+00:00,2025-03-02 09:36:00.986468+00:00
1046090,violence,2025-03-02 00:57:22.087248+00:00,2025-03-02 09:36:00.986468+00:00
1046090,crime,2025-03-02 00:57:22.087248+00:00,2025-03-02 09:36:00.986468+00:00
1046090,action,2025-03-02 00:57:22.087248+00:00,2025-03-02 09:36:00.986468+00:00
1050035,boys' love (bl),2025-03-02 00:57:22.087248+00:00,2025-03-02 09:36:00.986468+00:00
1050035,multiple perspectives,2025-03-02 00:57:22.087248+00:00,2025-03-02 09:36:00.986468+00:00
1050035,adoring,2025-03-02 00:57:22.087248+00:00,2025-03-02 09:36:00.986468+00:00
1050035,mother son relationship,2025-03-02 00:57:22.087248+00:00,2025-03-02 09:36:00.986468+00:00
1050035,kids,2025-03-02 00:57:22.087248+00:00,2025-03-02 09:36:00.986468+00:00
1050035,childhood,2025-03-02 00:57:22.087248+00:00,2025-03-02 09:36:00.986468+00:00
1050035,childhood friends,2025-03-02 00:57:22.087248+00:00,2025-03-02 09:36:00.986468+00:00
1050035,bullying,2025-03-02 00:57:22.087248+00:00,2025-03-02 09:36:00.986468+00:00
1050035,teacher student relationship,2025-03-02 00:57:22.087248+00:00,2025-03-02 09:36:00.986468+00:00
1050035,somber,2025-03-02 00:57:22.087248+00:00,2025-03-02 09:36:00.986468+00:00
1050035,elementary schools in japan,2025-03-02 00:57:22.087248+00:00,2025-03-02 09:36:00.986468+00:00
1050035,japan,2025-03-02 00:57:22.087248+00:00,2025-03-02 09:36:00.986468+00:00
1050035,philosophical,2025-03-02 00:57:22.087248+00:00,2025-03-02 09:36:00.986468+00:00
1050035,friendship,2025-03-02 00:57:22.087248+00:00,2025-03-02 09:36:00.986468+00:00
1050035,lgbt,2025-03-02 00:57:22.087248+00:00,2025-03-02 09:36:00.986468+00:00
1050035,coming of age,2025-03-02 00:57:22.087248+00:00,2025-03-02 09:36:00.986468+00:00
1050035,gay theme,2025-03-02 00:57:22.087248+00:00,2025-03-02 09:36:00.986468+00:00
1050035,lgbt child,2025-03-02 00:57:22.087248+00:00,2025-03-02 09:36:00.986468+00:00
1050035,school,2025-03-02 00:57:22.087248+00:00,2025-03-02 09:36:00.986468+00:00
1050035,elementary school,2025-03-02 00:57:22.087248+00:00,2025-03-02 09:36:00.986468+00:00
1050035,masculinity,2025-03-02 00:57:22.087248+00:00,2025-03-02 09:36:00.986468+00:00
1050491,superstition,2025-03-02 00:57:22.087248+00:00,2025-03-02 09:36:00.986468+00:00
1050491,tokyo,2025-03-02 00:57:22.087248+00:00,2025-03-02 09:36:00.986468+00:00
1050491,alienation,2025-03-02 00:57:22.087248+00:00,2025-03-02 09:36:00.986468+00:00
1050904,kung fu,2025-03-02 00:57:22.087248+00:00,2025-03-02 09:36:00.986468+00:00
1050904,fight,2025-03-02 00:57:22.087248+00:00,2025-03-02 09:36:00.986468+00:00
1050904,monk,2025-03-02 00:57:22.087248+00:00,2025-03-02 09:36:00.986468+00:00
1051896,post-apocalyptic,2025-03-02 00:57:22.087248+00:00,2025-03-02 09:36:00.986468+00:00
1051896,survival,2025-03-02 00:57:22.087248+00:00,2025-03-02 09:36:00.986468+00:00
1051896,monster,2025-03-02 00:57:22.087248+00:00,2025-03-02 09:36:00.986468+00:00
1051896,fear,2025-03-02 00:57:22.087248+00:00,2025-03-02 09:36:00.986468+00:00
1051896,calm,2025-03-02 00:57:22.087248+00:00,2025-03-02 09:36:00.986468+00:00
1051896,relaxed,2025-03-02 00:57:22.087248+00:00,2025-03-02 09:36:00.986468+00:00
1051896,isolated farmhouse,2025-03-02 00:57:22.087248+00:00,2025-03-02 09:36:00.986468+00:00
1051896,anxiety,2025-03-02 00:57:22.087248+00:00,2025-03-02 09:36:00.986468+00:00
1051896,science fiction,2025-03-02 00:57:22.087248+00:00,2025-03-02 09:36:00.986468+00:00
1051896,post apocalypse,2025-03-02 00:57:22.087248+00:00,2025-03-02 09:36:00.986468+00:00
1051896,family,2025-03-02 00:57:22.087248+00:00,2025-03-02 09:36:00.986468+00:00
1052160,remake,2025-03-02 00:57:22.087248+00:00,2025-03-02 09:36:00.986468+00:00
1052160,debt collector,2025-03-02 00:57:22.087248+00:00,2025-03-02 09:36:00.986468+00:00
1052433,married male lead,2025-03-02 00:57:22.087248+00:00,2025-03-02 09:36:00.986468+00:00
1052433,amnesia,2025-03-02 00:57:22.087248+00:00,2025-03-02 09:36:00.986468+00:00
1052433,married female lead,2025-03-02 00:57:22.087248+00:00,2025-03-02 09:36:00.986468+00:00
1053600,transsexuality,2025-03-02 00:57:22.087248+00:00,2025-03-02 09:36:00.986468+00:00
1056133,anime,2025-03-02 00:57:22.087248+00:00,2025-03-02 09:36:00.986468+00:00
1056133,based on manga,2025-03-02 00:57:22.087248+00:00,2025-03-02 09:36:00.986468+00:00
1056803,based on light novel,2025-03-02 00:57:22.087248+00:00,2025-03-02 09:36:00.986468+00:00
1056803,based on novel or book,2025-03-02 00:57:22.087248+00:00,2025-03-02 09:36:00.986468+00:00
1056803,anime,2025-03-02 00:57:22.087248+00:00,2025-03-02 09:36:00.986468+00:00
1057001,conglomerate heir,2025-03-02 00:57:22.087248+00:00,2025-03-02 09:36:00.986468+00:00
1057001,friendship,2025-03-02 00:57:22.087248+00:00,2025-03-02 09:36:00.986468+00:00
1057001,gangster,2025-03-02 00:57:22.087248+00:00,2025-03-02 09:36:00.986468+00:00
1057001,philippines,2025-03-02 00:57:22.087248+00:00,2025-03-02 09:36:00.986468+00:00
1057001,wealthy family,2025-03-02 00:57:22.087248+00:00,2025-03-02 09:36:00.986468+00:00
1057001,nobleman,2025-03-02 00:57:22.087248+00:00,2025-03-02 09:36:00.986468+00:00
1058616,angry,2025-03-02 00:57:22.087248+00:00,2025-03-02 09:36:00.986468+00:00
1058616,mourning,2025-03-02 00:57:22.087248+00:00,2025-03-02 09:36:00.986468+00:00
1058616,documentary,2025-03-02 00:57:22.087248+00:00,2025-03-02 09:36:00.986468+00:00
1058616,ukraine,2025-03-02 00:57:22.087248+00:00,2025-03-02 09:36:00.986468+00:00
1058616,war documentary,2025-03-02 00:57:22.087248+00:00,2025-03-02 09:36:00.986468+00:00
1058616,casualty of war,2025-03-02 00:57:22.087248+00:00,2025-03-02 09:36:00.986468+00:00
1058616,russo-ukrainian war,2025-03-02 00:57:22.087248+00:00,2025-03-02 09:36:00.986468+00:00
1058616,war in ukraine,2025-03-02 00:57:22.087248+00:00,2025-03-02 09:36:00.986468+00:00
1058616,russian invasion of ukraine,2025-03-02 00:57:22.087248+00:00,2025-03-02 09:36:00.986468+00:00
1058616,"mariupol, ukraine",2025-03-02 00:57:22.087248+00:00,2025-03-02 09:36:00.986468+00:00
1058616,vladimir putin,2025-03-02 00:57:22.087248+00:00,2025-03-02 09:36:00.986468+00:00
1058923,concert film,2025-03-02 00:57:22.087248+00:00,2025-03-02 09:36:00.986468+00:00
1058923,live performance,2025-03-02 00:57:22.087248+00:00,2025-03-02 09:36:00.986468+00:00
1059572,based on manga,2025-03-02 00:57:22.087248+00:00,2025-03-02 09:36:00.986468+00:00
1059572,3d animation,2025-03-02 00:57:22.087248+00:00,2025-03-02 09:36:00.986468+00:00
1059572,seinen,2025-03-02 00:57:22.087248+00:00,2025-03-02 09:36:00.986468+00:00
1059572,superhero,2025-03-02 00:57:22.087248+00:00,2025-03-02 09:36:00.986468+00:00
1059572,kindergarten,2025-03-02 00:57:22.087248+00:00,2025-03-02 09:36:00.986468+00:00
1059572,anime,2025-03-02 00:57:22.087248+00:00,2025-03-02 09:36:00.986468+00:00
1062844,biography,2025-03-02 00:57:22.087248+00:00,2025-03-02 09:36:00.986468+00:00
1063453,concert film,2025-03-02 00:57:22.087248+00:00,2025-03-02 09:36:00.986468+00:00
1063453,concert,2025-03-02 00:57:22.087248+00:00,2025-03-02 09:36:00.986468+00:00
1063453,k-pop,2025-03-02 00:57:22.087248+00:00,2025-03-02 09:36:00.986468+00:00
1063453,live performance,2025-03-02 00:57:22.087248+00:00,2025-03-02 09:36:00.986468+00:00
1063814,jeju island,2025-03-02 00:57:22.087248+00:00,2025-03-02 09:36:00.986468+00:00
1064028,sex scene,2025-03-02 00:57:22.087248+00:00,2025-03-02 09:36:00.986468+00:00
1064028,robot,2025-03-02 00:57:22.087248+00:00,2025-03-02 09:36:00.986468+00:00
1064028,artificial intelligence (a.i.),2025-03-02 00:57:22.087248+00:00,2025-03-02 09:36:00.986468+00:00
1064213,baptism,2025-03-02 00:57:22.087248+00:00,2025-03-02 09:36:00.986468+00:00
1064213,marriage,2025-03-02 00:57:22.087248+00:00,2025-03-02 09:36:00.986468+00:00
1064213,vegas wedding,2025-03-02 00:57:22.087248+00:00,2025-03-02 09:36:00.986468+00:00
1064213,hilarious,2025-03-02 00:57:22.087248+00:00,2025-03-02 09:36:00.986468+00:00
1064213,lap dance,2025-03-02 00:57:22.087248+00:00,2025-03-02 09:36:00.986468+00:00
1064213,female nudity,2025-03-02 00:57:22.087248+00:00,2025-03-02 09:36:00.986468+00:00
1064213,mansion,2025-03-02 00:57:22.087248+00:00,2025-03-02 09:36:00.986468+00:00
1064213,female protagonist,2025-03-02 00:57:22.087248+00:00,2025-03-02 09:36:00.986468+00:00
1064213,new york city,2025-03-02 00:57:22.087248+00:00,2025-03-02 09:36:00.986468+00:00
1064213,"brooklyn, new york city",2025-03-02 00:57:22.087248+00:00,2025-03-02 09:36:00.986468+00:00
1064213,new year's eve,2025-03-02 00:57:22.087248+00:00,2025-03-02 09:36:00.986468+00:00
1064213,drunk,2025-03-02 00:57:22.087248+00:00,2025-03-02 09:36:00.986468+00:00
1064213,exotic dancer,2025-03-02 00:57:22.087248+00:00,2025-03-02 09:36:00.986468+00:00
1064213,romantic dramedy,2025-03-02 00:57:22.087248+00:00,2025-03-02 09:36:00.986468+00:00
1064213,meddling parents,2025-03-02 00:57:22.087248+00:00,2025-03-02 09:36:00.986468+00:00
1064213,party,2025-03-02 00:57:22.087248+00:00,2025-03-02 09:36:00.986468+00:00
1064213,sex,2025-03-02 00:57:22.087248+00:00,2025-03-02 09:36:00.986468+00:00
1064213,cinderella story,2025-03-02 00:57:22.087248+00:00,2025-03-02 09:36:00.986468+00:00
1064213,screwball comedy,2025-03-02 00:57:22.087248+00:00,2025-03-02 09:36:00.986468+00:00
1064213,las vegas,2025-03-02 00:57:22.087248+00:00,2025-03-02 09:36:00.986468+00:00
1064213,russian oligarch,2025-03-02 00:57:22.087248+00:00,2025-03-02 09:36:00.986468+00:00
1064213,immaturity,2025-03-02 00:57:22.087248+00:00,2025-03-02 09:36:00.986468+00:00
1064213,brighton beach,2025-03-02 00:57:22.087248+00:00,2025-03-02 09:36:00.986468+00:00
1064213,home invasion,2025-03-02 00:57:22.087248+00:00,2025-03-02 09:36:00.986468+00:00
1064213,sex worker,2025-03-02 00:57:22.087248+00:00,2025-03-02 09:36:00.986468+00:00
1064213,annulment,2025-03-02 00:57:22.087248+00:00,2025-03-02 09:36:00.986468+00:00
1064213,strip show,2025-03-02 00:57:22.087248+00:00,2025-03-02 09:36:00.986468+00:00
1064213,compassionate,2025-03-02 00:57:22.087248+00:00,2025-03-02 09:36:00.986468+00:00
1064213,boardwalk,2025-03-02 00:57:22.087248+00:00,2025-03-02 09:36:00.986468+00:00
1064213,city hall,2025-03-02 00:57:22.087248+00:00,2025-03-02 09:36:00.986468+00:00
1064213,class differences,2025-03-02 00:57:22.087248+00:00,2025-03-02 09:36:00.986468+00:00
1064213,strip club,2025-03-02 00:57:22.087248+00:00,2025-03-02 09:36:00.986468+00:00
1064213,coney island,2025-03-02 00:57:22.087248+00:00,2025-03-02 09:36:00.986468+00:00
1064213,new york subway,2025-03-02 00:57:22.087248+00:00,2025-03-02 09:36:00.986468+00:00
1064662,gay romance,2025-03-02 00:57:22.087248+00:00,2025-03-02 09:36:00.986468+00:00
1064662,youth,2025-03-02 00:57:22.087248+00:00,2025-03-02 09:36:00.986468+00:00
1064662,gay theme,2025-03-02 00:57:22.087248+00:00,2025-03-02 09:36:00.986468+00:00
1064662,lgbt,2025-03-02 00:57:22.087248+00:00,2025-03-02 09:36:00.986468+00:00
1064662,photography,2025-03-02 00:57:22.087248+00:00,2025-03-02 09:36:00.986468+00:00
1064662,based on novel or book,2025-03-02 00:57:22.087248+00:00,2025-03-02 09:36:00.986468+00:00
1064662,cohabitation,2025-03-02 00:57:22.087248+00:00,2025-03-02 09:36:00.986468+00:00
1064662,entertainment industry,2025-03-02 00:57:22.087248+00:00,2025-03-02 09:36:00.986468+00:00
1064662,boys' love (bl),2025-03-02 00:57:22.087248+00:00,2025-03-02 09:36:00.986468+00:00
1064662,inner monologue,2025-03-02 00:57:22.087248+00:00,2025-03-02 09:36:00.986468+00:00
1064662,gay relationship,2025-03-02 00:57:22.087248+00:00,2025-03-02 09:36:00.986468+00:00
1064669,based on manga,2025-03-02 00:57:22.087248+00:00,2025-03-02 09:36:00.986468+00:00
1067298,slice of life,2025-03-02 00:57:22.087248+00:00,2025-03-02 09:36:00.986468+00:00
1067298,sapphic,2025-03-02 00:57:22.087248+00:00,2025-03-02 09:36:00.986468+00:00
1068602,kaiju,2025-03-02 00:57:22.087248+00:00,2025-03-02 09:36:00.986468+00:00
1068602,anime,2025-03-02 00:57:22.087248+00:00,2025-03-02 09:36:00.986468+00:00
1068602,edited from tv series,2025-03-02 00:57:22.087248+00:00,2025-03-02 09:36:00.986468+00:00
1068602,kyodai hero,2025-03-02 00:57:22.087248+00:00,2025-03-02 09:36:00.986468+00:00
1068602,gridman,2025-03-02 00:57:22.087248+00:00,2025-03-02 09:36:00.986468+00:00
1068602,compilation,2025-03-02 00:57:22.087248+00:00,2025-03-02 09:36:00.986468+00:00
1068602,superhero,2025-03-02 00:57:22.087248+00:00,2025-03-02 09:36:00.986468+00:00
1068602,henshin heroes,2025-03-02 00:57:22.087248+00:00,2025-03-02 09:36:00.986468+00:00
1068602,giant monster,2025-03-02 00:57:22.087248+00:00,2025-03-02 09:36:00.986468+00:00
1068602,computer world,2025-03-02 00:57:22.087248+00:00,2025-03-02 09:36:00.986468+00:00
1068607,compilation,2025-03-02 00:57:22.087248+00:00,2025-03-02 09:36:00.986468+00:00
1068607,kyodai hero,2025-03-02 00:57:22.087248+00:00,2025-03-02 09:36:00.986468+00:00
1068607,edited from tv series,2025-03-02 00:57:22.087248+00:00,2025-03-02 09:36:00.986468+00:00
1068607,kaiju,2025-03-02 00:57:22.087248+00:00,2025-03-02 09:36:00.986468+00:00
1068607,henshin heroes,2025-03-02 00:57:22.087248+00:00,2025-03-02 09:36:00.986468+00:00
1068607,anime,2025-03-02 00:57:22.087248+00:00,2025-03-02 09:36:00.986468+00:00
1068607,computer world,2025-03-02 00:57:22.087248+00:00,2025-03-02 09:36:00.986468+00:00
1068607,giant monster,2025-03-02 00:57:22.087248+00:00,2025-03-02 09:36:00.986468+00:00
1068607,robot dinosaur,2025-03-02 00:57:22.087248+00:00,2025-03-02 09:36:00.986468+00:00
1068607,giant robot,2025-03-02 00:57:22.087248+00:00,2025-03-02 09:36:00.986468+00:00
1068607,gridman,2025-03-02 00:57:22.087248+00:00,2025-03-02 09:36:00.986468+00:00
1068607,sentient machine,2025-03-02 00:57:22.087248+00:00,2025-03-02 09:36:00.986468+00:00
1068607,runaway mummy,2025-03-02 00:57:22.087248+00:00,2025-03-02 09:36:00.986468+00:00
1068607,mecha,2025-03-02 00:57:22.087248+00:00,2025-03-02 09:36:00.986468+00:00
1069813,supernatural,2025-03-02 00:57:22.087248+00:00,2025-03-02 09:36:00.986468+00:00
1069813,based on manga,2025-03-02 00:57:22.087248+00:00,2025-03-02 09:36:00.986468+00:00
1069813,live-action,2025-03-02 00:57:22.087248+00:00,2025-03-02 09:36:00.986468+00:00
1070449,child care,2025-03-02 00:57:22.087248+00:00,2025-03-02 09:36:00.986468+00:00
1070507,thoughtful,2025-03-02 00:57:22.087248+00:00,2025-03-02 09:36:00.986468+00:00
1070507,karaoke,2025-03-02 00:57:22.087248+00:00,2025-03-02 09:36:00.986468+00:00
1070507,dramatic,2025-03-02 00:57:22.087248+00:00,2025-03-02 09:36:00.986468+00:00
1070507,yakuza,2025-03-02 00:57:22.087248+00:00,2025-03-02 09:36:00.986468+00:00
1070507,based on manga,2025-03-02 00:57:22.087248+00:00,2025-03-02 09:36:00.986468+00:00
1071215,holidays,2025-03-02 00:57:22.087248+00:00,2025-03-02 09:36:00.986468+00:00
1071215,holiday,2025-03-02 00:57:22.087248+00:00,2025-03-02 09:36:00.986468+00:00
1071215,based on short,2025-03-02 00:57:22.087248+00:00,2025-03-02 09:36:00.986468+00:00
1071215,teen slasher,2025-03-02 00:57:22.087248+00:00,2025-03-02 09:36:00.986468+00:00
1071215,consumerism,2025-03-02 00:57:22.087248+00:00,2025-03-02 09:36:00.986468+00:00
1071215,stalked by a killer,2025-03-02 00:57:22.087248+00:00,2025-03-02 09:36:00.986468+00:00
1071215,whodunit,2025-03-02 00:57:22.087248+00:00,2025-03-02 09:36:00.986468+00:00
1071215,revenge horror,2025-03-02 00:57:22.087248+00:00,2025-03-02 09:36:00.986468+00:00
1071215,massachusetts,2025-03-02 00:57:22.087248+00:00,2025-03-02 09:36:00.986468+00:00
1071215,murder,2025-03-02 00:57:22.087248+00:00,2025-03-02 09:36:00.986468+00:00
1071215,masked killer,2025-03-02 00:57:22.087248+00:00,2025-03-02 09:36:00.986468+00:00
1071215,dark comedy,2025-03-02 00:57:22.087248+00:00,2025-03-02 09:36:00.986468+00:00
1071215,serial killer,2025-03-02 00:57:22.087248+00:00,2025-03-02 09:36:00.986468+00:00
1071215,sadism,2025-03-02 00:57:22.087248+00:00,2025-03-02 09:36:00.986468+00:00
1071215,riot,2025-03-02 00:57:22.087248+00:00,2025-03-02 09:36:00.986468+00:00
1071215,revenge slasher,2025-03-02 00:57:22.087248+00:00,2025-03-02 09:36:00.986468+00:00
1071215,plymouth,2025-03-02 00:57:22.087248+00:00,2025-03-02 09:36:00.986468+00:00
1071215,thanksgiving,2025-03-02 00:57:22.087248+00:00,2025-03-02 09:36:00.986468+00:00
1071215,holiday horror,2025-03-02 00:57:22.087248+00:00,2025-03-02 09:36:00.986468+00:00
1071215,black friday,2025-03-02 00:57:22.087248+00:00,2025-03-02 09:36:00.986468+00:00
1071215,slasher,2025-03-02 00:57:22.087248+00:00,2025-03-02 09:36:00.986468+00:00
1071215,aftercreditsstinger,2025-03-02 00:57:22.087248+00:00,2025-03-02 09:36:00.986468+00:00
1071215,teenage killer,2025-03-02 00:57:22.087248+00:00,2025-03-02 09:36:00.986468+00:00
1071215,murder spree,2025-03-02 00:57:22.087248+00:00,2025-03-02 09:36:00.986468+00:00
1071215,small town,2025-03-02 00:57:22.087248+00:00,2025-03-02 09:36:00.986468+00:00
1072269,successor,2025-03-02 00:57:22.087248+00:00,2025-03-02 09:36:00.986468+00:00
1072269,haute couture,2025-03-02 00:57:22.087248+00:00,2025-03-02 09:36:00.986468+00:00
1072269,funeral,2025-03-02 00:57:22.087248+00:00,2025-03-02 09:36:00.986468+00:00
1072269,succession,2025-03-02 00:57:22.087248+00:00,2025-03-02 09:36:00.986468+00:00
1072269,basement,2025-03-02 00:57:22.087248+00:00,2025-03-02 09:36:00.986468+00:00
1072269,disappearance,2025-03-02 00:57:22.087248+00:00,2025-03-02 09:36:00.986468+00:00
1072790,shakespeare in modern dress,2025-03-02 00:57:22.087248+00:00,2025-03-02 09:36:00.986468+00:00
1072790,duringcreditsstinger,2025-03-02 00:57:22.087248+00:00,2025-03-02 09:36:00.986468+00:00
1072790,romcom,2025-03-02 00:57:22.087248+00:00,2025-03-02 09:36:00.986468+00:00
1072790,based on play or musical,2025-03-02 00:57:22.087248+00:00,2025-03-02 09:36:00.986468+00:00
1072790,hiking,2025-03-02 00:57:22.087248+00:00,2025-03-02 09:36:00.986468+00:00
1072790,australia,2025-03-02 00:57:22.087248+00:00,2025-03-02 09:36:00.986468+00:00
1072790,aftercreditsstinger,2025-03-02 00:57:22.087248+00:00,2025-03-02 09:36:00.986468+00:00
1072790,fake dating,2025-03-02 00:57:22.087248+00:00,2025-03-02 09:36:00.986468+00:00
1072790,law school,2025-03-02 00:57:22.087248+00:00,2025-03-02 09:36:00.986468+00:00
1072790,sister's wedding,2025-03-02 00:57:22.087248+00:00,2025-03-02 09:36:00.986468+00:00
1072790,destination wedding,2025-03-02 00:57:22.087248+00:00,2025-03-02 09:36:00.986468+00:00
1075175,sex,2025-03-02 00:57:22.087248+00:00,2025-03-02 09:36:00.986468+00:00
1075175,partying,2025-03-02 00:57:22.087248+00:00,2025-03-02 09:36:00.986468+00:00
1075175,hookup,2025-03-02 00:57:22.087248+00:00,2025-03-02 09:36:00.986468+00:00
1075175,лесбиянка,2025-03-02 00:57:22.087248+00:00,2025-03-02 09:36:00.986468+00:00
1075175,crete,2025-03-02 00:57:22.087248+00:00,2025-03-02 09:36:00.986468+00:00
1075175,female protagonist,2025-03-02 00:57:22.087248+00:00,2025-03-02 09:36:00.986468+00:00
1075175,coming of age,2025-03-02 00:57:22.087248+00:00,2025-03-02 09:36:00.986468+00:00
1075175,teenage girl,2025-03-02 00:57:22.087248+00:00,2025-03-02 09:36:00.986468+00:00
1075175,summer,2025-03-02 00:57:22.087248+00:00,2025-03-02 09:36:00.986468+00:00
1075175,female friendship,2025-03-02 00:57:22.087248+00:00,2025-03-02 09:36:00.986468+00:00
1075175,generation z,2025-03-02 00:57:22.087248+00:00,2025-03-02 09:36:00.986468+00:00
1075175,woman director,2025-03-02 00:57:22.087248+00:00,2025-03-02 09:36:00.986468+00:00
1075175,подруга-лесбиянка,2025-03-02 00:57:22.087248+00:00,2025-03-02 09:36:00.986468+00:00
1075175,consent,2025-03-02 00:57:22.087248+00:00,2025-03-02 09:36:00.986468+00:00
1075815,personal stories,2025-03-02 00:57:22.087248+00:00,2025-03-02 09:36:00.986468+00:00
1075815,folk,2025-03-02 00:57:22.087248+00:00,2025-03-02 09:36:00.986468+00:00
1075815,musician,2025-03-02 00:57:22.087248+00:00,2025-03-02 09:36:00.986468+00:00
1075815,civil rights activist,2025-03-02 00:57:22.087248+00:00,2025-03-02 09:36:00.986468+00:00
1075815,life and career,2025-03-02 00:57:22.087248+00:00,2025-03-02 09:36:00.986468+00:00
1075815,female singers,2025-03-02 00:57:22.087248+00:00,2025-03-02 09:36:00.986468+00:00
1075815,tragic love,2025-03-02 00:57:22.087248+00:00,2025-03-02 09:36:00.986468+00:00
1075815,political activist,2025-03-02 00:57:22.087248+00:00,2025-03-02 09:36:00.986468+00:00
1075815,female musician,2025-03-02 00:57:22.087248+00:00,2025-03-02 09:36:00.986468+00:00
1075815,portrait of an artist,2025-03-02 00:57:22.087248+00:00,2025-03-02 09:36:00.986468+00:00
1075815,music tour,2025-03-02 00:57:22.087248+00:00,2025-03-02 09:36:00.986468+00:00
1075815,biography,2025-03-02 00:57:22.087248+00:00,2025-03-02 09:36:00.986468+00:00
1075815,singer-songwriter,2025-03-02 00:57:22.087248+00:00,2025-03-02 09:36:00.986468+00:00
1075815,celebrity interview,2025-03-02 00:57:22.087248+00:00,2025-03-02 09:36:00.986468+00:00
1075815,activist,2025-03-02 00:57:22.087248+00:00,2025-03-02 09:36:00.986468+00:00
1075815,civil rights,2025-03-02 00:57:22.087248+00:00,2025-03-02 09:36:00.986468+00:00
1075815,joe hill (song),2025-03-02 00:57:22.087248+00:00,2025-03-02 09:36:00.986468+00:00
1075815,trauma and healing,2025-03-02 00:57:22.087248+00:00,2025-03-02 09:36:00.986468+00:00
1075815,repressed trauma,2025-03-02 00:57:22.087248+00:00,2025-03-02 09:36:00.986468+00:00
1075815,personal relationships,2025-03-02 00:57:22.087248+00:00,2025-03-02 09:36:00.986468+00:00
1075815,personal crisis,2025-03-02 00:57:22.087248+00:00,2025-03-02 09:36:00.986468+00:00
1075815,traumatized woman,2025-03-02 00:57:22.087248+00:00,2025-03-02 09:36:00.986468+00:00
1075815,women's rights activist,2025-03-02 00:57:22.087248+00:00,2025-03-02 09:36:00.986468+00:00
1076011,traditional dancer,2025-03-02 00:57:22.087248+00:00,2025-03-02 09:36:00.986468+00:00
1076011,dramatic,2025-03-02 00:57:22.087248+00:00,2025-03-02 09:36:00.986468+00:00
1076011,performing arts,2025-03-02 00:57:22.087248+00:00,2025-03-02 09:36:00.986468+00:00
1076011,historical,2025-03-02 00:57:22.087248+00:00,2025-03-02 09:36:00.986468+00:00
1076443,music documentary,2025-03-02 00:57:22.087248+00:00,2025-03-02 09:36:00.986468+00:00
1076443,k-pop,2025-03-02 00:57:22.087248+00:00,2025-03-02 09:36:00.986468+00:00
1076443,behind the scenes,2025-03-02 00:57:22.087248+00:00,2025-03-02 09:36:00.986468+00:00
1077647,jeju island,2025-03-02 00:57:22.087248+00:00,2025-03-02 09:36:00.986468+00:00
1077693,puberty,2025-03-02 00:57:22.087248+00:00,2025-03-02 09:36:00.986468+00:00
1077693,hysteria,2025-03-02 00:57:22.087248+00:00,2025-03-02 09:36:00.986468+00:00
1077693,rural,2025-03-02 00:57:22.087248+00:00,2025-03-02 09:36:00.986468+00:00
1077693,middle school,2025-03-02 00:57:22.087248+00:00,2025-03-02 09:36:00.986468+00:00
1078280,homosexual,2025-03-02 00:57:22.087248+00:00,2025-03-02 09:36:00.986468+00:00
1078280,picture book writer,2025-03-02 00:57:22.087248+00:00,2025-03-02 09:36:00.986468+00:00
1078280,conflict,2025-03-02 00:57:22.087248+00:00,2025-03-02 09:36:00.986468+00:00
1078280,sex worker,2025-03-02 00:57:22.087248+00:00,2025-03-02 09:36:00.986468+00:00
1078280,narcissist,2025-03-02 00:57:22.087248+00:00,2025-03-02 09:36:00.986468+00:00
1078280,gay theme,2025-03-02 00:57:22.087248+00:00,2025-03-02 09:36:00.986468+00:00
1078280,lgbt,2025-03-02 00:57:22.087248+00:00,2025-03-02 09:36:00.986468+00:00
1078280,elderly lgbt,2025-03-02 00:57:22.087248+00:00,2025-03-02 09:36:00.986468+00:00
1078280,boys' love (bl),2025-03-02 00:57:22.087248+00:00,2025-03-02 09:36:00.986468+00:00
1078810,hypocrisy,2025-03-02 00:57:22.087248+00:00,2025-03-02 09:36:00.986468+00:00
1078810,satire,2025-03-02 00:57:22.087248+00:00,2025-03-02 09:36:00.986468+00:00
1078810,woman director,2025-03-02 00:57:22.087248+00:00,2025-03-02 09:36:00.986468+00:00
1078810,work-life balance,2025-03-02 00:57:22.087248+00:00,2025-03-02 09:36:00.986468+00:00
1078920,hipster,2025-03-02 00:57:22.087248+00:00,2025-03-02 09:36:00.986468+00:00
1078920,"barcelona, spain",2025-03-02 00:57:22.087248+00:00,2025-03-02 09:36:00.986468+00:00
1078920,polyamorous,2025-03-02 00:57:22.087248+00:00,2025-03-02 09:36:00.986468+00:00
1078920,posh people,2025-03-02 00:57:22.087248+00:00,2025-03-02 09:36:00.986468+00:00
1078920,catalan,2025-03-02 00:57:22.087248+00:00,2025-03-02 09:36:00.986468+00:00
1079091,flashback,2025-03-02 00:57:22.087248+00:00,2025-03-02 09:36:00.986468+00:00
1079091,romantic drama,2025-03-02 00:57:22.087248+00:00,2025-03-02 09:36:00.986468+00:00
1079091,domestic violence,2025-03-02 00:57:22.087248+00:00,2025-03-02 09:36:00.986468+00:00
1079091,adaptation,2025-03-02 00:57:22.087248+00:00,2025-03-02 09:36:00.986468+00:00
1079091,abusive father,2025-03-02 00:57:22.087248+00:00,2025-03-02 09:36:00.986468+00:00
1079091,domestic abuse,2025-03-02 00:57:22.087248+00:00,2025-03-02 09:36:00.986468+00:00
1079091,florist,2025-03-02 00:57:22.087248+00:00,2025-03-02 09:36:00.986468+00:00
1079091,abusive relationship,2025-03-02 00:57:22.087248+00:00,2025-03-02 09:36:00.986468+00:00
1079091,trauma,2025-03-02 00:57:22.087248+00:00,2025-03-02 09:36:00.986468+00:00
1079091,love triangle,2025-03-02 00:57:22.087248+00:00,2025-03-02 09:36:00.986468+00:00
1079091,based on novel or book,2025-03-02 00:57:22.087248+00:00,2025-03-02 09:36:00.986468+00:00
1079091,repressed trauma,2025-03-02 00:57:22.087248+00:00,2025-03-02 09:36:00.986468+00:00
1079091,love,2025-03-02 00:57:22.087248+00:00,2025-03-02 09:36:00.986468+00:00
1079485,based on children's book,2025-03-02 00:57:22.087248+00:00,2025-03-02 09:36:00.986468+00:00
1079485,child abduction,2025-03-02 00:57:22.087248+00:00,2025-03-02 09:36:00.986468+00:00
1079485,blood and honey,2025-03-02 00:57:22.087248+00:00,2025-03-02 09:36:00.986468+00:00
1079485,winnie the pooh,2025-03-02 00:57:22.087248+00:00,2025-03-02 09:36:00.986468+00:00
1079485,sequel,2025-03-02 00:57:22.087248+00:00,2025-03-02 09:36:00.986468+00:00
1079485,psychotic villain,2025-03-02 00:57:22.087248+00:00,2025-03-02 09:36:00.986468+00:00
1079485,the twisted childhood universe,2025-03-02 00:57:22.087248+00:00,2025-03-02 09:36:00.986468+00:00
1079485,stern,2025-03-02 00:57:22.087248+00:00,2025-03-02 09:36:00.986468+00:00
1079485,independent film,2025-03-02 00:57:22.087248+00:00,2025-03-02 09:36:00.986468+00:00
1079485,horrified,2025-03-02 00:57:22.087248+00:00,2025-03-02 09:36:00.986468+00:00
1079485,revenge,2025-03-02 00:57:22.087248+00:00,2025-03-02 09:36:00.986468+00:00
1079485,traumatic childhood,2025-03-02 00:57:22.087248+00:00,2025-03-02 09:36:00.986468+00:00
1079485,slasher,2025-03-02 00:57:22.087248+00:00,2025-03-02 09:36:00.986468+00:00
1079485,mutant,2025-03-02 00:57:22.087248+00:00,2025-03-02 09:36:00.986468+00:00
1079810,inspirational,2025-03-02 00:57:22.087248+00:00,2025-03-02 09:36:00.986468+00:00
1079810,latino,2025-03-02 00:57:22.087248+00:00,2025-03-02 09:36:00.986468+00:00
1079810,based on true story,2025-03-02 00:57:22.087248+00:00,2025-03-02 09:36:00.986468+00:00
1079810,mexican american,2025-03-02 00:57:22.087248+00:00,2025-03-02 09:36:00.986468+00:00
1079810,golf,2025-03-02 00:57:22.087248+00:00,2025-03-02 09:36:00.986468+00:00
1079810,texas,2025-03-02 00:57:22.087248+00:00,2025-03-02 09:36:00.986468+00:00
1079810,1950s,2025-03-02 00:57:22.087248+00:00,2025-03-02 09:36:00.986468+00:00
1081640,anime,2025-03-02 00:57:22.087248+00:00,2025-03-02 09:36:00.986468+00:00
1081641,anime,2025-03-02 00:57:22.087248+00:00,2025-03-02 09:36:00.986468+00:00
1081641,samurai sword,2025-03-02 00:57:22.087248+00:00,2025-03-02 09:36:00.986468+00:00
1083862,survival horror,2025-03-02 00:57:22.087248+00:00,2025-03-02 09:36:00.986468+00:00
1083862,special agent,2025-03-02 00:57:22.087248+00:00,2025-03-02 09:36:00.986468+00:00
1083862,alcatraz prison,2025-03-02 00:57:22.087248+00:00,2025-03-02 09:36:00.986468+00:00
1083862,based on video game,2025-03-02 00:57:22.087248+00:00,2025-03-02 09:36:00.986468+00:00
1083862,anime,2025-03-02 00:57:22.087248+00:00,2025-03-02 09:36:00.986468+00:00
1083862,outbreak,2025-03-02 00:57:22.087248+00:00,2025-03-02 09:36:00.986468+00:00
1083862,zombie,2025-03-02 00:57:22.087248+00:00,2025-03-02 09:36:00.986468+00:00
1084199,robot,2025-03-02 00:57:22.087248+00:00,2025-03-02 09:36:00.986468+00:00
1084199,android horror,2025-03-02 00:57:22.087248+00:00,2025-03-02 09:36:00.986468+00:00
1084199,malfunctioning android,2025-03-02 00:57:22.087248+00:00,2025-03-02 09:36:00.986468+00:00
1084199,cabin,2025-03-02 00:57:22.087248+00:00,2025-03-02 09:36:00.986468+00:00
1084199,human vs machines,2025-03-02 00:57:22.087248+00:00,2025-03-02 09:36:00.986468+00:00
1084199,human android relationship,2025-03-02 00:57:22.087248+00:00,2025-03-02 09:36:00.986468+00:00
1084199,abusive relationship,2025-03-02 00:57:22.087248+00:00,2025-03-02 09:36:00.986468+00:00
1084199,toxic relationship,2025-03-02 00:57:22.087248+00:00,2025-03-02 09:36:00.986468+00:00
1084199,robot girl,2025-03-02 00:57:22.087248+00:00,2025-03-02 09:36:00.986468+00:00
1084199,sci-fi horror,2025-03-02 00:57:22.087248+00:00,2025-03-02 09:36:00.986468+00:00
1084199,white privilege,2025-03-02 00:57:22.087248+00:00,2025-03-02 09:36:00.986468+00:00
1084199,toxic masculinity,2025-03-02 00:57:22.087248+00:00,2025-03-02 09:36:00.986468+00:00
1084199,boyfriend girlfriend relationship,2025-03-02 00:57:22.087248+00:00,2025-03-02 09:36:00.986468+00:00
1084199,incel,2025-03-02 00:57:22.087248+00:00,2025-03-02 09:36:00.986468+00:00
1084199,cybernetics,2025-03-02 00:57:22.087248+00:00,2025-03-02 09:36:00.986468+00:00
1084199,sentient machine,2025-03-02 00:57:22.087248+00:00,2025-03-02 09:36:00.986468+00:00
1084199,artificial intelligence (a.i.),2025-03-02 00:57:22.087248+00:00,2025-03-02 09:36:00.986468+00:00
1084199,weekend getaway,2025-03-02 00:57:22.087248+00:00,2025-03-02 09:36:00.986468+00:00
1084199,sinister,2025-03-02 00:57:22.087248+00:00,2025-03-02 09:36:00.986468+00:00
1085218,vigilante,2025-03-02 00:57:22.087248+00:00,2025-03-02 09:36:00.986468+00:00
1085574,boys' love (bl),2025-03-02 00:57:22.087248+00:00,2025-03-02 09:36:00.986468+00:00
1085574,time travel,2025-03-02 00:57:22.087248+00:00,2025-03-02 09:36:00.986468+00:00
1085574,lgbt,2025-03-02 00:57:22.087248+00:00,2025-03-02 09:36:00.986468+00:00
1085574,friendship,2025-03-02 00:57:22.087248+00:00,2025-03-02 09:36:00.986468+00:00
1086011,based on novel or book,2025-03-02 00:57:22.087248+00:00,2025-03-02 09:36:00.986468+00:00
1086591,based on novel or book,2025-03-02 00:57:22.087248+00:00,2025-03-02 09:36:00.986468+00:00
1086591,romance,2025-03-02 00:57:22.087248+00:00,2025-03-02 09:36:00.986468+00:00
1086591,based on light novel,2025-03-02 00:57:22.087248+00:00,2025-03-02 09:36:00.986468+00:00
1086591,supernatural,2025-03-02 00:57:22.087248+00:00,2025-03-02 09:36:00.986468+00:00
1086591,anime,2025-03-02 00:57:22.087248+00:00,2025-03-02 09:36:00.986468+00:00
1086747,changeling,2025-03-02 00:57:22.087248+00:00,2025-03-02 09:36:00.986468+00:00
1086747,bunker,2025-03-02 00:57:22.087248+00:00,2025-03-02 09:36:00.986468+00:00
1086747,based on novel or book,2025-03-02 00:57:22.087248+00:00,2025-03-02 09:36:00.986468+00:00
1086747,complicated,2025-03-02 00:57:22.087248+00:00,2025-03-02 09:36:00.986468+00:00
1086747,trapped in a room,2025-03-02 00:57:22.087248+00:00,2025-03-02 09:36:00.986468+00:00
1086747,fairies,2025-03-02 00:57:22.087248+00:00,2025-03-02 09:36:00.986468+00:00
1086747,mimic,2025-03-02 00:57:22.087248+00:00,2025-03-02 09:36:00.986468+00:00
1086747,strangers,2025-03-02 00:57:22.087248+00:00,2025-03-02 09:36:00.986468+00:00
1086747,forest,2025-03-02 00:57:22.087248+00:00,2025-03-02 09:36:00.986468+00:00
1086747,shapeshifting,2025-03-02 00:57:22.087248+00:00,2025-03-02 09:36:00.986468+00:00
1086747,irish mythology,2025-03-02 00:57:22.087248+00:00,2025-03-02 09:36:00.986468+00:00
1086747,shelter,2025-03-02 00:57:22.087248+00:00,2025-03-02 09:36:00.986468+00:00
1086747,ireland,2025-03-02 00:57:22.087248+00:00,2025-03-02 09:36:00.986468+00:00
1087388,dollhouse,2025-03-02 00:57:22.087248+00:00,2025-03-02 09:36:00.986468+00:00
1087388,poisonous spider,2025-03-02 00:57:22.087248+00:00,2025-03-02 09:36:00.986468+00:00
1087388,pet spider,2025-03-02 00:57:22.087248+00:00,2025-03-02 09:36:00.986468+00:00
1087388,air vent,2025-03-02 00:57:22.087248+00:00,2025-03-02 09:36:00.986468+00:00
1087388,giant spider,2025-03-02 00:57:22.087248+00:00,2025-03-02 09:36:00.986468+00:00
1087388,spider venom,2025-03-02 00:57:22.087248+00:00,2025-03-02 09:36:00.986468+00:00
1087388,alien,2025-03-02 00:57:22.087248+00:00,2025-03-02 09:36:00.986468+00:00
1087388,arachnid,2025-03-02 00:57:22.087248+00:00,2025-03-02 09:36:00.986468+00:00
1087388,pet owner,2025-03-02 00:57:22.087248+00:00,2025-03-02 09:36:00.986468+00:00
1087388,crawling in air vent,2025-03-02 00:57:22.087248+00:00,2025-03-02 09:36:00.986468+00:00
1087388,broken window,2025-03-02 00:57:22.087248+00:00,2025-03-02 09:36:00.986468+00:00
1087388,deadly creature,2025-03-02 00:57:22.087248+00:00,2025-03-02 09:36:00.986468+00:00
1087388,exterminator,2025-03-02 00:57:22.087248+00:00,2025-03-02 09:36:00.986468+00:00
1087388,meteor,2025-03-02 00:57:22.087248+00:00,2025-03-02 09:36:00.986468+00:00
1087388,spider,2025-03-02 00:57:22.087248+00:00,2025-03-02 09:36:00.986468+00:00
1087388,corpse,2025-03-02 00:57:22.087248+00:00,2025-03-02 09:36:00.986468+00:00
1087388,deadly pet,2025-03-02 00:57:22.087248+00:00,2025-03-02 09:36:00.986468+00:00
1087388,mutant spider,2025-03-02 00:57:22.087248+00:00,2025-03-02 09:36:00.986468+00:00
1087388,creature,2025-03-02 00:57:22.087248+00:00,2025-03-02 09:36:00.986468+00:00
1087388,apartment building,2025-03-02 00:57:22.087248+00:00,2025-03-02 09:36:00.986468+00:00
1087388,arachnophobia,2025-03-02 00:57:22.087248+00:00,2025-03-02 09:36:00.986468+00:00
1087388,creature feature,2025-03-02 00:57:22.087248+00:00,2025-03-02 09:36:00.986468+00:00
1087388,pet monster,2025-03-02 00:57:22.087248+00:00,2025-03-02 09:36:00.986468+00:00
1087822,spider,2025-03-02 00:57:22.087248+00:00,2025-03-02 09:36:00.986468+00:00
1087822,witch,2025-03-02 00:57:22.087248+00:00,2025-03-02 09:36:00.986468+00:00
1087822,based on comic,2025-03-02 00:57:22.087248+00:00,2025-03-02 09:36:00.986468+00:00
1087822,coal mine,2025-03-02 00:57:22.087248+00:00,2025-03-02 09:36:00.986468+00:00
1087822,1950s,2025-03-02 00:57:22.087248+00:00,2025-03-02 09:36:00.986468+00:00
1088514,estranged daughter,2025-03-02 00:57:22.087248+00:00,2025-03-02 09:36:00.986468+00:00
1088514,female friendship,2025-03-02 00:57:22.087248+00:00,2025-03-02 09:36:00.986468+00:00
1088514,bosnian war (1992-95),2025-03-02 00:57:22.087248+00:00,2025-03-02 09:36:00.986468+00:00
1088514,novelist,2025-03-02 00:57:22.087248+00:00,2025-03-02 09:36:00.986468+00:00
1088514,suicide,2025-03-02 00:57:22.087248+00:00,2025-03-02 09:36:00.986468+00:00
1088514,cancer,2025-03-02 00:57:22.087248+00:00,2025-03-02 09:36:00.986468+00:00
1088514,dual role,2025-03-02 00:57:22.087248+00:00,2025-03-02 09:36:00.986468+00:00
1088514,new york city,2025-03-02 00:57:22.087248+00:00,2025-03-02 09:36:00.986468+00:00
1088514,based on novel or book,2025-03-02 00:57:22.087248+00:00,2025-03-02 09:36:00.986468+00:00
1088514,bereavement,2025-03-02 00:57:22.087248+00:00,2025-03-02 09:36:00.986468+00:00
1088514,"woodstock, new york",2025-03-02 00:57:22.087248+00:00,2025-03-02 09:36:00.986468+00:00
1088514,nihilism,2025-03-02 00:57:22.087248+00:00,2025-03-02 09:36:00.986468+00:00
1088514,euthanasia,2025-03-02 00:57:22.087248+00:00,2025-03-02 09:36:00.986468+00:00
1088514,autofiction,2025-03-02 00:57:22.087248+00:00,2025-03-02 09:36:00.986468+00:00
1088514,terminal cancer,2025-03-02 00:57:22.087248+00:00,2025-03-02 09:36:00.986468+00:00
1088514,war correspondent,2025-03-02 00:57:22.087248+00:00,2025-03-02 09:36:00.986468+00:00
1088514,anecdote,2025-03-02 00:57:22.087248+00:00,2025-03-02 09:36:00.986468+00:00
1088514,writer,2025-03-02 00:57:22.087248+00:00,2025-03-02 09:36:00.986468+00:00
1088514,existentialism,2025-03-02 00:57:22.087248+00:00,2025-03-02 09:36:00.986468+00:00
1090024,rape revenge,2025-03-02 00:57:22.087248+00:00,2025-03-02 09:36:00.986468+00:00
1090024,revenge,2025-03-02 00:57:22.087248+00:00,2025-03-02 09:36:00.986468+00:00
1090031,art exhibition,2025-03-02 00:57:22.087248+00:00,2025-03-02 09:36:00.986468+00:00
1090031,paintings,2025-03-02 00:57:22.087248+00:00,2025-03-02 09:36:00.986468+00:00
1090031,johannes vermeer,2025-03-02 00:57:22.087248+00:00,2025-03-02 09:36:00.986468+00:00
1091051,cheerleader,2025-03-02 00:57:22.087248+00:00,2025-03-02 09:36:00.986468+00:00
1091051,cheerleading,2025-03-02 00:57:22.087248+00:00,2025-03-02 09:36:00.986468+00:00
1091051,1990s,2025-03-02 00:57:22.087248+00:00,2025-03-02 09:36:00.986468+00:00
1091360,work ethic,2025-03-02 00:57:22.087248+00:00,2025-03-02 09:36:00.986468+00:00
1091360,philosophy,2025-03-02 00:57:22.087248+00:00,2025-03-02 09:36:00.986468+00:00
1091360,money,2025-03-02 00:57:22.087248+00:00,2025-03-02 09:36:00.986468+00:00
1093215,filmmaking,2025-03-02 00:57:22.087248+00:00,2025-03-02 09:36:00.986468+00:00
1093215,friendship,2025-03-02 00:57:22.087248+00:00,2025-03-02 09:36:00.986468+00:00
1093215,death,2025-03-02 00:57:22.087248+00:00,2025-03-02 09:36:00.986468+00:00
1093215,school,2025-03-02 00:57:22.087248+00:00,2025-03-02 09:36:00.986468+00:00
1094482,island,2025-03-02 00:57:22.087248+00:00,2025-03-02 09:36:00.986468+00:00
1094482,security guard,2025-03-02 00:57:22.087248+00:00,2025-03-02 09:36:00.986468+00:00
1094482,amnesia,2025-03-02 00:57:22.087248+00:00,2025-03-02 09:36:00.986468+00:00
1097549,sex,2025-03-02 00:57:22.087248+00:00,2025-03-02 09:36:00.986468+00:00
1097549,age-gap relationship,2025-03-02 00:57:22.087248+00:00,2025-03-02 09:36:00.986468+00:00
1097549,submission,2025-03-02 00:57:22.087248+00:00,2025-03-02 09:36:00.986468+00:00
1097549,woman director,2025-03-02 00:57:22.087248+00:00,2025-03-02 09:36:00.986468+00:00
1097549,taboo sex,2025-03-02 00:57:22.087248+00:00,2025-03-02 09:36:00.986468+00:00
1097549,new york city,2025-03-02 00:57:22.087248+00:00,2025-03-02 09:36:00.986468+00:00
1097549,erotic thriller,2025-03-02 00:57:22.087248+00:00,2025-03-02 09:36:00.986468+00:00
1097549,ceo,2025-03-02 00:57:22.087248+00:00,2025-03-02 09:36:00.986468+00:00
1097549,sexual frustration,2025-03-02 00:57:22.087248+00:00,2025-03-02 09:36:00.986468+00:00
1097549,innuendo,2025-03-02 00:57:22.087248+00:00,2025-03-02 09:36:00.986468+00:00
1097549,intern,2025-03-02 00:57:22.087248+00:00,2025-03-02 09:36:00.986468+00:00
1097549,female sexuality,2025-03-02 00:57:22.087248+00:00,2025-03-02 09:36:00.986468+00:00
1097549,power dynamics,2025-03-02 00:57:22.087248+00:00,2025-03-02 09:36:00.986468+00:00
1097549,young man seduces old lady,2025-03-02 00:57:22.087248+00:00,2025-03-02 09:36:00.986468+00:00
1097549,masculinity,2025-03-02 00:57:22.087248+00:00,2025-03-02 09:36:00.986468+00:00
1097549,female protagonist,2025-03-02 00:57:22.087248+00:00,2025-03-02 09:36:00.986468+00:00
1097549,seduction,2025-03-02 00:57:22.087248+00:00,2025-03-02 09:36:00.986468+00:00
1097549,sexuality,2025-03-02 00:57:22.087248+00:00,2025-03-02 09:36:00.986468+00:00
1097549,workplace,2025-03-02 00:57:22.087248+00:00,2025-03-02 09:36:00.986468+00:00
1097549,employee boss relationship,2025-03-02 00:57:22.087248+00:00,2025-03-02 09:36:00.986468+00:00
1097549,husband wife relationship,2025-03-02 00:57:22.087248+00:00,2025-03-02 09:36:00.986468+00:00
1097549,infidelity,2025-03-02 00:57:22.087248+00:00,2025-03-02 09:36:00.986468+00:00
1097549,kink,2025-03-02 00:57:22.087248+00:00,2025-03-02 09:36:00.986468+00:00
1097549,eroticism,2025-03-02 00:57:22.087248+00:00,2025-03-02 09:36:00.986468+00:00
1097549,married woman,2025-03-02 00:57:22.087248+00:00,2025-03-02 09:36:00.986468+00:00
1097549,workplace romance,2025-03-02 00:57:22.087248+00:00,2025-03-02 09:36:00.986468+00:00
1097549,unfaithful wife,2025-03-02 00:57:22.087248+00:00,2025-03-02 09:36:00.986468+00:00
1099217,investigative journalism,2025-03-02 00:57:22.087248+00:00,2025-03-02 09:36:00.986468+00:00
1099217,social issues,2025-03-02 00:57:22.087248+00:00,2025-03-02 09:36:00.986468+00:00
1100782,self-harm,2025-03-02 00:57:22.087248+00:00,2025-03-02 09:36:00.986468+00:00
1100782,suicide,2025-03-02 00:57:22.087248+00:00,2025-03-02 09:36:00.986468+00:00
1100782,demon,2025-03-02 00:57:22.087248+00:00,2025-03-02 09:36:00.986468+00:00
1100782,supernatural horror,2025-03-02 00:57:22.087248+00:00,2025-03-02 09:36:00.986468+00:00
1100782,trauma,2025-03-02 00:57:22.087248+00:00,2025-03-02 09:36:00.986468+00:00
1100782,sobriety,2025-03-02 00:57:22.087248+00:00,2025-03-02 09:36:00.986468+00:00
1100782,scar,2025-03-02 00:57:22.087248+00:00,2025-03-02 09:36:00.986468+00:00
1100782,smile,2025-03-02 00:57:22.087248+00:00,2025-03-02 09:36:00.986468+00:00
1100782,sequel,2025-03-02 00:57:22.087248+00:00,2025-03-02 09:36:00.986468+00:00
1100782,popstar,2025-03-02 00:57:22.087248+00:00,2025-03-02 09:36:00.986468+00:00
1100782,hallucination,2025-03-02 00:57:22.087248+00:00,2025-03-02 09:36:00.986468+00:00
1100782,tour,2025-03-02 00:57:22.087248+00:00,2025-03-02 09:36:00.986468+00:00
1100782,delusional,2025-03-02 00:57:22.087248+00:00,2025-03-02 09:36:00.986468+00:00
1100782,curse,2025-03-02 00:57:22.087248+00:00,2025-03-02 09:36:00.986468+00:00
1100782,horrified,2025-03-02 00:57:22.087248+00:00,2025-03-02 09:36:00.986468+00:00
1100782,drug dealer,2025-03-02 00:57:22.087248+00:00,2025-03-02 09:36:00.986468+00:00
1100782,new york city,2025-03-02 00:57:22.087248+00:00,2025-03-02 09:36:00.986468+00:00
1100782,guilt,2025-03-02 00:57:22.087248+00:00,2025-03-02 09:36:00.986468+00:00
1100782,addiction,2025-03-02 00:57:22.087248+00:00,2025-03-02 09:36:00.986468+00:00
1100782,delusion,2025-03-02 00:57:22.087248+00:00,2025-03-02 09:36:00.986468+00:00
1100782,car accident,2025-03-02 00:57:22.087248+00:00,2025-03-02 09:36:00.986468+00:00
1100782,absurd,2025-03-02 00:57:22.087248+00:00,2025-03-02 09:36:00.986468+00:00
1100782,shocking,2025-03-02 00:57:22.087248+00:00,2025-03-02 09:36:00.986468+00:00
1100782,body horror,2025-03-02 00:57:22.087248+00:00,2025-03-02 09:36:00.986468+00:00
1100782,гей-помощник,2025-03-02 00:57:22.087248+00:00,2025-03-02 09:36:00.986468+00:00
1100782,murder,2025-03-02 00:57:22.087248+00:00,2025-03-02 09:36:00.986468+00:00
1100782,evil,2025-03-02 00:57:22.087248+00:00,2025-03-02 09:36:00.986468+00:00
1100782,concert,2025-03-02 00:57:22.087248+00:00,2025-03-02 09:36:00.986468+00:00
1100782,pop music,2025-03-02 00:57:22.087248+00:00,2025-03-02 09:36:00.986468+00:00
1103432,anime,2025-03-02 00:57:22.087248+00:00,2025-03-02 09:36:00.986468+00:00
1103621,south asian family,2025-03-02 00:57:22.087248+00:00,2025-03-02 09:36:00.986468+00:00
1103621,sympathetic,2025-03-02 00:57:22.087248+00:00,2025-03-02 09:36:00.986468+00:00
1103621,instructive,2025-03-02 00:57:22.087248+00:00,2025-03-02 09:36:00.986468+00:00
1103621,life,2025-03-02 00:57:22.087248+00:00,2025-03-02 09:36:00.986468+00:00
1103621,mother,2025-03-02 00:57:22.087248+00:00,2025-03-02 09:36:00.986468+00:00
1103621,adoring,2025-03-02 00:57:22.087248+00:00,2025-03-02 09:36:00.986468+00:00
1103621,grandmother,2025-03-02 00:57:22.087248+00:00,2025-03-02 09:36:00.986468+00:00
1103621,family relationships,2025-03-02 00:57:22.087248+00:00,2025-03-02 09:36:00.986468+00:00
1103621,father,2025-03-02 00:57:22.087248+00:00,2025-03-02 09:36:00.986468+00:00
1104844,bromance,2025-03-02 00:57:22.087248+00:00,2025-03-02 09:36:00.986468+00:00
1104844,anime,2025-03-02 00:57:22.087248+00:00,2025-03-02 09:36:00.986468+00:00
1104844,based on manga,2025-03-02 00:57:22.087248+00:00,2025-03-02 09:36:00.986468+00:00
1106528,employer employee relationship,2025-03-02 00:57:22.087248+00:00,2025-03-02 09:36:00.986468+00:00
1106528,based on webcomic or webtoon,2025-03-02 00:57:22.087248+00:00,2025-03-02 09:36:00.986468+00:00
1106528,boys' love (bl),2025-03-02 00:57:22.087248+00:00,2025-03-02 09:36:00.986468+00:00
1106528,office romance,2025-03-02 00:57:22.087248+00:00,2025-03-02 09:36:00.986468+00:00
1106732,music production,2025-03-02 00:57:22.087248+00:00,2025-03-02 09:36:00.986468+00:00
1106732,k-pop,2025-03-02 00:57:22.087248+00:00,2025-03-02 09:36:00.986468+00:00
1106732,music documentary,2025-03-02 00:57:22.087248+00:00,2025-03-02 09:36:00.986468+00:00
1106732,behind the scenes,2025-03-02 00:57:22.087248+00:00,2025-03-02 09:36:00.986468+00:00
1106904,based on memoir or autobiography,2025-03-02 00:57:22.087248+00:00,2025-03-02 09:36:00.986468+00:00
1106904,historical,2025-03-02 00:57:22.087248+00:00,2025-03-02 09:36:00.986468+00:00
1106904,physical disability,2025-03-02 00:57:22.087248+00:00,2025-03-02 09:36:00.986468+00:00
1106904,war,2025-03-02 00:57:22.087248+00:00,2025-03-02 09:36:00.986468+00:00
1106904,based on novel or book,2025-03-02 00:57:22.087248+00:00,2025-03-02 09:36:00.986468+00:00
1106904,slice of life,2025-03-02 00:57:22.087248+00:00,2025-03-02 09:36:00.986468+00:00
1106904,girlhood,2025-03-02 00:57:22.087248+00:00,2025-03-02 09:36:00.986468+00:00
1106904,school,2025-03-02 00:57:22.087248+00:00,2025-03-02 09:36:00.986468+00:00
1106904,children,2025-03-02 00:57:22.087248+00:00,2025-03-02 09:36:00.986468+00:00
1106904,anime,2025-03-02 00:57:22.087248+00:00,2025-03-02 09:36:00.986468+00:00
1106904,elementary school,2025-03-02 00:57:22.087248+00:00,2025-03-02 09:36:00.986468+00:00
1106904,autobiographical,2025-03-02 00:57:22.087248+00:00,2025-03-02 09:36:00.986468+00:00
1106904,freedom of expression,2025-03-02 00:57:22.087248+00:00,2025-03-02 09:36:00.986468+00:00
1106904,unconventional schooling,2025-03-02 00:57:22.087248+00:00,2025-03-02 09:36:00.986468+00:00
1108211,witness to a crime,2025-03-02 00:57:22.087248+00:00,2025-03-02 09:36:00.986468+00:00
1108211,psychological suspense thriller,2025-03-02 00:57:22.087248+00:00,2025-03-02 09:36:00.986468+00:00
1108211,suspense,2025-03-02 00:57:22.087248+00:00,2025-03-02 09:36:00.986468+00:00
1108211,unsolved crime,2025-03-02 00:57:22.087248+00:00,2025-03-02 09:36:00.986468+00:00
1108211,crime suspense,2025-03-02 00:57:22.087248+00:00,2025-03-02 09:36:00.986468+00:00
1108306,brass band,2025-03-02 00:57:22.087248+00:00,2025-03-02 09:36:00.986468+00:00
1108306,high school,2025-03-02 00:57:22.087248+00:00,2025-03-02 09:36:00.986468+00:00
1108306,anime,2025-03-02 00:57:22.087248+00:00,2025-03-02 09:36:00.986468+00:00
1108306,based on novel or book,2025-03-02 00:57:22.087248+00:00,2025-03-02 09:36:00.986468+00:00
1108371,video game addiction,2025-03-02 00:57:22.087248+00:00,2025-03-02 09:36:00.986468+00:00
1108371,edited from video game,2025-03-02 00:57:22.087248+00:00,2025-03-02 09:36:00.986468+00:00
1108371,video game criticism,2025-03-02 00:57:22.087248+00:00,2025-03-02 09:36:00.986468+00:00
1108371,based on video game,2025-03-02 00:57:22.087248+00:00,2025-03-02 09:36:00.986468+00:00
1108371,video game,2025-03-02 00:57:22.087248+00:00,2025-03-02 09:36:00.986468+00:00
1109237,curious,2025-03-02 00:57:22.087248+00:00,2025-03-02 09:36:00.986468+00:00
1109237,comforting,2025-03-02 00:57:22.087248+00:00,2025-03-02 09:36:00.986468+00:00
1109237,complicated,2025-03-02 00:57:22.087248+00:00,2025-03-02 09:36:00.986468+00:00
1111873,ballerina,2025-03-02 00:57:22.087248+00:00,2025-03-02 09:36:00.986468+00:00
1111873,reverse trap,2025-03-02 00:57:22.087248+00:00,2025-03-02 09:36:00.986468+00:00
1111873,exploding body,2025-03-02 00:57:22.087248+00:00,2025-03-02 09:36:00.986468+00:00
1111873,kidnapping,2025-03-02 00:57:22.087248+00:00,2025-03-02 09:36:00.986468+00:00
1111873,halloween,2025-03-02 00:57:22.087248+00:00,2025-03-02 09:36:00.986468+00:00
1111873,vampire,2025-03-02 00:57:22.087248+00:00,2025-03-02 09:36:00.986468+00:00
1111873,horrified,2025-03-02 00:57:22.087248+00:00,2025-03-02 09:36:00.986468+00:00
1111873,ransom,2025-03-02 00:57:22.087248+00:00,2025-03-02 09:36:00.986468+00:00
1111873,evil kid,2025-03-02 00:57:22.087248+00:00,2025-03-02 09:36:00.986468+00:00
1111873,dracula,2025-03-02 00:57:22.087248+00:00,2025-03-02 09:36:00.986468+00:00
1113085,boys' love (bl),2025-03-02 00:57:22.087248+00:00,2025-03-02 09:36:00.986468+00:00
1113085,lgbt,2025-03-02 00:57:22.087248+00:00,2025-03-02 09:36:00.986468+00:00
1113085,supernatural,2025-03-02 00:57:22.087248+00:00,2025-03-02 09:36:00.986468+00:00
1113085,based on novel or book,2025-03-02 00:57:22.087248+00:00,2025-03-02 09:36:00.986468+00:00
1113278,christmas,2025-03-02 00:57:22.087248+00:00,2025-03-02 09:36:00.986468+00:00
1113278,death of best friend,2025-03-02 00:57:22.087248+00:00,2025-03-02 09:36:00.986468+00:00
1113278,slasher,2025-03-02 00:57:22.087248+00:00,2025-03-02 09:36:00.986468+00:00
1113278,meta,2025-03-02 00:57:22.087248+00:00,2025-03-02 09:36:00.986468+00:00
1113278,lgbt,2025-03-02 00:57:22.087248+00:00,2025-03-02 09:36:00.986468+00:00
1113278,holiday horror,2025-03-02 00:57:22.087248+00:00,2025-03-02 09:36:00.986468+00:00
1113278,holiday,2025-03-02 00:57:22.087248+00:00,2025-03-02 09:36:00.986468+00:00
1114205,occult,2025-03-02 00:57:22.087248+00:00,2025-03-02 09:36:00.986468+00:00
1114205,mystery,2025-03-02 00:57:22.087248+00:00,2025-03-02 09:36:00.986468+00:00
1114205,horror,2025-03-02 00:57:22.087248+00:00,2025-03-02 09:36:00.986468+00:00
1114205,virtual world,2025-03-02 00:57:22.087248+00:00,2025-03-02 09:36:00.986468+00:00
1114205,cursed island,2025-03-02 00:57:22.087248+00:00,2025-03-02 09:36:00.986468+00:00
1114513,suspenseful,2025-03-02 00:57:22.087248+00:00,2025-03-02 09:36:00.986468+00:00
1114513,psychological horror,2025-03-02 00:57:22.087248+00:00,2025-03-02 09:36:00.986468+00:00
1114513,children in danger,2025-03-02 00:57:22.087248+00:00,2025-03-02 09:36:00.986468+00:00
1114513,ominous,2025-03-02 00:57:22.087248+00:00,2025-03-02 09:36:00.986468+00:00
1114513,manipulation,2025-03-02 00:57:22.087248+00:00,2025-03-02 09:36:00.986468+00:00
1114513,remake,2025-03-02 00:57:22.087248+00:00,2025-03-02 09:36:00.986468+00:00
1114513,europe vacation,2025-03-02 00:57:22.087248+00:00,2025-03-02 09:36:00.986468+00:00
1114513,disturbing,2025-03-02 00:57:22.087248+00:00,2025-03-02 09:36:00.986468+00:00
1114513,weekend getaway,2025-03-02 00:57:22.087248+00:00,2025-03-02 09:36:00.986468+00:00
1114513,hopeless,2025-03-02 00:57:22.087248+00:00,2025-03-02 09:36:00.986468+00:00
1114513,gloomy,2025-03-02 00:57:22.087248+00:00,2025-03-02 09:36:00.986468+00:00
1114513,depressing,2025-03-02 00:57:22.087248+00:00,2025-03-02 09:36:00.986468+00:00
1114513,husband wife relationship,2025-03-02 00:57:22.087248+00:00,2025-03-02 09:36:00.986468+00:00
1117291,lesbian relationship,2025-03-02 00:57:22.087248+00:00,2025-03-02 09:36:00.986468+00:00
1117291,girls love,2025-03-02 00:57:22.087248+00:00,2025-03-02 09:36:00.986468+00:00
1117291,lgbt teen,2025-03-02 00:57:22.087248+00:00,2025-03-02 09:36:00.986468+00:00
1117609,anime,2025-03-02 00:57:22.087248+00:00,2025-03-02 09:36:00.986468+00:00
1117609,concierge,2025-03-02 00:57:22.087248+00:00,2025-03-02 09:36:00.986468+00:00
1117609,store,2025-03-02 00:57:22.087248+00:00,2025-03-02 09:36:00.986468+00:00
1117609,mall,2025-03-02 00:57:22.087248+00:00,2025-03-02 09:36:00.986468+00:00
1117609,based on manga,2025-03-02 00:57:22.087248+00:00,2025-03-02 09:36:00.986468+00:00
1117609,seinen,2025-03-02 00:57:22.087248+00:00,2025-03-02 09:36:00.986468+00:00
1117609,anthropomorphic animal,2025-03-02 00:57:22.087248+00:00,2025-03-02 09:36:00.986468+00:00
1119211,distillery,2025-03-02 00:57:22.087248+00:00,2025-03-02 09:36:00.986468+00:00
1119211,workplace,2025-03-02 00:57:22.087248+00:00,2025-03-02 09:36:00.986468+00:00
1119211,anime,2025-03-02 00:57:22.087248+00:00,2025-03-02 09:36:00.986468+00:00
1119211,whiskey,2025-03-02 00:57:22.087248+00:00,2025-03-02 09:36:00.986468+00:00
1120846,mystery,2025-03-02 00:57:22.087248+00:00,2025-03-02 09:36:00.986468+00:00
1120846,psychiatrist,2025-03-02 00:57:22.087248+00:00,2025-03-02 09:36:00.986468+00:00
1120846,love story,2025-03-02 00:57:22.087248+00:00,2025-03-02 09:36:00.986468+00:00
1122715,super power,2025-03-02 00:57:22.087248+00:00,2025-03-02 09:36:00.986468+00:00
1122715,tokusatsu,2025-03-02 00:57:22.087248+00:00,2025-03-02 09:36:00.986468+00:00
1122715,superhero,2025-03-02 00:57:22.087248+00:00,2025-03-02 09:36:00.986468+00:00
1122715,based on tv series,2025-03-02 00:57:22.087248+00:00,2025-03-02 09:36:00.986468+00:00
1122715,sequel,2025-03-02 00:57:22.087248+00:00,2025-03-02 09:36:00.986468+00:00
1125311,stepmother stepdaughter relationship,2025-03-02 00:57:22.087248+00:00,2025-03-02 09:36:00.986468+00:00
1125311,absurd,2025-03-02 00:57:22.087248+00:00,2025-03-02 09:36:00.986468+00:00
1125311,imaginary friend,2025-03-02 00:57:22.087248+00:00,2025-03-02 09:36:00.986468+00:00
1125311,stepmother,2025-03-02 00:57:22.087248+00:00,2025-03-02 09:36:00.986468+00:00
1126128,terrorism,2025-03-02 00:57:22.087248+00:00,2025-03-02 09:36:00.986468+00:00
1126128,bitcoin,2025-03-02 00:57:22.087248+00:00,2025-03-02 09:36:00.986468+00:00
1126128,bomb explosion,2025-03-02 00:57:22.087248+00:00,2025-03-02 09:36:00.986468+00:00
1126128,spy,2025-03-02 00:57:22.087248+00:00,2025-03-02 09:36:00.986468+00:00
1126128,gun shooting,2025-03-02 00:57:22.087248+00:00,2025-03-02 09:36:00.986468+00:00
1126128,espionage,2025-03-02 00:57:22.087248+00:00,2025-03-02 09:36:00.986468+00:00
1126128,fight,2025-03-02 00:57:22.087248+00:00,2025-03-02 09:36:00.986468+00:00
1126128,car explosion,2025-03-02 00:57:22.087248+00:00,2025-03-02 09:36:00.986468+00:00
1126128,police,2025-03-02 00:57:22.087248+00:00,2025-03-02 09:36:00.986468+00:00
1126128,police agent,2025-03-02 00:57:22.087248+00:00,2025-03-02 09:36:00.986468+00:00
1126128,bomb,2025-03-02 00:57:22.087248+00:00,2025-03-02 09:36:00.986468+00:00
1126128,terrorist bombing,2025-03-02 00:57:22.087248+00:00,2025-03-02 09:36:00.986468+00:00
1126128,city,2025-03-02 00:57:22.087248+00:00,2025-03-02 09:36:00.986468+00:00
1126128,based on true story,2025-03-02 00:57:22.087248+00:00,2025-03-02 09:36:00.986468+00:00
1126128,jakarta,2025-03-02 00:57:22.087248+00:00,2025-03-02 09:36:00.986468+00:00
1126128,train explosion,2025-03-02 00:57:22.087248+00:00,2025-03-02 09:36:00.986468+00:00
1126128,crypto,2025-03-02 00:57:22.087248+00:00,2025-03-02 09:36:00.986468+00:00
1128650,political corruption,2025-03-02 00:57:22.087248+00:00,2025-03-02 09:36:00.986468+00:00
1128650,based on true story,2025-03-02 00:57:22.087248+00:00,2025-03-02 09:36:00.986468+00:00
1128650,wrongful conviction,2025-03-02 00:57:22.087248+00:00,2025-03-02 09:36:00.986468+00:00
1128650,drug trafficking,2025-03-02 00:57:22.087248+00:00,2025-03-02 09:36:00.986468+00:00
1128936,haunting,2025-03-02 00:57:22.087248+00:00,2025-03-02 09:36:00.986468+00:00
1128936,train,2025-03-02 00:57:22.087248+00:00,2025-03-02 09:36:00.986468+00:00
1128936,slasher,2025-03-02 00:57:22.087248+00:00,2025-03-02 09:36:00.986468+00:00
1128936,demon,2025-03-02 00:57:22.087248+00:00,2025-03-02 09:36:00.986468+00:00
1129610,compilation,2025-03-02 00:57:22.087248+00:00,2025-03-02 09:36:00.986468+00:00
1129610,rock band,2025-03-02 00:57:22.087248+00:00,2025-03-02 09:36:00.986468+00:00
1129610,edited from tv series,2025-03-02 00:57:22.087248+00:00,2025-03-02 09:36:00.986468+00:00
1129610,music,2025-03-02 00:57:22.087248+00:00,2025-03-02 09:36:00.986468+00:00
1129610,anime,2025-03-02 00:57:22.087248+00:00,2025-03-02 09:36:00.986468+00:00
1129610,social anxiety,2025-03-02 00:57:22.087248+00:00,2025-03-02 09:36:00.986468+00:00
1130053,fairy tale,2025-03-02 00:57:22.087248+00:00,2025-03-02 09:36:00.986468+00:00
1130053,evil force,2025-03-02 00:57:22.087248+00:00,2025-03-02 09:36:00.986468+00:00
1130053,dark magic,2025-03-02 00:57:22.087248+00:00,2025-03-02 09:36:00.986468+00:00
1130899,horror,2025-03-02 00:57:22.087248+00:00,2025-03-02 09:36:00.986468+00:00
1130899,cassette tape,2025-03-02 00:57:22.087248+00:00,2025-03-02 09:36:00.986468+00:00
1134409,boys' love (bl),2025-03-02 00:57:22.087248+00:00,2025-03-02 09:36:00.986468+00:00
1134433,exorcism,2025-03-02 00:57:22.087248+00:00,2025-03-02 09:36:00.986468+00:00
1134433,frightened,2025-03-02 00:57:22.087248+00:00,2025-03-02 09:36:00.986468+00:00
1136558,horror,2025-03-02 00:57:22.087248+00:00,2025-03-02 09:36:00.986468+00:00
1137142,masked killer,2025-03-02 00:57:22.087248+00:00,2025-03-02 09:36:00.986468+00:00
1137142,lawyer,2025-03-02 00:57:22.087248+00:00,2025-03-02 09:36:00.986468+00:00
1137142,based on novel or book,2025-03-02 00:57:22.087248+00:00,2025-03-02 09:36:00.986468+00:00
1137142,revenge,2025-03-02 00:57:22.087248+00:00,2025-03-02 09:36:00.986468+00:00
1137142,serial killer,2025-03-02 00:57:22.087248+00:00,2025-03-02 09:36:00.986468+00:00
1137142,psychopath,2025-03-02 00:57:22.087248+00:00,2025-03-02 09:36:00.986468+00:00
1137172,concert film,2025-03-02 00:57:22.087248+00:00,2025-03-02 09:36:00.986468+00:00
1137172,k-pop,2025-03-02 00:57:22.087248+00:00,2025-03-02 09:36:00.986468+00:00
1137172,behind the scenes,2025-03-02 00:57:22.087248+00:00,2025-03-02 09:36:00.986468+00:00
1137172,girl group,2025-03-02 00:57:22.087248+00:00,2025-03-02 09:36:00.986468+00:00
1137172,mamamoo,2025-03-02 00:57:22.087248+00:00,2025-03-02 09:36:00.986468+00:00
1138194,faith,2025-03-02 00:57:22.087248+00:00,2025-03-02 09:36:00.986468+00:00
1138194,eccentric man,2025-03-02 00:57:22.087248+00:00,2025-03-02 09:36:00.986468+00:00
1138194,religion,2025-03-02 00:57:22.087248+00:00,2025-03-02 09:36:00.986468+00:00
1138194,cat and mouse,2025-03-02 00:57:22.087248+00:00,2025-03-02 09:36:00.986468+00:00
1138194,mormon missionary,2025-03-02 00:57:22.087248+00:00,2025-03-02 09:36:00.986468+00:00
1138194,affectation,2025-03-02 00:57:22.087248+00:00,2025-03-02 09:36:00.986468+00:00
1138194,foreboding,2025-03-02 00:57:22.087248+00:00,2025-03-02 09:36:00.986468+00:00
1138194,frightened,2025-03-02 00:57:22.087248+00:00,2025-03-02 09:36:00.986468+00:00
1138194,women of faith,2025-03-02 00:57:22.087248+00:00,2025-03-02 09:36:00.986468+00:00
1140535,entity,2025-03-02 00:57:22.087248+00:00,2025-03-02 09:36:00.986468+00:00
1140535,horror,2025-03-02 00:57:22.087248+00:00,2025-03-02 09:36:00.986468+00:00
1140535,voyeurism,2025-03-02 00:57:22.087248+00:00,2025-03-02 09:36:00.986468+00:00
1140535,new jersey,2025-03-02 00:57:22.087248+00:00,2025-03-02 09:36:00.986468+00:00
1140535,ghost,2025-03-02 00:57:22.087248+00:00,2025-03-02 09:36:00.986468+00:00
1140535,drugging someone,2025-03-02 00:57:22.087248+00:00,2025-03-02 09:36:00.986468+00:00
1140535,real estate agent,2025-03-02 00:57:22.087248+00:00,2025-03-02 09:36:00.986468+00:00
1140535,family dynamics,2025-03-02 00:57:22.087248+00:00,2025-03-02 09:36:00.986468+00:00
1140535,father daughter relationship,2025-03-02 00:57:22.087248+00:00,2025-03-02 09:36:00.986468+00:00
1140535,brother sister relationship,2025-03-02 00:57:22.087248+00:00,2025-03-02 09:36:00.986468+00:00
1140535,death,2025-03-02 00:57:22.087248+00:00,2025-03-02 09:36:00.986468+00:00
1140535,husband wife relationship,2025-03-02 00:57:22.087248+00:00,2025-03-02 09:36:00.986468+00:00
1140535,mother daughter relationship,2025-03-02 00:57:22.087248+00:00,2025-03-02 09:36:00.986468+00:00
1140535,mother son relationship,2025-03-02 00:57:22.087248+00:00,2025-03-02 09:36:00.986468+00:00
1140535,first person view,2025-03-02 00:57:22.087248+00:00,2025-03-02 09:36:00.986468+00:00
1140535,interracial marriage,2025-03-02 00:57:22.087248+00:00,2025-03-02 09:36:00.986468+00:00
1140535,death of best friend,2025-03-02 00:57:22.087248+00:00,2025-03-02 09:36:00.986468+00:00
1140535,grief,2025-03-02 00:57:22.087248+00:00,2025-03-02 09:36:00.986468+00:00
1140535,psychological horror,2025-03-02 00:57:22.087248+00:00,2025-03-02 09:36:00.986468+00:00
1140535,experimental cinema,2025-03-02 00:57:22.087248+00:00,2025-03-02 09:36:00.986468+00:00
1140535,supernatural horror,2025-03-02 00:57:22.087248+00:00,2025-03-02 09:36:00.986468+00:00
1140535,psychological thriller,2025-03-02 00:57:22.087248+00:00,2025-03-02 09:36:00.986468+00:00
1140535,haunted house,2025-03-02 00:57:22.087248+00:00,2025-03-02 09:36:00.986468+00:00
1143959,religious,2025-03-02 00:57:22.087248+00:00,2025-03-02 09:36:00.986468+00:00
1143959,peninsula,2025-03-02 00:57:22.087248+00:00,2025-03-02 09:36:00.986468+00:00
1143959,curse,2025-03-02 00:57:22.087248+00:00,2025-03-02 09:36:00.986468+00:00
1143959,mansion,2025-03-02 00:57:22.087248+00:00,2025-03-02 09:36:00.986468+00:00
1145026,nursing home,2025-03-02 00:57:22.087248+00:00,2025-03-02 09:36:00.986468+00:00
1145026,disability,2025-03-02 00:57:22.087248+00:00,2025-03-02 09:36:00.986468+00:00
1146410,philosophy,2025-03-02 00:57:22.087248+00:00,2025-03-02 09:36:00.986468+00:00
1146410,repetition,2025-03-02 00:57:22.087248+00:00,2025-03-02 09:36:00.986468+00:00
1146410,study abroad,2025-03-02 00:57:22.087248+00:00,2025-03-02 09:36:00.986468+00:00
1146410,teacher,2025-03-02 00:57:22.087248+00:00,2025-03-02 09:36:00.986468+00:00
1146410,self-discovery,2025-03-02 00:57:22.087248+00:00,2025-03-02 09:36:00.986468+00:00
1146410,korea,2025-03-02 00:57:22.087248+00:00,2025-03-02 09:36:00.986468+00:00
1146410,ideology,2025-03-02 00:57:22.087248+00:00,2025-03-02 09:36:00.986468+00:00
1146972,gundam,2025-03-02 00:57:22.087248+00:00,2025-03-02 09:36:00.986468+00:00
1146972,mind control,2025-03-02 00:57:22.087248+00:00,2025-03-02 09:36:00.986468+00:00
1146972,eugenics,2025-03-02 00:57:22.087248+00:00,2025-03-02 09:36:00.986468+00:00
1146972,free will,2025-03-02 00:57:22.087248+00:00,2025-03-02 09:36:00.986468+00:00
1146972,genetic engineering,2025-03-02 00:57:22.087248+00:00,2025-03-02 09:36:00.986468+00:00
1146972,mecha,2025-03-02 00:57:22.087248+00:00,2025-03-02 09:36:00.986468+00:00
1146972,real robot,2025-03-02 00:57:22.087248+00:00,2025-03-02 09:36:00.986468+00:00
1146972,love,2025-03-02 00:57:22.087248+00:00,2025-03-02 09:36:00.986468+00:00
1146972,sequel,2025-03-02 00:57:22.087248+00:00,2025-03-02 09:36:00.986468+00:00
1146972,based on tv series,2025-03-02 00:57:22.087248+00:00,2025-03-02 09:36:00.986468+00:00
1146972,anime,2025-03-02 00:57:22.087248+00:00,2025-03-02 09:36:00.986468+00:00
1147710,hijacking,2025-03-02 00:57:22.087248+00:00,2025-03-02 09:36:00.986468+00:00
1147710,inter-korean relations,2025-03-02 00:57:22.087248+00:00,2025-03-02 09:36:00.986468+00:00
1147710,terrorist bombing,2025-03-02 00:57:22.087248+00:00,2025-03-02 09:36:00.986468+00:00
1147710,1970s,2025-03-02 00:57:22.087248+00:00,2025-03-02 09:36:00.986468+00:00
1147710,airplane,2025-03-02 00:57:22.087248+00:00,2025-03-02 09:36:00.986468+00:00
1147710,airplane hijacking,2025-03-02 00:57:22.087248+00:00,2025-03-02 09:36:00.986468+00:00
1148588,toy factory,2025-03-02 00:57:22.087248+00:00,2025-03-02 09:36:00.986468+00:00
1148588,anime,2025-03-02 00:57:22.087248+00:00,2025-03-02 09:36:00.986468+00:00
1148677,anime,2025-03-02 00:57:22.087248+00:00,2025-03-02 09:36:00.986468+00:00
1148677,music,2025-03-02 00:57:22.087248+00:00,2025-03-02 09:36:00.986468+00:00
1148677,school,2025-03-02 00:57:22.087248+00:00,2025-03-02 09:36:00.986468+00:00
1148677,gadget,2025-03-02 00:57:22.087248+00:00,2025-03-02 09:36:00.986468+00:00
1148677,based on manga,2025-03-02 00:57:22.087248+00:00,2025-03-02 09:36:00.986468+00:00
1148817,biker gangs,2025-03-02 00:57:22.087248+00:00,2025-03-02 09:36:00.986468+00:00
1148817,gangster,2025-03-02 00:57:22.087248+00:00,2025-03-02 09:36:00.986468+00:00
1148817,gang,2025-03-02 00:57:22.087248+00:00,2025-03-02 09:36:00.986468+00:00
1148817,based on true story,2025-03-02 00:57:22.087248+00:00,2025-03-02 09:36:00.986468+00:00
1148817,bully,2025-03-02 00:57:22.087248+00:00,2025-03-02 09:36:00.986468+00:00
1148817,spirit,2025-03-02 00:57:22.087248+00:00,2025-03-02 09:36:00.986468+00:00
1148817,bullying,2025-03-02 00:57:22.087248+00:00,2025-03-02 09:36:00.986468+00:00
1148817,based on real person,2025-03-02 00:57:22.087248+00:00,2025-03-02 09:36:00.986468+00:00
1148817,motorcycle gang,2025-03-02 00:57:22.087248+00:00,2025-03-02 09:36:00.986468+00:00
1148817,wandering,2025-03-02 00:57:22.087248+00:00,2025-03-02 09:36:00.986468+00:00
1148817,motorcycle accident,2025-03-02 00:57:22.087248+00:00,2025-03-02 09:36:00.986468+00:00
1153325,1940s,2025-03-02 00:57:22.087248+00:00,2025-03-02 09:36:00.986468+00:00
1154154,based on novel or book,2025-03-02 00:57:22.087248+00:00,2025-03-02 09:36:00.986468+00:00
1154154,lgbt,2025-03-02 00:57:22.087248+00:00,2025-03-02 09:36:00.986468+00:00
1154154,boys' love (bl),2025-03-02 00:57:22.087248+00:00,2025-03-02 09:36:00.986468+00:00
1154154,gay romance,2025-03-02 00:57:22.087248+00:00,2025-03-02 09:36:00.986468+00:00
1154154,roommates,2025-03-02 00:57:22.087248+00:00,2025-03-02 09:36:00.986468+00:00
1154154,itaewon,2025-03-02 00:57:22.087248+00:00,2025-03-02 09:36:00.986468+00:00
1154154,gay theme,2025-03-02 00:57:22.087248+00:00,2025-03-02 09:36:00.986468+00:00
1155235,1920s,2025-03-02 00:57:22.087248+00:00,2025-03-02 09:36:00.986468+00:00
1155235,massacre,2025-03-02 00:57:22.087248+00:00,2025-03-02 09:36:00.986468+00:00
1155235,great kantō earthquake,2025-03-02 00:57:22.087248+00:00,2025-03-02 09:36:00.986468+00:00
1156125,multiple perspectives,2025-03-02 00:57:22.087248+00:00,2025-03-02 09:36:00.986468+00:00
1156125,village,2025-03-02 00:57:22.087248+00:00,2025-03-02 09:36:00.986468+00:00
1156125,father daughter relationship,2025-03-02 00:57:22.087248+00:00,2025-03-02 09:36:00.986468+00:00
1156125,winter,2025-03-02 00:57:22.087248+00:00,2025-03-02 09:36:00.986468+00:00
1156125,urbanism,2025-03-02 00:57:22.087248+00:00,2025-03-02 09:36:00.986468+00:00
1156189,piano,2025-03-02 00:57:22.087248+00:00,2025-03-02 09:36:00.986468+00:00
1156189,live soundtrack,2025-03-02 00:57:22.087248+00:00,2025-03-02 09:36:00.986468+00:00
1156189,instrumental music,2025-03-02 00:57:22.087248+00:00,2025-03-02 09:36:00.986468+00:00
1156189,concert film,2025-03-02 00:57:22.087248+00:00,2025-03-02 09:36:00.986468+00:00
1156807,k-pop,2025-03-02 00:57:22.087248+00:00,2025-03-02 09:36:00.986468+00:00
1156807,music documentary,2025-03-02 00:57:22.087248+00:00,2025-03-02 09:36:00.986468+00:00
1160018,action hero,2025-03-02 00:57:22.087248+00:00,2025-03-02 09:36:00.986468+00:00
1160018,aggressive,2025-03-02 00:57:22.087248+00:00,2025-03-02 09:36:00.986468+00:00
1160018,train,2025-03-02 00:57:22.087248+00:00,2025-03-02 09:36:00.986468+00:00
1160018,train robbery,2025-03-02 00:57:22.087248+00:00,2025-03-02 09:36:00.986468+00:00
1160018,one man army,2025-03-02 00:57:22.087248+00:00,2025-03-02 09:36:00.986468+00:00
1160018,bollywood,2025-03-02 00:57:22.087248+00:00,2025-03-02 09:36:00.986468+00:00
1160018,relationship,2025-03-02 00:57:22.087248+00:00,2025-03-02 09:36:00.986468+00:00
1160018,high octane,2025-03-02 00:57:22.087248+00:00,2025-03-02 09:36:00.986468+00:00
1162322,independent film,2025-03-02 00:57:22.087248+00:00,2025-03-02 09:36:00.986468+00:00
1162322,faith,2025-03-02 00:57:22.087248+00:00,2025-03-02 09:36:00.986468+00:00
1162322,christian faith,2025-03-02 00:57:22.087248+00:00,2025-03-02 09:36:00.986468+00:00
1162322,psychology,2025-03-02 00:57:22.087248+00:00,2025-03-02 09:36:00.986468+00:00
1162322,death,2025-03-02 00:57:22.087248+00:00,2025-03-02 09:36:00.986468+00:00
1162322,docufiction,2025-03-02 00:57:22.087248+00:00,2025-03-02 09:36:00.986468+00:00
1162322,duringcreditsstinger,2025-03-02 00:57:22.087248+00:00,2025-03-02 09:36:00.986468+00:00
1162322,suicide,2025-03-02 00:57:22.087248+00:00,2025-03-02 09:36:00.986468+00:00
1162322,afterlife,2025-03-02 00:57:22.087248+00:00,2025-03-02 09:36:00.986468+00:00
1162322,docudrama,2025-03-02 00:57:22.087248+00:00,2025-03-02 09:36:00.986468+00:00
1162322,christian propaganda,2025-03-02 00:57:22.087248+00:00,2025-03-02 09:36:00.986468+00:00
1163269,based on manga,2025-03-02 00:57:22.087248+00:00,2025-03-02 09:36:00.986468+00:00
1163269,novelist,2025-03-02 00:57:22.087248+00:00,2025-03-02 09:36:00.986468+00:00
1163269,niece,2025-03-02 00:57:22.087248+00:00,2025-03-02 09:36:00.986468+00:00
1163269,aunt niece relationship,2025-03-02 00:57:22.087248+00:00,2025-03-02 09:36:00.986468+00:00
1163269,writer,2025-03-02 00:57:22.087248+00:00,2025-03-02 09:36:00.986468+00:00
1164355,haunting,2025-03-02 00:57:22.087248+00:00,2025-03-02 09:36:00.986468+00:00
1164355,haunted hospital,2025-03-02 00:57:22.087248+00:00,2025-03-02 09:36:00.986468+00:00
1164355,based on novel or book,2025-03-02 00:57:22.087248+00:00,2025-03-02 09:36:00.986468+00:00
1164355,female protagonist,2025-03-02 00:57:22.087248+00:00,2025-03-02 09:36:00.986468+00:00
1164355,ghost,2025-03-02 00:57:22.087248+00:00,2025-03-02 09:36:00.986468+00:00
1164355,terror,2025-03-02 00:57:22.087248+00:00,2025-03-02 09:36:00.986468+00:00
1164355,hospital,2025-03-02 00:57:22.087248+00:00,2025-03-02 09:36:00.986468+00:00
1164355,based on twitter thread,2025-03-02 00:57:22.087248+00:00,2025-03-02 09:36:00.986468+00:00
1165466,young activists,2025-03-02 00:57:22.087248+00:00,2025-03-02 09:36:00.986468+00:00
1165466,slasher,2025-03-02 00:57:22.087248+00:00,2025-03-02 09:36:00.986468+00:00
1165466,revenge murderer,2025-03-02 00:57:22.087248+00:00,2025-03-02 09:36:00.986468+00:00
1165466,home invasion,2025-03-02 00:57:22.087248+00:00,2025-03-02 09:36:00.986468+00:00
1166073,bank heist,2025-03-02 00:57:22.087248+00:00,2025-03-02 09:36:00.986468+00:00
1166073,witty,2025-03-02 00:57:22.087248+00:00,2025-03-02 09:36:00.986468+00:00
1167366,space,2025-03-02 00:57:22.087248+00:00,2025-03-02 09:36:00.986468+00:00
1167366,planet,2025-03-02 00:57:22.087248+00:00,2025-03-02 09:36:00.986468+00:00
1167366,girls love,2025-03-02 00:57:22.087248+00:00,2025-03-02 09:36:00.986468+00:00
1167366,lesbian,2025-03-02 00:57:22.087248+00:00,2025-03-02 09:36:00.986468+00:00
1167366,science fiction,2025-03-02 00:57:22.087248+00:00,2025-03-02 09:36:00.986468+00:00
1167366,galaxy,2025-03-02 00:57:22.087248+00:00,2025-03-02 09:36:00.986468+00:00
1168166,dance,2025-03-02 00:57:22.087248+00:00,2025-03-02 09:36:00.986468+00:00
1168166,horror anthology,2025-03-02 00:57:22.087248+00:00,2025-03-02 09:36:00.986468+00:00
1168166,high school student,2025-03-02 00:57:22.087248+00:00,2025-03-02 09:36:00.986468+00:00
1168166,mukbang,2025-03-02 00:57:22.087248+00:00,2025-03-02 09:36:00.986468+00:00
1168166,doppelgänger,2025-03-02 00:57:22.087248+00:00,2025-03-02 09:36:00.986468+00:00
1168166,gym,2025-03-02 00:57:22.087248+00:00,2025-03-02 09:36:00.986468+00:00
1168166,rehabilitation,2025-03-02 00:57:22.087248+00:00,2025-03-02 09:36:00.986468+00:00
1168166,ghost,2025-03-02 00:57:22.087248+00:00,2025-03-02 09:36:00.986468+00:00
1168166,experiment,2025-03-02 00:57:22.087248+00:00,2025-03-02 09:36:00.986468+00:00
1168166,gluttony,2025-03-02 00:57:22.087248+00:00,2025-03-02 09:36:00.986468+00:00
1168166,anthology,2025-03-02 00:57:22.087248+00:00,2025-03-02 09:36:00.986468+00:00
1168166,youtuber,2025-03-02 00:57:22.087248+00:00,2025-03-02 09:36:00.986468+00:00
1168166,based on webcomic or webtoon,2025-03-02 00:57:22.087248+00:00,2025-03-02 09:36:00.986468+00:00
1168166,taxi driver,2025-03-02 00:57:22.087248+00:00,2025-03-02 09:36:00.986468+00:00
1168166,tiktok,2025-03-02 00:57:22.087248+00:00,2025-03-02 09:36:00.986468+00:00
1169340,film making,2025-03-02 00:57:22.087248+00:00,2025-03-02 09:36:00.986468+00:00
1169340,muism,2025-03-02 00:57:22.087248+00:00,2025-03-02 09:36:00.986468+00:00
1176166,village,2025-03-02 00:57:22.087248+00:00,2025-03-02 09:36:00.986468+00:00
1176166,haunting,2025-03-02 00:57:22.087248+00:00,2025-03-02 09:36:00.986468+00:00
1176166,based on twitter thread,2025-03-02 00:57:22.087248+00:00,2025-03-02 09:36:00.986468+00:00
1176166,prequel,2025-03-02 00:57:22.087248+00:00,2025-03-02 09:36:00.986468+00:00
1176166,dance,2025-03-02 00:57:22.087248+00:00,2025-03-02 09:36:00.986468+00:00
1176166,forest,2025-03-02 00:57:22.087248+00:00,2025-03-02 09:36:00.986468+00:00
1176166,ghost,2025-03-02 00:57:22.087248+00:00,2025-03-02 09:36:00.986468+00:00
1176166,traditional dancer,2025-03-02 00:57:22.087248+00:00,2025-03-02 09:36:00.986468+00:00
1176166,supernatural thriller,2025-03-02 00:57:22.087248+00:00,2025-03-02 09:36:00.986468+00:00
1176166,dancing,2025-03-02 00:57:22.087248+00:00,2025-03-02 09:36:00.986468+00:00
1176166,based on novel or book,2025-03-02 00:57:22.087248+00:00,2025-03-02 09:36:00.986468+00:00
1176166,traditional dance,2025-03-02 00:57:22.087248+00:00,2025-03-02 09:36:00.986468+00:00
1176166,dance ritual,2025-03-02 00:57:22.087248+00:00,2025-03-02 09:36:00.986468+00:00
1176166,terror,2025-03-02 00:57:22.087248+00:00,2025-03-02 09:36:00.986468+00:00
1176166,snake,2025-03-02 00:57:22.087248+00:00,2025-03-02 09:36:00.986468+00:00
1176166,supernatural horror,2025-03-02 00:57:22.087248+00:00,2025-03-02 09:36:00.986468+00:00
1178574,based on true story,2025-03-02 00:57:22.087248+00:00,2025-03-02 09:36:00.986468+00:00
1178574,sole survivor,2025-03-02 00:57:22.087248+00:00,2025-03-02 09:36:00.986468+00:00
1178574,biography,2025-03-02 00:57:22.087248+00:00,2025-03-02 09:36:00.986468+00:00
1178574,based on real person,2025-03-02 00:57:22.087248+00:00,2025-03-02 09:36:00.986468+00:00
1178574,murder,2025-03-02 00:57:22.087248+00:00,2025-03-02 09:36:00.986468+00:00
1182047,mentor protégé relationship,2025-03-02 00:57:22.087248+00:00,2025-03-02 09:36:00.986468+00:00
1182047,rape,2025-03-02 00:57:22.087248+00:00,2025-03-02 09:36:00.986468+00:00
1182047,funeral,2025-03-02 00:57:22.087248+00:00,2025-03-02 09:36:00.986468+00:00
1182047,degenerate,2025-03-02 00:57:22.087248+00:00,2025-03-02 09:36:00.986468+00:00
1182047,marital rape,2025-03-02 00:57:22.087248+00:00,2025-03-02 09:36:00.986468+00:00
1182047,new york city,2025-03-02 00:57:22.087248+00:00,2025-03-02 09:36:00.986468+00:00
1182047,politics,2025-03-02 00:57:22.087248+00:00,2025-03-02 09:36:00.986468+00:00
1182047,father son relationship,2025-03-02 00:57:22.087248+00:00,2025-03-02 09:36:00.986468+00:00
1182047,corruption,2025-03-02 00:57:22.087248+00:00,2025-03-02 09:36:00.986468+00:00
1182047,aids,2025-03-02 00:57:22.087248+00:00,2025-03-02 09:36:00.986468+00:00
1182047,wiretapping,2025-03-02 00:57:22.087248+00:00,2025-03-02 09:36:00.986468+00:00
1182047,biography,2025-03-02 00:57:22.087248+00:00,2025-03-02 09:36:00.986468+00:00
1182047,atlantic city,2025-03-02 00:57:22.087248+00:00,2025-03-02 09:36:00.986468+00:00
1182047,lawyer,2025-03-02 00:57:22.087248+00:00,2025-03-02 09:36:00.986468+00:00
1182047,brother brother relationship,2025-03-02 00:57:22.087248+00:00,2025-03-02 09:36:00.986468+00:00
1182047,1980s,2025-03-02 00:57:22.087248+00:00,2025-03-02 09:36:00.986468+00:00
1182047,malfeasance,2025-03-02 00:57:22.087248+00:00,2025-03-02 09:36:00.986468+00:00
1182047,blackmail,2025-03-02 00:57:22.087248+00:00,2025-03-02 09:36:00.986468+00:00
1182047,death of brother,2025-03-02 00:57:22.087248+00:00,2025-03-02 09:36:00.986468+00:00
1182047,closeted homosexual,2025-03-02 00:57:22.087248+00:00,2025-03-02 09:36:00.986468+00:00
1182047,absurd,2025-03-02 00:57:22.087248+00:00,2025-03-02 09:36:00.986468+00:00
1182047,bribery,2025-03-02 00:57:22.087248+00:00,2025-03-02 09:36:00.986468+00:00
1182047,debt,2025-03-02 00:57:22.087248+00:00,2025-03-02 09:36:00.986468+00:00
1182047,based on true story,2025-03-02 00:57:22.087248+00:00,2025-03-02 09:36:00.986468+00:00
1182047,discrimination,2025-03-02 00:57:22.087248+00:00,2025-03-02 09:36:00.986468+00:00
1182047,misogyny,2025-03-02 00:57:22.087248+00:00,2025-03-02 09:36:00.986468+00:00
1182047,real estate,2025-03-02 00:57:22.087248+00:00,2025-03-02 09:36:00.986468+00:00
1182047,hiv/aids epidemic,2025-03-02 00:57:22.087248+00:00,2025-03-02 09:36:00.986468+00:00
1182047,character study,2025-03-02 00:57:22.087248+00:00,2025-03-02 09:36:00.986468+00:00
1182047,1970s,2025-03-02 00:57:22.087248+00:00,2025-03-02 09:36:00.986468+00:00
1184918,sarcastic,2025-03-02 00:57:22.087248+00:00,2025-03-02 09:36:00.986468+00:00
1184918,traditional parenting,2025-03-02 00:57:22.087248+00:00,2025-03-02 09:36:00.986468+00:00
1184918,female villain,2025-03-02 00:57:22.087248+00:00,2025-03-02 09:36:00.986468+00:00
1184918,based on children's book,2025-03-02 00:57:22.087248+00:00,2025-03-02 09:36:00.986468+00:00
1184918,aftercreditsstinger,2025-03-02 00:57:22.087248+00:00,2025-03-02 09:36:00.986468+00:00
1184918,adopted son,2025-03-02 00:57:22.087248+00:00,2025-03-02 09:36:00.986468+00:00
1184918,complex,2025-03-02 00:57:22.087248+00:00,2025-03-02 09:36:00.986468+00:00
1184918,kids,2025-03-02 00:57:22.087248+00:00,2025-03-02 09:36:00.986468+00:00
1184918,duringcreditsstinger,2025-03-02 00:57:22.087248+00:00,2025-03-02 09:36:00.986468+00:00
1184918,admiring,2025-03-02 00:57:22.087248+00:00,2025-03-02 09:36:00.986468+00:00
1184918,familiar,2025-03-02 00:57:22.087248+00:00,2025-03-02 09:36:00.986468+00:00
1184918,robot,2025-03-02 00:57:22.087248+00:00,2025-03-02 09:36:00.986468+00:00
1184918,villain,2025-03-02 00:57:22.087248+00:00,2025-03-02 09:36:00.986468+00:00
1185957,hong kong protests,2025-03-02 00:57:22.087248+00:00,2025-03-02 09:36:00.986468+00:00
1186850,japanese culture,2025-03-02 00:57:22.087248+00:00,2025-03-02 09:36:00.986468+00:00
1186850,japan,2025-03-02 00:57:22.087248+00:00,2025-03-02 09:36:00.986468+00:00
1186850,children education,2025-03-02 00:57:22.087248+00:00,2025-03-02 09:36:00.986468+00:00
1186850,school kids,2025-03-02 00:57:22.087248+00:00,2025-03-02 09:36:00.986468+00:00
1186850,public education,2025-03-02 00:57:22.087248+00:00,2025-03-02 09:36:00.986468+00:00
1186850,"tokyo, japan",2025-03-02 00:57:22.087248+00:00,2025-03-02 09:36:00.986468+00:00
1186850,social documentary,2025-03-02 00:57:22.087248+00:00,2025-03-02 09:36:00.986468+00:00
1186850,social & cultural documentary,2025-03-02 00:57:22.087248+00:00,2025-03-02 09:36:00.986468+00:00
1186850,children learning,2025-03-02 00:57:22.087248+00:00,2025-03-02 09:36:00.986468+00:00
1186850,japanese society,2025-03-02 00:57:22.087248+00:00,2025-03-02 09:36:00.986468+00:00
1186850,japanese school,2025-03-02 00:57:22.087248+00:00,2025-03-02 09:36:00.986468+00:00
1186850,empowerment,2025-03-02 00:57:22.087248+00:00,2025-03-02 09:36:00.986468+00:00
1186850,primary education,2025-03-02 00:57:22.087248+00:00,2025-03-02 09:36:00.986468+00:00
1186850,traditional values,2025-03-02 00:57:22.087248+00:00,2025-03-02 09:36:00.986468+00:00
1186850,elementary schools in japan,2025-03-02 00:57:22.087248+00:00,2025-03-02 09:36:00.986468+00:00
1186850,education,2025-03-02 00:57:22.087248+00:00,2025-03-02 09:36:00.986468+00:00
1187970,marriage,2025-03-02 00:57:22.087248+00:00,2025-03-02 09:36:00.986468+00:00
1187970,big family,2025-03-02 00:57:22.087248+00:00,2025-03-02 09:36:00.986468+00:00
1187970,based on short,2025-03-02 00:57:22.087248+00:00,2025-03-02 09:36:00.986468+00:00
1187970,sequel,2025-03-02 00:57:22.087248+00:00,2025-03-02 09:36:00.986468+00:00
1188019,woodblock print,2025-03-02 00:57:22.087248+00:00,2025-03-02 09:36:00.986468+00:00
1188456,japan,2025-03-02 00:57:22.087248+00:00,2025-03-02 09:36:00.986468+00:00
1201210,exorcism,2025-03-02 00:57:22.087248+00:00,2025-03-02 09:36:00.986468+00:00
1201210,based on novel or book,2025-03-02 00:57:22.087248+00:00,2025-03-02 09:36:00.986468+00:00
1201210,onmyōji,2025-03-02 00:57:22.087248+00:00,2025-03-02 09:36:00.986468+00:00
1203439,taiwan,2025-03-02 00:57:22.087248+00:00,2025-03-02 09:36:00.986468+00:00
1208994,living off the grid,2025-03-02 00:57:22.087248+00:00,2025-03-02 09:36:00.986468+00:00
1208994,coming of age,2025-03-02 00:57:22.087248+00:00,2025-03-02 09:36:00.986468+00:00
1208994,family,2025-03-02 00:57:22.087248+00:00,2025-03-02 09:36:00.986468+00:00
1208994,single father,2025-03-02 00:57:22.087248+00:00,2025-03-02 09:36:00.986468+00:00
1208994,cancer,2025-03-02 00:57:22.087248+00:00,2025-03-02 09:36:00.986468+00:00
1210309,live film,2025-03-02 00:57:22.087248+00:00,2025-03-02 09:36:00.986468+00:00
1210309,concert,2025-03-02 00:57:22.087248+00:00,2025-03-02 09:36:00.986468+00:00
1210973,single mother,2025-03-02 00:57:22.087248+00:00,2025-03-02 09:36:00.986468+00:00
1210973,life,2025-03-02 00:57:22.087248+00:00,2025-03-02 09:36:00.986468+00:00
1210973,women,2025-03-02 00:57:22.087248+00:00,2025-03-02 09:36:00.986468+00:00
1210973,feminist,2025-03-02 00:57:22.087248+00:00,2025-03-02 09:36:00.986468+00:00
1210973,lgbt,2025-03-02 00:57:22.087248+00:00,2025-03-02 09:36:00.986468+00:00
1211650,historical,2025-03-02 00:57:22.087248+00:00,2025-03-02 09:36:00.986468+00:00
1211650,based on manga,2025-03-02 00:57:22.087248+00:00,2025-03-02 09:36:00.986468+00:00
1211650,compilation,2025-03-02 00:57:22.087248+00:00,2025-03-02 09:36:00.986468+00:00
1211650,showbiz,2025-03-02 00:57:22.087248+00:00,2025-03-02 09:36:00.986468+00:00
1211650,anime,2025-03-02 00:57:22.087248+00:00,2025-03-02 09:36:00.986468+00:00
1211650,edited from tv series,2025-03-02 00:57:22.087248+00:00,2025-03-02 09:36:00.986468+00:00
1211650,seinen,2025-03-02 00:57:22.087248+00:00,2025-03-02 09:36:00.986468+00:00
1211650,slice of life,2025-03-02 00:57:22.087248+00:00,2025-03-02 09:36:00.986468+00:00
1211716,based on manga,2025-03-02 00:57:22.087248+00:00,2025-03-02 09:36:00.986468+00:00
1211716,anime,2025-03-02 00:57:22.087248+00:00,2025-03-02 09:36:00.986468+00:00
1211716,yuri,2025-03-02 00:57:22.087248+00:00,2025-03-02 09:36:00.986468+00:00
1211716,spin off,2025-03-02 00:57:22.087248+00:00,2025-03-02 09:36:00.986468+00:00
1211716,sisters,2025-03-02 00:57:22.087248+00:00,2025-03-02 09:36:00.986468+00:00
1211716,shoujo-ai,2025-03-02 00:57:22.087248+00:00,2025-03-02 09:36:00.986468+00:00
1211716,slice of life,2025-03-02 00:57:22.087248+00:00,2025-03-02 09:36:00.986468+00:00
1211728,demonic possession,2025-03-02 00:57:22.087248+00:00,2025-03-02 09:36:00.986468+00:00
1211728,sequel,2025-03-02 00:57:22.087248+00:00,2025-03-02 09:36:00.986468+00:00
1212497,transfer student,2025-03-02 00:57:22.087248+00:00,2025-03-02 09:36:00.986468+00:00
1214266,writer,2025-03-02 00:57:22.087248+00:00,2025-03-02 09:36:00.986468+00:00
1214266,gay theme,2025-03-02 00:57:22.087248+00:00,2025-03-02 09:36:00.986468+00:00
1214266,boys' love (bl),2025-03-02 00:57:22.087248+00:00,2025-03-02 09:36:00.986468+00:00
1214266,lgbt,2025-03-02 00:57:22.087248+00:00,2025-03-02 09:36:00.986468+00:00
1214499,systemic corruption,2025-03-02 00:57:22.087248+00:00,2025-03-02 09:36:00.986468+00:00
1214499,japan,2025-03-02 00:57:22.087248+00:00,2025-03-02 09:36:00.986468+00:00
1214499,sexual assault,2025-03-02 00:57:22.087248+00:00,2025-03-02 09:36:00.986468+00:00
1214499,human rights,2025-03-02 00:57:22.087248+00:00,2025-03-02 09:36:00.986468+00:00
1214499,sexual violence,2025-03-02 00:57:22.087248+00:00,2025-03-02 09:36:00.986468+00:00
1214499,justice,2025-03-02 00:57:22.087248+00:00,2025-03-02 09:36:00.986468+00:00
1214499,woman director,2025-03-02 00:57:22.087248+00:00,2025-03-02 09:36:00.986468+00:00
1214499,disgusted,2025-03-02 00:57:22.087248+00:00,2025-03-02 09:36:00.986468+00:00
1214499,corrupt legal system,2025-03-02 00:57:22.087248+00:00,2025-03-02 09:36:00.986468+00:00
1214499,gender equality,2025-03-02 00:57:22.087248+00:00,2025-03-02 09:36:00.986468+00:00
1214499,accountability,2025-03-02 00:57:22.087248+00:00,2025-03-02 09:36:00.986468+00:00
1214499,fight for justice,2025-03-02 00:57:22.087248+00:00,2025-03-02 09:36:00.986468+00:00
1214499,me too movement,2025-03-02 00:57:22.087248+00:00,2025-03-02 09:36:00.986468+00:00
1214499,female journalist,2025-03-02 00:57:22.087248+00:00,2025-03-02 09:36:00.986468+00:00
1216443,child of deaf adult,2025-03-02 00:57:22.087248+00:00,2025-03-02 09:36:00.986468+00:00
1216443,"miyagi, japan",2025-03-02 00:57:22.087248+00:00,2025-03-02 09:36:00.986468+00:00
1216443,based on novel or book,2025-03-02 00:57:22.087248+00:00,2025-03-02 09:36:00.986468+00:00
1216623,based on novel or book,2025-03-02 00:57:22.087248+00:00,2025-03-02 09:36:00.986468+00:00
1216623,idol,2025-03-02 00:57:22.087248+00:00,2025-03-02 09:36:00.986468+00:00
1216623,idol group,2025-03-02 00:57:22.087248+00:00,2025-03-02 09:36:00.986468+00:00
1216623,anime,2025-03-02 00:57:22.087248+00:00,2025-03-02 09:36:00.986468+00:00
1219522,folk horror,2025-03-02 00:57:22.087248+00:00,2025-03-02 09:36:00.986468+00:00
1219522,manga,2025-03-02 00:57:22.087248+00:00,2025-03-02 09:36:00.986468+00:00
1219522,ritual,2025-03-02 00:57:22.087248+00:00,2025-03-02 09:36:00.986468+00:00
1221404,kindergarten,2025-03-02 00:57:22.087248+00:00,2025-03-02 09:36:00.986468+00:00
1221404,anime,2025-03-02 00:57:22.087248+00:00,2025-03-02 09:36:00.986468+00:00
1221404,seinen,2025-03-02 00:57:22.087248+00:00,2025-03-02 09:36:00.986468+00:00
1221404,dinosaur,2025-03-02 00:57:22.087248+00:00,2025-03-02 09:36:00.986468+00:00
1221404,based on manga,2025-03-02 00:57:22.087248+00:00,2025-03-02 09:36:00.986468+00:00
1223178,based on video game,2025-03-02 00:57:22.087248+00:00,2025-03-02 09:36:00.986468+00:00
1223178,anthropomorphism,2025-03-02 00:57:22.087248+00:00,2025-03-02 09:36:00.986468+00:00
1223178,euphoric,2025-03-02 00:57:22.087248+00:00,2025-03-02 09:36:00.986468+00:00
1223178,awestruck,2025-03-02 00:57:22.087248+00:00,2025-03-02 09:36:00.986468+00:00
1223178,anime,2025-03-02 00:57:22.087248+00:00,2025-03-02 09:36:00.986468+00:00
1223178,sports,2025-03-02 00:57:22.087248+00:00,2025-03-02 09:36:00.986468+00:00
1223178,horse racing,2025-03-02 00:57:22.087248+00:00,2025-03-02 09:36:00.986468+00:00
1223178,comforting,2025-03-02 00:57:22.087248+00:00,2025-03-02 09:36:00.986468+00:00
1223178,philosophical,2025-03-02 00:57:22.087248+00:00,2025-03-02 09:36:00.986468+00:00
1224589,culture,2025-03-02 00:57:22.087248+00:00,2025-03-02 09:36:00.986468+00:00
1224589,ghost,2025-03-02 00:57:22.087248+00:00,2025-03-02 09:36:00.986468+00:00
1224589,curse,2025-03-02 00:57:22.087248+00:00,2025-03-02 09:36:00.986468+00:00
1224993,nun,2025-03-02 00:57:22.087248+00:00,2025-03-02 09:36:00.986468+00:00
1224993,ritual,2025-03-02 00:57:22.087248+00:00,2025-03-02 09:36:00.986468+00:00
1224993,apathetic,2025-03-02 00:57:22.087248+00:00,2025-03-02 09:36:00.986468+00:00
1224993,occult,2025-03-02 00:57:22.087248+00:00,2025-03-02 09:36:00.986468+00:00
1224993,supernatural,2025-03-02 00:57:22.087248+00:00,2025-03-02 09:36:00.986468+00:00
1224993,catholic,2025-03-02 00:57:22.087248+00:00,2025-03-02 09:36:00.986468+00:00
1224993,dreary,2025-03-02 00:57:22.087248+00:00,2025-03-02 09:36:00.986468+00:00
1224993,church,2025-03-02 00:57:22.087248+00:00,2025-03-02 09:36:00.986468+00:00
1224993,spirit possession,2025-03-02 00:57:22.087248+00:00,2025-03-02 09:36:00.986468+00:00
1224993,exorcism,2025-03-02 00:57:22.087248+00:00,2025-03-02 09:36:00.986468+00:00
1224993,suspense,2025-03-02 00:57:22.087248+00:00,2025-03-02 09:36:00.986468+00:00
1226406,hitman,2025-03-02 00:57:22.087248+00:00,2025-03-02 09:36:00.986468+00:00
1226406,hidden past,2025-03-02 00:57:22.087248+00:00,2025-03-02 09:36:00.986468+00:00
1226406,action comedy,2025-03-02 00:57:22.087248+00:00,2025-03-02 09:36:00.986468+00:00
1226406,sibling relationship,2025-03-02 00:57:22.087248+00:00,2025-03-02 09:36:00.986468+00:00
1226578,barn,2025-03-02 00:57:22.087248+00:00,2025-03-02 09:36:00.986468+00:00
1226578,creepy doll,2025-03-02 00:57:22.087248+00:00,2025-03-02 09:36:00.986468+00:00
1226578,"oregon, usa",2025-03-02 00:57:22.087248+00:00,2025-03-02 09:36:00.986468+00:00
1226578,haunting,2025-03-02 00:57:22.087248+00:00,2025-03-02 09:36:00.986468+00:00
1226578,criminal plot,2025-03-02 00:57:22.087248+00:00,2025-03-02 09:36:00.986468+00:00
1226578,code,2025-03-02 00:57:22.087248+00:00,2025-03-02 09:36:00.986468+00:00
1226578,religion and supernatural,2025-03-02 00:57:22.087248+00:00,2025-03-02 09:36:00.986468+00:00
1226578,murder,2025-03-02 00:57:22.087248+00:00,2025-03-02 09:36:00.986468+00:00
1226578,serial killer,2025-03-02 00:57:22.087248+00:00,2025-03-02 09:36:00.986468+00:00
1226578,haunted doll,2025-03-02 00:57:22.087248+00:00,2025-03-02 09:36:00.986468+00:00
1226578,satanic cult,2025-03-02 00:57:22.087248+00:00,2025-03-02 09:36:00.986468+00:00
1226578,death in family,2025-03-02 00:57:22.087248+00:00,2025-03-02 09:36:00.986468+00:00
1226578,singing in a car,2025-03-02 00:57:22.087248+00:00,2025-03-02 09:36:00.986468+00:00
1226578,homicide,2025-03-02 00:57:22.087248+00:00,2025-03-02 09:36:00.986468+00:00
1226578,1990s,2025-03-02 00:57:22.087248+00:00,2025-03-02 09:36:00.986468+00:00
1226578,accomplice,2025-03-02 00:57:22.087248+00:00,2025-03-02 09:36:00.986468+00:00
1226578,female investigator,2025-03-02 00:57:22.087248+00:00,2025-03-02 09:36:00.986468+00:00
1226578,occult,2025-03-02 00:57:22.087248+00:00,2025-03-02 09:36:00.986468+00:00
1226578,crime spree,2025-03-02 00:57:22.087248+00:00,2025-03-02 09:36:00.986468+00:00
1226578,satanism,2025-03-02 00:57:22.087248+00:00,2025-03-02 09:36:00.986468+00:00
1226578,rookie,2025-03-02 00:57:22.087248+00:00,2025-03-02 09:36:00.986468+00:00
1226578,psychological horror,2025-03-02 00:57:22.087248+00:00,2025-03-02 09:36:00.986468+00:00
1226578,sadistic psychopath,2025-03-02 00:57:22.087248+00:00,2025-03-02 09:36:00.986468+00:00
1226578,flashback,2025-03-02 00:57:22.087248+00:00,2025-03-02 09:36:00.986468+00:00
1226578,psychological terror,2025-03-02 00:57:22.087248+00:00,2025-03-02 09:36:00.986468+00:00
1226578,clairvoyant,2025-03-02 00:57:22.087248+00:00,2025-03-02 09:36:00.986468+00:00
1226578,horrific crime,2025-03-02 00:57:22.087248+00:00,2025-03-02 09:36:00.986468+00:00
1226578,mysterious,2025-03-02 00:57:22.087248+00:00,2025-03-02 09:36:00.986468+00:00
1226578,corpse,2025-03-02 00:57:22.087248+00:00,2025-03-02 09:36:00.986468+00:00
1226578,violent death,2025-03-02 00:57:22.087248+00:00,2025-03-02 09:36:00.986468+00:00
1226578,satanist,2025-03-02 00:57:22.087248+00:00,2025-03-02 09:36:00.986468+00:00
1226578,manic,2025-03-02 00:57:22.087248+00:00,2025-03-02 09:36:00.986468+00:00
1226578,killing spree,2025-03-02 00:57:22.087248+00:00,2025-03-02 09:36:00.986468+00:00
1226578,film in chapters,2025-03-02 00:57:22.087248+00:00,2025-03-02 09:36:00.986468+00:00
1226578,female protagonist,2025-03-02 00:57:22.087248+00:00,2025-03-02 09:36:00.986468+00:00
1226578,supernatural horror,2025-03-02 00:57:22.087248+00:00,2025-03-02 09:36:00.986468+00:00
1226578,police procedural,2025-03-02 00:57:22.087248+00:00,2025-03-02 09:36:00.986468+00:00
1226578,scary doll,2025-03-02 00:57:22.087248+00:00,2025-03-02 09:36:00.986468+00:00
1226578,death,2025-03-02 00:57:22.087248+00:00,2025-03-02 09:36:00.986468+00:00
1226578,children in danger,2025-03-02 00:57:22.087248+00:00,2025-03-02 09:36:00.986468+00:00
1226578,satanic ritual,2025-03-02 00:57:22.087248+00:00,2025-03-02 09:36:00.986468+00:00
1226578,homicide investigation,2025-03-02 00:57:22.087248+00:00,2025-03-02 09:36:00.986468+00:00
1226578,crime investigation,2025-03-02 00:57:22.087248+00:00,2025-03-02 09:36:00.986468+00:00
1226578,religion,2025-03-02 00:57:22.087248+00:00,2025-03-02 09:36:00.986468+00:00
1226578,series of murders,2025-03-02 00:57:22.087248+00:00,2025-03-02 09:36:00.986468+00:00
1226578,catholic,2025-03-02 00:57:22.087248+00:00,2025-03-02 09:36:00.986468+00:00
1226578,unsettling,2025-03-02 00:57:22.087248+00:00,2025-03-02 09:36:00.986468+00:00
1226578,fbi,2025-03-02 00:57:22.087248+00:00,2025-03-02 09:36:00.986468+00:00
1226578,dread,2025-03-02 00:57:22.087248+00:00,2025-03-02 09:36:00.986468+00:00
1229076,based on manga,2025-03-02 00:57:22.087248+00:00,2025-03-02 09:36:00.986468+00:00
1234114,boys' love (bl),2025-03-02 00:57:22.087248+00:00,2025-03-02 09:36:00.986468+00:00
1234591,old flame,2025-03-02 00:57:22.087248+00:00,2025-03-02 09:36:00.986468+00:00
1235022,boys' love (bl),2025-03-02 00:57:22.087248+00:00,2025-03-02 09:36:00.986468+00:00
1235424,kids,2025-03-02 00:57:22.087248+00:00,2025-03-02 09:36:00.986468+00:00
1235424,3d animation,2025-03-02 00:57:22.087248+00:00,2025-03-02 09:36:00.986468+00:00
1235424,anthropomorphism,2025-03-02 00:57:22.087248+00:00,2025-03-02 09:36:00.986468+00:00
1235424,guinea pig,2025-03-02 00:57:22.087248+00:00,2025-03-02 09:36:00.986468+00:00
1235424,anime,2025-03-02 00:57:22.087248+00:00,2025-03-02 09:36:00.986468+00:00
1235431,based on manga,2025-03-02 00:57:22.087248+00:00,2025-03-02 09:36:00.986468+00:00
1235431,music,2025-03-02 00:57:22.087248+00:00,2025-03-02 09:36:00.986468+00:00
1235431,supernatural,2025-03-02 00:57:22.087248+00:00,2025-03-02 09:36:00.986468+00:00
1235431,remake,2025-03-02 00:57:22.087248+00:00,2025-03-02 09:36:00.986468+00:00
1235431,showbiz,2025-03-02 00:57:22.087248+00:00,2025-03-02 09:36:00.986468+00:00
1235431,idol,2025-03-02 00:57:22.087248+00:00,2025-03-02 09:36:00.986468+00:00
1235431,celebrity worship,2025-03-02 00:57:22.087248+00:00,2025-03-02 09:36:00.986468+00:00
1235431,live action remake,2025-03-02 00:57:22.087248+00:00,2025-03-02 09:36:00.986468+00:00
1235431,idol group,2025-03-02 00:57:22.087248+00:00,2025-03-02 09:36:00.986468+00:00
1235431,based on anime,2025-03-02 00:57:22.087248+00:00,2025-03-02 09:36:00.986468+00:00
1235431,seinen,2025-03-02 00:57:22.087248+00:00,2025-03-02 09:36:00.986468+00:00
1235431,based on tv series,2025-03-02 00:57:22.087248+00:00,2025-03-02 09:36:00.986468+00:00
1235431,reincarnation,2025-03-02 00:57:22.087248+00:00,2025-03-02 09:36:00.986468+00:00
1241982,musical,2025-03-02 00:57:22.087248+00:00,2025-03-02 09:36:00.986468+00:00
1241982,sea,2025-03-02 00:57:22.087248+00:00,2025-03-02 09:36:00.986468+00:00
1241982,villain,2025-03-02 00:57:22.087248+00:00,2025-03-02 09:36:00.986468+00:00
1241982,ocean,2025-03-02 00:57:22.087248+00:00,2025-03-02 09:36:00.986468+00:00
1241982,sequel,2025-03-02 00:57:22.087248+00:00,2025-03-02 09:36:00.986468+00:00
1241982,duringcreditsstinger,2025-03-02 00:57:22.087248+00:00,2025-03-02 09:36:00.986468+00:00
1244244,dark comedy,2025-03-02 00:57:22.087248+00:00,2025-03-02 09:36:00.986468+00:00
1244244,internet,2025-03-02 00:57:22.087248+00:00,2025-03-02 09:36:00.986468+00:00
1244244,character study,2025-03-02 00:57:22.087248+00:00,2025-03-02 09:36:00.986468+00:00
1244244,capitalism,2025-03-02 00:57:22.087248+00:00,2025-03-02 09:36:00.986468+00:00
1244244,suspense,2025-03-02 00:57:22.087248+00:00,2025-03-02 09:36:00.986468+00:00
1244244,doxxing,2025-03-02 00:57:22.087248+00:00,2025-03-02 09:36:00.986468+00:00
1244244,psychological,2025-03-02 00:57:22.087248+00:00,2025-03-02 09:36:00.986468+00:00
1244244,gun,2025-03-02 00:57:22.087248+00:00,2025-03-02 09:36:00.986468+00:00
1244492,shounen,2025-03-02 00:57:22.087248+00:00,2025-03-02 09:36:00.986468+00:00
1244492,anime,2025-03-02 00:57:22.087248+00:00,2025-03-02 09:36:00.986468+00:00
1244492,based on comic,2025-03-02 00:57:22.087248+00:00,2025-03-02 09:36:00.986468+00:00
1244492,manga artist,2025-03-02 00:57:22.087248+00:00,2025-03-02 09:36:00.986468+00:00
1244492,manga,2025-03-02 00:57:22.087248+00:00,2025-03-02 09:36:00.986468+00:00
1244492,based on manga,2025-03-02 00:57:22.087248+00:00,2025-03-02 09:36:00.986468+00:00
1247019,exorcism,2025-03-02 00:57:22.087248+00:00,2025-03-02 09:36:00.986468+00:00
1250407,japan,2025-03-02 00:57:22.087248+00:00,2025-03-02 09:36:00.986468+00:00
1250407,high school student,2025-03-02 00:57:22.087248+00:00,2025-03-02 09:36:00.986468+00:00
1250407,japanese high school,2025-03-02 00:57:22.087248+00:00,2025-03-02 09:36:00.986468+00:00
1250407,high school,2025-03-02 00:57:22.087248+00:00,2025-03-02 09:36:00.986468+00:00
1255316,human mystery,2025-03-02 00:57:22.087248+00:00,2025-03-02 09:36:00.986468+00:00
1257388,female ghost,2025-03-02 00:57:22.087248+00:00,2025-03-02 09:36:00.986468+00:00
1257388,suspense,2025-03-02 00:57:22.087248+00:00,2025-03-02 09:36:00.986468+00:00
1261250,love triangle,2025-03-02 00:57:22.087248+00:00,2025-03-02 09:36:00.986468+00:00
1261250,based on novel or book,2025-03-02 00:57:22.087248+00:00,2025-03-02 09:36:00.986468+00:00
1262209,k-pop group,2025-03-02 00:57:22.087248+00:00,2025-03-02 09:36:00.986468+00:00
1262209,concert film,2025-03-02 00:57:22.087248+00:00,2025-03-02 09:36:00.986468+00:00
1264429,psychological thriller,2025-03-02 00:57:22.087248+00:00,2025-03-02 09:36:00.986468+00:00
1264429,ritual,2025-03-02 00:57:22.087248+00:00,2025-03-02 09:36:00.986468+00:00
1264429,hereditary disease,2025-03-02 00:57:22.087248+00:00,2025-03-02 09:36:00.986468+00:00
1264429,meat,2025-03-02 00:57:22.087248+00:00,2025-03-02 09:36:00.986468+00:00
1264429,devil,2025-03-02 00:57:22.087248+00:00,2025-03-02 09:36:00.986468+00:00
1264429,psychological horror,2025-03-02 00:57:22.087248+00:00,2025-03-02 09:36:00.986468+00:00
1264429,psychological,2025-03-02 00:57:22.087248+00:00,2025-03-02 09:36:00.986468+00:00
1264429,pyschopath,2025-03-02 00:57:22.087248+00:00,2025-03-02 09:36:00.986468+00:00
1264429,heritage,2025-03-02 00:57:22.087248+00:00,2025-03-02 09:36:00.986468+00:00
1264429,haunted,2025-03-02 00:57:22.087248+00:00,2025-03-02 09:36:00.986468+00:00
1267822,sports,2025-03-02 00:57:22.087248+00:00,2025-03-02 09:36:00.986468+00:00
1267822,ice skating,2025-03-02 00:57:22.087248+00:00,2025-03-02 09:36:00.986468+00:00
1267822,skating,2025-03-02 00:57:22.087248+00:00,2025-03-02 09:36:00.986468+00:00
1267822,stuttering,2025-03-02 00:57:22.087248+00:00,2025-03-02 09:36:00.986468+00:00
1267822,winter,2025-03-02 00:57:22.087248+00:00,2025-03-02 09:36:00.986468+00:00
1267822,snow,2025-03-02 00:57:22.087248+00:00,2025-03-02 09:36:00.986468+00:00
1267822,ice hockey,2025-03-02 00:57:22.087248+00:00,2025-03-02 09:36:00.986468+00:00
1267822,ice,2025-03-02 00:57:22.087248+00:00,2025-03-02 09:36:00.986468+00:00
1267822,figure skating,2025-03-02 00:57:22.087248+00:00,2025-03-02 09:36:00.986468+00:00
1267822,hockey,2025-03-02 00:57:22.087248+00:00,2025-03-02 09:36:00.986468+00:00
1268198,art,2025-03-02 00:57:22.087248+00:00,2025-03-02 09:36:00.986468+00:00
1268198,based on manga,2025-03-02 00:57:22.087248+00:00,2025-03-02 09:36:00.986468+00:00
1268198,art school,2025-03-02 00:57:22.087248+00:00,2025-03-02 09:36:00.986468+00:00
1268198,coming of age,2025-03-02 00:57:22.087248+00:00,2025-03-02 09:36:00.986468+00:00
1268198,high school,2025-03-02 00:57:22.087248+00:00,2025-03-02 09:36:00.986468+00:00
1268198,self identity,2025-03-02 00:57:22.087248+00:00,2025-03-02 09:36:00.986468+00:00
1268198,artist,2025-03-02 00:57:22.087248+00:00,2025-03-02 09:36:00.986468+00:00
1269108,terror,2025-03-02 00:57:22.087248+00:00,2025-03-02 09:36:00.986468+00:00
1269108,ominous,2025-03-02 00:57:22.087248+00:00,2025-03-02 09:36:00.986468+00:00
1269108,witchcraft,2025-03-02 00:57:22.087248+00:00,2025-03-02 09:36:00.986468+00:00
1269108,black magic,2025-03-02 00:57:22.087248+00:00,2025-03-02 09:36:00.986468+00:00
1269108,java,2025-03-02 00:57:22.087248+00:00,2025-03-02 09:36:00.986468+00:00
1269108,ghost,2025-03-02 00:57:22.087248+00:00,2025-03-02 09:36:00.986468+00:00
1269108,haunted,2025-03-02 00:57:22.087248+00:00,2025-03-02 09:36:00.986468+00:00
1269108,package,2025-03-02 00:57:22.087248+00:00,2025-03-02 09:36:00.986468+00:00
1269108,sadistic,2025-03-02 00:57:22.087248+00:00,2025-03-02 09:36:00.986468+00:00
1269108,jinn,2025-03-02 00:57:22.087248+00:00,2025-03-02 09:36:00.986468+00:00
1269108,semarang,2025-03-02 00:57:22.087248+00:00,2025-03-02 09:36:00.986468+00:00
1269108,market,2025-03-02 00:57:22.087248+00:00,2025-03-02 09:36:00.986468+00:00
1269108,based on twitter thread,2025-03-02 00:57:22.087248+00:00,2025-03-02 09:36:00.986468+00:00
1272149,female friendship,2025-03-02 00:57:22.087248+00:00,2025-03-02 09:36:00.986468+00:00
1272149,sequel,2025-03-02 00:57:22.087248+00:00,2025-03-02 09:36:00.986468+00:00
1272149,based on novel or book,2025-03-02 00:57:22.087248+00:00,2025-03-02 09:36:00.986468+00:00
1272149,romcom,2025-03-02 00:57:22.087248+00:00,2025-03-02 09:36:00.986468+00:00
1274237,concert,2025-03-02 00:57:22.087248+00:00,2025-03-02 09:36:00.986468+00:00
1274237,rock band,2025-03-02 00:57:22.087248+00:00,2025-03-02 09:36:00.986468+00:00
1274237,blur,2025-03-02 00:57:22.087248+00:00,2025-03-02 09:36:00.986468+00:00
1274238,comeback,2025-03-02 00:57:22.087248+00:00,2025-03-02 09:36:00.986468+00:00
1274238,music documentary,2025-03-02 00:57:22.087248+00:00,2025-03-02 09:36:00.986468+00:00
1274238,music tour,2025-03-02 00:57:22.087248+00:00,2025-03-02 09:36:00.986468+00:00
1274238,blur,2025-03-02 00:57:22.087248+00:00,2025-03-02 09:36:00.986468+00:00
1274238,rock band,2025-03-02 00:57:22.087248+00:00,2025-03-02 09:36:00.986468+00:00
1275240,young woman,2025-03-02 00:57:22.087248+00:00,2025-03-02 09:36:00.986468+00:00
1275240,twenties,2025-03-02 00:57:22.087248+00:00,2025-03-02 09:36:00.986468+00:00
1275240,conflict,2025-03-02 00:57:22.087248+00:00,2025-03-02 09:36:00.986468+00:00
1276108,suspense,2025-03-02 00:57:22.087248+00:00,2025-03-02 09:36:00.986468+00:00
1276242,jidaigeki,2025-03-02 00:57:22.087248+00:00,2025-03-02 09:36:00.986468+00:00
1276242,popular author,2025-03-02 00:57:22.087248+00:00,2025-03-02 09:36:00.986468+00:00
1276242,bakin kyokutei,2025-03-02 00:57:22.087248+00:00,2025-03-02 09:36:00.986468+00:00
1276242,edo period,2025-03-02 00:57:22.087248+00:00,2025-03-02 09:36:00.986468+00:00
1276242,blindness,2025-03-02 00:57:22.087248+00:00,2025-03-02 09:36:00.986468+00:00
1276242,katsushika hokusai,2025-03-02 00:57:22.087248+00:00,2025-03-02 09:36:00.986468+00:00
1276242,kasei culture,2025-03-02 00:57:22.087248+00:00,2025-03-02 09:36:00.986468+00:00
1276242,writer,2025-03-02 00:57:22.087248+00:00,2025-03-02 09:36:00.986468+00:00
1276242,based on novel or book,2025-03-02 00:57:22.087248+00:00,2025-03-02 09:36:00.986468+00:00
1276633,public security,2025-03-02 00:57:22.087248+00:00,2025-03-02 09:36:00.986468+00:00
1279788,anime,2025-03-02 00:57:22.087248+00:00,2025-03-02 09:36:00.986468+00:00
1283793,love story,2025-03-02 00:57:22.087248+00:00,2025-03-02 09:36:00.986468+00:00
1283793,taiwan,2025-03-02 00:57:22.087248+00:00,2025-03-02 09:36:00.986468+00:00
1287250,primary education,2025-03-02 00:57:22.087248+00:00,2025-03-02 09:36:00.986468+00:00
1287250,foreign student,2025-03-02 00:57:22.087248+00:00,2025-03-02 09:36:00.986468+00:00
1287250,school kids,2025-03-02 00:57:22.087248+00:00,2025-03-02 09:36:00.986468+00:00
1290206,gay theme,2025-03-02 00:57:22.087248+00:00,2025-03-02 09:36:00.986468+00:00
1290206,town,2025-03-02 00:57:22.087248+00:00,2025-03-02 09:36:00.986468+00:00
1290206,sympathetic,2025-03-02 00:57:22.087248+00:00,2025-03-02 09:36:00.986468+00:00
1290206,durian,2025-03-02 00:57:22.087248+00:00,2025-03-02 09:36:00.986468+00:00
1290206,aggressive,2025-03-02 00:57:22.087248+00:00,2025-03-02 09:36:00.986468+00:00
1290206,farm,2025-03-02 00:57:22.087248+00:00,2025-03-02 09:36:00.986468+00:00
1290206,anxious,2025-03-02 00:57:22.087248+00:00,2025-03-02 09:36:00.986468+00:00
1290206,angry,2025-03-02 00:57:22.087248+00:00,2025-03-02 09:36:00.986468+00:00
1290206,boys' love (bl),2025-03-02 00:57:22.087248+00:00,2025-03-02 09:36:00.986468+00:00
1290206,gay couple,2025-03-02 00:57:22.087248+00:00,2025-03-02 09:36:00.986468+00:00
1290206,inheritance fight,2025-03-02 00:57:22.087248+00:00,2025-03-02 09:36:00.986468+00:00
1290206,fruit,2025-03-02 00:57:22.087248+00:00,2025-03-02 09:36:00.986468+00:00
1290206,lgbt,2025-03-02 00:57:22.087248+00:00,2025-03-02 09:36:00.986468+00:00
1290206,labor,2025-03-02 00:57:22.087248+00:00,2025-03-02 09:36:00.986468+00:00
1290206,antagonistic,2025-03-02 00:57:22.087248+00:00,2025-03-02 09:36:00.986468+00:00
1290213,luxury hotel,2025-03-02 00:57:22.087248+00:00,2025-03-02 09:36:00.986468+00:00
1290213,swindler,2025-03-02 00:57:22.087248+00:00,2025-03-02 09:36:00.986468+00:00
1290213,haunted,2025-03-02 00:57:22.087248+00:00,2025-03-02 09:36:00.986468+00:00
1290213,comedic,2025-03-02 00:57:22.087248+00:00,2025-03-02 09:36:00.986468+00:00
1290213,supernatural horror,2025-03-02 00:57:22.087248+00:00,2025-03-02 09:36:00.986468+00:00
1290213,haunted hotel,2025-03-02 00:57:22.087248+00:00,2025-03-02 09:36:00.986468+00:00
1290213,hotel,2025-03-02 00:57:22.087248+00:00,2025-03-02 09:36:00.986468+00:00
1290213,supernatural,2025-03-02 00:57:22.087248+00:00,2025-03-02 09:36:00.986468+00:00
1300157,customer service,2025-03-02 00:57:22.087248+00:00,2025-03-02 09:36:00.986468+00:00
1300157,supermarket,2025-03-02 00:57:22.087248+00:00,2025-03-02 09:36:00.986468+00:00
1300157,santa claus,2025-03-02 00:57:22.087248+00:00,2025-03-02 09:36:00.986468+00:00
1300157,taxi driver,2025-03-02 00:57:22.087248+00:00,2025-03-02 09:36:00.986468+00:00
1300157,delivery man,2025-03-02 00:57:22.087248+00:00,2025-03-02 09:36:00.986468+00:00
1300157,delivery service,2025-03-02 00:57:22.087248+00:00,2025-03-02 09:36:00.986468+00:00
1300157,imaginary friend,2025-03-02 00:57:22.087248+00:00,2025-03-02 09:36:00.986468+00:00
1300157,tarot cards,2025-03-02 00:57:22.087248+00:00,2025-03-02 09:36:00.986468+00:00
1300157,deer hunting,2025-03-02 00:57:22.087248+00:00,2025-03-02 09:36:00.986468+00:00
1300157,horror anthology,2025-03-02 00:57:22.087248+00:00,2025-03-02 09:36:00.986468+00:00
1303162,based on tv series,2025-03-02 00:57:22.087248+00:00,2025-03-02 09:36:00.986468+00:00
1303162,cell,2025-03-02 00:57:22.087248+00:00,2025-03-02 09:36:00.986468+00:00
1303162,based on anime,2025-03-02 00:57:22.087248+00:00,2025-03-02 09:36:00.986468+00:00
1303162,shounen,2025-03-02 00:57:22.087248+00:00,2025-03-02 09:36:00.986468+00:00
1303162,biology,2025-03-02 00:57:22.087248+00:00,2025-03-02 09:36:00.986468+00:00
1303162,remake,2025-03-02 00:57:22.087248+00:00,2025-03-02 09:36:00.986468+00:00
1303162,based on manga,2025-03-02 00:57:22.087248+00:00,2025-03-02 09:36:00.986468+00:00
1303162,live action remake,2025-03-02 00:57:22.087248+00:00,2025-03-02 09:36:00.986468+00:00
1303162,jail,2025-03-02 00:57:22.087248+00:00,2025-03-02 09:36:00.986468+00:00
1306434,doctor,2025-03-02 00:57:22.087248+00:00,2025-03-02 09:36:00.986468+00:00
1306434,medical,2025-03-02 00:57:22.087248+00:00,2025-03-02 09:36:00.986468+00:00
1306434,based on tv series,2025-03-02 00:57:22.087248+00:00,2025-03-02 09:36:00.986468+00:00
1306434,surgeon,2025-03-02 00:57:22.087248+00:00,2025-03-02 09:36:00.986468+00:00
1307028,concert,2025-03-02 00:57:22.087248+00:00,2025-03-02 09:36:00.986468+00:00
1307028,k-pop,2025-03-02 00:57:22.087248+00:00,2025-03-02 09:36:00.986468+00:00
1307028,music,2025-03-02 00:57:22.087248+00:00,2025-03-02 09:36:00.986468+00:00
1307028,music documentary,2025-03-02 00:57:22.087248+00:00,2025-03-02 09:36:00.986468+00:00
1307028,girl group,2025-03-02 00:57:22.087248+00:00,2025-03-02 09:36:00.986468+00:00
1307028,concert film,2025-03-02 00:57:22.087248+00:00,2025-03-02 09:36:00.986468+00:00
1309123,恐怖,2025-03-02 00:57:22.087248+00:00,2025-03-02 09:36:00.986468+00:00
1315707,k-pop,2025-03-02 00:57:22.087248+00:00,2025-03-02 09:36:00.986468+00:00
1315707,concert film,2025-03-02 00:57:22.087248+00:00,2025-03-02 09:36:00.986468+00:00
1315707,solo artist,2025-03-02 00:57:22.087248+00:00,2025-03-02 09:36:00.986468+00:00
1315707,music documentary,2025-03-02 00:57:22.087248+00:00,2025-03-02 09:36:00.986468+00:00
1317874,k-pop,2025-03-02 00:57:22.087248+00:00,2025-03-02 09:36:00.986468+00:00
1317874,concert film,2025-03-02 00:57:22.087248+00:00,2025-03-02 09:36:00.986468+00:00
1317874,"seoul, south korea",2025-03-02 00:57:22.087248+00:00,2025-03-02 09:36:00.986468+00:00
1333099,animation,2025-03-02 00:57:22.087248+00:00,2025-03-02 09:36:00.986468+00:00
1333100,straightforward,2025-03-02 00:57:22.087248+00:00,2025-03-02 09:36:00.986468+00:00
1333100,dystopia,2025-03-02 00:57:22.087248+00:00,2025-03-02 09:36:00.986468+00:00
1333100,based on manga,2025-03-02 00:57:22.087248+00:00,2025-03-02 09:36:00.986468+00:00
1333100,compilation,2025-03-02 00:57:22.087248+00:00,2025-03-02 09:36:00.986468+00:00
1333100,edited from tv series,2025-03-02 00:57:22.087248+00:00,2025-03-02 09:36:00.986468+00:00
1333100,anime,2025-03-02 00:57:22.087248+00:00,2025-03-02 09:36:00.986468+00:00
1333100,tragic,2025-03-02 00:57:22.087248+00:00,2025-03-02 09:36:00.986468+00:00
1333100,suspenseful,2025-03-02 00:57:22.087248+00:00,2025-03-02 09:36:00.986468+00:00
1333100,powerful,2025-03-02 00:57:22.087248+00:00,2025-03-02 09:36:00.986468+00:00
1333100,aftercreditsstinger,2025-03-02 00:57:22.087248+00:00,2025-03-02 09:36:00.986468+00:00
1333100,complicated,2025-03-02 00:57:22.087248+00:00,2025-03-02 09:36:00.986468+00:00
1333100,giant monster,2025-03-02 00:57:22.087248+00:00,2025-03-02 09:36:00.986468+00:00
1333100,shounen,2025-03-02 00:57:22.087248+00:00,2025-03-02 09:36:00.986468+00:00
1357633,based on webcomic or webtoon,2025-03-02 00:57:22.087248+00:00,2025-03-02 09:36:00.986468+00:00
1357633,anime,2025-03-02 00:57:22.087248+00:00,2025-03-02 09:36:00.986468+00:00
1357633,based on comic,2025-03-02 00:57:22.087248+00:00,2025-03-02 09:36:00.986468+00:00
1357633,compilation,2025-03-02 00:57:22.087248+00:00,2025-03-02 09:36:00.986468+00:00
1357633,based on novel or book,2025-03-02 00:57:22.087248+00:00,2025-03-02 09:36:00.986468+00:00
1357633,edited from tv series,2025-03-02 00:57:22.087248+00:00,2025-03-02 09:36:00.986468+00:00
1375774,live performance,2025-03-02 00:57:22.087248+00:00,2025-03-02 09:36:00.986468+00:00
1375774,jazz singer or musician,2025-03-02 00:57:22.087248+00:00,2025-03-02 09:36:00.986468+00:00
1375774,symphony orchestra,2025-03-02 00:57:22.087248+00:00,2025-03-02 09:36:00.986468+00:00
1375774,concert film,2025-03-02 00:57:22.087248+00:00,2025-03-02 09:36:00.986468+00:00
